time,open,high,low,close,volume
2018-06-19 02:45:00,6710.84,6710.84,6656.5,6676.48,472.083449
2018-06-19 03:00:00,6679.96,6705.06,6669.83,6678.0,189.087267
2018-06-19 03:15:00,6678.0,6692.5,6663.4,6689.98,313.333915
2018-06-19 03:30:00,6689.98,6689.98,6676.41,6679.0,229.307537
2018-06-19 03:45:00,6680.18,6687.0,6675.82,6683.0,346.741022
2018-06-19 04:00:00,6684.0,6703.74,6682.0,6699.91,358.497546
2018-06-19 04:15:00,6699.91,6706.01,6695.92,6696.53,352.316984
2018-06-19 04:30:00,6699.97,6705.08,6696.52,6702.0,291.911663
2018-06-19 04:45:00,6702.01,6705.11,6698.0,6701.63,352.836753
2018-06-19 05:00:00,6698.01,6705.11,6688.65,6693.89,282.860943
2018-06-19 05:15:00,6693.66,6694.62,6682.0,6690.01,200.437831
2018-06-19 05:30:00,6690.02,6715.37,6685.61,6702.01,302.896466
2018-06-19 05:45:00,6702.0,6709.19,6697.12,6700.0,88.855958
2018-06-19 06:00:00,6700.0,6705.89,6690.0,6695.89,85.292181
2018-06-19 06:15:00,6695.89,6703.9,6692.0,6699.56,58.946669
2018-06-19 06:30:00,6697.77,6701.27,6667.0,6688.0,205.554148
2018-06-19 06:45:00,6685.63,6690.0,6668.15,6680.87,230.39626
2018-06-19 07:00:00,6680.86,6687.5,6665.0,6675.23,179.699109
2018-06-19 07:15:00,6675.23,6691.0,6669.94,6684.02,380.394075
2018-06-19 07:30:00,6684.02,6691.0,6675.0,6687.47,138.687037
2018-06-19 07:45:00,6687.48,6701.7,6685.02,6699.01,163.45513
2018-06-19 08:00:00,6700.0,6701.25,6687.0,6697.99,242.426262
2018-06-19 08:15:00,6697.99,6714.6,6691.81,6709.77,302.42735
2018-06-19 08:30:00,6709.77,6718.35,6702.7,6707.17,268.219058
2018-06-19 08:45:00,6707.0,6712.88,6690.0,6703.02,168.206531
2018-06-19 09:00:00,6703.0,6714.09,6696.0,6705.0,327.562886
2018-06-19 09:15:00,6706.07,6715.22,6703.21,6707.01,199.005155
2018-06-19 09:30:00,6707.0,6715.64,6704.99,6708.38,366.755493
2018-06-19 09:45:00,6708.38,6725.99,6707.0,6714.46,467.532505
2018-06-19 10:00:00,6719.99,6721.61,6704.0,6716.73,147.458752
2018-06-19 10:15:00,6716.72,6747.09,6710.0,6716.0,385.760615
2018-06-19 10:30:00,6716.0,6722.33,6692.9,6704.8,342.386351
2018-06-19 10:45:00,6702.85,6718.64,6679.0,6715.28,319.220289
2018-06-19 11:00:00,6715.25,6742.94,6707.65,6736.51,281.845263
2018-06-19 11:15:00,6736.51,6747.42,6720.0,6747.42,339.952942
2018-06-19 11:30:00,6747.21,6779.6,6744.02,6746.01,642.695712
2018-06-19 11:45:00,6746.02,6751.95,6726.09,6726.11,330.941375
2018-06-19 12:00:00,6726.11,6758.99,6718.09,6728.71,304.120151
2018-06-19 12:15:00,6728.71,6740.05,6725.0,6737.55,231.926973
2018-06-19 12:30:00,6738.82,6759.36,6720.0,6743.83,346.826386
2018-06-19 12:45:00,6740.01,6788.0,6738.11,6765.82,473.556942
2018-06-19 13:00:00,6765.82,6820.0,6765.77,6818.83,636.56081
2018-06-19 13:15:00,6818.83,6841.74,6772.38,6772.94,733.438094
2018-06-19 13:30:00,6773.0,6795.0,6772.38,6790.69,326.727798
2018-06-19 13:45:00,6790.69,6790.69,6745.0,6760.0,721.275556
2018-06-19 14:00:00,6759.99,6763.65,6730.0,6742.81,624.554772
2018-06-19 14:15:00,6744.61,6764.2,6736.8,6750.0,520.784425
2018-06-19 14:30:00,6750.0,6750.0,6728.01,6735.0,372.722321
2018-06-19 14:45:00,6732.0,6745.4,6723.66,6742.32,317.96431
2018-06-19 15:00:00,6742.32,6748.0,6724.5,6733.86,387.05734
2018-06-19 15:15:00,6733.85,6752.43,6729.31,6750.13,228.973514
2018-06-19 15:30:00,6750.0,6754.99,6740.25,6746.9,350.249286
2018-06-19 15:45:00,6746.81,6746.9,6731.6,6739.04,212.104947
2018-06-19 16:00:00,6739.04,6740.0,6681.0,6692.88,808.144261
2018-06-19 16:15:00,6692.88,6697.87,6653.0,6695.01,784.583857
2018-06-19 16:30:00,6695.01,6710.0,6693.65,6698.92,312.910238
2018-06-19 16:45:00,6700.96,6709.98,6696.19,6708.0,295.411324
2018-06-19 17:00:00,6708.0,6728.22,6704.0,6723.0,185.643023
2018-06-19 17:15:00,6723.0,6730.0,6696.85,6696.85,351.568453
2018-06-19 17:30:00,6696.91,6707.5,6696.24,6702.03,344.792508
2018-06-19 17:45:00,6702.03,6720.47,6700.99,6717.0,323.600083
2018-06-19 18:00:00,6717.0,6717.0,6704.03,6707.17,238.522243
2018-06-19 18:15:00,6707.16,6721.16,6706.42,6715.49,129.938386
2018-06-19 18:30:00,6718.88,6719.91,6705.13,6711.0,124.861708
2018-06-19 18:45:00,6711.0,6720.24,6707.1,6710.49,230.215162
2018-06-19 19:00:00,6710.4,6719.0,6707.0,6714.9,161.231956
2018-06-19 19:15:00,6714.9,6720.99,6708.03,6715.04,312.248652
2018-06-19 19:30:00,6715.54,6740.0,6712.0,6730.0,140.971973
2018-06-19 19:45:00,6731.41,6749.0,6721.02,6742.03,136.179409
2018-06-19 20:00:00,6742.03,6750.0,6732.22,6742.0,114.454521
2018-06-19 20:15:00,6735.05,6742.0,6725.0,6732.38,77.276828
2018-06-19 20:30:00,6729.98,6734.73,6684.15,6690.06,174.179865
2018-06-19 20:45:00,6692.71,6717.93,6682.33,6698.0,120.258102
2018-06-19 21:00:00,6695.38,6716.01,6687.87,6706.29,125.449497
2018-06-19 21:15:00,6706.38,6719.53,6705.51,6716.0,48.130358
2018-06-19 21:30:00,6716.96,6720.94,6712.0,6717.95,50.6446
2018-06-19 21:45:00,6717.94,6717.99,6710.26,6717.98,38.466357
2018-06-19 22:00:00,6717.98,6718.0,6708.12,6709.98,70.861046
2018-06-19 22:15:00,6708.12,6715.85,6701.59,6709.98,50.169408
2018-06-19 22:30:00,6709.98,6730.0,6705.0,6726.11,94.385789
2018-06-19 22:45:00,6726.11,6729.99,6719.29,6729.96,141.398776
2018-06-19 23:00:00,6725.01,6731.0,6715.82,6724.0,78.569869
2018-06-19 23:15:00,6724.0,6742.28,6720.0,6730.4,91.148425
2018-06-19 23:30:00,6737.54,6740.74,6723.89,6736.83,67.316717
2018-06-19 23:45:00,6735.98,6751.0,6729.05,6741.21,157.936844
2018-06-20 00:00:00,6740.0,6745.06,6723.0,6732.0,89.312871
2018-06-20 00:15:00,6726.92,6736.93,6715.01,6719.0,99.120344
2018-06-20 00:30:00,6721.01,6722.88,6710.0,6712.33,88.501195
2018-06-20 00:45:00,6712.33,6719.3,6665.0,6670.0,604.828543
2018-06-20 01:00:00,6670.0,6677.65,6572.0,6578.86,1662.194068
2018-06-20 01:15:00,6580.0,6589.0,6551.81,6569.07,972.279608
2018-06-20 01:30:00,6569.07,6605.4,6568.12,6593.0,549.152914
2018-06-20 01:45:00,6593.83,6627.23,6576.2,6618.99,326.673333
2018-06-20 02:00:00,6615.5,6619.97,6580.01,6597.04,322.249421
2018-06-20 02:15:00,6597.04,6606.58,6580.0,6590.76,178.584738
2018-06-20 02:30:00,6590.76,6598.0,6580.99,6598.0,183.854967
2018-06-20 02:45:00,6594.19,6604.69,6594.12,6598.53,114.421466
2018-06-20 03:00:00,6598.53,6618.0,6598.0,6614.16,122.797837
2018-06-20 03:15:00,6614.16,6620.99,6605.5,6614.67,154.939893
2018-06-20 03:30:00,6614.67,6617.85,6601.0,6601.0,121.717016
2018-06-20 03:45:00,6610.0,6610.0,6590.0,6601.73,164.032013
2018-06-20 04:00:00,6602.74,6613.79,6564.94,6571.79,330.150114
2018-06-20 04:15:00,6564.95,6592.67,6562.0,6582.31,235.435263
2018-06-20 04:30:00,6578.45,6598.0,6578.02,6592.0,208.571166
2018-06-20 04:45:00,6592.0,6601.0,6585.67,6588.85,53.209684
2018-06-20 05:00:00,6588.85,6607.57,6588.64,6598.2,106.814347
2018-06-20 05:15:00,6598.05,6599.98,6586.0,6590.04,95.825778
2018-06-20 05:30:00,6594.19,6594.19,6585.0,6588.62,61.742133
2018-06-20 05:45:00,6588.53,6593.09,6586.0,6587.38,101.749893
2018-06-20 06:00:00,6587.38,6598.94,6587.0,6596.66,113.821046
2018-06-20 06:15:00,6595.5,6603.0,6593.0,6600.51,84.680384
2018-06-20 06:30:00,6600.51,6602.99,6594.04,6602.04,84.938183
2018-06-20 06:45:00,6602.04,6645.0,6600.0,6624.08,325.20668
2018-06-20 07:00:00,6624.08,6631.53,6610.0,6621.0,206.89956
2018-06-20 07:15:00,6621.09,6629.02,6606.99,6614.0,213.645946
2018-06-20 07:30:00,6614.0,6628.0,6612.01,6626.33,67.5562
2018-06-20 07:45:00,6622.03,6630.0,6618.74,6627.95,105.08201
2018-06-20 08:00:00,6627.94,6634.34,6616.51,6629.01,184.393221
2018-06-20 08:15:00,6634.27,6635.0,6619.54,6625.99,196.941662
2018-06-20 08:30:00,6624.53,6632.0,6623.07,6628.03,235.461967
2018-06-20 08:45:00,6630.0,6638.0,6626.49,6633.99,209.05898
2018-06-20 09:00:00,6633.99,6635.22,6614.0,6623.99,371.519223
2018-06-20 09:15:00,6623.99,6642.0,6619.69,6636.15,326.326885
2018-06-20 09:30:00,6636.15,6663.81,6632.7,6644.92,258.218879
2018-06-20 09:45:00,6644.92,6646.22,6632.7,6641.15,266.327922
2018-06-20 10:00:00,6641.16,6645.02,6620.0,6626.69,301.135478
2018-06-20 10:15:00,6626.69,6633.41,6620.1,6630.99,207.132353
2018-06-20 10:30:00,6630.36,6631.01,6606.0,6615.34,306.713815
2018-06-20 10:45:00,6618.83,6629.99,6614.32,6622.06,191.699243
2018-06-20 11:00:00,6622.07,6622.28,6605.56,6611.9,339.357847
2018-06-20 11:15:00,6611.65,6624.02,6608.0,6620.0,416.255889
2018-06-20 11:30:00,6620.0,6629.61,6617.0,6621.53,232.302095
2018-06-20 11:45:00,6621.53,6633.04,6621.5,6626.61,133.573354
2018-06-20 12:00:00,6626.6,6630.6,6610.4,6623.22,252.849454
2018-06-20 12:15:00,6623.23,6627.0,6620.0,6624.97,152.862142
2018-06-20 12:30:00,6624.97,6625.56,6600.95,6610.0,349.668193
2018-06-20 12:45:00,6609.64,6615.7,6602.8,6612.0,366.297828
2018-06-20 13:00:00,6612.0,6612.0,6572.0,6610.8,416.895179
2018-06-20 13:15:00,6610.81,6761.99,6610.78,6710.93,1552.348025
2018-06-20 13:30:00,6710.93,6743.19,6703.0,6732.51,548.192003
2018-06-20 13:45:00,6739.73,6759.52,6722.71,6727.72,388.940271
2018-06-20 14:00:00,6725.6,6778.7,6725.0,6758.55,611.442779
2018-06-20 14:15:00,6758.54,6765.72,6725.48,6753.58,604.582572
2018-06-20 14:30:00,6753.0,6767.0,6745.84,6750.97,347.018402
2018-06-20 14:45:00,6750.97,6760.57,6746.42,6756.04,262.992969
2018-06-20 15:00:00,6759.89,6769.01,6744.25,6750.15,329.894575
2018-06-20 15:15:00,6750.16,6754.46,6739.42,6742.75,388.986945
2018-06-20 15:30:00,6747.56,6754.0,6739.42,6751.0,280.536169
2018-06-20 15:45:00,6751.03,6753.99,6748.95,6750.62,197.483826
2018-06-20 16:00:00,6750.64,6785.96,6750.62,6772.98,494.554624
2018-06-20 16:15:00,6775.04,6817.23,6770.0,6776.0,528.810278
2018-06-20 16:30:00,6776.0,6787.0,6746.37,6754.98,428.626646
2018-06-20 16:45:00,6750.0,6768.76,6740.15,6745.01,249.132897
2018-06-20 17:00:00,6744.44,6756.78,6742.67,6753.5,272.238026
2018-06-20 17:15:00,6755.14,6757.0,6739.14,6747.17,161.360781
2018-06-20 17:30:00,6746.95,6750.02,6740.1,6746.28,127.399745
2018-06-20 17:45:00,6746.29,6753.97,6745.1,6751.26,262.722052
2018-06-20 18:00:00,6751.21,6770.0,6745.1,6763.88,289.28983
2018-06-20 18:15:00,6764.0,6771.5,6753.61,6759.57,221.712202
2018-06-20 18:30:00,6764.82,6766.9,6755.02,6755.6,163.330088
2018-06-20 18:45:00,6755.6,6761.14,6748.01,6757.5,103.839664
2018-06-20 19:00:00,6755.4,6755.79,6750.0,6752.54,153.57074
2018-06-20 19:15:00,6753.0,6760.0,6750.0,6759.17,155.322061
2018-06-20 19:30:00,6759.16,6759.22,6748.01,6754.93,74.75434
2018-06-20 19:45:00,6754.93,6756.0,6737.6,6748.93,139.847329
2018-06-20 20:00:00,6748.93,6749.09,6711.12,6735.0,261.116298
2018-06-20 20:15:00,6735.01,6749.0,6735.0,6749.0,208.298245
2018-06-20 20:30:00,6746.95,6750.0,6735.66,6745.0,304.615401
2018-06-20 20:45:00,6745.51,6750.0,6738.0,6740.0,112.866819
2018-06-20 21:00:00,6740.0,6746.99,6737.07,6737.13,164.834647
2018-06-20 21:15:00,6737.13,6743.0,6725.0,6732.99,104.962093
2018-06-20 21:30:00,6732.99,6737.14,6727.99,6730.99,169.316407
2018-06-20 21:45:00,6730.99,6734.41,6710.88,6715.0,172.721065
2018-06-20 22:00:00,6714.47,6733.19,6710.02,6716.73,323.967914
2018-06-20 22:15:00,6720.56,6722.0,6708.93,6712.0,207.220047
2018-06-20 22:30:00,6712.0,6717.98,6710.28,6713.04,113.895206
2018-06-20 22:45:00,6713.02,6733.4,6712.53,6730.01,178.700614
2018-06-20 23:00:00,6730.02,6744.0,6727.05,6743.0,216.573842
2018-06-20 23:15:00,6743.0,6750.03,6736.36,6750.03,313.284306
2018-06-20 23:30:00,6750.02,6754.99,6741.46,6754.01,159.278609
2018-06-20 23:45:00,6754.02,6764.91,6747.78,6761.51,144.190877
2018-06-21 00:00:00,6763.21,6765.0,6731.4,6743.86,144.509391
2018-06-21 00:15:00,6745.0,6754.97,6740.04,6749.01,180.307005
2018-06-21 00:30:00,6749.22,6774.99,6742.02,6745.22,183.181877
2018-06-21 00:45:00,6745.22,6757.0,6729.16,6753.35,158.615913
2018-06-21 01:00:00,6755.56,6758.74,6742.01,6746.07,194.867051
2018-06-21 01:15:00,6748.0,6752.0,6742.23,6749.0,292.106917
2018-06-21 01:30:00,6749.0,6752.0,6734.03,6746.27,146.775023
2018-06-21 01:45:00,6749.0,6760.0,6746.26,6759.98,233.117398
2018-06-21 02:00:00,6756.4,6778.13,6754.0,6770.0,359.844806
2018-06-21 02:15:00,6770.15,6795.0,6758.4,6770.8,461.2953
2018-06-21 02:30:00,6770.8,6784.33,6765.05,6780.0,421.654657
2018-06-21 02:45:00,6780.01,6792.0,6773.0,6778.48,248.800382
2018-06-21 03:00:00,6782.0,6787.91,6768.24,6775.12,332.78495
2018-06-21 03:15:00,6771.62,6777.83,6763.91,6767.99,288.489833
2018-06-21 03:30:00,6766.16,6774.99,6763.93,6764.36,383.580916
2018-06-21 03:45:00,6766.0,6777.98,6764.36,6772.41,385.676542
2018-06-21 04:00:00,6772.69,6776.8,6751.86,6759.92,283.064171
2018-06-21 04:15:00,6759.85,6765.0,6751.0,6758.45,158.387118
2018-06-21 04:30:00,6758.0,6758.0,6743.82,6750.98,250.085597
2018-06-21 04:45:00,6750.98,6762.05,6750.0,6759.21,207.563102
2018-06-21 05:00:00,6759.0,6762.05,6743.81,6747.31,249.934587
2018-06-21 05:15:00,6745.58,6753.68,6736.0,6748.04,477.03134
2018-06-21 05:30:00,6748.04,6750.91,6743.91,6747.11,145.869746
2018-06-21 05:45:00,6747.98,6749.32,6741.25,6741.27,182.19067
2018-06-21 06:00:00,6744.76,6759.23,6731.43,6738.0,405.058077
2018-06-21 06:15:00,6738.0,6751.0,6736.95,6746.39,126.813669
2018-06-21 06:30:00,6748.0,6753.65,6744.01,6746.02,201.522422
2018-06-21 06:45:00,6750.0,6766.37,6746.0,6765.29,297.088657
2018-06-21 07:00:00,6765.29,6770.0,6755.72,6759.99,163.857212
2018-06-21 07:15:00,6759.99,6769.79,6751.08,6755.31,214.873973
2018-06-21 07:30:00,6755.33,6766.13,6751.13,6762.0,191.682961
2018-06-21 07:45:00,6761.73,6763.97,6750.18,6758.72,222.003189
2018-06-21 08:00:00,6751.94,6758.71,6731.59,6746.23,352.869041
2018-06-21 08:15:00,6744.57,6749.78,6708.92,6729.36,356.13555
2018-06-21 08:30:00,6729.36,6737.32,6716.0,6721.7,192.193386
2018-06-21 08:45:00,6721.7,6723.94,6713.1,6716.45,313.018452
2018-06-21 09:00:00,6716.45,6731.41,6716.41,6723.53,262.089081
2018-06-21 09:15:00,6723.53,6729.37,6718.15,6726.02,212.413561
2018-06-21 09:30:00,6726.02,6729.58,6708.9,6715.0,251.340646
2018-06-21 09:45:00,6710.81,6747.37,6680.0,6736.5,685.427417
2018-06-21 10:00:00,6736.5,6749.99,6731.01,6743.1,287.692422
2018-06-21 10:15:00,6743.25,6745.0,6726.0,6739.95,270.697482
2018-06-21 10:30:00,6739.95,6779.69,6735.99,6751.76,316.259164
2018-06-21 10:45:00,6751.75,6752.28,6735.99,6746.0,175.510779
2018-06-21 11:00:00,6746.0,6746.94,6736.07,6737.08,212.753462
2018-06-21 11:15:00,6737.08,6740.39,6724.12,6735.46,190.956901
2018-06-21 11:30:00,6735.46,6736.0,6725.0,6725.0,202.648725
2018-06-21 11:45:00,6724.73,6733.98,6723.83,6732.85,359.32389
2018-06-21 12:00:00,6730.0,6735.0,6715.35,6732.2,203.59968
2018-06-21 12:15:00,6731.34,6740.0,6721.1,6735.03,181.644582
2018-06-21 12:30:00,6740.0,6740.94,6727.01,6739.94,211.729999
2018-06-21 12:45:00,6739.94,6740.25,6710.2,6714.67,281.766616
2018-06-21 13:00:00,6714.67,6727.67,6708.98,6711.9,241.275347
2018-06-21 13:15:00,6709.0,6727.0,6702.68,6719.98,377.100661
2018-06-21 13:30:00,6720.0,6720.0,6690.78,6691.54,463.998705
2018-06-21 13:45:00,6693.11,6728.0,6672.57,6720.0,567.146714
2018-06-21 14:00:00,6720.0,6726.79,6704.89,6717.58,388.044909
2018-06-21 14:15:00,6718.95,6718.95,6695.93,6701.38,209.271457
2018-06-21 14:30:00,6701.38,6717.95,6692.85,6698.0,409.01745
2018-06-21 14:45:00,6695.01,6720.0,6685.95,6715.99,345.052064
2018-06-21 15:00:00,6715.99,6719.96,6704.68,6707.29,320.026336
2018-06-21 15:15:00,6707.29,6724.88,6704.69,6719.9,302.381567
2018-06-21 15:30:00,6718.76,6731.99,6715.0,6724.0,365.701815
2018-06-21 15:45:00,6724.0,6724.9,6704.68,6713.96,181.267539
2018-06-21 16:00:00,6713.96,6716.49,6693.43,6708.91,359.287103
2018-06-21 16:15:00,6712.67,6719.75,6699.22,6718.65,166.762338
2018-06-21 16:30:00,6718.64,6725.0,6708.0,6714.01,271.60905
2018-06-21 16:45:00,6714.01,6737.79,6710.87,6719.97,315.685556
2018-06-21 17:00:00,6719.97,6726.93,6716.0,6721.39,223.14955
2018-06-21 17:15:00,6721.38,6721.38,6688.0,6696.73,356.308692
2018-06-21 17:30:00,6696.69,6712.77,6689.85,6707.58,430.208644
2018-06-21 17:45:00,6707.53,6711.45,6695.5,6703.98,331.687579
2018-06-21 18:00:00,6703.98,6712.77,6701.38,6708.0,306.344018
2018-06-21 18:15:00,6708.0,6708.0,6698.78,6699.76,192.780969
2018-06-21 18:30:00,6701.6,6707.0,6698.12,6703.9,280.241605
2018-06-21 18:45:00,6703.9,6704.99,6690.67,6697.0,139.066311
2018-06-21 19:00:00,6695.1,6724.56,6695.0,6710.0,322.056331
2018-06-21 19:15:00,6710.0,6713.0,6701.22,6706.98,68.274972
2018-06-21 19:30:00,6706.0,6709.84,6700.5,6709.84,306.939787
2018-06-21 19:45:00,6709.84,6722.0,6706.08,6714.04,224.654971
2018-06-21 20:00:00,6714.52,6725.0,6705.06,6722.55,172.46167
2018-06-21 20:15:00,6722.55,6730.0,6722.01,6728.5,129.957878
2018-06-21 20:30:00,6728.7,6728.79,6700.0,6710.41,187.722893
2018-06-21 20:45:00,6711.0,6721.39,6701.49,6716.78,165.386354
2018-06-21 21:00:00,6716.78,6723.88,6713.73,6716.31,296.778527
2018-06-21 21:15:00,6717.0,6717.99,6707.93,6708.99,426.319296
2018-06-21 21:30:00,6709.0,6713.91,6703.53,6708.02,346.496769
2018-06-21 21:45:00,6708.02,6710.0,6698.04,6699.33,140.45982
2018-06-21 22:00:00,6699.32,6713.95,6698.01,6704.93,201.029949
2018-06-21 22:15:00,6698.73,6715.0,6695.31,6709.0,197.953678
2018-06-21 22:30:00,6709.02,6748.0,6706.31,6724.52,282.000338
2018-06-21 22:45:00,6728.09,6743.06,6712.4,6724.75,145.261239
2018-06-21 23:00:00,6722.29,6725.0,6708.0,6719.73,69.406336
2018-06-21 23:15:00,6719.73,6723.34,6712.9,6719.53,202.168293
2018-06-21 23:30:00,6719.49,6723.0,6714.47,6720.0,173.186046
2018-06-21 23:45:00,6718.84,6722.16,6713.27,6718.84,114.217634
2018-06-22 00:00:00,6717.69,6720.0,6708.0,6710.04,177.029139
2018-06-22 00:15:00,6710.5,6720.0,6710.04,6719.99,221.228069
2018-06-22 00:30:00,6717.23,6733.97,6715.0,6721.03,291.302014
2018-06-22 00:45:00,6722.51,6724.99,6716.0,6722.95,88.411802
2018-06-22 01:00:00,6722.95,6725.71,6710.06,6710.06,301.198642
2018-06-22 01:15:00,6710.06,6718.5,6682.64,6704.93,296.594823
2018-06-22 01:30:00,6704.87,6710.25,6626.12,6642.51,760.7746
2018-06-22 01:45:00,6644.53,6664.3,6600.0,6637.59,575.626304
2018-06-22 02:00:00,6637.59,6653.4,6621.35,6623.76,267.99761
2018-06-22 02:15:00,6623.76,6657.75,6620.0,6650.02,171.938983
2018-06-22 02:30:00,6650.02,6654.18,6626.83,6631.3,194.645495
2018-06-22 02:45:00,6633.99,6675.0,6628.0,6665.03,491.484088
2018-06-22 03:00:00,6661.0,6675.0,6656.7,6664.0,304.753045
2018-06-22 03:15:00,6664.0,6667.59,6654.0,6666.51,332.358247
2018-06-22 03:30:00,6666.5,6672.0,6659.01,6672.0,335.065861
2018-06-22 03:45:00,6668.03,6671.99,6655.02,6660.29,173.051001
2018-06-22 04:00:00,6660.29,6665.0,6641.02,6649.93,170.321622
2018-06-22 04:15:00,6649.93,6665.96,6640.0,6658.24,289.838709
2018-06-22 04:30:00,6658.24,6665.97,6647.95,6661.56,311.852576
2018-06-22 04:45:00,6660.07,6662.01,6650.0,6654.06,227.380643
2018-06-22 05:00:00,6655.0,6663.0,6652.1,6655.0,91.660777
2018-06-22 05:15:00,6655.0,6670.0,6652.0,6669.99,198.010954
2018-06-22 05:30:00,6669.99,6670.97,6654.0,6654.01,159.692509
2018-06-22 05:45:00,6654.0,6655.0,6636.4,6650.0,231.218552
2018-06-22 06:00:00,6650.01,6659.0,6642.36,6656.98,256.979851
2018-06-22 06:15:00,6656.98,6657.19,6642.1,6652.89,161.366634
2018-06-22 06:30:00,6652.14,6653.0,6616.08,6634.93,371.321745
2018-06-22 06:45:00,6632.25,6638.95,6626.56,6630.0,377.69849
2018-06-22 07:00:00,6630.0,6630.0,6481.13,6505.01,2075.580922
2018-06-22 07:15:00,6505.03,6533.36,6480.0,6504.0,624.549267
2018-06-22 07:30:00,6504.01,6509.97,6452.01,6464.71,604.436648
2018-06-22 07:45:00,6469.98,6500.36,6463.4,6495.08,398.722401
2018-06-22 08:00:00,6499.76,6510.0,6486.35,6496.9,374.129995
2018-06-22 08:15:00,6496.9,6502.13,6475.01,6482.0,510.24202
2018-06-22 08:30:00,6480.11,6482.63,6350.0,6372.0,1667.511216
2018-06-22 08:45:00,6371.98,6400.0,6363.26,6400.0,528.681788
2018-06-22 09:00:00,6399.49,6400.0,6360.99,6383.44,610.464135
2018-06-22 09:15:00,6383.44,6394.85,6371.46,6385.72,228.338095
2018-06-22 09:30:00,6387.72,6397.68,6371.0,6384.99,269.984912
2018-06-22 09:45:00,6382.5,6388.44,6272.94,6310.78,1043.779561
2018-06-22 10:00:00,6301.68,6346.04,6301.68,6327.0,533.70507
2018-06-22 10:15:00,6326.99,6348.45,6305.01,6346.99,454.579638
2018-06-22 10:30:00,6346.96,6347.99,6328.29,6339.36,354.830074
2018-06-22 10:45:00,6339.37,6390.46,6330.0,6363.95,1002.148497
2018-06-22 11:00:00,6363.95,6379.91,6345.7,6366.5,485.241022
2018-06-22 11:15:00,6366.51,6369.99,6353.01,6365.99,392.068054
2018-06-22 11:30:00,6365.98,6367.0,6327.96,6336.01,369.538167
2018-06-22 11:45:00,6336.01,6365.0,6336.0,6348.52,318.529833
2018-06-22 12:00:00,6351.0,6357.86,6327.03,6331.49,232.175119
2018-06-22 12:15:00,6327.82,6349.0,6326.99,6330.43,458.055152
2018-06-22 12:30:00,6334.0,6354.3,6325.85,6353.99,398.791075
2018-06-22 12:45:00,6348.1,6357.0,6306.89,6324.0,623.497386
2018-06-22 13:00:00,6325.69,6330.0,6210.0,6238.15,1354.609367
2018-06-22 13:15:00,6233.44,6291.0,6143.34,6150.99,1149.458615
2018-06-22 13:30:00,6150.99,6163.5,6087.1,6133.64,1907.795642
2018-06-22 13:45:00,6133.64,6143.0,6070.61,6122.24,1008.040973
2018-06-22 14:00:00,6124.99,6186.94,6119.96,6163.68,765.405041
2018-06-22 14:15:00,6166.99,6203.2,6163.66,6185.84,631.708249
2018-06-22 14:30:00,6184.98,6187.41,6140.01,6183.13,730.003593
2018-06-22 14:45:00,6183.13,6200.63,6150.2,6163.99,623.116517
2018-06-22 15:00:00,6163.99,6190.0,6154.0,6173.65,419.28652
2018-06-22 15:15:00,6170.29,6173.99,6134.04,6164.96,648.646097
2018-06-22 15:30:00,6164.97,6172.25,6118.33,6131.99,581.012149
2018-06-22 15:45:00,6128.04,6151.81,6101.0,6150.0,605.961521
2018-06-22 16:00:00,6150.0,6151.75,6110.75,6118.04,717.339357
2018-06-22 16:15:00,6118.04,6144.6,6110.76,6125.02,609.164396
2018-06-22 16:30:00,6125.01,6164.25,6125.01,6151.74,477.65133
2018-06-22 16:45:00,6151.74,6182.11,6141.94,6172.27,507.113931
2018-06-22 17:00:00,6172.5,6180.0,6148.0,6152.81,294.399746
2018-06-22 17:15:00,6152.8,6160.0,6142.0,6143.48,317.372409
2018-06-22 17:30:00,6144.93,6157.25,6116.76,6155.86,554.768009
2018-06-22 17:45:00,6156.31,6164.15,6140.11,6144.91,402.746834
2018-06-22 18:00:00,6144.91,6156.99,6140.11,6148.01,295.150783
2018-06-22 18:15:00,6148.0,6163.61,6134.9,6162.77,481.165141
2018-06-22 18:30:00,6162.77,6175.0,6155.74,6170.0,391.309683
2018-06-22 18:45:00,6170.0,6236.0,6165.0,6212.96,960.433626
2018-06-22 19:00:00,6212.96,6222.55,6180.81,6201.78,562.667665
2018-06-22 19:15:00,6205.39,6231.43,6194.17,6231.43,351.725814
2018-06-22 19:30:00,6229.33,6232.72,6192.78,6199.86,220.010243
2018-06-22 19:45:00,6196.01,6203.23,6175.0,6192.39,293.290897
2018-06-22 20:00:00,6193.58,6204.4,6122.51,6143.74,735.278092
2018-06-22 20:15:00,6143.74,6148.38,6022.0,6060.0,1542.516344
2018-06-22 20:30:00,6046.33,6084.0,6005.0,6048.0,1231.136272
2018-06-22 20:45:00,6050.16,6075.0,6040.0,6061.19,471.569097
2018-06-22 21:00:00,6061.18,6061.19,5924.01,5965.72,1841.651747
2018-06-22 21:15:00,5969.36,6046.33,5949.94,5982.36,921.099816
2018-06-22 21:30:00,5981.67,6030.0,5968.5,5994.22,554.744808
2018-06-22 21:45:00,5994.22,6023.04,5918.94,6017.03,854.438272
2018-06-22 22:00:00,6014.9,6047.09,5952.72,6004.07,963.22413
2018-06-22 22:15:00,6003.97,6037.14,6001.3,6014.74,583.36314
2018-06-22 22:30:00,6018.0,6095.0,6000.01,6075.66,833.152139
2018-06-22 22:45:00,6078.22,6088.1,6051.0,6071.07,329.609563
2018-06-22 23:00:00,6071.52,6075.37,6028.69,6075.07,374.979632
2018-06-22 23:15:00,6070.02,6077.24,6044.0,6060.01,185.097676
2018-06-22 23:30:00,6059.95,6061.03,6021.63,6026.32,183.816945
2018-06-22 23:45:00,6026.33,6050.59,6025.7,6045.0,299.95618
2018-06-23 00:00:00,6045.92,6065.66,6041.0,6050.01,291.121089
2018-06-23 00:15:00,6050.5,6116.83,6031.7,6103.52,602.203005
2018-06-23 00:30:00,6096.5,6165.02,6089.0,6142.26,613.919264
2018-06-23 00:45:00,6143.12,6154.0,6124.0,6136.8,262.528956
2018-06-23 01:00:00,6137.6,6142.4,6114.27,6132.65,289.686042
2018-06-23 01:15:00,6136.92,6138.01,6114.39,6128.96,326.518342
2018-06-23 01:30:00,6130.95,6153.16,6119.0,6134.0,328.060711
2018-06-23 01:45:00,6135.0,6152.69,6127.61,6138.82,177.623101
2018-06-23 02:00:00,6139.0,6156.0,6124.37,6146.76,277.462504
2018-06-23 02:15:00,6147.75,6149.8,6126.23,6143.99,267.625588
2018-06-23 02:30:00,6142.6,6169.64,6125.95,6128.41,317.640889
2018-06-23 02:45:00,6128.41,6132.0,6090.87,6119.98,471.351315
2018-06-23 03:00:00,6124.01,6135.65,6119.97,6126.74,187.12737
2018-06-23 03:15:00,6126.74,6132.36,6080.0,6104.9,455.802391
2018-06-23 03:30:00,6111.85,6111.85,6086.0,6101.35,343.765888
2018-06-23 03:45:00,6099.14,6110.38,6093.22,6095.42,343.222122
2018-06-23 04:00:00,6096.54,6101.75,6080.0,6093.66,338.307367
2018-06-23 04:15:00,6094.96,6131.36,6093.66,6129.96,325.45179
2018-06-23 04:30:00,6127.9,6130.01,6110.05,6117.68,238.287675
2018-06-23 04:45:00,6117.68,6118.0,6095.9,6103.91,234.001317
2018-06-23 05:00:00,6099.13,6115.0,6096.23,6111.0,226.447809
2018-06-23 05:15:00,6111.0,6112.97,6084.12,6088.99,230.949178
2018-06-23 05:30:00,6088.99,6098.28,6083.37,6092.91,204.578616
2018-06-23 05:45:00,6093.95,6095.02,6056.56,6066.64,256.56989
2018-06-23 06:00:00,6066.64,6068.0,6012.0,6045.76,579.541326
2018-06-23 06:15:00,6046.97,6052.71,6008.48,6025.0,345.040339
2018-06-23 06:30:00,6025.03,6055.9,6008.48,6036.41,319.86654
2018-06-23 06:45:00,6031.91,6056.05,6026.47,6029.01,252.187764
2018-06-23 07:00:00,6029.01,6061.32,6029.01,6060.0,250.121751
2018-06-23 07:15:00,6060.0,6093.33,6056.37,6088.33,485.571447
2018-06-23 07:30:00,6092.93,6093.46,6066.48,6079.99,397.20097
2018-06-23 07:45:00,6076.01,6111.83,6072.85,6105.99,266.260512
2018-06-23 08:00:00,6105.49,6127.38,6085.99,6101.22,420.185476
2018-06-23 08:15:00,6102.19,6107.0,6090.57,6104.99,308.905713
2018-06-23 08:30:00,6104.99,6115.36,6082.76,6089.53,291.105144
2018-06-23 08:45:00,6089.53,6093.64,6063.87,6075.01,203.768316
2018-06-23 09:00:00,6075.01,6094.05,6074.99,6084.39,227.256033
2018-06-23 09:15:00,6087.17,6102.74,6083.02,6101.24,201.183429
2018-06-23 09:30:00,6098.35,6144.0,6090.0,6123.01,409.143756
2018-06-23 09:45:00,6122.33,6130.0,6108.72,6116.8,163.43354
2018-06-23 10:00:00,6116.99,6133.36,6113.14,6125.01,219.248024
2018-06-23 10:15:00,6125.0,6130.89,6115.02,6125.92,206.049723
2018-06-23 10:30:00,6125.97,6133.34,6108.72,6116.98,202.837898
2018-06-23 10:45:00,6110.65,6123.08,6100.0,6122.72,234.929247
2018-06-23 11:00:00,6122.72,6163.29,6106.0,6120.37,440.444369
2018-06-23 11:15:00,6124.79,6126.7,6102.86,6113.13,162.196319
2018-06-23 11:30:00,6113.14,6121.98,6102.86,6103.02,162.902808
2018-06-23 11:45:00,6104.94,6139.38,6104.0,6126.0,273.255945
2018-06-23 12:00:00,6126.0,6128.02,6067.01,6080.67,415.324528
2018-06-23 12:15:00,6086.23,6107.45,6079.32,6107.0,199.669721
2018-06-23 12:30:00,6100.04,6127.0,6098.36,6104.58,185.341494
2018-06-23 12:45:00,6104.57,6131.0,6103.0,6117.57,210.966486
2018-06-23 13:00:00,6118.1,6128.94,6103.0,6106.99,267.669629
2018-06-23 13:15:00,6103.01,6110.28,6077.62,6096.99,202.427725
2018-06-23 13:30:00,6096.99,6120.0,6084.25,6117.36,221.018799
2018-06-23 13:45:00,6114.7,6140.07,6107.34,6134.73,255.908428
2018-06-23 14:00:00,6131.59,6135.0,6086.61,6095.1,205.373771
2018-06-23 14:15:00,6096.49,6122.27,6095.0,6118.13,219.465782
2018-06-23 14:30:00,6117.77,6121.4,6100.0,6110.0,124.046033
2018-06-23 14:45:00,6110.0,6110.0,6094.0,6095.96,170.60756
2018-06-23 15:00:00,6095.96,6097.0,6077.02,6094.11,352.558542
2018-06-23 15:15:00,6094.11,6095.0,6049.0,6075.02,425.264108
2018-06-23 15:30:00,6076.27,6097.76,6075.01,6083.55,207.925924
2018-06-23 15:45:00,6081.88,6106.98,6079.0,6091.64,245.277537
2018-06-23 16:00:00,6095.86,6123.01,6092.47,6117.96,282.383184
2018-06-23 16:15:00,6117.96,6120.0,6091.58,6102.0,161.352564
2018-06-23 16:30:00,6102.0,6106.96,6091.31,6097.92,247.469379
2018-06-23 16:45:00,6097.93,6114.68,6093.41,6108.54,174.978708
2018-06-23 17:00:00,6108.54,6114.68,6100.0,6109.0,270.346135
2018-06-23 17:15:00,6107.99,6110.0,6095.99,6107.39,270.768159
2018-06-23 17:30:00,6107.4,6128.0,6101.05,6120.0,301.924144
2018-06-23 17:45:00,6120.0,6133.33,6115.87,6130.0,330.004372
2018-06-23 18:00:00,6130.0,6133.79,6110.01,6117.98,216.002488
2018-06-23 18:15:00,6117.98,6124.95,6110.01,6119.31,277.155636
2018-06-23 18:30:00,6117.71,6125.0,6110.99,6118.93,334.510399
2018-06-23 18:45:00,6120.69,6123.45,6115.0,6120.0,200.557724
2018-06-23 19:00:00,6117.19,6138.0,6105.0,6118.83,342.81297
2018-06-23 19:15:00,6122.33,6150.0,6116.19,6135.41,281.053146
2018-06-23 19:30:00,6135.4,6142.32,6119.98,6134.53,229.697135
2018-06-23 19:45:00,6139.97,6143.0,6130.01,6135.61,351.320248
2018-06-23 20:00:00,6135.61,6135.61,6111.34,6117.0,260.559882
2018-06-23 20:15:00,6117.29,6119.95,6111.0,6114.0,99.25113
2018-06-23 20:30:00,6115.82,6131.92,6114.01,6131.38,154.831711
2018-06-23 20:45:00,6131.91,6132.58,6127.34,6129.05,94.013637
2018-06-23 21:00:00,6129.05,6145.32,6128.05,6145.32,196.975759
2018-06-23 21:15:00,6141.82,6149.99,6141.69,6144.2,139.366715
2018-06-23 21:30:00,6144.2,6150.0,6138.05,6149.99,249.169621
2018-06-23 21:45:00,6150.0,6231.0,6149.99,6212.62,744.432677
2018-06-23 22:00:00,6206.28,6260.0,6205.33,6211.04,556.348528
2018-06-23 22:15:00,6214.99,6222.0,6186.55,6192.6,194.464271
2018-06-23 22:30:00,6192.86,6208.28,6180.1,6183.6,169.340757
2018-06-23 22:45:00,6183.88,6193.72,6178.45,6191.26,106.842127
2018-06-23 23:00:00,6192.12,6198.71,6176.0,6176.0,258.571864
2018-06-23 23:15:00,6176.0,6179.09,6151.87,6152.78,302.371388
2018-06-23 23:30:00,6152.78,6170.89,6143.97,6164.72,189.457617
2018-06-23 23:45:00,6161.15,6165.0,6144.07,6149.98,92.719839
2018-06-24 00:00:00,6149.98,6180.24,6125.28,6140.0,313.832013
2018-06-24 00:15:00,6138.34,6138.34,6108.28,6117.0,206.243744
2018-06-24 00:30:00,6117.99,6122.31,6090.0,6106.09,411.534453
2018-06-24 00:45:00,6102.48,6120.11,6101.0,6114.01,116.564418
2018-06-24 01:00:00,6117.5,6123.07,6106.39,6122.22,184.737122
2018-06-24 01:15:00,6122.22,6124.97,6055.53,6084.57,515.801961
2018-06-24 01:30:00,6084.57,6116.0,6034.0,6100.84,907.499166
2018-06-24 01:45:00,6110.17,6120.84,5977.77,6082.73,1353.728266
2018-06-24 02:00:00,6082.77,6103.77,6071.86,6071.86,184.863735
2018-06-24 02:15:00,6074.66,6103.64,6072.73,6088.21,156.223264
2018-06-24 02:30:00,6088.21,6093.8,6081.15,6082.38,168.773998
2018-06-24 02:45:00,6082.38,6105.0,6081.14,6096.97,150.248237
2018-06-24 03:00:00,6096.95,6097.87,6062.23,6077.31,348.591395
2018-06-24 03:15:00,6077.31,6085.86,6028.15,6070.01,381.408831
2018-06-24 03:30:00,6070.03,6088.99,6069.75,6081.8,170.514532
2018-06-24 03:45:00,6085.84,6086.58,6041.88,6047.85,351.866123
2018-06-24 04:00:00,6051.95,6054.63,6001.9,6020.0,582.465585
2018-06-24 04:15:00,6018.93,6029.11,5901.0,5935.0,1219.935464
2018-06-24 04:30:00,5935.0,5960.9,5879.71,5895.84,845.339142
2018-06-24 04:45:00,5895.83,5913.94,5861.01,5877.68,903.794144
2018-06-24 05:00:00,5877.88,5909.74,5811.0,5844.0,1033.383665
2018-06-24 05:15:00,5844.0,5895.0,5839.68,5889.23,656.161002
2018-06-24 05:30:00,5890.83,5894.96,5850.0,5873.33,530.418322
2018-06-24 05:45:00,5873.3,5877.86,5855.99,5865.77,386.249207
2018-06-24 06:00:00,5867.55,5867.73,5811.0,5812.61,723.56028
2018-06-24 06:15:00,5814.31,5848.15,5807.11,5810.0,641.917034
2018-06-24 06:30:00,5810.0,5842.0,5777.77,5838.0,1058.60015
2018-06-24 06:45:00,5838.0,5848.19,5815.0,5845.95,452.829077
2018-06-24 07:00:00,5843.98,5875.75,5831.58,5839.41,461.372467
2018-06-24 07:15:00,5837.34,5858.87,5819.0,5851.76,365.741193
2018-06-24 07:30:00,5851.75,5870.0,5840.0,5857.12,296.599486
2018-06-24 07:45:00,5857.06,5860.0,5826.0,5830.0,463.31895
2018-06-24 08:00:00,5829.08,5850.0,5819.32,5833.5,312.855363
2018-06-24 08:15:00,5833.5,5836.0,5800.0,5801.55,345.915126
2018-06-24 08:30:00,5800.0,5827.54,5781.0,5821.46,568.369067
2018-06-24 08:45:00,5825.0,5840.0,5813.27,5828.7,511.201248
2018-06-24 09:00:00,5826.0,5852.7,5818.34,5852.7,376.541438
2018-06-24 09:15:00,5852.77,5857.1,5841.0,5850.52,360.488685
2018-06-24 09:30:00,5850.53,5874.12,5850.0,5855.4,262.598622
2018-06-24 09:45:00,5858.38,5858.38,5831.44,5846.28,354.253051
2018-06-24 10:00:00,5850.98,5866.15,5840.03,5847.23,391.496667
2018-06-24 10:15:00,5847.4,5857.1,5841.55,5851.0,354.303136
2018-06-24 10:30:00,5850.54,5898.0,5850.01,5869.21,539.398946
2018-06-24 10:45:00,5869.21,5919.5,5869.21,5907.5,618.47409
2018-06-24 11:00:00,5903.35,5910.0,5888.55,5895.0,451.572782
2018-06-24 11:15:00,5895.0,5895.0,5866.26,5893.68,306.151619
2018-06-24 11:30:00,5894.97,5909.98,5881.0,5905.55,272.86505
2018-06-24 11:45:00,5905.55,5914.99,5890.6,5904.98,512.896377
2018-06-24 12:00:00,5900.01,5904.95,5877.69,5884.33,318.511207
2018-06-24 12:15:00,5879.47,5888.0,5862.56,5867.0,260.359451
2018-06-24 12:30:00,5868.6,5887.0,5863.3,5871.0,236.547954
2018-06-24 12:45:00,5871.0,5899.0,5869.99,5894.29,355.559859
2018-06-24 13:00:00,5894.29,5913.99,5887.0,5905.0,374.026223
2018-06-24 13:15:00,5896.68,5907.89,5892.95,5897.32,382.099327
2018-06-24 13:30:00,5897.32,5900.0,5877.02,5897.51,452.992394
2018-06-24 13:45:00,5896.76,5934.41,5892.03,5924.74,403.804072
2018-06-24 14:00:00,5922.39,5926.36,5904.0,5914.72,401.898387
2018-06-24 14:15:00,5916.06,5917.1,5900.15,5905.97,525.775395
2018-06-24 14:30:00,5903.19,5919.73,5901.15,5907.91,158.771592
2018-06-24 14:45:00,5907.91,5915.63,5892.01,5895.9,235.177614
2018-06-24 15:00:00,5894.52,5896.0,5836.91,5841.0,585.225757
2018-06-24 15:15:00,5842.75,5855.0,5818.74,5838.89,558.320586
2018-06-24 15:30:00,5838.89,5846.91,5794.43,5830.0,654.265321
2018-06-24 15:45:00,5830.0,5844.63,5750.0,5767.02,1203.183793
2018-06-24 16:00:00,5769.86,5828.43,5750.0,5825.0,680.837436
2018-06-24 16:15:00,5827.0,5944.51,5825.0,5911.98,871.066775
2018-06-24 16:30:00,5911.98,6158.39,5887.02,6147.91,1713.581601
2018-06-24 16:45:00,6140.01,6250.0,6120.09,6190.0,2652.049725
2018-06-24 17:00:00,6190.0,6194.83,6131.0,6174.83,860.735353
2018-06-24 17:15:00,6174.83,6259.8,6149.0,6208.0,1334.513772
2018-06-24 17:30:00,6205.79,6208.0,6150.0,6191.9,665.641402
2018-06-24 17:45:00,6195.0,6199.34,6165.3,6179.99,462.4933
2018-06-24 18:00:00,6179.98,6180.52,6132.7,6135.0,591.912985
2018-06-24 18:15:00,6135.0,6200.0,6134.0,6162.97,411.82906
2018-06-24 18:30:00,6162.97,6184.53,6158.09,6160.1,315.32365
2018-06-24 18:45:00,6164.85,6185.0,6155.75,6172.9,380.465151
2018-06-24 19:00:00,6171.34,6181.06,6158.0,6159.01,259.963992
2018-06-24 19:15:00,6159.01,6186.54,6153.0,6165.0,505.205735
2018-06-24 19:30:00,6164.99,6186.54,6164.0,6182.27,283.806903
2018-06-24 19:45:00,6182.28,6197.99,6165.07,6178.0,316.241759
2018-06-24 20:00:00,6178.0,6180.69,6143.0,6148.65,324.34107
2018-06-24 20:15:00,6148.66,6167.16,6143.0,6157.34,252.155863
2018-06-24 20:30:00,6157.34,6181.0,6152.16,6180.0,218.274026
2018-06-24 20:45:00,6180.0,6199.0,6168.0,6182.51,324.461172
2018-06-24 21:00:00,6185.0,6196.0,6175.0,6180.0,292.035254
2018-06-24 21:15:00,6177.0,6182.93,6166.06,6170.59,393.290994
2018-06-24 21:30:00,6170.29,6170.65,6155.0,6165.48,296.332973
2018-06-24 21:45:00,6165.48,6166.0,6149.02,6151.01,234.062935
2018-06-24 22:00:00,6155.0,6167.62,6149.73,6149.99,323.42882
2018-06-24 22:15:00,6149.99,6156.69,6121.02,6132.0,479.673363
2018-06-24 22:30:00,6133.77,6137.0,6086.0,6112.79,596.906504
2018-06-24 22:45:00,6112.79,6154.21,6110.02,6136.79,349.556559
2018-06-24 23:00:00,6138.28,6142.0,6117.41,6128.75,158.021317
2018-06-24 23:15:00,6125.0,6130.81,6106.0,6120.01,200.198598
2018-06-24 23:30:00,6120.01,6164.0,6120.0,6134.75,310.013253
2018-06-24 23:45:00,6134.89,6150.91,6130.29,6136.97,197.56103
2018-06-25 00:00:00,6137.95,6139.0,6127.03,6134.58,330.145518
2018-06-25 00:15:00,6134.58,6165.68,6127.1,6150.99,303.709834
2018-06-25 00:30:00,6150.97,6179.8,6150.8,6162.28,372.673128
2018-06-25 00:45:00,6169.88,6173.2,6150.72,6163.58,201.794555
2018-06-25 01:00:00,6160.02,6164.76,6134.78,6136.29,234.505925
2018-06-25 01:15:00,6136.29,6147.72,6133.07,6146.0,174.766089
2018-06-25 01:30:00,6145.99,6150.0,6140.99,6145.24,230.83146
2018-06-25 01:45:00,6145.25,6150.0,6132.22,6133.19,174.047491
2018-06-25 02:00:00,6134.94,6140.3,6125.62,6134.52,338.674141
2018-06-25 02:15:00,6134.5,6134.94,6110.73,6127.98,326.984299
2018-06-25 02:30:00,6127.99,6134.04,6111.0,6113.34,285.556178
2018-06-25 02:45:00,6113.33,6122.22,6097.58,6114.4,337.192231
2018-06-25 03:00:00,6113.0,6119.0,6103.3,6113.14,255.410915
2018-06-25 03:15:00,6113.47,6130.45,6106.34,6112.83,299.568193
2018-06-25 03:30:00,6114.91,6119.99,6107.9,6113.98,189.531752
2018-06-25 03:45:00,6113.98,6119.99,6109.0,6119.9,293.41462
2018-06-25 04:00:00,6119.9,6188.0,6119.25,6167.87,1153.616361
2018-06-25 04:15:00,6167.87,6171.64,6142.72,6153.0,223.178151
2018-06-25 04:30:00,6157.91,6170.03,6149.97,6165.25,365.974155
2018-06-25 04:45:00,6165.25,6166.98,6136.01,6142.02,257.534277
2018-06-25 05:00:00,6142.02,6146.54,6124.68,6144.13,281.63964
2018-06-25 05:15:00,6144.15,6151.0,6136.34,6144.23,308.636129
2018-06-25 05:30:00,6144.25,6158.01,6144.25,6158.0,288.011054
2018-06-25 05:45:00,6157.08,6164.9,6150.98,6152.03,235.636451
2018-06-25 06:00:00,6152.03,6159.0,6145.0,6145.0,267.534985
2018-06-25 06:15:00,6145.0,6196.0,6143.0,6188.24,315.778325
2018-06-25 06:30:00,6188.22,6190.0,6152.0,6162.92,230.769354
2018-06-25 06:45:00,6160.2,6171.28,6157.48,6165.1,137.273431
2018-06-25 07:00:00,6166.96,6169.47,6150.0,6150.01,205.696147
2018-06-25 07:15:00,6150.0,6156.65,6150.0,6150.33,223.001915
2018-06-25 07:30:00,6152.09,6160.0,6143.0,6151.0,385.077311
2018-06-25 07:45:00,6158.25,6158.28,6148.0,6148.32,365.451677
2018-06-25 08:00:00,6148.32,6154.32,6140.91,6150.11,220.857786
2018-06-25 08:15:00,6154.12,6159.52,6146.0,6148.46,140.909847
2018-06-25 08:30:00,6150.72,6153.99,6145.0,6145.6,266.344707
2018-06-25 08:45:00,6147.29,6181.7,6145.59,6160.01,277.181179
2018-06-25 09:00:00,6160.0,6162.0,6145.6,6148.16,383.01215
2018-06-25 09:15:00,6155.97,6169.89,6148.13,6168.53,157.686983
2018-06-25 09:30:00,6169.87,6169.89,6151.81,6157.09,268.171118
2018-06-25 09:45:00,6157.09,6169.89,6151.6,6162.99,237.598246
2018-06-25 10:00:00,6162.99,6208.68,6160.1,6173.51,726.004896
2018-06-25 10:15:00,6178.65,6185.0,6170.0,6177.4,469.371359
2018-06-25 10:30:00,6177.4,6239.73,6170.01,6196.01,795.948097
2018-06-25 10:45:00,6196.01,6202.12,6170.0,6182.0,606.399496
2018-06-25 11:00:00,6182.0,6211.57,6177.0,6206.0,575.840267
2018-06-25 11:15:00,6210.13,6238.0,6206.0,6206.01,691.995166
2018-06-25 11:30:00,6206.0,6225.07,6197.17,6208.08,618.61124
2018-06-25 11:45:00,6212.11,6234.18,6209.0,6232.82,363.902721
2018-06-25 12:00:00,6231.0,6274.77,6179.79,6186.0,1170.577888
2018-06-25 12:15:00,6186.0,6195.0,6124.68,6142.01,1372.90366
2018-06-25 12:30:00,6142.01,6155.0,6061.97,6090.0,1237.082576
2018-06-25 12:45:00,6090.0,6138.37,6086.0,6110.0,632.114029
2018-06-25 13:00:00,6110.0,6114.99,6080.0,6092.96,519.724608
2018-06-25 13:15:00,6092.96,6128.41,6080.0,6118.12,521.291097
2018-06-25 13:30:00,6120.29,6137.22,6109.0,6125.29,446.571691
2018-06-25 13:45:00,6125.3,6138.05,6118.79,6130.05,437.756182
2018-06-25 14:00:00,6128.39,6190.0,6115.14,6174.23,887.205525
2018-06-25 14:15:00,6174.23,6350.0,6167.0,6282.44,2350.145293
2018-06-25 14:30:00,6282.44,6310.79,6259.18,6277.01,781.299949
2018-06-25 14:45:00,6277.01,6320.0,6276.0,6284.83,707.862431
2018-06-25 15:00:00,6285.43,6296.57,6265.79,6285.73,574.041385
2018-06-25 15:15:00,6286.0,6304.0,6271.2,6294.66,376.545669
2018-06-25 15:30:00,6291.09,6300.0,6277.56,6287.0,558.423508
2018-06-25 15:45:00,6287.0,6294.98,6270.0,6290.0,464.380315
2018-06-25 16:00:00,6288.08,6327.3,6286.13,6300.0,756.587425
2018-06-25 16:15:00,6297.59,6302.4,6266.0,6273.13,413.807526
2018-06-25 16:30:00,6273.13,6280.99,6212.44,6268.99,705.737364
2018-06-25 16:45:00,6271.77,6282.67,6267.0,6272.99,201.420996
2018-06-25 17:00:00,6272.99,6276.01,6250.0,6258.51,439.969102
2018-06-25 17:15:00,6260.03,6285.01,6257.0,6281.55,277.477155
2018-06-25 17:30:00,6281.54,6281.55,6272.48,6278.01,253.158331
2018-06-25 17:45:00,6278.01,6279.0,6270.09,6273.03,393.88812
2018-06-25 18:00:00,6274.95,6299.78,6271.0,6287.05,365.724347
2018-06-25 18:15:00,6286.73,6300.02,6271.2,6273.01,322.013532
2018-06-25 18:30:00,6273.0,6281.68,6192.86,6266.42,460.233211
2018-06-25 18:45:00,6265.0,6277.79,6250.0,6265.0,171.958966
2018-06-25 19:00:00,6264.99,6271.0,6256.0,6265.02,187.441821
2018-06-25 19:15:00,6268.58,6268.74,6230.0,6240.0,280.510281
2018-06-25 19:30:00,6241.63,6253.78,6226.34,6246.8,337.364167
2018-06-25 19:45:00,6247.98,6270.0,6245.72,6255.7,279.092199
2018-06-25 20:00:00,6255.7,6265.0,6240.59,6256.5,201.635143
2018-06-25 20:15:00,6256.51,6263.98,6250.01,6261.48,316.594335
2018-06-25 20:30:00,6258.04,6283.85,6257.0,6264.87,254.747786
2018-06-25 20:45:00,6264.89,6269.28,6238.78,6251.69,283.15604
2018-06-25 21:00:00,6251.68,6290.0,6246.11,6256.98,456.749218
2018-06-25 21:15:00,6254.0,6263.83,6245.71,6252.02,161.038874
2018-06-25 21:30:00,6250.01,6252.02,6240.98,6243.51,238.213818
2018-06-25 21:45:00,6243.51,6270.0,6243.15,6265.18,194.618859
2018-06-25 22:00:00,6265.19,6274.35,6255.0,6259.98,187.236411
2018-06-25 22:15:00,6260.0,6266.85,6255.0,6257.99,167.238641
2018-06-25 22:30:00,6257.23,6258.0,6238.03,6249.83,187.181188
2018-06-25 22:45:00,6249.83,6250.0,6226.99,6234.14,315.658376
2018-06-25 23:00:00,6234.13,6248.0,6229.28,6235.75,151.079119
2018-06-25 23:15:00,6238.52,6249.96,6230.61,6245.0,236.595185
2018-06-25 23:30:00,6245.01,6254.62,6230.08,6253.01,152.063761
2018-06-25 23:45:00,6253.01,6255.99,6235.0,6252.0,382.947253
2018-06-26 00:00:00,6252.0,6266.47,6248.76,6249.8,296.778896
2018-06-26 00:15:00,6252.13,6255.55,6238.1,6238.11,207.437155
2018-06-26 00:30:00,6238.1,6240.0,6208.0,6213.71,572.377782
2018-06-26 00:45:00,6213.71,6229.54,6180.0,6190.13,567.20941
2018-06-26 01:00:00,6187.3,6213.82,6182.3,6198.41,393.999472
2018-06-26 01:15:00,6196.52,6229.17,6196.52,6213.34,195.381717
2018-06-26 01:30:00,6216.0,6234.0,6201.97,6230.02,274.966691
2018-06-26 01:45:00,6230.02,6233.76,6220.96,6227.99,161.81373
2018-06-26 12:00:00,6228.0,6228.0,6180.0,6216.78,595.649866
2018-06-26 12:15:00,6212.36,6223.0,6200.03,6217.55,347.483081
2018-06-26 12:30:00,6217.47,6222.4,6202.02,6207.99,267.383094
2018-06-26 12:45:00,6208.0,6212.0,6202.02,6209.99,258.95632
2018-06-26 13:00:00,6205.57,6247.6,6203.0,6225.3,453.665423
2018-06-26 13:15:00,6228.86,6229.69,6185.0,6189.28,423.166117
2018-06-26 13:30:00,6191.98,6191.99,6147.0,6153.0,888.392081
2018-06-26 13:45:00,6153.0,6183.98,6150.0,6170.03,459.306025
2018-06-26 14:00:00,6170.03,6180.96,6156.61,6157.01,616.220207
2018-06-26 14:15:00,6162.06,6173.37,6121.05,6165.01,726.278868
2018-06-26 14:30:00,6165.02,6193.0,6149.99,6178.17,465.784407
2018-06-26 14:45:00,6178.0,6200.0,6175.0,6185.0,381.559914
2018-06-26 15:00:00,6185.0,6193.2,6174.11,6185.99,270.196002
2018-06-26 15:15:00,6184.26,6185.99,6159.34,6174.0,333.314935
2018-06-26 15:30:00,6173.0,6178.18,6154.12,6159.97,294.862187
2018-06-26 15:45:00,6157.59,6188.01,6155.0,6188.01,239.652482
2018-06-26 16:00:00,6188.01,6224.01,6174.14,6174.77,681.866526
2018-06-26 16:15:00,6175.0,6182.0,6161.67,6174.03,419.198853
2018-06-26 16:30:00,6174.03,6177.81,6160.07,6169.99,183.976353
2018-06-26 16:45:00,6169.98,6190.8,6159.0,6180.0,212.327234
2018-06-26 17:00:00,6179.98,6180.0,6164.0,6170.18,210.90454
2018-06-26 17:15:00,6172.1,6184.53,6167.73,6177.98,118.688637
2018-06-26 17:30:00,6177.94,6194.99,6170.0,6172.01,211.744654
2018-06-26 17:45:00,6172.02,6189.0,6165.0,6183.41,366.029164
2018-06-26 18:00:00,6183.65,6193.96,6174.6,6183.0,284.606596
2018-06-26 18:15:00,6183.0,6197.7,6181.0,6190.37,389.176782
2018-06-26 18:30:00,6195.54,6198.0,6166.0,6180.06,288.112069
2018-06-26 18:45:00,6180.06,6186.0,6160.0,6168.73,316.670211
2018-06-26 19:00:00,6163.58,6187.0,6160.0,6166.0,188.940498
2018-06-26 19:15:00,6166.01,6175.0,6155.11,6161.41,121.513284
2018-06-26 19:30:00,6161.97,6180.12,6160.33,6162.03,125.122407
2018-06-26 19:45:00,6164.19,6170.1,6156.17,6161.6,134.878284
2018-06-26 20:00:00,6164.95,6188.99,6158.0,6178.28,214.345792
2018-06-26 20:15:00,6179.2,6192.0,6178.28,6185.0,162.621968
2018-06-26 20:30:00,6185.86,6185.95,6171.4,6175.21,126.556225
2018-06-26 20:45:00,6174.61,6185.0,6173.08,6179.0,161.633938
2018-06-26 21:00:00,6179.0,6189.13,6171.65,6184.47,101.404448
2018-06-26 21:15:00,6184.46,6184.47,6168.81,6168.9,147.501261
2018-06-26 21:30:00,6172.86,6179.0,6168.81,6177.99,121.218906
2018-06-26 21:45:00,6177.99,6272.54,6173.83,6211.09,682.394496
2018-06-26 22:00:00,6214.97,6219.8,6089.99,6126.22,1191.372782
2018-06-26 22:15:00,6126.23,6168.45,6125.41,6138.28,313.076276
2018-06-26 22:30:00,6138.28,6164.66,6135.06,6156.05,199.370478
2018-06-26 22:45:00,6156.06,6160.0,6141.34,6155.75,232.131354
2018-06-26 23:00:00,6155.75,6157.98,6110.54,6121.01,213.856184
2018-06-26 23:15:00,6121.02,6140.6,6114.66,6137.69,122.437867
2018-06-26 23:30:00,6137.16,6139.05,6089.99,6102.05,473.244325
2018-06-26 23:45:00,6101.55,6106.0,6035.0,6070.78,968.48223
2018-06-27 00:00:00,6065.89,6075.08,6001.0,6020.0,653.029081
2018-06-27 00:15:00,6022.99,6094.9,6018.3,6076.0,481.456807
2018-06-27 00:30:00,6076.0,6083.28,6060.0,6068.88,256.49559
2018-06-27 00:45:00,6068.91,6096.86,6051.2,6081.54,234.844371
2018-06-27 01:00:00,6080.0,6089.0,6068.07,6068.54,203.747608
2018-06-27 01:15:00,6068.54,6078.0,6060.0,6075.43,226.205994
2018-06-27 01:30:00,6075.49,6113.0,6075.49,6086.29,387.669261
2018-06-27 01:45:00,6091.0,6093.98,6079.9,6080.0,183.656294
2018-06-27 02:00:00,6080.0,6080.0,6059.48,6064.99,310.775511
2018-06-27 02:15:00,6061.62,6069.13,6055.12,6067.0,279.59766
2018-06-27 02:30:00,6066.99,6082.28,6060.74,6071.09,216.387025
2018-06-27 02:45:00,6070.52,6075.51,6062.04,6069.16,200.459132
2018-06-27 03:00:00,6067.88,6090.0,6066.0,6079.37,175.139495
2018-06-27 03:15:00,6079.37,6083.13,6055.12,6062.0,93.314191
2018-06-27 03:30:00,6062.0,6065.2,6042.0,6056.43,146.338282
2018-06-27 03:45:00,6056.43,6056.44,6030.0,6031.8,182.127113
2018-06-27 04:00:00,6031.8,6051.0,6026.79,6042.22,179.346065
2018-06-27 04:15:00,6042.22,6061.77,6040.0,6061.77,133.67274
2018-06-27 04:30:00,6061.77,6063.98,6045.51,6060.0,112.090476
2018-06-27 04:45:00,6060.0,6063.39,6053.9,6057.99,89.083056
2018-06-27 05:00:00,6055.17,6069.48,6054.92,6062.64,103.574639
2018-06-27 05:15:00,6062.64,6083.04,6059.97,6074.99,139.692149
2018-06-27 05:30:00,6074.85,6094.0,6065.41,6088.83,193.045645
2018-06-27 05:45:00,6084.29,6095.0,6072.0,6076.94,236.686634
2018-06-27 06:00:00,6076.94,6090.0,6071.4,6084.01,283.541194
2018-06-27 06:15:00,6084.02,6086.52,6079.33,6082.24,292.902851
2018-06-27 06:30:00,6082.24,6086.14,6065.27,6079.97,424.200481
2018-06-27 06:45:00,6079.97,6080.0,6063.81,6064.22,252.97902
2018-06-27 07:00:00,6065.01,6075.46,6055.08,6067.65,205.902601
2018-06-27 07:15:00,6067.99,6079.44,6065.0,6078.99,169.068749
2018-06-27 07:30:00,6078.99,6086.47,6066.01,6071.21,240.131422
2018-06-27 07:45:00,6071.22,6074.78,6066.85,6072.33,175.745195
2018-06-27 08:00:00,6073.5,6078.18,6069.28,6074.01,241.894167
2018-06-27 08:15:00,6074.0,6129.98,6072.78,6088.35,572.10155
2018-06-27 08:30:00,6088.36,6092.99,6071.33,6071.35,235.993707
2018-06-27 08:45:00,6071.34,6077.8,6066.0,6076.87,198.916443
2018-06-27 09:00:00,6077.34,6077.8,6071.1,6072.4,114.368149
2018-06-27 09:15:00,6073.82,6083.81,6072.4,6077.51,139.796032
2018-06-27 09:30:00,6077.5,6093.79,6072.37,6092.81,169.438556
2018-06-27 09:45:00,6092.42,6105.47,6083.23,6098.99,375.901299
2018-06-27 10:00:00,6099.0,6113.95,6085.85,6094.5,269.21625
2018-06-27 10:15:00,6092.03,6109.99,6091.65,6104.39,88.149647
2018-06-27 10:30:00,6104.25,6125.99,6101.11,6121.67,450.873973
2018-06-27 10:45:00,6120.0,6141.8,6110.23,6115.39,276.876387
2018-06-27 11:00:00,6118.44,6118.47,6095.4,6099.89,272.316118
2018-06-27 11:15:00,6099.89,6110.03,6097.0,6109.71,99.24204
2018-06-27 11:30:00,6108.03,6110.0,6098.56,6101.9,99.067861
2018-06-27 11:45:00,6100.81,6101.95,6080.88,6091.74,180.888401
2018-06-27 12:00:00,6092.0,6100.0,6081.0,6087.94,95.797518
2018-06-27 12:15:00,6086.0,6092.52,6051.26,6076.0,339.398024
2018-06-27 12:30:00,6076.0,6092.49,6071.84,6083.04,106.442603
2018-06-27 12:45:00,6083.04,6090.0,6082.48,6087.84,85.988255
2018-06-27 14:45:00,6087.84,6087.84,5971.0,6050.71,900.870997
2018-06-27 15:00:00,6049.0,6139.0,6047.74,6100.99,758.125824
2018-06-27 15:15:00,6100.98,6117.0,6081.0,6087.78,240.43109
2018-06-27 15:30:00,6087.78,6130.62,6087.78,6130.62,239.758673
2018-06-27 15:45:00,6130.0,6164.99,6095.0,6110.09,550.308087
2018-06-27 16:00:00,6106.06,6126.03,6090.0,6100.08,417.141567
2018-06-27 16:15:00,6100.09,6112.71,6087.0,6093.87,165.711951
2018-06-27 16:30:00,6093.23,6112.96,6089.53,6106.0,105.004788
2018-06-27 16:45:00,6105.01,6134.81,6101.02,6129.99,229.352119
2018-06-27 17:00:00,6129.96,6131.94,6110.0,6123.92,200.523264
2018-06-27 17:15:00,6123.92,6134.8,6100.02,6125.0,264.877125
2018-06-27 17:30:00,6122.03,6134.81,6119.04,6132.4,115.116928
2018-06-27 17:45:00,6132.4,6133.0,6118.0,6120.01,89.936915
2018-06-27 18:00:00,6122.0,6134.45,6120.01,6127.02,81.106492
2018-06-27 18:15:00,6127.95,6131.51,6113.32,6118.89,78.803005
2018-06-27 18:30:00,6118.89,6123.9,6114.0,6122.0,45.723342
2018-06-27 18:45:00,6121.8,6127.0,6120.01,6123.0,66.170195
2018-06-27 19:00:00,6123.99,6134.82,6115.5,6119.37,153.709429
2018-06-27 19:15:00,6119.04,6122.0,6110.41,6116.0,49.221021
2018-06-27 19:30:00,6114.0,6144.0,6114.0,6126.08,204.498192
2018-06-27 19:45:00,6126.08,6151.92,6121.02,6133.0,149.370168
2018-06-27 20:00:00,6144.84,6152.0,6121.0,6137.93,202.853205
2018-06-27 20:15:00,6133.01,6149.72,6127.01,6130.7,85.895458
2018-06-27 20:30:00,6130.0,6133.77,6112.0,6123.69,112.072511
2018-06-27 20:45:00,6119.35,6132.87,6115.7,6125.0,61.583866
2018-06-27 21:00:00,6125.0,6128.78,6106.07,6114.77,58.061263
2018-06-27 21:15:00,6115.0,6133.75,6114.77,6133.75,53.45468
2018-06-27 21:30:00,6133.7,6133.71,6122.44,6122.51,63.99086
2018-06-27 21:45:00,6122.51,6128.73,6111.01,6117.5,28.523433
2018-06-27 22:00:00,6117.5,6133.77,6117.49,6125.19,94.865196
2018-06-27 22:15:00,6125.17,6131.96,6120.95,6124.0,37.398926
2018-06-27 22:30:00,6124.9,6129.83,6121.07,6129.83,73.905504
2018-06-27 22:45:00,6129.83,6151.0,6125.09,6139.0,307.488021
2018-06-27 23:00:00,6139.0,6190.43,6136.12,6170.94,465.955495
2018-06-27 23:15:00,6173.33,6183.99,6120.26,6120.26,283.055832
2018-06-27 23:30:00,6120.26,6142.93,6110.33,6138.76,216.269015
2018-06-27 23:45:00,6138.76,6140.0,6127.71,6133.73,98.963349
2018-06-28 00:00:00,6134.73,6143.0,6130.05,6140.0,65.621415
2018-06-28 00:15:00,6142.97,6158.27,6137.0,6144.17,110.940143
2018-06-28 00:30:00,6144.1,6157.0,6137.57,6142.6,62.678147
2018-06-28 00:45:00,6142.6,6165.83,6137.57,6143.67,202.038907
2018-06-28 01:00:00,6143.47,6143.81,6126.99,6136.0,128.933575
2018-06-28 01:15:00,6136.0,6137.96,6112.0,6120.89,139.764601
2018-06-28 01:30:00,6122.0,6137.87,6120.44,6133.06,75.203647
2018-06-28 01:45:00,6133.06,6141.0,6125.18,6136.08,102.414665
2018-06-28 02:00:00,6134.63,6146.94,6125.33,6143.46,207.478499
2018-06-28 02:15:00,6145.2,6146.94,6130.18,6132.24,263.603969
2018-06-28 02:30:00,6133.97,6136.43,6116.0,6118.99,294.173832
2018-06-28 02:45:00,6118.99,6124.4,6091.0,6111.26,452.479501
2018-06-28 03:00:00,6112.0,6126.38,6112.0,6124.09,134.261681
2018-06-28 03:15:00,6125.24,6126.38,6105.0,6106.98,207.20427
2018-06-28 03:30:00,6106.98,6107.0,6091.0,6100.4,322.964108
2018-06-28 03:45:00,6100.4,6103.45,6069.91,6094.85,621.228113
2018-06-28 04:00:00,6088.78,6100.0,6076.07,6080.9,204.513245
2018-06-28 04:15:00,6080.91,6095.45,6073.99,6082.74,96.333697
2018-06-28 04:30:00,6082.74,6105.97,6082.74,6090.0,234.272491
2018-06-28 04:45:00,6091.85,6114.24,6089.33,6104.01,293.8115
2018-06-28 05:00:00,6100.29,6107.67,6088.0,6100.91,215.040414
2018-06-28 05:15:00,6100.91,6173.01,6096.0,6100.0,384.944794
2018-06-28 05:30:00,6100.05,6108.77,6095.63,6105.0,185.479399
2018-06-28 05:45:00,6105.0,6124.77,6101.05,6114.99,403.888128
2018-06-28 06:00:00,6118.21,6121.64,6107.45,6112.92,288.032437
2018-06-28 06:15:00,6109.76,6114.0,6097.85,6105.0,184.583325
2018-06-28 06:30:00,6106.21,6110.72,6098.93,6110.72,206.455278
2018-06-28 06:45:00,6110.73,6112.0,6092.43,6103.0,183.02709
2018-06-28 07:00:00,6103.0,6109.92,6095.01,6104.94,217.037359
2018-06-28 07:15:00,6102.52,6104.99,6093.96,6094.18,161.614964
2018-06-28 07:30:00,6094.19,6109.91,6088.0,6103.32,298.910645
2018-06-28 07:45:00,6103.32,6116.89,6103.14,6116.75,291.586246
2018-06-28 08:00:00,6116.75,6125.99,6107.86,6109.49,183.732421
2018-06-28 08:15:00,6107.86,6130.05,6105.14,6123.13,264.454491
2018-06-28 08:30:00,6123.12,6137.36,6115.0,6121.0,293.112555
2018-06-28 08:45:00,6117.79,6122.06,6113.0,6117.0,224.944701
2018-06-28 09:00:00,6117.0,6124.9,6110.0,6119.89,127.449329
2018-06-28 09:15:00,6119.89,6119.99,6104.28,6104.28,178.948809
2018-06-28 09:30:00,6105.3,6114.35,6098.0,6106.86,415.22748
2018-06-28 09:45:00,6109.76,6113.4,6098.23,6111.1,236.010311
2018-06-28 10:00:00,6111.1,6115.22,6100.0,6112.51,335.882934
2018-06-28 10:15:00,6112.5,6113.62,6097.77,6101.05,372.459711
2018-06-28 10:30:00,6101.05,6106.1,6082.01,6083.74,347.135097
2018-06-28 10:45:00,6088.95,6101.38,6083.74,6090.01,304.923861
2018-06-28 11:00:00,6090.0,6110.0,6085.52,6102.06,365.734525
2018-06-28 11:15:00,6102.06,6105.96,6094.4,6099.0,289.805039
2018-06-28 11:30:00,6099.0,6099.0,6091.97,6093.81,358.267909
2018-06-28 11:45:00,6091.99,6116.73,6091.97,6103.51,225.542902
2018-06-28 12:00:00,6108.0,6108.86,6099.42,6108.08,146.574604
2018-06-28 12:15:00,6107.15,6126.76,6103.84,6120.57,321.533736
2018-06-28 12:30:00,6121.03,6123.27,6104.0,6107.0,201.828657
2018-06-28 12:45:00,6107.0,6110.0,6098.33,6104.13,158.047154
2018-06-28 13:00:00,6104.13,6107.19,6092.37,6098.09,299.427451
2018-06-28 13:15:00,6098.09,6106.35,6093.37,6106.34,306.811552
2018-06-28 13:30:00,6106.34,6109.35,6100.02,6105.0,207.900582
2018-06-28 13:45:00,6106.99,6113.64,6103.55,6110.13,145.676055
2018-06-28 14:00:00,6111.56,6120.0,6108.0,6119.62,221.85482
2018-06-28 14:15:00,6116.55,6136.1,6112.02,6132.13,297.483618
2018-06-28 14:30:00,6132.02,6136.27,6060.59,6102.87,823.650888
2018-06-28 14:45:00,6102.88,6130.0,6100.0,6123.0,441.253725
2018-06-28 15:00:00,6123.0,6124.99,6100.0,6115.33,352.96857
2018-06-28 15:15:00,6115.33,6117.31,6105.0,6109.0,199.685838
2018-06-28 15:30:00,6110.16,6115.0,6103.0,6112.99,298.830817
2018-06-28 15:45:00,6112.72,6117.0,6102.01,6107.0,193.3784
2018-06-28 16:00:00,6104.1,6119.0,6100.15,6118.0,164.736553
2018-06-28 16:15:00,6117.0,6118.74,6106.96,6112.88,139.965737
2018-06-28 16:30:00,6110.99,6116.99,6103.99,6108.85,289.183192
2018-06-28 16:45:00,6108.47,6111.22,6102.46,6109.05,227.206979
2018-06-28 17:00:00,6108.77,6110.49,6104.0,6106.35,364.90806
2018-06-28 17:15:00,6107.17,6110.0,6100.0,6102.26,235.695316
2018-06-28 17:30:00,6103.12,6115.01,6101.34,6110.0,293.196031
2018-06-28 17:45:00,6110.49,6114.79,6100.44,6106.58,339.118404
2018-06-28 18:00:00,6107.66,6112.0,6098.94,6110.0,253.490287
2018-06-28 18:15:00,6110.0,6110.0,6100.72,6105.99,228.454459
2018-06-28 18:30:00,6105.99,6110.0,6101.25,6104.0,159.490385
2018-06-28 18:45:00,6103.99,6110.0,6095.02,6106.86,316.924613
2018-06-28 19:00:00,6107.85,6114.34,6105.53,6107.16,345.624476
2018-06-28 19:15:00,6107.28,6110.51,6078.4,6103.05,340.306894
2018-06-28 19:30:00,6103.19,6106.28,6082.0,6088.85,341.310334
2018-06-28 19:45:00,6088.0,6106.16,6060.59,6088.1,629.210949
2018-06-28 20:00:00,6091.42,6104.83,6075.0,6087.95,313.126517
2018-06-28 20:15:00,6087.95,6089.99,6065.16,6074.06,310.439786
2018-06-28 20:30:00,6074.04,6084.0,6030.0,6045.13,562.042422
2018-06-28 20:45:00,6047.98,6055.02,6020.2,6048.19,440.841138
2018-06-28 21:00:00,6048.19,6053.0,5972.0,6001.34,941.536468
2018-06-28 21:15:00,6011.43,6023.96,5981.0,5995.94,433.90701
2018-06-28 21:30:00,5991.0,6005.96,5950.0,5964.05,732.68173
2018-06-28 21:45:00,5964.42,5981.91,5900.0,5920.68,1132.539298
2018-06-28 22:00:00,5918.9,5936.0,5880.0,5910.0,699.058929
2018-06-28 22:15:00,5909.99,5968.16,5907.27,5933.8,665.177629
2018-06-28 22:30:00,5930.01,5951.4,5916.76,5943.0,253.582143
2018-06-28 22:45:00,5945.03,5949.11,5918.22,5940.0,240.21415
2018-06-28 23:00:00,5940.0,5940.0,5881.01,5900.45,527.821045
2018-06-28 23:15:00,5900.38,5900.47,5846.0,5878.06,909.064281
2018-06-28 23:30:00,5883.38,5883.41,5827.0,5833.14,709.796337
2018-06-28 23:45:00,5833.14,5879.66,5827.0,5853.98,663.555847
2018-06-29 00:00:00,5851.01,5907.86,5850.0,5904.92,733.404048
2018-06-29 00:15:00,5904.92,5923.0,5873.32,5874.31,330.963059
2018-06-29 00:30:00,5874.88,5897.0,5865.03,5883.44,338.482368
2018-06-29 00:45:00,5890.32,5896.8,5870.0,5894.37,396.121861
2018-06-29 01:00:00,5889.52,5906.77,5874.0,5875.11,272.003011
2018-06-29 01:15:00,5874.0,5885.11,5871.5,5884.82,264.568189
2018-06-29 01:30:00,5880.92,5888.0,5850.43,5873.84,311.27027
2018-06-29 01:45:00,5872.73,5879.04,5858.01,5874.0,245.543385
2018-06-29 02:00:00,5875.61,5877.53,5860.0,5867.88,263.032991
2018-06-29 02:15:00,5867.51,5882.03,5865.0,5873.42,214.89504
2018-06-29 02:30:00,5873.42,5880.0,5863.01,5878.6,151.876108
2018-06-29 02:45:00,5878.6,5890.01,5850.1,5868.32,376.714336
2018-06-29 03:00:00,5868.32,5873.72,5853.14,5866.73,361.10727
2018-06-29 03:15:00,5866.72,5878.99,5865.44,5874.56,165.767024
2018-06-29 03:30:00,5874.99,5881.75,5870.0,5881.0,176.550009
2018-06-29 03:45:00,5881.0,5886.27,5875.07,5886.09,216.949242
2018-06-29 04:00:00,5886.09,5886.09,5871.69,5882.02,255.908062
2018-06-29 04:15:00,5881.93,5883.06,5857.07,5872.31,226.518924
2018-06-29 04:30:00,5872.31,5879.34,5853.15,5864.35,329.5146
2018-06-29 04:45:00,5864.46,5872.05,5850.13,5855.61,316.293423
2018-06-29 05:00:00,5855.61,5855.61,5780.0,5825.83,1151.629098
2018-06-29 05:15:00,5826.3,5826.77,5802.0,5825.01,527.598176
2018-06-29 05:30:00,5825.16,5979.0,5808.9,5912.23,903.969041
2018-06-29 05:45:00,5919.97,5931.49,5883.0,5906.0,892.676188
2018-06-29 06:00:00,5905.9,5906.0,5886.59,5902.02,230.3378
2018-06-29 06:15:00,5902.02,5910.39,5882.32,5885.1,388.744609
2018-06-29 06:30:00,5887.0,5894.64,5863.84,5882.13,259.112707
2018-06-29 06:45:00,5882.44,5893.53,5873.18,5886.02,141.83405
2018-06-29 07:00:00,5886.02,5891.77,5876.34,5884.84,358.442903
2018-06-29 07:15:00,5886.73,5899.01,5883.0,5893.07,256.422269
2018-06-29 07:30:00,5892.74,5902.99,5891.44,5902.47,225.783989
2018-06-29 07:45:00,5901.99,5905.01,5894.9,5904.22,363.243321
2018-06-29 08:00:00,5901.03,5920.72,5901.01,5918.24,188.475792
2018-06-29 08:15:00,5920.0,5933.6,5912.93,5929.04,247.513041
2018-06-29 08:30:00,5930.0,5931.86,5903.11,5912.01,256.803818
2018-06-29 08:45:00,5911.31,5915.98,5891.42,5897.53,425.287431
2018-06-29 09:00:00,5895.94,5906.54,5890.74,5906.53,231.337546
2018-06-29 09:15:00,5906.07,5913.33,5904.56,5913.33,202.649973
2018-06-29 09:30:00,5913.34,5917.68,5905.0,5906.17,174.015578
2018-06-29 09:45:00,5907.09,5926.11,5905.0,5926.09,192.975269
2018-06-29 10:00:00,5926.09,5926.1,5906.11,5907.53,330.323576
2018-06-29 10:15:00,5910.66,5910.67,5888.49,5896.83,400.782613
2018-06-29 10:30:00,5896.83,5907.18,5892.82,5899.01,298.385861
2018-06-29 10:45:00,5900.07,5902.16,5878.55,5889.24,308.696542
2018-06-29 11:00:00,5889.25,5890.5,5883.76,5883.77,144.970432
2018-06-29 11:15:00,5883.88,5885.61,5874.03,5874.15,365.713443
2018-06-29 11:30:00,5876.0,5877.54,5840.14,5865.37,454.222811
2018-06-29 11:45:00,5865.68,5885.71,5860.95,5877.12,258.774051
2018-06-29 12:00:00,5877.12,5906.98,5868.94,5868.94,272.019946
2018-06-29 12:15:00,5868.95,5870.86,5850.0,5862.45,156.166419
2018-06-29 12:30:00,5862.44,5870.0,5858.62,5859.35,193.158342
2018-06-29 12:45:00,5858.99,5863.5,5856.59,5861.43,270.65014
2018-06-29 13:00:00,5861.43,5863.85,5835.0,5852.64,309.98878
2018-06-29 13:15:00,5851.17,5854.25,5811.02,5832.59,545.956099
2018-06-29 13:30:00,5832.59,5848.23,5830.09,5831.0,283.108963
2018-06-29 13:45:00,5831.0,5879.73,5821.68,5863.03,344.381044
2018-06-29 14:00:00,5863.02,5895.0,5859.74,5880.1,450.362206
2018-06-29 14:15:00,5880.1,5890.9,5871.4,5878.0,303.939824
2018-06-29 14:30:00,5878.0,5911.4,5869.39,5904.06,292.907731
2018-06-29 14:45:00,5904.04,5913.0,5890.31,5902.42,259.318246
2018-06-29 15:00:00,5902.42,5912.0,5876.17,5889.01,221.774387
2018-06-29 15:15:00,5887.81,5899.75,5887.43,5892.81,218.797069
2018-06-29 15:30:00,5893.24,5894.52,5879.88,5886.58,324.228476
2018-06-29 15:45:00,5887.5,5910.0,5883.95,5900.05,416.982663
2018-06-29 16:00:00,5903.39,5908.67,5882.91,5894.21,160.483094
2018-06-29 16:15:00,5894.21,5895.1,5887.61,5888.02,135.334993
2018-06-29 16:30:00,5888.03,5888.03,5867.0,5871.52,386.857371
2018-06-29 16:45:00,5871.52,5882.14,5867.0,5878.78,233.632545
2018-06-29 17:00:00,5878.78,5885.36,5874.42,5882.72,308.68214
2018-06-29 17:15:00,5883.21,5900.0,5881.7,5887.49,309.052336
2018-06-29 17:30:00,5884.84,5900.0,5881.38,5889.01,318.25843
2018-06-29 17:45:00,5888.83,5899.38,5884.99,5897.99,390.047787
2018-06-29 18:00:00,5897.99,5900.8,5884.28,5884.6,301.606117
2018-06-29 18:15:00,5884.86,5900.0,5881.9,5891.45,196.174752
2018-06-29 18:30:00,5891.02,5895.54,5884.26,5885.69,215.163734
2018-06-29 18:45:00,5884.27,5890.0,5879.94,5883.2,291.421278
2018-06-29 19:00:00,5883.19,5890.37,5868.0,5873.71,277.803097
2018-06-29 19:15:00,5875.19,5888.97,5870.19,5885.75,251.934158
2018-06-29 19:30:00,5884.5,5885.77,5870.01,5880.48,338.346488
2018-06-29 19:45:00,5880.14,5885.79,5879.34,5883.02,146.412074
2018-06-29 20:00:00,5883.59,5930.99,5881.98,5910.42,363.56855
2018-06-29 20:15:00,5911.14,5921.97,5890.01,5896.01,227.360688
2018-06-29 20:30:00,5890.0,5915.93,5885.45,5900.66,253.220061
2018-06-29 20:45:00,5900.66,5904.67,5893.02,5894.01,85.432232
2018-06-29 21:00:00,5894.01,5902.67,5889.74,5901.98,203.781113
2018-06-29 21:15:00,5902.18,5926.44,5897.24,5923.0,225.556324
2018-06-29 21:30:00,5924.0,5930.0,5915.54,5915.55,201.948169
2018-06-29 21:45:00,5915.55,5925.0,5915.54,5917.01,199.051909
2018-06-29 22:00:00,5919.61,5950.01,5917.0,5942.25,328.607966
2018-06-29 22:15:00,5942.24,6094.0,5928.13,6047.65,1087.884461
2018-06-29 22:30:00,6047.65,6300.0,6047.65,6240.0,2536.633932
2018-06-29 22:45:00,6240.0,6255.0,6207.77,6243.38,782.956579
2018-06-29 23:00:00,6246.99,6274.99,6215.2,6230.01,768.751618
2018-06-29 23:15:00,6226.53,6242.14,6219.95,6230.0,346.974638
2018-06-29 23:30:00,6230.0,6250.78,6228.0,6230.42,388.681698
2018-06-29 23:45:00,6231.0,6232.93,6174.0,6197.92,657.721463
2018-06-30 00:00:00,6197.92,6230.99,6186.03,6219.0,444.100126
2018-06-30 00:15:00,6219.0,6253.22,6210.04,6247.26,520.96718
2018-06-30 00:30:00,6245.88,6256.07,6232.08,6235.91,800.671858
2018-06-30 00:45:00,6239.29,6240.02,6232.08,6238.99,373.798748
2018-06-30 01:00:00,6238.99,6263.24,6237.47,6260.66,463.114931
2018-06-30 01:15:00,6257.18,6273.0,6247.0,6266.53,605.145206
2018-06-30 01:30:00,6266.53,6528.99,6266.53,6467.01,2472.773141
2018-06-30 01:45:00,6467.01,6483.06,6393.0,6408.27,1010.186057
2018-06-30 02:00:00,6411.99,6442.69,6390.79,6424.28,832.880849
2018-06-30 02:15:00,6426.19,6429.0,6390.76,6401.19,508.11836
2018-06-30 02:30:00,6401.19,6415.32,6377.87,6398.04,522.700356
2018-06-30 02:45:00,6398.04,6400.44,6375.0,6393.72,433.932033
2018-06-30 03:00:00,6393.73,6400.0,6380.0,6391.91,344.750288
2018-06-30 03:15:00,6391.92,6449.0,6386.42,6425.03,539.387487
2018-06-30 03:30:00,6425.03,6425.05,6382.44,6390.11,539.529272
2018-06-30 03:45:00,6386.13,6397.85,6357.71,6366.0,608.911471
2018-06-30 04:00:00,6365.41,6396.62,6365.0,6365.65,376.474412
2018-06-30 04:15:00,6365.65,6380.0,6365.28,6370.22,319.53575
2018-06-30 04:30:00,6370.22,6397.48,6370.0,6385.66,375.351704
2018-06-30 04:45:00,6385.4,6393.97,6368.61,6383.67,261.456742
2018-06-30 05:00:00,6381.12,6402.49,6381.12,6395.64,401.147949
2018-06-30 05:15:00,6395.64,6405.8,6387.0,6404.0,293.267548
2018-06-30 05:30:00,6403.99,6410.25,6395.0,6404.9,577.555751
2018-06-30 05:45:00,6404.45,6415.26,6395.0,6395.0,397.04229
2018-06-30 06:00:00,6395.0,6396.65,6378.11,6390.4,443.043274
2018-06-30 06:15:00,6390.39,6401.66,6390.0,6391.5,277.582758
2018-06-30 06:30:00,6392.23,6406.63,6392.23,6395.89,311.87555
2018-06-30 06:45:00,6394.04,6400.0,6383.0,6385.2,206.656997
2018-06-30 07:00:00,6385.2,6427.6,6385.0,6408.26,563.057255
2018-06-30 07:15:00,6409.71,6411.65,6388.97,6404.55,353.273493
2018-06-30 07:30:00,6404.54,6415.23,6404.53,6407.76,277.569063
2018-06-30 07:45:00,6408.5,6415.5,6400.01,6409.36,431.704437
2018-06-30 08:00:00,6409.36,6415.36,6398.74,6399.09,262.823951
2018-06-30 08:15:00,6399.09,6400.39,6386.0,6390.0,388.15708
2018-06-30 08:30:00,6390.0,6395.98,6380.51,6391.32,326.981034
2018-06-30 08:45:00,6393.99,6400.13,6385.52,6390.0,239.742714
2018-06-30 09:00:00,6389.99,6394.41,6382.6,6384.5,345.783119
2018-06-30 09:15:00,6385.74,6388.15,6378.0,6387.9,388.446089
2018-06-30 09:30:00,6387.9,6398.99,6380.0,6398.09,334.01128
2018-06-30 09:45:00,6398.09,6415.5,6386.5,6411.48,454.166404
2018-06-30 10:00:00,6411.48,6416.84,6400.02,6400.58,245.145611
2018-06-30 10:15:00,6402.95,6403.53,6394.82,6398.52,496.259531
2018-06-30 10:30:00,6398.18,6401.59,6378.0,6381.03,325.174098
2018-06-30 10:45:00,6381.03,6389.61,6367.4,6378.58,316.210791
2018-06-30 11:00:00,6378.59,6410.0,6377.46,6397.36,425.129734
2018-06-30 11:15:00,6398.78,6404.99,6387.27,6397.04,313.014549
2018-06-30 11:30:00,6399.02,6410.0,6396.55,6409.69,237.533348
2018-06-30 11:45:00,6406.12,6412.17,6395.08,6399.0,430.296646
2018-06-30 12:00:00,6399.0,6415.0,6395.08,6410.0,369.629776
2018-06-30 12:15:00,6409.0,6424.46,6407.0,6423.61,364.642097
2018-06-30 12:30:00,6423.61,6466.75,6395.0,6398.09,585.378982
2018-06-30 12:45:00,6398.09,6413.89,6389.48,6392.02,364.706297
2018-06-30 13:00:00,6393.0,6403.84,6386.0,6401.02,290.840565
2018-06-30 13:15:00,6401.03,6403.84,6396.34,6399.97,204.581272
2018-06-30 13:30:00,6399.97,6404.04,6392.51,6392.51,146.640079
2018-06-30 13:45:00,6392.63,6398.88,6390.0,6397.51,296.11864
2018-06-30 14:00:00,6397.5,6402.14,6382.15,6382.19,405.739727
2018-06-30 14:15:00,6382.16,6382.19,6323.93,6360.0,986.642622
2018-06-30 14:30:00,6360.0,6375.27,6332.02,6347.12,656.134118
2018-06-30 14:45:00,6347.12,6372.35,6337.48,6362.43,450.795944
2018-06-30 15:00:00,6362.44,6381.0,6358.73,6366.0,259.931844
2018-06-30 15:15:00,6366.0,6366.01,6348.88,6351.52,241.926449
2018-06-30 15:30:00,6351.52,6368.69,6330.0,6364.16,305.881757
2018-06-30 15:45:00,6367.82,6391.77,6360.51,6382.27,438.099351
2018-06-30 16:00:00,6382.0,6385.87,6354.34,6373.81,384.916317
2018-06-30 16:15:00,6369.33,6373.82,6344.98,6351.03,447.323766
2018-06-30 16:30:00,6351.06,6358.79,6320.0,6356.02,511.921895
2018-06-30 16:45:00,6356.03,6364.48,6354.42,6357.89,422.306722
2018-06-30 17:00:00,6357.86,6364.76,6348.04,6349.02,336.51353
2018-06-30 17:15:00,6349.02,6351.94,6340.9,6345.37,242.343409
2018-06-30 17:30:00,6345.37,6348.55,6326.0,6343.0,274.024551
2018-06-30 17:45:00,6341.0,6349.74,6331.0,6339.97,296.840249
2018-06-30 18:00:00,6336.81,6350.0,6324.77,6324.77,254.571789
2018-06-30 18:15:00,6324.9,6341.0,6324.49,6328.8,345.801361
2018-06-30 18:30:00,6328.79,6338.19,6301.01,6328.99,358.196093
2018-06-30 18:45:00,6326.94,6329.01,6312.34,6316.52,177.439987
2018-06-30 19:00:00,6315.21,6328.94,6305.99,6319.34,255.609844
2018-06-30 19:15:00,6320.2,6328.79,6308.46,6316.44,144.040476
2018-06-30 19:30:00,6316.45,6333.73,6316.35,6332.89,179.411936
2018-06-30 19:45:00,6332.89,6332.89,6324.05,6325.91,241.407339
2018-06-30 20:00:00,6325.75,6331.76,6318.64,6331.26,229.104657
2018-06-30 20:15:00,6331.23,6337.83,6325.47,6331.0,304.39575
2018-06-30 20:30:00,6331.52,6376.29,6330.0,6354.47,357.928434
2018-06-30 20:45:00,6354.47,6361.93,6343.01,6360.09,306.222796
2018-06-30 21:00:00,6358.64,6363.8,6342.97,6346.61,315.266241
2018-06-30 21:15:00,6347.87,6348.79,6337.15,6337.98,165.123097
2018-06-30 21:30:00,6337.15,6339.8,6329.0,6329.0,306.207647
2018-06-30 21:45:00,6329.0,6341.81,6328.11,6333.17,127.650347
2018-06-30 22:00:00,6333.18,6340.8,6330.0,6336.01,130.754206
2018-06-30 22:15:00,6336.0,6337.54,6330.01,6332.88,213.512747
2018-06-30 22:30:00,6332.94,6334.11,6330.0,6331.39,210.593682
2018-06-30 22:45:00,6331.0,6346.42,6330.0,6346.41,180.566233
2018-06-30 23:00:00,6346.36,6347.5,6328.72,6347.5,139.166268
2018-06-30 23:15:00,6347.33,6371.99,6347.15,6371.99,207.637266
2018-06-30 23:30:00,6371.99,6392.43,6355.51,6383.5,418.669024
2018-06-30 23:45:00,6386.79,6423.0,6382.82,6390.07,650.017346
2018-07-01 00:00:00,6391.08,6441.06,6389.99,6429.02,536.689524
2018-07-01 00:15:00,6429.02,6429.3,6396.0,6401.24,244.726576
2018-07-01 00:30:00,6400.77,6401.36,6364.99,6377.28,412.350788
2018-07-01 00:45:00,6376.37,6391.67,6367.51,6372.1,137.317155
2018-07-01 01:00:00,6372.39,6374.32,6342.75,6349.0,308.126315
2018-07-01 01:15:00,6349.12,6354.1,6315.0,6350.65,408.90997
2018-07-01 01:30:00,6350.65,6356.72,6345.05,6346.62,247.134076
2018-07-01 01:45:00,6348.33,6365.95,6346.62,6348.9,207.853305
2018-07-01 02:00:00,6348.9,6360.12,6346.0,6355.88,132.970565
2018-07-01 02:15:00,6358.97,6363.0,6330.11,6334.42,241.003499
2018-07-01 02:30:00,6334.42,6349.97,6334.42,6339.16,220.593737
2018-07-01 02:45:00,6339.15,6349.98,6332.01,6343.1,178.432981
2018-07-01 03:00:00,6343.1,6360.0,6334.37,6355.99,207.003435
2018-07-01 03:15:00,6355.99,6363.98,6347.11,6363.98,243.812888
2018-07-01 03:30:00,6363.47,6368.32,6340.44,6353.28,290.204536
2018-07-01 03:45:00,6353.28,6372.5,6332.0,6344.57,187.156926
2018-07-01 04:00:00,6344.57,6357.59,6335.37,6347.37,309.127021
2018-07-01 04:15:00,6347.37,6349.99,6341.43,6346.96,305.046225
2018-07-01 04:30:00,6347.98,6355.14,6345.6,6348.52,175.210764
2018-07-01 04:45:00,6348.52,6369.19,6348.46,6361.49,287.292167
2018-07-01 05:00:00,6364.97,6366.87,6357.12,6360.5,266.771126
2018-07-01 05:15:00,6360.52,6383.8,6359.22,6383.52,314.831277
2018-07-01 05:30:00,6383.87,6386.0,6353.01,6368.99,246.512633
2018-07-01 05:45:00,6366.3,6404.1,6366.28,6388.92,288.019185
2018-07-01 06:00:00,6384.78,6410.0,6382.27,6385.0,329.268513
2018-07-01 06:15:00,6385.0,6386.48,6367.44,6380.0,147.351967
2018-07-01 06:30:00,6379.76,6389.0,6368.99,6382.34,260.102882
2018-07-01 06:45:00,6380.84,6382.35,6359.75,6361.12,196.621485
2018-07-01 07:00:00,6362.57,6379.99,6361.36,6370.0,319.953991
2018-07-01 07:15:00,6369.99,6390.0,6367.63,6379.11,279.254956
2018-07-01 07:30:00,6379.1,6386.63,6376.59,6383.81,224.313351
2018-07-01 07:45:00,6384.15,6384.47,6371.17,6376.98,325.492185
2018-07-01 08:00:00,6376.97,6377.0,6363.53,6363.86,194.496872
2018-07-01 08:15:00,6363.86,6378.06,6363.53,6375.98,187.979793
2018-07-01 08:30:00,6375.98,6389.99,6375.0,6382.81,208.742055
2018-07-01 08:45:00,6381.91,6391.59,6381.03,6391.06,184.21934
2018-07-01 09:00:00,6391.07,6392.53,6383.04,6391.09,139.998918
2018-07-01 09:15:00,6391.34,6398.92,6382.1,6384.17,342.807877
2018-07-01 09:30:00,6384.17,6384.43,6369.0,6379.95,225.02716
2018-07-01 09:45:00,6379.95,6380.98,6330.0,6358.55,426.72675
2018-07-01 10:00:00,6358.53,6379.9,6355.62,6378.0,217.313576
2018-07-01 10:15:00,6378.0,6383.44,6375.51,6376.86,252.82448
2018-07-01 10:30:00,6376.15,6378.5,6372.6,6377.0,243.660808
2018-07-01 10:45:00,6377.0,6385.33,6374.11,6380.92,163.493255
2018-07-01 11:00:00,6380.02,6382.54,6375.0,6376.01,170.329102
2018-07-01 11:15:00,6376.0,6377.07,6369.33,6374.02,226.964954
2018-07-01 11:30:00,6374.77,6380.77,6370.0,6378.2,212.344631
2018-07-01 11:45:00,6378.2,6385.0,6375.01,6385.0,135.95027
2018-07-01 12:00:00,6384.73,6389.37,6373.38,6376.99,294.64495
2018-07-01 12:15:00,6376.99,6384.66,6374.03,6378.57,233.923105
2018-07-01 12:30:00,6378.57,6380.86,6366.01,6370.8,216.335309
2018-07-01 12:45:00,6370.79,6370.8,6340.0,6350.48,361.431521
2018-07-01 13:00:00,6353.05,6368.69,6348.93,6359.0,237.240819
2018-07-01 13:15:00,6359.0,6363.4,6348.11,6360.05,137.786877
2018-07-01 13:30:00,6360.07,6367.02,6349.58,6354.95,190.964697
2018-07-01 13:45:00,6354.94,6356.19,6331.0,6344.11,232.402748
2018-07-01 14:00:00,6345.06,6349.99,6340.81,6343.88,178.191337
2018-07-01 14:15:00,6342.35,6345.5,6325.0,6339.35,307.277844
2018-07-01 14:30:00,6339.36,6341.38,6265.0,6305.41,1122.714538
2018-07-01 14:45:00,6302.62,6308.52,6272.0,6285.38,408.884059
2018-07-01 15:00:00,6285.39,6298.53,6274.06,6288.54,280.126526
2018-07-01 15:15:00,6288.54,6297.99,6285.88,6293.86,299.233601
2018-07-01 15:30:00,6291.48,6294.0,6251.0,6285.84,364.45416
2018-07-01 15:45:00,6282.45,6324.0,6281.08,6316.58,550.487742
2018-07-01 16:00:00,6316.14,6326.02,6303.7,6323.49,313.304186
2018-07-01 16:15:00,6323.49,6323.49,6308.55,6314.54,285.88729
2018-07-01 16:30:00,6314.59,6314.59,6299.96,6303.37,332.575802
2018-07-01 16:45:00,6303.37,6320.0,6300.0,6317.88,346.21562
2018-07-01 17:00:00,6316.4,6323.35,6315.07,6319.31,156.352008
2018-07-01 17:15:00,6319.31,6327.37,6319.26,6327.21,227.250519
2018-07-01 17:30:00,6327.34,6347.14,6326.82,6331.6,356.486828
2018-07-01 17:45:00,6331.6,6335.31,6328.9,6332.43,275.722877
2018-07-01 18:00:00,6332.44,6336.38,6330.45,6335.4,235.85979
2018-07-01 18:15:00,6335.4,6337.31,6320.0,6327.99,238.406446
2018-07-01 18:30:00,6327.06,6329.37,6319.08,6324.55,329.405267
2018-07-01 18:45:00,6326.0,6326.21,6321.44,6324.0,163.539933
2018-07-01 19:00:00,6324.0,6325.33,6309.0,6313.1,355.197888
2018-07-01 19:15:00,6313.11,6315.29,6302.0,6308.0,318.73611
2018-07-01 19:30:00,6308.0,6329.0,6308.0,6319.56,313.041901
2018-07-01 19:45:00,6324.01,6327.67,6319.73,6326.92,226.145367
2018-07-01 20:00:00,6327.0,6327.0,6312.36,6320.01,286.738149
2018-07-01 20:15:00,6320.03,6375.0,6317.87,6375.0,342.907061
2018-07-01 20:30:00,6373.01,6417.0,6354.68,6359.98,703.366242
2018-07-01 20:45:00,6359.97,6374.19,6354.68,6354.68,264.290043
2018-07-01 21:00:00,6354.68,6358.1,6333.0,6351.33,334.947142
2018-07-01 21:15:00,6351.33,6360.13,6350.28,6357.01,203.631238
2018-07-01 21:30:00,6357.28,6373.0,6352.15,6372.0,200.246149
2018-07-01 21:45:00,6371.63,6376.7,6368.49,6372.0,270.267278
2018-07-01 22:00:00,6370.2,6397.3,6366.97,6392.26,504.430343
2018-07-01 22:15:00,6392.26,6397.03,6361.66,6380.23,367.273674
2018-07-01 22:30:00,6382.96,6382.96,6363.0,6369.6,285.281233
2018-07-01 22:45:00,6369.0,6429.99,6364.67,6374.64,506.306043
2018-07-01 23:00:00,6374.64,6389.93,6374.64,6384.99,271.358741
2018-07-01 23:15:00,6382.62,6404.87,6371.01,6374.26,399.570399
2018-07-01 23:30:00,6378.89,6390.0,6366.19,6383.53,361.941293
2018-07-01 23:45:00,6383.01,6386.28,6350.0,6356.81,357.847436
2018-07-02 00:00:00,6360.82,6369.0,6332.0,6362.48,305.664319
2018-07-02 00:15:00,6362.48,6364.88,6325.74,6331.83,240.158827
2018-07-02 00:30:00,6336.49,6351.11,6326.81,6329.15,327.266434
2018-07-02 00:45:00,6329.15,6347.99,6298.57,6341.53,386.264196
2018-07-02 01:00:00,6340.38,6348.47,6330.78,6347.65,134.605332
2018-07-02 01:15:00,6347.65,6348.93,6335.43,6340.0,278.581408
2018-07-02 01:30:00,6340.13,6347.64,6332.27,6335.0,244.345772
2018-07-02 01:45:00,6334.0,6336.32,6310.5,6325.02,205.791433
2018-07-02 02:00:00,6326.32,6336.19,6325.01,6331.21,200.631338
2018-07-02 02:15:00,6328.83,6337.26,6322.95,6337.25,96.07246
2018-07-02 02:30:00,6337.26,6340.81,6335.25,6340.75,179.953988
2018-07-02 02:45:00,6340.46,6342.0,6338.33,6340.01,111.746831
2018-07-02 03:00:00,6339.21,6340.01,6335.0,6335.6,280.431884
2018-07-02 03:15:00,6335.5,6342.02,6331.35,6341.0,124.526305
2018-07-02 03:30:00,6339.12,6347.89,6335.99,6343.66,228.83414
2018-07-02 03:45:00,6343.66,6348.31,6342.88,6346.0,191.801553
2018-07-02 04:00:00,6344.81,6351.01,6331.0,6341.16,153.52458
2018-07-02 04:15:00,6344.51,6345.39,6317.3,6323.02,294.826691
2018-07-02 04:30:00,6323.05,6327.0,6280.11,6312.0,652.046817
2018-07-02 04:45:00,6312.0,6317.64,6300.0,6311.83,243.470676
2018-07-02 05:00:00,6311.81,6312.0,6295.0,6299.29,307.348482
2018-07-02 05:15:00,6299.9,6312.31,6298.66,6308.99,249.949908
2018-07-02 05:30:00,6307.61,6311.0,6298.06,6299.06,125.708008
2018-07-02 05:45:00,6299.06,6302.89,6290.11,6293.1,162.115099
2018-07-02 06:00:00,6293.12,6297.05,6271.62,6285.01,388.809635
2018-07-02 06:15:00,6285.01,6297.14,6281.0,6292.43,311.056777
2018-07-02 06:30:00,6293.71,6318.06,6278.2,6312.84,461.032507
2018-07-02 06:45:00,6312.85,6324.85,6307.0,6311.01,234.778267
2018-07-02 07:00:00,6311.01,6319.81,6307.0,6319.22,266.366985
2018-07-02 07:15:00,6316.01,6330.0,6315.05,6327.01,332.35898
2018-07-02 07:30:00,6327.01,6345.0,6326.04,6326.2,232.055963
2018-07-02 07:45:00,6326.21,6361.75,6325.1,6345.41,351.010415
2018-07-02 08:00:00,6345.41,6381.33,6340.5,6359.91,679.950603
2018-07-02 08:15:00,6359.91,6361.2,6341.02,6345.0,205.476323
2018-07-02 08:30:00,6344.99,6353.03,6335.0,6342.2,191.350158
2018-07-02 08:45:00,6342.2,6347.43,6337.0,6346.39,167.01917
2018-07-02 09:00:00,6346.41,6346.41,6330.0,6335.43,118.281364
2018-07-02 09:15:00,6338.3,6340.44,6326.0,6327.86,210.37107
2018-07-02 09:30:00,6327.85,6329.87,6315.27,6318.0,138.348434
2018-07-02 09:45:00,6318.01,6327.66,6316.03,6327.5,368.421774
2018-07-02 10:00:00,6326.2,6350.68,6322.2,6341.0,259.259721
2018-07-02 10:15:00,6341.01,6348.15,6330.02,6346.77,254.830108
2018-07-02 10:30:00,6346.75,6356.0,6340.3,6349.74,280.16309
2018-07-02 10:45:00,6346.48,6356.87,6333.06,6336.19,476.764032
2018-07-02 11:00:00,6338.59,6360.0,6336.0,6357.31,252.878271
2018-07-02 11:15:00,6359.99,6361.5,6341.0,6341.04,241.695199
2018-07-02 11:30:00,6343.97,6360.0,6339.18,6350.72,196.820362
2018-07-02 11:45:00,6350.73,6355.24,6342.36,6343.99,256.454154
2018-07-02 12:00:00,6344.0,6349.99,6336.0,6341.99,267.917078
2018-07-02 12:15:00,6341.0,6353.97,6340.0,6350.03,215.086139
2018-07-02 12:30:00,6350.03,6350.04,6340.0,6343.87,216.997963
2018-07-02 12:45:00,6343.87,6352.32,6325.88,6350.0,261.741505
2018-07-02 13:00:00,6350.0,6390.0,6349.23,6374.0,480.261423
2018-07-02 13:15:00,6375.0,6600.0,6374.0,6595.6,2427.232619
2018-07-02 13:30:00,6598.2,6633.1,6533.0,6594.5,2179.482385
2018-07-02 13:45:00,6597.0,6679.71,6586.76,6597.21,1708.060791
2018-07-02 14:00:00,6597.32,6650.0,6597.0,6620.0,1043.190436
2018-07-02 14:15:00,6620.0,6622.0,6586.75,6610.46,749.107062
2018-07-02 14:30:00,6605.24,6634.98,6591.26,6617.0,362.177415
2018-07-02 14:45:00,6617.0,6660.0,6600.0,6612.98,628.976094
2018-07-02 15:00:00,6612.98,6648.0,6608.99,6645.86,369.489272
2018-07-02 15:15:00,6639.96,6649.97,6614.89,6632.0,466.073276
2018-07-02 15:30:00,6632.0,6648.87,6630.0,6636.2,661.271651
2018-07-02 15:45:00,6637.0,6637.0,6615.01,6630.08,660.065966
2018-07-02 16:00:00,6630.09,6640.0,6621.48,6636.0,444.169679
2018-07-02 16:15:00,6636.0,6637.49,6588.13,6591.04,703.955759
2018-07-02 16:30:00,6591.04,6612.62,6586.75,6612.57,465.393521
2018-07-02 16:45:00,6612.57,6623.98,6607.11,6613.8,500.587748
2018-07-02 17:00:00,6613.8,6630.0,6610.06,6619.95,450.238059
2018-07-02 17:15:00,6619.96,6632.9,6619.96,6627.01,377.113109
2018-07-02 17:30:00,6627.21,6628.0,6616.58,6619.0,345.159757
2018-07-02 17:45:00,6616.59,6623.81,6611.65,6618.0,272.536646
2018-07-02 18:00:00,6617.8,6627.0,6614.64,6617.0,387.23352
2018-07-02 18:15:00,6617.0,6626.96,6615.0,6625.99,316.492552
2018-07-02 18:30:00,6624.03,6639.99,6624.0,6629.8,382.02218
2018-07-02 18:45:00,6629.8,6647.77,6627.01,6641.79,369.759208
2018-07-02 19:00:00,6642.99,6668.0,6635.99,6650.0,423.009833
2018-07-02 19:15:00,6649.02,6685.0,6636.13,6638.31,677.670547
2018-07-02 19:30:00,6638.31,6649.04,6626.99,6637.1,407.229854
2018-07-02 19:45:00,6637.01,6637.11,6617.64,6629.0,270.565708
2018-07-02 20:00:00,6629.0,6637.9,6622.01,6625.51,270.636207
2018-07-02 20:15:00,6625.5,6638.97,6625.07,6628.82,162.531938
2018-07-02 20:30:00,6628.82,6628.82,6620.15,6626.89,294.516291
2018-07-02 20:45:00,6625.45,6630.0,6622.01,6629.79,253.212489
2018-07-02 21:00:00,6627.12,6634.25,6627.0,6633.34,196.635178
2018-07-02 21:15:00,6633.34,6648.0,6630.15,6643.21,357.024669
2018-07-02 21:30:00,6648.0,6653.99,6642.01,6651.5,308.460207
2018-07-02 21:45:00,6653.9,6665.0,6643.0,6651.02,274.861003
2018-07-02 22:00:00,6651.02,6653.98,6600.0,6625.01,679.550252
2018-07-02 22:15:00,6625.06,6626.8,6615.0,6624.69,159.336782
2018-07-02 22:30:00,6626.0,6634.97,6623.0,6634.83,118.748074
2018-07-02 22:45:00,6634.84,6638.75,6623.0,6629.86,203.691034
2018-07-02 23:00:00,6625.46,6629.92,6623.02,6625.04,101.631788
2018-07-02 23:15:00,6625.03,6627.79,6610.0,6616.99,204.645115
2018-07-02 23:30:00,6616.99,6619.0,6599.05,6605.74,292.85041
2018-07-02 23:45:00,6605.74,6618.01,6600.0,6615.29,260.632229
2018-07-03 00:00:00,6615.29,6622.0,6607.32,6608.98,341.799674
2018-07-03 00:15:00,6608.77,6618.78,6596.31,6607.98,346.423117
2018-07-03 00:30:00,6607.97,6618.0,6605.01,6612.01,228.416979
2018-07-03 00:45:00,6612.99,6624.77,6608.01,6610.07,265.456723
2018-07-03 01:00:00,6610.07,6612.28,6607.11,6612.01,212.432778
2018-07-03 01:15:00,6612.25,6620.99,6608.01,6608.14,301.782757
2018-07-03 01:30:00,6608.14,6623.0,6607.0,6615.03,304.536784
2018-07-03 01:45:00,6615.03,6625.0,6611.35,6618.93,336.273957
2018-07-03 02:00:00,6616.48,6640.0,6616.48,6625.5,373.23197
2018-07-03 02:15:00,6625.5,6637.0,6620.88,6633.91,307.739875
2018-07-03 02:30:00,6633.91,6647.86,6620.8,6629.71,343.160385
2018-07-03 02:45:00,6629.7,6642.65,6625.33,6638.02,219.867341
2018-07-03 03:00:00,6638.02,6641.6,6630.02,6637.0,190.341515
2018-07-03 03:15:00,6633.09,6646.06,6633.09,6641.26,226.163434
2018-07-03 03:30:00,6646.03,6662.0,6641.27,6662.0,332.576911
2018-07-03 03:45:00,6662.0,6670.0,6632.2,6645.0,485.096604
2018-07-03 04:00:00,6642.79,6648.97,6638.03,6645.96,412.313739
2018-07-03 04:15:00,6644.0,6649.31,6640.05,6648.5,242.883383
2018-07-03 04:30:00,6646.89,6679.35,6646.89,6651.59,530.456812
2018-07-03 04:45:00,6651.55,6659.93,6636.6,6643.62,283.395224
2018-07-03 05:00:00,6642.47,6646.31,6634.0,6642.29,208.79415
2018-07-03 05:15:00,6644.0,6653.68,6642.07,6651.02,164.622122
2018-07-03 05:30:00,6651.02,6653.46,6632.46,6634.94,306.211328
2018-07-03 05:45:00,6634.95,6637.93,6620.78,6627.0,320.097711
2018-07-03 06:00:00,6627.0,6632.65,6609.84,6621.21,302.351718
2018-07-03 06:15:00,6621.21,6635.0,6613.52,6632.0,316.334032
2018-07-03 06:30:00,6632.0,6635.0,6623.98,6633.3,292.482335
2018-07-03 06:45:00,6633.27,6638.0,6627.91,6637.99,269.186888
2018-07-03 07:00:00,6638.0,6649.9,6637.99,6649.5,339.883114
2018-07-03 07:15:00,6647.01,6649.99,6635.02,6636.0,270.122965
2018-07-03 07:30:00,6639.58,6645.0,6635.05,6639.07,204.101434
2018-07-03 07:45:00,6639.08,6648.86,6638.0,6645.99,373.575076
2018-07-03 08:00:00,6644.21,6647.71,6639.0,6642.0,341.841222
2018-07-03 08:15:00,6642.0,6645.0,6621.0,6621.01,328.990495
2018-07-03 08:30:00,6621.01,6632.63,6610.81,6624.92,470.509978
2018-07-03 08:45:00,6621.03,6636.56,6621.03,6635.0,239.808957
2018-07-03 09:00:00,6635.0,6644.27,6633.27,6636.62,236.349619
2018-07-03 09:15:00,6636.6,6637.5,6629.92,6631.57,239.390376
2018-07-03 09:30:00,6634.98,6635.28,6606.13,6611.5,456.525622
2018-07-03 09:45:00,6611.58,6629.15,6606.13,6614.0,300.913464
2018-07-03 10:00:00,6615.5,6617.02,6551.28,6565.01,1510.931845
2018-07-03 10:15:00,6565.01,6584.0,6543.21,6565.51,1410.963387
2018-07-03 10:30:00,6565.51,6570.64,6519.99,6554.69,1210.553869
2018-07-03 10:45:00,6557.36,6572.82,6547.92,6563.36,561.216565
2018-07-03 11:00:00,6560.89,6569.75,6545.09,6547.99,249.961808
2018-07-03 11:15:00,6547.99,6575.0,6542.32,6571.55,263.887378
2018-07-03 11:30:00,6571.54,6594.9,6571.52,6585.63,412.734278
2018-07-03 11:45:00,6587.47,6589.57,6571.18,6576.51,326.57737
2018-07-03 12:00:00,6576.51,6582.11,6566.61,6572.85,342.402011
2018-07-03 12:15:00,6572.86,6585.16,6561.0,6563.79,627.842952
2018-07-03 12:30:00,6562.02,6583.0,6562.02,6579.82,386.384471
2018-07-03 12:45:00,6582.99,6586.0,6579.84,6585.0,264.446675
2018-07-03 13:00:00,6585.0,6590.0,6573.01,6578.0,308.052373
2018-07-03 13:15:00,6578.0,6585.34,6566.72,6578.0,359.71294
2018-07-03 13:30:00,6577.52,6579.98,6552.99,6557.69,311.034244
2018-07-03 13:45:00,6557.67,6570.0,6545.02,6567.98,304.962774
2018-07-03 14:00:00,6565.04,6575.0,6563.0,6566.87,176.580109
2018-07-03 14:15:00,6565.95,6566.99,6547.1,6559.92,341.910581
2018-07-03 14:30:00,6559.92,6569.28,6553.54,6562.2,239.013946
2018-07-03 14:45:00,6562.63,6584.0,6561.01,6576.0,396.101542
2018-07-03 15:00:00,6575.99,6579.0,6565.0,6574.14,235.740567
2018-07-03 15:15:00,6574.14,6590.1,6574.13,6585.0,364.965705
2018-07-03 15:30:00,6585.99,6595.0,6581.6,6586.89,334.589436
2018-07-03 15:45:00,6586.89,6599.0,6583.0,6585.02,388.558931
2018-07-03 16:00:00,6585.02,6594.99,6575.01,6594.42,383.204332
2018-07-03 16:15:00,6593.01,6595.58,6575.12,6586.0,330.549195
2018-07-03 16:30:00,6586.0,6597.92,6585.0,6592.0,308.927202
2018-07-03 16:45:00,6592.0,6592.98,6580.01,6586.97,187.104855
2018-07-03 17:00:00,6587.48,6588.0,6570.09,6574.82,332.345665
2018-07-03 17:15:00,6573.0,6584.88,6564.0,6578.26,251.451669
2018-07-03 17:30:00,6579.44,6586.42,6568.27,6574.53,231.843168
2018-07-03 17:45:00,6575.03,6592.77,6570.01,6585.88,271.797112
2018-07-03 18:00:00,6583.35,6586.02,6564.0,6565.01,345.220855
2018-07-03 18:15:00,6565.01,6585.01,6565.0,6579.99,420.292311
2018-07-03 18:30:00,6580.0,6585.0,6575.01,6576.09,324.605886
2018-07-03 18:45:00,6576.08,6576.78,6558.62,6569.92,290.741357
2018-07-03 19:00:00,6569.93,6572.92,6558.79,6562.27,205.396994
2018-07-03 19:15:00,6564.99,6566.0,6529.0,6543.87,525.844681
2018-07-03 19:30:00,6540.91,6592.96,6539.0,6591.0,442.052513
2018-07-03 19:45:00,6590.99,6655.0,6590.99,6601.54,898.915287
2018-07-03 20:00:00,6601.54,6629.39,6583.02,6611.2,513.412553
2018-07-03 20:15:00,6611.2,6625.17,6592.0,6612.3,306.661832
2018-07-03 20:30:00,6612.31,6628.63,6612.31,6623.98,305.924614
2018-07-03 20:45:00,6623.26,6623.96,6600.01,6612.96,283.6343
2018-07-03 21:00:00,6612.96,6622.0,6586.03,6592.09,251.509272
2018-07-03 21:15:00,6592.09,6605.0,6590.0,6600.0,312.663965
2018-07-03 21:30:00,6600.0,6609.67,6590.01,6609.42,290.005711
2018-07-03 21:45:00,6607.01,6618.0,6603.0,6617.95,332.548699
2018-07-03 22:00:00,6615.07,6624.07,6610.02,6614.8,362.48356
2018-07-03 22:15:00,6613.01,6620.69,6573.25,6584.99,648.712986
2018-07-03 22:30:00,6584.99,6584.99,6478.0,6488.0,2584.970299
2018-07-03 22:45:00,6488.12,6514.2,6463.01,6482.31,976.510108
2018-07-03 23:00:00,6482.31,6507.73,6463.01,6495.0,765.008953
2018-07-03 23:15:00,6497.64,6511.0,6478.34,6494.27,535.921559
2018-07-03 23:30:00,6497.69,6537.36,6484.0,6517.15,524.003464
2018-07-03 23:45:00,6517.15,6518.07,6496.88,6513.86,317.948409
2018-07-04 00:00:00,6511.01,6524.6,6503.0,6508.93,469.265266
2018-07-04 00:15:00,6507.0,6508.88,6441.11,6481.69,1074.219136
2018-07-04 08:00:00,6481.72,6600.0,6455.2,6535.15,913.143087
2018-07-04 08:15:00,6535.16,6570.0,6535.12,6535.28,615.095183
2018-07-04 08:30:00,6544.96,6544.96,6502.01,6529.02,349.2751
2018-07-04 08:45:00,6539.49,6544.0,6520.01,6524.01,197.292758
2018-07-04 09:00:00,6524.01,6528.83,6490.9,6524.02,247.622542
2018-07-04 09:15:00,6524.02,6525.65,6510.0,6524.99,147.662109
2018-07-04 09:30:00,6524.99,6537.0,6515.0,6521.65,143.130526
2018-07-04 09:45:00,6521.65,6541.61,6518.01,6534.91,204.402519
2018-07-04 10:00:00,6534.91,6542.25,6523.0,6526.97,186.109591
2018-07-04 10:15:00,6526.97,6529.48,6511.21,6511.6,117.106816
2018-07-04 10:30:00,6511.8,6531.0,6511.6,6526.98,104.120717
2018-07-04 10:45:00,6523.07,6529.0,6508.16,6518.0,115.055233
2018-07-04 11:00:00,6518.0,6518.0,6501.0,6508.0,114.01134
2018-07-04 11:15:00,6506.51,6534.74,6502.86,6530.0,184.318439
2018-07-04 11:30:00,6530.03,6531.0,6520.0,6523.01,158.669932
2018-07-04 11:45:00,6525.07,6539.5,6523.0,6536.93,186.707347
2018-07-04 12:00:00,6536.93,6573.99,6533.5,6560.88,452.218383
2018-07-04 12:15:00,6550.56,6562.8,6532.65,6540.01,319.338401
2018-07-04 12:30:00,6540.01,6558.55,6538.66,6550.0,263.231315
2018-07-04 12:45:00,6550.0,6560.0,6539.11,6556.12,260.403609
2018-07-04 13:00:00,6556.93,6769.0,6555.0,6768.2,1558.038278
2018-07-04 13:15:00,6750.98,6784.92,6707.46,6718.97,1280.682858
2018-07-04 13:30:00,6719.0,6732.99,6718.0,6732.5,517.896259
2018-07-04 13:45:00,6730.02,6735.7,6690.0,6713.0,524.414035
2018-07-04 14:00:00,6713.5,6717.0,6688.0,6698.1,395.71509
2018-07-04 14:15:00,6698.11,6722.16,6690.45,6693.0,342.497814
2018-07-04 14:30:00,6693.0,6708.0,6688.0,6688.0,329.128397
2018-07-04 14:45:00,6688.01,6708.0,6682.0,6703.99,306.817193
2018-07-04 15:00:00,6703.99,6708.99,6691.26,6697.43,299.15516
2018-07-04 15:15:00,6696.06,6699.77,6685.72,6687.9,481.94729
2018-07-04 15:30:00,6687.41,6689.98,6651.05,6677.4,515.215152
2018-07-04 15:45:00,6674.54,6686.01,6672.14,6683.76,538.854982
2018-07-04 16:00:00,6683.77,6691.01,6680.03,6689.99,441.32885
2018-07-04 16:15:00,6689.98,6690.93,6650.93,6663.38,480.449192
2018-07-04 16:30:00,6666.76,6668.93,6632.0,6660.0,420.056501
2018-07-04 16:45:00,6659.99,6668.74,6642.44,6665.79,339.550629
2018-07-04 17:00:00,6665.79,6688.43,6662.06,6672.95,273.508887
2018-07-04 17:15:00,6670.0,6682.92,6669.46,6680.01,251.106437
2018-07-04 17:30:00,6680.11,6684.0,6659.0,6670.0,293.801152
2018-07-04 17:45:00,6669.94,6679.21,6666.0,6673.01,410.115461
2018-07-04 18:00:00,6673.01,6688.39,6670.53,6680.01,227.776523
2018-07-04 18:15:00,6681.0,6706.99,6680.0,6693.11,433.080072
2018-07-04 18:30:00,6693.11,6699.99,6680.0,6685.22,283.628289
2018-07-04 18:45:00,6685.23,6688.85,6661.09,6669.65,280.917794
2018-07-04 19:00:00,6674.0,6682.0,6669.0,6677.02,216.151158
2018-07-04 19:15:00,6677.54,6677.55,6663.26,6671.03,118.925481
2018-07-04 19:30:00,6671.06,6676.96,6667.11,6672.5,78.486717
2018-07-04 19:45:00,6672.5,6685.94,6669.23,6683.07,166.913468
2018-07-04 20:00:00,6683.08,6689.99,6676.99,6681.98,251.594022
2018-07-04 20:15:00,6680.42,6688.94,6678.86,6685.98,344.010658
2018-07-04 20:30:00,6685.98,6688.98,6685.04,6685.61,214.563016
2018-07-04 20:45:00,6686.8,6696.0,6684.0,6690.99,273.097781
2018-07-04 21:00:00,6691.05,6694.64,6665.1,6685.91,360.656163
2018-07-04 21:15:00,6685.91,6689.41,6672.85,6676.11,162.655677
2018-07-04 21:30:00,6676.12,6697.96,6674.0,6684.06,165.34307
2018-07-04 21:45:00,6686.0,6691.0,6682.49,6690.99,138.082382
2018-07-04 22:00:00,6690.99,6694.67,6678.0,6683.97,272.60565
2018-07-04 22:15:00,6683.0,6684.98,6670.47,6683.13,157.494217
2018-07-04 22:30:00,6683.11,6688.0,6675.68,6678.96,139.506491
2018-07-04 22:45:00,6678.95,6681.98,6555.0,6590.06,1253.53919
2018-07-04 23:00:00,6590.06,6600.0,6565.0,6566.08,395.575544
2018-07-04 23:15:00,6566.08,6593.61,6555.0,6582.03,377.149583
2018-07-04 23:30:00,6580.24,6592.87,6568.53,6571.69,179.811945
2018-07-04 23:45:00,6571.69,6591.05,6565.0,6586.98,257.64892
2018-07-05 00:00:00,6585.53,6595.0,6572.1,6583.44,366.545715
2018-07-05 00:15:00,6586.67,6589.98,6510.0,6547.89,783.620338
2018-07-05 00:30:00,6548.94,6583.24,6545.0,6566.53,258.347579
2018-07-05 00:45:00,6562.47,6577.1,6557.93,6560.14,158.557624
2018-07-05 01:00:00,6560.34,6590.0,6551.02,6586.33,452.331947
2018-07-05 01:15:00,6585.0,6592.64,6575.89,6590.01,326.780004
2018-07-05 01:30:00,6591.14,6608.78,6581.9,6594.01,238.553276
2018-07-05 01:45:00,6591.71,6712.0,6591.33,6635.98,921.107665
2018-07-05 02:00:00,6632.12,6655.65,6624.01,6630.21,188.866308
2018-07-05 02:15:00,6626.45,6637.03,6608.01,6611.17,274.492936
2018-07-05 02:30:00,6612.0,6619.92,6585.0,6607.26,325.513148
2018-07-05 02:45:00,6606.2,6608.49,6594.62,6600.99,251.795374
2018-07-05 03:00:00,6600.99,6612.45,6598.57,6605.06,238.083459
2018-07-05 03:15:00,6605.06,6625.37,6605.06,6616.0,234.242012
2018-07-05 03:30:00,6615.99,6630.46,6560.0,6621.03,402.602074
2018-07-05 03:45:00,6622.97,6632.35,6607.46,6626.88,376.821317
2018-07-05 04:00:00,6625.92,6635.0,6611.58,6625.0,251.200745
2018-07-05 04:15:00,6628.76,6635.1,6615.31,6621.33,268.270392
2018-07-05 04:30:00,6621.33,6633.47,6615.3,6624.68,255.764613
2018-07-05 04:45:00,6624.83,6632.58,6621.0,6622.0,252.413456
2018-07-05 05:00:00,6621.82,6667.1,6617.33,6635.0,385.090189
2018-07-05 05:15:00,6635.01,6637.18,6588.88,6599.99,366.60907
2018-07-05 05:30:00,6599.98,6609.13,6560.0,6585.0,446.626391
2018-07-05 05:45:00,6586.02,6615.82,6581.35,6604.66,196.689555
2018-07-05 06:00:00,6604.66,6614.32,6590.0,6591.01,190.698961
2018-07-05 06:15:00,6594.86,6605.76,6589.07,6596.6,194.393231
2018-07-05 06:30:00,6596.6,6596.6,6580.01,6594.98,224.834291
2018-07-05 06:45:00,6594.99,6605.0,6588.36,6595.13,140.751677
2018-07-05 07:00:00,6595.14,6614.17,6595.13,6605.71,231.975978
2018-07-05 07:15:00,6609.48,6630.0,6600.51,6615.0,428.518856
2018-07-05 07:30:00,6613.0,6618.13,6600.51,6602.5,316.854359
2018-07-05 07:45:00,6602.51,6618.21,6602.5,6615.0,201.702027
2018-07-05 08:00:00,6614.99,6620.52,6603.08,6615.0,285.76846
2018-07-05 08:15:00,6615.0,6615.0,6605.0,6606.82,284.395422
2018-07-05 08:30:00,6606.82,6618.48,6605.02,6617.99,311.122722
2018-07-05 08:45:00,6618.01,6633.29,6615.3,6627.01,324.655628
2018-07-05 09:00:00,6627.01,6630.51,6610.0,6619.98,385.754292
2018-07-05 09:15:00,6619.98,6620.71,6605.0,6607.0,398.481872
2018-07-05 09:30:00,6607.0,6618.02,6585.94,6588.0,302.061563
2018-07-05 09:45:00,6588.0,6657.2,6551.0,6639.98,892.359117
2018-07-05 10:00:00,6639.97,6639.97,6595.83,6602.98,409.629821
2018-07-05 10:15:00,6602.89,6624.38,6600.52,6618.24,133.52201
2018-07-05 10:30:00,6613.37,6645.24,6613.37,6634.91,199.50513
2018-07-05 10:45:00,6634.91,6660.0,6625.5,6638.0,452.087988
2018-07-05 11:00:00,6637.99,6689.0,6635.06,6641.5,489.213726
2018-07-05 11:15:00,6641.5,6653.75,6622.03,6635.01,273.720816
2018-07-05 11:30:00,6638.78,6639.56,6622.09,6631.42,217.573123
2018-07-05 11:45:00,6631.42,6635.01,6609.89,6614.65,282.774572
2018-07-05 12:00:00,6613.52,6630.04,6583.56,6626.05,450.487791
2018-07-05 12:15:00,6625.0,6646.6,6620.0,6644.89,329.394157
2018-07-05 12:30:00,6641.04,6664.99,6630.73,6644.81,341.670239
2018-07-05 12:45:00,6644.07,6657.35,6631.38,6641.06,402.932442
2018-07-05 13:00:00,6647.03,6673.79,6639.01,6650.0,418.988172
2018-07-05 13:15:00,6650.0,6653.52,6610.6,6637.72,482.802263
2018-07-05 13:30:00,6637.72,6645.47,6595.64,6625.0,450.907874
2018-07-05 13:45:00,6625.0,6634.99,6583.56,6605.99,736.369538
2018-07-05 14:00:00,6605.99,6611.66,6566.02,6585.93,674.876998
2018-07-05 14:15:00,6589.0,6611.39,6570.0,6595.96,339.447269
2018-07-05 14:30:00,6595.96,6603.0,6585.01,6591.34,247.561793
2018-07-05 14:45:00,6589.88,6599.99,6575.49,6579.87,306.275623
2018-07-05 15:00:00,6578.66,6593.54,6564.62,6581.76,678.711871
2018-07-05 15:15:00,6581.76,6610.99,6530.28,6601.91,817.551564
2018-07-05 15:30:00,6601.91,6610.39,6581.7,6599.95,366.400525
2018-07-05 15:45:00,6599.96,6618.94,6599.92,6611.36,290.196373
2018-07-05 16:00:00,6614.79,6639.97,6611.36,6627.0,399.205756
2018-07-05 16:15:00,6627.01,6630.0,6606.87,6610.79,395.190267
2018-07-05 16:30:00,6610.79,6622.79,6606.33,6612.43,279.848222
2018-07-05 16:45:00,6612.57,6617.99,6586.12,6591.01,386.104273
2018-07-05 17:00:00,6592.68,6604.8,6570.0,6584.57,419.120694
2018-07-05 17:15:00,6585.0,6585.99,6540.0,6566.01,462.269498
2018-07-05 17:30:00,6566.02,6580.0,6558.22,6571.91,303.870988
2018-07-05 17:45:00,6575.16,6582.04,6552.9,6561.7,393.592692
2018-07-05 18:00:00,6564.98,6585.0,6541.27,6573.65,422.649603
2018-07-05 18:15:00,6574.0,6574.0,6550.18,6553.32,297.13318
2018-07-05 18:30:00,6559.38,6559.84,6453.33,6485.99,1302.101165
2018-07-05 18:45:00,6485.99,6489.33,6462.16,6486.51,558.643
2018-07-05 19:00:00,6488.24,6488.24,6457.53,6471.04,440.706754
2018-07-05 19:15:00,6471.03,6486.23,6468.0,6478.07,332.428739
2018-07-05 19:30:00,6478.09,6499.1,6463.28,6495.54,402.251741
2018-07-05 19:45:00,6496.74,6522.0,6487.69,6510.32,421.541475
2018-07-05 20:00:00,6509.86,6522.0,6482.48,6493.03,430.619234
2018-07-05 20:15:00,6493.03,6517.14,6491.72,6512.01,313.383057
2018-07-05 20:30:00,6512.01,6515.0,6493.88,6497.01,328.271093
2018-07-05 20:45:00,6497.01,6514.99,6495.13,6507.98,179.531202
2018-07-05 21:00:00,6507.97,6521.0,6488.43,6494.99,291.222535
2018-07-05 21:15:00,6494.0,6503.57,6476.99,6495.15,297.753948
2018-07-05 21:30:00,6495.15,6502.9,6484.91,6496.03,238.486227
2018-07-05 21:45:00,6496.03,6502.99,6491.4,6498.37,190.331031
2018-07-05 22:00:00,6496.99,6498.37,6483.26,6490.19,394.901177
2018-07-05 22:15:00,6490.2,6500.99,6485.34,6500.0,236.49923
2018-07-05 22:30:00,6499.88,6542.49,6496.03,6528.62,434.573511
2018-07-05 22:45:00,6528.62,6542.92,6514.58,6537.8,327.110683
2018-07-05 23:00:00,6537.8,6542.91,6524.7,6538.0,324.515172
2018-07-05 23:15:00,6532.05,6539.21,6518.47,6537.98,172.870699
2018-07-05 23:30:00,6538.56,6563.76,6535.24,6551.0,343.123264
2018-07-05 23:45:00,6549.97,6552.31,6525.0,6529.2,224.267467
2018-07-06 00:00:00,6529.2,6550.86,6520.1,6538.11,378.012069
2018-07-06 00:15:00,6538.11,6545.55,6534.76,6539.01,197.152434
2018-07-06 00:30:00,6539.01,6543.67,6526.06,6534.79,191.373762
2018-07-06 00:45:00,6534.79,6534.79,6528.01,6531.75,243.78719
2018-07-06 01:00:00,6531.0,6531.0,6512.0,6515.77,274.829151
2018-07-06 01:15:00,6515.5,6530.0,6512.59,6526.91,231.941682
2018-07-06 01:30:00,6526.91,6529.9,6517.51,6517.51,185.698768
2018-07-06 01:45:00,6517.51,6520.0,6511.0,6512.93,274.424141
2018-07-06 02:00:00,6514.95,6532.15,6511.68,6526.0,205.863246
2018-07-06 02:15:00,6526.01,6553.0,6522.0,6540.05,364.653544
2018-07-06 02:30:00,6540.04,6543.0,6526.52,6535.65,302.159195
2018-07-06 02:45:00,6535.06,6548.23,6531.1,6548.23,323.5139
2018-07-06 03:00:00,6548.88,6550.0,6528.99,6534.93,267.187627
2018-07-06 03:15:00,6534.92,6535.58,6523.31,6528.39,265.126894
2018-07-06 03:30:00,6528.39,6534.55,6524.57,6531.01,159.589815
2018-07-06 03:45:00,6530.03,6534.28,6520.99,6530.0,255.007653
2018-07-06 04:00:00,6530.0,6531.55,6500.01,6515.29,406.298273
2018-07-06 04:15:00,6510.5,6516.61,6484.82,6488.99,558.500759
2018-07-06 04:30:00,6485.01,6519.97,6480.45,6515.99,405.8581
2018-07-06 04:45:00,6516.77,6530.06,6505.64,6525.28,302.5837
2018-07-06 05:00:00,6525.01,6533.63,6498.95,6508.11,268.649234
2018-07-06 05:15:00,6508.11,6515.0,6498.02,6502.84,247.602238
2018-07-06 05:30:00,6502.84,6508.74,6496.83,6506.5,353.920559
2018-07-06 05:45:00,6505.25,6510.0,6492.6,6494.99,199.45496
2018-07-06 06:00:00,6494.99,6508.93,6488.0,6500.36,246.735138
2018-07-06 06:15:00,6500.36,6504.81,6485.86,6495.0,217.90028
2018-07-06 06:30:00,6495.0,6495.26,6464.64,6479.04,390.764705
2018-07-06 06:45:00,6480.06,6481.09,6456.13,6460.27,510.581883
2018-07-06 07:00:00,6460.27,6478.59,6425.0,6469.0,725.388631
2018-07-06 07:15:00,6469.0,6474.01,6445.0,6453.87,426.201998
2018-07-06 07:30:00,6453.88,6482.33,6453.87,6479.46,233.087304
2018-07-06 07:45:00,6476.82,6497.53,6456.0,6478.85,330.976724
2018-07-06 08:00:00,6478.99,6510.5,6472.1,6505.97,551.427658
2018-07-06 08:15:00,6510.49,6535.99,6492.95,6519.9,528.395929
2018-07-06 08:30:00,6519.88,6523.9,6503.68,6506.51,205.691235
2018-07-06 08:45:00,6510.0,6519.62,6492.95,6499.16,223.868542
2018-07-06 09:00:00,6500.15,6511.38,6493.99,6499.99,244.809919
2018-07-06 09:15:00,6501.0,6510.02,6496.14,6502.88,217.699545
2018-07-06 09:30:00,6502.3,6507.0,6498.0,6501.83,452.879238
2018-07-06 09:45:00,6501.02,6501.81,6480.44,6495.08,360.287611
2018-07-06 10:00:00,6495.08,6522.72,6482.0,6519.84,417.506608
2018-07-06 10:15:00,6520.0,6525.47,6510.0,6513.12,497.988562
2018-07-06 10:30:00,6516.77,6527.0,6513.08,6525.02,211.333023
2018-07-06 10:45:00,6525.03,6548.0,6510.01,6527.89,343.71192
2018-07-06 11:00:00,6527.9,6540.0,6516.9,6519.02,353.110541
2018-07-06 11:15:00,6519.03,6528.77,6514.21,6520.73,206.869876
2018-07-06 11:30:00,6520.73,6536.99,6518.19,6534.0,272.444353
2018-07-06 11:45:00,6532.52,6534.09,6525.0,6526.56,187.757895
2018-07-06 12:00:00,6526.42,6648.54,6525.93,6591.67,1214.364193
2018-07-06 12:15:00,6591.67,6594.9,6566.66,6576.5,277.351857
2018-07-06 12:30:00,6575.08,6580.76,6561.5,6566.89,296.529815
2018-07-06 12:45:00,6566.89,6590.0,6561.5,6587.0,330.719331
2018-07-06 13:00:00,6587.85,6587.99,6555.0,6558.93,282.054844
2018-07-06 13:15:00,6558.93,6563.64,6544.1,6558.68,270.091471
2018-07-06 13:30:00,6555.13,6566.74,6544.96,6566.74,315.519016
2018-07-06 13:45:00,6566.74,6569.37,6553.63,6560.74,230.868507
2018-07-06 14:00:00,6560.73,6568.18,6559.0,6567.23,190.189665
2018-07-06 14:15:00,6567.22,6568.17,6555.0,6559.29,305.583467
2018-07-06 14:30:00,6559.19,6568.18,6550.0,6558.23,316.477258
2018-07-06 14:45:00,6558.23,6562.1,6543.49,6549.11,360.275305
2018-07-06 15:00:00,6549.11,6550.38,6540.73,6545.99,420.744229
2018-07-06 15:15:00,6545.48,6560.02,6545.44,6556.43,268.598793
2018-07-06 15:30:00,6559.78,6572.26,6556.58,6563.36,277.932843
2018-07-06 15:45:00,6560.66,6569.06,6559.1,6565.01,182.533373
2018-07-06 16:00:00,6564.66,6579.0,6560.0,6563.32,305.55255
2018-07-06 16:15:00,6563.32,6564.0,6551.0,6553.11,189.746563
2018-07-06 16:30:00,6551.03,6560.01,6537.24,6555.0,271.653178
2018-07-06 16:45:00,6555.0,6564.07,6554.24,6558.0,121.634013
2018-07-06 17:00:00,6559.88,6566.58,6552.43,6563.44,249.703186
2018-07-06 17:15:00,6561.4,6570.19,6549.0,6570.03,157.400507
2018-07-06 17:30:00,6570.03,6620.0,6548.96,6603.16,760.741023
2018-07-06 17:45:00,6603.2,6629.0,6588.02,6598.0,483.434934
2018-07-06 18:00:00,6598.0,6609.97,6572.37,6582.85,242.259127
2018-07-06 18:15:00,6587.48,6590.0,6512.46,6550.0,840.747498
2018-07-06 18:30:00,6550.0,6568.58,6545.36,6564.26,182.029093
2018-07-06 18:45:00,6564.26,6568.57,6552.05,6565.14,271.803909
2018-07-06 19:00:00,6565.14,6575.99,6558.88,6573.04,148.490797
2018-07-06 19:15:00,6573.04,6581.75,6569.8,6575.84,140.288598
2018-07-06 19:30:00,6576.36,6576.82,6561.65,6570.56,165.830946
2018-07-06 19:45:00,6570.56,6574.56,6564.5,6570.01,166.230124
2018-07-06 20:00:00,6570.01,6581.8,6567.37,6581.78,180.901658
2018-07-06 20:15:00,6581.78,6598.68,6570.67,6577.36,274.088394
2018-07-06 20:30:00,6580.89,6582.79,6565.02,6572.0,233.596772
2018-07-06 20:45:00,6571.99,6581.01,6564.5,6571.66,199.767788
2018-07-06 21:00:00,6572.32,6575.01,6555.0,6567.4,113.280583
2018-07-06 21:15:00,6566.99,6568.77,6557.72,6566.98,318.212162
2018-07-06 21:30:00,6566.99,6570.02,6565.02,6567.95,264.548149
2018-07-06 21:45:00,6567.93,6590.0,6565.3,6589.94,129.031968
2018-07-06 22:00:00,6589.94,6630.0,6575.86,6582.97,505.958679
2018-07-06 22:15:00,6580.27,6590.0,6573.76,6577.0,253.886653
2018-07-06 22:30:00,6577.0,6594.08,6561.99,6574.0,284.187009
2018-07-06 22:45:00,6574.0,6587.21,6571.09,6574.7,159.173791
2018-07-06 23:00:00,6574.7,6590.0,6572.86,6585.0,161.508187
2018-07-06 23:15:00,6585.0,6601.48,6584.62,6601.48,194.829229
2018-07-06 23:30:00,6602.0,6613.98,6590.92,6603.0,330.422991
2018-07-06 23:45:00,6603.0,6617.0,6592.51,6609.78,335.71271
2018-07-07 00:00:00,6609.79,6613.99,6581.05,6584.99,339.538484
2018-07-07 00:15:00,6581.08,6598.78,6581.08,6590.16,182.110566
2018-07-07 00:30:00,6590.14,6593.98,6584.0,6590.0,108.33095
2018-07-07 00:45:00,6590.0,6596.93,6587.0,6596.93,136.691591
2018-07-07 01:00:00,6596.93,6600.0,6577.85,6578.15,230.801141
2018-07-07 01:15:00,6577.85,6584.01,6573.03,6575.87,345.696519
2018-07-07 01:30:00,6575.87,6579.0,6561.01,6565.0,191.73913
2018-07-07 01:45:00,6565.0,6573.63,6562.0,6566.01,119.199459
2018-07-07 02:00:00,6570.15,6580.0,6565.2,6573.01,208.750911
2018-07-07 02:15:00,6575.91,6595.23,6575.91,6592.49,271.774851
2018-07-07 02:30:00,6592.43,6595.01,6584.0,6591.21,233.538773
2018-07-07 02:45:00,6591.21,6599.74,6583.65,6591.99,197.515346
2018-07-07 03:00:00,6589.21,6591.0,6581.67,6587.01,138.782107
2018-07-07 03:15:00,6587.49,6613.58,6583.11,6599.35,226.124102
2018-07-07 03:30:00,6599.34,6607.0,6593.06,6596.0,131.953384
2018-07-07 03:45:00,6597.41,6603.76,6596.01,6599.99,119.837407
2018-07-07 04:00:00,6599.45,6601.8,6585.0,6599.84,244.039606
2018-07-07 04:15:00,6599.63,6618.8,6592.0,6611.5,201.138472
2018-07-07 04:30:00,6608.51,6611.4,6593.0,6593.01,162.219845
2018-07-07 04:45:00,6596.54,6606.44,6593.25,6602.99,178.091686
2018-07-07 05:00:00,6598.78,6608.01,6592.0,6606.99,156.528047
2018-07-07 05:15:00,6607.0,6607.0,6601.4,6605.51,80.327365
2018-07-07 05:30:00,6605.5,6605.5,6594.0,6596.99,120.508703
2018-07-07 05:45:00,6596.99,6599.74,6594.61,6597.99,158.051367
2018-07-07 06:00:00,6598.0,6600.0,6592.88,6592.9,184.610237
2018-07-07 06:15:00,6592.9,6592.9,6572.01,6583.3,184.209006
2018-07-07 06:30:00,6583.3,6597.7,6575.33,6589.93,105.734259
2018-07-07 06:45:00,6591.31,6592.24,6576.02,6582.07,151.88321
2018-07-07 07:00:00,6581.84,6586.0,6571.75,6571.75,236.097812
2018-07-07 07:15:00,6571.75,6595.73,6561.01,6594.01,233.813475
2018-07-07 07:30:00,6595.73,6597.86,6583.02,6587.97,195.579529
2018-07-07 07:45:00,6587.89,6591.99,6583.02,6589.93,146.111717
2018-07-07 08:00:00,6591.78,6592.0,6580.31,6583.85,141.437149
2018-07-07 08:15:00,6583.86,6587.19,6576.0,6582.03,99.770726
2018-07-07 08:30:00,6582.59,6589.0,6577.0,6577.0,330.50289
2018-07-07 08:45:00,6577.11,6585.0,6576.0,6578.19,190.960868
2018-07-07 09:00:00,6578.19,6578.19,6560.0,6566.01,347.017758
2018-07-07 09:15:00,6568.0,6582.18,6559.53,6570.0,203.241861
2018-07-07 09:30:00,6571.28,6579.58,6560.0,6576.2,345.128539
2018-07-07 09:45:00,6576.2,6580.0,6564.67,6575.18,295.003926
2018-07-07 10:00:00,6575.19,6578.67,6563.42,6565.0,151.068474
2018-07-07 10:15:00,6565.0,6577.12,6555.0,6577.08,234.583997
2018-07-07 10:30:00,6577.07,6587.02,6572.85,6583.01,150.112252
2018-07-07 10:45:00,6583.11,6592.07,6580.79,6584.36,263.347326
2018-07-07 11:00:00,6584.36,6591.59,6579.51,6584.84,340.345901
2018-07-07 11:15:00,6584.84,6589.86,6574.86,6574.87,162.39728
2018-07-07 11:30:00,6574.98,6584.88,6574.43,6582.38,127.425651
2018-07-07 11:45:00,6580.09,6585.64,6578.27,6584.79,157.469387
2018-07-07 12:00:00,6584.79,6590.0,6578.66,6590.0,130.79048
2018-07-07 12:15:00,6590.0,6614.0,6553.33,6566.98,449.426322
2018-07-07 12:30:00,6566.0,6570.0,6541.63,6562.08,465.207455
2018-07-07 12:45:00,6562.09,6568.0,6550.01,6557.12,250.62392
2018-07-07 13:00:00,6560.38,6565.99,6530.63,6541.26,418.101115
2018-07-07 13:15:00,6537.15,6541.26,6511.44,6533.49,498.03378
2018-07-07 13:30:00,6534.54,6547.9,6524.48,6541.05,281.568694
2018-07-07 13:45:00,6541.06,6546.52,6524.88,6531.91,205.107467
2018-07-07 14:00:00,6531.91,6548.08,6524.85,6543.86,243.839807
2018-07-07 14:15:00,6546.69,6589.95,6540.61,6570.99,361.95398
2018-07-07 14:30:00,6570.99,6575.74,6563.94,6572.97,277.780403
2018-07-07 14:45:00,6572.97,6574.96,6556.21,6565.92,121.494289
2018-07-07 15:00:00,6564.63,6569.99,6562.21,6567.08,77.307829
2018-07-07 15:15:00,6567.07,6569.01,6550.99,6551.0,228.195668
2018-07-07 15:30:00,6551.0,6560.51,6540.0,6544.77,204.858167
2018-07-07 15:45:00,6544.78,6562.98,6544.02,6558.03,209.287814
2018-07-07 16:00:00,6558.03,6573.94,6553.76,6561.78,251.562823
2018-07-07 16:15:00,6560.9,6564.9,6545.0,6559.0,218.390348
2018-07-07 16:30:00,6559.01,6571.04,6550.0,6564.06,359.07848
2018-07-07 16:45:00,6566.33,6569.0,6548.0,6555.61,120.48963
2018-07-07 17:00:00,6562.26,6567.66,6542.0,6553.98,237.919254
2018-07-07 17:15:00,6553.98,6557.0,6540.15,6541.92,240.176042
2018-07-07 17:30:00,6541.92,6552.21,6538.0,6542.18,229.615132
2018-07-07 17:45:00,6542.17,6555.01,6538.17,6547.91,138.28793
2018-07-07 18:00:00,6546.44,6550.4,6539.9,6541.19,156.648562
2018-07-07 18:15:00,6541.19,6551.26,6539.49,6544.24,170.164286
2018-07-07 18:30:00,6544.24,6547.36,6532.21,6539.78,219.034283
2018-07-07 18:45:00,6538.73,6563.01,6525.01,6559.03,227.4129
2018-07-07 19:00:00,6559.03,6559.04,6543.98,6551.91,116.045608
2018-07-07 19:15:00,6553.78,6555.18,6543.98,6546.23,153.233409
2018-07-07 19:30:00,6546.37,6552.0,6543.74,6545.38,263.908543
2018-07-07 19:45:00,6546.43,6550.0,6534.02,6537.84,195.383023
2018-07-07 20:00:00,6537.84,6540.0,6519.85,6530.43,270.61257
2018-07-07 20:15:00,6529.9,6540.94,6512.0,6524.76,257.629288
2018-07-07 20:30:00,6522.5,6537.06,6508.88,6521.64,277.82126
2018-07-07 20:45:00,6521.64,6537.43,6521.59,6525.36,95.619598
2018-07-07 21:00:00,6525.36,6542.5,6518.66,6536.73,124.163099
2018-07-07 21:15:00,6536.74,6541.85,6531.26,6535.27,184.74217
2018-07-07 21:30:00,6535.26,6539.99,6520.39,6526.01,235.284948
2018-07-07 21:45:00,6526.01,6537.44,6524.96,6533.95,336.597966
2018-07-07 22:00:00,6533.95,6533.98,6525.04,6531.8,128.944709
2018-07-07 22:15:00,6530.4,6533.0,6522.68,6524.65,221.856189
2018-07-07 22:30:00,6524.65,6575.85,6520.43,6563.83,510.338159
2018-07-07 22:45:00,6563.0,6575.0,6550.25,6575.0,200.748317
2018-07-07 23:00:00,6574.48,6600.0,6569.18,6579.33,368.199892
2018-07-07 23:15:00,6579.32,6818.16,6577.21,6775.68,2033.548857
2018-07-07 23:30:00,6775.68,6794.98,6733.79,6740.0,766.493852
2018-07-07 23:45:00,6740.0,6789.0,6738.55,6756.98,779.205527
2018-07-08 00:00:00,6753.48,6780.0,6751.82,6770.0,600.807683
2018-07-08 00:15:00,6770.0,6778.99,6747.13,6751.0,386.601348
2018-07-08 00:30:00,6750.35,6760.03,6727.2,6745.54,418.822716
2018-07-08 00:45:00,6743.1,6761.37,6730.0,6745.98,581.29691
2018-07-08 01:00:00,6745.98,6754.55,6731.0,6743.86,202.601495
2018-07-08 01:15:00,6741.55,6751.15,6736.3,6746.44,204.261475
2018-07-08 01:30:00,6745.23,6757.08,6738.81,6757.05,425.509973
2018-07-08 01:45:00,6757.05,6757.31,6736.0,6736.74,259.621625
2018-07-08 02:00:00,6738.99,6744.33,6728.28,6733.14,187.34081
2018-07-08 02:15:00,6734.5,6740.58,6720.02,6723.0,302.221729
2018-07-08 02:30:00,6726.94,6748.45,6723.0,6739.99,387.704914
2018-07-08 02:45:00,6739.99,6748.0,6731.39,6740.77,408.993277
2018-07-08 03:00:00,6740.77,6748.0,6731.77,6739.29,165.450396
2018-07-08 03:15:00,6740.85,6744.0,6731.06,6731.21,219.661932
2018-07-08 03:30:00,6733.46,6734.56,6720.26,6724.95,183.000971
2018-07-08 03:45:00,6724.95,6731.98,6716.0,6718.9,273.270156
2018-07-08 04:00:00,6717.01,6733.74,6717.01,6723.2,124.718164
2018-07-08 04:15:00,6724.74,6729.83,6708.0,6708.23,207.158462
2018-07-08 04:30:00,6708.24,6720.0,6708.22,6712.72,224.833579
2018-07-08 04:45:00,6712.74,6717.0,6709.7,6715.0,139.183909
2018-07-08 05:00:00,6715.0,6734.0,6713.53,6729.96,391.751573
2018-07-08 05:15:00,6731.0,6736.0,6727.78,6735.47,158.553121
2018-07-08 05:30:00,6735.47,6735.48,6722.0,6726.0,120.280111
2018-07-08 05:45:00,6725.28,6733.13,6723.06,6726.13,105.127396
2018-07-08 06:00:00,6730.47,6738.77,6728.0,6733.17,219.925905
2018-07-08 06:15:00,6733.38,6739.98,6723.34,6729.71,199.717589
2018-07-08 06:30:00,6726.12,6734.99,6723.34,6734.02,245.435265
2018-07-08 06:45:00,6734.5,6739.03,6727.01,6730.81,208.934534
2018-07-08 07:00:00,6731.3,6740.0,6729.94,6739.76,229.059874
2018-07-08 07:15:00,6738.51,6741.18,6735.0,6737.52,177.085593
2018-07-08 07:30:00,6737.52,6739.94,6731.92,6734.28,131.574815
2018-07-08 07:45:00,6734.28,6739.89,6730.0,6739.19,224.153598
2018-07-08 08:00:00,6739.18,6745.49,6733.24,6738.08,279.198853
2018-07-08 08:15:00,6738.92,6744.0,6727.0,6728.09,142.134498
2018-07-08 08:30:00,6727.54,6734.55,6727.0,6734.49,380.232955
2018-07-08 08:45:00,6733.01,6736.17,6725.61,6730.62,341.131006
2018-07-08 09:00:00,6730.62,6739.0,6726.33,6736.94,229.837351
2018-07-08 09:15:00,6736.95,6740.81,6732.99,6735.64,213.92374
2018-07-08 09:30:00,6735.64,6738.03,6730.01,6734.96,227.432724
2018-07-08 09:45:00,6733.01,6739.99,6732.5,6739.27,213.898612
2018-07-08 10:00:00,6737.8,6739.28,6730.0,6730.97,232.22129
2018-07-08 10:15:00,6730.98,6734.97,6726.0,6729.85,221.440535
2018-07-08 10:30:00,6726.0,6729.79,6720.05,6722.0,191.348355
2018-07-08 10:45:00,6722.9,6729.9,6717.01,6718.4,122.252491
2018-07-08 11:00:00,6719.01,6729.6,6718.0,6727.45,183.24131
2018-07-08 11:15:00,6726.59,6731.77,6725.0,6726.84,264.508073
2018-07-08 11:30:00,6726.84,6737.2,6724.0,6733.7,326.198475
2018-07-08 11:45:00,6733.7,6743.13,6728.19,6735.43,230.062279
2018-07-08 12:00:00,6738.78,6769.16,6735.43,6761.01,388.699581
2018-07-08 12:15:00,6761.01,6764.14,6737.01,6743.04,237.4175
2018-07-08 12:30:00,6741.59,6743.48,6730.47,6741.11,315.67484
2018-07-08 12:45:00,6741.11,6743.36,6717.0,6728.01,268.45278
2018-07-08 13:00:00,6728.01,6731.97,6711.0,6731.0,176.447453
2018-07-08 13:15:00,6731.0,6743.96,6728.01,6742.89,268.507647
2018-07-08 13:30:00,6742.9,6747.32,6737.0,6739.98,176.461776
2018-07-08 13:45:00,6739.97,6746.98,6730.0,6731.94,245.600018
2018-07-08 14:00:00,6732.97,6737.9,6729.95,6732.39,237.507622
2018-07-08 14:15:00,6732.39,6734.87,6722.88,6729.94,414.0103
2018-07-08 14:30:00,6729.96,6731.99,6725.24,6731.64,263.366292
2018-07-08 14:45:00,6731.9,6756.51,6729.01,6745.67,350.573878
2018-07-08 15:00:00,6746.82,6748.99,6741.01,6746.0,219.577704
2018-07-08 15:15:00,6746.36,6775.01,6746.0,6762.94,371.804816
2018-07-08 15:30:00,6767.79,6778.73,6749.68,6756.15,364.307629
2018-07-08 15:45:00,6757.58,6759.0,6739.02,6740.93,175.062163
2018-07-08 16:00:00,6740.93,6763.34,6739.93,6760.2,201.223763
2018-07-08 16:15:00,6760.2,6763.32,6750.0,6750.94,199.571506
2018-07-08 16:30:00,6753.73,6759.66,6745.79,6753.02,140.715895
2018-07-08 16:45:00,6753.02,6755.0,6749.04,6750.51,111.811748
2018-07-08 17:00:00,6752.89,6752.89,6745.0,6752.75,226.290857
2018-07-08 17:15:00,6752.75,6763.69,6750.4,6763.68,152.279443
2018-07-08 17:30:00,6763.67,6768.66,6756.61,6765.13,200.705494
2018-07-08 17:45:00,6765.13,6767.52,6757.44,6758.18,182.762373
2018-07-08 18:00:00,6758.19,6767.3,6757.0,6765.34,160.06396
2018-07-08 18:15:00,6765.66,6765.67,6757.2,6759.7,275.87942
2018-07-08 18:30:00,6760.96,6761.0,6752.48,6756.36,168.560509
2018-07-08 18:45:00,6756.36,6758.97,6747.01,6754.98,155.875605
2018-07-08 19:00:00,6754.98,6760.93,6752.03,6754.78,286.712764
2018-07-08 19:15:00,6759.0,6762.86,6752.35,6759.66,206.993229
2018-07-08 19:30:00,6760.78,6770.0,6759.55,6763.94,237.892267
2018-07-08 19:45:00,6763.93,6773.52,6756.0,6765.18,194.141934
2018-07-08 20:00:00,6765.17,6767.99,6760.0,6764.0,82.151827
2018-07-08 20:15:00,6764.0,6772.0,6760.0,6769.96,330.77548
2018-07-08 20:30:00,6769.95,6774.85,6765.0,6769.99,331.027766
2018-07-08 20:45:00,6769.99,6773.21,6743.0,6749.97,320.081823
2018-07-08 21:00:00,6748.91,6755.0,6743.01,6752.95,239.138594
2018-07-08 21:15:00,6751.88,6763.0,6750.79,6761.03,125.728262
2018-07-08 21:30:00,6760.99,6760.99,6743.01,6755.03,215.031965
2018-07-08 21:45:00,6755.03,6763.99,6754.03,6761.46,68.182956
2018-07-08 22:00:00,6758.01,6767.98,6751.83,6756.01,178.168395
2018-07-08 22:15:00,6756.0,6759.99,6752.54,6755.0,142.015569
2018-07-08 22:30:00,6754.96,6759.97,6749.95,6753.1,222.057249
2018-07-08 22:45:00,6753.09,6759.12,6743.02,6749.0,251.895916
2018-07-08 23:00:00,6748.98,6748.98,6667.44,6707.61,1374.711046
2018-07-08 23:15:00,6704.03,6707.55,6675.0,6693.96,407.926842
2018-07-08 23:30:00,6691.0,6722.92,6688.31,6710.39,387.764712
2018-07-08 23:45:00,6710.54,6715.7,6700.0,6712.1,257.613181
2018-07-09 00:00:00,6712.1,6727.0,6683.73,6719.82,381.833997
2018-07-09 00:15:00,6719.81,6729.18,6710.45,6719.99,268.480416
2018-07-09 00:30:00,6720.0,6720.7,6708.14,6720.12,184.02652
2018-07-09 00:45:00,6717.11,6720.15,6708.07,6711.69,136.804964
2018-07-09 01:00:00,6711.66,6713.03,6680.0,6684.82,478.050844
2018-07-09 01:15:00,6684.82,6706.56,6681.41,6691.79,274.998102
2018-07-09 01:30:00,6693.37,6708.0,6688.07,6702.73,166.785396
2018-07-09 01:45:00,6702.02,6706.88,6698.95,6699.01,172.144083
2018-07-09 02:00:00,6699.51,6703.76,6677.31,6700.6,287.942062
2018-07-09 02:15:00,6700.6,6703.63,6690.13,6697.01,230.317965
2018-07-09 02:30:00,6697.01,6699.99,6689.03,6692.33,360.539945
2018-07-09 02:45:00,6693.16,6705.01,6692.0,6700.1,177.50545
2018-07-09 03:00:00,6700.1,6714.9,6695.64,6708.03,283.496967
2018-07-09 03:15:00,6711.13,6711.4,6695.0,6703.01,172.849413
2018-07-09 03:30:00,6706.21,6726.26,6692.15,6715.34,208.130457
2018-07-09 03:45:00,6716.66,6721.95,6711.17,6717.28,331.046216
2018-07-09 04:00:00,6717.28,6717.28,6704.94,6706.0,220.9927
2018-07-09 04:15:00,6705.7,6709.98,6704.32,6709.66,189.212265
2018-07-09 04:30:00,6709.66,6710.0,6697.85,6698.86,209.551155
2018-07-09 04:45:00,6697.86,6702.0,6695.05,6695.31,208.045297
2018-07-09 05:00:00,6695.3,6699.95,6686.76,6693.98,220.469615
2018-07-09 05:15:00,6694.0,6696.88,6682.0,6688.22,225.577542
2018-07-09 05:30:00,6690.0,6694.34,6686.66,6693.74,248.887994
2018-07-09 05:45:00,6692.23,6707.01,6690.16,6707.01,212.659368
2018-07-09 06:00:00,6707.01,6717.27,6705.0,6714.99,196.821905
2018-07-09 06:15:00,6715.0,6720.75,6710.01,6715.98,193.935857
2018-07-09 06:30:00,6715.44,6720.0,6704.69,6711.59,231.078457
2018-07-09 06:45:00,6711.6,6714.0,6708.49,6710.53,150.730316
2018-07-09 07:00:00,6711.8,6717.03,6706.02,6710.4,227.182577
2018-07-09 07:15:00,6710.45,6714.4,6707.12,6711.01,134.379762
2018-07-09 07:30:00,6711.89,6721.83,6708.18,6721.01,187.164747
2018-07-09 07:45:00,6721.01,6748.27,6718.38,6725.0,357.773811
2018-07-09 08:00:00,6726.99,6730.0,6716.44,6726.18,207.208058
2018-07-09 08:15:00,6728.57,6735.43,6719.0,6725.86,275.109813
2018-07-09 08:30:00,6725.86,6737.0,6718.0,6724.99,236.88307
2018-07-09 08:45:00,6725.0,6726.0,6718.0,6720.29,171.997524
2018-07-09 09:00:00,6720.3,6722.94,6701.48,6712.94,388.029997
2018-07-09 09:15:00,6711.99,6712.94,6675.01,6682.96,371.068449
2018-07-09 09:30:00,6682.96,6701.06,6675.43,6685.07,330.007415
2018-07-09 09:45:00,6685.07,6695.58,6657.02,6689.97,476.525497
2018-07-09 10:00:00,6689.97,6689.99,6674.56,6686.82,199.982158
2018-07-09 10:15:00,6686.81,6698.0,6686.0,6697.5,103.303069
2018-07-09 10:30:00,6697.49,6703.6,6692.6,6696.81,197.060093
2018-07-09 10:45:00,6697.0,6705.02,6688.65,6691.0,288.519883
2018-07-09 11:00:00,6691.01,6699.97,6687.46,6694.02,126.32271
2018-07-09 11:15:00,6694.93,6721.02,6690.0,6712.05,407.403043
2018-07-09 11:30:00,6712.05,6752.62,6708.54,6715.0,622.191433
2018-07-09 11:45:00,6715.0,6721.0,6715.0,6718.01,259.2407
2018-07-09 12:00:00,6718.02,6726.97,6701.96,6702.32,271.296452
2018-07-09 12:15:00,6703.16,6715.23,6696.99,6713.56,296.033779
2018-07-09 12:30:00,6710.95,6714.0,6702.0,6707.02,310.636512
2018-07-09 12:45:00,6707.01,6713.58,6705.36,6709.63,96.588593
2018-07-09 13:00:00,6709.63,6729.39,6708.68,6717.31,302.775869
2018-07-09 13:15:00,6719.99,6725.0,6711.37,6714.9,147.217989
2018-07-09 13:30:00,6714.9,6745.0,6712.26,6738.49,399.966063
2018-07-09 13:45:00,6738.21,6744.0,6717.0,6729.4,275.650922
2018-07-09 14:00:00,6729.4,6730.93,6718.22,6722.03,185.857028
2018-07-09 14:15:00,6722.04,6733.0,6718.0,6732.81,158.429446
2018-07-09 14:30:00,6732.81,6732.99,6719.0,6722.09,223.940849
2018-07-09 14:45:00,6722.1,6732.0,6713.0,6730.09,331.214211
2018-07-09 15:00:00,6730.97,6738.06,6725.72,6729.67,278.047072
2018-07-09 15:15:00,6729.68,6734.99,6727.0,6734.01,254.751887
2018-07-09 15:30:00,6734.0,6737.22,6723.0,6729.99,290.954563
2018-07-09 15:45:00,6729.98,6730.0,6719.01,6726.0,196.299678
2018-07-09 16:00:00,6726.0,6727.99,6670.31,6685.0,796.465135
2018-07-09 16:15:00,6685.0,6709.05,6680.0,6699.99,244.799456
2018-07-09 16:30:00,6699.99,6714.83,6698.0,6714.0,212.046198
2018-07-09 16:45:00,6714.0,6714.0,6703.0,6706.95,198.3624
2018-07-09 17:00:00,6706.64,6707.0,6685.56,6696.91,269.343513
2018-07-09 17:15:00,6696.91,6712.0,6685.59,6706.36,244.477685
2018-07-09 17:30:00,6706.36,6706.4,6684.94,6690.0,274.179592
2018-07-09 17:45:00,6690.0,6700.96,6660.0,6695.01,424.65343
2018-07-09 18:00:00,6695.99,6700.97,6680.0,6684.75,235.816534
2018-07-09 18:15:00,6685.51,6707.31,6682.76,6701.01,328.155224
2018-07-09 18:30:00,6701.0,6710.0,6694.0,6708.82,221.426678
2018-07-09 18:45:00,6708.82,6709.26,6694.7,6697.28,154.331951
2018-07-09 19:00:00,6697.27,6709.91,6692.0,6709.83,121.1914
2018-07-09 19:15:00,6707.01,6710.0,6705.0,6707.98,164.827347
2018-07-09 19:30:00,6709.83,6712.5,6702.04,6707.71,165.577633
2018-07-09 19:45:00,6705.49,6720.0,6705.48,6709.0,192.624074
2018-07-09 20:00:00,6709.68,6712.65,6695.49,6700.0,235.324878
2018-07-09 20:15:00,6699.99,6706.99,6695.76,6701.96,126.149555
2018-07-09 20:30:00,6701.97,6708.32,6700.0,6700.87,84.998508
2018-07-09 20:45:00,6700.87,6708.0,6696.14,6697.26,133.940253
2018-07-09 21:00:00,6697.25,6700.0,6689.96,6700.0,301.097374
2018-07-09 21:15:00,6700.0,6712.9,6690.12,6709.74,154.000061
2018-07-09 21:30:00,6706.8,6711.0,6704.55,6709.01,137.645584
2018-07-09 21:45:00,6709.02,6735.0,6700.0,6726.02,226.199654
2018-07-09 22:00:00,6731.18,6802.06,6715.0,6743.35,1071.514736
2018-07-09 22:15:00,6750.68,6758.79,6660.88,6697.59,957.34425
2018-07-09 22:30:00,6697.59,6716.57,6683.62,6705.0,351.735821
2018-07-09 22:45:00,6705.11,6709.98,6686.0,6696.44,211.965735
2018-07-09 23:00:00,6696.41,6704.98,6692.36,6694.42,320.314779
2018-07-09 23:15:00,6695.6,6695.6,6628.0,6634.93,1186.571936
2018-07-09 23:30:00,6633.21,6667.69,6612.24,6659.83,591.968039
2018-07-09 23:45:00,6662.72,6665.27,6644.87,6662.12,183.427147
2018-07-10 00:00:00,6662.78,6664.66,6631.82,6635.6,371.988303
2018-07-10 00:15:00,6637.45,6665.45,6635.03,6663.93,296.435389
2018-07-10 00:30:00,6663.88,6681.0,6660.52,6669.07,289.454265
2018-07-10 00:45:00,6666.03,6673.72,6658.14,6661.36,109.200563
2018-07-10 01:00:00,6661.36,6673.72,6650.76,6670.0,220.385435
2018-07-10 01:15:00,6670.0,6673.71,6657.79,6667.5,264.839238
2018-07-10 01:30:00,6667.51,6672.38,6660.01,6668.68,233.222377
2018-07-10 01:45:00,6668.68,6672.0,6643.83,6646.78,340.786372
2018-07-10 02:00:00,6649.22,6665.07,6638.0,6651.5,407.991592
2018-07-10 02:15:00,6651.5,6654.99,6634.29,6645.06,387.681054
2018-07-10 02:30:00,6641.12,6651.89,6630.64,6630.64,340.824775
2018-07-10 02:45:00,6630.64,6640.0,6606.11,6623.06,605.003626
2018-07-10 03:00:00,6626.51,6651.38,6613.96,6643.22,564.358188
2018-07-10 03:15:00,6646.88,6653.25,6640.35,6644.01,266.699457
2018-07-10 03:30:00,6645.61,6647.35,6634.65,6637.02,152.071845
2018-07-10 03:45:00,6637.01,6647.2,6627.48,6632.22,217.982928
2018-07-10 04:00:00,6632.14,6655.46,6622.81,6646.51,365.507383
2018-07-10 04:15:00,6648.06,6653.73,6635.81,6638.66,136.099442
2018-07-10 04:30:00,6638.66,6646.18,6638.04,6643.88,157.877298
2018-07-10 04:45:00,6643.89,6648.66,6639.2,6642.0,256.235941
2018-07-10 05:00:00,6642.0,6646.32,6640.87,6643.97,274.25575
2018-07-10 05:15:00,6643.0,6648.61,6638.98,6641.1,381.67675
2018-07-10 05:30:00,6640.33,6643.29,6612.49,6628.72,419.036082
2018-07-10 05:45:00,6628.76,6632.52,6612.43,6618.13,194.604927
2018-07-10 06:00:00,6618.13,6618.13,6544.04,6586.06,1071.940353
2018-07-10 06:15:00,6584.0,6600.06,6568.0,6583.01,431.052685
2018-07-10 06:30:00,6583.1,6600.0,6572.04,6587.96,233.572969
2018-07-10 06:45:00,6587.94,6595.0,6580.95,6593.01,139.958791
2018-07-10 07:00:00,6593.01,6600.11,6583.0,6583.06,151.469068
2018-07-10 07:15:00,6583.08,6591.0,6576.38,6586.0,219.197889
2018-07-10 07:30:00,6585.81,6595.0,6583.0,6587.6,176.444595
2018-07-10 07:45:00,6587.6,6608.78,6581.41,6601.17,265.071934
2018-07-10 08:00:00,6601.17,6617.0,6598.8,6609.03,303.898575
2018-07-10 08:15:00,6606.14,6609.03,6598.0,6602.74,384.417247
2018-07-10 08:30:00,6601.01,6602.98,6586.01,6589.67,269.27585
2018-07-10 08:45:00,6589.68,6595.0,6573.01,6581.62,294.52644
2018-07-10 09:00:00,6581.92,6584.99,6551.0,6566.53,348.761078
2018-07-10 09:15:00,6566.17,6571.03,6503.0,6548.72,1041.76005
2018-07-10 09:30:00,6548.73,6551.58,6450.0,6462.54,1901.714163
2018-07-10 09:45:00,6462.54,6482.89,6435.0,6448.97,1156.910632
2018-07-10 10:00:00,6440.32,6470.04,6428.0,6453.75,1147.446995
2018-07-10 10:15:00,6448.66,6460.57,6433.72,6443.4,421.960266
2018-07-10 10:30:00,6446.04,6478.0,6440.0,6465.64,334.675801
2018-07-10 10:45:00,6465.62,6472.83,6446.18,6470.01,347.470115
2018-07-10 11:00:00,6470.03,6472.78,6444.44,6459.92,202.437692
2018-07-10 11:15:00,6459.93,6469.92,6448.3,6455.99,290.204665
2018-07-10 11:30:00,6455.53,6456.45,6327.0,6358.87,2237.804798
2018-07-10 11:45:00,6358.0,6372.48,6345.09,6365.06,842.287281
2018-07-10 12:00:00,6365.06,6387.33,6325.99,6347.57,964.113159
2018-07-10 12:15:00,6352.4,6372.0,6333.0,6355.38,566.968227
2018-07-10 12:30:00,6359.8,6366.31,6340.0,6348.27,650.053214
2018-07-10 12:45:00,6348.76,6375.1,6348.76,6375.03,353.984711
2018-07-10 13:00:00,6371.32,6389.0,6358.83,6375.0,433.980635
2018-07-10 13:15:00,6375.02,6403.83,6355.78,6386.23,454.115754
2018-07-10 13:30:00,6386.23,6396.18,6372.18,6392.93,571.159176
2018-07-10 13:45:00,6393.97,6397.16,6374.51,6389.61,316.342901
2018-07-10 14:00:00,6389.06,6394.94,6357.33,6373.98,359.002622
2018-07-10 14:15:00,6373.98,6378.24,6355.24,6361.01,517.068756
2018-07-10 14:30:00,6361.0,6370.0,6340.0,6368.3,652.977683
2018-07-10 14:45:00,6368.3,6394.56,6360.0,6383.18,477.217008
2018-07-10 15:00:00,6383.18,6390.0,6375.01,6381.92,280.245925
2018-07-10 15:15:00,6381.92,6383.78,6369.93,6376.51,327.632794
2018-07-10 15:30:00,6375.75,6382.0,6356.23,6382.0,465.372599
2018-07-10 15:45:00,6380.19,6388.36,6380.0,6383.7,364.161965
2018-07-10 16:00:00,6386.97,6388.78,6380.0,6383.64,214.566371
2018-07-10 16:15:00,6385.32,6391.0,6381.05,6387.89,128.071568
2018-07-10 16:30:00,6387.89,6413.97,6367.88,6374.54,522.810779
2018-07-10 16:45:00,6370.3,6375.02,6334.56,6353.56,561.070739
2018-07-10 17:00:00,6353.58,6366.22,6334.56,6360.25,318.067654
2018-07-10 17:15:00,6360.36,6360.36,6342.03,6351.76,451.52877
2018-07-10 17:30:00,6353.94,6374.9,6351.08,6370.74,239.109196
2018-07-10 17:45:00,6366.6,6370.99,6360.0,6365.41,255.990785
2018-07-10 18:00:00,6365.41,6369.0,6356.03,6360.63,82.370497
2018-07-10 18:15:00,6360.64,6378.61,6357.2,6374.65,255.711259
2018-07-10 18:30:00,6374.64,6379.99,6369.99,6379.02,129.078911
2018-07-10 18:45:00,6379.03,6380.09,6370.0,6374.7,380.815206
2018-07-10 19:00:00,6374.26,6380.0,6357.0,6372.25,377.587173
2018-07-10 19:15:00,6372.26,6378.34,6354.58,6364.02,132.495023
2018-07-10 19:30:00,6365.64,6373.91,6364.04,6369.0,277.304878
2018-07-10 19:45:00,6369.49,6379.0,6369.0,6376.13,81.612235
2018-07-10 20:00:00,6376.13,6402.82,6376.12,6385.69,218.761501
2018-07-10 20:15:00,6385.01,6385.61,6370.0,6375.94,130.951204
2018-07-10 20:30:00,6374.93,6385.0,6370.0,6384.71,149.172537
2018-07-10 20:45:00,6383.01,6398.9,6382.23,6389.92,255.377743
2018-07-10 21:00:00,6389.92,6397.51,6384.17,6390.13,127.598222
2018-07-10 21:15:00,6390.1,6404.77,6390.0,6400.0,167.850686
2018-07-10 21:30:00,6400.0,6404.65,6374.69,6374.69,290.245163
2018-07-10 21:45:00,6374.68,6377.0,6362.29,6365.01,202.826058
2018-07-10 22:00:00,6368.0,6373.99,6351.0,6369.56,223.41493
2018-07-10 22:15:00,6373.57,6377.0,6366.87,6374.0,84.404781
2018-07-10 22:30:00,6374.0,6377.0,6360.0,6364.0,135.131889
2018-07-10 22:45:00,6360.23,6369.66,6355.69,6358.68,153.888261
2018-07-10 23:00:00,6362.03,6364.4,6351.1,6360.02,158.604068
2018-07-10 23:15:00,6357.38,6360.01,6263.0,6300.01,1950.050043
2018-07-10 23:30:00,6303.62,6309.99,6284.78,6303.88,341.721951
2018-07-10 23:45:00,6308.21,6309.23,6282.77,6296.91,339.60658
2018-07-11 00:00:00,6296.91,6388.28,6278.99,6360.0,975.342062
2018-07-11 00:15:00,6360.0,6386.45,6345.0,6370.58,976.221311
2018-07-11 00:30:00,6370.66,6400.0,6366.7,6378.99,551.541191
2018-07-11 00:45:00,6377.0,6386.88,6374.31,6386.02,194.66568
2018-07-11 01:00:00,6386.01,6398.05,6368.32,6374.98,314.461972
2018-07-11 01:15:00,6374.33,6384.32,6367.7,6380.08,214.305821
2018-07-11 01:30:00,6381.63,6382.0,6363.23,6372.5,219.686506
2018-07-11 01:45:00,6370.12,6373.0,6351.99,6365.55,293.509621
2018-07-11 02:00:00,6365.55,6377.06,6365.55,6365.79,323.962939
2018-07-11 02:15:00,6366.08,6368.01,6356.19,6362.51,306.779167
2018-07-11 02:30:00,6362.89,6373.8,6362.5,6368.68,223.611494
2018-07-11 02:45:00,6367.78,6372.65,6360.03,6363.16,212.426241
2018-07-11 03:00:00,6363.17,6368.99,6361.59,6366.09,311.52324
2018-07-11 03:15:00,6366.09,6368.99,6360.07,6368.99,127.700697
2018-07-11 03:30:00,6368.83,6370.96,6350.0,6354.6,373.05672
2018-07-11 03:45:00,6351.55,6354.6,6329.5,6337.0,590.060227
2018-07-11 04:00:00,6337.0,6347.47,6330.02,6341.3,219.627594
2018-07-11 04:15:00,6341.29,6344.77,6309.06,6326.06,357.312063
2018-07-11 04:30:00,6326.04,6360.0,6316.9,6354.02,311.522952
2018-07-11 04:45:00,6354.02,6359.99,6334.44,6348.6,247.131723
2018-07-11 05:00:00,6348.5,6349.92,6317.01,6326.0,182.795782
2018-07-11 05:15:00,6323.78,6342.32,6321.88,6333.06,130.610611
2018-07-11 05:30:00,6334.96,6338.09,6315.18,6321.65,248.0771
2018-07-11 05:45:00,6321.65,6342.32,6280.0,6341.92,981.373162
2018-07-11 06:00:00,6341.92,6342.36,6315.66,6323.09,219.572342
2018-07-11 06:15:00,6323.11,6326.97,6297.21,6305.2,353.481725
2018-07-11 06:30:00,6306.41,6314.79,6280.0,6306.68,627.638121
2018-07-11 06:45:00,6307.16,6320.0,6298.11,6304.34,284.286316
2018-07-11 07:00:00,6306.01,6345.88,6303.79,6328.43,325.998473
2018-07-11 07:15:00,6329.69,6346.89,6328.0,6345.0,355.061699
2018-07-11 07:30:00,6345.0,6345.99,6321.63,6340.02,252.263425
2018-07-11 07:45:00,6340.01,6366.3,6335.99,6346.01,424.023602
2018-07-11 08:00:00,6345.01,6364.76,6344.22,6356.19,314.05635
2018-07-11 08:15:00,6356.21,6363.74,6351.66,6358.45,283.398133
2018-07-11 08:30:00,6360.84,6374.4,6346.57,6368.01,359.814775
2018-07-11 08:45:00,6366.94,6379.57,6362.08,6372.99,412.795608
2018-07-11 09:00:00,6373.0,6373.99,6351.54,6352.77,263.069386
2018-07-11 09:15:00,6352.77,6356.0,6338.49,6348.02,223.973318
2018-07-11 09:30:00,6347.36,6350.93,6315.01,6322.8,477.036211
2018-07-11 09:45:00,6323.88,6342.57,6317.22,6334.0,317.368931
2018-07-11 10:00:00,6334.0,6350.0,6331.58,6347.24,427.085192
2018-07-11 10:15:00,6347.25,6349.62,6325.56,6332.91,204.181972
2018-07-11 10:30:00,6330.02,6347.8,6324.93,6338.31,209.905591
2018-07-11 10:45:00,6342.13,6357.59,6336.25,6351.26,313.93843
2018-07-11 11:00:00,6349.63,6362.42,6345.01,6357.47,345.610188
2018-07-11 11:15:00,6357.47,6370.0,6355.17,6359.8,257.320117
2018-07-11 11:30:00,6359.8,6406.0,6358.0,6400.01,541.036998
2018-07-11 11:45:00,6400.01,6406.0,6367.05,6374.97,381.424189
2018-07-11 12:00:00,6374.94,6390.0,6355.0,6357.7,455.101531
2018-07-11 12:15:00,6357.7,6365.6,6355.0,6360.0,229.003204
2018-07-11 12:30:00,6359.01,6372.97,6355.0,6370.23,340.169558
2018-07-11 12:45:00,6372.97,6375.27,6363.0,6369.85,410.680555
2018-07-11 13:00:00,6369.92,6385.0,6362.0,6382.0,238.148686
2018-07-11 13:15:00,6382.0,6391.91,6372.17,6382.05,318.7836
2018-07-11 13:30:00,6382.05,6384.04,6365.0,6374.0,260.253588
2018-07-11 13:45:00,6374.0,6380.0,6372.12,6377.51,252.008407
2018-07-11 14:00:00,6374.42,6379.08,6340.0,6347.04,295.604222
2018-07-11 14:15:00,6349.94,6362.05,6345.91,6356.7,255.376608
2018-07-11 14:30:00,6358.2,6359.0,6351.13,6356.15,183.503051
2018-07-11 14:45:00,6356.14,6371.03,6355.93,6366.0,266.147953
2018-07-11 15:00:00,6366.64,6367.67,6349.49,6357.03,245.460487
2018-07-11 15:15:00,6357.03,6359.34,6347.73,6353.0,156.511386
2018-07-11 15:30:00,6353.0,6363.16,6350.0,6359.02,215.377267
2018-07-11 15:45:00,6359.02,6362.55,6353.12,6359.99,132.990343
2018-07-11 16:00:00,6360.0,6361.0,6330.52,6339.99,350.517541
2018-07-11 16:15:00,6338.32,6346.99,6322.09,6334.97,366.479654
2018-07-11 16:30:00,6333.56,6357.99,6330.59,6347.78,297.362144
2018-07-11 16:45:00,6348.98,6349.02,6335.68,6338.4,153.144881
2018-07-11 17:00:00,6338.34,6363.91,6338.34,6352.02,303.458472
2018-07-11 17:15:00,6354.45,6364.5,6333.94,6349.0,273.346074
2018-07-11 17:30:00,6349.0,6352.99,6334.73,6337.49,121.166004
2018-07-11 17:45:00,6338.75,6360.09,6337.5,6347.07,130.543901
2018-07-11 18:00:00,6347.06,6350.0,6340.0,6346.85,63.802924
2018-07-11 18:15:00,6345.42,6350.0,6341.0,6347.86,230.443595
2018-07-11 18:30:00,6347.93,6348.0,6332.71,6340.0,88.701938
2018-07-11 18:45:00,6340.0,6340.62,6335.0,6337.54,274.798942
2018-07-11 19:00:00,6337.4,6337.64,6329.35,6330.02,249.659556
2018-07-11 19:15:00,6330.5,6337.64,6322.66,6336.0,240.343469
2018-07-11 19:30:00,6335.99,6336.05,6282.83,6320.2,626.000233
2018-07-11 19:45:00,6323.38,6348.0,6317.8,6344.59,203.879023
2018-07-11 20:00:00,6345.29,6355.0,6339.42,6346.51,350.572202
2018-07-11 20:15:00,6346.51,6359.09,6344.33,6355.99,156.370239
2018-07-11 20:30:00,6355.98,6366.0,6354.0,6363.49,270.971228
2018-07-11 20:45:00,6363.49,6369.5,6347.57,6349.98,272.284449
2018-07-11 21:00:00,6349.98,6369.3,6344.16,6366.44,203.363921
2018-07-11 21:15:00,6366.45,6373.99,6358.07,6367.59,123.016711
2018-07-11 21:30:00,6365.02,6369.59,6340.02,6349.88,154.266932
2018-07-11 21:45:00,6350.18,6360.54,6342.01,6356.83,167.031057
2018-07-11 22:00:00,6358.0,6366.99,6355.63,6357.0,380.572148
2018-07-11 22:15:00,6356.31,6362.97,6353.49,6360.0,144.704594
2018-07-11 22:30:00,6357.15,6369.99,6355.62,6364.1,276.606355
2018-07-11 22:45:00,6366.87,6378.12,6352.79,6360.11,162.013143
2018-07-11 23:00:00,6361.55,6375.77,6353.61,6373.41,152.474292
2018-07-11 23:15:00,6370.44,6375.77,6360.43,6369.46,263.646912
2018-07-11 23:30:00,6369.46,6370.94,6356.71,6370.52,241.107829
2018-07-11 23:45:00,6367.76,6381.08,6367.75,6378.07,106.08071
2018-07-12 00:00:00,6378.07,6380.28,6357.16,6362.82,203.415648
2018-07-12 00:15:00,6362.82,6370.0,6346.0,6353.98,226.479775
2018-07-12 00:30:00,6353.98,6359.99,6350.0,6354.0,224.883888
2018-07-12 00:45:00,6354.0,6362.4,6351.06,6361.92,103.4667
2018-07-12 01:00:00,6360.86,6363.93,6355.0,6355.57,159.157836
2018-07-12 01:15:00,6356.06,6356.61,6346.98,6352.37,185.083924
2018-07-12 01:30:00,6353.68,6356.6,6347.0,6349.18,106.991782
2018-07-12 01:45:00,6351.92,6352.0,6325.0,6326.97,239.585706
2018-07-12 02:00:00,6325.1,6345.79,6301.01,6331.69,298.421072
2018-07-12 02:15:00,6331.69,6337.71,6305.01,6312.01,250.290128
2018-07-12 02:30:00,6312.01,6320.0,6300.18,6311.19,389.361045
2018-07-12 02:45:00,6313.74,6329.0,6313.49,6320.36,216.495755
2018-07-12 03:00:00,6320.41,6331.69,6319.73,6330.01,204.890843
2018-07-12 03:15:00,6330.0,6337.62,6321.47,6337.15,307.07181
2018-07-12 03:30:00,6335.26,6337.6,6330.53,6335.8,307.765028
2018-07-12 03:45:00,6335.0,6344.42,6333.04,6343.8,153.411787
2018-07-12 04:00:00,6343.8,6344.44,6330.0,6332.3,200.826782
2018-07-12 04:15:00,6332.28,6336.0,6328.52,6332.07,281.713035
2018-07-12 04:30:00,6332.06,6340.0,6330.09,6334.46,290.326284
2018-07-12 04:45:00,6334.46,6335.5,6316.52,6325.54,317.01008
2018-07-12 05:00:00,6324.67,6327.68,6305.0,6314.19,276.363702
2018-07-12 05:15:00,6310.54,6322.63,6300.18,6318.01,257.601404
2018-07-12 05:30:00,6318.02,6329.99,6318.0,6326.48,161.526176
2018-07-12 05:45:00,6329.96,6330.0,6326.0,6328.97,81.88614
2018-07-12 06:00:00,6327.99,6329.99,6295.0,6299.92,331.379146
2018-07-12 06:15:00,6302.64,6312.06,6209.0,6212.99,1198.066717
2018-07-12 06:30:00,6212.99,6239.48,6181.0,6219.0,1863.318145
2018-07-12 06:45:00,6219.01,6222.02,6190.0,6210.18,612.832932
2018-07-12 07:00:00,6210.18,6221.99,6186.6,6203.23,615.794415
2018-07-12 07:15:00,6203.23,6203.3,6141.11,6175.67,1082.239253
2018-07-12 07:30:00,6175.65,6189.85,6153.89,6166.91,445.997523
2018-07-12 07:45:00,6166.9,6180.0,6160.0,6177.99,345.72323
2018-07-12 08:00:00,6176.21,6195.0,6170.0,6182.95,311.805943
2018-07-12 08:15:00,6182.48,6183.0,6135.0,6176.43,762.926367
2018-07-12 08:30:00,6174.27,6186.03,6168.02,6181.88,343.357967
2018-07-12 08:45:00,6181.88,6195.0,6177.64,6194.5,374.310372
2018-07-12 09:00:00,6194.97,6200.0,6182.16,6189.89,319.246879
2018-07-12 09:15:00,6191.9,6209.0,6175.2,6182.73,441.53509
2018-07-12 09:30:00,6182.72,6209.0,6175.0,6175.05,251.653259
2018-07-12 09:45:00,6178.92,6194.0,6173.0,6190.7,195.24053
2018-07-12 10:00:00,6185.84,6185.84,6145.01,6176.29,534.268814
2018-07-12 10:15:00,6175.89,6175.92,6153.2,6172.01,324.328783
2018-07-12 10:30:00,6173.0,6175.88,6163.49,6175.4,230.208194
2018-07-12 10:45:00,6170.36,6175.03,6162.73,6170.75,307.048738
2018-07-12 11:00:00,6171.55,6179.0,6167.0,6177.81,203.235216
2018-07-12 11:15:00,6177.82,6177.82,6156.28,6157.92,330.376307
2018-07-12 11:30:00,6160.52,6166.27,6136.5,6149.84,516.223495
2018-07-12 11:45:00,6149.84,6169.97,6141.11,6165.76,357.129163
2018-07-12 12:00:00,6165.76,6192.92,6155.0,6187.19,323.896123
2018-07-12 12:15:00,6187.18,6190.0,6171.0,6181.65,271.133995
2018-07-12 12:30:00,6183.07,6184.91,6169.68,6178.92,273.138881
2018-07-12 12:45:00,6178.92,6179.0,6168.33,6171.99,129.837447
2018-07-12 13:00:00,6171.99,6177.99,6170.4,6175.94,213.695047
2018-07-12 13:15:00,6175.94,6175.94,6159.0,6170.64,298.273906
2018-07-12 13:30:00,6170.63,6170.64,6160.2,6164.01,230.99846
2018-07-12 13:45:00,6163.52,6181.59,6160.57,6181.02,346.193454
2018-07-12 14:00:00,6181.3,6198.36,6174.99,6187.54,273.801047
2018-07-12 14:15:00,6187.54,6190.98,6170.0,6173.31,284.015
2018-07-12 14:30:00,6175.19,6186.52,6173.14,6180.08,153.091774
2018-07-12 14:45:00,6178.35,6180.09,6165.16,6174.11,215.663715
2018-07-12 15:00:00,6174.35,6175.0,6152.04,6158.97,236.594813
2018-07-12 15:15:00,6158.98,6171.0,6152.0,6168.07,225.511838
2018-07-12 15:30:00,6168.07,6173.32,6163.07,6165.01,213.262384
2018-07-12 15:45:00,6165.01,6171.21,6155.0,6167.36,247.131963
2018-07-12 16:00:00,6163.65,6184.28,6158.0,6175.56,370.640551
2018-07-12 16:15:00,6174.12,6190.18,6173.67,6176.99,382.393751
2018-07-12 16:30:00,6176.99,6193.41,6170.0,6178.62,400.308319
2018-07-12 16:45:00,6177.45,6188.99,6177.45,6182.18,199.903192
2018-07-12 17:00:00,6182.18,6185.0,6173.12,6182.02,357.07
2018-07-12 17:15:00,6182.63,6185.0,6170.0,6174.14,166.95269
2018-07-12 17:30:00,6172.97,6181.58,6161.06,6167.91,170.723824
2018-07-12 17:45:00,6167.91,6178.0,6165.06,6177.5,117.823711
2018-07-12 18:00:00,6176.54,6181.6,6173.39,6181.23,128.139253
2018-07-12 18:15:00,6181.23,6184.06,6173.22,6174.19,148.565199
2018-07-12 18:30:00,6175.24,6176.22,6166.68,6169.0,103.858988
2018-07-12 18:45:00,6169.0,6175.08,6165.1,6168.99,131.881691
2018-07-12 19:00:00,6169.0,6173.68,6165.0,6166.0,223.682265
2018-07-12 19:15:00,6166.0,6170.0,6155.01,6158.38,339.784969
2018-07-12 19:30:00,6158.39,6168.04,6154.82,6167.69,241.887107
2018-07-12 19:45:00,6166.07,6177.68,6155.87,6173.98,204.643574
2018-07-12 20:00:00,6173.98,6189.59,6170.27,6177.99,197.574755
2018-07-12 20:15:00,6177.99,6177.99,6162.01,6170.97,189.314709
2018-07-12 20:30:00,6170.94,6180.24,6164.82,6173.41,121.021018
2018-07-12 20:45:00,6173.41,6175.15,6165.15,6166.26,74.576923
2018-07-12 21:00:00,6166.55,6174.33,6160.12,6160.98,124.703178
2018-07-12 21:15:00,6160.98,6165.64,6155.0,6162.01,164.335434
2018-07-12 21:30:00,6162.02,6163.97,6154.82,6154.82,153.434397
2018-07-12 21:45:00,6154.83,6166.63,6154.82,6165.79,231.020338
2018-07-12 22:00:00,6162.13,6166.63,6151.0,6159.31,152.141927
2018-07-12 22:15:00,6153.03,6163.29,6144.06,6154.75,213.756483
2018-07-12 22:30:00,6154.77,6161.26,6115.0,6144.76,683.670794
2018-07-12 22:45:00,6142.11,6155.0,6136.63,6143.93,182.825812
2018-07-12 23:00:00,6143.17,6149.81,6129.02,6130.0,253.418861
2018-07-12 23:15:00,6130.0,6134.26,6090.0,6110.57,687.993325
2018-07-12 23:30:00,6110.57,6118.75,6070.0,6114.5,689.663896
2018-07-12 23:45:00,6114.49,6274.44,6114.49,6250.57,1820.439759
2018-07-13 00:00:00,6251.4,6253.93,6216.02,6238.61,962.060626
2018-07-13 00:15:00,6238.61,6310.0,6237.09,6272.47,965.185624
2018-07-13 00:30:00,6272.48,6278.53,6240.0,6255.29,326.722404
2018-07-13 00:45:00,6255.3,6261.75,6231.0,6235.85,171.047955
2018-07-13 01:00:00,6236.99,6245.61,6231.03,6238.73,153.989449
2018-07-13 01:15:00,6238.72,6251.59,6234.27,6240.02,190.289044
2018-07-13 01:30:00,6240.02,6250.0,6231.91,6238.06,232.865691
2018-07-13 01:45:00,6239.67,6240.6,6230.0,6230.0,222.922096
2018-07-13 02:00:00,6230.01,6245.0,6225.8,6241.91,187.977697
2018-07-13 02:15:00,6241.87,6253.72,6238.55,6240.95,238.866489
2018-07-13 02:30:00,6240.8,6257.47,6240.03,6249.99,347.638181
2018-07-13 02:45:00,6249.99,6249.99,6235.12,6245.19,262.633937
2018-07-13 03:00:00,6245.07,6255.0,6242.14,6249.37,209.735146
2018-07-13 03:15:00,6247.45,6257.57,6242.87,6247.31,195.499647
2018-07-13 03:30:00,6247.31,6250.0,6239.0,6249.99,90.194714
2018-07-13 03:45:00,6248.0,6260.0,6247.04,6258.95,103.097578
2018-07-13 04:00:00,6256.26,6350.0,6250.01,6257.01,704.033435
2018-07-13 04:15:00,6257.01,6260.32,6244.08,6247.97,81.320655
2018-07-13 04:30:00,6247.93,6249.72,6240.5,6249.35,82.275321
2018-07-13 04:45:00,6249.34,6250.32,6238.0,6247.0,84.845011
2018-07-13 05:00:00,6247.07,6250.96,6238.2,6248.65,187.032005
2018-07-13 05:15:00,6244.59,6254.35,6239.92,6247.26,130.051784
2018-07-13 05:30:00,6248.0,6250.01,6240.0,6244.0,98.361889
2018-07-13 05:45:00,6244.0,6255.12,6241.15,6244.99,103.024792
2018-07-13 06:00:00,6244.99,6248.6,6235.61,6240.0,128.516986
2018-07-13 06:15:00,6238.24,6249.0,6231.2,6235.04,278.663264
2018-07-13 06:30:00,6235.04,6240.0,6211.58,6221.23,367.323457
2018-07-13 06:45:00,6221.23,6239.46,6217.1,6233.86,147.779819
2018-07-13 07:00:00,6233.86,6250.0,6231.0,6245.31,205.10009
2018-07-13 07:15:00,6249.05,6253.41,6236.52,6240.98,377.451361
2018-07-13 07:30:00,6243.16,6255.57,6240.02,6252.02,155.448384
2018-07-13 07:45:00,6250.73,6260.0,6241.58,6255.0,372.129169
2018-07-13 08:00:00,6252.94,6254.99,6235.0,6246.79,184.832951
2018-07-13 08:15:00,6246.79,6253.1,6243.21,6248.26,101.590378
2018-07-13 08:30:00,6248.24,6250.4,6243.21,6248.89,244.38006
2018-07-13 08:45:00,6248.0,6249.99,6234.8,6239.72,337.800669
2018-07-13 09:00:00,6236.33,6247.98,6233.19,6245.08,308.312376
2018-07-13 09:15:00,6247.78,6247.79,6240.75,6241.71,206.6968
2018-07-13 09:30:00,6244.74,6247.15,6240.22,6245.37,278.911472
2018-07-13 09:45:00,6245.31,6245.31,6234.78,6235.45,281.137783
2018-07-13 10:00:00,6235.53,6244.41,6233.2,6239.79,284.734704
2018-07-13 10:15:00,6241.93,6241.93,6231.66,6238.99,329.830581
2018-07-13 10:30:00,6239.0,6241.98,6234.15,6240.1,277.966152
2018-07-13 10:45:00,6240.07,6241.98,6230.0,6233.0,335.608732
2018-07-13 11:00:00,6236.66,6251.0,6231.45,6247.7,324.075081
2018-07-13 11:15:00,6247.71,6250.0,6242.6,6248.97,278.32544
2018-07-13 11:30:00,6248.98,6255.29,6245.17,6250.17,327.370806
2018-07-13 11:45:00,6250.2,6252.0,6240.41,6247.62,348.597445
2018-07-13 12:00:00,6250.55,6266.0,6246.14,6266.0,366.906015
2018-07-13 12:15:00,6266.0,6278.0,6251.38,6256.97,447.321774
2018-07-13 12:30:00,6260.85,6263.02,6250.26,6262.23,273.419124
2018-07-13 12:45:00,6260.01,6295.0,6257.12,6277.48,478.051201
2018-07-13 13:00:00,6274.2,6277.18,6259.0,6261.35,301.561532
2018-07-13 13:15:00,6264.91,6269.82,6260.0,6265.62,156.360424
2018-07-13 13:30:00,6263.98,6265.62,6239.0,6243.27,232.281657
2018-07-13 13:45:00,6242.11,6248.99,6238.74,6242.32,184.630208
2018-07-13 14:00:00,6244.5,6249.83,6232.06,6247.0,165.928492
2018-07-13 14:15:00,6248.72,6264.06,6242.13,6252.84,167.796503
2018-07-13 14:30:00,6254.8,6260.89,6248.04,6254.4,158.220319
2018-07-13 14:45:00,6257.29,6257.29,6242.15,6249.43,105.150875
2018-07-13 15:00:00,6245.91,6252.99,6243.4,6250.0,99.484228
2018-07-13 15:15:00,6251.6,6254.36,6246.71,6252.46,95.239689
2018-07-13 15:30:00,6252.46,6259.17,6248.0,6256.05,114.200651
2018-07-13 15:45:00,6258.0,6265.62,6251.0,6265.0,206.853855
2018-07-13 16:00:00,6265.0,6266.06,6245.01,6246.88,152.522182
2018-07-13 16:15:00,6249.1,6250.62,6241.01,6244.0,89.033867
2018-07-13 16:30:00,6244.0,6262.37,6242.0,6260.9,116.867311
2018-07-13 16:45:00,6260.9,6268.34,6247.01,6256.55,202.52908
2018-07-13 17:00:00,6256.55,6265.33,6254.92,6264.8,79.516119
2018-07-13 17:15:00,6264.8,6268.83,6250.16,6254.99,75.991971
2018-07-13 17:30:00,6254.99,6269.5,6253.38,6266.0,84.378516
2018-07-13 17:45:00,6266.0,6279.44,6262.12,6274.31,150.213794
2018-07-13 18:00:00,6274.31,6281.6,6271.11,6276.11,101.469341
2018-07-13 18:15:00,6277.98,6347.38,6276.11,6298.03,966.551188
2018-07-13 18:30:00,6295.38,6300.32,6245.0,6262.11,387.631874
2018-07-13 18:45:00,6258.22,6262.04,6218.0,6237.24,488.112458
2018-07-13 19:00:00,6237.24,6244.46,6167.0,6193.76,916.802689
2018-07-13 19:15:00,6193.76,6205.91,6180.99,6186.99,365.04172
2018-07-13 19:30:00,6186.99,6200.0,6161.59,6177.77,542.822573
2018-07-13 19:45:00,6177.78,6199.99,6170.01,6178.0,411.987755
2018-07-13 20:00:00,6177.9,6214.0,6110.0,6200.03,1493.062264
2018-07-13 20:15:00,6200.01,6221.02,6165.33,6175.87,714.161126
2018-07-13 20:30:00,6174.99,6201.45,6171.75,6190.16,310.674289
2018-07-13 20:45:00,6193.32,6197.0,6176.0,6188.92,428.956157
2018-07-13 21:00:00,6186.25,6202.13,6177.72,6190.65,144.061022
2018-07-13 21:15:00,6194.15,6212.28,6182.1,6195.0,408.146465
2018-07-13 21:30:00,6194.95,6210.13,6176.0,6202.44,117.478643
2018-07-13 21:45:00,6207.01,6240.0,6202.06,6220.68,219.393974
2018-07-13 22:00:00,6220.5,6224.63,6207.08,6210.54,133.570034
2018-07-13 22:15:00,6214.23,6214.23,6193.61,6202.0,95.560168
2018-07-13 22:30:00,6202.0,6209.0,6194.8,6208.33,131.457391
2018-07-13 22:45:00,6208.31,6226.35,6200.0,6220.12,120.716056
2018-07-13 23:00:00,6220.12,6224.0,6203.87,6207.97,97.376095
2018-07-13 23:15:00,6207.96,6214.21,6202.99,6205.66,81.038131
2018-07-13 23:30:00,6205.66,6208.0,6199.11,6204.98,73.746408
2018-07-13 23:45:00,6204.98,6244.96,6202.87,6214.57,306.792948
2018-07-14 00:00:00,6214.57,6257.5,6211.29,6253.16,171.404833
2018-07-14 00:15:00,6253.59,6256.3,6234.39,6245.88,268.997946
2018-07-14 00:30:00,6245.0,6273.32,6240.03,6245.02,250.305978
2018-07-14 00:45:00,6245.04,6249.0,6236.76,6239.0,76.053818
2018-07-14 01:00:00,6238.0,6257.47,6232.37,6248.45,82.109277
2018-07-14 01:15:00,6250.54,6268.32,6248.45,6262.3,69.494174
2018-07-14 01:30:00,6262.73,6280.0,6215.9,6232.85,356.900321
2018-07-14 01:45:00,6232.84,6243.84,6226.98,6239.35,77.539317
2018-07-14 02:00:00,6236.57,6236.57,6226.98,6230.89,35.86258
2018-07-14 02:15:00,6229.92,6241.43,6227.57,6241.01,35.748398
2018-07-14 02:30:00,6238.62,6244.8,6233.0,6234.0,41.6231
2018-07-14 02:45:00,6233.0,6235.24,6226.98,6228.0,60.931524
2018-07-14 03:00:00,6228.0,6229.77,6220.0,6221.28,86.708191
2018-07-14 03:15:00,6220.52,6220.53,6205.73,6211.99,107.623913
2018-07-14 03:30:00,6211.99,6217.16,6201.17,6215.55,163.748959
2018-07-14 03:45:00,6211.61,6215.5,6191.78,6208.98,236.991768
2018-07-14 04:00:00,6208.98,6219.89,6205.69,6216.1,183.213962
2018-07-14 04:15:00,6217.98,6220.0,6210.37,6218.99,76.108981
2018-07-14 04:30:00,6219.5,6222.2,6214.5,6221.77,76.628246
2018-07-14 04:45:00,6219.52,6221.59,6212.98,6219.76,62.104848
2018-07-14 05:00:00,6219.38,6219.38,6210.01,6218.79,143.408046
2018-07-14 05:15:00,6218.81,6230.0,6216.0,6227.8,196.302055
2018-07-14 05:30:00,6229.99,6232.4,6223.62,6230.0,85.127625
2018-07-14 05:45:00,6230.0,6233.08,6216.38,6220.69,132.368509
2018-07-14 06:00:00,6222.83,6229.61,6202.39,6223.59,213.782669
2018-07-14 06:15:00,6223.6,6227.39,6220.78,6224.44,120.868741
2018-07-14 06:30:00,6224.44,6226.89,6218.78,6222.34,80.680407
2018-07-14 06:45:00,6221.62,6222.34,6195.0,6203.29,199.9123
2018-07-14 07:00:00,6203.39,6212.46,6201.06,6210.0,238.982172
2018-07-14 07:15:00,6209.99,6226.3,6209.99,6218.33,335.145033
2018-07-14 07:30:00,6216.17,6220.0,6213.89,6219.38,130.642228
2018-07-14 07:45:00,6219.38,6226.29,6217.36,6222.99,204.206825
2018-07-14 08:00:00,6222.02,6223.2,6213.87,6220.3,183.500109
2018-07-14 08:15:00,6220.3,6224.0,6210.0,6215.27,114.893785
2018-07-14 08:30:00,6215.27,6216.48,6203.46,6212.0,188.321048
2018-07-14 08:45:00,6213.58,6221.0,6210.04,6217.38,241.745615
2018-07-14 09:00:00,6217.37,6219.27,6201.25,6206.98,134.999845
2018-07-14 09:15:00,6206.98,6207.98,6185.03,6193.14,501.742109
2018-07-14 09:30:00,6193.14,6197.1,6178.0,6183.01,215.580986
2018-07-14 09:45:00,6182.5,6200.0,6178.0,6198.83,116.040125
2018-07-14 10:00:00,6198.83,6211.75,6195.7,6200.0,247.75088
2018-07-14 10:15:00,6201.01,6210.35,6197.03,6210.02,204.734225
2018-07-14 10:30:00,6210.0,6217.3,6200.0,6210.01,109.12745
2018-07-14 10:45:00,6210.01,6220.72,6210.0,6220.0,111.424457
2018-07-14 11:00:00,6220.0,6231.85,6215.0,6226.7,242.500377
2018-07-14 11:15:00,6229.62,6234.99,6220.86,6220.86,127.377515
2018-07-14 11:30:00,6223.81,6232.0,6223.24,6230.42,247.133276
2018-07-14 11:45:00,6230.43,6245.0,6229.0,6237.01,286.397359
2018-07-14 12:00:00,6237.01,6250.99,6235.17,6238.97,362.848167
2018-07-14 12:15:00,6238.94,6240.99,6230.61,6233.02,130.900279
2018-07-14 12:30:00,6233.01,6243.32,6230.85,6236.76,81.067528
2018-07-14 12:45:00,6236.76,6237.0,6225.0,6226.0,182.742499
2018-07-14 13:00:00,6225.99,6235.84,6224.99,6226.98,198.685964
2018-07-14 13:15:00,6225.83,6235.96,6224.5,6232.22,181.709876
2018-07-14 13:30:00,6232.21,6235.96,6228.02,6232.62,110.944922
2018-07-14 13:45:00,6232.69,6237.84,6230.32,6237.84,177.631793
2018-07-14 14:00:00,6237.55,6252.89,6232.65,6243.38,181.163426
2018-07-14 14:15:00,6243.5,6247.18,6228.27,6245.51,90.584789
2018-07-14 14:30:00,6246.01,6249.09,6232.0,6232.03,199.65514
2018-07-14 14:45:00,6232.2,6239.27,6232.2,6237.96,84.087397
2018-07-14 15:00:00,6237.95,6238.0,6225.0,6230.03,157.286328
2018-07-14 15:15:00,6230.02,6233.61,6220.0,6227.52,157.40073
2018-07-14 15:30:00,6227.52,6248.0,6227.48,6240.0,164.398024
2018-07-14 15:45:00,6240.0,6245.91,6238.26,6242.01,118.689983
2018-07-14 16:00:00,6242.26,6271.86,6242.0,6270.38,329.722415
2018-07-14 16:15:00,6271.86,6274.41,6253.99,6267.69,246.442333
2018-07-14 16:30:00,6267.0,6269.13,6254.01,6258.61,162.344881
2018-07-14 16:45:00,6258.7,6270.0,6252.8,6269.01,231.504688
2018-07-14 17:00:00,6269.04,6272.84,6258.18,6263.99,182.715153
2018-07-14 17:15:00,6263.98,6269.2,6260.05,6262.99,137.787905
2018-07-14 17:30:00,6263.0,6269.07,6256.56,6263.88,129.158547
2018-07-14 17:45:00,6263.86,6267.59,6257.71,6263.86,103.825133
2018-07-14 18:00:00,6264.92,6300.0,6259.73,6266.87,343.516369
2018-07-14 18:15:00,6263.19,6263.19,6232.17,6245.5,307.171954
2018-07-14 18:30:00,6244.6,6249.99,6232.4,6239.76,125.207348
2018-07-14 18:45:00,6239.76,6247.99,6234.72,6236.99,93.618575
2018-07-14 19:00:00,6237.0,6240.92,6206.12,6226.61,256.292239
2018-07-14 19:15:00,6226.61,6269.55,6216.0,6256.0,354.021591
2018-07-14 19:30:00,6251.42,6273.39,6249.02,6269.09,179.175172
2018-07-14 19:45:00,6269.1,6275.0,6259.01,6270.01,196.313486
2018-07-14 20:00:00,6270.0,6273.95,6255.54,6260.0,173.195068
2018-07-14 20:15:00,6260.0,6278.7,6255.01,6278.0,341.755182
2018-07-14 20:30:00,6278.0,6335.0,6251.0,6262.02,834.283047
2018-07-14 20:45:00,6262.01,6283.99,6205.0,6268.22,674.987484
2018-07-14 21:00:00,6270.32,6288.63,6260.0,6266.21,256.749334
2018-07-14 21:15:00,6266.21,6270.0,6254.24,6266.42,382.998945
2018-07-14 21:30:00,6266.42,6275.0,6263.27,6269.99,139.645324
2018-07-14 21:45:00,6269.99,6276.0,6259.38,6264.0,152.014356
2018-07-14 22:00:00,6263.87,6274.33,6260.32,6270.33,122.059102
2018-07-14 22:15:00,6272.52,6274.28,6262.49,6269.55,80.291102
2018-07-14 22:30:00,6266.61,6270.29,6250.9,6255.0,106.000861
2018-07-14 22:45:00,6255.29,6261.0,6243.0,6250.78,126.813391
2018-07-14 23:00:00,6250.77,6265.07,6248.39,6261.68,253.253489
2018-07-14 23:15:00,6259.77,6264.48,6257.3,6259.72,119.91872
2018-07-14 23:30:00,6260.6,6262.48,6256.0,6258.0,91.423304
2018-07-14 23:45:00,6256.94,6259.62,6250.0,6251.99,94.272751
2018-07-15 00:00:00,6250.9,6261.27,6250.0,6254.0,136.26949
2018-07-15 00:15:00,6253.99,6256.73,6247.15,6254.76,162.297572
2018-07-15 00:30:00,6252.81,6255.82,6225.4,6240.46,317.45226
2018-07-15 00:45:00,6238.53,6253.55,6231.94,6244.08,165.225874
2018-07-15 01:00:00,6242.76,6249.0,6234.12,6235.1,197.446259
2018-07-15 01:15:00,6236.36,6239.77,6230.33,6234.91,133.055886
2018-07-15 01:30:00,6234.78,6240.95,6229.04,6239.05,82.844887
2018-07-15 01:45:00,6239.06,6242.08,6234.45,6239.91,179.061581
2018-07-15 02:00:00,6242.06,6242.07,6233.44,6241.46,161.276738
2018-07-15 02:15:00,6238.82,6245.99,6232.21,6242.91,128.202516
2018-07-15 02:30:00,6242.91,6245.46,6237.02,6240.34,165.901075
2018-07-15 02:45:00,6240.34,6248.0,6237.03,6242.06,208.733939
2018-07-15 03:00:00,6241.53,6248.0,6239.07,6243.0,141.320361
2018-07-15 03:15:00,6244.74,6249.51,6239.3,6243.96,340.223364
2018-07-15 03:30:00,6243.98,6254.15,6240.47,6250.98,67.559489
2018-07-15 03:45:00,6250.53,6260.0,6245.0,6257.99,221.212461
2018-07-15 04:00:00,6257.99,6268.93,6255.17,6263.0,379.800297
2018-07-15 04:15:00,6263.99,6278.29,6257.77,6263.02,246.436525
2018-07-15 04:30:00,6263.6,6278.0,6261.02,6278.0,203.103458
2018-07-15 04:45:00,6278.0,6284.4,6263.17,6269.0,317.244461
2018-07-15 05:00:00,6268.99,6277.57,6260.0,6274.75,152.379341
2018-07-15 05:15:00,6276.16,6278.04,6267.29,6267.89,160.688867
2018-07-15 05:30:00,6272.19,6279.77,6266.46,6279.77,52.577394
2018-07-15 05:45:00,6276.64,6293.15,6269.46,6287.82,293.997641
2018-07-15 06:00:00,6288.91,6294.95,6274.28,6279.94,211.246852
2018-07-15 06:15:00,6279.97,6284.96,6276.45,6281.86,242.107646
2018-07-15 06:30:00,6281.86,6282.81,6271.96,6281.13,361.309558
2018-07-15 06:45:00,6281.06,6287.73,6275.66,6280.72,173.910705
2018-07-15 07:00:00,6279.43,6283.06,6274.04,6275.11,102.112489
2018-07-15 07:15:00,6275.13,6278.2,6264.86,6265.27,261.602739
2018-07-15 07:30:00,6268.1,6273.27,6266.12,6270.01,258.486511
2018-07-15 07:45:00,6271.54,6284.73,6269.92,6283.99,122.608282
2018-07-15 08:00:00,6282.63,6296.3,6281.17,6285.96,147.493113
2018-07-15 08:15:00,6287.36,6304.0,6282.55,6291.0,402.655859
2018-07-15 08:30:00,6291.0,6315.08,6285.0,6307.12,243.684968
2018-07-15 08:45:00,6312.95,6360.17,6295.75,6320.0,692.775394
2018-07-15 09:00:00,6320.25,6336.94,6315.0,6332.65,299.612948
2018-07-15 09:15:00,6330.0,6332.65,6310.29,6317.26,269.383322
2018-07-15 09:30:00,6317.26,6321.91,6306.3,6310.0,271.645368
2018-07-15 09:45:00,6310.0,6315.97,6295.83,6307.0,250.259927
2018-07-15 10:00:00,6309.99,6325.81,6303.03,6324.8,255.354572
2018-07-15 10:15:00,6321.47,6340.0,6321.47,6334.96,453.985981
2018-07-15 10:30:00,6333.0,6362.99,6331.28,6360.16,399.331767
2018-07-15 10:45:00,6360.16,6395.0,6338.0,6344.0,659.94435
2018-07-15 11:00:00,6344.0,6367.58,6340.8,6354.46,296.758632
2018-07-15 11:15:00,6353.74,6358.99,6346.68,6355.0,204.369404
2018-07-15 11:30:00,6351.65,6361.98,6351.6,6359.0,148.530904
2018-07-15 11:45:00,6357.4,6362.0,6348.85,6355.51,173.554637
2018-07-15 12:00:00,6355.97,6358.0,6346.29,6347.0,117.231644
2018-07-15 12:15:00,6347.98,6354.52,6340.0,6340.03,169.202068
2018-07-15 12:30:00,6340.07,6358.0,6340.02,6354.83,106.483701
2018-07-15 12:45:00,6351.12,6354.83,6332.65,6333.14,338.475461
2018-07-15 13:00:00,6336.01,6344.73,6329.0,6344.25,306.456475
2018-07-15 13:15:00,6341.87,6345.83,6333.36,6338.39,89.887696
2018-07-15 13:30:00,6337.98,6355.0,6333.37,6352.02,375.242387
2018-07-15 13:45:00,6352.25,6365.0,6352.25,6359.99,565.297667
2018-07-15 14:00:00,6358.49,6366.66,6355.0,6355.05,376.298422
2018-07-15 14:15:00,6355.05,6355.93,6340.91,6354.17,386.322812
2018-07-15 14:30:00,6354.17,6356.05,6347.0,6351.99,155.91047
2018-07-15 14:45:00,6350.23,6355.99,6347.74,6350.96,158.284185
2018-07-15 15:00:00,6351.48,6362.41,6350.97,6362.37,211.718666
2018-07-15 15:15:00,6362.37,6381.9,6359.88,6377.92,453.854591
2018-07-15 15:30:00,6377.92,6394.0,6368.68,6385.47,316.593229
2018-07-15 15:45:00,6387.97,6394.0,6370.57,6385.46,231.628763
2018-07-15 16:00:00,6385.46,6394.0,6370.29,6381.34,273.334391
2018-07-15 16:15:00,6383.0,6388.07,6381.29,6383.01,331.648499
2018-07-15 16:30:00,6383.01,6394.73,6377.99,6390.0,419.396632
2018-07-15 16:45:00,6390.0,6395.0,6370.29,6393.01,194.146522
2018-07-15 17:00:00,6393.0,6393.25,6381.03,6381.79,160.903529
2018-07-15 17:15:00,6381.79,6384.5,6370.33,6373.95,233.219958
2018-07-15 17:30:00,6375.15,6378.96,6356.31,6365.68,331.215492
2018-07-15 17:45:00,6365.67,6384.0,6357.54,6375.0,274.77521
2018-07-15 18:00:00,6375.0,6375.39,6365.57,6368.57,173.642411
2018-07-15 18:15:00,6370.83,6370.83,6343.0,6351.71,331.641801
2018-07-15 18:30:00,6351.71,6355.99,6340.0,6352.99,376.40563
2018-07-15 18:45:00,6352.99,6365.0,6348.31,6356.82,180.586029
2018-07-15 19:00:00,6356.82,6360.0,6352.29,6355.91,201.410662
2018-07-15 19:15:00,6355.97,6365.99,6354.01,6358.01,109.732872
2018-07-15 19:30:00,6359.25,6368.86,6357.99,6360.27,181.960545
2018-07-15 19:45:00,6360.28,6371.3,6360.09,6361.66,195.051026
2018-07-15 20:00:00,6365.48,6365.48,6355.0,6359.5,153.111137
2018-07-15 20:15:00,6359.89,6369.56,6359.5,6361.17,188.257811
2018-07-15 20:30:00,6361.17,6367.45,6360.09,6365.0,231.863112
2018-07-15 20:45:00,6364.64,6380.56,6364.56,6378.09,303.749357
2018-07-15 21:00:00,6378.09,6388.0,6378.09,6383.71,286.526793
2018-07-15 21:15:00,6381.3,6385.0,6371.34,6379.45,178.556946
2018-07-15 21:30:00,6378.23,6382.57,6376.43,6382.54,166.978676
2018-07-15 21:45:00,6382.89,6383.5,6376.71,6377.13,120.540865
2018-07-15 22:00:00,6379.99,6385.0,6363.0,6364.99,139.672664
2018-07-15 22:15:00,6363.0,6366.06,6358.0,6361.0,91.938967
2018-07-15 22:30:00,6365.28,6365.29,6349.0,6353.99,145.91126
2018-07-15 22:45:00,6353.49,6365.44,6348.54,6364.95,209.151208
2018-07-15 23:00:00,6363.38,6370.0,6361.82,6366.84,255.92012
2018-07-15 23:15:00,6366.85,6369.38,6354.4,6355.44,189.573433
2018-07-15 23:30:00,6355.43,6359.99,6344.0,6350.89,249.814677
2018-07-15 23:45:00,6350.89,6357.04,6344.21,6353.01,222.647372
2018-07-16 00:00:00,6354.15,6383.85,6348.99,6370.65,395.347874
2018-07-16 00:15:00,6370.66,6375.44,6361.67,6366.06,298.501273
2018-07-16 00:30:00,6366.06,6369.65,6350.05,6350.82,248.821121
2018-07-16 00:45:00,6350.83,6360.88,6350.26,6351.43,344.536694
2018-07-16 01:00:00,6351.45,6356.44,6351.45,6354.08,106.461313
2018-07-16 01:15:00,6355.25,6356.32,6346.01,6349.99,289.074877
2018-07-16 01:30:00,6349.99,6352.34,6346.15,6347.42,220.777351
2018-07-16 01:45:00,6347.43,6349.05,6340.0,6341.0,278.640474
2018-07-16 02:00:00,6342.94,6343.19,6333.33,6335.0,297.790682
2018-07-16 02:15:00,6333.61,6344.39,6333.33,6337.01,306.892418
2018-07-16 02:30:00,6337.0,6345.0,6330.4,6341.67,309.138164
2018-07-16 02:45:00,6339.12,6351.95,6335.41,6350.0,154.151026
2018-07-16 03:00:00,6351.95,6358.0,6348.61,6350.75,136.828394
2018-07-16 03:15:00,6353.87,6367.0,6350.64,6362.18,310.444585
2018-07-16 03:30:00,6362.18,6366.4,6354.0,6357.02,264.581039
2018-07-16 03:45:00,6358.16,6358.82,6348.47,6357.75,296.921775
2018-07-16 04:00:00,6357.75,6357.75,6345.13,6352.94,181.116543
2018-07-16 04:15:00,6352.95,6357.72,6343.61,6348.39,191.098023
2018-07-16 04:30:00,6348.38,6355.0,6347.12,6352.03,231.613879
2018-07-16 04:45:00,6352.35,6355.31,6343.61,6349.48,103.579492
2018-07-16 05:00:00,6349.48,6364.0,6346.0,6361.74,267.862095
2018-07-16 05:15:00,6361.75,6367.67,6357.66,6365.01,210.745024
2018-07-16 05:30:00,6364.01,6365.01,6357.24,6362.2,229.413309
2018-07-16 05:45:00,6363.61,6368.34,6362.01,6367.09,157.220046
2018-07-16 06:00:00,6366.0,6368.39,6362.07,6367.89,221.468065
2018-07-16 06:15:00,6367.89,6371.78,6366.0,6371.02,180.094559
2018-07-16 06:30:00,6371.02,6384.13,6370.01,6383.07,307.284102
2018-07-16 06:45:00,6379.87,6389.67,6368.88,6372.32,385.664623
2018-07-16 07:00:00,6370.0,6388.0,6367.0,6372.29,213.132448
2018-07-16 07:15:00,6368.06,6377.0,6365.0,6365.04,213.971557
2018-07-16 07:30:00,6365.31,6372.9,6363.0,6371.47,167.436804
2018-07-16 07:45:00,6370.61,6373.66,6367.5,6370.0,188.201624
2018-07-16 08:00:00,6370.8,6374.14,6362.49,6365.93,152.27601
2018-07-16 08:15:00,6362.57,6374.69,6362.02,6370.0,130.123645
2018-07-16 08:30:00,6372.97,6381.13,6367.88,6377.02,105.953094
2018-07-16 08:45:00,6377.0,6438.66,6373.1,6381.0,712.267301
2018-07-16 09:00:00,6380.49,6399.0,6375.3,6396.31,442.15531
2018-07-16 09:15:00,6396.31,6500.0,6396.31,6500.0,1567.046092
2018-07-16 09:30:00,6497.32,6537.0,6475.0,6525.0,1133.891312
2018-07-16 09:45:00,6525.0,6534.51,6499.88,6526.03,606.316325
2018-07-16 10:00:00,6527.65,6531.98,6505.13,6516.99,420.380763
2018-07-16 10:15:00,6515.02,6557.0,6512.68,6540.0,790.081903
2018-07-16 10:30:00,6540.0,6545.0,6530.0,6537.99,333.062242
2018-07-16 10:45:00,6537.99,6560.0,6526.01,6553.82,412.715958
2018-07-16 11:00:00,6553.82,6585.0,6542.02,6565.98,566.286385
2018-07-16 11:15:00,6561.96,6615.03,6558.0,6615.03,797.698798
2018-07-16 11:30:00,6613.8,6670.0,6611.87,6622.49,1403.337649
2018-07-16 11:45:00,6622.49,6665.0,6611.0,6635.57,780.972973
2018-07-16 12:00:00,6631.12,6647.77,6585.01,6597.2,771.30168
2018-07-16 12:15:00,6595.79,6625.0,6591.05,6608.0,458.230487
2018-07-16 12:30:00,6608.0,6630.0,6606.52,6611.09,380.316276
2018-07-16 12:45:00,6613.78,6615.4,6600.0,6603.89,323.57233
2018-07-16 13:00:00,6601.14,6621.81,6601.11,6612.01,266.062483
2018-07-16 13:15:00,6612.01,6622.11,6611.0,6611.0,321.800734
2018-07-16 13:30:00,6611.99,6614.79,6580.0,6588.7,694.584487
2018-07-16 13:45:00,6587.86,6596.97,6579.99,6588.0,559.98167
2018-07-16 14:00:00,6588.0,6610.0,6586.87,6604.61,359.128384
2018-07-16 14:15:00,6604.67,6633.89,6604.67,6619.0,558.264727
2018-07-16 14:30:00,6619.0,6631.99,6610.26,6624.96,292.943502
2018-07-16 14:45:00,6624.42,6630.0,6623.88,6629.96,359.196895
2018-07-16 15:00:00,6629.8,6644.95,6628.1,6635.66,419.602735
2018-07-16 15:15:00,6631.63,6649.1,6627.22,6629.85,605.386085
2018-07-16 15:30:00,6627.27,6630.99,6611.01,6622.13,506.353041
2018-07-16 15:45:00,6622.12,6637.09,6615.0,6632.78,492.538339
2018-07-16 16:00:00,6632.45,6648.99,6629.77,6641.72,635.201152
2018-07-16 16:15:00,6644.9,6646.0,6622.06,6623.01,423.746416
2018-07-16 16:30:00,6624.7,6630.87,6616.0,6624.72,444.519955
2018-07-16 16:45:00,6624.85,6630.86,6618.0,6621.57,261.183083
2018-07-16 17:00:00,6621.55,6631.34,6618.5,6629.92,229.758513
2018-07-16 17:15:00,6629.86,6645.0,6625.0,6645.0,484.976405
2018-07-16 17:30:00,6645.0,6714.96,6637.09,6666.0,1394.357801
2018-07-16 17:45:00,6668.59,6687.0,6654.06,6671.0,316.982754
2018-07-16 18:00:00,6671.0,6691.64,6669.99,6683.1,332.802135
2018-07-16 18:15:00,6683.1,6704.71,6680.0,6690.0,365.973206
2018-07-16 18:30:00,6688.98,6690.62,6666.0,6672.68,283.98143
2018-07-16 18:45:00,6672.17,6679.98,6660.01,6664.87,226.3709
2018-07-16 19:00:00,6663.5,6665.85,6652.0,6659.27,209.021453
2018-07-16 19:15:00,6659.99,6672.12,6657.68,6667.91,163.379388
2018-07-16 19:30:00,6667.9,6668.0,6635.58,6657.42,330.974946
2018-07-16 19:45:00,6657.41,6698.98,6650.0,6676.48,436.502829
2018-07-16 20:00:00,6681.95,6681.95,6660.5,6673.87,234.069978
2018-07-16 20:15:00,6673.88,6679.08,6663.0,6668.99,155.889451
2018-07-16 20:30:00,6668.99,6673.06,6655.24,6661.7,339.606428
2018-07-16 20:45:00,6663.13,6680.0,6658.0,6660.74,145.104208
2018-07-16 21:00:00,6663.93,6665.6,6644.09,6649.5,331.705297
2018-07-16 21:15:00,6649.82,6665.89,6649.79,6662.97,319.693424
2018-07-16 21:30:00,6662.94,6663.0,6655.0,6656.12,143.705016
2018-07-16 21:45:00,6656.12,6677.12,6654.05,6665.6,156.656794
2018-07-16 22:00:00,6670.95,6686.0,6666.95,6677.02,362.798282
2018-07-16 22:15:00,6677.03,6689.78,6663.97,6667.07,182.281063
2018-07-16 22:30:00,6667.07,6675.2,6661.8,6665.61,150.611504
2018-07-16 22:45:00,6666.24,6680.0,6661.0,6672.04,277.143852
2018-07-16 23:00:00,6672.04,6681.73,6669.39,6673.58,180.598267
2018-07-16 23:15:00,6673.54,6717.16,6667.09,6697.6,420.734123
2018-07-16 23:30:00,6699.29,6716.87,6685.32,6712.01,370.700051
2018-07-16 23:45:00,6712.01,6747.3,6710.21,6723.35,461.206108
2018-07-17 00:00:00,6723.33,6738.08,6685.66,6710.46,515.065174
2018-07-17 00:15:00,6713.92,6716.89,6701.1,6713.99,351.966073
2018-07-17 00:30:00,6713.99,6723.97,6706.06,6720.02,271.018708
2018-07-17 00:45:00,6720.01,6735.0,6718.88,6733.24,345.743249
2018-07-17 01:00:00,6733.24,6743.0,6719.0,6725.0,310.744155
2018-07-17 01:15:00,6725.0,6730.17,6720.0,6725.0,334.16711
2018-07-17 01:30:00,6724.65,6725.0,6692.47,6705.15,608.251495
2018-07-17 01:45:00,6705.34,6722.62,6704.4,6715.54,332.637553
2018-07-17 02:00:00,6715.53,6731.41,6712.94,6726.8,324.659009
2018-07-17 02:15:00,6726.77,6726.8,6715.0,6720.46,196.923719
2018-07-17 02:30:00,6720.45,6732.97,6717.81,6731.39,391.243035
2018-07-17 02:45:00,6729.66,6741.99,6725.02,6741.64,411.40219
2018-07-17 03:00:00,6741.63,6743.39,6729.63,6729.64,237.192608
2018-07-17 03:15:00,6730.55,6744.86,6729.63,6744.0,259.317722
2018-07-17 03:30:00,6744.01,6754.0,6731.76,6739.56,334.847589
2018-07-17 03:45:00,6739.77,6749.94,6734.38,6739.0,279.743489
2018-07-17 04:00:00,6739.71,6754.99,6735.95,6739.97,311.038302
2018-07-17 04:15:00,6739.97,6743.28,6720.0,6722.89,175.013121
2018-07-17 04:30:00,6721.69,6730.86,6707.21,6716.43,439.768141
2018-07-17 04:45:00,6716.42,6724.59,6697.68,6700.0,355.72347
2018-07-17 05:00:00,6700.0,6710.74,6685.3,6694.15,608.968316
2018-07-17 05:15:00,6694.16,6714.78,6693.11,6707.81,256.811528
2018-07-17 05:30:00,6707.81,6709.48,6672.0,6674.82,439.169304
2018-07-17 05:45:00,6677.6,6692.85,6671.01,6688.91,433.653564
2018-07-17 06:00:00,6687.76,6688.91,6667.06,6673.0,540.194754
2018-07-17 06:15:00,6673.0,6688.16,6667.85,6679.55,332.133147
2018-07-17 06:30:00,6679.55,6679.89,6667.0,6667.07,187.256074
2018-07-17 06:45:00,6667.07,6671.55,6652.04,6669.0,437.2772
2018-07-17 07:00:00,6669.0,6685.36,6666.67,6673.18,449.817439
2018-07-17 07:15:00,6673.18,6700.0,6671.05,6698.01,367.243306
2018-07-17 07:30:00,6698.02,6698.8,6683.34,6691.01,324.581491
2018-07-17 07:45:00,6691.0,6696.69,6688.0,6696.67,373.916707
2018-07-17 08:00:00,6696.67,6719.7,6691.52,6711.44,560.536828
2018-07-17 08:15:00,6711.44,6734.99,6711.43,6722.95,411.473379
2018-07-17 08:30:00,6722.09,6724.86,6705.68,6719.99,189.197195
2018-07-17 08:45:00,6719.99,6725.52,6710.32,6716.04,271.727878
2018-07-17 09:00:00,6716.58,6717.14,6688.91,6704.68,305.663676
2018-07-17 09:15:00,6703.36,6716.98,6701.06,6707.26,229.678168
2018-07-17 09:30:00,6707.26,6710.72,6693.22,6701.22,244.807441
2018-07-17 09:45:00,6701.22,6705.0,6692.01,6698.21,277.983587
2018-07-17 10:00:00,6698.22,6707.94,6697.59,6702.89,383.611025
2018-07-17 10:15:00,6706.18,6706.23,6696.01,6700.0,299.785036
2018-07-17 10:30:00,6700.0,6715.98,6696.27,6710.01,257.751816
2018-07-17 10:45:00,6710.01,6721.65,6705.0,6717.1,232.482744
2018-07-17 11:00:00,6717.1,6724.24,6709.99,6711.17,447.395302
2018-07-17 11:15:00,6714.89,6718.7,6708.0,6708.0,196.256908
2018-07-17 11:30:00,6708.56,6710.0,6701.95,6705.9,204.88811
2018-07-17 11:45:00,6704.99,6705.9,6668.06,6675.76,510.963911
2018-07-17 12:00:00,6675.76,6697.47,6667.72,6696.05,400.55416
2018-07-17 12:15:00,6696.09,6704.0,6689.51,6692.07,213.899591
2018-07-17 12:30:00,6692.07,6695.99,6679.13,6695.98,315.2147
2018-07-17 12:45:00,6695.98,6703.85,6681.87,6694.37,359.650456
2018-07-17 13:00:00,6694.37,6699.91,6691.61,6695.2,400.514193
2018-07-17 13:15:00,6695.2,6696.61,6681.33,6687.91,222.224619
2018-07-17 13:30:00,6687.91,6696.23,6674.35,6682.95,324.181108
2018-07-17 13:45:00,6686.67,6693.25,6680.63,6690.0,219.364985
2018-07-17 14:00:00,6687.03,6709.23,6685.0,6707.0,325.235985
2018-07-17 14:15:00,6707.0,6743.27,6705.08,6728.93,534.953196
2018-07-17 14:30:00,6727.66,6735.68,6705.89,6725.15,398.541908
2018-07-17 14:45:00,6725.15,6726.1,6715.0,6717.82,285.167248
2018-07-17 15:00:00,6717.83,6736.83,6717.8,6727.22,276.513362
2018-07-17 15:15:00,6727.23,6744.8,6723.72,6736.76,358.403486
2018-07-17 15:30:00,6736.76,6782.0,6731.0,6746.97,892.376806
2018-07-17 15:45:00,6746.93,6795.0,6741.63,6778.31,663.483653
2018-07-17 16:00:00,6776.68,6779.46,6740.0,6740.28,600.535673
2018-07-17 16:15:00,6740.33,6753.5,6728.84,6750.0,363.937657
2018-07-17 16:30:00,6750.02,6765.59,6737.94,6757.99,403.126517
2018-07-17 16:45:00,6757.98,6761.06,6747.7,6756.31,257.460554
2018-07-17 17:00:00,6756.3,6780.0,6753.01,6770.73,266.037299
2018-07-17 17:15:00,6770.99,6792.88,6760.08,6778.43,418.274831
2018-07-17 17:30:00,6778.43,7225.0,6775.1,7217.19,4416.574895
2018-07-17 17:45:00,7205.0,7270.53,7111.0,7180.95,2827.387241
2018-07-17 18:00:00,7185.99,7425.0,7175.57,7399.0,3044.186428
2018-07-17 18:15:00,7399.0,7468.99,7322.0,7364.53,2647.198893
2018-07-17 18:30:00,7371.5,7396.5,7311.57,7348.78,1808.470441
2018-07-17 18:45:00,7349.18,7373.2,7320.0,7345.0,738.802085
2018-07-17 19:00:00,7343.03,7368.99,7329.99,7365.02,658.853261
2018-07-17 19:15:00,7365.01,7374.98,7335.58,7351.17,498.917982
2018-07-17 19:30:00,7353.16,7360.0,7261.0,7310.0,992.159017
2018-07-17 19:45:00,7310.31,7320.11,7289.28,7289.64,822.071782
2018-07-17 20:00:00,7289.64,7321.5,7289.29,7317.04,731.503707
2018-07-17 20:15:00,7317.05,7325.0,7308.0,7318.21,571.135199
2018-07-17 20:30:00,7317.05,7320.0,7291.0,7316.32,670.875514
2018-07-17 20:45:00,7316.33,7320.0,7303.0,7317.0,410.734026
2018-07-17 21:00:00,7313.97,7331.09,7310.0,7320.11,443.315118
2018-07-17 21:15:00,7324.06,7374.26,7320.11,7360.05,849.141764
2018-07-17 21:30:00,7360.02,7370.0,7300.83,7363.0,540.508508
2018-07-17 21:45:00,7363.7,7385.67,7345.24,7360.0,567.998621
2018-07-17 22:00:00,7359.99,7367.4,7347.87,7367.39,394.095111
2018-07-17 22:15:00,7367.4,7369.01,7353.0,7358.81,287.583489
2018-07-17 22:30:00,7358.81,7364.96,7325.0,7329.0,471.889428
2018-07-17 22:45:00,7329.0,7330.0,7272.0,7317.09,1161.808261
2018-07-17 23:00:00,7315.0,7328.31,7299.98,7306.98,317.011392
2018-07-17 23:15:00,7309.99,7329.69,7304.22,7320.22,475.648989
2018-07-17 23:30:00,7323.09,7338.0,7320.22,7328.88,293.927164
2018-07-17 23:45:00,7328.84,7335.89,7310.02,7317.44,402.28141
2018-07-18 00:00:00,7317.44,7342.3,7309.64,7327.0,404.781443
2018-07-18 00:15:00,7327.0,7339.99,7325.97,7332.95,290.556662
2018-07-18 00:30:00,7332.95,7374.0,7332.94,7358.03,390.991974
2018-07-18 00:45:00,7358.27,7365.75,7337.65,7343.0,398.560404
2018-07-18 01:00:00,7340.01,7347.0,7317.2,7333.78,503.298035
2018-07-18 01:15:00,7334.0,7340.57,7315.59,7332.03,427.001281
2018-07-18 01:30:00,7337.81,7350.0,7332.8,7340.01,402.86109
2018-07-18 01:45:00,7340.01,7345.66,7327.44,7340.7,349.598684
2018-07-18 02:00:00,7340.7,7350.0,7339.39,7347.53,454.19272
2018-07-18 02:15:00,7347.53,7365.65,7346.0,7351.24,501.009513
2018-07-18 02:30:00,7351.02,7373.99,7350.0,7358.26,438.707833
2018-07-18 02:45:00,7359.76,7455.0,7359.76,7401.09,1146.841922
2018-07-18 03:00:00,7401.09,7550.0,7400.0,7505.04,2015.586387
2018-07-18 03:15:00,7505.04,7510.0,7470.0,7476.41,880.443661
2018-07-18 03:30:00,7476.41,7501.98,7444.5,7467.83,854.078786
2018-07-18 03:45:00,7466.02,7476.42,7446.65,7457.03,408.857182
2018-07-18 04:00:00,7459.0,7480.55,7399.0,7417.41,648.287147
2018-07-18 04:15:00,7416.55,7434.0,7400.01,7432.0,750.292038
2018-07-18 04:30:00,7431.9,7432.12,7410.73,7420.92,513.463797
2018-07-18 04:45:00,7420.97,7434.94,7420.0,7428.57,406.854162
2018-07-18 05:00:00,7428.17,7433.96,7410.01,7422.16,499.529552
2018-07-18 05:15:00,7423.04,7438.0,7417.01,7436.13,391.445658
2018-07-18 05:30:00,7438.0,7458.62,7428.0,7456.01,452.518024
2018-07-18 05:45:00,7458.61,7475.0,7440.74,7455.0,512.99338
2018-07-18 06:00:00,7453.45,7477.91,7453.41,7459.02,448.508766
2018-07-18 06:15:00,7459.02,7473.47,7450.89,7459.18,471.005953
2018-07-18 06:30:00,7459.18,7467.17,7451.84,7465.1,351.267786
2018-07-18 06:45:00,7463.0,7468.0,7460.05,7467.98,246.053915
2018-07-18 07:00:00,7465.19,7473.86,7424.0,7443.89,702.777705
2018-07-18 07:15:00,7443.89,7444.74,7417.51,7426.29,430.233447
2018-07-18 07:30:00,7426.29,7440.0,7420.0,7424.61,428.32426
2018-07-18 07:45:00,7424.6,7440.0,7416.1,7434.0,406.199864
2018-07-18 08:00:00,7434.0,7438.13,7335.0,7358.0,994.555528
2018-07-18 08:15:00,7358.0,7376.04,7310.48,7334.99,1025.78742
2018-07-18 08:30:00,7334.99,7357.26,7331.36,7344.84,574.994761
2018-07-18 08:45:00,7344.83,7380.0,7340.0,7368.54,500.821129
2018-07-18 09:00:00,7367.18,7399.0,7367.18,7385.98,326.922334
2018-07-18 09:15:00,7384.97,7387.0,7363.07,7367.21,353.294281
2018-07-18 09:30:00,7367.21,7385.0,7363.97,7381.96,220.400419
2018-07-18 09:45:00,7380.02,7407.66,7379.74,7401.81,352.570487
2018-07-18 10:00:00,7401.83,7433.49,7401.39,7415.99,495.608983
2018-07-18 10:15:00,7415.99,7416.0,7396.0,7397.13,538.710881
2018-07-18 10:30:00,7397.13,7398.0,7365.1,7386.1,488.788381
2018-07-18 10:45:00,7388.0,7409.96,7385.1,7401.05,377.728866
2018-07-18 11:00:00,7403.62,7419.09,7388.97,7395.0,350.48657
2018-07-18 11:15:00,7395.0,7413.67,7390.0,7409.0,297.425016
2018-07-18 11:30:00,7408.99,7433.58,7403.21,7423.04,394.70244
2018-07-18 11:45:00,7420.24,7425.15,7408.07,7419.0,467.283506
2018-07-18 12:00:00,7418.02,7443.48,7406.23,7434.94,472.655514
2018-07-18 12:15:00,7441.01,7463.11,7431.79,7456.15,581.909093
2018-07-18 12:30:00,7457.38,7472.02,7441.76,7446.05,585.271752
2018-07-18 12:45:00,7446.04,7465.03,7435.89,7435.89,509.824703
2018-07-18 13:00:00,7435.9,7455.0,7431.0,7447.36,318.003735
2018-07-18 13:15:00,7444.03,7450.5,7407.0,7429.12,466.367871
2018-07-18 13:30:00,7429.91,7436.9,7386.12,7420.74,690.326714
2018-07-18 13:45:00,7418.36,7469.37,7413.65,7457.01,723.066434
2018-07-18 14:00:00,7458.14,7503.0,7442.0,7474.02,887.934189
2018-07-18 14:15:00,7479.8,7531.3,7431.66,7458.08,1524.236444
2018-07-18 14:30:00,7461.13,7470.0,7440.16,7457.98,427.582841
2018-07-18 14:45:00,7456.98,7456.98,7432.0,7453.0,436.261418
2018-07-18 15:00:00,7451.71,7453.01,7388.0,7420.0,893.283325
2018-07-18 15:15:00,7419.0,7421.13,7360.4,7414.22,727.777404
2018-07-18 15:30:00,7414.22,7436.54,7414.22,7424.94,351.774338
2018-07-18 15:45:00,7424.94,7432.46,7407.44,7428.73,474.327906
2018-07-18 16:00:00,7428.46,7458.18,7422.0,7452.99,538.694107
2018-07-18 16:15:00,7452.99,7462.0,7443.0,7451.09,506.625534
2018-07-18 16:30:00,7453.91,7455.0,7415.32,7421.58,493.202331
2018-07-18 16:45:00,7421.58,7440.12,7416.25,7435.0,464.057975
2018-07-18 17:00:00,7435.0,7453.0,7432.65,7442.54,422.064811
2018-07-18 17:15:00,7441.26,7442.8,7432.7,7440.0,297.136839
2018-07-18 17:30:00,7440.0,7495.05,7436.0,7478.8,786.570953
2018-07-18 17:45:00,7479.09,7516.15,7460.01,7505.0,670.056163
2018-07-18 18:00:00,7505.0,7588.08,7492.71,7527.99,2042.540836
2018-07-18 18:15:00,7525.33,7539.0,7473.19,7484.6,1261.844744
2018-07-18 18:30:00,7488.61,7500.0,7455.18,7464.38,647.483561
2018-07-18 18:45:00,7466.9,7467.5,7383.44,7429.94,1168.221463
2018-07-18 19:00:00,7429.94,7433.24,7336.13,7348.03,1295.922997
2018-07-18 19:15:00,7349.95,7446.92,7346.0,7396.13,1222.992454
2018-07-18 19:30:00,7401.41,7410.9,7370.0,7373.5,555.086621
2018-07-18 19:45:00,7373.5,7400.0,7352.97,7396.99,838.780291
2018-07-18 20:00:00,7396.83,7398.01,7235.0,7255.01,2012.870885
2018-07-18 20:15:00,7257.93,7317.4,7251.23,7281.47,1322.002644
2018-07-18 20:30:00,7285.97,7288.18,7225.38,7265.53,998.411463
2018-07-18 20:45:00,7268.0,7340.29,7265.06,7334.42,766.935135
2018-07-18 21:00:00,7334.4,7355.0,7290.01,7332.98,551.898888
2018-07-18 21:15:00,7332.98,7343.03,7320.02,7337.52,343.734589
2018-07-18 21:30:00,7337.52,7355.01,7332.46,7336.0,364.657255
2018-07-18 21:45:00,7340.68,7351.0,7317.22,7321.95,248.395864
2018-07-18 22:00:00,7321.94,7332.4,7281.01,7286.0,487.290099
2018-07-18 22:15:00,7284.45,7309.0,7273.87,7278.8,528.775855
2018-07-18 22:30:00,7275.95,7380.0,7262.12,7349.99,890.766614
2018-07-18 22:45:00,7349.99,7374.0,7335.23,7362.19,527.894729
2018-07-18 23:00:00,7362.19,7389.57,7350.0,7374.41,410.257653
2018-07-18 23:15:00,7374.41,7381.02,7355.0,7362.73,398.193695
2018-07-18 23:30:00,7362.73,7394.23,7356.48,7380.98,539.619186
2018-07-18 23:45:00,7380.98,7388.88,7340.0,7381.9,526.849502
2018-07-19 00:00:00,7381.88,7381.9,7357.8,7368.11,468.327059
2018-07-19 00:15:00,7368.84,7369.99,7340.0,7356.0,364.95892
2018-07-19 00:30:00,7356.67,7358.47,7310.0,7310.59,457.119343
2018-07-19 00:45:00,7313.9,7341.83,7301.1,7341.25,431.909369
2018-07-19 01:00:00,7340.0,7340.28,7311.08,7314.45,316.257513
2018-07-19 01:15:00,7314.43,7319.98,7270.0,7304.99,634.708953
2018-07-19 01:30:00,7305.0,7325.16,7300.66,7314.23,259.396473
2018-07-19 01:45:00,7314.23,7320.47,7288.01,7293.96,250.185609
2018-07-19 02:00:00,7291.31,7298.3,7270.0,7287.03,255.331047
2018-07-19 02:15:00,7283.05,7320.0,7281.18,7316.13,277.190641
2018-07-19 02:30:00,7318.99,7333.0,7310.71,7333.0,231.578316
2018-07-19 02:45:00,7333.0,7338.98,7310.72,7323.99,339.907486
2018-07-19 03:00:00,7323.99,7350.21,7319.21,7341.96,263.780071
2018-07-19 03:15:00,7340.01,7350.0,7332.24,7336.86,266.239046
2018-07-19 03:30:00,7341.61,7342.79,7322.75,7335.84,419.755246
2018-07-19 03:45:00,7335.84,7336.44,7313.72,7316.0,209.410149
2018-07-19 04:00:00,7316.0,7322.0,7313.59,7315.35,318.438922
2018-07-19 04:15:00,7315.35,7346.6,7315.35,7338.44,296.98656
2018-07-19 04:30:00,7338.41,7345.99,7324.84,7329.04,177.108195
2018-07-19 04:45:00,7329.24,7332.75,7311.0,7315.02,262.946743
2018-07-19 05:00:00,7315.03,7325.0,7309.48,7324.66,265.961745
2018-07-19 05:15:00,7323.82,7327.82,7306.0,7312.01,279.051534
2018-07-19 05:30:00,7312.01,7327.82,7312.01,7325.05,281.379925
2018-07-19 05:45:00,7325.05,7343.85,7321.04,7330.74,309.957265
2018-07-19 06:00:00,7334.58,7357.59,7329.5,7348.91,370.096522
2018-07-19 06:15:00,7347.28,7366.16,7342.02,7348.96,495.354059
2018-07-19 06:30:00,7345.36,7359.95,7336.09,7354.35,190.973729
2018-07-19 06:45:00,7354.35,7365.0,7339.5,7343.66,385.923697
2018-07-19 07:00:00,7340.65,7349.3,7335.0,7339.6,554.709782
2018-07-19 07:15:00,7339.59,7349.94,7324.21,7331.41,377.729033
2018-07-19 07:30:00,7330.32,7339.23,7314.89,7331.07,266.632084
2018-07-19 07:45:00,7329.98,7333.22,7308.23,7316.66,370.828611
2018-07-19 08:00:00,7316.67,7328.0,7291.37,7320.5,481.393913
2018-07-19 08:15:00,7321.59,7339.45,7319.08,7336.61,296.847126
2018-07-19 08:30:00,7336.61,7337.77,7323.91,7330.09,278.818055
2018-07-19 08:45:00,7329.5,7331.0,7325.0,7326.61,173.338978
2018-07-19 09:00:00,7326.6,7351.16,7325.24,7344.79,337.333084
2018-07-19 09:15:00,7344.78,7354.53,7340.0,7346.5,359.379352
2018-07-19 09:30:00,7346.5,7412.97,7343.21,7390.88,561.903076
2018-07-19 09:45:00,7390.88,7429.43,7377.98,7411.49,789.64886
2018-07-19 10:00:00,7414.0,7422.63,7380.0,7386.81,603.78287
2018-07-19 10:15:00,7387.28,7396.88,7374.12,7385.07,297.104397
2018-07-19 10:30:00,7390.58,7404.57,7385.08,7391.0,232.697294
2018-07-19 10:45:00,7390.07,7397.62,7374.72,7374.72,223.715398
2018-07-19 11:00:00,7374.72,7392.16,7371.0,7381.5,282.383181
2018-07-19 11:15:00,7381.5,7390.0,7375.21,7376.31,241.661301
2018-07-19 11:30:00,7376.31,7395.0,7364.78,7389.0,320.72839
2018-07-19 11:45:00,7389.01,7440.48,7389.0,7414.49,676.454578
2018-07-19 12:00:00,7419.65,7449.96,7408.89,7433.0,752.891337
2018-07-19 12:15:00,7433.0,7440.0,7412.61,7420.71,330.738801
2018-07-19 12:30:00,7420.71,7450.0,7412.81,7439.09,372.492688
2018-07-19 12:45:00,7439.1,7440.0,7416.14,7428.83,425.048571
2018-07-19 13:00:00,7428.83,7450.0,7420.0,7431.83,448.65406
2018-07-19 13:15:00,7431.81,7491.29,7425.43,7481.25,1039.345265
2018-07-19 13:30:00,7481.8,7491.05,7458.0,7477.32,542.910908
2018-07-19 13:45:00,7473.05,7521.86,7469.18,7489.98,998.700114
2018-07-19 14:00:00,7489.92,7490.0,7435.05,7457.47,889.246439
2018-07-19 14:15:00,7457.47,7458.19,7436.02,7447.01,409.74033
2018-07-19 14:30:00,7447.01,7475.0,7445.0,7473.67,549.45783
2018-07-19 14:45:00,7473.67,7488.43,7458.76,7462.65,552.473647
2018-07-19 15:00:00,7462.74,7488.0,7456.3,7485.49,355.239654
2018-07-19 15:15:00,7485.12,7491.57,7462.48,7469.02,504.667414
2018-07-19 15:30:00,7470.0,7470.08,7378.96,7427.96,930.279534
2018-07-19 15:45:00,7421.76,7427.0,7373.25,7392.35,850.79814
2018-07-19 16:00:00,7392.35,7417.97,7384.01,7395.34,607.806139
2018-07-19 16:15:00,7396.66,7423.39,7386.3,7416.99,625.326202
2018-07-19 16:30:00,7415.0,7423.73,7382.44,7387.99,513.616171
2018-07-19 16:45:00,7387.99,7390.09,7352.0,7370.0,836.040626
2018-07-19 17:00:00,7370.01,7420.3,7368.0,7404.24,579.628186
2018-07-19 17:15:00,7401.86,7429.18,7394.0,7416.73,391.804714
2018-07-19 17:30:00,7418.91,7435.0,7410.79,7416.55,583.964991
2018-07-19 17:45:00,7416.55,7431.71,7406.6,7421.88,598.178984
2018-07-19 18:00:00,7422.28,7454.39,7420.55,7436.81,533.813958
2018-07-19 18:15:00,7440.73,7442.52,7416.07,7430.0,507.166198
2018-07-19 18:30:00,7429.97,7429.99,7404.0,7420.21,529.748731
2018-07-19 18:45:00,7420.22,7429.19,7410.06,7427.0,411.976415
2018-07-19 19:00:00,7424.92,7435.0,7416.1,7422.05,191.481183
2018-07-19 19:15:00,7422.54,7480.0,7422.11,7465.52,574.791839
2018-07-19 19:30:00,7461.81,7490.0,7440.0,7484.39,364.675728
2018-07-19 19:45:00,7484.0,7484.01,7446.0,7448.78,242.284496
2018-07-19 20:00:00,7450.0,7468.48,7445.0,7464.96,250.616863
2018-07-19 20:15:00,7463.98,7488.0,7457.99,7464.99,383.285882
2018-07-19 20:30:00,7464.92,7476.71,7420.77,7437.84,400.471335
2018-07-19 20:45:00,7437.81,7447.86,7414.14,7421.84,226.573193
2018-07-19 21:00:00,7418.77,7448.01,7415.72,7437.24,245.177897
2018-07-19 21:15:00,7437.24,7453.83,7433.86,7449.99,115.095226
2018-07-19 21:30:00,7449.99,7460.0,7428.41,7439.88,240.606106
2018-07-19 21:45:00,7439.88,7439.9,7426.0,7432.89,116.288611
2018-07-19 22:00:00,7432.91,7480.0,7431.0,7465.37,373.857572
2018-07-19 22:15:00,7465.37,7480.0,7459.28,7467.76,187.891178
2018-07-19 22:30:00,7467.99,7576.28,7463.38,7500.01,1669.397206
2018-07-19 22:45:00,7500.0,7501.86,7464.97,7485.95,541.439126
2018-07-19 23:00:00,7485.95,7511.59,7450.0,7457.77,478.576541
2018-07-19 23:15:00,7453.16,7468.93,7421.0,7466.0,722.817174
2018-07-19 23:30:00,7464.56,7484.71,7458.83,7479.95,237.14173
2018-07-19 23:45:00,7479.94,7487.12,7460.0,7466.21,176.708004
2018-07-20 00:00:00,7468.86,7479.82,7385.21,7386.0,574.89477
2018-07-20 00:15:00,7386.0,7428.23,7382.39,7400.02,458.248996
2018-07-20 00:30:00,7404.06,7418.55,7367.0,7411.32,648.370753
2018-07-20 00:45:00,7411.33,7418.55,7392.16,7406.69,379.47821
2018-07-20 01:00:00,7402.05,7410.0,7385.76,7406.12,349.479383
2018-07-20 01:15:00,7409.85,7446.18,7404.46,7428.91,463.579657
2018-07-20 01:30:00,7428.91,7445.0,7420.09,7435.21,213.374508
2018-07-20 01:45:00,7435.2,7461.31,7433.07,7457.69,358.908196
2018-07-20 02:00:00,7457.69,7474.38,7435.74,7464.0,530.182118
2018-07-20 02:15:00,7458.05,7464.39,7431.03,7439.98,179.439347
2018-07-20 02:30:00,7439.98,7461.94,7437.54,7460.87,149.372595
2018-07-20 02:45:00,7460.87,7469.86,7455.7,7458.27,194.512221
2018-07-20 03:00:00,7458.27,7464.39,7443.73,7449.54,186.720266
2018-07-20 03:15:00,7449.51,7461.99,7435.01,7439.18,348.741866
2018-07-20 03:30:00,7438.66,7473.18,7438.65,7454.91,322.722941
2018-07-20 03:45:00,7454.75,7473.3,7453.92,7461.35,305.248018
2018-07-20 04:00:00,7461.35,7468.82,7446.28,7452.08,193.836496
2018-07-20 04:15:00,7452.07,7452.08,7439.85,7445.68,202.032846
2018-07-20 04:30:00,7445.68,7456.25,7439.85,7449.98,215.172764
2018-07-20 04:45:00,7449.38,7479.0,7447.95,7452.48,381.672033
2018-07-20 05:00:00,7452.81,7460.9,7448.66,7456.67,226.065833
2018-07-20 05:15:00,7456.64,7464.2,7450.33,7457.01,245.240186
2018-07-20 05:30:00,7457.87,7459.0,7411.84,7427.02,394.050409
2018-07-20 05:45:00,7427.02,7440.0,7417.31,7417.31,348.266464
2018-07-20 06:00:00,7419.68,7427.15,7406.52,7420.46,371.721516
2018-07-20 06:15:00,7421.85,7440.0,7416.96,7422.0,272.64192
2018-07-20 06:30:00,7422.0,7425.0,7375.0,7399.23,646.187159
2018-07-20 06:45:00,7399.23,7399.23,7336.66,7372.57,1063.076224
2018-07-20 07:00:00,7376.28,7380.08,7356.0,7375.05,620.859919
2018-07-20 07:15:00,7375.05,7397.0,7364.46,7394.48,391.846168
2018-07-20 07:30:00,7394.47,7415.34,7392.71,7413.93,513.977435
2018-07-20 07:45:00,7413.93,7449.99,7409.67,7449.99,483.214601
2018-07-20 08:00:00,7443.5,7485.0,7430.0,7461.4,660.449571
2018-07-20 08:15:00,7461.4,7500.02,7455.0,7465.98,805.542832
2018-07-20 08:30:00,7465.98,7483.33,7450.0,7453.07,379.872833
2018-07-20 08:45:00,7453.08,7474.74,7442.66,7465.71,420.745638
2018-07-20 09:00:00,7465.71,7485.0,7456.34,7464.48,339.638273
2018-07-20 09:15:00,7464.48,7481.44,7453.26,7470.02,478.470308
2018-07-20 09:30:00,7470.02,7471.0,7436.92,7446.89,335.135346
2018-07-20 09:45:00,7443.43,7459.39,7435.05,7440.0,340.751313
2018-07-20 10:00:00,7440.0,7473.98,7438.95,7462.83,321.545028
2018-07-20 10:15:00,7462.75,7464.0,7450.0,7450.61,370.061455
2018-07-20 10:30:00,7450.61,7463.58,7445.0,7457.09,161.594417
2018-07-20 10:45:00,7457.11,7472.92,7454.0,7467.99,179.975713
2018-07-20 11:00:00,7467.89,7485.0,7461.31,7477.35,335.443068
2018-07-20 11:15:00,7481.63,7500.03,7466.0,7472.96,460.82329
2018-07-20 11:30:00,7472.96,7487.99,7466.0,7485.01,212.692139
2018-07-20 11:45:00,7487.99,7517.86,7481.0,7504.65,457.384764
2018-07-20 12:00:00,7504.0,7517.99,7460.0,7466.74,536.69303
2018-07-20 12:15:00,7466.74,7482.37,7459.99,7459.99,299.143211
2018-07-20 12:30:00,7459.43,7471.75,7444.9,7445.86,323.428539
2018-07-20 12:45:00,7447.0,7479.84,7444.9,7462.33,490.334201
2018-07-20 13:00:00,7466.59,7478.0,7465.13,7469.02,311.453124
2018-07-20 13:15:00,7469.02,7471.99,7447.37,7456.8,179.478991
2018-07-20 13:30:00,7456.79,7483.48,7448.98,7472.0,223.438517
2018-07-20 13:45:00,7473.7,7482.45,7470.0,7482.07,409.207867
2018-07-20 14:00:00,7482.07,7483.5,7436.4,7464.49,451.164293
2018-07-20 14:15:00,7459.4,7501.95,7459.4,7486.47,543.476835
2018-07-20 14:30:00,7488.0,7504.25,7474.84,7481.39,595.323513
2018-07-20 14:45:00,7481.33,7485.0,7445.27,7479.27,514.855196
2018-07-20 15:00:00,7480.86,7498.57,7479.27,7491.0,297.90612
2018-07-20 15:15:00,7491.0,7521.07,7461.33,7466.03,583.962296
2018-07-20 15:30:00,7465.12,7478.44,7451.0,7471.68,336.122203
2018-07-20 15:45:00,7470.5,7482.34,7464.36,7467.93,216.539534
2018-07-20 16:00:00,7468.96,7496.96,7467.94,7489.99,194.893147
2018-07-20 16:15:00,7489.99,7520.01,7484.03,7506.47,520.767156
2018-07-20 16:30:00,7504.98,7700.0,7498.03,7603.06,2933.174539
2018-07-20 16:45:00,7600.0,7635.18,7468.89,7473.51,1768.851749
2018-07-20 17:00:00,7473.51,7500.0,7361.56,7403.14,2679.974084
2018-07-20 17:15:00,7402.64,7429.0,7335.0,7377.56,1268.15444
2018-07-20 17:30:00,7377.56,7415.17,7355.53,7398.13,546.37534
2018-07-20 17:45:00,7398.12,7398.44,7273.12,7328.66,1394.473452
2018-07-20 18:00:00,7328.66,7368.01,7273.0,7363.99,1511.481667
2018-07-20 18:15:00,7363.99,7382.67,7325.86,7340.0,479.277284
2018-07-20 18:30:00,7336.52,7390.0,7335.48,7366.83,511.026203
2018-07-20 18:45:00,7364.78,7375.0,7343.22,7361.0,380.778908
2018-07-20 19:00:00,7361.22,7369.18,7346.06,7364.95,353.800891
2018-07-20 19:15:00,7368.53,7387.31,7344.22,7350.19,656.023868
2018-07-20 19:30:00,7350.2,7355.19,7300.0,7326.85,701.402814
2018-07-20 19:45:00,7326.84,7353.85,7326.35,7350.05,382.918961
2018-07-20 20:00:00,7353.37,7359.22,7325.68,7350.0,446.679341
2018-07-20 20:15:00,7350.0,7360.3,7340.09,7360.25,368.305038
2018-07-20 20:30:00,7360.22,7370.48,7347.0,7366.99,180.271659
2018-07-20 20:45:00,7366.99,7373.93,7345.0,7348.14,263.529566
2018-07-20 21:00:00,7348.18,7361.0,7343.99,7346.69,290.267814
2018-07-20 21:15:00,7346.69,7367.0,7333.72,7363.0,353.442015
2018-07-20 21:30:00,7363.03,7370.14,7351.7,7360.0,208.962342
2018-07-20 21:45:00,7358.38,7362.58,7296.0,7298.0,411.001672
2018-07-20 22:00:00,7300.99,7333.38,7280.0,7313.4,534.5365
2018-07-20 22:15:00,7309.44,7326.73,7281.1,7324.98,436.888705
2018-07-20 22:30:00,7322.02,7373.5,7314.31,7344.5,344.036188
2018-07-20 22:45:00,7335.61,7359.23,7333.31,7351.63,221.104462
2018-07-20 23:00:00,7351.65,7360.0,7322.67,7328.45,157.125126
2018-07-20 23:15:00,7328.43,7343.0,7320.07,7329.32,332.063275
2018-07-20 23:30:00,7333.25,7338.16,7305.55,7328.06,242.824938
2018-07-20 23:45:00,7331.48,7340.0,7326.16,7337.53,260.111027
2018-07-21 00:00:00,7337.47,7338.19,7303.67,7311.03,362.712372
2018-07-21 00:15:00,7311.03,7317.6,7290.3,7310.46,515.565275
2018-07-21 00:30:00,7310.46,7310.46,7255.15,7285.39,947.304765
2018-07-21 00:45:00,7285.39,7291.23,7211.0,7235.04,1098.932997
2018-07-21 01:00:00,7238.99,7269.99,7228.0,7247.0,278.168367
2018-07-21 01:15:00,7246.86,7268.0,7235.03,7251.08,285.233819
2018-07-21 01:30:00,7250.1,7273.1,7224.0,7270.24,336.254166
2018-07-21 01:45:00,7265.8,7272.39,7241.66,7269.23,262.734698
2018-07-21 02:00:00,7269.22,7295.35,7260.19,7282.0,273.095426
2018-07-21 02:15:00,7285.05,7297.71,7271.58,7277.09,383.807969
2018-07-21 02:30:00,7280.64,7303.91,7271.58,7300.8,339.869895
2018-07-21 02:45:00,7300.81,7301.54,7271.58,7280.73,328.031305
2018-07-21 03:00:00,7282.37,7293.0,7271.58,7272.96,435.958468
2018-07-21 03:15:00,7272.96,7282.76,7260.0,7262.31,304.850043
2018-07-21 03:30:00,7263.96,7295.44,7260.0,7288.07,351.204209
2018-07-21 03:45:00,7289.32,7291.05,7276.97,7280.02,145.860259
2018-07-21 04:00:00,7280.01,7283.26,7255.93,7274.9,301.976169
2018-07-21 04:15:00,7271.59,7286.92,7260.0,7266.26,250.160269
2018-07-21 04:30:00,7266.26,7283.33,7262.03,7278.0,240.409886
2018-07-21 04:45:00,7277.99,7306.0,7274.03,7305.0,331.554846
2018-07-21 05:00:00,7304.99,7325.0,7287.24,7320.46,440.123699
2018-07-21 05:15:00,7324.99,7325.0,7305.57,7318.81,339.619424
2018-07-21 05:30:00,7321.19,7330.0,7290.01,7324.86,490.26382
2018-07-21 05:45:00,7324.86,7330.0,7311.35,7328.99,223.089873
2018-07-21 06:00:00,7328.94,7335.45,7315.65,7318.78,258.230324
2018-07-21 06:15:00,7318.78,7332.87,7318.07,7328.67,109.488069
2018-07-21 06:30:00,7328.67,7359.63,7327.03,7351.03,277.876274
2018-07-21 06:45:00,7350.01,7358.0,7330.38,7340.0,344.793351
2018-07-21 07:00:00,7340.24,7347.14,7325.0,7326.51,370.022323
2018-07-21 07:15:00,7326.51,7348.43,7324.45,7331.05,287.769586
2018-07-21 07:30:00,7334.55,7343.21,7325.0,7341.77,257.218635
2018-07-21 07:45:00,7341.0,7342.0,7319.54,7321.27,179.0773
2018-07-21 08:00:00,7324.0,7334.5,7315.0,7330.62,171.32479
2018-07-21 08:15:00,7330.09,7332.99,7324.0,7324.89,151.864473
2018-07-21 08:30:00,7324.0,7325.0,7320.81,7321.94,147.427386
2018-07-21 08:45:00,7321.94,7329.8,7302.94,7316.94,298.421403
2018-07-21 09:00:00,7316.12,7324.75,7310.0,7323.14,206.959111
2018-07-21 09:15:00,7323.13,7345.55,7321.04,7337.33,292.061894
2018-07-21 09:30:00,7338.61,7350.0,7324.93,7324.97,182.898501
2018-07-21 09:45:00,7329.82,7330.95,7318.54,7326.34,241.232772
2018-07-21 10:00:00,7326.31,7331.0,7309.02,7314.11,168.361968
2018-07-21 10:15:00,7314.11,7315.3,7288.22,7302.07,371.547048
2018-07-21 10:30:00,7302.07,7320.53,7289.18,7290.65,314.572963
2018-07-21 10:45:00,7289.63,7320.0,7289.18,7301.24,290.273585
2018-07-21 11:00:00,7300.96,7303.79,7293.0,7302.62,382.307221
2018-07-21 11:15:00,7302.63,7305.05,7297.44,7303.96,159.770237
2018-07-21 11:30:00,7303.95,7305.0,7298.24,7305.0,269.667151
2018-07-21 11:45:00,7304.05,7332.87,7304.0,7314.19,273.373402
2018-07-21 12:00:00,7314.18,7320.0,7297.44,7315.95,244.208336
2018-07-21 12:15:00,7315.95,7323.0,7311.0,7322.63,174.656121
2018-07-21 12:30:00,7319.71,7344.78,7319.71,7342.51,264.201448
2018-07-21 12:45:00,7342.52,7357.13,7333.79,7337.05,380.88998
2018-07-21 13:00:00,7337.0,7367.92,7337.0,7357.46,438.680565
2018-07-21 13:15:00,7353.51,7370.9,7350.4,7363.49,487.288221
2018-07-21 13:30:00,7363.49,7374.64,7360.0,7364.99,337.903476
2018-07-21 13:45:00,7361.47,7367.0,7350.0,7351.12,327.058169
2018-07-21 14:00:00,7357.07,7386.1,7352.02,7379.94,436.513421
2018-07-21 14:15:00,7379.26,7391.6,7351.29,7352.06,332.858136
2018-07-21 14:30:00,7355.98,7370.0,7351.13,7356.37,218.587305
2018-07-21 14:45:00,7356.39,7364.46,7352.0,7353.09,182.537295
2018-07-21 15:00:00,7356.24,7375.57,7350.0,7370.96,215.724712
2018-07-21 15:15:00,7370.97,7384.98,7362.4,7364.4,326.762456
2018-07-21 15:30:00,7364.42,7415.1,7363.16,7401.42,443.974035
2018-07-21 15:45:00,7401.4,7419.54,7389.81,7391.63,394.699944
2018-07-21 16:00:00,7394.87,7433.73,7391.56,7405.01,424.723432
2018-07-21 16:15:00,7405.01,7406.99,7380.01,7384.56,339.140381
2018-07-21 16:30:00,7384.55,7414.0,7384.07,7406.0,227.658881
2018-07-21 16:45:00,7406.0,7417.5,7396.76,7398.0,211.797545
2018-07-21 17:00:00,7400.0,7411.0,7379.13,7405.9,250.219606
2018-07-21 17:15:00,7399.54,7427.89,7392.07,7407.71,323.609054
2018-07-21 17:30:00,7406.75,7417.62,7402.99,7415.0,439.146888
2018-07-21 17:45:00,7417.0,7430.0,7404.97,7414.49,386.2647
2018-07-21 18:00:00,7412.75,7440.0,7411.01,7430.0,405.841783
2018-07-21 18:15:00,7429.01,7442.12,7424.08,7428.92,275.449017
2018-07-21 18:30:00,7428.92,7430.82,7415.35,7417.73,168.019064
2018-07-21 18:45:00,7417.75,7438.0,7414.49,7433.77,283.082375
2018-07-21 19:00:00,7433.78,7447.0,7418.0,7425.01,334.947695
2018-07-21 19:15:00,7425.0,7433.0,7403.79,7406.75,280.391613
2018-07-21 19:30:00,7406.75,7416.33,7390.13,7405.6,245.828346
2018-07-21 19:45:00,7405.57,7440.0,7402.55,7422.92,231.197436
2018-07-21 20:00:00,7422.92,7458.47,7420.64,7432.87,349.346972
2018-07-21 20:15:00,7432.9,7437.35,7421.0,7428.0,311.07422
2018-07-21 20:30:00,7428.99,7434.68,7415.0,7418.73,229.439475
2018-07-21 20:45:00,7421.89,7421.9,7410.97,7417.91,173.22951
2018-07-21 21:00:00,7417.91,7430.0,7416.21,7430.0,234.534943
2018-07-21 21:15:00,7427.04,7430.0,7421.95,7424.99,350.716634
2018-07-21 21:30:00,7424.97,7427.0,7403.0,7406.96,221.281395
2018-07-21 21:45:00,7406.95,7413.28,7396.08,7404.99,296.109133
2018-07-21 22:00:00,7404.99,7424.0,7401.0,7411.85,103.931792
2018-07-21 22:15:00,7407.04,7413.0,7401.29,7408.13,153.420814
2018-07-21 22:30:00,7408.98,7418.0,7405.55,7417.51,126.628051
2018-07-21 22:45:00,7417.52,7428.99,7415.83,7425.02,303.806019
2018-07-21 23:00:00,7425.04,7429.63,7418.59,7420.02,148.249966
2018-07-21 23:15:00,7421.1,7427.76,7412.98,7416.01,198.274027
2018-07-21 23:30:00,7416.03,7425.71,7405.0,7416.98,143.90934
2018-07-21 23:45:00,7416.99,7417.04,7398.77,7398.78,235.354778
2018-07-22 00:00:00,7399.25,7404.0,7339.0,7390.01,558.861966
2018-07-22 00:15:00,7389.0,7425.1,7389.0,7414.39,261.467333
2018-07-22 00:30:00,7414.4,7444.99,7414.39,7434.24,222.598103
2018-07-22 00:45:00,7434.25,7444.0,7430.66,7443.99,159.20404
2018-07-22 01:00:00,7444.0,7445.0,7430.0,7436.72,316.48975
2018-07-22 01:15:00,7437.36,7438.23,7430.18,7430.65,222.084095
2018-07-22 01:30:00,7431.95,7445.0,7430.56,7445.0,193.294764
2018-07-22 01:45:00,7444.97,7484.23,7444.96,7484.0,572.361518
2018-07-22 02:00:00,7483.63,7487.49,7456.22,7465.99,366.808438
2018-07-22 02:15:00,7460.26,7465.08,7440.01,7440.5,468.293628
2018-07-22 02:30:00,7440.01,7454.16,7422.93,7423.83,250.596074
2018-07-22 02:45:00,7426.83,7443.17,7422.0,7425.78,173.389013
2018-07-22 03:00:00,7426.57,7433.33,7405.39,7432.01,280.009075
2018-07-22 03:15:00,7432.63,7432.63,7410.24,7410.24,246.909568
2018-07-22 03:30:00,7410.23,7432.01,7404.0,7425.8,247.966007
2018-07-22 03:45:00,7425.8,7427.98,7407.67,7422.93,132.096902
2018-07-22 04:00:00,7422.93,7422.93,7387.98,7402.72,382.478104
2018-07-22 04:15:00,7398.01,7402.52,7375.5,7389.94,274.367802
2018-07-22 04:30:00,7393.87,7408.09,7390.28,7407.62,212.917561
2018-07-22 04:45:00,7407.62,7419.79,7397.09,7397.21,316.333706
2018-07-22 05:00:00,7397.21,7402.94,7380.0,7385.12,190.636012
2018-07-22 05:15:00,7388.92,7404.2,7387.0,7400.03,160.292995
2018-07-22 05:30:00,7401.55,7414.2,7396.0,7410.41,91.109148
2018-07-22 05:45:00,7413.2,7419.11,7408.25,7412.43,79.95434
2018-07-22 06:00:00,7413.69,7415.0,7403.55,7410.6,114.441258
2018-07-22 06:15:00,7409.3,7411.69,7381.0,7394.26,473.038793
2018-07-22 06:30:00,7394.25,7399.99,7374.1,7377.04,263.253365
2018-07-22 06:45:00,7377.04,7400.0,7370.1,7399.99,289.512717
2018-07-22 07:00:00,7399.99,7403.69,7391.74,7391.74,108.877878
2018-07-22 07:15:00,7392.99,7393.01,7376.61,7390.0,505.284419
2018-07-22 07:30:00,7389.0,7395.98,7389.0,7392.97,153.344883
2018-07-22 07:45:00,7393.95,7400.43,7392.02,7395.03,81.34176
2018-07-22 08:00:00,7395.03,7427.77,7392.8,7420.36,368.436784
2018-07-22 08:15:00,7420.36,7440.01,7420.28,7429.33,204.85812
2018-07-22 08:30:00,7429.32,7460.0,7426.59,7454.33,282.999721
2018-07-22 08:45:00,7453.28,7453.41,7434.16,7443.58,395.288807
2018-07-22 09:00:00,7443.44,7445.0,7430.08,7445.0,397.240276
2018-07-22 09:15:00,7445.01,7460.0,7433.75,7435.78,322.175948
2018-07-22 09:30:00,7435.78,7444.14,7427.76,7439.93,283.747045
2018-07-22 09:45:00,7438.91,7444.5,7435.44,7436.5,111.442001
2018-07-22 10:00:00,7436.51,7447.53,7426.53,7440.0,165.448419
2018-07-22 10:15:00,7438.72,7454.5,7435.48,7452.86,155.695751
2018-07-22 10:30:00,7452.84,7466.0,7446.02,7455.98,324.570212
2018-07-22 10:45:00,7457.55,7463.8,7453.0,7454.64,298.010502
2018-07-22 11:00:00,7454.64,7458.1,7442.8,7457.82,241.697323
2018-07-22 11:15:00,7456.4,7469.99,7450.0,7453.99,241.511379
2018-07-22 11:30:00,7454.0,7460.0,7450.0,7459.96,191.172952
2018-07-22 11:45:00,7459.96,7468.83,7440.1,7445.02,238.845483
2018-07-22 12:00:00,7446.0,7446.98,7434.95,7435.0,261.528161
2018-07-22 12:15:00,7435.0,7463.0,7434.95,7454.94,251.887312
2018-07-22 12:30:00,7453.2,7454.89,7441.17,7447.01,257.235529
2018-07-22 12:45:00,7446.07,7447.94,7436.0,7439.99,99.256849
2018-07-22 13:00:00,7439.99,7444.47,7434.0,7442.2,263.636743
2018-07-22 13:15:00,7444.46,7451.01,7437.0,7443.93,128.18411
2018-07-22 13:30:00,7445.33,7464.97,7440.59,7458.44,235.510878
2018-07-22 13:45:00,7458.44,7485.78,7429.92,7464.71,442.500525
2018-07-22 14:00:00,7464.69,7476.37,7455.0,7468.19,246.65997
2018-07-22 14:15:00,7468.22,7488.9,7465.17,7481.63,325.926366
2018-07-22 14:30:00,7485.42,7522.0,7466.64,7496.95,601.851091
2018-07-22 14:45:00,7496.95,7515.58,7458.0,7500.01,564.492731
2018-07-22 15:00:00,7500.0,7522.69,7489.08,7513.86,673.326614
2018-07-22 15:15:00,7513.86,7555.0,7510.01,7530.0,702.251995
2018-07-22 15:30:00,7529.97,7550.0,7515.0,7525.77,387.680174
2018-07-22 15:45:00,7525.77,7528.0,7490.01,7527.38,464.667375
2018-07-22 16:00:00,7527.99,7539.9,7512.58,7522.01,256.788872
2018-07-22 16:15:00,7520.06,7539.0,7517.0,7533.96,337.435116
2018-07-22 16:30:00,7533.0,7533.99,7515.01,7515.01,275.193193
2018-07-22 16:45:00,7515.0,7522.34,7486.4,7519.51,311.83967
2018-07-22 17:00:00,7510.63,7525.0,7493.16,7495.43,284.127544
2018-07-22 17:15:00,7496.61,7509.39,7484.4,7492.92,542.521763
2018-07-22 17:30:00,7492.92,7514.05,7487.26,7505.02,447.3122
2018-07-22 17:45:00,7505.02,7509.0,7492.74,7502.0,336.478813
2018-07-22 18:00:00,7505.7,7529.0,7500.25,7519.55,411.875031
2018-07-22 18:15:00,7521.85,7536.18,7517.08,7517.08,203.981727
2018-07-22 18:30:00,7518.0,7532.0,7515.2,7531.12,254.49864
2018-07-22 18:45:00,7531.55,7535.2,7518.49,7520.29,193.36076
2018-07-22 19:00:00,7520.01,7536.0,7515.2,7530.47,268.651662
2018-07-22 19:15:00,7530.48,7534.96,7517.9,7528.67,341.467426
2018-07-22 19:30:00,7528.09,7535.59,7523.07,7525.0,330.425578
2018-07-22 19:45:00,7524.22,7534.21,7517.0,7528.05,197.171169
2018-07-22 20:00:00,7528.04,7539.19,7523.22,7539.18,197.098044
2018-07-22 20:15:00,7539.18,7550.51,7532.7,7547.08,279.454658
2018-07-22 20:30:00,7547.09,7552.0,7525.1,7530.79,205.557159
2018-07-22 20:45:00,7530.79,7540.96,7529.0,7536.02,148.739393
2018-07-22 21:00:00,7539.11,7582.4,7535.1,7579.91,425.960965
2018-07-22 21:15:00,7565.73,7573.88,7342.63,7404.01,2195.66904
2018-07-22 21:30:00,7407.69,7441.54,7380.0,7423.88,555.236668
2018-07-22 21:45:00,7420.48,7430.25,7369.99,7371.01,390.398467
2018-07-22 22:00:00,7371.01,7413.02,7335.5,7409.42,572.467651
2018-07-22 22:15:00,7409.42,7410.0,7364.99,7390.84,293.249237
2018-07-22 22:30:00,7390.84,7407.58,7388.85,7406.0,313.544422
2018-07-22 22:45:00,7407.58,7433.47,7401.02,7407.46,216.202092
2018-07-22 23:00:00,7409.52,7409.52,7382.82,7394.24,177.190667
2018-07-22 23:15:00,7394.35,7410.0,7392.42,7403.0,282.390896
2018-07-22 23:30:00,7404.99,7419.43,7400.6,7413.2,235.433299
2018-07-22 23:45:00,7413.19,7413.2,7390.02,7394.79,289.144457
2018-07-23 00:00:00,7394.78,7435.0,7375.0,7434.57,579.895911
2018-07-23 00:15:00,7434.56,7450.25,7425.35,7441.0,337.680454
2018-07-23 00:30:00,7441.0,7453.15,7428.18,7442.87,186.760316
2018-07-23 00:45:00,7442.95,7480.0,7441.05,7469.78,406.054624
2018-07-23 01:00:00,7469.77,7477.36,7449.99,7470.52,206.162035
2018-07-23 01:15:00,7474.07,7476.13,7460.38,7470.89,192.537617
2018-07-23 01:30:00,7472.04,7496.03,7455.0,7480.99,317.96124
2018-07-23 01:45:00,7480.99,7514.06,7476.72,7514.06,580.86269
2018-07-23 02:00:00,7514.06,7649.0,7510.71,7569.79,1456.383506
2018-07-23 02:15:00,7569.78,7655.5,7556.48,7602.0,1471.702201
2018-07-23 02:30:00,7602.0,7670.0,7599.45,7620.33,1176.404363
2018-07-23 02:45:00,7624.98,7647.0,7600.0,7647.0,331.220563
2018-07-23 03:00:00,7631.79,7649.0,7602.17,7615.34,486.117454
2018-07-23 03:15:00,7618.99,7648.0,7615.33,7638.02,226.875438
2018-07-23 03:30:00,7638.0,7648.0,7615.0,7618.09,177.505231
2018-07-23 03:45:00,7621.99,7628.36,7615.0,7623.0,93.210095
2018-07-23 04:00:00,7623.0,7666.9,7623.0,7636.99,353.662892
2018-07-23 04:15:00,7636.99,7653.36,7631.3,7653.36,190.231927
2018-07-23 04:30:00,7653.36,7687.97,7651.16,7681.43,476.814536
2018-07-23 04:45:00,7681.43,7710.0,7660.0,7674.77,685.010801
2018-07-23 05:00:00,7673.79,7674.77,7631.0,7635.0,325.322376
2018-07-23 05:15:00,7635.0,7665.0,7630.0,7659.32,219.525945
2018-07-23 05:30:00,7662.68,7666.3,7643.02,7646.0,139.15819
2018-07-23 05:45:00,7645.9,7657.45,7643.0,7654.39,123.199153
2018-07-23 06:00:00,7651.83,7675.0,7651.83,7668.0,172.049575
2018-07-23 06:15:00,7668.99,7710.0,7662.56,7672.09,424.438861
2018-07-23 06:30:00,7672.09,7684.05,7648.0,7683.63,353.749555
2018-07-23 06:45:00,7683.63,7710.0,7670.0,7690.0,344.097446
2018-07-23 07:00:00,7690.0,7708.51,7654.25,7667.0,359.140364
2018-07-23 07:15:00,7667.0,7790.0,7664.56,7743.27,1358.406757
2018-07-23 07:30:00,7745.54,7770.85,7723.41,7743.81,468.431116
2018-07-23 07:45:00,7743.8,7768.83,7730.39,7758.94,507.9778
2018-07-23 08:00:00,7758.95,7763.87,7740.0,7755.0,558.617154
2018-07-23 08:15:00,7758.76,7758.76,7689.48,7725.0,523.094223
2018-07-23 08:30:00,7725.0,7733.85,7682.0,7704.99,693.200425
2018-07-23 08:45:00,7704.99,7725.85,7690.0,7721.64,419.226857
2018-07-23 09:00:00,7721.63,7724.15,7685.92,7696.0,569.622732
2018-07-23 09:15:00,7698.99,7703.08,7668.89,7670.49,373.033778
2018-07-23 09:30:00,7674.69,7718.42,7670.51,7707.0,376.338557
2018-07-23 09:45:00,7707.0,7726.29,7699.2,7717.01,337.118325
2018-07-23 10:00:00,7719.09,7726.09,7710.42,7713.99,477.442681
2018-07-23 10:15:00,7713.99,7717.35,7695.0,7702.0,541.025372
2018-07-23 10:30:00,7702.0,7704.52,7688.52,7695.02,508.062209
2018-07-23 10:45:00,7695.34,7695.65,7666.0,7692.5,475.69264
2018-07-23 11:00:00,7692.51,7718.0,7692.11,7711.0,610.975017
2018-07-23 11:15:00,7711.07,7713.83,7692.44,7696.09,394.805677
2018-07-23 11:30:00,7697.98,7699.82,7672.01,7688.66,410.588692
2018-07-23 11:45:00,7688.65,7695.0,7666.0,7695.0,376.366611
2018-07-23 12:00:00,7695.0,7705.08,7685.01,7687.02,215.929536
2018-07-23 12:15:00,7687.02,7691.33,7679.0,7684.1,302.896827
2018-07-23 12:30:00,7684.1,7685.0,7671.0,7679.99,349.86752
2018-07-23 12:45:00,7678.02,7718.02,7675.85,7710.13,584.32338
2018-07-23 13:00:00,7708.0,7720.0,7708.0,7719.0,504.352738
2018-07-23 13:15:00,7719.0,7725.99,7716.69,7719.0,258.661097
2018-07-23 13:30:00,7719.0,7719.1,7708.0,7718.02,275.101021
2018-07-23 13:45:00,7718.01,7732.25,7714.02,7719.17,451.726403
2018-07-23 14:00:00,7719.16,7733.02,7719.16,7722.02,272.415566
2018-07-23 14:15:00,7725.0,7725.0,7708.0,7713.46,257.99225
2018-07-23 14:30:00,7713.46,7714.49,7687.59,7691.02,271.948727
2018-07-23 14:45:00,7691.04,7713.3,7691.04,7697.75,428.126543
2018-07-23 15:00:00,7700.97,7716.04,7697.66,7701.43,297.245813
2018-07-23 15:15:00,7702.0,7725.0,7701.42,7720.89,268.328224
2018-07-23 15:30:00,7720.89,7743.51,7716.99,7738.16,432.923853
2018-07-23 15:45:00,7736.27,7752.0,7726.75,7733.74,433.106602
2018-07-23 16:00:00,7731.5,7737.99,7705.0,7708.02,445.245807
2018-07-23 16:15:00,7708.02,7749.0,7698.02,7745.33,553.33759
2018-07-23 16:30:00,7745.84,7747.0,7722.73,7732.6,253.248567
2018-07-23 16:45:00,7732.61,7744.01,7731.01,7741.76,271.114182
2018-07-23 17:00:00,7741.76,7758.0,7732.77,7738.01,482.90978
2018-07-23 17:15:00,7738.11,7740.0,7716.99,7730.9,389.236471
2018-07-23 17:30:00,7730.06,7733.0,7713.29,7728.22,325.966284
2018-07-23 17:45:00,7729.34,7738.0,7728.2,7734.92,208.247094
2018-07-23 18:00:00,7734.91,7756.99,7731.9,7756.97,242.958961
2018-07-23 18:15:00,7756.96,7799.0,7739.45,7791.27,607.000859
2018-07-23 18:30:00,7791.27,7833.0,7638.8,7738.95,2583.092332
2018-07-23 18:45:00,7738.95,7783.6,7718.0,7743.8,593.937599
2018-07-23 19:00:00,7742.73,7787.71,7731.0,7785.68,465.44416
2018-07-23 19:15:00,7785.68,7790.0,7757.0,7778.07,360.684335
2018-07-23 19:30:00,7778.04,7809.68,7735.0,7754.34,594.204101
2018-07-23 19:45:00,7755.58,7776.3,7748.34,7755.0,301.282318
2018-07-23 20:00:00,7757.0,7780.0,7750.0,7766.99,215.551187
2018-07-23 20:15:00,7767.0,7776.38,7735.0,7735.0,275.432586
2018-07-23 20:30:00,7735.02,7746.33,7712.43,7724.49,502.67907
2018-07-23 20:45:00,7724.94,7741.98,7700.0,7708.06,411.541362
2018-07-23 21:00:00,7708.52,7741.38,7703.0,7736.67,396.010081
2018-07-23 21:15:00,7736.88,7747.98,7730.0,7740.0,133.800263
2018-07-23 21:30:00,7740.0,7757.0,7737.39,7753.64,181.130409
2018-07-23 21:45:00,7750.01,7766.0,7749.64,7762.03,225.152278
2018-07-23 22:00:00,7762.03,7775.0,7746.91,7752.43,286.346527
2018-07-23 22:15:00,7753.0,7775.11,7750.01,7773.27,185.931702
2018-07-23 22:30:00,7773.27,7773.51,7738.0,7745.35,231.189567
2018-07-23 22:45:00,7745.17,7752.39,7720.0,7730.0,633.737655
2018-07-23 23:00:00,7728.05,7730.55,7699.0,7724.66,523.207294
2018-07-23 23:15:00,7724.66,7734.83,7712.6,7725.69,147.628426
2018-07-23 23:30:00,7727.99,7732.95,7702.54,7718.01,406.692155
2018-07-23 23:45:00,7713.53,7724.0,7704.65,7721.01,233.697587
2018-07-24 00:00:00,7721.65,7737.19,7708.54,7715.0,332.224871
2018-07-24 00:15:00,7715.0,7732.0,7696.0,7717.73,344.253219
2018-07-24 00:30:00,7717.71,7720.0,7700.0,7711.52,188.645602
2018-07-24 00:45:00,7712.36,7725.0,7698.01,7724.98,230.20928
2018-07-24 01:00:00,7724.98,7744.41,7721.0,7732.59,344.113059
2018-07-24 01:15:00,7732.59,7752.62,7732.01,7743.0,350.097017
2018-07-24 01:30:00,7743.0,7770.19,7739.0,7756.55,294.972877
2018-07-24 01:45:00,7756.55,7763.65,7743.27,7749.76,245.487971
2018-07-24 02:00:00,7749.75,7780.99,7747.41,7769.99,546.645952
2018-07-24 02:15:00,7769.99,7779.0,7747.04,7750.9,297.430748
2018-07-24 02:30:00,7750.99,7753.12,7721.65,7725.91,279.14449
2018-07-24 02:45:00,7725.91,7748.39,7720.0,7740.31,381.792749
2018-07-24 03:00:00,7740.31,7750.0,7737.23,7746.62,317.944025
2018-07-24 03:15:00,7747.01,7765.06,7743.48,7759.0,420.015073
2018-07-24 03:30:00,7759.0,7794.38,7753.79,7792.01,613.691905
2018-07-24 03:45:00,7792.01,7795.28,7751.0,7774.0,609.890191
2018-07-24 04:00:00,7771.18,7799.0,7766.59,7791.09,368.236537
2018-07-24 04:15:00,7791.11,7798.99,7785.0,7792.2,307.93281
2018-07-24 04:30:00,7793.0,7850.0,7780.0,7821.84,1789.906807
2018-07-24 04:45:00,7822.83,7888.0,7815.01,7865.34,1219.609874
2018-07-24 05:00:00,7865.34,7955.63,7865.0,7950.0,1175.348234
2018-07-24 05:15:00,7950.0,7966.07,7938.17,7962.61,1279.413872
2018-07-24 05:30:00,7962.61,8005.0,7954.0,7998.86,1520.669074
2018-07-24 05:45:00,7999.0,8043.23,7931.01,7985.99,1465.06999
2018-07-24 06:00:00,7982.76,7990.2,7940.2,7979.39,805.830085
2018-07-24 06:15:00,7979.39,7983.17,7954.0,7978.99,446.329964
2018-07-24 06:30:00,7979.2,8007.0,7970.02,7991.01,657.369639
2018-07-24 06:45:00,7991.0,8003.0,7971.52,7989.0,471.709075
2018-07-24 07:00:00,7988.98,8035.0,7987.24,8035.0,538.86119
2018-07-24 07:15:00,8034.83,8047.37,8000.0,8034.92,671.308083
2018-07-24 07:30:00,8034.92,8036.0,8000.0,8020.01,508.947559
2018-07-24 07:45:00,8020.01,8040.95,8016.0,8031.0,504.798529
2018-07-24 08:00:00,8031.01,8042.0,7982.05,7995.99,555.087233
2018-07-24 08:15:00,7996.26,8014.9,7991.0,7999.28,316.755994
2018-07-24 08:30:00,7996.01,8001.25,7974.62,7986.69,427.084952
2018-07-24 08:45:00,7986.69,7999.0,7966.1,7991.53,566.150323
2018-07-24 09:00:00,7991.55,8012.0,7982.16,8000.6,348.742787
2018-07-24 09:15:00,8002.0,8009.0,7996.0,8000.0,306.904014
2018-07-24 09:30:00,7999.25,8028.17,7996.0,8025.34,448.136649
2018-07-24 09:45:00,8025.41,8038.98,8011.4,8024.96,453.202778
2018-07-24 10:00:00,8022.05,8035.3,8014.19,8021.11,415.760223
2018-07-24 10:15:00,8021.11,8053.57,8017.14,8044.99,398.725881
2018-07-24 10:30:00,8045.0,8114.0,8044.1,8102.93,1270.778886
2018-07-24 10:45:00,8103.61,8145.05,8088.23,8144.51,878.17001
2018-07-24 11:00:00,8140.18,8145.0,8095.0,8133.84,798.915007
2018-07-24 11:15:00,8133.84,8190.0,8131.16,8183.07,641.399339
2018-07-24 11:30:00,8183.07,8199.0,8145.03,8174.0,760.208313
2018-07-24 11:45:00,8173.67,8280.0,8173.67,8257.99,1102.99023
2018-07-24 12:00:00,8257.98,8371.93,8255.02,8293.81,1373.969489
2018-07-24 12:15:00,8290.04,8296.3,8211.0,8214.37,1562.184809
2018-07-24 12:30:00,8212.83,8249.0,8125.0,8224.95,1805.433335
2018-07-24 12:45:00,8229.99,8253.0,8190.0,8219.54,930.222397
2018-07-24 13:00:00,8218.71,8228.68,8150.0,8180.75,900.770161
2018-07-24 13:15:00,8180.75,8212.0,8176.57,8193.89,429.636863
2018-07-24 13:30:00,8193.89,8266.96,8190.0,8236.0,821.603588
2018-07-24 13:45:00,8235.0,8268.0,8230.74,8246.05,665.12727
2018-07-24 14:00:00,8248.89,8259.92,8230.02,8249.6,640.422863
2018-07-24 14:15:00,8249.6,8262.0,8169.0,8188.19,1315.353893
2018-07-24 14:30:00,8188.17,8204.23,8166.26,8181.0,1198.179908
2018-07-24 14:45:00,8181.0,8184.99,8120.01,8167.99,1177.928928
2018-07-24 15:00:00,8167.98,8182.0,8144.56,8148.68,624.666685
2018-07-24 15:15:00,8148.68,8195.02,8143.27,8183.14,600.586145
2018-07-24 15:30:00,8183.14,8219.02,8168.89,8179.46,634.35337
2018-07-24 15:45:00,8175.69,8195.43,8171.0,8180.27,561.449169
2018-07-24 16:00:00,8182.4,8197.2,8178.0,8185.29,387.290434
2018-07-24 16:15:00,8183.33,8188.99,8160.99,8161.0,392.597075
2018-07-24 16:30:00,8161.39,8185.3,8160.9,8177.12,370.929441
2018-07-24 16:45:00,8178.54,8189.0,8162.0,8188.97,511.545817
2018-07-24 17:00:00,8186.98,8210.86,8183.3,8200.01,406.125707
2018-07-24 17:15:00,8199.02,8269.32,8194.52,8245.74,819.340614
2018-07-24 17:30:00,8241.01,8283.0,8212.22,8245.0,889.385461
2018-07-24 17:45:00,8249.12,8254.98,8221.51,8242.86,389.771125
2018-07-24 18:00:00,8244.8,8245.0,8200.04,8210.94,433.829977
2018-07-24 18:15:00,8208.24,8254.0,8206.34,8249.65,258.71256
2018-07-24 18:30:00,8248.99,8254.69,8238.36,8243.07,218.715207
2018-07-24 18:45:00,8243.09,8280.0,8242.0,8258.35,455.529901
2018-07-24 19:00:00,8258.34,8312.16,8253.96,8310.01,519.416424
2018-07-24 19:15:00,8310.01,8312.16,8247.0,8270.9,640.48579
2018-07-24 19:30:00,8270.93,8293.63,8252.0,8253.0,338.612838
2018-07-24 19:45:00,8253.76,8268.0,8251.13,8266.24,274.84602
2018-07-24 20:00:00,8266.24,8267.98,8207.0,8215.0,464.745037
2018-07-24 20:15:00,8217.98,8238.49,8185.0,8236.73,496.826858
2018-07-24 20:30:00,8236.73,8250.0,8204.11,8218.14,230.889096
2018-07-24 20:45:00,8218.14,8236.0,8211.8,8235.07,231.174193
2018-07-24 21:00:00,8235.06,8241.78,8202.88,8220.1,417.260793
2018-07-24 21:15:00,8220.11,8272.88,8218.65,8259.96,495.369165
2018-07-24 21:30:00,8259.91,8265.0,8241.47,8259.97,318.575242
2018-07-24 21:45:00,8259.95,8265.0,8250.41,8259.63,347.815302
2018-07-24 22:00:00,8256.73,8300.52,8252.69,8293.8,364.087122
2018-07-24 22:15:00,8293.81,8326.22,8255.19,8303.0,620.105099
2018-07-24 22:30:00,8303.0,8348.0,8294.06,8327.34,510.958958
2018-07-24 22:45:00,8327.34,8334.97,8301.96,8320.0,431.514664
2018-07-24 23:00:00,8320.31,8345.0,8320.0,8329.49,468.758835
2018-07-24 23:15:00,8329.61,8363.74,8328.1,8360.69,495.773799
2018-07-24 23:30:00,8363.69,8443.47,8349.02,8417.81,1244.459385
2018-07-24 23:45:00,8417.81,8486.0,8387.09,8397.24,1216.913967
2018-07-25 00:00:00,8397.24,8460.05,8355.2,8445.9,896.165224
2018-07-25 00:15:00,8445.9,8491.77,8445.9,8474.87,762.172715
2018-07-25 00:30:00,8474.87,8482.69,8423.98,8441.81,557.20237
2018-07-25 00:45:00,8439.18,8461.09,8419.0,8419.0,474.326778
2018-07-25 01:00:00,8419.01,8437.99,8388.0,8430.99,510.241771
2018-07-25 01:15:00,8430.99,8450.0,8429.0,8430.86,275.735299
2018-07-25 01:30:00,8430.86,8437.0,8400.0,8400.11,410.109893
2018-07-25 01:45:00,8400.11,8421.86,8391.35,8409.67,538.847524
2018-07-25 02:00:00,8409.67,8409.67,8331.09,8334.11,1089.192219
2018-07-25 02:15:00,8334.11,8374.51,8314.95,8360.0,822.348152
2018-07-25 02:30:00,8360.0,8366.87,8332.34,8333.01,494.984468
2018-07-25 02:45:00,8337.97,8358.76,8325.0,8341.77,331.928722
2018-07-25 03:00:00,8340.0,8341.8,8299.0,8330.55,638.162272
2018-07-25 03:15:00,8330.55,8340.0,8302.38,8303.35,409.400834
2018-07-25 03:30:00,8303.35,8361.07,8293.0,8351.13,550.610828
2018-07-25 03:45:00,8351.01,8380.91,8346.51,8374.31,393.520548
2018-07-25 04:00:00,8374.31,8374.57,8327.53,8350.99,400.323392
2018-07-25 04:15:00,8348.0,8363.01,8328.75,8354.37,353.199316
2018-07-25 04:30:00,8362.13,8397.24,8354.37,8386.56,325.388909
2018-07-25 04:45:00,8390.89,8426.96,8380.0,8413.67,422.433122
2018-07-25 05:00:00,8410.02,8450.0,8401.76,8420.0,342.475848
2018-07-25 05:15:00,8420.0,8420.2,8396.3,8397.28,212.160718
2018-07-25 05:30:00,8397.28,8419.0,8380.87,8416.67,229.345634
2018-07-25 05:45:00,8411.52,8440.0,8410.01,8434.5,313.858186
2018-07-25 06:00:00,8434.99,8439.9,8368.01,8370.51,584.024182
2018-07-25 06:15:00,8370.51,8390.29,8330.03,8362.14,712.324223
2018-07-25 06:30:00,8362.15,8365.0,8296.3,8303.22,614.527738
2018-07-25 06:45:00,8303.24,8360.0,8303.09,8336.79,487.287402
2018-07-25 07:00:00,8336.79,8364.99,8311.88,8341.15,488.326328
2018-07-25 07:15:00,8343.97,8369.52,8334.03,8357.81,497.544399
2018-07-25 07:30:00,8357.82,8359.0,8332.0,8338.0,210.4256
2018-07-25 07:45:00,8337.99,8355.37,8333.0,8335.0,202.887896
2018-07-25 08:00:00,8335.0,8335.0,8266.79,8284.1,930.679257
2018-07-25 08:15:00,8284.1,8312.82,8261.98,8299.98,779.394151
2018-07-25 08:30:00,8299.89,8320.0,8283.06,8293.0,465.569868
2018-07-25 08:45:00,8294.97,8299.0,8276.0,8292.0,410.603976
2018-07-25 09:00:00,8291.09,8292.08,8230.24,8248.97,600.417926
2018-07-25 09:15:00,8248.95,8248.95,8206.39,8240.21,676.333134
2018-07-25 09:30:00,8240.2,8286.86,8233.0,8245.0,396.502087
2018-07-25 09:45:00,8245.0,8245.0,8215.0,8224.31,508.432957
2018-07-25 10:00:00,8224.31,8224.31,8146.0,8177.01,1269.180394
2018-07-25 10:15:00,8177.01,8179.0,8137.01,8162.0,693.446586
2018-07-25 10:30:00,8162.0,8180.0,8158.93,8170.0,374.204014
2018-07-25 10:45:00,8170.0,8233.98,8169.45,8224.35,608.02943
2018-07-25 11:00:00,8224.35,8229.82,8177.86,8199.97,403.032786
2018-07-25 11:15:00,8199.0,8234.79,8198.03,8210.0,375.944736
2018-07-25 11:30:00,8206.23,8234.99,8206.22,8225.57,317.868239
2018-07-25 11:45:00,8225.57,8229.5,8173.22,8179.1,401.994736
2018-07-25 12:00:00,8184.6,8202.5,8177.13,8194.86,374.564182
2018-07-25 12:15:00,8194.86,8229.58,8190.39,8209.0,352.342777
2018-07-25 12:30:00,8209.97,8209.97,8187.0,8196.0,282.943099
2018-07-25 12:45:00,8196.0,8201.02,8186.92,8201.02,499.404439
2018-07-25 13:00:00,8201.02,8224.87,8200.0,8221.94,416.051262
2018-07-25 13:15:00,8221.94,8221.95,8190.33,8190.76,359.809908
2018-07-25 13:30:00,8194.41,8209.65,8148.01,8205.02,663.320481
2018-07-25 13:45:00,8205.03,8208.78,8175.0,8195.0,440.979391
2018-07-25 14:00:00,8197.44,8206.77,8184.18,8186.45,292.826441
2018-07-25 14:15:00,8186.46,8190.46,8167.86,8186.01,347.308086
2018-07-25 14:30:00,8186.0,8190.76,8175.0,8181.89,315.654923
2018-07-25 14:45:00,8181.0,8194.05,8178.82,8190.78,257.386329
2018-07-25 15:00:00,8190.78,8195.57,8170.0,8170.5,315.270461
2018-07-25 15:15:00,8170.54,8173.78,8103.0,8110.04,1113.377607
2018-07-25 15:30:00,8110.01,8114.02,8050.0,8074.37,1755.971313
2018-07-25 15:45:00,8074.37,8125.03,8061.0,8114.96,879.691679
2018-07-25 16:00:00,8114.96,8147.0,8071.1,8083.75,663.783839
2018-07-25 16:15:00,8086.74,8138.0,8084.68,8134.5,703.119064
2018-07-25 16:30:00,8137.98,8156.3,8125.0,8145.54,526.211712
2018-07-25 16:45:00,8145.54,8179.16,8135.32,8170.02,773.344508
2018-07-25 17:00:00,8170.02,8170.05,8140.0,8155.69,273.061442
2018-07-25 17:15:00,8157.05,8160.67,8136.99,8160.0,373.57209
2018-07-25 17:30:00,8159.99,8167.04,8126.99,8126.99,424.172075
2018-07-25 17:45:00,8126.99,8133.97,8102.86,8126.49,395.150018
2018-07-25 18:00:00,8128.7,8140.0,8120.74,8138.47,228.944666
2018-07-25 18:15:00,8134.86,8138.47,8102.59,8113.31,356.505427
2018-07-25 18:30:00,8114.59,8114.59,8080.0,8082.0,674.582802
2018-07-25 18:45:00,8082.0,8104.31,8071.94,8076.17,340.033094
2018-07-25 19:00:00,8076.1,8126.82,8075.09,8113.0,440.709372
2018-07-25 19:15:00,8113.01,8132.4,8101.0,8125.38,297.221804
2018-07-25 19:30:00,8125.39,8140.0,8115.13,8130.99,312.847161
2018-07-25 19:45:00,8130.98,8174.0,8129.89,8166.98,441.343455
2018-07-25 20:00:00,8166.97,8171.59,8124.0,8139.52,306.109048
2018-07-25 20:15:00,8139.53,8145.83,8130.0,8143.0,215.728289
2018-07-25 20:30:00,8142.3,8157.4,8141.57,8146.26,228.52207
2018-07-25 20:45:00,8146.26,8207.87,8143.0,8191.06,525.669997
2018-07-25 21:00:00,8194.56,8242.36,8180.02,8223.0,588.924688
2018-07-25 21:15:00,8224.92,8286.0,8223.0,8275.0,673.455565
2018-07-25 21:30:00,8276.01,8330.19,8268.24,8270.0,760.816356
2018-07-25 21:45:00,8270.0,8295.0,8240.42,8290.0,413.79515
2018-07-25 22:00:00,8290.0,8290.1,8259.0,8276.0,364.752059
2018-07-25 22:15:00,8274.0,8292.0,8260.0,8285.03,459.270683
2018-07-25 22:30:00,8287.4,8337.6,8272.35,8273.83,607.026195
2018-07-25 22:45:00,8273.83,8287.34,8261.0,8270.86,282.191752
2018-07-25 23:00:00,8270.86,8289.25,8267.72,8277.18,253.296449
2018-07-25 23:15:00,8276.13,8285.0,8201.01,8239.01,672.781463
2018-07-25 23:30:00,8239.01,8246.35,8180.0,8212.12,720.596488
2018-07-25 23:45:00,8212.12,8221.01,8162.0,8175.64,530.091178
2018-07-26 00:00:00,8175.63,8216.43,8175.63,8207.3,383.637005
2018-07-26 00:15:00,8207.31,8210.09,8193.0,8200.13,272.233823
2018-07-26 00:30:00,8200.06,8264.73,8186.9,8245.02,538.252499
2018-07-26 00:45:00,8246.51,8260.84,8235.0,8242.69,476.576233
2018-07-26 01:00:00,8244.1,8247.51,8239.21,8243.58,230.595182
2018-07-26 01:15:00,8243.58,8250.0,8210.91,8212.21,213.713838
2018-07-26 01:30:00,8212.22,8234.98,8212.22,8222.08,313.296493
2018-07-26 01:45:00,8222.08,8226.03,8217.55,8218.53,217.54268
2018-07-26 02:00:00,8218.53,8221.0,8169.26,8183.3,370.445379
2018-07-26 02:15:00,8186.31,8198.02,8172.43,8188.05,231.599867
2018-07-26 02:30:00,8186.02,8228.37,8186.02,8210.3,289.663527
2018-07-26 02:45:00,8209.04,8218.99,8190.01,8202.99,204.987426
2018-07-26 03:00:00,8202.18,8212.16,8180.0,8183.21,219.222932
2018-07-26 03:15:00,8183.2,8217.99,8171.02,8207.39,298.904942
2018-07-26 03:30:00,8208.67,8220.0,8204.97,8212.27,423.928462
2018-07-26 03:45:00,8212.93,8255.4,8211.11,8228.23,476.573124
2018-07-26 04:00:00,8228.23,8250.0,8226.87,8226.89,373.206739
2018-07-26 04:15:00,8226.9,8236.72,8212.32,8218.99,283.306907
2018-07-26 04:30:00,8215.23,8227.1,8195.0,8211.03,271.132992
2018-07-26 04:45:00,8212.86,8244.99,8211.94,8226.43,211.068282
2018-07-26 05:00:00,8226.43,8252.0,8220.11,8225.45,341.378359
2018-07-26 05:15:00,8221.44,8224.97,8207.85,8221.43,279.050412
2018-07-26 05:30:00,8221.44,8223.89,8188.0,8191.0,356.611235
2018-07-26 05:45:00,8190.99,8207.96,8190.0,8196.36,230.991719
2018-07-26 06:00:00,8196.37,8208.01,8193.03,8208.0,183.443937
2018-07-26 06:15:00,8208.0,8238.0,8205.05,8211.87,344.88552
2018-07-26 06:30:00,8211.86,8252.0,8201.0,8247.44,307.624937
2018-07-26 06:45:00,8247.44,8285.36,8232.72,8269.01,527.617801
2018-07-26 07:00:00,8269.03,8315.69,8265.01,8267.75,610.499393
2018-07-26 07:15:00,8267.76,8293.9,8266.17,8282.99,295.04354
2018-07-26 07:30:00,8282.37,8285.0,8232.0,8247.96,495.977922
2018-07-26 07:45:00,8245.01,8255.0,8230.0,8245.87,202.952567
2018-07-26 08:00:00,8245.85,8273.5,8241.57,8270.02,227.725196
2018-07-26 08:15:00,8270.04,8275.0,8238.54,8257.21,213.654528
2018-07-26 08:30:00,8251.81,8275.75,8250.82,8272.0,188.101873
2018-07-26 08:45:00,8272.01,8275.72,8243.1,8253.27,251.273001
2018-07-26 09:00:00,8253.27,8274.51,8250.84,8271.01,415.241039
2018-07-26 09:15:00,8274.46,8291.48,8269.36,8287.67,507.287108
2018-07-26 09:30:00,8290.99,8292.42,8261.17,8270.81,345.343562
2018-07-26 09:45:00,8277.85,8280.71,8265.0,8271.11,541.641829
2018-07-26 10:00:00,8274.9,8292.0,8271.32,8287.64,396.725381
2018-07-26 10:15:00,8287.7,8308.88,8273.05,8302.4,530.311374
2018-07-26 10:30:00,8302.4,8313.99,8280.5,8293.58,389.538904
2018-07-26 10:45:00,8291.57,8301.16,8272.0,8290.47,232.734159
2018-07-26 11:00:00,8290.48,8294.0,8252.0,8256.74,368.942451
2018-07-26 11:15:00,8256.73,8269.59,8225.48,8249.97,381.359922
2018-07-26 11:30:00,8249.97,8252.93,8219.96,8230.0,322.134442
2018-07-26 11:45:00,8230.0,8264.55,8229.27,8251.9,212.03676
2018-07-26 12:00:00,8255.29,8260.0,8203.0,8221.85,421.077299
2018-07-26 12:15:00,8221.85,8224.98,8190.0,8195.6,475.898502
2018-07-26 12:30:00,8195.59,8216.39,8180.0,8211.0,427.346618
2018-07-26 12:45:00,8211.0,8239.98,8208.56,8236.42,260.665609
2018-07-26 13:00:00,8237.98,8239.0,8217.0,8236.09,246.699681
2018-07-26 13:15:00,8236.11,8243.0,8227.01,8229.52,318.68158
2018-07-26 13:30:00,8229.52,8229.52,8208.0,8210.05,292.746194
2018-07-26 13:45:00,8210.05,8219.03,8192.7,8219.03,397.422668
2018-07-26 14:00:00,8219.03,8228.28,8180.0,8184.93,338.685449
2018-07-26 14:15:00,8184.93,8205.0,8180.02,8190.01,248.602717
2018-07-26 14:30:00,8190.07,8216.35,8185.0,8203.86,309.64531
2018-07-26 14:45:00,8202.96,8238.54,8198.48,8229.99,231.149453
2018-07-26 15:00:00,8229.98,8233.0,8203.0,8219.67,306.260956
2018-07-26 15:15:00,8219.71,8222.2,8202.99,8205.61,247.686429
2018-07-26 15:30:00,8210.62,8224.0,8202.16,8221.69,172.207515
2018-07-26 15:45:00,8218.05,8221.8,8205.61,8205.63,153.832885
2018-07-26 16:00:00,8208.29,8216.1,8197.21,8200.32,336.336298
2018-07-26 16:15:00,8200.32,8210.0,8191.0,8204.12,297.177676
2018-07-26 16:30:00,8207.01,8210.0,8191.0,8200.48,306.087633
2018-07-26 16:45:00,8200.47,8222.19,8200.47,8211.0,315.049239
2018-07-26 17:00:00,8209.4,8228.52,8206.0,8223.09,245.340662
2018-07-26 17:15:00,8219.36,8239.0,8219.36,8235.21,289.939433
2018-07-26 17:30:00,8236.5,8255.04,8221.0,8232.07,230.169352
2018-07-26 17:45:00,8232.14,8241.99,8218.0,8219.31,266.798316
2018-07-26 18:00:00,8219.31,8231.86,8215.0,8218.04,270.718294
2018-07-26 18:15:00,8218.96,8234.99,8218.0,8228.01,203.32167
2018-07-26 18:30:00,8232.14,8236.96,8226.98,8232.01,335.226565
2018-07-26 18:45:00,8232.3,8249.6,8232.0,8245.29,351.574497
2018-07-26 19:00:00,8245.29,8252.4,8229.08,8238.03,251.776632
2018-07-26 19:15:00,8238.03,8240.6,8227.0,8232.0,167.891076
2018-07-26 19:30:00,8233.09,8250.0,8231.0,8244.81,218.959925
2018-07-26 19:45:00,8245.0,8280.0,8243.92,8264.27,578.953628
2018-07-26 20:00:00,8261.1,8275.55,8244.95,8270.0,274.460727
2018-07-26 20:15:00,8270.0,8287.71,8267.48,8281.06,361.60338
2018-07-26 20:30:00,8282.5,8299.08,8280.75,8283.99,396.102601
2018-07-26 20:45:00,8280.78,8291.65,8118.02,8145.72,1506.111544
2018-07-26 21:00:00,8145.72,8159.99,8083.47,8140.0,1595.595857
2018-07-26 21:15:00,8140.0,8140.0,8085.0,8089.03,914.392973
2018-07-26 21:30:00,8089.99,8100.0,7962.5,8014.52,2787.972928
2018-07-26 21:45:00,8014.52,8022.21,7914.0,7972.3,2167.483217
2018-07-26 22:00:00,7972.3,8038.0,7950.0,7985.0,1154.559967
2018-07-26 22:15:00,7986.53,8057.11,7965.0,7979.19,853.526592
2018-07-26 22:30:00,7975.93,8008.88,7912.03,7926.43,953.852069
2018-07-26 22:45:00,7926.43,7964.0,7915.0,7915.0,637.891548
2018-07-26 23:00:00,7917.0,7919.5,7860.0,7861.05,1440.606014
2018-07-26 23:15:00,7861.99,7913.09,7850.06,7899.86,1078.749441
2018-07-26 23:30:00,7900.0,7947.73,7894.75,7937.53,825.115699
2018-07-26 23:45:00,7937.54,7958.21,7919.53,7920.0,761.510161
2018-07-27 00:00:00,7920.0,7963.94,7920.0,7934.32,569.6882
2018-07-27 00:15:00,7934.39,7944.32,7901.16,7908.64,420.939163
2018-07-27 00:30:00,7908.64,7925.74,7900.0,7906.98,468.013237
2018-07-27 00:45:00,7906.99,7912.31,7891.24,7908.77,387.343049
2018-07-27 01:00:00,7909.33,7934.18,7907.95,7919.0,448.668871
2018-07-27 01:15:00,7918.0,7929.64,7902.01,7903.96,447.789047
2018-07-27 01:30:00,7904.0,7910.97,7873.69,7874.98,555.335849
2018-07-27 01:45:00,7874.98,7902.89,7861.04,7895.05,485.336364
2018-07-27 02:00:00,7892.8,7911.0,7890.34,7911.0,344.532761
2018-07-27 02:15:00,7911.0,7918.4,7893.27,7912.0,311.822506
2018-07-27 02:30:00,7914.62,7918.52,7910.0,7910.07,258.778356
2018-07-27 02:45:00,7910.0,7910.58,7872.99,7876.48,435.486877
2018-07-27 03:00:00,7879.98,7903.86,7870.0,7893.03,432.440275
2018-07-27 03:15:00,7898.37,7908.24,7887.77,7901.69,302.889267
2018-07-27 03:30:00,7900.32,7903.17,7890.01,7894.01,184.149431
2018-07-27 03:45:00,7895.0,7911.23,7885.0,7886.35,406.106478
2018-07-27 04:00:00,7886.9,7937.18,7885.17,7926.16,563.606244
2018-07-27 04:15:00,7926.16,7954.93,7926.11,7953.0,347.754814
2018-07-27 04:30:00,7953.0,7953.18,7915.5,7931.19,376.959484
2018-07-27 04:45:00,7931.34,7947.58,7928.46,7941.15,216.184955
2018-07-27 05:00:00,7942.61,7943.06,7930.01,7935.11,340.359137
2018-07-27 05:15:00,7937.61,7939.73,7920.0,7924.99,280.53312
2018-07-27 05:30:00,7924.99,7930.17,7915.0,7925.0,369.857782
2018-07-27 05:45:00,7924.5,7936.1,7919.05,7927.84,221.113303
2018-07-27 06:00:00,7927.83,7936.1,7920.0,7920.01,296.830062
2018-07-27 06:15:00,7922.88,7925.98,7893.88,7894.86,332.328958
2018-07-27 06:30:00,7894.86,7912.93,7885.77,7906.99,333.700217
2018-07-27 06:45:00,7906.99,7922.0,7902.51,7920.19,217.774799
2018-07-27 07:00:00,7916.07,7923.95,7910.0,7910.01,243.205092
2018-07-27 07:15:00,7910.04,7913.93,7897.61,7905.37,329.882549
2018-07-27 07:30:00,7905.38,7908.98,7897.0,7897.21,297.175267
2018-07-27 07:45:00,7899.0,7928.99,7897.1,7916.99,276.757649
2018-07-27 08:00:00,7916.99,7953.0,7913.44,7949.64,492.093528
2018-07-27 08:15:00,7949.64,7958.8,7932.57,7949.99,445.064317
2018-07-27 08:30:00,7949.99,7989.08,7947.43,7975.02,430.678478
2018-07-27 08:45:00,7977.97,8002.78,7969.63,7974.99,458.712128
2018-07-27 09:00:00,7975.0,8003.81,7974.99,7982.39,437.073502
2018-07-27 09:15:00,7982.39,7997.92,7969.0,7979.58,277.107129
2018-07-27 09:30:00,7979.57,7992.0,7969.25,7969.25,341.621305
2018-07-27 09:45:00,7969.24,7969.25,7957.0,7961.32,223.470597
2018-07-27 10:00:00,7961.32,7965.77,7927.99,7941.41,264.574954
2018-07-27 10:15:00,7946.9,7954.13,7929.97,7949.99,344.94918
2018-07-27 10:30:00,7947.25,7962.32,7946.01,7957.11,272.901024
2018-07-27 10:45:00,7957.12,7965.0,7950.88,7955.16,390.755752
2018-07-27 11:00:00,7955.16,7961.0,7939.82,7942.03,297.119558
2018-07-27 11:15:00,7942.03,7945.22,7911.0,7916.13,483.518566
2018-07-27 11:30:00,7913.86,7932.91,7911.14,7915.0,355.933449
2018-07-27 11:45:00,7918.26,7938.15,7910.0,7938.07,333.374054
2018-07-27 12:00:00,7934.69,7939.82,7920.0,7925.69,191.040616
2018-07-27 12:15:00,7926.43,7927.44,7885.02,7894.95,501.851902
2018-07-27 12:30:00,7893.45,7905.03,7870.0,7889.94,503.787375
2018-07-27 12:45:00,7884.55,7890.62,7820.0,7841.57,1174.251429
2018-07-27 13:00:00,7845.01,7885.0,7805.0,7845.47,974.053852
2018-07-27 13:15:00,7845.46,7890.0,7842.78,7874.01,399.559255
2018-07-27 13:30:00,7872.0,7896.54,7860.76,7882.69,385.753546
2018-07-27 13:45:00,7885.37,7895.0,7866.02,7894.98,310.514068
2018-07-27 14:00:00,7894.98,7901.45,7866.72,7878.44,392.47377
2018-07-27 14:15:00,7878.45,7886.0,7872.9,7884.0,150.039255
2018-07-27 14:30:00,7880.15,7883.08,7842.42,7855.91,570.384317
2018-07-27 14:45:00,7855.91,7866.14,7832.29,7833.56,386.3993
2018-07-27 15:00:00,7833.97,8086.07,7832.01,8058.65,2266.381099
2018-07-27 15:15:00,8058.65,8189.0,8039.58,8184.24,1953.953696
2018-07-27 15:30:00,8184.24,8185.0,8111.93,8151.03,1121.168508
2018-07-27 15:45:00,8151.03,8199.51,8115.3,8152.56,1033.732539
2018-07-27 16:00:00,8157.22,8183.57,8152.17,8170.03,517.317547
2018-07-27 16:15:00,8174.98,8222.49,8165.22,8195.8,709.725367
2018-07-27 16:30:00,8195.79,8244.43,8195.78,8227.16,1183.772912
2018-07-27 16:45:00,8227.16,8227.67,8174.0,8191.73,575.667935
2018-07-27 17:00:00,8191.73,8199.73,8168.98,8172.09,462.193751
2018-07-27 17:15:00,8174.55,8190.0,8157.65,8164.75,479.329545
2018-07-27 17:30:00,8165.37,8202.79,8162.0,8181.75,409.49663
2018-07-27 17:45:00,8181.75,8185.0,8175.41,8177.86,278.154642
2018-07-27 18:00:00,8177.93,8230.0,8177.86,8217.77,478.231487
2018-07-27 18:15:00,8219.39,8239.0,8211.0,8234.99,330.496516
2018-07-27 18:30:00,8235.0,8263.29,8234.99,8257.87,623.087004
2018-07-27 18:45:00,8257.87,8280.0,8247.99,8269.22,612.696986
2018-07-27 19:00:00,8269.22,8285.0,8212.74,8230.88,594.84231
2018-07-27 19:15:00,8230.88,8260.0,8225.0,8248.7,426.896614
2018-07-27 19:30:00,8248.71,8253.0,8207.77,8225.16,305.046422
2018-07-27 19:45:00,8225.16,8237.06,8209.89,8221.63,329.698434
2018-07-27 20:00:00,8220.2,8252.64,8214.46,8228.42,407.907417
2018-07-27 20:15:00,8229.69,8254.0,8228.42,8239.83,389.462226
2018-07-27 20:30:00,8239.82,8239.82,8222.54,8227.5,343.428333
2018-07-27 20:45:00,8230.0,8249.0,8225.39,8230.41,219.562182
2018-07-27 21:00:00,8230.4,8258.0,8230.0,8242.0,286.662149
2018-07-27 21:15:00,8239.39,8250.0,8230.1,8246.05,233.258607
2018-07-27 21:30:00,8246.07,8277.2,8240.0,8265.88,273.664852
2018-07-27 21:45:00,8268.2,8270.0,8249.09,8257.05,262.881336
2018-07-27 22:00:00,8260.04,8262.07,8235.0,8248.0,237.492066
2018-07-27 22:15:00,8248.0,8248.32,8219.0,8242.98,317.631134
2018-07-27 22:30:00,8241.93,8242.99,8235.0,8238.18,173.185869
2018-07-27 22:45:00,8238.5,8270.01,8238.48,8258.0,266.663312
2018-07-27 23:00:00,8252.84,8268.99,8252.0,8267.37,262.251157
2018-07-27 23:15:00,8263.55,8268.18,8167.0,8212.51,881.14359
2018-07-27 23:30:00,8212.48,8217.82,8128.0,8140.04,762.409675
2018-07-27 23:45:00,8144.1,8190.0,8136.07,8188.57,369.112673
2018-07-28 00:00:00,8188.57,8225.3,8179.34,8180.83,445.190963
2018-07-28 00:15:00,8180.83,8208.86,8159.1,8167.95,296.269472
2018-07-28 00:30:00,8166.97,8181.0,8164.33,8178.64,263.158401
2018-07-28 00:45:00,8178.64,8178.66,8163.52,8165.0,137.70664
2018-07-28 01:00:00,8165.0,8169.93,8156.51,8167.13,203.847073
2018-07-28 01:15:00,8168.06,8193.33,8167.12,8191.12,412.884412
2018-07-28 01:30:00,8193.4,8195.89,8177.24,8183.19,167.613433
2018-07-28 01:45:00,8183.2,8190.0,8172.37,8173.0,276.644704
2018-07-28 02:00:00,8173.0,8185.18,8171.06,8181.8,184.94957
2018-07-28 02:15:00,8182.61,8198.85,8180.97,8184.52,234.921337
2018-07-28 02:30:00,8185.21,8190.91,8162.91,8177.8,139.814662
2018-07-28 02:45:00,8175.08,8190.79,8161.0,8170.09,235.027287
2018-07-28 03:00:00,8171.72,8183.39,8161.0,8172.91,156.764832
2018-07-28 03:15:00,8172.91,8180.41,8159.0,8164.89,138.173727
2018-07-28 03:30:00,8164.89,8168.0,8148.0,8150.3,160.286452
2018-07-28 03:45:00,8148.0,8166.0,8140.09,8164.99,162.706908
2018-07-28 04:00:00,8164.99,8189.75,8164.44,8184.99,237.725421
2018-07-28 04:15:00,8181.3,8193.44,8174.39,8187.62,275.763228
2018-07-28 04:30:00,8190.24,8210.0,8178.69,8200.01,254.897764
2018-07-28 04:45:00,8200.01,8229.0,8197.6,8217.84,449.248964
2018-07-28 05:00:00,8217.69,8235.33,8215.1,8227.39,212.331313
2018-07-28 05:15:00,8223.64,8227.39,8213.74,8216.62,198.400101
2018-07-28 05:30:00,8217.41,8231.95,8216.6,8225.04,268.521806
2018-07-28 05:45:00,8228.19,8231.93,8171.0,8180.01,465.063859
2018-07-28 06:00:00,8181.68,8193.41,8171.0,8182.32,169.451294
2018-07-28 06:15:00,8181.32,8183.16,8168.08,8183.01,155.988919
2018-07-28 06:30:00,8183.14,8188.43,8180.5,8188.43,208.384769
2018-07-28 06:45:00,8188.42,8209.37,8186.53,8200.0,351.385811
2018-07-28 07:00:00,8201.01,8204.6,8186.91,8189.6,175.60191
2018-07-28 07:15:00,8189.62,8193.99,8181.67,8189.04,250.568228
2018-07-28 07:30:00,8191.94,8207.49,8189.04,8207.47,125.623569
2018-07-28 07:45:00,8207.47,8213.22,8196.67,8196.72,231.340782
2018-07-28 08:00:00,8196.71,8210.0,8196.71,8207.83,174.775825
2018-07-28 08:15:00,8207.83,8225.01,8207.83,8224.53,342.049197
2018-07-28 08:30:00,8223.5,8223.5,8208.87,8211.96,235.955388
2018-07-28 08:45:00,8211.95,8215.9,8201.78,8212.28,137.817489
2018-07-28 09:00:00,8212.27,8215.9,8176.3,8177.44,316.878314
2018-07-28 09:15:00,8177.99,8198.89,8166.0,8186.2,214.62125
2018-07-28 09:30:00,8187.14,8198.29,8184.19,8190.77,151.46788
2018-07-28 09:45:00,8190.78,8200.82,8187.73,8195.24,170.763012
2018-07-28 10:00:00,8190.0,8209.09,8190.0,8196.0,227.563728
2018-07-28 10:15:00,8196.0,8209.09,8193.61,8196.81,264.271685
2018-07-28 10:30:00,8199.54,8202.15,8195.0,8195.02,251.791871
2018-07-28 10:45:00,8195.02,8204.0,8170.13,8179.68,185.783488
2018-07-28 11:00:00,8179.55,8185.09,8145.0,8164.63,390.985713
2018-07-28 11:15:00,8169.86,8222.99,8164.04,8206.06,450.783357
2018-07-28 11:30:00,8206.08,8215.0,8168.0,8188.96,351.341512
2018-07-28 11:45:00,8188.95,8194.0,8168.64,8184.73,194.442989
2018-07-28 12:00:00,8184.69,8200.0,8171.17,8189.73,231.912522
2018-07-28 12:15:00,8194.5,8205.0,8189.73,8191.06,268.534322
2018-07-28 12:30:00,8195.99,8199.68,8188.02,8188.86,357.9028
2018-07-28 12:45:00,8189.43,8190.0,8175.01,8177.01,271.774905
2018-07-28 13:00:00,8179.46,8199.68,8165.21,8188.5,421.607272
2018-07-28 13:15:00,8188.47,8189.99,8172.85,8178.0,190.822611
2018-07-28 13:30:00,8178.0,8178.0,8161.39,8163.0,340.162475
2018-07-28 13:45:00,8163.0,8168.31,8150.0,8150.01,325.684561
2018-07-28 14:00:00,8150.01,8159.71,8138.0,8152.37,346.222764
2018-07-28 14:15:00,8154.18,8165.27,8112.95,8130.05,430.693864
2018-07-28 14:30:00,8134.54,8160.0,8085.55,8150.01,792.004694
2018-07-28 14:45:00,8150.01,8165.28,8130.0,8141.42,205.854368
2018-07-28 15:00:00,8140.0,8149.83,8122.0,8124.5,307.046843
2018-07-28 15:15:00,8124.7,8128.36,8095.0,8100.95,557.702563
2018-07-28 15:30:00,8099.6,8123.33,8084.0,8109.97,397.793034
2018-07-28 15:45:00,8109.97,8117.0,8067.0,8116.11,546.512794
2018-07-28 16:00:00,8116.11,8169.95,8116.1,8164.62,516.509226
2018-07-28 16:15:00,8167.85,8181.67,8154.0,8162.47,345.410972
2018-07-28 16:30:00,8160.16,8163.09,8153.0,8157.99,278.661719
2018-07-28 16:45:00,8157.93,8188.0,8155.01,8175.1,272.884249
2018-07-28 17:00:00,8175.54,8176.0,8150.0,8151.48,321.225295
2018-07-28 17:15:00,8150.74,8205.0,8145.21,8202.01,344.338118
2018-07-28 17:30:00,8202.01,8218.0,8185.95,8204.68,605.087409
2018-07-28 17:45:00,8208.54,8212.36,8170.24,8183.07,302.092059
2018-07-28 18:00:00,8184.0,8185.42,8154.0,8165.27,373.526656
2018-07-28 18:15:00,8168.02,8179.73,8161.5,8173.33,276.788103
2018-07-28 18:30:00,8173.35,8189.05,8173.35,8175.01,258.648156
2018-07-28 18:45:00,8177.21,8200.87,8170.0,8193.65,252.458406
2018-07-28 19:00:00,8193.68,8205.0,8186.51,8198.98,204.329255
2018-07-28 19:15:00,8198.99,8205.0,8189.39,8204.77,297.585039
2018-07-28 19:30:00,8202.06,8205.98,8181.31,8191.93,208.425129
2018-07-28 19:45:00,8188.45,8194.0,8184.0,8187.64,276.305716
2018-07-28 20:00:00,8187.63,8199.0,8183.64,8187.67,147.189116
2018-07-28 20:15:00,8194.22,8194.22,8165.0,8168.83,133.21952
2018-07-28 20:30:00,8168.82,8183.98,8150.0,8168.75,268.08771
2018-07-28 20:45:00,8172.87,8178.7,8152.9,8165.0,67.629998
2018-07-28 21:00:00,8165.0,8173.2,8160.01,8165.21,185.0736
2018-07-28 21:15:00,8166.64,8172.0,8161.11,8169.68,85.092978
2018-07-28 21:30:00,8169.67,8180.8,8157.06,8178.91,92.693366
2018-07-28 21:45:00,8178.81,8178.81,8168.99,8169.4,276.70797
2018-07-28 22:00:00,8168.99,8173.0,8160.0,8171.0,224.45031
2018-07-28 22:15:00,8171.0,8200.0,8170.0,8177.12,273.689784
2018-07-28 22:30:00,8177.0,8200.85,8174.29,8189.75,293.440254
2018-07-28 22:45:00,8187.45,8200.0,8175.62,8181.76,171.048403
2018-07-28 23:00:00,8175.63,8190.0,8168.62,8174.98,138.581586
2018-07-28 23:15:00,8174.98,8189.22,8170.0,8181.3,146.465676
2018-07-28 23:30:00,8181.3,8198.98,8177.58,8196.03,274.32019
2018-07-28 23:45:00,8198.98,8246.54,8188.36,8225.04,603.42517
2018-07-29 00:00:00,8225.04,8287.36,8216.97,8263.01,796.78141
2018-07-29 00:15:00,8263.0,8289.0,8251.93,8253.36,578.71834
2018-07-29 00:30:00,8254.0,8276.98,8252.24,8269.0,305.002748
2018-07-29 00:45:00,8269.0,8270.0,8240.0,8243.25,246.99292
2018-07-29 01:00:00,8245.99,8251.21,8216.67,8233.28,256.096482
2018-07-29 01:15:00,8233.28,8249.78,8232.0,8240.05,203.871389
2018-07-29 01:30:00,8241.77,8252.84,8240.1,8248.81,191.320684
2018-07-29 01:45:00,8248.82,8273.0,8245.0,8266.21,211.493157
2018-07-29 02:00:00,8266.2,8294.51,8260.19,8280.03,381.304418
2018-07-29 02:15:00,8280.02,8294.51,8238.0,8255.95,377.277551
2018-07-29 02:30:00,8255.95,8259.52,8236.17,8241.19,432.039222
2018-07-29 02:45:00,8241.57,8252.0,8238.2,8241.89,332.068946
2018-07-29 03:00:00,8241.87,8251.99,8238.49,8245.34,282.602306
2018-07-29 03:15:00,8245.35,8253.52,8236.5,8247.08,255.749741
2018-07-29 03:30:00,8247.08,8247.09,8223.0,8237.81,339.87318
2018-07-29 03:45:00,8234.4,8240.45,8220.0,8240.44,139.148279
2018-07-29 04:00:00,8240.03,8245.1,8226.0,8229.88,148.41139
2018-07-29 04:15:00,8229.9,8232.79,8180.0,8196.39,386.323372
2018-07-29 04:30:00,8196.38,8226.8,8190.0,8200.0,311.466898
2018-07-29 04:45:00,8199.97,8210.12,8181.43,8200.0,343.111594
2018-07-29 05:00:00,8200.0,8206.11,8192.23,8193.21,158.897372
2018-07-29 05:15:00,8193.23,8213.0,8193.23,8210.02,131.812805
2018-07-29 05:30:00,8210.51,8227.08,8205.5,8223.01,146.89669
2018-07-29 05:45:00,8224.0,8225.0,8202.05,8210.07,220.193015
2018-07-29 06:00:00,8212.1,8219.23,8195.0,8200.0,299.383694
2018-07-29 06:15:00,8200.0,8216.17,8200.0,8206.06,112.089794
2018-07-29 06:30:00,8208.33,8213.54,8198.76,8205.74,181.962654
2018-07-29 06:45:00,8205.77,8209.0,8196.47,8200.2,155.365898
2018-07-29 07:00:00,8200.21,8219.0,8196.0,8212.34,231.021611
2018-07-29 07:15:00,8212.17,8218.0,8197.02,8201.11,191.088818
2018-07-29 07:30:00,8201.18,8208.0,8186.5,8186.91,127.075124
2018-07-29 07:45:00,8188.0,8192.99,8169.78,8172.78,273.597981
2018-07-29 08:00:00,8178.99,8179.0,8133.0,8136.98,594.575783
2018-07-29 08:15:00,8135.53,8153.78,8125.0,8150.35,386.150759
2018-07-29 08:30:00,8150.35,8165.75,8131.5,8139.51,267.78252
2018-07-29 08:45:00,8139.51,8162.89,8135.0,8152.13,146.256889
2018-07-29 09:00:00,8154.7,8156.77,8149.99,8151.95,201.574806
2018-07-29 09:15:00,8153.6,8153.69,8140.0,8145.77,201.408994
2018-07-29 09:30:00,8145.77,8180.14,8143.8,8170.0,256.779387
2018-07-29 09:45:00,8173.75,8173.75,8150.32,8157.98,171.250767
2018-07-29 10:00:00,8157.97,8167.0,8146.96,8163.89,280.143897
2018-07-29 10:15:00,8160.11,8164.07,8149.19,8150.04,188.68268
2018-07-29 10:30:00,8150.04,8153.94,8134.15,8137.71,181.490583
2018-07-29 10:45:00,8137.72,8152.0,8135.0,8149.69,216.602018
2018-07-29 11:00:00,8149.69,8150.56,8141.01,8145.87,124.252271
2018-07-29 11:15:00,8146.31,8149.0,8130.08,8131.01,283.23829
2018-07-29 11:30:00,8131.01,8150.53,8115.0,8133.33,392.015328
2018-07-29 11:45:00,8134.23,8169.99,8133.0,8167.88,272.543336
2018-07-29 12:00:00,8167.84,8180.0,8152.0,8180.0,287.402291
2018-07-29 12:15:00,8179.99,8204.56,8177.94,8194.34,327.75508
2018-07-29 12:30:00,8194.34,8200.91,8184.01,8200.0,144.679151
2018-07-29 12:45:00,8200.9,8227.07,8200.0,8212.12,435.136531
2018-07-29 13:00:00,8214.0,8222.0,8195.37,8198.0,441.466532
2018-07-29 13:15:00,8201.83,8205.49,8189.17,8195.0,273.424844
2018-07-29 13:30:00,8195.0,8200.0,8181.0,8196.0,390.947001
2018-07-29 13:45:00,8196.0,8205.0,8185.0,8203.0,215.476825
2018-07-29 14:00:00,8203.01,8242.42,8197.0,8229.96,472.822229
2018-07-29 14:15:00,8230.0,8242.17,8217.24,8233.0,431.727306
2018-07-29 14:30:00,8233.0,8240.6,8210.46,8225.0,472.416587
2018-07-29 14:45:00,8225.0,8225.0,8210.76,8215.97,266.001715
2018-07-29 15:00:00,8215.97,8220.0,8202.5,8218.99,280.966204
2018-07-29 15:15:00,8219.0,8235.68,8216.99,8222.0,314.422441
2018-07-29 15:30:00,8222.01,8235.67,8202.53,8228.19,283.168039
2018-07-29 15:45:00,8222.28,8235.67,8219.71,8227.12,200.978927
2018-07-29 16:00:00,8229.82,8229.9,8191.11,8192.23,348.114719
2018-07-29 16:15:00,8192.24,8200.0,8190.08,8198.83,449.544923
2018-07-29 16:30:00,8198.82,8199.0,8161.04,8175.65,206.792978
2018-07-29 16:45:00,8175.65,8187.62,8170.0,8184.46,146.090097
2018-07-29 17:00:00,8181.6,8191.63,8181.6,8184.31,145.175023
2018-07-29 17:15:00,8184.31,8203.52,8181.56,8198.24,154.18936
2018-07-29 17:30:00,8199.22,8205.79,8161.59,8191.97,228.278857
2018-07-29 17:45:00,8191.97,8200.0,8186.0,8196.9,230.791601
2018-07-29 18:00:00,8196.9,8205.97,8192.41,8199.01,335.737758
2018-07-29 18:15:00,8199.64,8199.65,8192.51,8196.01,272.260196
2018-07-29 18:30:00,8196.01,8219.99,8191.45,8216.96,115.142204
2018-07-29 18:45:00,8216.96,8219.78,8207.13,8212.98,264.024028
2018-07-29 19:00:00,8212.99,8224.9,8203.24,8212.7,188.266975
2018-07-29 19:15:00,8210.36,8215.0,8205.65,8211.9,102.072475
2018-07-29 19:30:00,8210.0,8216.0,8205.5,8205.71,232.488262
2018-07-29 19:45:00,8205.71,8224.79,8200.13,8221.01,150.129841
2018-07-29 20:00:00,8221.0,8221.8,8204.38,8204.4,285.381617
2018-07-29 20:15:00,8208.79,8213.0,8201.5,8204.38,142.825438
2018-07-29 20:30:00,8207.51,8211.99,8201.6,8206.48,231.543756
2018-07-29 20:45:00,8206.48,8209.99,8178.01,8201.0,307.609597
2018-07-29 21:00:00,8202.12,8210.49,8198.29,8204.19,106.385463
2018-07-29 21:15:00,8204.19,8212.9,8200.0,8203.16,124.397919
2018-07-29 21:30:00,8203.01,8206.8,8185.17,8185.17,223.424327
2018-07-29 21:45:00,8185.17,8196.88,8170.72,8195.0,247.406055
2018-07-29 22:00:00,8190.94,8200.0,8185.0,8191.89,160.423721
2018-07-29 22:15:00,8190.99,8198.87,8180.02,8192.0,134.422022
2018-07-29 22:30:00,8191.99,8204.3,8190.0,8195.81,145.720329
2018-07-29 22:45:00,8196.92,8204.3,8195.8,8200.46,94.797312
2018-07-29 23:00:00,8200.45,8210.0,8200.0,8205.0,92.790687
2018-07-29 23:15:00,8207.0,8238.97,8204.42,8234.3,527.023421
2018-07-29 23:30:00,8234.34,8278.78,8234.34,8241.35,543.509869
2018-07-29 23:45:00,8241.35,8251.79,8202.0,8211.0,441.885861
2018-07-30 00:00:00,8210.99,8228.3,8070.0,8105.03,1968.422102
2018-07-30 00:15:00,8105.02,8140.54,8090.0,8121.24,345.530051
2018-07-30 00:30:00,8121.24,8121.24,8080.0,8087.14,242.430845
2018-07-30 00:45:00,8087.14,8169.0,8075.0,8159.21,444.855765
2018-07-30 01:00:00,8159.21,8161.59,8142.71,8161.58,160.358417
2018-07-30 01:15:00,8161.58,8201.69,8143.11,8201.68,209.59298
2018-07-30 01:30:00,8201.69,8273.0,8201.68,8214.94,680.907792
2018-07-30 01:45:00,8214.94,8225.0,8190.69,8214.39,251.507039
2018-07-30 02:00:00,8214.39,8222.4,8190.45,8197.24,401.004344
2018-07-30 02:15:00,8197.24,8209.64,8193.99,8205.3,294.724079
2018-07-30 02:30:00,8205.3,8222.99,8195.54,8199.04,250.583382
2018-07-30 02:45:00,8202.67,8209.0,8187.0,8200.02,299.529143
2018-07-30 03:00:00,8203.78,8233.52,8200.0,8222.95,277.922337
2018-07-30 03:15:00,8222.95,8232.85,8204.79,8206.56,133.95947
2018-07-30 03:30:00,8206.6,8215.0,8198.02,8203.34,322.2131
2018-07-30 03:45:00,8203.34,8204.98,8182.31,8192.11,286.31403
2018-07-30 04:00:00,8192.1,8211.74,8168.92,8186.56,243.866852
2018-07-30 04:15:00,8186.55,8189.79,8158.0,8166.55,142.099752
2018-07-30 04:30:00,8165.99,8172.0,8159.16,8164.71,157.860985
2018-07-30 04:45:00,8164.7,8189.42,8164.2,8186.62,187.28999
2018-07-30 05:00:00,8186.63,8195.07,8171.96,8195.03,407.005454
2018-07-30 05:15:00,8195.04,8197.0,8180.8,8182.06,211.283027
2018-07-30 05:30:00,8183.19,8187.99,8177.02,8186.0,134.468984
2018-07-30 05:45:00,8186.54,8191.37,8181.81,8188.78,334.739811
2018-07-30 06:00:00,8188.39,8192.08,8172.47,8181.02,210.649395
2018-07-30 06:15:00,8181.02,8187.67,8151.02,8151.21,204.656279
2018-07-30 06:30:00,8154.99,8176.25,8145.0,8167.0,235.963058
2018-07-30 06:45:00,8169.98,8169.98,8133.0,8148.96,270.428315
2018-07-30 07:00:00,8148.98,8159.13,8125.0,8129.0,366.582318
2018-07-30 07:15:00,8129.0,8159.0,8129.0,8152.96,249.416683
2018-07-30 07:30:00,8150.99,8169.12,8143.54,8148.61,132.368623
2018-07-30 07:45:00,8148.61,8166.95,8148.01,8162.1,131.480519
2018-07-30 08:00:00,8163.52,8188.88,8162.11,8177.0,219.542598
2018-07-30 08:15:00,8176.0,8185.0,8163.4,8174.3,293.475826
2018-07-30 08:30:00,8174.3,8179.15,8154.0,8165.64,334.824037
2018-07-30 08:45:00,8167.41,8168.47,8155.0,8166.12,186.557024
2018-07-30 09:00:00,8166.12,8166.12,8148.0,8156.6,246.484406
2018-07-30 09:15:00,8156.2,8179.0,8150.0,8174.97,281.091673
2018-07-30 09:30:00,8174.96,8177.0,8160.0,8172.69,216.724185
2018-07-30 09:45:00,8175.0,8178.98,8160.0,8178.92,172.26423
2018-07-30 10:00:00,8178.88,8181.86,8166.36,8172.92,305.123254
2018-07-30 10:15:00,8172.92,8174.78,8151.85,8155.0,198.033157
2018-07-30 10:30:00,8154.99,8164.94,8153.11,8159.96,167.807096
2018-07-30 10:45:00,8158.26,8160.13,8131.0,8154.99,304.489853
2018-07-30 11:00:00,8155.0,8160.75,8137.12,8138.0,282.476531
2018-07-30 11:15:00,8138.0,8152.49,8127.0,8149.02,285.313869
2018-07-30 11:30:00,8146.12,8149.0,8126.31,8126.76,236.748652
2018-07-30 11:45:00,8126.76,8155.0,8126.76,8155.0,214.937651
2018-07-30 12:00:00,8155.04,8173.0,8140.01,8140.01,249.185728
2018-07-30 12:15:00,8143.82,8145.0,8131.0,8143.64,236.548977
2018-07-30 12:30:00,8142.33,8143.73,8118.0,8130.43,359.221753
2018-07-30 12:45:00,8133.8,8150.0,8121.22,8138.93,263.89621
2018-07-30 13:00:00,8138.92,8150.0,8133.0,8133.01,122.344993
2018-07-30 13:15:00,8133.01,8137.6,8118.0,8123.55,260.683876
2018-07-30 13:30:00,8120.43,8128.74,8089.37,8115.99,663.702568
2018-07-30 13:45:00,8115.99,8124.0,8100.74,8118.09,409.362769
2018-07-30 14:00:00,8118.97,8137.98,8115.22,8129.05,246.849855
2018-07-30 14:15:00,8125.97,8129.11,8121.01,8126.97,280.940748
2018-07-30 14:30:00,8126.97,8141.12,8120.6,8131.78,328.799487
2018-07-30 14:45:00,8131.78,8211.74,8111.73,8181.99,827.746834
2018-07-30 15:00:00,8181.29,8194.99,8148.2,8165.02,393.869444
2018-07-30 15:15:00,8165.02,8168.99,8140.0,8162.99,301.637484
2018-07-30 15:30:00,8156.72,8165.0,8131.34,8141.37,319.349662
2018-07-30 15:45:00,8141.37,8144.0,8101.47,8122.9,438.843155
2018-07-30 16:00:00,8122.95,8139.0,8080.6,8085.07,416.02803
2018-07-30 16:15:00,8085.07,8109.39,8071.1,8098.23,660.926386
2018-07-30 16:30:00,8098.23,8128.0,8092.0,8109.98,296.81351
2018-07-30 16:45:00,8109.98,8126.49,8105.03,8122.01,260.523304
2018-07-30 17:00:00,8122.01,8122.51,8090.0,8093.0,317.23361
2018-07-30 17:15:00,8090.03,8098.75,8070.42,8090.0,455.6088
2018-07-30 17:30:00,8089.99,8090.0,7960.0,7980.0,2337.935025
2018-07-30 17:45:00,7980.0,7980.01,7885.0,7910.56,2142.674954
2018-07-30 18:00:00,7910.56,7936.3,7866.0,7928.0,1777.084282
2018-07-30 18:15:00,7928.0,7944.0,7901.0,7927.0,735.060937
2018-07-30 18:30:00,7927.0,7974.21,7912.0,7958.5,905.962918
2018-07-30 18:45:00,7958.5,7972.63,7949.93,7963.34,373.609522
2018-07-30 19:00:00,7963.02,8039.78,7963.0,8004.07,777.045274
2018-07-30 19:15:00,8007.09,8092.9,7995.0,8054.88,546.905758
2018-07-30 19:30:00,8054.93,8115.0,8052.53,8100.96,503.684373
2018-07-30 19:45:00,8100.96,8150.0,8087.55,8120.0,1047.188836
2018-07-30 20:00:00,8121.21,8147.0,8068.09,8098.84,927.224816
2018-07-30 20:15:00,8100.96,8189.76,8098.84,8181.01,718.117387
2018-07-30 20:30:00,8189.64,8199.7,8121.0,8149.5,554.314576
2018-07-30 20:45:00,8145.77,8175.0,8110.0,8168.94,502.935621
2018-07-30 21:00:00,8157.26,8175.0,8132.93,8132.93,247.269518
2018-07-30 21:15:00,8133.0,8147.1,8111.96,8118.87,289.824917
2018-07-30 21:30:00,8118.87,8140.24,8118.02,8129.86,158.616785
2018-07-30 21:45:00,8129.82,8150.0,8121.99,8134.99,282.373089
2018-07-30 22:00:00,8134.99,8166.13,8130.85,8156.7,390.500281
2018-07-30 22:15:00,8156.7,8200.0,8153.39,8174.99,708.91985
2018-07-30 22:30:00,8174.27,8175.0,8155.0,8171.0,280.408983
2018-07-30 22:45:00,8167.32,8180.0,8158.0,8166.5,113.296227
2018-07-30 23:00:00,8166.0,8180.0,8158.29,8165.99,229.932288
2018-07-30 23:15:00,8165.99,8176.0,8161.47,8170.06,237.439566
2018-07-30 23:30:00,8167.73,8177.98,8160.42,8174.44,308.24336
2018-07-30 23:45:00,8174.45,8200.0,8151.0,8173.92,349.821253
2018-07-31 00:00:00,8171.4,8180.0,8130.32,8163.3,365.085033
2018-07-31 00:15:00,8163.3,8165.66,8125.01,8139.62,161.433261
2018-07-31 00:30:00,8139.62,8155.0,8129.57,8133.68,182.559561
2018-07-31 00:45:00,8133.68,8143.9,8125.01,8125.01,165.967448
2018-07-31 01:00:00,8125.01,8138.52,8103.01,8126.65,287.980287
2018-07-31 01:15:00,8122.04,8145.0,8115.66,8139.55,222.489839
2018-07-31 01:30:00,8139.57,8147.47,8120.0,8133.0,301.211111
2018-07-31 01:45:00,8134.99,8145.0,8120.0,8126.29,177.801737
2018-07-31 02:00:00,8132.7,8145.0,8122.16,8141.44,262.816074
2018-07-31 02:15:00,8141.54,8147.98,8127.62,8147.97,229.677323
2018-07-31 02:30:00,8147.97,8149.32,8139.88,8148.0,131.189095
2018-07-31 02:45:00,8148.0,8149.15,8124.6,8131.81,235.815175
2018-07-31 03:00:00,8128.46,8135.22,8120.94,8127.77,262.129652
2018-07-31 03:15:00,8127.65,8128.81,8120.0,8121.11,173.086345
2018-07-31 03:30:00,8121.13,8132.9,8119.15,8131.13,151.517359
2018-07-31 03:45:00,8131.77,8137.17,8124.1,8129.97,191.71142
2018-07-31 04:00:00,8129.97,8135.63,8117.64,8117.98,245.307792
2018-07-31 04:15:00,8117.81,8120.0,8088.14,8095.06,479.106207
2018-07-31 04:30:00,8095.06,8126.9,8092.12,8116.77,282.488627
2018-07-31 04:45:00,8112.12,8128.75,8112.12,8121.81,188.903128
2018-07-31 05:00:00,8121.82,8126.21,8111.0,8122.01,295.490831
2018-07-31 05:15:00,8122.01,8126.39,8113.4,8124.98,205.443094
2018-07-31 05:30:00,8120.67,8124.98,8109.69,8118.16,136.07092
2018-07-31 05:45:00,8119.84,8147.77,8118.22,8138.86,313.804707
2018-07-31 06:00:00,8144.99,8155.97,8138.94,8147.52,212.872626
2018-07-31 06:15:00,8146.56,8148.26,8133.69,8142.8,236.643334
2018-07-31 06:30:00,8142.8,8148.43,8137.39,8141.81,323.35149
2018-07-31 06:45:00,8138.78,8146.09,8130.99,8133.01,170.470537
2018-07-31 07:00:00,8133.01,8141.03,8123.99,8130.02,261.469327
2018-07-31 07:15:00,8130.01,8135.03,8127.0,8131.01,226.432947
2018-07-31 07:30:00,8131.02,8131.59,8120.0,8127.4,261.672974
2018-07-31 07:45:00,8130.51,8130.54,8123.6,8126.77,321.818972
2018-07-31 08:00:00,8126.78,8131.0,8111.1,8120.9,265.488161
2018-07-31 08:15:00,8120.07,8120.9,8082.59,8101.09,598.479027
2018-07-31 08:30:00,8102.01,8107.5,8085.0,8098.02,380.954836
2018-07-31 08:45:00,8097.18,8098.02,8001.0,8033.14,1077.096898
2018-07-31 09:00:00,8032.51,8077.34,8009.32,8031.04,679.80244
2018-07-31 09:15:00,8031.04,8039.24,7977.77,8018.59,933.847217
2018-07-31 09:30:00,8016.5,8057.66,8002.05,8054.0,477.132379
2018-07-31 09:45:00,8055.0,8062.06,8002.0,8019.92,408.669289
2018-07-31 10:00:00,8016.69,8028.85,7996.56,8007.41,456.035252
2018-07-31 10:15:00,8007.4,8007.4,7950.0,7960.0,830.97255
2018-07-31 10:30:00,7960.0,7999.0,7927.0,7978.0,841.123057
2018-07-31 10:45:00,7979.0,7987.23,7929.48,7945.0,421.339413
2018-07-31 11:00:00,7945.01,7988.47,7933.25,7960.36,538.056095
2018-07-31 11:15:00,7960.36,7974.2,7950.0,7966.14,247.796999
2018-07-31 11:30:00,7964.58,8036.48,7964.58,7999.99,715.554943
2018-07-31 11:45:00,7996.73,8015.0,7956.75,7980.0,330.435197
2018-07-31 12:00:00,7980.01,7981.45,7943.67,7949.24,356.814103
2018-07-31 12:15:00,7949.24,7953.81,7874.0,7875.83,1096.437147
2018-07-31 12:30:00,7875.83,7875.83,7730.11,7814.99,3260.979238
2018-07-31 12:45:00,7814.98,7848.0,7755.0,7800.01,1085.129786
2018-07-31 13:00:00,7803.43,7834.49,7764.94,7826.03,807.931238
2018-07-31 13:15:00,7826.03,7839.0,7801.95,7821.52,982.419706
2018-07-31 13:30:00,7821.88,7836.99,7813.91,7830.01,589.989259
2018-07-31 13:45:00,7830.01,7833.25,7710.0,7730.0,1166.499269
2018-07-31 14:00:00,7730.0,7790.0,7656.74,7783.74,2127.904478
2018-07-31 14:15:00,7783.74,7786.0,7718.06,7732.97,638.926141
2018-07-31 14:30:00,7732.97,7765.03,7712.0,7734.02,571.580042
2018-07-31 14:45:00,7738.9,7748.11,7696.0,7740.0,810.8392
2018-07-31 15:00:00,7740.01,7740.39,7668.2,7694.67,767.596362
2018-07-31 15:15:00,7697.0,7750.89,7694.69,7717.93,627.724364
2018-07-31 15:30:00,7717.93,7762.02,7706.39,7741.98,509.656023
2018-07-31 15:45:00,7741.97,7773.44,7736.88,7758.44,649.46724
2018-07-31 16:00:00,7758.44,7761.28,7713.0,7747.06,694.057844
2018-07-31 16:15:00,7747.06,7765.0,7740.41,7758.31,415.698862
2018-07-31 16:30:00,7758.31,7789.0,7753.97,7785.99,641.352532
2018-07-31 16:45:00,7783.02,7811.75,7769.91,7808.41,560.116305
2018-07-31 17:00:00,7811.67,7840.0,7744.0,7753.01,1028.751119
2018-07-31 17:15:00,7753.03,7779.32,7733.0,7741.06,572.255731
2018-07-31 17:30:00,7741.08,7757.01,7720.0,7742.99,451.730115
2018-07-31 17:45:00,7742.19,7763.86,7718.83,7727.25,343.250016
2018-07-31 18:00:00,7726.09,7742.32,7698.81,7705.15,608.277155
2018-07-31 18:15:00,7708.23,7728.04,7701.0,7717.32,397.264572
2018-07-31 18:30:00,7717.32,7730.0,7687.0,7724.74,392.85215
2018-07-31 18:45:00,7728.93,7779.0,7717.71,7745.23,581.211113
2018-07-31 19:00:00,7745.23,7768.0,7729.81,7761.27,367.727273
2018-07-31 19:15:00,7761.27,7772.11,7727.71,7730.92,333.318911
2018-07-31 19:30:00,7731.01,7760.99,7730.0,7739.32,358.808279
2018-07-31 19:45:00,7741.32,7770.0,7741.32,7750.65,234.738051
2018-07-31 20:00:00,7749.01,7752.24,7714.38,7721.02,449.668226
2018-07-31 20:15:00,7722.76,7732.98,7711.0,7721.05,360.819068
2018-07-31 20:30:00,7723.89,7739.36,7715.0,7719.63,456.125349
2018-07-31 20:45:00,7721.17,7727.16,7666.0,7695.0,972.808739
2018-07-31 21:00:00,7695.0,7721.0,7687.02,7692.23,454.595391
2018-07-31 21:15:00,7692.23,7726.83,7687.93,7716.96,170.224032
2018-07-31 21:30:00,7715.01,7737.78,7705.57,7726.88,228.269366
2018-07-31 21:45:00,7726.85,7740.0,7710.0,7712.02,266.138515
