time,open,high,low,close,volume
2023-11-25 15:00:00,37677.22,37690.38,37655.46,37658.0,136.29147
2023-11-25 15:15:00,37658.01,37672.29,37620.0,37672.29,155.9155
2023-11-25 15:30:00,37672.29,37689.01,37671.86,37680.0,73.83384
2023-11-25 15:45:00,37679.99,37712.0,37679.99,37704.38,121.61114
2023-11-25 16:00:00,37704.38,37756.19,37699.99,37752.44,128.72574
2023-11-25 16:15:00,37752.43,37760.97,37726.28,37731.56,85.23293
2023-11-25 16:30:00,37731.56,37754.57,37728.23,37728.97,79.66286
2023-11-25 16:45:00,37728.98,37747.58,37728.84,37739.01,69.51426
2023-11-25 17:00:00,37739.02,37780.0,37739.01,37769.1,146.29589
2023-11-25 17:15:00,37769.1,37783.55,37755.31,37756.09,119.34359
2023-11-25 17:30:00,37756.1,37782.57,37756.09,37782.56,61.21297
2023-11-25 17:45:00,37782.57,37796.79,37759.15,37765.37,99.29412
2023-11-25 18:00:00,37765.37,37793.57,37765.37,37766.05,72.39888
2023-11-25 18:15:00,37766.05,37781.85,37756.24,37776.65,117.65003
2023-11-25 18:30:00,37776.65,37815.98,37776.65,37808.14,173.28179
2023-11-25 18:45:00,37808.14,37820.0,37807.29,37815.63,87.59055
2023-11-25 19:00:00,37815.63,37835.39,37802.0,37802.01,97.36683
2023-11-25 19:15:00,37802.01,37814.01,37791.1,37799.99,96.2724
2023-11-25 19:30:00,37799.99,37800.0,37790.1,37792.82,61.73762
2023-11-25 19:45:00,37792.83,37830.21,37792.82,37819.43,126.48371
2023-11-25 20:00:00,37819.43,37888.0,37819.42,37850.94,303.09624
2023-11-25 20:15:00,37850.94,37858.87,37806.04,37825.42,98.35268
2023-11-25 20:30:00,37825.43,37831.1,37793.53,37802.88,151.03031
2023-11-25 20:45:00,37802.88,37802.88,37763.84,37788.99,210.85407
2023-11-25 21:00:00,37788.99,37809.93,37770.1,37778.45,94.3665
2023-11-25 21:15:00,37778.45,37800.0,37778.44,37792.02,91.21401
2023-11-25 21:30:00,37792.03,37800.41,37782.0,37783.49,106.65773
2023-11-25 21:45:00,37783.49,37793.38,37768.06,37793.37,81.86438
2023-11-25 22:00:00,37793.38,37793.38,37711.76,37735.74,212.6764
2023-11-25 22:15:00,37735.74,37764.0,37735.74,37763.99,65.95201
2023-11-25 22:30:00,37763.99,37764.0,37742.33,37746.93,82.92018
2023-11-25 22:45:00,37746.93,37746.93,37725.0,37725.01,53.41882
2023-11-25 23:00:00,37725.01,37765.93,37714.0,37756.29,109.16097
2023-11-25 23:15:00,37756.29,37769.83,37751.33,37769.82,52.99549
2023-11-25 23:30:00,37769.82,37776.83,37759.24,37774.88,56.58675
2023-11-25 23:45:00,37774.88,37796.76,37774.88,37780.67,60.02188
2023-11-26 00:00:00,37780.67,37784.63,37755.97,37759.99,113.86391
2023-11-26 00:15:00,37760.0,37769.33,37746.17,37758.16,84.32975
2023-11-26 00:30:00,37758.16,37760.6,37736.87,37760.59,79.13953
2023-11-26 00:45:00,37760.59,37769.24,37730.69,37742.1,106.68212
2023-11-26 01:00:00,37742.1,37742.11,37708.34,37724.24,101.56117
2023-11-26 01:15:00,37724.24,37724.24,37699.11,37701.11,135.52162
2023-11-26 01:30:00,37701.1,37720.13,37680.0,37720.0,120.61568
2023-11-26 01:45:00,37720.0,37723.18,37678.16,37680.53,85.25063
2023-11-26 02:00:00,37680.52,37698.65,37662.18,37698.65,135.7124
2023-11-26 02:15:00,37698.64,37725.01,37698.64,37716.0,52.32418
2023-11-26 02:30:00,37715.99,37722.44,37710.78,37721.32,70.69179
2023-11-26 02:45:00,37721.32,37749.99,37721.32,37744.0,59.89164
2023-11-26 03:00:00,37744.01,37745.9,37736.36,37736.36,56.20021
2023-11-26 03:15:00,37736.37,37736.37,37724.25,37724.26,41.59167
2023-11-26 03:30:00,37724.26,37736.37,37724.25,37725.44,76.32509
2023-11-26 03:45:00,37725.44,37730.39,37723.6,37730.38,57.85381
2023-11-26 04:00:00,37730.39,37730.39,37698.16,37698.17,55.30634
2023-11-26 04:15:00,37698.16,37721.1,37694.48,37720.13,111.58903
2023-11-26 04:30:00,37720.13,37739.93,37720.12,37739.92,76.72547
2023-11-26 04:45:00,37739.92,37759.7,37739.92,37759.7,49.43417
2023-11-26 05:00:00,37759.7,37759.89,37750.16,37759.88,56.99373
2023-11-26 05:15:00,37759.88,37768.27,37757.08,37757.09,60.89338
2023-11-26 05:30:00,37757.08,37758.21,37736.21,37758.2,65.47335
2023-11-26 05:45:00,37758.21,37773.22,37758.2,37773.21,73.87283
2023-11-26 06:00:00,37773.22,37773.23,37765.01,37765.02,75.61303
2023-11-26 06:15:00,37765.01,37765.02,37751.31,37754.63,63.54863
2023-11-26 06:30:00,37754.63,37762.96,37729.0,37742.99,93.25982
2023-11-26 06:45:00,37742.99,37791.1,37742.98,37786.23,171.09711
2023-11-26 07:00:00,37786.23,37786.24,37752.21,37757.25,93.56862
2023-11-26 07:15:00,37757.24,37787.6,37757.24,37764.71,90.39909
2023-11-26 07:30:00,37764.71,37777.55,37762.89,37764.48,64.76906
2023-11-26 07:45:00,37764.48,37793.67,37764.47,37789.78,95.32867
2023-11-26 08:00:00,37789.77,37789.78,37750.73,37773.0,113.91213
2023-11-26 08:15:00,37773.0,37799.0,37773.0,37790.49,79.37025
2023-11-26 08:30:00,37790.49,37814.63,37776.41,37785.93,133.36256
2023-11-26 08:45:00,37785.93,37789.55,37755.47,37755.48,93.13761
2023-11-26 09:00:00,37755.48,37783.29,37750.0,37782.17,122.18856
2023-11-26 09:15:00,37782.18,37782.18,37757.37,37758.0,78.66811
2023-11-26 09:30:00,37758.0,37758.01,37736.3,37749.23,84.64374
2023-11-26 09:45:00,37749.22,37759.58,37749.22,37759.58,55.94946
2023-11-26 10:00:00,37759.57,37759.72,37733.55,37733.56,91.53413
2023-11-26 10:15:00,37733.56,37733.56,37720.63,37721.11,69.16083
2023-11-26 10:30:00,37721.11,37721.11,37705.49,37714.99,144.74121
2023-11-26 10:45:00,37714.99,37715.0,37697.31,37697.31,122.10511
2023-11-26 11:00:00,37697.31,37719.99,37666.8,37687.26,219.46786
2023-11-26 11:15:00,37687.27,37718.7,37687.26,37696.24,123.55677
2023-11-26 11:30:00,37696.24,37718.7,37694.18,37697.96,94.02102
2023-11-26 11:45:00,37697.96,37697.97,37669.07,37679.31,131.31301
2023-11-26 12:00:00,37679.3,37679.31,37618.15,37639.63,360.96975
2023-11-26 12:15:00,37639.63,37639.66,37355.0,37575.22,1059.75047
2023-11-26 12:30:00,37575.23,37591.4,37484.38,37525.12,531.27232
2023-11-26 12:45:00,37525.11,37632.5,37504.33,37627.52,331.3069
2023-11-26 13:00:00,37627.51,37627.52,37529.41,37578.53,280.17805
2023-11-26 13:15:00,37578.54,37578.54,37443.75,37509.95,395.31869
2023-11-26 13:30:00,37509.95,37509.96,37368.0,37424.0,449.39297
2023-11-26 13:45:00,37423.99,37530.08,37356.01,37514.9,417.31754
2023-11-26 14:00:00,37514.9,37514.91,37459.82,37481.25,227.39183
2023-11-26 14:15:00,37481.25,37481.25,37356.96,37374.21,616.97831
2023-11-26 14:30:00,37374.2,37460.0,37287.0,37431.22,664.73536
2023-11-26 14:45:00,37431.23,37446.93,37321.9,37341.1,369.57875
2023-11-26 15:00:00,37341.1,37445.61,37291.64,37416.27,469.97359
2023-11-26 15:15:00,37416.27,37455.93,37350.0,37455.0,308.90822
2023-11-26 15:30:00,37455.0,37508.0,37447.88,37495.17,275.92298
2023-11-26 15:45:00,37495.16,37499.89,37402.0,37437.11,294.1763
2023-11-26 16:00:00,37437.11,37500.2,37418.59,37475.39,259.78943
2023-11-26 16:15:00,37475.39,37499.19,37237.23,37292.95,893.61994
2023-11-26 16:30:00,37292.95,37338.7,37150.0,37271.8,1123.36829
2023-11-26 16:45:00,37271.79,37298.0,37160.0,37226.52,490.69683
2023-11-26 17:00:00,37226.52,37265.56,37154.0,37219.01,463.64792
2023-11-26 17:15:00,37219.0,37269.59,37200.0,37269.5,293.26115
2023-11-26 17:30:00,37269.5,37321.06,37269.45,37313.11,160.84098
2023-11-26 17:45:00,37313.1,37313.11,37267.12,37275.22,134.59889
2023-11-26 18:00:00,37275.21,37329.68,37242.9,37325.18,258.25972
2023-11-26 18:15:00,37325.18,37325.19,37202.17,37214.91,187.33254
2023-11-26 18:30:00,37214.9,37234.15,37163.72,37180.53,265.22927
2023-11-26 18:45:00,37180.53,37241.0,37176.4,37240.99,150.8293
2023-11-26 19:00:00,37241.0,37316.87,37226.68,37302.1,178.63385
2023-11-26 19:15:00,37302.1,37316.11,37272.2,37303.41,128.78919
2023-11-26 19:30:00,37303.4,37329.78,37300.28,37309.33,94.26027
2023-11-26 19:45:00,37309.32,37386.49,37293.27,37380.07,142.45513
2023-11-26 20:00:00,37380.07,37396.65,37357.68,37364.08,168.63226
2023-11-26 20:15:00,37364.07,37448.43,37364.07,37422.0,211.54868
2023-11-26 20:30:00,37422.0,37479.1,37420.12,37474.08,200.01548
2023-11-26 20:45:00,37474.08,37649.99,37474.08,37588.57,828.38872
2023-11-26 21:00:00,37588.57,37630.57,37495.29,37519.29,308.44477
2023-11-26 21:15:00,37519.3,37538.0,37466.66,37485.51,135.72407
2023-11-26 21:30:00,37485.52,37566.0,37485.51,37546.98,168.43227
2023-11-26 21:45:00,37546.99,37643.21,37546.98,37616.45,172.98736
2023-11-26 22:00:00,37616.44,37748.0,37616.44,37726.63,456.53183
2023-11-26 22:15:00,37726.63,37730.0,37665.69,37692.02,147.44798
2023-11-26 22:30:00,37692.01,37718.09,37600.0,37682.8,162.19498
2023-11-26 22:45:00,37682.81,37683.0,37638.0,37653.25,88.81083
2023-11-26 23:00:00,37653.25,37653.25,37357.67,37389.66,862.39655
2023-11-26 23:15:00,37389.66,37479.67,37320.3,37440.0,370.06737
2023-11-26 23:30:00,37439.99,37516.64,37439.99,37508.9,173.74082
2023-11-26 23:45:00,37508.9,37511.09,37437.99,37447.43,97.82864
2023-11-27 00:00:00,37447.42,37465.55,37390.47,37390.86,234.8514
2023-11-27 00:15:00,37390.86,37518.0,37390.86,37518.0,184.99977
2023-11-27 00:30:00,37518.0,37538.0,37498.83,37532.25,148.72626
2023-11-27 00:45:00,37532.24,37558.64,37484.12,37486.4,141.82671
2023-11-27 01:00:00,37486.4,37569.23,37486.4,37512.65,170.35169
2023-11-27 01:15:00,37512.65,37544.23,37476.52,37544.23,153.31048
2023-11-27 01:30:00,37544.22,37550.0,37476.52,37481.21,140.99027
2023-11-27 01:45:00,37481.22,37536.0,37458.0,37489.09,134.33774
2023-11-27 02:00:00,37489.09,37495.0,37422.14,37458.33,187.85896
2023-11-27 02:15:00,37458.32,37458.33,37371.1,37388.58,183.56161
2023-11-27 02:30:00,37388.57,37390.77,37254.08,37257.44,372.09976
2023-11-27 02:45:00,37257.43,37322.96,37230.0,37314.94,242.62883
2023-11-27 03:00:00,37314.93,37332.0,37231.53,37305.56,170.46051
2023-11-27 03:15:00,37305.56,37309.99,37231.27,37238.07,159.94191
2023-11-27 03:30:00,37238.07,37300.15,37200.0,37278.03,388.13767
2023-11-27 03:45:00,37278.02,37309.26,37268.52,37309.25,112.16704
2023-11-27 04:00:00,37309.26,37332.2,37300.0,37316.41,107.94582
2023-11-27 04:15:00,37316.41,37316.41,37259.42,37299.98,170.58306
2023-11-27 04:30:00,37299.98,37358.21,37285.32,37340.13,126.34045
2023-11-27 04:45:00,37340.14,37385.48,37329.06,37371.53,142.78646
2023-11-27 05:00:00,37371.52,37393.57,37351.29,37385.96,108.35699
2023-11-27 05:15:00,37385.95,37392.09,37331.21,37348.07,134.12278
2023-11-27 05:30:00,37348.07,37361.34,37331.44,37344.37,96.49424
2023-11-27 05:45:00,37344.37,37353.28,37300.0,37306.32,118.64503
2023-11-27 06:00:00,37306.32,37388.88,37294.07,37388.88,132.14892
2023-11-27 06:15:00,37388.88,37419.56,37372.0,37378.04,156.30366
2023-11-27 06:30:00,37378.05,37411.67,37372.0,37379.52,105.7629
2023-11-27 06:45:00,37379.51,37389.51,37268.0,37272.06,153.25466
2023-11-27 07:00:00,37272.06,37339.64,37264.31,37327.79,199.05615
2023-11-27 07:15:00,37327.79,37335.99,37164.0,37209.6,425.12887
2023-11-27 07:30:00,37209.6,37260.73,37051.0,37259.99,670.79274
2023-11-27 07:45:00,37259.99,37305.77,37227.79,37283.19,252.7434
2023-11-27 08:00:00,37283.2,37341.36,37261.0,37338.56,259.41168
2023-11-27 08:15:00,37338.57,37375.99,37308.13,37358.65,177.55525
2023-11-27 08:30:00,37358.66,37396.0,37340.56,37357.99,155.87577
2023-11-27 08:45:00,37357.98,37365.53,37318.01,37338.14,156.08085
2023-11-27 09:00:00,37338.14,37424.38,37337.63,37419.51,292.72878
2023-11-27 09:15:00,37419.51,37466.0,37390.04,37418.26,401.07235
2023-11-27 09:30:00,37418.25,37437.99,37385.65,37436.02,208.69148
2023-11-27 09:45:00,37436.03,37450.0,37371.09,37371.09,265.77884
2023-11-27 10:00:00,37371.1,37371.1,37322.0,37334.93,288.63319
2023-11-27 10:15:00,37334.93,37341.79,37198.78,37227.85,437.0462
2023-11-27 10:30:00,37227.84,37236.73,37025.51,37116.94,919.84938
2023-11-27 10:45:00,37116.93,37137.35,36960.01,37105.57,780.48987
2023-11-27 11:00:00,37105.58,37139.42,36960.0,37083.38,656.46076
2023-11-27 11:15:00,37083.38,37124.99,37042.0,37070.43,363.04461
2023-11-27 11:30:00,37070.43,37126.0,36900.0,37080.0,711.93074
2023-11-27 11:45:00,37080.0,37151.09,37028.18,37035.95,454.21538
2023-11-27 12:00:00,37035.95,37100.0,36994.16,37071.13,418.16567
2023-11-27 12:15:00,37071.14,37078.61,36930.0,36957.38,438.79036
2023-11-27 12:30:00,36957.38,37013.99,36902.23,36991.22,400.4496
2023-11-27 12:45:00,36991.21,37069.0,36952.44,36971.61,311.48276
2023-11-27 13:00:00,36971.6,37022.53,36951.1,36981.1,285.90619
2023-11-27 13:15:00,36981.1,37036.72,36810.0,36922.63,814.33908
2023-11-27 13:30:00,36922.63,36956.92,36856.6,36860.88,378.42649
2023-11-27 13:45:00,36860.89,36968.0,36766.33,36949.99,775.33869
2023-11-27 14:00:00,36950.0,36999.99,36855.87,36855.88,485.0559
2023-11-27 14:15:00,36855.87,36855.88,36788.0,36792.34,455.52436
2023-11-27 14:30:00,36792.34,36900.0,36715.0,36814.63,948.72612
2023-11-27 14:45:00,36814.63,36855.21,36738.66,36807.99,518.4161
2023-11-27 15:00:00,36807.99,36995.54,36789.38,36979.74,488.27849
2023-11-27 15:15:00,36979.74,37073.42,36957.36,36976.92,447.11702
2023-11-27 15:30:00,36976.93,36984.01,36902.18,36956.16,351.73371
2023-11-27 15:45:00,36956.17,36956.17,36746.54,36751.02,605.88309
2023-11-27 16:00:00,36751.01,36873.63,36707.0,36850.87,491.50849
2023-11-27 16:15:00,36850.87,36943.91,36827.49,36938.67,445.41558
2023-11-27 16:30:00,36938.68,37050.0,36885.27,37016.81,452.94239
2023-11-27 16:45:00,37016.81,37108.54,36980.85,37077.8,480.18611
2023-11-27 17:00:00,37077.79,37143.43,37031.65,37112.0,376.12998
2023-11-27 17:15:00,37112.0,37136.0,37055.21,37118.09,320.18541
2023-11-27 17:30:00,37118.08,37134.82,37065.0,37088.0,352.02665
2023-11-27 17:45:00,37087.99,37092.0,36886.37,36923.62,441.56982
2023-11-27 18:00:00,36923.62,37005.3,36890.0,36999.0,376.96519
2023-11-27 18:15:00,36999.0,37061.1,36989.92,37052.81,222.41692
2023-11-27 18:30:00,37052.81,37078.12,36982.0,37005.81,205.00837
2023-11-27 18:45:00,37005.81,37057.62,36961.44,36967.16,212.22402
2023-11-27 19:00:00,36967.16,37018.54,36921.82,36977.24,284.22111
2023-11-27 19:15:00,36977.25,37031.94,36976.31,37031.93,179.21517
2023-11-27 19:30:00,37031.94,37059.58,36842.07,36864.01,325.72275
2023-11-27 19:45:00,36864.01,36893.32,36787.92,36877.0,535.65602
2023-11-27 20:00:00,36877.0,36935.47,36831.87,36903.86,196.64938
2023-11-27 20:15:00,36903.86,36957.36,36856.0,36862.24,202.42618
2023-11-27 20:30:00,36862.24,36944.84,36861.08,36906.8,179.0584
2023-11-27 20:45:00,36906.81,36906.81,36800.0,36800.02,258.29626
2023-11-27 21:00:00,36800.01,36928.87,36792.51,36919.98,315.19107
2023-11-27 21:15:00,36919.98,36998.0,36910.34,36982.53,201.42243
2023-11-27 21:30:00,36982.52,37060.0,36978.0,36990.86,248.86965
2023-11-27 21:45:00,36990.87,37030.88,36968.0,37030.87,146.11368
2023-11-27 22:00:00,37030.88,37046.9,36976.0,36984.29,149.56364
2023-11-27 22:15:00,36984.28,37056.0,36966.66,37048.85,125.85783
2023-11-27 22:30:00,37048.84,37059.52,37039.7,37049.47,91.62749
2023-11-27 22:45:00,37049.48,37084.0,37049.0,37083.23,89.31418
2023-11-27 23:00:00,37083.24,37150.0,37082.04,37133.32,251.06058
2023-11-27 23:15:00,37133.32,37245.0,37107.72,37230.43,457.2591
2023-11-27 23:30:00,37230.44,37277.0,37211.1,37241.72,326.10878
2023-11-27 23:45:00,37241.72,37284.0,37211.1,37242.7,181.64563
2023-11-28 00:00:00,37242.7,37257.91,37200.0,37200.0,204.07459
2023-11-28 00:15:00,37200.0,37278.03,37191.1,37275.56,220.67748
2023-11-28 00:30:00,37275.56,37342.76,37275.1,37342.75,272.88085
2023-11-28 00:45:00,37342.76,37343.57,37251.88,37258.13,240.94487
2023-11-28 01:00:00,37258.14,37266.19,37233.33,37250.4,186.32092
2023-11-28 01:15:00,37250.4,37253.16,37164.0,37179.06,273.43419
2023-11-28 01:30:00,37179.06,37221.1,37171.1,37210.22,143.0697
2023-11-28 01:45:00,37210.21,37223.76,37192.68,37198.09,95.78333
2023-11-28 02:00:00,37198.09,37198.09,37123.0,37157.71,173.99701
2023-11-28 02:15:00,37157.72,37167.24,37131.1,37146.22,115.09474
2023-11-28 02:30:00,37146.21,37191.06,37125.0,37191.06,103.21732
2023-11-28 02:45:00,37191.06,37209.33,37171.16,37179.11,90.63556
2023-11-28 03:00:00,37179.1,37196.91,37155.03,37155.04,64.09157
2023-11-28 03:15:00,37155.04,37169.94,37136.73,37159.65,84.46148
2023-11-28 03:30:00,37159.66,37199.91,37119.77,37121.7,178.51555
2023-11-28 03:45:00,37121.7,37136.7,37102.47,37129.56,113.53472
2023-11-28 04:00:00,37129.55,37146.0,37106.47,37143.34,97.49499
2023-11-28 04:15:00,37143.33,37146.0,37093.01,37093.01,109.7365
2023-11-28 04:30:00,37093.01,37099.66,37055.0,37068.34,153.074
2023-11-28 04:45:00,37068.33,37068.34,36978.82,36988.0,424.91092
2023-11-28 05:00:00,36988.01,37010.6,36894.59,36936.0,499.32477
2023-11-28 05:15:00,36936.0,36956.0,36894.13,36950.38,294.12917
2023-11-28 05:30:00,36950.37,36950.38,36868.41,36906.86,316.50016
2023-11-28 05:45:00,36906.85,36946.67,36901.1,36913.76,173.79773
2023-11-28 06:00:00,36913.75,37000.01,36893.08,36986.01,319.86945
2023-11-28 06:15:00,36986.01,37033.44,36974.75,36984.03,229.64972
2023-11-28 06:30:00,36984.04,37071.27,36984.03,37066.15,184.4787
2023-11-28 06:45:00,37066.16,37124.99,37040.42,37105.53,132.67738
2023-11-28 07:00:00,37105.53,37118.3,37033.0,37044.32,208.67551
2023-11-28 07:15:00,37044.33,37055.99,36971.4,37000.0,156.14508
2023-11-28 07:30:00,37000.0,37055.97,36999.99,37053.13,151.68434
2023-11-28 07:45:00,37053.13,37152.31,37032.41,37105.11,522.73398
2023-11-28 08:00:00,37105.11,37119.65,37042.74,37045.97,187.1955
2023-11-28 08:15:00,37045.97,37050.79,36988.53,36999.1,303.1554
2023-11-28 08:30:00,36999.11,37056.89,36952.11,36966.01,287.34506
2023-11-28 08:45:00,36966.01,36994.79,36940.54,36940.54,227.36313
2023-11-28 09:00:00,36940.54,36991.03,36931.1,36991.02,136.80414
2023-11-28 09:15:00,36991.02,37043.57,36991.02,37043.56,206.61268
2023-11-28 09:30:00,37043.56,37116.91,37040.0,37111.13,192.85245
2023-11-28 09:45:00,37111.14,37141.04,37075.0,37083.16,269.71607
2023-11-28 10:00:00,37083.16,37090.05,37034.85,37044.01,205.82741
2023-11-28 10:15:00,37044.02,37096.54,37015.89,37029.44,171.98998
2023-11-28 10:30:00,37029.45,37081.1,37029.44,37055.23,180.21759
2023-11-28 10:45:00,37055.24,37108.33,37036.25,37108.33,117.50837
2023-11-28 11:00:00,37108.33,37120.95,37085.02,37113.99,140.18839
2023-11-28 11:15:00,37113.99,37192.41,37105.34,37173.32,230.25496
2023-11-28 11:30:00,37173.32,37227.86,37148.82,37186.48,220.08774
2023-11-28 11:45:00,37186.49,37262.02,37170.0,37251.42,298.44416
2023-11-28 12:00:00,37251.43,37267.4,37175.83,37181.25,289.68058
2023-11-28 12:15:00,37181.25,37221.54,37171.96,37221.54,180.37245
2023-11-28 12:30:00,37221.53,37277.12,37201.99,37262.2,216.87074
2023-11-28 12:45:00,37262.19,37262.2,37188.0,37205.21,137.85522
2023-11-28 13:00:00,37205.21,37205.63,37142.81,37169.96,247.7679
2023-11-28 13:15:00,37169.95,37248.0,37166.11,37247.84,278.29847
2023-11-28 13:30:00,37247.85,37329.0,37247.84,37325.0,435.26407
2023-11-28 13:45:00,37324.99,37444.0,37283.7,37412.29,461.757
2023-11-28 14:00:00,37412.29,37439.99,37355.88,37391.71,324.70615
2023-11-28 14:15:00,37391.72,37434.0,37355.0,37418.64,281.24748
2023-11-28 14:30:00,37418.63,37449.0,37362.27,37404.2,349.25496
2023-11-28 14:45:00,37404.19,37457.0,37367.35,37367.36,294.93358
2023-11-28 15:00:00,37367.36,37450.0,37367.35,37402.59,255.00296
2023-11-28 15:15:00,37402.59,37458.0,37374.08,37374.08,327.58676
2023-11-28 15:30:00,37374.09,37568.28,37302.0,37484.96,732.88192
2023-11-28 15:45:00,37484.95,37546.0,37442.0,37513.19,517.84843
2023-11-28 16:00:00,37513.2,37666.0,37513.19,37588.7,859.36354
2023-11-28 16:15:00,37588.71,37678.03,37556.62,37603.8,611.26695
2023-11-28 16:30:00,37603.81,37850.0,37603.8,37771.11,1020.55914
2023-11-28 16:45:00,37771.1,37930.0,37771.1,37877.57,1068.20348
2023-11-28 17:00:00,37877.57,37948.0,37768.62,37909.72,875.99546
2023-11-28 17:15:00,37909.71,38197.0,37909.71,38073.99,1803.2401
2023-11-28 17:30:00,38073.98,38220.0,38045.31,38199.99,1381.69232
2023-11-28 17:45:00,38199.99,38240.0,38093.73,38210.75,837.48799
2023-11-28 18:00:00,38210.75,38222.2,38036.01,38128.0,845.68809
2023-11-28 18:15:00,38128.0,38179.99,38048.0,38105.49,462.31569
2023-11-28 18:30:00,38105.49,38140.84,38042.0,38085.55,611.01097
2023-11-28 18:45:00,38085.55,38126.95,37875.0,37971.64,1308.52855
2023-11-28 19:00:00,37971.64,38116.1,37942.93,38064.95,965.89116
2023-11-28 19:15:00,38064.94,38093.71,38012.0,38060.69,449.92368
2023-11-28 19:30:00,38060.69,38377.0,38041.23,38286.51,1826.08884
2023-11-28 19:45:00,38286.5,38300.0,38082.94,38114.26,817.10773
2023-11-28 20:00:00,38114.26,38187.28,38067.49,38176.96,493.6691
2023-11-28 20:15:00,38176.96,38208.0,38070.0,38091.82,401.03907
2023-11-28 20:30:00,38091.81,38185.59,38063.33,38185.29,422.80425
2023-11-28 20:45:00,38185.29,38284.66,38161.11,38198.4,565.97069
2023-11-28 21:00:00,38198.4,38234.04,38120.0,38145.25,428.23555
2023-11-28 21:15:00,38145.25,38149.21,38075.52,38082.44,303.32247
2023-11-28 21:30:00,38082.44,38109.9,37983.24,37985.31,460.02043
2023-11-28 21:45:00,37985.32,38016.73,37934.0,37943.62,422.45833
2023-11-28 22:00:00,37943.61,38017.76,37920.0,37998.0,376.27078
2023-11-28 22:15:00,37998.01,38040.6,37946.04,37981.08,256.96123
2023-11-28 22:30:00,37981.09,37991.31,37941.1,37950.01,166.30325
2023-11-28 22:45:00,37950.0,37950.01,37814.63,37861.1,321.05173
2023-11-28 23:00:00,37861.1,37929.91,37822.0,37900.0,493.79594
2023-11-28 23:15:00,37900.01,37905.2,37833.34,37856.5,323.67974
2023-11-28 23:30:00,37856.51,37880.0,37670.97,37775.72,780.23767
2023-11-28 23:45:00,37775.73,37819.09,37722.92,37818.87,341.77477
2023-11-29 00:00:00,37818.88,37833.26,37681.1,37687.72,430.74404
2023-11-29 00:15:00,37687.72,37764.0,37677.96,37763.05,245.56968
2023-11-29 00:30:00,37763.05,37886.0,37750.21,37884.77,376.87403
2023-11-29 00:45:00,37884.77,37916.66,37854.31,37915.0,203.72214
2023-11-29 01:00:00,37915.0,38093.72,37914.99,38064.82,618.43283
2023-11-29 01:15:00,38064.83,38087.98,37981.11,38031.62,320.71044
2023-11-29 01:30:00,38031.62,38068.0,37950.0,38019.93,337.99724
2023-11-29 01:45:00,38019.92,38030.99,37933.01,37934.1,222.70192
2023-11-29 02:00:00,37934.11,37959.57,37866.53,37949.6,372.60663
2023-11-29 02:15:00,37949.61,37971.1,37887.99,37902.2,243.25867
2023-11-29 02:30:00,37902.2,37907.13,37834.0,37869.51,248.30166
2023-11-29 02:45:00,37869.5,37976.27,37846.46,37931.59,316.78749
2023-11-29 03:00:00,37931.59,38003.7,37918.01,37998.1,266.78897
2023-11-29 03:15:00,37998.1,38004.92,37952.21,37957.28,227.77629
2023-11-29 03:30:00,37957.29,37974.44,37894.61,37906.75,328.76355
2023-11-29 03:45:00,37906.75,37940.5,37892.29,37940.49,148.91404
2023-11-29 04:00:00,37940.49,37956.92,37907.51,37919.48,120.45659
2023-11-29 04:15:00,37919.47,37920.28,37871.95,37882.21,154.37055
2023-11-29 04:30:00,37882.2,37902.86,37871.1,37901.51,141.48726
2023-11-29 04:45:00,37901.52,37948.89,37886.35,37931.86,153.0942
2023-11-29 05:00:00,37931.86,37979.27,37931.86,37965.0,159.20584
2023-11-29 05:15:00,37965.01,37965.01,37921.66,37940.27,120.29346
2023-11-29 05:30:00,37940.27,37943.58,37895.65,37939.66,173.0962
2023-11-29 05:45:00,37939.65,38040.03,37939.65,38035.73,194.01917
2023-11-29 06:00:00,38035.72,38044.0,37991.09,38014.15,199.50069
2023-11-29 06:15:00,38014.15,38025.0,37982.2,38008.16,143.04112
2023-11-29 06:30:00,38008.16,38152.9,37994.91,38121.09,413.60894
2023-11-29 06:45:00,38121.08,38235.36,38067.08,38174.41,579.07754
2023-11-29 07:00:00,38174.41,38177.3,38100.0,38130.15,415.97858
2023-11-29 07:15:00,38130.15,38151.09,38067.87,38146.56,266.88656
2023-11-29 07:30:00,38146.57,38149.99,38045.74,38113.19,280.07481
2023-11-29 07:45:00,38113.19,38157.23,38086.02,38096.69,287.82741
2023-11-29 08:00:00,38096.7,38165.36,38083.56,38160.04,309.11703
2023-11-29 08:15:00,38160.04,38165.99,38097.27,38141.78,238.13882
2023-11-29 08:30:00,38141.78,38232.0,38100.01,38201.11,314.7644
2023-11-29 08:45:00,38201.11,38370.0,38191.36,38338.0,995.75887
2023-11-29 09:00:00,38338.01,38345.0,38231.45,38254.87,485.1808
2023-11-29 09:15:00,38254.87,38312.63,38210.0,38217.39,298.14744
2023-11-29 09:30:00,38217.4,38228.23,38158.66,38189.17,391.92027
2023-11-29 09:45:00,38189.17,38450.0,38075.0,38281.0,1340.5137
2023-11-29 10:00:00,38280.99,38292.71,38171.1,38210.0,623.10929
2023-11-29 10:15:00,38209.99,38210.0,38101.02,38118.47,452.08223
2023-11-29 10:30:00,38118.47,38157.47,37889.3,37919.4,809.87526
2023-11-29 10:45:00,37919.4,37999.85,37912.3,37973.38,478.85795
2023-11-29 11:00:00,37973.37,38048.0,37878.17,38039.14,451.2201
2023-11-29 11:15:00,38039.15,38114.75,38013.91,38075.0,368.87333
2023-11-29 11:30:00,38075.0,38139.49,38038.0,38100.0,310.01968
2023-11-29 11:45:00,38100.0,38159.01,38054.42,38104.65,305.10655
2023-11-29 12:00:00,38104.65,38141.26,38058.22,38068.4,261.35735
2023-11-29 12:15:00,38068.39,38189.52,38051.99,38175.12,301.64149
2023-11-29 12:30:00,38175.12,38280.0,38175.12,38200.01,485.57997
2023-11-29 12:45:00,38200.0,38245.71,38144.66,38161.09,274.5314
2023-11-29 13:00:00,38161.09,38234.86,38146.0,38217.46,338.41592
2023-11-29 13:15:00,38217.47,38244.64,38158.84,38164.77,248.91743
2023-11-29 13:30:00,38164.77,38245.02,38126.66,38126.66,411.10535
2023-11-29 13:45:00,38126.67,38153.55,38094.32,38113.09,273.0826
2023-11-29 14:00:00,38113.1,38182.2,38066.0,38128.26,375.75012
2023-11-29 14:15:00,38128.25,38128.26,37991.37,38052.84,616.61228
2023-11-29 14:30:00,38052.84,38057.45,37885.0,37900.0,680.79503
2023-11-29 14:45:00,37900.0,37920.65,37782.0,37823.81,913.68759
2023-11-29 15:00:00,37823.81,37890.27,37583.33,37608.24,1448.9111
2023-11-29 15:15:00,37608.25,37762.52,37570.0,37753.79,683.98541
2023-11-29 15:30:00,37753.8,37887.83,37710.0,37804.28,856.88355
2023-11-29 15:45:00,37804.28,37859.06,37777.85,37830.75,333.40981
2023-11-29 16:00:00,37830.74,37869.13,37710.19,37727.02,569.87021
2023-11-29 16:15:00,37727.02,37795.85,37655.0,37711.64,434.71861
2023-11-29 16:30:00,37711.64,37766.0,37650.0,37747.17,369.95049
2023-11-29 16:45:00,37747.16,37823.06,37725.75,37762.36,254.98411
2023-11-29 17:00:00,37762.36,37762.36,37692.64,37732.77,233.90784
2023-11-29 17:15:00,37732.78,37732.78,37670.0,37706.87,169.2916
2023-11-29 17:30:00,37706.88,37791.1,37706.87,37791.1,169.1664
2023-11-29 17:45:00,37791.1,37870.0,37777.0,37777.01,246.67631
2023-11-29 18:00:00,37777.0,37785.91,37679.05,37679.06,283.40704
2023-11-29 18:15:00,37679.06,37772.64,37670.0,37772.63,210.0539
2023-11-29 18:30:00,37772.63,37815.93,37714.56,37788.3,184.20991
2023-11-29 18:45:00,37788.3,37862.0,37764.62,37862.0,174.67588
2023-11-29 19:00:00,37861.99,37932.77,37840.1,37893.14,294.15019
2023-11-29 19:15:00,37893.14,37912.2,37806.43,37827.91,217.8779
2023-11-29 19:30:00,37827.91,37847.99,37789.96,37836.79,163.56064
2023-11-29 19:45:00,37836.8,37884.72,37820.97,37874.2,145.94522
2023-11-29 20:00:00,37874.19,37884.72,37825.0,37832.95,192.59801
2023-11-29 20:15:00,37832.96,37855.61,37764.86,37783.02,172.4114
2023-11-29 20:30:00,37783.02,37783.02,37631.1,37712.12,559.92441
2023-11-29 20:45:00,37712.11,37721.43,37642.01,37675.0,451.50522
2023-11-29 21:00:00,37672.89,37770.01,37580.85,37740.0,533.62215
2023-11-29 21:15:00,37740.01,37785.0,37740.0,37770.33,168.22881
2023-11-29 21:30:00,37770.33,37783.86,37678.1,37699.33,153.93556
2023-11-29 21:45:00,37699.32,37740.09,37683.68,37739.0,114.31379
2023-11-29 22:00:00,37739.0,37794.42,37739.0,37781.77,90.54493
2023-11-29 22:15:00,37781.78,37815.68,37774.37,37815.68,103.54102
2023-11-29 22:30:00,37815.67,37835.52,37793.0,37831.17,166.89326
2023-11-29 22:45:00,37831.17,37831.18,37790.65,37790.65,89.57046
2023-11-29 23:00:00,37790.66,37820.0,37720.51,37820.0,147.48569
2023-11-29 23:15:00,37819.99,37858.16,37781.1,37845.85,223.94117
2023-11-29 23:30:00,37845.85,37865.0,37831.32,37865.0,173.49069
2023-11-29 23:45:00,37864.99,37865.0,37794.51,37854.64,140.41759
2023-11-30 00:00:00,37854.65,37854.65,37774.17,37776.53,202.89565
2023-11-30 00:15:00,37776.53,37865.21,37762.16,37770.24,258.67442
2023-11-30 00:30:00,37770.24,37844.0,37770.23,37818.52,214.84812
2023-11-30 00:45:00,37818.52,37843.85,37778.94,37778.94,97.81234
2023-11-30 01:00:00,37778.95,37783.02,37721.49,37727.66,160.88659
2023-11-30 01:15:00,37727.66,37788.0,37722.15,37776.99,140.83733
2023-11-30 01:30:00,37777.0,37811.1,37763.96,37775.44,137.70856
2023-11-30 01:45:00,37775.43,37783.86,37699.93,37703.42,148.82312
2023-11-30 02:00:00,37703.43,37741.11,37686.84,37737.64,120.68029
2023-11-30 02:15:00,37737.64,37820.0,37704.52,37819.99,133.25387
2023-11-30 02:30:00,37820.0,37916.0,37795.48,37878.81,288.82438
2023-11-30 02:45:00,37878.81,37906.0,37871.96,37876.05,206.70602
2023-11-30 03:00:00,37876.04,37887.96,37850.0,37852.79,144.46468
2023-11-30 03:15:00,37852.8,37868.0,37840.35,37868.0,147.29888
2023-11-30 03:30:00,37867.99,37990.14,37856.4,37982.15,322.71341
2023-11-30 03:45:00,37982.16,38051.84,37982.15,38051.84,362.94928
2023-11-30 04:00:00,38051.84,38144.28,38035.0,38143.99,475.6002
2023-11-30 04:15:00,38143.99,38145.85,38040.63,38040.64,392.79085
2023-11-30 04:30:00,38040.64,38080.0,38002.0,38012.39,186.48537
2023-11-30 04:45:00,38012.4,38012.4,37963.97,37975.94,145.6001
2023-11-30 05:00:00,37975.95,38016.0,37929.57,37948.83,412.16128
2023-11-30 05:15:00,37948.82,37971.46,37913.86,37937.89,330.19453
2023-11-30 05:30:00,37937.88,37970.18,37903.18,37912.74,311.65033
2023-11-30 05:45:00,37912.75,37924.09,37853.09,37885.63,185.87722
2023-11-30 06:00:00,37885.63,37931.1,37854.74,37931.09,201.96934
2023-11-30 06:15:00,37931.1,37950.0,37888.55,37929.78,188.43301
2023-11-30 06:30:00,37929.77,37946.93,37810.58,37828.24,409.50432
2023-11-30 06:45:00,37828.24,37884.31,37794.45,37864.0,290.01171
2023-11-30 07:00:00,37864.01,37900.25,37864.0,37886.56,160.95785
2023-11-30 07:15:00,37886.55,37903.22,37793.44,37823.45,581.61595
2023-11-30 07:30:00,37823.45,37862.29,37786.8,37798.67,372.65227
2023-11-30 07:45:00,37798.67,37817.51,37767.11,37792.98,328.35804
2023-11-30 08:00:00,37792.98,37814.48,37725.29,37733.85,270.08021
2023-11-30 08:15:00,37733.86,37741.89,37668.0,37694.09,346.76981
2023-11-30 08:30:00,37694.08,37704.48,37553.6,37676.24,693.78035
2023-11-30 08:45:00,37676.24,37711.0,37621.42,37668.87,417.42454
2023-11-30 09:00:00,37668.86,37722.06,37610.48,37681.1,344.98252
2023-11-30 09:15:00,37681.1,37730.48,37666.0,37715.6,218.33431
2023-11-30 09:30:00,37715.6,37734.41,37684.23,37731.27,238.05494
2023-11-30 09:45:00,37731.28,37737.9,37697.43,37713.54,119.9055
2023-11-30 10:00:00,37713.53,37717.87,37697.11,37711.1,164.1925
2023-11-30 10:15:00,37711.1,37757.52,37711.09,37757.51,102.03039
2023-11-30 10:30:00,37757.52,37765.0,37730.0,37759.45,187.23597
2023-11-30 10:45:00,37759.46,37759.5,37680.0,37680.01,169.89822
2023-11-30 11:00:00,37680.0,37719.03,37655.11,37709.48,234.50074
2023-11-30 11:15:00,37709.48,37753.52,37704.61,37753.52,161.92019
2023-11-30 11:30:00,37753.51,37830.09,37751.98,37812.03,236.34121
2023-11-30 11:45:00,37812.02,37905.26,37801.1,37885.15,345.8067
2023-11-30 12:00:00,37885.15,37922.2,37850.0,37870.36,440.41542
2023-11-30 12:15:00,37870.36,37889.82,37844.05,37868.77,269.68963
2023-11-30 12:30:00,37868.77,37884.99,37826.23,37846.02,231.99643
2023-11-30 12:45:00,37846.01,37905.21,37841.1,37879.99,263.60227
2023-11-30 13:00:00,37879.99,37884.34,37784.41,37784.67,298.71048
2023-11-30 13:15:00,37784.67,37907.33,37754.0,37893.43,265.58349
2023-11-30 13:30:00,37893.44,37936.0,37853.43,37913.34,310.59754
2023-11-30 13:45:00,37913.34,37966.94,37625.81,37725.85,961.49341
2023-11-30 14:00:00,37725.86,37747.99,37500.0,37717.88,1451.80614
2023-11-30 14:15:00,37717.89,37770.24,37671.85,37733.99,400.08181
2023-11-30 14:30:00,37734.0,37781.04,37606.56,37626.01,433.04798
2023-11-30 14:45:00,37626.01,37717.0,37585.74,37655.09,376.07314
2023-11-30 15:00:00,37655.08,37688.75,37577.17,37685.05,416.72923
2023-11-30 15:15:00,37685.05,37729.82,37640.0,37645.34,281.22181
2023-11-30 15:30:00,37645.34,37703.41,37562.5,37576.97,373.15778
2023-11-30 15:45:00,37576.96,37619.85,37520.01,37619.84,401.4618
2023-11-30 16:00:00,37619.85,37648.15,37535.0,37643.96,335.72205
2023-11-30 16:15:00,37643.96,37648.68,37582.0,37631.75,246.02862
2023-11-30 16:30:00,37631.75,37703.25,37605.92,37695.97,194.31071
2023-11-30 16:45:00,37695.96,37729.88,37658.93,37661.89,243.29328
2023-11-30 17:00:00,37661.88,37688.52,37642.82,37656.98,197.93456
2023-11-30 17:15:00,37656.98,37690.0,37631.1,37690.0,183.22848
2023-11-30 17:30:00,37690.0,37734.29,37687.26,37730.08,150.54611
2023-11-30 17:45:00,37730.07,37757.77,37714.65,37740.86,187.05483
2023-11-30 18:00:00,37740.86,37740.86,37710.89,37733.44,121.50739
2023-11-30 18:15:00,37733.45,37807.37,37721.1,37806.0,254.40176
2023-11-30 18:30:00,37806.0,37806.01,37756.81,37768.81,189.4491
2023-11-30 18:45:00,37768.8,37768.81,37720.0,37739.36,159.00224
2023-11-30 19:00:00,37739.36,37756.02,37689.56,37708.57,146.62695
2023-11-30 19:15:00,37708.57,37752.49,37704.59,37743.83,167.86094
2023-11-30 19:30:00,37743.84,37796.0,37738.99,37782.66,140.77291
2023-11-30 19:45:00,37782.66,37795.96,37744.49,37749.34,114.133
2023-11-30 20:00:00,37749.34,37760.75,37724.0,37733.63,136.1151
2023-11-30 20:15:00,37733.63,37742.11,37695.44,37699.95,123.89194
2023-11-30 20:30:00,37699.96,37765.0,37699.95,37750.76,112.85657
2023-11-30 20:45:00,37750.76,37758.49,37701.1,37730.94,245.44413
2023-11-30 21:00:00,37730.93,37745.99,37696.35,37720.91,127.05529
2023-11-30 21:15:00,37720.92,37750.0,37708.8,37749.99,87.92796
2023-11-30 21:30:00,37749.99,37764.37,37725.0,37747.36,94.53032
2023-11-30 21:45:00,37747.35,37758.0,37736.75,37739.1,73.19238
2023-11-30 22:00:00,37739.09,37809.99,37714.73,37800.01,140.06222
2023-11-30 22:15:00,37800.01,37800.01,37775.67,37793.98,91.52941
2023-11-30 22:30:00,37793.99,37793.99,37760.0,37760.0,58.33286
2023-11-30 22:45:00,37760.0,37760.01,37680.8,37694.06,94.50186
2023-11-30 23:00:00,37694.07,37699.21,37604.0,37657.52,329.81827
2023-11-30 23:15:00,37657.52,37702.2,37636.92,37702.2,256.89913
2023-11-30 23:30:00,37702.2,37728.03,37700.0,37716.49,120.37771
2023-11-30 23:45:00,37716.48,37729.85,37705.45,37723.96,125.71762
2023-12-01 00:00:00,37723.97,37744.72,37628.28,37633.33,298.20553
2023-12-01 00:15:00,37633.32,37643.55,37615.86,37627.91,181.48333
2023-12-01 00:30:00,37627.9,37675.0,37616.12,37671.06,132.94692
2023-12-01 00:45:00,37671.05,37689.23,37642.38,37682.38,101.74169
2023-12-01 01:00:00,37682.39,37694.71,37640.46,37668.02,160.27808
2023-12-01 01:15:00,37668.02,37883.93,37666.16,37883.86,505.49769
2023-12-01 01:30:00,37883.86,37965.51,37829.94,37922.99,1014.28629
2023-12-01 01:45:00,37922.99,37958.59,37859.86,37946.02,350.49695
2023-12-01 02:00:00,37946.01,37956.37,37885.94,37903.07,215.52912
2023-12-01 02:15:00,37903.06,37903.07,37871.1,37882.25,181.54499
2023-12-01 02:30:00,37882.26,37966.0,37882.21,37966.0,163.49799
2023-12-01 02:45:00,37965.99,38082.42,37965.99,37990.8,629.11273
2023-12-01 03:00:00,37990.79,38000.0,37950.54,37973.52,238.50005
2023-12-01 03:15:00,37973.51,38067.77,37954.53,37993.37,338.88246
2023-12-01 03:30:00,37993.36,38048.0,37978.01,38031.1,182.53986
2023-12-01 03:45:00,38031.1,38049.77,37995.21,38043.05,239.34186
2023-12-01 04:00:00,38043.04,38142.85,38022.67,38117.1,716.72961
2023-12-01 04:15:00,38117.09,38198.0,38077.68,38197.99,518.62456
2023-12-01 04:30:00,38198.0,38243.3,38102.4,38209.99,804.33504
2023-12-01 04:45:00,38209.99,38210.0,38138.13,38179.86,501.46691
2023-12-01 05:00:00,38179.86,38200.11,38121.1,38128.32,377.11978
2023-12-01 05:15:00,38128.32,38200.0,38120.48,38167.97,183.83631
2023-12-01 05:30:00,38167.98,38175.0,38092.01,38146.84,185.53646
2023-12-01 05:45:00,38146.84,38146.84,38099.2,38120.84,240.98699
2023-12-01 06:00:00,38120.84,38128.03,38070.1,38091.97,226.69006
2023-12-01 06:15:00,38091.97,38124.0,38081.1,38091.11,171.90537
2023-12-01 06:30:00,38091.1,38166.54,38091.1,38166.54,198.57844
2023-12-01 06:45:00,38166.53,38220.0,38151.1,38214.23,283.39756
2023-12-01 07:00:00,38214.23,38320.0,38202.52,38305.34,682.75651
2023-12-01 07:15:00,38305.34,38348.0,38281.1,38334.91,686.74508
2023-12-01 07:30:00,38334.91,38334.92,38228.2,38267.94,787.58064
2023-12-01 07:45:00,38267.93,38287.3,38219.09,38244.08,445.5748
2023-12-01 08:00:00,38244.08,38334.91,38244.08,38315.85,472.27211
2023-12-01 08:15:00,38315.85,38358.0,38238.0,38238.01,447.54244
2023-12-01 08:30:00,38238.01,38286.78,38215.0,38286.77,342.4905
2023-12-01 08:45:00,38286.77,38349.77,38286.32,38313.47,431.0782
2023-12-01 09:00:00,38313.47,38449.0,38313.47,38428.99,870.33731
2023-12-01 09:15:00,38429.0,38718.0,38428.99,38586.21,2917.25849
2023-12-01 09:30:00,38586.21,38666.0,38534.65,38590.75,719.83334
2023-12-01 09:45:00,38590.74,38712.91,38590.74,38705.24,840.98889
2023-12-01 10:00:00,38705.25,38833.0,38636.18,38656.92,1651.02973
2023-12-01 10:15:00,38656.91,38669.99,38572.94,38646.0,688.22217
2023-12-01 10:30:00,38646.0,38666.3,38556.0,38594.63,377.02559
2023-12-01 10:45:00,38594.64,38639.02,38534.98,38541.02,401.65234
2023-12-01 11:00:00,38541.01,38589.89,38508.89,38575.98,438.99581
2023-12-01 11:15:00,38575.97,38629.83,38568.42,38619.99,292.57513
2023-12-01 11:30:00,38620.0,38659.4,38580.53,38580.53,278.9399
2023-12-01 11:45:00,38580.53,38607.12,38563.93,38580.17,184.43935
2023-12-01 12:00:00,38580.17,38629.65,38546.0,38546.0,311.74353
2023-12-01 12:15:00,38546.01,38562.56,38455.0,38539.85,494.15454
2023-12-01 12:30:00,38539.85,38552.94,38364.22,38375.17,565.47915
2023-12-01 12:45:00,38375.17,38420.0,38300.01,38360.95,643.71912
2023-12-01 13:00:00,38360.95,38423.27,38323.86,38336.24,382.24561
2023-12-01 13:15:00,38336.25,38433.65,38331.3,38404.22,276.0594
2023-12-01 13:30:00,38404.21,38438.81,38369.0,38413.47,204.27105
2023-12-01 13:45:00,38413.47,38431.1,38300.0,38367.15,368.79554
2023-12-01 14:00:00,38367.14,38387.83,38255.68,38258.64,421.83474
2023-12-01 14:15:00,38258.63,38350.24,38219.0,38350.24,363.2285
2023-12-01 14:30:00,38350.23,38396.35,38264.24,38289.78,539.09857
2023-12-01 14:45:00,38289.79,38349.79,38255.21,38324.57,347.1546
2023-12-01 15:00:00,38324.58,38421.87,38324.57,38363.3,565.1618
2023-12-01 15:15:00,38363.3,38423.07,38293.04,38334.12,413.34315
2023-12-01 15:30:00,38334.11,38418.21,38322.6,38405.84,349.73545
2023-12-01 15:45:00,38405.84,38446.54,38405.83,38413.5,351.87558
2023-12-01 16:00:00,38413.51,38498.08,38395.0,38494.12,614.3688
2023-12-01 16:15:00,38494.13,38793.55,38461.2,38793.54,1038.83815
2023-12-01 16:30:00,38793.55,38999.0,38691.1,38742.59,1960.3678
2023-12-01 16:45:00,38742.58,38869.95,38645.0,38801.92,958.01587
2023-12-01 17:00:00,38801.92,38891.84,38735.94,38749.91,980.00644
2023-12-01 17:15:00,38749.91,38821.1,38708.0,38771.83,441.80867
2023-12-01 17:30:00,38771.82,38775.0,38703.18,38737.46,426.21952
2023-12-01 17:45:00,38737.46,38800.0,38716.21,38799.01,361.35934
2023-12-01 18:00:00,38799.02,38848.74,38755.9,38784.99,593.8436
2023-12-01 18:15:00,38784.98,38920.0,38753.75,38785.13,566.46172
2023-12-01 18:30:00,38785.14,38829.99,38735.09,38769.99,373.5472
2023-12-01 18:45:00,38770.0,38809.04,38699.0,38703.69,407.26047
2023-12-01 19:00:00,38703.69,38741.1,38657.89,38716.2,358.29956
2023-12-01 19:15:00,38716.2,38735.41,38625.61,38677.78,380.95627
2023-12-01 19:30:00,38677.78,38764.99,38636.12,38743.7,238.08087
2023-12-01 19:45:00,38743.7,38784.0,38719.49,38762.4,200.8014
2023-12-01 20:00:00,38762.4,38780.0,38711.1,38721.07,204.85917
2023-12-01 20:15:00,38721.06,38785.0,38716.38,38776.47,221.39585
2023-12-01 20:30:00,38776.46,38861.74,38776.46,38785.09,339.17215
2023-12-01 20:45:00,38785.09,38811.1,38737.55,38749.62,285.89057
2023-12-01 21:00:00,38749.62,38842.15,38749.61,38840.0,258.1727
2023-12-01 21:15:00,38840.0,38847.09,38801.1,38803.95,202.28157
2023-12-01 21:30:00,38803.96,38881.54,38801.0,38856.99,196.5751
2023-12-01 21:45:00,38857.0,38900.0,38754.2,38776.05,341.58822
2023-12-01 22:00:00,38776.05,38847.86,38775.0,38833.6,150.8449
2023-12-01 22:15:00,38833.6,38841.52,38792.77,38792.78,153.43272
2023-12-01 22:30:00,38792.77,38808.77,38692.03,38745.02,412.65032
2023-12-01 22:45:00,38745.02,38746.11,38699.77,38703.86,144.86055
2023-12-01 23:00:00,38703.85,38737.23,38682.54,38724.95,149.81255
2023-12-01 23:15:00,38724.94,38732.29,38706.59,38715.44,121.92477
2023-12-01 23:30:00,38715.45,38717.37,38658.33,38662.58,233.8935
2023-12-01 23:45:00,38662.57,38692.05,38645.0,38682.52,199.74163
2023-12-02 00:00:00,38682.51,38701.94,38642.01,38644.12,275.63611
2023-12-02 00:15:00,38644.12,38668.96,38641.61,38641.62,119.2024
2023-12-02 00:30:00,38641.62,38709.31,38641.61,38709.31,147.93992
2023-12-02 00:45:00,38709.3,38732.0,38700.0,38713.79,201.26388
2023-12-02 01:00:00,38713.8,38745.24,38697.37,38745.24,140.5799
2023-12-02 01:15:00,38745.24,38783.51,38734.7,38769.6,164.2848
2023-12-02 01:30:00,38769.6,38795.0,38767.55,38790.5,141.77269
2023-12-02 01:45:00,38790.5,38795.05,38725.75,38750.31,180.15165
2023-12-02 02:00:00,38750.3,38769.28,38733.72,38751.1,133.94507
2023-12-02 02:15:00,38751.11,38751.11,38666.67,38694.83,160.31678
2023-12-02 02:30:00,38694.84,38694.87,38678.85,38684.53,118.84676
2023-12-02 02:45:00,38684.53,38720.7,38684.52,38720.7,76.17911
2023-12-02 03:00:00,38720.69,38740.9,38718.65,38740.9,90.9776
2023-12-02 03:15:00,38740.89,38762.44,38740.89,38753.16,104.63002
2023-12-02 03:30:00,38753.17,38753.2,38742.7,38748.7,83.67165
2023-12-02 03:45:00,38748.7,38782.28,38748.7,38782.27,97.02921
2023-12-02 04:00:00,38782.27,38782.28,38762.24,38762.24,86.10369
2023-12-02 04:15:00,38762.24,38790.0,38762.24,38789.99,110.1436
2023-12-02 04:30:00,38790.0,38808.0,38722.0,38738.69,150.48902
2023-12-02 04:45:00,38738.7,38818.16,38738.69,38818.16,163.44813
2023-12-02 05:00:00,38818.15,38821.59,38764.58,38791.56,209.0161
2023-12-02 05:15:00,38791.55,38807.96,38789.96,38805.7,103.19824
2023-12-02 05:30:00,38805.71,38805.71,38793.48,38793.86,80.12555
2023-12-02 05:45:00,38793.85,38804.1,38750.0,38750.01,127.71422
2023-12-02 06:00:00,38750.01,38784.18,38731.0,38778.6,121.34187
2023-12-02 06:15:00,38778.6,38786.7,38750.0,38760.82,124.65063
2023-12-02 06:30:00,38760.83,38768.3,38721.11,38736.59,129.30379
2023-12-02 06:45:00,38736.58,38775.0,38736.58,38774.95,66.64377
2023-12-02 07:00:00,38774.95,38826.94,38766.68,38775.0,199.57961
2023-12-02 07:15:00,38775.0,38791.1,38718.0,38719.35,146.58238
2023-12-02 07:30:00,38719.34,38744.49,38711.73,38730.95,105.40556
2023-12-02 07:45:00,38730.95,38743.43,38702.47,38702.48,114.9878
2023-12-02 08:00:00,38702.48,38738.93,38700.01,38712.84,195.9091
2023-12-02 08:15:00,38712.84,38712.84,38651.1,38695.1,264.45392
2023-12-02 08:30:00,38695.09,38721.57,38695.09,38715.49,154.72383
2023-12-02 08:45:00,38715.49,38720.43,38706.7,38713.19,91.89011
2023-12-02 09:00:00,38713.2,38740.83,38708.46,38733.64,144.66381
2023-12-02 09:15:00,38733.64,38780.39,38733.64,38765.2,150.94134
2023-12-02 09:30:00,38765.2,38776.97,38747.6,38757.35,131.33162
2023-12-02 09:45:00,38757.36,38789.52,38757.35,38776.54,138.38526
2023-12-02 10:00:00,38776.54,38789.52,38771.5,38771.51,121.0277
2023-12-02 10:15:00,38771.5,38781.42,38755.72,38767.72,132.28994
2023-12-02 10:30:00,38767.71,38767.72,38746.93,38746.93,93.26238
2023-12-02 10:45:00,38746.94,38756.56,38746.93,38747.46,75.21449
2023-12-02 11:00:00,38747.46,38747.46,38704.0,38723.94,159.06861
2023-12-02 11:15:00,38723.93,38727.47,38714.15,38717.71,99.36699
2023-12-02 11:30:00,38717.71,38746.04,38717.66,38746.04,77.57114
2023-12-02 11:45:00,38746.03,38749.34,38739.46,38740.16,111.91999
2023-12-02 12:00:00,38740.17,38749.27,38732.68,38749.26,81.22098
2023-12-02 12:15:00,38749.27,38796.19,38749.26,38788.39,214.96735
2023-12-02 12:30:00,38788.39,38792.02,38750.37,38751.09,150.85788
2023-12-02 12:45:00,38751.09,38779.7,38751.09,38779.7,108.42259
2023-12-02 13:00:00,38779.7,38811.1,38779.69,38783.21,209.17407
2023-12-02 13:15:00,38783.2,38794.18,38765.29,38765.3,135.51109
2023-12-02 13:30:00,38765.3,38801.61,38765.29,38783.34,118.1713
2023-12-02 13:45:00,38783.33,38869.36,38783.33,38815.9,370.86644
2023-12-02 14:00:00,38815.9,38850.5,38791.13,38791.14,237.31947
2023-12-02 14:15:00,38791.14,38822.42,38786.0,38821.95,166.482
2023-12-02 14:30:00,38821.95,38837.78,38805.84,38818.0,157.97583
2023-12-02 14:45:00,38818.0,38818.0,38728.4,38782.0,339.43534
2023-12-02 15:00:00,38782.0,38803.94,38708.64,38757.73,488.76402
2023-12-02 15:15:00,38757.73,38801.1,38754.9,38801.1,131.23707
2023-12-02 15:30:00,38801.1,38827.05,38761.22,38761.41,159.30637
2023-12-02 15:45:00,38761.4,38825.57,38761.4,38811.75,162.83247
2023-12-02 16:00:00,38811.76,38811.76,38782.1,38786.19,122.24347
2023-12-02 16:15:00,38786.18,38789.01,38761.1,38782.47,196.27287
2023-12-02 16:30:00,38782.48,38782.48,38703.44,38741.99,234.17611
2023-12-02 16:45:00,38741.99,38748.52,38713.29,38748.51,193.5966
2023-12-02 17:00:00,38748.51,38768.33,38745.69,38761.71,175.37443
2023-12-02 17:15:00,38761.71,38774.34,38761.66,38763.27,93.58775
2023-12-02 17:30:00,38763.27,38782.74,38756.67,38774.07,130.81926
2023-12-02 17:45:00,38774.08,38795.1,38774.07,38795.09,91.50995
2023-12-02 18:00:00,38795.09,38857.68,38789.13,38832.01,531.60279
2023-12-02 18:15:00,38832.01,38886.29,38821.1,38873.4,184.31837
2023-12-02 18:30:00,38873.41,38965.03,38775.0,38836.27,943.28902
2023-12-02 18:45:00,38836.26,38924.99,38808.63,38872.72,414.83651
2023-12-02 19:00:00,38872.71,39705.0,38872.71,39421.99,3729.6157
2023-12-02 19:15:00,39421.99,39477.01,39037.13,39342.43,1835.33816
2023-12-02 19:30:00,39342.42,39396.11,39200.0,39248.75,823.93379
2023-12-02 19:45:00,39248.76,39436.0,39232.91,39420.0,633.03621
2023-12-02 20:00:00,39419.99,39454.36,39320.97,39385.09,563.96962
2023-12-02 20:15:00,39385.08,39400.0,39286.54,39388.01,420.13821
2023-12-02 20:30:00,39388.01,39426.0,39327.4,39423.7,369.64564
2023-12-02 20:45:00,39423.7,39592.72,39417.96,39574.61,772.10056
2023-12-02 21:00:00,39574.61,39660.0,39464.74,39476.75,731.3978
2023-12-02 21:15:00,39476.75,39535.7,39420.0,39487.82,366.49009
2023-12-02 21:30:00,39487.81,39581.09,39487.81,39546.65,305.70015
2023-12-02 21:45:00,39546.64,39717.14,39528.44,39563.6,586.99989
2023-12-02 22:00:00,39563.6,39608.27,39367.14,39387.18,785.99053
2023-12-02 22:15:00,39387.17,39440.0,39368.0,39439.15,364.88527
2023-12-02 22:30:00,39439.15,39481.16,39353.31,39405.11,334.86951
2023-12-02 22:45:00,39405.11,39405.11,39292.35,39349.01,219.494
2023-12-02 23:00:00,39349.02,39413.47,39330.0,39403.95,343.12291
2023-12-02 23:15:00,39403.96,39459.99,39403.94,39441.11,149.15344
2023-12-02 23:30:00,39441.11,39473.39,39401.11,39460.48,254.94442
2023-12-02 23:45:00,39460.49,39463.99,39438.36,39450.35,144.74257
2023-12-03 00:00:00,39450.35,39455.0,39418.93,39446.91,193.8962
2023-12-03 00:15:00,39446.92,39487.22,39439.48,39462.99,171.1136
2023-12-03 00:30:00,39462.98,39462.99,39400.0,39443.03,172.20639
2023-12-03 00:45:00,39443.04,39522.03,39436.0,39503.16,284.86592
2023-12-03 01:00:00,39503.16,39547.04,39480.82,39547.03,195.2683
2023-12-03 01:15:00,39547.04,39555.53,39517.75,39517.76,175.04923
2023-12-03 01:30:00,39517.76,39518.64,39485.37,39512.74,240.47064
2023-12-03 01:45:00,39512.73,39512.74,39476.0,39485.46,144.16787
2023-12-03 02:00:00,39485.46,39541.04,39476.18,39528.05,239.23641
2023-12-03 02:15:00,39528.04,39545.1,39405.0,39415.89,281.39021
2023-12-03 02:30:00,39415.88,39436.04,39403.13,39422.85,166.12938
2023-12-03 02:45:00,39422.84,39424.83,39352.0,39364.16,219.76258
2023-12-03 03:00:00,39364.15,39375.52,39274.86,39288.27,302.86667
2023-12-03 03:15:00,39288.28,39357.08,39288.27,39345.95,240.01849
2023-12-03 03:30:00,39345.94,39354.41,39308.8,39317.78,137.53755
2023-12-03 03:45:00,39317.78,39385.0,39302.0,39381.11,119.23703
2023-12-03 04:00:00,39381.12,39421.67,39370.57,39416.17,170.32668
2023-12-03 04:15:00,39416.16,39422.28,39383.66,39388.95,113.23503
2023-12-03 04:30:00,39388.94,39397.91,39350.0,39350.01,130.3953
2023-12-03 04:45:00,39350.0,39374.37,39344.86,39352.37,126.47001
2023-12-03 05:00:00,39352.38,39403.83,39315.39,39403.83,180.00856
2023-12-03 05:15:00,39403.83,39428.0,39394.2,39419.83,110.34765
2023-12-03 05:30:00,39419.83,39440.0,39419.82,39431.0,113.55842
2023-12-03 05:45:00,39431.0,39431.01,39408.53,39422.78,94.94291
2023-12-03 06:00:00,39422.78,39427.0,39398.38,39427.0,73.35626
2023-12-03 06:15:00,39427.0,39450.63,39426.99,39444.0,85.87985
2023-12-03 06:30:00,39444.0,39444.0,39394.2,39394.2,103.80703
2023-12-03 06:45:00,39394.21,39424.99,39369.23,39417.58,177.89698
2023-12-03 07:00:00,39417.59,39431.1,39397.82,39398.99,204.39455
2023-12-03 07:15:00,39399.0,39446.0,39391.59,39446.0,135.91976
2023-12-03 07:30:00,39445.99,39479.51,39445.99,39465.71,181.42988
2023-12-03 07:45:00,39465.7,39490.0,39465.7,39478.72,128.0861
2023-12-03 08:00:00,39478.71,39485.84,39446.54,39452.23,111.47599
2023-12-03 08:15:00,39452.23,39475.22,39446.31,39475.21,89.85231
2023-12-03 08:30:00,39475.22,39475.22,39432.57,39446.26,129.02706
2023-12-03 08:45:00,39446.26,39446.96,39400.0,39400.01,129.94321
2023-12-03 09:00:00,39400.01,39453.53,39400.0,39453.52,128.50841
2023-12-03 09:15:00,39453.52,39466.67,39424.71,39427.56,116.62143
2023-12-03 09:30:00,39427.55,39451.67,39420.01,39439.35,102.08063
2023-12-03 09:45:00,39439.35,39458.3,39427.03,39457.99,119.53471
2023-12-03 10:00:00,39457.98,39457.99,39435.22,39440.97,85.29388
2023-12-03 10:15:00,39440.96,39459.54,39416.5,39459.53,126.64151
2023-12-03 10:30:00,39459.54,39500.0,39451.28,39499.99,123.66835
2023-12-03 10:45:00,39499.99,39544.0,39499.98,39541.0,172.1104
2023-12-03 11:00:00,39541.01,39541.01,39500.0,39500.0,155.99809
2023-12-03 11:15:00,39500.0,39509.07,39450.0,39464.5,168.63723
2023-12-03 11:30:00,39464.5,39519.46,39464.49,39508.6,224.64992
2023-12-03 11:45:00,39508.59,39508.6,39464.65,39479.7,112.19348
2023-12-03 12:00:00,39479.69,39487.41,39445.34,39466.27,244.9752
2023-12-03 12:15:00,39466.27,39504.91,39466.26,39502.97,106.17768
2023-12-03 12:30:00,39502.97,39511.1,39469.88,39475.97,152.65614
2023-12-03 12:45:00,39475.97,39483.11,39381.34,39407.96,311.84771
2023-12-03 13:00:00,39407.95,39666.65,39387.66,39560.82,592.42093
2023-12-03 13:15:00,39560.82,39656.0,39510.18,39629.83,368.14675
2023-12-03 13:30:00,39629.83,39698.63,39578.72,39602.98,368.74078
2023-12-03 13:45:00,39602.99,39771.87,39566.86,39671.36,578.99124
2023-12-03 14:00:00,39671.37,39747.12,39594.64,39647.06,461.43208
2023-12-03 14:15:00,39647.06,39664.13,39550.67,39621.78,415.66712
2023-12-03 14:30:00,39621.78,39729.99,39611.81,39659.24,313.21285
2023-12-03 14:45:00,39659.24,39695.54,39544.07,39544.08,269.80999
2023-12-03 15:00:00,39544.07,39607.65,39544.07,39554.73,219.22273
2023-12-03 15:15:00,39554.73,39589.11,39490.01,39582.35,341.28999
2023-12-03 15:30:00,39582.35,39737.66,39582.35,39696.0,243.60303
2023-12-03 15:45:00,39696.01,39805.93,39682.2,39760.42,660.23538
2023-12-03 16:00:00,39760.42,39841.1,39650.0,39671.1,775.49101
2023-12-03 16:15:00,39671.11,39769.72,39671.05,39752.9,288.47514
2023-12-03 16:30:00,39752.91,39752.91,39679.65,39714.27,283.11777
2023-12-03 16:45:00,39714.27,39778.06,39666.66,39666.67,355.89712
2023-12-03 17:00:00,39666.67,39675.0,39566.96,39566.96,357.39527
2023-12-03 17:15:00,39566.97,39585.27,39501.0,39517.34,318.99693
2023-12-03 17:30:00,39517.33,39575.0,39500.0,39508.18,244.18644
2023-12-03 17:45:00,39508.19,39556.65,39459.73,39526.7,261.11334
2023-12-03 18:00:00,39526.7,39565.22,39495.0,39562.46,169.9174
2023-12-03 18:15:00,39562.47,39585.27,39549.24,39585.27,91.03781
2023-12-03 18:30:00,39585.26,39585.27,39537.38,39568.07,124.29699
2023-12-03 18:45:00,39568.07,39581.08,39540.0,39543.28,163.07268
2023-12-03 19:00:00,39543.28,39547.94,39517.97,39522.7,122.46448
2023-12-03 19:15:00,39522.7,39547.25,39430.01,39547.25,299.92067
2023-12-03 19:30:00,39547.24,39571.74,39544.43,39551.58,97.8976
2023-12-03 19:45:00,39551.58,39565.99,39511.17,39565.99,144.9147
2023-12-03 20:00:00,39565.99,39637.94,39562.9,39637.47,263.12594
2023-12-03 20:15:00,39637.47,39637.48,39592.53,39601.8,125.61117
2023-12-03 20:30:00,39601.8,39608.15,39552.98,39564.24,133.08258
2023-12-03 20:45:00,39564.24,39593.0,39557.15,39567.95,91.16074
2023-12-03 21:00:00,39567.95,39615.88,39567.94,39615.87,107.2727
2023-12-03 21:15:00,39615.88,39650.0,39611.47,39622.86,106.1896
2023-12-03 21:30:00,39622.86,39690.0,39622.85,39673.46,128.03611
2023-12-03 21:45:00,39673.45,39758.54,39664.67,39710.15,208.91993
2023-12-03 22:00:00,39710.14,39850.0,39690.46,39804.28,482.93219
2023-12-03 22:15:00,39804.28,39990.0,39736.9,39906.01,1620.07655
2023-12-03 22:30:00,39906.0,40250.0,39888.34,39924.98,2892.79128
2023-12-03 22:45:00,39924.98,40106.13,39924.98,40060.71,694.27995
2023-12-03 23:00:00,40060.71,40179.0,39990.04,40101.9,722.15389
2023-12-03 23:15:00,40101.91,40134.0,39800.06,39851.1,994.92746
2023-12-03 23:30:00,39851.11,39985.11,39777.66,39969.7,565.39841
2023-12-03 23:45:00,39969.7,40017.21,39919.25,39972.26,318.56185
2023-12-04 00:00:00,39972.26,40130.0,39972.26,40113.88,649.97433
2023-12-04 00:15:00,40113.87,40150.0,40056.72,40069.63,470.9389
2023-12-04 00:30:00,40069.62,40160.61,40067.08,40096.02,499.03872
2023-12-04 00:45:00,40096.02,40232.93,40083.17,40211.29,663.3593
2023-12-04 01:00:00,40211.29,40259.11,40160.42,40234.53,961.96531
2023-12-04 01:15:00,40234.52,40795.0,40234.52,40640.67,2567.89259
2023-12-04 01:30:00,40640.67,40760.44,40550.2,40718.59,1101.00144
2023-12-04 01:45:00,40718.6,40872.42,40578.44,40604.05,1292.68036
2023-12-04 02:00:00,40604.05,40645.75,40524.93,40585.96,681.83922
2023-12-04 02:15:00,40585.97,40600.0,40466.4,40597.39,490.82238
2023-12-04 02:30:00,40597.39,40662.09,40554.82,40652.0,480.21817
2023-12-04 02:45:00,40652.01,40695.0,40646.62,40679.97,298.13327
2023-12-04 03:00:00,40679.98,40796.73,40669.99,40771.11,376.6075
2023-12-04 03:15:00,40771.11,40879.87,40720.0,40872.04,507.34231
2023-12-04 03:30:00,40872.03,40884.98,40716.28,40750.69,443.92277
2023-12-04 03:45:00,40750.68,40754.06,40702.03,40709.77,321.58231
2023-12-04 04:00:00,40709.77,40802.0,40709.77,40778.0,327.47559
2023-12-04 04:15:00,40777.99,40781.22,40700.0,40709.99,526.38183
2023-12-04 04:30:00,40709.99,40873.69,40700.0,40851.71,679.20899
2023-12-04 04:45:00,40851.72,40945.41,40821.8,40906.44,1008.52642
2023-12-04 05:00:00,40906.45,41360.0,40868.01,41190.0,2366.57995
2023-12-04 05:15:00,41190.0,41531.0,41190.0,41263.65,1698.56269
2023-12-04 05:30:00,41263.65,41415.55,41223.0,41407.93,825.72127
2023-12-04 05:45:00,41407.94,41511.1,41356.0,41500.0,903.07137
2023-12-04 06:00:00,41500.01,41566.95,41336.77,41401.26,1010.31615
2023-12-04 06:15:00,41401.25,41750.0,41393.81,41686.31,1378.61726
2023-12-04 06:30:00,41686.3,41726.0,41444.04,41477.98,882.11513
2023-12-04 06:45:00,41477.99,41525.02,41357.01,41381.1,845.58929
2023-12-04 07:00:00,41381.09,41480.31,41381.09,41431.13,537.84967
2023-12-04 07:15:00,41431.13,41551.97,41410.0,41521.22,557.85983
2023-12-04 07:30:00,41521.23,41521.23,41320.02,41322.0,596.12554
2023-12-04 07:45:00,41321.99,41450.0,41308.41,41441.1,529.24328
2023-12-04 08:00:00,41441.1,41500.0,41361.11,41431.11,576.44248
2023-12-04 08:15:00,41431.1,41572.1,41349.43,41559.74,721.71622
2023-12-04 08:30:00,41559.75,41620.0,41526.82,41606.8,426.13726
2023-12-04 08:45:00,41606.79,41731.34,41598.56,41681.9,547.32441
2023-12-04 09:00:00,41681.89,41800.0,41571.11,41652.27,831.14767
2023-12-04 09:15:00,41652.28,41745.96,41606.02,41639.18,427.72916
2023-12-04 09:30:00,41639.17,41750.01,41635.0,41678.18,714.12832
2023-12-04 09:45:00,41678.18,41685.76,41527.09,41544.9,1390.40122
2023-12-04 10:00:00,41544.91,41625.08,41539.95,41616.11,473.0099
2023-12-04 10:15:00,41616.11,41800.0,41616.07,41790.0,717.30222
2023-12-04 10:30:00,41789.99,41976.19,41760.0,41871.8,1332.9578
2023-12-04 10:45:00,41871.81,42102.0,41838.56,41978.18,2381.48547
2023-12-04 11:00:00,41978.19,42154.83,41511.0,41511.01,3713.24867
2023-12-04 11:15:00,41511.0,41728.94,41350.0,41544.48,2335.36269
2023-12-04 11:30:00,41544.48,41668.0,41472.01,41589.86,1513.27668
2023-12-04 11:45:00,41589.87,41620.0,41492.42,41596.01,1116.93148
2023-12-04 12:00:00,41596.01,41609.26,41496.0,41505.44,918.81697
2023-12-04 12:15:00,41505.45,41830.0,41500.0,41765.07,1562.40351
2023-12-04 12:30:00,41765.08,41777.54,41546.18,41662.99,822.79382
2023-12-04 12:45:00,41662.99,41811.1,41629.59,41799.51,851.26654
2023-12-04 13:00:00,41799.51,41914.16,41766.75,41781.11,845.91914
2023-12-04 13:15:00,41781.11,41910.0,41761.1,41814.91,490.82012
2023-12-04 13:30:00,41814.91,41880.0,41772.0,41875.72,519.67668
2023-12-04 13:45:00,41875.72,41877.67,41712.8,41735.92,467.83655
2023-12-04 14:00:00,41735.93,41793.36,41550.0,41579.28,804.27928
2023-12-04 14:15:00,41579.28,41681.1,41518.78,41518.79,584.8139
2023-12-04 14:30:00,41518.78,41628.04,41477.0,41620.03,976.66108
2023-12-04 14:45:00,41620.02,41676.46,41591.0,41645.93,481.23148
2023-12-04 15:00:00,41645.94,41659.8,41537.93,41555.97,546.14563
2023-12-04 15:15:00,41555.97,41559.8,41420.21,41435.02,1397.65362
2023-12-04 15:30:00,41435.03,41463.72,41144.87,41449.33,2407.0971
2023-12-04 15:45:00,41449.33,41468.2,41241.17,41270.33,775.20045
2023-12-04 16:00:00,41270.32,41404.86,41179.55,41346.06,804.19542
2023-12-04 16:15:00,41346.06,41449.1,41227.92,41446.76,670.54329
2023-12-04 16:30:00,41446.76,41450.0,41375.94,41444.54,401.42576
2023-12-04 16:45:00,41444.54,41634.3,41416.0,41633.98,670.20858
2023-12-04 17:00:00,41633.98,41800.0,41561.3,41607.44,872.06969
2023-12-04 17:15:00,41607.44,41704.39,41567.73,41690.48,478.71241
2023-12-04 17:30:00,41690.47,41734.61,41635.96,41650.01,376.79067
2023-12-04 17:45:00,41650.01,41660.51,41581.58,41614.66,358.40706
2023-12-04 18:00:00,41614.65,41614.66,41513.33,41540.47,381.05624
2023-12-04 18:15:00,41540.47,41677.73,41530.49,41664.96,384.90718
2023-12-04 18:30:00,41664.96,41735.9,41659.5,41711.26,392.58879
2023-12-04 18:45:00,41711.25,41768.17,41700.01,41725.89,343.59958
2023-12-04 19:00:00,41725.88,41853.74,41708.18,41821.22,565.80343
2023-12-04 19:15:00,41821.23,41966.88,41798.99,41878.2,758.46533
2023-12-04 19:30:00,41878.2,41944.57,41802.67,41868.77,488.35582
2023-12-04 19:45:00,41868.78,42049.97,41803.75,41987.28,980.90869
2023-12-04 20:00:00,41987.29,42005.99,41771.21,41797.95,757.6501
2023-12-04 20:15:00,41797.94,41920.03,41754.0,41910.04,415.43939
2023-12-04 20:30:00,41910.04,41910.05,41811.55,41868.16,382.11673
2023-12-04 20:45:00,41868.16,41868.16,41721.1,41764.36,706.1618
2023-12-04 21:00:00,41764.36,41830.67,41717.64,41726.29,435.50524
2023-12-04 21:15:00,41726.3,41828.7,41723.99,41799.17,305.08198
2023-12-04 21:30:00,41799.16,41858.0,41787.08,41846.31,299.99209
2023-12-04 21:45:00,41846.32,42052.38,41831.1,42039.99,701.72168
2023-12-04 22:00:00,42039.99,42331.0,41918.86,42298.11,1540.41217
2023-12-04 22:15:00,42298.1,42420.0,42185.54,42290.0,1192.62031
2023-12-04 22:30:00,42290.0,42290.01,42052.66,42077.76,582.95537
2023-12-04 22:45:00,42077.76,42077.76,41855.27,41950.6,804.63341
2023-12-04 23:00:00,41950.6,41950.6,41814.91,41885.3,725.23339
2023-12-04 23:15:00,41885.31,41927.19,41802.51,41805.8,512.99331
2023-12-04 23:30:00,41805.79,41943.83,41800.0,41872.0,416.10954
2023-12-04 23:45:00,41872.01,42000.0,41862.64,41991.1,413.88548
2023-12-05 00:00:00,41991.1,41991.1,41756.71,41821.03,715.97733
2023-12-05 00:15:00,41821.03,41843.63,41747.21,41834.53,367.46913
2023-12-05 00:30:00,41834.53,41891.99,41763.87,41851.27,338.13717
2023-12-05 00:45:00,41851.27,41930.0,41851.26,41923.87,265.86186
2023-12-05 01:00:00,41923.87,41928.47,41773.98,41796.17,511.54217
2023-12-05 01:15:00,41796.18,41831.1,41639.17,41705.98,516.40922
2023-12-05 01:30:00,41705.99,41754.41,41626.01,41739.24,352.65403
2023-12-05 01:45:00,41739.24,41824.96,41716.28,41805.07,205.16504
2023-12-05 02:00:00,41805.06,41815.05,41634.47,41686.97,480.24367
2023-12-05 02:15:00,41686.98,41747.8,41622.21,41740.0,315.84875
2023-12-05 02:30:00,41740.01,41782.11,41706.33,41764.66,261.94257
2023-12-05 02:45:00,41764.65,41788.6,41681.1,41741.09,254.69932
2023-12-05 03:00:00,41741.09,41773.9,41708.01,41754.0,189.96631
2023-12-05 03:15:00,41753.99,41837.12,41751.95,41788.37,336.20308
2023-12-05 03:30:00,41788.38,41818.41,41740.0,41749.77,227.94208
2023-12-05 03:45:00,41749.78,41831.09,41716.01,41829.99,229.16118
2023-12-05 04:00:00,41829.98,41831.73,41762.01,41764.01,190.35632
2023-12-05 04:15:00,41764.0,41805.48,41728.0,41744.84,238.21343
2023-12-05 04:30:00,41744.84,41796.0,41724.75,41782.05,162.26709
2023-12-05 04:45:00,41782.05,41802.49,41753.59,41777.79,170.30148
2023-12-05 05:00:00,41777.78,41859.1,41725.0,41846.01,190.46076
2023-12-05 05:15:00,41846.01,41894.88,41828.01,41887.99,254.23622
2023-12-05 05:30:00,41888.0,41918.0,41846.25,41882.45,317.70147
2023-12-05 05:45:00,41882.45,41911.1,41876.58,41911.09,146.99945
2023-12-05 06:00:00,41911.1,41915.0,41890.0,41910.0,208.50318
2023-12-05 06:15:00,41910.0,41919.08,41819.37,41827.45,341.77168
2023-12-05 06:30:00,41827.45,41827.46,41667.34,41701.27,518.15837
2023-12-05 06:45:00,41701.27,41732.98,41669.9,41723.97,297.45413
2023-12-05 07:00:00,41723.97,41729.05,41550.0,41607.49,637.24001
2023-12-05 07:15:00,41607.49,41625.99,41462.73,41547.31,911.6408
2023-12-05 07:30:00,41547.31,41551.1,41414.0,41436.26,1299.44015
2023-12-05 07:45:00,41436.27,41560.0,41424.77,41528.0,617.36852
2023-12-05 08:00:00,41528.0,41634.7,41504.82,41622.29,458.8204
2023-12-05 08:15:00,41622.28,41630.26,41527.55,41527.55,277.00756
2023-12-05 08:30:00,41527.55,41527.56,41449.96,41465.67,381.96097
2023-12-05 08:45:00,41465.67,41619.92,41420.0,41614.13,467.10551
2023-12-05 09:00:00,41614.12,41660.0,41589.8,41660.0,304.53466
2023-12-05 09:15:00,41659.99,41690.76,41652.32,41664.53,329.61047
2023-12-05 09:30:00,41664.54,41710.69,41664.03,41664.05,320.38001
2023-12-05 09:45:00,41664.05,41728.0,41664.04,41705.54,179.64661
2023-12-05 10:00:00,41705.55,41742.4,41692.4,41722.87,225.38872
2023-12-05 10:15:00,41722.87,41758.77,41706.99,41728.47,212.11906
2023-12-05 10:30:00,41728.46,41737.8,41658.0,41664.31,340.2658
2023-12-05 10:45:00,41664.31,41710.07,41617.88,41617.89,295.58527
2023-12-05 11:00:00,41617.88,41688.8,41565.13,41688.8,567.35939
2023-12-05 11:15:00,41688.8,41741.73,41674.0,41685.76,350.24374
2023-12-05 11:30:00,41685.75,41708.0,41611.1,41639.01,238.0179
2023-12-05 11:45:00,41639.02,41735.31,41622.63,41726.09,334.18316
2023-12-05 12:00:00,41726.09,41800.0,41694.0,41799.99,384.77972
2023-12-05 12:15:00,41799.99,41844.0,41757.69,41810.79,445.74136
2023-12-05 12:30:00,41810.79,41864.11,41787.21,41804.43,370.83958
2023-12-05 12:45:00,41804.42,41874.23,41775.73,41868.8,377.25038
2023-12-05 13:00:00,41868.8,42026.0,41856.91,41993.02,799.98484
2023-12-05 13:15:00,41993.03,42081.66,41823.52,41865.92,813.92947
2023-12-05 13:30:00,41865.92,41960.0,41832.31,41943.9,483.54828
2023-12-05 13:45:00,41943.9,41957.0,41814.0,41824.72,410.70302
2023-12-05 14:00:00,41824.73,41925.93,41814.24,41865.37,371.94761
2023-12-05 14:15:00,41865.37,42163.89,41856.56,42114.35,748.07029
2023-12-05 14:30:00,42114.34,42210.0,42016.01,42149.18,1200.5994
2023-12-05 14:45:00,42149.19,42250.0,42089.77,42194.0,973.89971
2023-12-05 15:00:00,42194.01,42300.0,42092.0,42147.58,925.57973
2023-12-05 15:15:00,42147.59,42290.0,42118.01,42201.61,505.61003
2023-12-05 15:30:00,42201.6,42417.99,42188.12,42399.98,1121.44595
2023-12-05 15:45:00,42399.99,42497.0,42218.99,42268.29,1169.64976
2023-12-05 16:00:00,42268.28,42346.1,42133.66,42304.01,699.77481
2023-12-05 16:15:00,42304.0,42429.47,42168.21,42413.82,654.4986
2023-12-05 16:30:00,42413.83,42800.0,42354.31,42704.51,2109.72645
2023-12-05 16:45:00,42704.52,42750.0,42552.26,42715.17,1216.35274
2023-12-05 17:00:00,42715.17,43355.0,42682.61,43172.0,3421.30938
2023-12-05 17:15:00,43172.0,43990.0,42891.62,43734.78,3952.98298
2023-12-05 17:30:00,43734.78,43834.96,43207.51,43306.0,2731.70316
2023-12-05 17:45:00,43306.0,43600.0,43306.0,43377.87,1699.55353
2023-12-05 18:00:00,43377.87,43653.18,43316.0,43653.18,1314.97691
2023-12-05 18:15:00,43653.17,43700.0,43523.42,43616.09,1135.12828
2023-12-05 18:30:00,43616.09,44100.0,43522.61,43885.08,1788.75983
2023-12-05 18:45:00,43885.08,43954.98,43631.1,43712.0,1337.68946
2023-12-05 19:00:00,43712.0,43862.0,43587.5,43799.93,1045.04395
2023-12-05 19:15:00,43799.94,43950.0,43676.57,43939.78,860.94602
2023-12-05 19:30:00,43939.78,43939.78,43660.0,43684.95,973.27435
2023-12-05 19:45:00,43684.95,43814.37,43591.43,43814.36,668.78295
2023-12-05 20:00:00,43814.37,43845.45,43621.11,43691.34,535.47336
2023-12-05 20:15:00,43691.33,43711.33,43395.99,43500.09,1223.84231
2023-12-05 20:30:00,43500.09,43707.96,43500.09,43686.0,574.90517
2023-12-05 20:45:00,43686.01,43785.7,43672.21,43779.78,495.76278
2023-12-05 21:00:00,43779.77,43800.0,43673.25,43782.2,585.19682
2023-12-05 21:15:00,43782.2,43825.0,43702.84,43800.01,501.42629
2023-12-05 21:30:00,43800.0,43930.21,43740.44,43911.07,453.20148
2023-12-05 21:45:00,43911.07,44228.0,43872.23,43891.1,1721.50328
2023-12-05 22:00:00,43891.1,44181.82,43792.42,44171.43,918.78198
2023-12-05 22:15:00,44171.43,44488.0,44116.21,44403.98,1759.84643
2023-12-05 22:30:00,44403.99,44432.0,44148.47,44201.11,790.31182
2023-12-05 22:45:00,44200.79,44373.0,44137.88,44285.4,542.68677
2023-12-05 23:00:00,44285.41,44289.95,43920.76,43927.8,1188.03302
2023-12-05 23:15:00,43927.79,44095.31,43850.0,44042.93,919.17905
2023-12-05 23:30:00,44042.94,44159.13,43901.15,44135.52,673.51013
2023-12-05 23:45:00,44135.51,44171.14,44044.73,44073.32,539.43802
2023-12-06 00:00:00,44073.82,44104.0,43975.0,43987.98,693.53323
2023-12-06 00:15:00,43987.97,44097.74,43919.98,43942.79,780.57599
2023-12-06 00:30:00,43942.8,44000.0,43830.45,43988.01,818.41634
2023-12-06 00:45:00,43988.02,44146.08,43934.32,44139.0,457.79069
2023-12-06 01:00:00,44139.0,44145.37,44016.25,44109.55,467.56468
2023-12-06 01:15:00,44109.54,44109.55,43955.45,43958.37,452.09692
2023-12-06 01:30:00,43958.36,44033.91,43821.54,43859.6,708.69501
2023-12-06 01:45:00,43859.61,43897.21,43753.12,43871.37,581.22026
2023-12-06 02:00:00,43871.36,43908.74,43796.0,43799.16,371.06891
2023-12-06 02:15:00,43799.15,43841.49,43693.91,43697.38,518.95323
2023-12-06 02:30:00,43697.37,43808.0,43565.62,43807.58,641.10576
2023-12-06 02:45:00,43807.57,43909.67,43792.2,43903.9,290.88803
2023-12-06 03:00:00,43903.91,43915.52,43842.94,43850.21,416.05384
2023-12-06 03:15:00,43850.22,43875.99,43751.97,43778.56,525.16986
2023-12-06 03:30:00,43778.56,43778.56,43660.22,43695.74,367.43635
2023-12-06 03:45:00,43695.75,43770.0,43686.14,43736.06,253.51303
2023-12-06 04:00:00,43736.06,43857.13,43732.55,43829.89,316.69939
2023-12-06 04:15:00,43829.9,43836.0,43699.56,43764.37,281.04386
2023-12-06 04:30:00,43764.38,43764.38,43610.0,43620.0,446.77033
2023-12-06 04:45:00,43619.99,43749.36,43594.0,43727.6,309.80634
2023-12-06 05:00:00,43727.61,43842.62,43727.6,43754.25,368.6224
2023-12-06 05:15:00,43754.24,43831.1,43661.36,43723.24,400.77498
2023-12-06 05:30:00,43723.25,43733.44,43570.0,43593.85,566.75157
2023-12-06 05:45:00,43593.85,43681.29,43545.03,43676.33,504.19478
2023-12-06 06:00:00,43676.33,43681.0,43510.79,43583.99,555.42433
2023-12-06 06:15:00,43584.0,43596.87,43444.0,43558.99,676.72786
2023-12-06 06:30:00,43558.99,43710.0,43556.0,43695.81,410.80033
2023-12-06 06:45:00,43695.81,43732.5,43574.23,43671.04,450.88265
2023-12-06 07:00:00,43671.04,43724.63,43535.0,43565.27,414.42843
2023-12-06 07:15:00,43565.28,43630.0,43525.29,43601.1,392.64931
2023-12-06 07:30:00,43601.09,43646.03,43500.0,43642.0,431.17757
2023-12-06 07:45:00,43641.99,43718.0,43620.0,43688.87,380.33203
2023-12-06 08:00:00,43688.87,43819.91,43640.0,43814.1,513.4416
2023-12-06 08:15:00,43814.09,43850.62,43774.43,43805.33,423.22933
2023-12-06 08:30:00,43805.34,43850.05,43718.0,43798.7,500.72382
2023-12-06 08:45:00,43798.7,43874.0,43750.0,43825.84,407.78656
2023-12-06 09:00:00,43825.83,43851.38,43684.34,43713.33,448.65267
2023-12-06 09:15:00,43713.34,43805.45,43702.55,43785.99,381.8291
2023-12-06 09:30:00,43785.98,43866.98,43734.05,43850.45,295.50074
2023-12-06 09:45:00,43850.45,44018.73,43801.82,43874.38,619.57345
2023-12-06 10:00:00,43874.38,44100.0,43864.31,44050.0,931.40084
2023-12-06 10:15:00,44050.0,44297.21,43958.0,44246.01,1037.98964
2023-12-06 10:30:00,44246.0,44278.9,44168.0,44220.0,892.40835
2023-12-06 10:45:00,44220.0,44220.0,43950.46,44111.25,907.0841
2023-12-06 11:00:00,44111.25,44132.83,43758.53,43772.5,1067.272
2023-12-06 11:15:00,43772.5,43825.0,43550.0,43698.58,1393.61432
2023-12-06 11:30:00,43698.58,43715.89,43335.28,43641.07,1590.8799
2023-12-06 11:45:00,43641.07,43845.11,43592.0,43839.21,603.86167
2023-12-06 12:00:00,43839.22,44074.02,43780.0,44006.04,1073.69887
2023-12-06 12:15:00,44006.03,44070.0,43857.68,43919.51,686.93706
2023-12-06 12:30:00,43919.52,44150.0,43902.0,44149.99,914.25056
2023-12-06 12:45:00,44150.0,44208.0,44011.1,44031.02,813.31427
2023-12-06 13:00:00,44031.03,44167.94,43981.0,44024.71,526.66505
2023-12-06 13:15:00,44024.72,44100.0,43974.11,44020.22,447.10811
2023-12-06 13:30:00,44020.22,44144.74,44011.11,44052.49,579.1412
2023-12-06 13:45:00,44052.49,44150.0,44017.11,44095.06,417.84834
2023-12-06 14:00:00,44095.05,44150.69,44031.1,44113.29,416.32111
2023-12-06 14:15:00,44113.3,44279.98,44111.0,44221.19,691.11702
2023-12-06 14:30:00,44221.18,44275.52,43950.0,44220.5,1199.61553
2023-12-06 14:45:00,44220.51,44229.67,44031.1,44050.02,662.12287
2023-12-06 15:00:00,44050.01,44091.5,43959.0,44071.0,649.99708
2023-12-06 15:15:00,44071.01,44098.03,43858.28,43925.84,661.4255
2023-12-06 15:30:00,43925.84,43982.0,43804.0,43836.02,761.27943
2023-12-06 15:45:00,43836.01,43919.51,43721.73,43785.2,740.2706
2023-12-06 16:00:00,43785.2,43864.0,43730.47,43759.4,620.85586
2023-12-06 16:15:00,43759.4,44016.86,43755.28,44005.77,1188.73781
2023-12-06 16:30:00,44005.77,44040.0,43931.1,43995.86,585.27146
2023-12-06 16:45:00,43995.86,44005.52,43793.54,43853.24,488.8159
2023-12-06 17:00:00,43853.25,44110.48,43823.96,44085.08,576.1562
2023-12-06 17:15:00,44085.07,44098.79,44003.06,44012.62,409.38407
2023-12-06 17:30:00,44012.62,44146.71,44002.97,44112.57,370.49892
2023-12-06 17:45:00,44112.58,44125.99,43890.6,43961.12,491.96122
2023-12-06 18:00:00,43961.13,43980.93,43882.35,43888.2,302.4476
2023-12-06 18:15:00,43888.2,43954.24,43863.4,43918.06,268.79976
2023-12-06 18:30:00,43918.06,44000.0,43886.72,43970.49,363.4752
2023-12-06 18:45:00,43970.49,43987.82,43888.15,43934.28,234.29409
2023-12-06 19:00:00,43934.28,43980.1,43908.28,43976.34,292.55862
2023-12-06 19:15:00,43976.34,43999.87,43927.62,43974.39,222.62979
2023-12-06 19:30:00,43974.38,44117.87,43956.52,44082.2,421.97058
2023-12-06 19:45:00,44082.19,44120.0,43936.67,43984.71,329.87751
2023-12-06 20:00:00,43984.71,44066.67,43984.67,44064.18,382.51434
2023-12-06 20:15:00,44064.18,44071.0,43966.82,43973.67,239.40164
2023-12-06 20:30:00,43973.67,44060.0,43953.41,43969.62,341.90473
2023-12-06 20:45:00,43969.62,43969.63,43751.0,43755.79,693.67551
2023-12-06 21:00:00,43755.78,43879.57,43744.09,43807.06,574.68029
2023-12-06 21:15:00,43807.06,43855.6,43770.07,43818.16,310.41133
2023-12-06 21:30:00,43818.16,43832.45,43609.93,43731.09,674.94585
2023-12-06 21:45:00,43731.09,43828.21,43730.02,43824.19,286.76105
2023-12-06 22:00:00,43824.2,43930.48,43815.71,43915.82,276.52636
2023-12-06 22:15:00,43915.82,43942.54,43891.1,43910.83,193.90343
2023-12-06 22:30:00,43910.82,43959.34,43803.0,43803.01,196.2464
2023-12-06 22:45:00,43803.01,43832.1,43623.07,43766.84,326.42736
2023-12-06 23:00:00,43766.85,43766.85,43600.78,43666.92,580.65401
2023-12-06 23:15:00,43666.93,43754.43,43659.01,43718.13,220.97196
2023-12-06 23:30:00,43718.13,43786.5,43714.53,43785.39,230.85917
2023-12-06 23:45:00,43785.39,43812.19,43709.74,43762.69,225.95792
2023-12-07 00:00:00,43762.69,43793.73,43710.0,43743.59,294.7584
2023-12-07 00:15:00,43743.59,43846.29,43743.55,43843.21,187.19791
2023-12-07 00:30:00,43843.21,43884.79,43843.2,43884.79,157.16597
2023-12-07 00:45:00,43884.78,43901.0,43809.74,43822.23,201.45426
2023-12-07 01:00:00,43822.22,43922.04,43822.22,43921.55,163.1793
2023-12-07 01:15:00,43921.54,43921.56,43880.01,43903.97,180.28219
2023-12-07 01:30:00,43903.97,43927.77,43833.18,43892.08,196.38805
2023-12-07 01:45:00,43892.07,43943.54,43850.0,43926.98,260.12737
2023-12-07 02:00:00,43926.98,43944.87,43909.26,43927.43,164.93179
2023-12-07 02:15:00,43927.43,43943.14,43910.69,43943.13,96.17005
2023-12-07 02:30:00,43943.14,43994.79,43928.64,43965.77,163.16773
2023-12-07 02:45:00,43965.77,43971.0,43909.59,43970.99,174.64441
2023-12-07 03:00:00,43970.99,43980.0,43929.64,43935.86,181.40027
2023-12-07 03:15:00,43935.87,43999.84,43933.85,43933.86,157.52213
2023-12-07 03:30:00,43933.86,43965.0,43923.96,43943.87,110.81004
2023-12-07 03:45:00,43943.88,43958.52,43915.12,43926.84,156.09678
2023-12-07 04:00:00,43926.85,43950.0,43881.76,43946.5,201.85041
2023-12-07 04:15:00,43946.51,44033.37,43941.31,44019.6,300.7489
2023-12-07 04:30:00,44019.61,44045.96,43989.09,44008.49,386.90772
2023-12-07 04:45:00,44008.5,44008.5,43947.68,43964.81,259.87743
2023-12-07 05:00:00,43964.82,44032.0,43875.11,43994.89,338.34083
2023-12-07 05:15:00,43994.72,44047.33,43973.61,44042.72,188.54931
2023-12-07 05:30:00,44042.73,44044.46,43985.02,43990.01,192.85454
2023-12-07 05:45:00,43990.01,44007.25,43971.11,44007.25,217.24834
2023-12-07 06:00:00,44007.24,44030.01,43946.9,43956.0,202.53942
2023-12-07 06:15:00,43956.0,43983.2,43925.08,43955.19,318.2187
2023-12-07 06:30:00,43955.19,43955.2,43896.2,43930.35,192.73316
2023-12-07 06:45:00,43930.35,43930.35,43838.19,43869.66,274.0248
2023-12-07 07:00:00,43869.65,43936.62,43866.54,43936.62,225.25927
2023-12-07 07:15:00,43936.61,43945.0,43902.72,43942.42,228.39719
2023-12-07 07:30:00,43942.42,43944.76,43876.08,43942.95,336.91744
2023-12-07 07:45:00,43942.95,43942.95,43884.0,43884.01,222.35882
2023-12-07 08:00:00,43884.01,43896.48,43550.0,43743.99,1435.20617
2023-12-07 08:15:00,43743.98,43799.96,43651.93,43664.71,798.18785
2023-12-07 08:30:00,43664.7,43741.56,43632.16,43719.54,741.13591
2023-12-07 08:45:00,43719.54,43748.67,43536.59,43585.6,799.08276
2023-12-07 09:00:00,43585.61,43633.99,43396.0,43422.09,1196.98483
2023-12-07 09:15:00,43422.09,43422.09,42821.1,43059.62,2831.8129
2023-12-07 09:30:00,43059.62,43369.0,42972.83,43350.03,1255.32613
2023-12-07 09:45:00,43350.02,43554.14,43326.68,43351.07,1110.33393
2023-12-07 10:00:00,43351.07,43428.0,43110.01,43157.66,780.56245
2023-12-07 10:15:00,43157.66,43255.26,43061.1,43189.62,758.78279
2023-12-07 10:30:00,43189.62,43307.68,43171.1,43230.04,457.71915
2023-12-07 10:45:00,43230.03,43247.16,43122.57,43134.24,458.31198
2023-12-07 11:00:00,43134.23,43284.15,43111.1,43226.22,587.60455
2023-12-07 11:15:00,43226.21,43379.99,43226.21,43355.71,404.81276
2023-12-07 11:30:00,43355.7,43355.71,43182.36,43192.79,352.28736
2023-12-07 11:45:00,43192.8,43237.79,43153.61,43188.03,267.63124
2023-12-07 12:00:00,43188.03,43188.04,43000.33,43062.88,980.35117
2023-12-07 12:15:00,43062.87,43174.45,42955.0,43174.45,756.14476
2023-12-07 12:30:00,43174.44,43260.3,43135.37,43258.61,556.6459
2023-12-07 12:45:00,43258.61,43409.77,43230.0,43408.0,475.01762
2023-12-07 13:00:00,43408.0,43507.0,43306.14,43310.58,634.8734
2023-12-07 13:15:00,43310.58,43366.06,43249.21,43285.59,432.42303
2023-12-07 13:30:00,43285.6,43331.86,43221.32,43231.77,374.17678
2023-12-07 13:45:00,43231.76,43302.51,43190.0,43294.63,453.26707
2023-12-07 14:00:00,43294.63,43331.84,43245.89,43314.45,260.25314
2023-12-07 14:15:00,43314.44,43432.85,43261.1,43381.1,308.03845
2023-12-07 14:30:00,43381.1,43492.06,43352.17,43380.0,393.84628
2023-12-07 14:45:00,43380.01,43526.0,43344.14,43485.8,433.30865
2023-12-07 15:00:00,43485.79,43653.5,43429.23,43557.48,936.63381
2023-12-07 15:15:00,43557.47,43842.0,43536.46,43839.99,966.37667
2023-12-07 15:30:00,43839.99,43925.0,43753.68,43821.45,1024.05424
2023-12-07 15:45:00,43821.46,43841.14,43629.49,43659.99,648.5865
2023-12-07 16:00:00,43659.99,43748.87,43565.66,43622.89,729.01746
2023-12-07 16:15:00,43622.89,43656.56,43491.1,43651.72,674.92513
2023-12-07 16:30:00,43651.71,43755.26,43610.38,43661.99,572.70957
2023-12-07 16:45:00,43661.99,43705.0,43612.29,43687.1,256.89349
2023-12-07 17:00:00,43687.1,43691.26,43546.95,43624.54,416.05795
2023-12-07 17:15:00,43624.55,43699.69,43572.94,43594.8,381.2892
2023-12-07 17:30:00,43594.81,43594.81,43203.85,43310.45,1726.35426
2023-12-07 17:45:00,43310.45,43424.0,43201.01,43419.02,1276.05234
2023-12-07 18:00:00,43419.03,43433.96,43331.44,43424.43,432.47382
2023-12-07 18:15:00,43424.43,43446.62,43351.9,43444.0,416.49765
2023-12-07 18:30:00,43443.99,43457.65,43287.14,43291.03,393.3482
2023-12-07 18:45:00,43291.02,43411.09,43254.08,43309.22,610.95904
2023-12-07 19:00:00,43309.23,43333.32,43191.1,43231.19,623.01193
2023-12-07 19:15:00,43231.19,43267.87,43129.36,43138.11,515.58022
2023-12-07 19:30:00,43138.11,43228.76,43058.42,43067.26,545.52877
2023-12-07 19:45:00,43067.26,43238.91,43066.01,43203.58,588.71338
2023-12-07 20:00:00,43203.57,43334.65,43192.62,43309.22,545.63807
2023-12-07 20:15:00,43309.21,43314.29,43214.01,43229.78,494.91341
2023-12-07 20:30:00,43229.79,43229.79,43079.98,43136.77,521.50113
2023-12-07 20:45:00,43136.78,43266.56,43098.46,43235.74,538.52828
2023-12-07 21:00:00,43235.74,43355.21,43221.1,43302.67,460.42751
2023-12-07 21:15:00,43302.67,43374.19,43262.79,43356.01,444.71202
2023-12-07 21:30:00,43356.01,43456.06,43294.38,43325.47,504.05194
2023-12-07 21:45:00,43325.46,43388.82,43282.0,43374.51,281.34425
2023-12-07 22:00:00,43374.51,43413.21,43374.5,43405.99,166.02872
2023-12-07 22:15:00,43405.99,43405.99,43317.14,43344.89,174.3931
2023-12-07 22:30:00,43344.88,43345.74,43240.01,43241.22,234.33286
2023-12-07 22:45:00,43241.22,43260.0,43135.72,43136.0,331.40591
2023-12-07 23:00:00,43136.01,43295.42,43136.0,43204.47,355.66502
2023-12-07 23:15:00,43204.47,43260.0,43196.03,43253.85,351.47982
2023-12-07 23:30:00,43253.84,43288.71,43234.03,43284.91,244.8657
2023-12-07 23:45:00,43284.91,43386.64,43240.83,43273.14,492.66514
2023-12-08 00:00:00,43273.15,43371.08,43261.1,43354.27,397.39143
2023-12-08 00:15:00,43354.27,43396.0,43319.69,43376.06,305.58851
2023-12-08 00:30:00,43376.05,43390.05,43317.29,43321.98,307.71373
2023-12-08 00:45:00,43321.98,43400.0,43306.0,43391.94,244.6219
2023-12-08 01:00:00,43391.95,43399.36,43313.31,43318.6,341.79736
2023-12-08 01:15:00,43318.59,43409.99,43314.25,43391.1,295.29565
2023-12-08 01:30:00,43391.09,43409.93,43361.43,43404.25,220.18738
2023-12-08 01:45:00,43404.26,43413.31,43369.69,43406.13,207.73212
2023-12-08 02:00:00,43406.12,43492.1,43399.1,43468.51,320.02277
2023-12-08 02:15:00,43468.51,43492.1,43429.78,43469.83,215.70033
2023-12-08 02:30:00,43469.83,43510.0,43446.53,43507.65,233.58304
2023-12-08 02:45:00,43507.65,43524.99,43446.57,43497.38,272.77693
2023-12-08 03:00:00,43497.39,43516.75,43403.34,43405.92,383.53077
2023-12-08 03:15:00,43405.92,43424.0,43382.68,43420.75,236.66053
2023-12-08 03:30:00,43420.75,43439.87,43402.07,43421.1,274.29764
2023-12-08 03:45:00,43421.1,43438.3,43366.0,43366.01,248.05744
2023-12-08 04:00:00,43366.0,43504.04,43360.0,43500.54,539.61227
2023-12-08 04:15:00,43500.54,43550.0,43457.5,43520.87,449.61294
2023-12-08 04:30:00,43520.86,43539.58,43467.99,43494.66,312.90865
2023-12-08 04:45:00,43494.66,43509.42,43443.12,43452.87,290.69189
2023-12-08 05:00:00,43452.87,43480.93,43431.1,43459.46,202.14695
2023-12-08 05:15:00,43459.45,43507.56,43418.78,43431.09,238.94265
2023-12-08 05:30:00,43431.09,43432.84,43377.0,43406.22,239.17964
2023-12-08 05:45:00,43406.23,43438.33,43386.66,43421.9,170.32346
2023-12-08 06:00:00,43421.91,43483.43,43414.53,43483.43,343.70782
2023-12-08 06:15:00,43483.43,43490.0,43425.75,43431.1,259.87029
2023-12-08 06:30:00,43431.11,43431.11,43360.0,43360.01,319.22872
2023-12-08 06:45:00,43360.01,43384.33,43360.0,43360.0,299.41848
2023-12-08 07:00:00,43360.01,43399.03,43350.0,43351.65,537.40005
2023-12-08 07:15:00,43351.65,43379.31,43125.0,43142.76,1270.72597
2023-12-08 07:30:00,43142.77,43276.66,43117.38,43261.3,709.98144
2023-12-08 07:45:00,43261.31,43300.0,43166.0,43166.01,649.41864
2023-12-08 08:00:00,43166.01,43214.01,43103.74,43194.44,922.36711
2023-12-08 08:15:00,43194.45,43259.7,43166.0,43232.4,608.4643
2023-12-08 08:30:00,43232.4,43257.0,43222.56,43244.53,226.92113
2023-12-08 08:45:00,43244.53,43244.54,43189.49,43212.94,247.52356
2023-12-08 09:00:00,43212.93,43259.0,43204.39,43216.51,253.88191
2023-12-08 09:15:00,43216.51,43289.55,43201.1,43242.89,278.5658
2023-12-08 09:30:00,43242.89,43278.5,43192.96,43202.94,275.22584
2023-12-08 09:45:00,43202.94,43237.65,43123.0,43135.98,477.35441
2023-12-08 10:00:00,43135.97,43199.21,43110.57,43199.21,299.97442
2023-12-08 10:15:00,43199.2,43227.02,43081.1,43218.94,372.9123
2023-12-08 10:30:00,43218.95,43265.81,43195.62,43265.81,209.34275
2023-12-08 10:45:00,43265.81,43350.0,43252.23,43349.99,426.23902
2023-12-08 11:00:00,43349.99,43448.0,43349.99,43432.02,633.58569
2023-12-08 11:15:00,43432.02,43514.69,43409.7,43488.42,445.65847
2023-12-08 11:30:00,43488.41,43666.0,43461.1,43654.03,524.24133
2023-12-08 11:45:00,43654.04,43729.73,43602.16,43653.82,655.58031
2023-12-08 12:00:00,43653.82,43670.0,43524.59,43539.42,441.47351
2023-12-08 12:15:00,43539.43,43700.0,43512.0,43652.25,733.31083
2023-12-08 12:30:00,43652.26,43799.99,43625.65,43754.92,618.36564
2023-12-08 12:45:00,43754.92,43791.46,43702.01,43743.83,463.14973
2023-12-08 13:00:00,43743.83,43760.0,43642.27,43686.52,418.06102
2023-12-08 13:15:00,43686.51,43740.0,43653.41,43735.68,317.1818
2023-12-08 13:30:00,43735.67,43750.0,43453.02,43594.03,965.33354
2023-12-08 13:45:00,43594.03,43687.99,43554.87,43571.75,465.54794
2023-12-08 14:00:00,43571.74,43678.59,43566.02,43603.8,480.9476
2023-12-08 14:15:00,43603.8,43692.0,43580.0,43661.09,460.95242
2023-12-08 14:30:00,43661.09,43943.64,43642.37,43921.99,867.46132
2023-12-08 14:45:00,43921.99,44030.16,43831.53,43962.98,1057.66492
2023-12-08 15:00:00,43962.99,43995.66,43820.0,43866.11,826.54668
2023-12-08 15:15:00,43866.12,43966.0,43827.04,43956.62,422.90444
2023-12-08 15:30:00,43956.63,43979.3,43872.2,43953.39,575.22758
2023-12-08 15:45:00,43953.39,43953.4,43749.16,43760.94,563.01972
2023-12-08 16:00:00,43760.94,43944.0,43748.6,43896.01,866.88211
2023-12-08 16:15:00,43896.02,43922.74,43846.46,43896.49,412.84279
2023-12-08 16:30:00,43896.48,43955.99,43835.24,43863.99,434.46367
2023-12-08 16:45:00,43864.0,43899.79,43771.1,43824.47,364.64721
2023-12-08 17:00:00,43824.47,43857.01,43638.68,43682.0,599.10684
2023-12-08 17:15:00,43682.0,43740.54,43648.0,43698.27,462.97106
2023-12-08 17:30:00,43698.28,43731.1,43662.2,43706.14,214.27584
2023-12-08 17:45:00,43706.13,43752.3,43679.93,43735.82,240.2617
2023-12-08 18:00:00,43735.82,43891.99,43735.0,43883.22,309.00063
2023-12-08 18:15:00,43883.22,43940.03,43841.1,43868.0,407.55763
2023-12-08 18:30:00,43868.01,43886.02,43775.64,43777.62,265.36723
2023-12-08 18:45:00,43777.62,43850.03,43768.01,43810.01,247.72628
2023-12-08 19:00:00,43810.01,43833.11,43796.43,43833.11,116.05383
2023-12-08 19:15:00,43833.11,43868.38,43802.0,43839.81,151.86142
2023-12-08 19:30:00,43839.81,43918.25,43811.2,43912.97,251.93486
2023-12-08 19:45:00,43912.97,43970.0,43887.75,43945.11,525.41996
2023-12-08 20:00:00,43945.12,44000.0,43945.11,43959.35,313.68618
2023-12-08 20:15:00,43959.34,44042.06,43959.34,44036.16,342.33329
2023-12-08 20:30:00,44036.15,44258.9,44031.56,44221.1,880.43305
2023-12-08 20:45:00,44221.11,44400.0,44153.57,44363.99,877.96617
2023-12-08 21:00:00,44363.99,44365.02,44229.14,44328.81,601.21054
2023-12-08 21:15:00,44328.81,44700.0,44322.06,44563.95,1776.17646
2023-12-08 21:30:00,44563.95,44659.13,44380.66,44508.0,697.64423
2023-12-08 21:45:00,44507.99,44537.28,44344.01,44527.34,847.41899
2023-12-08 22:00:00,44527.34,44573.33,44428.0,44480.62,453.91878
2023-12-08 22:15:00,44480.62,44527.51,44424.59,44433.04,356.54722
2023-12-08 22:30:00,44433.05,44441.92,44351.27,44364.38,270.79605
2023-12-08 22:45:00,44364.39,44440.0,44239.02,44260.54,396.3978
2023-12-08 23:00:00,44260.54,44338.0,44260.54,44274.72,330.87142
2023-12-08 23:15:00,44274.72,44296.18,44181.07,44205.66,293.42417
2023-12-08 23:30:00,44205.66,44217.99,44133.0,44133.01,335.80154
2023-12-08 23:45:00,44133.0,44215.25,44120.62,44170.99,382.26218
2023-12-09 00:00:00,44171.0,44248.8,44170.99,44207.84,489.31967
2023-12-09 00:15:00,44207.83,44260.0,44141.6,44260.0,326.86855
2023-12-09 00:30:00,44260.0,44281.23,44173.0,44173.0,221.97201
2023-12-09 00:45:00,44173.01,44247.7,44165.81,44177.03,200.3056
2023-12-09 01:00:00,44177.04,44195.57,44047.8,44054.28,388.01425
2023-12-09 01:15:00,44054.28,44103.72,44054.27,44079.99,182.33692
2023-12-09 01:30:00,44079.99,44113.95,44043.61,44091.1,283.72199
2023-12-09 01:45:00,44091.1,44126.0,44080.0,44118.7,323.30336
2023-12-09 02:00:00,44118.71,44204.63,44100.02,44152.06,256.09036
2023-12-09 02:15:00,44152.07,44152.07,44104.0,44129.16,184.23358
2023-12-09 02:30:00,44129.15,44164.29,44129.15,44135.54,125.64505
2023-12-09 02:45:00,44135.55,44181.1,44120.0,44120.01,121.28391
2023-12-09 03:00:00,44120.01,44193.87,44106.19,44193.85,136.15431
2023-12-09 03:15:00,44193.86,44224.18,44189.53,44217.55,153.60389
2023-12-09 03:30:00,44217.55,44232.64,44171.96,44187.98,114.24693
2023-12-09 03:45:00,44187.98,44188.01,44130.33,44139.38,143.6088
2023-12-09 04:00:00,44139.38,44195.51,44139.37,44188.67,117.65531
2023-12-09 04:15:00,44188.67,44276.71,44188.66,44261.12,205.83798
2023-12-09 04:30:00,44261.13,44265.02,44204.04,44209.79,194.02725
2023-12-09 04:45:00,44209.79,44238.2,44204.04,44231.98,122.49508
2023-12-09 05:00:00,44231.97,44267.6,44222.42,44244.0,165.4484
2023-12-09 05:15:00,44244.0,44344.71,44244.0,44344.39,391.00509
2023-12-09 05:30:00,44344.39,44358.02,44299.97,44299.98,212.38327
2023-12-09 05:45:00,44299.98,44315.42,44271.85,44274.99,154.84143
2023-12-09 06:00:00,44275.0,44332.64,44274.99,44308.63,215.34981
2023-12-09 06:15:00,44308.64,44324.6,44289.81,44289.81,267.40144
2023-12-09 06:30:00,44289.81,44289.82,44217.53,44217.53,150.78393
2023-12-09 06:45:00,44217.53,44226.37,44174.12,44200.0,187.97387
2023-12-09 07:00:00,44200.0,44261.1,44153.84,44226.72,231.33004
2023-12-09 07:15:00,44226.73,44226.73,44151.1,44164.29,189.35737
2023-12-09 07:30:00,44164.29,44176.81,44093.82,44127.23,527.86411
2023-12-09 07:45:00,44127.23,44186.21,44120.16,44180.22,267.08603
2023-12-09 08:00:00,44180.21,44187.91,44096.02,44109.7,302.77588
2023-12-09 08:15:00,44109.7,44191.58,44102.41,44120.02,379.36149
2023-12-09 08:30:00,44120.02,44120.03,43720.0,43761.6,1271.97557
2023-12-09 08:45:00,43761.59,43915.15,43729.44,43834.35,770.36666
2023-12-09 09:00:00,43834.34,43871.1,43731.48,43856.0,516.61283
2023-12-09 09:15:00,43856.01,43958.14,43834.02,43932.6,410.75561
2023-12-09 09:30:00,43932.59,43951.22,43834.23,43837.85,357.47816
2023-12-09 09:45:00,43837.84,43884.35,43810.0,43842.0,253.60853
2023-12-09 10:00:00,43842.0,43910.4,43836.3,43890.97,184.34332
2023-12-09 10:15:00,43890.97,43907.66,43830.0,43839.17,196.50238
2023-12-09 10:30:00,43839.16,43870.0,43825.01,43849.99,123.7257
2023-12-09 10:45:00,43850.0,43864.27,43814.0,43835.05,213.93026
2023-12-09 11:00:00,43835.04,43890.0,43825.07,43840.02,260.9148
2023-12-09 11:15:00,43840.02,43850.03,43770.0,43776.73,211.83309
2023-12-09 11:30:00,43776.73,43821.1,43772.28,43788.76,180.5888
2023-12-09 11:45:00,43788.77,43834.52,43753.37,43817.35,160.07411
2023-12-09 12:00:00,43817.35,43844.97,43776.66,43817.19,191.06452
2023-12-09 12:15:00,43817.19,43835.0,43741.52,43760.01,311.64308
2023-12-09 12:30:00,43760.01,43798.0,43746.0,43788.95,174.75245
2023-12-09 12:45:00,43788.94,43900.0,43788.94,43899.99,213.6645
2023-12-09 13:00:00,43900.0,43961.1,43881.45,43912.53,323.25921
2023-12-09 13:15:00,43912.53,43948.02,43904.02,43906.03,169.66851
2023-12-09 13:30:00,43906.03,43997.0,43895.03,43965.74,213.72851
2023-12-09 13:45:00,43965.75,44045.45,43957.01,43996.33,351.80138
2023-12-09 14:00:00,43996.33,44115.77,43993.38,44093.69,361.69324
2023-12-09 14:15:00,44093.7,44136.52,44019.83,44044.02,306.59288
2023-12-09 14:30:00,44044.03,44044.03,43820.18,43878.01,536.66225
2023-12-09 14:45:00,43878.01,43949.8,43755.0,43935.58,527.28142
2023-12-09 15:00:00,43935.57,43950.0,43861.1,43899.74,431.75201
2023-12-09 15:15:00,43899.75,43950.0,43899.74,43919.52,261.53897
2023-12-09 15:30:00,43919.53,43984.25,43917.17,43963.51,204.95889
2023-12-09 15:45:00,43963.5,44114.78,43963.5,44045.1,452.66337
2023-12-09 16:00:00,44045.09,44082.19,44026.19,44047.82,224.75998
2023-12-09 16:15:00,44047.82,44055.0,43945.0,43999.99,302.10606
2023-12-09 16:30:00,43999.99,44076.94,43992.6,44058.72,286.24942
2023-12-09 16:45:00,44058.71,44082.19,43986.93,44008.58,206.42891
2023-12-09 17:00:00,44008.59,44008.59,43893.25,43893.52,280.63094
2023-12-09 17:15:00,43893.52,43977.51,43893.52,43952.61,250.65591
2023-12-09 17:30:00,43952.62,44032.03,43929.74,43941.47,184.50393
2023-12-09 17:45:00,43941.46,43941.47,43889.87,43891.46,132.84671
2023-12-09 18:00:00,43891.46,43933.85,43877.34,43877.34,180.71621
2023-12-09 18:15:00,43877.34,43961.1,43877.34,43929.19,150.77571
2023-12-09 18:30:00,43929.19,43995.01,43929.19,43956.72,177.59197
2023-12-09 18:45:00,43956.72,43976.14,43941.1,43964.95,118.29181
2023-12-09 19:00:00,43964.95,43971.1,43941.1,43971.09,127.40841
2023-12-09 19:15:00,43971.09,43971.52,43940.5,43948.8,106.37349
2023-12-09 19:30:00,43948.81,44010.03,43940.83,43949.84,117.99783
2023-12-09 19:45:00,43949.84,43955.66,43913.17,43924.39,88.76407
2023-12-09 20:00:00,43924.4,43924.4,43893.19,43896.12,143.4104
2023-12-09 20:15:00,43896.11,43914.91,43864.86,43877.3,161.2577
2023-12-09 20:30:00,43877.29,43985.22,43865.04,43976.11,158.59361
2023-12-09 20:45:00,43976.11,43985.75,43954.97,43979.79,99.46782
2023-12-09 21:00:00,43979.8,43979.8,43878.36,43878.36,130.78473
2023-12-09 21:15:00,43878.36,43970.91,43875.52,43970.9,149.73043
2023-12-09 21:30:00,43970.9,44084.55,43970.9,44004.0,276.24423
2023-12-09 21:45:00,44004.01,44004.01,43971.1,43971.12,113.8327
2023-12-09 22:00:00,43971.11,44028.93,43947.6,44028.93,146.90679
2023-12-09 22:15:00,44028.92,44034.03,44009.15,44009.16,87.84339
2023-12-09 22:30:00,44009.15,44023.2,44006.18,44021.46,64.45714
2023-12-09 22:45:00,44021.46,44021.46,43900.14,43900.14,79.78399
2023-12-09 23:00:00,43900.14,43916.22,43822.51,43828.0,242.94114
2023-12-09 23:15:00,43828.0,43857.97,43761.78,43800.0,427.91732
2023-12-09 23:30:00,43799.99,43801.1,43584.51,43677.99,1327.63631
2023-12-09 23:45:00,43677.99,43754.0,43648.87,43713.6,299.93905
2023-12-10 00:00:00,43713.59,43794.83,43672.0,43730.75,322.03142
2023-12-10 00:15:00,43730.76,43775.35,43730.75,43753.57,158.01937
2023-12-10 00:30:00,43753.58,43764.01,43722.64,43752.01,176.04116
2023-12-10 00:45:00,43752.0,43791.1,43738.01,43772.01,149.34237
2023-12-10 01:00:00,43772.01,43792.79,43735.9,43735.9,153.46097
2023-12-10 01:15:00,43735.9,43864.04,43714.49,43844.16,164.3841
2023-12-10 01:30:00,43844.17,43859.75,43795.0,43802.52,133.69246
2023-12-10 01:45:00,43802.51,43814.02,43792.93,43793.86,98.77114
2023-12-10 02:00:00,43793.87,43812.57,43748.89,43748.9,153.96575
2023-12-10 02:15:00,43748.89,43764.0,43718.01,43729.38,253.6112
2023-12-10 02:30:00,43729.38,43784.21,43716.7,43778.06,137.44056
2023-12-10 02:45:00,43778.05,43794.01,43744.7,43744.71,124.5597
2023-12-10 03:00:00,43744.7,43765.99,43739.45,43765.99,92.34118
2023-12-10 03:15:00,43765.98,43781.75,43717.0,43778.02,109.06244
2023-12-10 03:30:00,43778.02,43819.77,43778.02,43819.77,78.06187
2023-12-10 03:45:00,43819.77,43845.33,43803.99,43845.32,145.53955
2023-12-10 04:00:00,43845.32,43845.52,43824.31,43826.98,92.8763
2023-12-10 04:15:00,43826.98,43890.29,43826.08,43886.19,84.37399
2023-12-10 04:30:00,43886.19,43965.0,43886.18,43948.71,193.58231
2023-12-10 04:45:00,43948.71,43956.63,43932.88,43937.0,94.4054
2023-12-10 05:00:00,43937.01,43956.63,43905.32,43927.99,194.53997
2023-12-10 05:15:00,43928.0,43949.99,43916.0,43916.01,83.59121
2023-12-10 05:30:00,43916.01,43937.67,43893.59,43917.02,108.30311
2023-12-10 05:45:00,43917.02,43917.03,43880.34,43884.4,97.27332
2023-12-10 06:00:00,43884.4,43895.02,43884.4,43886.18,49.5432
2023-12-10 06:15:00,43886.17,43899.44,43862.85,43899.43,113.35939
2023-12-10 06:30:00,43899.43,43910.0,43888.0,43904.62,109.79371
2023-12-10 06:45:00,43904.62,43925.0,43900.0,43911.12,87.13795
2023-12-10 07:00:00,43911.13,43911.95,43895.0,43911.94,61.19167
2023-12-10 07:15:00,43911.93,43921.55,43888.0,43888.26,218.58023
2023-12-10 07:30:00,43888.26,43895.43,43866.0,43893.52,322.76181
2023-12-10 07:45:00,43893.52,44016.0,43893.52,43966.44,267.66286
2023-12-10 08:00:00,43966.44,44049.0,43926.05,43926.06,227.68969
2023-12-10 08:15:00,43926.05,43953.99,43866.0,43882.07,223.75721
2023-12-10 08:30:00,43882.07,43891.01,43788.01,43789.44,382.71036
2023-12-10 08:45:00,43789.43,43830.92,43734.03,43775.51,340.17213
2023-12-10 09:00:00,43775.51,43818.0,43770.0,43789.92,148.17109
2023-12-10 09:15:00,43789.92,43810.31,43700.0,43718.52,278.39386
2023-12-10 09:30:00,43718.52,43718.52,43604.9,43645.94,398.49157
2023-12-10 09:45:00,43645.95,43722.88,43603.88,43606.8,358.34869
2023-12-10 10:00:00,43606.79,43669.61,43605.4,43636.0,281.53373
2023-12-10 10:15:00,43636.01,43687.27,43635.0,43687.27,213.34615
2023-12-10 10:30:00,43687.27,43701.09,43626.01,43632.8,139.03737
2023-12-10 10:45:00,43632.81,43717.52,43615.24,43700.02,202.6393
2023-12-10 11:00:00,43700.01,43750.25,43689.0,43748.11,241.47126
2023-12-10 11:15:00,43748.11,43758.0,43730.72,43747.0,111.05586
2023-12-10 11:30:00,43747.01,43747.01,43703.26,43714.7,119.44309
2023-12-10 11:45:00,43714.7,43741.1,43711.1,43738.02,128.83592
2023-12-10 12:00:00,43738.03,43760.0,43731.84,43749.01,136.04791
2023-12-10 12:15:00,43749.01,43807.32,43749.0,43769.01,207.68451
2023-12-10 12:30:00,43769.0,43779.16,43740.44,43779.15,130.62794
2023-12-10 12:45:00,43779.16,43900.0,43779.15,43884.01,251.69107
2023-12-10 13:00:00,43884.02,43888.37,43801.52,43810.78,154.97787
2023-12-10 13:15:00,43810.77,43850.0,43769.32,43775.23,163.69931
2023-12-10 13:30:00,43775.23,43857.51,43744.0,43857.5,137.93775
2023-12-10 13:45:00,43857.51,43906.34,43799.99,43834.64,270.55097
2023-12-10 14:00:00,43834.64,43879.07,43808.81,43844.03,248.29671
2023-12-10 14:15:00,43844.04,43844.04,43799.0,43800.0,211.25435
2023-12-10 14:30:00,43799.99,43826.89,43751.86,43826.88,320.98184
2023-12-10 14:45:00,43826.87,43888.81,43826.87,43832.25,134.55352
2023-12-10 15:00:00,43832.25,43879.52,43823.88,43876.01,132.9422
2023-12-10 15:15:00,43876.02,43973.76,43876.01,43908.52,404.29376
2023-12-10 15:30:00,43908.51,43965.02,43906.28,43956.04,223.01168
2023-12-10 15:45:00,43956.04,43962.2,43900.0,43903.73,157.66357
2023-12-10 16:00:00,43903.74,43931.13,43876.0,43894.56,149.24433
2023-12-10 16:15:00,43894.56,43896.27,43852.0,43854.92,108.99388
2023-12-10 16:30:00,43854.92,43868.5,43779.4,43797.05,342.63571
2023-12-10 16:45:00,43797.05,43831.1,43789.44,43828.91,146.95376
2023-12-10 17:00:00,43828.9,43839.29,43828.9,43835.2,96.07021
2023-12-10 17:15:00,43835.21,43835.21,43777.0,43777.01,161.96999
2023-12-10 17:30:00,43777.01,43800.03,43777.0,43777.01,130.94033
2023-12-10 17:45:00,43777.0,43821.1,43777.0,43821.09,131.18573
2023-12-10 18:00:00,43821.08,43846.09,43812.52,43836.06,109.23566
2023-12-10 18:15:00,43836.07,43888.96,43836.06,43883.4,129.38498
2023-12-10 18:30:00,43883.4,43912.0,43856.66,43864.81,193.81637
2023-12-10 18:45:00,43864.8,43875.15,43816.14,43828.82,181.20836
2023-12-10 19:00:00,43828.83,43869.29,43828.82,43828.82,142.29298
2023-12-10 19:15:00,43828.83,43828.83,43789.26,43802.95,138.14505
2023-12-10 19:30:00,43802.96,43802.96,43770.36,43786.51,215.97729
2023-12-10 19:45:00,43786.51,43803.84,43750.0,43797.1,194.41091
2023-12-10 20:00:00,43797.1,43830.0,43786.0,43830.0,132.87751
2023-12-10 20:15:00,43829.99,43850.76,43820.38,43843.68,174.25346
2023-12-10 20:30:00,43843.68,43953.78,43842.52,43935.94,256.39637
2023-12-10 20:45:00,43935.93,43970.16,43931.1,43960.01,232.53545
2023-12-10 21:00:00,43960.01,44046.0,43911.1,43990.03,486.55567
2023-12-10 21:15:00,43990.03,43990.03,43823.75,43849.14,290.2893
2023-12-10 21:30:00,43849.15,43883.04,43763.07,43794.0,430.93743
2023-12-10 21:45:00,43794.01,43838.52,43794.0,43801.1,146.14306
2023-12-10 22:00:00,43801.1,43866.03,43774.45,43866.03,178.60919
2023-12-10 22:15:00,43866.03,43886.7,43845.11,43886.7,169.44386
2023-12-10 22:30:00,43886.69,43898.32,43828.0,43838.39,188.97429
2023-12-10 22:45:00,43838.39,43838.4,43779.86,43783.47,157.03453
2023-12-10 23:00:00,43783.48,43846.0,43690.0,43690.0,359.55206
2023-12-10 23:15:00,43690.0,43727.51,43563.0,43667.89,824.27523
2023-12-10 23:30:00,43667.9,43736.67,43667.89,43730.01,374.16734
2023-12-10 23:45:00,43730.0,43789.51,43713.67,43789.51,271.49338
2023-12-11 00:00:00,43789.5,43804.5,43735.79,43740.0,240.87272
2023-12-11 00:15:00,43739.99,43760.35,43729.52,43729.52,221.4098
2023-12-11 00:30:00,43729.52,43756.9,43681.03,43681.03,217.13198
2023-12-11 00:45:00,43681.04,43704.95,43610.0,43630.42,214.94584
2023-12-11 01:00:00,43630.42,43630.42,43320.52,43393.91,1843.53527
2023-12-11 01:15:00,43393.92,43404.25,43250.0,43320.79,738.463
2023-12-11 01:30:00,43320.8,43372.0,43201.63,43272.01,546.67672
2023-12-11 01:45:00,43272.01,43369.52,43222.45,43222.46,343.2552
2023-12-11 02:00:00,43222.45,43236.59,40400.0,41714.0,4867.13456
2023-12-11 02:15:00,41714.0,42275.0,41555.0,42230.06,3202.5145
2023-12-11 02:30:00,42230.06,42249.99,41800.0,42007.67,1502.8143
2023-12-11 02:45:00,42007.67,42058.82,41751.1,41952.99,1243.99862
2023-12-11 03:00:00,41952.99,42206.78,41875.94,42203.67,1042.80151
2023-12-11 03:15:00,42203.66,42307.69,42127.64,42307.69,823.06437
2023-12-11 03:30:00,42307.68,42550.0,42248.13,42401.01,1121.748
2023-12-11 03:45:00,42401.01,42431.1,42270.16,42309.58,738.30241
2023-12-11 04:00:00,42309.57,42320.0,42146.62,42164.46,649.03283
2023-12-11 04:15:00,42164.47,42232.73,42058.38,42171.32,573.43505
2023-12-11 04:30:00,42171.32,42199.99,42001.58,42096.18,763.74994
2023-12-11 04:45:00,42096.19,42184.0,42060.0,42164.0,521.74253
2023-12-11 05:00:00,42163.99,42212.04,42122.18,42184.88,367.86908
2023-12-11 05:15:00,42184.88,42194.58,41923.33,41961.1,696.6324
2023-12-11 05:30:00,41961.09,42055.71,41847.14,41860.01,773.14769
2023-12-11 05:45:00,41860.01,42093.93,41620.0,42053.41,1233.43315
2023-12-11 06:00:00,42053.41,42073.77,41910.02,41916.32,513.8571
2023-12-11 06:15:00,41916.33,41999.04,41777.0,41921.68,732.38653
2023-12-11 06:30:00,41921.67,41937.75,41716.68,41917.9,686.10983
2023-12-11 06:45:00,41917.91,42200.0,41841.1,42130.0,832.37384
2023-12-11 07:00:00,42130.01,42275.0,42102.45,42262.51,1689.13868
2023-12-11 07:15:00,42262.5,42321.03,42150.59,42190.0,887.65852
2023-12-11 07:30:00,42190.0,42224.25,42130.0,42130.01,660.39162
2023-12-11 07:45:00,42130.0,42211.18,42091.11,42132.51,502.50278
2023-12-11 08:00:00,42132.52,42191.1,42007.92,42046.36,571.83358
2023-12-11 08:15:00,42046.36,42124.7,41975.44,42124.69,860.71609
2023-12-11 08:30:00,42124.69,42188.0,42110.0,42184.48,418.07829
2023-12-11 08:45:00,42184.48,42290.54,42180.0,42242.97,627.54336
2023-12-11 09:00:00,42242.97,42304.0,42180.0,42300.0,817.19481
2023-12-11 09:15:00,42300.0,42380.0,42300.0,42319.75,615.56057
2023-12-11 09:30:00,42319.75,42406.43,42312.37,42366.98,677.69922
2023-12-11 09:45:00,42366.98,42391.1,42290.0,42380.0,357.12214
2023-12-11 10:00:00,42380.0,42478.62,42364.94,42438.67,647.1717
2023-12-11 10:15:00,42438.66,42438.67,42356.68,42356.68,337.66971
2023-12-11 10:30:00,42356.68,42407.14,42346.43,42359.42,371.47168
2023-12-11 10:45:00,42359.42,42407.14,42355.41,42381.22,181.00397
2023-12-11 11:00:00,42381.21,42436.13,42381.21,42435.67,207.74593
2023-12-11 11:15:00,42435.66,42481.1,42166.8,42272.88,484.35646
2023-12-11 11:30:00,42272.89,42357.12,42161.1,42321.51,462.34216
2023-12-11 11:45:00,42321.51,42361.28,42309.96,42344.01,222.31705
2023-12-11 12:00:00,42344.01,42369.56,42266.1,42353.58,422.18763
2023-12-11 12:15:00,42353.57,42390.32,42265.47,42267.33,499.76578
2023-12-11 12:30:00,42267.33,42318.0,42199.55,42199.99,498.31014
2023-12-11 12:45:00,42200.0,42241.99,42181.1,42210.5,398.51959
2023-12-11 13:00:00,42210.5,42255.72,42198.37,42234.1,252.30121
2023-12-11 13:15:00,42234.11,42234.11,42112.64,42132.21,344.43212
2023-12-11 13:30:00,42132.21,42168.63,42010.0,42079.89,716.06615
2023-12-11 13:45:00,42079.88,42130.69,41886.13,42003.99,876.69354
2023-12-11 14:00:00,42004.0,42092.98,41926.0,41965.44,648.64984
2023-12-11 14:15:00,41965.45,42011.1,41806.0,41881.4,864.96861
2023-12-11 14:30:00,41881.4,42020.0,41826.0,41940.0,1083.87794
2023-12-11 14:45:00,41940.0,42118.91,41850.0,41850.0,729.2507
2023-12-11 15:00:00,41850.01,42010.0,41825.64,41968.01,713.07582
2023-12-11 15:15:00,41968.02,42038.73,41888.72,41898.51,473.63008
2023-12-11 15:30:00,41898.51,41953.37,41834.79,41834.79,420.6284
2023-12-11 15:45:00,41834.8,41919.33,41655.18,41803.44,813.71912
2023-12-11 16:00:00,41803.43,41848.49,41515.72,41605.42,1408.37994
2023-12-11 16:15:00,41605.42,41768.0,41364.0,41757.3,1636.71241
2023-12-11 16:30:00,41757.3,41857.08,41613.14,41792.44,729.58634
2023-12-11 16:45:00,41792.43,41821.1,41500.0,41794.34,775.4966
2023-12-11 17:00:00,41794.33,41797.33,41581.29,41684.01,1173.61048
2023-12-11 17:15:00,41684.0,41686.56,41551.4,41633.1,751.3609
2023-12-11 17:30:00,41633.1,41633.11,41500.0,41533.54,505.79171
2023-12-11 17:45:00,41533.54,41568.18,41291.1,41347.83,833.26242
2023-12-11 18:00:00,41347.83,41347.84,40855.0,41017.9,2159.86975
2023-12-11 18:15:00,41017.89,41195.0,40630.0,40718.54,2714.0685
2023-12-11 18:30:00,40718.55,40997.69,40532.17,40814.63,1550.84552
2023-12-11 18:45:00,40814.62,41056.25,40708.52,41050.38,924.31928
2023-12-11 19:00:00,41050.38,41118.1,40812.36,40835.77,778.36798
2023-12-11 19:15:00,40835.76,40878.24,40422.0,40584.0,1967.09927
2023-12-11 19:30:00,40583.99,40665.47,40222.0,40520.54,1839.28127
2023-12-11 19:45:00,40520.54,40821.01,40511.82,40779.99,938.55218
2023-12-11 20:00:00,40779.99,40837.8,40554.0,40661.82,648.38332
2023-12-11 20:15:00,40661.81,40750.0,40564.0,40715.1,562.80924
2023-12-11 20:30:00,40715.1,40720.0,40567.92,40699.72,552.28901
2023-12-11 20:45:00,40699.72,40937.36,40699.53,40858.02,895.81783
2023-12-11 21:00:00,40858.01,41105.11,40844.0,41103.05,863.07648
2023-12-11 21:15:00,41103.05,41290.0,41034.51,41162.19,782.08597
2023-12-11 21:30:00,41162.19,41226.0,41117.1,41141.4,456.842
2023-12-11 21:45:00,41141.4,41222.27,41069.6,41202.93,404.50163
2023-12-11 22:00:00,41202.93,41257.66,41134.96,41155.91,350.5423
2023-12-11 22:15:00,41155.91,41327.55,41155.9,41251.11,326.395
2023-12-11 22:30:00,41251.11,41317.16,41212.43,41310.4,181.40066
2023-12-11 22:45:00,41310.41,41349.97,41251.1,41286.28,212.47201
2023-12-11 23:00:00,41286.28,41288.76,41138.0,41202.62,426.66209
2023-12-11 23:15:00,41202.61,41243.15,41171.56,41195.99,329.72345
2023-12-11 23:30:00,41196.0,41297.9,41185.83,41297.9,179.7364
2023-12-11 23:45:00,41297.89,41297.9,41181.1,41253.4,196.52234
2023-12-12 00:00:00,41253.41,41289.54,41178.28,41205.63,534.43105
2023-12-12 00:15:00,41205.63,41736.93,41192.47,41650.55,991.05496
2023-12-12 00:30:00,41650.55,41682.99,41497.76,41590.62,530.83455
2023-12-12 00:45:00,41590.62,41768.0,41585.99,41717.98,544.68831
2023-12-12 01:00:00,41717.98,41862.69,41671.1,41859.91,450.19142
2023-12-12 01:15:00,41859.9,41870.0,41643.25,41734.0,411.50966
2023-12-12 01:30:00,41734.0,41739.15,41587.91,41603.99,354.1812
2023-12-12 01:45:00,41604.0,41688.86,41592.43,41681.09,241.69576
2023-12-12 02:00:00,41681.1,41777.0,41670.0,41774.95,240.26684
2023-12-12 02:15:00,41774.94,41914.03,41774.9,41885.86,581.10663
2023-12-12 02:30:00,41885.87,41938.8,41841.22,41901.71,328.55238
2023-12-12 02:45:00,41901.71,41906.0,41820.0,41862.01,289.9534
2023-12-12 03:00:00,41862.0,41865.0,41795.44,41859.75,421.69103
2023-12-12 03:15:00,41859.74,41885.0,41809.89,41861.43,209.76118
2023-12-12 03:30:00,41861.42,41878.0,41749.32,41755.73,350.01428
2023-12-12 03:45:00,41755.73,41793.24,41717.11,41735.29,264.69367
2023-12-12 04:00:00,41735.29,41766.49,41698.5,41710.0,238.58373
2023-12-12 04:15:00,41709.99,41710.0,41623.93,41663.19,301.22618
2023-12-12 04:30:00,41663.19,41668.92,41490.0,41512.01,414.76903
2023-12-12 04:45:00,41512.0,41579.49,41376.19,41385.43,398.89843
2023-12-12 05:00:00,41385.42,41546.71,41385.42,41538.01,310.73064
2023-12-12 05:15:00,41538.0,41680.0,41538.0,41642.02,330.2232
2023-12-12 05:30:00,41642.01,41642.02,41556.82,41574.18,263.14801
2023-12-12 05:45:00,41574.18,41578.38,41516.08,41565.99,184.58323
2023-12-12 06:00:00,41566.0,41566.0,41459.45,41502.04,417.71034
2023-12-12 06:15:00,41502.03,41520.84,41401.92,41420.0,462.12682
2023-12-12 06:30:00,41420.01,41568.59,41401.93,41541.09,320.84802
2023-12-12 06:45:00,41541.1,41697.07,41540.0,41695.04,385.1879
2023-12-12 07:00:00,41695.05,41869.18,41678.98,41779.4,706.77016
2023-12-12 07:15:00,41779.41,41819.78,41737.3,41810.34,356.34995
2023-12-12 07:30:00,41810.33,41893.71,41764.15,41882.74,588.66365
2023-12-12 07:45:00,41882.75,42068.91,41882.74,41916.27,1071.6099
2023-12-12 08:00:00,41916.26,41980.0,41830.57,41835.3,575.61924
2023-12-12 08:15:00,41835.29,41880.0,41783.77,41811.1,377.97611
2023-12-12 08:30:00,41811.1,41939.23,41778.06,41914.89,472.24066
2023-12-12 08:45:00,41914.89,42104.12,41914.89,42036.86,614.51382
2023-12-12 09:00:00,42036.86,42038.29,41866.0,41879.96,380.18793
2023-12-12 09:15:00,41879.96,41982.98,41850.01,41932.22,466.38167
2023-12-12 09:30:00,41932.22,41942.71,41828.0,41851.98,279.32193
2023-12-12 09:45:00,41851.98,41909.64,41800.0,41804.57,344.15043
2023-12-12 10:00:00,41804.58,41832.53,41751.33,41827.95,358.81513
2023-12-12 10:15:00,41827.95,41827.95,41752.82,41768.96,243.96119
2023-12-12 10:30:00,41768.96,41790.83,41711.57,41776.01,269.49274
2023-12-12 10:45:00,41776.0,41809.42,41725.52,41809.42,234.24167
2023-12-12 11:00:00,41809.42,41825.09,41729.29,41742.0,201.91013
2023-12-12 11:15:00,41742.0,41810.0,41742.0,41784.28,159.72344
2023-12-12 11:30:00,41784.28,41784.28,41588.88,41638.39,482.94357
2023-12-12 11:45:00,41638.4,41703.81,41545.54,41584.57,319.46288
2023-12-12 12:00:00,41584.58,41703.23,41584.57,41693.25,311.26373
2023-12-12 12:15:00,41693.26,41850.0,41693.25,41791.1,400.94616
2023-12-12 12:30:00,41791.09,41869.41,41776.0,41869.4,336.80276
2023-12-12 12:45:00,41869.41,41906.45,41826.6,41849.99,307.40234
2023-12-12 13:00:00,41850.0,41997.42,41844.04,41900.75,428.48787
2023-12-12 13:15:00,41900.76,41901.14,41742.0,41855.23,362.45503
2023-12-12 13:30:00,41855.24,42070.23,41750.99,41914.53,1047.6437
2023-12-12 13:45:00,41914.53,41950.44,41786.49,41810.78,436.60084
2023-12-12 14:00:00,41810.78,41871.1,41714.46,41714.47,404.09558
2023-12-12 14:15:00,41714.47,41810.0,41700.0,41730.5,366.74219
2023-12-12 14:30:00,41730.5,41772.36,41602.33,41624.92,528.77889
2023-12-12 14:45:00,41624.93,41638.0,41295.94,41474.87,1357.58422
2023-12-12 15:00:00,41474.87,41588.0,41362.28,41448.88,599.93542
2023-12-12 15:15:00,41448.87,41500.0,41161.1,41252.02,1010.33415
2023-12-12 15:30:00,41252.02,41433.71,41222.86,41372.43,569.40637
2023-12-12 15:45:00,41372.43,41440.0,41270.0,41348.0,539.95135
2023-12-12 16:00:00,41347.99,41457.35,41088.12,41224.5,982.59339
2023-12-12 16:15:00,41224.5,41330.0,41156.38,41279.63,651.49609
2023-12-12 16:30:00,41279.63,41350.0,41164.76,41313.06,470.84753
2023-12-12 16:45:00,41313.06,41354.98,41251.1,41343.06,328.85181
2023-12-12 17:00:00,41343.06,41343.07,41166.66,41175.87,509.96955
2023-12-12 17:15:00,41175.88,41252.67,40852.37,40885.54,980.5413
2023-12-12 17:30:00,40885.53,41011.09,40792.51,40905.88,915.45221
2023-12-12 17:45:00,40905.88,40948.23,40700.0,40702.99,892.62674
2023-12-12 18:00:00,40702.99,41185.55,40680.0,41145.12,863.23093
2023-12-12 18:15:00,41145.12,41421.14,41125.84,41398.09,798.90803
2023-12-12 18:30:00,41398.08,41400.0,41224.49,41243.56,407.09725
2023-12-12 18:45:00,41243.55,41349.43,41228.01,41305.44,264.80614
2023-12-12 19:00:00,41305.44,41330.0,41241.1,41267.41,286.18463
2023-12-12 19:15:00,41267.4,41267.41,41025.0,41044.2,380.01955
2023-12-12 19:30:00,41044.2,41265.32,41025.0,41166.52,312.50309
2023-12-12 19:45:00,41166.51,41260.0,41090.01,41137.99,289.40255
2023-12-12 20:00:00,41137.99,41259.2,41135.17,41151.02,303.46346
2023-12-12 20:15:00,41151.01,41183.11,41063.18,41161.04,247.82045
2023-12-12 20:30:00,41161.05,41291.1,41083.12,41134.86,287.04724
2023-12-12 20:45:00,41134.87,41294.0,41116.2,41229.61,273.09548
2023-12-12 21:00:00,41229.61,41381.1,41213.69,41350.05,269.07212
2023-12-12 21:15:00,41350.05,41365.99,41271.15,41285.35,205.20259
2023-12-12 21:30:00,41285.36,41310.0,41211.1,41213.65,301.28532
2023-12-12 21:45:00,41213.65,41230.48,41042.08,41104.02,440.94561
2023-12-12 22:00:00,41104.02,41211.64,41079.48,41196.41,517.72054
2023-12-12 22:15:00,41196.42,41235.29,41113.11,41181.58,206.1203
2023-12-12 22:30:00,41181.58,41285.0,41181.54,41206.02,231.31987
2023-12-12 22:45:00,41206.02,41279.95,41189.39,41230.2,174.52947
2023-12-12 23:00:00,41230.21,41325.6,41230.2,41312.0,228.20611
2023-12-12 23:15:00,41311.99,41547.03,41309.24,41478.38,690.90083
2023-12-12 23:30:00,41478.38,41555.0,41441.93,41516.25,373.31658
2023-12-12 23:45:00,41516.25,41546.8,41459.31,41492.39,352.69232
2023-12-13 00:00:00,41492.38,41506.0,41354.36,41405.0,412.09373
2023-12-13 00:15:00,41404.99,41414.0,41300.0,41358.0,373.64218
2023-12-13 00:30:00,41357.99,41477.84,41321.1,41476.08,222.86917
2023-12-13 00:45:00,41476.08,41502.99,41408.06,41411.4,220.43512
2023-12-13 01:00:00,41411.41,41436.0,41343.13,41344.61,132.11072
2023-12-13 01:15:00,41344.61,41344.62,40880.81,41004.81,1002.2333
2023-12-13 01:30:00,41004.8,41190.0,40976.05,41151.09,750.52534
2023-12-13 01:45:00,41151.09,41159.91,41011.1,41022.0,381.47258
2023-12-13 02:00:00,41022.01,41145.45,40855.0,40956.19,491.17402
2023-12-13 02:15:00,40956.2,41011.1,40555.0,40868.05,1281.84239
2023-12-13 02:30:00,40868.05,41040.06,40796.01,41040.06,489.53557
2023-12-13 02:45:00,41040.05,41049.3,40943.2,41001.95,315.16081
2023-12-13 03:00:00,41001.94,41041.1,40930.0,40934.87,258.17044
2023-12-13 03:15:00,40934.87,40971.66,40818.0,40872.97,255.1286
2023-12-13 03:30:00,40872.96,40999.51,40864.0,40905.48,293.65402
2023-12-13 03:45:00,40905.47,40931.42,40761.1,40829.36,430.11426
2023-12-13 04:00:00,40829.35,40900.08,40705.88,40740.8,531.31458
2023-12-13 04:15:00,40740.81,40836.16,40628.64,40831.77,392.42777
2023-12-13 04:30:00,40831.77,40917.99,40823.35,40879.12,294.62314
2023-12-13 04:45:00,40879.12,40915.87,40840.0,40901.01,192.56675
2023-12-13 05:00:00,40901.01,40946.0,40840.0,40855.01,193.39676
2023-12-13 05:15:00,40855.01,40946.19,40840.0,40946.19,154.46968
2023-12-13 05:30:00,40946.18,40973.63,40914.81,40942.69,195.03315
2023-12-13 05:45:00,40942.7,41027.59,40924.01,41019.66,219.67752
2023-12-13 06:00:00,41019.65,41064.0,40992.94,41045.18,300.20155
2023-12-13 06:15:00,41045.18,41053.65,40995.68,41000.02,241.61595
2023-12-13 06:30:00,41000.02,41034.67,40938.42,40938.43,188.94388
2023-12-13 06:45:00,40938.43,40971.1,40826.09,40865.99,406.72091
2023-12-13 07:00:00,40866.0,41196.01,40800.0,41090.43,729.97076
2023-12-13 07:15:00,41090.43,41242.0,41072.28,41198.41,398.59658
2023-12-13 07:30:00,41198.41,41204.2,41134.04,41145.72,238.83271
2023-12-13 07:45:00,41145.72,41158.0,41108.5,41115.27,183.29028
2023-12-13 08:00:00,41115.28,41230.07,41114.33,41185.18,265.55384
2023-12-13 08:15:00,41185.18,41223.56,41161.2,41219.99,281.74555
2023-12-13 08:30:00,41220.0,41280.0,41213.94,41228.01,341.27691
2023-12-13 08:45:00,41228.0,41267.88,41194.28,41267.88,198.01568
2023-12-13 09:00:00,41267.87,41267.88,41141.1,41149.23,319.93895
2023-12-13 09:15:00,41149.22,41172.75,41132.0,41165.79,240.21122
2023-12-13 09:30:00,41165.8,41209.67,41054.36,41169.97,268.52184
2023-12-13 09:45:00,41169.97,41233.19,41166.82,41219.37,185.13234
2023-12-13 10:00:00,41219.37,41254.69,41199.47,41250.0,197.38465
2023-12-13 10:15:00,41250.01,41252.23,41141.47,41153.13,186.25511
2023-12-13 10:30:00,41153.12,41221.1,41126.44,41141.11,215.87199
2023-12-13 10:45:00,41141.11,41149.31,41077.45,41143.26,245.41893
2023-12-13 11:00:00,41143.26,41206.16,41137.57,41162.0,205.36482
2023-12-13 11:15:00,41161.99,41219.24,41107.6,41144.0,191.13275
2023-12-13 11:30:00,41143.99,41157.5,41052.96,41078.02,208.24214
2023-12-13 11:45:00,41078.03,41124.92,40953.17,41004.69,478.9626
2023-12-13 12:00:00,41004.69,41115.65,40984.0,41106.54,306.24812
2023-12-13 12:15:00,41106.55,41263.97,41106.54,41228.97,773.38409
2023-12-13 12:30:00,41228.96,41260.0,41142.01,41200.0,196.98867
2023-12-13 12:45:00,41200.01,41234.29,41139.13,41209.27,236.86978
2023-12-13 13:00:00,41209.26,41352.14,41184.6,41333.68,577.80258
2023-12-13 13:15:00,41333.7,41381.5,41277.61,41371.1,341.2982
2023-12-13 13:30:00,41371.1,41476.94,41365.04,41443.28,441.3019
2023-12-13 13:45:00,41443.28,41488.65,41371.24,41466.0,335.78259
2023-12-13 14:00:00,41466.01,41490.0,41334.86,41379.99,478.71762
2023-12-13 14:15:00,41380.0,41393.58,41305.95,41366.45,399.43353
2023-12-13 14:30:00,41366.45,41420.8,41337.81,41376.99,341.65939
2023-12-13 14:45:00,41376.98,41455.12,41376.98,41432.0,264.00724
2023-12-13 15:00:00,41432.0,41880.0,41430.19,41807.09,1504.67834
2023-12-13 15:15:00,41807.09,41911.1,41748.31,41762.01,778.64117
2023-12-13 15:30:00,41762.01,41946.08,41736.65,41900.0,772.02901
2023-12-13 15:45:00,41899.99,41955.22,41850.27,41939.18,641.01247
2023-12-13 16:00:00,41939.17,42215.63,41900.0,42168.57,1182.82324
2023-12-13 16:15:00,42168.57,42181.09,42021.1,42042.69,601.71812
2023-12-13 16:30:00,42042.7,42048.0,41715.7,41752.08,821.60595
2023-12-13 16:45:00,41752.08,41912.76,41752.07,41870.02,446.70384
2023-12-13 17:00:00,41870.02,41938.34,41814.16,41938.34,283.26332
2023-12-13 17:15:00,41938.33,42130.72,41910.74,42068.96,588.48545
2023-12-13 17:30:00,42068.96,42068.96,41935.3,42046.81,464.36937
2023-12-13 17:45:00,42046.82,42130.19,42037.29,42118.6,565.83885
2023-12-13 18:00:00,42118.6,42174.51,42045.82,42172.42,534.33287
2023-12-13 18:15:00,42172.42,42196.0,42013.42,42027.46,446.25887
2023-12-13 18:30:00,42027.46,42108.54,41988.2,42092.4,348.5602
2023-12-13 18:45:00,42092.4,42140.0,42075.3,42127.44,221.97727
2023-12-13 19:00:00,42127.45,42471.1,42127.44,42380.32,1285.08476
2023-12-13 19:15:00,42380.31,42436.0,42253.56,42389.22,773.10839
2023-12-13 19:30:00,42389.22,42886.0,42321.1,42735.59,1610.40885
2023-12-13 19:45:00,42735.6,42841.1,42676.17,42734.01,758.73018
2023-12-13 20:00:00,42734.01,42859.11,42571.57,42600.0,960.17867
2023-12-13 20:15:00,42599.99,42755.53,42592.46,42654.78,723.71182
2023-12-13 20:30:00,42654.79,42807.2,42621.1,42802.39,438.39734
2023-12-13 20:45:00,42802.4,42888.0,42760.02,42874.87,450.83728
2023-12-13 21:00:00,42874.88,42886.51,42754.0,42855.0,399.87504
2023-12-13 21:15:00,42854.99,42885.7,42750.0,42806.43,339.29739
2023-12-13 21:30:00,42806.44,42835.0,42717.43,42738.94,342.70657
2023-12-13 21:45:00,42738.94,43187.3,42730.0,42988.49,1256.30711
2023-12-13 22:00:00,42988.48,43475.2,42979.79,43361.51,1476.6338
2023-12-13 22:15:00,43361.5,43455.14,43157.17,43233.99,1067.29202
2023-12-13 22:30:00,43234.0,43237.09,42933.55,42997.52,680.72149
2023-12-13 22:45:00,42997.52,43134.62,42957.02,42962.41,477.16621
2023-12-13 23:00:00,42962.41,43042.19,42895.61,42991.39,519.57017
2023-12-13 23:15:00,42991.39,43033.7,42841.1,42992.89,578.7218
2023-12-13 23:30:00,42992.9,43006.0,42858.11,42863.48,317.22545
2023-12-13 23:45:00,42863.47,42948.0,42863.47,42869.03,313.3578
2023-12-14 00:00:00,42869.03,42948.55,42812.46,42925.89,461.22351
2023-12-14 00:15:00,42925.88,42935.39,42728.45,42778.95,545.89812
2023-12-14 00:30:00,42778.95,42835.03,42648.95,42666.26,477.91199
2023-12-14 00:45:00,42666.27,42791.1,42666.26,42788.85,349.70971
2023-12-14 01:00:00,42788.84,42857.31,42762.98,42813.71,330.90016
2023-12-14 01:15:00,42813.72,42833.99,42713.98,42782.02,265.79293
2023-12-14 01:30:00,42782.01,42822.0,42742.09,42790.64,233.14901
2023-12-14 01:45:00,42790.65,42849.29,42725.65,42844.68,285.2973
2023-12-14 02:00:00,42844.68,42861.34,42781.1,42836.17,317.28211
2023-12-14 02:15:00,42836.16,42841.74,42761.53,42787.74,302.71844
2023-12-14 02:30:00,42787.74,42799.12,42670.31,42715.83,440.03951
2023-12-14 02:45:00,42715.83,42777.98,42715.82,42765.99,199.74364
2023-12-14 03:00:00,42766.0,42804.44,42741.1,42741.1,207.52354
2023-12-14 03:15:00,42741.11,42744.07,42668.88,42692.99,265.62437
2023-12-14 03:30:00,42692.99,42730.55,42659.75,42689.67,330.23009
2023-12-14 03:45:00,42689.67,42726.04,42681.1,42713.86,190.05585
2023-12-14 04:00:00,42713.86,42780.0,42713.85,42746.07,203.19316
2023-12-14 04:15:00,42746.06,42779.56,42741.1,42741.79,228.71642
2023-12-14 04:30:00,42741.8,42788.0,42682.78,42770.0,251.28959
2023-12-14 04:45:00,42769.99,42772.0,42702.1,42710.39,167.9539
2023-12-14 05:00:00,42710.38,42770.0,42701.1,42738.15,187.72916
2023-12-14 05:15:00,42738.14,42800.0,42738.14,42780.79,224.0279
2023-12-14 05:30:00,42780.8,42796.0,42750.0,42758.42,208.9986
2023-12-14 05:45:00,42758.41,42815.91,42738.29,42808.48,243.4604
2023-12-14 06:00:00,42808.48,42869.05,42771.1,42869.05,232.261
2023-12-14 06:15:00,42869.04,43110.0,42864.67,43011.34,628.87075
2023-12-14 06:30:00,43011.35,43027.3,42924.71,42938.45,308.1745
2023-12-14 06:45:00,42938.45,42954.3,42862.03,42905.99,372.63687
2023-12-14 07:00:00,42906.0,42945.08,42776.02,42816.8,235.57556
2023-12-14 07:15:00,42816.8,42845.51,42755.01,42812.36,344.29298
2023-12-14 07:30:00,42812.36,42858.29,42798.14,42819.82,186.10373
2023-12-14 07:45:00,42819.83,42917.02,42782.13,42898.98,240.94234
2023-12-14 08:00:00,42898.98,42953.94,42832.18,42953.93,201.33722
2023-12-14 08:15:00,42953.93,43000.0,42910.0,42962.15,337.31518
2023-12-14 08:30:00,42962.15,42962.16,42872.8,42881.52,165.22723
2023-12-14 08:45:00,42881.52,42884.25,42761.81,42761.82,320.94571
2023-12-14 09:00:00,42761.82,42827.35,42685.2,42778.48,385.44041
2023-12-14 09:15:00,42778.49,42782.77,42733.72,42775.14,199.45546
2023-12-14 09:30:00,42775.13,42873.91,42775.13,42850.24,178.16397
2023-12-14 09:45:00,42850.23,42921.95,42813.69,42891.98,185.8097
2023-12-14 10:00:00,42891.98,42923.52,42820.0,42822.55,275.18544
2023-12-14 10:15:00,42822.55,42906.0,42784.13,42899.18,295.63686
2023-12-14 10:30:00,42899.18,42959.72,42860.0,42917.13,298.90256
2023-12-14 10:45:00,42917.13,43020.01,42914.2,42958.22,239.66343
2023-12-14 11:00:00,42958.22,43010.0,42882.96,43010.0,239.54719
2023-12-14 11:15:00,43009.99,43074.14,42972.0,42992.01,315.84068
2023-12-14 11:30:00,42992.0,43311.1,42959.66,43183.17,1211.3087
2023-12-14 11:45:00,43183.17,43277.57,43141.1,43267.06,684.04916
2023-12-14 12:00:00,43267.07,43367.83,43103.62,43120.0,514.08476
2023-12-14 12:15:00,43120.01,43151.0,43040.85,43085.24,390.57394
2023-12-14 12:30:00,43085.23,43224.16,43081.59,43173.19,407.81508
2023-12-14 12:45:00,43173.19,43213.74,43077.66,43095.62,399.04774
2023-12-14 13:00:00,43095.63,43100.85,42803.22,42805.5,632.99337
2023-12-14 13:15:00,42805.49,42921.1,42006.0,42407.19,1254.01387
2023-12-14 13:30:00,42407.19,42516.27,41400.0,42483.53,3647.68227
2023-12-14 13:45:00,42483.53,42634.09,42321.11,42570.12,1575.8485
2023-12-14 14:00:00,42570.12,42570.12,42358.42,42416.61,798.19876
2023-12-14 14:15:00,42416.61,42689.11,42350.2,42617.4,689.91931
2023-12-14 14:30:00,42617.4,42780.12,42489.77,42521.48,701.00605
2023-12-14 14:45:00,42521.48,42665.66,42486.44,42655.3,452.8501
2023-12-14 15:00:00,42655.3,42699.52,42555.67,42555.68,515.47149
2023-12-14 15:15:00,42555.68,42558.38,42200.2,42327.39,895.56068
2023-12-14 15:30:00,42327.4,42428.01,42263.75,42395.23,529.0556
2023-12-14 15:45:00,42395.23,42464.04,42333.34,42448.28,415.19774
2023-12-14 16:00:00,42448.28,42689.11,42448.28,42563.55,618.10222
2023-12-14 16:15:00,42563.56,42662.49,42464.05,42518.96,464.2918
2023-12-14 16:30:00,42518.97,42675.67,42491.1,42609.07,438.87175
2023-12-14 16:45:00,42609.08,42636.92,42583.04,42597.79,248.94143
2023-12-14 17:00:00,42597.79,42788.0,42576.18,42766.43,416.66184
2023-12-14 17:15:00,42766.43,42917.8,42667.35,42867.83,460.53026
2023-12-14 17:30:00,42867.83,43280.0,42840.19,43276.84,1773.72633
2023-12-14 17:45:00,43276.84,43420.0,43143.16,43202.18,1204.84772
2023-12-14 18:00:00,43202.17,43208.68,43023.54,43049.97,803.05642
2023-12-14 18:15:00,43049.97,43170.0,43003.52,43084.99,402.16913
2023-12-14 18:30:00,43084.99,43163.7,43003.5,43037.67,300.6425
2023-12-14 18:45:00,43037.67,43049.99,42839.63,42855.34,465.09788
2023-12-14 19:00:00,42855.35,42911.03,42806.61,42819.99,324.34439
2023-12-14 19:15:00,42820.0,42915.94,42819.99,42892.13,410.23656
2023-12-14 19:30:00,42892.14,42908.97,42821.1,42884.99,278.66897
2023-12-14 19:45:00,42885.0,43108.5,42884.99,43094.13,376.69463
2023-12-14 20:00:00,43094.13,43107.32,42967.01,42976.77,265.93859
2023-12-14 20:15:00,42976.77,43010.54,42851.48,42894.68,349.83665
2023-12-14 20:30:00,42894.68,42934.72,42871.1,42901.36,193.71001
2023-12-14 20:45:00,42901.37,42932.82,42858.99,42920.76,341.72208
2023-12-14 21:00:00,42920.77,43014.21,42884.2,42986.9,265.94675
2023-12-14 21:15:00,42986.91,43021.33,42960.14,42965.06,215.84855
2023-12-14 21:30:00,42965.05,43003.6,42947.76,42968.69,177.54635
2023-12-14 21:45:00,42968.7,43001.1,42911.11,42974.94,192.27983
2023-12-14 22:00:00,42974.94,43100.0,42918.25,43099.95,269.34029
2023-12-14 22:15:00,43099.94,43111.38,42985.18,43001.1,274.52946
2023-12-14 22:30:00,43001.11,43101.12,43001.1,43024.33,220.61619
2023-12-14 22:45:00,43024.33,43108.24,43024.32,43071.03,143.44537
2023-12-14 23:00:00,43071.03,43175.96,43071.03,43091.94,404.44839
2023-12-14 23:15:00,43091.94,43179.7,43045.0,43076.56,430.63443
2023-12-14 23:30:00,43076.39,43080.7,42958.76,42983.77,250.91549
2023-12-14 23:45:00,42983.77,43025.26,42936.0,43022.26,242.93953
2023-12-15 00:00:00,43022.26,43039.67,42953.1,43031.99,248.96099
2023-12-15 00:15:00,43032.0,43080.78,42995.74,43080.78,231.18187
2023-12-15 00:30:00,43080.78,43080.81,42890.32,42949.13,299.33264
2023-12-15 00:45:00,42949.13,43009.32,42863.27,42888.99,351.70209
2023-12-15 01:00:00,42889.0,42949.87,42881.1,42933.52,283.49084
2023-12-15 01:15:00,42933.52,43031.1,42933.52,43031.1,177.71084
2023-12-15 01:30:00,43031.09,43044.74,42969.27,42969.28,171.96744
2023-12-15 01:45:00,42969.28,43001.05,42929.35,42974.94,177.5743
2023-12-15 02:00:00,42974.94,43005.16,42824.71,42864.12,272.88602
2023-12-15 02:15:00,42864.13,42912.02,42847.57,42881.6,208.19538
2023-12-15 02:30:00,42881.61,42940.62,42861.1,42936.77,180.9022
2023-12-15 02:45:00,42936.78,42938.57,42875.45,42876.68,126.09138
2023-12-15 03:00:00,42876.68,42888.44,42827.02,42831.05,236.18529
2023-12-15 03:15:00,42831.05,42836.1,42479.14,42784.15,806.74945
2023-12-15 03:30:00,42784.15,42800.75,42672.56,42777.66,410.60747
2023-12-15 03:45:00,42777.65,42809.52,42725.44,42795.94,242.40375
2023-12-15 04:00:00,42795.94,42795.95,42700.0,42792.87,283.05365
2023-12-15 04:15:00,42792.88,42792.88,42707.11,42770.36,213.41235
2023-12-15 04:30:00,42770.37,42775.6,42721.34,42727.04,180.96167
2023-12-15 04:45:00,42727.04,42811.84,42707.0,42805.66,247.91583
2023-12-15 05:00:00,42805.66,42868.59,42755.79,42759.29,360.33407
2023-12-15 05:15:00,42759.28,42808.33,42729.05,42730.36,240.99829
2023-12-15 05:30:00,42730.35,42733.34,42563.89,42622.58,423.38558
2023-12-15 05:45:00,42622.58,42650.0,42568.0,42592.63,246.2975
2023-12-15 06:00:00,42592.62,42634.34,42572.16,42599.04,244.57525
2023-12-15 06:15:00,42599.03,42628.51,42515.94,42625.66,261.12974
2023-12-15 06:30:00,42625.66,42630.86,42566.51,42577.99,164.34166
2023-12-15 06:45:00,42578.0,42609.85,42544.66,42564.56,179.74504
2023-12-15 07:00:00,42564.56,42630.96,42556.48,42630.1,182.08663
2023-12-15 07:15:00,42630.11,42705.1,42607.52,42675.59,343.34478
2023-12-15 07:30:00,42675.58,42681.02,42610.06,42660.87,334.98256
2023-12-15 07:45:00,42660.88,42700.0,42611.35,42699.99,302.45561
2023-12-15 08:00:00,42699.99,42754.54,42630.43,42650.02,322.11963
2023-12-15 08:15:00,42650.01,42755.53,42635.26,42714.91,322.01576
2023-12-15 08:30:00,42714.91,42760.07,42690.51,42760.06,391.1441
2023-12-15 08:45:00,42760.07,42872.0,42760.06,42870.57,415.93026
2023-12-15 09:00:00,42870.58,43026.33,42837.39,43011.51,523.76793
2023-12-15 09:15:00,43011.52,43011.52,42898.0,42903.11,259.71128
2023-12-15 09:30:00,42903.11,42938.0,42866.0,42887.02,295.2784
2023-12-15 09:45:00,42887.02,42913.98,42796.06,42834.91,487.00366
2023-12-15 10:00:00,42834.9,42880.33,42813.43,42846.47,328.26682
2023-12-15 10:15:00,42846.46,42888.0,42834.15,42888.0,214.16765
2023-12-15 10:30:00,42887.99,42888.0,42741.21,42865.64,275.60859
2023-12-15 10:45:00,42865.64,42892.68,42831.1,42847.07,218.82851
2023-12-15 11:00:00,42847.08,42860.95,42750.0,42789.83,242.06982
2023-12-15 11:15:00,42789.83,42800.3,42701.1,42730.64,267.99045
2023-12-15 11:30:00,42730.63,42808.54,42730.63,42795.97,140.76854
2023-12-15 11:45:00,42795.97,42795.97,42761.1,42776.03,121.21664
2023-12-15 12:00:00,42776.04,42787.24,42646.86,42648.46,329.92202
2023-12-15 12:15:00,42648.47,42729.55,42610.01,42729.55,233.62979
2023-12-15 12:30:00,42729.54,42757.0,42693.24,42744.34,289.64587
2023-12-15 12:45:00,42744.34,42750.0,42597.79,42605.11,362.5454
2023-12-15 13:00:00,42605.12,42614.07,42443.07,42581.62,679.74692
2023-12-15 13:15:00,42581.61,42610.0,42429.47,42452.36,670.10651
2023-12-15 13:30:00,42452.36,42516.84,42258.03,42298.21,921.8569
2023-12-15 13:45:00,42298.2,42356.35,42200.0,42288.02,815.76095
2023-12-15 14:00:00,42288.03,42358.6,42254.0,42344.11,484.50402
2023-12-15 14:15:00,42344.12,42344.12,42136.0,42173.31,686.56367
2023-12-15 14:30:00,42173.31,42217.1,42065.53,42131.48,678.91619
2023-12-15 14:45:00,42131.48,42194.99,42001.11,42181.1,562.05886
2023-12-15 15:00:00,42181.11,42267.4,42047.99,42093.17,458.34633
2023-12-15 15:15:00,42093.17,42152.94,41950.01,42012.01,840.57664
2023-12-15 15:30:00,42012.0,42012.01,41700.0,41793.49,1285.3664
2023-12-15 15:45:00,41793.49,41910.0,41666.0,41909.56,828.02733
2023-12-15 16:00:00,41909.56,41975.76,41820.0,41863.87,420.76136
2023-12-15 16:15:00,41863.88,42108.91,41818.56,41990.75,534.73627
2023-12-15 16:30:00,41990.76,42000.0,41891.1,41891.1,303.59094
2023-12-15 16:45:00,41891.1,41895.68,41696.09,41798.23,467.4043
2023-12-15 17:00:00,41798.23,41948.5,41776.1,41932.58,410.95872
2023-12-15 17:15:00,41932.58,42043.52,41885.2,41992.37,566.32733
2023-12-15 17:30:00,41992.37,42070.0,41933.79,41936.01,408.15041
2023-12-15 17:45:00,41936.01,41942.2,41831.1,41855.06,245.70858
2023-12-15 18:00:00,41855.05,41934.42,41832.28,41886.34,284.97294
2023-12-15 18:15:00,41886.34,42025.17,41880.88,41955.0,211.79359
2023-12-15 18:30:00,41955.0,42037.76,41944.0,42031.45,212.8362
2023-12-15 18:45:00,42031.45,42125.34,42017.55,42114.41,220.83128
2023-12-15 19:00:00,42114.42,42131.1,42052.46,42077.14,195.15002
2023-12-15 19:15:00,42077.14,42106.46,42000.62,42105.99,192.26225
2023-12-15 19:30:00,42106.0,42192.48,42094.15,42094.16,292.22978
2023-12-15 19:45:00,42094.16,42098.17,41954.76,42096.08,860.31215
2023-12-15 20:00:00,42096.08,42149.41,42076.1,42124.73,206.79676
2023-12-15 20:15:00,42124.73,42245.99,42124.73,42206.28,286.47193
2023-12-15 20:30:00,42206.27,42206.28,42083.73,42151.99,287.93289
2023-12-15 20:45:00,42152.0,42264.03,42145.56,42220.01,212.16703
2023-12-15 21:00:00,42220.0,42235.85,42187.42,42194.65,189.94374
2023-12-15 21:15:00,42194.65,42214.4,42158.0,42191.12,155.75058
2023-12-15 21:30:00,42191.12,42240.48,42107.0,42184.67,197.2406
2023-12-15 21:45:00,42184.66,42243.18,42120.32,42238.03,235.66846
2023-12-15 22:00:00,42238.02,42246.0,42178.17,42178.17,206.76708
2023-12-15 22:15:00,42178.17,42205.99,42013.62,42016.1,351.45952
2023-12-15 22:30:00,42016.1,42100.0,41941.17,42099.99,217.82641
2023-12-15 22:45:00,42100.0,42208.17,42052.61,42061.14,168.6336
2023-12-15 23:00:00,42061.14,42156.93,42061.13,42156.92,185.57664
2023-12-15 23:15:00,42156.93,42171.1,41907.83,41973.57,402.59887
2023-12-15 23:30:00,41973.57,42000.3,41896.92,41946.0,493.7256
2023-12-15 23:45:00,41946.0,42011.1,41911.1,41940.3,206.78337
2023-12-16 00:00:00,41940.29,42028.38,41920.0,42022.0,252.2717
2023-12-16 00:15:00,42022.0,42055.31,41852.0,41875.91,233.29261
2023-12-16 00:30:00,41875.91,41885.69,41605.0,41774.0,787.39532
2023-12-16 00:45:00,41774.0,41911.1,41740.31,41908.41,256.03491
2023-12-16 01:00:00,41908.41,42064.96,41894.0,42056.01,287.21207
2023-12-16 01:15:00,42056.02,42155.15,42042.84,42130.72,359.59997
2023-12-16 01:30:00,42130.72,42135.0,42080.8,42101.04,189.76283
2023-12-16 01:45:00,42101.04,42130.0,42066.0,42066.04,106.95335
2023-12-16 02:00:00,42066.03,42194.34,42061.11,42138.11,224.31262
2023-12-16 02:15:00,42138.12,42198.0,42087.36,42162.28,157.85566
2023-12-16 02:30:00,42162.28,42162.28,42096.0,42115.7,194.2086
2023-12-16 02:45:00,42115.7,42154.6,42099.55,42148.88,91.99128
2023-12-16 03:00:00,42148.89,42180.0,42131.1,42156.83,222.03229
2023-12-16 03:15:00,42156.82,42180.0,42106.56,42179.99,139.26856
2023-12-16 03:30:00,42179.99,42233.05,42179.99,42220.12,285.11108
2023-12-16 03:45:00,42220.13,42410.99,42220.12,42333.79,685.19603
2023-12-16 04:00:00,42333.79,42357.24,42262.87,42307.73,263.02399
2023-12-16 04:15:00,42307.73,42348.57,42301.1,42313.28,133.26572
2023-12-16 04:30:00,42313.28,42313.28,42259.94,42269.99,112.65197
2023-12-16 04:45:00,42269.99,42298.0,42244.23,42286.0,157.65703
2023-12-16 05:00:00,42286.0,42306.22,42254.51,42254.52,142.64732
2023-12-16 05:15:00,42254.51,42277.91,42224.77,42243.85,120.26421
2023-12-16 05:30:00,42243.84,42251.1,42199.91,42205.55,157.29242
2023-12-16 05:45:00,42205.55,42266.1,42205.55,42266.09,133.92079
2023-12-16 06:00:00,42266.09,42320.02,42232.59,42236.5,283.07565
2023-12-16 06:15:00,42236.51,42236.84,42169.48,42208.97,170.79254
2023-12-16 06:30:00,42208.96,42223.93,42141.82,42184.49,252.29428
2023-12-16 06:45:00,42184.49,42210.0,42172.91,42205.05,111.81193
2023-12-16 07:00:00,42205.05,42271.1,42185.91,42268.01,185.89739
2023-12-16 07:15:00,42268.01,42268.01,42161.61,42200.0,124.71062
2023-12-16 07:30:00,42199.99,42213.44,42171.1,42196.03,116.86942
2023-12-16 07:45:00,42196.02,42231.1,42188.88,42222.67,132.53217
2023-12-16 08:00:00,42222.67,42260.68,42189.0,42258.44,316.88379
2023-12-16 08:15:00,42258.43,42258.44,42186.7,42204.61,216.39024
2023-12-16 08:30:00,42204.62,42204.91,42097.18,42133.63,320.85491
2023-12-16 08:45:00,42133.63,42187.01,42133.63,42179.13,158.12082
2023-12-16 09:00:00,42179.13,42284.0,42179.12,42264.11,322.94972
2023-12-16 09:15:00,42264.1,42282.76,42229.99,42249.87,355.6918
2023-12-16 09:30:00,42249.87,42259.96,42192.0,42217.64,172.60323
2023-12-16 09:45:00,42217.64,42224.3,42181.1,42209.49,179.87814
2023-12-16 10:00:00,42209.48,42259.18,42202.23,42210.4,162.91562
2023-12-16 10:15:00,42210.4,42221.1,42191.1,42207.75,115.2881
2023-12-16 10:30:00,42207.75,42233.29,42207.74,42233.28,117.57709
2023-12-16 10:45:00,42233.29,42261.1,42226.49,42261.09,85.62569
2023-12-16 11:00:00,42261.08,42296.11,42221.1,42229.15,183.85194
2023-12-16 11:15:00,42229.15,42278.0,42229.15,42266.19,108.608
2023-12-16 11:30:00,42266.19,42332.62,42266.18,42290.25,169.43792
2023-12-16 11:45:00,42290.26,42339.55,42290.25,42331.99,146.17626
2023-12-16 12:00:00,42332.0,42339.49,42266.86,42280.55,207.72336
2023-12-16 12:15:00,42280.55,42360.0,42280.55,42333.81,234.33389
2023-12-16 12:30:00,42333.81,42490.0,42333.81,42467.99,441.83021
2023-12-16 12:45:00,42467.99,42475.23,42394.83,42418.96,258.06647
2023-12-16 13:00:00,42418.96,42548.0,42408.45,42472.09,515.22307
2023-12-16 13:15:00,42476.1,42481.1,42329.49,42370.64,510.32625
2023-12-16 13:30:00,42370.63,42394.0,42243.0,42349.66,391.87863
2023-12-16 13:45:00,42349.67,42422.0,42348.0,42396.1,243.23853
2023-12-16 14:00:00,42396.1,42462.0,42362.32,42422.0,181.9753
2023-12-16 14:15:00,42421.99,42427.22,42318.98,42329.99,171.76418
2023-12-16 14:30:00,42330.0,42353.87,42301.85,42353.8,132.65383
2023-12-16 14:45:00,42353.79,42365.41,42326.0,42361.63,113.59288
2023-12-16 15:00:00,42361.64,42441.1,42354.0,42371.99,293.1921
2023-12-16 15:15:00,42371.98,42373.93,42309.87,42366.25,182.92022
2023-12-16 15:30:00,42366.25,42517.61,42352.96,42439.96,273.62812
2023-12-16 15:45:00,42439.96,42611.08,42427.63,42604.0,403.64193
2023-12-16 16:00:00,42603.99,42624.0,42485.39,42488.85,359.28458
2023-12-16 16:15:00,42488.84,42579.73,42488.84,42551.64,237.78849
2023-12-16 16:30:00,42551.65,42724.43,42512.53,42694.4,635.958
2023-12-16 16:45:00,42694.4,42694.4,42555.83,42590.13,325.46721
2023-12-16 17:00:00,42590.14,42598.41,42519.99,42519.99,249.9105
2023-12-16 17:15:00,42519.99,42589.69,42518.0,42551.38,181.93919
2023-12-16 17:30:00,42551.39,42553.68,42462.31,42536.0,225.39542
2023-12-16 17:45:00,42536.0,42567.66,42500.0,42506.89,275.67896
2023-12-16 18:00:00,42506.88,42511.1,42423.8,42439.43,279.49982
2023-12-16 18:15:00,42439.44,42459.15,42368.04,42406.11,332.94384
2023-12-16 18:30:00,42406.1,42497.16,42395.99,42452.96,776.80847
2023-12-16 18:45:00,42452.95,42473.9,42369.66,42466.0,696.61921
2023-12-16 19:00:00,42466.0,42520.01,42392.66,42405.11,554.73731
2023-12-16 19:15:00,42405.11,42488.96,42391.3,42433.82,640.86154
2023-12-16 19:30:00,42433.83,42444.28,42331.1,42342.77,322.65715
2023-12-16 19:45:00,42342.77,42395.92,42342.76,42351.73,146.9931
2023-12-16 20:00:00,42351.74,42412.37,42325.0,42375.63,203.08758
2023-12-16 20:15:00,42375.64,42381.99,42337.51,42363.3,281.76821
2023-12-16 20:30:00,42363.3,42369.0,42323.81,42342.01,226.73893
2023-12-16 20:45:00,42342.01,42364.72,42245.0,42333.88,251.21112
2023-12-16 21:00:00,42333.89,42362.14,42285.6,42345.54,130.97755
2023-12-16 21:15:00,42345.53,42366.12,42304.2,42313.01,145.67998
2023-12-16 21:30:00,42313.0,42373.7,42290.27,42296.57,146.06594
2023-12-16 21:45:00,42296.57,42322.6,42241.1,42295.04,254.28598
2023-12-16 22:00:00,42295.05,42320.0,42118.45,42285.73,506.24416
2023-12-16 22:15:00,42285.73,42300.0,42243.64,42291.96,191.49906
2023-12-16 22:30:00,42291.97,42311.1,42201.1,42290.04,128.74004
2023-12-16 22:45:00,42290.03,42315.95,42270.25,42311.29,77.77908
2023-12-16 23:00:00,42311.29,42340.0,42211.99,42216.28,142.06289
2023-12-16 23:15:00,42216.27,42243.88,42183.14,42219.23,207.19135
2023-12-16 23:30:00,42219.24,42244.0,42196.63,42222.39,105.1508
2023-12-16 23:45:00,42222.38,42279.49,42208.0,42278.03,117.78344
2023-12-17 00:00:00,42278.02,42298.82,42253.99,42270.64,142.45595
2023-12-17 00:15:00,42270.65,42278.56,42225.93,42236.1,139.02651
2023-12-17 00:30:00,42236.1,42274.89,42224.0,42237.21,128.01199
2023-12-17 00:45:00,42237.21,42237.21,42145.83,42145.84,176.54796
2023-12-17 01:00:00,42145.84,42250.0,42110.93,42243.07,181.96418
2023-12-17 01:15:00,42243.07,42243.07,42186.17,42186.17,135.97202
2023-12-17 01:30:00,42186.17,42196.95,42024.06,42076.1,240.42724
2023-12-17 01:45:00,42076.1,42090.34,41864.55,42006.05,556.5689
2023-12-17 02:00:00,42006.05,42142.89,41984.05,42105.12,185.15442
2023-12-17 02:15:00,42104.95,42106.75,42031.1,42051.82,154.01594
2023-12-17 02:30:00,42051.82,42053.93,41966.27,41972.03,202.57965
2023-12-17 02:45:00,41972.03,41972.03,41860.21,41874.01,288.43385
2023-12-17 03:00:00,41874.0,41958.81,41868.0,41923.05,217.89074
2023-12-17 03:15:00,41923.05,42010.0,41906.34,42010.0,172.92082
2023-12-17 03:30:00,42009.99,42017.8,41913.28,41938.01,188.3723
2023-12-17 03:45:00,41938.01,41964.0,41896.75,41925.55,143.58526
2023-12-17 04:00:00,41925.55,41988.95,41911.1,41980.0,175.03543
2023-12-17 04:15:00,41980.0,42017.28,41977.02,42015.0,128.63788
2023-12-17 04:30:00,42014.99,42025.64,41993.34,42012.04,158.05389
2023-12-17 04:45:00,42012.04,42061.1,41990.0,42000.01,165.13415
2023-12-17 05:00:00,42000.01,42046.35,41987.19,42030.01,156.44396
2023-12-17 05:15:00,42030.0,42050.01,41991.86,41997.98,171.90755
2023-12-17 05:30:00,41997.98,42000.8,41822.24,41864.83,339.64753
2023-12-17 05:45:00,41864.83,41939.78,41771.62,41902.7,436.54391
2023-12-17 06:00:00,41902.7,41978.66,41892.0,41954.21,151.70516
2023-12-17 06:15:00,41954.22,41980.41,41894.94,41937.28,203.5651
2023-12-17 06:30:00,41937.28,41940.64,41803.75,41860.01,266.72379
2023-12-17 06:45:00,41860.01,42026.0,41810.0,41997.46,268.39613
2023-12-17 07:00:00,41997.46,42038.0,41964.0,42024.04,250.35383
2023-12-17 07:15:00,42024.03,42024.37,41930.0,41950.34,206.75762
2023-12-17 07:30:00,41950.35,41968.69,41873.12,41956.94,207.81392
2023-12-17 07:45:00,41956.93,41992.47,41864.0,41886.75,259.192
2023-12-17 08:00:00,41886.75,41909.98,41700.0,41726.0,660.33412
2023-12-17 08:15:00,41725.99,41834.62,41661.36,41834.61,446.18508
2023-12-17 08:30:00,41834.61,41880.59,41790.0,41869.5,182.68983
2023-12-17 08:45:00,41869.5,41902.13,41833.17,41894.32,188.12074
2023-12-17 09:00:00,41894.31,41966.72,41888.3,41914.21,311.95221
2023-12-17 09:15:00,41914.2,41948.0,41894.03,41894.03,128.61148
2023-12-17 09:30:00,41894.04,41904.0,41830.69,41837.04,160.25041
2023-12-17 09:45:00,41837.04,41995.0,41837.04,41984.34,215.80237
2023-12-17 10:00:00,41984.35,42016.83,41946.0,41981.11,334.38324
2023-12-17 10:15:00,41981.1,42001.1,41960.06,41981.92,256.13322
2023-12-17 10:30:00,41981.92,41981.93,41894.74,41910.02,186.77757
2023-12-17 10:45:00,41910.03,41975.54,41902.0,41946.49,145.23313
2023-12-17 11:00:00,41946.5,41946.5,41850.0,41891.53,244.70892
2023-12-17 11:15:00,41891.54,41977.7,41886.0,41925.52,137.62163
2023-12-17 11:30:00,41925.52,41990.0,41917.4,41989.99,167.26627
2023-12-17 11:45:00,41990.0,41990.0,41954.32,41960.07,129.1053
2023-12-17 12:00:00,41960.07,42020.17,41888.48,41895.89,390.06243
2023-12-17 12:15:00,41895.9,41941.1,41873.37,41928.31,246.15421
2023-12-17 12:30:00,41928.31,41933.32,41916.64,41916.65,147.4756
2023-12-17 12:45:00,41916.64,41975.39,41916.64,41949.22,148.87325
2023-12-17 13:00:00,41949.21,41957.53,41873.33,41873.33,141.38074
2023-12-17 13:15:00,41873.34,41900.0,41811.0,41877.99,312.98808
2023-12-17 13:30:00,41877.99,41884.25,41800.0,41812.65,285.17753
2023-12-17 13:45:00,41812.65,41868.35,41781.81,41862.91,285.69971
2023-12-17 14:00:00,41862.9,41956.57,41858.71,41922.12,202.79307
2023-12-17 14:15:00,41922.11,41922.12,41727.8,41765.46,378.07869
2023-12-17 14:30:00,41765.46,41786.1,41510.0,41740.01,878.96792
2023-12-17 14:45:00,41740.01,41792.69,41611.7,41624.0,365.62762
2023-12-17 15:00:00,41624.0,41740.0,41565.05,41684.66,373.09246
2023-12-17 15:15:00,41684.66,41732.0,41631.11,41653.99,229.00122
2023-12-17 15:30:00,41653.99,41741.13,41653.99,41722.0,186.56257
2023-12-17 15:45:00,41722.01,41861.09,41722.0,41811.37,288.07413
2023-12-17 16:00:00,41811.37,41820.0,41733.0,41757.47,199.37006
2023-12-17 16:15:00,41757.46,41894.76,41683.99,41886.32,267.91698
2023-12-17 16:30:00,41886.32,42031.1,41854.6,41979.61,519.18415
2023-12-17 16:45:00,41979.61,42131.63,41946.25,42111.22,579.66074
2023-12-17 17:00:00,42111.22,42424.07,42096.14,42414.02,1312.70574
2023-12-17 17:15:00,42414.02,42424.0,42244.16,42330.67,620.40988
2023-12-17 17:30:00,42330.67,42399.07,42215.23,42220.16,401.90651
2023-12-17 17:45:00,42220.16,42260.2,42015.41,42091.37,716.07419
2023-12-17 18:00:00,42091.38,42122.93,41803.96,41898.49,578.74465
2023-12-17 18:15:00,41898.49,42099.31,41802.7,42099.31,422.38436
2023-12-17 18:30:00,42099.3,42237.48,42036.61,42166.35,483.04733
2023-12-17 18:45:00,42166.34,42231.48,42097.96,42173.21,381.96464
2023-12-17 19:00:00,42173.21,42218.86,42131.54,42191.1,198.98574
2023-12-17 19:15:00,42191.11,42204.0,42107.95,42151.11,158.16905
2023-12-17 19:30:00,42151.11,42167.55,42055.86,42136.81,164.81843
2023-12-17 19:45:00,42136.82,42161.1,42083.96,42105.91,132.8097
2023-12-17 20:00:00,42105.91,42176.31,42102.87,42164.0,141.23631
2023-12-17 20:15:00,42163.99,42179.59,42104.71,42174.0,114.45641
2023-12-17 20:30:00,42174.01,42190.87,42106.29,42153.87,147.78756
2023-12-17 20:45:00,42153.86,42180.15,42122.21,42122.8,98.22237
2023-12-17 21:00:00,42122.81,42122.81,41997.87,41997.87,172.71542
2023-12-17 21:15:00,41997.87,42019.39,41930.0,41948.93,194.69703
2023-12-17 21:30:00,41948.93,41987.2,41938.19,41974.19,120.22274
2023-12-17 21:45:00,41974.18,41974.19,41911.1,41938.01,150.75104
2023-12-17 22:00:00,41938.0,41943.87,41851.47,41869.28,169.31797
2023-12-17 22:15:00,41869.28,41892.32,41750.0,41760.0,294.61934
2023-12-17 22:30:00,41759.99,41760.0,41631.92,41641.1,302.1997
2023-12-17 22:45:00,41641.11,41837.96,41631.89,41717.86,258.73088
2023-12-17 23:00:00,41717.85,41748.78,41663.84,41663.85,355.29423
2023-12-17 23:15:00,41663.84,41675.99,41559.52,41569.36,545.08052
2023-12-17 23:30:00,41569.35,41604.67,41252.0,41400.55,1544.06034
2023-12-17 23:45:00,41400.55,41475.9,41364.65,41374.65,419.54618
2023-12-18 00:00:00,41374.64,41470.1,41212.51,41230.01,837.78909
2023-12-18 00:15:00,41230.01,41397.5,41192.0,41396.0,625.53034
2023-12-18 00:30:00,41396.0,41445.0,41344.83,41359.05,395.9548
2023-12-18 00:45:00,41359.04,41418.32,41322.7,41367.95,270.32343
2023-12-18 01:00:00,41367.96,41418.0,41291.1,41418.0,277.78002
2023-12-18 01:15:00,41417.99,41420.0,41243.75,41264.4,261.38434
2023-12-18 01:30:00,41264.41,41266.69,40900.0,40991.11,1469.61227
2023-12-18 01:45:00,40991.1,41168.0,40982.0,40982.01,512.82327
2023-12-18 02:00:00,40982.01,41125.0,40960.84,41108.01,415.12606
2023-12-18 02:15:00,41108.01,41129.46,40968.0,40989.72,427.93397
2023-12-18 02:30:00,40989.72,41004.01,40801.0,40877.99,747.7381
2023-12-18 02:45:00,40877.99,40961.1,40838.93,40900.57,381.34917
2023-12-18 03:00:00,40900.57,41048.0,40861.1,40992.79,550.11517
2023-12-18 03:15:00,40992.8,41065.76,40968.01,41045.99,387.73492
2023-12-18 03:30:00,41046.0,41107.56,41002.0,41107.55,315.60016
2023-12-18 03:45:00,41107.55,41112.11,41057.48,41090.92,179.73899
2023-12-18 04:00:00,41090.92,41111.1,41044.23,41089.83,215.4248
2023-12-18 04:15:00,41089.82,41181.1,41080.48,41181.09,247.94445
2023-12-18 04:30:00,41181.1,41194.0,41100.0,41151.09,224.20614
2023-12-18 04:45:00,41151.09,41200.0,41130.52,41187.53,231.5102
2023-12-18 05:00:00,41187.53,41187.6,41106.0,41119.98,302.54276
2023-12-18 05:15:00,41119.99,41199.99,41086.58,41179.19,272.68533
2023-12-18 05:30:00,41179.18,41190.82,41070.93,41086.38,284.70487
2023-12-18 05:45:00,41086.39,41108.53,40999.74,41004.18,596.10322
2023-12-18 06:00:00,41004.19,41076.54,40999.0,41054.18,302.09806
2023-12-18 06:15:00,41054.19,41249.99,41026.76,41222.47,333.36052
2023-12-18 06:30:00,41222.47,41229.23,41168.18,41192.74,216.67218
2023-12-18 06:45:00,41192.74,41291.87,41164.0,41210.47,498.3929
2023-12-18 07:00:00,41210.46,41241.1,41171.1,41241.1,186.86474
2023-12-18 07:15:00,41241.09,41252.0,41213.92,41224.51,204.27387
2023-12-18 07:30:00,41224.51,41312.39,41169.81,41174.6,446.93945
2023-12-18 07:45:00,41174.61,41187.77,41101.84,41126.02,444.9741
2023-12-18 08:00:00,41126.01,41159.96,41030.0,41059.78,430.62013
2023-12-18 08:15:00,41059.78,41228.92,41035.91,41215.79,367.9191
2023-12-18 08:30:00,41215.78,41256.78,41181.1,41254.0,356.62543
2023-12-18 08:45:00,41254.0,41270.27,41166.6,41196.18,414.19364
2023-12-18 09:00:00,41196.19,41205.0,41050.0,41053.03,608.32805
2023-12-18 09:15:00,41053.03,41094.1,40801.55,40891.89,1178.2373
2023-12-18 09:30:00,40891.9,41148.86,40860.68,41117.99,733.02724
2023-12-18 09:45:00,41118.0,41146.64,41027.95,41047.51,311.75077
2023-12-18 10:00:00,41047.52,41067.01,40868.0,40901.11,547.47991
2023-12-18 10:15:00,40901.11,40970.5,40640.0,40721.1,1177.79819
2023-12-18 10:30:00,40721.09,40768.67,40542.93,40706.1,1162.48388
2023-12-18 10:45:00,40706.1,40844.4,40654.01,40823.5,476.999
2023-12-18 11:00:00,40823.5,41196.0,40783.29,41180.0,860.59082
2023-12-18 11:15:00,41180.0,41196.0,41041.1,41080.0,600.91021
2023-12-18 11:30:00,41080.0,41080.0,40950.27,40958.22,389.86379
2023-12-18 11:45:00,40958.22,41112.44,40941.1,41105.12,415.9143
2023-12-18 12:00:00,41105.12,41120.01,41012.1,41012.1,378.34234
2023-12-18 12:15:00,41012.1,41080.32,40962.54,41075.0,257.92944
2023-12-18 12:30:00,41075.0,41076.0,40977.13,41005.68,231.42948
2023-12-18 12:45:00,41005.68,41005.69,40888.0,40905.28,509.56608
2023-12-18 13:00:00,40905.28,41064.37,40905.09,40989.49,522.48633
2023-12-18 13:15:00,40989.5,41187.32,40984.17,41169.6,502.59638
2023-12-18 13:30:00,41169.61,41311.46,41169.6,41222.8,864.23712
2023-12-18 13:45:00,41222.81,41431.0,41211.6,41356.18,620.67524
2023-12-18 14:00:00,41356.17,41420.0,41271.39,41282.53,450.83396
2023-12-18 14:15:00,41282.53,41518.0,41254.92,41506.58,636.83721
2023-12-18 14:30:00,41506.58,41720.0,41496.0,41701.09,1069.91184
2023-12-18 14:45:00,41701.1,41750.0,41548.33,41605.31,762.19114
2023-12-18 15:00:00,41605.31,41667.48,41444.4,41458.36,614.77145
2023-12-18 15:15:00,41458.37,41529.29,41310.04,41336.09,689.83907
2023-12-18 15:30:00,41336.1,41485.0,41303.64,41437.79,642.41154
2023-12-18 15:45:00,41437.79,41457.9,41242.0,41265.96,626.18375
2023-12-18 16:00:00,41265.95,41328.59,41146.83,41304.59,524.06735
2023-12-18 16:15:00,41304.6,41425.3,41291.1,41396.82,380.9853
2023-12-18 16:30:00,41396.83,41420.0,41354.03,41357.02,230.92013
2023-12-18 16:45:00,41357.03,41506.0,41306.51,41495.99,398.55064
2023-12-18 17:00:00,41495.99,41541.1,41408.55,41451.1,380.78933
2023-12-18 17:15:00,41451.11,41619.38,41451.1,41592.01,286.17856
2023-12-18 17:30:00,41592.01,41648.47,41493.81,41549.99,289.71109
2023-12-18 17:45:00,41549.99,41621.1,41385.01,41385.01,360.6439
2023-12-18 18:00:00,41385.01,41461.1,41335.83,41421.71,344.32868
2023-12-18 18:15:00,41421.71,41522.0,41418.06,41479.99,180.30091
2023-12-18 18:30:00,41479.99,41564.07,41479.99,41548.69,162.94802
2023-12-18 18:45:00,41548.69,41643.43,41523.0,41643.43,174.47949
2023-12-18 19:00:00,41643.43,41735.5,41626.67,41665.3,358.32619
2023-12-18 19:15:00,41665.31,41709.01,41641.0,41685.05,254.39103
2023-12-18 19:30:00,41685.05,41694.44,41630.0,41667.46,268.51634
2023-12-18 19:45:00,41667.45,41723.01,41645.56,41701.1,165.37766
2023-12-18 20:00:00,41701.11,41837.04,41651.1,41671.97,379.13951
2023-12-18 20:15:00,41671.97,41722.7,41576.52,41711.11,228.47181
2023-12-18 20:30:00,41711.11,41944.0,41708.01,41883.31,581.45801
2023-12-18 20:45:00,41883.32,42041.06,41883.31,41971.09,565.54966
2023-12-18 21:00:00,41971.09,42566.99,41962.21,42435.97,1593.77038
2023-12-18 21:15:00,42435.97,42500.0,42313.14,42430.37,670.2821
2023-12-18 21:30:00,42430.37,42508.0,42331.96,42498.81,765.98945
2023-12-18 21:45:00,42498.81,42757.81,42485.69,42619.99,933.04073
2023-12-18 22:00:00,42619.99,42722.39,42437.45,42670.32,810.34465
2023-12-18 22:15:00,42670.33,42693.83,42483.87,42521.1,450.85448
2023-12-18 22:30:00,42521.09,42521.1,42440.76,42450.56,350.82773
2023-12-18 22:45:00,42450.56,42538.04,42450.56,42511.1,344.13522
2023-12-18 23:00:00,42511.1,42701.1,42511.1,42689.94,701.5816
2023-12-18 23:15:00,42689.94,42721.44,42563.27,42600.02,460.5924
2023-12-18 23:30:00,42600.01,42659.0,42581.8,42621.08,263.09079
2023-12-18 23:45:00,42621.08,42709.99,42618.48,42657.8,396.23354
2023-12-19 00:00:00,42657.8,42900.0,42596.64,42690.06,929.0442
2023-12-19 00:15:00,42690.06,42790.86,42567.69,42611.09,483.65944
2023-12-19 00:30:00,42611.1,42826.53,42574.0,42756.64,521.50352
2023-12-19 00:45:00,42756.64,42789.87,42670.0,42713.96,393.54916
2023-12-19 01:00:00,42713.97,42742.84,42604.32,42707.08,404.2468
2023-12-19 01:15:00,42707.08,42854.5,42613.34,42830.19,709.26225
2023-12-19 01:30:00,42830.19,42883.99,42748.0,42856.06,439.25864
2023-12-19 01:45:00,42856.07,43388.0,42856.06,43314.99,1863.63883
2023-12-19 02:00:00,43314.99,43497.0,43120.0,43199.99,1207.28779
2023-12-19 02:15:00,43199.99,43200.0,43031.11,43033.21,481.75934
2023-12-19 02:30:00,43033.2,43193.9,43032.32,43154.01,378.32804
2023-12-19 02:45:00,43154.01,43184.5,43070.0,43076.71,285.28381
2023-12-19 03:00:00,43076.71,43136.0,43025.4,43084.67,339.49891
2023-12-19 03:15:00,43084.67,43132.13,42995.23,43018.09,367.25523
2023-12-19 03:30:00,43018.09,43052.85,42993.62,43005.27,262.5307
2023-12-19 03:45:00,43005.27,43087.74,42996.71,43082.2,348.9988
2023-12-19 04:00:00,43082.21,43131.2,43043.77,43088.94,372.56625
2023-12-19 04:15:00,43088.94,43121.1,43033.45,43034.99,268.24959
2023-12-19 04:30:00,43034.99,43034.99,42840.04,42867.98,484.67146
2023-12-19 04:45:00,42867.99,42953.99,42867.98,42921.47,328.25282
2023-12-19 05:00:00,42921.47,42967.92,42900.0,42951.6,225.01864
2023-12-19 05:15:00,42951.61,42993.06,42938.0,42977.78,212.99121
2023-12-19 05:30:00,42977.78,42983.48,42900.0,42900.0,219.43735
2023-12-19 05:45:00,42900.0,42978.94,42862.32,42958.78,268.75327
2023-12-19 06:00:00,42958.79,42965.07,42855.6,42855.6,178.57805
2023-12-19 06:15:00,42855.6,42926.01,42815.27,42897.46,282.00466
2023-12-19 06:30:00,42897.47,42942.0,42897.46,42930.38,177.7543
2023-12-19 06:45:00,42930.37,42977.18,42893.03,42907.1,209.78333
2023-12-19 07:00:00,42907.09,43008.97,42891.07,43007.96,372.2991
2023-12-19 07:15:00,43007.95,43024.27,42932.89,42953.82,220.10485
2023-12-19 07:30:00,42953.81,43046.48,42926.0,43020.5,285.85527
2023-12-19 07:45:00,43020.5,43119.73,43020.49,43036.16,579.76338
2023-12-19 08:00:00,43036.17,43169.59,42989.69,43146.0,485.32584
2023-12-19 08:15:00,43145.99,43173.82,43072.0,43168.0,270.99109
2023-12-19 08:30:00,43168.01,43186.01,43085.44,43140.0,415.30963
2023-12-19 08:45:00,43140.0,43167.09,43022.22,43088.06,403.74362
2023-12-19 09:00:00,43088.06,43180.0,43023.3,43178.08,290.87941
2023-12-19 09:15:00,43178.08,43184.0,43028.0,43041.28,278.20891
2023-12-19 09:30:00,43041.29,43104.0,42949.54,43066.68,426.41044
2023-12-19 09:45:00,43066.67,43116.91,43022.0,43037.15,189.97264
2023-12-19 10:00:00,43037.15,43045.0,42983.0,43004.06,187.62288
2023-12-19 10:15:00,43004.06,43050.0,42942.0,43047.96,320.94275
2023-12-19 10:30:00,43047.96,43228.76,43008.6,43209.99,670.29484
2023-12-19 10:45:00,43209.99,43268.74,43118.16,43129.52,490.50406
2023-12-19 11:00:00,43129.53,43200.0,43112.0,43134.3,361.54343
2023-12-19 11:15:00,43134.31,43160.97,43033.62,43057.89,864.5564
2023-12-19 11:30:00,43057.89,43147.82,43014.01,43114.61,520.70271
2023-12-19 11:45:00,43114.61,43128.34,42960.99,42976.11,330.19547
2023-12-19 12:00:00,42976.1,43016.0,42955.97,43015.99,370.42096
2023-12-19 12:15:00,43016.0,43026.22,42896.31,42939.99,350.51951
2023-12-19 12:30:00,42939.99,42978.16,42900.0,42921.1,295.0917
2023-12-19 12:45:00,42921.1,42963.92,42855.0,42946.0,270.56817
2023-12-19 13:00:00,42946.0,43041.1,42929.96,42984.38,285.72682
2023-12-19 13:15:00,42984.37,43009.51,42934.38,42971.02,249.69668
2023-12-19 13:30:00,42971.01,43015.43,42928.0,42956.0,220.72185
2023-12-19 13:45:00,42955.99,42956.0,42830.76,42861.75,419.57991
2023-12-19 14:00:00,42861.75,42907.28,42552.68,42622.0,870.50689
2023-12-19 14:15:00,42622.01,42750.0,42538.8,42738.22,625.80112
2023-12-19 14:30:00,42738.21,42750.0,42625.0,42635.56,455.05572
2023-12-19 14:45:00,42635.56,42668.41,42232.0,42367.03,1538.92967
2023-12-19 15:00:00,42367.03,42629.54,42250.0,42562.06,1098.22107
2023-12-19 15:15:00,42562.06,42729.99,42500.01,42729.98,547.77565
2023-12-19 15:30:00,42729.99,42739.61,42561.1,42617.13,343.71182
2023-12-19 15:45:00,42617.13,42617.15,42430.18,42486.86,384.03919
2023-12-19 16:00:00,42486.85,42646.66,42450.0,42639.99,418.20351
2023-12-19 16:15:00,42639.99,42639.99,42433.67,42464.94,319.41988
2023-12-19 16:30:00,42464.94,42502.57,42444.21,42460.28,316.57623
2023-12-19 16:45:00,42460.29,42460.29,42306.24,42337.8,438.68966
2023-12-19 17:00:00,42337.83,42356.98,41950.71,42015.27,1161.63218
2023-12-19 17:15:00,42015.28,42032.43,41873.87,41967.96,819.94468
2023-12-19 17:30:00,41967.97,42098.37,41857.15,42043.98,667.28775
2023-12-19 17:45:00,42043.98,42117.64,41834.87,41854.06,663.30958
2023-12-19 18:00:00,41854.07,42050.0,41811.1,42050.0,637.42867
2023-12-19 18:15:00,42050.0,42154.48,42022.3,42154.47,467.07468
2023-12-19 18:30:00,42154.48,42236.59,42100.01,42178.0,474.26362
2023-12-19 18:45:00,42177.99,42234.97,42134.2,42216.41,295.47035
2023-12-19 19:00:00,42216.41,42237.44,42148.88,42158.64,289.79561
2023-12-19 19:15:00,42158.64,42289.32,42148.88,42250.05,395.11144
2023-12-19 19:30:00,42250.05,42482.2,42250.05,42276.0,569.96473
2023-12-19 19:45:00,42276.0,42348.0,42211.33,42341.96,259.33398
2023-12-19 20:00:00,42341.96,42394.83,42277.98,42321.14,327.19677
2023-12-19 20:15:00,42321.13,42364.55,42256.01,42292.94,230.99422
2023-12-19 20:30:00,42292.94,42292.94,42121.12,42218.08,359.30875
2023-12-19 20:45:00,42218.08,42296.6,42188.0,42228.15,246.05226
2023-12-19 21:00:00,42228.16,42316.0,42215.04,42298.09,264.41515
2023-12-19 21:15:00,42298.08,42400.0,42262.49,42365.09,216.02984
2023-12-19 21:30:00,42365.09,42414.28,42338.52,42395.75,205.31595
2023-12-19 21:45:00,42395.75,42528.67,42389.95,42517.99,248.06174
2023-12-19 22:00:00,42517.98,42519.83,42309.71,42353.3,292.84051
2023-12-19 22:15:00,42353.29,42384.82,42282.87,42314.88,180.47461
2023-12-19 22:30:00,42314.89,42381.74,42253.66,42262.0,154.22075
2023-12-19 22:45:00,42261.99,42414.19,42261.99,42333.64,154.61923
2023-12-19 23:00:00,42333.63,42409.32,42296.56,42296.88,307.90587
2023-12-19 23:15:00,42296.87,42310.1,42238.46,42282.04,250.3603
2023-12-19 23:30:00,42282.03,42346.57,42215.66,42226.28,178.0156
2023-12-19 23:45:00,42226.29,42300.16,42209.0,42275.99,183.7865
2023-12-20 00:00:00,42275.99,42369.72,42235.4,42328.72,279.84142
2023-12-20 00:15:00,42328.72,42385.69,42304.0,42331.99,225.25593
2023-12-20 00:30:00,42332.0,42440.0,42321.1,42395.85,230.23571
2023-12-20 00:45:00,42395.84,42444.0,42390.28,42423.5,191.49869
2023-12-20 01:00:00,42423.5,42477.54,42423.5,42476.82,168.25427
2023-12-20 01:15:00,42476.83,42493.2,42376.25,42377.46,232.76925
2023-12-20 01:30:00,42377.46,42406.0,42284.0,42309.4,201.38078
2023-12-20 01:45:00,42309.4,42344.88,42235.6,42308.64,231.37234
2023-12-20 02:00:00,42308.64,42350.0,42206.0,42285.95,320.14936
2023-12-20 02:15:00,42285.95,42385.99,42260.65,42380.0,207.46216
2023-12-20 02:30:00,42380.01,42447.08,42380.0,42409.06,185.24537
2023-12-20 02:45:00,42409.06,42455.0,42396.75,42428.01,196.24533
2023-12-20 03:00:00,42428.01,42475.36,42411.1,42472.01,175.40032
2023-12-20 03:15:00,42472.01,42476.19,42423.78,42423.78,155.67072
2023-12-20 03:30:00,42423.79,42463.5,42400.0,42400.01,164.53607
2023-12-20 03:45:00,42400.01,42438.06,42356.91,42419.75,262.75983
2023-12-20 04:00:00,42419.75,42427.87,42376.15,42423.99,263.02107
2023-12-20 04:15:00,42423.98,42691.19,42412.0,42606.56,541.36593
2023-12-20 04:30:00,42606.56,42706.56,42602.0,42624.0,279.6563
2023-12-20 04:45:00,42623.99,42880.08,42593.0,42812.97,749.55771
2023-12-20 05:00:00,42812.96,42837.73,42646.0,42669.81,414.36528
2023-12-20 05:15:00,42670.23,42670.23,42602.0,42613.86,229.85218
2023-12-20 05:30:00,42613.85,42647.5,42585.73,42599.5,200.57164
2023-12-20 05:45:00,42599.49,42725.7,42599.49,42709.17,232.69037
2023-12-20 06:00:00,42709.17,42743.26,42634.08,42743.26,207.76686
2023-12-20 06:15:00,42743.25,43041.0,42743.25,42963.95,1061.3986
2023-12-20 06:30:00,42963.94,42980.0,42796.27,42819.99,467.61052
2023-12-20 06:45:00,42820.0,42929.78,42794.0,42875.62,257.82869
2023-12-20 07:00:00,42875.62,42931.1,42825.18,42916.16,290.41224
2023-12-20 07:15:00,42916.17,42921.79,42812.74,42812.74,287.44672
2023-12-20 07:30:00,42812.75,42911.1,42802.98,42885.47,234.20653
2023-12-20 07:45:00,42885.47,42967.2,42882.12,42924.23,285.52496
2023-12-20 08:00:00,42924.23,42998.08,42824.0,42828.88,456.52231
2023-12-20 08:15:00,42828.88,42909.99,42826.02,42858.0,223.96565
2023-12-20 08:30:00,42857.99,42895.53,42832.21,42832.24,235.37284
2023-12-20 08:45:00,42832.25,42842.0,42755.53,42776.99,348.12237
2023-12-20 09:00:00,42777.0,42861.29,42776.99,42848.92,286.48561
2023-12-20 09:15:00,42848.91,42949.72,42820.24,42949.72,313.03021
2023-12-20 09:30:00,42949.72,42951.35,42834.15,42844.16,177.86654
2023-12-20 09:45:00,42844.15,42857.2,42719.86,42788.36,320.36501
2023-12-20 10:00:00,42788.36,42861.69,42743.8,42852.62,286.81725
2023-12-20 10:15:00,42852.62,42867.78,42675.0,42748.44,363.06365
2023-12-20 10:30:00,42748.44,42849.31,42748.43,42832.21,215.27821
2023-12-20 10:45:00,42832.21,42870.68,42777.14,42870.67,314.40102
2023-12-20 11:00:00,42870.67,42921.1,42795.97,42818.15,379.89909
2023-12-20 11:15:00,42818.16,42884.3,42787.7,42788.0,290.64837
2023-12-20 11:30:00,42788.01,42845.0,42743.79,42842.94,197.34003
2023-12-20 11:45:00,42842.95,42993.2,42837.08,42864.44,354.10313
2023-12-20 12:00:00,42864.43,42876.0,42757.32,42787.45,245.24438
2023-12-20 12:15:00,42787.45,42936.37,42771.1,42935.15,384.73382
2023-12-20 12:30:00,42935.15,43000.0,42899.41,42936.57,367.27983
2023-12-20 12:45:00,42936.58,42986.01,42875.37,42979.61,228.92693
2023-12-20 13:00:00,42979.62,43216.0,42979.61,43166.45,1000.07727
2023-12-20 13:15:00,43166.46,43403.4,43118.76,43396.68,2059.53979
2023-12-20 13:30:00,43396.69,43442.0,43262.39,43441.09,984.21448
2023-12-20 13:45:00,43441.1,43790.84,43430.32,43769.44,1866.86333
2023-12-20 14:00:00,43769.44,43978.0,43652.99,43653.0,2490.3025
2023-12-20 14:15:00,43653.0,44200.01,43602.26,44078.63,2022.1417
2023-12-20 14:30:00,44078.63,44177.7,43925.8,43956.88,1268.69903
2023-12-20 14:45:00,43956.88,44075.87,43867.04,43867.05,921.24938
2023-12-20 15:00:00,43867.04,44282.0,43814.74,44272.2,1418.61582
2023-12-20 15:15:00,44272.19,44283.0,44077.22,44126.48,1147.18865
2023-12-20 15:30:00,44126.48,44248.22,44006.57,44037.0,723.22316
2023-12-20 15:45:00,44037.0,44185.89,43994.87,44027.2,780.48999
2023-12-20 16:00:00,44027.2,44120.0,43876.23,43902.28,879.2618
2023-12-20 16:15:00,43902.27,43990.0,43859.19,43922.22,561.22092
2023-12-20 16:30:00,43922.22,43998.14,43884.66,43947.24,411.03833
2023-12-20 16:45:00,43947.24,43965.65,43486.0,43691.51,1087.3464
2023-12-20 17:00:00,43691.51,43794.82,43545.28,43613.84,674.78326
2023-12-20 17:15:00,43613.83,43903.32,43566.87,43903.31,841.95282
2023-12-20 17:30:00,43903.31,43927.2,43848.23,43902.57,499.83856
2023-12-20 17:45:00,43902.58,44036.37,43866.41,43996.8,571.57405
2023-12-20 18:00:00,43996.81,44111.0,43981.1,44070.51,573.41797
2023-12-20 18:15:00,44070.51,44075.03,43925.93,43939.42,520.74012
2023-12-20 18:30:00,43939.41,44153.37,43936.99,44143.49,549.45626
2023-12-20 18:45:00,44143.48,44200.0,44116.86,44144.51,502.99033
2023-12-20 19:00:00,44144.51,44250.0,44021.1,44050.05,618.7216
2023-12-20 19:15:00,44050.04,44150.0,44041.1,44047.97,342.33579
2023-12-20 19:30:00,44047.97,44098.15,43785.88,43866.23,611.14428
2023-12-20 19:45:00,43866.24,43967.41,43738.0,43738.01,574.12092
2023-12-20 20:00:00,43738.01,43795.27,43230.17,43549.82,1684.89116
2023-12-20 20:15:00,43549.83,43750.0,43541.82,43601.83,646.82289
2023-12-20 20:30:00,43601.82,43812.23,43594.86,43761.37,499.78046
2023-12-20 20:45:00,43761.37,43785.47,43424.34,43441.82,588.35611
2023-12-20 21:00:00,43441.83,43695.65,43438.41,43643.41,482.78224
2023-12-20 21:15:00,43643.4,43705.88,43564.15,43668.37,334.48837
2023-12-20 21:30:00,43668.37,43668.38,43521.1,43530.29,329.60183
2023-12-20 21:45:00,43530.3,43554.92,43336.34,43457.45,381.1445
2023-12-20 22:00:00,43457.44,43536.38,43425.82,43531.1,295.29621
2023-12-20 22:15:00,43531.09,43682.54,43531.09,43666.03,234.62675
2023-12-20 22:30:00,43666.04,43743.57,43576.91,43600.0,227.27123
2023-12-20 22:45:00,43600.0,43653.29,43512.76,43611.65,195.64571
2023-12-20 23:00:00,43611.65,43611.65,43457.52,43514.17,273.6458
2023-12-20 23:15:00,43514.17,43614.72,43469.06,43594.7,228.11433
2023-12-20 23:30:00,43594.69,43644.0,43572.91,43644.0,208.90653
2023-12-20 23:45:00,43643.99,43668.93,43613.02,43668.93,175.55267
2023-12-21 00:00:00,43668.92,43670.0,43545.44,43561.1,237.99361
2023-12-21 00:15:00,43561.09,43658.0,43521.03,43645.82,238.93409
2023-12-21 00:30:00,43645.82,43731.08,43641.58,43674.75,330.06411
2023-12-21 00:45:00,43674.75,43688.87,43564.93,43581.68,413.91755
2023-12-21 01:00:00,43581.68,43599.1,43352.94,43422.08,608.29907
2023-12-21 01:15:00,43422.08,43501.99,43355.83,43396.17,301.8924
2023-12-21 01:30:00,43396.17,43460.92,43366.0,43372.67,191.82029
2023-12-21 01:45:00,43372.66,43494.58,43362.62,43459.04,201.67013
2023-12-21 02:00:00,43459.04,43461.13,43342.99,43421.15,244.72963
2023-12-21 02:15:00,43421.15,43550.0,43421.15,43541.1,207.15958
2023-12-21 02:30:00,43541.09,43573.82,43470.01,43503.02,230.52662
2023-12-21 02:45:00,43503.03,43505.02,43286.72,43389.95,465.90941
2023-12-21 03:00:00,43389.94,43546.4,43367.48,43544.96,281.21111
2023-12-21 03:15:00,43544.97,43688.0,43538.63,43633.03,449.48927
2023-12-21 03:30:00,43633.03,43670.2,43563.1,43568.0,185.61911
2023-12-21 03:45:00,43567.99,43684.0,43551.1,43649.37,201.31625
2023-12-21 04:00:00,43649.36,43673.65,43630.29,43649.02,170.65174
2023-12-21 04:15:00,43649.01,43695.18,43635.11,43639.65,184.74506
2023-12-21 04:30:00,43639.65,43707.42,43602.04,43607.67,273.4418
2023-12-21 04:45:00,43607.62,43664.76,43600.0,43627.41,137.50787
2023-12-21 05:00:00,43627.41,43661.1,43600.0,43624.6,161.90848
2023-12-21 05:15:00,43624.6,43697.96,43617.62,43635.28,195.25126
2023-12-21 05:30:00,43635.27,43648.08,43531.11,43560.61,171.27204
2023-12-21 05:45:00,43560.61,43560.61,43451.44,43511.11,197.23517
2023-12-21 06:00:00,43511.11,43567.3,43476.35,43502.24,196.1022
2023-12-21 06:15:00,43502.24,43665.23,43502.24,43628.15,221.48443
2023-12-21 06:30:00,43628.14,43671.1,43619.42,43643.6,272.1245
2023-12-21 06:45:00,43643.59,43820.0,43630.0,43808.04,368.7709
2023-12-21 07:00:00,43808.03,43877.75,43723.48,43864.01,465.89135
2023-12-21 07:15:00,43864.0,43866.96,43771.32,43792.86,359.21669
2023-12-21 07:30:00,43792.87,43796.0,43728.0,43758.0,271.65973
2023-12-21 07:45:00,43758.01,43794.33,43722.4,43764.5,291.58284
2023-12-21 08:00:00,43764.49,43802.77,43731.17,43802.26,312.39855
2023-12-21 08:15:00,43802.27,43930.21,43802.26,43926.17,407.35206
2023-12-21 08:30:00,43926.18,43937.71,43851.1,43874.86,345.08026
2023-12-21 08:45:00,43874.85,43882.0,43659.0,43678.61,589.65048
2023-12-21 09:00:00,43678.62,43745.25,43628.57,43737.96,491.58891
2023-12-21 09:15:00,43737.97,43737.97,43579.22,43636.66,458.85187
2023-12-21 09:30:00,43636.65,43668.12,43600.69,43644.24,381.87978
2023-12-21 09:45:00,43644.23,43746.52,43636.79,43746.51,198.95867
2023-12-21 10:00:00,43746.54,43897.76,43746.54,43789.76,528.09013
2023-12-21 10:15:00,43789.77,43850.0,43754.1,43818.39,238.13517
2023-12-21 10:30:00,43818.38,43854.58,43784.95,43798.01,284.85968
2023-12-21 10:45:00,43798.0,44050.0,43798.0,43982.34,823.03378
2023-12-21 11:00:00,43982.34,44100.0,43932.0,44054.98,634.69774
2023-12-21 11:15:00,44054.97,44070.07,43928.15,43959.83,364.4717
2023-12-21 11:30:00,43959.83,44006.0,43913.02,43941.09,340.5501
2023-12-21 11:45:00,43941.09,43960.03,43874.27,43931.6,286.49039
2023-12-21 12:00:00,43931.6,44094.33,43927.84,44065.09,349.68907
2023-12-21 12:15:00,44065.09,44207.0,44055.37,44089.3,583.58316
2023-12-21 12:30:00,44089.31,44206.01,44053.52,44195.15,340.51189
2023-12-21 12:45:00,44195.15,44200.98,44043.98,44046.35,364.97235
2023-12-21 13:00:00,44046.34,44067.78,43939.62,44059.0,447.59053
2023-12-21 13:15:00,44059.0,44103.95,43962.34,43986.0,272.73226
2023-12-21 13:30:00,43986.01,44137.93,43978.74,44133.22,258.40187
2023-12-21 13:45:00,44133.22,44242.35,44100.0,44147.63,424.11127
2023-12-21 14:00:00,44147.62,44207.0,43842.0,43898.01,718.96642
2023-12-21 14:15:00,43898.0,43948.09,43700.0,43810.75,771.64234
2023-12-21 14:30:00,43810.74,43859.96,43624.81,43663.31,744.77446
2023-12-21 14:45:00,43663.32,43761.1,43459.2,43519.73,858.76209
2023-12-21 15:00:00,43519.73,43665.0,43380.0,43655.35,962.72069
2023-12-21 15:15:00,43655.36,43931.23,43608.0,43854.79,755.97813
2023-12-21 15:30:00,43854.78,43862.32,43738.0,43815.0,485.01469
2023-12-21 15:45:00,43815.01,43824.0,43685.36,43823.99,351.97567
2023-12-21 16:00:00,43824.0,43927.7,43769.98,43776.25,485.70007
2023-12-21 16:15:00,43776.25,43815.8,43696.02,43696.75,353.76864
2023-12-21 16:30:00,43696.75,43724.77,43571.1,43609.73,328.75153
2023-12-21 16:45:00,43609.73,43668.43,43531.89,43668.3,397.05928
2023-12-21 17:00:00,43668.3,43668.3,43451.94,43465.82,463.25088
2023-12-21 17:15:00,43465.83,43612.2,43430.76,43571.18,445.05336
2023-12-21 17:30:00,43571.19,43647.3,43500.0,43508.73,393.76245
2023-12-21 17:45:00,43508.73,43550.0,43370.4,43449.1,550.31531
2023-12-21 18:00:00,43449.11,43587.98,43449.1,43550.06,403.21666
2023-12-21 18:15:00,43550.05,43629.43,43514.98,43615.34,292.76312
2023-12-21 18:30:00,43615.35,43615.35,43516.01,43548.93,247.78558
2023-12-21 18:45:00,43548.93,43625.72,43491.36,43581.1,225.43617
2023-12-21 19:00:00,43581.1,43867.19,43581.09,43630.82,612.6483
2023-12-21 19:15:00,43630.82,43666.02,43451.1,43471.1,353.77418
2023-12-21 19:30:00,43471.09,43544.2,43411.1,43483.99,271.66875
2023-12-21 19:45:00,43484.0,43600.0,43448.0,43588.8,346.00112
2023-12-21 20:00:00,43588.79,43669.94,43554.01,43665.6,257.1215
2023-12-21 20:15:00,43665.61,43714.48,43610.99,43704.71,255.3778
2023-12-21 20:30:00,43704.7,43750.89,43659.3,43719.63,261.6236
2023-12-21 20:45:00,43719.63,43796.8,43707.15,43796.8,415.31753
2023-12-21 21:00:00,43796.8,43796.8,43719.77,43779.99,278.8652
2023-12-21 21:15:00,43780.0,43807.2,43728.08,43773.91,208.712
2023-12-21 21:30:00,43773.91,44040.0,43771.83,44012.86,582.16947
2023-12-21 21:45:00,44012.87,44119.2,43961.1,43994.93,521.35098
2023-12-21 22:00:00,43994.93,44020.4,43892.6,43956.66,259.4544
2023-12-21 22:15:00,43956.66,43999.0,43923.0,43989.62,195.6643
2023-12-21 22:30:00,43989.61,43989.62,43885.53,43980.85,189.60576
2023-12-21 22:45:00,43980.85,43996.87,43915.63,43949.44,140.74411
2023-12-21 23:00:00,43949.43,43950.0,43861.86,43900.54,272.25072
2023-12-21 23:15:00,43900.55,43928.1,43862.01,43900.86,158.19677
2023-12-21 23:30:00,43900.86,43913.87,43810.6,43835.98,176.63678
2023-12-21 23:45:00,43835.98,43871.05,43793.34,43861.8,173.33307
2023-12-22 00:00:00,43861.79,43870.57,43783.92,43790.0,169.38668
2023-12-22 00:15:00,43790.0,43930.99,43722.46,43930.99,245.61567
2023-12-22 00:30:00,43930.98,43945.0,43850.0,43855.3,167.56945
2023-12-22 00:45:00,43855.29,43881.1,43814.76,43828.94,173.80934
2023-12-22 01:00:00,43828.94,43959.81,43828.93,43924.73,295.50274
2023-12-22 01:15:00,43924.74,44019.1,43897.16,44009.75,302.78471
2023-12-22 01:30:00,44009.74,44217.2,43971.0,44134.41,1150.39997
2023-12-22 01:45:00,44134.41,44251.0,44051.1,44111.99,541.15986
2023-12-22 02:00:00,44112.0,44145.09,44051.1,44102.29,265.8992
2023-12-22 02:15:00,44102.3,44136.49,43911.1,43919.62,353.09839
2023-12-22 02:30:00,43919.62,44079.68,43919.62,44013.91,329.47068
2023-12-22 02:45:00,44013.91,44032.98,43953.58,43966.08,256.58414
2023-12-22 03:00:00,43966.07,44040.47,43944.0,43944.01,175.99107
2023-12-22 03:15:00,43944.01,44001.1,43927.04,43950.0,197.52908
2023-12-22 03:30:00,43950.0,43956.07,43890.94,43908.35,232.53935
2023-12-22 03:45:00,43908.35,44008.0,43908.35,44008.0,182.63331
2023-12-22 04:00:00,44008.0,44019.56,43945.6,43955.99,191.11009
2023-12-22 04:15:00,43955.99,44079.65,43924.81,44073.96,237.97795
2023-12-22 04:30:00,44073.97,44097.46,44026.89,44062.87,168.85725
2023-12-22 04:45:00,44062.86,44142.47,44051.1,44103.86,183.61053
2023-12-22 05:00:00,44103.86,44150.0,44082.0,44145.01,190.14504
2023-12-22 05:15:00,44145.01,44195.0,44108.26,44166.49,148.9449
2023-12-22 05:30:00,44166.49,44206.26,44150.0,44179.01,258.36472
2023-12-22 05:45:00,44179.0,44230.22,44085.71,44138.0,378.79116
2023-12-22 06:00:00,44138.01,44161.44,44083.71,44102.84,236.90072
2023-12-22 06:15:00,44102.85,44178.0,44029.18,44159.99,251.93848
2023-12-22 06:30:00,44160.0,44398.26,43981.48,43984.0,1285.53814
2023-12-22 06:45:00,43984.01,44070.0,43820.0,43874.95,824.40699
2023-12-22 07:00:00,43874.95,43962.0,43700.0,43943.68,720.25081
2023-12-22 07:15:00,43943.69,43952.19,43780.01,43860.01,464.70569
2023-12-22 07:30:00,43860.0,43895.07,43712.03,43734.26,899.23047
2023-12-22 07:45:00,43734.27,43762.0,43534.47,43584.37,768.65353
2023-12-22 08:00:00,43584.37,43760.8,43563.97,43723.99,485.26701
2023-12-22 08:15:00,43724.0,43783.26,43658.0,43765.48,449.23889
2023-12-22 08:30:00,43765.48,43803.08,43632.0,43632.0,488.88122
2023-12-22 08:45:00,43632.0,43709.63,43604.82,43610.01,331.30145
2023-12-22 09:00:00,43610.0,43709.44,43600.0,43600.01,639.23453
2023-12-22 09:15:00,43600.01,43637.68,43463.0,43597.34,755.88909
2023-12-22 09:30:00,43597.34,43705.81,43533.48,43701.67,572.09395
2023-12-22 09:45:00,43701.67,43787.66,43671.0,43741.96,367.67172
2023-12-22 10:00:00,43741.95,43766.08,43681.56,43735.7,260.43635
2023-12-22 10:15:00,43735.69,43741.99,43650.01,43721.42,216.36805
2023-12-22 10:30:00,43721.41,43741.36,43661.6,43740.99,190.83283
2023-12-22 10:45:00,43740.98,43760.99,43701.0,43701.01,178.37584
2023-12-22 11:00:00,43701.01,43701.01,43632.03,43674.6,233.98092
2023-12-22 11:15:00,43674.6,43784.09,43674.59,43754.19,271.50777
2023-12-22 11:30:00,43754.19,43839.22,43710.58,43806.17,211.20604
2023-12-22 11:45:00,43806.16,43822.0,43744.17,43753.94,195.64467
2023-12-22 12:00:00,43753.95,43792.0,43563.24,43577.44,485.06963
2023-12-22 12:15:00,43577.45,43616.62,43550.0,43571.91,443.57963
2023-12-22 12:30:00,43571.91,43647.3,43568.66,43647.29,180.0422
2023-12-22 12:45:00,43647.29,43649.63,43501.0,43567.91,318.47313
2023-12-22 13:00:00,43567.9,43639.33,43534.0,43632.0,259.50122
2023-12-22 13:15:00,43632.01,43666.0,43591.1,43666.0,204.1746
2023-12-22 13:30:00,43665.99,43809.4,43596.08,43775.38,441.16883
2023-12-22 13:45:00,43775.38,43800.0,43686.04,43693.99,456.51074
2023-12-22 14:00:00,43693.99,43743.13,43530.48,43535.37,395.63326
2023-12-22 14:15:00,43535.36,43601.1,43412.54,43423.57,588.96417
2023-12-22 14:30:00,43423.58,43591.1,43420.16,43537.86,363.53687
2023-12-22 14:45:00,43537.86,43705.92,43511.1,43636.39,411.05283
2023-12-22 15:00:00,43636.38,43664.04,43576.0,43652.0,348.84636
2023-12-22 15:15:00,43652.0,43658.0,43553.13,43634.0,301.28376
2023-12-22 15:30:00,43634.0,43651.1,43571.1,43639.99,213.2544
2023-12-22 15:45:00,43640.0,43701.1,43597.0,43671.1,313.66358
2023-12-22 16:00:00,43671.1,43697.09,43633.95,43646.47,238.84596
2023-12-22 16:15:00,43646.47,43696.35,43638.0,43681.11,210.04408
2023-12-22 16:30:00,43681.11,43708.0,43518.51,43540.0,280.64967
2023-12-22 16:45:00,43540.0,43571.1,43481.14,43554.39,272.60308
2023-12-22 17:00:00,43554.39,43651.01,43545.61,43579.18,259.09192
2023-12-22 17:15:00,43579.17,43641.1,43571.51,43631.69,258.8467
2023-12-22 17:30:00,43631.69,43713.32,43590.88,43713.31,265.47184
2023-12-22 17:45:00,43713.3,43736.54,43674.41,43686.9,195.57769
2023-12-22 18:00:00,43686.89,43759.97,43654.7,43735.68,333.02837
2023-12-22 18:15:00,43735.68,43934.2,43721.66,43864.89,534.12271
2023-12-22 18:30:00,43864.9,43937.27,43840.7,43926.71,496.24277
2023-12-22 18:45:00,43926.72,43992.0,43867.76,43950.0,456.51921
2023-12-22 19:00:00,43949.99,43950.0,43783.88,43783.89,364.12603
2023-12-22 19:15:00,43783.89,43783.89,43613.02,43695.95,497.4991
2023-12-22 19:30:00,43695.95,43721.1,43677.86,43708.96,215.20508
2023-12-22 19:45:00,43708.95,43708.96,43620.0,43640.79,219.1514
2023-12-22 20:00:00,43640.79,43723.84,43624.96,43723.84,215.70553
2023-12-22 20:15:00,43723.84,43740.0,43682.66,43693.98,313.98124
2023-12-22 20:30:00,43693.97,43723.35,43633.23,43692.4,361.79761
2023-12-22 20:45:00,43692.41,43736.94,43617.44,43645.22,452.00975
2023-12-22 21:00:00,43645.22,43690.86,43645.22,43690.85,336.92686
2023-12-22 21:15:00,43690.85,43706.8,43660.0,43706.4,152.68057
2023-12-22 21:30:00,43706.39,43775.54,43700.0,43743.36,199.41677
2023-12-22 21:45:00,43743.37,43761.1,43704.1,43706.24,101.58859
2023-12-22 22:00:00,43706.25,43749.99,43665.24,43668.0,135.67102
2023-12-22 22:15:00,43668.0,43703.18,43667.99,43703.17,89.64002
2023-12-22 22:30:00,43703.17,43784.16,43703.17,43776.96,131.21065
2023-12-22 22:45:00,43776.95,43800.0,43740.92,43800.0,140.07629
2023-12-22 23:00:00,43800.0,43957.6,43785.62,43920.99,326.21619
2023-12-22 23:15:00,43920.98,44044.0,43917.92,43966.89,397.65663
2023-12-22 23:30:00,43966.89,44048.16,43927.62,43953.3,305.46176
2023-12-22 23:45:00,43953.29,43989.91,43933.95,43969.04,204.04564
2023-12-23 00:00:00,43969.04,43988.68,43892.91,43963.36,251.92258
2023-12-23 00:15:00,43963.36,43974.91,43903.91,43913.76,210.28604
2023-12-23 00:30:00,43913.76,43946.03,43785.04,43862.46,278.96103
2023-12-23 00:45:00,43862.46,43901.1,43813.89,43813.89,171.33861
2023-12-23 01:00:00,43813.9,43900.0,43813.45,43843.29,178.23354
2023-12-23 01:15:00,43843.29,43859.58,43746.0,43748.97,229.00168
2023-12-23 01:30:00,43748.96,43781.1,43721.61,43756.03,182.00417
2023-12-23 01:45:00,43756.03,43800.0,43622.22,43638.46,280.8036
2023-12-23 02:00:00,43638.46,43683.57,43559.69,43627.39,442.77445
2023-12-23 02:15:00,43627.39,43654.92,43568.63,43576.8,176.29179
2023-12-23 02:30:00,43576.79,43616.62,43524.71,43534.66,288.49798
2023-12-23 02:45:00,43534.66,43583.34,43461.13,43490.85,434.14809
2023-12-23 03:00:00,43490.86,43593.83,43456.0,43590.25,286.97223
2023-12-23 03:15:00,43590.25,43594.11,43550.0,43582.72,113.99087
2023-12-23 03:30:00,43582.73,43588.14,43535.98,43556.62,206.34311
2023-12-23 03:45:00,43556.63,43608.13,43456.0,43526.43,305.77157
2023-12-23 04:00:00,43526.43,43526.43,43291.1,43379.99,746.62094
2023-12-23 04:15:00,43379.99,43450.0,43310.83,43450.0,246.25556
2023-12-23 04:30:00,43449.99,43450.0,43401.11,43448.98,152.66238
2023-12-23 04:45:00,43448.97,43513.0,43448.97,43504.03,122.44726
2023-12-23 05:00:00,43504.03,43512.99,43482.77,43512.99,113.9931
2023-12-23 05:15:00,43512.98,43575.34,43512.98,43546.12,148.37577
2023-12-23 05:30:00,43546.11,43581.1,43541.1,43570.14,108.13074
2023-12-23 05:45:00,43570.13,43620.0,43549.58,43605.97,153.36543
2023-12-23 06:00:00,43605.97,43609.33,43537.85,43551.95,98.54204
2023-12-23 06:15:00,43551.94,43601.27,43539.22,43590.03,104.75063
2023-12-23 06:30:00,43590.02,43624.74,43583.18,43614.11,121.41135
2023-12-23 06:45:00,43614.11,43650.02,43604.91,43632.84,194.89444
2023-12-23 07:00:00,43632.85,43650.1,43616.24,43619.44,130.32202
2023-12-23 07:15:00,43619.44,43619.44,43567.22,43600.0,143.44788
2023-12-23 07:30:00,43600.0,43600.0,43569.82,43578.42,118.07921
2023-12-23 07:45:00,43578.42,43595.15,43553.44,43562.32,94.98689
2023-12-23 08:00:00,43562.31,43621.11,43559.58,43610.91,140.05617
2023-12-23 08:15:00,43610.91,43630.62,43565.46,43567.03,125.6903
2023-12-23 08:30:00,43567.03,43576.58,43567.02,43567.49,94.17114
2023-12-23 08:45:00,43567.49,43624.16,43567.49,43620.42,210.42467
2023-12-23 09:00:00,43620.43,43640.0,43581.37,43640.0,127.97081
2023-12-23 09:15:00,43639.99,43669.88,43630.64,43636.67,149.68938
2023-12-23 09:30:00,43636.67,43636.67,43531.0,43594.66,291.63478
2023-12-23 09:45:00,43594.65,43666.65,43593.22,43627.87,146.41335
2023-12-23 10:00:00,43627.88,43632.37,43596.72,43626.88,78.35233
2023-12-23 10:15:00,43626.88,43646.1,43601.57,43616.63,129.83981
2023-12-23 10:30:00,43616.63,43616.63,43562.72,43598.56,186.19926
2023-12-23 10:45:00,43598.56,43604.74,43565.87,43583.42,95.43699
2023-12-23 11:00:00,43583.42,43583.43,43535.79,43535.79,93.92902
2023-12-23 11:15:00,43535.8,43544.85,43491.79,43535.85,157.56487
2023-12-23 11:30:00,43535.86,43573.19,43490.01,43573.18,146.23314
2023-12-23 11:45:00,43573.19,43616.81,43499.67,43547.78,194.53739
2023-12-23 12:00:00,43547.78,43685.0,43547.77,43614.8,280.0791
2023-12-23 12:15:00,43614.8,43660.0,43614.8,43642.24,124.78468
2023-12-23 12:30:00,43642.23,43711.1,43642.23,43662.48,165.23546
2023-12-23 12:45:00,43662.48,43758.0,43662.48,43704.91,178.34318
2023-12-23 13:00:00,43704.91,43769.52,43704.91,43744.29,228.11641
2023-12-23 13:15:00,43744.29,43747.4,43699.0,43700.0,125.36891
2023-12-23 13:30:00,43700.0,43700.0,43662.5,43662.5,159.1978
2023-12-23 13:45:00,43662.51,43716.4,43642.27,43709.99,151.2247
2023-12-23 14:00:00,43709.98,43750.0,43675.0,43744.34,189.65147
2023-12-23 14:15:00,43744.33,43765.47,43713.61,43713.62,147.18488
2023-12-23 14:30:00,43713.61,43733.4,43670.82,43724.41,144.65306
2023-12-23 14:45:00,43724.42,43800.0,43704.41,43784.31,170.86561
2023-12-23 15:00:00,43784.32,43804.09,43737.65,43749.42,206.03812
2023-12-23 15:15:00,43749.42,43809.51,43719.0,43779.07,199.71248
2023-12-23 15:30:00,43779.07,43783.0,43753.88,43761.11,110.96722
2023-12-23 15:45:00,43761.1,43856.0,43735.47,43756.24,238.59274
2023-12-23 16:00:00,43756.24,43772.56,43706.7,43706.84,137.61916
2023-12-23 16:15:00,43706.84,43740.0,43706.84,43740.0,140.40517
2023-12-23 16:30:00,43739.99,43814.74,43726.37,43781.65,168.8068
2023-12-23 16:45:00,43781.65,43845.54,43781.64,43789.27,124.53368
2023-12-23 17:00:00,43789.27,43808.0,43765.87,43807.99,129.33909
2023-12-23 17:15:00,43808.0,43808.0,43767.22,43775.03,109.41288
2023-12-23 17:30:00,43775.03,43794.45,43745.86,43745.87,110.24613
2023-12-23 17:45:00,43745.87,43762.04,43726.61,43746.88,103.75979
2023-12-23 18:00:00,43746.88,43746.88,43701.83,43725.58,99.94084
2023-12-23 18:15:00,43725.57,43765.36,43722.61,43765.36,81.52153
2023-12-23 18:30:00,43765.35,43827.64,43755.57,43768.9,138.19844
2023-12-23 18:45:00,43768.91,43850.0,43768.9,43787.69,241.95111
2023-12-23 19:00:00,43787.69,43821.69,43731.1,43732.45,172.61467
2023-12-23 19:15:00,43732.46,43788.0,43700.0,43787.96,172.65233
2023-12-23 19:30:00,43787.95,43787.96,43700.0,43727.01,95.33107
2023-12-23 19:45:00,43727.01,43730.73,43695.03,43703.81,107.36978
2023-12-23 20:00:00,43703.82,43738.74,43687.48,43687.48,94.80125
2023-12-23 20:15:00,43687.48,43688.02,43632.77,43674.02,155.1315
2023-12-23 20:30:00,43674.02,43705.81,43667.15,43676.45,85.65086
2023-12-23 20:45:00,43676.45,43726.28,43656.11,43711.33,150.85059
2023-12-23 21:00:00,43711.33,43711.34,43661.81,43700.01,112.62702
2023-12-23 21:15:00,43700.01,43776.97,43700.0,43774.34,96.71507
2023-12-23 21:30:00,43774.33,43779.68,43763.33,43779.68,84.81257
2023-12-23 21:45:00,43779.67,43779.71,43754.09,43772.55,101.46504
2023-12-23 22:00:00,43772.55,43781.46,43737.85,43745.86,119.15103
2023-12-23 22:15:00,43745.86,43835.94,43745.85,43773.92,194.05059
2023-12-23 22:30:00,43773.93,43810.0,43758.12,43766.01,133.09624
2023-12-23 22:45:00,43766.01,43785.91,43745.85,43745.86,130.73719
2023-12-23 23:00:00,43745.86,43806.2,43745.85,43802.75,217.5214
2023-12-23 23:15:00,43802.75,43806.38,43742.0,43778.0,284.08558
2023-12-23 23:30:00,43778.0,43783.16,43732.7,43734.66,203.0172
2023-12-23 23:45:00,43734.65,43759.67,43701.1,43702.16,235.92749
2023-12-24 00:00:00,43702.15,43704.92,43640.0,43654.19,226.57279
2023-12-24 00:15:00,43654.2,43718.95,43606.18,43708.99,224.40537
2023-12-24 00:30:00,43709.0,43722.25,43631.2,43682.67,150.41221
2023-12-24 00:45:00,43682.68,43720.0,43661.31,43716.72,172.46264
2023-12-24 01:00:00,43716.71,43886.97,43716.71,43825.08,255.71387
2023-12-24 01:15:00,43825.08,43907.57,43818.3,43818.31,249.10868
2023-12-24 01:30:00,43818.31,43850.0,43723.55,43751.09,194.76376
2023-12-24 01:45:00,43751.1,43785.02,43733.4,43781.99,122.51802
2023-12-24 02:00:00,43781.99,43842.87,43778.54,43820.04,172.68165
2023-12-24 02:15:00,43820.04,43904.03,43820.03,43881.09,303.53433
2023-12-24 02:30:00,43881.1,43882.75,43810.61,43820.66,157.47442
2023-12-24 02:45:00,43820.66,43856.86,43786.8,43856.85,128.8295
2023-12-24 03:00:00,43856.86,43869.6,43825.96,43825.97,157.04212
2023-12-24 03:15:00,43825.97,43842.69,43812.57,43835.41,124.68395
2023-12-24 03:30:00,43835.41,43845.42,43805.49,43805.49,85.47949
2023-12-24 03:45:00,43805.49,43859.78,43805.49,43834.48,176.34453
2023-12-24 04:00:00,43834.48,43946.0,43821.26,43917.67,307.28804
2023-12-24 04:15:00,43917.68,43921.85,43837.9,43837.91,184.98678
2023-12-24 04:30:00,43837.9,43855.33,43781.46,43784.36,236.27298
2023-12-24 04:45:00,43784.36,43797.04,43758.32,43794.81,136.70693
2023-12-24 05:00:00,43794.81,43800.0,43715.22,43721.83,193.90011
2023-12-24 05:15:00,43721.84,43746.44,43649.88,43651.73,292.91002
2023-12-24 05:30:00,43651.74,43669.98,43420.01,43522.03,1123.26165
2023-12-24 05:45:00,43522.03,43562.18,43460.0,43490.01,604.75289
2023-12-24 06:00:00,43490.01,43558.0,43401.0,43484.2,348.42701
2023-12-24 06:15:00,43484.19,43561.1,43470.84,43508.0,253.68235
2023-12-24 06:30:00,43508.0,43540.02,43487.14,43524.26,220.41358
2023-12-24 06:45:00,43524.27,43555.4,43496.06,43555.4,231.45032
2023-12-24 07:00:00,43555.39,43600.0,43510.44,43600.0,186.41991
2023-12-24 07:15:00,43600.0,43633.58,43585.99,43624.77,124.9043
2023-12-24 07:30:00,43624.77,43624.77,43568.0,43609.68,133.09948
2023-12-24 07:45:00,43609.69,43660.42,43609.68,43651.17,119.53466
2023-12-24 08:00:00,43651.17,43653.52,43587.78,43587.78,177.71976
2023-12-24 08:15:00,43587.78,43619.98,43580.0,43619.98,115.81232
2023-12-24 08:30:00,43619.98,43664.34,43619.97,43652.64,111.90914
2023-12-24 08:45:00,43652.64,43661.25,43622.15,43623.9,193.91128
2023-12-24 09:00:00,43623.9,43643.51,43593.66,43643.5,137.00953
2023-12-24 09:15:00,43643.51,43643.51,43575.85,43629.57,156.78559
2023-12-24 09:30:00,43629.57,43685.0,43602.05,43684.99,188.3997
2023-12-24 09:45:00,43685.0,43693.66,43678.0,43685.26,186.04597
2023-12-24 10:00:00,43685.26,43694.72,43615.92,43630.16,188.33866
2023-12-24 10:15:00,43630.17,43637.28,43511.28,43553.3,305.26714
2023-12-24 10:30:00,43553.3,43553.31,43405.0,43508.0,508.16945
2023-12-24 10:45:00,43508.0,43600.34,43500.0,43594.57,313.84099
2023-12-24 11:00:00,43594.57,43621.1,43557.18,43557.19,139.01745
2023-12-24 11:15:00,43557.18,43637.28,43550.0,43632.93,137.34413
2023-12-24 11:30:00,43632.93,43632.94,43581.1,43591.99,197.83691
2023-12-24 11:45:00,43592.0,43634.2,43583.07,43634.2,110.54403
2023-12-24 12:00:00,43634.19,43667.54,43605.0,43627.27,181.05982
2023-12-24 12:15:00,43627.28,43627.28,43566.0,43566.01,178.1815
2023-12-24 12:30:00,43566.01,43648.58,43560.74,43648.57,121.34931
2023-12-24 12:45:00,43648.58,43657.39,43621.1,43646.45,119.3818
2023-12-24 13:00:00,43646.45,43682.54,43626.6,43675.58,153.07622
2023-12-24 13:15:00,43675.59,43734.08,43660.62,43721.93,164.67622
2023-12-24 13:30:00,43721.93,43723.08,43674.83,43674.83,202.95416
2023-12-24 13:45:00,43674.83,43779.38,43674.83,43756.42,194.47443
2023-12-24 14:00:00,43756.43,43864.08,43751.13,43864.07,379.45511
2023-12-24 14:15:00,43864.08,43864.08,43793.9,43828.64,308.34229
2023-12-24 14:30:00,43828.63,43854.15,43799.56,43799.56,225.82305
2023-12-24 14:45:00,43799.56,43808.0,43690.0,43726.05,349.03333
2023-12-24 15:00:00,43726.04,43803.69,43722.18,43777.89,284.8302
2023-12-24 15:15:00,43777.9,43786.01,43705.81,43713.69,185.18027
2023-12-24 15:30:00,43713.69,43732.51,43672.0,43732.5,187.62376
2023-12-24 15:45:00,43732.5,43738.74,43678.43,43680.23,170.25505
2023-12-24 16:00:00,43680.23,43680.23,43550.0,43617.16,382.99414
2023-12-24 16:15:00,43617.16,43679.19,43594.56,43669.96,186.69804
2023-12-24 16:30:00,43669.96,43699.98,43647.07,43667.54,146.44292
2023-12-24 16:45:00,43667.54,43713.86,43663.09,43663.1,162.91649
2023-12-24 17:00:00,43663.1,43710.0,43641.73,43688.01,194.72092
2023-12-24 17:15:00,43688.01,43688.9,43612.36,43641.11,170.3888
2023-12-24 17:30:00,43641.1,43659.37,43599.0,43617.66,211.14878
2023-12-24 17:45:00,43617.65,43641.73,43617.61,43627.63,158.69426
2023-12-24 18:00:00,43627.62,43643.99,43608.0,43630.0,131.33728
2023-12-24 18:15:00,43629.99,43678.0,43627.29,43648.08,134.64203
2023-12-24 18:30:00,43648.08,43659.16,43583.88,43624.78,138.58748
2023-12-24 18:45:00,43624.79,43670.0,43571.54,43659.64,154.6562
2023-12-24 19:00:00,43659.63,43671.08,43636.39,43671.08,100.73459
2023-12-24 19:15:00,43671.07,43677.99,43646.18,43652.41,72.57696
2023-12-24 19:30:00,43652.41,43652.42,43561.5,43594.0,147.26838
2023-12-24 19:45:00,43594.0,43622.15,43593.99,43618.07,89.30551
2023-12-24 20:00:00,43618.08,43618.08,43569.09,43569.42,126.98524
2023-12-24 20:15:00,43569.42,43587.24,43541.27,43561.63,151.38425
2023-12-24 20:30:00,43561.62,43561.63,43452.02,43473.52,304.90549
2023-12-24 20:45:00,43473.51,43521.58,43426.47,43499.25,493.71571
2023-12-24 21:00:00,43499.25,43560.0,43465.0,43522.0,307.57059
2023-12-24 21:15:00,43521.99,43546.0,43471.47,43473.03,208.58541
2023-12-24 21:30:00,43473.02,43534.0,43458.0,43509.23,227.50795
2023-12-24 21:45:00,43509.23,43528.02,43460.75,43489.54,227.80072
2023-12-24 22:00:00,43489.54,43552.73,42970.0,43043.32,1015.11927
2023-12-24 22:15:00,43049.99,43166.66,42500.0,43073.48,2505.80193
2023-12-24 22:30:00,43073.49,43121.1,42750.0,42956.97,805.75994
2023-12-24 22:45:00,42956.96,43038.19,42821.1,42977.3,374.17456
2023-12-24 23:00:00,42977.29,43108.21,42888.0,43083.63,607.74327
2023-12-24 23:15:00,43083.64,43128.17,43013.2,43085.61,349.71716
2023-12-24 23:30:00,43085.61,43152.17,43039.65,43146.01,237.2755
2023-12-24 23:45:00,43146.0,43186.52,42944.99,42991.5,443.48828
2023-12-25 00:00:00,42991.5,43099.7,42941.1,43014.52,380.5844
2023-12-25 00:15:00,43014.51,43018.88,42818.01,42917.79,451.46716
2023-12-25 00:30:00,42917.8,42931.1,42720.43,42756.0,397.97182
2023-12-25 00:45:00,42756.0,42925.37,42755.61,42921.66,284.34837
2023-12-25 01:00:00,42921.66,43085.61,42914.49,43023.25,349.28179
2023-12-25 01:15:00,43023.25,43038.38,42979.66,43011.09,204.2435
2023-12-25 01:30:00,43011.1,43080.04,42964.0,43060.08,200.66466
2023-12-25 01:45:00,43060.07,43074.3,43028.38,43047.91,161.60307
2023-12-25 02:00:00,43047.9,43110.0,42966.34,42977.99,201.53156
2023-12-25 02:15:00,42977.99,42978.0,42914.89,42914.89,211.6005
2023-12-25 02:30:00,42914.9,42980.0,42867.81,42978.0,206.70088
2023-12-25 02:45:00,42978.0,43075.0,42977.99,43063.59,165.16176
2023-12-25 03:00:00,43063.59,43103.64,43011.1,43094.27,168.83484
2023-12-25 03:15:00,43094.27,43144.89,43091.17,43120.02,200.79255
2023-12-25 03:30:00,43120.01,43144.2,43107.0,43120.0,127.11776
2023-12-25 03:45:00,43120.0,43158.59,43119.99,43152.78,156.64264
2023-12-25 04:00:00,43152.78,43201.1,43121.1,43140.0,237.33776
2023-12-25 04:15:00,43140.01,43179.67,43125.73,43151.66,190.1482
2023-12-25 04:30:00,43151.67,43151.67,43101.53,43143.72,149.8474
2023-12-25 04:45:00,43143.72,43143.72,43102.0,43104.5,133.72019
2023-12-25 05:00:00,43104.5,43124.74,43104.49,43123.93,97.29194
2023-12-25 05:15:00,43123.93,43169.16,43123.92,43169.16,115.88965
2023-12-25 05:30:00,43169.16,43200.0,43166.72,43177.75,160.71535
2023-12-25 05:45:00,43177.76,43252.71,43177.74,43238.0,265.28231
2023-12-25 06:00:00,43238.0,43265.6,43214.0,43265.6,176.65092
2023-12-25 06:15:00,43265.59,43335.13,43265.59,43335.12,208.58542
2023-12-25 06:30:00,43335.13,43335.13,43265.59,43265.59,184.19363
2023-12-25 06:45:00,43265.59,43267.96,43226.9,43239.94,197.65559
2023-12-25 07:00:00,43239.93,43239.97,43202.96,43208.12,215.56237
2023-12-25 07:15:00,43208.12,43213.04,43184.88,43204.03,155.07754
2023-12-25 07:30:00,43204.03,43275.63,43203.48,43264.01,151.45901
2023-12-25 07:45:00,43264.0,43280.96,43206.18,43208.15,191.35222
2023-12-25 08:00:00,43208.15,43291.05,43208.15,43289.53,152.07328
2023-12-25 08:15:00,43289.54,43289.54,43228.9,43247.95,252.05946
2023-12-25 08:30:00,43247.94,43247.95,43186.41,43194.38,194.25998
2023-12-25 08:45:00,43194.38,43194.38,43100.49,43114.55,573.44819
2023-12-25 09:00:00,43114.55,43194.38,43101.1,43149.1,281.49338
2023-12-25 09:15:00,43149.09,43180.37,43121.19,43129.99,154.01678
2023-12-25 09:30:00,43130.0,43130.78,43045.43,43097.55,281.91513
2023-12-25 09:45:00,43097.56,43165.99,43067.76,43150.68,179.46784
2023-12-25 10:00:00,43150.67,43176.98,43138.22,43138.22,165.7188
2023-12-25 10:15:00,43138.22,43206.35,43091.1,43197.1,179.26307
2023-12-25 10:30:00,43197.09,43200.0,43133.31,43176.25,147.58612
2023-12-25 10:45:00,43176.26,43184.88,43147.22,43174.86,124.12366
2023-12-25 11:00:00,43174.86,43179.61,43081.1,43085.01,251.06803
2023-12-25 11:15:00,43085.02,43229.46,43077.07,43223.76,174.59306
2023-12-25 11:30:00,43223.76,43248.0,43167.04,43168.63,354.77895
2023-12-25 11:45:00,43168.63,43224.54,43156.8,43171.11,250.16692
2023-12-25 12:00:00,43171.11,43174.43,43080.01,43130.2,387.13167
2023-12-25 12:15:00,43130.2,43130.2,43087.65,43100.0,200.16788
2023-12-25 12:30:00,43100.0,43162.75,43090.0,43141.34,183.72185
2023-12-25 12:45:00,43141.33,43699.0,43141.33,43648.02,1114.25267
2023-12-25 13:00:00,43648.03,43802.32,43625.04,43674.99,1085.77827
2023-12-25 13:15:00,43674.98,43750.0,43537.9,43631.09,566.33419
2023-12-25 13:30:00,43631.09,43631.1,43530.0,43546.15,268.10001
2023-12-25 13:45:00,43546.16,43666.0,43546.15,43666.0,331.94686
2023-12-25 14:00:00,43666.0,43764.81,43597.32,43632.69,603.1017
2023-12-25 14:15:00,43632.69,43673.18,43557.25,43661.11,292.28906
2023-12-25 14:30:00,43661.1,43694.66,43603.7,43692.0,270.06853
2023-12-25 14:45:00,43691.99,43703.7,43626.71,43674.09,321.76667
2023-12-25 15:00:00,43674.1,43731.5,43616.07,43620.28,401.89134
2023-12-25 15:15:00,43620.28,43725.0,43620.28,43696.01,313.76205
2023-12-25 15:30:00,43696.01,43750.0,43640.0,43670.82,412.99478
2023-12-25 15:45:00,43670.81,43681.0,43613.14,43618.0,304.42905
2023-12-25 16:00:00,43618.01,43697.73,43550.0,43680.6,475.42436
2023-12-25 16:15:00,43680.6,43710.01,43637.41,43671.54,245.49015
2023-12-25 16:30:00,43671.55,43687.9,43466.0,43510.51,444.91556
2023-12-25 16:45:00,43510.52,43529.66,43413.37,43501.7,431.0613
2023-12-25 17:00:00,43501.71,43596.72,43481.1,43566.46,325.20161
2023-12-25 17:15:00,43566.46,43647.42,43553.43,43614.74,234.01912
2023-12-25 17:30:00,43614.75,43646.0,43554.15,43554.16,210.69457
2023-12-25 17:45:00,43554.16,43586.0,43492.4,43554.21,326.79695
2023-12-25 18:00:00,43554.21,43633.61,43528.6,43544.38,328.91961
2023-12-25 18:15:00,43544.37,43625.72,43537.48,43625.72,191.86811
2023-12-25 18:30:00,43625.72,43650.0,43589.92,43624.93,184.67862
2023-12-25 18:45:00,43624.92,43636.12,43370.19,43449.76,436.3768
2023-12-25 19:00:00,43449.76,43471.58,43399.18,43469.99,346.6345
2023-12-25 19:15:00,43469.98,43477.21,43343.83,43439.82,394.7945
2023-12-25 19:30:00,43439.83,43473.69,43400.0,43473.68,303.35129
2023-12-25 19:45:00,43473.68,43509.27,43436.42,43474.25,315.83994
2023-12-25 20:00:00,43474.25,43494.0,43364.87,43396.73,375.86012
2023-12-25 20:15:00,43396.72,43472.67,43372.8,43406.54,277.80718
2023-12-25 20:30:00,43406.54,43442.27,43328.14,43334.0,350.9013
2023-12-25 20:45:00,43334.0,43418.0,43332.13,43418.0,244.56486
2023-12-25 21:00:00,43418.0,43438.7,43328.65,43411.1,344.53099
2023-12-25 21:15:00,43411.1,43435.63,43363.99,43376.39,233.03392
2023-12-25 21:30:00,43376.39,43411.66,43333.14,43411.66,238.60238
2023-12-25 21:45:00,43411.66,43539.0,43409.7,43523.41,325.882
2023-12-25 22:00:00,43523.41,43629.93,43481.82,43620.25,360.67338
2023-12-25 22:15:00,43620.25,43720.0,43614.14,43627.19,298.76475
2023-12-25 22:30:00,43627.18,43720.96,43627.18,43710.9,209.17287
2023-12-25 22:45:00,43710.9,43710.9,43671.95,43680.15,124.94931
2023-12-25 23:00:00,43680.15,43680.15,43573.2,43629.98,319.62839
2023-12-25 23:15:00,43629.99,43641.72,43593.6,43622.12,201.08035
2023-12-25 23:30:00,43622.12,43632.9,43588.28,43593.49,223.29411
2023-12-25 23:45:00,43593.5,43644.72,43572.9,43576.13,223.34103
2023-12-26 00:00:00,43576.12,43592.68,43541.17,43544.98,215.31098
2023-12-26 00:15:00,43544.97,43556.14,43476.06,43487.1,162.40386
2023-12-26 00:30:00,43487.11,43537.49,43487.1,43510.8,210.01492
2023-12-26 00:45:00,43510.81,43510.81,43392.12,43446.85,239.42265
2023-12-26 01:00:00,43446.86,43521.84,43425.93,43491.1,332.45094
2023-12-26 01:15:00,43491.1,43542.08,43465.77,43510.0,251.57149
2023-12-26 01:30:00,43510.0,43521.1,43421.8,43508.37,217.73332
2023-12-26 01:45:00,43508.37,43510.68,43455.7,43503.19,151.32922
2023-12-26 02:00:00,43503.19,43509.44,43440.42,43447.77,193.60481
2023-12-26 02:15:00,43447.78,43474.46,43433.98,43441.1,142.49056
2023-12-26 02:30:00,43441.1,43532.88,43404.39,43531.04,138.79313
2023-12-26 02:45:00,43531.04,43531.05,43406.64,43407.61,200.71158
2023-12-26 03:00:00,43407.62,43480.44,43388.0,43464.11,174.62191
2023-12-26 03:15:00,43464.11,43467.89,43421.1,43447.32,135.15568
2023-12-26 03:30:00,43447.32,43453.3,43362.23,43429.39,274.28943
2023-12-26 03:45:00,43429.39,43471.1,43403.0,43451.46,181.6872
2023-12-26 04:00:00,43451.45,43474.26,43387.04,43392.02,246.10245
2023-12-26 04:15:00,43392.01,43429.84,43368.2,43429.84,151.33289
2023-12-26 04:30:00,43429.84,43435.36,43399.56,43433.99,107.88998
2023-12-26 04:45:00,43433.98,43469.42,43433.98,43450.0,158.77393
2023-12-26 05:00:00,43450.01,43450.01,43111.29,43232.97,818.9118
2023-12-26 05:15:00,43232.97,43256.88,43036.85,43088.97,710.23007
2023-12-26 05:30:00,43088.97,43127.14,42650.0,42764.25,1938.15782
2023-12-26 05:45:00,42764.26,42849.38,42677.8,42764.85,786.22057
2023-12-26 06:00:00,42764.85,42769.25,42545.0,42681.7,1179.68887
2023-12-26 06:15:00,42681.69,42819.99,42655.02,42686.88,634.49985
2023-12-26 06:30:00,42686.88,42797.68,42659.56,42747.52,413.74007
2023-12-26 06:45:00,42747.51,42796.42,42682.16,42690.47,520.99035
2023-12-26 07:00:00,42690.47,42800.44,42629.07,42779.16,472.82177
2023-12-26 07:15:00,42779.15,42837.05,42736.38,42791.1,255.03991
2023-12-26 07:30:00,42791.11,42836.4,42761.06,42791.09,283.34706
2023-12-26 07:45:00,42791.09,42811.1,42749.87,42774.12,342.73389
2023-12-26 08:00:00,42774.12,42796.06,42690.0,42716.71,467.97661
2023-12-26 08:15:00,42716.71,42759.76,42639.85,42693.96,451.18616
2023-12-26 08:30:00,42693.96,42757.96,42661.11,42757.96,296.57559
2023-12-26 08:45:00,42757.96,42798.0,42694.63,42706.42,356.99531
2023-12-26 09:00:00,42706.41,42726.96,42650.0,42650.01,295.65297
2023-12-26 09:15:00,42650.0,42694.93,42595.86,42676.76,508.81395
2023-12-26 09:30:00,42676.76,42711.1,42536.63,42557.95,502.25608
2023-12-26 09:45:00,42557.95,42557.96,42150.0,42408.92,1971.10244
2023-12-26 10:00:00,42408.91,42557.84,42361.11,42527.11,814.43121
2023-12-26 10:15:00,42527.1,42571.09,42450.0,42565.29,437.18201
2023-12-26 10:30:00,42565.3,42630.02,42553.0,42620.83,728.17258
2023-12-26 10:45:00,42620.82,42676.33,42568.55,42644.88,782.22384
2023-12-26 11:00:00,42644.87,42644.88,42567.78,42582.41,258.34897
2023-12-26 11:15:00,42582.41,42666.7,42575.35,42621.79,381.94808
2023-12-26 11:30:00,42621.79,42754.73,42610.94,42729.62,282.21068
2023-12-26 11:45:00,42729.63,42729.63,42669.12,42685.55,335.65171
2023-12-26 12:00:00,42685.56,42694.0,42627.92,42627.93,226.42494
2023-12-26 12:15:00,42627.92,42736.0,42627.92,42707.42,188.37241
2023-12-26 12:30:00,42707.41,42736.78,42668.0,42736.77,162.86259
2023-12-26 12:45:00,42736.78,42799.74,42736.77,42766.88,436.66869
2023-12-26 13:00:00,42766.88,42766.88,42745.06,42746.8,201.0503
2023-12-26 13:15:00,42746.8,42765.0,42666.28,42675.25,297.11824
2023-12-26 13:30:00,42675.26,42775.37,42623.9,42748.73,461.91195
2023-12-26 13:45:00,42748.73,42757.31,42702.32,42714.68,271.27403
2023-12-26 14:00:00,42714.68,42714.69,42648.02,42686.61,286.50444
2023-12-26 14:15:00,42686.62,42827.68,42651.52,42775.56,431.65897
2023-12-26 14:30:00,42775.56,42775.56,42672.93,42672.94,155.68926
2023-12-26 14:45:00,42672.94,42707.86,42543.5,42600.0,451.53243
2023-12-26 15:00:00,42599.99,42619.63,42418.3,42505.36,590.40556
2023-12-26 15:15:00,42505.35,42650.0,42493.51,42650.0,317.79276
2023-12-26 15:30:00,42650.0,42750.01,42576.1,42576.1,326.56032
2023-12-26 15:45:00,42576.1,42592.58,42250.0,42391.5,794.59479
2023-12-26 16:00:00,42391.51,42434.2,42235.36,42268.78,609.06266
2023-12-26 16:15:00,42268.78,42330.0,42083.0,42285.45,1131.76509
2023-12-26 16:30:00,42285.45,42350.0,42278.54,42328.6,621.8171
2023-12-26 16:45:00,42328.59,42349.12,42246.97,42319.42,402.32643
2023-12-26 17:00:00,42319.41,42350.0,42226.89,42325.52,453.79051
2023-12-26 17:15:00,42325.52,42350.0,42136.36,42258.64,627.36994
2023-12-26 17:30:00,42258.63,42270.0,41637.6,41979.25,1922.77912
2023-12-26 17:45:00,41979.25,42049.6,41771.53,42009.99,1271.82748
2023-12-26 18:00:00,42010.0,42147.04,41966.48,42049.33,709.17414
2023-12-26 18:15:00,42049.33,42094.17,41860.0,41886.87,478.50625
2023-12-26 18:30:00,41886.87,41995.0,41832.42,41993.02,488.10157
2023-12-26 18:45:00,41993.01,42180.1,41993.01,42163.53,390.88111
2023-12-26 19:00:00,42163.53,42290.0,42073.68,42232.14,613.69852
2023-12-26 19:15:00,42232.13,42306.45,42215.23,42280.0,300.72185
2023-12-26 19:30:00,42279.99,42285.0,42155.82,42186.59,220.60707
2023-12-26 19:45:00,42186.59,42199.36,42084.04,42109.11,161.31059
2023-12-26 20:00:00,42109.11,42158.57,42055.0,42128.87,236.23384
2023-12-26 20:15:00,42128.88,42198.77,42082.57,42157.5,195.38414
2023-12-26 20:30:00,42157.51,42186.54,42117.23,42186.53,161.29753
2023-12-26 20:45:00,42186.53,42234.04,42111.32,42135.13,232.65168
2023-12-26 21:00:00,42135.47,42252.76,42114.6,42243.95,227.8958
2023-12-26 21:15:00,42243.94,42328.05,42231.1,42328.04,188.92499
2023-12-26 21:30:00,42328.05,42329.85,42251.1,42292.74,225.31951
2023-12-26 21:45:00,42292.74,42342.64,42253.18,42338.47,250.78361
2023-12-26 22:00:00,42338.47,42442.0,42325.41,42442.0,399.62203
2023-12-26 22:15:00,42441.99,42591.89,42436.27,42474.72,433.63533
2023-12-26 22:30:00,42474.73,42500.0,42400.57,42443.65,240.019
2023-12-26 22:45:00,42443.64,42482.52,42443.64,42469.99,123.66436
2023-12-26 23:00:00,42470.0,42514.0,42443.49,42505.98,238.81273
2023-12-26 23:15:00,42505.99,42520.0,42404.1,42422.47,326.76783
2023-12-26 23:30:00,42422.46,42479.82,42416.0,42479.78,179.01204
2023-12-26 23:45:00,42479.78,42530.09,42479.77,42508.93,233.05614
2023-12-27 00:00:00,42508.93,42541.1,42450.12,42452.81,235.55994
2023-12-27 00:15:00,42452.82,42470.0,42425.72,42464.59,206.9739
2023-12-27 00:30:00,42464.59,42467.89,42400.0,42414.64,164.37539
2023-12-27 00:45:00,42414.63,42453.89,42342.59,42353.79,186.02659
2023-12-27 01:00:00,42353.8,42458.0,42333.34,42333.35,229.65808
2023-12-27 01:15:00,42333.35,42411.1,42300.0,42375.64,193.16137
2023-12-27 01:30:00,42375.64,42470.0,42364.01,42470.0,134.23836
2023-12-27 01:45:00,42470.0,42485.0,42434.14,42457.98,369.84845
2023-12-27 02:00:00,42457.98,42481.1,42389.02,42399.23,162.12877
2023-12-27 02:15:00,42399.23,42451.99,42325.35,42351.1,188.23684
2023-12-27 02:30:00,42351.1,42410.0,42270.0,42270.0,245.14585
2023-12-27 02:45:00,42270.0,42335.99,42159.07,42215.98,455.3082
2023-12-27 03:00:00,42215.99,42331.1,42215.98,42311.14,165.16729
2023-12-27 03:15:00,42311.13,42328.31,42185.44,42210.01,167.13742
2023-12-27 03:30:00,42210.0,42291.47,42098.69,42265.25,354.00078
2023-12-27 03:45:00,42265.25,42283.25,42222.86,42234.66,153.087
2023-12-27 04:00:00,42234.65,42280.0,42200.0,42280.0,152.23354
2023-12-27 04:15:00,42280.0,42340.0,42279.99,42322.02,145.25217
2023-12-27 04:30:00,42322.01,42332.21,42276.01,42304.0,118.31212
2023-12-27 04:45:00,42304.0,42328.58,42245.28,42300.0,161.21519
2023-12-27 05:00:00,42300.0,42430.2,42278.0,42414.01,287.81667
2023-12-27 05:15:00,42414.02,42419.85,42330.0,42330.01,148.23898
2023-12-27 05:30:00,42330.01,42379.64,42303.65,42342.0,117.74335
2023-12-27 05:45:00,42341.99,42458.24,42334.1,42454.27,307.83703
2023-12-27 06:00:00,42454.28,42485.0,42411.1,42471.09,321.55136
2023-12-27 06:15:00,42471.09,42485.0,42441.1,42477.08,246.26956
2023-12-27 06:30:00,42477.08,42542.0,42475.17,42502.01,349.17148
2023-12-27 06:45:00,42502.01,42502.01,42426.01,42426.01,194.96312
2023-12-27 07:00:00,42426.02,42450.0,42400.27,42412.59,223.65672
2023-12-27 07:15:00,42412.58,42448.0,42394.4,42448.0,130.83943
2023-12-27 07:30:00,42447.99,42485.0,42427.37,42485.0,152.88231
2023-12-27 07:45:00,42484.99,42485.0,42448.0,42455.83,272.55835
2023-12-27 08:00:00,42455.82,42467.78,42399.72,42435.56,252.47264
2023-12-27 08:15:00,42435.55,42568.08,42421.1,42563.01,242.4822
2023-12-27 08:30:00,42563.01,42740.0,42563.0,42730.15,528.8136
2023-12-27 08:45:00,42730.16,42757.97,42630.0,42714.0,500.24293
2023-12-27 09:00:00,42714.0,42730.0,42636.99,42671.11,186.88305
2023-12-27 09:15:00,42671.12,42710.75,42628.01,42707.31,239.67492
2023-12-27 09:30:00,42707.3,42720.0,42671.37,42713.78,208.39502
2023-12-27 09:45:00,42713.77,42741.1,42686.91,42732.44,356.58777
2023-12-27 10:00:00,42732.44,42741.1,42696.13,42708.0,334.2529
2023-12-27 10:15:00,42708.01,43090.81,42708.0,43049.04,954.72427
2023-12-27 10:30:00,43049.05,43202.8,43000.01,43198.01,889.06132
2023-12-27 10:45:00,43198.0,43214.51,43092.25,43195.56,623.93788
2023-12-27 11:00:00,43195.56,43220.0,43056.51,43137.99,656.37995
2023-12-27 11:15:00,43138.0,43138.0,43017.34,43056.14,636.37583
2023-12-27 11:30:00,43056.13,43115.38,43022.52,43115.36,456.82995
2023-12-27 11:45:00,43115.37,43119.72,42900.0,43019.11,611.35019
2023-12-27 12:00:00,43019.11,43056.0,42944.28,42964.0,467.67333
2023-12-27 12:15:00,42963.99,43025.58,42919.44,43005.99,345.4092
2023-12-27 12:30:00,43005.98,43012.0,42809.8,42818.0,386.15359
2023-12-27 12:45:00,42818.0,42939.58,42773.94,42913.56,454.37557
2023-12-27 13:00:00,42913.56,42938.09,42706.0,42896.07,576.12007
2023-12-27 13:15:00,42896.07,42958.6,42843.52,42930.38,355.87297
2023-12-27 13:30:00,42930.38,42992.83,42828.54,42893.43,523.32441
2023-12-27 13:45:00,42893.44,42926.0,42855.54,42912.86,345.81756
2023-12-27 14:00:00,42912.85,43017.14,42831.1,42964.01,594.63951
2023-12-27 14:15:00,42964.0,43099.0,42862.55,42890.73,530.13822
2023-12-27 14:30:00,42890.73,43108.0,42890.73,43030.59,632.77118
2023-12-27 14:45:00,43030.59,43150.0,42912.89,42912.9,845.42454
2023-12-27 15:00:00,42912.89,42968.99,42777.77,42858.29,621.36308
2023-12-27 15:15:00,42858.3,42934.0,42791.71,42904.01,513.80978
2023-12-27 15:30:00,42904.0,43079.8,42861.34,43040.02,482.98169
2023-12-27 15:45:00,43040.02,43069.99,42954.2,42980.65,480.85429
2023-12-27 16:00:00,42980.64,43000.0,42890.0,42954.41,405.41842
2023-12-27 16:15:00,42954.4,43163.95,42911.76,43141.1,727.32851
2023-12-27 16:30:00,43141.1,43191.1,43080.9,43098.43,696.61853
2023-12-27 16:45:00,43098.43,43117.8,43040.0,43082.31,413.25571
2023-12-27 17:00:00,43082.32,43138.22,42911.36,42942.53,473.86578
2023-12-27 17:15:00,42942.53,42951.17,42862.56,42940.1,379.34255
2023-12-27 17:30:00,42940.09,43056.0,42920.8,42957.1,324.46314
2023-12-27 17:45:00,42957.1,43024.61,42957.09,43021.99,262.73492
2023-12-27 18:00:00,43022.0,43093.93,42957.49,42960.37,302.98014
2023-12-27 18:15:00,42960.38,43020.0,42928.75,42956.02,230.35714
2023-12-27 18:30:00,42956.01,43061.67,42956.01,43035.07,248.05752
2023-12-27 18:45:00,43035.08,43215.0,42991.1,43183.98,421.29046
2023-12-27 19:00:00,43183.99,43190.21,43018.97,43021.59,280.98889
2023-12-27 19:15:00,43021.6,43195.0,43000.0,43145.57,267.36541
2023-12-27 19:30:00,43145.58,43165.99,43056.26,43070.01,168.42754
2023-12-27 19:45:00,43070.0,43165.78,43039.52,43154.34,370.03092
2023-12-27 20:00:00,43154.34,43200.0,43121.45,43196.21,187.43419
2023-12-27 20:15:00,43196.2,43338.55,43124.98,43315.61,502.3822
2023-12-27 20:30:00,43315.61,43487.88,43264.22,43462.01,911.92276
2023-12-27 20:45:00,43462.0,43565.45,43378.07,43445.32,825.63125
2023-12-27 21:00:00,43445.32,43484.0,43321.74,43331.66,547.27399
2023-12-27 21:15:00,43331.67,43395.98,43320.0,43357.52,392.16893
2023-12-27 21:30:00,43357.52,43399.0,43316.06,43322.02,244.70464
2023-12-27 21:45:00,43322.01,43366.2,43252.72,43366.2,275.80115
2023-12-27 22:00:00,43366.2,43641.59,43352.28,43624.01,568.38152
2023-12-27 22:15:00,43624.0,43677.0,43470.07,43470.08,785.17938
2023-12-27 22:30:00,43470.08,43520.0,43300.06,43311.09,411.84917
2023-12-27 22:45:00,43311.1,43425.91,43280.33,43323.81,300.1113
2023-12-27 23:00:00,43323.81,43463.23,43323.8,43463.23,427.52701
2023-12-27 23:15:00,43463.23,43467.74,43354.01,43386.54,443.38008
2023-12-27 23:30:00,43386.53,43460.0,43354.54,43416.07,323.15433
2023-12-27 23:45:00,43416.07,43437.49,43337.18,43428.85,295.99486
2023-12-28 00:00:00,43428.86,43468.92,43383.66,43438.01,542.02202
2023-12-28 00:15:00,43438.01,43600.0,43438.0,43586.2,426.92358
2023-12-28 00:30:00,43586.2,43787.57,43547.56,43621.74,1409.12093
2023-12-28 00:45:00,43621.74,43702.0,43534.89,43566.5,462.38847
2023-12-28 01:00:00,43566.5,43718.46,43533.96,43664.92,307.14568
2023-12-28 01:15:00,43664.91,43706.0,43543.64,43554.65,349.59003
2023-12-28 01:30:00,43554.64,43660.0,43551.1,43552.92,326.73572
2023-12-28 01:45:00,43552.92,43552.93,43418.38,43426.0,382.36831
2023-12-28 02:00:00,43426.0,43461.1,43304.27,43370.32,444.97214
2023-12-28 02:15:00,43370.32,43466.06,43343.75,43401.06,262.35065
2023-12-28 02:30:00,43401.05,43451.1,43374.0,43393.84,211.2723
2023-12-28 02:45:00,43393.83,43445.8,43352.0,43358.31,154.42316
2023-12-28 03:00:00,43358.32,43396.2,43314.0,43355.82,275.10415
2023-12-28 03:15:00,43355.82,43414.67,43355.81,43384.3,200.20284
2023-12-28 03:30:00,43384.3,43387.09,43344.39,43387.09,174.85977
2023-12-28 03:45:00,43387.09,43416.16,43361.47,43408.41,152.97888
2023-12-28 04:00:00,43408.4,43479.5,43400.36,43472.93,207.89995
2023-12-28 04:15:00,43472.94,43624.74,43472.93,43624.74,575.94179
2023-12-28 04:30:00,43624.74,43624.74,43378.5,43381.46,261.10015
2023-12-28 04:45:00,43381.46,43417.08,43313.72,43314.0,260.19676
2023-12-28 05:00:00,43314.01,43369.19,43147.77,43170.06,691.37678
2023-12-28 05:15:00,43170.06,43259.99,43140.88,43150.05,341.31734
2023-12-28 05:30:00,43150.06,43264.7,43150.05,43246.0,194.18998
2023-12-28 05:45:00,43246.0,43278.0,43183.99,43222.01,259.15932
2023-12-28 06:00:00,43222.0,43222.01,43152.64,43177.15,226.2888
2023-12-28 06:15:00,43177.15,43177.15,43005.6,43048.99,365.41368
2023-12-28 06:30:00,43048.99,43129.54,42973.44,43090.01,454.08879
2023-12-28 06:45:00,43090.0,43130.72,42982.0,43031.97,219.19582
2023-12-28 07:00:00,43031.96,43068.0,42950.11,42991.3,382.4799
2023-12-28 07:15:00,42991.3,43060.0,42794.11,42848.0,902.55319
2023-12-28 07:30:00,42847.99,42945.41,42818.28,42945.4,463.96258
2023-12-28 07:45:00,42945.41,43050.0,42932.35,43049.17,410.63211
2023-12-28 08:00:00,43049.17,43071.1,42965.01,43063.63,285.21542
2023-12-28 08:15:00,43063.64,43063.64,42971.2,42988.0,217.49879
2023-12-28 08:30:00,42988.01,43045.31,42968.64,43026.67,333.22966
2023-12-28 08:45:00,43026.67,43060.66,42914.86,42931.1,386.02251
2023-12-28 09:00:00,42931.1,42958.54,42883.65,42890.01,355.55145
2023-12-28 09:15:00,42890.0,43013.81,42868.36,42951.09,387.34305
2023-12-28 09:30:00,42951.1,43099.5,42941.11,43066.0,386.06314
2023-12-28 09:45:00,43066.0,43095.62,43032.19,43045.06,192.37358
2023-12-28 10:00:00,43045.05,43123.99,43014.0,43123.98,226.38232
2023-12-28 10:15:00,43123.99,43143.66,43097.33,43123.82,235.54868
2023-12-28 10:30:00,43123.82,43176.8,43123.82,43155.52,195.43734
2023-12-28 10:45:00,43155.53,43192.17,43101.71,43101.71,270.36996
2023-12-28 11:00:00,43101.72,43140.61,43012.81,43063.26,424.36868
2023-12-28 11:15:00,43063.25,43097.26,43012.76,43084.01,151.73702
2023-12-28 11:30:00,43084.01,43110.05,43044.25,43089.64,166.01171
2023-12-28 11:45:00,43089.64,43089.64,43031.1,43059.98,230.99004
2023-12-28 12:00:00,43059.98,43125.03,43030.0,43116.12,203.91638
2023-12-28 12:15:00,43116.12,43124.37,42916.61,42957.94,306.92356
2023-12-28 12:30:00,42957.94,42957.95,42850.0,42906.04,398.18995
2023-12-28 12:45:00,42906.04,42954.01,42736.0,42786.16,493.09968
2023-12-28 13:00:00,42786.15,42825.25,42582.19,42680.02,857.20401
2023-12-28 13:15:00,42680.01,42933.42,42680.01,42847.72,460.20647
2023-12-28 13:30:00,42847.73,42902.0,42722.85,42831.09,391.27723
2023-12-28 13:45:00,42831.09,42887.89,42789.3,42792.95,276.67952
2023-12-28 14:00:00,42792.95,42826.22,42630.0,42720.01,554.36378
2023-12-28 14:15:00,42720.0,42772.0,42580.62,42758.87,828.73011
2023-12-28 14:30:00,42758.88,42810.02,42592.87,42592.88,458.31715
2023-12-28 14:45:00,42592.87,42664.0,42430.0,42664.0,1003.53378
2023-12-28 15:00:00,42664.0,42710.44,42545.56,42619.87,535.89733
2023-12-28 15:15:00,42619.86,42629.99,42432.12,42444.75,715.4328
2023-12-28 15:30:00,42444.76,42523.86,42401.01,42429.4,590.86047
2023-12-28 15:45:00,42429.4,42524.72,42404.0,42445.99,485.93601
2023-12-28 16:00:00,42445.99,42485.17,42335.06,42400.87,722.60822
2023-12-28 16:15:00,42400.86,42406.06,42241.79,42324.05,503.77091
2023-12-28 16:30:00,42324.04,42523.84,42300.0,42483.91,418.04116
2023-12-28 16:45:00,42483.9,42564.51,42432.01,42456.07,372.11184
2023-12-28 17:00:00,42456.07,42531.1,42456.06,42505.99,383.85214
2023-12-28 17:15:00,42506.0,42641.1,42504.34,42571.41,507.92964
2023-12-28 17:30:00,42571.41,42630.06,42543.88,42560.48,272.35682
2023-12-28 17:45:00,42560.47,42569.08,42458.27,42539.6,310.56318
2023-12-28 18:00:00,42539.61,42563.99,42440.92,42527.01,300.66453
2023-12-28 18:15:00,42527.0,42578.89,42423.81,42578.89,235.32162
2023-12-28 18:30:00,42578.88,42640.0,42381.94,42407.97,375.91431
2023-12-28 18:45:00,42407.97,42490.93,42397.48,42480.0,251.23029
2023-12-28 19:00:00,42480.0,42598.55,42460.0,42598.54,209.57598
2023-12-28 19:15:00,42598.54,42725.3,42568.18,42607.19,416.8158
2023-12-28 19:30:00,42607.19,42615.0,42524.94,42605.99,188.00419
2023-12-28 19:45:00,42605.99,42651.1,42576.0,42610.64,193.83318
2023-12-28 20:00:00,42610.64,42613.81,42414.9,42436.78,289.73354
2023-12-28 20:15:00,42436.78,42508.0,42432.04,42467.15,202.94415
2023-12-28 20:30:00,42467.15,42557.52,42370.81,42533.7,324.21591
2023-12-28 20:45:00,42533.7,42533.71,42485.41,42506.43,223.35872
2023-12-28 21:00:00,42506.42,42615.99,42444.48,42591.1,319.69092
2023-12-28 21:15:00,42591.11,42600.0,42561.1,42595.11,149.56302
2023-12-28 21:30:00,42595.11,42595.11,42452.42,42454.01,246.2
2023-12-28 21:45:00,42454.01,42477.9,42334.99,42454.0,362.8948
2023-12-28 22:00:00,42454.0,42592.26,42375.01,42592.26,334.80742
2023-12-28 22:15:00,42592.26,42592.26,42486.0,42497.98,134.14896
2023-12-28 22:30:00,42497.99,42561.55,42497.98,42561.51,129.3791
2023-12-28 22:45:00,42561.5,42626.07,42557.11,42626.07,165.58029
2023-12-28 23:00:00,42626.07,42630.96,42531.1,42555.9,328.93336
2023-12-28 23:15:00,42555.9,42740.02,42538.0,42698.56,377.02821
2023-12-28 23:30:00,42698.56,42745.97,42660.01,42711.35,358.56906
2023-12-28 23:45:00,42711.34,42720.46,42563.75,42563.76,237.91643
2023-12-29 00:00:00,42563.76,42677.75,42563.75,42670.0,249.59647
2023-12-29 00:15:00,42669.99,42685.18,42570.53,42630.94,404.66272
2023-12-29 00:30:00,42630.95,42646.0,42513.81,42597.68,371.81842
2023-12-29 00:45:00,42597.69,42611.1,42367.07,42407.11,494.1511
2023-12-29 01:00:00,42407.12,42520.02,42100.0,42463.97,1060.34124
2023-12-29 01:15:00,42463.97,42539.82,42303.67,42384.23,474.93013
2023-12-29 01:30:00,42384.22,42409.44,42088.92,42255.92,804.15265
2023-12-29 01:45:00,42255.92,42345.08,42154.66,42332.01,454.00972
2023-12-29 02:00:00,42332.0,42368.87,42261.1,42305.69,258.91313
2023-12-29 02:15:00,42305.7,42390.04,42297.12,42326.0,281.26239
2023-12-29 02:30:00,42326.0,42453.61,42313.77,42448.21,280.58107
2023-12-29 02:45:00,42448.21,42625.33,42442.88,42574.71,715.93243
2023-12-29 03:00:00,42574.72,42591.1,42518.98,42526.76,184.53827
2023-12-29 03:15:00,42526.76,42596.0,42456.26,42581.83,180.95446
2023-12-29 03:30:00,42581.83,42800.0,42574.0,42711.1,475.15402
2023-12-29 03:45:00,42711.1,42774.06,42697.41,42697.42,434.40993
2023-12-29 04:00:00,42697.42,42766.68,42656.0,42669.71,345.40754
2023-12-29 04:15:00,42669.72,42680.0,42594.01,42617.4,177.68704
2023-12-29 04:30:00,42617.4,42659.81,42594.05,42659.81,93.31152
2023-12-29 04:45:00,42659.81,42699.0,42631.1,42661.96,131.66559
2023-12-29 05:00:00,42661.96,42669.64,42602.08,42606.55,208.74075
2023-12-29 05:15:00,42606.56,42620.04,42521.76,42521.77,199.1513
2023-12-29 05:30:00,42521.77,42634.17,42506.76,42634.17,223.59275
2023-12-29 05:45:00,42634.16,42702.79,42604.32,42677.71,203.60877
2023-12-29 06:00:00,42677.71,42688.0,42638.56,42642.15,125.63839
2023-12-29 06:15:00,42642.14,42689.77,42631.94,42689.77,164.3043
2023-12-29 06:30:00,42689.77,42689.77,42621.1,42653.21,248.98859
2023-12-29 06:45:00,42653.22,42653.22,42510.0,42531.13,248.94583
2023-12-29 07:00:00,42531.12,42570.12,42491.52,42513.05,237.1384
2023-12-29 07:15:00,42513.04,42513.05,42397.68,42477.41,346.23943
2023-12-29 07:30:00,42477.41,42487.46,42222.0,42331.95,1015.47255
2023-12-29 07:45:00,42331.95,42420.01,42242.67,42273.34,1161.16397
2023-12-29 08:00:00,42273.35,42427.01,42268.26,42418.17,413.72168
2023-12-29 08:15:00,42418.17,42513.04,42306.0,42337.64,305.43579
2023-12-29 08:30:00,42337.64,42490.42,42330.3,42429.41,322.34807
2023-12-29 08:45:00,42429.4,42492.0,42426.0,42472.88,355.65916
2023-12-29 09:00:00,42472.88,42517.66,42419.95,42500.53,348.94294
2023-12-29 09:15:00,42500.52,42633.33,42486.32,42609.9,316.02025
2023-12-29 09:30:00,42609.9,42696.45,42591.44,42631.8,361.85849
2023-12-29 09:45:00,42631.8,42684.4,42581.3,42655.88,252.96118
2023-12-29 10:00:00,42655.88,42781.1,42621.1,42686.0,329.92292
2023-12-29 10:15:00,42686.0,42743.2,42685.99,42719.61,232.58731
2023-12-29 10:30:00,42719.61,42795.0,42719.6,42776.43,340.72903
2023-12-29 10:45:00,42776.43,42782.28,42686.0,42686.01,201.90031
2023-12-29 11:00:00,42686.0,42773.36,42677.35,42743.56,240.5752
2023-12-29 11:15:00,42743.56,42934.0,42743.55,42852.74,654.99128
2023-12-29 11:30:00,42852.74,42894.86,42816.3,42832.46,296.31053
2023-12-29 11:45:00,42832.46,42901.04,42800.98,42862.01,317.87973
2023-12-29 12:00:00,42862.0,42930.0,42815.75,42815.75,307.95152
2023-12-29 12:15:00,42815.76,42865.39,42765.06,42829.06,242.70583
2023-12-29 12:30:00,42829.06,42839.53,42750.01,42777.88,315.88627
2023-12-29 12:45:00,42777.88,42825.46,42755.75,42825.46,249.55033
2023-12-29 13:00:00,42825.45,42887.99,42788.47,42788.47,283.51477
2023-12-29 13:15:00,42788.53,42819.99,42706.18,42710.0,323.30695
2023-12-29 13:30:00,42710.0,42845.99,42708.0,42840.09,265.30322
2023-12-29 13:45:00,42840.09,42856.44,42794.76,42825.17,242.46614
2023-12-29 14:00:00,42824.3,42858.65,42783.81,42804.12,251.98495
2023-12-29 14:15:00,42804.11,42854.0,42764.86,42808.24,275.35047
2023-12-29 14:30:00,42808.24,43111.0,42791.1,43031.64,692.90258
2023-12-29 14:45:00,43031.65,43050.0,42942.03,43021.87,421.17149
2023-12-29 15:00:00,43021.88,43038.0,42794.41,42813.25,463.94849
2023-12-29 15:15:00,42813.25,42813.25,42600.0,42716.01,1037.80763
2023-12-29 15:30:00,42716.02,42749.97,42500.18,42527.56,988.20563
2023-12-29 15:45:00,42527.57,42534.0,42106.64,42271.09,1499.31856
2023-12-29 16:00:00,42271.09,42351.1,42148.0,42164.35,816.09873
2023-12-29 16:15:00,42164.35,42226.65,41880.0,42212.1,1596.78562
2023-12-29 16:30:00,42212.1,42301.02,42163.94,42253.52,693.57687
2023-12-29 16:45:00,42253.51,42269.84,41957.25,41971.24,1030.87604
2023-12-29 17:00:00,41971.23,42049.47,41735.29,41885.79,1374.08204
2023-12-29 17:15:00,41885.79,42023.67,41794.99,41851.12,719.16941
2023-12-29 17:30:00,41851.12,41930.77,41730.4,41730.41,546.60093
2023-12-29 17:45:00,41730.41,41848.51,41650.0,41806.43,716.16575
2023-12-29 18:00:00,41806.42,41924.69,41759.92,41891.11,458.25039
2023-12-29 18:15:00,41891.11,41938.84,41868.28,41877.27,338.55021
2023-12-29 18:30:00,41877.28,42115.35,41871.11,42083.47,464.23477
2023-12-29 18:45:00,42083.47,42100.0,42013.98,42054.54,473.41964
2023-12-29 19:00:00,42054.54,42100.0,41947.91,42011.08,348.45029
2023-12-29 19:15:00,42011.08,42153.04,41972.9,42100.01,279.5724
2023-12-29 19:30:00,42100.0,42155.16,42082.62,42115.89,204.71848
2023-12-29 19:45:00,42115.89,42158.65,42073.89,42116.51,257.33669
2023-12-29 20:00:00,42116.51,42122.14,42042.33,42083.45,225.13892
2023-12-29 20:15:00,42083.45,42083.46,42012.94,42036.35,256.4554
2023-12-29 20:30:00,42036.34,42074.22,41933.9,41946.31,233.68139
2023-12-29 20:45:00,41946.32,42048.0,41946.31,42026.98,388.00933
2023-12-29 21:00:00,42026.97,42240.0,41990.0,42198.31,609.8593
2023-12-29 21:15:00,42198.3,42216.0,41919.51,41986.67,420.03199
2023-12-29 21:30:00,41986.68,41995.99,41871.24,41974.68,316.58288
2023-12-29 21:45:00,41974.67,42007.4,41875.01,41936.22,372.48498
2023-12-29 22:00:00,41936.23,41943.77,41800.8,41834.72,375.63761
2023-12-29 22:15:00,41834.71,41849.6,41300.0,41781.14,1667.99263
2023-12-29 22:30:00,41781.13,41842.93,41639.67,41808.39,396.15419
2023-12-29 22:45:00,41808.39,41845.07,41670.43,41761.02,227.93681
2023-12-29 23:00:00,41761.03,41864.33,41761.02,41827.3,277.64219
2023-12-29 23:15:00,41827.31,42000.63,41819.01,41975.48,569.99134
2023-12-29 23:30:00,41975.49,42020.0,41951.1,42002.18,263.31434
2023-12-29 23:45:00,42002.19,42098.74,41987.72,42066.95,268.70399
2023-12-30 00:00:00,42066.94,42100.0,42011.23,42099.99,266.92649
2023-12-30 00:15:00,42099.99,42209.22,42097.78,42157.04,304.49296
2023-12-30 00:30:00,42157.04,42168.79,42100.0,42111.14,189.05435
2023-12-30 00:45:00,42111.14,42169.98,42094.56,42094.56,155.48736
2023-12-30 01:00:00,42094.57,42126.28,42079.08,42099.99,207.28161
2023-12-30 01:15:00,42100.0,42158.08,42088.32,42128.0,171.1199
2023-12-30 01:30:00,42128.0,42207.26,42128.0,42188.01,288.08399
2023-12-30 01:45:00,42188.01,42197.01,42151.1,42165.94,170.83662
2023-12-30 02:00:00,42165.94,42186.1,42122.53,42124.82,121.68432
2023-12-30 02:15:00,42124.83,42184.62,42103.63,42152.74,174.85591
2023-12-30 02:30:00,42152.75,42152.75,41966.66,41966.66,187.64271
2023-12-30 02:45:00,41966.67,42000.0,41844.86,41905.8,336.60474
2023-12-30 03:00:00,41905.81,42011.1,41897.19,41977.05,164.97214
2023-12-30 03:15:00,41977.06,41984.6,41820.0,41824.95,190.07842
2023-12-30 03:30:00,41824.94,41966.8,41824.87,41937.99,137.75074
2023-12-30 03:45:00,41937.99,42004.6,41920.0,41972.81,135.33056
2023-12-30 04:00:00,41972.81,42062.92,41969.49,42021.5,159.47712
2023-12-30 04:15:00,42021.51,42050.0,42001.1,42006.9,98.28798
2023-12-30 04:30:00,42006.9,42054.8,41978.0,42031.99,161.7893
2023-12-30 04:45:00,42032.0,42032.0,41973.92,41990.0,142.52255
2023-12-30 05:00:00,41990.01,42078.21,41976.01,42028.97,164.28961
2023-12-30 05:15:00,42028.97,42131.1,42013.89,42068.23,190.08085
2023-12-30 05:30:00,42068.23,42086.76,42044.82,42076.0,125.14125
2023-12-30 05:45:00,42076.0,42116.76,42073.26,42104.0,115.81367
2023-12-30 06:00:00,42104.01,42160.0,42087.65,42108.1,180.74012
2023-12-30 06:15:00,42108.11,42113.56,42035.82,42047.99,126.24545
2023-12-30 06:30:00,42047.99,42072.95,42035.82,42060.59,133.31424
2023-12-30 06:45:00,42060.6,42097.66,42036.6,42050.35,96.65094
2023-12-30 07:00:00,42050.35,42088.45,42044.7,42073.0,129.20391
2023-12-30 07:15:00,42073.01,42128.62,41992.02,42012.93,157.47349
2023-12-30 07:30:00,42012.93,42012.94,41963.78,41989.28,193.81684
2023-12-30 07:45:00,41989.28,41989.28,41930.43,41947.16,176.97493
2023-12-30 08:00:00,41947.16,41988.62,41900.0,41960.15,237.26684
2023-12-30 08:15:00,41960.15,41960.16,41830.0,41845.23,265.91254
2023-12-30 08:30:00,41845.24,41893.59,41752.12,41764.01,379.4935
2023-12-30 08:45:00,41764.01,41784.92,41540.85,41575.91,745.25683
2023-12-30 09:00:00,41575.91,41726.13,41575.9,41581.92,430.32843
2023-12-30 09:15:00,41581.93,41659.6,41574.0,41574.0,284.39357
2023-12-30 09:30:00,41574.01,41674.88,41520.3,41539.74,355.89286
2023-12-30 09:45:00,41539.74,41698.03,41539.73,41691.09,236.04689
2023-12-30 10:00:00,41691.1,41753.88,41685.65,41721.14,285.89355
2023-12-30 10:15:00,41721.14,41731.88,41678.07,41728.0,160.85866
2023-12-30 10:30:00,41727.99,41778.2,41715.53,41773.08,232.68503
2023-12-30 10:45:00,41773.07,41818.49,41758.0,41807.05,236.08173
2023-12-30 11:00:00,41807.04,41965.51,41807.04,41935.73,315.26033
2023-12-30 11:15:00,41935.72,41950.0,41878.12,41878.12,236.37169
2023-12-30 11:30:00,41878.12,41907.08,41843.13,41881.07,213.17165
2023-12-30 11:45:00,41881.06,41918.83,41881.06,41893.96,91.61197
2023-12-30 12:00:00,41893.96,42037.33,41882.71,42013.68,308.00305
2023-12-30 12:15:00,42013.67,42077.43,41964.61,42077.43,216.59259
2023-12-30 12:30:00,42077.42,42104.7,41921.68,41941.99,294.94277
2023-12-30 12:45:00,41942.0,42006.83,41932.08,41990.3,223.12251
2023-12-30 13:00:00,41990.31,42023.97,41950.32,41950.32,191.53988
2023-12-30 13:15:00,41950.32,41951.1,41886.43,41945.99,238.8918
2023-12-30 13:30:00,41945.99,42000.0,41915.69,41967.67,181.17845
2023-12-30 13:45:00,41967.67,42050.0,41942.81,42029.35,254.049
2023-12-30 14:00:00,42029.35,42300.0,42029.35,42184.53,618.4824
2023-12-30 14:15:00,42184.54,42208.0,42060.0,42101.73,269.66388
2023-12-30 14:30:00,42101.74,42128.42,42071.06,42127.4,191.25431
2023-12-30 14:45:00,42127.39,42256.03,42127.39,42244.12,268.70697
2023-12-30 15:00:00,42244.11,42325.0,42204.57,42267.39,342.66683
2023-12-30 15:15:00,42267.39,42267.4,42183.09,42213.84,285.74869
2023-12-30 15:30:00,42213.83,42296.3,42187.14,42287.45,241.99045
2023-12-30 15:45:00,42287.44,42430.0,42279.07,42374.96,424.76733
2023-12-30 16:00:00,42374.97,42569.99,42371.11,42560.15,750.51298
2023-12-30 16:15:00,42560.15,42606.0,42472.0,42489.95,584.12125
2023-12-30 16:30:00,42489.95,42594.0,42424.8,42438.77,321.8599
2023-12-30 16:45:00,42438.77,42465.99,42385.53,42406.97,256.43748
2023-12-30 17:00:00,42406.97,42444.05,42269.18,42286.0,316.79288
2023-12-30 17:15:00,42286.0,42561.63,42247.44,42561.63,775.54382
2023-12-30 17:30:00,42561.62,42612.32,42455.17,42480.4,509.45499
2023-12-30 17:45:00,42480.4,42529.99,42451.26,42489.0,217.78572
2023-12-30 18:00:00,42489.0,42515.26,42376.23,42406.03,236.9774
2023-12-30 18:15:00,42406.03,42459.62,42395.66,42399.58,196.85635
2023-12-30 18:30:00,42399.58,42426.64,42336.5,42341.11,157.92733
2023-12-30 18:45:00,42341.1,42434.91,42329.62,42411.11,199.10567
2023-12-30 19:00:00,42411.11,42411.11,42339.24,42357.43,176.86762
2023-12-30 19:15:00,42357.42,42440.68,42345.67,42413.23,199.58965
2023-12-30 19:30:00,42413.24,42455.46,42382.02,42390.2,196.50621
2023-12-30 19:45:00,42390.2,42438.26,42353.99,42361.13,168.09916
2023-12-30 20:00:00,42361.13,42399.25,42353.8,42376.7,144.41738
2023-12-30 20:15:00,42376.71,42382.91,42348.83,42380.49,145.57094
2023-12-30 20:30:00,42380.49,42380.5,42199.98,42231.09,316.85357
2023-12-30 20:45:00,42231.09,42296.0,42216.0,42283.95,190.35193
2023-12-30 21:00:00,42283.95,42317.19,42223.99,42296.0,183.74138
2023-12-30 21:15:00,42296.0,42329.77,42257.32,42309.96,226.27145
2023-12-30 21:30:00,42309.96,42322.08,42240.0,42275.4,180.58954
2023-12-30 21:45:00,42275.4,42305.08,42244.19,42305.08,164.01073
2023-12-30 22:00:00,42305.08,42305.08,42252.37,42296.61,190.81068
2023-12-30 22:15:00,42296.6,42308.69,42218.87,42265.83,100.83277
2023-12-30 22:30:00,42265.83,42265.84,42228.67,42234.53,82.10224
2023-12-30 22:45:00,42234.53,42234.53,42079.97,42132.73,228.64354
2023-12-30 23:00:00,42132.73,42241.24,42102.88,42230.69,254.47597
2023-12-30 23:15:00,42230.7,42295.61,42217.56,42242.01,150.66284
2023-12-30 23:30:00,42242.0,42260.0,42162.0,42179.36,161.44629
2023-12-30 23:45:00,42179.36,42219.61,42133.95,42140.28,109.20647
2023-12-31 00:00:00,42140.29,42278.66,42140.28,42257.85,195.45088
2023-12-31 00:15:00,42257.86,42355.46,42243.35,42255.78,222.46243
2023-12-31 00:30:00,42255.78,42429.64,42239.41,42358.56,322.86516
2023-12-31 00:45:00,42358.57,42401.58,42315.96,42367.87,236.99952
2023-12-31 01:00:00,42367.87,42433.49,42333.24,42344.7,201.85241
2023-12-31 01:15:00,42344.71,42344.71,42288.2,42288.2,197.52217
2023-12-31 01:30:00,42288.2,42288.21,42165.84,42180.37,144.65126
2023-12-31 01:45:00,42180.36,42227.93,42156.59,42170.63,166.67089
2023-12-31 02:00:00,42170.62,42236.0,42170.58,42226.0,121.4396
2023-12-31 02:15:00,42226.0,42237.11,42168.01,42197.99,90.33772
2023-12-31 02:30:00,42198.0,42205.99,42016.0,42074.29,386.43851
2023-12-31 02:45:00,42074.29,42094.0,41965.84,42084.48,276.33014
2023-12-31 03:00:00,42084.48,42120.0,42054.23,42056.01,149.99387
2023-12-31 03:15:00,42056.01,42090.0,42026.0,42046.44,184.59019
2023-12-31 03:30:00,42046.45,42160.4,42046.44,42153.26,149.82341
2023-12-31 03:45:00,42153.27,42186.03,42122.07,42176.0,97.10639
2023-12-31 04:00:00,42175.99,42231.98,42156.09,42230.03,152.81425
2023-12-31 04:15:00,42230.04,42298.01,42222.32,42292.0,198.30859
2023-12-31 04:30:00,42292.01,42325.66,42219.12,42224.66,167.79392
2023-12-31 04:45:00,42224.66,42231.67,42185.43,42226.29,119.08113
2023-12-31 05:00:00,42226.29,42275.02,42210.0,42250.0,150.62009
2023-12-31 05:15:00,42250.0,42260.78,42220.0,42220.0,105.01667
2023-12-31 05:30:00,42220.0,42254.57,42207.42,42254.57,120.15287
2023-12-31 05:45:00,42248.0,42316.0,42194.65,42198.0,153.06545
2023-12-31 06:00:00,42198.0,42260.0,42192.0,42252.0,94.23398
2023-12-31 06:15:00,42252.01,42268.05,42228.35,42228.35,91.74195
2023-12-31 06:30:00,42228.36,42283.9,42212.56,42268.6,133.60554
2023-12-31 06:45:00,42268.61,42279.19,42251.1,42252.68,67.62684
2023-12-31 07:00:00,42252.67,42350.0,42252.67,42314.03,215.15608
2023-12-31 07:15:00,42314.03,42566.0,42314.02,42533.71,1134.20666
2023-12-31 07:30:00,42533.71,42693.0,42450.98,42499.34,801.65487
2023-12-31 07:45:00,42499.35,42557.9,42451.1,42537.1,210.02839
2023-12-31 08:00:00,42537.1,42575.16,42469.12,42487.72,250.95334
2023-12-31 08:15:00,42487.72,42525.71,42398.54,42407.63,238.86431
2023-12-31 08:30:00,42407.62,42428.0,42369.15,42372.52,153.52034
2023-12-31 08:45:00,42372.53,42488.32,42372.52,42480.79,165.12233
2023-12-31 09:00:00,42480.79,42640.0,42441.48,42640.0,370.98188
2023-12-31 09:15:00,42639.99,42785.0,42580.0,42731.09,666.99151
2023-12-31 09:30:00,42731.09,42830.0,42710.0,42814.19,431.80208
2023-12-31 09:45:00,42814.19,42899.0,42681.81,42746.54,631.99018
2023-12-31 10:00:00,42746.53,42779.29,42697.5,42704.37,245.92677
2023-12-31 10:15:00,42704.36,42710.86,42617.87,42641.11,344.44896
2023-12-31 10:30:00,42641.1,42727.27,42634.04,42705.33,224.15794
2023-12-31 10:45:00,42705.33,42714.68,42644.74,42659.42,234.40898
2023-12-31 11:00:00,42659.42,42684.0,42595.08,42649.99,223.55554
2023-12-31 11:15:00,42649.99,42650.0,42573.17,42599.11,158.16893
2023-12-31 11:30:00,42599.11,42615.0,42549.7,42575.78,116.79282
2023-12-31 11:45:00,42575.78,42575.78,42506.0,42518.36,168.43507
2023-12-31 12:00:00,42518.36,42560.49,42464.87,42547.99,224.40172
2023-12-31 12:15:00,42548.0,42618.74,42541.1,42573.99,226.08957
2023-12-31 12:30:00,42574.0,42646.27,42534.65,42566.21,247.31492
2023-12-31 12:45:00,42566.22,42566.22,42352.76,42428.48,365.27423
2023-12-31 13:00:00,42428.48,42514.75,42378.01,42508.53,317.23706
2023-12-31 13:15:00,42508.53,42538.88,42461.96,42473.95,230.70892
2023-12-31 13:30:00,42473.96,42500.0,42431.8,42466.66,144.506
2023-12-31 13:45:00,42466.67,42525.16,42443.5,42458.58,163.42486
2023-12-31 14:00:00,42458.58,42493.97,42419.44,42461.7,182.45833
2023-12-31 14:15:00,42461.7,42504.08,42409.07,42504.07,157.08877
2023-12-31 14:30:00,42504.07,42525.8,42461.99,42513.76,141.95388
2023-12-31 14:45:00,42513.76,42542.85,42491.1,42526.96,166.77127
2023-12-31 15:00:00,42526.97,42591.1,42514.01,42588.21,179.19793
2023-12-31 15:15:00,42588.21,42595.01,42450.0,42450.34,219.04222
2023-12-31 15:30:00,42450.33,42511.79,42361.1,42497.86,291.08596
2023-12-31 15:45:00,42497.85,42518.15,42411.1,42457.17,147.09612
2023-12-31 16:00:00,42457.17,42558.26,42436.47,42556.15,187.52045
2023-12-31 16:15:00,42556.15,42592.59,42526.12,42562.31,193.38939
2023-12-31 16:30:00,42562.32,42671.99,42561.1,42641.36,238.9177
2023-12-31 16:45:00,42641.37,42700.0,42565.97,42592.47,243.00029
2023-12-31 17:00:00,42592.47,42648.38,42572.76,42631.99,214.25169
2023-12-31 17:15:00,42631.99,42643.86,42504.04,42504.05,175.48585
2023-12-31 17:30:00,42504.04,42526.7,42472.5,42526.69,154.38429
2023-12-31 17:45:00,42526.69,42659.52,42526.69,42616.23,242.68718
2023-12-31 18:00:00,42616.24,42631.59,42559.98,42585.46,155.67935
2023-12-31 18:15:00,42585.46,42629.66,42538.37,42629.66,146.8104
2023-12-31 18:30:00,42629.65,42719.8,42624.0,42696.77,228.64077
2023-12-31 18:45:00,42696.76,42702.54,42629.18,42656.7,151.86639
2023-12-31 19:00:00,42656.69,42683.99,42620.22,42639.99,165.06994
2023-12-31 19:15:00,42639.98,42676.72,42586.91,42673.07,208.49233
2023-12-31 19:30:00,42673.06,42678.01,42598.46,42670.74,136.83132
2023-12-31 19:45:00,42670.73,42695.44,42604.33,42619.04,193.16432
2023-12-31 20:00:00,42619.04,42651.1,42561.1,42576.01,223.73061
2023-12-31 20:15:00,42576.0,42680.36,42566.96,42581.99,285.54644
2023-12-31 20:30:00,42581.99,42625.75,42539.45,42571.11,252.20521
2023-12-31 20:45:00,42571.11,42594.6,42504.56,42558.01,253.65809
2023-12-31 21:00:00,42558.02,42610.0,42550.05,42591.44,179.69089
2023-12-31 21:15:00,42591.45,42670.44,42591.44,42629.3,284.98371
2023-12-31 21:30:00,42629.31,42641.97,42535.0,42601.32,230.14483
2023-12-31 21:45:00,42601.33,42601.33,42520.72,42520.72,228.6187
2023-12-31 22:00:00,42520.73,42575.16,42481.88,42515.95,249.73862
2023-12-31 22:15:00,42515.95,42573.5,42426.83,42573.5,226.44328
2023-12-31 22:30:00,42573.49,42591.1,42489.93,42489.93,176.24524
2023-12-31 22:45:00,42489.94,42489.94,42056.0,42257.88,1159.16697
2023-12-31 23:00:00,42257.89,42345.65,42196.61,42230.13,637.99923
2023-12-31 23:15:00,42230.14,42235.09,42066.0,42181.8,614.77027
2023-12-31 23:30:00,42181.81,42242.95,42154.34,42241.09,215.21045
2023-12-31 23:45:00,42241.09,42283.59,42221.22,42283.58,242.15726
2024-01-01 00:00:00,42283.58,42488.09,42261.02,42488.0,431.71082
2024-01-01 00:15:00,42488.0,42554.57,42412.02,42419.73,392.24889
2024-01-01 00:30:00,42419.73,42447.82,42354.19,42441.32,319.90644
2024-01-01 00:45:00,42441.32,42490.74,42422.45,42475.23,127.81493
2024-01-01 01:00:00,42475.23,42475.23,42431.65,42466.33,188.76099
2024-01-01 01:15:00,42466.32,42513.17,42466.32,42493.16,152.48691
2024-01-01 01:30:00,42493.16,42775.0,42493.16,42697.5,642.57307
2024-01-01 01:45:00,42697.5,42720.0,42613.56,42613.56,212.55759
2024-01-01 02:00:00,42613.57,42638.41,42541.1,42556.63,217.29821
2024-01-01 02:15:00,42556.64,42571.68,42531.1,42546.01,139.29978
2024-01-01 02:30:00,42546.0,42606.25,42533.0,42535.75,193.14053
2024-01-01 02:45:00,42535.74,42590.0,42500.0,42581.1,135.48128
2024-01-01 03:00:00,42581.09,42586.64,42501.67,42508.24,169.14866
2024-01-01 03:15:00,42508.24,42508.24,42419.39,42429.47,175.84382
2024-01-01 03:30:00,42429.47,42459.02,42230.08,42302.19,199.04695
2024-01-01 03:45:00,42302.19,42358.84,42243.99,42330.49,250.76448
2024-01-01 04:00:00,42330.5,42377.43,42273.26,42287.5,157.71914
2024-01-01 04:15:00,42287.5,42315.0,42209.46,42307.39,261.25449
2024-01-01 04:30:00,42307.4,42345.08,42283.86,42310.98,153.21792
2024-01-01 04:45:00,42310.99,42399.99,42304.0,42399.99,143.22605
2024-01-01 05:00:00,42399.98,42406.0,42315.0,42352.0,189.17581
2024-01-01 05:15:00,42352.0,42361.1,42297.9,42297.91,182.56287
2024-01-01 05:30:00,42297.91,42321.13,42278.0,42300.02,171.82087
2024-01-01 05:45:00,42300.01,42300.02,42180.77,42234.01,192.97197
2024-01-01 06:00:00,42234.01,42301.98,42208.68,42276.01,191.20854
2024-01-01 06:15:00,42276.0,42344.76,42270.22,42321.1,117.6485
2024-01-01 06:30:00,42321.1,42385.57,42309.15,42377.62,156.48093
2024-01-01 06:45:00,42377.61,42424.82,42372.52,42396.69,136.03453
2024-01-01 07:00:00,42396.69,42481.1,42396.68,42454.01,243.30938
2024-01-01 07:15:00,42454.01,42500.0,42434.87,42487.7,164.73232
2024-01-01 07:30:00,42487.7,42500.0,42446.71,42446.72,130.65424
2024-01-01 07:45:00,42446.71,42492.47,42432.56,42492.46,114.98124
2024-01-01 08:00:00,42492.46,42529.91,42452.58,42514.28,137.17234
2024-01-01 08:15:00,42514.28,42537.53,42477.6,42482.0,93.47006
2024-01-01 08:30:00,42482.0,42504.79,42461.1,42492.91,89.52769
2024-01-01 08:45:00,42492.91,42556.5,42489.95,42549.99,107.02356
2024-01-01 09:00:00,42550.0,42577.88,42537.18,42574.24,151.36603
2024-01-01 09:15:00,42574.24,42658.44,42574.2,42588.01,230.05566
2024-01-01 09:30:00,42588.01,42699.32,42588.0,42639.02,338.11462
2024-01-01 09:45:00,42639.02,42690.0,42620.54,42649.69,160.0886
2024-01-01 10:00:00,42649.69,42692.23,42645.69,42663.27,163.41156
2024-01-01 10:15:00,42663.27,42708.93,42628.0,42666.42,245.29511
2024-01-01 10:30:00,42666.41,42717.14,42666.41,42712.0,227.67694
2024-01-01 10:45:00,42711.99,42749.36,42691.1,42691.1,220.4349
2024-01-01 11:00:00,42691.1,42762.39,42688.38,42695.16,277.09529
2024-01-01 11:15:00,42695.16,42720.0,42653.33,42681.1,188.48554
2024-01-01 11:30:00,42681.11,42685.34,42605.21,42607.81,183.90283
2024-01-01 11:45:00,42607.81,42699.99,42607.81,42690.2,135.68201
2024-01-01 12:00:00,42690.21,42739.22,42611.45,42626.53,163.8233
2024-01-01 12:15:00,42626.52,42704.28,42626.52,42684.15,132.72239
2024-01-01 12:30:00,42684.16,42780.0,42671.01,42755.76,259.49534
2024-01-01 12:45:00,42755.77,42755.77,42643.68,42648.38,229.48748
2024-01-01 13:00:00,42648.37,42700.08,42612.76,42700.08,139.84328
2024-01-01 13:15:00,42700.07,42733.81,42700.0,42717.27,134.09815
2024-01-01 13:30:00,42717.28,42740.76,42670.0,42740.76,114.59877
2024-01-01 13:45:00,42740.75,42748.0,42704.8,42715.54,108.6622
2024-01-01 14:00:00,42715.54,42715.55,42594.94,42646.99,191.85635
2024-01-01 14:15:00,42646.99,42662.31,42580.0,42621.09,171.67383
2024-01-01 14:30:00,42621.1,42661.89,42596.91,42646.56,139.91173
2024-01-01 14:45:00,42646.56,42657.92,42586.5,42612.24,207.56961
2024-01-01 15:00:00,42612.24,42650.0,42586.51,42649.99,155.56234
2024-01-01 15:15:00,42650.0,42733.28,42635.79,42683.2,134.6973
2024-01-01 15:30:00,42683.21,42847.07,42601.1,42845.96,323.32251
2024-01-01 15:45:00,42845.95,42846.76,42741.2,42783.05,329.11948
2024-01-01 16:00:00,42783.05,42847.3,42761.68,42839.74,292.26266
2024-01-01 16:15:00,42839.74,42856.0,42664.42,42723.04,315.66972
2024-01-01 16:30:00,42723.03,42782.6,42703.39,42775.59,174.37847
2024-01-01 16:45:00,42775.6,42779.2,42711.56,42725.15,136.39971
2024-01-01 17:00:00,42725.15,42781.09,42723.47,42777.53,206.73262
2024-01-01 17:15:00,42777.53,42778.39,42718.72,42731.11,167.99824
2024-01-01 17:30:00,42731.12,42742.44,42704.42,42731.04,132.05331
2024-01-01 17:45:00,42731.04,42824.9,42731.03,42812.7,170.55261
2024-01-01 18:00:00,42812.71,43128.0,42812.7,43104.16,880.3512
2024-01-01 18:15:00,43104.15,43208.86,43034.0,43063.05,570.82722
2024-01-01 18:30:00,43063.06,43161.1,43018.86,43152.11,359.86481
2024-01-01 18:45:00,43152.12,43178.65,43073.93,43111.1,332.26574
2024-01-01 19:00:00,43111.1,43189.22,43103.64,43179.7,226.44322
2024-01-01 19:15:00,43179.69,43316.88,43146.88,43262.01,474.70725
2024-01-01 19:30:00,43262.01,43409.3,43234.16,43395.09,551.50544
2024-01-01 19:45:00,43395.08,43550.0,43395.08,43517.99,694.95942
2024-01-01 20:00:00,43517.98,43757.13,43510.71,43643.98,1171.92702
2024-01-01 20:15:00,43643.99,43717.76,43559.94,43699.56,588.84217
2024-01-01 20:30:00,43699.56,43800.0,43636.39,43800.0,530.61168
2024-01-01 20:45:00,43799.99,43829.99,43648.04,43687.86,613.69208
2024-01-01 21:00:00,43687.85,43770.72,43687.85,43724.56,438.07214
2024-01-01 21:15:00,43724.56,43792.59,43632.0,43656.15,362.88262
2024-01-01 21:30:00,43656.14,43656.15,43480.76,43483.76,467.40274
2024-01-01 21:45:00,43483.77,43622.18,43483.76,43619.21,273.23376
2024-01-01 22:00:00,43619.22,43661.1,43515.58,43518.99,281.61532
2024-01-01 22:15:00,43519.0,43539.86,43361.6,43471.1,420.98564
2024-01-01 22:30:00,43471.11,43531.49,43439.17,43447.06,160.70295
2024-01-01 22:45:00,43447.06,43529.94,43447.05,43529.93,161.05981
2024-01-01 23:00:00,43529.94,43705.88,43529.93,43673.87,628.20007
2024-01-01 23:15:00,43673.86,44000.0,43630.0,43989.99,1134.26215
2024-01-01 23:30:00,43989.99,44100.03,43929.75,44084.87,933.08395
2024-01-01 23:45:00,44084.86,44184.1,44045.0,44179.55,780.42434
2024-01-02 00:00:00,44179.55,44650.0,44148.34,44630.09,2154.59235
2024-01-02 00:15:00,44630.1,44844.0,44450.0,44609.79,1997.62342
2024-01-02 00:30:00,44609.78,44768.29,44553.92,44732.01,1002.64655
2024-01-02 00:45:00,44732.01,45200.0,44677.43,45056.0,1831.39735
2024-01-02 01:00:00,45056.0,45372.79,44841.22,44841.22,2164.10983
2024-01-02 01:15:00,44841.22,45060.0,44832.01,44930.24,914.79727
2024-01-02 01:30:00,44930.24,45010.0,44799.55,44806.64,652.02581
2024-01-02 01:45:00,44806.64,44908.04,44686.0,44855.96,666.93085
2024-01-02 02:00:00,44855.96,44994.1,44855.95,44980.37,563.72114
2024-01-02 02:15:00,44980.38,45100.0,44895.07,45099.99,815.65968
2024-01-02 02:30:00,45099.99,45350.0,45073.9,45294.75,962.04592
2024-01-02 02:45:00,45294.75,45381.42,45166.35,45378.96,674.61561
2024-01-02 03:00:00,45378.96,45469.43,45131.1,45250.45,742.39427
2024-01-02 03:15:00,45250.45,45365.59,45192.37,45316.71,610.3825
2024-01-02 03:30:00,45316.7,45500.0,45312.1,45418.03,613.83261
2024-01-02 03:45:00,45418.03,45456.86,45336.65,45402.38,726.51143
2024-01-02 04:00:00,45402.38,45468.99,45240.38,45390.0,766.28725
2024-01-02 04:15:00,45389.99,45400.0,45278.96,45362.27,410.71835
2024-01-02 04:30:00,45362.27,45362.28,45176.67,45224.91,618.75186
2024-01-02 04:45:00,45224.9,45240.52,45170.0,45179.8,472.51826
2024-01-02 05:00:00,45179.8,45324.72,45121.96,45314.0,502.96296
2024-01-02 05:15:00,45314.01,45324.72,45231.1,45261.08,447.55841
2024-01-02 05:30:00,45261.08,45291.59,45221.79,45249.21,272.09113
2024-01-02 05:45:00,45249.21,45318.44,45133.17,45179.48,394.6717
2024-01-02 06:00:00,45179.48,45240.03,45130.0,45240.02,351.09122
2024-01-02 06:15:00,45240.03,45283.44,45195.99,45250.2,245.4741
2024-01-02 06:30:00,45250.2,45300.0,45204.27,45295.0,295.08158
2024-01-02 06:45:00,45295.0,45308.15,45168.74,45168.75,498.69142
2024-01-02 07:00:00,45168.75,45397.25,45168.74,45339.3,564.10005
2024-01-02 07:15:00,45339.3,45643.75,45295.65,45461.1,1025.654
2024-01-02 07:30:00,45461.1,45526.42,45278.9,45526.42,781.41297
2024-01-02 07:45:00,45526.41,45528.0,45434.11,45455.53,741.35776
2024-01-02 08:00:00,45455.52,45666.67,45326.6,45646.38,588.4528
2024-01-02 08:15:00,45646.37,45849.84,45595.84,45748.52,1258.94157
2024-01-02 08:30:00,45748.53,45852.93,45620.62,45667.67,742.45343
2024-01-02 08:45:00,45667.67,45799.54,45576.13,45759.3,733.36927
2024-01-02 09:00:00,45759.3,45879.63,45658.28,45691.1,613.22317
2024-01-02 09:15:00,45691.09,45857.13,45672.87,45831.12,500.52723
2024-01-02 09:30:00,45831.12,45831.12,45632.0,45660.88,424.49139
2024-01-02 09:45:00,45660.88,45790.21,45631.1,45673.48,558.22016
2024-01-02 10:00:00,45673.48,45711.1,45553.3,45692.54,516.04549
2024-01-02 10:15:00,45692.53,45710.22,45591.1,45647.92,440.98747
2024-01-02 10:30:00,45647.92,45654.1,45522.4,45581.16,438.80866
2024-01-02 10:45:00,45581.17,45586.94,45431.52,45584.99,673.38087
2024-01-02 11:00:00,45585.0,45698.67,45551.1,45560.0,464.8328
2024-01-02 11:15:00,45560.0,45580.0,45494.17,45496.57,364.13178
2024-01-02 11:30:00,45496.58,45548.16,45200.0,45245.99,975.59572
2024-01-02 11:45:00,45245.99,45434.0,45241.02,45433.99,733.93277
2024-01-02 12:00:00,45433.99,45489.0,45335.46,45375.34,405.33264
2024-01-02 12:15:00,45375.34,45469.52,45316.0,45450.0,379.06954
2024-01-02 12:30:00,45450.0,45589.68,45437.28,45455.31,664.83795
2024-01-02 12:45:00,45455.31,45484.32,45271.04,45301.99,678.87134
2024-01-02 13:00:00,45302.0,45481.1,45264.39,45472.8,359.97435
2024-01-02 13:15:00,45472.8,45560.0,45334.01,45525.12,801.09701
2024-01-02 13:30:00,45525.11,45701.96,45518.66,45662.48,567.58876
2024-01-02 13:45:00,45662.48,45705.8,45577.84,45637.93,525.10856
2024-01-02 14:00:00,45637.92,45800.0,45625.0,45768.77,763.97807
2024-01-02 14:15:00,45768.78,45800.0,45554.35,45638.03,620.56646
2024-01-02 14:30:00,45638.04,45675.0,45333.33,45524.5,911.21035
2024-01-02 14:45:00,45524.5,45524.5,44970.0,45258.73,2257.45755
2024-01-02 15:00:00,45258.73,45349.98,45073.89,45100.66,1230.79934
2024-01-02 15:15:00,45100.66,45117.64,44833.33,45004.01,1690.5934
2024-01-02 15:30:00,45004.0,45298.01,44887.46,45284.59,826.46227
2024-01-02 15:45:00,45284.6,45300.0,45153.47,45184.82,553.18156
2024-01-02 16:00:00,45184.83,45274.24,45018.01,45081.09,638.28871
2024-01-02 16:15:00,45081.09,45189.65,44890.11,45189.19,1056.30351
2024-01-02 16:30:00,45189.18,45250.0,45072.96,45235.97,548.0289
2024-01-02 16:45:00,45235.96,45399.84,45182.25,45357.84,809.61671
2024-01-02 17:00:00,45357.84,45382.08,45214.14,45239.99,499.57629
2024-01-02 17:15:00,45240.0,45298.0,45151.05,45208.01,525.18623
2024-01-02 17:30:00,45208.0,45208.01,44950.48,45069.27,814.45426
2024-01-02 17:45:00,45069.28,45119.14,44955.07,44966.15,700.7863
2024-01-02 18:00:00,44966.16,45119.23,44955.07,45023.76,581.72062
2024-01-02 18:15:00,45023.75,45152.26,44944.0,45125.89,407.95589
2024-01-02 18:30:00,45125.89,45271.2,45072.63,45077.88,461.6179
2024-01-02 18:45:00,45077.88,45226.14,45057.14,45154.69,354.78289
2024-01-02 19:00:00,45154.7,45243.0,45108.72,45121.11,391.93333
2024-01-02 19:15:00,45121.1,45163.34,44790.96,44873.99,834.2873
2024-01-02 19:30:00,44873.99,45071.1,44810.89,44958.76,649.59555
2024-01-02 19:45:00,44958.76,45113.29,44887.15,45039.49,471.47006
2024-01-02 20:00:00,45039.49,45150.0,44949.1,45093.77,528.52623
2024-01-02 20:15:00,45093.77,45180.55,44929.92,44954.41,364.49339
2024-01-02 20:30:00,44954.4,44984.74,44799.92,44831.53,455.28493
2024-01-02 20:45:00,44831.53,44986.09,44742.96,44788.28,591.72034
2024-01-02 21:00:00,44788.27,44844.2,44600.0,44843.99,819.91972
2024-01-02 21:15:00,44844.0,44940.51,44801.1,44805.11,364.66041
2024-01-02 21:30:00,44805.12,45011.97,44777.0,44943.84,343.88369
2024-01-02 21:45:00,44943.85,45119.76,44921.1,45119.74,515.27801
2024-01-02 22:00:00,45119.74,45297.26,45070.0,45153.59,721.55517
2024-01-02 22:15:00,45153.6,45222.0,45042.0,45061.34,289.90979
2024-01-02 22:30:00,45061.34,45061.35,44920.0,44927.37,241.48526
2024-01-02 22:45:00,44927.37,45111.1,44840.01,44981.73,338.62469
2024-01-02 23:00:00,44981.72,45006.36,44928.0,44985.22,256.73287
2024-01-02 23:15:00,44985.22,45049.98,44958.85,44967.48,223.28956
2024-01-02 23:30:00,44967.47,44967.48,44802.01,44831.76,327.2845
2024-01-02 23:45:00,44831.75,44982.71,44807.09,44946.91,272.92026
2024-01-03 00:00:00,44946.91,45061.1,44936.79,45005.98,389.41398
2024-01-03 00:15:00,45005.98,45015.76,44862.11,44898.01,272.71943
2024-01-03 00:30:00,44898.01,45147.36,44875.01,45147.36,383.50134
2024-01-03 00:45:00,45147.35,45212.57,45045.0,45135.61,364.68429
2024-01-03 01:00:00,45135.61,45217.35,45106.56,45182.16,284.18244
2024-01-03 01:15:00,45182.16,45227.28,45150.0,45162.3,228.42126
2024-01-03 01:30:00,45162.31,45249.99,45102.72,45241.5,242.90041
2024-01-03 01:45:00,45241.49,45329.83,45209.41,45317.58,410.67684
2024-01-03 02:00:00,45317.58,45410.91,45274.48,45274.5,689.0726
2024-01-03 02:15:00,45274.51,45327.42,45211.73,45322.78,348.61491
2024-01-03 02:30:00,45322.77,45354.16,45251.77,45270.37,196.75688
2024-01-03 02:45:00,45270.37,45285.54,45223.12,45274.57,200.37192
2024-01-03 03:00:00,45274.57,45294.94,45196.45,45288.02,204.57499
2024-01-03 03:15:00,45288.02,45310.0,45225.85,45233.3,196.29457
2024-01-03 03:30:00,45233.3,45238.07,45151.91,45204.99,182.70618
2024-01-03 03:45:00,45204.99,45262.79,45188.15,45262.69,155.79392
2024-01-03 04:00:00,45262.7,45268.91,45187.22,45220.53,256.57084
2024-01-03 04:15:00,45220.54,45272.16,45206.88,45206.89,189.75968
2024-01-03 04:30:00,45206.89,45219.15,45115.59,45160.07,201.78055
2024-01-03 04:45:00,45160.07,45207.12,45146.84,45183.45,148.67493
2024-01-03 05:00:00,45183.45,45230.0,45118.91,45229.99,229.88324
2024-01-03 05:15:00,45230.0,45290.88,45224.44,45289.06,184.27217
2024-01-03 05:30:00,45289.06,45294.11,45227.78,45240.95,203.80002
2024-01-03 05:45:00,45240.95,45269.94,45167.57,45172.13,231.43289
2024-01-03 06:00:00,45172.12,45208.16,45160.0,45204.02,377.19594
2024-01-03 06:15:00,45204.01,45302.26,45204.01,45286.33,259.82676
2024-01-03 06:30:00,45286.32,45286.33,45218.31,45256.89,254.7362
2024-01-03 06:45:00,45256.9,45363.19,45256.89,45326.93,372.79674
2024-01-03 07:00:00,45326.92,45384.84,45280.29,45353.76,323.22341
2024-01-03 07:15:00,45353.77,45369.84,45297.67,45359.1,197.39235
2024-01-03 07:30:00,45359.11,45369.15,45133.33,45150.27,393.1147
2024-01-03 07:45:00,45150.27,45152.0,44940.93,45011.77,866.65475
2024-01-03 08:00:00,45011.77,45125.0,45001.1,45064.73,494.5245
2024-01-03 08:15:00,45064.73,45175.68,45064.72,45164.67,357.55142
2024-01-03 08:30:00,45164.66,45168.44,45025.17,45051.1,299.82183
2024-01-03 08:45:00,45051.1,45200.0,45041.73,45200.0,311.05432
2024-01-03 09:00:00,45200.0,45318.62,45185.39,45301.43,376.66976
2024-01-03 09:15:00,45301.44,45363.63,45218.48,45354.38,434.25444
2024-01-03 09:30:00,45354.37,45500.0,45292.59,45414.99,724.36616
2024-01-03 09:45:00,45415.0,45428.59,45325.0,45344.67,470.9976
2024-01-03 10:00:00,45344.66,45398.37,45300.78,45363.63,350.53847
2024-01-03 10:15:00,45363.62,45383.91,45224.01,45284.12,409.47784
2024-01-03 10:30:00,45284.12,45309.58,45054.78,45070.27,610.48675
2024-01-03 10:45:00,45070.28,45169.68,45045.95,45151.91,548.09306
2024-01-03 11:00:00,45151.91,45174.07,44699.96,44736.81,1407.17181
2024-01-03 11:15:00,44736.81,44862.29,44336.0,44358.36,1971.00522
2024-01-03 11:30:00,44358.35,44564.0,44278.74,44498.77,1347.38339
2024-01-03 11:45:00,44498.76,44511.46,43500.0,43702.88,3124.13121
2024-01-03 12:00:00,43702.89,43716.0,40750.0,41872.16,9072.8703
2024-01-03 12:15:00,41883.98,42517.52,41871.24,42316.43,5007.45891
2024-01-03 12:30:00,42316.43,42423.45,42048.0,42163.53,3276.52558
2024-01-03 12:45:00,42163.52,42794.77,42126.36,42789.38,2798.6148
2024-01-03 13:00:00,42789.39,42820.92,42502.0,42539.86,1571.02765
2024-01-03 13:15:00,42539.87,42694.0,42315.99,42468.28,1679.4159
2024-01-03 13:30:00,42468.28,42683.26,42404.01,42536.0,1181.08302
2024-01-03 13:45:00,42536.0,42571.1,42310.0,42529.4,1155.51903
2024-01-03 14:00:00,42529.4,42532.0,42259.14,42293.99,1013.40136
2024-01-03 14:15:00,42293.99,42385.46,42050.0,42101.72,1588.26118
2024-01-03 14:30:00,42101.71,42350.0,42064.56,42350.0,1144.83523
2024-01-03 14:45:00,42349.99,42352.94,42168.44,42179.99,819.79083
2024-01-03 15:00:00,42180.0,42472.71,42175.14,42415.91,1115.15232
2024-01-03 15:15:00,42415.9,42478.6,42295.71,42419.83,905.65296
2024-01-03 15:30:00,42419.82,42514.97,42346.0,42399.18,741.71879
2024-01-03 15:45:00,42399.17,43009.02,42345.18,43000.01,2412.82424
2024-01-03 16:00:00,43000.01,43567.92,42881.1,43272.88,3247.31504
2024-01-03 16:15:00,43272.89,43461.71,43137.39,43434.39,1152.75714
2024-01-03 16:30:00,43434.39,43434.4,42787.84,42950.81,1709.86218
2024-01-03 16:45:00,42950.81,43080.0,42773.34,42992.67,863.88173
2024-01-03 17:00:00,42992.68,43034.59,42816.35,42917.62,673.87596
2024-01-03 17:15:00,42917.62,42917.62,42600.0,42785.6,1015.45562
2024-01-03 17:30:00,42785.6,42916.66,42741.1,42769.59,541.0026
2024-01-03 17:45:00,42769.59,42919.84,42637.04,42906.0,714.84223
2024-01-03 18:00:00,42906.0,43050.0,42831.1,42878.0,630.11987
2024-01-03 18:15:00,42877.99,43014.41,42732.74,42749.12,549.03983
2024-01-03 18:30:00,42749.13,42797.27,42500.0,42697.34,658.31772
2024-01-03 18:45:00,42697.35,42734.86,42000.0,42255.72,1476.57254
2024-01-03 19:00:00,42255.72,42518.66,42161.1,42450.01,1278.69135
2024-01-03 19:15:00,42450.0,42673.55,42438.0,42673.55,874.11027
2024-01-03 19:30:00,42673.55,43011.1,42631.1,42687.5,991.18036
2024-01-03 19:45:00,42687.49,42718.51,42550.0,42596.67,518.31748
2024-01-03 20:00:00,42596.66,42685.11,42518.7,42606.23,501.9799
2024-01-03 20:15:00,42606.24,42771.09,42603.21,42720.0,507.76312
2024-01-03 20:30:00,42719.99,42846.17,42643.07,42670.05,510.02398
2024-01-03 20:45:00,42670.04,42776.0,42661.9,42721.02,411.77287
2024-01-03 21:00:00,42721.02,42778.0,42581.1,42630.01,346.08147
2024-01-03 21:15:00,42630.01,42900.11,42627.47,42816.0,620.89535
2024-01-03 21:30:00,42815.99,42870.0,42757.78,42862.86,335.34259
2024-01-03 21:45:00,42862.85,42966.27,42850.0,42917.62,390.21114
2024-01-03 22:00:00,42917.61,42941.1,42830.27,42922.08,395.41272
2024-01-03 22:15:00,42922.09,42939.24,42654.65,42688.81,561.24354
2024-01-03 22:30:00,42688.81,42751.09,42647.73,42653.32,262.37001
2024-01-03 22:45:00,42653.33,42758.86,42596.24,42749.68,166.85964
2024-01-03 23:00:00,42749.69,42772.27,42591.09,42631.96,383.79092
2024-01-03 23:15:00,42631.96,42781.1,42614.59,42766.43,292.93727
2024-01-03 23:30:00,42766.44,42768.58,42697.71,42706.0,224.99786
2024-01-03 23:45:00,42706.0,42845.23,42695.19,42845.23,224.04642
2024-01-04 00:00:00,42845.23,42946.84,42754.0,42936.42,772.14383
2024-01-04 00:15:00,42936.42,42983.77,42800.0,42890.36,421.99868
2024-01-04 00:30:00,42890.35,42943.24,42848.35,42856.0,236.61327
2024-01-04 00:45:00,42855.99,42886.0,42816.07,42874.01,189.08669
2024-01-04 01:00:00,42874.0,42936.79,42816.1,42891.7,284.38417
2024-01-04 01:15:00,42891.7,42891.7,42613.77,42712.0,511.53803
2024-01-04 01:30:00,42712.0,42764.78,42633.64,42664.01,305.52718
2024-01-04 01:45:00,42664.01,42753.55,42644.01,42708.01,236.51589
2024-01-04 02:00:00,42708.01,42894.34,42690.02,42894.33,266.72728
2024-01-04 02:15:00,42894.34,42958.94,42861.46,42884.01,349.87255
2024-01-04 02:30:00,42884.0,42945.99,42863.35,42944.57,177.4946
2024-01-04 02:45:00,42944.56,43219.36,42944.56,43138.49,462.07827
2024-01-04 03:00:00,43138.5,43211.1,43072.58,43155.24,354.3958
2024-01-04 03:15:00,43155.23,43220.56,43018.34,43040.35,426.57593
2024-01-04 03:30:00,43040.36,43065.96,43002.15,43028.2,222.65838
2024-01-04 03:45:00,43028.19,43147.72,43028.19,43102.8,270.528
2024-01-04 04:00:00,43102.79,43114.17,42955.5,43033.1,503.88473
2024-01-04 04:15:00,43033.1,43136.0,43027.36,43128.0,220.90171
2024-01-04 04:30:00,43128.0,43145.16,43067.89,43097.91,156.74956
2024-01-04 04:45:00,43097.92,43200.0,43097.91,43149.99,198.47792
2024-01-04 05:00:00,43149.99,43190.0,43100.88,43164.0,198.34916
2024-01-04 05:15:00,43164.01,43200.0,43074.88,43088.04,215.71933
2024-01-04 05:30:00,43088.04,43273.08,43072.7,43234.84,334.57008
2024-01-04 05:45:00,43234.84,43244.34,43126.18,43183.74,222.66389
2024-01-04 06:00:00,43183.74,43232.95,43103.78,43111.8,283.20588
2024-01-04 06:15:00,43111.8,43160.0,43086.59,43131.99,264.82444
2024-01-04 06:30:00,43131.99,43217.39,43101.1,43201.53,253.64463
2024-01-04 06:45:00,43201.54,43207.1,43134.67,43155.46,188.31174
2024-01-04 07:00:00,43155.46,43261.64,43025.56,43099.92,667.71121
2024-01-04 07:15:00,43099.93,43115.72,42970.39,43061.96,425.40727
2024-01-04 07:30:00,43061.96,43174.79,42816.49,42989.58,814.76328
2024-01-04 07:45:00,42989.59,43008.72,42756.97,42763.08,494.21146
2024-01-04 08:00:00,42763.08,42916.82,42762.96,42859.29,478.21032
2024-01-04 08:15:00,42859.3,42975.38,42699.83,42939.24,550.03522
2024-01-04 08:30:00,42939.24,42953.08,42779.2,42791.11,368.35744
2024-01-04 08:45:00,42791.1,42886.0,42787.66,42849.66,253.72563
2024-01-04 09:00:00,42849.67,42943.21,42849.66,42871.12,285.47558
2024-01-04 09:15:00,42871.12,43029.51,42863.39,42987.65,272.1239
2024-01-04 09:30:00,42987.65,43084.38,42930.0,42955.28,518.82196
2024-01-04 09:45:00,42955.29,43062.74,42944.37,43007.74,335.55769
2024-01-04 10:00:00,43007.73,43080.16,42924.0,42939.4,399.80896
2024-01-04 10:15:00,42939.41,42954.31,42616.28,42786.61,744.57126
2024-01-04 10:30:00,42786.61,43100.0,42726.34,43014.0,667.5844
2024-01-04 10:45:00,43014.0,43089.54,43000.0,43073.26,438.36771
2024-01-04 11:00:00,43073.26,43150.02,43007.0,43035.99,358.74823
2024-01-04 11:15:00,43035.99,43130.49,42927.33,43109.53,372.94795
2024-01-04 11:30:00,43109.53,43233.81,43109.53,43154.0,434.09199
2024-01-04 11:45:00,43153.99,43215.62,43121.75,43176.32,267.98125
2024-01-04 12:00:00,43176.33,43248.0,43097.06,43244.01,399.44944
2024-01-04 12:15:00,43244.0,43423.95,43141.34,43171.11,907.58676
2024-01-04 12:30:00,43171.11,43340.16,43131.9,43267.11,457.19963
2024-01-04 12:45:00,43267.1,43383.89,43267.1,43378.12,474.64842
2024-01-04 13:00:00,43378.11,43385.33,43287.04,43299.33,443.86252
2024-01-04 13:15:00,43299.32,43329.99,43222.23,43238.52,324.49608
2024-01-04 13:30:00,43238.51,43326.12,43167.27,43296.99,397.23202
2024-01-04 13:45:00,43297.0,43484.84,43272.54,43346.68,493.24992
2024-01-04 14:00:00,43346.67,43358.72,43258.48,43303.27,398.52329
2024-01-04 14:15:00,43303.28,43423.93,43285.56,43331.5,427.57992
2024-01-04 14:30:00,43331.49,43470.89,43250.0,43458.07,440.14456
2024-01-04 14:45:00,43458.07,43753.15,43381.25,43676.07,1383.55893
2024-01-04 15:00:00,43676.07,43820.81,43608.0,43820.8,950.00162
2024-01-04 15:15:00,43820.8,44199.99,43759.07,44154.01,1662.12214
2024-01-04 15:30:00,44154.01,44329.99,44045.88,44132.0,1714.31278
2024-01-04 15:45:00,44132.01,44132.01,43956.04,44051.1,725.0422
2024-01-04 16:00:00,44051.1,44134.8,43827.48,43928.01,1048.10157
2024-01-04 16:15:00,43928.01,44057.8,43801.0,43875.99,604.60926
2024-01-04 16:30:00,43875.98,43957.04,43777.86,43938.57,621.4621
2024-01-04 16:45:00,43938.57,44029.94,43867.5,43915.71,490.27745
2024-01-04 17:00:00,43915.7,44155.0,43841.56,44155.0,594.743
2024-01-04 17:15:00,44154.99,44225.75,44031.1,44085.6,667.51539
2024-01-04 17:30:00,44085.61,44114.96,43827.69,43830.29,817.7097
2024-01-04 17:45:00,43830.28,44055.55,43830.28,43990.01,430.92379
2024-01-04 18:00:00,43990.01,44109.92,43962.33,43978.01,485.50575
2024-01-04 18:15:00,43978.02,44049.99,43881.31,43976.26,402.49656
2024-01-04 18:30:00,43976.26,44100.0,43976.25,44080.78,300.44359
2024-01-04 18:45:00,44080.77,44152.09,44048.94,44048.96,331.74088
2024-01-04 19:00:00,44048.95,44257.0,44040.15,44213.52,558.82116
2024-01-04 19:15:00,44213.52,44419.62,44182.26,44384.21,772.06098
2024-01-04 19:30:00,44384.21,44437.5,44031.1,44099.32,789.7015
2024-01-04 19:45:00,44099.32,44099.32,43910.01,43956.48,483.40908
2024-01-04 20:00:00,43956.48,44027.1,43890.9,43984.99,395.91539
2024-01-04 20:15:00,43985.0,44079.73,43950.0,44071.09,318.80772
2024-01-04 20:30:00,44071.1,44690.0,44065.43,44328.9,1663.47682
2024-01-04 20:45:00,44328.9,44372.0,44097.56,44113.68,665.18982
2024-01-04 21:00:00,44113.68,44589.04,44113.67,44302.0,1296.30453
2024-01-04 21:15:00,44302.0,44440.56,44208.86,44411.1,394.31739
2024-01-04 21:30:00,44411.1,44459.58,44251.1,44257.6,457.28965
2024-01-04 21:45:00,44257.6,44444.64,44244.75,44430.86,390.99322
2024-01-04 22:00:00,44430.86,44628.35,44417.61,44622.99,594.2791
2024-01-04 22:15:00,44623.0,44729.58,44464.41,44469.33,925.25415
2024-01-04 22:30:00,44469.34,44469.34,44275.56,44384.25,463.65167
2024-01-04 22:45:00,44384.24,44384.25,44150.64,44318.0,487.63413
2024-01-04 23:00:00,44318.01,44355.22,44187.76,44231.1,334.59678
2024-01-04 23:15:00,44231.09,44353.14,44222.86,44313.0,219.02586
2024-01-04 23:30:00,44313.01,44328.15,44116.14,44155.21,447.17075
2024-01-04 23:45:00,44155.21,44189.11,44050.0,44151.1,307.68004
2024-01-05 00:00:00,44151.1,44215.29,44124.34,44195.98,405.26336
2024-01-05 00:15:00,44195.98,44248.47,44133.03,44219.02,368.20625
2024-01-05 00:30:00,44219.01,44226.24,43950.84,44097.95,668.58999
2024-01-05 00:45:00,44097.96,44233.09,44058.14,44211.1,322.71469
2024-01-05 01:00:00,44211.1,44284.0,44110.85,44145.64,367.40775
2024-01-05 01:15:00,44145.64,44145.65,43831.17,43897.89,713.40049
2024-01-05 01:30:00,43897.89,43957.76,43854.76,43926.01,366.28169
2024-01-05 01:45:00,43926.0,43926.01,42450.0,43376.0,3854.95839
2024-01-05 02:00:00,43376.0,43972.86,43330.54,43642.16,1605.77812
2024-01-05 02:15:00,43642.15,43670.58,43302.0,43302.0,808.689
2024-01-05 02:30:00,43302.0,43616.13,43302.0,43597.34,440.15665
2024-01-05 02:45:00,43597.34,43602.92,43469.16,43506.0,256.38469
2024-01-05 03:00:00,43506.01,43770.0,43498.87,43609.25,632.09916
2024-01-05 03:15:00,43609.26,43627.03,43502.6,43555.18,362.56542
2024-01-05 03:30:00,43555.19,43577.21,43456.22,43472.51,244.01441
2024-01-05 03:45:00,43472.5,43538.44,43409.79,43465.21,304.99258
2024-01-05 04:00:00,43465.21,43551.06,43338.23,43409.41,448.07103
2024-01-05 04:15:00,43409.41,43418.0,43187.89,43383.33,622.34482
2024-01-05 04:30:00,43383.33,43584.3,43330.27,43541.12,424.27016
2024-01-05 04:45:00,43541.12,43629.99,43527.67,43589.88,295.37033
2024-01-05 05:00:00,43589.87,43640.46,43531.1,43559.62,185.16828
2024-01-05 05:15:00,43559.62,43655.27,43559.61,43634.99,244.34748
2024-01-05 05:30:00,43634.99,43723.13,43612.92,43641.99,229.69432
2024-01-05 05:45:00,43641.99,43666.0,43507.48,43644.15,288.1388
2024-01-05 06:00:00,43644.16,43734.9,43632.27,43689.04,232.69843
2024-01-05 06:15:00,43689.03,43700.0,43601.67,43601.68,188.77359
2024-01-05 06:30:00,43601.68,43772.48,43578.08,43709.29,284.46302
2024-01-05 06:45:00,43709.3,43926.0,43685.62,43844.82,406.43277
2024-01-05 07:00:00,43845.08,43926.0,43748.49,43847.43,371.28557
2024-01-05 07:15:00,43847.43,43875.11,43765.0,43874.99,261.3336
2024-01-05 07:30:00,43874.99,43875.0,43782.94,43782.95,233.13424
2024-01-05 07:45:00,43782.94,43801.1,43715.93,43777.47,234.08387
2024-01-05 08:00:00,43777.48,43872.14,43771.1,43872.13,214.31562
2024-01-05 08:15:00,43872.14,43947.99,43781.08,43887.59,255.63133
2024-01-05 08:30:00,43887.6,43911.1,43779.98,43833.84,293.43249
2024-01-05 08:45:00,43833.84,43911.45,43814.4,43911.44,226.17686
2024-01-05 09:00:00,43911.44,44324.8,43911.44,44049.71,1323.97217
2024-01-05 09:15:00,44049.71,44103.63,43947.85,43975.46,526.02839
2024-01-05 09:30:00,43975.47,44185.0,43964.03,44066.88,404.06012
2024-01-05 09:45:00,44066.87,44180.21,44058.64,44147.21,374.62928
2024-01-05 10:00:00,44147.22,44157.03,44000.01,44007.84,338.83239
2024-01-05 10:15:00,44007.85,44081.1,43868.46,43949.07,322.41117
2024-01-05 10:30:00,43949.06,43968.61,43826.63,43931.66,404.9878
2024-01-05 10:45:00,43931.65,43951.1,43433.0,43628.18,810.65585
2024-01-05 11:00:00,43628.19,43823.6,43605.36,43722.0,487.77189
2024-01-05 11:15:00,43721.99,43914.02,43721.99,43858.4,393.44978
2024-01-05 11:30:00,43858.39,43916.8,43776.45,43814.15,347.30594
2024-01-05 11:45:00,43814.14,43827.57,43721.94,43771.34,331.97615
2024-01-05 12:00:00,43771.34,43874.99,43616.0,43756.42,448.69374
2024-01-05 12:15:00,43756.41,44110.07,43756.4,43926.04,772.49315
2024-01-05 12:30:00,43926.04,43988.58,43856.13,43914.0,316.85778
2024-01-05 12:45:00,43913.99,43929.81,43812.84,43882.52,327.94646
2024-01-05 13:00:00,43882.52,44039.24,43844.11,44001.07,418.47727
2024-01-05 13:15:00,44001.08,44096.49,43865.0,43919.04,343.93566
2024-01-05 13:30:00,43919.04,43966.89,43721.06,43888.5,846.09008
2024-01-05 13:45:00,43888.5,43998.39,43815.31,43986.01,385.75957
2024-01-05 14:00:00,43986.01,44062.36,43754.76,43823.12,670.08787
2024-01-05 14:15:00,43823.13,43869.99,43684.0,43724.0,559.51122
2024-01-05 14:30:00,43724.0,43784.52,43100.0,43617.83,1338.1698
2024-01-05 14:45:00,43617.83,43800.0,43433.33,43486.04,1015.51119
2024-01-05 15:00:00,43488.21,43801.1,43487.18,43781.21,739.56749
2024-01-05 15:15:00,43781.22,43796.2,43562.01,43690.63,643.58486
2024-01-05 15:30:00,43690.64,43764.99,43524.69,43532.97,449.55481
2024-01-05 15:45:00,43532.97,43590.0,43355.54,43500.01,768.03945
2024-01-05 16:00:00,43500.01,43568.18,43419.98,43567.39,442.69977
2024-01-05 16:15:00,43567.4,43592.64,43316.75,43384.23,471.85929
2024-01-05 16:30:00,43384.24,43518.89,43326.67,43422.59,707.58309
2024-01-05 16:45:00,43422.58,43472.69,43220.0,43225.99,779.05004
2024-01-05 17:00:00,43225.99,43374.16,43100.46,43319.81,1084.57115
2024-01-05 17:15:00,43319.81,43413.99,43305.93,43413.98,425.36674
2024-01-05 17:30:00,43413.98,43579.4,43356.36,43535.17,582.46058
2024-01-05 17:45:00,43535.17,43627.57,43473.01,43609.53,448.57655
2024-01-05 18:00:00,43609.52,43644.9,43514.1,43548.01,335.03942
2024-01-05 18:15:00,43548.02,43559.83,43418.0,43494.92,273.35746
2024-01-05 18:30:00,43494.91,43629.11,43462.1,43573.12,311.70353
2024-01-05 18:45:00,43573.13,43690.12,43526.0,43610.07,353.98614
2024-01-05 19:00:00,43610.08,43614.2,43527.0,43599.98,194.05173
2024-01-05 19:15:00,43599.98,43680.0,43534.35,43571.1,251.4545
2024-01-05 19:30:00,43571.09,43675.58,43561.1,43668.28,220.82652
2024-01-05 19:45:00,43668.28,43808.07,43520.15,43600.0,577.48962
2024-01-05 20:00:00,43600.0,43690.61,43599.99,43683.62,254.81173
2024-01-05 20:15:00,43683.63,43721.09,43612.0,43714.03,198.84832
2024-01-05 20:30:00,43714.03,43800.0,43714.03,43770.65,282.06692
2024-01-05 20:45:00,43770.64,44357.46,43723.15,43955.07,1764.97074
2024-01-05 21:00:00,43955.07,43971.1,43580.51,43754.68,759.96155
2024-01-05 21:15:00,43754.68,43880.78,43715.61,43788.77,371.48396
2024-01-05 21:30:00,43788.77,43830.36,43714.4,43737.28,215.47358
2024-01-05 21:45:00,43737.28,43954.32,43727.98,43946.26,262.33004
2024-01-05 22:00:00,43946.26,43991.71,43900.0,43934.47,325.3241
2024-01-05 22:15:00,43934.47,43954.01,43847.2,43882.9,248.5511
2024-01-05 22:30:00,43882.89,43961.1,43764.42,43777.18,273.83394
2024-01-05 22:45:00,43777.18,44048.64,43777.15,43967.44,176.84171
2024-01-05 23:00:00,43967.44,44318.61,43967.44,44200.63,908.77396
2024-01-05 23:15:00,44200.62,44236.89,44066.68,44085.06,339.22477
2024-01-05 23:30:00,44085.05,44156.48,44041.21,44047.99,191.94948
2024-01-05 23:45:00,44048.0,44145.12,43979.1,44145.11,269.70066
2024-01-06 00:00:00,44145.12,44214.42,44064.52,44120.43,284.19124
2024-01-06 00:15:00,44120.43,44127.99,44017.99,44041.12,253.13133
2024-01-06 00:30:00,44041.11,44120.4,43996.41,44027.88,174.20551
2024-01-06 00:45:00,44027.87,44117.51,43975.0,44068.8,168.0753
2024-01-06 01:00:00,44068.79,44094.4,43990.27,44038.61,208.14194
2024-01-06 01:15:00,44038.61,44062.2,43906.19,44002.05,271.28976
2024-01-06 01:30:00,44002.04,44047.88,43961.45,44033.84,161.67965
2024-01-06 01:45:00,44033.85,44041.1,43932.01,43970.64,216.38851
2024-01-06 02:00:00,43970.65,44009.24,43861.1,43889.33,263.41972
2024-01-06 02:15:00,43889.34,43914.24,43823.06,43894.0,213.52292
2024-01-06 02:30:00,43894.0,43957.01,43893.99,43920.99,129.64923
2024-01-06 02:45:00,43920.99,43937.31,43886.16,43909.31,111.4845
2024-01-06 03:00:00,43909.31,43927.45,43812.5,43886.06,179.5473
2024-01-06 03:15:00,43886.06,43943.88,43874.2,43914.39,123.9133
2024-01-06 03:30:00,43914.39,44018.57,43896.54,43983.92,238.43547
2024-01-06 03:45:00,43983.92,43983.93,43918.33,43931.1,126.38625
2024-01-06 04:00:00,43931.1,43971.1,43916.32,43923.77,98.3149
2024-01-06 04:15:00,43923.77,43928.11,43868.88,43898.03,113.62119
2024-01-06 04:30:00,43898.03,43932.17,43882.04,43920.16,93.24993
2024-01-06 04:45:00,43920.15,43920.16,43832.0,43850.0,117.17137
2024-01-06 05:00:00,43850.01,43871.1,43792.48,43829.02,182.19652
2024-01-06 05:15:00,43829.03,43829.03,43660.98,43673.99,382.30738
2024-01-06 05:30:00,43673.99,43780.62,43673.99,43710.0,173.9886
2024-01-06 05:45:00,43710.01,43744.0,43588.0,43698.72,436.16766
2024-01-06 06:00:00,43698.72,43700.34,43504.0,43609.99,430.43373
2024-01-06 06:15:00,43609.99,43637.99,43514.0,43582.29,388.29188
2024-01-06 06:30:00,43582.29,43659.49,43529.99,43579.67,406.37449
2024-01-06 06:45:00,43579.67,43611.1,43425.0,43454.7,434.45782
2024-01-06 07:00:00,43454.7,43518.0,43409.85,43454.02,271.45149
2024-01-06 07:15:00,43454.01,43615.76,43397.05,43605.99,296.51793
2024-01-06 07:30:00,43605.99,43651.1,43534.32,43643.85,250.70887
2024-01-06 07:45:00,43643.85,43668.02,43596.43,43653.2,167.5438
2024-01-06 08:00:00,43653.2,43665.09,43551.28,43577.02,177.6713
2024-01-06 08:15:00,43577.02,43744.37,43577.02,43702.0,248.45177
2024-01-06 08:30:00,43702.0,43711.43,43622.75,43622.79,235.42394
2024-01-06 08:45:00,43622.79,43709.64,43622.78,43692.33,152.11975
2024-01-06 09:00:00,43692.33,43735.99,43655.38,43721.1,145.36618
2024-01-06 09:15:00,43721.09,43750.0,43711.11,43714.1,142.35143
2024-01-06 09:30:00,43714.1,43729.81,43680.0,43729.81,138.88348
2024-01-06 09:45:00,43729.81,43756.0,43636.7,43651.9,135.47855
2024-01-06 10:00:00,43651.9,43678.0,43584.0,43614.98,201.39836
2024-01-06 10:15:00,43614.97,43700.0,43598.07,43700.0,112.47122
2024-01-06 10:30:00,43700.0,43771.1,43661.1,43722.86,222.52322
2024-01-06 10:45:00,43722.86,43728.08,43680.0,43694.48,141.29015
2024-01-06 11:00:00,43694.47,43694.48,43631.1,43658.4,134.90361
2024-01-06 11:15:00,43658.39,43705.23,43658.39,43691.05,101.04183
2024-01-06 11:30:00,43691.05,43701.1,43616.02,43697.5,90.24792
2024-01-06 11:45:00,43697.5,43701.81,43644.0,43671.96,69.92726
2024-01-06 12:00:00,43671.97,43750.0,43628.24,43692.46,140.48088
2024-01-06 12:15:00,43692.46,43709.29,43651.1,43666.12,116.43261
2024-01-06 12:30:00,43666.13,43701.1,43637.28,43638.68,93.79085
2024-01-06 12:45:00,43638.68,43659.63,43527.27,43607.96,181.06141
2024-01-06 13:00:00,43607.95,43643.04,43542.0,43622.0,163.6238
2024-01-06 13:15:00,43621.99,43690.0,43621.99,43670.87,95.22558
2024-01-06 13:30:00,43670.87,43720.0,43650.3,43704.24,115.27623
2024-01-06 13:45:00,43704.25,43740.27,43685.19,43704.07,98.96789
2024-01-06 14:00:00,43704.08,43836.91,43703.41,43820.38,276.98432
2024-01-06 14:15:00,43820.38,43870.98,43804.0,43853.99,286.86393
2024-01-06 14:30:00,43854.0,43920.08,43832.09,43857.31,292.95734
2024-01-06 14:45:00,43857.32,43857.32,43791.08,43828.21,141.60044
