time,open,high,low,close,volume
2020-08-20 18:30:00,11847.85,11859.07,11837.71,11850.31,658.935865
2020-08-20 18:45:00,11850.32,11868.95,11846.34,11859.68,628.69121
2020-08-20 19:00:00,11859.69,11873.15,11853.87,11864.34,490.311951
2020-08-20 19:15:00,11864.34,11871.84,11852.01,11852.49,520.69573
2020-08-20 19:30:00,11852.5,11856.28,11840.56,11851.59,338.553376
2020-08-20 19:45:00,11851.59,11857.07,11838.33,11843.09,400.410127
2020-08-20 20:00:00,11843.09,11880.0,11840.89,11868.06,423.322533
2020-08-20 20:15:00,11868.06,11876.33,11860.71,11873.61,525.857371
2020-08-20 20:30:00,11873.4,11879.34,11863.49,11864.85,487.448617
2020-08-20 20:45:00,11864.85,11868.09,11848.55,11853.06,333.793753
2020-08-20 21:00:00,11853.07,11879.0,11850.0,11868.89,395.574633
2020-08-20 21:15:00,11868.88,11880.0,11868.88,11869.24,359.993065
2020-08-20 21:30:00,11869.24,11869.25,11830.0,11830.82,417.00135
2020-08-20 21:45:00,11830.71,11837.49,11815.0,11826.39,321.756192
2020-08-20 22:00:00,11826.34,11831.94,11804.67,11823.89,329.671325
2020-08-20 22:15:00,11823.89,11838.03,11817.73,11830.18,326.715951
2020-08-20 22:30:00,11830.06,11831.48,11811.0,11815.36,440.471495
2020-08-20 22:45:00,11815.36,11824.69,11808.5,11822.36,315.808051
2020-08-20 23:00:00,11822.36,11846.26,11818.63,11842.38,360.403339
2020-08-20 23:15:00,11842.38,11855.0,11832.36,11852.99,245.53061
2020-08-20 23:30:00,11852.99,11868.51,11852.3,11864.31,367.634211
2020-08-20 23:45:00,11864.3,11871.47,11852.46,11853.55,392.355735
2020-08-21 00:00:00,11853.54,11878.0,11845.03,11870.04,612.720951
2020-08-21 00:15:00,11870.45,11872.14,11836.0,11852.55,608.889225
2020-08-21 00:30:00,11852.55,11852.98,11827.69,11836.52,449.547352
2020-08-21 00:45:00,11836.51,11848.01,11823.45,11830.01,555.777839
2020-08-21 01:00:00,11830.0,11832.77,11800.0,11819.8,484.413817
2020-08-21 01:15:00,11819.8,11837.57,11817.32,11826.1,363.062217
2020-08-21 01:30:00,11826.31,11832.64,11800.0,11808.87,439.432505
2020-08-21 01:45:00,11808.87,11819.15,11788.96,11807.5,560.043122
2020-08-21 02:00:00,11807.51,11829.93,11798.04,11820.76,463.809281
2020-08-21 02:15:00,11820.76,11829.99,11817.39,11823.03,405.962049
2020-08-21 02:30:00,11823.03,11829.61,11800.0,11802.15,508.75125
2020-08-21 02:45:00,11802.14,11821.74,11792.16,11795.11,753.23671
2020-08-21 03:00:00,11795.2,11808.54,11778.44,11808.54,984.321035
2020-08-21 03:15:00,11808.35,11826.01,11796.51,11818.27,827.608768
2020-08-21 03:30:00,11818.27,11841.94,11817.05,11841.92,565.187531
2020-08-21 03:45:00,11841.92,11872.63,11833.97,11866.58,834.719742
2020-08-21 04:00:00,11866.58,11870.0,11849.06,11859.25,602.9954
2020-08-21 04:15:00,11859.24,11863.94,11843.97,11850.25,421.004104
2020-08-21 04:30:00,11850.12,11859.82,11838.73,11849.99,396.893684
2020-08-21 04:45:00,11850.0,11870.0,11835.7,11869.99,454.254358
2020-08-21 05:00:00,11869.99,11870.0,11853.18,11869.99,392.102596
2020-08-21 05:15:00,11869.99,11870.0,11849.3,11855.51,430.528473
2020-08-21 05:30:00,11855.5,11861.2,11843.79,11847.04,333.813126
2020-08-21 05:45:00,11847.04,11864.52,11835.96,11849.03,441.355402
2020-08-21 06:00:00,11849.02,11849.65,11832.85,11843.72,357.311078
2020-08-21 06:15:00,11843.73,11843.93,11827.0,11836.58,373.110672
2020-08-21 06:30:00,11836.59,11840.19,11810.26,11810.47,491.940717
2020-08-21 06:45:00,11810.46,11838.0,11805.55,11825.26,737.160911
2020-08-21 07:00:00,11825.25,11848.0,11819.71,11836.93,577.516974
2020-08-21 07:15:00,11836.92,11858.91,11813.37,11852.12,531.80074
2020-08-21 07:30:00,11852.13,11858.48,11827.65,11832.84,511.848032
2020-08-21 07:45:00,11832.84,11838.19,11820.1,11838.07,469.203524
2020-08-21 08:00:00,11838.08,11838.19,11801.31,11821.82,743.013746
2020-08-21 08:15:00,11821.81,11834.45,11816.1,11819.48,577.769892
2020-08-21 08:30:00,11819.48,11819.91,11800.11,11804.82,713.705967
2020-08-21 08:45:00,11804.83,11830.0,11800.0,11829.99,485.524662
2020-08-21 09:00:00,11829.98,11832.03,11817.36,11819.15,476.77434
2020-08-21 09:15:00,11819.15,11824.99,11797.0,11805.99,505.388817
2020-08-21 09:30:00,11806.0,11818.86,11797.04,11804.69,473.052668
2020-08-21 09:45:00,11804.69,11804.75,11767.0,11776.47,640.998869
2020-08-21 10:00:00,11776.48,11789.05,11755.14,11760.02,786.080671
2020-08-21 10:15:00,11760.02,11779.18,11750.0,11768.69,764.650108
2020-08-21 10:30:00,11768.69,11773.26,11745.3,11760.23,607.625887
2020-08-21 10:45:00,11760.22,11768.38,11732.0,11766.27,665.597176
2020-08-21 11:00:00,11766.28,11773.77,11743.73,11744.36,503.199935
2020-08-21 11:15:00,11744.36,11765.7,11736.57,11745.65,511.987325
2020-08-21 11:30:00,11745.66,11745.66,11704.6,11707.05,956.90316
2020-08-21 11:45:00,11707.06,11726.63,11688.04,11715.61,1274.778796
2020-08-21 12:00:00,11715.6,11718.99,11652.0,11675.3,1511.304416
2020-08-21 12:15:00,11675.0,11688.39,11640.12,11643.22,1111.845327
2020-08-21 12:30:00,11643.72,11746.78,11626.0,11728.97,1275.662942
2020-08-21 12:45:00,11728.97,11774.92,11714.21,11760.24,1112.539057
2020-08-21 13:00:00,11760.24,11762.67,11730.0,11750.72,624.861862
2020-08-21 13:15:00,11750.72,11771.78,11733.23,11750.35,661.359843
2020-08-21 13:30:00,11750.35,11752.63,11715.03,11720.23,447.802056
2020-08-21 13:45:00,11720.24,11726.28,11688.04,11697.29,698.690118
2020-08-21 14:00:00,11697.29,11721.99,11674.44,11717.42,644.579171
2020-08-21 14:15:00,11717.43,11737.43,11714.0,11728.13,493.971296
2020-08-21 14:30:00,11728.13,11745.2,11699.45,11745.02,558.68021
2020-08-21 14:45:00,11745.03,11749.49,11727.96,11735.75,553.684285
2020-08-21 15:00:00,11735.75,11736.69,11711.81,11724.94,478.803441
2020-08-21 15:15:00,11724.94,11757.72,11717.96,11738.46,661.772585
2020-08-21 15:30:00,11738.45,11762.81,11734.46,11741.91,494.595239
2020-08-21 15:45:00,11741.91,11756.89,11720.0,11720.0,445.993952
2020-08-21 16:00:00,11720.01,11734.16,11711.2,11734.02,585.634493
2020-08-21 16:15:00,11734.01,11750.0,11728.17,11732.66,482.601201
2020-08-21 16:30:00,11732.66,11732.66,11709.14,11710.08,500.941117
2020-08-21 16:45:00,11710.13,11716.41,11658.73,11660.39,954.036342
2020-08-21 17:00:00,11660.37,11767.5,11605.42,11737.55,2324.914727
2020-08-21 17:15:00,11738.57,11756.16,11680.0,11726.43,1297.774446
2020-08-21 17:30:00,11726.46,11738.64,11687.78,11697.85,473.259773
2020-08-21 17:45:00,11696.92,11708.9,11678.6,11693.53,503.038559
2020-08-21 18:00:00,11693.53,11699.85,11640.0,11645.63,763.379907
2020-08-21 18:15:00,11645.62,11666.15,11605.46,11645.98,1321.242294
2020-08-21 18:30:00,11645.98,11650.57,11608.99,11644.41,648.739736
2020-08-21 18:45:00,11644.41,11686.0,11641.08,11671.21,664.864212
2020-08-21 19:00:00,11671.2,11703.99,11663.69,11695.52,685.482815
2020-08-21 19:15:00,11695.51,11719.24,11692.62,11708.2,585.582576
2020-08-21 19:30:00,11708.2,11711.27,11680.0,11693.33,552.818554
2020-08-21 19:45:00,11693.33,11698.6,11666.44,11670.83,403.235567
2020-08-21 20:00:00,11670.89,11710.79,11666.34,11703.49,395.66776
2020-08-21 20:15:00,11703.48,11709.1,11689.07,11696.22,452.34685
2020-08-21 20:30:00,11696.21,11696.22,11669.61,11677.27,383.455895
2020-08-21 20:45:00,11677.27,11681.01,11613.01,11615.75,682.006461
2020-08-21 21:00:00,11615.54,11650.53,11589.89,11599.82,885.351579
2020-08-21 21:15:00,11599.83,11632.85,11506.0,11575.47,1918.340194
2020-08-21 21:30:00,11575.46,11597.63,11520.0,11548.1,908.45238
2020-08-21 21:45:00,11548.1,11549.46,11485.81,11535.0,1744.794918
2020-08-21 22:00:00,11535.1,11594.42,11518.65,11593.95,785.763559
2020-08-21 22:15:00,11594.06,11597.96,11554.31,11584.5,599.735018
2020-08-21 22:30:00,11584.51,11597.5,11545.66,11570.55,601.362916
2020-08-21 22:45:00,11570.55,11588.16,11546.67,11553.05,431.919755
2020-08-21 23:00:00,11552.87,11580.1,11540.09,11564.97,441.17009
2020-08-21 23:15:00,11564.97,11564.98,11509.01,11516.12,645.296459
2020-08-21 23:30:00,11516.12,11538.72,11495.0,11516.26,791.662554
2020-08-21 23:45:00,11516.26,11534.56,11503.79,11531.34,629.912431
2020-08-22 00:00:00,11531.23,11543.15,11450.0,11456.76,1492.631573
2020-08-22 00:15:00,11456.75,11488.09,11401.12,11425.96,1561.245306
2020-08-22 00:30:00,11424.6,11466.74,11408.2,11456.84,799.131507
2020-08-22 00:45:00,11456.85,11456.85,11406.1,11419.63,879.168759
2020-08-22 01:00:00,11419.74,11433.4,11376.81,11405.33,1267.149845
2020-08-22 01:15:00,11405.34,11459.06,11404.97,11444.72,728.734256
2020-08-22 01:30:00,11444.71,11462.28,11421.01,11429.31,543.991931
2020-08-22 01:45:00,11429.3,11460.16,11425.24,11453.62,483.911378
2020-08-22 02:00:00,11453.57,11486.75,11447.82,11466.75,543.679542
2020-08-22 02:15:00,11466.76,11473.58,11425.6,11440.99,411.912804
2020-08-22 02:30:00,11440.99,11460.98,11424.48,11455.45,403.049329
2020-08-22 02:45:00,11455.46,11461.12,11444.51,11456.95,332.7784
2020-08-22 03:00:00,11456.95,11478.14,11453.33,11467.04,370.367736
2020-08-22 03:15:00,11467.03,11467.04,11436.74,11443.92,347.974068
2020-08-22 03:30:00,11443.92,11474.58,11443.92,11473.01,338.284515
2020-08-22 03:45:00,11473.01,11482.49,11460.25,11474.02,272.673201
2020-08-22 04:00:00,11474.02,11474.37,11446.99,11452.06,305.715925
2020-08-22 04:15:00,11452.06,11466.47,11436.94,11437.78,380.966647
2020-08-22 04:30:00,11437.78,11457.0,11418.96,11425.08,463.531582
2020-08-22 04:45:00,11425.08,11440.23,11411.87,11422.83,373.504392
2020-08-22 05:00:00,11422.83,11455.75,11422.82,11453.95,342.021017
2020-08-22 05:15:00,11453.95,11467.35,11448.85,11457.74,383.022889
2020-08-22 05:30:00,11457.75,11474.19,11456.0,11464.81,372.009426
2020-08-22 05:45:00,11464.81,11479.93,11460.0,11471.12,292.666651
2020-08-22 06:00:00,11471.31,11499.34,11471.31,11487.85,549.605273
2020-08-22 06:15:00,11487.85,11579.01,11482.57,11575.08,803.568538
2020-08-22 06:30:00,11575.09,11588.0,11540.0,11547.7,631.238355
2020-08-22 06:45:00,11547.69,11566.21,11535.49,11564.03,477.991281
2020-08-22 07:00:00,11564.02,11567.0,11528.45,11552.23,459.354109
2020-08-22 07:15:00,11552.23,11571.74,11530.75,11565.0,474.657377
2020-08-22 07:30:00,11565.0,11589.56,11556.01,11583.44,535.167884
2020-08-22 07:45:00,11583.44,11585.54,11569.09,11579.61,446.559981
2020-08-22 08:00:00,11579.6,11594.69,11550.01,11584.16,625.641623
2020-08-22 08:15:00,11584.16,11640.0,11570.5,11605.38,834.835139
2020-08-22 08:30:00,11605.38,11612.61,11582.66,11585.0,476.621954
2020-08-22 08:45:00,11585.01,11597.49,11570.57,11574.28,518.729933
2020-08-22 09:00:00,11574.05,11579.48,11552.35,11560.73,357.741985
2020-08-22 09:15:00,11560.73,11567.6,11544.0,11559.08,449.826783
2020-08-22 09:30:00,11559.08,11583.0,11555.51,11580.26,457.730264
2020-08-22 09:45:00,11580.25,11587.99,11565.85,11587.6,378.038982
2020-08-22 10:00:00,11587.51,11599.15,11563.42,11591.39,540.684501
2020-08-22 10:15:00,11591.38,11595.8,11576.23,11591.93,461.75213
2020-08-22 10:30:00,11591.93,11597.58,11583.85,11583.85,377.952993
2020-08-22 10:45:00,11583.86,11589.54,11559.24,11570.0,456.719168
2020-08-22 11:00:00,11570.0,11579.21,11551.93,11561.4,302.323904
2020-08-22 11:15:00,11561.39,11568.8,11546.53,11550.53,382.051732
2020-08-22 11:30:00,11550.44,11567.09,11545.25,11559.49,384.609831
2020-08-22 11:45:00,11559.53,11561.99,11545.59,11560.99,379.437254
2020-08-22 12:00:00,11561.0,11591.39,11560.99,11587.8,467.489733
2020-08-22 12:15:00,11587.8,11591.83,11573.38,11575.49,397.440206
2020-08-22 12:30:00,11575.49,11611.21,11569.81,11602.46,543.216588
2020-08-22 12:45:00,11602.47,11611.48,11586.19,11588.92,439.412514
2020-08-22 13:00:00,11588.93,11600.0,11565.22,11570.73,424.631407
2020-08-22 13:15:00,11570.74,11583.58,11560.59,11583.58,363.3559
2020-08-22 13:30:00,11583.59,11588.65,11570.97,11575.96,369.152302
2020-08-22 13:45:00,11575.96,11596.55,11575.96,11595.75,327.003217
2020-08-22 14:00:00,11595.76,11603.07,11571.68,11575.09,506.175349
2020-08-22 14:15:00,11575.1,11582.94,11567.21,11580.4,285.842085
2020-08-22 14:30:00,11580.39,11602.42,11580.39,11602.13,297.136167
2020-08-22 14:45:00,11602.14,11642.81,11602.13,11619.35,707.466149
2020-08-22 15:00:00,11619.36,11636.1,11606.21,11611.42,396.580932
2020-08-22 15:15:00,11611.5,11626.52,11598.8,11599.78,348.35744
2020-08-22 15:30:00,11599.78,11612.8,11599.3,11611.12,330.659749
2020-08-22 15:45:00,11611.12,11611.26,11578.59,11583.1,459.656631
2020-08-22 16:00:00,11583.1,11593.57,11566.28,11577.92,456.636018
2020-08-22 16:15:00,11577.72,11587.69,11566.99,11573.1,441.005878
2020-08-22 16:30:00,11573.58,11579.8,11553.77,11560.18,455.347908
2020-08-22 16:45:00,11560.18,11584.96,11554.0,11584.95,429.321412
2020-08-22 17:00:00,11584.75,11592.17,11557.23,11574.88,447.698819
2020-08-22 17:15:00,11574.88,11595.0,11562.13,11588.85,341.176434
2020-08-22 17:30:00,11588.86,11610.0,11581.37,11609.99,368.933058
2020-08-22 17:45:00,11610.0,11610.0,11592.37,11599.91,379.41367
2020-08-22 18:00:00,11599.91,11611.12,11598.8,11606.88,287.147028
2020-08-22 18:15:00,11606.88,11612.99,11593.68,11601.54,358.120061
2020-08-22 18:30:00,11601.53,11611.73,11596.35,11611.73,312.387811
2020-08-22 18:45:00,11611.73,11618.4,11595.98,11602.53,398.966734
2020-08-22 19:00:00,11602.53,11607.47,11588.86,11591.5,342.874036
2020-08-22 19:15:00,11591.5,11596.98,11586.32,11595.05,288.235876
2020-08-22 19:30:00,11595.06,11609.28,11594.54,11601.0,248.201824
2020-08-22 19:45:00,11601.0,11601.0,11581.95,11590.26,214.927252
2020-08-22 20:00:00,11590.26,11594.89,11570.27,11582.7,426.612726
2020-08-22 20:15:00,11582.71,11587.47,11574.28,11580.07,290.26999
2020-08-22 20:30:00,11580.08,11601.66,11579.36,11593.98,220.002872
2020-08-22 20:45:00,11593.98,11611.0,11592.41,11609.31,268.747295
2020-08-22 21:00:00,11609.31,11611.99,11604.2,11604.75,206.607261
2020-08-22 21:15:00,11604.67,11637.79,11598.45,11637.14,413.50133
2020-08-22 21:30:00,11637.14,11675.97,11637.14,11674.35,596.620534
2020-08-22 21:45:00,11674.34,11680.0,11656.35,11667.02,418.027619
2020-08-22 22:00:00,11667.01,11684.78,11642.0,11667.96,526.718846
2020-08-22 22:15:00,11667.96,11668.39,11644.33,11656.13,441.689853
2020-08-22 22:30:00,11656.13,11667.61,11648.97,11666.99,323.932109
2020-08-22 22:45:00,11666.98,11667.45,11645.0,11664.15,262.098763
2020-08-22 23:00:00,11664.16,11673.01,11656.63,11668.65,262.991706
2020-08-22 23:15:00,11668.66,11685.03,11665.17,11668.18,351.870837
2020-08-22 23:30:00,11668.18,11684.11,11665.92,11676.22,337.360139
2020-08-22 23:45:00,11676.21,11686.0,11662.25,11662.96,444.715925
2020-08-23 00:00:00,11663.51,11688.81,11606.72,11661.2,830.519348
2020-08-23 00:15:00,11661.19,11661.19,11640.66,11648.98,381.552584
2020-08-23 00:30:00,11648.98,11652.51,11618.96,11636.51,469.665652
2020-08-23 00:45:00,11636.51,11650.16,11631.4,11645.21,336.689739
2020-08-23 01:00:00,11645.21,11651.23,11612.57,11634.36,360.463899
2020-08-23 01:15:00,11634.36,11648.0,11625.37,11647.92,314.42493
2020-08-23 01:30:00,11647.92,11647.92,11622.46,11630.01,332.50563
2020-08-23 01:45:00,11630.0,11655.49,11630.0,11644.58,342.093655
2020-08-23 02:00:00,11644.59,11652.76,11624.5,11628.27,351.034402
2020-08-23 02:15:00,11628.27,11629.63,11605.03,11611.94,403.530723
2020-08-23 02:30:00,11611.94,11624.84,11603.64,11605.79,498.898702
2020-08-23 02:45:00,11605.79,11623.52,11603.51,11608.56,298.730639
2020-08-23 03:00:00,11608.56,11625.79,11596.16,11622.73,316.777807
2020-08-23 03:15:00,11622.73,11622.73,11593.94,11596.66,344.885804
2020-08-23 03:30:00,11596.65,11600.85,11586.34,11592.12,375.733055
2020-08-23 03:45:00,11592.12,11600.0,11584.6,11599.18,307.505176
2020-08-23 04:00:00,11599.18,11605.0,11585.91,11586.76,307.781096
2020-08-23 04:15:00,11586.76,11597.61,11582.94,11593.4,303.695221
2020-08-23 04:30:00,11593.39,11613.4,11587.16,11613.03,311.392574
2020-08-23 04:45:00,11613.03,11613.03,11600.1,11600.39,189.076852
2020-08-23 05:00:00,11600.32,11600.42,11581.36,11591.3,267.451406
2020-08-23 05:15:00,11591.31,11595.0,11576.24,11586.52,429.19727
2020-08-23 05:30:00,11586.52,11589.31,11565.29,11568.78,282.868804
2020-08-23 05:45:00,11568.78,11583.83,11555.26,11577.86,293.104058
2020-08-23 06:00:00,11577.85,11599.96,11565.58,11594.68,343.914276
2020-08-23 06:15:00,11594.67,11599.41,11580.48,11588.96,235.571557
2020-08-23 06:30:00,11588.96,11600.15,11583.3,11595.01,203.459009
2020-08-23 06:45:00,11595.01,11613.63,11595.01,11607.94,319.169874
2020-08-23 07:00:00,11607.95,11617.69,11603.88,11613.61,261.428377
2020-08-23 07:15:00,11613.62,11613.62,11598.23,11601.73,281.451844
2020-08-23 07:30:00,11601.73,11623.5,11599.18,11618.52,291.86583
2020-08-23 07:45:00,11618.52,11621.71,11610.25,11616.46,215.074118
2020-08-23 08:00:00,11616.46,11619.88,11582.14,11582.26,392.096765
2020-08-23 08:15:00,11582.26,11583.91,11567.0,11577.78,383.500652
2020-08-23 08:30:00,11577.78,11593.93,11570.36,11572.88,276.685202
2020-08-23 08:45:00,11572.87,11586.99,11567.0,11570.0,305.518487
2020-08-23 09:00:00,11570.0,11593.96,11544.0,11587.43,448.737312
2020-08-23 09:15:00,11587.43,11600.0,11580.88,11594.47,294.848247
2020-08-23 09:30:00,11594.47,11600.79,11581.0,11599.13,228.382555
2020-08-23 09:45:00,11599.36,11603.94,11582.25,11588.24,280.224766
2020-08-23 10:00:00,11588.22,11588.27,11557.4,11560.58,365.1243
2020-08-23 10:15:00,11560.46,11572.96,11556.2,11558.27,299.432577
2020-08-23 10:30:00,11558.27,11568.6,11548.35,11554.61,373.167997
2020-08-23 10:45:00,11554.61,11554.61,11518.69,11528.7,841.311622
2020-08-23 11:00:00,11528.71,11547.69,11521.18,11534.88,592.780797
2020-08-23 11:15:00,11534.88,11544.55,11532.66,11535.18,315.134874
2020-08-23 11:30:00,11535.18,11554.42,11526.24,11526.79,388.525493
2020-08-23 11:45:00,11526.79,11540.01,11514.13,11526.53,462.192266
2020-08-23 12:00:00,11526.54,11555.94,11521.43,11544.85,389.550977
2020-08-23 12:15:00,11544.84,11563.68,11542.4,11545.58,323.153593
2020-08-23 12:30:00,11545.57,11552.23,11532.46,11547.93,315.010499
2020-08-23 12:45:00,11548.15,11561.99,11540.72,11561.0,313.934215
2020-08-23 13:00:00,11560.99,11570.72,11552.22,11554.75,331.595264
2020-08-23 13:15:00,11554.75,11631.62,11547.26,11630.35,548.360315
2020-08-23 13:30:00,11630.36,11669.89,11617.87,11618.23,973.512961
2020-08-23 13:45:00,11618.23,11618.23,11570.0,11591.62,647.061685
2020-08-23 14:00:00,11591.62,11619.63,11580.0,11614.01,475.621941
2020-08-23 14:15:00,11614.0,11620.0,11595.67,11609.99,366.469951
2020-08-23 14:30:00,11609.99,11618.96,11595.04,11603.88,271.631881
2020-08-23 14:45:00,11603.88,11622.52,11601.04,11620.07,293.159609
2020-08-23 15:00:00,11620.08,11645.11,11619.24,11629.22,526.07556
2020-08-23 15:15:00,11629.21,11644.41,11620.68,11621.96,473.229561
2020-08-23 15:30:00,11621.97,11636.9,11610.0,11632.74,361.152595
2020-08-23 15:45:00,11632.74,11657.26,11632.73,11653.25,640.140075
2020-08-23 16:00:00,11653.26,11659.3,11630.01,11632.84,608.905639
2020-08-23 16:15:00,11632.85,11638.38,11620.56,11624.4,431.791071
2020-08-23 16:30:00,11624.4,11646.26,11621.73,11643.12,377.014742
2020-08-23 16:45:00,11643.12,11643.13,11620.26,11635.98,411.388435
2020-08-23 17:00:00,11635.98,11644.13,11623.48,11623.61,459.769896
2020-08-23 17:15:00,11623.61,11649.0,11619.61,11648.99,707.527084
2020-08-23 17:30:00,11649.0,11656.48,11644.25,11645.46,713.87168
2020-08-23 17:45:00,11645.46,11651.83,11626.05,11632.75,562.450173
2020-08-23 18:00:00,11632.74,11646.53,11628.71,11643.14,359.895875
2020-08-23 18:15:00,11643.15,11671.99,11635.0,11669.69,333.219913
2020-08-23 18:30:00,11669.66,11678.65,11658.72,11660.93,713.132258
2020-08-23 18:45:00,11660.92,11665.82,11644.79,11663.79,588.689884
2020-08-23 19:00:00,11663.79,11677.92,11650.57,11668.61,358.927884
2020-08-23 19:15:00,11668.6,11673.74,11660.53,11672.98,242.18141
2020-08-23 19:30:00,11672.97,11693.72,11667.5,11683.44,621.373753
2020-08-23 19:45:00,11683.44,11692.21,11664.84,11684.97,454.613117
2020-08-23 20:00:00,11684.98,11718.07,11684.97,11698.56,1177.160867
2020-08-23 20:15:00,11698.56,11714.82,11690.0,11701.01,324.117985
2020-08-23 20:30:00,11701.01,11708.98,11684.53,11689.89,322.543688
2020-08-23 20:45:00,11689.89,11692.28,11664.61,11665.99,220.378419
2020-08-23 21:00:00,11665.99,11674.49,11659.0,11660.59,296.219585
2020-08-23 21:15:00,11660.59,11660.59,11638.58,11643.62,470.947775
2020-08-23 21:30:00,11643.62,11679.82,11642.68,11676.36,276.790164
2020-08-23 21:45:00,11676.35,11676.35,11647.15,11670.13,215.272479
2020-08-23 22:00:00,11670.12,11685.45,11665.23,11682.07,276.346931
2020-08-23 22:15:00,11682.07,11684.37,11647.5,11650.2,325.116051
2020-08-23 22:30:00,11650.19,11659.34,11640.0,11657.87,331.458408
2020-08-23 22:45:00,11657.87,11661.87,11645.53,11648.73,251.864275
2020-08-23 23:00:00,11648.72,11665.57,11647.2,11660.98,329.683774
2020-08-23 23:15:00,11660.99,11676.46,11659.25,11670.5,333.064045
2020-08-23 23:30:00,11670.5,11678.7,11662.85,11663.05,277.888609
2020-08-23 23:45:00,11663.06,11666.42,11643.86,11648.13,227.560316
2020-08-24 00:00:00,11648.12,11650.68,11599.0,11600.32,996.744824
2020-08-24 00:15:00,11600.71,11627.07,11585.09,11622.87,583.633837
2020-08-24 00:30:00,11622.87,11628.66,11615.0,11615.86,355.58716
2020-08-24 00:45:00,11615.54,11638.64,11615.0,11629.95,374.955673
2020-08-24 01:00:00,11629.94,11632.21,11601.81,11604.85,495.883673
2020-08-24 01:15:00,11604.85,11622.69,11604.25,11620.34,343.064714
2020-08-24 01:30:00,11620.34,11630.32,11618.95,11622.19,302.831954
2020-08-24 01:45:00,11622.18,11636.63,11612.79,11635.82,458.493715
2020-08-24 02:00:00,11635.82,11659.04,11635.06,11651.75,531.422521
2020-08-24 02:15:00,11651.75,11666.0,11651.62,11653.69,582.049445
2020-08-24 02:30:00,11653.68,11667.99,11653.01,11659.24,438.596466
2020-08-24 02:45:00,11659.23,11665.66,11641.62,11650.24,405.417279
2020-08-24 03:00:00,11650.23,11679.14,11643.98,11674.65,541.396676
2020-08-24 03:15:00,11674.64,11689.0,11674.63,11685.02,582.735326
2020-08-24 03:30:00,11684.92,11688.12,11673.76,11678.67,558.751025
2020-08-24 03:45:00,11678.5,11685.07,11670.57,11684.4,430.004993
2020-08-24 04:00:00,11684.4,11690.0,11669.27,11673.8,514.190354
2020-08-24 04:15:00,11673.79,11674.3,11660.51,11663.06,277.963229
2020-08-24 04:30:00,11663.06,11670.6,11658.11,11661.62,263.726423
2020-08-24 04:45:00,11661.62,11680.36,11659.5,11678.76,289.442596
2020-08-24 05:00:00,11678.77,11681.78,11670.61,11671.44,297.825616
2020-08-24 05:15:00,11671.21,11679.03,11665.6,11678.17,352.962093
2020-08-24 05:30:00,11678.28,11680.23,11651.33,11651.5,418.194138
2020-08-24 05:45:00,11651.5,11658.03,11651.08,11655.3,306.141325
2020-08-24 06:00:00,11655.3,11679.83,11641.1,11677.37,415.810474
2020-08-24 06:15:00,11677.37,11704.52,11677.0,11686.23,671.538459
2020-08-24 06:30:00,11686.22,11735.04,11686.1,11727.89,866.728456
2020-08-24 06:45:00,11727.88,11756.98,11723.93,11752.72,730.96848
2020-08-24 07:00:00,11752.72,11775.0,11750.73,11758.69,993.163407
2020-08-24 07:15:00,11758.69,11764.95,11749.44,11760.13,660.798292
2020-08-24 07:30:00,11760.13,11769.5,11742.18,11745.2,646.854212
2020-08-24 07:45:00,11745.19,11762.24,11739.18,11758.58,449.926699
2020-08-24 08:00:00,11758.57,11794.86,11758.57,11786.86,776.483251
2020-08-24 08:15:00,11786.93,11808.75,11774.52,11780.32,962.680368
2020-08-24 08:30:00,11780.48,11784.41,11761.02,11775.0,593.707537
2020-08-24 08:45:00,11775.12,11792.41,11765.41,11780.78,603.548202
2020-08-24 09:00:00,11780.96,11790.71,11769.31,11770.02,526.855297
2020-08-24 09:15:00,11770.02,11780.0,11758.58,11779.99,388.787994
2020-08-24 09:30:00,11779.99,11780.11,11758.66,11768.99,338.675137
2020-08-24 09:45:00,11768.99,11784.54,11765.28,11782.21,407.747946
2020-08-24 10:00:00,11782.2,11800.0,11779.74,11795.58,445.497554
2020-08-24 10:15:00,11795.58,11797.98,11776.0,11776.99,580.963515
2020-08-24 10:30:00,11776.99,11788.52,11764.4,11784.84,499.008375
2020-08-24 10:45:00,11784.85,11797.99,11773.1,11773.39,451.381206
2020-08-24 11:00:00,11773.4,11812.0,11773.39,11805.77,794.632252
2020-08-24 11:15:00,11805.6,11818.33,11796.32,11801.99,620.847862
2020-08-24 11:30:00,11802.0,11824.9,11785.98,11789.88,852.508731
2020-08-24 11:45:00,11789.89,11797.3,11782.27,11793.05,488.64471
2020-08-24 12:00:00,11793.04,11818.58,11783.25,11813.48,701.165434
2020-08-24 12:15:00,11813.48,11820.0,11796.85,11800.1,515.379693
2020-08-24 12:30:00,11800.11,11805.0,11784.81,11785.07,404.072258
2020-08-24 12:45:00,11785.06,11792.98,11773.05,11775.37,590.534873
2020-08-24 13:00:00,11775.37,11793.72,11775.37,11783.43,447.480052
2020-08-24 13:15:00,11783.42,11785.23,11757.06,11772.98,750.742713
2020-08-24 13:30:00,11772.97,11793.41,11767.18,11793.0,403.95107
2020-08-24 13:45:00,11793.0,11793.58,11761.23,11762.01,428.83275
2020-08-24 14:00:00,11762.0,11764.75,11745.18,11761.88,660.649338
2020-08-24 14:15:00,11761.71,11790.32,11761.71,11784.28,535.636092
2020-08-24 14:30:00,11783.84,11786.76,11742.2,11750.42,699.248093
2020-08-24 14:45:00,11750.42,11760.6,11730.08,11730.35,664.673644
2020-08-24 15:00:00,11730.36,11758.59,11726.42,11750.0,580.551305
2020-08-24 15:15:00,11749.99,11758.02,11729.35,11738.5,442.829951
2020-08-24 15:30:00,11738.61,11745.19,11729.14,11733.16,384.522502
2020-08-24 15:45:00,11733.17,11766.24,11733.17,11764.03,437.868021
2020-08-24 16:00:00,11764.04,11766.49,11738.52,11740.98,478.713569
2020-08-24 16:15:00,11740.99,11776.58,11738.51,11772.72,508.101148
2020-08-24 16:30:00,11773.02,11786.51,11758.0,11764.88,687.145585
2020-08-24 16:45:00,11764.88,11775.66,11752.67,11758.82,300.490303
2020-08-24 17:00:00,11758.82,11762.04,11748.0,11749.85,348.237774
2020-08-24 17:15:00,11749.86,11755.0,11734.83,11740.57,328.22378
2020-08-24 17:30:00,11740.56,11751.69,11731.0,11746.35,759.745874
2020-08-24 17:45:00,11746.35,11759.79,11744.13,11747.26,307.951248
2020-08-24 18:00:00,11747.27,11757.1,11730.0,11735.86,338.224205
2020-08-24 18:15:00,11735.86,11735.86,11722.01,11727.93,481.124513
2020-08-24 18:30:00,11727.92,11735.43,11720.35,11725.23,411.122707
2020-08-24 18:45:00,11725.24,11739.14,11721.02,11734.76,290.526537
2020-08-24 19:00:00,11734.77,11735.73,11699.04,11705.76,571.371253
2020-08-24 19:15:00,11705.77,11730.12,11700.41,11730.12,471.78285
2020-08-24 19:30:00,11730.13,11742.54,11722.27,11737.85,290.231496
2020-08-24 19:45:00,11737.84,11750.99,11729.99,11748.39,320.570712
2020-08-24 20:00:00,11748.38,11748.39,11735.23,11740.44,276.14993
2020-08-24 20:15:00,11740.44,11744.08,11705.45,11716.07,512.799612
2020-08-24 20:30:00,11716.18,11735.29,11713.64,11734.39,251.585371
2020-08-24 20:45:00,11734.38,11748.35,11726.24,11726.24,267.39797
2020-08-24 21:00:00,11726.24,11749.18,11713.9,11749.18,302.793876
2020-08-24 21:15:00,11749.18,11779.01,11743.88,11757.34,401.556884
2020-08-24 21:30:00,11757.33,11768.92,11754.16,11754.17,245.472179
2020-08-24 21:45:00,11754.17,11769.11,11749.0,11755.09,229.108773
2020-08-24 22:00:00,11755.11,11758.0,11743.09,11756.25,283.212252
2020-08-24 22:15:00,11756.25,11760.46,11739.72,11753.02,359.828665
2020-08-24 22:30:00,11753.01,11753.78,11730.5,11740.01,306.265787
2020-08-24 22:45:00,11740.01,11756.0,11737.86,11754.31,288.820913
2020-08-24 23:00:00,11754.31,11776.99,11748.23,11773.14,281.608176
2020-08-24 23:15:00,11773.14,11787.11,11769.22,11785.33,527.626313
2020-08-24 23:30:00,11785.33,11790.0,11762.78,11769.29,352.393689
2020-08-24 23:45:00,11769.37,11775.67,11747.24,11748.2,314.296663
2020-08-25 00:00:00,11748.19,11764.46,11740.64,11745.18,575.453453
2020-08-25 00:15:00,11745.19,11755.54,11736.27,11748.91,407.421902
2020-08-25 00:30:00,11748.91,11752.06,11731.39,11748.64,347.171461
2020-08-25 00:45:00,11748.63,11754.74,11730.24,11739.67,265.243184
2020-08-25 01:00:00,11739.67,11748.06,11734.07,11744.89,258.28579
2020-08-25 01:15:00,11744.89,11758.99,11738.0,11755.83,252.414456
2020-08-25 01:30:00,11755.84,11765.84,11749.13,11765.68,260.456386
2020-08-25 01:45:00,11765.68,11767.85,11754.21,11760.48,261.174363
2020-08-25 02:00:00,11760.42,11760.43,11710.0,11720.43,569.98843
2020-08-25 02:15:00,11720.44,11724.65,11703.0,11724.27,498.477844
2020-08-25 02:30:00,11724.27,11724.42,11706.07,11711.45,341.125303
2020-08-25 02:45:00,11711.6,11711.6,11677.0,11680.1,818.366609
2020-08-25 03:00:00,11680.1,11694.95,11659.54,11684.55,677.836248
2020-08-25 03:15:00,11684.54,11685.0,11656.54,11663.05,442.256404
2020-08-25 03:30:00,11663.05,11687.98,11659.69,11681.5,379.795329
2020-08-25 03:45:00,11680.81,11693.35,11660.81,11669.58,390.383936
2020-08-25 04:00:00,11669.57,11678.35,11656.62,11676.16,462.43844
2020-08-25 04:15:00,11676.16,11677.63,11648.47,11653.54,407.959891
2020-08-25 04:30:00,11653.54,11687.04,11649.3,11680.88,376.289499
2020-08-25 04:45:00,11680.89,11688.83,11675.0,11678.03,319.026292
2020-08-25 05:00:00,11678.03,11699.06,11677.94,11698.81,297.778072
2020-08-25 05:15:00,11698.89,11699.98,11684.99,11689.86,551.241157
2020-08-25 05:30:00,11689.87,11695.0,11676.68,11683.38,276.196695
2020-08-25 05:45:00,11683.37,11687.82,11661.78,11665.0,348.694268
2020-08-25 06:00:00,11665.0,11668.42,11651.98,11653.0,402.846597
2020-08-25 06:15:00,11653.08,11667.68,11622.2,11623.42,636.611733
2020-08-25 06:30:00,11623.42,11639.0,11615.0,11635.89,482.118451
2020-08-25 06:45:00,11635.94,11638.54,11592.35,11612.59,816.901105
2020-08-25 07:00:00,11612.58,11612.72,11566.51,11566.51,1003.010395
2020-08-25 07:15:00,11566.52,11597.3,11550.0,11582.39,867.709088
2020-08-25 07:30:00,11582.39,11603.92,11569.26,11586.18,636.393207
2020-08-25 07:45:00,11586.17,11587.34,11559.99,11586.41,476.333182
2020-08-25 08:00:00,11586.41,11587.33,11550.0,11574.72,559.660906
2020-08-25 08:15:00,11574.72,11577.59,11530.0,11535.01,812.487257
2020-08-25 08:30:00,11535.01,11579.95,11510.57,11569.36,778.178504
2020-08-25 08:45:00,11569.37,11585.92,11569.36,11580.34,447.361023
2020-08-25 09:00:00,11580.34,11598.87,11567.64,11575.55,552.894731
2020-08-25 09:15:00,11575.54,11589.99,11565.11,11588.07,375.359489
2020-08-25 09:30:00,11588.07,11588.07,11573.38,11583.01,343.497569
2020-08-25 09:45:00,11583.09,11602.0,11581.79,11599.24,448.185923
2020-08-25 10:00:00,11599.24,11604.95,11585.11,11591.9,380.10685
2020-08-25 10:15:00,11591.91,11591.91,11576.64,11578.05,277.486362
2020-08-25 10:30:00,11578.05,11602.99,11578.04,11600.72,283.106711
2020-08-25 10:45:00,11600.72,11650.0,11598.19,11637.25,885.479311
2020-08-25 11:00:00,11637.26,11659.15,11632.04,11652.83,826.75452
2020-08-25 11:15:00,11652.83,11655.7,11617.07,11622.96,617.41647
2020-08-25 11:30:00,11623.11,11631.12,11611.69,11611.97,516.578191
2020-08-25 11:45:00,11611.97,11631.7,11607.57,11614.44,359.028224
2020-08-25 12:00:00,11614.44,11614.44,11523.49,11534.54,1372.557914
2020-08-25 12:15:00,11534.54,11534.66,11455.55,11486.55,2606.662804
2020-08-25 12:30:00,11486.27,11502.81,11450.0,11492.39,1119.672349
2020-08-25 12:45:00,11492.27,11515.21,11477.6,11491.77,753.421015
2020-08-25 13:00:00,11491.76,11535.15,11470.0,11493.83,897.509093
2020-08-25 13:15:00,11493.83,11522.52,11491.5,11508.2,757.854019
2020-08-25 13:30:00,11508.2,11508.22,11402.09,11424.95,1787.984267
2020-08-25 13:45:00,11424.94,11449.98,11406.89,11445.88,787.9529
2020-08-25 14:00:00,11445.87,11445.88,11337.07,11337.08,2607.0498
2020-08-25 14:15:00,11337.08,11413.48,11328.03,11413.47,1427.157225
2020-08-25 14:30:00,11413.48,11436.08,11388.9,11426.88,874.001394
2020-08-25 14:45:00,11427.0,11427.51,11390.0,11392.46,684.438626
2020-08-25 15:00:00,11392.45,11408.85,11380.0,11400.0,817.681813
2020-08-25 15:15:00,11400.0,11400.0,11359.05,11366.98,869.889804
2020-08-25 15:30:00,11366.97,11413.87,11346.17,11404.48,1009.659695
2020-08-25 15:45:00,11404.48,11430.0,11399.78,11419.41,646.119533
2020-08-25 16:00:00,11419.42,11429.99,11384.88,11423.01,788.355018
2020-08-25 16:15:00,11423.01,11443.14,11410.19,11429.28,550.587357
2020-08-25 16:30:00,11429.28,11438.53,11386.94,11392.96,672.950792
2020-08-25 16:45:00,11392.96,11403.83,11300.0,11325.53,2021.860637
2020-08-25 17:00:00,11325.53,11353.38,11258.38,11293.73,2255.723325
2020-08-25 17:15:00,11293.73,11312.13,11272.95,11307.01,958.149433
2020-08-25 17:30:00,11307.02,11330.44,11253.0,11273.01,1052.176179
2020-08-25 17:45:00,11273.3,11277.89,11180.0,11230.87,2357.215373
2020-08-25 18:00:00,11230.86,11238.06,11117.64,11167.06,2425.623587
2020-08-25 18:15:00,11166.75,11271.65,11165.0,11266.14,1303.132188
2020-08-25 18:30:00,11266.14,11293.59,11237.22,11270.01,986.68018
2020-08-25 18:45:00,11270.01,11317.67,11254.56,11296.28,957.539598
2020-08-25 19:00:00,11296.28,11297.31,11260.29,11268.13,608.420947
2020-08-25 19:15:00,11268.12,11332.22,11250.88,11327.04,844.70943
2020-08-25 19:30:00,11327.04,11329.02,11297.2,11313.53,509.703171
2020-08-25 19:45:00,11313.52,11327.0,11288.4,11294.0,562.919499
2020-08-25 20:00:00,11294.0,11300.0,11268.34,11275.15,623.066187
2020-08-25 20:15:00,11275.15,11297.89,11221.03,11285.18,850.885428
2020-08-25 20:30:00,11285.17,11328.8,11284.47,11295.02,525.524002
2020-08-25 20:45:00,11295.01,11304.91,11252.17,11258.21,664.770377
2020-08-25 21:00:00,11258.22,11308.84,11257.91,11307.88,409.216053
2020-08-25 21:15:00,11307.88,11316.7,11299.01,11309.49,390.962465
2020-08-25 21:30:00,11309.49,11311.79,11281.66,11306.57,342.800308
2020-08-25 21:45:00,11306.56,11314.97,11292.26,11293.32,292.522037
2020-08-25 22:00:00,11293.31,11358.88,11292.26,11355.17,717.322176
2020-08-25 22:15:00,11355.17,11383.9,11350.16,11370.0,588.985353
2020-08-25 22:30:00,11370.0,11388.0,11360.16,11363.68,493.642851
2020-08-25 22:45:00,11363.69,11377.77,11351.06,11354.66,456.925788
2020-08-25 23:00:00,11354.66,11377.36,11340.0,11367.3,402.339066
2020-08-25 23:15:00,11367.31,11380.38,11355.04,11380.38,302.226773
2020-08-25 23:30:00,11380.37,11381.89,11336.34,11361.93,516.138516
2020-08-25 23:45:00,11361.94,11370.0,11315.57,11318.42,567.255716
2020-08-26 00:00:00,11318.42,11330.94,11285.0,11299.22,678.627404
2020-08-26 00:15:00,11299.23,11310.0,11276.92,11298.52,504.365567
2020-08-26 00:30:00,11298.51,11302.46,11263.45,11269.85,445.766431
2020-08-26 00:45:00,11269.58,11286.48,11250.0,11281.76,616.64938
2020-08-26 01:00:00,11281.46,11324.73,11281.46,11316.67,504.607907
2020-08-26 01:15:00,11316.67,11337.42,11302.51,11329.57,443.790617
2020-08-26 01:30:00,11329.56,11349.17,11324.17,11336.0,416.037944
2020-08-26 01:45:00,11336.0,11350.0,11319.84,11334.13,377.132159
2020-08-26 02:00:00,11334.13,11368.99,11334.13,11353.04,421.612212
2020-08-26 02:15:00,11352.78,11360.94,11342.74,11348.17,392.083852
2020-08-26 02:30:00,11348.17,11379.78,11343.87,11371.21,415.226315
2020-08-26 02:45:00,11371.24,11399.98,11371.24,11393.1,590.325678
2020-08-26 03:00:00,11393.11,11400.0,11355.41,11356.09,588.732913
2020-08-26 03:15:00,11356.09,11368.13,11340.46,11343.57,339.136878
2020-08-26 03:30:00,11343.56,11351.87,11326.2,11329.63,323.801965
2020-08-26 03:45:00,11329.63,11367.01,11326.86,11365.23,322.459977
2020-08-26 04:00:00,11365.24,11394.59,11353.77,11381.92,428.855946
2020-08-26 04:15:00,11381.39,11395.0,11376.46,11376.53,506.350322
2020-08-26 04:30:00,11376.09,11382.07,11351.02,11360.15,375.080922
2020-08-26 04:45:00,11360.14,11361.19,11345.75,11352.52,303.002073
2020-08-26 05:00:00,11352.37,11383.74,11352.23,11380.15,373.650667
2020-08-26 05:15:00,11380.15,11389.98,11361.62,11372.85,316.050289
2020-08-26 05:30:00,11372.84,11392.56,11367.86,11385.6,400.366007
2020-08-26 05:45:00,11385.6,11390.15,11354.47,11359.56,403.89049
2020-08-26 06:00:00,11359.56,11369.33,11327.93,11336.04,566.799963
2020-08-26 06:15:00,11336.03,11357.04,11330.77,11330.83,383.427844
2020-08-26 06:30:00,11330.83,11340.0,11301.8,11329.25,572.684935
2020-08-26 06:45:00,11329.25,11336.11,11320.9,11321.47,476.430062
2020-08-26 07:00:00,11321.46,11326.35,11296.14,11315.49,789.003769
2020-08-26 07:15:00,11315.49,11343.37,11310.0,11332.37,506.133806
2020-08-26 07:30:00,11332.37,11365.0,11332.37,11363.37,435.183459
2020-08-26 07:45:00,11363.37,11363.38,11342.91,11348.06,501.510525
2020-08-26 08:00:00,11348.05,11366.3,11346.27,11361.17,661.637622
2020-08-26 08:15:00,11361.17,11376.23,11350.0,11350.41,649.855138
2020-08-26 08:30:00,11350.41,11356.95,11327.09,11328.18,599.171537
2020-08-26 08:45:00,11328.18,11362.92,11327.15,11362.09,393.249512
2020-08-26 09:00:00,11362.09,11379.86,11353.57,11361.4,685.45055
2020-08-26 09:15:00,11361.4,11374.59,11346.88,11356.33,522.007337
2020-08-26 09:30:00,11356.14,11369.43,11347.93,11355.66,387.617104
2020-08-26 09:45:00,11355.66,11374.53,11355.62,11366.51,458.78054
2020-08-26 10:00:00,11366.41,11396.15,11366.41,11381.97,683.644483
2020-08-26 10:15:00,11381.97,11445.02,11366.91,11428.59,1069.52591
2020-08-26 10:30:00,11428.58,11440.07,11398.5,11399.31,717.990023
2020-08-26 10:45:00,11399.32,11404.72,11379.22,11391.65,596.848782
2020-08-26 11:00:00,11391.65,11427.63,11391.65,11409.6,694.402215
2020-08-26 11:15:00,11409.59,11424.97,11401.5,11417.02,453.325429
2020-08-26 11:30:00,11417.07,11437.96,11380.56,11391.79,607.180931
2020-08-26 11:45:00,11391.8,11403.88,11370.01,11378.58,576.05648
2020-08-26 12:00:00,11378.59,11405.43,11378.59,11402.49,510.149807
2020-08-26 12:15:00,11402.49,11415.24,11325.0,11330.25,949.083905
2020-08-26 12:30:00,11330.27,11350.12,11291.45,11302.17,1093.406018
2020-08-26 12:45:00,11302.16,11324.19,11262.23,11310.53,1206.508833
2020-08-26 13:00:00,11310.52,11334.16,11292.12,11320.66,557.45545
2020-08-26 13:15:00,11321.18,11322.14,11251.6,11262.05,813.116762
2020-08-26 13:30:00,11262.05,11340.0,11244.0,11331.35,1247.44451
2020-08-26 13:45:00,11331.35,11418.0,11316.4,11398.38,1094.191276
2020-08-26 14:00:00,11398.38,11500.0,11394.76,11460.0,2131.526917
2020-08-26 14:15:00,11460.0,11470.0,11444.28,11447.58,716.664248
2020-08-26 14:30:00,11447.19,11484.73,11446.82,11459.9,1036.932422
2020-08-26 14:45:00,11459.89,11466.48,11420.25,11440.25,752.083719
2020-08-26 15:00:00,11440.25,11470.0,11440.24,11469.15,534.687444
2020-08-26 15:15:00,11469.15,11477.0,11445.45,11476.13,621.91188
2020-08-26 15:30:00,11476.13,11480.29,11451.21,11468.36,736.600721
2020-08-26 15:45:00,11468.46,11487.62,11463.36,11475.92,648.322323
2020-08-26 16:00:00,11475.92,11500.9,11447.96,11457.21,956.400133
2020-08-26 16:15:00,11457.21,11538.0,11445.0,11519.36,997.485667
2020-08-26 16:30:00,11519.92,11539.32,11484.37,11487.34,808.622047
2020-08-26 16:45:00,11487.33,11491.0,11457.0,11464.76,715.744964
2020-08-26 17:00:00,11464.76,11484.93,11457.0,11483.87,495.892908
2020-08-26 17:15:00,11483.87,11491.58,11461.09,11462.7,604.220221
2020-08-26 17:30:00,11462.71,11488.29,11461.09,11487.28,421.51356
2020-08-26 17:45:00,11487.28,11488.0,11439.01,11449.98,655.061546
2020-08-26 18:00:00,11450.23,11472.44,11449.53,11465.44,461.565767
2020-08-26 18:15:00,11465.45,11469.04,11453.04,11458.02,395.416322
2020-08-26 18:30:00,11458.02,11461.53,11428.93,11441.65,586.100292
2020-08-26 18:45:00,11441.61,11450.0,11432.56,11445.21,374.87586
2020-08-26 19:00:00,11445.21,11463.74,11438.53,11451.91,499.084079
2020-08-26 19:15:00,11451.9,11473.04,11451.22,11451.89,310.800524
2020-08-26 19:30:00,11451.62,11478.09,11439.81,11468.43,427.529217
2020-08-26 19:45:00,11468.43,11476.3,11456.78,11460.05,319.911365
2020-08-26 20:00:00,11460.04,11478.6,11456.03,11468.62,405.686376
2020-08-26 20:15:00,11468.62,11483.75,11462.7,11474.28,384.27191
2020-08-26 20:30:00,11474.47,11489.02,11466.85,11484.39,365.857047
2020-08-26 20:45:00,11484.4,11506.24,11484.4,11503.8,465.225507
2020-08-26 21:00:00,11503.79,11507.16,11473.26,11475.59,483.44079
2020-08-26 21:15:00,11475.54,11499.02,11474.72,11491.32,336.687
2020-08-26 21:30:00,11491.4,11493.35,11466.92,11467.33,336.493869
2020-08-26 21:45:00,11467.4,11472.53,11460.0,11466.59,232.195296
2020-08-26 22:00:00,11466.48,11473.49,11441.16,11460.94,464.562178
2020-08-26 22:15:00,11460.78,11477.37,11444.61,11458.81,379.53261
2020-08-26 22:30:00,11458.8,11458.81,11434.83,11443.21,376.974091
2020-08-26 22:45:00,11443.22,11454.0,11434.92,11448.08,274.18903
2020-08-26 23:00:00,11448.08,11472.0,11432.33,11464.55,380.875779
2020-08-26 23:15:00,11464.56,11477.53,11458.8,11471.33,303.024273
2020-08-26 23:30:00,11471.33,11484.92,11462.58,11469.53,283.736539
2020-08-26 23:45:00,11469.53,11475.08,11448.7,11461.43,369.646358
2020-08-27 00:00:00,11461.42,11463.75,11442.74,11459.9,414.90176
2020-08-27 00:15:00,11459.9,11480.15,11453.67,11476.15,421.4207
2020-08-27 00:30:00,11475.97,11480.59,11454.43,11460.49,299.954849
2020-08-27 00:45:00,11460.5,11465.12,11442.99,11455.18,320.310686
2020-08-27 01:00:00,11455.18,11458.29,11440.29,11443.01,273.809345
2020-08-27 01:15:00,11443.03,11452.84,11441.0,11446.23,223.945668
2020-08-27 01:30:00,11446.23,11470.0,11428.03,11437.82,472.072634
2020-08-27 01:45:00,11437.82,11437.82,11380.0,11400.12,858.49966
2020-08-27 02:00:00,11400.13,11400.13,11372.69,11376.73,671.394887
2020-08-27 02:15:00,11376.84,11399.9,11375.31,11395.08,352.422837
2020-08-27 02:30:00,11395.08,11395.49,11364.0,11375.88,493.224102
2020-08-27 02:45:00,11375.88,11386.14,11359.14,11378.51,530.27943
2020-08-27 03:00:00,11377.86,11406.95,11372.25,11402.42,483.721841
2020-08-27 03:15:00,11402.43,11418.08,11396.47,11409.54,440.248287
2020-08-27 03:30:00,11409.54,11418.99,11387.72,11399.34,366.302253
2020-08-27 03:45:00,11399.34,11404.12,11383.68,11384.6,320.485669
2020-08-27 04:00:00,11384.6,11408.57,11380.0,11400.11,294.306158
2020-08-27 04:15:00,11400.11,11408.79,11381.26,11386.41,337.744957
2020-08-27 04:30:00,11386.52,11390.24,11369.43,11374.25,353.509839
2020-08-27 04:45:00,11374.25,11385.0,11365.27,11366.31,333.293769
2020-08-27 05:00:00,11366.48,11384.69,11366.26,11375.98,413.651204
2020-08-27 05:15:00,11375.98,11381.05,11353.25,11366.82,416.766921
2020-08-27 05:30:00,11366.82,11366.82,11332.48,11353.53,500.655294
2020-08-27 05:45:00,11353.54,11358.7,11333.47,11350.44,473.457473
2020-08-27 06:00:00,11350.44,11380.0,11335.23,11378.97,441.110337
2020-08-27 06:15:00,11378.97,11383.01,11361.16,11375.24,311.698448
2020-08-27 06:30:00,11375.24,11385.0,11370.39,11383.98,486.323983
2020-08-27 06:45:00,11383.98,11402.52,11383.27,11386.41,601.901097
2020-08-27 07:00:00,11386.38,11386.39,11372.93,11377.29,399.210412
2020-08-27 07:15:00,11377.29,11384.9,11369.51,11384.51,447.120135
2020-08-27 07:30:00,11384.52,11414.7,11380.39,11408.88,524.177315
2020-08-27 07:45:00,11408.88,11410.08,11398.05,11406.17,454.568048
2020-08-27 08:00:00,11406.17,11406.18,11375.07,11382.97,416.236655
2020-08-27 08:15:00,11382.97,11386.14,11377.19,11377.56,323.551521
2020-08-27 08:30:00,11377.57,11385.07,11373.01,11379.48,339.679098
2020-08-27 08:45:00,11379.48,11384.82,11370.0,11370.0,372.88112
2020-08-27 09:00:00,11370.0,11379.92,11365.69,11365.7,608.446452
2020-08-27 09:15:00,11365.7,11380.69,11362.55,11380.69,455.407911
2020-08-27 09:30:00,11380.7,11444.96,11380.7,11420.68,961.332781
2020-08-27 09:45:00,11420.68,11430.0,11412.69,11416.99,534.362
2020-08-27 10:00:00,11416.99,11430.62,11379.02,11384.73,684.536416
2020-08-27 10:15:00,11384.73,11387.9,11370.0,11370.11,590.791704
2020-08-27 10:30:00,11370.11,11392.15,11346.16,11361.68,786.672666
2020-08-27 10:45:00,11361.67,11374.67,11350.99,11368.8,550.957585
2020-08-27 11:00:00,11368.88,11378.32,11347.18,11347.88,490.508719
2020-08-27 11:15:00,11347.88,11365.01,11342.29,11345.59,741.252161
2020-08-27 11:30:00,11345.59,11355.47,11325.99,11333.11,853.774434
2020-08-27 11:45:00,11333.11,11373.68,11301.0,11310.01,994.779762
2020-08-27 12:00:00,11310.01,11339.98,11293.93,11337.0,966.314291
2020-08-27 12:15:00,11337.0,11337.0,11285.01,11294.33,721.087936
2020-08-27 12:30:00,11294.32,11310.0,11272.99,11277.46,905.813526
2020-08-27 12:45:00,11277.46,11374.0,11277.12,11352.63,1147.629208
2020-08-27 13:00:00,11352.53,11449.0,11337.92,11448.23,1245.644111
2020-08-27 13:15:00,11449.0,11590.0,11444.28,11545.24,3492.868937
2020-08-27 13:30:00,11545.25,11592.2,11435.22,11448.89,2365.514106
2020-08-27 13:45:00,11448.9,11448.94,11353.29,11400.77,1854.604121
2020-08-27 14:00:00,11400.76,11412.36,11256.06,11281.12,2100.043227
2020-08-27 14:15:00,11281.11,11345.77,11265.0,11327.49,1123.638821
2020-08-27 14:30:00,11327.49,11339.96,11285.77,11306.78,818.481836
2020-08-27 14:45:00,11306.95,11325.21,11290.0,11310.45,746.824305
2020-08-27 15:00:00,11310.45,11337.66,11300.15,11324.88,742.478351
2020-08-27 15:15:00,11324.88,11326.46,11293.1,11299.02,548.004686
2020-08-27 15:30:00,11299.03,11327.52,11290.0,11313.11,706.455131
2020-08-27 15:45:00,11313.02,11336.48,11305.92,11323.22,644.247195
2020-08-27 16:00:00,11323.21,11366.49,11305.39,11343.9,663.487936
2020-08-27 16:15:00,11343.9,11365.66,11302.17,11305.22,658.235316
2020-08-27 16:30:00,11305.21,11324.95,11280.0,11303.62,1006.096502
2020-08-27 16:45:00,11303.62,11316.96,11258.99,11273.0,816.22295
2020-08-27 17:00:00,11273.26,11273.26,11136.47,11234.46,2961.594513
2020-08-27 17:15:00,11234.45,11260.27,11200.0,11222.3,983.262343
2020-08-27 17:30:00,11222.31,11224.67,11140.0,11141.58,1373.793481
2020-08-27 17:45:00,11143.26,11201.49,11125.0,11191.35,1079.71581
2020-08-27 18:00:00,11191.36,11231.68,11163.23,11221.32,822.206203
2020-08-27 18:15:00,11221.85,11224.34,11183.1,11206.29,597.074259
2020-08-27 18:30:00,11206.28,11240.84,11191.54,11224.33,597.74966
2020-08-27 18:45:00,11223.51,11272.81,11214.25,11256.9,724.159926
2020-08-27 19:00:00,11256.91,11259.84,11239.53,11249.52,440.742181
2020-08-27 19:15:00,11249.52,11266.47,11244.45,11264.11,356.936073
2020-08-27 19:30:00,11264.11,11287.75,11251.16,11254.22,485.406536
2020-08-27 19:45:00,11254.26,11265.84,11240.32,11244.09,373.55005
2020-08-27 20:00:00,11244.09,11295.0,11223.94,11281.78,619.947351
2020-08-27 20:15:00,11281.77,11307.4,11273.86,11277.61,594.165573
2020-08-27 20:30:00,11277.61,11294.27,11253.84,11260.44,451.022947
2020-08-27 20:45:00,11260.31,11267.88,11247.86,11257.07,318.580178
2020-08-27 21:00:00,11257.07,11270.42,11238.5,11260.26,282.358882
2020-08-27 21:15:00,11260.27,11298.24,11257.43,11290.64,299.641822
2020-08-27 21:30:00,11290.64,11294.76,11274.28,11289.86,285.662296
2020-08-27 21:45:00,11289.86,11289.86,11270.02,11288.46,190.457334
2020-08-27 22:00:00,11288.46,11327.73,11280.11,11287.85,408.521406
2020-08-27 22:15:00,11287.95,11296.96,11272.52,11292.86,293.979201
2020-08-27 22:30:00,11292.86,11292.92,11270.18,11285.69,277.795138
2020-08-27 22:45:00,11285.69,11286.46,11258.89,11265.08,283.399744
2020-08-27 23:00:00,11265.09,11309.98,11265.09,11302.3,272.378124
2020-08-27 23:15:00,11302.3,11328.97,11296.98,11322.39,400.678559
2020-08-27 23:30:00,11322.39,11341.71,11305.35,11312.18,331.511443
2020-08-27 23:45:00,11312.17,11330.39,11296.1,11330.38,428.391875
2020-08-28 00:00:00,11330.38,11346.34,11279.82,11289.52,532.949392
2020-08-28 00:15:00,11289.52,11307.1,11281.64,11297.26,326.104617
2020-08-28 00:30:00,11297.26,11328.84,11276.89,11322.78,391.691188
2020-08-28 00:45:00,11322.78,11360.97,11314.02,11352.46,534.694901
2020-08-28 01:00:00,11352.92,11371.57,11335.45,11365.46,537.803921
2020-08-28 01:15:00,11365.46,11371.57,11338.58,11342.87,364.107859
2020-08-28 01:30:00,11342.86,11371.57,11342.86,11371.38,365.600781
2020-08-28 01:45:00,11371.37,11381.66,11356.4,11377.74,540.528486
2020-08-28 02:00:00,11377.74,11387.99,11363.55,11383.47,460.768923
2020-08-28 02:15:00,11383.4,11383.93,11358.68,11369.77,427.659541
2020-08-28 02:30:00,11369.76,11378.36,11358.14,11369.22,278.066747
2020-08-28 02:45:00,11369.23,11382.26,11360.3,11373.68,289.384124
2020-08-28 03:00:00,11373.7,11397.77,11369.28,11391.01,422.490736
2020-08-28 03:15:00,11391.31,11398.93,11353.05,11359.25,355.337048
2020-08-28 03:30:00,11359.25,11366.32,11347.16,11358.71,300.213503
2020-08-28 03:45:00,11358.71,11383.5,11356.44,11380.08,282.397679
2020-08-28 04:00:00,11380.09,11391.35,11367.8,11387.0,310.061819
2020-08-28 04:15:00,11386.99,11388.88,11374.77,11380.42,254.754847
2020-08-28 04:30:00,11380.42,11380.43,11360.92,11372.18,291.737676
2020-08-28 04:45:00,11372.19,11395.52,11372.18,11390.76,357.161259
2020-08-28 05:00:00,11390.77,11410.0,11376.08,11383.58,555.977286
2020-08-28 05:15:00,11383.59,11390.97,11371.47,11376.29,419.890051
2020-08-28 05:30:00,11376.21,11386.18,11367.73,11383.7,259.227926
2020-08-28 05:45:00,11383.69,11406.32,11381.56,11399.0,369.614135
2020-08-28 06:00:00,11399.0,11409.19,11386.8,11402.46,493.701188
2020-08-28 06:15:00,11402.45,11436.0,11402.45,11428.91,751.168482
2020-08-28 06:30:00,11428.91,11444.96,11412.73,11433.81,654.898206
2020-08-28 06:45:00,11433.81,11439.09,11420.03,11432.99,484.869765
2020-08-28 07:00:00,11433.0,11440.0,11403.05,11406.58,517.91377
2020-08-28 07:15:00,11406.58,11412.84,11388.0,11394.26,415.92904
2020-08-28 07:30:00,11394.27,11400.65,11371.67,11371.99,462.446687
2020-08-28 07:45:00,11371.98,11388.57,11367.98,11379.63,611.805278
2020-08-28 08:00:00,11379.63,11385.0,11354.63,11378.24,694.938552
2020-08-28 08:15:00,11378.14,11404.01,11372.15,11393.4,516.648783
2020-08-28 08:30:00,11393.27,11418.84,11381.58,11405.0,432.396586
2020-08-28 08:45:00,11404.99,11405.61,11381.68,11395.4,534.953866
2020-08-28 09:00:00,11395.41,11426.1,11395.0,11424.74,590.180063
2020-08-28 09:15:00,11424.74,11455.0,11418.92,11440.56,920.059946
2020-08-28 09:30:00,11440.56,11459.17,11411.55,11427.2,762.380092
2020-08-28 09:45:00,11427.2,11459.99,11416.85,11440.24,447.544586
2020-08-28 10:00:00,11440.24,11447.75,11384.64,11428.99,663.843987
2020-08-28 10:15:00,11428.99,11452.0,11400.62,11409.29,821.557737
2020-08-28 10:30:00,11409.29,11439.1,11407.78,11437.71,406.635943
2020-08-28 10:45:00,11437.71,11443.04,11420.25,11437.73,526.538935
2020-08-28 11:00:00,11437.73,11441.44,11418.15,11440.84,430.653134
2020-08-28 11:15:00,11440.84,11453.6,11420.0,11430.4,549.18347
2020-08-28 11:30:00,11430.52,11459.0,11429.63,11449.2,513.706322
2020-08-28 11:45:00,11448.9,11474.4,11448.49,11471.99,582.177595
2020-08-28 12:00:00,11471.99,11481.99,11446.24,11455.29,792.329838
2020-08-28 12:15:00,11455.42,11483.0,11440.84,11470.39,538.102946
2020-08-28 12:30:00,11470.39,11477.0,11445.0,11455.27,597.861255
2020-08-28 12:45:00,11455.27,11456.53,11420.01,11440.88,595.549962
2020-08-28 13:00:00,11440.88,11447.38,11427.71,11436.68,418.704454
2020-08-28 13:15:00,11436.69,11452.97,11426.31,11426.5,381.724882
2020-08-28 13:30:00,11426.41,11449.25,11421.05,11430.85,434.048785
2020-08-28 13:45:00,11430.85,11460.64,11430.74,11460.63,499.901672
2020-08-28 14:00:00,11460.64,11464.92,11434.18,11455.36,590.101083
2020-08-28 14:15:00,11455.36,11458.01,11432.57,11438.33,630.934393
2020-08-28 14:30:00,11438.34,11443.77,11405.21,11414.7,612.017438
2020-08-28 14:45:00,11414.7,11452.56,11396.71,11436.99,791.942503
2020-08-28 15:00:00,11436.67,11464.4,11435.36,11457.62,715.741913
2020-08-28 15:15:00,11457.62,11494.0,11453.57,11492.51,1001.324597
2020-08-28 15:30:00,11492.51,11524.0,11473.99,11519.32,1317.86676
2020-08-28 15:45:00,11519.42,11534.06,11495.88,11529.63,1093.763415
2020-08-28 16:00:00,11529.3,11542.65,11499.23,11531.87,857.584836
2020-08-28 16:15:00,11531.87,11540.23,11506.94,11511.83,627.745445
2020-08-28 16:30:00,11511.84,11524.22,11493.32,11517.52,545.046176
2020-08-28 16:45:00,11517.52,11529.15,11502.2,11509.9,447.283833
2020-08-28 17:00:00,11509.89,11520.9,11500.0,11509.35,499.892119
2020-08-28 17:15:00,11509.27,11509.82,11493.6,11499.62,562.295544
2020-08-28 17:30:00,11499.62,11512.71,11472.79,11474.55,454.518152
2020-08-28 17:45:00,11474.55,11489.25,11462.45,11474.37,542.71838
2020-08-28 18:00:00,11474.38,11496.3,11468.51,11484.6,421.074777
2020-08-28 18:15:00,11484.6,11511.41,11473.11,11501.31,482.413784
2020-08-28 18:30:00,11500.68,11500.79,11480.9,11484.87,309.542721
2020-08-28 18:45:00,11485.05,11490.74,11473.51,11481.65,316.053974
2020-08-28 19:00:00,11481.65,11498.22,11478.06,11496.81,310.289281
2020-08-28 19:15:00,11496.81,11500.0,11486.54,11490.96,313.295898
2020-08-28 19:30:00,11490.84,11522.77,11482.99,11520.28,380.557096
2020-08-28 19:45:00,11520.27,11520.28,11497.86,11498.13,283.723478
2020-08-28 20:00:00,11498.0,11499.64,11490.32,11496.72,336.238861
2020-08-28 20:15:00,11496.73,11504.16,11489.68,11489.91,409.906158
2020-08-28 20:30:00,11490.0,11498.99,11477.8,11498.48,380.473679
2020-08-28 20:45:00,11498.48,11509.99,11478.09,11494.84,242.597495
2020-08-28 21:00:00,11494.84,11494.98,11470.0,11483.16,244.097038
2020-08-28 21:15:00,11483.16,11494.15,11466.64,11489.38,197.349004
2020-08-28 21:30:00,11489.37,11489.38,11464.92,11486.62,253.489322
2020-08-28 21:45:00,11486.62,11505.51,11470.65,11488.8,336.653279
2020-08-28 22:00:00,11488.81,11495.82,11469.62,11469.63,210.965912
2020-08-28 22:15:00,11469.63,11477.37,11457.23,11470.49,286.167559
2020-08-28 22:30:00,11470.5,11470.5,11457.28,11466.74,204.900822
2020-08-28 22:45:00,11466.74,11479.11,11458.84,11472.96,215.212604
2020-08-28 23:00:00,11472.96,11498.25,11467.26,11496.85,278.024439
2020-08-28 23:15:00,11496.84,11522.8,11491.15,11514.78,348.81831
2020-08-28 23:30:00,11514.79,11535.3,11510.11,11530.0,331.492202
2020-08-28 23:45:00,11530.02,11535.72,11513.53,11526.91,297.213833
2020-08-29 00:00:00,11526.9,11540.07,11495.24,11496.08,407.061293
2020-08-29 00:15:00,11496.08,11507.23,11490.46,11492.22,266.131065
2020-08-29 00:30:00,11492.22,11510.47,11487.62,11492.4,275.300592
2020-08-29 00:45:00,11492.4,11497.44,11471.67,11489.79,372.567376
2020-08-29 01:00:00,11489.8,11503.0,11476.42,11499.99,316.662941
2020-08-29 01:15:00,11499.99,11506.94,11475.42,11480.32,288.980556
2020-08-29 01:30:00,11480.32,11499.57,11476.55,11487.03,263.364163
2020-08-29 01:45:00,11487.03,11487.03,11462.51,11480.04,271.59606
2020-08-29 02:00:00,11480.05,11487.18,11463.06,11486.12,229.790233
2020-08-29 02:15:00,11486.12,11496.58,11473.87,11492.5,198.763061
2020-08-29 02:30:00,11492.49,11492.49,11482.84,11490.94,210.286727
2020-08-29 02:45:00,11490.95,11495.62,11472.04,11472.89,230.655272
2020-08-29 03:00:00,11472.89,11482.72,11466.12,11477.64,212.784008
2020-08-29 03:15:00,11477.65,11485.38,11469.3,11477.79,209.914017
2020-08-29 03:30:00,11477.79,11512.05,11475.05,11506.93,250.577537
2020-08-29 03:45:00,11506.66,11514.32,11491.04,11501.61,253.339278
2020-08-29 04:00:00,11501.61,11501.71,11491.4,11494.41,337.360349
2020-08-29 04:15:00,11494.4,11495.24,11480.0,11486.64,258.870033
2020-08-29 04:30:00,11486.65,11503.61,11479.41,11499.71,204.519763
2020-08-29 04:45:00,11499.7,11505.79,11494.81,11500.23,203.833981
2020-08-29 05:00:00,11500.23,11512.65,11499.2,11510.0,237.569277
2020-08-29 05:15:00,11510.0,11510.91,11482.19,11492.58,232.611866
2020-08-29 05:30:00,11492.59,11497.19,11485.0,11494.06,214.384286
2020-08-29 05:45:00,11494.05,11513.56,11492.13,11506.81,235.952192
2020-08-29 06:00:00,11506.8,11528.04,11506.74,11519.11,262.759278
2020-08-29 06:15:00,11519.12,11529.03,11509.11,11512.63,311.79606
2020-08-29 06:30:00,11512.62,11513.19,11495.44,11505.97,323.016502
2020-08-29 06:45:00,11505.96,11525.0,11505.96,11523.92,327.475088
2020-08-29 07:00:00,11523.92,11525.0,11502.86,11515.06,368.065092
2020-08-29 07:15:00,11515.06,11529.79,11506.57,11529.65,370.821517
2020-08-29 07:30:00,11529.65,11569.97,11529.65,11559.85,907.329876
2020-08-29 07:45:00,11559.84,11580.02,11508.24,11558.28,774.967607
2020-08-29 08:00:00,11558.28,11569.72,11533.31,11542.77,359.948097
2020-08-29 08:15:00,11542.77,11548.0,11531.94,11538.68,358.476137
2020-08-29 08:30:00,11538.67,11547.74,11525.99,11543.14,352.857106
2020-08-29 08:45:00,11543.14,11546.61,11528.34,11529.16,429.018084
2020-08-29 09:00:00,11529.23,11538.52,11519.61,11531.91,353.835428
2020-08-29 09:15:00,11531.91,11536.13,11521.62,11528.49,371.17289
2020-08-29 09:30:00,11528.48,11548.76,11528.48,11547.08,278.405965
2020-08-29 09:45:00,11547.09,11552.82,11537.07,11543.15,299.258474
2020-08-29 10:00:00,11543.16,11547.62,11530.83,11535.92,257.11591
2020-08-29 10:15:00,11535.91,11539.26,11530.05,11530.35,192.271273
2020-08-29 10:30:00,11530.35,11531.02,11482.0,11486.29,545.56232
2020-08-29 10:45:00,11486.3,11490.41,11431.7,11456.55,1032.895446
2020-08-29 11:00:00,11456.54,11476.54,11440.34,11445.31,409.177163
2020-08-29 11:15:00,11445.4,11470.0,11417.04,11463.0,503.5428
2020-08-29 11:30:00,11463.0,11475.9,11453.48,11458.36,302.341594
2020-08-29 11:45:00,11458.36,11471.1,11445.74,11447.38,265.323342
2020-08-29 12:00:00,11447.38,11487.0,11438.34,11471.83,379.561001
2020-08-29 12:15:00,11471.83,11479.83,11460.84,11462.46,278.707765
2020-08-29 12:30:00,11462.24,11475.26,11442.14,11450.15,334.045342
2020-08-29 12:45:00,11450.14,11466.2,11443.31,11464.3,311.997797
2020-08-29 13:00:00,11464.3,11470.0,11455.0,11464.97,357.969257
2020-08-29 13:15:00,11464.96,11471.07,11460.44,11465.89,357.632074
2020-08-29 13:30:00,11465.88,11472.41,11445.43,11455.01,332.049183
2020-08-29 13:45:00,11455.0,11458.0,11433.69,11438.27,515.927113
2020-08-29 14:00:00,11438.27,11459.24,11435.66,11448.78,385.120486
2020-08-29 14:15:00,11448.78,11458.74,11437.5,11457.61,373.341696
2020-08-29 14:30:00,11457.62,11484.5,11456.93,11470.59,359.864428
2020-08-29 14:45:00,11470.59,11495.35,11470.0,11492.6,339.273676
2020-08-29 15:00:00,11492.6,11495.36,11474.79,11479.87,310.562766
2020-08-29 15:15:00,11479.87,11516.0,11473.05,11500.43,546.049808
2020-08-29 15:30:00,11500.43,11513.67,11488.83,11496.37,426.606203
2020-08-29 15:45:00,11496.38,11510.2,11484.59,11500.99,558.7195
2020-08-29 16:00:00,11500.98,11504.79,11475.81,11482.39,491.072773
2020-08-29 16:15:00,11482.39,11501.04,11480.09,11489.4,543.150355
2020-08-29 16:30:00,11489.4,11510.51,11488.39,11504.11,551.575027
2020-08-29 16:45:00,11504.11,11515.02,11497.19,11510.09,675.112837
2020-08-29 17:00:00,11510.1,11520.0,11495.0,11500.23,616.520029
2020-08-29 17:15:00,11500.71,11532.0,11499.79,11531.27,462.722273
2020-08-29 17:30:00,11531.27,11535.89,11514.15,11521.25,459.405028
2020-08-29 17:45:00,11521.25,11524.95,11507.72,11510.13,324.404542
2020-08-29 18:00:00,11510.12,11529.82,11510.12,11523.3,218.174526
2020-08-29 18:15:00,11523.3,11529.96,11515.01,11517.74,257.538256
2020-08-29 18:30:00,11517.73,11540.98,11517.73,11540.98,297.512526
2020-08-29 18:45:00,11540.98,11546.0,11520.53,11526.66,363.548344
2020-08-29 19:00:00,11526.66,11545.0,11522.4,11544.05,370.176564
2020-08-29 19:15:00,11544.05,11544.37,11533.14,11541.99,329.965804
2020-08-29 19:30:00,11542.0,11549.0,11533.68,11539.8,344.270494
2020-08-29 19:45:00,11539.79,11542.51,11515.56,11522.11,321.441279
2020-08-29 20:00:00,11522.12,11532.25,11509.57,11512.94,332.82977
2020-08-29 20:15:00,11512.95,11534.96,11512.95,11532.31,288.665866
2020-08-29 20:30:00,11532.32,11534.98,11500.0,11513.04,329.278224
2020-08-29 20:45:00,11513.12,11520.17,11510.36,11515.53,205.14002
2020-08-29 21:00:00,11515.53,11519.4,11491.62,11507.35,241.370492
2020-08-29 21:15:00,11507.35,11518.04,11496.16,11513.39,187.409443
2020-08-29 21:30:00,11513.39,11519.3,11508.37,11517.46,162.673507
2020-08-29 21:45:00,11517.46,11520.0,11501.74,11510.79,178.174305
2020-08-29 22:00:00,11510.79,11514.73,11495.01,11499.35,209.928888
2020-08-29 22:15:00,11499.45,11513.41,11498.17,11507.84,221.562809
2020-08-29 22:30:00,11507.84,11507.84,11490.0,11497.81,291.042059
2020-08-29 22:45:00,11497.53,11506.66,11480.0,11481.54,268.539963
2020-08-29 23:00:00,11481.54,11504.95,11475.94,11501.91,256.269591
2020-08-29 23:15:00,11501.92,11506.51,11496.79,11499.6,237.37707
2020-08-29 23:30:00,11499.6,11504.58,11481.59,11484.05,247.597071
2020-08-29 23:45:00,11484.04,11494.4,11458.09,11465.84,381.612395
2020-08-30 00:00:00,11465.84,11484.99,11458.0,11478.67,314.027865
2020-08-30 00:15:00,11478.67,11501.0,11477.34,11487.0,319.107006
2020-08-30 00:30:00,11486.99,11506.47,11480.0,11500.05,360.897945
2020-08-30 00:45:00,11500.05,11515.62,11500.0,11506.27,440.597598
2020-08-30 01:00:00,11506.09,11517.37,11496.98,11516.51,391.324207
2020-08-30 01:15:00,11516.51,11522.91,11509.11,11522.76,367.916947
2020-08-30 01:30:00,11522.77,11650.0,11514.72,11616.58,1973.641818
2020-08-30 01:45:00,11616.77,11644.21,11601.08,11621.5,760.080708
2020-08-30 02:00:00,11621.51,11634.17,11602.15,11621.48,616.209025
2020-08-30 02:15:00,11621.48,11634.23,11610.34,11631.28,357.572453
2020-08-30 02:30:00,11631.27,11637.3,11617.56,11625.03,471.335424
2020-08-30 02:45:00,11625.04,11635.0,11622.36,11625.66,372.072628
2020-08-30 03:00:00,11625.66,11629.97,11608.76,11614.33,433.940774
2020-08-30 03:15:00,11614.32,11617.95,11592.0,11595.39,534.531386
2020-08-30 03:30:00,11595.39,11605.45,11592.0,11601.51,308.145506
2020-08-30 03:45:00,11601.54,11618.94,11600.68,11612.72,361.946438
2020-08-30 04:00:00,11612.61,11626.53,11600.97,11604.01,503.204954
2020-08-30 04:15:00,11604.01,11614.43,11593.0,11599.78,504.83913
2020-08-30 04:30:00,11599.79,11599.79,11576.94,11583.81,495.238565
2020-08-30 04:45:00,11584.41,11594.34,11568.85,11584.93,573.280451
2020-08-30 05:00:00,11584.99,11594.99,11567.09,11571.42,324.879095
2020-08-30 05:15:00,11571.41,11581.45,11565.01,11577.11,364.324744
2020-08-30 05:30:00,11577.12,11593.83,11572.18,11589.43,301.408011
2020-08-30 05:45:00,11589.43,11591.54,11584.29,11590.28,224.482347
2020-08-30 06:00:00,11590.28,11606.03,11589.48,11600.49,320.081882
2020-08-30 06:15:00,11600.48,11601.78,11589.48,11589.48,250.700777
2020-08-30 06:30:00,11589.48,11594.05,11572.56,11579.17,332.916522
2020-08-30 06:45:00,11579.18,11588.84,11577.99,11584.34,266.630617
2020-08-30 07:00:00,11584.33,11598.51,11578.14,11597.66,300.511366
2020-08-30 07:15:00,11597.67,11598.87,11574.22,11576.18,291.563139
2020-08-30 07:30:00,11576.18,11589.23,11570.53,11586.48,343.809318
2020-08-30 07:45:00,11586.48,11595.0,11584.38,11592.91,359.79406
2020-08-30 08:00:00,11592.9,11613.05,11590.3,11604.98,450.5633
2020-08-30 08:15:00,11604.99,11610.49,11586.47,11588.78,355.949045
2020-08-30 08:30:00,11588.78,11591.7,11554.0,11562.13,633.481948
2020-08-30 08:45:00,11562.15,11571.51,11548.78,11561.06,552.537464
2020-08-30 09:00:00,11560.68,11572.41,11553.82,11571.04,388.758112
2020-08-30 09:15:00,11571.04,11578.96,11565.82,11575.53,381.223615
2020-08-30 09:30:00,11575.52,11589.93,11570.09,11586.26,341.873958
2020-08-30 09:45:00,11586.27,11596.59,11582.71,11583.01,305.819128
2020-08-30 10:00:00,11583.01,11585.0,11570.09,11572.83,241.019368
2020-08-30 10:15:00,11572.83,11576.0,11566.21,11567.94,268.079285
2020-08-30 10:30:00,11567.94,11586.3,11567.92,11575.07,343.548484
2020-08-30 10:45:00,11575.07,11575.07,11560.16,11562.93,352.447548
2020-08-30 11:00:00,11562.92,11575.0,11557.08,11574.86,275.685724
2020-08-30 11:15:00,11574.86,11594.07,11574.86,11590.87,299.623832
2020-08-30 11:30:00,11590.87,11594.47,11585.36,11594.43,318.396038
2020-08-30 11:45:00,11594.47,11608.13,11588.0,11603.09,255.244921
2020-08-30 12:00:00,11603.09,11615.71,11572.01,11572.32,534.601292
2020-08-30 12:15:00,11572.32,11587.31,11563.11,11584.6,451.67817
2020-08-30 12:30:00,11584.6,11608.99,11573.53,11602.96,394.012108
2020-08-30 12:45:00,11602.96,11613.99,11598.01,11598.75,396.639273
2020-08-30 13:00:00,11598.75,11665.11,11592.94,11647.06,918.178742
2020-08-30 13:15:00,11647.39,11657.93,11625.06,11628.16,632.937335
2020-08-30 13:30:00,11628.16,11629.71,11605.96,11619.99,513.363984
2020-08-30 13:45:00,11620.0,11637.83,11619.29,11628.01,644.818794
2020-08-30 14:00:00,11627.64,11634.54,11600.17,11603.23,511.396234
2020-08-30 14:15:00,11603.22,11616.69,11601.03,11615.82,462.168011
2020-08-30 14:30:00,11615.82,11620.57,11609.2,11615.1,462.310662
2020-08-30 14:45:00,11615.1,11628.69,11608.26,11620.03,610.031162
2020-08-30 15:00:00,11620.02,11631.81,11614.0,11625.78,462.051301
2020-08-30 15:15:00,11625.78,11634.97,11622.72,11629.07,483.227794
2020-08-30 15:30:00,11629.0,11653.22,11627.31,11652.17,658.743447
2020-08-30 15:45:00,11652.17,11658.99,11557.69,11616.2,1011.228367
2020-08-30 16:00:00,11616.21,11625.0,11580.0,11610.88,582.752789
2020-08-30 16:15:00,11610.88,11642.44,11610.88,11632.08,526.512874
2020-08-30 16:30:00,11632.09,11685.0,11631.05,11668.22,854.62829
2020-08-30 16:45:00,11668.75,11685.0,11650.11,11665.7,803.145007
2020-08-30 17:00:00,11665.7,11674.12,11646.17,11648.85,518.927822
2020-08-30 17:15:00,11648.84,11654.97,11631.15,11644.83,547.917541
2020-08-30 17:30:00,11644.82,11670.2,11639.71,11656.14,343.256882
2020-08-30 17:45:00,11656.22,11658.63,11641.57,11641.57,362.178206
2020-08-30 18:00:00,11641.57,11655.18,11639.28,11649.92,341.969177
2020-08-30 18:15:00,11649.93,11654.07,11630.01,11633.46,313.249889
2020-08-30 18:30:00,11633.46,11641.87,11630.18,11640.0,303.403703
2020-08-30 18:45:00,11639.99,11651.04,11637.87,11651.04,290.542268
2020-08-30 19:00:00,11651.04,11655.98,11645.64,11651.26,319.306546
2020-08-30 19:15:00,11651.26,11653.97,11642.04,11644.43,363.226799
2020-08-30 19:30:00,11644.43,11646.32,11636.53,11640.44,278.234867
2020-08-30 19:45:00,11640.44,11643.33,11633.99,11642.59,255.434688
2020-08-30 20:00:00,11642.59,11658.88,11639.86,11642.36,559.248344
2020-08-30 20:15:00,11642.37,11643.33,11623.1,11628.71,411.122512
2020-08-30 20:30:00,11628.71,11638.32,11628.71,11633.19,216.335725
2020-08-30 20:45:00,11633.33,11641.55,11620.05,11638.11,336.032275
2020-08-30 21:00:00,11638.49,11640.19,11619.67,11624.16,350.275873
2020-08-30 21:15:00,11624.16,11645.04,11624.15,11633.57,236.546786
2020-08-30 21:30:00,11633.58,11639.66,11619.07,11622.41,208.965287
2020-08-30 21:45:00,11622.4,11622.41,11591.52,11601.74,607.208856
2020-08-30 22:00:00,11601.74,11624.57,11588.55,11624.0,382.713161
2020-08-30 22:15:00,11624.0,11640.09,11621.91,11634.4,373.855472
2020-08-30 22:30:00,11634.51,11650.0,11631.04,11647.35,527.661293
2020-08-30 22:45:00,11647.35,11664.69,11645.23,11656.35,335.306685
2020-08-30 23:00:00,11656.46,11690.12,11647.22,11690.11,655.525622
2020-08-30 23:15:00,11690.11,11714.99,11688.93,11697.71,1086.775885
2020-08-30 23:30:00,11697.71,11709.24,11675.2,11676.86,374.221935
2020-08-30 23:45:00,11676.86,11719.0,11675.71,11711.16,458.744843
2020-08-31 00:00:00,11711.17,11726.89,11692.99,11703.27,831.916887
2020-08-31 00:15:00,11703.27,11705.54,11682.76,11696.36,452.342784
2020-08-31 00:30:00,11696.36,11720.01,11685.59,11716.6,480.223194
2020-08-31 00:45:00,11716.6,11717.59,11689.03,11696.19,387.273848
2020-08-31 01:00:00,11696.19,11697.19,11681.56,11689.65,383.40242
2020-08-31 01:15:00,11689.65,11702.72,11686.65,11698.71,271.903607
2020-08-31 01:30:00,11698.71,11704.99,11680.0,11680.0,328.887719
2020-08-31 01:45:00,11680.0,11703.21,11678.0,11688.16,317.590955
2020-08-31 02:00:00,11688.15,11699.54,11675.12,11675.12,352.05658
2020-08-31 02:15:00,11675.13,11693.9,11672.72,11690.61,323.974961
2020-08-31 02:30:00,11690.61,11697.16,11681.06,11688.96,296.771654
2020-08-31 02:45:00,11688.66,11688.66,11673.28,11676.2,305.876986
2020-08-31 03:00:00,11676.2,11684.15,11667.85,11678.78,347.744874
2020-08-31 03:15:00,11678.8,11688.62,11673.65,11682.49,256.791345
2020-08-31 03:30:00,11682.48,11688.95,11678.72,11680.66,279.259463
2020-08-31 03:45:00,11680.62,11684.77,11675.15,11679.09,315.011795
2020-08-31 04:00:00,11679.08,11700.15,11679.08,11694.28,347.035828
2020-08-31 04:15:00,11694.28,11705.99,11681.75,11686.55,324.45219
2020-08-31 04:30:00,11686.55,11689.87,11675.46,11676.78,323.488733
2020-08-31 04:45:00,11676.65,11680.21,11651.04,11664.01,526.773643
2020-08-31 05:00:00,11664.01,11675.67,11651.2,11675.48,294.679175
2020-08-31 05:15:00,11675.48,11680.37,11665.81,11670.01,290.729321
2020-08-31 05:30:00,11670.15,11670.16,11653.58,11659.51,374.732336
2020-08-31 05:45:00,11659.52,11677.5,11659.48,11668.05,388.364426
2020-08-31 06:00:00,11668.05,11668.06,11638.48,11655.48,623.617325
2020-08-31 06:15:00,11655.47,11668.15,11652.25,11663.08,490.957936
2020-08-31 06:30:00,11663.09,11670.78,11653.76,11662.99,321.549407
2020-08-31 06:45:00,11662.99,11680.67,11661.56,11675.35,341.737527
2020-08-31 07:00:00,11675.35,11680.43,11651.81,11652.89,350.541681
2020-08-31 07:15:00,11652.89,11657.99,11605.0,11611.81,994.547636
2020-08-31 07:30:00,11611.82,11629.29,11594.06,11603.28,792.672652
2020-08-31 07:45:00,11603.28,11631.21,11595.65,11618.65,597.715905
2020-08-31 08:00:00,11618.64,11631.92,11608.03,11617.03,524.760963
2020-08-31 08:15:00,11617.03,11617.04,11570.0,11602.0,940.46185
2020-08-31 08:30:00,11602.0,11603.0,11573.0,11578.88,671.75194
2020-08-31 08:45:00,11578.89,11597.84,11573.06,11580.16,434.016671
2020-08-31 09:00:00,11580.16,11603.25,11570.0,11599.42,646.76677
2020-08-31 09:15:00,11599.43,11615.61,11594.19,11608.81,725.093168
2020-08-31 09:30:00,11608.81,11614.92,11596.76,11613.23,719.111416
2020-08-31 09:45:00,11613.23,11617.7,11596.0,11596.57,625.849682
2020-08-31 10:00:00,11596.57,11596.57,11577.88,11588.97,675.888098
2020-08-31 10:15:00,11588.97,11625.01,11588.96,11616.19,619.129265
2020-08-31 10:30:00,11616.19,11625.68,11603.33,11617.13,450.216464
2020-08-31 10:45:00,11617.13,11618.37,11602.47,11608.92,442.565873
2020-08-31 11:00:00,11608.92,11647.0,11607.65,11633.22,680.886233
2020-08-31 11:15:00,11633.27,11659.91,11632.01,11647.3,653.271284
2020-08-31 11:30:00,11647.29,11705.0,11644.3,11683.74,1161.541627
2020-08-31 11:45:00,11683.74,11710.0,11673.24,11680.58,1001.270656
2020-08-31 12:00:00,11680.72,11696.29,11669.37,11675.43,779.758397
2020-08-31 12:15:00,11675.43,11695.88,11669.0,11685.53,520.273696
2020-08-31 12:30:00,11685.52,11686.86,11661.11,11686.42,558.737224
2020-08-31 12:45:00,11686.42,11758.0,11679.31,11719.83,1867.418422
2020-08-31 13:00:00,11719.57,11736.85,11712.03,11725.01,700.820289
2020-08-31 13:15:00,11725.01,11800.77,11725.0,11756.37,2466.058217
2020-08-31 13:30:00,11756.37,11774.66,11705.19,11717.36,1099.90463
2020-08-31 13:45:00,11717.35,11721.93,11700.0,11713.87,765.969873
2020-08-31 14:00:00,11713.87,11719.46,11685.0,11704.81,1039.441312
2020-08-31 14:15:00,11704.8,11711.45,11678.47,11698.56,947.586466
2020-08-31 14:30:00,11698.56,11717.88,11695.25,11710.73,769.402103
2020-08-31 14:45:00,11710.74,11735.11,11700.97,11730.46,894.65942
2020-08-31 15:00:00,11730.45,11739.53,11720.0,11729.14,816.793854
2020-08-31 15:15:00,11729.14,11738.35,11704.44,11707.43,639.015758
2020-08-31 15:30:00,11707.42,11735.18,11696.14,11732.4,682.51368
2020-08-31 15:45:00,11732.4,11743.3,11720.26,11742.16,669.078533
2020-08-31 16:00:00,11742.15,11751.36,11718.62,11728.25,810.678012
2020-08-31 16:15:00,11728.26,11742.35,11716.83,11720.61,670.265497
2020-08-31 16:30:00,11720.55,11730.0,11705.0,11716.18,531.464129
2020-08-31 16:45:00,11716.18,11720.49,11709.05,11712.33,509.479807
2020-08-31 17:00:00,11712.33,11718.94,11690.0,11700.58,654.786969
2020-08-31 17:15:00,11700.59,11724.09,11698.47,11709.01,485.869699
2020-08-31 17:30:00,11709.01,11732.72,11708.05,11723.88,482.430972
2020-08-31 17:45:00,11723.95,11726.07,11710.04,11710.2,454.767354
2020-08-31 18:00:00,11710.2,11721.94,11705.05,11710.76,407.909729
2020-08-31 18:15:00,11710.75,11732.8,11709.12,11732.75,496.482988
2020-08-31 18:30:00,11732.76,11738.25,11720.04,11732.04,464.18141
2020-08-31 18:45:00,11732.03,11732.03,11706.73,11716.05,517.066499
2020-08-31 19:00:00,11716.05,11721.21,11706.25,11718.34,413.85394
2020-08-31 19:15:00,11718.35,11728.0,11712.53,11720.37,479.58727
2020-08-31 19:30:00,11720.37,11723.03,11707.74,11714.19,431.405372
2020-08-31 19:45:00,11714.18,11736.22,11714.18,11725.0,478.458585
2020-08-31 20:00:00,11725.0,11731.49,11710.94,11713.45,619.048637
2020-08-31 20:15:00,11713.45,11717.79,11645.0,11670.09,1264.731954
2020-08-31 20:30:00,11670.09,11677.0,11647.2,11670.58,566.249573
2020-08-31 20:45:00,11670.59,11683.53,11656.19,11672.79,392.103535
2020-08-31 21:00:00,11672.8,11673.09,11658.44,11671.56,373.065692
2020-08-31 21:15:00,11671.56,11704.02,11670.97,11688.79,413.99637
2020-08-31 21:30:00,11688.85,11695.44,11682.85,11684.58,296.613934
2020-08-31 21:45:00,11684.59,11687.02,11614.9,11632.61,697.468769
2020-08-31 22:00:00,11632.61,11666.48,11621.23,11660.34,388.322204
2020-08-31 22:15:00,11661.24,11675.01,11646.95,11672.34,277.710328
2020-08-31 22:30:00,11672.34,11672.87,11657.29,11665.06,295.044579
2020-08-31 22:45:00,11665.06,11685.65,11647.83,11651.38,421.899103
2020-08-31 23:00:00,11651.39,11683.87,11648.39,11677.35,403.038602
2020-08-31 23:15:00,11677.36,11688.87,11671.75,11679.75,315.083842
2020-08-31 23:30:00,11679.76,11689.68,11670.0,11683.31,319.699658
2020-08-31 23:45:00,11683.32,11689.48,11647.61,11649.51,516.214105
2020-09-01 00:00:00,11649.51,11668.5,11627.22,11634.16,932.973607
2020-09-01 00:15:00,11634.17,11638.0,11515.0,11580.23,1820.665962
2020-09-01 00:30:00,11580.23,11626.9,11564.21,11604.56,926.199617
2020-09-01 00:45:00,11604.55,11623.51,11593.12,11612.21,539.12738
2020-09-01 01:00:00,11612.22,11628.3,11598.36,11602.79,410.421736
2020-09-01 01:15:00,11602.92,11633.32,11585.03,11627.07,408.371799
2020-09-01 01:30:00,11627.07,11627.08,11614.92,11619.1,292.375326
2020-09-01 01:45:00,11619.1,11639.47,11614.91,11629.09,316.020854
2020-09-01 02:00:00,11629.09,11642.06,11616.3,11640.5,443.648411
2020-09-01 02:15:00,11640.51,11643.81,11605.87,11612.17,447.953331
2020-09-01 02:30:00,11612.18,11621.71,11608.48,11618.81,341.989295
2020-09-01 02:45:00,11618.82,11633.33,11612.16,11630.17,396.991057
2020-09-01 03:00:00,11630.18,11640.78,11615.0,11639.6,466.260751
2020-09-01 03:15:00,11639.6,11679.0,11629.52,11675.0,560.748879
2020-09-01 03:30:00,11675.0,11703.0,11664.7,11684.89,755.076094
2020-09-01 03:45:00,11684.88,11697.42,11674.22,11691.49,430.283196
2020-09-01 04:00:00,11691.43,11712.0,11679.0,11709.72,529.957509
2020-09-01 04:15:00,11709.72,11720.0,11691.87,11698.56,631.322262
2020-09-01 04:30:00,11698.55,11706.82,11685.5,11699.82,496.190033
2020-09-01 04:45:00,11699.82,11705.31,11672.17,11692.66,688.48006
2020-09-01 05:00:00,11692.67,11718.78,11692.54,11714.98,554.357124
2020-09-01 05:15:00,11714.99,11719.0,11687.35,11694.6,501.951755
2020-09-01 05:30:00,11694.6,11719.0,11692.83,11711.17,460.896889
2020-09-01 05:45:00,11711.18,11796.0,11711.17,11794.55,1453.167704
2020-09-01 06:00:00,11794.55,11824.23,11778.0,11786.6,1716.036775
2020-09-01 06:15:00,11786.61,11850.0,11786.61,11841.1,1169.556827
2020-09-01 06:30:00,11841.1,11855.54,11815.01,11834.37,962.569169
2020-09-01 06:45:00,11834.37,11871.92,11823.87,11861.85,923.812696
2020-09-01 07:00:00,11861.82,11924.76,11861.81,11881.23,1898.561771
2020-09-01 07:15:00,11881.23,11908.64,11863.98,11868.8,1042.58203
2020-09-01 07:30:00,11868.8,11893.79,11868.8,11879.41,727.220699
2020-09-01 07:45:00,11879.41,11940.0,11879.4,11923.74,1399.059802
2020-09-01 08:00:00,11923.74,11940.0,11868.19,11873.84,1429.814507
2020-09-01 08:15:00,11873.84,11909.46,11868.81,11908.21,891.997891
2020-09-01 08:30:00,11908.2,11930.93,11900.0,11900.01,867.17212
2020-09-01 08:45:00,11900.0,11919.41,11890.88,11912.85,647.307178
2020-09-01 09:00:00,11912.85,11917.12,11863.03,11879.58,694.328444
2020-09-01 09:15:00,11879.5,11889.93,11870.18,11887.95,551.030503
2020-09-01 09:30:00,11887.94,11950.0,11887.86,11938.04,1204.757862
2020-09-01 09:45:00,11938.04,11949.96,11921.58,11938.96,795.891002
2020-09-01 10:00:00,11938.96,11946.99,11916.0,11920.54,641.900276
2020-09-01 10:15:00,11920.44,11939.95,11912.66,11926.57,686.287722
2020-09-01 10:30:00,11926.56,11938.97,11915.68,11926.07,603.295262
2020-09-01 10:45:00,11926.07,11938.11,11906.0,11919.9,698.983961
2020-09-01 11:00:00,11919.9,11922.95,11877.85,11879.17,1286.156927
2020-09-01 11:15:00,11879.54,11899.61,11877.68,11892.05,1152.826506
2020-09-01 11:30:00,11892.15,11904.76,11885.11,11903.39,913.98984
2020-09-01 11:45:00,11903.38,11904.77,11834.01,11868.99,1274.49718
2020-09-01 12:00:00,11868.98,11869.39,11840.78,11858.33,988.806943
2020-09-01 12:15:00,11858.26,11882.55,11840.7,11879.01,853.974692
2020-09-01 12:30:00,11879.01,11907.76,11875.3,11907.74,812.845335
2020-09-01 12:45:00,11907.76,11918.83,11885.82,11899.94,681.494992
2020-09-01 13:00:00,11899.94,11910.17,11860.09,11876.56,783.390461
2020-09-01 13:15:00,11876.56,11887.58,11861.75,11880.36,572.143407
2020-09-01 13:30:00,11880.35,11884.37,11855.07,11860.06,635.848554
2020-09-01 13:45:00,11860.06,11875.0,11852.73,11864.38,631.097558
2020-09-01 14:00:00,11864.38,11873.95,11797.26,11843.56,1561.13457
2020-09-01 14:15:00,11843.45,11860.0,11825.64,11845.01,700.573322
2020-09-01 14:30:00,11845.0,11877.07,11830.13,11860.66,1016.881457
2020-09-01 14:45:00,11860.66,11894.54,11852.63,11894.06,856.842878
2020-09-01 15:00:00,11893.93,11933.77,11890.96,11918.41,1158.800834
2020-09-01 15:15:00,11918.41,11975.0,11910.69,11949.72,1890.982629
2020-09-01 15:30:00,11949.72,11968.11,11926.8,11967.48,971.50818
2020-09-01 15:45:00,11967.49,12044.67,11954.77,12039.33,2146.258273
2020-09-01 16:00:00,12039.33,12050.85,11991.55,12028.27,1680.169463
2020-09-01 16:15:00,12029.85,12037.43,11981.45,11995.28,1114.975863
2020-09-01 16:30:00,11995.28,12022.17,11989.53,12015.15,971.828506
2020-09-01 16:45:00,12015.14,12015.24,11980.59,11996.22,780.900071
2020-09-01 17:00:00,11996.22,12015.96,11947.19,11970.36,1019.757422
2020-09-01 17:15:00,11970.37,11978.68,11948.05,11967.3,868.15468
2020-09-01 17:30:00,11967.3,11980.0,11950.51,11958.04,789.095466
2020-09-01 17:45:00,11958.04,11975.65,11951.41,11957.05,528.792415
2020-09-01 18:00:00,11957.05,12004.95,11955.0,12002.01,658.568255
2020-09-01 18:15:00,12001.9,12004.84,11986.67,12002.0,446.980262
2020-09-01 18:30:00,12002.0,12002.01,11966.02,11985.32,580.231747
2020-09-01 18:45:00,11985.32,11985.84,11971.03,11983.57,440.190038
2020-09-01 19:00:00,11983.56,11989.82,11968.04,11970.07,431.737627
2020-09-01 19:15:00,11970.06,11984.02,11969.34,11972.26,351.286604
2020-09-01 19:30:00,11972.29,11977.48,11955.28,11967.8,645.328357
2020-09-01 19:45:00,11967.64,11973.77,11953.05,11957.41,562.85528
2020-09-01 20:00:00,11957.41,11970.01,11938.86,11940.0,665.260185
2020-09-01 20:15:00,11940.0,11974.49,11939.86,11969.77,606.340244
2020-09-01 20:30:00,11969.77,11987.85,11965.76,11986.58,488.244283
2020-09-01 20:45:00,11986.58,12015.11,11974.83,12003.6,606.006844
2020-09-01 21:00:00,12003.61,12015.72,11993.11,12015.44,552.365424
2020-09-01 21:15:00,12015.35,12026.43,11991.33,11992.78,655.940543
2020-09-01 21:30:00,11992.78,12041.86,11988.01,12040.57,443.143186
2020-09-01 21:45:00,12040.79,12040.88,12007.93,12016.05,607.181284
2020-09-01 22:00:00,12016.14,12043.49,12000.0,12039.06,609.381702
2020-09-01 22:15:00,12039.27,12050.0,11961.46,11995.3,1007.257278
2020-09-01 22:30:00,11995.31,11995.88,11941.8,11955.68,839.845358
2020-09-01 22:45:00,11955.8,11978.51,11949.41,11973.04,560.6732
2020-09-01 23:00:00,11973.04,11987.38,11964.41,11987.38,535.092419
2020-09-01 23:15:00,11987.38,12008.49,11987.38,11997.52,596.547221
2020-09-01 23:30:00,11997.6,12011.6,11978.15,11984.3,736.311802
2020-09-01 23:45:00,11983.75,11988.83,11851.0,11921.97,1520.098973
2020-09-02 00:00:00,11921.97,11954.57,11902.92,11910.14,896.133256
2020-09-02 00:15:00,11910.15,11950.77,11903.45,11934.7,613.523707
2020-09-02 00:30:00,11934.69,11937.02,11875.02,11923.6,776.581472
2020-09-02 00:45:00,11923.6,11935.52,11884.18,11899.11,782.69412
2020-09-02 01:00:00,11899.11,11922.36,11856.31,11895.76,817.679145
2020-09-02 01:15:00,11895.75,11919.01,11875.07,11905.56,897.463669
2020-09-02 01:30:00,11905.56,11925.32,11898.0,11914.45,469.450764
2020-09-02 01:45:00,11914.45,11916.02,11883.93,11887.83,454.278675
2020-09-02 02:00:00,11887.82,11887.82,11861.14,11880.5,656.311432
2020-09-02 02:15:00,11880.5,11903.45,11853.34,11898.77,555.720607
2020-09-02 02:30:00,11898.77,11908.95,11890.32,11898.68,464.6714
2020-09-02 02:45:00,11898.67,11898.84,11858.0,11858.0,465.21189
2020-09-02 03:00:00,11858.0,11878.31,11840.0,11852.99,742.800685
2020-09-02 03:15:00,11852.98,11862.15,11825.0,11861.8,624.858754
2020-09-02 03:30:00,11861.81,11866.5,11828.38,11835.99,549.094811
2020-09-02 03:45:00,11835.99,11861.0,11828.52,11835.01,542.288063
2020-09-02 04:00:00,11835.02,11872.67,11826.17,11864.66,477.981473
2020-09-02 04:15:00,11864.65,11885.6,11854.94,11883.24,521.774544
2020-09-02 04:30:00,11883.24,11892.98,11871.21,11887.44,472.490286
2020-09-02 04:45:00,11887.44,11899.41,11867.29,11873.46,462.226095
2020-09-02 05:00:00,11873.47,11900.0,11861.52,11899.79,543.155106
2020-09-02 05:15:00,11899.8,11900.0,11883.73,11887.0,504.475812
2020-09-02 05:30:00,11887.0,11887.35,11860.93,11865.39,484.234888
2020-09-02 05:45:00,11865.38,11873.82,11856.69,11868.55,553.844448
2020-09-02 06:00:00,11868.64,11868.64,11791.23,11814.02,1154.396335
2020-09-02 06:15:00,11814.0,11825.35,11780.9,11813.14,925.322497
2020-09-02 06:30:00,11813.13,11813.13,11749.06,11782.86,1328.380897
2020-09-02 06:45:00,11782.86,11794.52,11747.0,11790.62,1181.17078
2020-09-02 07:00:00,11790.62,11792.61,11747.0,11761.84,939.718873
2020-09-02 07:15:00,11761.93,11792.21,11747.0,11791.12,714.917924
2020-09-02 07:30:00,11790.95,11803.41,11736.0,11769.82,843.802532
2020-09-02 07:45:00,11769.82,11769.82,11718.16,11722.84,985.388337
2020-09-02 08:00:00,11723.59,11745.9,11656.81,11709.24,2128.482406
2020-09-02 08:15:00,11709.23,11728.85,11688.66,11715.71,838.7636
2020-09-02 08:30:00,11715.71,11726.29,11700.0,11700.0,639.717382
2020-09-02 08:45:00,11700.01,11712.99,11671.0,11711.61,588.560173
2020-09-02 09:00:00,11711.61,11731.24,11700.0,11728.61,587.418532
2020-09-02 09:15:00,11728.73,11737.41,11713.87,11729.22,473.292186
2020-09-02 09:30:00,11729.23,11735.54,11709.0,11734.47,495.56326
2020-09-02 09:45:00,11734.47,11747.99,11728.0,11738.1,678.382901
2020-09-02 10:00:00,11738.09,11743.3,11704.87,11704.87,598.556474
2020-09-02 10:15:00,11704.88,11716.3,11585.0,11617.69,1508.55526
2020-09-02 10:30:00,11617.69,11643.53,11560.0,11578.88,1574.364321
2020-09-02 10:45:00,11578.89,11604.47,11520.01,11574.27,2038.803055
2020-09-02 11:00:00,11574.26,11574.27,11279.31,11417.48,5356.571039
2020-09-02 11:15:00,11417.47,11417.48,11160.1,11329.71,4525.905115
2020-09-02 11:30:00,11329.7,11388.0,11282.75,11370.47,2143.590521
2020-09-02 11:45:00,11370.54,11424.99,11351.93,11406.02,2083.95817
2020-09-02 12:00:00,11406.01,11446.92,11375.06,11423.5,1848.721328
2020-09-02 12:15:00,11423.5,11470.65,11382.0,11399.4,1796.159894
2020-09-02 12:30:00,11399.26,11435.83,11396.93,11405.1,1079.315684
2020-09-02 12:45:00,11405.09,11438.28,11395.77,11428.65,792.776465
2020-09-02 13:00:00,11428.64,11445.7,11409.71,11436.3,987.884122
2020-09-02 13:15:00,11436.31,11444.36,11410.0,11420.0,976.950167
2020-09-02 13:30:00,11420.0,11420.74,11313.17,11367.36,1812.537324
2020-09-02 13:45:00,11367.37,11372.99,11307.54,11338.55,1021.932046
2020-09-02 14:00:00,11338.55,11368.18,11300.0,11362.74,1187.010331
2020-09-02 14:15:00,11362.75,11364.55,11340.15,11358.93,578.30279
2020-09-02 14:30:00,11358.94,11359.83,11283.0,11311.01,1390.262991
2020-09-02 14:45:00,11311.01,11329.1,11193.79,11244.82,2245.628988
2020-09-02 15:00:00,11244.83,11350.95,11231.99,11337.45,1462.050405
2020-09-02 15:15:00,11337.46,11338.62,11265.01,11320.32,930.650968
2020-09-02 15:30:00,11320.32,11351.7,11304.94,11329.52,678.096847
2020-09-02 15:45:00,11329.52,11348.03,11315.97,11329.67,598.496948
2020-09-02 16:00:00,11329.66,11358.97,11272.06,11294.42,1289.740706
2020-09-02 16:15:00,11294.42,11310.0,11243.91,11290.0,1239.221234
2020-09-02 16:30:00,11290.0,11300.0,11234.65,11266.94,1078.100496
2020-09-02 16:45:00,11266.86,11305.39,11266.73,11301.1,852.494312
2020-09-02 17:00:00,11301.1,11316.67,11283.32,11316.57,753.256668
2020-09-02 17:15:00,11316.67,11330.0,11306.26,11330.0,711.579296
2020-09-02 17:30:00,11330.0,11358.0,11329.92,11345.59,767.356489
2020-09-02 17:45:00,11345.59,11353.64,11330.0,11353.4,492.695423
2020-09-02 18:00:00,11353.41,11356.78,11318.56,11349.01,545.867327
2020-09-02 18:15:00,11349.01,11359.45,11337.66,11354.2,527.926586
2020-09-02 18:30:00,11354.2,11389.97,11354.2,11361.02,857.624373
2020-09-02 18:45:00,11361.03,11389.94,11360.65,11389.0,602.163991
2020-09-02 19:00:00,11389.0,11393.13,11358.13,11376.54,471.502039
2020-09-02 19:15:00,11376.54,11400.0,11372.21,11382.74,499.915253
2020-09-02 19:30:00,11382.13,11384.31,11319.0,11354.56,807.990404
2020-09-02 19:45:00,11354.56,11391.3,11354.56,11389.21,406.297107
2020-09-02 20:00:00,11389.21,11389.21,11343.48,11348.43,612.797529
2020-09-02 20:15:00,11348.43,11359.37,11302.0,11315.44,595.912983
2020-09-02 20:30:00,11315.44,11346.33,11313.03,11333.34,376.306643
2020-09-02 20:45:00,11333.34,11359.97,11333.34,11354.55,322.348894
2020-09-02 21:00:00,11354.55,11354.57,11337.91,11344.87,272.654596
2020-09-02 21:15:00,11344.98,11374.07,11343.34,11372.35,356.691893
2020-09-02 21:30:00,11372.11,11372.56,11358.26,11364.88,353.144586
2020-09-02 21:45:00,11364.89,11372.63,11345.98,11372.63,313.202578
2020-09-02 22:00:00,11372.62,11388.12,11369.64,11383.32,254.286361
2020-09-02 22:15:00,11382.29,11413.34,11362.75,11413.13,637.523908
2020-09-02 22:30:00,11413.13,11430.36,11401.23,11404.27,696.372929
2020-09-02 22:45:00,11404.65,11439.0,11403.65,11425.31,651.666311
2020-09-02 23:00:00,11425.32,11427.43,11401.0,11407.87,370.618977
2020-09-02 23:15:00,11407.87,11424.33,11402.95,11419.48,498.901481
2020-09-02 23:30:00,11419.4,11422.52,11396.46,11402.14,408.977396
2020-09-02 23:45:00,11402.14,11413.61,11376.37,11388.54,547.401863
2020-09-03 00:00:00,11388.54,11400.17,11357.57,11394.74,521.252298
2020-09-03 00:15:00,11394.75,11420.0,11394.11,11415.55,476.351876
2020-09-03 00:30:00,11415.54,11446.13,11414.93,11419.4,678.443852
2020-09-03 00:45:00,11419.39,11440.29,11409.77,11410.34,466.308514
2020-09-03 01:00:00,11410.35,11419.02,11381.9,11389.59,439.678088
2020-09-03 01:15:00,11389.49,11404.03,11375.29,11389.85,423.949067
2020-09-03 01:30:00,11389.85,11422.02,11389.46,11413.95,446.384514
2020-09-03 01:45:00,11413.95,11428.91,11411.55,11422.95,511.115856
2020-09-03 02:00:00,11422.94,11436.7,11401.83,11420.03,592.295759
2020-09-03 02:15:00,11420.03,11424.57,11399.99,11408.37,438.141065
2020-09-03 02:30:00,11408.37,11422.0,11396.09,11404.15,456.204358
2020-09-03 02:45:00,11404.02,11430.0,11391.36,11424.71,404.152154
2020-09-03 03:00:00,11424.71,11437.97,11391.81,11393.55,540.813912
2020-09-03 03:15:00,11393.77,11397.65,11367.36,11377.61,688.510709
2020-09-03 03:30:00,11377.61,11384.28,11337.52,11359.39,787.074205
2020-09-03 03:45:00,11359.58,11382.23,11331.49,11350.56,626.961836
2020-09-03 04:00:00,11350.57,11377.09,11349.69,11375.12,432.710517
2020-09-03 04:15:00,11375.12,11379.23,11317.42,11319.99,918.516711
2020-09-03 04:30:00,11320.0,11344.45,11306.08,11317.78,902.021538
2020-09-03 04:45:00,11317.77,11323.58,11264.77,11277.63,1199.421516
2020-09-03 05:00:00,11277.63,11300.0,11257.0,11299.99,886.856548
2020-09-03 05:15:00,11299.99,11339.41,11299.99,11317.06,576.471242
2020-09-03 05:30:00,11317.06,11321.71,11265.0,11265.97,510.603466
2020-09-03 05:45:00,11265.98,11294.71,11257.0,11278.73,731.353883
2020-09-03 06:00:00,11278.84,11318.0,11278.84,11318.0,638.111712
2020-09-03 06:15:00,11318.0,11318.71,11252.15,11265.73,708.681212
2020-09-03 06:30:00,11265.73,11313.07,11243.41,11305.04,757.203083
2020-09-03 06:45:00,11305.03,11310.4,11245.89,11279.49,839.60831
2020-09-03 07:00:00,11279.5,11302.51,11237.0,11297.07,1076.905004
2020-09-03 07:15:00,11297.07,11333.76,11286.04,11333.75,780.624777
2020-09-03 07:30:00,11333.76,11345.55,11319.62,11344.02,731.995065
2020-09-03 07:45:00,11343.87,11422.0,11335.59,11400.84,1086.738649
2020-09-03 08:00:00,11400.44,11462.6,11366.55,11380.01,1239.901128
2020-09-03 08:15:00,11380.01,11390.13,11354.0,11354.0,573.809608
2020-09-03 08:30:00,11354.0,11377.0,11348.25,11375.0,539.455787
2020-09-03 08:45:00,11374.99,11392.31,11352.43,11387.22,662.459494
2020-09-03 09:00:00,11387.22,11399.86,11340.9,11360.0,522.440987
2020-09-03 09:15:00,11359.99,11383.58,11345.72,11361.37,473.855606
2020-09-03 09:30:00,11361.37,11382.5,11357.11,11364.15,455.420337
2020-09-03 09:45:00,11363.84,11372.38,11340.04,11342.48,474.415546
2020-09-03 10:00:00,11342.31,11351.26,11290.0,11317.95,868.307874
2020-09-03 10:15:00,11317.95,11328.64,11278.25,11306.42,822.620293
2020-09-03 10:30:00,11306.42,11312.92,11279.24,11296.42,711.911479
2020-09-03 10:45:00,11296.42,11296.42,11218.0,11258.35,1437.285901
2020-09-03 11:00:00,11258.34,11299.49,11239.64,11259.64,921.257943
2020-09-03 11:15:00,11259.64,11277.39,11203.28,11211.88,1227.351192
2020-09-03 11:30:00,11211.88,11264.95,11180.97,11250.81,1768.955317
2020-09-03 11:45:00,11250.81,11263.32,11204.59,11208.02,922.243606
2020-09-03 12:00:00,11208.01,11249.97,10851.32,11001.73,6063.611059
2020-09-03 12:15:00,11000.3,11071.35,10645.0,10792.83,7103.522325
2020-09-03 12:30:00,10792.84,10887.76,10750.0,10762.67,4757.377304
2020-09-03 12:45:00,10762.68,10866.13,10750.0,10818.93,3042.067905
2020-09-03 13:00:00,10818.92,10853.99,10792.53,10793.21,2341.680127
2020-09-03 13:15:00,10793.2,10852.5,10790.8,10823.83,1630.468803
2020-09-03 13:30:00,10823.84,10851.0,10810.08,10842.26,1109.604703
2020-09-03 13:45:00,10842.26,10924.88,10840.0,10917.03,1766.914609
2020-09-03 14:00:00,10917.03,10923.78,10868.38,10876.56,1204.142803
2020-09-03 14:15:00,10876.64,10891.31,10832.0,10861.92,1185.252169
2020-09-03 14:30:00,10861.48,10881.53,10820.0,10836.38,1133.132672
2020-09-03 14:45:00,10836.37,10863.62,10827.84,10847.91,725.629828
2020-09-03 15:00:00,10847.91,10847.91,10750.0,10773.67,1637.444669
2020-09-03 15:15:00,10773.97,10777.17,10633.4,10704.79,2842.057119
2020-09-03 15:30:00,10704.79,10720.25,10460.0,10700.0,5397.117464
2020-09-03 15:45:00,10700.01,10769.99,10641.0,10670.28,2658.355836
2020-09-03 16:00:00,10670.28,10737.83,10614.15,10706.74,1856.444913
2020-09-03 16:15:00,10706.74,10735.0,10669.0,10679.02,1304.817398
2020-09-03 16:30:00,10678.46,10698.83,10626.97,10637.77,1300.327122
2020-09-03 16:45:00,10637.78,10680.0,10550.0,10562.64,2231.248709
2020-09-03 17:00:00,10561.55,10719.31,10557.25,10707.55,2002.699704
2020-09-03 17:15:00,10707.55,10767.22,10692.43,10748.66,1492.695325
2020-09-03 17:30:00,10748.66,10769.52,10700.59,10722.51,1013.864986
2020-09-03 17:45:00,10722.52,10729.11,10675.45,10694.15,983.458966
2020-09-03 18:00:00,10694.16,10740.06,10680.02,10706.94,935.418915
2020-09-03 18:15:00,10706.94,10720.53,10630.0,10681.96,1157.150515
2020-09-03 18:30:00,10681.95,10729.98,10677.45,10715.95,680.88192
2020-09-03 18:45:00,10715.94,10715.94,10638.43,10650.11,992.543347
2020-09-03 19:00:00,10650.1,10690.0,10601.0,10688.14,1077.100511
2020-09-03 19:15:00,10688.14,10702.87,10659.4,10695.27,739.007125
2020-09-03 19:30:00,10695.26,10707.95,10655.27,10685.36,835.109033
2020-09-03 19:45:00,10685.35,10698.21,10662.07,10682.69,620.374459
2020-09-03 20:00:00,10682.69,10728.64,10674.96,10711.02,717.650651
2020-09-03 20:15:00,10711.01,10739.71,10700.0,10719.3,644.815685
2020-09-03 20:30:00,10719.48,10749.96,10705.88,10738.6,648.720075
2020-09-03 20:45:00,10738.6,10789.11,10716.39,10774.12,974.375359
2020-09-03 21:00:00,10774.12,10794.62,10737.82,10745.48,662.859824
2020-09-03 21:15:00,10745.46,10746.31,10705.0,10728.15,453.965253
2020-09-03 21:30:00,10727.82,10735.35,10690.45,10715.66,493.170977
2020-09-03 21:45:00,10715.65,10734.83,10685.36,10723.62,539.100151
2020-09-03 22:00:00,10723.62,10751.07,10707.96,10709.13,382.537151
2020-09-03 22:15:00,10709.13,10712.15,10661.73,10689.45,621.494711
2020-09-03 22:30:00,10689.18,10705.47,10646.18,10696.57,683.602017
2020-09-03 22:45:00,10696.58,10696.6,10643.6,10661.31,664.289536
2020-09-03 23:00:00,10661.31,10671.32,10571.51,10652.21,1319.189873
2020-09-03 23:15:00,10652.71,10653.47,10115.0,10195.69,5237.906234
2020-09-03 23:30:00,10195.69,10238.89,9960.8,10132.72,6744.446642
2020-09-03 23:45:00,10132.76,10229.92,10112.0,10140.85,2443.306139
2020-09-04 00:00:00,10138.29,10258.11,10068.0,10249.38,2338.560974
2020-09-04 00:15:00,10248.54,10316.99,10246.29,10276.45,1747.302966
2020-09-04 00:30:00,10276.46,10351.06,10276.45,10300.67,1347.854474
2020-09-04 00:45:00,10300.67,10333.28,10280.58,10299.39,1168.03418
2020-09-04 01:00:00,10299.38,10315.0,10262.84,10288.9,981.716116
2020-09-04 01:15:00,10288.89,10315.87,10226.0,10235.7,928.01652
2020-09-04 01:30:00,10235.7,10283.7,10230.09,10255.72,784.202835
2020-09-04 01:45:00,10255.72,10305.17,10244.45,10261.19,548.213496
2020-09-04 02:00:00,10261.18,10272.6,10201.0,10217.27,1130.042951
2020-09-04 02:15:00,10217.27,10239.5,10164.62,10173.11,1065.509982
2020-09-04 02:30:00,10173.1,10226.07,10172.22,10221.49,749.947716
2020-09-04 02:45:00,10221.48,10282.57,10220.57,10261.33,655.825685
2020-09-04 03:00:00,10261.33,10288.12,10238.68,10277.15,935.428707
2020-09-04 03:15:00,10277.04,10288.52,10251.71,10274.48,468.330972
2020-09-04 03:30:00,10274.49,10284.2,10242.83,10252.82,481.840606
2020-09-04 03:45:00,10252.82,10282.3,10249.49,10265.42,499.919435
2020-09-04 04:00:00,10265.41,10325.0,10264.22,10310.01,803.919013
2020-09-04 04:15:00,10310.02,10332.27,10258.83,10269.46,874.463205
2020-09-04 04:30:00,10269.58,10274.15,10241.87,10262.99,569.062503
2020-09-04 04:45:00,10263.0,10296.85,10226.31,10287.21,832.849303
2020-09-04 05:00:00,10287.21,10295.4,10260.88,10283.42,428.698538
2020-09-04 05:15:00,10283.42,10293.95,10252.66,10260.29,535.895319
2020-09-04 05:30:00,10260.29,10291.44,10235.0,10281.11,530.274911
2020-09-04 05:45:00,10280.81,10299.69,10277.07,10283.59,518.945922
2020-09-04 06:00:00,10283.59,10298.0,10260.03,10297.99,550.021821
2020-09-04 06:15:00,10298.0,10299.77,10274.11,10283.97,495.158615
2020-09-04 06:30:00,10283.97,10284.0,10245.67,10248.0,609.507703
2020-09-04 06:45:00,10247.05,10264.68,10225.98,10226.36,610.976102
2020-09-04 07:00:00,10226.36,10272.0,10194.4,10267.3,992.12351
2020-09-04 07:15:00,10267.31,10274.22,10245.14,10252.42,729.61193
2020-09-04 07:30:00,10252.43,10262.45,10093.1,10145.97,1381.220085
2020-09-04 07:45:00,10145.75,10338.98,10133.14,10295.59,1573.958452
2020-09-04 08:00:00,10295.59,10435.0,10292.48,10384.93,1578.053647
2020-09-04 08:15:00,10384.93,10413.0,10351.98,10397.07,1135.79188
2020-09-04 08:30:00,10397.06,10437.38,10370.0,10412.12,1062.098633
2020-09-04 08:45:00,10412.12,10449.67,10390.06,10421.99,1051.139027
2020-09-04 09:00:00,10421.99,10462.65,10387.49,10445.47,932.136732
2020-09-04 09:15:00,10444.13,10457.54,10425.98,10434.66,726.910772
2020-09-04 09:30:00,10434.66,10465.34,10412.0,10456.45,787.498449
2020-09-04 09:45:00,10456.46,10528.97,10442.0,10518.38,1640.240818
2020-09-04 10:00:00,10518.37,10518.37,10462.79,10480.0,1142.289427
2020-09-04 10:15:00,10480.0,10525.69,10473.48,10489.03,1249.645168
2020-09-04 10:30:00,10489.51,10521.81,10483.81,10486.76,957.33483
2020-09-04 10:45:00,10486.68,10514.78,10456.99,10462.26,782.238639
2020-09-04 11:00:00,10462.26,10473.0,10428.23,10453.1,953.74492
2020-09-04 11:15:00,10453.1,10453.21,10374.0,10436.86,1184.947272
2020-09-04 11:30:00,10436.85,10439.54,10355.08,10369.64,884.925463
2020-09-04 11:45:00,10369.63,10426.57,10362.27,10422.17,714.928184
2020-09-04 12:00:00,10422.52,10465.0,10422.52,10435.6,761.838608
2020-09-04 12:15:00,10435.59,10440.99,10378.25,10384.94,730.744743
2020-09-04 12:30:00,10384.94,10430.56,10380.3,10430.5,954.032037
2020-09-04 12:45:00,10429.88,10473.0,10428.84,10464.47,705.047932
2020-09-04 13:00:00,10464.47,10470.94,10390.15,10456.68,836.909635
2020-09-04 13:15:00,10456.68,10466.77,10435.95,10440.0,767.423573
2020-09-04 13:30:00,10439.03,10497.84,10429.0,10458.25,808.616198
2020-09-04 13:45:00,10458.24,10466.1,10370.0,10372.85,1226.00721
2020-09-04 14:00:00,10372.85,10410.8,10310.01,10341.32,1267.565555
2020-09-04 14:15:00,10341.33,10355.01,10250.0,10290.82,1684.848506
2020-09-04 14:30:00,10290.82,10333.02,10101.0,10128.91,2675.241054
2020-09-04 14:45:00,10128.91,10392.64,9875.5,10387.06,4543.846277
2020-09-04 15:00:00,10378.29,10392.63,10194.4,10258.48,2599.183401
2020-09-04 15:15:00,10258.4,10258.48,10157.47,10200.24,1697.390628
2020-09-04 15:30:00,10200.24,10292.24,10200.23,10250.08,1269.906211
2020-09-04 15:45:00,10250.07,10445.1,10250.07,10424.67,1965.280532
2020-09-04 16:00:00,10424.67,10452.24,10330.52,10360.55,1960.234857
2020-09-04 16:15:00,10360.55,10419.62,10303.56,10419.32,1011.007901
2020-09-04 16:30:00,10419.62,10476.99,10390.04,10472.65,1376.367959
2020-09-04 16:45:00,10472.64,10480.0,10403.35,10434.68,1112.220516
2020-09-04 17:00:00,10434.68,10441.89,10376.52,10419.49,979.059505
2020-09-04 17:15:00,10419.34,10432.0,10377.97,10400.0,668.23635
2020-09-04 17:30:00,10400.0,10450.0,10399.73,10425.9,1261.044209
2020-09-04 17:45:00,10425.89,10447.1,10389.19,10406.62,667.072988
2020-09-04 18:00:00,10406.48,10430.0,10374.11,10383.37,616.966602
2020-09-04 18:15:00,10384.6,10417.46,10333.0,10375.98,730.671319
2020-09-04 18:30:00,10376.68,10421.0,10366.86,10418.13,526.384983
2020-09-04 18:45:00,10418.13,10517.24,10412.05,10516.65,1018.45868
2020-09-04 19:00:00,10516.64,10550.0,10463.47,10471.13,917.097605
2020-09-04 19:15:00,10471.12,10540.0,10469.55,10498.36,766.553629
2020-09-04 19:30:00,10498.36,10524.6,10465.54,10504.73,813.727509
2020-09-04 19:45:00,10504.73,10598.0,10504.72,10570.13,1188.094966
2020-09-04 20:00:00,10570.13,10600.0,10537.14,10560.0,804.917425
2020-09-04 20:15:00,10560.0,10590.0,10529.9,10544.76,607.539461
2020-09-04 20:30:00,10544.14,10574.99,10543.53,10551.6,383.941517
2020-09-04 20:45:00,10551.6,10591.82,10539.92,10586.39,500.819207
2020-09-04 21:00:00,10586.38,10627.05,10568.01,10591.19,588.856015
2020-09-04 21:15:00,10591.19,10591.61,10545.0,10547.25,382.21627
2020-09-04 21:30:00,10547.35,10578.48,10534.79,10578.42,243.037243
2020-09-04 21:45:00,10578.42,10578.56,10544.96,10546.12,281.187402
2020-09-04 22:00:00,10546.13,10570.0,10510.61,10545.44,475.482333
2020-09-04 22:15:00,10545.44,10575.66,10525.4,10567.92,360.541274
2020-09-04 22:30:00,10567.92,10584.28,10524.97,10540.58,449.713949
2020-09-04 22:45:00,10540.58,10547.5,10440.13,10461.95,939.583508
2020-09-04 23:00:00,10461.95,10485.82,10435.07,10473.46,575.108441
2020-09-04 23:15:00,10473.46,10474.61,10430.2,10462.53,543.563375
2020-09-04 23:30:00,10462.54,10494.12,10446.41,10486.36,482.01096
2020-09-04 23:45:00,10486.35,10488.67,10444.65,10446.25,356.640647
2020-09-05 00:00:00,10446.25,10534.31,10443.35,10517.81,610.728752
2020-09-05 00:15:00,10517.24,10544.17,10496.61,10544.17,530.856192
2020-09-05 00:30:00,10542.95,10565.68,10488.0,10496.18,697.665871
2020-09-05 00:45:00,10496.32,10498.7,10460.0,10481.71,589.222884
2020-09-05 01:00:00,10481.42,10481.78,10406.03,10438.25,757.151236
2020-09-05 01:15:00,10438.25,10479.34,10411.31,10473.65,425.817186
2020-09-05 01:30:00,10473.65,10480.69,10460.03,10465.0,306.889247
2020-09-05 01:45:00,10465.0,10516.76,10457.72,10483.73,375.254687
2020-09-05 02:00:00,10483.73,10503.79,10467.29,10489.94,431.613281
2020-09-05 02:15:00,10489.94,10496.2,10432.55,10437.12,439.351672
2020-09-05 02:30:00,10436.87,10458.22,10409.55,10419.25,366.758628
2020-09-05 02:45:00,10419.25,10447.8,10412.72,10432.53,329.502783
2020-09-05 03:00:00,10432.53,10463.99,10427.64,10437.15,405.00344
2020-09-05 03:15:00,10437.16,10439.92,10392.73,10405.94,619.371865
2020-09-05 03:30:00,10405.93,10426.93,10383.96,10420.0,453.09273
2020-09-05 03:45:00,10419.89,10437.42,10400.0,10408.46,476.973935
2020-09-05 04:00:00,10408.46,10427.46,10371.71,10407.61,678.388728
2020-09-05 04:15:00,10407.61,10476.32,10394.79,10452.68,589.389741
2020-09-05 04:30:00,10452.68,10463.91,10431.37,10447.55,354.991619
2020-09-05 04:45:00,10447.56,10459.0,10400.0,10413.56,400.797827
2020-09-05 05:00:00,10413.55,10459.99,10394.77,10435.19,438.127883
2020-09-05 05:15:00,10435.2,10444.13,10404.26,10439.88,411.944779
2020-09-05 05:30:00,10439.89,10440.42,10405.76,10409.04,325.475874
2020-09-05 05:45:00,10409.04,10436.75,10403.0,10403.01,293.535495
2020-09-05 06:00:00,10403.0,10432.0,10396.16,10403.22,437.316996
2020-09-05 06:15:00,10403.21,10427.66,10386.16,10421.3,550.746611
2020-09-05 06:30:00,10421.31,10500.44,10406.83,10492.23,911.917804
2020-09-05 06:45:00,10492.23,10500.0,10475.49,10480.46,358.458854
2020-09-05 07:00:00,10480.46,10490.38,10463.16,10473.0,400.161062
2020-09-05 07:15:00,10472.94,10491.34,10413.43,10432.91,703.768228
2020-09-05 07:30:00,10432.9,10432.9,10362.2,10390.93,1083.339757
2020-09-05 07:45:00,10390.94,10424.01,10365.55,10406.77,494.581178
2020-09-05 08:00:00,10406.77,10406.77,10358.72,10359.79,535.142655
2020-09-05 08:15:00,10359.78,10393.67,10330.36,10355.3,1063.971279
2020-09-05 08:30:00,10355.3,10391.86,10330.12,10385.22,624.752449
2020-09-05 08:45:00,10385.22,10394.97,10318.0,10321.98,602.354788
2020-09-05 09:00:00,10321.98,10346.38,10301.0,10314.54,987.326214
2020-09-05 09:15:00,10314.55,10378.76,10273.35,10355.14,1055.149501
2020-09-05 09:30:00,10355.14,10379.86,10342.02,10366.24,418.518652
2020-09-05 09:45:00,10366.12,10366.13,10286.65,10286.85,940.614834
2020-09-05 10:00:00,10286.84,10330.6,10268.0,10301.85,1227.032787
2020-09-05 10:15:00,10301.86,10330.6,10282.2,10296.27,764.591078
2020-09-05 10:30:00,10296.26,10319.23,10255.0,10306.56,828.788477
2020-09-05 10:45:00,10306.56,10340.0,10278.0,10284.47,718.856371
2020-09-05 11:00:00,10284.46,10299.99,10230.32,10246.84,933.273686
2020-09-05 11:15:00,10246.85,10269.92,10166.13,10196.39,1769.908122
2020-09-05 11:30:00,10196.58,10232.64,10161.95,10188.89,1343.538166
2020-09-05 11:45:00,10189.0,10239.68,10123.0,10225.66,1254.195812
2020-09-05 12:00:00,10225.65,10269.01,10107.0,10117.13,1337.81537
2020-09-05 12:15:00,10112.72,10179.95,10069.0,10072.21,1578.269536
2020-09-05 12:30:00,10072.23,10104.99,9975.8,9977.93,3370.350435
2020-09-05 12:45:00,9977.92,10093.0,9975.0,10001.75,2144.675158
2020-09-05 13:00:00,10001.76,10250.0,9997.36,10153.31,2068.241018
2020-09-05 13:15:00,10153.65,10211.29,10143.0,10180.41,1307.367478
2020-09-05 13:30:00,10180.41,10256.19,10160.06,10234.94,1090.250479
2020-09-05 13:45:00,10232.97,10320.81,10231.71,10306.47,1212.956031
2020-09-05 14:00:00,10306.47,10346.67,10241.86,10256.72,1007.177253
2020-09-05 14:15:00,10256.72,10278.47,10220.01,10259.64,643.401877
2020-09-05 14:30:00,10259.75,10305.01,10251.87,10304.92,503.314992
2020-09-05 14:45:00,10304.92,10338.36,10268.85,10323.95,1053.690883
2020-09-05 15:00:00,10323.95,10347.87,10282.47,10334.23,770.827768
2020-09-05 15:15:00,10333.15,10341.64,10272.95,10305.13,714.886743
2020-09-05 15:30:00,10305.13,10314.92,10245.0,10271.77,666.774923
2020-09-05 15:45:00,10271.61,10284.43,10240.81,10273.89,723.423049
2020-09-05 16:00:00,10274.13,10298.99,10248.33,10253.69,718.194118
2020-09-05 16:15:00,10253.68,10269.75,10200.0,10243.7,806.900964
2020-09-05 16:30:00,10243.7,10256.59,10129.8,10152.91,1204.63234
2020-09-05 16:45:00,10151.46,10259.83,10018.18,10240.15,1911.829406
2020-09-05 17:00:00,10240.16,10271.94,10180.25,10221.99,991.823879
2020-09-05 17:15:00,10221.99,10222.21,10110.0,10140.12,1420.565278
2020-09-05 17:30:00,10140.42,10155.0,10045.64,10104.34,1439.742249
2020-09-05 17:45:00,10104.35,10150.0,10082.59,10129.79,860.28729
2020-09-05 18:00:00,10129.79,10171.81,10060.0,10061.94,1288.427565
2020-09-05 18:15:00,10061.93,10126.19,10030.01,10099.79,1319.717456
2020-09-05 18:30:00,10100.1,10123.27,10010.42,10033.66,1284.727993
2020-09-05 18:45:00,10035.42,10243.0,9825.0,10156.73,4834.020321
2020-09-05 19:00:00,10156.72,10198.0,9929.6,10000.01,2450.832718
2020-09-05 19:15:00,10000.0,10047.81,9885.19,9898.82,2453.294567
2020-09-05 19:30:00,9899.0,10042.67,9875.0,10033.85,2295.151633
2020-09-05 19:45:00,10033.85,10038.82,9894.02,9956.66,1624.735461
2020-09-05 20:00:00,9956.66,9982.27,9878.58,9968.29,932.91955
2020-09-05 20:15:00,9968.29,10065.15,9965.7,10029.61,1018.392202
2020-09-05 20:30:00,10029.49,10119.25,9962.59,10089.88,992.277766
2020-09-05 20:45:00,10089.88,10111.7,10046.0,10080.9,811.456256
2020-09-05 21:00:00,10080.45,10080.46,9983.18,10023.7,498.627116
2020-09-05 21:15:00,10023.71,10080.84,10021.68,10080.25,353.375537
2020-09-05 21:30:00,10080.16,10140.0,10040.47,10059.0,521.194987
2020-09-05 21:45:00,10058.37,10099.79,10022.22,10081.95,446.569034
2020-09-05 22:00:00,10081.95,10139.76,10064.0,10112.95,489.722278
2020-09-05 22:15:00,10112.84,10137.51,10061.53,10100.84,539.043459
2020-09-05 22:30:00,10100.84,10105.37,10009.07,10025.33,911.092797
2020-09-05 22:45:00,10025.33,10049.85,9972.22,9982.5,945.755964
2020-09-05 23:00:00,9981.18,10200.0,9950.24,10076.69,1313.943716
2020-09-05 23:15:00,10078.87,10098.0,10062.74,10089.66,374.769792
2020-09-05 23:30:00,10089.46,10195.44,10081.94,10153.25,923.640281
2020-09-05 23:45:00,10153.25,10170.0,10114.59,10166.69,514.306906
2020-09-06 00:00:00,10166.69,10198.81,10114.6,10187.73,782.681858
2020-09-06 00:15:00,10187.33,10245.75,10186.46,10187.55,948.128855
2020-09-06 00:30:00,10187.55,10242.95,10137.5,10173.95,798.252853
2020-09-06 00:45:00,10173.95,10221.3,10162.18,10209.26,384.922193
2020-09-06 01:00:00,10209.68,10229.96,10174.27,10209.16,473.140986
2020-09-06 01:15:00,10209.16,10219.17,10169.19,10183.8,306.281283
2020-09-06 01:30:00,10183.8,10196.46,10133.78,10143.13,467.177212
2020-09-06 01:45:00,10143.14,10162.64,10107.0,10119.34,639.499112
2020-09-06 02:00:00,10119.34,10159.28,10096.48,10102.09,520.857201
2020-09-06 02:15:00,10103.36,10116.54,10052.92,10090.29,912.366281
2020-09-06 02:30:00,10090.3,10153.69,10059.35,10150.61,545.942696
2020-09-06 02:45:00,10150.94,10166.19,10114.46,10151.85,300.945441
2020-09-06 03:00:00,10151.86,10186.74,10151.86,10171.25,341.362013
2020-09-06 03:15:00,10171.25,10171.53,10106.17,10117.12,372.317211
2020-09-06 03:30:00,10116.66,10178.92,10114.77,10142.43,436.555071
2020-09-06 03:45:00,10142.42,10191.82,10135.2,10163.72,344.716798
2020-09-06 04:00:00,10163.71,10221.93,10135.99,10147.24,690.110819
2020-09-06 04:15:00,10147.23,10164.22,10107.14,10115.85,689.486456
2020-09-06 04:30:00,10115.85,10142.92,10056.41,10080.01,661.745051
2020-09-06 04:45:00,10080.01,10091.68,10022.12,10053.02,913.37806
2020-09-06 05:00:00,10053.02,10078.22,9994.86,10005.45,951.826687
2020-09-06 05:15:00,10005.45,10078.32,10005.44,10078.02,612.134948
2020-09-06 05:30:00,10078.01,10123.95,10075.52,10100.39,631.740563
2020-09-06 05:45:00,10100.34,10141.75,10092.54,10117.57,464.635097
2020-09-06 06:00:00,10117.58,10133.24,10081.49,10098.86,426.904275
2020-09-06 06:15:00,10098.86,10110.1,10064.83,10068.61,462.420241
2020-09-06 06:30:00,10068.61,10113.55,10065.34,10104.95,456.33752
2020-09-06 06:45:00,10104.94,10167.07,10100.72,10153.19,485.80913
2020-09-06 07:00:00,10153.2,10175.0,10126.78,10139.99,764.308796
2020-09-06 07:15:00,10140.0,10184.58,10139.99,10167.45,553.428843
2020-09-06 07:30:00,10167.45,10216.31,10159.94,10212.96,1058.935646
2020-09-06 07:45:00,10212.96,10250.0,10175.0,10230.37,1260.70368
2020-09-06 08:00:00,10230.36,10267.34,10173.13,10182.95,1215.359692
2020-09-06 08:15:00,10182.86,10238.97,10179.99,10195.76,926.818238
2020-09-06 08:30:00,10196.12,10259.03,10180.94,10256.06,873.650489
2020-09-06 08:45:00,10256.28,10264.99,10209.86,10238.16,1022.728441
2020-09-06 09:00:00,10238.16,10285.0,10231.48,10233.21,845.295046
2020-09-06 09:15:00,10233.21,10248.93,10195.52,10233.36,652.79035
2020-09-06 09:30:00,10233.36,10236.9,10181.79,10206.84,575.146629
2020-09-06 09:45:00,10206.85,10221.89,10165.29,10217.32,415.439941
2020-09-06 10:00:00,10217.32,10242.4,10198.39,10200.91,485.859674
2020-09-06 10:15:00,10200.91,10210.45,10170.3,10190.55,552.619762
2020-09-06 10:30:00,10190.55,10205.55,10175.95,10198.02,454.752835
2020-09-06 10:45:00,10198.01,10240.0,10194.27,10231.51,401.321434
2020-09-06 11:00:00,10231.51,10265.42,10194.03,10206.39,677.884888
2020-09-06 11:15:00,10206.4,10238.6,10191.0,10238.06,463.457008
2020-09-06 11:30:00,10238.01,10262.99,10217.77,10257.25,701.513027
2020-09-06 11:45:00,10256.94,10274.0,10223.06,10266.32,572.68193
2020-09-06 12:00:00,10266.32,10296.36,10240.0,10294.97,1000.521351
2020-09-06 12:15:00,10295.26,10300.0,10257.16,10297.51,873.886674
2020-09-06 12:30:00,10297.5,10297.5,10253.23,10258.59,733.27805
2020-09-06 12:45:00,10258.58,10268.92,10224.75,10245.73,709.3899
2020-09-06 13:00:00,10245.73,10248.56,10192.44,10211.01,1059.408886
2020-09-06 13:15:00,10211.0,10221.16,10191.3,10214.99,880.969452
2020-09-06 13:30:00,10214.98,10241.23,10208.04,10214.79,453.609965
2020-09-06 13:45:00,10214.78,10244.82,10210.0,10223.99,290.831029
2020-09-06 14:00:00,10223.98,10264.67,10221.47,10233.21,362.506174
2020-09-06 14:15:00,10233.22,10244.38,10183.74,10202.06,658.563741
2020-09-06 14:30:00,10202.06,10211.97,10175.0,10175.01,654.209834
2020-09-06 14:45:00,10175.01,10243.91,10172.71,10235.03,650.144125
2020-09-06 15:00:00,10235.03,10247.07,10172.93,10187.86,668.860918
2020-09-06 15:15:00,10187.87,10189.01,10120.19,10132.08,802.6388
2020-09-06 15:30:00,10132.09,10180.16,10132.09,10165.81,440.427857
2020-09-06 15:45:00,10165.81,10190.44,10155.96,10173.37,457.203514
2020-09-06 16:00:00,10173.44,10181.43,10141.28,10172.08,600.512233
2020-09-06 16:15:00,10172.08,10235.86,10172.01,10232.22,752.040835
2020-09-06 16:30:00,10232.21,10248.0,10210.11,10233.72,676.579217
2020-09-06 16:45:00,10233.72,10252.0,10212.73,10241.69,500.651704
2020-09-06 17:00:00,10241.69,10243.65,10209.46,10230.96,310.491762
2020-09-06 17:15:00,10230.95,10230.95,10194.31,10196.87,353.457771
2020-09-06 17:30:00,10196.86,10231.84,10194.0,10226.27,264.40672
2020-09-06 17:45:00,10226.42,10226.42,10196.88,10204.71,314.004569
2020-09-06 18:00:00,10204.7,10213.63,10178.64,10213.63,347.056025
2020-09-06 18:15:00,10213.63,10236.36,10213.63,10225.93,218.95904
2020-09-06 18:30:00,10225.93,10244.41,10222.0,10229.92,287.755931
2020-09-06 18:45:00,10229.91,10242.33,10217.28,10236.74,294.246761
2020-09-06 19:00:00,10236.75,10259.14,10223.1,10242.84,426.810929
2020-09-06 19:15:00,10242.84,10249.36,10215.72,10240.52,304.911417
2020-09-06 19:30:00,10241.45,10280.0,10237.5,10277.26,431.889465
2020-09-06 19:45:00,10277.25,10279.95,10243.95,10258.3,446.290169
2020-09-06 20:00:00,10258.3,10265.72,10225.0,10238.43,412.791359
2020-09-06 20:15:00,10238.53,10238.83,10218.23,10234.68,274.979191
2020-09-06 20:30:00,10234.68,10260.0,10233.31,10240.52,360.074057
2020-09-06 20:45:00,10240.52,10240.53,10220.0,10229.25,327.750924
2020-09-06 21:00:00,10229.18,10291.93,10226.63,10270.12,409.374069
2020-09-06 21:15:00,10270.12,10310.02,10270.12,10301.61,703.714488
2020-09-06 21:30:00,10301.61,10346.62,10272.22,10331.3,623.460757
2020-09-06 21:45:00,10330.82,10347.14,10311.88,10318.57,530.014476
2020-09-06 22:00:00,10318.38,10347.13,10280.04,10295.32,909.877582
2020-09-06 22:15:00,10295.32,10295.32,10209.0,10237.54,886.881157
2020-09-06 22:30:00,10237.68,10238.68,10184.18,10208.88,1129.290958
2020-09-06 22:45:00,10208.89,10226.48,10180.17,10211.08,569.479118
2020-09-06 23:00:00,10211.07,10227.64,10188.79,10215.37,355.270798
2020-09-06 23:15:00,10214.68,10236.51,10210.68,10214.06,282.425499
2020-09-06 23:30:00,10214.06,10308.52,10210.23,10296.44,521.80356
2020-09-06 23:45:00,10296.44,10310.34,10239.96,10256.2,348.713744
2020-09-07 00:00:00,10255.89,10280.36,10237.27,10268.18,375.914313
2020-09-07 00:15:00,10268.18,10299.59,10268.18,10289.01,312.456262
2020-09-07 00:30:00,10289.02,10298.71,10262.76,10297.44,294.101398
2020-09-07 00:45:00,10297.44,10312.0,10276.1,10279.72,350.009023
2020-09-07 01:00:00,10279.72,10289.67,10257.83,10268.28,269.641839
2020-09-07 01:15:00,10268.28,10268.62,10232.55,10244.15,270.796119
2020-09-07 01:30:00,10244.15,10278.57,10236.93,10276.94,261.589721
2020-09-07 01:45:00,10276.93,10284.52,10260.96,10284.51,185.607872
2020-09-07 02:00:00,10284.52,10285.06,10236.78,10241.4,449.36046
2020-09-07 02:15:00,10241.4,10250.89,10220.81,10249.51,348.979132
2020-09-07 02:30:00,10249.51,10249.51,10205.0,10223.33,468.118794
2020-09-07 02:45:00,10223.33,10235.27,10193.1,10209.33,459.182246
2020-09-07 03:00:00,10209.33,10222.75,10190.26,10220.21,371.415275
2020-09-07 03:15:00,10220.21,10220.21,10180.0,10195.96,503.857105
2020-09-07 03:30:00,10195.96,10224.76,10184.86,10223.16,294.226972
2020-09-07 03:45:00,10223.16,10223.16,10200.99,10204.1,372.135654
2020-09-07 04:00:00,10203.89,10203.9,10181.43,10198.19,444.101721
2020-09-07 04:15:00,10198.19,10228.16,10196.34,10219.09,331.259989
2020-09-07 04:30:00,10219.08,10240.82,10213.41,10215.08,338.367358
2020-09-07 04:45:00,10215.08,10218.61,10165.81,10170.61,452.516933
2020-09-07 05:00:00,10170.61,10181.83,10153.95,10172.42,492.032137
2020-09-07 05:15:00,10172.53,10172.99,10138.0,10157.61,692.913905
2020-09-07 05:30:00,10157.62,10172.85,10135.86,10161.22,416.708847
2020-09-07 05:45:00,10161.21,10176.52,10088.88,10105.27,1235.229048
2020-09-07 06:00:00,10104.93,10130.1,10065.0,10091.76,726.428587
2020-09-07 06:15:00,10091.76,10117.77,10081.82,10084.12,584.209953
2020-09-07 06:30:00,10084.11,10133.1,10081.0,10107.35,576.277298
2020-09-07 06:45:00,10107.34,10109.67,10062.13,10079.75,757.550467
2020-09-07 07:00:00,10079.74,10124.64,10052.38,10120.0,574.756138
2020-09-07 07:15:00,10120.0,10160.0,10097.71,10159.03,614.416221
2020-09-07 07:30:00,10159.02,10160.7,10122.0,10126.18,628.466978
2020-09-07 07:45:00,10126.18,10141.25,10111.63,10113.56,450.558646
2020-09-07 08:00:00,10113.81,10148.68,10102.43,10145.84,366.559536
2020-09-07 08:15:00,10145.85,10184.53,10141.09,10168.82,675.985799
2020-09-07 08:30:00,10168.81,10181.65,10158.31,10164.8,449.916206
2020-09-07 08:45:00,10164.72,10167.32,10121.58,10139.07,587.825221
2020-09-07 09:00:00,10139.07,10164.54,10128.96,10131.95,403.54101
2020-09-07 09:15:00,10131.96,10170.0,10126.15,10169.41,473.306694
2020-09-07 09:30:00,10169.39,10177.1,10137.05,10139.57,505.01026
2020-09-07 09:45:00,10139.57,10144.43,10100.0,10116.68,495.198532
2020-09-07 10:00:00,10116.68,10159.3,10106.99,10143.0,438.040682
2020-09-07 10:15:00,10143.0,10143.01,10077.5,10088.85,831.746176
2020-09-07 10:30:00,10088.86,10106.54,10060.02,10090.0,806.618571
2020-09-07 10:45:00,10089.99,10107.18,10070.58,10070.9,592.023812
2020-09-07 11:00:00,10070.89,10143.07,10015.14,10106.6,1487.285154
2020-09-07 11:15:00,10106.59,10119.04,10020.57,10045.11,939.617352
2020-09-07 11:30:00,10045.11,10060.15,9995.08,10009.71,1488.099008
2020-09-07 11:45:00,10009.71,10043.19,10000.0,10026.46,1051.873973
2020-09-07 12:00:00,10026.47,10063.78,9980.0,9996.38,1079.115493
2020-09-07 12:15:00,9996.2,10045.4,9950.0,9995.82,1851.227503
2020-09-07 12:30:00,9995.64,9995.64,9900.02,9912.08,1805.129119
2020-09-07 12:45:00,9912.07,9961.13,9875.0,9946.14,2063.025607
2020-09-07 13:00:00,9946.14,9959.06,9875.05,9954.07,1229.250748
2020-09-07 13:15:00,9954.07,10070.69,9954.07,10009.42,1997.581438
2020-09-07 13:30:00,10008.33,10073.23,9986.59,10072.06,1035.958022
2020-09-07 13:45:00,10072.06,10122.8,10057.55,10076.78,1178.837331
2020-09-07 14:00:00,10076.28,10089.44,10034.0,10052.51,857.372154
2020-09-07 14:15:00,10052.51,10084.16,10050.0,10075.16,428.392427
2020-09-07 14:30:00,10075.16,10084.2,10022.68,10022.92,589.866616
2020-09-07 14:45:00,10022.92,10037.91,9983.88,10014.59,900.933555
2020-09-07 15:00:00,10014.59,10071.42,9978.24,10052.39,740.699049
2020-09-07 15:15:00,10052.39,10149.96,10050.05,10126.73,1114.947374
2020-09-07 15:30:00,10126.72,10145.0,10104.08,10126.76,964.770863
2020-09-07 15:45:00,10126.75,10166.66,10118.85,10144.01,950.765544
2020-09-07 16:00:00,10144.0,10197.0,10124.0,10182.19,1039.997817
2020-09-07 16:15:00,10182.2,10232.0,10173.03,10183.96,1112.05698
2020-09-07 16:30:00,10183.95,10210.0,10166.09,10181.8,699.443944
2020-09-07 16:45:00,10181.8,10206.99,10178.67,10200.0,505.15853
2020-09-07 17:00:00,10200.0,10206.29,10160.74,10183.52,506.334323
2020-09-07 17:15:00,10183.52,10195.12,10168.76,10190.02,283.937568
2020-09-07 17:30:00,10190.02,10196.0,10153.94,10179.95,515.351285
2020-09-07 17:45:00,10179.96,10180.86,10159.56,10163.39,258.606406
2020-09-07 18:00:00,10163.38,10195.0,10163.38,10178.05,333.263163
2020-09-07 18:15:00,10178.06,10190.0,10156.2,10158.63,284.361224
2020-09-07 18:30:00,10158.64,10203.56,10158.64,10182.81,426.938814
2020-09-07 18:45:00,10182.82,10195.21,10161.0,10172.36,277.885359
2020-09-07 19:00:00,10172.36,10195.0,10172.12,10192.4,366.306965
2020-09-07 19:15:00,10192.39,10229.87,10186.94,10206.09,744.100934
2020-09-07 19:30:00,10206.08,10216.67,10155.4,10167.51,574.609441
2020-09-07 19:45:00,10167.51,10172.66,10132.0,10148.47,528.241592
2020-09-07 20:00:00,10148.48,10150.91,10086.28,10115.56,732.9909
2020-09-07 20:15:00,10115.56,10137.28,10101.7,10135.19,274.860318
2020-09-07 20:30:00,10135.19,10150.0,10119.24,10146.0,287.49901
2020-09-07 20:45:00,10146.0,10154.96,10127.16,10152.33,234.255406
2020-09-07 21:00:00,10152.77,10183.22,10150.94,10162.14,200.575219
2020-09-07 21:15:00,10162.14,10181.58,10145.42,10164.34,219.16278
2020-09-07 21:30:00,10164.34,10180.01,10154.07,10179.57,164.651609
2020-09-07 21:45:00,10179.57,10182.45,10133.53,10157.2,337.397021
2020-09-07 22:00:00,10157.21,10206.39,10157.2,10184.55,404.430939
2020-09-07 22:15:00,10184.55,10218.08,10184.55,10217.0,230.618174
2020-09-07 22:30:00,10217.01,10377.72,10217.0,10361.07,2289.266117
2020-09-07 22:45:00,10361.07,10404.94,10337.35,10386.68,1346.93266
2020-09-07 23:00:00,10385.49,10410.75,10356.59,10368.77,775.803747
2020-09-07 23:15:00,10368.77,10397.35,10347.0,10364.4,449.177253
2020-09-07 23:30:00,10364.49,10389.83,10345.0,10359.06,464.990348
2020-09-07 23:45:00,10359.05,10376.19,10343.95,10373.44,467.31759
2020-09-08 00:00:00,10373.45,10398.48,10365.0,10383.9,655.427753
2020-09-08 00:15:00,10383.89,10438.0,10317.0,10332.0,1588.147768
2020-09-08 00:30:00,10332.14,10359.44,10317.13,10331.64,671.236451
2020-09-08 00:45:00,10331.65,10338.96,10306.91,10319.95,453.404168
2020-09-08 01:00:00,10319.95,10351.4,10315.81,10351.36,315.917438
2020-09-08 01:15:00,10351.26,10370.44,10334.19,10354.12,280.726436
2020-09-08 01:30:00,10354.13,10354.38,10313.7,10314.9,252.653779
2020-09-08 01:45:00,10314.89,10324.15,10307.74,10312.3,257.678223
2020-09-08 02:00:00,10312.3,10339.61,10307.25,10328.85,256.893015
2020-09-08 02:15:00,10328.85,10350.0,10317.44,10347.66,298.269039
2020-09-08 02:30:00,10347.66,10354.06,10335.0,10339.52,218.985187
2020-09-08 02:45:00,10339.52,10352.02,10335.0,10338.21,319.671658
2020-09-08 03:00:00,10338.22,10350.79,10335.25,10340.5,410.952603
2020-09-08 03:15:00,10340.5,10343.0,10309.6,10313.67,451.311076
2020-09-08 03:30:00,10313.66,10327.72,10296.84,10302.72,442.539099
2020-09-08 03:45:00,10302.72,10311.89,10295.57,10302.81,407.423159
2020-09-08 04:00:00,10302.82,10318.97,10297.14,10315.01,553.267874
2020-09-08 04:15:00,10315.01,10315.99,10268.0,10272.66,511.288528
2020-09-08 04:30:00,10273.0,10284.8,10247.19,10256.52,455.381433
2020-09-08 04:45:00,10256.52,10278.52,10238.0,10268.67,490.87897
2020-09-08 05:00:00,10268.66,10281.1,10257.6,10274.29,451.419824
2020-09-08 05:15:00,10274.29,10284.45,10250.08,10257.51,451.620781
2020-09-08 05:30:00,10257.51,10277.0,10239.65,10243.28,489.814021
2020-09-08 05:45:00,10243.28,10262.03,10220.0,10227.33,637.79475
2020-09-08 06:00:00,10227.33,10252.86,10221.47,10249.93,477.349633
2020-09-08 06:15:00,10249.93,10273.84,10248.08,10268.13,513.287548
2020-09-08 06:30:00,10268.13,10271.0,10232.01,10250.04,439.442492
2020-09-08 06:45:00,10250.04,10310.01,10250.04,10305.21,756.480616
2020-09-08 07:00:00,10305.21,10310.45,10285.22,10291.2,484.299759
2020-09-08 07:15:00,10291.21,10291.42,10266.21,10270.81,528.480405
2020-09-08 07:30:00,10270.81,10281.12,10238.28,10251.38,755.201848
2020-09-08 07:45:00,10251.24,10269.99,10250.5,10264.5,485.157977
2020-09-08 08:00:00,10264.29,10333.4,10259.99,10286.16,1150.673537
2020-09-08 08:15:00,10286.38,10290.83,10218.05,10231.75,763.029988
2020-09-08 08:30:00,10231.76,10234.65,10120.0,10185.2,2095.582483
2020-09-08 08:45:00,10185.22,10185.28,10112.61,10172.79,1156.130804
2020-09-08 09:00:00,10172.78,10200.0,10139.27,10199.6,739.487291
2020-09-08 09:15:00,10199.61,10199.8,10155.68,10162.69,691.204009
2020-09-08 09:30:00,10162.69,10183.45,10111.13,10114.87,795.878264
2020-09-08 09:45:00,10114.88,10134.08,10010.03,10014.77,1860.317944
2020-09-08 10:00:00,10014.97,10058.63,9990.0,10033.19,1678.277632
2020-09-08 10:15:00,10033.77,10077.0,10010.52,10016.67,807.823206
2020-09-08 10:30:00,10016.67,10043.97,9975.56,10033.72,1221.901844
2020-09-08 10:45:00,10033.99,10060.55,10025.43,10045.88,603.06227
2020-09-08 11:00:00,10045.87,10078.94,10014.57,10016.82,607.892486
2020-09-08 11:15:00,10016.82,10022.7,9990.12,9996.62,676.770803
2020-09-08 11:30:00,9996.62,10030.52,9944.65,9956.95,884.251253
2020-09-08 11:45:00,9956.94,10000.0,9930.0,9982.99,1115.534624
2020-09-08 12:00:00,9981.74,10006.6,9929.92,9932.99,1141.183199
2020-09-08 12:15:00,9932.99,10009.32,9920.32,9985.64,1099.053998
2020-09-08 12:30:00,9985.64,10050.0,9956.0,9964.56,1243.821661
2020-09-08 12:45:00,9964.57,10030.0,9964.56,10007.26,673.059887
2020-09-08 13:00:00,10007.09,10029.53,9979.42,10011.26,749.986584
2020-09-08 13:15:00,10011.27,10012.11,9950.0,9957.67,1144.290473
2020-09-08 13:30:00,9957.67,10029.0,9925.82,9942.84,2040.607977
2020-09-08 13:45:00,9942.84,10004.98,9928.02,9990.15,1593.496171
2020-09-08 14:00:00,9990.15,10100.0,9979.0,10098.58,1693.728949
2020-09-08 14:15:00,10097.56,10135.0,10067.0,10133.2,1209.477568
2020-09-08 14:30:00,10134.99,10153.96,10083.33,10110.45,1256.732825
2020-09-08 14:45:00,10110.24,10119.41,10084.35,10099.76,614.836145
2020-09-08 15:00:00,10099.57,10152.54,10078.18,10130.43,870.063279
2020-09-08 15:15:00,10130.33,10151.32,10117.06,10121.63,478.296205
2020-09-08 15:30:00,10121.63,10121.92,10086.27,10105.0,571.005847
2020-09-08 15:45:00,10104.99,10105.18,10061.63,10098.58,692.499528
2020-09-08 16:00:00,10098.58,10143.39,10086.49,10133.51,595.47245
2020-09-08 16:15:00,10133.51,10168.81,10125.48,10145.82,656.629707
2020-09-08 16:30:00,10145.82,10148.63,10122.28,10127.88,334.970077
2020-09-08 16:45:00,10127.88,10153.5,10123.22,10151.0,434.325992
2020-09-08 17:00:00,10151.0,10156.0,10114.0,10118.72,357.531082
2020-09-08 17:15:00,10118.8,10127.64,10105.52,10119.09,572.975847
2020-09-08 17:30:00,10119.09,10139.56,10107.76,10137.29,306.6437
2020-09-08 17:45:00,10137.29,10163.96,10137.29,10159.19,462.121421
2020-09-08 18:00:00,10159.06,10166.73,10110.99,10117.07,451.893076
2020-09-08 18:15:00,10117.08,10122.65,10092.97,10102.57,514.738117
2020-09-08 18:30:00,10102.58,10103.01,9980.55,9991.94,1236.897837
2020-09-08 18:45:00,9991.94,10011.06,9935.0,9980.87,1684.593845
2020-09-08 19:00:00,9982.45,10017.73,9955.51,10007.14,819.471939
2020-09-08 19:15:00,10007.15,10048.96,9980.0,10035.0,702.912224
2020-09-08 19:30:00,10034.23,10066.99,10009.18,10026.85,688.532128
2020-09-08 19:45:00,10026.84,10039.96,9985.33,9991.21,573.781089
2020-09-08 20:00:00,9991.21,10030.59,9981.92,9989.05,440.529655
2020-09-08 20:15:00,9989.04,10037.42,9977.63,10030.0,425.852057
2020-09-08 20:30:00,10030.01,10068.33,10026.48,10032.74,437.695999
2020-09-08 20:45:00,10032.75,10033.4,10000.0,10014.38,244.287608
2020-09-08 21:00:00,10014.38,10014.47,9975.0,9997.83,370.943192
2020-09-08 21:15:00,9997.83,10027.99,9986.37,9990.96,243.026991
2020-09-08 21:30:00,9990.95,10020.15,9978.65,9980.24,339.118381
2020-09-08 21:45:00,9980.24,10053.6,9971.42,10027.47,475.821519
2020-09-08 22:00:00,10027.47,10047.43,9944.18,9954.01,986.147649
2020-09-08 22:15:00,9954.01,9973.49,9850.0,9932.83,2212.497865
2020-09-08 22:30:00,9932.84,10218.0,9908.72,10040.29,4343.359348
2020-09-08 22:45:00,10040.28,10135.0,10028.41,10106.5,935.298313
2020-09-08 23:00:00,10106.5,10160.93,10088.97,10105.76,693.912185
2020-09-08 23:15:00,10105.76,10134.32,10082.49,10096.11,485.142409
2020-09-08 23:30:00,10096.11,10107.15,10074.85,10090.0,324.66978
2020-09-08 23:45:00,10090.16,10129.97,10090.15,10126.65,457.722891
2020-09-09 00:00:00,10126.66,10132.13,10075.41,10092.13,533.232506
2020-09-09 00:15:00,10092.14,10144.0,10092.14,10134.23,502.095424
2020-09-09 00:30:00,10134.22,10143.83,10114.53,10118.38,307.252798
2020-09-09 00:45:00,10118.39,10149.25,10110.66,10116.75,464.908787
2020-09-09 01:00:00,10116.74,10138.61,10092.73,10103.82,350.746554
2020-09-09 01:15:00,10103.82,10108.77,10080.0,10086.21,381.810367
2020-09-09 01:30:00,10086.2,10118.96,10080.0,10112.13,311.080308
2020-09-09 01:45:00,10112.13,10121.9,10097.34,10119.14,256.747597
2020-09-09 02:00:00,10119.24,10127.42,10082.67,10087.95,476.770033
2020-09-09 02:15:00,10087.95,10100.58,10008.19,10018.74,713.249287
2020-09-09 02:30:00,10018.74,10035.37,10000.0,10030.0,430.12946
2020-09-09 02:45:00,10030.0,10033.16,9985.64,9994.53,477.81917
2020-09-09 03:00:00,9994.53,10018.11,9981.01,9995.87,469.879508
2020-09-09 03:15:00,9995.97,10021.59,9981.02,10018.5,346.04246
2020-09-09 03:30:00,10018.53,10025.9,10003.43,10013.34,242.259889
2020-09-09 03:45:00,10013.35,10033.33,9993.64,10026.68,391.282227
2020-09-09 04:00:00,10026.69,10035.93,10005.76,10009.77,231.554592
2020-09-09 04:15:00,10009.69,10046.67,10002.66,10044.35,277.791425
2020-09-09 04:30:00,10044.87,10108.0,10030.74,10090.6,762.004768
2020-09-09 04:45:00,10090.59,10106.27,10067.08,10071.7,318.601763
2020-09-09 05:00:00,10071.61,10129.23,10071.61,10114.07,669.965547
2020-09-09 05:15:00,10114.08,10130.34,10104.86,10115.1,445.281806
2020-09-09 05:30:00,10115.09,10128.71,10085.01,10094.3,323.464629
2020-09-09 05:45:00,10094.3,10110.0,10079.88,10088.96,269.873883
2020-09-09 06:00:00,10088.96,10118.45,10073.13,10078.54,447.261455
2020-09-09 06:15:00,10078.53,10086.29,10061.72,10080.17,378.163928
2020-09-09 06:30:00,10080.16,10088.99,10066.73,10068.39,277.215515
2020-09-09 06:45:00,10068.39,10103.98,10068.39,10095.75,347.798847
2020-09-09 07:00:00,10095.75,10139.0,10095.74,10139.0,531.912816
2020-09-09 07:15:00,10138.99,10150.3,10133.0,10136.78,576.377967
2020-09-09 07:30:00,10136.78,10180.34,10124.55,10174.67,470.488984
2020-09-09 07:45:00,10174.66,10197.57,10159.17,10190.0,702.349723
2020-09-09 08:00:00,10190.0,10200.0,10172.49,10185.67,608.466735
2020-09-09 08:15:00,10185.67,10186.0,10149.71,10152.32,431.701021
2020-09-09 08:30:00,10152.31,10166.65,10140.22,10155.19,370.823159
2020-09-09 08:45:00,10155.09,10182.97,10150.57,10156.44,683.561025
2020-09-09 09:00:00,10156.43,10183.68,10149.8,10173.99,538.706211
2020-09-09 09:15:00,10174.0,10195.17,10163.69,10185.13,542.638888
2020-09-09 09:30:00,10185.12,10200.0,10171.84,10195.0,458.219971
2020-09-09 09:45:00,10194.99,10204.17,10176.61,10198.96,528.190473
2020-09-09 10:00:00,10198.64,10207.0,10158.19,10169.79,534.126733
2020-09-09 10:15:00,10169.79,10174.3,10160.3,10173.96,329.007342
2020-09-09 10:30:00,10173.95,10184.99,10142.36,10159.04,606.61952
2020-09-09 10:45:00,10159.22,10188.88,10159.21,10171.92,436.300815
2020-09-09 11:00:00,10171.93,10197.98,10171.9,10197.29,464.087779
2020-09-09 11:15:00,10197.42,10274.59,10197.42,10228.24,1454.597076
2020-09-09 11:30:00,10228.24,10238.75,10205.38,10216.73,504.850292
2020-09-09 11:45:00,10216.73,10223.41,10202.65,10221.37,493.21263
2020-09-09 12:00:00,10221.47,10261.63,10221.32,10240.79,638.268669
2020-09-09 12:15:00,10240.78,10240.79,10170.36,10184.62,617.691421
2020-09-09 12:30:00,10184.61,10193.19,10165.99,10179.77,446.682705
2020-09-09 12:45:00,10179.89,10197.56,10175.25,10190.6,445.757207
2020-09-09 13:00:00,10190.61,10215.0,10189.38,10213.55,583.680897
2020-09-09 13:15:00,10213.55,10261.78,10213.35,10248.85,765.592435
2020-09-09 13:30:00,10248.85,10255.86,10213.38,10240.5,529.163067
2020-09-09 13:45:00,10240.5,10240.74,10200.17,10213.62,508.609682
2020-09-09 14:00:00,10213.62,10234.73,10202.86,10203.21,435.145916
2020-09-09 14:15:00,10203.21,10256.62,10190.0,10252.97,750.844945
2020-09-09 14:30:00,10252.98,10260.0,10215.46,10228.55,639.050981
2020-09-09 14:45:00,10228.55,10249.17,10223.83,10234.21,646.445844
2020-09-09 15:00:00,10234.22,10274.54,10234.21,10265.93,862.388506
2020-09-09 15:15:00,10265.93,10280.62,10241.65,10259.5,778.407679
2020-09-09 15:30:00,10259.4,10273.65,10245.72,10252.58,633.278743
2020-09-09 15:45:00,10252.49,10269.97,10245.0,10246.11,898.579334
2020-09-09 16:00:00,10246.11,10265.0,10214.43,10227.64,1016.445942
2020-09-09 16:15:00,10227.65,10229.44,10200.0,10225.08,790.102714
2020-09-09 16:30:00,10225.08,10242.61,10210.0,10240.13,478.581721
2020-09-09 16:45:00,10240.13,10249.0,10220.23,10239.64,509.095969
2020-09-09 17:00:00,10239.64,10245.99,10213.41,10220.18,488.174992
2020-09-09 17:15:00,10220.18,10234.73,10220.0,10226.28,466.282009
2020-09-09 17:30:00,10226.28,10265.0,10224.46,10260.81,588.596451
2020-09-09 17:45:00,10260.82,10269.41,10254.13,10268.72,481.473159
2020-09-09 18:00:00,10268.74,10269.72,10253.44,10255.3,441.877772
2020-09-09 18:15:00,10255.2,10296.32,10252.46,10289.07,587.630452
2020-09-09 18:30:00,10289.07,10333.0,10289.06,10332.9,1231.161831
2020-09-09 18:45:00,10332.9,10336.7,10307.7,10326.38,730.673179
2020-09-09 19:00:00,10326.39,10343.0,10300.68,10306.0,721.139258
2020-09-09 19:15:00,10306.34,10327.97,10291.0,10302.72,688.901518
2020-09-09 19:30:00,10302.72,10325.51,10296.0,10297.9,480.557169
2020-09-09 19:45:00,10297.89,10299.94,10275.43,10276.77,509.908626
2020-09-09 20:00:00,10276.46,10298.1,10269.0,10277.07,525.037897
2020-09-09 20:15:00,10277.08,10285.0,10262.94,10283.03,386.427249
2020-09-09 20:30:00,10283.03,10283.4,10268.35,10277.59,347.117519
2020-09-09 20:45:00,10277.6,10277.6,10251.3,10251.85,360.072792
2020-09-09 21:00:00,10251.86,10263.18,10229.08,10252.38,398.894938
2020-09-09 21:15:00,10252.38,10276.06,10247.72,10254.44,334.321617
2020-09-09 21:30:00,10254.44,10274.96,10246.64,10272.43,278.929668
2020-09-09 21:45:00,10272.43,10272.43,10233.0,10235.99,263.330814
2020-09-09 22:00:00,10236.0,10258.95,10225.0,10254.19,309.688633
2020-09-09 22:15:00,10254.19,10266.54,10248.01,10262.74,257.190746
2020-09-09 22:30:00,10262.75,10265.05,10238.61,10265.04,278.767792
2020-09-09 22:45:00,10265.04,10280.0,10265.04,10275.99,276.873004
2020-09-09 23:00:00,10275.99,10287.07,10257.43,10267.16,432.609631
2020-09-09 23:15:00,10267.07,10274.24,10169.91,10182.61,1119.570103
2020-09-09 23:30:00,10182.62,10227.96,10180.0,10218.16,478.000242
2020-09-09 23:45:00,10218.16,10228.54,10201.66,10219.2,239.566645
2020-09-10 00:00:00,10219.29,10321.42,10211.39,10315.0,826.178798
2020-09-10 00:15:00,10314.7,10320.23,10290.24,10314.64,500.219681
2020-09-10 00:30:00,10314.49,10324.0,10299.46,10303.3,469.650798
2020-09-10 00:45:00,10303.3,10316.99,10070.83,10272.89,1195.455135
2020-09-10 01:00:00,10272.88,10295.0,10252.88,10290.84,306.339368
2020-09-10 01:15:00,10290.75,10300.0,10276.52,10285.54,268.871898
2020-09-10 01:30:00,10285.54,10346.37,10283.46,10342.32,859.423835
2020-09-10 01:45:00,10342.33,10414.08,10342.32,10380.42,1754.193222
2020-09-10 02:00:00,10380.41,10386.89,10356.0,10380.43,549.2436
2020-09-10 02:15:00,10380.44,10399.0,10361.17,10382.99,643.982121
2020-09-10 02:30:00,10382.99,10389.28,10361.0,10384.39,454.102876
2020-09-10 02:45:00,10384.39,10409.59,10361.64,10363.36,750.335156
2020-09-10 03:00:00,10363.36,10382.0,10355.75,10366.87,356.777961
2020-09-10 03:15:00,10366.87,10367.49,10340.0,10347.03,372.723879
2020-09-10 03:30:00,10347.03,10371.52,10341.67,10360.08,456.567457
2020-09-10 03:45:00,10359.9,10381.28,10351.64,10371.23,342.091488
2020-09-10 04:00:00,10371.23,10376.66,10342.46,10357.46,537.70233
2020-09-10 04:15:00,10357.47,10372.29,10345.84,10369.8,413.195779
2020-09-10 04:30:00,10369.8,10403.09,10365.03,10394.26,549.451853
2020-09-10 04:45:00,10394.27,10418.0,10371.93,10380.1,626.562183
2020-09-10 05:00:00,10380.1,10395.67,10354.63,10372.97,508.736229
2020-09-10 05:15:00,10372.97,10387.09,10360.19,10381.4,479.219323
2020-09-10 05:30:00,10381.4,10384.91,10362.81,10375.74,403.792451
2020-09-10 05:45:00,10375.61,10385.0,10370.01,10374.58,373.652722
2020-09-10 06:00:00,10374.57,10380.81,10362.78,10373.66,385.449804
2020-09-10 06:15:00,10373.66,10380.48,10367.72,10370.38,382.18448
2020-09-10 06:30:00,10370.16,10384.92,10295.3,10325.14,1102.69714
2020-09-10 06:45:00,10325.15,10337.79,10315.24,10327.73,500.437398
2020-09-10 07:00:00,10327.73,10344.72,10312.33,10339.69,504.853509
2020-09-10 07:15:00,10338.97,10339.88,10307.89,10328.34,459.990919
2020-09-10 07:30:00,10328.33,10328.34,10273.99,10277.0,671.056198
2020-09-10 07:45:00,10277.0,10281.51,10251.0,10275.29,786.994384
2020-09-10 08:00:00,10275.22,10285.78,10250.67,10273.26,560.103273
2020-09-10 08:15:00,10271.93,10280.76,10255.98,10280.75,460.343631
2020-09-10 08:30:00,10280.75,10294.19,10263.17,10293.48,433.882833
2020-09-10 08:45:00,10293.42,10293.68,10261.0,10265.46,399.511504
2020-09-10 09:00:00,10265.46,10283.19,10258.84,10280.23,560.949401
2020-09-10 09:15:00,10280.23,10283.41,10230.31,10264.08,700.005445
2020-09-10 09:30:00,10264.23,10275.91,10243.19,10273.84,595.047489
2020-09-10 09:45:00,10273.85,10281.98,10258.66,10276.88,461.385813
2020-09-10 10:00:00,10276.88,10321.2,10272.77,10315.67,860.620879
2020-09-10 10:15:00,10315.67,10315.67,10284.39,10289.39,473.863412
2020-09-10 10:30:00,10289.39,10293.5,10241.0,10248.27,592.118612
2020-09-10 10:45:00,10248.28,10272.0,10248.13,10268.09,259.51747
2020-09-10 11:00:00,10268.09,10288.44,10254.35,10288.44,254.693692
2020-09-10 11:15:00,10288.43,10302.42,10280.61,10296.87,262.24961
2020-09-10 11:30:00,10296.87,10297.73,10260.02,10269.15,368.774584
2020-09-10 11:45:00,10269.16,10310.0,10268.94,10292.62,564.722207
2020-09-10 12:00:00,10292.61,10320.9,10283.16,10311.45,681.367499
2020-09-10 12:15:00,10311.46,10335.48,10294.73,10333.08,546.173549
2020-09-10 12:30:00,10333.08,10368.02,10322.33,10354.2,799.637018
2020-09-10 12:45:00,10354.21,10375.92,10340.39,10362.04,703.456431
2020-09-10 13:00:00,10362.04,10387.25,10352.8,10369.27,696.601365
2020-09-10 13:15:00,10369.27,10379.45,10356.95,10364.11,476.480051
2020-09-10 13:30:00,10364.11,10415.0,10359.82,10399.07,1214.470545
2020-09-10 13:45:00,10399.2,10450.0,10380.37,10437.94,1796.140671
2020-09-10 14:00:00,10437.95,10483.35,10435.34,10446.96,1679.138023
2020-09-10 14:15:00,10446.96,10468.01,10407.51,10413.52,1145.327323
2020-09-10 14:30:00,10413.52,10442.64,10410.0,10419.22,793.38437
2020-09-10 14:45:00,10419.22,10421.35,10354.33,10365.04,1501.59113
2020-09-10 15:00:00,10365.04,10400.0,10346.37,10385.44,983.943461
2020-09-10 15:15:00,10385.44,10399.58,10366.17,10394.22,594.962276
2020-09-10 15:30:00,10394.22,10396.69,10361.0,10376.58,738.583322
2020-09-10 15:45:00,10376.58,10432.79,10358.23,10414.16,894.414578
2020-09-10 16:00:00,10414.15,10442.0,10366.45,10370.07,866.570013
2020-09-10 16:15:00,10370.08,10383.9,10335.4,10350.0,747.183138
2020-09-10 16:30:00,10350.0,10366.69,10299.36,10310.19,914.35795
2020-09-10 16:45:00,10310.05,10343.78,10309.89,10335.13,577.603681
2020-09-10 17:00:00,10335.34,10375.0,10329.85,10362.56,522.825506
2020-09-10 17:15:00,10362.3,10381.22,10346.95,10348.07,531.023724
2020-09-10 17:30:00,10348.07,10374.77,10348.07,10352.18,509.225845
2020-09-10 17:45:00,10352.17,10367.98,10340.9,10346.83,462.499354
2020-09-10 18:00:00,10346.82,10373.55,10342.11,10367.91,452.140094
2020-09-10 18:15:00,10367.92,10371.44,10274.88,10285.57,1033.65803
2020-09-10 18:30:00,10285.56,10295.79,10251.06,10260.6,968.720907
2020-09-10 18:45:00,10260.6,10294.0,10255.5,10282.61,578.268295
2020-09-10 19:00:00,10282.61,10292.64,10256.33,10281.46,496.421261
2020-09-10 19:15:00,10281.46,10291.99,10250.02,10284.12,801.541584
2020-09-10 19:30:00,10283.67,10298.71,10265.01,10288.25,468.300937
2020-09-10 19:45:00,10288.25,10288.26,10259.6,10270.01,468.778003
2020-09-10 20:00:00,10270.09,10329.36,10262.43,10313.8,745.710803
2020-09-10 20:15:00,10313.81,10333.0,10305.73,10307.84,536.988463
2020-09-10 20:30:00,10307.85,10330.0,10294.58,10308.98,450.690594
2020-09-10 20:45:00,10308.82,10317.01,10292.01,10295.34,387.309353
2020-09-10 21:00:00,10296.09,10314.01,10286.01,10306.29,240.695774
2020-09-10 21:15:00,10306.44,10320.86,10301.39,10310.6,354.911833
2020-09-10 21:30:00,10310.6,10329.24,10310.16,10327.2,305.484296
2020-09-10 21:45:00,10327.21,10353.01,10302.07,10341.74,420.886644
2020-09-10 22:00:00,10341.74,10354.56,10328.88,10353.53,322.286033
2020-09-10 22:15:00,10353.54,10355.37,10335.34,10339.23,334.462603
2020-09-10 22:30:00,10339.24,10347.96,10328.69,10337.48,294.318949
2020-09-10 22:45:00,10337.48,10352.0,10321.37,10343.38,321.526637
2020-09-10 23:00:00,10343.38,10343.7,10322.08,10331.9,350.999125
2020-09-10 23:15:00,10331.89,10332.92,10305.91,10315.68,322.030145
2020-09-10 23:30:00,10315.69,10329.14,10311.35,10328.44,246.681306
2020-09-10 23:45:00,10328.43,10351.46,10317.49,10336.87,374.057428
2020-09-11 00:00:00,10336.86,10371.63,10333.37,10359.64,512.342078
2020-09-11 00:15:00,10359.65,10380.34,10354.7,10359.22,441.966471
2020-09-11 00:30:00,10359.23,10370.51,10349.82,10354.52,290.764206
2020-09-11 00:45:00,10354.52,10364.38,10337.82,10339.13,347.821889
2020-09-11 01:00:00,10339.13,10351.09,10315.0,10321.63,403.40037
2020-09-11 01:15:00,10321.64,10343.03,10306.89,10342.35,272.434083
2020-09-11 01:30:00,10342.34,10343.65,10293.39,10298.15,449.79834
2020-09-11 01:45:00,10298.15,10308.75,10290.45,10305.39,379.211914
2020-09-11 02:00:00,10305.29,10315.61,10271.68,10281.31,469.52819
2020-09-11 02:15:00,10281.31,10307.1,10272.59,10303.77,410.996319
2020-09-11 02:30:00,10303.85,10306.57,10278.89,10279.0,316.215796
2020-09-11 02:45:00,10279.01,10279.01,10250.25,10258.81,678.57982
2020-09-11 03:00:00,10258.92,10273.0,10245.05,10250.61,727.608581
2020-09-11 03:15:00,10250.6,10269.99,10243.85,10264.17,359.17546
2020-09-11 03:30:00,10264.19,10267.15,10222.01,10229.26,732.330281
2020-09-11 03:45:00,10228.91,10240.0,10209.75,10220.76,875.325791
2020-09-11 04:00:00,10220.77,10247.14,10200.0,10239.82,840.307344
2020-09-11 04:15:00,10239.81,10264.0,10228.34,10255.64,500.104052
2020-09-11 04:30:00,10255.64,10256.69,10225.09,10232.01,423.137883
2020-09-11 04:45:00,10232.01,10234.38,10211.78,10223.57,513.781322
2020-09-11 05:00:00,10223.57,10242.65,10216.13,10238.3,317.097335
2020-09-11 05:15:00,10238.3,10251.55,10230.73,10247.3,349.436475
2020-09-11 05:30:00,10247.31,10259.99,10232.91,10256.32,423.767566
2020-09-11 05:45:00,10256.33,10284.93,10249.78,10284.47,476.127683
2020-09-11 06:00:00,10284.53,10291.94,10255.31,10267.15,447.125832
2020-09-11 06:15:00,10267.15,10267.15,10245.49,10257.74,392.907546
2020-09-11 06:30:00,10257.75,10274.26,10253.21,10259.74,252.28243
2020-09-11 06:45:00,10259.74,10285.73,10257.24,10259.81,408.418176
2020-09-11 07:00:00,10259.81,10287.98,10259.81,10279.93,314.220093
2020-09-11 07:15:00,10279.9,10283.6,10267.46,10278.0,359.460785
2020-09-11 07:30:00,10278.0,10278.91,10238.85,10240.15,440.941417
2020-09-11 07:45:00,10240.14,10271.73,10238.09,10260.75,492.655632
2020-09-11 08:00:00,10260.76,10301.99,10252.71,10291.07,1131.84736
2020-09-11 08:15:00,10291.07,10309.34,10278.09,10279.36,560.030182
2020-09-11 08:30:00,10279.36,10279.99,10252.81,10268.96,508.647387
2020-09-11 08:45:00,10268.96,10293.9,10258.0,10293.61,550.989779
2020-09-11 09:00:00,10293.61,10333.91,10289.86,10313.62,822.032421
2020-09-11 09:15:00,10313.62,10330.12,10297.31,10321.76,589.638899
2020-09-11 09:30:00,10321.76,10330.6,10302.25,10307.89,435.868529
2020-09-11 09:45:00,10307.89,10319.13,10297.13,10319.05,409.412595
2020-09-11 10:00:00,10319.05,10323.13,10273.3,10297.55,722.01762
2020-09-11 10:15:00,10297.55,10306.45,10271.61,10290.69,506.263289
2020-09-11 10:30:00,10290.74,10303.91,10282.34,10301.99,443.167266
2020-09-11 10:45:00,10302.0,10302.0,10276.7,10285.47,358.531424
2020-09-11 11:00:00,10285.4,10301.83,10268.07,10301.17,516.482068
2020-09-11 11:15:00,10301.16,10305.89,10283.05,10285.06,367.461447
2020-09-11 11:30:00,10285.05,10285.06,10264.08,10264.51,438.7512
2020-09-11 11:45:00,10264.64,10274.25,10250.0,10252.6,530.121656
2020-09-11 12:00:00,10252.6,10270.44,10252.6,10268.01,425.869894
2020-09-11 12:15:00,10268.01,10280.0,10257.72,10260.35,416.64565
2020-09-11 12:30:00,10260.35,10269.93,10250.55,10258.82,422.392006
2020-09-11 12:45:00,10258.82,10292.7,10258.15,10289.42,421.308543
2020-09-11 13:00:00,10289.43,10299.01,10271.4,10296.93,425.560199
2020-09-11 13:15:00,10296.94,10315.5,10289.51,10291.8,521.047649
2020-09-11 13:30:00,10291.81,10303.66,10279.0,10297.6,434.415338
2020-09-11 13:45:00,10297.59,10309.39,10252.0,10262.41,768.79969
2020-09-11 14:00:00,10262.4,10275.0,10252.01,10257.18,628.432652
2020-09-11 14:15:00,10257.09,10293.19,10254.66,10282.77,483.345738
2020-09-11 14:30:00,10282.78,10290.0,10266.54,10285.13,415.286595
2020-09-11 14:45:00,10285.13,10301.25,10285.09,10289.46,464.929225
2020-09-11 15:00:00,10289.46,10331.79,10289.46,10326.73,929.838437
2020-09-11 15:15:00,10327.35,10327.35,10309.89,10313.6,560.02444
2020-09-11 15:30:00,10313.61,10328.38,10296.08,10320.71,593.272896
2020-09-11 15:45:00,10321.3,10326.19,10301.29,10318.76,447.496148
2020-09-11 16:00:00,10318.77,10341.0,10299.14,10303.92,558.291525
2020-09-11 16:15:00,10303.93,10331.88,10299.43,10331.87,518.534872
2020-09-11 16:30:00,10331.87,10345.31,10308.49,10313.61,518.774604
2020-09-11 16:45:00,10313.62,10320.74,10300.12,10306.36,456.213234
2020-09-11 17:00:00,10306.36,10315.82,10271.05,10283.81,655.205124
2020-09-11 17:15:00,10283.82,10289.89,10267.67,10283.88,317.194326
2020-09-11 17:30:00,10283.97,10292.97,10270.1,10291.61,315.09789
2020-09-11 17:45:00,10291.62,10308.24,10285.64,10296.9,384.235417
2020-09-11 18:00:00,10296.89,10320.61,10292.12,10318.11,275.728745
2020-09-11 18:15:00,10318.11,10318.48,10300.39,10304.72,285.275724
2020-09-11 18:30:00,10304.72,10320.0,10304.16,10313.19,322.213604
2020-09-11 18:45:00,10313.18,10325.0,10304.32,10313.15,254.663738
2020-09-11 19:00:00,10313.15,10318.84,10293.79,10303.41,303.106167
2020-09-11 19:15:00,10303.41,10332.0,10301.37,10330.25,361.789805
2020-09-11 19:30:00,10330.26,10337.77,10321.94,10327.35,390.940764
2020-09-11 19:45:00,10327.34,10336.99,10320.01,10323.2,243.342743
2020-09-11 20:00:00,10323.2,10334.38,10316.67,10317.43,328.187281
2020-09-11 20:15:00,10317.43,10320.89,10305.39,10312.22,307.835904
2020-09-11 20:30:00,10312.22,10322.65,10312.21,10319.47,263.770577
2020-09-11 20:45:00,10319.46,10323.12,10311.22,10322.55,229.143802
2020-09-11 21:00:00,10322.56,10340.0,10322.08,10328.26,346.057561
2020-09-11 21:15:00,10328.26,10328.26,10318.42,10324.39,150.983182
2020-09-11 21:30:00,10324.39,10340.0,10323.24,10334.15,182.707049
2020-09-11 21:45:00,10334.15,10344.65,10320.91,10343.26,217.152098
2020-09-11 22:00:00,10343.18,10396.0,10343.18,10377.9,818.18145
2020-09-11 22:15:00,10378.01,10393.94,10360.65,10361.99,583.365907
2020-09-11 22:30:00,10362.2,10392.61,10357.0,10369.09,430.494727
2020-09-11 22:45:00,10369.16,10382.31,10358.74,10359.52,387.17894
2020-09-11 23:00:00,10359.53,10381.21,10346.24,10357.93,413.498465
2020-09-11 23:15:00,10358.13,10375.89,10345.0,10357.94,387.693073
2020-09-11 23:30:00,10357.87,10393.0,10357.87,10388.09,360.511923
2020-09-11 23:45:00,10388.09,10397.6,10371.46,10387.89,393.684864
2020-09-12 00:00:00,10387.89,10397.86,10350.0,10354.87,503.953987
2020-09-12 00:15:00,10353.37,10365.73,10330.39,10339.66,391.441081
2020-09-12 00:30:00,10339.67,10348.96,10329.04,10336.43,422.907679
2020-09-12 00:45:00,10336.43,10348.25,10333.0,10347.31,201.969184
2020-09-12 01:00:00,10347.31,10360.0,10345.89,10352.13,247.927085
2020-09-12 01:15:00,10352.12,10369.26,10349.82,10367.66,220.134452
2020-09-12 01:30:00,10367.67,10380.89,10359.74,10363.14,317.931759
2020-09-12 01:45:00,10363.15,10373.58,10351.32,10370.71,213.025133
2020-09-12 02:00:00,10370.7,10371.83,10338.9,10340.55,312.08284
2020-09-12 02:15:00,10340.55,10357.26,10335.87,10355.7,272.834345
2020-09-12 02:30:00,10355.7,10359.61,10331.31,10337.6,280.533987
2020-09-12 02:45:00,10337.68,10348.12,10323.86,10342.98,349.562312
2020-09-12 03:00:00,10342.98,10346.68,10322.03,10344.75,283.23544
2020-09-12 03:15:00,10344.75,10347.99,10328.79,10346.67,166.708494
2020-09-12 03:30:00,10346.1,10354.93,10332.54,10345.54,245.948869
2020-09-12 03:45:00,10345.55,10359.98,10339.09,10342.33,212.500552
2020-09-12 04:00:00,10342.33,10362.13,10336.28,10355.69,266.704026
2020-09-12 04:15:00,10355.69,10367.87,10353.87,10363.16,298.330215
2020-09-12 04:30:00,10363.16,10364.78,10345.8,10347.71,261.560258
2020-09-12 04:45:00,10347.71,10360.99,10345.3,10358.95,211.189728
2020-09-12 05:00:00,10358.94,10370.0,10354.68,10367.19,309.970818
2020-09-12 05:15:00,10367.18,10368.27,10360.55,10363.99,241.923875
2020-09-12 05:30:00,10363.99,10368.1,10354.68,10366.99,277.485012
2020-09-12 05:45:00,10367.0,10367.0,10354.67,10358.61,242.394444
2020-09-12 06:00:00,10358.61,10358.63,10332.79,10339.26,294.281703
2020-09-12 06:15:00,10339.27,10341.37,10326.25,10326.26,352.924577
2020-09-12 06:30:00,10326.25,10345.45,10323.09,10342.64,291.140008
2020-09-12 06:45:00,10342.64,10350.0,10325.0,10331.09,281.990869
2020-09-12 07:00:00,10331.08,10339.88,10306.34,10337.92,436.325408
2020-09-12 07:15:00,10337.92,10341.85,10331.65,10333.41,235.593167
2020-09-12 07:30:00,10333.41,10345.0,10330.0,10340.57,331.857819
2020-09-12 07:45:00,10340.57,10344.6,10334.27,10343.98,242.425216
2020-09-12 08:00:00,10343.97,10343.97,10320.96,10321.4,353.027113
2020-09-12 08:15:00,10321.41,10332.0,10320.18,10331.06,282.706979
2020-09-12 08:30:00,10331.06,10342.41,10320.18,10328.56,427.775488
2020-09-12 08:45:00,10328.56,10336.24,10325.67,10333.19,340.083463
2020-09-12 09:00:00,10333.2,10345.0,10325.0,10340.91,353.344871
2020-09-12 09:15:00,10340.91,10348.39,10336.31,10344.0,276.761256
2020-09-12 09:30:00,10344.0,10349.54,10332.0,10345.48,263.965276
2020-09-12 09:45:00,10345.48,10356.8,10345.47,10354.29,306.062598
2020-09-12 10:00:00,10354.3,10358.87,10346.45,10357.94,317.024741
2020-09-12 10:15:00,10357.94,10359.48,10345.0,10345.84,322.87283
2020-09-12 10:30:00,10345.84,10347.86,10338.54,10344.46,299.331117
2020-09-12 10:45:00,10344.47,10345.56,10331.44,10340.49,280.25608
2020-09-12 11:00:00,10340.49,10343.11,10331.0,10341.19,288.10911
2020-09-12 11:15:00,10341.2,10341.2,10324.19,10330.36,610.129164
2020-09-12 11:30:00,10330.35,10346.95,10326.42,10342.36,411.097547
2020-09-12 11:45:00,10342.37,10346.41,10337.95,10341.59,380.621947
2020-09-12 12:00:00,10341.58,10341.58,10314.77,10319.19,411.703632
2020-09-12 12:15:00,10319.19,10329.8,10316.04,10321.28,349.021615
2020-09-12 12:30:00,10321.28,10326.75,10306.94,10306.94,425.394251
2020-09-12 12:45:00,10306.95,10323.28,10306.25,10319.74,288.714745
2020-09-12 13:00:00,10319.73,10324.0,10308.03,10323.37,319.190639
2020-09-12 13:15:00,10323.37,10327.73,10309.39,10311.0,376.424526
2020-09-12 13:30:00,10311.0,10311.01,10269.25,10278.14,971.365094
2020-09-12 13:45:00,10278.07,10297.81,10270.63,10294.01,427.264688
2020-09-12 14:00:00,10294.01,10302.13,10275.04,10300.98,374.486404
2020-09-12 14:15:00,10300.98,10346.08,10299.78,10330.44,592.325348
2020-09-12 14:30:00,10330.45,10355.0,10328.02,10345.74,577.238056
2020-09-12 14:45:00,10345.74,10353.54,10335.4,10347.78,367.617924
2020-09-12 15:00:00,10347.79,10373.02,10338.84,10371.47,640.776548
2020-09-12 15:15:00,10371.47,10373.34,10360.37,10367.69,585.421644
2020-09-12 15:30:00,10367.89,10380.0,10362.49,10378.82,457.516341
2020-09-12 15:45:00,10378.78,10379.08,10357.2,10359.99,443.072416
2020-09-12 16:00:00,10360.0,10365.84,10348.89,10361.93,325.883483
2020-09-12 16:15:00,10361.93,10372.22,10355.71,10365.53,328.41661
2020-09-12 16:30:00,10365.53,10376.05,10361.49,10366.01,322.732753
2020-09-12 16:45:00,10366.01,10375.91,10366.0,10371.39,234.657394
2020-09-12 17:00:00,10371.39,10371.4,10353.84,10363.26,334.608113
2020-09-12 17:15:00,10363.25,10371.08,10363.12,10368.0,417.303647
2020-09-12 17:30:00,10368.01,10378.96,10364.31,10371.33,437.166471
2020-09-12 17:45:00,10371.32,10377.32,10359.63,10377.15,342.139411
2020-09-12 18:00:00,10377.15,10436.24,10376.36,10433.09,1332.055533
2020-09-12 18:15:00,10433.09,10451.9,10424.2,10439.16,817.0194
2020-09-12 18:30:00,10439.17,10477.97,10439.17,10447.47,858.877874
2020-09-12 18:45:00,10447.47,10464.19,10442.47,10451.99,568.039102
2020-09-12 19:00:00,10452.0,10467.13,10441.98,10447.38,674.429143
2020-09-12 19:15:00,10447.59,10453.87,10425.81,10439.3,383.266954
2020-09-12 19:30:00,10439.29,10459.0,10437.79,10454.88,449.426996
2020-09-12 19:45:00,10454.88,10464.96,10449.0,10461.39,291.228925
2020-09-12 20:00:00,10461.24,10473.33,10442.49,10456.15,585.918565
2020-09-12 20:15:00,10456.16,10456.8,10440.0,10455.0,358.151016
2020-09-12 20:30:00,10454.99,10458.49,10445.35,10445.84,241.635043
2020-09-12 20:45:00,10445.85,10447.92,10427.68,10438.32,333.447629
2020-09-12 21:00:00,10438.32,10447.5,10408.0,10433.01,459.596755
2020-09-12 21:15:00,10433.23,10459.2,10433.23,10458.9,248.145053
2020-09-12 21:30:00,10458.9,10461.88,10450.13,10456.32,184.964784
2020-09-12 21:45:00,10455.48,10460.21,10441.64,10449.99,249.388098
2020-09-12 22:00:00,10449.99,10455.71,10422.23,10423.72,248.187832
2020-09-12 22:15:00,10423.64,10438.15,10410.0,10412.5,335.571332
2020-09-12 22:30:00,10412.5,10428.34,10412.0,10427.98,211.938716
2020-09-12 22:45:00,10427.97,10437.37,10424.54,10434.97,312.973555
2020-09-12 23:00:00,10434.97,10444.24,10420.21,10428.59,308.495897
2020-09-12 23:15:00,10428.59,10435.52,10412.0,10413.08,253.949245
2020-09-12 23:30:00,10413.08,10436.96,10412.22,10420.17,301.037161
2020-09-12 23:45:00,10420.16,10449.01,10417.34,10440.92,289.002813
2020-09-13 00:00:00,10440.67,10448.9,10412.8,10416.46,374.702068
2020-09-13 00:15:00,10416.45,10440.39,10414.92,10425.29,267.239353
2020-09-13 00:30:00,10425.29,10432.0,10413.33,10413.95,265.062799
2020-09-13 00:45:00,10414.06,10438.7,10413.1,10430.25,335.528605
2020-09-13 01:00:00,10430.25,10434.1,10418.48,10419.83,360.492226
2020-09-13 01:15:00,10419.83,10430.93,10410.0,10410.35,364.712548
2020-09-13 01:30:00,10410.2,10421.21,10407.51,10420.5,290.476942
2020-09-13 01:45:00,10420.69,10430.99,10400.04,10421.94,383.854666
2020-09-13 02:00:00,10421.86,10429.27,10418.22,10424.4,174.372549
2020-09-13 02:15:00,10424.4,10438.0,10422.58,10437.35,199.753894
2020-09-13 02:30:00,10437.35,10441.5,10427.19,10439.94,228.28905
2020-09-13 02:45:00,10439.95,10445.98,10427.01,10428.11,268.199363
2020-09-13 03:00:00,10428.11,10445.0,10427.76,10433.98,304.077859
2020-09-13 03:15:00,10433.98,10450.72,10429.92,10444.53,243.65539
2020-09-13 03:30:00,10444.33,10558.0,10441.09,10552.24,1921.017749
2020-09-13 03:45:00,10552.24,10559.12,10535.76,10556.26,565.558235
2020-09-13 04:00:00,10556.4,10580.11,10526.99,10539.05,762.107963
2020-09-13 04:15:00,10539.06,10542.0,10526.29,10534.15,368.761568
2020-09-13 04:30:00,10534.14,10539.26,10526.0,10533.88,310.963222
2020-09-13 04:45:00,10533.88,10544.99,10528.27,10539.33,307.175309
2020-09-13 05:00:00,10539.25,10541.26,10520.74,10523.58,371.032476
2020-09-13 05:15:00,10523.58,10535.8,10521.71,10530.44,257.959293
2020-09-13 05:30:00,10530.45,10535.0,10523.67,10525.0,228.041333
2020-09-13 05:45:00,10525.01,10545.72,10525.0,10532.76,306.366619
2020-09-13 06:00:00,10532.76,10548.75,10532.76,10545.08,247.123365
2020-09-13 06:15:00,10545.07,10545.19,10532.78,10537.7,244.517803
2020-09-13 06:30:00,10537.7,10538.75,10520.0,10527.18,276.459462
2020-09-13 06:45:00,10527.39,10530.91,10520.68,10523.53,314.333669
2020-09-13 07:00:00,10523.52,10534.4,10520.0,10525.78,330.707871
2020-09-13 07:15:00,10525.79,10544.04,10525.0,10542.77,330.723604
2020-09-13 07:30:00,10542.77,10550.0,10540.08,10541.1,386.661454
2020-09-13 07:45:00,10541.1,10556.96,10540.79,10542.27,460.853365
2020-09-13 08:00:00,10542.27,10560.0,10540.64,10553.49,511.443541
2020-09-13 08:15:00,10553.48,10559.8,10533.84,10541.13,464.518601
2020-09-13 08:30:00,10541.13,10554.19,10525.93,10530.78,454.467212
2020-09-13 08:45:00,10530.78,10544.14,10530.78,10539.42,398.381494
2020-09-13 09:00:00,10539.81,10547.0,10538.91,10546.25,234.268507
2020-09-13 09:15:00,10546.26,10549.67,10543.34,10545.51,353.137115
2020-09-13 09:30:00,10545.51,10546.04,10535.0,10539.26,288.595402
2020-09-13 09:45:00,10539.26,10540.88,10471.0,10504.01,1141.36012
2020-09-13 10:00:00,10504.01,10504.02,10440.0,10453.43,1070.125343
2020-09-13 10:15:00,10453.43,10467.93,10438.0,10445.29,678.578218
2020-09-13 10:30:00,10445.29,10481.5,10440.44,10475.35,431.55711
2020-09-13 10:45:00,10475.35,10475.35,10450.0,10452.37,353.759836
2020-09-13 11:00:00,10452.37,10471.58,10446.53,10470.24,399.495218
2020-09-13 11:15:00,10470.25,10471.66,10446.38,10453.43,312.748266
2020-09-13 11:30:00,10453.43,10453.43,10315.0,10361.39,2296.816898
2020-09-13 11:45:00,10361.33,10361.33,10303.28,10324.89,1076.333232
2020-09-13 12:00:00,10324.88,10351.76,10296.33,10349.34,1184.243712
2020-09-13 12:15:00,10349.33,10352.21,10331.76,10347.99,433.536313
2020-09-13 12:30:00,10347.99,10348.39,10305.0,10339.03,631.857622
2020-09-13 12:45:00,10339.04,10346.02,10285.73,10290.05,579.674593
2020-09-13 13:00:00,10290.06,10326.04,10258.0,10321.22,1068.142417
2020-09-13 13:15:00,10321.23,10342.84,10317.78,10337.57,477.394045
2020-09-13 13:30:00,10337.58,10337.58,10308.35,10330.58,444.012588
2020-09-13 13:45:00,10330.58,10330.59,10308.0,10322.73,500.272211
2020-09-13 14:00:00,10322.74,10322.74,10305.0,10308.82,448.934135
2020-09-13 14:15:00,10308.81,10325.32,10303.33,10311.02,317.070305
2020-09-13 14:30:00,10311.02,10324.65,10305.4,10315.2,370.107037
2020-09-13 14:45:00,10315.2,10341.82,10314.96,10324.78,482.537362
2020-09-13 15:00:00,10324.77,10324.78,10305.68,10315.15,306.99188
2020-09-13 15:15:00,10315.15,10342.0,10313.05,10323.47,267.35094
2020-09-13 15:30:00,10323.48,10330.0,10305.0,10307.99,324.985352
2020-09-13 15:45:00,10307.59,10307.59,10272.44,10280.14,813.243676
2020-09-13 16:00:00,10280.15,10296.79,10200.0,10250.32,1532.401281
2020-09-13 16:15:00,10250.33,10271.07,10239.75,10259.99,1055.030351
2020-09-13 16:30:00,10260.0,10275.99,10255.08,10257.17,458.745558
2020-09-13 16:45:00,10257.17,10264.29,10227.08,10257.77,683.978428
2020-09-13 17:00:00,10257.78,10268.0,10225.23,10231.91,523.801907
2020-09-13 17:15:00,10231.9,10240.06,10212.51,10240.03,638.095801
2020-09-13 17:30:00,10240.03,10258.0,10223.67,10248.63,452.575986
2020-09-13 17:45:00,10248.63,10284.02,10237.41,10275.01,529.793301
2020-09-13 18:00:00,10276.69,10282.27,10265.14,10273.59,309.28671
2020-09-13 18:15:00,10273.69,10280.97,10261.03,10270.74,251.102581
2020-09-13 18:30:00,10270.74,10272.18,10243.47,10246.0,269.302189
2020-09-13 18:45:00,10246.0,10263.35,10245.99,10257.34,285.837807
2020-09-13 19:00:00,10257.13,10283.64,10247.34,10262.17,341.343535
2020-09-13 19:15:00,10262.17,10297.4,10260.23,10282.45,295.561364
2020-09-13 19:30:00,10282.45,10323.67,10275.02,10309.25,535.073692
2020-09-13 19:45:00,10309.25,10315.15,10299.76,10309.05,327.16843
2020-09-13 20:00:00,10309.05,10315.0,10292.96,10312.23,279.987342
2020-09-13 20:15:00,10312.23,10312.25,10284.74,10296.61,440.044049
2020-09-13 20:30:00,10296.61,10306.11,10288.25,10301.75,210.401904
2020-09-13 20:45:00,10301.75,10312.99,10295.4,10312.18,190.46371
2020-09-13 21:00:00,10312.19,10312.19,10305.47,10307.01,165.369521
2020-09-13 21:15:00,10307.0,10320.0,10291.24,10292.99,200.553198
2020-09-13 21:30:00,10292.73,10321.0,10286.77,10309.69,302.433268
2020-09-13 21:45:00,10309.76,10321.0,10293.97,10296.87,152.795692
2020-09-13 22:00:00,10296.87,10307.79,10292.44,10298.66,194.809686
2020-09-13 22:15:00,10299.1,10315.44,10296.12,10299.88,212.547115
2020-09-13 22:30:00,10299.55,10309.72,10292.51,10300.01,266.447757
2020-09-13 22:45:00,10300.0,10316.18,10298.6,10306.66,227.812156
2020-09-13 23:00:00,10306.67,10309.56,10296.77,10299.31,218.964519
2020-09-13 23:15:00,10299.3,10327.74,10298.34,10318.01,295.622652
2020-09-13 23:30:00,10318.01,10324.21,10308.61,10319.85,399.565308
2020-09-13 23:45:00,10319.85,10332.84,10308.67,10332.83,423.971094
2020-09-14 00:00:00,10332.84,10334.19,10302.56,10309.77,334.36108
2020-09-14 00:15:00,10309.77,10311.73,10289.52,10304.7,391.020492
2020-09-14 00:30:00,10304.7,10307.66,10269.38,10275.39,634.619181
2020-09-14 00:45:00,10275.39,10286.13,10240.34,10273.28,483.160767
2020-09-14 01:00:00,10273.28,10300.18,10273.28,10285.3,282.431584
2020-09-14 01:15:00,10285.29,10300.12,10285.26,10296.96,225.85676
2020-09-14 01:30:00,10296.97,10310.37,10296.96,10298.3,304.236134
2020-09-14 01:45:00,10298.31,10324.21,10297.8,10324.2,299.711187
2020-09-14 02:00:00,10324.2,10371.03,10324.2,10359.74,804.365938
2020-09-14 02:15:00,10359.74,10369.45,10347.76,10356.97,495.605378
2020-09-14 02:30:00,10356.96,10368.34,10346.34,10356.19,336.727491
2020-09-14 02:45:00,10356.19,10356.87,10330.9,10348.7,294.492164
2020-09-14 03:00:00,10348.69,10354.05,10336.5,10345.32,280.750253
2020-09-14 03:15:00,10345.33,10361.57,10345.33,10359.5,389.652921
2020-09-14 03:30:00,10359.49,10363.17,10332.23,10333.61,343.928594
2020-09-14 03:45:00,10333.6,10354.0,10331.3,10348.14,271.184469
2020-09-14 04:00:00,10348.14,10353.87,10325.56,10331.59,465.532047
2020-09-14 04:15:00,10331.58,10345.74,10316.29,10322.12,390.346274
2020-09-14 04:30:00,10321.99,10340.0,10318.69,10335.37,330.123449
2020-09-14 04:45:00,10335.38,10345.57,10327.39,10344.96,286.227186
2020-09-14 05:00:00,10345.06,10355.61,10334.72,10339.36,317.500792
2020-09-14 05:15:00,10339.36,10352.8,10331.73,10346.81,315.412547
2020-09-14 05:30:00,10346.82,10354.64,10316.18,10319.54,508.447883
2020-09-14 05:45:00,10319.53,10340.94,10319.42,10337.75,532.895953
2020-09-14 06:00:00,10337.76,10368.0,10333.21,10360.57,778.456265
2020-09-14 06:15:00,10360.56,10366.47,10352.25,10355.35,396.470919
2020-09-14 06:30:00,10355.37,10360.84,10343.99,10351.27,366.069645
2020-09-14 06:45:00,10351.26,10360.0,10342.66,10359.74,358.518482
2020-09-14 07:00:00,10359.74,10367.05,10347.71,10350.51,375.033666
2020-09-14 07:15:00,10350.51,10374.9,10350.51,10368.02,547.284541
2020-09-14 07:30:00,10368.02,10377.77,10366.68,10371.92,535.435304
2020-09-14 07:45:00,10371.92,10404.0,10364.17,10399.32,606.679669
2020-09-14 08:00:00,10399.31,10435.0,10386.91,10435.0,912.986472
2020-09-14 08:15:00,10435.0,10458.16,10421.95,10425.63,989.464676
2020-09-14 08:30:00,10425.71,10435.0,10410.03,10417.99,597.908016
2020-09-14 08:45:00,10418.0,10425.16,10212.34,10359.61,2589.380033
2020-09-14 09:00:00,10359.62,10369.26,10323.0,10348.34,758.377854
2020-09-14 09:15:00,10348.26,10367.59,10337.58,10358.28,561.882121
2020-09-14 09:30:00,10358.48,10361.87,10328.91,10347.22,594.829338
2020-09-14 09:45:00,10347.22,10367.66,10344.02,10366.97,386.567215
2020-09-14 10:00:00,10366.96,10432.94,10365.01,10395.06,1002.489056
2020-09-14 10:15:00,10395.06,10400.47,10380.0,10382.95,416.78355
2020-09-14 10:30:00,10382.81,10398.0,10371.0,10389.46,617.568566
2020-09-14 10:45:00,10389.46,10416.75,10388.56,10416.06,568.90105
2020-09-14 11:00:00,10416.16,10438.99,10396.89,10410.75,739.313736
2020-09-14 11:15:00,10410.75,10479.0,10410.75,10462.58,1116.74102
2020-09-14 11:30:00,10462.58,10470.81,10446.41,10448.26,844.717909
2020-09-14 11:45:00,10448.25,10473.69,10446.44,10469.82,824.256525
2020-09-14 12:00:00,10469.92,10519.0,10461.08,10466.43,1533.905308
2020-09-14 12:15:00,10466.44,10473.97,10450.31,10461.66,906.980768
2020-09-14 12:30:00,10461.66,10470.0,10450.7,10464.98,599.398222
2020-09-14 12:45:00,10464.98,10505.62,10460.68,10504.26,918.855143
2020-09-14 13:00:00,10504.26,10600.0,10504.26,10568.58,2669.322259
2020-09-14 13:15:00,10568.57,10615.39,10546.02,10615.02,1892.036484
2020-09-14 13:30:00,10615.02,10648.35,10586.52,10623.11,2193.866497
2020-09-14 13:45:00,10623.11,10665.46,10609.61,10643.64,1975.458667
2020-09-14 14:00:00,10643.64,10688.0,10629.85,10647.78,1781.009442
2020-09-14 14:15:00,10647.91,10665.25,10610.99,10628.69,1041.641999
2020-09-14 14:30:00,10628.7,10635.0,10595.57,10628.49,1258.968284
2020-09-14 14:45:00,10628.5,10660.95,10623.17,10631.06,900.950778
2020-09-14 15:00:00,10631.07,10660.06,10631.07,10652.97,1039.397519
2020-09-14 15:15:00,10652.97,10700.0,10648.91,10690.06,1656.008459
2020-09-14 15:30:00,10690.06,10702.06,10663.28,10701.81,1089.916489
2020-09-14 15:45:00,10701.81,10706.91,10686.69,10698.03,1025.06422
2020-09-14 16:00:00,10698.03,10750.0,10671.3,10676.39,1748.392052
2020-09-14 16:15:00,10676.7,10687.5,10652.87,10674.53,1580.453066
2020-09-14 16:30:00,10674.52,10707.24,10657.37,10706.91,789.053775
2020-09-14 16:45:00,10706.91,10729.99,10703.81,10725.2,813.924612
2020-09-14 17:00:00,10725.2,10739.11,10674.33,10697.08,781.204122
2020-09-14 17:15:00,10697.07,10701.04,10669.74,10696.12,733.588196
2020-09-14 17:30:00,10696.12,10696.8,10670.01,10687.46,446.149549
2020-09-14 17:45:00,10687.46,10695.0,10670.11,10683.72,483.098727
2020-09-14 18:00:00,10683.71,10695.0,10670.54,10679.08,464.466045
2020-09-14 18:15:00,10679.09,10687.15,10640.0,10658.84,623.642404
2020-09-14 18:30:00,10658.92,10679.0,10655.79,10666.14,508.083071
2020-09-14 18:45:00,10666.14,10682.33,10654.0,10674.98,407.045984
2020-09-14 19:00:00,10674.98,10685.81,10659.35,10677.35,471.164839
2020-09-14 19:15:00,10677.36,10692.29,10663.68,10667.11,307.850227
2020-09-14 19:30:00,10667.22,10688.0,10653.42,10683.5,432.191506
2020-09-14 19:45:00,10683.5,10688.0,10665.0,10665.0,272.921115
2020-09-14 20:00:00,10665.0,10690.0,10656.39,10689.99,465.995164
2020-09-14 20:15:00,10690.0,10713.1,10686.61,10697.85,660.32849
2020-09-14 20:30:00,10697.85,10708.1,10672.99,10685.54,383.227005
2020-09-14 20:45:00,10685.54,10693.84,10675.17,10683.99,296.406866
2020-09-14 21:00:00,10683.98,10714.23,10683.98,10690.48,400.189856
2020-09-14 21:15:00,10690.48,10690.49,10670.26,10680.23,273.240487
2020-09-14 21:30:00,10680.22,10705.0,10679.0,10694.61,283.93936
2020-09-14 21:45:00,10694.61,10719.55,10693.4,10717.36,401.992825
2020-09-14 22:00:00,10717.35,10747.36,10716.21,10724.99,537.79006
2020-09-14 22:15:00,10724.99,10725.29,10684.12,10700.06,485.835412
2020-09-14 22:30:00,10700.07,10701.41,10650.0,10653.91,586.772672
2020-09-14 22:45:00,10653.9,10673.73,10636.37,10650.37,511.406973
2020-09-14 23:00:00,10650.37,10670.23,10626.62,10648.77,521.714944
2020-09-14 23:15:00,10648.76,10660.0,10618.82,10655.0,415.516877
2020-09-14 23:30:00,10655.0,10685.49,10649.17,10655.03,401.061733
2020-09-14 23:45:00,10655.03,10675.34,10645.5,10671.77,283.156657
2020-09-15 00:00:00,10671.77,10703.01,10664.9,10689.27,574.088651
2020-09-15 00:15:00,10689.27,10701.59,10658.01,10669.61,421.152342
2020-09-15 00:30:00,10669.62,10687.85,10650.0,10670.77,442.75475
2020-09-15 00:45:00,10670.77,10682.22,10664.59,10680.8,234.660542
2020-09-15 01:00:00,10680.8,10681.26,10652.22,10662.08,499.829086
2020-09-15 01:15:00,10662.08,10692.29,10655.25,10685.84,451.645125
2020-09-15 01:30:00,10685.84,10701.96,10681.38,10687.6,570.305228
2020-09-15 01:45:00,10687.59,10728.74,10684.24,10714.41,471.521274
2020-09-15 02:00:00,10714.95,10736.0,10699.0,10735.99,579.368905
2020-09-15 02:15:00,10736.0,10789.0,10723.78,10787.07,1301.638853
2020-09-15 02:30:00,10787.06,10803.46,10771.71,10795.0,1095.728091
2020-09-15 02:45:00,10794.99,10839.0,10756.96,10758.24,1119.540163
2020-09-15 03:00:00,10758.24,10780.0,10751.61,10764.36,400.205681
2020-09-15 03:15:00,10764.36,10773.68,10757.76,10764.9,356.15814
2020-09-15 03:30:00,10764.89,10775.0,10744.04,10756.94,548.865218
2020-09-15 03:45:00,10756.95,10763.63,10736.72,10755.13,440.550768
2020-09-15 04:00:00,10755.12,10773.0,10744.69,10773.0,284.105755
2020-09-15 04:15:00,10773.0,10784.23,10726.45,10738.04,615.04692
2020-09-15 04:30:00,10738.04,10739.47,10714.03,10715.57,441.91144
2020-09-15 04:45:00,10715.78,10732.18,10708.27,10731.41,485.691164
2020-09-15 05:00:00,10731.41,10750.0,10709.34,10748.13,427.71063
2020-09-15 05:15:00,10748.13,10762.56,10743.95,10751.46,355.386353
2020-09-15 05:30:00,10751.95,10751.96,10722.01,10724.78,279.299471
2020-09-15 05:45:00,10724.78,10747.64,10722.66,10742.04,233.125314
2020-09-15 06:00:00,10742.04,10742.05,10711.34,10719.11,424.828032
2020-09-15 06:15:00,10719.11,10734.63,10713.59,10718.65,396.990404
2020-09-15 06:30:00,10718.64,10738.17,10688.94,10732.41,814.228979
2020-09-15 06:45:00,10732.4,10742.05,10715.0,10736.06,394.67972
2020-09-15 07:00:00,10736.05,10736.06,10705.7,10722.26,455.25305
2020-09-15 07:15:00,10722.27,10758.35,10719.39,10758.35,480.937395
2020-09-15 07:30:00,10757.26,10757.27,10725.0,10726.44,386.405597
2020-09-15 07:45:00,10726.43,10741.86,10720.0,10741.37,365.192961
2020-09-15 08:00:00,10741.37,10758.65,10718.56,10722.57,599.451002
2020-09-15 08:15:00,10722.08,10730.5,10705.67,10719.02,523.549391
2020-09-15 08:30:00,10719.02,10719.03,10606.48,10648.97,1275.16303
2020-09-15 08:45:00,10648.97,10666.0,10624.47,10644.14,695.246782
2020-09-15 09:00:00,10644.13,10669.31,10625.0,10661.15,770.13334
2020-09-15 09:15:00,10661.16,10669.17,10629.0,10662.05,573.627312
2020-09-15 09:30:00,10662.05,10700.0,10651.0,10684.02,545.310338
2020-09-15 09:45:00,10684.13,10698.74,10670.15,10693.93,529.308403
2020-09-15 10:00:00,10693.94,10696.59,10663.17,10676.7,491.201436
2020-09-15 10:15:00,10676.75,10691.14,10665.09,10687.26,453.614671
2020-09-15 10:30:00,10687.26,10795.5,10683.71,10761.53,1264.92316
2020-09-15 10:45:00,10761.52,10867.0,10758.7,10847.32,1533.536755
2020-09-15 11:00:00,10847.29,10874.9,10815.0,10869.24,1134.792756
2020-09-15 11:15:00,10869.25,10882.0,10820.05,10836.18,795.455355
2020-09-15 11:30:00,10836.18,10840.0,10771.26,10828.84,1176.761639
2020-09-15 11:45:00,10828.84,10846.71,10805.23,10821.15,659.611446
2020-09-15 12:00:00,10821.15,10878.52,10821.14,10871.52,798.54916
2020-09-15 12:15:00,10871.51,10904.1,10850.0,10902.1,1223.508567
2020-09-15 12:30:00,10902.09,10930.04,10862.91,10923.43,1454.397058
2020-09-15 12:45:00,10923.43,10923.45,10874.53,10907.94,1076.18701
2020-09-15 13:00:00,10907.94,10917.96,10866.18,10891.86,843.501863
2020-09-15 13:15:00,10891.42,10916.18,10872.45,10877.98,719.110638
2020-09-15 13:30:00,10877.28,10894.77,10849.99,10874.06,824.038914
2020-09-15 13:45:00,10874.05,10874.05,10834.0,10834.71,939.769525
2020-09-15 14:00:00,10834.71,10856.33,10806.83,10814.55,1013.32167
2020-09-15 14:15:00,10814.56,10853.34,10790.01,10852.51,752.647597
2020-09-15 14:30:00,10852.63,10879.0,10835.14,10839.36,730.1624
2020-09-15 14:45:00,10839.36,10839.36,10736.63,10764.19,1885.88981
2020-09-15 15:00:00,10763.37,10800.0,10745.63,10784.26,1059.167205
2020-09-15 15:15:00,10784.26,10815.47,10776.16,10783.77,946.040583
2020-09-15 15:30:00,10783.77,10783.77,10757.56,10772.47,795.740269
2020-09-15 15:45:00,10772.46,10797.18,10755.0,10784.46,730.361597
2020-09-15 16:00:00,10785.23,10827.61,10771.62,10783.06,706.305533
2020-09-15 16:15:00,10783.07,10784.71,10700.0,10726.84,1721.933465
2020-09-15 16:30:00,10726.84,10793.16,10721.24,10793.16,573.90525
2020-09-15 16:45:00,10793.15,10793.59,10772.45,10784.23,346.590918
2020-09-15 17:00:00,10784.23,10791.41,10760.2,10775.63,445.528913
2020-09-15 17:15:00,10775.64,10786.21,10756.16,10766.13,536.30247
2020-09-15 17:30:00,10766.08,10776.75,10738.33,10767.83,404.62017
2020-09-15 17:45:00,10767.84,10812.44,10767.84,10794.84,544.584368
2020-09-15 18:00:00,10794.84,10810.0,10771.9,10775.0,492.335318
2020-09-15 18:15:00,10775.01,10791.89,10773.13,10781.5,356.887056
2020-09-15 18:30:00,10781.5,10781.51,10748.03,10748.04,299.596727
2020-09-15 18:45:00,10748.04,10790.0,10748.03,10784.22,365.635095
2020-09-15 19:00:00,10784.22,10784.23,10746.06,10760.2,452.292275
2020-09-15 19:15:00,10760.19,10768.27,10751.4,10764.95,326.665986
2020-09-15 19:30:00,10764.95,10773.98,10754.22,10761.36,337.082141
2020-09-15 19:45:00,10761.35,10785.27,10758.92,10783.36,324.830195
2020-09-15 20:00:00,10783.35,10835.0,10770.39,10825.1,553.353447
2020-09-15 20:15:00,10825.1,10871.38,10824.14,10828.45,1011.854095
2020-09-15 20:30:00,10828.45,10856.82,10828.02,10845.0,588.259356
2020-09-15 20:45:00,10845.01,10863.12,10845.0,10860.01,544.615872
2020-09-15 21:00:00,10860.01,10860.96,10816.16,10834.22,409.083315
2020-09-15 21:15:00,10834.22,10859.15,10823.89,10826.05,343.828249
2020-09-15 21:30:00,10826.04,10876.45,10822.85,10858.58,532.469402
2020-09-15 21:45:00,10858.58,10886.39,10838.74,10858.6,524.78623
2020-09-15 22:00:00,10858.61,10864.67,10843.68,10852.89,332.555431
2020-09-15 22:15:00,10852.9,10862.88,10818.57,10837.54,433.80287
2020-09-15 22:30:00,10837.55,10844.57,10809.23,10819.06,510.482078
2020-09-15 22:45:00,10819.06,10819.13,10716.95,10779.25,1017.465223
2020-09-15 23:00:00,10779.24,10795.41,10752.62,10793.92,556.088969
2020-09-15 23:15:00,10793.99,10794.16,10758.15,10765.19,411.427553
2020-09-15 23:30:00,10765.45,10788.32,10760.0,10760.0,347.974897
2020-09-15 23:45:00,10760.0,10790.33,10760.0,10785.31,306.423235
2020-09-16 00:00:00,10785.23,10791.72,10726.19,10745.64,766.45985
2020-09-16 00:15:00,10745.64,10745.68,10671.4,10700.86,1207.472208
2020-09-16 00:30:00,10700.86,10725.0,10677.84,10703.98,1162.334759
2020-09-16 00:45:00,10703.99,10725.0,10661.22,10717.23,1013.513331
2020-09-16 01:00:00,10717.23,10728.14,10690.08,10705.0,473.855341
2020-09-16 01:15:00,10705.0,10707.03,10670.59,10681.61,523.540562
2020-09-16 01:30:00,10681.62,10740.0,10670.36,10732.7,566.12263
2020-09-16 01:45:00,10732.69,10751.82,10717.51,10738.19,343.441766
2020-09-16 02:00:00,10738.18,10740.86,10713.66,10727.11,442.068987
2020-09-16 02:15:00,10726.52,10731.2,10705.7,10720.6,485.253042
2020-09-16 02:30:00,10720.57,10731.13,10696.16,10723.44,474.230845
2020-09-16 02:45:00,10723.44,10743.51,10710.61,10736.3,377.675441
2020-09-16 03:00:00,10736.31,10740.65,10720.48,10722.08,337.115687
2020-09-16 03:15:00,10722.09,10752.64,10713.27,10750.46,306.267428
2020-09-16 03:30:00,10750.34,10767.98,10747.87,10765.58,393.848954
2020-09-16 03:45:00,10765.58,10781.81,10752.61,10779.41,431.356403
2020-09-16 04:00:00,10779.61,10782.86,10758.59,10766.94,376.860995
2020-09-16 04:15:00,10767.01,10819.0,10764.96,10812.44,549.678013
2020-09-16 04:30:00,10812.43,10817.82,10789.99,10799.48,424.408074
2020-09-16 04:45:00,10799.48,10800.11,10786.71,10788.45,411.318945
2020-09-16 05:00:00,10788.45,10830.59,10785.64,10810.89,535.801441
2020-09-16 05:15:00,10810.9,10811.75,10790.0,10793.46,428.616783
2020-09-16 05:30:00,10793.45,10799.98,10772.58,10782.23,607.818331
2020-09-16 05:45:00,10782.23,10786.66,10758.85,10771.74,452.466699
2020-09-16 06:00:00,10771.74,10780.0,10759.81,10767.07,440.050858
2020-09-16 06:15:00,10767.07,10774.78,10763.7,10766.86,359.177134
2020-09-16 06:30:00,10766.86,10810.0,10762.21,10809.56,524.139835
2020-09-16 06:45:00,10809.55,10855.0,10809.15,10835.53,1043.687426
2020-09-16 07:00:00,10835.98,10853.25,10820.0,10824.01,531.205944
2020-09-16 07:15:00,10824.21,10845.09,10810.8,10837.75,605.484247
2020-09-16 07:30:00,10837.84,10898.68,10825.01,10880.61,1090.250319
2020-09-16 07:45:00,10879.59,10939.6,10865.95,10915.49,1406.010464
2020-09-16 08:00:00,10916.09,10930.0,10875.33,10890.0,917.521865
2020-09-16 08:15:00,10890.0,10903.84,10865.0,10877.77,933.898327
2020-09-16 08:30:00,10877.78,10901.56,10870.94,10875.23,471.599384
2020-09-16 08:45:00,10875.22,10902.24,10868.74,10897.6,464.257316
2020-09-16 09:00:00,10897.59,10898.81,10865.0,10879.38,532.83507
2020-09-16 09:15:00,10879.38,10883.77,10850.0,10852.98,497.189241
2020-09-16 09:30:00,10852.97,10887.0,10848.42,10867.12,439.694991
2020-09-16 09:45:00,10867.12,10884.55,10861.79,10865.12,424.061752
2020-09-16 10:00:00,10865.2,10916.24,10865.11,10906.44,660.736092
2020-09-16 10:15:00,10906.44,10926.88,10842.0,10851.7,866.530192
2020-09-16 10:30:00,10851.7,10851.7,10827.0,10835.04,743.411023
2020-09-16 10:45:00,10835.04,10859.2,10835.03,10842.71,739.08452
2020-09-16 11:00:00,10842.71,10886.78,10840.39,10867.39,625.488303
2020-09-16 11:15:00,10867.4,10879.53,10860.85,10868.71,419.755656
2020-09-16 11:30:00,10868.72,10873.18,10844.94,10852.81,440.181725
2020-09-16 11:45:00,10852.81,10910.0,10840.41,10898.99,746.649913
2020-09-16 12:00:00,10899.0,10921.51,10860.0,10884.34,993.983003
2020-09-16 12:15:00,10884.48,10916.55,10863.42,10910.66,851.65099
2020-09-16 12:30:00,10911.5,10932.0,10907.72,10914.35,978.965726
2020-09-16 12:45:00,10914.34,10955.0,10913.33,10925.23,1121.928427
2020-09-16 13:00:00,10925.23,10950.0,10885.0,10942.0,895.921992
2020-09-16 13:15:00,10941.99,10952.0,10917.03,10923.87,977.658212
2020-09-16 13:30:00,10923.75,10942.34,10915.29,10918.96,722.597568
2020-09-16 13:45:00,10918.96,10924.71,10900.27,10923.0,620.93138
2020-09-16 14:00:00,10923.01,10941.18,10901.03,10918.43,556.215985
2020-09-16 14:15:00,10918.54,10922.13,10871.0,10878.38,748.752869
2020-09-16 14:30:00,10878.38,10892.98,10860.43,10886.04,700.546373
2020-09-16 14:45:00,10886.04,10896.64,10870.1,10888.97,481.665254
2020-09-16 15:00:00,10888.97,10939.0,10881.77,10935.5,891.907937
2020-09-16 15:15:00,10935.5,10955.0,10917.65,10955.0,1192.926605
2020-09-16 15:30:00,10954.99,11016.69,10954.99,10981.03,2130.219905
2020-09-16 15:45:00,10981.04,11005.96,10978.39,11004.99,991.395947
2020-09-16 16:00:00,11004.99,11037.14,10981.3,11000.55,1457.445361
2020-09-16 16:15:00,11000.55,11016.75,10982.48,11014.63,914.616465
2020-09-16 16:30:00,11014.65,11093.0,11012.63,11084.24,1459.586418
2020-09-16 16:45:00,11084.24,11090.0,11053.34,11059.57,1196.769676
2020-09-16 17:00:00,11059.58,11072.2,11018.4,11029.99,946.113586
2020-09-16 17:15:00,11030.66,11039.27,10994.39,11012.99,655.552815
2020-09-16 17:30:00,11013.0,11039.11,11006.93,11008.0,427.135632
2020-09-16 17:45:00,11008.0,11041.77,11004.38,11040.8,540.776603
2020-09-16 18:00:00,11040.53,11064.6,10960.03,10982.98,1547.209254
2020-09-16 18:15:00,10982.97,11070.0,10979.99,11068.78,1287.724575
2020-09-16 18:30:00,11068.78,11083.99,11053.35,11063.37,1094.972356
2020-09-16 18:45:00,11063.36,11072.41,11002.4,11010.29,750.545714
2020-09-16 19:00:00,11010.29,11028.28,10971.5,10984.42,747.330189
2020-09-16 19:15:00,10984.43,11010.0,10974.08,10983.05,689.228977
2020-09-16 19:30:00,10983.23,10999.54,10966.18,10972.27,624.606813
2020-09-16 19:45:00,10972.27,11007.53,10970.07,10982.2,397.973438
2020-09-16 20:00:00,10982.2,10997.25,10970.4,10996.99,536.690303
2020-09-16 20:15:00,10996.98,11008.25,10975.0,11000.79,449.088775
2020-09-16 20:30:00,11000.79,11047.84,11000.79,11028.46,753.286142
2020-09-16 20:45:00,11028.45,11041.91,10985.95,10994.68,486.661168
2020-09-16 21:00:00,10994.68,11024.23,10980.15,11020.45,401.316906
2020-09-16 21:15:00,11020.45,11028.91,10990.96,10994.84,312.65705
2020-09-16 21:30:00,10994.84,10996.78,10976.39,10984.28,319.637859
2020-09-16 21:45:00,10984.28,11018.01,10984.28,11015.09,294.322352
2020-09-16 22:00:00,11015.09,11022.97,10987.36,11014.81,279.800294
2020-09-16 22:15:00,11014.81,11030.02,11004.72,11021.65,398.922361
2020-09-16 22:30:00,11021.64,11039.7,11014.47,11015.01,259.41278
2020-09-16 22:45:00,11014.88,11026.86,11005.5,11020.82,242.832424
2020-09-16 23:00:00,11020.82,11032.35,10992.41,10993.14,339.571912
2020-09-16 23:15:00,10993.14,10993.29,10961.36,10964.61,505.995245
2020-09-16 23:30:00,10964.62,10977.63,10941.81,10951.52,529.834414
2020-09-16 23:45:00,10951.52,10969.56,10941.35,10954.01,272.198298
2020-09-17 00:00:00,10954.01,10954.02,10923.24,10940.86,580.912539
2020-09-17 00:15:00,10940.86,10970.0,10934.83,10967.53,709.707393
2020-09-17 00:30:00,10967.53,11045.46,10957.07,11012.34,1163.900382
2020-09-17 00:45:00,11012.33,11045.0,10993.67,10993.67,567.365193
2020-09-17 01:00:00,10993.67,11034.0,10991.67,11015.72,763.377024
2020-09-17 01:15:00,11015.72,11026.81,10999.18,11017.31,501.563749
2020-09-17 01:30:00,11017.31,11023.6,10994.04,11011.91,458.901463
2020-09-17 01:45:00,11011.91,11013.61,10950.04,10958.42,579.774405
2020-09-17 02:00:00,10958.41,10958.41,10905.86,10910.12,1181.0786
2020-09-17 02:15:00,10910.65,10932.92,10909.15,10916.81,644.509831
2020-09-17 02:30:00,10916.88,10960.09,10916.87,10937.74,478.761921
2020-09-17 02:45:00,10937.75,10942.84,10920.0,10926.87,285.020984
2020-09-17 03:00:00,10926.98,10939.25,10916.33,10922.47,413.975307
2020-09-17 03:15:00,10922.93,10923.46,10880.34,10889.87,1156.227519
2020-09-17 03:30:00,10889.88,10914.21,10884.77,10913.81,532.453243
2020-09-17 03:45:00,10913.81,10914.57,10869.0,10872.09,566.408032
2020-09-17 04:00:00,10872.3,10901.62,10850.0,10886.27,841.862621
2020-09-17 04:15:00,10886.26,10915.62,10878.87,10913.72,362.980579
2020-09-17 04:30:00,10913.71,10913.72,10891.76,10894.57,327.848815
2020-09-17 04:45:00,10894.56,10910.98,10887.5,10909.43,270.044938
2020-09-17 05:00:00,10909.46,10917.08,10888.09,10904.91,384.898477
2020-09-17 05:15:00,10904.9,10918.31,10895.52,10909.65,344.718419
2020-09-17 05:30:00,10909.66,10929.35,10907.51,10928.87,304.41381
2020-09-17 05:45:00,10928.78,10929.99,10904.22,10914.72,472.559965
2020-09-17 06:00:00,10914.71,10928.83,10903.72,10906.65,344.990024
2020-09-17 06:15:00,10906.64,10906.64,10865.57,10878.6,688.247169
2020-09-17 06:30:00,10878.35,10879.16,10850.81,10875.24,752.214245
2020-09-17 06:45:00,10875.23,10891.61,10860.5,10865.41,578.240016
2020-09-17 07:00:00,10865.41,10897.26,10860.5,10888.68,852.156299
2020-09-17 07:15:00,10888.68,10892.66,10869.22,10869.61,506.274933
2020-09-17 07:30:00,10869.6,10872.8,10842.77,10869.97,806.197521
2020-09-17 07:45:00,10869.97,10893.68,10856.14,10882.39,455.053141
2020-09-17 08:00:00,10882.38,10905.0,10880.38,10885.19,551.110376
2020-09-17 08:15:00,10885.18,10894.47,10860.0,10892.55,475.393207
2020-09-17 08:30:00,10892.55,10897.88,10878.34,10881.0,367.287454
2020-09-17 08:45:00,10881.0,10891.72,10860.0,10865.72,512.542162
2020-09-17 09:00:00,10865.72,10890.45,10855.65,10890.45,601.613878
2020-09-17 09:15:00,10890.45,10891.88,10860.18,10864.0,501.752945
2020-09-17 09:30:00,10864.0,10880.6,10857.14,10878.83,414.661475
2020-09-17 09:45:00,10878.84,10895.82,10876.15,10877.37,416.096081
2020-09-17 10:00:00,10877.37,10883.97,10860.32,10860.93,478.514031
2020-09-17 10:15:00,10860.92,10866.05,10800.0,10818.77,1457.356792
2020-09-17 10:30:00,10818.77,10825.2,10787.0,10806.8,1064.896986
2020-09-17 10:45:00,10806.8,10835.0,10781.0,10826.54,788.603807
2020-09-17 11:00:00,10826.55,10828.66,10802.05,10803.76,655.764869
2020-09-17 11:15:00,10803.76,10839.69,10798.06,10837.09,629.178414
2020-09-17 11:30:00,10837.08,10884.38,10837.08,10868.24,838.575209
2020-09-17 11:45:00,10868.24,10884.61,10860.0,10877.65,610.286011
2020-09-17 12:00:00,10877.65,10885.47,10850.0,10859.04,460.961092
2020-09-17 12:15:00,10859.05,10863.43,10826.89,10832.85,690.194853
2020-09-17 12:30:00,10832.86,10846.37,10821.12,10846.0,602.919385
2020-09-17 12:45:00,10846.15,10847.06,10800.01,10803.95,597.639102
2020-09-17 13:00:00,10803.95,10820.65,10745.83,10769.31,1581.175014
2020-09-17 13:15:00,10769.31,10799.0,10756.77,10781.0,748.213413
2020-09-17 13:30:00,10781.11,10794.5,10762.68,10778.08,684.306532
2020-09-17 13:45:00,10778.09,10822.0,10776.1,10819.91,787.662968
2020-09-17 14:00:00,10819.9,10854.03,10801.41,10826.57,916.708929
2020-09-17 14:15:00,10826.88,10836.45,10810.98,10824.71,621.142035
2020-09-17 14:30:00,10824.71,10855.0,10818.99,10849.61,493.944621
2020-09-17 14:45:00,10849.61,10871.16,10771.52,10840.87,1206.234158
2020-09-17 15:00:00,10841.12,10874.25,10836.93,10870.1,864.913352
2020-09-17 15:15:00,10870.1,10883.2,10851.15,10865.39,532.446362
2020-09-17 15:30:00,10865.39,10870.0,10840.46,10843.53,512.924324
2020-09-17 15:45:00,10843.53,10855.63,10836.06,10838.31,452.780714
2020-09-17 16:00:00,10838.3,10853.7,10824.38,10826.22,517.978368
2020-09-17 16:15:00,10826.22,10829.32,10794.23,10825.84,591.143357
2020-09-17 16:30:00,10825.84,10836.01,10812.08,10819.57,381.755662
2020-09-17 16:45:00,10819.56,10844.98,10809.64,10839.55,423.113374
2020-09-17 17:00:00,10839.55,10852.44,10833.43,10847.05,467.994349
2020-09-17 17:15:00,10847.04,10866.15,10839.94,10858.28,418.946234
2020-09-17 17:30:00,10858.28,10859.14,10838.59,10847.85,429.857533
2020-09-17 17:45:00,10847.85,10867.18,10844.2,10860.86,537.992277
2020-09-17 18:00:00,10860.86,10912.52,10860.86,10906.5,799.617501
2020-09-17 18:15:00,10906.5,10921.51,10888.83,10905.48,778.931336
2020-09-17 18:30:00,10905.48,10919.04,10892.09,10905.76,675.952208
2020-09-17 18:45:00,10905.75,10916.92,10896.24,10905.26,443.05357
2020-09-17 19:00:00,10905.25,10919.0,10888.22,10903.95,437.562628
2020-09-17 19:15:00,10903.95,10913.34,10890.81,10895.0,417.034867
2020-09-17 19:30:00,10894.99,10921.8,10891.01,10918.05,549.799998
2020-09-17 19:45:00,10918.04,10926.82,10908.02,10916.63,532.713296
2020-09-17 20:00:00,10916.63,10933.9,10911.15,10920.78,599.886487
2020-09-17 20:15:00,10920.79,10928.63,10911.24,10911.5,440.42324
2020-09-17 20:30:00,10911.5,10920.93,10910.0,10912.0,334.884338
2020-09-17 20:45:00,10912.0,10934.95,10912.0,10930.64,364.348191
2020-09-17 21:00:00,10930.63,10949.11,10930.63,10946.98,520.030134
2020-09-17 21:15:00,10946.98,10946.98,10917.72,10924.56,311.959634
2020-09-17 21:30:00,10924.57,10968.95,10922.27,10954.86,427.314257
2020-09-17 21:45:00,10954.85,10959.81,10950.0,10957.45,241.049689
2020-09-17 22:00:00,10957.45,10965.0,10916.68,10933.43,373.807151
2020-09-17 22:15:00,10933.43,10944.55,10916.62,10941.59,522.015131
2020-09-17 22:30:00,10941.59,10945.76,10916.24,10919.9,273.2551
2020-09-17 22:45:00,10919.66,10928.46,10903.51,10912.08,418.090872
2020-09-17 23:00:00,10912.08,10933.16,10910.44,10930.75,345.837293
2020-09-17 23:15:00,10930.85,10937.64,10904.0,10924.79,404.606758
2020-09-17 23:30:00,10924.79,10940.0,10923.0,10937.8,303.238395
2020-09-17 23:45:00,10937.8,10940.0,10918.96,10939.99,322.982193
2020-09-18 00:00:00,10940.0,10960.0,10935.13,10953.42,463.374973
2020-09-18 00:15:00,10953.42,10955.66,10891.9,10903.46,487.601561
2020-09-18 00:30:00,10903.46,10903.55,10887.49,10891.97,344.871309
2020-09-18 00:45:00,10891.96,10906.38,10883.2,10905.71,306.457559
2020-09-18 01:00:00,10905.71,10922.97,10895.68,10896.48,396.583117
2020-09-18 01:15:00,10896.47,10916.11,10891.5,10902.95,322.289952
2020-09-18 01:30:00,10902.96,10904.21,10888.1,10899.13,385.918206
2020-09-18 01:45:00,10899.14,10910.64,10893.8,10901.09,244.100485
2020-09-18 02:00:00,10901.1,10921.3,10901.1,10917.16,244.904612
2020-09-18 02:15:00,10917.15,10936.83,10910.65,10929.47,304.785471
2020-09-18 02:30:00,10929.48,10935.39,10920.18,10928.1,232.792722
2020-09-18 02:45:00,10928.18,10937.69,10914.99,10920.9,358.276891
2020-09-18 03:00:00,10920.99,10933.25,10920.98,10927.25,295.675327
2020-09-18 03:15:00,10927.25,10937.8,10926.95,10935.26,307.883456
2020-09-18 03:30:00,10935.25,10941.53,10930.63,10939.78,396.537721
2020-09-18 03:45:00,10939.77,10941.45,10922.22,10924.36,277.444492
2020-09-18 04:00:00,10924.22,10926.28,10870.01,10899.31,665.504813
2020-09-18 04:15:00,10899.31,10909.74,10889.66,10895.94,437.673195
2020-09-18 04:30:00,10895.93,10920.0,10894.85,10906.91,345.32323
2020-09-18 04:45:00,10906.9,10907.47,10890.94,10904.6,372.924284
2020-09-18 05:00:00,10904.59,10909.92,10893.99,10908.96,331.046573
2020-09-18 05:15:00,10908.97,10920.0,10908.96,10915.53,289.544273
2020-09-18 05:30:00,10915.52,10922.69,10910.0,10916.8,275.681996
2020-09-18 05:45:00,10916.81,10927.34,10916.38,10926.46,318.105582
2020-09-18 06:00:00,10926.45,10928.88,10910.75,10912.44,396.494645
2020-09-18 06:15:00,10912.45,10915.36,10898.0,10914.63,450.590529
2020-09-18 06:30:00,10914.63,10950.03,10912.76,10949.46,631.392072
2020-09-18 06:45:00,10949.46,10985.0,10940.99,10966.76,694.453361
2020-09-18 07:00:00,10966.76,10968.47,10944.69,10952.91,742.834447
2020-09-18 07:15:00,10952.91,10952.91,10935.0,10948.11,616.31864
2020-09-18 07:30:00,10948.12,10960.95,10931.86,10955.0,518.465625
2020-09-18 07:45:00,10955.0,10962.67,10943.0,10954.14,502.674497
2020-09-18 08:00:00,10954.14,10965.0,10927.25,10929.62,723.546957
2020-09-18 08:15:00,10929.61,10949.52,10925.62,10933.56,480.717779
2020-09-18 08:30:00,10934.1,10960.11,10926.93,10952.59,484.39265
2020-09-18 08:45:00,10952.59,10959.34,10937.48,10959.1,434.883888
2020-09-18 09:00:00,10959.1,10975.0,10953.49,10970.36,427.393964
2020-09-18 09:15:00,10970.36,10998.99,10967.02,10985.28,743.397568
2020-09-18 09:30:00,10985.28,11031.87,10977.55,11015.58,814.202331
2020-09-18 09:45:00,11015.59,11038.03,11001.83,11008.38,786.824018
2020-09-18 10:00:00,11008.37,11014.52,10987.74,11006.48,675.951516
2020-09-18 10:15:00,11006.47,11009.49,10991.61,10992.83,476.167227
2020-09-18 10:30:00,10992.82,11000.0,10975.53,10976.51,556.687577
2020-09-18 10:45:00,10976.51,10987.25,10972.57,10974.0,426.51728
2020-09-18 11:00:00,10974.0,10998.27,10971.37,10996.77,535.486369
2020-09-18 11:15:00,10996.78,11003.63,10987.44,10988.46,448.212006
2020-09-18 11:30:00,10988.46,10989.88,10976.17,10986.28,451.07388
2020-09-18 11:45:00,10986.27,10992.0,10966.64,10977.26,505.504332
2020-09-18 12:00:00,10977.4,10989.5,10970.0,10973.37,408.82975
2020-09-18 12:15:00,10973.36,10973.37,10954.2,10966.96,588.634364
2020-09-18 12:30:00,10966.95,10984.5,10952.12,10981.06,577.027254
2020-09-18 12:45:00,10981.05,10994.75,10977.14,10990.49,344.183669
2020-09-18 13:00:00,10990.49,11003.09,10982.47,10989.32,357.756467
2020-09-18 13:15:00,10989.33,10999.65,10969.75,10969.75,456.825066
2020-09-18 13:30:00,10969.75,10973.83,10955.6,10962.64,474.005133
2020-09-18 13:45:00,10962.63,10966.33,10907.74,10914.51,923.341448
2020-09-18 14:00:00,10914.51,10945.37,10903.72,10941.69,535.622694
2020-09-18 14:15:00,10941.57,10954.11,10925.14,10931.4,428.839206
2020-09-18 14:30:00,10931.4,10947.41,10925.65,10942.7,427.84858
2020-09-18 14:45:00,10942.71,10953.0,10933.58,10945.21,543.564031
2020-09-18 15:00:00,10945.22,10945.22,10922.0,10925.23,575.739922
2020-09-18 15:15:00,10925.38,10931.86,10870.37,10890.51,1056.357148
2020-09-18 15:30:00,10890.5,10897.05,10870.39,10888.97,742.80742
2020-09-18 15:45:00,10888.03,10911.38,10878.02,10899.37,523.32163
2020-09-18 16:00:00,10899.42,10900.0,10837.29,10850.46,705.135323
2020-09-18 16:15:00,10850.46,10879.21,10828.74,10868.88,675.279541
2020-09-18 16:30:00,10869.09,10895.3,10860.0,10892.63,546.389765
2020-09-18 16:45:00,10892.63,10895.58,10867.21,10882.75,793.712439
2020-09-18 17:00:00,10882.75,10898.41,10860.88,10894.56,775.669947
2020-09-18 17:15:00,10894.56,10895.58,10856.56,10856.91,641.616561
2020-09-18 17:30:00,10856.92,10856.92,10812.84,10836.34,1717.655027
2020-09-18 17:45:00,10836.34,10845.89,10823.67,10834.42,788.246983
2020-09-18 18:00:00,10834.43,10845.0,10818.0,10844.39,775.386588
2020-09-18 18:15:00,10844.39,10856.4,10834.95,10852.63,716.589172
2020-09-18 18:30:00,10852.63,10876.18,10849.19,10860.85,592.434779
2020-09-18 18:45:00,10860.86,10874.85,10848.13,10861.63,539.079117
2020-09-18 19:00:00,10861.63,10876.79,10842.3,10860.68,473.437833
2020-09-18 19:15:00,10860.69,10871.19,10851.22,10863.82,363.06746
2020-09-18 19:30:00,10863.83,10869.25,10856.29,10863.39,351.333945
2020-09-18 19:45:00,10863.39,10880.0,10858.56,10866.55,515.204478
2020-09-18 20:00:00,10866.55,10868.3,10850.0,10853.02,425.53666
2020-09-18 20:15:00,10853.02,10902.21,10850.0,10895.78,521.240595
2020-09-18 20:30:00,10895.78,10898.76,10884.02,10892.49,349.999219
2020-09-18 20:45:00,10892.61,10892.8,10878.9,10886.79,324.266146
2020-09-18 21:00:00,10886.79,10900.0,10880.0,10882.35,284.016064
2020-09-18 21:15:00,10882.35,10891.99,10873.94,10891.24,225.525545
2020-09-18 21:30:00,10891.24,10918.0,10885.93,10918.0,262.874283
2020-09-18 21:45:00,10918.0,10942.2,10911.34,10939.63,431.611249
2020-09-18 22:00:00,10941.39,10944.79,10929.6,10933.14,331.135185
2020-09-18 22:15:00,10933.14,10941.04,10921.04,10922.04,299.588882
2020-09-18 22:30:00,10922.04,10933.4,10920.18,10922.6,276.023812
2020-09-18 22:45:00,10922.6,10935.51,10919.07,10928.04,244.711193
2020-09-18 23:00:00,10928.03,10937.02,10910.0,10919.57,419.064721
2020-09-18 23:15:00,10919.68,10921.59,10887.76,10887.76,406.71325
2020-09-18 23:30:00,10887.94,10916.3,10884.38,10913.48,344.441686
2020-09-18 23:45:00,10913.47,10935.01,10913.47,10933.39,255.552087
2020-09-19 00:00:00,10933.4,10942.82,10929.88,10938.37,345.735989
2020-09-19 00:15:00,10938.37,10968.72,10931.53,10964.38,430.321973
2020-09-19 00:30:00,10964.38,10971.32,10949.01,10959.0,422.249565
2020-09-19 00:45:00,10958.99,10974.03,10954.12,10972.79,391.649561
2020-09-19 01:00:00,10972.79,10974.03,10934.2,10944.98,481.738348
2020-09-19 01:15:00,10944.99,10956.07,10938.73,10945.65,250.45693
2020-09-19 01:30:00,10945.65,10961.42,10938.06,10944.07,300.044625
2020-09-19 01:45:00,10944.07,10950.0,10940.78,10945.49,251.155365
2020-09-19 02:00:00,10945.49,10966.3,10942.82,10960.88,270.464898
2020-09-19 02:15:00,10960.88,10963.31,10952.61,10955.58,214.200926
2020-09-19 02:30:00,10955.6,10966.43,10947.91,10949.85,444.066214
2020-09-19 02:45:00,10949.84,10970.0,10941.83,10970.0,361.289586
2020-09-19 03:00:00,10970.0,10977.75,10965.92,10973.04,359.92231
2020-09-19 03:15:00,10973.04,10974.33,10950.03,10955.43,342.677862
2020-09-19 03:30:00,10955.42,10960.73,10947.39,10950.01,234.198898
2020-09-19 03:45:00,10950.59,10977.06,10948.18,10976.0,259.941583
2020-09-19 04:00:00,10975.99,10980.0,10957.17,10968.6,256.866977
2020-09-19 04:15:00,10968.6,10970.44,10949.65,10964.02,266.442914
2020-09-19 04:30:00,10964.02,10964.03,10952.37,10954.63,232.259761
2020-09-19 04:45:00,10954.62,10973.38,10953.59,10956.67,195.815437
2020-09-19 05:00:00,10956.6,10962.33,10940.29,10941.3,307.908589
2020-09-19 05:15:00,10941.29,10950.25,10935.32,10945.36,254.247792
2020-09-19 05:30:00,10945.36,10951.01,10937.8,10945.28,247.855943
2020-09-19 05:45:00,10945.19,10945.29,10926.28,10933.44,311.660409
2020-09-19 06:00:00,10933.44,10943.98,10930.0,10943.97,262.957117
2020-09-19 06:15:00,10943.97,10953.28,10930.75,10931.32,301.30559
2020-09-19 06:30:00,10931.32,10945.8,10930.03,10945.78,254.32465
2020-09-19 06:45:00,10945.79,10949.86,10936.93,10944.82,273.964169
2020-09-19 07:00:00,10944.82,10949.99,10938.26,10945.7,215.712223
2020-09-19 07:15:00,10945.69,10947.39,10898.48,10917.73,704.202133
2020-09-19 07:30:00,10917.73,10925.43,10898.11,10919.48,463.228161
2020-09-19 07:45:00,10919.47,10922.87,10900.0,10900.29,312.247058
2020-09-19 08:00:00,10900.28,10918.01,10887.37,10889.95,527.117609
2020-09-19 08:15:00,10889.95,10900.23,10888.9,10900.23,398.994653
2020-09-19 08:30:00,10900.22,10922.0,10900.22,10922.0,339.231928
2020-09-19 08:45:00,10921.99,10929.73,10917.33,10926.86,296.95118
2020-09-19 09:00:00,10926.87,10937.34,10920.05,10934.99,293.816203
2020-09-19 09:15:00,10934.97,10945.18,10931.07,10937.73,385.615331
2020-09-19 09:30:00,10937.73,10961.77,10935.38,10959.0,350.26049
2020-09-19 09:45:00,10959.01,10961.39,10943.02,10944.42,252.057133
2020-09-19 10:00:00,10944.43,10948.73,10933.67,10940.18,254.662648
2020-09-19 10:15:00,10940.34,10955.0,10940.0,10950.7,340.540208
2020-09-19 10:30:00,10950.7,10955.0,10936.84,10938.68,366.351432
2020-09-19 10:45:00,10938.68,10993.22,10936.01,10993.11,644.846281
2020-09-19 11:00:00,10993.12,11008.0,10972.05,10987.34,928.344145
2020-09-19 11:15:00,10987.34,11037.97,10978.84,11009.99,948.202721
2020-09-19 11:30:00,11009.99,11029.21,11009.99,11021.42,653.620598
2020-09-19 11:45:00,11021.42,11150.0,11021.42,11140.0,2053.214907
2020-09-19 12:00:00,11139.69,11179.79,11047.06,11086.39,1715.065923
2020-09-19 12:15:00,11086.39,11090.0,11053.99,11078.89,552.280323
2020-09-19 12:30:00,11078.7,11117.63,11078.69,11095.01,568.917524
2020-09-19 12:45:00,11095.01,11104.1,11083.31,11098.98,530.373841
2020-09-19 13:00:00,11098.99,11128.88,11085.03,11089.11,721.982168
2020-09-19 13:15:00,11089.11,11098.88,11072.24,11090.11,482.285101
2020-09-19 13:30:00,11090.11,11112.8,11088.5,11096.52,504.167024
2020-09-19 13:45:00,11096.39,11105.0,11087.94,11105.0,568.655193
2020-09-19 14:00:00,11105.0,11105.0,11090.86,11091.1,380.60423
2020-09-19 14:15:00,11091.19,11091.4,11071.22,11071.32,331.141624
2020-09-19 14:30:00,11071.32,11080.15,11055.93,11059.83,460.796328
2020-09-19 14:45:00,11059.82,11079.17,11043.0,11079.13,662.924248
2020-09-19 15:00:00,11079.13,11085.0,11070.15,11071.25,371.381591
2020-09-19 15:15:00,11071.37,11075.5,11050.3,11056.67,467.894659
2020-09-19 15:30:00,11056.67,11070.24,11056.01,11070.0,197.615513
2020-09-19 15:45:00,11070.0,11105.07,11070.0,11090.56,712.491208
2020-09-19 16:00:00,11090.57,11100.95,11070.0,11092.44,444.582929
2020-09-19 16:15:00,11092.44,11119.93,11069.41,11075.0,448.108251
2020-09-19 16:30:00,11074.99,11078.15,11065.0,11069.43,283.57523
2020-09-19 16:45:00,11069.43,11069.43,11056.45,11059.3,277.134357
2020-09-19 17:00:00,11059.41,11083.0,11059.4,11075.55,305.336208
2020-09-19 17:15:00,11075.56,11095.31,11075.56,11088.01,349.481232
2020-09-19 17:30:00,11088.01,11093.95,11071.94,11079.08,299.921119
2020-09-19 17:45:00,11079.08,11085.44,11060.0,11068.3,452.489435
2020-09-19 18:00:00,11068.3,11073.05,11029.68,11040.01,732.077028
2020-09-19 18:15:00,11040.0,11041.52,11015.59,11041.12,531.37969
2020-09-19 18:30:00,11041.4,11049.77,11011.31,11045.61,414.686863
2020-09-19 18:45:00,11045.61,11056.87,11040.73,11048.11,263.464084
2020-09-19 19:00:00,11048.12,11050.22,11032.62,11050.0,353.318905
2020-09-19 19:15:00,11050.0,11074.45,11044.69,11062.35,330.552165
2020-09-19 19:30:00,11062.35,11071.58,11059.38,11064.72,170.049072
2020-09-19 19:45:00,11064.72,11067.27,11050.35,11054.2,205.724121
2020-09-19 20:00:00,11054.21,11056.89,11044.16,11047.5,229.508585
2020-09-19 20:15:00,11047.49,11056.17,11043.1,11055.01,123.883649
2020-09-19 20:30:00,11055.0,11077.44,11055.0,11076.72,265.426775
2020-09-19 20:45:00,11076.72,11087.99,11075.0,11087.31,302.225098
2020-09-19 21:00:00,11087.31,11087.35,11059.57,11059.7,371.629749
2020-09-19 21:15:00,11059.7,11065.0,11050.96,11063.5,209.77594
2020-09-19 21:30:00,11063.49,11063.49,11033.45,11033.45,217.727433
2020-09-19 21:45:00,11034.37,11052.95,11026.5,11052.18,299.607604
2020-09-19 22:00:00,11052.18,11052.18,11026.4,11039.0,363.820784
2020-09-19 22:15:00,11038.99,11053.0,11038.99,11049.64,237.471124
2020-09-19 22:30:00,11049.64,11053.0,11041.13,11044.53,254.753072
2020-09-19 22:45:00,11044.53,11067.57,11042.19,11064.28,282.338675
2020-09-19 23:00:00,11064.29,11064.29,11040.0,11054.9,248.361893
2020-09-19 23:15:00,11054.9,11070.99,11052.82,11059.82,220.154894
2020-09-19 23:30:00,11059.82,11075.63,11059.82,11073.42,229.068938
2020-09-19 23:45:00,11073.41,11087.61,11072.62,11080.65,238.884435
2020-09-20 00:00:00,11080.64,11080.64,11054.97,11068.14,343.785025
2020-09-20 00:15:00,11068.24,11068.91,11046.54,11049.46,377.077163
2020-09-20 00:30:00,11049.45,11060.09,11044.0,11044.26,218.538982
2020-09-20 00:45:00,11044.25,11069.73,11042.7,11056.0,229.504876
2020-09-20 01:00:00,11056.0,11056.0,10957.09,10987.55,1262.611628
2020-09-20 01:15:00,10987.54,10998.01,10971.63,10981.46,336.687864
2020-09-20 01:30:00,10981.45,10993.31,10940.57,10971.06,580.674049
2020-09-20 01:45:00,10971.07,10978.42,10921.0,10939.63,536.605009
2020-09-20 02:00:00,10939.63,10962.14,10913.0,10955.36,461.89037
2020-09-20 02:15:00,10955.36,10966.88,10937.45,10950.54,307.208965
2020-09-20 02:30:00,10950.54,10961.82,10936.72,10937.18,271.981664
2020-09-20 02:45:00,10937.18,10950.43,10915.37,10918.19,331.727096
2020-09-20 03:00:00,10918.37,10942.46,10899.33,10930.61,418.913934
2020-09-20 03:15:00,10930.62,10948.96,10928.62,10944.67,228.595057
2020-09-20 03:30:00,10944.67,10954.92,10932.0,10950.79,238.90926
2020-09-20 03:45:00,10950.79,10953.44,10939.9,10948.81,238.743602
2020-09-20 04:00:00,10948.8,10960.15,10933.0,10957.45,249.663249
2020-09-20 04:15:00,10957.45,10982.24,10947.45,10975.01,316.2176
2020-09-20 04:30:00,10975.0,10975.01,10953.42,10954.13,266.389068
2020-09-20 04:45:00,10954.13,10969.68,10951.43,10968.0,238.509057
2020-09-20 05:00:00,10967.99,10967.99,10943.37,10944.7,246.062071
2020-09-20 05:15:00,10944.7,10957.22,10940.0,10954.55,182.935512
2020-09-20 05:30:00,10954.56,10954.56,10937.49,10937.49,208.922682
2020-09-20 05:45:00,10937.5,10952.98,10934.6,10952.38,261.732798
2020-09-20 06:00:00,10952.38,10952.61,10938.33,10945.36,238.209455
2020-09-20 06:15:00,10945.36,10954.68,10938.05,10954.01,271.377552
2020-09-20 06:30:00,10954.01,10966.86,10949.24,10965.19,209.597066
2020-09-20 06:45:00,10965.18,10970.22,10953.88,10964.65,299.623158
2020-09-20 07:00:00,10964.68,10987.84,10949.03,10986.51,398.890847
2020-09-20 07:15:00,10986.84,10986.85,10967.53,10973.87,299.379973
2020-09-20 07:30:00,10973.86,10995.31,10971.47,10981.21,268.219114
2020-09-20 07:45:00,10981.2,10982.82,10962.6,10962.61,215.640424
2020-09-20 08:00:00,10962.6,10975.67,10954.24,10967.17,256.856259
2020-09-20 08:15:00,10967.17,10979.68,10966.15,10972.33,270.875944
2020-09-20 08:30:00,10972.33,10972.69,10950.46,10955.69,281.389486
2020-09-20 08:45:00,10955.69,10966.01,10952.91,10952.92,244.355269
2020-09-20 09:00:00,10952.91,10952.92,10934.21,10940.94,376.279731
2020-09-20 09:15:00,10940.93,10947.12,10931.29,10937.37,305.77615
2020-09-20 09:30:00,10937.37,10966.52,10925.27,10958.72,359.630065
2020-09-20 09:45:00,10958.72,10968.26,10950.7,10964.67,346.519965
2020-09-20 10:00:00,10964.47,10968.73,10951.97,10962.49,227.391371
2020-09-20 10:15:00,10962.49,10962.49,10943.45,10945.31,355.257882
2020-09-20 10:30:00,10945.31,10981.7,10943.96,10969.99,285.859162
2020-09-20 10:45:00,10970.0,10984.0,10969.25,10983.64,268.993724
2020-09-20 11:00:00,10983.64,10983.64,10968.77,10969.18,273.67756
2020-09-20 11:15:00,10969.38,10975.64,10960.22,10968.2,225.237255
2020-09-20 11:30:00,10968.32,10970.44,10947.23,10956.86,480.90577
2020-09-20 11:45:00,10956.85,10963.5,10939.0,10951.17,443.628621
2020-09-20 12:00:00,10951.17,10958.18,10930.0,10931.07,407.692433
2020-09-20 12:15:00,10931.07,10931.08,10825.1,10875.34,1815.282529
2020-09-20 12:30:00,10875.65,10883.58,10855.3,10862.85,569.659306
2020-09-20 12:45:00,10862.85,10872.22,10847.16,10850.64,408.33842
2020-09-20 13:00:00,10850.63,10861.61,10775.0,10844.73,1578.012778
2020-09-20 13:15:00,10844.73,10860.14,10819.94,10857.85,541.85112
2020-09-20 13:30:00,10857.86,10870.84,10850.0,10858.69,618.830843
2020-09-20 13:45:00,10858.68,10870.0,10831.03,10866.07,334.506936
2020-09-20 14:00:00,10866.07,10868.01,10848.09,10852.33,357.615934
2020-09-20 14:15:00,10852.33,10861.21,10833.31,10843.72,429.039924
2020-09-20 14:30:00,10843.71,10855.0,10835.0,10854.01,433.009223
2020-09-20 14:45:00,10854.01,10854.01,10836.82,10838.55,258.248102
2020-09-20 15:00:00,10838.55,10846.75,10829.0,10838.37,492.26528
2020-09-20 15:15:00,10838.36,10867.07,10837.29,10861.99,365.293504
2020-09-20 15:30:00,10862.0,10876.48,10846.39,10861.97,435.208316
2020-09-20 15:45:00,10861.97,10861.98,10831.12,10834.58,475.203616
2020-09-20 16:00:00,10834.62,10843.17,10809.79,10820.77,820.99832
2020-09-20 16:15:00,10820.78,10830.27,10723.0,10770.27,1370.438997
2020-09-20 16:30:00,10770.28,10849.53,10761.21,10846.4,849.752816
2020-09-20 16:45:00,10846.4,10858.77,10825.62,10852.25,543.36018
2020-09-20 17:00:00,10852.26,10875.0,10850.0,10860.23,544.948434
2020-09-20 17:15:00,10860.22,10879.44,10854.82,10870.76,607.975732
2020-09-20 17:30:00,10870.76,10895.99,10862.48,10885.08,581.245353
2020-09-20 17:45:00,10885.08,10898.79,10871.18,10894.66,273.246725
2020-09-20 18:00:00,10894.67,10903.77,10876.0,10880.28,397.948473
2020-09-20 18:15:00,10880.28,10884.51,10865.0,10865.0,244.845189
2020-09-20 18:30:00,10865.01,10892.36,10864.38,10890.0,212.051743
2020-09-20 18:45:00,10890.0,10893.54,10875.87,10891.25,228.685932
2020-09-20 19:00:00,10891.25,10897.86,10883.57,10891.55,216.272406
2020-09-20 19:15:00,10891.55,10899.91,10888.19,10890.01,218.439454
2020-09-20 19:30:00,10890.01,10899.0,10864.91,10866.11,246.224437
2020-09-20 19:45:00,10865.42,10877.15,10855.16,10871.03,296.252737
2020-09-20 20:00:00,10871.03,10878.39,10857.17,10863.52,227.213162
2020-09-20 20:15:00,10863.51,10863.94,10837.85,10847.97,531.311008
2020-09-20 20:30:00,10847.97,10865.59,10842.11,10858.96,636.647791
2020-09-20 20:45:00,10858.95,10860.0,10850.0,10850.7,276.363668
2020-09-20 21:00:00,10850.7,10855.85,10824.43,10829.18,385.069039
2020-09-20 21:15:00,10829.19,10891.79,10813.51,10876.53,913.68002
2020-09-20 21:30:00,10876.53,10893.27,10876.53,10881.22,253.648682
2020-09-20 21:45:00,10881.21,10887.56,10870.35,10871.67,184.304805
2020-09-20 22:00:00,10871.66,10885.96,10832.13,10836.15,378.435472
2020-09-20 22:15:00,10836.14,10852.49,10827.26,10848.98,443.44409
2020-09-20 22:30:00,10848.97,10861.75,10837.56,10861.75,252.144663
2020-09-20 22:45:00,10861.56,10877.69,10860.73,10874.66,201.105903
2020-09-20 23:00:00,10874.66,10932.83,10874.66,10919.6,737.616536
2020-09-20 23:15:00,10919.59,10928.96,10907.79,10914.11,276.652914
2020-09-20 23:30:00,10914.11,10938.02,10898.8,10927.01,388.575437
2020-09-20 23:45:00,10927.02,10934.38,10913.29,10920.28,341.505799
2020-09-21 00:00:00,10920.28,10929.12,10894.42,10920.1,602.129147
2020-09-21 00:15:00,10920.1,10947.94,10918.06,10942.11,401.289424
2020-09-21 00:30:00,10942.12,10956.96,10931.53,10941.37,344.983379
2020-09-21 00:45:00,10941.36,10971.42,10928.37,10953.93,630.835871
2020-09-21 01:00:00,10953.94,10975.0,10941.41,10945.97,473.915194
2020-09-21 01:15:00,10945.98,10974.67,10943.55,10973.34,366.419803
2020-09-21 01:30:00,10973.11,10978.0,10960.0,10969.0,274.577
2020-09-21 01:45:00,10969.0,10969.01,10942.12,10943.91,301.995116
2020-09-21 02:00:00,10943.77,10965.95,10943.52,10965.73,306.342047
2020-09-21 02:15:00,10965.74,10970.16,10947.64,10953.63,318.947015
2020-09-21 02:30:00,10953.64,10954.58,10942.51,10946.35,291.272777
2020-09-21 02:45:00,10946.36,10950.0,10936.01,10940.27,238.310012
2020-09-21 03:00:00,10940.26,10943.89,10927.9,10932.92,233.239963
2020-09-21 03:15:00,10932.92,10947.7,10918.44,10940.0,303.427852
2020-09-21 03:30:00,10940.0,10954.13,10940.0,10946.44,262.847627
2020-09-21 03:45:00,10946.45,10963.11,10946.43,10962.76,337.471461
2020-09-21 04:00:00,10962.76,10973.72,10962.76,10969.16,308.327734
2020-09-21 04:15:00,10969.37,10985.64,10958.77,10983.02,429.870245
2020-09-21 04:30:00,10983.02,10988.86,10958.65,10963.11,307.944495
2020-09-21 04:45:00,10963.11,10966.08,10954.45,10956.75,306.955489
2020-09-21 05:00:00,10956.76,10961.18,10945.4,10951.01,220.440332
2020-09-21 05:15:00,10951.01,10956.37,10940.31,10945.51,238.507008
2020-09-21 05:30:00,10945.45,10946.66,10931.88,10943.78,377.222957
2020-09-21 05:45:00,10943.78,10961.17,10943.26,10959.75,221.463856
2020-09-21 06:00:00,10959.75,10976.36,10959.75,10968.57,388.557832
2020-09-21 06:15:00,10968.57,10973.58,10941.25,10944.24,289.602929
2020-09-21 06:30:00,10944.24,10951.28,10929.95,10938.73,334.364235
2020-09-21 06:45:00,10938.74,10948.26,10934.27,10946.2,294.27849
2020-09-21 07:00:00,10946.2,10955.11,10923.15,10928.24,326.008017
2020-09-21 07:15:00,10928.23,10930.66,10910.56,10925.0,531.892829
2020-09-21 07:30:00,10924.99,10926.57,10894.76,10915.51,661.500411
2020-09-21 07:45:00,10915.76,10919.56,10889.0,10902.58,561.940507
2020-09-21 08:00:00,10902.58,10912.62,10865.49,10878.36,764.274428
2020-09-21 08:15:00,10878.23,10878.37,10839.54,10860.62,1307.013269
2020-09-21 08:30:00,10860.63,10870.73,10831.08,10833.5,763.755749
2020-09-21 08:45:00,10833.92,10857.68,10800.0,10851.83,1294.904173
2020-09-21 09:00:00,10851.83,10860.0,10831.55,10859.52,602.783934
2020-09-21 09:15:00,10859.52,10859.53,10782.09,10789.31,901.545852
2020-09-21 09:30:00,10789.32,10811.94,10765.38,10791.76,1303.819956
2020-09-21 09:45:00,10791.77,10791.77,10688.0,10700.01,2902.655575
2020-09-21 10:00:00,10700.01,10735.0,10660.05,10673.93,2361.137891
2020-09-21 10:15:00,10674.83,10725.82,10650.0,10702.29,1398.390379
2020-09-21 10:30:00,10702.28,10722.99,10664.0,10673.39,1054.543136
2020-09-21 10:45:00,10673.39,10687.71,10635.0,10668.58,1199.757258
2020-09-21 11:00:00,10668.59,10687.86,10636.44,10673.33,937.377839
2020-09-21 11:15:00,10673.34,10673.34,10586.22,10628.9,1569.80791
2020-09-21 11:30:00,10629.16,10639.22,10580.0,10602.86,1128.779526
2020-09-21 11:45:00,10602.85,10640.0,10581.0,10636.47,1228.993581
2020-09-21 12:00:00,10636.46,10636.46,10566.16,10597.51,1415.18372
2020-09-21 12:15:00,10598.06,10611.01,10527.0,10537.64,1756.073499
2020-09-21 12:30:00,10537.64,10566.86,10503.08,10542.6,1228.629309
2020-09-21 12:45:00,10542.6,10586.17,10538.53,10570.3,752.013577
2020-09-21 13:00:00,10570.22,10635.17,10554.46,10610.6,1115.632719
2020-09-21 13:15:00,10610.6,10638.1,10586.16,10598.55,825.043923
2020-09-21 13:30:00,10598.55,10634.64,10567.42,10594.54,904.569693
2020-09-21 13:45:00,10594.29,10625.01,10583.08,10590.06,759.631197
2020-09-21 14:00:00,10590.01,10604.32,10555.05,10586.72,757.507059
2020-09-21 14:15:00,10586.73,10586.73,10480.03,10490.06,1777.063992
2020-09-21 14:30:00,10490.06,10519.84,10296.35,10371.22,4090.493923
2020-09-21 14:45:00,10371.92,10436.99,10368.71,10414.98,1836.398736
2020-09-21 15:00:00,10413.55,10452.95,10390.0,10398.82,966.497124
2020-09-21 15:15:00,10397.74,10399.98,10348.35,10390.55,1502.682161
2020-09-21 15:30:00,10390.55,10418.2,10368.69,10405.18,792.754496
2020-09-21 15:45:00,10405.19,10445.73,10402.61,10418.76,1087.744949
2020-09-21 16:00:00,10418.77,10419.83,10378.5,10380.0,1063.726335
2020-09-21 16:15:00,10380.01,10407.82,10356.54,10406.53,778.129596
2020-09-21 16:30:00,10406.53,10438.53,10403.05,10408.58,684.331594
2020-09-21 16:45:00,10407.94,10426.33,10381.0,10384.64,589.85368
2020-09-21 17:00:00,10384.64,10406.58,10370.0,10401.1,538.509864
2020-09-21 17:15:00,10400.98,10425.64,10400.11,10407.38,619.792145
2020-09-21 17:30:00,10407.23,10430.55,10400.22,10409.89,592.080021
2020-09-21 17:45:00,10409.87,10420.0,10391.85,10394.22,404.247539
2020-09-21 18:00:00,10394.22,10415.28,10392.01,10407.39,503.68576
2020-09-21 18:15:00,10407.47,10412.0,10391.21,10406.88,398.353241
2020-09-21 18:30:00,10406.87,10407.22,10374.54,10384.85,557.688754
2020-09-21 18:45:00,10384.85,10444.64,10379.23,10444.05,594.103108
2020-09-21 19:00:00,10444.02,10490.99,10435.21,10490.69,1018.930328
2020-09-21 19:15:00,10490.69,10497.69,10471.66,10479.26,625.430852
2020-09-21 19:30:00,10479.26,10482.38,10455.69,10472.07,631.142731
2020-09-21 19:45:00,10472.06,10499.0,10470.02,10498.55,579.289367
2020-09-21 20:00:00,10498.55,10499.0,10485.03,10497.58,589.008699
2020-09-21 20:15:00,10497.58,10526.84,10497.43,10516.52,624.059993
2020-09-21 20:30:00,10516.52,10533.46,10507.03,10526.02,547.933782
2020-09-21 20:45:00,10526.02,10529.7,10470.8,10477.79,551.871289
2020-09-21 21:00:00,10477.79,10496.15,10477.39,10483.75,283.221951
2020-09-21 21:15:00,10483.75,10484.44,10461.51,10472.62,281.540599
2020-09-21 21:30:00,10472.61,10519.44,10469.82,10516.11,284.768244
2020-09-21 21:45:00,10516.11,10533.42,10503.89,10504.0,374.6163
2020-09-21 22:00:00,10504.0,10505.44,10466.68,10489.91,403.33392
2020-09-21 22:15:00,10489.8,10507.9,10481.79,10500.85,297.07456
2020-09-21 22:30:00,10500.84,10533.32,10491.17,10504.87,331.001253
2020-09-21 22:45:00,10504.88,10504.89,10477.46,10478.14,339.772537
2020-09-21 23:00:00,10478.14,10488.39,10465.0,10486.35,445.209046
2020-09-21 23:15:00,10486.35,10506.17,10430.34,10458.73,482.825638
2020-09-21 23:30:00,10458.74,10477.93,10452.57,10469.5,288.443701
2020-09-21 23:45:00,10469.49,10472.0,10410.0,10417.22,605.113165
2020-09-22 00:00:00,10417.22,10477.1,10353.0,10467.86,1431.738083
2020-09-22 00:15:00,10467.85,10489.0,10457.02,10487.03,483.938251
2020-09-22 00:30:00,10487.03,10491.32,10447.15,10456.48,387.707846
2020-09-22 00:45:00,10456.47,10472.8,10447.15,10457.99,381.274535
2020-09-22 01:00:00,10457.98,10470.93,10431.21,10444.91,274.834277
2020-09-22 01:15:00,10444.91,10444.91,10406.16,10418.63,392.299101
2020-09-22 01:30:00,10418.62,10438.24,10409.69,10425.6,292.146816
2020-09-22 01:45:00,10425.6,10451.99,10423.18,10437.57,181.607729
2020-09-22 02:00:00,10437.56,10459.27,10428.45,10428.93,281.494118
2020-09-22 02:15:00,10428.93,10454.72,10422.54,10450.32,283.321361
2020-09-22 02:30:00,10450.31,10461.61,10436.62,10441.8,289.265914
2020-09-22 02:45:00,10441.8,10468.56,10430.05,10468.55,342.994735
2020-09-22 03:00:00,10468.56,10478.0,10453.38,10469.56,215.798913
2020-09-22 03:15:00,10469.57,10469.77,10445.49,10449.0,270.005055
2020-09-22 03:30:00,10449.01,10468.22,10445.93,10461.8,238.309982
2020-09-22 03:45:00,10461.8,10464.45,10436.0,10449.95,226.061176
2020-09-22 04:00:00,10449.94,10476.03,10449.94,10471.72,385.680839
2020-09-22 04:15:00,10471.72,10478.38,10467.7,10474.74,225.74892
2020-09-22 04:30:00,10474.75,10486.32,10457.01,10470.68,363.693435
2020-09-22 04:45:00,10470.68,10470.68,10450.37,10463.99,228.336691
2020-09-22 05:00:00,10463.99,10471.71,10441.97,10442.42,269.410808
2020-09-22 05:15:00,10442.42,10455.25,10441.09,10447.0,306.09302
2020-09-22 05:30:00,10447.0,10460.0,10442.53,10454.94,252.391738
2020-09-22 05:45:00,10454.75,10470.01,10454.75,10461.61,316.771678
2020-09-22 06:00:00,10461.61,10502.79,10461.61,10476.74,616.310169
2020-09-22 06:15:00,10476.74,10485.97,10441.37,10451.89,451.219685
2020-09-22 06:30:00,10451.89,10451.89,10418.2,10435.27,790.06478
2020-09-22 06:45:00,10435.27,10440.04,10402.38,10423.27,668.445705
2020-09-22 07:00:00,10423.27,10442.51,10412.28,10423.38,597.560954
2020-09-22 07:15:00,10423.53,10439.2,10410.76,10412.11,550.289315
2020-09-22 07:30:00,10412.11,10428.38,10360.0,10365.61,1151.75979
2020-09-22 07:45:00,10365.61,10390.0,10363.72,10372.9,649.621659
2020-09-22 08:00:00,10372.91,10439.98,10372.9,10434.32,741.921166
2020-09-22 08:15:00,10434.32,10447.0,10396.6,10429.77,646.817288
2020-09-22 08:30:00,10429.78,10479.7,10426.36,10448.08,834.834097
2020-09-22 08:45:00,10448.07,10463.34,10434.0,10463.18,453.765168
2020-09-22 09:00:00,10463.18,10471.0,10442.87,10452.19,461.756094
2020-09-22 09:15:00,10452.2,10458.24,10439.22,10445.04,528.929668
2020-09-22 09:30:00,10445.04,10469.0,10441.33,10455.87,377.150703
2020-09-22 09:45:00,10455.87,10465.0,10447.26,10452.03,440.201348
2020-09-22 10:00:00,10452.17,10477.18,10451.89,10454.76,688.869535
2020-09-22 10:15:00,10454.76,10457.25,10427.06,10442.32,485.362268
2020-09-22 10:30:00,10442.32,10468.63,10437.12,10465.88,351.571949
2020-09-22 10:45:00,10465.88,10469.89,10455.0,10458.4,390.195403
2020-09-22 11:00:00,10458.39,10469.47,10450.0,10455.6,343.855899
2020-09-22 11:15:00,10455.6,10491.67,10450.17,10484.57,406.366581
2020-09-22 11:30:00,10484.56,10503.0,10466.95,10473.98,715.081371
2020-09-22 11:45:00,10474.07,10480.0,10441.05,10452.26,519.747397
2020-09-22 12:00:00,10452.11,10460.8,10438.25,10446.26,433.646403
2020-09-22 12:15:00,10446.25,10453.83,10416.0,10450.03,511.97131
2020-09-22 12:30:00,10450.03,10486.64,10449.4,10483.68,494.984144
2020-09-22 12:45:00,10483.69,10495.17,10473.34,10487.47,631.924709
2020-09-22 13:00:00,10486.88,10520.0,10470.0,10478.66,864.088997
2020-09-22 13:15:00,10478.66,10519.0,10474.68,10507.37,525.157878
2020-09-22 13:30:00,10507.37,10507.45,10474.38,10486.99,682.230461
2020-09-22 13:45:00,10486.99,10494.26,10456.68,10473.43,557.145163
2020-09-22 14:00:00,10473.43,10497.58,10465.0,10491.13,418.420974
2020-09-22 14:15:00,10491.14,10505.01,10480.01,10504.0,454.789236
2020-09-22 14:30:00,10504.0,10506.6,10471.0,10473.25,568.391528
2020-09-22 14:45:00,10473.24,10479.35,10439.25,10439.25,713.462711
2020-09-22 15:00:00,10439.25,10474.34,10420.0,10466.88,866.250548
2020-09-22 15:15:00,10466.87,10470.16,10446.59,10461.0,489.288536
2020-09-22 15:30:00,10461.24,10467.66,10437.27,10450.65,429.191646
2020-09-22 15:45:00,10450.66,10463.55,10446.08,10451.07,403.649979
2020-09-22 16:00:00,10451.06,10486.78,10450.02,10469.9,600.966341
2020-09-22 16:15:00,10469.9,10490.49,10466.84,10481.11,491.628476
2020-09-22 16:30:00,10481.11,10483.75,10464.56,10473.94,546.447335
2020-09-22 16:45:00,10473.94,10476.0,10450.0,10455.13,395.048459
2020-09-22 17:00:00,10454.88,10465.69,10447.53,10462.91,423.55281
2020-09-22 17:15:00,10462.78,10478.5,10454.88,10469.0,335.639746
2020-09-22 17:30:00,10469.24,10475.21,10448.34,10475.09,394.945027
2020-09-22 17:45:00,10475.1,10492.0,10475.1,10491.0,518.227638
2020-09-22 18:00:00,10490.99,10505.57,10486.16,10504.0,616.784795
2020-09-22 18:15:00,10504.0,10505.54,10490.0,10505.0,421.046975
2020-09-22 18:30:00,10505.0,10506.22,10485.0,10489.12,388.556876
2020-09-22 18:45:00,10489.11,10494.77,10484.34,10489.25,370.10886
2020-09-22 19:00:00,10489.25,10494.49,10475.99,10477.64,296.168919
2020-09-22 19:15:00,10477.64,10485.0,10473.93,10481.07,313.638711
2020-09-22 19:30:00,10481.06,10482.86,10467.36,10470.19,252.286606
2020-09-22 19:45:00,10470.2,10495.04,10468.44,10491.97,335.959318
2020-09-22 20:00:00,10491.98,10498.1,10488.91,10491.94,243.742178
2020-09-22 20:15:00,10491.95,10491.95,10480.0,10489.0,325.839998
2020-09-22 20:30:00,10489.01,10506.22,10489.0,10501.3,442.944978
2020-09-22 20:45:00,10501.31,10516.67,10501.3,10512.77,259.528004
2020-09-22 21:00:00,10512.69,10572.71,10453.0,10493.15,1404.685236
2020-09-22 21:15:00,10493.13,10536.36,10489.73,10526.62,426.985036
2020-09-22 21:30:00,10526.62,10571.68,10525.53,10539.27,413.939602
2020-09-22 21:45:00,10539.13,10556.65,10528.17,10547.17,319.640612
2020-09-22 22:00:00,10547.17,10552.98,10517.13,10524.16,388.263802
2020-09-22 22:15:00,10524.15,10526.99,10505.2,10512.64,210.748551
2020-09-22 22:30:00,10512.65,10525.36,10500.0,10520.76,354.009256
2020-09-22 22:45:00,10520.75,10521.11,10494.49,10508.4,271.860632
2020-09-22 23:00:00,10508.4,10522.55,10500.41,10520.01,198.86392
2020-09-22 23:15:00,10520.0,10522.72,10506.88,10510.2,237.323606
2020-09-22 23:30:00,10510.19,10512.75,10494.15,10504.14,270.95994
2020-09-22 23:45:00,10504.05,10536.58,10500.47,10529.61,293.675997
2020-09-23 00:00:00,10529.61,10533.84,10512.0,10514.83,250.488412
2020-09-23 00:15:00,10514.83,10533.94,10512.62,10530.35,227.234257
2020-09-23 00:30:00,10530.36,10532.75,10515.33,10517.76,345.946322
2020-09-23 00:45:00,10517.76,10519.75,10500.25,10510.73,276.412769
2020-09-23 01:00:00,10510.73,10525.02,10503.42,10509.55,223.590822
2020-09-23 01:15:00,10509.74,10526.71,10509.74,10520.88,205.081598
2020-09-23 01:30:00,10520.88,10523.38,10508.43,10512.37,253.980554
2020-09-23 01:45:00,10512.37,10518.41,10504.0,10515.02,163.915659
2020-09-23 02:00:00,10515.02,10527.7,10513.33,10516.29,157.399898
2020-09-23 02:15:00,10516.3,10516.49,10506.0,10507.34,195.051121
2020-09-23 02:30:00,10507.35,10517.5,10501.93,10505.17,172.415463
2020-09-23 02:45:00,10505.17,10520.0,10503.03,10513.93,171.574652
2020-09-23 03:00:00,10513.94,10516.03,10484.29,10484.3,339.662418
2020-09-23 03:15:00,10484.53,10499.46,10479.65,10492.19,625.960764
2020-09-23 03:30:00,10492.26,10504.73,10479.77,10484.8,346.757412
2020-09-23 03:45:00,10484.8,10493.92,10471.72,10476.01,352.435739
2020-09-23 04:00:00,10476.0,10485.2,10470.63,10475.3,411.691943
2020-09-23 04:15:00,10475.29,10475.57,10455.79,10455.88,407.007478
2020-09-23 04:30:00,10455.89,10478.0,10441.91,10466.46,462.049548
2020-09-23 04:45:00,10466.46,10472.05,10452.7,10470.32,458.196721
2020-09-23 05:00:00,10470.33,10477.87,10451.33,10476.84,482.8054
2020-09-23 05:15:00,10476.84,10488.0,10473.41,10487.25,335.730274
2020-09-23 05:30:00,10487.25,10490.84,10484.15,10489.58,241.127581
2020-09-23 05:45:00,10489.58,10489.59,10468.79,10473.22,391.516805
2020-09-23 06:00:00,10473.21,10478.91,10447.0,10449.26,457.723398
2020-09-23 06:15:00,10449.33,10449.7,10403.0,10430.26,858.169016
2020-09-23 06:30:00,10430.06,10451.15,10418.24,10436.25,419.573018
2020-09-23 06:45:00,10436.24,10448.51,10425.19,10436.48,350.506179
2020-09-23 07:00:00,10436.49,10442.55,10412.61,10430.24,643.663703
2020-09-23 07:15:00,10430.24,10430.24,10380.47,10387.1,939.509048
2020-09-23 07:30:00,10387.1,10420.0,10384.1,10419.18,846.04378
2020-09-23 07:45:00,10419.18,10435.0,10406.81,10428.64,555.236354
2020-09-23 08:00:00,10428.63,10432.0,10403.95,10416.64,543.618506
2020-09-23 08:15:00,10416.63,10458.97,10413.23,10443.51,564.540317
2020-09-23 08:30:00,10443.51,10457.2,10442.34,10443.7,452.242595
2020-09-23 08:45:00,10443.71,10464.84,10434.56,10448.54,607.682612
2020-09-23 09:00:00,10448.46,10478.93,10441.4,10461.85,815.053696
2020-09-23 09:15:00,10461.85,10478.74,10450.67,10451.51,466.706185
2020-09-23 09:30:00,10451.51,10462.2,10445.29,10454.54,307.253731
2020-09-23 09:45:00,10454.54,10494.22,10453.0,10481.82,526.203546
2020-09-23 10:00:00,10481.68,10486.24,10470.78,10474.3,356.333653
2020-09-23 10:15:00,10474.31,10474.6,10460.0,10469.72,308.48013
2020-09-23 10:30:00,10469.72,10482.12,10463.97,10465.49,352.499947
2020-09-23 10:45:00,10465.5,10488.25,10460.0,10488.0,458.895577
2020-09-23 11:00:00,10487.99,10496.2,10475.41,10482.83,555.301125
2020-09-23 11:15:00,10482.82,10485.4,10470.0,10470.32,342.542124
2020-09-23 11:30:00,10470.31,10490.0,10470.25,10488.37,434.734233
2020-09-23 11:45:00,10488.37,10490.73,10470.34,10474.45,328.378461
2020-09-23 12:00:00,10474.46,10481.39,10463.69,10477.22,283.325348
2020-09-23 12:15:00,10477.22,10503.36,10477.16,10503.33,480.413974
2020-09-23 12:30:00,10503.33,10520.0,10495.0,10514.93,690.373051
2020-09-23 12:45:00,10514.93,10515.95,10493.61,10505.43,410.062712
2020-09-23 13:00:00,10505.43,10515.11,10492.16,10499.38,425.002598
2020-09-23 13:15:00,10499.38,10519.87,10499.38,10513.51,504.988445
2020-09-23 13:30:00,10513.51,10537.15,10509.5,10525.26,745.442108
2020-09-23 13:45:00,10525.27,10529.59,10495.52,10495.85,580.111732
2020-09-23 14:00:00,10495.84,10502.0,10470.2,10470.62,711.446898
2020-09-23 14:15:00,10470.62,10482.26,10461.89,10477.06,628.059977
2020-09-23 14:30:00,10477.06,10487.71,10461.0,10486.23,404.694671
2020-09-23 14:45:00,10486.24,10487.08,10465.0,10471.89,351.040213
2020-09-23 15:00:00,10471.88,10485.31,10470.99,10475.12,302.86935
2020-09-23 15:15:00,10475.12,10490.0,10458.74,10458.74,448.201759
2020-09-23 15:30:00,10458.73,10468.58,10451.06,10466.13,460.063665
2020-09-23 15:45:00,10466.13,10466.13,10444.41,10453.2,441.575538
2020-09-23 16:00:00,10453.02,10469.36,10446.84,10453.83,340.909074
2020-09-23 16:15:00,10453.83,10464.38,10449.22,10460.04,560.525922
2020-09-23 16:30:00,10460.04,10494.72,10456.7,10493.58,440.502411
2020-09-23 16:45:00,10493.58,10494.71,10477.89,10486.2,421.789803
2020-09-23 17:00:00,10486.2,10487.51,10476.0,10476.12,339.504862
2020-09-23 17:15:00,10476.11,10485.0,10470.0,10477.8,368.420744
2020-09-23 17:30:00,10477.79,10489.73,10468.04,10468.21,480.668385
2020-09-23 17:45:00,10468.21,10475.68,10455.26,10455.89,322.488976
2020-09-23 18:00:00,10455.89,10463.7,10447.58,10463.54,398.787581
2020-09-23 18:15:00,10463.54,10463.55,10424.24,10438.93,711.709556
2020-09-23 18:30:00,10438.77,10442.95,10422.36,10423.47,435.626044
2020-09-23 18:45:00,10423.47,10435.0,10406.95,10409.14,520.452696
2020-09-23 19:00:00,10409.14,10414.93,10255.53,10320.46,3490.844237
2020-09-23 19:15:00,10320.46,10327.08,10280.06,10326.79,1435.972185
2020-09-23 19:30:00,10326.79,10326.79,10295.28,10320.53,729.05776
2020-09-23 19:45:00,10320.52,10321.82,10278.02,10293.0,1194.427384
2020-09-23 20:00:00,10293.0,10324.3,10286.59,10312.21,712.730265
2020-09-23 20:15:00,10312.21,10318.58,10264.02,10296.64,873.468287
2020-09-23 20:30:00,10296.63,10301.77,10218.85,10229.85,2176.308803
2020-09-23 20:45:00,10229.85,10231.76,10136.82,10230.39,2761.400513
2020-09-23 21:00:00,10230.4,10286.85,10230.4,10260.07,968.350611
2020-09-23 21:15:00,10260.25,10261.99,10220.0,10235.05,312.188231
2020-09-23 21:30:00,10234.85,10265.0,10205.76,10242.06,331.590806
2020-09-23 21:45:00,10242.06,10281.87,10238.96,10252.22,405.811497
2020-09-23 22:00:00,10252.37,10299.95,10246.46,10281.0,529.909918
2020-09-23 22:15:00,10281.0,10288.97,10250.81,10271.55,457.881432
2020-09-23 22:30:00,10271.54,10278.21,10241.72,10245.98,411.483221
2020-09-23 22:45:00,10245.98,10278.41,10245.86,10270.04,335.526213
2020-09-23 23:00:00,10270.04,10272.86,10238.52,10250.46,265.347705
2020-09-23 23:15:00,10250.46,10253.72,10211.0,10213.22,420.924068
2020-09-23 23:30:00,10213.22,10243.18,10211.0,10240.87,402.255269
2020-09-23 23:45:00,10240.87,10255.7,10227.37,10241.46,463.107037
2020-09-24 00:00:00,10241.46,10245.25,10190.93,10235.14,700.439205
2020-09-24 00:15:00,10235.14,10285.0,10235.14,10278.0,659.583683
2020-09-24 00:30:00,10277.99,10294.74,10271.0,10287.62,349.311699
2020-09-24 00:45:00,10287.62,10300.0,10273.58,10290.84,703.464864
2020-09-24 01:00:00,10290.85,10316.74,10275.84,10303.24,470.724016
2020-09-24 01:15:00,10303.25,10309.07,10291.75,10301.32,264.905002
2020-09-24 01:30:00,10301.32,10315.91,10286.69,10289.39,325.638752
2020-09-24 01:45:00,10289.38,10298.06,10278.95,10285.86,340.136353
2020-09-24 02:00:00,10285.69,10310.78,10279.54,10307.53,323.490998
2020-09-24 02:15:00,10307.52,10320.62,10307.01,10316.63,456.386835
2020-09-24 02:30:00,10316.63,10344.64,10293.55,10301.08,493.766069
2020-09-24 02:45:00,10301.09,10302.78,10285.0,10290.11,381.308236
2020-09-24 03:00:00,10290.11,10310.0,10289.12,10306.75,288.688723
2020-09-24 03:15:00,10306.75,10319.76,10306.5,10312.42,228.427596
2020-09-24 03:30:00,10312.42,10326.28,10306.16,10306.79,204.04647
2020-09-24 03:45:00,10306.79,10308.65,10297.38,10301.75,220.165341
2020-09-24 04:00:00,10301.75,10319.0,10298.1,10298.75,499.113317
2020-09-24 04:15:00,10298.74,10311.75,10296.99,10306.08,277.662611
2020-09-24 04:30:00,10305.99,10309.9,10280.0,10284.32,457.767764
2020-09-24 04:45:00,10284.32,10290.9,10280.0,10281.02,360.38832
2020-09-24 05:00:00,10281.02,10290.99,10277.42,10283.0,406.004792
2020-09-24 05:15:00,10283.01,10302.62,10276.18,10297.01,174.619582
2020-09-24 05:30:00,10297.01,10304.33,10276.46,10276.81,333.668891
2020-09-24 05:45:00,10276.81,10290.0,10271.0,10289.64,330.114536
2020-09-24 06:00:00,10289.64,10322.18,10289.64,10321.17,399.095111
2020-09-24 06:15:00,10321.16,10321.17,10307.31,10308.8,347.336621
2020-09-24 06:30:00,10308.71,10312.95,10294.86,10296.13,278.779452
2020-09-24 06:45:00,10296.12,10301.69,10285.33,10289.78,361.952061
2020-09-24 07:00:00,10289.79,10314.92,10289.62,10308.69,359.795407
2020-09-24 07:15:00,10308.4,10318.78,10295.12,10303.27,575.968099
2020-09-24 07:30:00,10303.26,10325.17,10297.75,10322.47,481.027344
2020-09-24 07:45:00,10322.48,10356.47,10315.0,10341.68,757.283346
2020-09-24 08:00:00,10341.69,10351.48,10317.86,10319.62,567.438239
2020-09-24 08:15:00,10319.38,10328.74,10316.6,10327.95,366.576348
2020-09-24 08:30:00,10327.96,10345.13,10323.24,10325.95,379.539
2020-09-24 08:45:00,10326.07,10326.07,10305.01,10315.83,365.94429
2020-09-24 09:00:00,10315.82,10318.63,10283.89,10293.78,549.253268
2020-09-24 09:15:00,10293.56,10309.01,10287.3,10305.44,470.84236
2020-09-24 09:30:00,10305.43,10309.0,10290.0,10305.1,436.529
2020-09-24 09:45:00,10305.1,10335.55,10305.1,10322.85,515.172041
2020-09-24 10:00:00,10322.85,10335.84,10319.14,10330.59,522.592842
2020-09-24 10:15:00,10330.58,10331.51,10320.29,10325.74,344.585898
2020-09-24 10:30:00,10325.74,10331.78,10312.91,10322.2,388.435436
2020-09-24 10:45:00,10322.2,10376.41,10316.69,10372.31,762.663032
2020-09-24 11:00:00,10372.31,10440.0,10362.71,10404.97,1768.95135
2020-09-24 11:15:00,10404.98,10424.72,10387.96,10399.68,694.045999
2020-09-24 11:30:00,10399.68,10411.66,10391.64,10401.64,551.501288
2020-09-24 11:45:00,10401.63,10416.31,10399.14,10410.01,410.959908
2020-09-24 12:00:00,10410.0,10424.99,10381.15,10393.35,646.80554
2020-09-24 12:15:00,10393.35,10419.08,10393.35,10410.68,483.067046
2020-09-24 12:30:00,10410.68,10412.63,10375.51,10377.04,540.063328
2020-09-24 12:45:00,10377.04,10397.06,10364.57,10377.47,589.304493
2020-09-24 13:00:00,10377.47,10395.36,10370.87,10389.0,512.978615
2020-09-24 13:15:00,10389.01,10389.81,10360.28,10377.66,473.670624
2020-09-24 13:30:00,10377.67,10399.0,10331.93,10343.78,1091.629348
2020-09-24 13:45:00,10343.78,10379.44,10334.56,10377.22,788.877354
2020-09-24 14:00:00,10377.22,10414.71,10377.22,10402.27,883.910748
2020-09-24 14:15:00,10402.27,10421.01,10385.28,10390.0,546.861632
2020-09-24 14:30:00,10390.0,10392.0,10369.57,10372.79,522.395057
2020-09-24 14:45:00,10372.79,10408.98,10371.8,10407.07,554.266382
2020-09-24 15:00:00,10406.97,10415.01,10390.66,10412.7,567.558408
2020-09-24 15:15:00,10412.71,10470.73,10405.37,10442.46,1228.354189
2020-09-24 15:30:00,10442.46,10498.0,10442.45,10492.29,1238.39971
2020-09-24 15:45:00,10492.29,10557.19,10490.59,10545.36,1816.149399
2020-09-24 16:00:00,10545.07,10743.59,10540.02,10633.97,3623.730288
2020-09-24 16:15:00,10633.97,10656.99,10596.93,10625.9,1420.987396
2020-09-24 16:30:00,10626.22,10644.77,10620.81,10639.19,785.068267
2020-09-24 16:45:00,10639.2,10674.8,10623.66,10672.2,849.564396
2020-09-24 17:00:00,10672.2,10688.88,10639.63,10669.98,1072.809097
2020-09-24 17:15:00,10669.98,10712.97,10656.25,10693.59,1004.239137
2020-09-24 17:30:00,10693.6,10709.74,10680.1,10689.72,819.642147
2020-09-24 17:45:00,10690.08,10701.0,10652.0,10657.9,702.950043
2020-09-24 18:00:00,10657.9,10684.2,10646.67,10652.12,593.269447
2020-09-24 18:15:00,10652.0,10658.9,10630.76,10636.04,636.414941
2020-09-24 18:30:00,10635.95,10656.3,10635.81,10650.0,631.982409
2020-09-24 18:45:00,10650.01,10650.11,10607.12,10612.61,618.055639
2020-09-24 19:00:00,10612.62,10639.79,10612.62,10634.45,527.102662
2020-09-24 19:15:00,10634.45,10634.45,10595.46,10601.83,633.711862
2020-09-24 19:30:00,10601.83,10664.29,10600.5,10642.36,664.473679
2020-09-24 19:45:00,10642.35,10667.55,10633.18,10653.82,705.475157
2020-09-24 20:00:00,10653.87,10667.17,10640.76,10661.9,459.794845
2020-09-24 20:15:00,10661.9,10663.28,10646.0,10646.07,322.976391
2020-09-24 20:30:00,10646.07,10665.99,10631.63,10631.63,487.376017
2020-09-24 20:45:00,10631.71,10639.25,10624.4,10626.73,441.845991
2020-09-24 21:00:00,10626.61,10678.0,10621.0,10652.8,402.552961
2020-09-24 21:15:00,10652.81,10660.0,10645.15,10646.47,298.30933
2020-09-24 21:30:00,10646.85,10647.53,10636.0,10636.19,205.89717
2020-09-24 21:45:00,10636.2,10655.04,10634.0,10647.25,223.826531
2020-09-24 22:00:00,10647.25,10660.03,10605.0,10660.0,371.581592
2020-09-24 22:15:00,10660.0,10709.0,10657.96,10691.18,670.296613
2020-09-24 22:30:00,10691.18,10694.52,10673.16,10673.74,351.167155
2020-09-24 22:45:00,10673.73,10795.24,10671.51,10762.4,1631.722298
2020-09-24 23:00:00,10762.39,10768.99,10719.13,10729.86,911.184136
2020-09-24 23:15:00,10729.86,10746.9,10728.24,10742.98,516.061356
2020-09-24 23:30:00,10742.98,10746.62,10732.51,10733.28,317.142398
2020-09-24 23:45:00,10733.28,10739.65,10720.0,10736.32,385.024808
2020-09-25 00:00:00,10736.33,10760.53,10701.0,10703.25,795.561784
2020-09-25 00:15:00,10703.24,10722.54,10698.0,10705.94,480.426701
2020-09-25 00:30:00,10705.79,10708.88,10692.38,10706.41,362.808126
2020-09-25 00:45:00,10706.41,10715.0,10696.27,10711.94,327.85693
2020-09-25 01:00:00,10711.93,10727.81,10700.5,10713.35,328.562142
2020-09-25 01:15:00,10713.26,10730.82,10713.06,10724.41,195.934735
2020-09-25 01:30:00,10724.41,10724.83,10684.52,10689.23,408.823768
2020-09-25 01:45:00,10689.24,10698.76,10684.03,10690.98,331.454468
2020-09-25 02:00:00,10690.98,10709.43,10685.57,10704.64,333.081049
2020-09-25 02:15:00,10704.64,10711.07,10690.86,10703.0,321.519091
2020-09-25 02:30:00,10703.0,10727.2,10690.8,10715.48,323.326602
2020-09-25 02:45:00,10715.46,10718.09,10709.59,10710.64,382.110002
2020-09-25 03:00:00,10710.64,10712.35,10697.46,10698.17,399.866006
2020-09-25 03:15:00,10698.16,10719.89,10693.89,10714.11,325.266093
2020-09-25 03:30:00,10714.12,10720.0,10687.21,10689.09,304.134344
2020-09-25 03:45:00,10689.35,10698.06,10663.14,10667.47,359.169407
2020-09-25 04:00:00,10667.47,10678.92,10655.74,10675.99,426.283702
2020-09-25 04:15:00,10675.98,10691.73,10665.17,10691.72,291.923645
2020-09-25 04:30:00,10691.72,10693.99,10684.06,10684.31,189.556403
2020-09-25 04:45:00,10684.31,10688.41,10676.04,10677.05,229.192381
2020-09-25 05:00:00,10677.05,10677.05,10655.65,10663.42,386.347786
2020-09-25 05:15:00,10663.42,10682.23,10661.12,10679.23,251.476114
2020-09-25 05:30:00,10679.23,10681.98,10657.27,10662.34,288.003276
2020-09-25 05:45:00,10662.34,10662.91,10640.75,10648.9,456.803879
2020-09-25 06:00:00,10648.9,10661.35,10640.27,10640.4,354.248266
2020-09-25 06:15:00,10640.4,10661.86,10614.58,10658.92,601.477087
2020-09-25 06:30:00,10658.92,10663.27,10642.26,10648.98,328.749544
2020-09-25 06:45:00,10648.97,10695.0,10648.8,10691.87,433.237578
2020-09-25 07:00:00,10691.96,10702.57,10666.17,10696.02,605.842232
2020-09-25 07:15:00,10696.01,10702.96,10684.73,10691.07,399.351
2020-09-25 07:30:00,10691.07,10703.12,10683.62,10703.0,524.837329
2020-09-25 07:45:00,10703.0,10703.0,10684.1,10686.94,533.944376
2020-09-25 08:00:00,10686.93,10686.94,10655.85,10663.14,690.595711
2020-09-25 08:15:00,10663.15,10672.89,10653.79,10663.16,442.493119
2020-09-25 08:30:00,10663.16,10663.17,10615.85,10616.36,1097.713971
2020-09-25 08:45:00,10616.94,10633.99,10572.0,10599.69,1906.525959
2020-09-25 09:00:00,10599.8,10647.96,10592.03,10626.84,1104.544054
2020-09-25 09:15:00,10626.84,10637.82,10605.31,10620.72,638.478913
2020-09-25 09:30:00,10620.72,10624.08,10556.66,10576.1,829.011656
2020-09-25 09:45:00,10576.09,10595.06,10557.23,10593.82,650.060695
2020-09-25 10:00:00,10593.82,10608.0,10580.0,10604.99,591.296731
2020-09-25 10:15:00,10604.62,10622.98,10591.44,10596.05,430.339012
2020-09-25 10:30:00,10596.05,10604.97,10585.45,10600.66,320.920745
2020-09-25 10:45:00,10600.65,10608.98,10587.44,10591.75,442.547502
2020-09-25 11:00:00,10591.76,10593.22,10567.81,10593.22,557.99866
2020-09-25 11:15:00,10593.21,10618.9,10593.21,10611.21,606.480538
2020-09-25 11:30:00,10611.2,10646.34,10589.67,10643.0,1246.949859
2020-09-25 11:45:00,10643.05,10650.0,10630.0,10630.0,1030.287492
2020-09-25 12:00:00,10630.0,10684.09,10620.0,10652.22,805.303092
2020-09-25 12:15:00,10652.22,10660.46,10603.28,10607.18,555.70201
2020-09-25 12:30:00,10607.16,10621.2,10585.57,10609.83,570.16034
2020-09-25 12:45:00,10609.83,10628.77,10607.79,10615.48,357.892142
2020-09-25 13:00:00,10615.48,10641.49,10610.71,10635.58,441.685964
2020-09-25 13:15:00,10635.58,10640.78,10610.97,10611.85,328.390893
2020-09-25 13:30:00,10611.79,10638.0,10598.12,10628.36,619.711654
2020-09-25 13:45:00,10628.36,10630.0,10585.0,10611.13,573.611512
2020-09-25 14:00:00,10611.59,10613.86,10556.24,10580.27,1089.152019
2020-09-25 14:15:00,10580.26,10615.8,10572.11,10613.88,757.885244
2020-09-25 14:30:00,10613.88,10635.0,10604.24,10627.39,631.537802
2020-09-25 14:45:00,10627.39,10633.68,10616.33,10629.56,509.654243
2020-09-25 15:00:00,10629.55,10639.9,10564.57,10634.67,1284.124895
2020-09-25 15:15:00,10634.61,10657.58,10625.0,10650.83,603.897898
2020-09-25 15:30:00,10650.82,10669.9,10636.84,10655.12,723.526588
2020-09-25 15:45:00,10655.12,10658.26,10640.71,10647.61,467.262331
2020-09-25 16:00:00,10647.62,10668.95,10628.1,10661.01,534.698635
2020-09-25 16:15:00,10661.0,10668.51,10642.44,10644.22,542.324906
2020-09-25 16:30:00,10644.22,10646.52,10625.16,10637.48,295.051493
2020-09-25 16:45:00,10637.47,10651.59,10637.41,10651.34,232.06926
2020-09-25 17:00:00,10651.35,10662.49,10635.38,10658.15,398.270109
2020-09-25 17:15:00,10658.16,10668.54,10652.36,10656.69,380.897139
2020-09-25 17:30:00,10656.7,10715.64,10648.44,10711.37,911.131457
2020-09-25 17:45:00,10711.88,10718.97,10688.0,10696.13,747.06255
2020-09-25 18:00:00,10696.13,10738.69,10696.03,10734.78,668.218208
2020-09-25 18:15:00,10734.79,10744.18,10725.47,10726.65,669.429167
2020-09-25 18:30:00,10726.65,10729.63,10690.9,10690.99,410.072311
2020-09-25 18:45:00,10691.0,10710.12,10690.99,10705.38,349.003217
2020-09-25 19:00:00,10705.38,10720.7,10696.11,10697.34,409.923887
2020-09-25 19:15:00,10697.35,10714.95,10686.43,10708.89,396.930846
2020-09-25 19:30:00,10708.89,10708.89,10683.16,10695.38,290.859281
2020-09-25 19:45:00,10695.38,10725.17,10688.76,10718.31,485.957288
2020-09-25 20:00:00,10718.43,10732.69,10718.19,10730.14,437.010003
2020-09-25 20:15:00,10730.22,10749.99,10727.57,10748.91,548.588242
2020-09-25 20:30:00,10749.4,10754.21,10715.09,10716.25,567.522789
2020-09-25 20:45:00,10716.25,10722.83,10705.0,10707.81,334.092087
2020-09-25 21:00:00,10707.81,10715.36,10700.87,10714.53,250.58552
2020-09-25 21:15:00,10714.53,10732.75,10711.15,10730.23,186.698625
2020-09-25 21:30:00,10730.17,10743.47,10726.42,10734.16,178.808959
2020-09-25 21:45:00,10734.17,10746.8,10733.32,10745.86,205.014091
2020-09-25 22:00:00,10745.87,10750.01,10701.71,10715.45,360.312318
2020-09-25 22:15:00,10715.46,10718.59,10690.06,10710.44,338.541999
2020-09-25 22:30:00,10710.44,10725.18,10701.06,10722.0,219.499186
2020-09-25 22:45:00,10722.0,10722.59,10662.84,10685.94,483.450617
2020-09-25 23:00:00,10685.83,10698.13,10650.0,10665.28,396.472147
2020-09-25 23:15:00,10665.28,10679.46,10664.75,10671.85,229.672344
2020-09-25 23:30:00,10671.85,10693.35,10662.0,10677.74,240.272456
2020-09-25 23:45:00,10677.74,10688.48,10674.47,10686.67,215.756781
2020-09-26 00:00:00,10686.57,10705.7,10677.19,10703.69,374.644493
2020-09-26 00:15:00,10704.16,10706.35,10663.46,10671.78,298.785211
2020-09-26 00:30:00,10671.78,10683.0,10670.98,10673.01,215.404034
2020-09-26 00:45:00,10673.0,10673.0,10649.86,10649.86,291.464983
2020-09-26 01:00:00,10649.87,10678.38,10644.68,10669.07,253.573784
2020-09-26 01:15:00,10669.06,10686.13,10667.38,10667.38,220.742848
2020-09-26 01:30:00,10667.38,10687.62,10667.38,10682.08,203.002436
2020-09-26 01:45:00,10682.08,10700.1,10682.08,10690.05,250.595571
2020-09-26 02:00:00,10690.2,10698.18,10676.73,10680.63,176.72276
2020-09-26 02:15:00,10680.63,10693.38,10676.94,10691.45,240.548859
2020-09-26 02:30:00,10691.54,10715.25,10686.43,10712.04,312.411832
2020-09-26 02:45:00,10712.28,10722.96,10704.82,10707.24,254.189803
2020-09-26 03:00:00,10707.25,10726.19,10701.84,10726.18,226.067519
2020-09-26 03:15:00,10726.18,10726.56,10714.41,10722.23,247.019335
2020-09-26 03:30:00,10722.23,10746.66,10707.89,10711.61,330.7688
2020-09-26 03:45:00,10711.67,10719.56,10700.3,10704.86,226.58819
2020-09-26 04:00:00,10704.85,10712.45,10687.38,10695.16,224.690775
2020-09-26 04:15:00,10695.15,10704.4,10689.94,10692.98,181.478315
2020-09-26 04:30:00,10692.98,10721.84,10692.98,10720.33,181.452191
2020-09-26 04:45:00,10720.33,10737.11,10714.34,10735.04,275.803117
2020-09-26 05:00:00,10734.77,10745.13,10725.18,10731.56,287.26488
2020-09-26 05:15:00,10731.56,10737.17,10720.01,10734.34,242.690548
2020-09-26 05:30:00,10734.34,10750.0,10720.41,10723.12,335.604046
2020-09-26 05:45:00,10723.13,10820.94,10700.5,10727.14,1541.336094
2020-09-26 06:00:00,10727.14,10764.0,10720.63,10753.13,567.420469
2020-09-26 06:15:00,10753.03,10765.47,10747.63,10764.04,425.212956
2020-09-26 06:30:00,10764.04,10766.0,10743.33,10753.15,391.126476
2020-09-26 06:45:00,10753.16,10754.35,10726.4,10732.31,310.090686
2020-09-26 07:00:00,10732.43,10739.35,10714.0,10717.17,428.483026
2020-09-26 07:15:00,10717.19,10722.86,10707.68,10720.99,366.810688
2020-09-26 07:30:00,10720.99,10724.4,10690.0,10693.82,399.154289
2020-09-26 07:45:00,10693.82,10712.34,10689.01,10705.84,349.724824
2020-09-26 08:00:00,10705.84,10712.7,10690.9,10712.01,355.804572
2020-09-26 08:15:00,10712.01,10713.62,10687.0,10688.7,321.564637
2020-09-26 08:30:00,10688.69,10699.22,10668.0,10671.07,529.202656
2020-09-26 08:45:00,10671.07,10691.21,10668.72,10691.0,232.843279
2020-09-26 09:00:00,10691.0,10698.6,10673.53,10675.21,335.78251
2020-09-26 09:15:00,10675.21,10693.69,10669.61,10685.89,361.163065
2020-09-26 09:30:00,10685.9,10706.63,10684.71,10701.0,429.143278
2020-09-26 09:45:00,10700.99,10710.0,10691.04,10694.11,209.135564
2020-09-26 10:00:00,10694.12,10698.13,10689.65,10690.81,143.559818
2020-09-26 10:15:00,10690.82,10693.34,10661.7,10683.75,310.559832
2020-09-26 10:30:00,10683.76,10724.0,10683.33,10717.61,420.582735
2020-09-26 10:45:00,10717.61,10728.77,10713.41,10721.4,310.736524
2020-09-26 11:00:00,10721.4,10728.59,10711.61,10712.18,294.396634
2020-09-26 11:15:00,10712.18,10717.79,10708.75,10716.0,187.52477
2020-09-26 11:30:00,10715.99,10718.33,10697.31,10699.45,198.622083
2020-09-26 11:45:00,10699.45,10711.17,10696.97,10709.94,236.911445
2020-09-26 12:00:00,10709.93,10709.94,10676.97,10690.13,312.231662
2020-09-26 12:15:00,10690.19,10702.6,10678.94,10691.77,347.754971
2020-09-26 12:30:00,10691.76,10691.76,10666.21,10675.66,376.519694
2020-09-26 12:45:00,10675.66,10693.93,10669.61,10686.37,300.759845
2020-09-26 13:00:00,10686.36,10686.36,10668.15,10673.2,420.353125
2020-09-26 13:15:00,10673.19,10699.0,10673.19,10687.51,335.67101
2020-09-26 13:30:00,10687.59,10698.29,10678.71,10679.39,254.386071
2020-09-26 13:45:00,10679.4,10684.44,10671.9,10672.0,278.000712
2020-09-26 14:00:00,10672.0,10726.01,10664.97,10717.65,525.094414
2020-09-26 14:15:00,10717.65,10727.0,10712.05,10727.0,289.233727
2020-09-26 14:30:00,10727.08,10730.0,10708.72,10715.99,252.591609
2020-09-26 14:45:00,10715.99,10718.56,10706.65,10706.65,225.900191
2020-09-26 15:00:00,10706.66,10712.29,10704.32,10708.94,205.080891
2020-09-26 15:15:00,10708.95,10724.0,10708.94,10720.34,209.208276
2020-09-26 15:30:00,10720.15,10742.02,10714.83,10715.25,387.977427
2020-09-26 15:45:00,10715.25,10723.29,10714.0,10721.0,205.546822
2020-09-26 16:00:00,10721.0,10723.0,10682.78,10693.64,330.025478
2020-09-26 16:15:00,10693.63,10720.0,10687.27,10714.0,378.409311
2020-09-26 16:30:00,10714.0,10735.0,10706.25,10727.49,373.580764
2020-09-26 16:45:00,10727.5,10749.37,10719.55,10749.19,374.426047
2020-09-26 17:00:00,10749.19,10750.0,10731.14,10731.17,333.373262
2020-09-26 17:15:00,10731.56,10739.29,10721.0,10734.16,241.720508
2020-09-26 17:30:00,10734.17,10744.88,10725.01,10727.36,256.887762
2020-09-26 17:45:00,10727.35,10750.0,10723.66,10742.68,245.302067
2020-09-26 18:00:00,10742.69,10774.45,10724.56,10731.67,562.888378
2020-09-26 18:15:00,10731.67,10742.52,10729.05,10741.93,216.973328
2020-09-26 18:30:00,10741.94,10741.94,10724.62,10726.92,168.902248
2020-09-26 18:45:00,10726.93,10731.06,10723.64,10729.9,214.279998
2020-09-26 19:00:00,10729.9,10731.08,10714.69,10715.41,248.542075
2020-09-26 19:15:00,10715.4,10722.93,10706.81,10722.44,270.064006
2020-09-26 19:30:00,10722.43,10725.0,10705.0,10716.02,209.264091
2020-09-26 19:45:00,10715.82,10722.4,10708.68,10718.55,186.487216
2020-09-26 20:00:00,10718.54,10725.98,10710.88,10713.09,155.495755
2020-09-26 20:15:00,10713.09,10719.69,10701.18,10706.92,192.737193
2020-09-26 20:30:00,10706.92,10719.63,10705.34,10717.81,207.607279
2020-09-26 20:45:00,10717.81,10719.94,10712.28,10714.92,205.99791
2020-09-26 21:00:00,10714.92,10736.84,10714.92,10719.65,180.739071
2020-09-26 21:15:00,10719.64,10737.34,10719.47,10729.9,139.932716
2020-09-26 21:30:00,10729.9,10739.94,10724.78,10739.01,191.025879
2020-09-26 21:45:00,10739.01,10750.0,10712.31,10712.34,341.515541
2020-09-26 22:00:00,10712.34,10720.82,10702.08,10718.66,220.857128
2020-09-26 22:15:00,10718.67,10739.31,10712.15,10722.83,267.466794
2020-09-26 22:30:00,10722.82,10740.55,10719.98,10735.33,220.00756
2020-09-26 22:45:00,10735.03,10744.49,10730.19,10731.46,167.746726
2020-09-26 23:00:00,10731.46,10748.86,10730.19,10745.93,192.539317
2020-09-26 23:15:00,10745.93,10751.12,10729.25,10738.45,324.378165
2020-09-26 23:30:00,10738.45,10741.22,10729.27,10737.29,113.636546
2020-09-26 23:45:00,10737.28,10750.54,10726.57,10728.6,253.308853
2020-09-27 00:00:00,10728.59,10736.67,10720.02,10736.38,284.951379
2020-09-27 00:15:00,10736.38,10759.74,10733.39,10753.87,298.765768
2020-09-27 00:30:00,10753.87,10757.77,10743.73,10746.64,348.266007
2020-09-27 00:45:00,10746.64,10780.0,10744.99,10775.53,628.869188
2020-09-27 01:00:00,10775.54,10799.0,10775.54,10783.1,626.82016
2020-09-27 01:15:00,10783.11,10794.26,10782.12,10786.06,298.954297
2020-09-27 01:30:00,10786.0,10794.01,10772.99,10782.25,423.118691
2020-09-27 01:45:00,10782.12,10784.99,10763.5,10772.38,237.969552
2020-09-27 02:00:00,10772.38,10780.74,10761.19,10763.55,240.222578
2020-09-27 02:15:00,10763.54,10776.73,10760.0,10767.02,261.013799
2020-09-27 02:30:00,10767.01,10785.0,10766.07,10784.08,289.890518
2020-09-27 02:45:00,10784.08,10785.07,10773.6,10777.11,197.139044
2020-09-27 03:00:00,10777.12,10785.66,10767.24,10776.23,224.113852
2020-09-27 03:15:00,10776.24,10781.13,10766.0,10776.6,210.373971
2020-09-27 03:30:00,10776.6,10788.5,10762.61,10773.92,259.315372
2020-09-27 03:45:00,10773.93,10783.42,10768.69,10781.2,150.195903
2020-09-27 04:00:00,10781.2,10785.8,10780.37,10781.99,155.400585
2020-09-27 04:15:00,10781.99,10785.88,10770.11,10770.28,245.940831
2020-09-27 04:30:00,10770.67,10789.94,10770.0,10788.97,273.424769
2020-09-27 04:45:00,10788.97,10794.99,10779.63,10780.95,275.369438
2020-09-27 05:00:00,10780.95,10787.93,10762.5,10768.8,285.356199
2020-09-27 05:15:00,10768.81,10784.41,10767.21,10780.4,219.216901
2020-09-27 05:30:00,10780.4,10791.94,10780.4,10786.55,224.140426
2020-09-27 05:45:00,10786.39,10788.47,10772.27,10779.08,248.95652
2020-09-27 06:00:00,10779.09,10781.91,10755.28,10764.22,281.558408
2020-09-27 06:15:00,10764.21,10764.22,10730.0,10742.2,453.451573
2020-09-27 06:30:00,10742.2,10749.27,10620.0,10682.82,1184.56998
2020-09-27 06:45:00,10682.73,10687.52,10647.26,10660.82,648.806605
2020-09-27 07:00:00,10660.56,10680.01,10651.44,10657.33,375.671548
2020-09-27 07:15:00,10657.33,10691.48,10657.33,10675.69,371.112017
2020-09-27 07:30:00,10675.63,10682.82,10666.56,10670.99,219.174638
2020-09-27 07:45:00,10670.99,10685.13,10662.0,10671.28,250.317334
2020-09-27 08:00:00,10671.28,10671.28,10641.22,10649.43,442.258926
2020-09-27 08:15:00,10649.27,10664.2,10637.73,10643.76,372.374827
2020-09-27 08:30:00,10643.76,10650.81,10608.67,10633.97,518.518645
2020-09-27 08:45:00,10633.98,10666.84,10631.84,10647.72,276.624321
2020-09-27 09:00:00,10647.73,10647.73,10626.74,10631.21,312.745025
2020-09-27 09:15:00,10631.2,10643.01,10618.83,10639.35,374.717479
2020-09-27 09:30:00,10639.35,10656.15,10630.59,10645.29,266.5885
2020-09-27 09:45:00,10645.3,10649.38,10628.85,10629.8,185.66352
2020-09-27 10:00:00,10629.79,10657.11,10625.42,10656.91,391.253259
2020-09-27 10:15:00,10656.9,10657.94,10643.15,10644.74,167.426799
2020-09-27 10:30:00,10644.53,10678.0,10636.12,10675.32,359.052409
2020-09-27 10:45:00,10675.33,10677.82,10657.02,10657.12,318.351653
2020-09-27 11:00:00,10657.12,10666.49,10651.68,10653.9,173.245412
2020-09-27 11:15:00,10653.89,10659.51,10651.18,10654.64,108.909879
2020-09-27 11:30:00,10654.63,10657.41,10646.22,10646.81,123.630131
2020-09-27 11:45:00,10646.81,10647.04,10618.83,10623.5,274.238452
2020-09-27 12:00:00,10623.62,10656.01,10594.82,10646.35,878.494906
2020-09-27 12:15:00,10646.35,10669.0,10643.03,10653.78,315.772632
2020-09-27 12:30:00,10653.78,10665.99,10648.33,10650.1,374.714418
2020-09-27 12:45:00,10650.1,10671.68,10649.73,10666.97,296.817557
2020-09-27 13:00:00,10666.97,10673.91,10654.76,10664.22,241.019005
2020-09-27 13:15:00,10664.21,10678.23,10658.01,10676.13,272.314673
2020-09-27 13:30:00,10676.13,10683.49,10669.86,10682.98,242.644182
2020-09-27 13:45:00,10682.98,10685.39,10665.94,10676.37,222.871818
2020-09-27 14:00:00,10676.37,10687.67,10664.25,10664.66,254.843582
2020-09-27 14:15:00,10664.65,10668.73,10657.65,10668.45,166.552752
2020-09-27 14:30:00,10668.45,10678.05,10659.85,10662.67,286.120505
2020-09-27 14:45:00,10662.67,10677.62,10658.77,10674.44,224.727713
2020-09-27 15:00:00,10674.43,10676.95,10599.99,10661.1,768.73711
2020-09-27 15:15:00,10661.1,10661.11,10602.0,10656.78,510.190941
2020-09-27 15:30:00,10656.71,10720.0,10642.22,10709.53,694.778749
2020-09-27 15:45:00,10709.47,10766.41,10709.47,10754.82,847.01461
2020-09-27 16:00:00,10754.82,10777.0,10740.5,10741.45,761.456232
2020-09-27 16:15:00,10741.46,10758.07,10727.95,10740.56,411.709762
2020-09-27 16:30:00,10740.56,10746.78,10730.64,10744.03,228.210778
2020-09-27 16:45:00,10744.03,10746.28,10704.7,10720.35,672.805026
2020-09-27 17:00:00,10720.36,10727.31,10709.6,10716.49,352.7407
2020-09-27 17:15:00,10716.48,10720.08,10708.16,10714.78,264.045144
2020-09-27 17:30:00,10714.78,10736.48,10710.13,10733.96,489.486477
2020-09-27 17:45:00,10733.96,10736.0,10723.0,10725.18,273.805791
2020-09-27 18:00:00,10725.18,10742.8,10725.17,10739.0,268.817232
2020-09-27 18:15:00,10739.0,10742.8,10732.9,10738.28,129.510797
2020-09-27 18:30:00,10738.28,10742.58,10725.5,10728.79,157.149669
2020-09-27 18:45:00,10728.13,10735.0,10701.58,10714.2,242.002045
2020-09-27 19:00:00,10714.2,10741.0,10710.91,10737.81,246.75249
2020-09-27 19:15:00,10737.81,10739.33,10715.93,10716.13,148.465989
2020-09-27 19:30:00,10716.12,10717.8,10700.73,10710.15,324.315265
2020-09-27 19:45:00,10710.14,10739.39,10707.76,10732.0,243.803427
2020-09-27 20:00:00,10732.01,10733.66,10715.28,10726.39,248.517059
2020-09-27 20:15:00,10726.39,10733.33,10718.14,10732.64,205.375318
2020-09-27 20:30:00,10732.64,10732.64,10723.6,10726.84,134.425981
2020-09-27 20:45:00,10726.83,10730.18,10715.4,10720.56,153.281232
2020-09-27 21:00:00,10720.56,10724.61,10704.45,10709.01,136.894761
2020-09-27 21:15:00,10709.0,10714.52,10707.0,10711.74,212.222727
2020-09-27 21:30:00,10711.74,10737.48,10711.57,10731.6,219.065299
2020-09-27 21:45:00,10731.6,10733.88,10713.57,10716.84,86.818097
2020-09-27 22:00:00,10716.84,10746.0,10716.1,10745.98,246.182175
2020-09-27 22:15:00,10745.98,10752.82,10734.18,10738.76,230.89549
2020-09-27 22:30:00,10738.75,10757.33,10733.97,10743.29,218.259213
2020-09-27 22:45:00,10743.29,10750.0,10735.59,10749.63,153.511883
2020-09-27 23:00:00,10749.64,10756.64,10730.55,10737.82,325.852205
2020-09-27 23:15:00,10737.86,10741.11,10730.97,10741.1,143.273603
2020-09-27 23:30:00,10741.1,10771.0,10739.72,10765.5,273.836176
2020-09-27 23:45:00,10765.5,10784.61,10760.92,10774.25,390.332969
2020-09-28 00:00:00,10774.26,10894.99,10774.26,10849.0,2914.727899
2020-09-28 00:15:00,10849.0,10880.0,10849.0,10860.11,656.197527
2020-09-28 00:30:00,10860.12,10919.0,10855.34,10918.17,638.192709
2020-09-28 00:45:00,10917.77,10950.0,10867.7,10887.71,1278.144566
2020-09-28 01:00:00,10888.68,10917.83,10880.3,10910.29,474.69797
2020-09-28 01:15:00,10910.3,10927.01,10902.44,10905.29,577.091797
2020-09-28 01:30:00,10905.29,10906.23,10890.41,10898.8,369.364617
2020-09-28 01:45:00,10898.8,10930.98,10894.95,10930.98,379.467752
2020-09-28 02:00:00,10929.53,10947.84,10926.35,10928.85,458.893578
2020-09-28 02:15:00,10929.13,10933.39,10900.0,10909.74,436.350084
2020-09-28 02:30:00,10909.74,10925.0,10905.02,10908.83,315.821041
2020-09-28 02:45:00,10908.84,10920.89,10905.09,10907.39,258.327968
2020-09-28 03:00:00,10907.38,10914.99,10885.93,10895.07,301.437391
2020-09-28 03:15:00,10895.54,10897.34,10872.35,10877.04,311.748379
2020-09-28 03:30:00,10877.04,10900.62,10874.25,10899.99,394.696741
2020-09-28 03:45:00,10900.0,10901.11,10881.29,10885.14,283.968775
2020-09-28 04:00:00,10885.21,10895.0,10871.24,10871.25,399.458365
2020-09-28 04:15:00,10871.24,10894.95,10866.18,10888.3,682.997689
2020-09-28 04:30:00,10888.31,10900.0,10884.66,10898.56,428.9514
2020-09-28 04:45:00,10898.56,10905.13,10893.64,10896.09,474.447812
2020-09-28 05:00:00,10896.09,10898.05,10884.99,10896.99,210.612596
2020-09-28 05:15:00,10896.99,10915.5,10890.13,10912.81,414.504853
2020-09-28 05:30:00,10913.15,10916.6,10872.24,10877.63,523.170842
2020-09-28 05:45:00,10877.63,10881.51,10863.18,10879.63,405.191047
2020-09-28 06:00:00,10879.55,10882.68,10867.82,10873.54,461.321525
2020-09-28 06:15:00,10873.54,10885.0,10873.54,10883.99,432.692012
2020-09-28 06:30:00,10883.99,10884.0,10847.19,10863.32,515.358244
2020-09-28 06:45:00,10863.32,10876.01,10856.78,10868.73,532.981499
2020-09-28 07:00:00,10868.73,10870.95,10836.0,10845.46,804.846364
2020-09-28 07:15:00,10845.46,10867.09,10840.41,10863.87,412.297776
2020-09-28 07:30:00,10863.87,10879.84,10861.94,10875.87,425.578301
2020-09-28 07:45:00,10875.87,10878.0,10851.61,10854.0,512.522704
2020-09-28 08:00:00,10854.0,10868.0,10848.18,10866.01,506.234721
2020-09-28 08:15:00,10866.01,10875.0,10842.94,10874.51,416.819611
2020-09-28 08:30:00,10874.5,10890.0,10873.39,10887.94,530.741903
2020-09-28 08:45:00,10888.23,10890.0,10850.18,10855.48,625.080579
2020-09-28 09:00:00,10855.49,10874.2,10845.18,10873.97,555.318001
2020-09-28 09:15:00,10873.96,10874.08,10850.13,10857.08,462.676774
2020-09-28 09:30:00,10857.09,10859.29,10830.0,10846.61,504.972683
2020-09-28 09:45:00,10846.61,10863.12,10841.0,10854.66,483.498297
2020-09-28 10:00:00,10854.66,10875.0,10833.78,10873.05,622.1889
2020-09-28 10:15:00,10873.05,10885.7,10869.12,10885.7,469.637899
2020-09-28 10:30:00,10885.69,10889.99,10871.1,10872.0,470.974882
2020-09-28 10:45:00,10872.0,10886.97,10867.63,10875.26,420.005026
2020-09-28 11:00:00,10875.27,10902.49,10872.23,10894.87,906.148509
2020-09-28 11:15:00,10894.88,10895.81,10855.78,10859.21,563.366602
2020-09-28 11:30:00,10859.22,10876.76,10856.4,10871.86,382.774917
2020-09-28 11:45:00,10871.86,10878.27,10865.0,10877.91,308.055988
2020-09-28 12:00:00,10877.91,10913.0,10865.76,10909.94,674.868429
2020-09-28 12:15:00,10909.94,10915.0,10896.88,10900.69,770.326756
2020-09-28 12:30:00,10900.89,10941.99,10837.12,10870.89,1570.295665
2020-09-28 12:45:00,10870.88,10905.3,10853.06,10901.08,818.427626
2020-09-28 13:00:00,10901.07,10938.25,10882.48,10924.98,631.996896
2020-09-28 13:15:00,10924.97,10938.0,10916.61,10930.96,579.634049
2020-09-28 13:30:00,10930.95,10935.0,10903.68,10907.24,476.444676
2020-09-28 13:45:00,10907.24,10910.39,10870.85,10885.94,729.900923
2020-09-28 14:00:00,10885.95,10906.0,10871.5,10905.9,359.07206
2020-09-28 14:15:00,10905.9,10916.8,10900.0,10900.01,509.174976
2020-09-28 14:30:00,10900.0,10910.21,10878.9,10888.58,427.133186
2020-09-28 14:45:00,10888.57,10890.81,10859.15,10861.01,558.047079
2020-09-28 15:00:00,10861.01,10900.0,10856.24,10898.3,545.560624
2020-09-28 15:15:00,10898.29,10905.95,10886.42,10896.83,445.489586
2020-09-28 15:30:00,10896.83,10910.0,10893.18,10904.54,532.278593
2020-09-28 15:45:00,10904.53,10905.76,10887.27,10901.9,558.925309
2020-09-28 16:00:00,10901.89,10908.87,10872.96,10875.14,431.179297
2020-09-28 16:15:00,10875.14,10897.39,10871.41,10879.25,556.926369
2020-09-28 16:30:00,10879.25,10895.94,10873.78,10890.91,371.981471
2020-09-28 16:45:00,10890.92,10900.0,10883.01,10883.27,384.308227
2020-09-28 17:00:00,10883.26,10893.01,10877.99,10882.07,298.092669
2020-09-28 17:15:00,10882.08,10900.0,10878.08,10897.99,324.591595
2020-09-28 17:30:00,10898.0,10918.57,10872.52,10879.69,530.664209
2020-09-28 17:45:00,10879.69,10893.97,10874.5,10889.24,235.394802
2020-09-28 18:00:00,10889.24,10889.24,10858.38,10858.64,511.06204
2020-09-28 18:15:00,10858.64,10879.07,10851.01,10872.75,437.293294
2020-09-28 18:30:00,10872.75,10872.78,10860.0,10867.73,530.460945
2020-09-28 18:45:00,10867.74,10886.43,10866.05,10871.96,407.54653
2020-09-28 19:00:00,10871.96,10872.15,10861.01,10863.16,332.546676
2020-09-28 19:15:00,10863.15,10866.99,10850.13,10865.49,294.742468
2020-09-28 19:30:00,10865.49,10865.57,10836.08,10852.99,390.687683
2020-09-28 19:45:00,10852.99,10869.0,10840.3,10869.0,284.362566
2020-09-28 20:00:00,10868.63,10874.73,10860.91,10872.66,382.53786
2020-09-28 20:15:00,10872.66,10872.66,10860.86,10868.36,199.352916
2020-09-28 20:30:00,10868.36,10874.0,10859.42,10869.95,251.497595
2020-09-28 20:45:00,10869.99,10870.43,10863.5,10869.41,187.222243
2020-09-28 21:00:00,10869.41,10870.0,10847.23,10854.37,326.845274
2020-09-28 21:15:00,10854.26,10870.0,10851.94,10870.0,178.098563
2020-09-28 21:30:00,10870.0,10882.57,10867.7,10881.79,218.288617
2020-09-28 21:45:00,10881.79,10888.59,10878.1,10885.08,210.732702
2020-09-28 22:00:00,10885.08,10885.51,10876.79,10882.18,156.563475
2020-09-28 22:15:00,10882.08,10882.45,10870.27,10872.08,186.195538
2020-09-28 22:30:00,10872.08,10872.08,10858.47,10859.99,199.550833
2020-09-28 22:45:00,10859.99,10871.06,10850.0,10867.0,387.052334
2020-09-28 23:00:00,10867.01,10867.25,10845.49,10846.1,267.854362
2020-09-28 23:15:00,10846.59,10846.9,10626.0,10756.16,2628.131403
2020-09-28 23:30:00,10756.18,10757.99,10733.37,10744.34,539.980967
2020-09-28 23:45:00,10744.34,10744.35,10635.43,10696.12,1351.372663
2020-09-29 00:00:00,10696.11,10724.75,10656.82,10713.84,875.476216
2020-09-29 00:15:00,10713.83,10730.73,10708.29,10719.98,373.260447
2020-09-29 00:30:00,10719.98,10732.02,10696.41,10730.72,415.294294
2020-09-29 00:45:00,10730.73,10731.01,10710.43,10710.43,349.332092
2020-09-29 01:00:00,10710.44,10717.98,10688.0,10703.0,388.263171
2020-09-29 01:15:00,10703.0,10709.72,10676.09,10702.86,402.07813
2020-09-29 01:30:00,10702.85,10709.22,10690.1,10704.74,360.541146
2020-09-29 01:45:00,10704.74,10704.74,10678.0,10683.59,551.850009
2020-09-29 02:00:00,10683.59,10694.94,10676.01,10692.0,460.678867
2020-09-29 02:15:00,10692.0,10703.24,10680.0,10698.93,336.901469
2020-09-29 02:30:00,10698.93,10704.35,10683.3,10685.74,281.000556
2020-09-29 02:45:00,10685.74,10689.97,10660.85,10689.37,396.731637
2020-09-29 03:00:00,10689.37,10699.66,10682.23,10691.82,311.890814
2020-09-29 03:15:00,10691.83,10699.0,10687.91,10694.66,226.721811
2020-09-29 03:30:00,10694.65,10710.0,10686.79,10703.84,324.879703
2020-09-29 03:45:00,10703.84,10705.04,10686.35,10689.94,238.054276
2020-09-29 04:00:00,10689.94,10702.69,10687.89,10702.06,238.426549
2020-09-29 04:15:00,10702.06,10709.46,10700.91,10708.71,196.556805
2020-09-29 04:30:00,10708.7,10708.71,10692.03,10702.0,262.048516
2020-09-29 04:45:00,10702.0,10713.25,10693.26,10694.48,296.500636
2020-09-29 05:00:00,10694.4,10700.0,10680.42,10690.44,282.863571
2020-09-29 05:15:00,10690.43,10697.11,10672.77,10694.42,275.735684
2020-09-29 05:30:00,10694.43,10696.48,10677.09,10684.83,286.733352
2020-09-29 05:45:00,10684.83,10696.33,10670.0,10680.87,323.839377
2020-09-29 06:00:00,10680.86,10699.0,10668.26,10695.87,361.345388
2020-09-29 06:15:00,10695.87,10699.78,10689.36,10691.61,315.187212
2020-09-29 06:30:00,10691.62,10697.0,10683.51,10696.47,314.043813
2020-09-29 06:45:00,10696.47,10747.88,10694.72,10742.46,771.697094
2020-09-29 07:00:00,10742.46,10745.42,10722.82,10724.41,513.035987
2020-09-29 07:15:00,10724.42,10728.75,10710.7,10728.55,357.658289
2020-09-29 07:30:00,10728.55,10742.75,10725.14,10738.65,377.498845
2020-09-29 07:45:00,10738.66,10739.58,10720.53,10726.99,381.407639
2020-09-29 08:00:00,10727.0,10735.01,10713.41,10735.0,400.490187
2020-09-29 08:15:00,10735.0,10740.0,10728.26,10740.0,439.613099
2020-09-29 08:30:00,10739.99,10743.39,10735.13,10739.47,445.167804
2020-09-29 08:45:00,10739.47,10740.98,10728.14,10736.27,403.082031
2020-09-29 09:00:00,10736.28,10760.0,10732.42,10740.82,589.160612
2020-09-29 09:15:00,10740.82,10747.43,10720.68,10725.85,453.44392
2020-09-29 09:30:00,10726.04,10733.21,10718.58,10721.0,434.777718
2020-09-29 09:45:00,10721.01,10731.08,10707.0,10721.56,448.409235
2020-09-29 10:00:00,10721.57,10743.0,10717.18,10738.76,399.129364
2020-09-29 10:15:00,10738.76,10758.27,10734.38,10756.78,500.278312
2020-09-29 10:30:00,10756.78,10784.76,10745.91,10750.87,684.817539
2020-09-29 10:45:00,10750.88,10777.12,10750.88,10776.49,449.70245
2020-09-29 11:00:00,10776.17,10797.0,10770.0,10773.66,538.407408
2020-09-29 11:15:00,10773.66,10777.8,10764.17,10770.97,345.237199
2020-09-29 11:30:00,10770.97,10790.49,10760.0,10788.35,318.289956
2020-09-29 11:45:00,10788.35,10793.33,10752.7,10758.92,375.317291
2020-09-29 12:00:00,10758.91,10767.0,10743.81,10756.49,497.722717
2020-09-29 12:15:00,10756.48,10765.33,10746.31,10756.17,433.744268
2020-09-29 12:30:00,10756.17,10765.0,10747.91,10747.91,310.983669
2020-09-29 12:45:00,10747.91,10763.83,10738.88,10762.24,414.373654
2020-09-29 13:00:00,10762.24,10763.65,10725.58,10728.78,562.682003
2020-09-29 13:15:00,10728.79,10746.21,10711.48,10743.57,594.241184
2020-09-29 13:30:00,10743.57,10769.66,10737.33,10743.53,524.181691
2020-09-29 13:45:00,10743.53,10760.5,10740.76,10757.5,363.378747
2020-09-29 14:00:00,10757.5,10786.6,10756.29,10775.79,598.371874
2020-09-29 14:15:00,10775.79,10790.98,10775.0,10780.77,450.975795
2020-09-29 14:30:00,10780.77,10787.57,10744.79,10753.69,583.239818
2020-09-29 14:45:00,10753.69,10760.0,10739.44,10759.91,522.88356
2020-09-29 15:00:00,10759.92,10766.03,10735.12,10747.35,405.537504
2020-09-29 15:15:00,10747.35,10768.24,10746.75,10755.6,399.98426
2020-09-29 15:30:00,10755.6,10772.89,10744.74,10745.71,417.925221
2020-09-29 15:45:00,10745.71,10749.01,10717.06,10725.94,613.05525
2020-09-29 16:00:00,10725.94,10736.0,10710.0,10734.79,762.262233
2020-09-29 16:15:00,10734.8,10738.87,10673.1,10681.34,815.793334
2020-09-29 16:30:00,10681.32,10693.26,10664.78,10681.21,837.937049
2020-09-29 16:45:00,10681.02,10694.71,10677.73,10692.39,464.127847
2020-09-29 17:00:00,10692.4,10696.79,10637.0,10650.17,954.785066
2020-09-29 17:15:00,10650.17,10668.35,10635.87,10661.82,633.331416
2020-09-29 17:30:00,10661.83,10679.0,10650.01,10667.26,555.618049
2020-09-29 17:45:00,10667.26,10689.08,10657.86,10675.37,443.423067
2020-09-29 18:00:00,10675.37,10688.94,10673.5,10687.5,436.551612
2020-09-29 18:15:00,10687.5,10744.86,10687.28,10735.28,822.218317
2020-09-29 18:30:00,10735.46,10740.64,10720.75,10723.81,408.500894
2020-09-29 18:45:00,10723.81,10736.55,10719.71,10727.75,391.349126
2020-09-29 19:00:00,10728.23,10741.0,10725.88,10732.23,310.686043
2020-09-29 19:15:00,10732.22,10753.56,10722.5,10730.38,430.968778
2020-09-29 19:30:00,10730.38,10737.58,10713.9,10731.87,342.579188
2020-09-29 19:45:00,10731.88,10766.0,10731.88,10737.49,534.32218
2020-09-29 20:00:00,10738.98,10758.55,10738.97,10748.66,518.640548
2020-09-29 20:15:00,10748.66,10769.93,10743.17,10752.91,496.251906
2020-09-29 20:30:00,10752.91,10769.98,10750.71,10763.67,361.173777
2020-09-29 20:45:00,10763.66,10780.0,10750.03,10756.16,363.59153
2020-09-29 21:00:00,10756.17,10775.51,10756.17,10774.68,281.210711
2020-09-29 21:15:00,10774.68,10780.78,10769.3,10780.53,247.212444
2020-09-29 21:30:00,10780.53,10783.45,10754.01,10759.45,310.798951
2020-09-29 21:45:00,10759.45,10770.38,10745.0,10770.31,234.085672
2020-09-29 22:00:00,10770.31,10777.0,10762.6,10772.28,305.83857
2020-09-29 22:15:00,10772.29,10780.84,10763.5,10771.95,218.864868
2020-09-29 22:30:00,10771.94,10777.79,10752.73,10752.74,191.611171
2020-09-29 22:45:00,10752.73,10767.44,10746.74,10763.99,220.704751
2020-09-29 23:00:00,10764.0,10840.0,10764.0,10825.97,853.447768
2020-09-29 23:15:00,10825.98,10867.54,10825.73,10845.67,831.523991
2020-09-29 23:30:00,10845.67,10859.43,10833.68,10844.7,299.214005
2020-09-29 23:45:00,10844.66,10847.55,10834.45,10840.48,230.134802
2020-09-30 00:00:00,10840.58,10849.34,10815.71,10823.48,457.864758
2020-09-30 00:15:00,10823.56,10832.44,10815.89,10822.07,265.280679
2020-09-30 00:30:00,10822.07,10822.07,10811.0,10811.01,254.249017
2020-09-30 00:45:00,10811.11,10826.89,10808.19,10809.17,304.3887
2020-09-30 01:00:00,10809.18,10815.79,10797.68,10805.0,238.025516
2020-09-30 01:15:00,10805.0,10821.98,10804.99,10819.56,289.193862
2020-09-30 01:30:00,10819.56,10821.54,10782.83,10790.91,379.41458
2020-09-30 01:45:00,10790.91,10796.0,10772.32,10789.45,400.447819
2020-09-30 02:00:00,10789.45,10803.37,10784.69,10802.85,236.656265
2020-09-30 02:15:00,10802.84,10827.56,10798.42,10813.9,500.973028
2020-09-30 02:30:00,10813.91,10816.45,10778.4,10783.24,337.118353
2020-09-30 02:45:00,10783.11,10791.75,10763.26,10774.47,525.615328
2020-09-30 03:00:00,10774.37,10781.9,10761.56,10765.33,500.287112
2020-09-30 03:15:00,10765.34,10776.6,10753.22,10756.75,479.502676
2020-09-30 03:30:00,10756.76,10775.0,10753.07,10770.65,360.915061
2020-09-30 03:45:00,10770.57,10774.62,10737.01,10742.08,342.286442
2020-09-30 04:00:00,10742.23,10754.34,10734.82,10741.86,325.437815
2020-09-30 04:15:00,10741.85,10746.79,10700.0,10740.91,793.597035
2020-09-30 04:30:00,10740.91,10760.0,10734.7,10755.16,396.531158
2020-09-30 04:45:00,10755.15,10759.36,10742.01,10752.79,216.902855
2020-09-30 05:00:00,10752.8,10763.57,10736.03,10756.97,292.163854
2020-09-30 05:15:00,10756.98,10765.78,10741.37,10748.54,230.83699
2020-09-30 05:30:00,10748.54,10749.36,10726.91,10731.19,275.793777
2020-09-30 05:45:00,10731.18,10732.8,10698.31,10698.66,519.412667
2020-09-30 06:00:00,10698.66,10718.41,10675.29,10716.56,746.58898
2020-09-30 06:15:00,10716.56,10730.5,10715.09,10726.25,371.384762
2020-09-30 06:30:00,10726.25,10735.39,10719.01,10732.39,336.953098
2020-09-30 06:45:00,10732.4,10734.73,10716.64,10718.8,378.372121
2020-09-30 07:00:00,10718.81,10753.73,10697.72,10741.79,650.089008
2020-09-30 07:15:00,10741.78,10744.1,10724.88,10729.63,388.691543
2020-09-30 07:30:00,10729.63,10746.86,10715.61,10716.26,380.666238
2020-09-30 07:45:00,10716.25,10721.26,10690.38,10706.68,610.956707
2020-09-30 08:00:00,10706.56,10721.9,10685.85,10714.35,569.756121
2020-09-30 08:15:00,10714.34,10722.21,10703.09,10707.23,380.38952
2020-09-30 08:30:00,10707.22,10730.0,10700.02,10726.59,286.837154
2020-09-30 08:45:00,10726.59,10730.0,10706.03,10707.67,323.13711
2020-09-30 09:00:00,10707.67,10707.67,10671.02,10679.37,597.633997
2020-09-30 09:15:00,10679.37,10698.41,10676.43,10686.02,421.465808
2020-09-30 09:30:00,10686.02,10702.93,10665.13,10667.32,393.077179
2020-09-30 09:45:00,10667.64,10700.37,10667.0,10698.94,418.26426
2020-09-30 10:00:00,10698.95,10715.0,10693.77,10713.02,453.965574
2020-09-30 10:15:00,10713.19,10723.15,10707.64,10719.7,398.25588
2020-09-30 10:30:00,10719.69,10728.54,10712.34,10718.96,426.628569
2020-09-30 10:45:00,10718.95,10728.29,10717.53,10721.84,364.116728
2020-09-30 11:00:00,10721.84,10726.29,10709.06,10719.49,366.361165
2020-09-30 11:15:00,10719.5,10720.79,10700.0,10706.47,398.818889
2020-09-30 11:30:00,10706.47,10707.86,10682.46,10684.1,382.850978
2020-09-30 11:45:00,10684.1,10703.81,10680.0,10681.0,482.285793
2020-09-30 12:00:00,10680.53,10720.34,10670.0,10716.87,590.081648
2020-09-30 12:15:00,10716.87,10729.97,10716.85,10728.24,397.514296
2020-09-30 12:30:00,10728.25,10746.55,10720.98,10745.96,446.576631
2020-09-30 12:45:00,10745.96,10747.0,10725.81,10728.0,380.049458
2020-09-30 13:00:00,10728.0,10748.82,10720.93,10743.46,427.14794
2020-09-30 13:15:00,10743.46,10743.47,10727.59,10734.79,323.960959
2020-09-30 13:30:00,10734.8,10754.91,10727.54,10729.84,577.864984
2020-09-30 13:45:00,10729.84,10746.3,10722.71,10739.93,335.214971
2020-09-30 14:00:00,10739.92,10759.97,10738.21,10744.38,526.398564
2020-09-30 14:15:00,10744.38,10760.0,10740.98,10744.57,487.640211
2020-09-30 14:30:00,10744.57,10759.95,10738.0,10753.9,491.942699
2020-09-30 14:45:00,10753.89,10760.0,10744.98,10747.28,434.615293
2020-09-30 15:00:00,10747.28,10782.89,10747.15,10780.89,564.079256
2020-09-30 15:15:00,10780.88,10787.82,10771.85,10782.32,726.653725
2020-09-30 15:30:00,10782.32,10793.8,10771.24,10774.1,463.049552
2020-09-30 15:45:00,10774.1,10782.43,10770.86,10777.39,379.655403
2020-09-30 16:00:00,10777.39,10787.08,10754.37,10758.26,615.00867
2020-09-30 16:15:00,10758.25,10779.7,10756.41,10779.26,381.930997
2020-09-30 16:30:00,10779.25,10787.63,10768.49,10777.88,702.439783
2020-09-30 16:45:00,10777.89,10784.15,10766.61,10784.13,365.05945
2020-09-30 17:00:00,10784.14,10799.0,10766.16,10766.79,489.4941
2020-09-30 17:15:00,10766.8,10769.8,10756.46,10762.3,370.979063
2020-09-30 17:30:00,10762.3,10770.0,10756.08,10759.56,376.529685
2020-09-30 17:45:00,10759.57,10769.18,10754.71,10768.52,240.490687
2020-09-30 18:00:00,10768.53,10774.76,10755.76,10771.51,314.536323
2020-09-30 18:15:00,10771.5,10773.32,10689.6,10717.04,1063.775591
2020-09-30 18:30:00,10717.04,10721.81,10695.02,10698.7,529.282785
2020-09-30 18:45:00,10698.71,10743.18,10681.73,10731.1,738.723691
2020-09-30 19:00:00,10731.08,10741.0,10704.2,10715.36,634.476239
2020-09-30 19:15:00,10715.36,10715.37,10682.28,10704.72,440.62884
2020-09-30 19:30:00,10704.72,10717.0,10692.03,10712.12,451.055034
2020-09-30 19:45:00,10712.12,10728.32,10706.47,10706.48,401.484208
2020-09-30 20:00:00,10706.48,10728.77,10697.3,10727.0,458.110459
2020-09-30 20:15:00,10727.0,10727.75,10703.16,10704.41,229.055433
2020-09-30 20:30:00,10704.36,10704.4,10685.62,10703.11,428.244626
2020-09-30 20:45:00,10703.12,10714.32,10698.06,10706.34,196.891884
2020-09-30 21:00:00,10706.35,10720.21,10706.34,10720.21,251.485093
2020-09-30 21:15:00,10720.36,10742.68,10719.13,10731.33,240.833512
2020-09-30 21:30:00,10731.33,10733.78,10718.52,10725.64,261.824124
2020-09-30 21:45:00,10725.64,10728.56,10703.81,10710.92,221.686953
2020-09-30 22:00:00,10710.92,10737.63,10705.0,10736.73,256.067627
2020-09-30 22:15:00,10736.74,10760.86,10736.74,10748.06,300.323961
2020-09-30 22:30:00,10748.06,10753.98,10736.65,10738.65,213.379992
2020-09-30 22:45:00,10739.14,10747.26,10735.0,10745.86,183.794437
2020-09-30 23:00:00,10745.85,10751.55,10735.51,10745.55,254.50701
2020-09-30 23:15:00,10745.56,10773.7,10745.56,10757.57,333.306015
2020-09-30 23:30:00,10757.57,10785.0,10757.57,10782.99,384.251248
2020-09-30 23:45:00,10782.99,10785.0,10764.67,10776.59,263.481683
2020-10-01 00:00:00,10776.59,10826.19,10776.59,10807.29,1074.504249
2020-10-01 00:15:00,10807.29,10817.25,10795.9,10797.43,405.396904
2020-10-01 00:30:00,10797.44,10808.11,10786.48,10793.43,413.576072
2020-10-01 00:45:00,10793.42,10798.13,10780.09,10788.06,235.282306
2020-10-01 01:00:00,10788.3,10805.58,10786.74,10804.6,344.249541
2020-10-01 01:15:00,10804.6,10811.09,10798.07,10801.0,270.374516
2020-10-01 01:30:00,10801.19,10818.68,10801.19,10816.74,279.570901
2020-10-01 01:45:00,10816.53,10849.97,10814.75,10838.88,709.934602
2020-10-01 02:00:00,10838.89,10857.47,10816.22,10819.73,616.385446
2020-10-01 02:15:00,10819.58,10823.68,10811.8,10814.56,252.931341
2020-10-01 02:30:00,10814.56,10833.69,10814.56,10828.42,200.302708
2020-10-01 02:45:00,10828.43,10829.43,10807.39,10817.14,198.672239
2020-10-01 03:00:00,10817.14,10824.22,10795.87,10800.24,317.198204
2020-10-01 03:15:00,10800.24,10810.33,10795.87,10803.95,202.890607
2020-10-01 03:30:00,10803.95,10814.58,10794.21,10805.37,231.66332
2020-10-01 03:45:00,10805.37,10805.46,10789.01,10798.18,187.846926
2020-10-01 04:00:00,10798.38,10819.86,10795.78,10819.27,308.619158
2020-10-01 04:15:00,10819.25,10826.42,10813.28,10815.54,303.93011
2020-10-01 04:30:00,10815.54,10821.96,10801.77,10803.09,225.659713
2020-10-01 04:45:00,10803.08,10806.52,10799.92,10800.01,244.232977
2020-10-01 05:00:00,10800.0,10801.52,10790.85,10796.41,284.609554
2020-10-01 05:15:00,10796.41,10813.53,10796.41,10811.84,296.802382
2020-10-01 05:30:00,10811.85,10819.09,10791.33,10815.66,362.944528
2020-10-01 05:45:00,10815.66,10826.0,10812.84,10821.07,320.194511
2020-10-01 06:00:00,10821.07,10840.98,10821.07,10839.58,556.391769
2020-10-01 06:15:00,10839.57,10844.71,10819.31,10819.51,434.136557
2020-10-01 06:30:00,10819.1,10830.38,10818.23,10824.72,378.450903
2020-10-01 06:45:00,10824.72,10826.34,10811.72,10821.29,377.052939
2020-10-01 07:00:00,10821.29,10835.81,10818.98,10824.46,259.828578
2020-10-01 07:15:00,10824.46,10839.92,10820.05,10828.08,299.558091
2020-10-01 07:30:00,10828.08,10829.76,10799.7,10808.6,318.160676
2020-10-01 07:45:00,10808.59,10827.29,10805.99,10824.75,291.615179
2020-10-01 08:00:00,10824.75,10900.0,10811.52,10850.8,2540.705277
2020-10-01 08:15:00,10850.8,10920.0,10850.8,10894.03,1234.98282
2020-10-01 08:30:00,10894.03,10918.16,10866.47,10895.43,1085.227868
2020-10-01 08:45:00,10895.43,10897.74,10871.55,10872.35,336.437125
2020-10-01 09:00:00,10872.36,10889.11,10872.16,10883.45,723.270794
2020-10-01 09:15:00,10883.45,10885.3,10874.0,10884.65,371.181797
2020-10-01 09:30:00,10884.65,10897.23,10884.64,10895.47,369.511731
2020-10-01 09:45:00,10895.47,10903.01,10884.59,10896.77,415.779064
2020-10-01 10:00:00,10896.78,10912.83,10871.66,10874.0,534.054597
2020-10-01 10:15:00,10874.0,10877.21,10853.05,10855.13,546.22159
2020-10-01 10:30:00,10855.13,10867.01,10842.16,10863.59,399.535799
2020-10-01 10:45:00,10863.6,10873.0,10853.48,10865.97,375.036566
2020-10-01 11:00:00,10865.97,10875.91,10853.02,10874.04,385.02471
2020-10-01 11:15:00,10874.03,10878.26,10861.99,10866.1,355.736507
2020-10-01 11:30:00,10866.1,10900.07,10861.8,10886.56,704.501913
2020-10-01 11:45:00,10886.57,10904.33,10881.07,10903.16,349.972305
2020-10-01 12:00:00,10903.16,10908.23,10865.8,10870.0,537.093498
2020-10-01 12:15:00,10870.0,10874.84,10860.25,10872.43,306.694093
2020-10-01 12:30:00,10872.43,10898.99,10872.43,10888.27,537.461197
2020-10-01 12:45:00,10888.27,10892.79,10879.29,10885.96,388.304892
2020-10-01 13:00:00,10885.96,10889.77,10870.0,10875.5,464.023719
2020-10-01 13:15:00,10875.5,10876.34,10863.13,10866.99,309.689116
2020-10-01 13:30:00,10866.99,10895.63,10862.54,10873.76,532.191261
2020-10-01 13:45:00,10873.76,10877.01,10846.0,10860.0,734.589117
2020-10-01 14:00:00,10860.01,10864.99,10831.16,10841.82,1054.357759
2020-10-01 14:15:00,10841.81,10859.57,10835.01,10842.65,533.343104
2020-10-01 14:30:00,10842.65,10863.81,10842.65,10860.39,394.381675
2020-10-01 14:45:00,10860.4,10863.36,10848.44,10857.98,454.941589
2020-10-01 15:00:00,10857.98,10871.41,10848.1,10862.91,530.798189
2020-10-01 15:15:00,10862.9,10880.67,10862.58,10875.96,474.575693
2020-10-01 15:30:00,10875.96,10883.66,10869.01,10872.22,360.481535
2020-10-01 15:45:00,10872.23,10872.23,10712.0,10716.23,2587.125705
2020-10-01 16:00:00,10716.23,10716.23,10621.0,10629.94,3554.360927
2020-10-01 16:15:00,10629.87,10630.0,10515.0,10570.68,4161.127647
2020-10-01 16:30:00,10570.67,10596.4,10464.06,10472.85,2468.276121
2020-10-01 16:45:00,10472.84,10553.01,10437.0,10522.72,2140.546092
2020-10-01 17:00:00,10522.72,10538.24,10481.63,10511.27,1308.693663
2020-10-01 17:15:00,10511.27,10534.14,10470.77,10520.26,1275.131758
2020-10-01 17:30:00,10520.27,10532.91,10486.92,10499.33,906.854974
2020-10-01 17:45:00,10499.41,10516.27,10480.0,10482.39,875.149867
2020-10-01 18:00:00,10482.4,10523.0,10464.01,10516.53,1031.750381
2020-10-01 18:15:00,10517.14,10554.21,10505.75,10552.06,662.274473
