time,open,high,low,close,volume
2024-05-26 15:00:00,69287.11,69399.0,69284.48,69339.99,176.34815
2024-05-26 15:05:00,69339.98,69380.0,69286.27,69302.35,66.36376
2024-05-26 15:10:00,69302.36,69302.36,69220.15,69264.44,48.42544
2024-05-26 15:15:00,69264.45,69264.45,69204.0,69207.16,24.91612
2024-05-26 15:20:00,69207.17,69220.0,69156.0,69200.0,42.30851
2024-05-26 15:25:00,69199.99,69284.0,69184.0,69273.02,31.0677
2024-05-26 15:30:00,69273.01,69280.41,69226.68,69264.25,44.34532
2024-05-26 15:35:00,69264.25,69269.38,69191.24,69191.25,29.52997
2024-05-26 15:40:00,69191.25,69191.25,69111.89,69111.9,29.61127
2024-05-26 15:45:00,69111.9,69111.9,68688.1,68759.99,382.39506
2024-05-26 15:50:00,68759.99,68831.09,68668.6,68819.71,171.11126
2024-05-26 15:55:00,68819.71,68850.01,68797.28,68847.99,84.7091
2024-05-26 16:00:00,68847.98,68968.0,68841.07,68926.43,126.40898
2024-05-26 16:05:00,68926.43,68952.0,68879.99,68952.0,50.4913
2024-05-26 16:10:00,68951.99,68964.0,68890.79,68924.0,40.74931
2024-05-26 16:15:00,68924.0,68931.06,68776.3,68776.31,55.89769
2024-05-26 16:20:00,68776.31,68792.0,68692.11,68770.91,95.03838
2024-05-26 16:25:00,68770.92,68770.92,68724.0,68744.46,33.49719
2024-05-26 16:30:00,68744.47,68778.45,68744.46,68753.43,47.95683
2024-05-26 16:35:00,68753.44,68865.48,68750.88,68848.34,47.89468
2024-05-26 16:40:00,68848.33,68919.21,68809.64,68912.12,65.5976
2024-05-26 16:45:00,68912.12,68973.15,68874.0,68931.09,141.90926
2024-05-26 16:50:00,68931.1,68934.87,68840.35,68846.05,81.70064
2024-05-26 16:55:00,68846.06,68846.06,68787.06,68808.62,46.46034
2024-05-26 17:00:00,68808.61,68851.88,68780.0,68834.02,17.29997
2024-05-26 17:05:00,68834.02,68850.07,68824.91,68824.91,37.19781
2024-05-26 17:10:00,68824.92,68850.01,68823.5,68829.54,47.05005
2024-05-26 17:15:00,68829.55,68864.63,68812.01,68864.63,22.27977
2024-05-26 17:20:00,68864.62,68906.96,68864.62,68880.98,18.26359
2024-05-26 17:25:00,68880.97,68880.98,68835.28,68835.28,32.51111
2024-05-26 17:30:00,68835.28,68857.97,68817.48,68848.15,21.50972
2024-05-26 17:35:00,68848.15,68884.36,68848.14,68883.95,31.63407
2024-05-26 17:40:00,68883.96,68883.96,68866.69,68883.52,17.25849
2024-05-26 17:45:00,68883.51,68883.52,68819.37,68819.38,27.31027
2024-05-26 17:50:00,68819.38,68829.03,68777.96,68791.85,45.32581
2024-05-26 17:55:00,68791.85,68819.48,68731.36,68778.14,100.86113
2024-05-26 18:00:00,68778.14,68812.13,68745.93,68754.0,54.60758
2024-05-26 18:05:00,68754.01,68783.16,68744.0,68744.0,34.32225
2024-05-26 18:10:00,68744.01,68763.15,68734.08,68738.89,26.17674
2024-05-26 18:15:00,68738.9,68774.0,68717.61,68736.0,35.915
2024-05-26 18:20:00,68736.0,68749.99,68722.3,68738.28,30.91895
2024-05-26 18:25:00,68738.27,68748.0,68728.8,68740.75,29.14402
2024-05-26 18:30:00,68740.74,68812.13,68724.16,68812.13,33.07274
2024-05-26 18:35:00,68812.12,68812.13,68754.0,68767.77,24.36048
2024-05-26 18:40:00,68767.78,68781.44,68767.77,68778.14,23.14368
2024-05-26 18:45:00,68778.14,68838.0,68778.14,68818.88,41.3617
2024-05-26 18:50:00,68818.89,68842.8,68801.01,68806.68,23.13332
2024-05-26 18:55:00,68806.68,68806.68,68792.0,68800.16,8.14922
2024-05-26 19:00:00,68800.15,68839.74,68800.15,68839.74,18.66396
2024-05-26 19:05:00,68839.74,68896.0,68839.73,68888.81,30.81922
2024-05-26 19:10:00,68888.8,68916.22,68880.23,68880.23,38.02373
2024-05-26 19:15:00,68880.23,68895.44,68880.23,68895.44,12.15107
2024-05-26 19:20:00,68895.44,68915.57,68880.21,68884.01,18.40443
2024-05-26 19:25:00,68884.01,68884.01,68843.16,68843.17,16.93665
2024-05-26 19:30:00,68843.16,68884.97,68836.08,68884.97,12.79758
2024-05-26 19:35:00,68884.96,68890.01,68884.41,68884.42,8.96262
2024-05-26 19:40:00,68884.42,68890.01,68879.73,68890.01,10.33525
2024-05-26 19:45:00,68890.0,68913.71,68857.53,68857.53,24.31161
2024-05-26 19:50:00,68857.54,68878.18,68852.79,68871.99,20.51424
2024-05-26 19:55:00,68871.99,68903.54,68871.99,68903.54,28.09504
2024-05-26 20:00:00,68903.53,68911.56,68866.9,68866.91,27.88693
2024-05-26 20:05:00,68866.91,68890.65,68860.5,68876.01,12.79117
2024-05-26 20:10:00,68876.01,68876.01,68858.55,68858.55,7.66943
2024-05-26 20:15:00,68858.55,68858.56,68824.24,68824.24,13.79268
2024-05-26 20:20:00,68824.24,68824.25,68798.06,68798.07,10.92832
2024-05-26 20:25:00,68798.07,68798.07,68770.17,68780.01,14.39845
2024-05-26 20:30:00,68780.01,68780.01,68770.61,68770.62,9.524
2024-05-26 20:35:00,68770.62,68770.62,68756.8,68756.84,15.58529
2024-05-26 20:40:00,68756.85,68756.85,68720.66,68720.66,21.38996
2024-05-26 20:45:00,68720.66,68732.0,68720.66,68730.8,14.53488
2024-05-26 20:50:00,68730.8,68734.0,68721.42,68721.43,20.94862
2024-05-26 20:55:00,68721.43,68721.43,68720.84,68720.84,7.81903
2024-05-26 21:00:00,68720.85,68720.85,68611.0,68655.16,76.92311
2024-05-26 21:05:00,68655.17,68659.47,68651.44,68651.87,35.10137
2024-05-26 21:10:00,68651.87,68651.87,68555.0,68568.79,48.84358
2024-05-26 21:15:00,68568.79,68659.46,68568.79,68640.98,65.54472
2024-05-26 21:20:00,68640.99,68640.99,68586.0,68595.37,22.31094
2024-05-26 21:25:00,68595.36,68611.31,68595.36,68611.31,18.85832
2024-05-26 21:30:00,68611.31,68611.31,68128.01,68425.57,364.40097
2024-05-26 21:35:00,68425.58,68425.58,68304.0,68314.0,47.51963
2024-05-26 21:40:00,68314.01,68386.45,68314.0,68386.44,33.56596
2024-05-26 21:45:00,68386.44,68400.0,68298.01,68400.0,36.81631
2024-05-26 21:50:00,68400.0,68487.89,68399.99,68452.0,63.45513
2024-05-26 21:55:00,68451.99,68534.0,68451.99,68518.02,60.13037
2024-05-26 22:00:00,68518.02,68566.99,68464.0,68566.99,80.91939
2024-05-26 22:05:00,68566.98,68573.26,68537.17,68559.99,49.6652
2024-05-26 22:10:00,68559.99,68598.79,68559.24,68598.79,24.11266
2024-05-26 22:15:00,68598.78,68635.91,68580.01,68613.32,29.82361
2024-05-26 22:20:00,68613.33,68639.56,68613.32,68639.55,21.86168
2024-05-26 22:25:00,68639.55,68690.15,68639.55,68674.0,31.3655
2024-05-26 22:30:00,68674.0,68700.0,68665.82,68700.0,22.29096
2024-05-26 22:35:00,68700.0,68700.65,68656.04,68660.65,23.43676
2024-05-26 22:40:00,68660.65,68662.8,68635.87,68656.55,24.78456
2024-05-26 22:45:00,68656.55,68656.55,68620.13,68621.22,27.0821
2024-05-26 22:50:00,68621.21,68621.22,68588.01,68613.29,13.45783
2024-05-26 22:55:00,68613.3,68613.3,68560.0,68560.0,21.01219
2024-05-26 23:00:00,68560.01,68560.01,68504.11,68511.56,41.55407
2024-05-26 23:05:00,68511.57,68546.42,68511.56,68525.17,24.45507
2024-05-26 23:10:00,68525.17,68525.18,68500.0,68500.0,44.3516
2024-05-26 23:15:00,68500.01,68511.1,68436.0,68436.24,45.12601
2024-05-26 23:20:00,68436.25,68436.25,68361.96,68405.81,60.09402
2024-05-26 23:25:00,68405.8,68427.54,68376.0,68405.22,31.53979
2024-05-26 23:30:00,68405.22,68405.22,68344.0,68355.01,53.18389
2024-05-26 23:35:00,68355.01,68445.21,68350.0,68392.37,49.2858
2024-05-26 23:40:00,68392.37,68484.0,68385.03,68463.97,32.67903
2024-05-26 23:45:00,68463.97,68533.97,68463.96,68520.02,37.19339
2024-05-26 23:50:00,68520.01,68552.58,68520.0,68552.57,16.82504
2024-05-26 23:55:00,68552.57,68569.88,68507.67,68507.67,47.3117
2024-05-27 00:00:00,68507.67,68539.25,68481.31,68484.01,44.44014
2024-05-27 00:05:00,68484.01,68608.67,68484.0,68608.55,38.91705
2024-05-27 00:10:00,68608.55,68630.96,68585.14,68598.71,48.57189
2024-05-27 00:15:00,68598.71,68630.96,68598.7,68625.42,37.54585
2024-05-27 00:20:00,68625.42,68625.43,68593.12,68593.17,31.08074
2024-05-27 00:25:00,68593.16,68607.0,68550.64,68566.19,107.81686
2024-05-27 00:30:00,68566.2,68653.99,68558.07,68648.15,29.51733
2024-05-27 00:35:00,68648.16,68765.63,68648.15,68765.62,52.9534
2024-05-27 00:40:00,68765.62,68765.63,68721.41,68721.41,27.03363
2024-05-27 00:45:00,68721.41,68749.41,68721.41,68747.63,14.17869
2024-05-27 00:50:00,68747.63,68812.0,68747.63,68770.63,33.06922
2024-05-27 00:55:00,68770.64,68821.72,68756.57,68821.71,26.84815
2024-05-27 01:00:00,68821.72,68830.0,68763.98,68763.99,21.53414
2024-05-27 01:05:00,68763.98,68800.6,68756.0,68777.77,33.50296
2024-05-27 01:10:00,68777.78,68777.78,68740.9,68740.91,17.71989
2024-05-27 01:15:00,68740.9,68810.0,68740.75,68807.4,28.4871
2024-05-27 01:20:00,68807.4,68807.4,68776.85,68780.62,16.74406
2024-05-27 01:25:00,68780.61,68780.62,68767.12,68780.6,11.68436
2024-05-27 01:30:00,68780.6,68789.46,68775.07,68775.19,15.51072
2024-05-27 01:35:00,68775.19,69125.46,68775.19,69108.6,142.18583
2024-05-27 01:40:00,69108.6,69260.0,69108.59,69138.0,236.01912
2024-05-27 01:45:00,69138.0,69298.0,69132.06,69230.67,97.97337
2024-05-27 01:50:00,69230.68,69234.0,69054.0,69098.15,64.5289
2024-05-27 01:55:00,69098.16,69165.95,69074.01,69074.01,56.77571
2024-05-27 02:00:00,69074.02,69132.68,69036.99,69125.56,76.12549
2024-05-27 02:05:00,69125.57,69125.57,69020.49,69044.0,57.39529
2024-05-27 02:10:00,69043.99,69140.08,69039.32,69140.08,42.92569
2024-05-27 02:15:00,69140.08,69270.29,69132.62,69217.05,91.50547
2024-05-27 02:20:00,69217.06,69288.44,69184.0,69184.01,97.83642
2024-05-27 02:25:00,69184.0,69186.63,69140.6,69162.64,68.50966
2024-05-27 02:30:00,69162.64,69183.59,69089.4,69108.13,46.24648
2024-05-27 02:35:00,69108.12,69257.2,69108.12,69252.56,76.98496
2024-05-27 02:40:00,69252.56,69258.32,69114.0,69152.65,70.75696
2024-05-27 02:45:00,69152.66,69179.04,69089.4,69101.21,52.81942
2024-05-27 02:50:00,69101.2,69141.57,69101.2,69116.93,44.27279
2024-05-27 02:55:00,69116.93,69132.0,69085.1,69111.35,31.58648
2024-05-27 03:00:00,69111.34,69111.35,69059.19,69075.99,37.62585
2024-05-27 03:05:00,69076.0,69212.0,69075.99,69182.35,67.43224
2024-05-27 03:10:00,69182.35,69188.0,69096.34,69096.35,23.80336
2024-05-27 03:15:00,69096.35,69096.36,69039.32,69069.92,125.75836
2024-05-27 03:20:00,69069.93,69082.67,69018.78,69046.81,169.55417
2024-05-27 03:25:00,69046.8,69076.0,69017.0,69046.81,121.81151
2024-05-27 03:30:00,69046.8,69051.0,68980.0,68994.0,96.49303
2024-05-27 03:35:00,68994.0,69003.09,68936.21,68961.0,101.56266
2024-05-27 03:40:00,68960.99,68977.69,68909.96,68919.81,145.43103
2024-05-27 03:45:00,68919.8,68946.0,68899.81,68913.69,94.17423
2024-05-27 03:50:00,68913.68,68913.69,68826.91,68832.2,67.7884
2024-05-27 03:55:00,68832.21,68879.99,68832.2,68873.43,32.04826
2024-05-27 04:00:00,68873.43,68901.74,68840.16,68846.68,29.78123
2024-05-27 04:05:00,68846.69,68855.74,68804.0,68804.0,30.2231
2024-05-27 04:10:00,68804.01,68862.08,68804.0,68824.31,64.10034
2024-05-27 04:15:00,68824.31,68824.32,68794.98,68822.87,22.77996
2024-05-27 04:20:00,68822.87,68865.83,68822.86,68841.4,65.28963
2024-05-27 04:25:00,68841.4,68885.25,68836.6,68854.2,49.2536
2024-05-27 04:30:00,68854.2,68880.0,68807.35,68819.32,57.27763
2024-05-27 04:35:00,68819.31,68866.62,68819.31,68836.61,37.75157
2024-05-27 04:40:00,68836.61,68845.2,68820.6,68822.21,33.11048
2024-05-27 04:45:00,68822.21,68844.0,68810.32,68811.0,18.07508
2024-05-27 04:50:00,68811.01,68811.01,68764.71,68787.59,42.02242
2024-05-27 04:55:00,68787.59,68817.37,68770.0,68770.01,20.84366
2024-05-27 05:00:00,68770.0,68784.4,68750.95,68752.4,36.00986
2024-05-27 05:05:00,68752.41,68752.41,68729.95,68746.84,40.97665
2024-05-27 05:10:00,68746.85,68746.85,68724.57,68729.99,52.78713
2024-05-27 05:15:00,68730.0,68740.59,68666.66,68674.99,78.83056
2024-05-27 05:20:00,68674.99,68703.99,68674.98,68692.96,26.58107
2024-05-27 05:25:00,68692.95,68692.96,68366.66,68366.96,243.96624
2024-05-27 05:30:00,68366.96,68482.18,68321.95,68434.01,165.89768
2024-05-27 05:35:00,68434.01,68486.8,68387.65,68480.03,55.16319
2024-05-27 05:40:00,68480.03,68560.0,68474.0,68548.76,36.20667
2024-05-27 05:45:00,68548.76,68614.0,68536.0,68571.75,55.43014
2024-05-27 05:50:00,68571.75,68583.03,68553.02,68572.12,26.14755
2024-05-27 05:55:00,68572.12,68572.13,68524.6,68524.61,27.39658
2024-05-27 06:00:00,68524.6,68621.54,68480.51,68561.25,64.49612
2024-05-27 06:05:00,68561.24,68578.09,68536.84,68544.17,44.10778
2024-05-27 06:10:00,68544.16,68604.0,68544.16,68591.78,47.19997
2024-05-27 06:15:00,68591.78,68604.0,68548.01,68548.46,53.95542
2024-05-27 06:20:00,68548.45,68548.5,68531.69,68538.53,28.92992
2024-05-27 06:25:00,68538.54,68554.0,68514.0,68554.0,33.50543
2024-05-27 06:30:00,68554.0,68570.99,68520.94,68535.28,32.73745
2024-05-27 06:35:00,68535.29,68535.29,68500.0,68534.01,54.34778
2024-05-27 06:40:00,68534.0,68540.87,68468.0,68478.85,35.63393
2024-05-27 06:45:00,68478.85,68500.9,68429.83,68429.84,95.36664
2024-05-27 06:50:00,68429.84,68450.12,68404.69,68439.99,57.56414
2024-05-27 06:55:00,68440.0,68442.68,68393.23,68393.23,52.85292
2024-05-27 07:00:00,68393.23,68460.6,68393.23,68460.59,52.70539
2024-05-27 07:05:00,68460.59,68477.0,68430.01,68455.93,45.60395
2024-05-27 07:10:00,68455.93,68455.93,68413.56,68413.57,32.6786
2024-05-27 07:15:00,68413.56,68477.0,68341.84,68477.0,63.14403
2024-05-27 07:20:00,68477.0,68549.62,68476.99,68482.62,119.81878
2024-05-27 07:25:00,68482.62,68547.64,68464.46,68540.0,28.48327
2024-05-27 07:30:00,68540.0,68585.3,68540.0,68553.32,26.39891
2024-05-27 07:35:00,68553.32,68553.33,68514.0,68544.56,47.68403
2024-05-27 07:40:00,68544.56,68707.73,68544.55,68707.0,112.94162
2024-05-27 07:45:00,68706.99,68721.02,68684.13,68685.4,76.00264
2024-05-27 07:50:00,68685.4,68698.15,68647.46,68647.46,38.31048
2024-05-27 07:55:00,68647.47,68670.64,68643.34,68643.36,32.71307
2024-05-27 08:00:00,68643.36,68714.0,68643.35,68713.99,40.65357
2024-05-27 08:05:00,68714.0,68758.42,68708.19,68758.42,40.7976
2024-05-27 08:10:00,68758.41,68835.55,68755.24,68755.84,57.70577
2024-05-27 08:15:00,68755.85,68800.0,68735.97,68789.68,57.01823
2024-05-27 08:20:00,68789.68,68800.0,68770.0,68789.99,53.64297
2024-05-27 08:25:00,68789.99,68944.2,68789.99,68798.33,145.97458
2024-05-27 08:30:00,68798.33,68816.0,68720.0,68732.3,108.24026
2024-05-27 08:35:00,68732.29,68799.97,68714.58,68760.0,66.21488
2024-05-27 08:40:00,68760.01,68760.01,68684.61,68689.27,55.19974
2024-05-27 08:45:00,68689.27,68689.28,68560.2,68560.21,64.56411
2024-05-27 08:50:00,68560.21,68591.44,68521.52,68587.2,89.94622
2024-05-27 08:55:00,68587.21,68657.22,68587.2,68624.0,45.55293
2024-05-27 09:00:00,68624.01,68643.99,68569.4,68569.4,53.46137
2024-05-27 09:05:00,68569.4,68569.41,68469.99,68469.99,131.42074
2024-05-27 09:10:00,68470.0,68565.96,68430.95,68560.61,79.48154
2024-05-27 09:15:00,68560.61,68590.0,68474.0,68549.88,70.99594
2024-05-27 09:20:00,68549.87,68576.74,68528.23,68576.73,36.68166
2024-05-27 09:25:00,68576.73,68617.4,68573.76,68597.15,29.38277
2024-05-27 09:30:00,68597.16,68660.09,68597.15,68610.3,51.62273
2024-05-27 09:35:00,68610.31,68654.0,68577.81,68577.81,55.02701
2024-05-27 09:40:00,68577.81,68623.84,68574.6,68611.67,32.83944
2024-05-27 09:45:00,68611.67,68656.0,68611.67,68616.0,36.34437
2024-05-27 09:50:00,68616.01,68645.47,68600.0,68615.04,34.16034
2024-05-27 09:55:00,68615.03,68638.64,68595.0,68595.37,29.32693
2024-05-27 10:00:00,68595.36,68595.37,68519.41,68524.63,46.26156
2024-05-27 10:05:00,68524.62,68544.0,68467.42,68536.49,47.88406
2024-05-27 10:10:00,68536.49,68579.82,68528.79,68575.74,32.91704
2024-05-27 10:15:00,68575.74,68585.28,68540.0,68570.35,44.74172
2024-05-27 10:20:00,68570.34,68570.99,68542.13,68542.13,29.45092
2024-05-27 10:25:00,68542.13,68542.14,68442.68,68454.52,85.09299
2024-05-27 10:30:00,68454.51,68481.14,68425.49,68481.13,88.60294
2024-05-27 10:35:00,68481.13,68519.52,68472.0,68500.48,35.49234
2024-05-27 10:40:00,68500.48,68505.4,68460.0,68489.4,37.79366
2024-05-27 10:45:00,68489.4,68543.59,68422.08,68540.01,55.42328
2024-05-27 10:50:00,68540.01,68578.33,68540.0,68578.32,52.80386
2024-05-27 10:55:00,68578.32,68598.48,68568.81,68577.79,50.23741
2024-05-27 11:00:00,68577.79,68637.76,68548.6,68629.99,78.03835
2024-05-27 11:05:00,68629.99,68679.8,68560.17,68566.48,85.44334
2024-05-27 11:10:00,68566.47,68633.37,68566.47,68615.78,44.40618
2024-05-27 11:15:00,68615.78,68615.79,68591.37,68591.38,20.18916
2024-05-27 11:20:00,68591.38,68591.38,68532.0,68549.52,34.75579
2024-05-27 11:25:00,68549.53,68549.53,68480.0,68480.01,34.41244
2024-05-27 11:30:00,68480.0,68519.99,68474.0,68496.95,49.367
2024-05-27 11:35:00,68496.95,68496.96,68256.3,68297.22,144.3401
2024-05-27 11:40:00,68297.22,68374.0,68250.0,68349.06,128.14771
2024-05-27 11:45:00,68349.06,68381.08,68320.0,68370.28,51.48162
2024-05-27 11:50:00,68370.28,68492.01,68367.31,68418.97,144.12077
2024-05-27 11:55:00,68418.97,68464.0,68416.01,68434.26,49.20745
2024-05-27 12:00:00,68434.26,68475.98,68401.57,68401.58,36.62501
2024-05-27 12:05:00,68401.57,68440.0,68384.0,68439.99,57.65662
2024-05-27 12:10:00,68440.0,68449.28,68392.01,68420.58,43.74975
2024-05-27 12:15:00,68420.59,68463.78,68420.58,68439.11,35.23549
2024-05-27 12:20:00,68439.1,68477.67,68420.0,68446.67,40.13273
2024-05-27 12:25:00,68446.66,68511.9,68446.66,68496.0,31.31371
2024-05-27 12:30:00,68496.01,68592.7,68496.0,68574.11,85.14987
2024-05-27 12:35:00,68574.11,68600.0,68520.47,68572.69,66.07274
2024-05-27 12:40:00,68572.69,68627.34,68540.0,68627.34,45.22235
2024-05-27 12:45:00,68627.34,68627.34,68579.69,68588.0,45.18262
2024-05-27 12:50:00,68588.0,68607.26,68587.99,68604.04,84.65816
2024-05-27 12:55:00,68604.04,68643.25,68565.55,68621.42,85.97451
2024-05-27 13:00:00,68621.43,68650.24,68601.3,68601.3,50.94673
2024-05-27 13:05:00,68601.31,68775.19,68601.3,68738.27,88.61389
2024-05-27 13:10:00,68738.27,68856.29,68720.17,68855.79,121.94632
2024-05-27 13:15:00,68855.79,69035.29,68855.79,68948.6,269.23682
2024-05-27 13:20:00,68948.6,68960.0,68815.12,68815.12,79.2409
2024-05-27 13:25:00,68815.12,68844.0,68798.86,68818.54,62.43319
2024-05-27 13:30:00,68818.55,68845.19,68714.51,68723.16,71.26497
2024-05-27 13:35:00,68723.17,68862.3,68723.16,68862.3,83.8739
2024-05-27 13:40:00,68862.3,68911.86,68862.29,68901.55,56.45938
2024-05-27 13:45:00,68901.56,68964.0,68884.0,68934.0,74.88999
2024-05-27 13:50:00,68934.01,69045.8,68910.29,68998.86,80.16329
2024-05-27 13:55:00,68998.86,69020.86,68912.0,68919.24,69.89256
2024-05-27 14:00:00,68919.24,68987.13,68919.24,68987.11,74.48347
2024-05-27 14:05:00,68987.12,68987.12,68828.8,68912.31,106.88198
2024-05-27 14:10:00,68912.31,69000.0,68906.91,68970.36,74.91199
2024-05-27 14:15:00,68970.36,69033.0,68967.25,68994.01,103.38559
2024-05-27 14:20:00,68994.01,69191.71,68994.0,69073.99,170.06805
2024-05-27 14:25:00,69073.99,69075.34,69016.12,69058.32,95.2486
2024-05-27 14:30:00,69058.32,69166.33,69058.32,69166.32,88.83743
2024-05-27 14:35:00,69166.32,69300.0,69157.57,69184.27,206.66157
2024-05-27 14:40:00,69184.27,69184.28,69100.38,69144.26,64.46029
2024-05-27 14:45:00,69144.26,69162.64,69094.0,69162.64,64.68781
2024-05-27 14:50:00,69162.64,69497.89,69135.96,69488.18,306.92216
2024-05-27 14:55:00,69488.18,69500.0,69409.08,69500.0,226.5487
2024-05-27 15:00:00,69500.0,69731.0,69499.99,69615.01,465.0661
2024-05-27 15:05:00,69615.0,69825.0,69615.0,69820.49,236.93612
2024-05-27 15:10:00,69820.49,69900.0,69754.29,69882.5,237.37212
2024-05-27 15:15:00,69882.51,69993.08,69882.25,69984.0,306.2047
2024-05-27 15:20:00,69983.99,70050.0,69790.0,69790.01,340.99132
2024-05-27 15:25:00,69790.0,69864.0,69714.14,69770.0,116.39496
2024-05-27 15:30:00,69770.01,70099.99,69770.0,70088.02,237.18967
2024-05-27 15:35:00,70088.02,70399.98,70042.57,70324.4,706.16237
2024-05-27 15:40:00,70324.39,70479.87,70270.86,70318.56,303.76345
2024-05-27 15:45:00,70318.56,70520.3,70256.0,70256.0,332.48821
2024-05-27 15:50:00,70256.01,70312.62,70200.6,70312.61,228.8648
2024-05-27 15:55:00,70312.62,70423.99,70300.0,70373.85,195.36821
2024-05-27 16:00:00,70373.86,70564.0,70373.85,70520.0,229.37303
2024-05-27 16:05:00,70519.99,70616.81,70450.0,70600.14,251.08288
2024-05-27 16:10:00,70600.14,70635.23,70559.29,70568.01,138.32968
2024-05-27 16:15:00,70568.0,70687.56,70525.33,70640.01,205.93369
2024-05-27 16:20:00,70640.0,70655.78,70381.52,70400.0,201.46229
2024-05-27 16:25:00,70400.0,70554.21,70399.99,70448.68,98.95897
2024-05-27 16:30:00,70448.68,70489.71,70179.76,70310.02,220.2628
2024-05-27 16:35:00,70310.02,70362.71,70268.79,70362.7,140.57403
2024-05-27 16:40:00,70362.7,70460.0,70318.83,70322.31,94.17572
2024-05-27 16:45:00,70322.31,70322.31,70188.84,70243.82,148.60922
2024-05-27 16:50:00,70243.82,70299.97,70225.16,70225.16,115.33961
2024-05-27 16:55:00,70225.16,70229.16,70153.45,70161.22,113.21537
2024-05-27 17:00:00,70161.21,70326.4,70161.21,70284.0,154.61864
2024-05-27 17:05:00,70284.01,70325.0,70257.48,70270.0,68.69796
2024-05-27 17:10:00,70270.0,70350.0,70269.99,70325.64,49.70905
2024-05-27 17:15:00,70325.65,70340.31,70210.96,70210.96,46.9041
2024-05-27 17:20:00,70210.97,70226.7,70029.93,70071.34,117.95293
2024-05-27 17:25:00,70071.33,70214.0,70071.33,70167.43,81.9024
2024-05-27 17:30:00,70167.43,70250.0,70160.62,70234.58,55.18504
2024-05-27 17:35:00,70234.58,70269.64,70200.31,70212.0,72.2955
2024-05-27 17:40:00,70211.99,70220.0,70174.0,70190.65,51.36644
2024-05-27 17:45:00,70190.66,70195.99,70077.62,70156.36,53.84546
2024-05-27 17:50:00,70156.37,70179.71,70106.8,70168.0,49.98381
2024-05-27 17:55:00,70168.0,70218.62,70160.0,70184.01,64.70842
2024-05-27 18:00:00,70184.0,70228.0,70129.37,70140.0,98.44667
2024-05-27 18:05:00,70139.99,70231.51,70120.84,70231.0,61.08286
2024-05-27 18:10:00,70231.0,70250.0,70125.2,70135.75,49.48767
2024-05-27 18:15:00,70135.75,70135.76,70088.0,70101.83,66.54516
2024-05-27 18:20:00,70101.82,70135.76,70065.0,70107.7,51.99784
2024-05-27 18:25:00,70107.71,70107.71,70068.01,70068.02,46.09579
2024-05-27 18:30:00,70068.01,70091.52,70044.0,70049.0,48.94663
2024-05-27 18:35:00,70049.01,70091.52,70031.38,70076.01,39.42921
2024-05-27 18:40:00,70076.0,70080.0,70014.36,70014.99,40.88281
2024-05-27 18:45:00,70015.0,70015.0,69882.11,69938.02,119.06934
2024-05-27 18:50:00,69938.01,69971.42,69938.01,69966.85,48.64736
2024-05-27 18:55:00,69966.85,69985.5,69934.0,69985.5,31.76081
2024-05-27 19:00:00,69985.49,70113.35,69970.0,70066.19,105.16397
2024-05-27 19:05:00,70066.18,70075.99,70044.0,70048.02,23.92475
2024-05-27 19:10:00,70048.02,70048.02,69883.0,69883.0,97.55439
2024-05-27 19:15:00,69883.01,69953.99,69830.96,69930.65,45.99103
2024-05-27 19:20:00,69930.65,69963.49,69928.35,69936.9,32.87842
2024-05-27 19:25:00,69936.9,69960.0,69936.89,69950.01,21.6018
2024-05-27 19:30:00,69950.0,69999.0,69940.85,69940.85,46.0475
2024-05-27 19:35:00,69940.85,69943.99,69904.01,69917.59,29.9226
2024-05-27 19:40:00,69917.59,69920.42,69730.0,69836.0,113.50349
2024-05-27 19:45:00,69836.01,69836.01,69200.0,69211.57,451.76281
2024-05-27 19:50:00,69211.58,69444.0,69069.0,69373.86,366.02157
2024-05-27 19:55:00,69373.86,69394.65,69202.32,69260.01,147.51198
2024-05-27 20:00:00,69260.02,69468.0,69177.01,69468.0,153.89813
2024-05-27 20:05:00,69467.99,69510.29,69400.0,69440.0,105.38958
2024-05-27 20:10:00,69440.01,69508.98,69416.25,69463.98,72.39644
2024-05-27 20:15:00,69463.99,69565.23,69463.98,69500.01,82.45047
2024-05-27 20:20:00,69500.0,69631.48,69499.21,69621.67,93.4572
2024-05-27 20:25:00,69621.67,69678.65,69616.01,69636.62,52.38964
2024-05-27 20:30:00,69636.61,69655.81,69572.15,69620.0,81.85605
2024-05-27 20:35:00,69619.99,69724.21,69592.0,69680.0,46.28693
2024-05-27 20:40:00,69680.0,69681.31,69544.69,69614.0,65.62538
2024-05-27 20:45:00,69614.0,69654.0,69572.0,69620.76,43.41559
2024-05-27 20:50:00,69620.76,69720.0,69612.0,69720.0,31.63644
2024-05-27 20:55:00,69720.0,69720.0,69640.0,69660.01,34.71795
2024-05-27 21:00:00,69660.0,69680.0,69631.24,69677.01,51.67475
2024-05-27 21:05:00,69677.01,69679.99,69635.73,69644.21,20.39593
2024-05-27 21:10:00,69644.21,69777.77,69644.21,69725.95,50.80001
2024-05-27 21:15:00,69725.96,69744.0,69688.0,69695.98,24.31556
2024-05-27 21:20:00,69695.98,69695.99,69644.0,69680.0,31.74407
2024-05-27 21:25:00,69679.99,69716.9,69679.99,69700.0,13.00784
2024-05-27 21:30:00,69699.99,69749.98,69699.99,69736.77,29.93267
2024-05-27 21:35:00,69736.76,69736.77,69650.0,69654.82,26.37078
2024-05-27 21:40:00,69654.82,69699.08,69651.33,69699.07,22.4687
2024-05-27 21:45:00,69699.07,69699.08,69600.0,69601.35,25.97077
2024-05-27 21:50:00,69601.35,69691.99,69589.99,69691.98,52.89352
2024-05-27 21:55:00,69691.98,69887.9,69691.98,69805.0,83.91648
2024-05-27 22:00:00,69805.01,69805.01,69639.39,69652.01,151.3919
2024-05-27 22:05:00,69652.02,69671.98,69621.15,69636.7,57.63603
2024-05-27 22:10:00,69636.69,69672.49,69582.81,69652.02,56.45484
2024-05-27 22:15:00,69652.01,69660.0,69624.41,69653.41,29.38059
2024-05-27 22:20:00,69653.41,69653.42,69620.0,69625.4,27.5214
2024-05-27 22:25:00,69625.4,69717.12,69625.4,69704.01,19.12149
2024-05-27 22:30:00,69704.01,69707.49,69640.0,69658.88,29.28653
2024-05-27 22:35:00,69658.88,69694.01,69648.44,69694.01,29.43903
2024-05-27 22:40:00,69694.0,69694.01,69635.86,69635.86,30.66058
2024-05-27 22:45:00,69635.86,69643.53,69555.81,69591.99,45.17183
2024-05-27 22:50:00,69591.99,69591.99,69560.0,69570.98,37.76878
2024-05-27 22:55:00,69570.99,69591.59,69560.0,69591.58,21.55341
2024-05-27 23:00:00,69591.59,69591.59,69524.97,69527.58,26.87412
2024-05-27 23:05:00,69527.58,69539.64,69514.0,69516.7,24.19198
2024-05-27 23:10:00,69516.71,69534.4,69514.54,69514.55,33.75149
2024-05-27 23:15:00,69514.54,69514.55,69428.57,69432.72,86.32086
2024-05-27 23:20:00,69432.72,69447.8,69400.0,69406.99,49.51457
2024-05-27 23:25:00,69406.99,69430.78,69389.1,69399.99,62.38815
2024-05-27 23:30:00,69399.99,69400.0,69335.78,69380.48,58.16697
2024-05-27 23:35:00,69380.48,69393.99,69324.0,69339.15,49.38642
2024-05-27 23:40:00,69339.16,69382.65,69324.0,69370.31,47.38732
2024-05-27 23:45:00,69370.32,69447.8,69370.32,69402.18,105.16804
2024-05-27 23:50:00,69402.19,69453.99,69396.88,69446.25,49.20954
2024-05-27 23:55:00,69446.25,69468.68,69436.42,69436.43,42.53295
2024-05-28 00:00:00,69436.43,69472.99,69372.99,69386.42,84.12087
2024-05-28 00:05:00,69386.42,69416.33,69378.83,69378.83,33.7808
2024-05-28 00:10:00,69378.83,69414.38,69378.74,69395.87,36.15681
2024-05-28 00:15:00,69395.87,69395.87,69309.49,69352.12,67.47941
2024-05-28 00:20:00,69352.12,69414.0,69325.22,69354.38,57.58331
2024-05-28 00:25:00,69354.39,69354.4,69301.83,69313.99,80.07359
2024-05-28 00:30:00,69313.99,69337.16,69300.47,69309.62,57.63607
2024-05-28 00:35:00,69309.63,69309.63,69230.8,69289.12,69.05768
2024-05-28 00:40:00,69289.12,69289.13,69229.98,69268.87,65.83982
2024-05-28 00:45:00,69268.87,69268.87,69100.0,69144.0,150.34803
2024-05-28 00:50:00,69144.0,69203.0,69107.0,69202.99,79.23148
2024-05-28 00:55:00,69202.99,69386.0,69167.21,69377.41,79.0452
2024-05-28 01:00:00,69377.4,69444.0,69345.47,69403.46,46.06954
2024-05-28 01:05:00,69403.46,69462.5,69396.0,69443.42,36.27889
2024-05-28 01:10:00,69443.43,69443.68,69402.47,69443.68,24.3934
2024-05-28 01:15:00,69443.68,69464.72,69404.0,69404.01,34.28234
2024-05-28 01:20:00,69404.0,69427.05,69404.0,69427.05,22.6483
2024-05-28 01:25:00,69427.04,69432.42,69354.01,69360.31,34.78318
2024-05-28 01:30:00,69360.31,69515.68,69360.31,69506.98,66.83236
2024-05-28 01:35:00,69506.97,69591.81,69425.53,69430.79,111.40024
2024-05-28 01:40:00,69430.8,69448.22,69317.02,69317.02,52.33707
2024-05-28 01:45:00,69317.03,69317.03,68680.0,68700.0,543.08499
2024-05-28 01:50:00,68699.99,68780.18,68574.0,68668.0,378.61165
2024-05-28 01:55:00,68667.99,68691.98,68515.86,68614.11,249.57433
2024-05-28 02:00:00,68614.11,68702.62,68420.03,68572.2,340.79238
2024-05-28 02:05:00,68572.21,68604.97,68424.0,68464.0,213.82615
2024-05-28 02:10:00,68463.99,68714.28,68463.99,68714.28,291.15939
2024-05-28 02:15:00,68714.28,68748.0,68658.89,68712.29,124.39785
2024-05-28 02:20:00,68712.29,68842.36,68695.86,68799.2,131.78759
2024-05-28 02:25:00,68799.2,68823.61,68737.99,68744.55,70.44338
2024-05-28 02:30:00,68744.54,68779.69,68710.0,68779.33,90.02311
2024-05-28 02:35:00,68779.32,68785.29,68610.18,68610.18,142.2973
2024-05-28 02:40:00,68610.18,68710.0,68602.99,68658.62,89.98222
2024-05-28 02:45:00,68658.62,68736.6,68658.62,68721.67,153.00489
2024-05-28 02:50:00,68721.68,68736.59,68688.77,68696.0,57.77285
2024-05-28 02:55:00,68695.99,68740.0,68680.0,68680.0,66.52846
2024-05-28 03:00:00,68680.01,68738.48,68636.68,68636.68,136.08288
2024-05-28 03:05:00,68636.68,68636.69,68351.0,68409.38,310.14673
2024-05-28 03:10:00,68409.38,68493.9,68350.0,68473.96,181.41789
2024-05-28 03:15:00,68473.97,68554.0,68413.59,68435.99,105.89185
2024-05-28 03:20:00,68436.0,68528.0,68435.99,68461.65,107.88369
2024-05-28 03:25:00,68461.64,68461.65,68080.0,68219.42,505.02305
2024-05-28 03:30:00,68219.42,68317.65,68164.58,68173.06,104.93517
2024-05-28 03:35:00,68173.06,68184.0,67753.0,67874.01,683.6673
2024-05-28 03:40:00,67874.02,67973.78,67840.0,67840.01,161.58011
2024-05-28 03:45:00,67840.02,67911.52,67840.01,67870.0,137.97495
2024-05-28 03:50:00,67870.01,68071.01,67850.18,68064.13,69.48157
2024-05-28 03:55:00,68064.13,68137.02,68042.41,68050.3,98.37424
2024-05-28 04:00:00,68050.3,68134.0,67975.48,68120.01,102.06409
2024-05-28 04:05:00,68120.0,68120.01,67990.0,68009.09,154.7821
2024-05-28 04:10:00,68009.09,68055.99,67875.68,67884.36,138.23527
2024-05-28 04:15:00,67884.36,68003.84,67804.0,67968.77,94.84859
2024-05-28 04:20:00,67968.76,67983.0,67824.0,67824.0,63.55889
2024-05-28 04:25:00,67824.01,67878.68,67650.0,67733.83,158.17669
2024-05-28 04:30:00,67733.83,67791.59,67500.0,67500.01,361.77453
2024-05-28 04:35:00,67500.01,67746.04,67486.65,67745.03,221.49355
2024-05-28 04:40:00,67745.03,67810.0,67626.17,67636.0,131.12024
2024-05-28 04:45:00,67635.99,67784.0,67635.99,67784.0,81.46421
2024-05-28 04:50:00,67784.0,67790.0,67727.08,67758.3,79.35734
2024-05-28 04:55:00,67758.31,67824.0,67758.3,67797.29,31.46461
2024-05-28 05:00:00,67797.28,67797.29,67660.0,67733.98,117.09251
2024-05-28 05:05:00,67733.99,67802.77,67685.25,67764.7,128.85768
2024-05-28 05:10:00,67764.7,67987.28,67764.7,67924.0,185.00487
2024-05-28 05:15:00,67924.0,67924.0,67836.83,67836.84,96.3689
2024-05-28 05:20:00,67836.84,67846.78,67763.88,67835.14,88.25887
2024-05-28 05:25:00,67835.13,67853.16,67791.32,67825.23,54.6581
2024-05-28 05:30:00,67825.22,67857.28,67804.0,67836.25,77.63378
2024-05-28 05:35:00,67836.24,67923.05,67774.0,67908.0,81.10351
2024-05-28 05:40:00,67908.0,67959.53,67901.43,67949.9,43.5053
2024-05-28 05:45:00,67949.91,67971.36,67866.23,67866.23,67.38548
2024-05-28 05:50:00,67866.23,67936.1,67866.23,67936.09,52.0839
2024-05-28 05:55:00,67936.09,68049.67,67936.09,68049.67,70.21599
2024-05-28 06:00:00,68049.67,68050.0,67973.43,68010.58,106.01914
2024-05-28 06:05:00,68010.57,68012.9,67933.07,67933.07,60.02693
2024-05-28 06:10:00,67933.08,67953.78,67877.53,67953.78,71.62293
2024-05-28 06:15:00,67953.77,67971.99,67905.41,67939.99,75.00629
2024-05-28 06:20:00,67939.99,67940.0,67912.92,67914.0,40.27424
2024-05-28 06:25:00,67914.0,67914.01,67823.52,67832.01,92.09511
2024-05-28 06:30:00,67832.01,67865.0,67787.0,67864.99,54.40528
2024-05-28 06:35:00,67865.0,67927.43,67860.0,67875.24,46.20455
2024-05-28 06:40:00,67875.23,68041.83,67875.23,68032.01,113.46078
2024-05-28 06:45:00,68032.0,68093.49,68011.11,68011.12,118.23556
2024-05-28 06:50:00,68011.11,68018.11,67980.0,68010.0,65.52175
2024-05-28 06:55:00,68009.99,68011.69,67920.6,67972.8,70.72128
2024-05-28 07:00:00,67972.79,68030.0,67924.09,67924.1,94.45022
2024-05-28 07:05:00,67924.1,67943.99,67887.78,67888.55,47.53939
2024-05-28 07:10:00,67888.55,67930.0,67857.06,67928.01,129.93973
2024-05-28 07:15:00,67928.01,67928.01,67826.72,67826.72,220.66065
2024-05-28 07:20:00,67826.72,67868.9,67824.0,67828.07,90.73453
2024-05-28 07:25:00,67828.07,67832.49,67800.0,67832.49,149.38024
2024-05-28 07:30:00,67832.48,67859.15,67805.58,67805.58,32.22029
2024-05-28 07:35:00,67805.59,67856.56,67731.13,67856.55,80.98396
2024-05-28 07:40:00,67856.55,67856.56,67745.06,67795.97,143.54115
2024-05-28 07:45:00,67795.96,67826.16,67747.25,67760.0,76.81221
2024-05-28 07:50:00,67760.0,67760.0,67673.59,67693.32,78.08227
2024-05-28 07:55:00,67693.32,67728.98,67658.24,67694.0,185.80719
2024-05-28 08:00:00,67694.01,67694.01,67582.13,67632.67,165.88404
2024-05-28 08:05:00,67632.67,67837.0,67624.0,67822.19,241.49144
2024-05-28 08:10:00,67822.19,67924.0,67822.19,67923.99,185.36196
2024-05-28 08:15:00,67924.0,67980.83,67861.31,67861.31,69.65281
2024-05-28 08:20:00,67861.32,67947.99,67861.31,67947.86,88.74131
2024-05-28 08:25:00,67947.85,68019.91,67947.85,68014.77,96.53753
2024-05-28 08:30:00,68014.76,68015.36,67938.65,67939.45,62.94876
2024-05-28 08:35:00,67939.44,68034.22,67939.44,68024.01,64.07809
2024-05-28 08:40:00,68024.01,68080.25,68020.11,68072.0,103.63886
2024-05-28 08:45:00,68072.01,68250.0,68072.0,68195.99,167.11035
2024-05-28 08:50:00,68195.99,68217.25,68124.61,68143.4,211.31609
2024-05-28 08:55:00,68143.4,68160.0,68083.33,68159.99,66.34888
2024-05-28 09:00:00,68160.0,68160.0,68082.81,68094.22,68.66386
2024-05-28 09:05:00,68094.21,68119.98,68068.01,68119.29,78.53414
2024-05-28 09:10:00,68119.3,68194.0,68100.0,68120.0,107.59988
2024-05-28 09:15:00,68120.0,68143.61,68065.58,68065.74,88.95498
2024-05-28 09:20:00,68065.73,68109.99,68024.57,68104.0,108.76971
2024-05-28 09:25:00,68103.99,68168.47,68072.8,68148.01,88.51869
2024-05-28 09:30:00,68148.01,68183.69,68112.0,68157.25,61.54672
2024-05-28 09:35:00,68157.25,68198.9,68130.0,68191.4,52.54035
2024-05-28 09:40:00,68191.4,68405.84,68191.4,68405.84,155.55873
2024-05-28 09:45:00,68405.84,68523.99,68335.33,68485.51,206.55384
2024-05-28 09:50:00,68485.52,68485.52,68334.0,68374.11,165.1144
2024-05-28 09:55:00,68374.1,68446.0,68330.0,68336.24,146.39161
2024-05-28 10:00:00,68336.24,68439.24,68249.99,68439.23,169.75155
2024-05-28 10:05:00,68439.24,68542.85,68408.0,68445.74,195.20301
2024-05-28 10:10:00,68445.75,68727.59,68436.18,68720.74,273.46388
2024-05-28 10:15:00,68720.75,68902.71,68716.91,68804.02,641.55478
2024-05-28 10:20:00,68804.02,68804.02,68651.97,68672.41,124.80926
2024-05-28 10:25:00,68672.4,68697.99,68640.91,68640.91,63.30052
2024-05-28 10:30:00,68640.92,68697.48,68560.91,68569.21,58.24242
2024-05-28 10:35:00,68569.2,68579.07,68490.47,68523.68,98.3844
2024-05-28 10:40:00,68523.68,68552.45,68483.13,68483.13,46.82711
2024-05-28 10:45:00,68483.13,68524.69,68460.84,68501.64,74.48592
2024-05-28 10:50:00,68501.65,68601.13,68501.64,68592.01,111.30555
2024-05-28 10:55:00,68592.01,68609.82,68590.0,68592.01,77.29115
2024-05-28 11:00:00,68592.01,68592.01,68530.0,68530.01,44.67002
2024-05-28 11:05:00,68530.01,68586.88,68514.0,68586.87,51.97821
2024-05-28 11:10:00,68586.88,68636.03,68580.46,68636.03,32.34553
2024-05-28 11:15:00,68636.03,68665.59,68603.99,68638.99,114.41193
2024-05-28 11:20:00,68638.98,68638.99,68570.0,68570.01,34.99511
2024-05-28 11:25:00,68570.01,68573.43,68514.18,68514.19,25.39501
2024-05-28 11:30:00,68514.19,68530.0,68372.72,68372.73,98.89622
2024-05-28 11:35:00,68372.72,68427.42,68265.01,68325.79,148.15165
2024-05-28 11:40:00,68325.8,68444.0,68280.11,68443.99,116.39152
2024-05-28 11:45:00,68443.99,68454.86,68368.29,68454.86,96.3638
2024-05-28 11:50:00,68454.86,68488.78,68296.71,68384.34,152.90049
2024-05-28 11:55:00,68384.33,68423.93,68346.97,68389.87,50.31334
2024-05-28 12:00:00,68389.87,68391.53,68267.59,68315.99,63.01815
2024-05-28 12:05:00,68315.99,68330.72,68237.13,68278.21,69.99253
2024-05-28 12:10:00,68278.2,68278.21,68244.0,68260.0,48.17144
2024-05-28 12:15:00,68260.01,68433.19,68250.92,68372.99,129.55979
2024-05-28 12:20:00,68372.99,68406.64,68356.01,68406.64,41.44867
2024-05-28 12:25:00,68406.63,68489.88,68406.63,68452.05,57.50889
2024-05-28 12:30:00,68452.05,68559.99,68437.1,68559.99,84.632
2024-05-28 12:35:00,68559.99,68559.99,68481.16,68481.16,47.56765
2024-05-28 12:40:00,68481.17,68524.0,68300.0,68300.0,93.72481
2024-05-28 12:45:00,68300.0,68372.64,68290.0,68348.0,78.95563
2024-05-28 12:50:00,68347.99,68471.9,68347.99,68413.34,79.59446
2024-05-28 12:55:00,68413.35,68413.35,68154.21,68208.63,209.63293
2024-05-28 13:00:00,68208.64,68320.0,68199.7,68312.01,133.33937
2024-05-28 13:05:00,68312.0,68312.01,68097.2,68125.2,144.45268
2024-05-28 13:10:00,68125.19,68201.43,68051.91,68170.0,145.25585
2024-05-28 13:15:00,68170.0,68272.9,68168.0,68272.9,94.80815
2024-05-28 13:20:00,68272.89,68440.0,68260.0,68423.24,147.06796
2024-05-28 13:25:00,68423.23,68478.45,68380.01,68399.99,117.26762
2024-05-28 13:30:00,68399.99,68433.43,68172.82,68188.01,220.90238
2024-05-28 13:35:00,68188.01,68188.01,67870.01,68021.28,461.32026
2024-05-28 13:40:00,68021.27,68142.52,67974.0,68034.0,140.24128
2024-05-28 13:45:00,68034.0,68034.01,67770.86,67774.93,491.44089
2024-05-28 13:50:00,67774.93,68022.4,67774.92,67869.45,236.53667
2024-05-28 13:55:00,67869.45,67884.91,67659.93,67792.0,262.36811
2024-05-28 14:00:00,67792.0,67839.36,67529.62,67830.81,346.78127
2024-05-28 14:05:00,67830.81,67918.69,67788.02,67904.02,225.96943
2024-05-28 14:10:00,67904.02,68116.56,67886.57,68046.75,210.59636
2024-05-28 14:15:00,68046.74,68217.14,68046.74,68217.13,121.31039
2024-05-28 14:20:00,68217.13,68253.99,68094.01,68156.34,140.60244
2024-05-28 14:25:00,68156.35,68174.12,67965.38,68053.99,156.82004
2024-05-28 14:30:00,68053.99,68144.0,67996.0,68068.02,130.70479
2024-05-28 14:35:00,68068.01,68092.09,67840.12,67980.0,181.25378
2024-05-28 14:40:00,67979.99,67980.0,67719.38,67814.7,192.75343
2024-05-28 14:45:00,67814.69,67960.32,67656.5,67936.0,172.24479
2024-05-28 14:50:00,67936.0,68165.21,67936.0,68033.93,303.28172
2024-05-28 14:55:00,68033.93,68091.99,67950.0,67969.0,87.85066
2024-05-28 15:00:00,67968.99,68012.0,67783.78,67834.0,155.36515
2024-05-28 15:05:00,67834.01,67960.0,67728.78,67960.0,117.69392
2024-05-28 15:10:00,67960.0,68148.27,67896.84,68096.76,159.59731
2024-05-28 15:15:00,68096.75,68106.08,67924.02,67987.02,107.24273
2024-05-28 15:20:00,67987.03,68014.75,67840.74,67985.66,105.7722
2024-05-28 15:25:00,67985.65,67996.0,67874.0,67941.04,110.51448
2024-05-28 15:30:00,67941.03,68064.73,67914.72,68027.19,78.85566
2024-05-28 15:35:00,68027.19,68289.07,68027.18,68230.61,147.78274
2024-05-28 15:40:00,68230.61,68391.58,68230.6,68250.34,176.6468
2024-05-28 15:45:00,68250.34,68396.48,68236.97,68344.0,96.00019
2024-05-28 15:50:00,68344.0,68460.0,68320.0,68414.33,114.45091
2024-05-28 15:55:00,68414.33,68460.53,68372.63,68374.08,76.93584
2024-05-28 16:00:00,68374.08,68457.19,68374.08,68416.5,89.25745
2024-05-28 16:05:00,68416.5,68428.0,68260.0,68306.96,83.42115
2024-05-28 16:10:00,68306.95,68370.0,68249.96,68340.01,144.4873
2024-05-28 16:15:00,68340.0,68342.97,68114.62,68144.12,87.15737
2024-05-28 16:20:00,68144.12,68211.99,68114.0,68162.37,67.22005
2024-05-28 16:25:00,68162.37,68162.38,67871.68,67871.68,134.54577
2024-05-28 16:30:00,67871.68,67921.3,67769.39,67825.27,180.04022
2024-05-28 16:35:00,67825.27,67911.89,67796.15,67860.0,142.04154
2024-05-28 16:40:00,67859.99,67888.0,67769.39,67791.08,149.06255
2024-05-28 16:45:00,67791.08,67847.99,67714.39,67759.54,92.599
2024-05-28 16:50:00,67759.53,67864.0,67759.53,67817.01,119.79413
2024-05-28 16:55:00,67817.02,67860.34,67713.02,67713.22,77.59429
2024-05-28 17:00:00,67713.22,67780.0,67640.46,67699.0,149.8811
2024-05-28 17:05:00,67699.01,67859.36,67674.37,67849.99,81.74444
2024-05-28 17:10:00,67849.99,68048.18,67834.0,68048.18,138.60647
2024-05-28 17:15:00,68048.17,68054.72,67920.94,67954.46,109.20042
2024-05-28 17:20:00,67954.45,67987.49,67853.58,67896.44,57.46182
2024-05-28 17:25:00,67896.45,67962.31,67884.0,67945.67,51.06296
2024-05-28 17:30:00,67945.66,67980.0,67861.96,67972.39,53.12862
2024-05-28 17:35:00,67972.38,68096.76,67972.38,68070.02,69.43896
2024-05-28 17:40:00,68070.02,68159.54,68070.01,68094.0,72.12251
2024-05-28 17:45:00,68094.01,68155.9,67986.38,67986.39,168.84275
2024-05-28 17:50:00,67986.39,67986.39,67890.0,67899.99,53.05672
2024-05-28 17:55:00,67899.99,67899.99,67758.18,67782.67,138.321
2024-05-28 18:00:00,67782.68,67885.74,67774.33,67864.02,65.91799
2024-05-28 18:05:00,67864.02,67925.2,67808.59,67900.13,70.89046
2024-05-28 18:10:00,67900.13,67938.71,67886.37,67938.7,40.66627
2024-05-28 18:15:00,67938.71,67992.78,67900.13,67942.18,43.00556
2024-05-28 18:20:00,67942.19,67962.31,67845.0,67860.0,36.49289
2024-05-28 18:25:00,67860.0,67990.0,67848.84,67944.02,51.7034
2024-05-28 18:30:00,67944.03,67944.03,67830.0,67830.0,41.35668
2024-05-28 18:35:00,67830.01,67830.01,67277.91,67294.29,642.01147
2024-05-28 18:40:00,67294.29,67499.0,67294.29,67479.9,157.2443
2024-05-28 18:45:00,67479.9,67660.0,67479.89,67636.86,167.35137
2024-05-28 18:50:00,67636.87,67723.99,67504.75,67712.7,141.45741
2024-05-28 18:55:00,67712.7,67879.43,67695.0,67879.43,119.42467
2024-05-28 19:00:00,67879.42,67989.16,67864.01,67989.15,158.51234
2024-05-28 19:05:00,67989.16,68219.64,67989.15,68157.05,336.29192
2024-05-28 19:10:00,68157.05,68256.29,68133.1,68241.16,139.67743
2024-05-28 19:15:00,68241.15,68342.66,68180.82,68325.11,110.71203
2024-05-28 19:20:00,68325.11,68334.0,68197.9,68249.9,89.83467
2024-05-28 19:25:00,68249.9,68384.0,68249.9,68254.01,108.10845
2024-05-28 19:30:00,68254.0,68370.0,68254.0,68318.08,113.20025
2024-05-28 19:35:00,68318.08,68368.5,68260.56,68332.0,85.69602
2024-05-28 19:40:00,68332.0,68388.01,68314.0,68370.39,56.66011
2024-05-28 19:45:00,68370.38,68429.85,68314.0,68324.0,76.24279
2024-05-28 19:50:00,68324.01,68558.2,68324.0,68484.15,247.99889
2024-05-28 19:55:00,68484.15,68598.33,68414.0,68424.29,175.32646
2024-05-28 20:00:00,68424.28,68460.0,68322.58,68343.36,87.64634
2024-05-28 20:05:00,68343.37,68465.33,68332.26,68404.6,52.95179
2024-05-28 20:10:00,68404.61,68482.97,68404.6,68468.58,40.19731
2024-05-28 20:15:00,68468.57,68538.92,68418.02,68418.02,57.55179
2024-05-28 20:20:00,68418.02,68438.61,68381.03,68399.99,33.90816
2024-05-28 20:25:00,68400.0,68401.36,68322.51,68331.03,40.62508
2024-05-28 20:30:00,68331.03,68388.81,68331.03,68379.88,33.46197
2024-05-28 20:35:00,68379.88,68395.77,68330.0,68359.98,36.30334
2024-05-28 20:40:00,68359.98,68367.3,68284.0,68284.01,29.9017
2024-05-28 20:45:00,68284.0,68284.01,68181.53,68207.75,62.29335
2024-05-28 20:50:00,68207.76,68259.56,68124.04,68235.63,52.34078
2024-05-28 20:55:00,68235.63,68325.87,68235.63,68325.86,43.92974
2024-05-28 21:00:00,68325.86,68344.66,68257.81,68314.48,33.46685
2024-05-28 21:05:00,68314.48,68330.0,68284.44,68316.0,34.46643
2024-05-28 21:10:00,68316.01,68329.67,68300.0,68300.0,37.56755
2024-05-28 21:15:00,68300.01,68450.0,68300.0,68450.0,51.80127
2024-05-28 21:20:00,68450.0,68550.0,68420.0,68420.01,63.28091
2024-05-28 21:25:00,68420.0,68420.01,68339.99,68403.99,26.74725
2024-05-28 21:30:00,68404.0,68499.0,68403.99,68492.01,29.8518
2024-05-28 21:35:00,68492.0,68492.01,68390.42,68390.43,31.68231
2024-05-28 21:40:00,68390.42,68450.0,68390.0,68390.01,30.46758
2024-05-28 21:45:00,68390.01,68427.42,68381.33,68427.42,33.3334
2024-05-28 21:50:00,68427.42,68460.0,68416.02,68416.02,38.19895
2024-05-28 21:55:00,68416.02,68434.0,68396.0,68401.47,26.25933
2024-05-28 22:00:00,68401.47,68544.0,68383.77,68543.99,104.10395
2024-05-28 22:05:00,68544.0,68650.0,68537.7,68585.29,112.01946
2024-05-28 22:10:00,68585.29,68585.29,68550.0,68572.53,50.79644
2024-05-28 22:15:00,68572.52,68572.53,68532.0,68569.99,42.16952
2024-05-28 22:20:00,68569.99,68661.28,68569.99,68600.0,56.64021
2024-05-28 22:25:00,68600.0,68629.2,68594.0,68611.18,37.88113
2024-05-28 22:30:00,68611.19,68626.43,68561.85,68561.86,42.01022
2024-05-28 22:35:00,68561.85,68580.0,68480.0,68480.37,54.36357
2024-05-28 22:40:00,68480.37,68560.0,68480.0,68554.4,42.84746
2024-05-28 22:45:00,68554.39,68557.3,68540.0,68544.12,28.72201
2024-05-28 22:50:00,68544.12,68580.0,68544.11,68580.0,19.65639
2024-05-28 22:55:00,68579.99,68633.88,68579.99,68615.4,35.8737
2024-05-28 23:00:00,68615.39,68620.92,68587.52,68590.0,46.81065
2024-05-28 23:05:00,68590.0,68590.01,68434.0,68434.0,34.95157
2024-05-28 23:10:00,68434.0,68446.56,68374.44,68413.42,35.64308
2024-05-28 23:15:00,68413.42,68448.0,68384.0,68430.01,26.72847
2024-05-28 23:20:00,68430.01,68460.0,68411.0,68460.0,21.04239
2024-05-28 23:25:00,68459.99,68480.0,68448.34,68480.0,39.49288
2024-05-28 23:30:00,68480.0,68492.07,68450.35,68452.24,28.5239
2024-05-28 23:35:00,68452.23,68452.24,68423.8,68424.0,29.25118
2024-05-28 23:40:00,68424.0,68444.92,68414.2,68444.92,30.03336
2024-05-28 23:45:00,68444.92,68457.02,68437.5,68440.09,13.68922
2024-05-28 23:50:00,68440.08,68440.09,68391.61,68397.43,28.47502
2024-05-28 23:55:00,68397.42,68398.4,68346.78,68398.39,38.6336
2024-05-29 00:00:00,68398.4,68435.16,68374.69,68400.01,59.10513
2024-05-29 00:05:00,68400.01,68424.0,68370.63,68370.64,29.15282
2024-05-29 00:10:00,68370.63,68374.0,68266.04,68373.99,72.20469
2024-05-29 00:15:00,68374.0,68434.2,68354.0,68419.59,38.25078
2024-05-29 00:20:00,68419.59,68451.58,68412.25,68418.17,26.65351
2024-05-29 00:25:00,68418.18,68418.18,68354.0,68389.99,28.50088
2024-05-29 00:30:00,68389.99,68490.0,68389.7,68490.0,35.12426
2024-05-29 00:35:00,68490.0,68604.95,68489.99,68530.57,71.40876
2024-05-29 00:40:00,68530.58,68605.1,68530.57,68549.99,45.47589
2024-05-29 00:45:00,68549.99,68573.95,68518.0,68518.0,54.95142
2024-05-29 00:50:00,68518.0,68549.63,68510.0,68518.89,29.65369
2024-05-29 00:55:00,68518.9,68518.9,68457.99,68496.0,26.02589
2024-05-29 01:00:00,68495.99,68599.8,68495.99,68540.0,63.03625
2024-05-29 01:05:00,68540.0,68554.0,68510.01,68530.21,38.77471
2024-05-29 01:10:00,68530.22,68551.49,68440.0,68440.0,46.95676
2024-05-29 01:15:00,68440.01,68480.0,68354.7,68354.7,71.00493
2024-05-29 01:20:00,68354.71,68377.99,68310.0,68369.99,81.63376
2024-05-29 01:25:00,68370.0,68469.84,68369.99,68461.47,32.49971
2024-05-29 01:30:00,68461.47,68461.48,68416.0,68428.02,36.27245
2024-05-29 01:35:00,68428.02,68493.14,68428.01,68493.13,37.06336
2024-05-29 01:40:00,68493.13,68684.48,68493.13,68671.97,90.91978
2024-05-29 01:45:00,68671.97,68707.58,68613.63,68645.21,90.10655
2024-05-29 01:50:00,68645.21,68645.22,68592.48,68594.9,47.75118
2024-05-29 01:55:00,68594.89,68600.0,68552.01,68570.0,41.16776
2024-05-29 02:00:00,68570.0,68626.98,68569.99,68582.13,40.49164
2024-05-29 02:05:00,68582.13,68582.14,68482.2,68518.67,64.63335
2024-05-29 02:10:00,68518.67,68530.0,68454.97,68520.01,67.80587
2024-05-29 02:15:00,68520.0,68574.02,68495.66,68544.02,64.42707
2024-05-29 02:20:00,68544.01,68636.8,68530.48,68631.19,45.12037
2024-05-29 02:25:00,68631.19,68923.0,68626.0,68913.9,199.91817
2024-05-29 02:30:00,68913.89,68919.99,68766.44,68766.44,91.17722
2024-05-29 02:35:00,68766.45,68786.99,68620.0,68620.0,62.54686
2024-05-29 02:40:00,68620.01,68654.0,68605.34,68628.0,88.07745
2024-05-29 02:45:00,68627.99,68713.99,68604.0,68709.98,43.91342
2024-05-29 02:50:00,68709.99,68766.79,68681.24,68721.99,43.78893
2024-05-29 02:55:00,68721.99,68723.6,68664.61,68684.6,66.91899
2024-05-29 03:00:00,68684.6,68758.8,68681.38,68742.19,61.90324
2024-05-29 03:05:00,68742.19,68787.23,68742.19,68787.22,39.82631
2024-05-29 03:10:00,68787.23,68814.0,68760.1,68813.99,51.97368
2024-05-29 03:15:00,68813.99,68884.82,68759.17,68780.01,99.27298
2024-05-29 03:20:00,68780.0,68800.0,68734.49,68763.54,53.92252
2024-05-29 03:25:00,68763.55,68792.22,68739.88,68763.94,42.07375
2024-05-29 03:30:00,68763.94,68817.39,68741.23,68748.5,53.9052
2024-05-29 03:35:00,68748.5,68860.0,68741.82,68798.71,129.46853
2024-05-29 03:40:00,68798.72,68860.0,68784.15,68854.67,87.86713
2024-05-29 03:45:00,68854.67,68864.0,68809.88,68852.27,79.93256
2024-05-29 03:50:00,68852.27,68870.63,68791.45,68844.0,104.67883
2024-05-29 03:55:00,68844.0,68846.68,68750.79,68829.42,62.38734
2024-05-29 04:00:00,68829.41,68829.42,68780.0,68786.99,39.60499
2024-05-29 04:05:00,68786.98,68798.18,68763.99,68783.57,44.93271
2024-05-29 04:10:00,68783.57,68838.8,68760.22,68824.01,54.09866
2024-05-29 04:15:00,68824.0,68891.51,68784.0,68844.19,86.21073
2024-05-29 04:20:00,68844.19,68925.0,68824.0,68854.0,149.47503
2024-05-29 04:25:00,68854.0,68935.68,68854.0,68909.0,86.3569
2024-05-29 04:30:00,68909.01,68909.01,68844.89,68872.0,56.95242
2024-05-29 04:35:00,68872.0,68909.99,68864.12,68905.99,51.46013
2024-05-29 04:40:00,68906.0,68906.0,68876.71,68882.08,82.27068
2024-05-29 04:45:00,68882.07,68908.6,68850.4,68883.99,44.94285
2024-05-29 04:50:00,68883.99,68884.0,68760.0,68837.05,63.05699
2024-05-29 04:55:00,68837.06,68871.19,68814.61,68843.53,30.66528
2024-05-29 05:00:00,68843.53,68843.53,68731.67,68731.67,36.13763
2024-05-29 05:05:00,68731.67,68759.79,68709.09,68709.09,56.54269
2024-05-29 05:10:00,68709.09,68718.99,68572.66,68595.8,72.41866
2024-05-29 05:15:00,68595.8,68686.13,68595.79,68648.41,54.09349
2024-05-29 05:20:00,68648.41,68729.99,68648.4,68704.0,42.30589
2024-05-29 05:25:00,68704.01,68710.0,68685.48,68710.0,23.82693
2024-05-29 05:30:00,68709.99,68730.0,68674.2,68725.0,54.87344
2024-05-29 05:35:00,68725.0,68757.78,68704.0,68752.0,34.36798
2024-05-29 05:40:00,68752.01,68752.01,68727.02,68741.35,34.15189
2024-05-29 05:45:00,68741.35,68741.35,68672.0,68688.59,53.02844
2024-05-29 05:50:00,68688.59,68700.0,68656.0,68656.0,33.87144
2024-05-29 05:55:00,68656.0,68662.52,68584.72,68584.73,45.60238
2024-05-29 06:00:00,68584.72,68639.2,68581.0,68625.27,62.12001
2024-05-29 06:05:00,68625.27,68634.66,68590.11,68634.65,51.3291
2024-05-29 06:10:00,68634.65,68667.72,68605.3,68605.3,29.24011
2024-05-29 06:15:00,68605.31,68667.59,68584.0,68663.97,46.27591
2024-05-29 06:20:00,68663.96,68663.97,68600.0,68611.94,43.28497
2024-05-29 06:25:00,68611.94,68649.5,68587.8,68649.49,54.70353
2024-05-29 06:30:00,68649.5,68649.5,68596.6,68612.1,31.62299
2024-05-29 06:35:00,68612.1,68612.1,68582.83,68585.55,42.71028
2024-05-29 06:40:00,68585.55,68587.39,68507.68,68515.99,48.1338
2024-05-29 06:45:00,68516.0,68546.0,68465.6,68465.61,71.49569
2024-05-29 06:50:00,68465.61,68564.0,68465.6,68543.99,42.46182
2024-05-29 06:55:00,68543.99,68547.83,68510.01,68513.33,49.28828
2024-05-29 07:00:00,68513.32,68534.35,68470.01,68498.33,74.06948
2024-05-29 07:05:00,68498.33,68498.33,68250.0,68328.0,194.85562
2024-05-29 07:10:00,68328.0,68360.0,68294.27,68346.0,74.77281
2024-05-29 07:15:00,68346.0,68402.0,68346.0,68385.11,124.92421
2024-05-29 07:20:00,68385.12,68396.58,68342.79,68360.0,49.06864
2024-05-29 07:25:00,68360.0,68360.01,68132.9,68150.01,307.85663
2024-05-29 07:30:00,68150.0,68217.37,68048.17,68208.85,152.95292
2024-05-29 07:35:00,68208.86,68253.21,68155.17,68155.17,133.7539
2024-05-29 07:40:00,68155.18,68229.13,68150.0,68201.23,77.85775
2024-05-29 07:45:00,68201.22,68201.23,68094.71,68166.93,68.78472
2024-05-29 07:50:00,68166.93,68186.6,68114.32,68136.01,52.70001
2024-05-29 07:55:00,68136.0,68141.98,67936.35,67946.9,220.98709
2024-05-29 08:00:00,67946.89,67999.92,67803.84,67866.5,211.56137
2024-05-29 08:05:00,67866.49,67866.5,67640.0,67683.69,314.35472
2024-05-29 08:10:00,67683.68,67774.43,67637.06,67762.77,123.8364
2024-05-29 08:15:00,67762.77,67800.61,67602.34,67651.03,140.27484
2024-05-29 08:20:00,67651.03,67883.61,67650.17,67883.03,100.12852
2024-05-29 08:25:00,67883.04,67964.0,67875.0,67934.01,168.31494
2024-05-29 08:30:00,67934.0,67958.31,67809.02,67873.99,121.32052
2024-05-29 08:35:00,67874.0,67883.0,67789.68,67824.03,63.04361
2024-05-29 08:40:00,67824.03,67854.0,67769.05,67853.99,74.587
2024-05-29 08:45:00,67853.99,67854.0,67761.06,67819.99,57.24617
2024-05-29 08:50:00,67820.0,67906.2,67819.99,67883.99,81.89418
2024-05-29 08:55:00,67884.0,67884.0,67834.0,67872.41,37.56608
2024-05-29 09:00:00,67872.41,67963.0,67824.39,67963.0,115.38817
2024-05-29 09:05:00,67963.0,68033.33,67944.0,67944.0,167.98022
2024-05-29 09:10:00,67944.01,67950.0,67867.15,67867.16,67.72578
2024-05-29 09:15:00,67867.15,67941.33,67857.35,67890.03,73.65915
2024-05-29 09:20:00,67890.03,67890.03,67705.0,67738.62,118.03798
2024-05-29 09:25:00,67738.61,67775.33,67712.0,67775.32,59.14789
2024-05-29 09:30:00,67775.33,67785.0,67685.45,67715.1,117.14848
2024-05-29 09:35:00,67715.11,67817.4,67696.67,67817.39,79.87851
2024-05-29 09:40:00,67817.39,67863.0,67815.62,67860.1,71.12304
2024-05-29 09:45:00,67860.1,67944.0,67840.0,67923.11,58.78001
2024-05-29 09:50:00,67923.11,67942.29,67840.69,67849.03,39.51762
2024-05-29 09:55:00,67849.03,67950.0,67773.51,67905.72,116.59978
2024-05-29 10:00:00,67905.72,67955.88,67802.95,67925.96,88.37734
2024-05-29 10:05:00,67925.96,67965.0,67887.26,67965.0,103.44166
2024-05-29 10:10:00,67964.99,68024.0,67964.99,67991.0,119.14288
2024-05-29 10:15:00,67991.0,67991.01,67924.59,67924.59,57.99581
2024-05-29 10:20:00,67924.6,67992.6,67920.0,67992.59,50.66398
2024-05-29 10:25:00,67992.6,68017.39,67987.1,68008.69,43.11568
2024-05-29 10:30:00,68008.69,68015.99,67924.51,67940.03,44.27514
2024-05-29 10:35:00,67940.02,67940.03,67850.0,67920.44,42.74376
2024-05-29 10:40:00,67920.44,67920.45,67894.08,67899.68,22.91002
2024-05-29 10:45:00,67899.68,67915.88,67884.81,67910.03,29.79975
2024-05-29 10:50:00,67910.03,67964.0,67910.03,67963.99,31.0516
2024-05-29 10:55:00,67964.0,67989.9,67963.99,67989.89,27.22554
2024-05-29 11:00:00,67989.9,68001.25,67884.92,67919.79,73.20155
2024-05-29 11:05:00,67919.79,67932.0,67832.3,67874.99,68.17314
2024-05-29 11:10:00,67875.0,67876.0,67845.6,67851.82,42.20802
2024-05-29 11:15:00,67851.82,67900.0,67812.0,67891.51,63.17673
2024-05-29 11:20:00,67891.51,67897.29,67860.0,67879.98,37.69682
2024-05-29 11:25:00,67879.98,67910.79,67860.01,67910.78,36.70408
2024-05-29 11:30:00,67910.79,67910.79,67840.0,67860.0,75.68375
2024-05-29 11:35:00,67860.0,67873.71,67825.22,67825.22,71.32369
2024-05-29 11:40:00,67825.23,67867.99,67810.2,67867.99,45.38639
2024-05-29 11:45:00,67867.99,67935.0,67867.98,67935.0,33.1206
2024-05-29 11:50:00,67934.99,67935.0,67787.78,67819.01,68.34418
2024-05-29 11:55:00,67819.01,67828.0,67736.23,67763.59,81.79552
2024-05-29 12:00:00,67763.59,67833.83,67752.0,67786.69,122.25134
2024-05-29 12:05:00,67786.7,67856.44,67786.69,67856.43,41.0393
2024-05-29 12:10:00,67856.44,67944.34,67841.09,67944.34,66.94903
2024-05-29 12:15:00,67944.34,68018.38,67924.0,67998.78,89.69619
2024-05-29 12:20:00,67998.78,68014.0,67877.5,67908.86,60.86843
2024-05-29 12:25:00,67908.86,67912.0,67780.04,67833.98,78.15029
2024-05-29 12:30:00,67833.98,67873.32,67669.93,67715.1,168.51384
2024-05-29 12:35:00,67715.1,67732.0,67567.21,67700.7,194.60773
2024-05-29 12:40:00,67700.69,67787.07,67696.17,67780.93,93.76815
2024-05-29 12:45:00,67780.92,67964.0,67755.62,67952.0,196.08112
2024-05-29 12:50:00,67952.0,68023.97,67925.29,67976.71,154.25398
2024-05-29 12:55:00,67976.72,67976.72,67868.36,67898.15,62.15656
2024-05-29 13:00:00,67898.14,67935.0,67817.38,67934.99,66.31549
2024-05-29 13:05:00,67935.0,67979.28,67928.79,67960.71,54.04991
2024-05-29 13:10:00,67960.71,68263.28,67951.71,68196.0,322.80751
2024-05-29 13:15:00,68196.0,68280.0,67803.95,67810.0,304.66146
2024-05-29 13:20:00,67809.99,67925.41,67648.48,67842.02,334.92101
2024-05-29 13:25:00,67842.02,67881.1,67770.01,67830.01,103.86646
2024-05-29 13:30:00,67830.01,67882.98,67665.0,67687.09,155.47579
2024-05-29 13:35:00,67687.09,67924.84,67620.5,67924.84,192.15821
2024-05-29 13:40:00,67924.84,67924.84,67763.0,67832.04,124.41636
2024-05-29 13:45:00,67832.04,67861.02,67569.55,67680.64,217.63797
2024-05-29 13:50:00,67680.63,67913.08,67680.63,67907.58,288.43932
2024-05-29 13:55:00,67907.57,67925.41,67811.5,67879.99,169.9504
2024-05-29 14:00:00,67879.99,67902.97,67808.03,67874.99,132.99835
2024-05-29 14:05:00,67875.0,67952.39,67870.24,67890.0,156.10151
2024-05-29 14:10:00,67890.01,67934.45,67839.8,67887.03,85.08841
2024-05-29 14:15:00,67887.02,67951.8,67878.73,67919.75,70.18835
2024-05-29 14:20:00,67919.75,67935.0,67755.0,67866.28,118.9402
2024-05-29 14:25:00,67866.28,67904.36,67635.0,67666.54,203.03085
2024-05-29 14:30:00,67666.54,67790.19,67500.0,67694.87,315.02074
2024-05-29 14:35:00,67694.87,67844.58,67665.0,67834.21,190.86403
2024-05-29 14:40:00,67834.2,67839.38,67704.0,67713.44,73.25492
2024-05-29 14:45:00,67713.43,67748.37,67660.25,67739.22,60.77451
2024-05-29 14:50:00,67739.21,67769.54,67676.29,67717.59,50.75403
2024-05-29 14:55:00,67717.58,67723.99,67626.24,67635.01,53.1186
2024-05-29 15:00:00,67635.01,67670.27,67597.97,67670.27,86.7644
2024-05-29 15:05:00,67670.27,67670.27,67577.16,67584.93,51.53418
2024-05-29 15:10:00,67584.93,67592.37,67500.0,67565.43,150.5167
2024-05-29 15:15:00,67565.42,67670.21,67355.01,67670.01,319.21006
2024-05-29 15:20:00,67670.01,67855.69,67650.19,67810.0,239.23794
2024-05-29 15:25:00,67810.0,67810.01,67586.72,67672.79,132.59818
2024-05-29 15:30:00,67672.8,67680.94,67418.0,67418.0,188.50992
2024-05-29 15:35:00,67418.01,67522.67,67359.99,67444.01,180.50909
2024-05-29 15:40:00,67444.01,67486.45,67384.0,67450.01,71.12575
2024-05-29 15:45:00,67450.01,67530.01,67262.34,67432.62,208.96585
2024-05-29 15:50:00,67432.61,67581.97,67364.88,67394.01,212.58885
2024-05-29 15:55:00,67394.0,67406.08,67354.0,67379.13,79.56267
2024-05-29 16:00:00,67379.13,67390.0,67124.65,67252.18,478.4714
2024-05-29 16:05:00,67252.18,67277.82,67162.71,67234.0,164.75597
2024-05-29 16:10:00,67234.0,67294.0,67184.52,67196.17,95.55914
2024-05-29 16:15:00,67196.17,67409.88,67193.34,67409.88,107.62192
2024-05-29 16:20:00,67409.89,67461.01,67370.0,67461.0,91.36264
2024-05-29 16:25:00,67461.01,67520.85,67335.3,67350.01,105.90681
2024-05-29 16:30:00,67350.01,67499.88,67344.01,67499.78,76.82569
2024-05-29 16:35:00,67499.78,67554.0,67489.47,67551.01,69.74399
2024-05-29 16:40:00,67551.02,67607.92,67504.4,67599.99,65.09871
2024-05-29 16:45:00,67600.0,67720.0,67547.51,67573.34,215.35073
2024-05-29 16:50:00,67573.35,67629.28,67530.27,67627.0,52.71141
2024-05-29 16:55:00,67627.01,67629.19,67545.66,67555.18,69.08565
2024-05-29 17:00:00,67555.18,67595.02,67450.0,67503.19,75.63453
2024-05-29 17:05:00,67503.19,67523.49,67470.33,67504.0,53.59694
2024-05-29 17:10:00,67504.0,67572.7,67503.99,67531.0,39.02487
2024-05-29 17:15:00,67531.0,67531.01,67420.5,67420.5,58.93
2024-05-29 17:20:00,67420.51,67462.14,67420.5,67436.0,40.02504
2024-05-29 17:25:00,67436.01,67620.0,67436.0,67619.99,42.91359
2024-05-29 17:30:00,67620.0,67680.0,67570.0,67650.0,57.93881
2024-05-29 17:35:00,67650.0,67650.0,67560.16,67562.75,60.72093
2024-05-29 17:40:00,67562.75,67563.36,67523.71,67525.71,35.75673
2024-05-29 17:45:00,67525.72,67525.72,67329.99,67371.53,115.88834
2024-05-29 17:50:00,67371.53,67518.06,67371.52,67513.99,52.01475
2024-05-29 17:55:00,67513.98,67652.14,67513.98,67611.12,173.55658
2024-05-29 18:00:00,67611.12,67623.1,67557.24,67583.5,57.15799
2024-05-29 18:05:00,67583.51,67583.51,67480.01,67480.01,49.7978
2024-05-29 18:10:00,67480.01,67503.62,67435.21,67464.02,31.04414
2024-05-29 18:15:00,67464.01,67480.09,67420.01,67456.0,29.77979
2024-05-29 18:20:00,67456.0,67539.59,67356.0,67379.99,100.23914
2024-05-29 18:25:00,67380.0,67422.19,67314.0,67330.67,61.48092
2024-05-29 18:30:00,67330.67,67387.41,67222.22,67356.0,140.69737
2024-05-29 18:35:00,67356.0,67404.06,67341.61,67376.51,53.14904
2024-05-29 18:40:00,67376.52,67433.13,67350.0,67416.22,52.46351
2024-05-29 18:45:00,67416.22,67467.19,67360.0,67394.72,49.97706
2024-05-29 18:50:00,67394.72,67415.08,67332.0,67364.02,56.14066
2024-05-29 18:55:00,67364.02,67397.51,67344.0,67392.83,48.05033
2024-05-29 19:00:00,67392.82,67427.75,67348.72,67427.74,36.9491
2024-05-29 19:05:00,67427.74,67460.0,67427.74,67447.29,27.3598
2024-05-29 19:10:00,67447.29,67533.97,67433.96,67533.97,33.98695
2024-05-29 19:15:00,67533.97,67543.8,67480.0,67495.01,45.3695
2024-05-29 19:20:00,67495.02,67554.89,67495.01,67554.89,32.8581
2024-05-29 19:25:00,67554.89,67742.0,67551.59,67710.01,91.02435
2024-05-29 19:30:00,67710.0,67714.01,67603.16,67603.16,39.98437
2024-05-29 19:35:00,67603.16,67603.17,67481.56,67481.57,31.58397
2024-05-29 19:40:00,67481.56,67481.57,67367.95,67367.95,34.87068
2024-05-29 19:45:00,67367.95,67442.49,67344.57,67396.71,66.0467
2024-05-29 19:50:00,67396.72,67412.0,67280.0,67330.01,50.41635
2024-05-29 19:55:00,67330.0,67374.97,67216.01,67266.78,152.26277
2024-05-29 20:00:00,67266.78,67328.0,67264.0,67313.25,45.18443
2024-05-29 20:05:00,67313.25,67348.0,67151.35,67175.01,86.57188
2024-05-29 20:10:00,67175.0,67286.0,67175.0,67285.82,42.46739
2024-05-29 20:15:00,67285.83,67333.15,67218.91,67262.79,41.20397
2024-05-29 20:20:00,67262.79,67299.45,67240.0,67240.01,30.9221
2024-05-29 20:25:00,67240.01,67294.0,67198.99,67294.0,60.10316
2024-05-29 20:30:00,67294.0,67351.87,67293.99,67338.14,47.27209
2024-05-29 20:35:00,67338.14,67414.0,67338.13,67392.0,38.37571
2024-05-29 20:40:00,67392.0,67402.26,67378.34,67383.0,18.23481
2024-05-29 20:45:00,67383.0,67429.26,67382.99,67394.72,26.05066
2024-05-29 20:50:00,67394.72,67410.0,67360.6,67377.24,25.92898
2024-05-29 20:55:00,67377.24,67494.57,67374.03,67485.76,101.2895
2024-05-29 21:00:00,67485.76,67505.91,67485.76,67488.75,53.94144
2024-05-29 21:05:00,67488.76,67488.76,67394.83,67434.0,22.92719
2024-05-29 21:10:00,67434.0,67441.9,67396.0,67423.22,21.12526
2024-05-29 21:15:00,67423.22,67502.19,67415.99,67465.69,37.85347
2024-05-29 21:20:00,67465.68,67522.05,67446.59,67505.49,39.34924
2024-05-29 21:25:00,67505.49,67535.61,67444.01,67444.02,64.68799
2024-05-29 21:30:00,67444.02,67574.0,67325.08,67559.1,63.46616
2024-05-29 21:35:00,67559.11,67605.0,67545.4,67588.21,29.08718
2024-05-29 21:40:00,67588.22,67664.0,67588.21,67597.62,49.12164
2024-05-29 21:45:00,67597.63,67810.0,67591.6,67691.45,101.38828
2024-05-29 21:50:00,67691.46,67770.0,67662.92,67670.03,43.80778
2024-05-29 21:55:00,67670.03,67750.0,67660.22,67700.42,41.83627
2024-05-29 22:00:00,67700.42,67710.0,67635.0,67642.92,54.32337
2024-05-29 22:05:00,67642.93,67665.0,67610.72,67633.89,51.58889
2024-05-29 22:10:00,67633.89,67642.51,67605.94,67624.07,29.02423
2024-05-29 22:15:00,67624.08,67694.0,67624.07,67694.0,26.10178
2024-05-29 22:20:00,67693.99,67826.09,67682.0,67789.77,52.5768
2024-05-29 22:25:00,67789.78,67789.78,67732.11,67756.51,48.7186
2024-05-29 22:30:00,67756.5,67776.12,67712.21,67729.82,23.7762
2024-05-29 22:35:00,67729.82,67743.99,67702.9,67738.14,19.05332
2024-05-29 22:40:00,67738.14,67743.99,67684.8,67709.99,19.38426
2024-05-29 22:45:00,67710.0,67730.3,67645.31,67656.44,31.07908
2024-05-29 22:50:00,67656.44,67676.68,67641.0,67664.51,16.59708
2024-05-29 22:55:00,67664.5,67704.01,67656.78,67680.01,23.02756
2024-05-29 23:00:00,67680.01,67719.0,67680.0,67704.01,45.34853
2024-05-29 23:05:00,67704.0,67713.99,67668.6,67668.61,50.52365
2024-05-29 23:10:00,67668.6,67668.61,67624.83,67660.81,49.71952
2024-05-29 23:15:00,67660.81,67720.41,67652.84,67710.4,46.56255
2024-05-29 23:20:00,67710.4,67731.59,67710.39,67710.4,19.35889
2024-05-29 23:25:00,67710.4,67730.7,67700.21,67720.22,18.26799
2024-05-29 23:30:00,67720.21,67720.22,67663.31,67663.31,35.9671
2024-05-29 23:35:00,67663.31,67663.32,67576.06,67629.99,73.94191
2024-05-29 23:40:00,67630.0,67658.24,67629.99,67654.68,18.37275
2024-05-29 23:45:00,67654.68,67680.0,67654.67,67657.38,23.2221
2024-05-29 23:50:00,67657.38,67700.0,67644.13,67663.71,38.72156
2024-05-29 23:55:00,67663.71,67664.0,67630.01,67652.42,34.00025
2024-05-30 00:00:00,67652.41,67720.0,67625.1,67720.0,48.02633
2024-05-30 00:05:00,67720.0,67783.99,67716.0,67766.34,87.8017
2024-05-30 00:10:00,67766.33,67769.28,67744.0,67759.15,32.65593
2024-05-30 00:15:00,67759.16,67843.32,67759.15,67780.01,51.96417
2024-05-30 00:20:00,67780.0,67808.0,67740.0,67740.01,44.9625
2024-05-30 00:25:00,67740.01,67740.01,67701.4,67730.49,39.13636
2024-05-30 00:30:00,67730.49,67730.5,67703.0,67710.54,23.79028
2024-05-30 00:35:00,67710.54,67710.54,67657.42,67696.61,49.91082
2024-05-30 00:40:00,67696.6,67720.0,67660.89,67719.99,38.96144
2024-05-30 00:45:00,67719.99,67770.0,67697.14,67735.01,37.04923
2024-05-30 00:50:00,67735.01,67735.02,67551.58,67559.99,54.63792
2024-05-30 00:55:00,67560.0,67598.62,67551.46,67583.0,46.96872
2024-05-30 01:00:00,67582.99,67590.0,67471.67,67514.0,78.83529
2024-05-30 01:05:00,67513.99,67558.2,67504.74,67543.99,62.82305
2024-05-30 01:10:00,67544.0,67730.17,67544.0,67710.0,47.2427
2024-05-30 01:15:00,67710.01,67714.14,67654.0,67677.83,53.31045
2024-05-30 01:20:00,67677.83,67689.3,67612.23,67652.98,59.65136
2024-05-30 01:25:00,67652.98,67664.99,67612.0,67647.83,67.41929
2024-05-30 01:30:00,67647.83,67675.89,67635.01,67672.85,29.3216
2024-05-30 01:35:00,67672.84,67740.0,67672.84,67734.78,27.44253
2024-05-30 01:40:00,67734.77,67750.03,67698.2,67745.46,35.75949
2024-05-30 01:45:00,67745.46,67853.2,67720.0,67836.01,54.34942
2024-05-30 01:50:00,67836.01,67862.2,67777.27,67789.45,61.5821
2024-05-30 01:55:00,67789.44,67800.0,67770.07,67800.0,35.10965
2024-05-30 02:00:00,67800.0,67853.42,67788.95,67852.59,43.4155
2024-05-30 02:05:00,67852.58,67957.69,67852.58,67920.26,122.16592
2024-05-30 02:10:00,67920.27,67920.27,67884.86,67886.7,36.48363
2024-05-30 02:15:00,67886.71,68016.53,67886.7,67996.98,163.27198
2024-05-30 02:20:00,67996.98,68072.73,67994.72,68072.72,112.53169
2024-05-30 02:25:00,68072.72,68099.99,68020.0,68098.52,60.59792
2024-05-30 02:30:00,68098.52,68199.97,68070.0,68140.01,154.56942
2024-05-30 02:35:00,68140.01,68140.94,68070.0,68108.4,74.79434
2024-05-30 02:40:00,68108.4,68108.4,68047.36,68059.99,36.96205
2024-05-30 02:45:00,68059.99,68075.6,67979.64,68020.62,69.45286
2024-05-30 02:50:00,68020.62,68034.0,67991.35,68008.42,40.98429
2024-05-30 02:55:00,68008.43,68017.09,67944.4,67949.1,42.91956
2024-05-30 03:00:00,67949.11,68011.0,67944.89,68004.82,43.55167
2024-05-30 03:05:00,68004.82,68004.83,67930.0,67930.01,21.99142
2024-05-30 03:10:00,67930.0,67971.6,67924.0,67950.57,27.13285
2024-05-30 03:15:00,67950.58,68024.0,67950.57,67997.86,24.79621
2024-05-30 03:20:00,67997.86,68039.99,67991.5,68016.0,31.30009
2024-05-30 03:25:00,68015.99,68038.2,67995.0,68010.0,84.84463
2024-05-30 03:30:00,68010.0,68089.47,68002.13,68032.02,83.04259
2024-05-30 03:35:00,68032.01,68069.78,68032.01,68069.77,43.25256
2024-05-30 03:40:00,68069.78,68071.8,68023.27,68023.28,37.49301
2024-05-30 03:45:00,68023.27,68085.0,68023.27,68084.99,40.03683
2024-05-30 03:50:00,68084.99,68182.42,68084.99,68132.0,77.80172
2024-05-30 03:55:00,68132.0,68154.99,68085.0,68118.2,41.5952
2024-05-30 04:00:00,68118.2,68135.44,68064.26,68070.62,42.3597
2024-05-30 04:05:00,68070.62,68091.2,68000.0,68000.01,64.26483
2024-05-30 04:10:00,68000.01,68047.8,67984.01,68041.92,31.70787
2024-05-30 04:15:00,68041.92,68142.24,68041.92,68138.94,52.37105
2024-05-30 04:20:00,68138.94,68200.0,68138.93,68154.0,43.85703
2024-05-30 04:25:00,68154.0,68236.52,68154.0,68226.67,76.18856
2024-05-30 04:30:00,68226.66,68422.89,68226.66,68388.91,207.57978
2024-05-30 04:35:00,68388.91,68388.92,68290.21,68290.22,59.58542
2024-05-30 04:40:00,68290.21,68290.22,68147.9,68220.0,136.70527
2024-05-30 04:45:00,68220.01,68220.01,68160.22,68171.54,43.48168
2024-05-30 04:50:00,68171.54,68187.76,68125.32,68154.0,57.83726
2024-05-30 04:55:00,68154.01,68163.0,68132.55,68163.0,19.75872
2024-05-30 05:00:00,68163.0,68195.0,68075.45,68099.53,76.22436
2024-05-30 05:05:00,68099.54,68104.0,68048.25,68079.99,29.43645
2024-05-30 05:10:00,68079.99,68082.54,68038.36,68046.16,48.48627
2024-05-30 05:15:00,68046.16,68072.11,67967.66,68064.11,91.49155
2024-05-30 05:20:00,68064.1,68085.0,68055.0,68084.99,33.57031
2024-05-30 05:25:00,68084.99,68108.0,68076.0,68093.99,30.99438
2024-05-30 05:30:00,68093.99,68094.0,68063.79,68092.0,46.3743
2024-05-30 05:35:00,68091.99,68113.99,68091.99,68098.0,25.48895
2024-05-30 05:40:00,68098.0,68123.0,68098.0,68102.27,27.9827
2024-05-30 05:45:00,68102.27,68143.95,68092.0,68092.0,30.79534
2024-05-30 05:50:00,68092.01,68145.0,68092.0,68116.94,30.45029
2024-05-30 05:55:00,68116.93,68134.14,68112.0,68134.14,21.90377
2024-05-30 06:00:00,68134.13,68180.46,68098.01,68100.0,60.00394
2024-05-30 06:05:00,68100.0,68100.01,67914.0,67942.92,212.72999
2024-05-30 06:10:00,67942.92,67986.9,67906.92,67944.25,60.03234
2024-05-30 06:15:00,67944.24,68017.89,67944.24,67982.21,57.98883
2024-05-30 06:20:00,67982.2,68002.29,67796.9,67821.88,205.93488
2024-05-30 06:25:00,67821.87,67920.84,67792.66,67920.83,160.85993
2024-05-30 06:30:00,67920.83,67920.84,67777.78,67794.12,116.41668
2024-05-30 06:35:00,67794.11,67890.0,67733.02,67860.9,196.44478
2024-05-30 06:40:00,67860.91,67963.12,67850.77,67963.0,129.68122
2024-05-30 06:45:00,67963.0,68010.0,67962.99,67980.0,72.72264
2024-05-30 06:50:00,67980.01,67980.01,67837.67,67845.01,101.66292
2024-05-30 06:55:00,67845.01,67866.13,67728.2,67831.25,215.43043
2024-05-30 07:00:00,67831.24,67871.55,67802.57,67807.45,120.28441
2024-05-30 07:05:00,67807.44,67872.0,67714.0,67872.0,137.55388
2024-05-30 07:10:00,67871.99,67930.59,67870.21,67885.82,101.34216
2024-05-30 07:15:00,67885.82,67918.06,67817.04,67837.61,129.75858
2024-05-30 07:20:00,67837.61,67840.36,67729.88,67754.88,154.84728
2024-05-30 07:25:00,67754.88,67780.0,67720.33,67779.99,67.21062
2024-05-30 07:30:00,67779.99,67840.65,67779.99,67840.65,57.22523
2024-05-30 07:35:00,67840.64,67929.72,67840.64,67929.72,77.12291
2024-05-30 07:40:00,67929.71,67972.2,67901.13,67972.2,69.84914
2024-05-30 07:45:00,67972.2,68037.22,67911.9,67911.91,90.9765
2024-05-30 07:50:00,67911.91,67911.91,67508.42,67586.26,364.58552
2024-05-30 07:55:00,67586.25,67657.64,67524.0,67584.56,144.37373
2024-05-30 08:00:00,67584.57,67643.99,67515.53,67605.98,123.78412
2024-05-30 08:05:00,67605.98,67623.09,67330.02,67409.42,315.73021
2024-05-30 08:10:00,67409.41,67414.0,67202.44,67207.65,285.61248
2024-05-30 08:15:00,67207.65,67283.63,67160.1,67199.0,239.94528
2024-05-30 08:20:00,67199.01,67243.91,67128.0,67229.02,174.55978
2024-05-30 08:25:00,67229.02,67385.91,67229.01,67376.01,148.34678
2024-05-30 08:30:00,67376.01,67505.99,67376.0,67440.07,196.68438
2024-05-30 08:35:00,67440.08,67520.05,67429.38,67500.0,99.9216
2024-05-30 08:40:00,67500.01,67564.0,67500.0,67560.17,94.7583
2024-05-30 08:45:00,67560.18,67574.2,67466.87,67574.2,70.90846
2024-05-30 08:50:00,67574.19,67602.75,67537.4,67602.74,72.43517
2024-05-30 08:55:00,67602.75,67769.11,67602.74,67688.96,109.56868
2024-05-30 09:00:00,67688.96,67722.81,67609.42,67610.73,94.04609
2024-05-30 09:05:00,67610.73,67690.0,67590.0,67671.6,93.24684
2024-05-30 09:10:00,67671.59,67720.0,67645.53,67720.0,100.37914
2024-05-30 09:15:00,67720.0,67759.99,67686.2,67729.47,62.32775
2024-05-30 09:20:00,67729.47,67733.54,67650.2,67654.0,31.77116
2024-05-30 09:25:00,67654.0,67654.01,67579.04,67579.05,32.24941
2024-05-30 09:30:00,67579.04,67646.79,67579.04,67633.13,42.25196
2024-05-30 09:35:00,67633.12,67633.13,67459.96,67483.99,106.96483
2024-05-30 09:40:00,67484.0,67604.85,67483.99,67582.46,56.29264
2024-05-30 09:45:00,67582.47,67646.35,67570.0,67632.0,32.02442
2024-05-30 09:50:00,67632.0,67692.47,67632.0,67658.08,76.11258
2024-05-30 09:55:00,67658.07,67753.71,67658.07,67745.94,154.77347
2024-05-30 10:00:00,67745.94,67751.0,67674.65,67721.0,62.85459
2024-05-30 10:05:00,67721.0,67721.0,67608.6,67621.43,58.94165
2024-05-30 10:10:00,67621.42,67658.25,67605.0,67605.01,47.64842
2024-05-30 10:15:00,67605.0,67614.0,67565.09,67565.24,48.45952
2024-05-30 10:20:00,67565.24,67683.99,67541.82,67664.08,58.46378
2024-05-30 10:25:00,67664.08,67694.0,67655.08,67683.69,38.02621
2024-05-30 10:30:00,67683.68,67765.15,67683.68,67762.2,94.37859
2024-05-30 10:35:00,67762.2,67840.0,67762.19,67807.3,195.1029
2024-05-30 10:40:00,67807.31,67974.88,67807.3,67923.79,119.30669
2024-05-30 10:45:00,67923.79,67991.0,67853.2,67872.58,136.24006
2024-05-30 10:50:00,67872.57,67909.76,67838.34,67909.75,44.42403
2024-05-30 10:55:00,67909.75,67967.99,67909.75,67942.08,58.33059
2024-05-30 11:00:00,67942.08,67979.94,67921.09,67933.61,59.8106
2024-05-30 11:05:00,67933.62,67952.46,67902.07,67944.85,54.00809
2024-05-30 11:10:00,67944.84,68000.0,67921.14,67969.2,48.22425
2024-05-30 11:15:00,67969.2,67974.56,67905.38,67905.38,54.37628
2024-05-30 11:20:00,67905.39,67924.0,67848.72,67923.79,94.32979
2024-05-30 11:25:00,67923.79,68100.0,67905.0,68092.47,134.38677
2024-05-30 11:30:00,68092.46,68099.0,68022.32,68050.22,99.68567
2024-05-30 11:35:00,68050.23,68050.23,67952.16,67952.17,52.23586
2024-05-30 11:40:00,67952.17,67964.99,67925.0,67964.97,43.63126
2024-05-30 11:45:00,67964.97,67969.6,67868.0,67934.99,66.14731
2024-05-30 11:50:00,67934.99,67934.99,67856.49,67862.99,60.55674
2024-05-30 11:55:00,67863.0,67867.02,67815.0,67817.01,41.58842
2024-05-30 12:00:00,67817.01,67923.23,67755.0,67864.6,111.87714
2024-05-30 12:05:00,67864.61,67911.28,67856.04,67893.54,55.38342
2024-05-30 12:10:00,67893.55,67989.73,67893.54,67952.21,92.42915
2024-05-30 12:15:00,67952.21,67998.95,67905.0,67992.16,116.48867
2024-05-30 12:20:00,67992.16,68061.17,67992.15,68016.01,105.6416
2024-05-30 12:25:00,68016.0,68030.0,67986.48,68022.59,64.7131
2024-05-30 12:30:00,68022.59,68275.1,67868.65,68004.0,270.53016
2024-05-30 12:35:00,68004.0,68074.84,67990.0,68023.87,86.96864
2024-05-30 12:40:00,68023.86,68262.86,68008.24,68228.0,176.45905
2024-05-30 12:45:00,68228.0,68305.55,68183.82,68244.0,285.63451
2024-05-30 12:50:00,68244.0,68250.0,68115.0,68159.8,165.15904
2024-05-30 12:55:00,68159.81,68175.0,68115.0,68133.34,99.87989
2024-05-30 13:00:00,68133.34,68209.7,68055.0,68072.93,89.56448
2024-05-30 13:05:00,68072.92,68132.18,68050.0,68132.17,68.84399
2024-05-30 13:10:00,68132.17,68199.89,68116.8,68199.88,82.7438
2024-05-30 13:15:00,68199.88,68366.11,68199.88,68290.0,189.0118
2024-05-30 13:20:00,68290.01,68313.68,68235.44,68279.96,66.98169
2024-05-30 13:25:00,68279.95,68292.0,68189.78,68200.01,65.6662
2024-05-30 13:30:00,68200.0,68255.72,68124.0,68124.0,143.03545
2024-05-30 13:35:00,68124.0,68164.0,68063.99,68108.62,137.62683
2024-05-30 13:40:00,68108.63,68255.67,68069.46,68233.38,110.8608
2024-05-30 13:45:00,68233.39,68678.76,68233.38,68600.99,480.75397
2024-05-30 13:50:00,68601.0,68657.4,68442.6,68451.99,206.16377
2024-05-30 13:55:00,68451.98,68657.14,68446.82,68623.99,207.9122
2024-05-30 14:00:00,68623.99,68728.23,68538.33,68659.2,347.36876
2024-05-30 14:05:00,68659.21,68826.31,68646.59,68760.01,274.93877
2024-05-30 14:10:00,68760.0,68780.0,68480.0,68480.01,212.50885
2024-05-30 14:15:00,68480.0,68700.0,68472.35,68696.02,188.46655
2024-05-30 14:20:00,68696.03,68784.0,68690.0,68710.0,154.28743
2024-05-30 14:25:00,68710.01,68728.71,68605.21,68671.02,97.02522
2024-05-30 14:30:00,68671.02,68756.41,68660.0,68688.0,111.24175
2024-05-30 14:35:00,68688.0,68695.99,68515.69,68515.7,121.82104
2024-05-30 14:40:00,68515.69,68564.0,68456.87,68505.63,134.45749
2024-05-30 14:45:00,68505.64,68577.32,68392.0,68426.38,131.43487
2024-05-30 14:50:00,68426.37,68496.39,68280.0,68290.0,152.21278
2024-05-30 14:55:00,68290.01,68374.0,68256.29,68359.6,107.35034
2024-05-30 15:00:00,68359.6,68426.74,68317.21,68317.22,113.43341
2024-05-30 15:05:00,68317.21,68317.22,68144.0,68262.05,202.70946
2024-05-30 15:10:00,68262.04,68304.15,68213.19,68271.16,127.77995
2024-05-30 15:15:00,68271.17,68420.0,68261.1,68333.14,103.8251
2024-05-30 15:20:00,68333.15,68354.0,68284.01,68354.0,35.52141
2024-05-30 15:25:00,68353.99,68460.84,68323.8,68424.0,54.82286
2024-05-30 15:30:00,68424.01,68577.31,68367.65,68510.53,141.49602
2024-05-30 15:35:00,68510.54,68556.0,68444.0,68469.13,193.21909
2024-05-30 15:40:00,68469.13,68612.0,68387.58,68420.0,148.20508
2024-05-30 15:45:00,68420.0,68564.0,68419.99,68564.0,219.12925
2024-05-30 15:50:00,68564.0,68604.04,68491.14,68494.88,143.56449
2024-05-30 15:55:00,68494.89,68587.6,68494.88,68530.76,65.64956
2024-05-30 16:00:00,68530.77,68590.57,68475.4,68584.57,100.06747
2024-05-30 16:05:00,68584.56,68600.0,68548.12,68565.44,64.76384
2024-05-30 16:10:00,68565.43,68565.44,68409.81,68419.5,51.97061
2024-05-30 16:15:00,68419.5,68449.99,68385.0,68388.03,87.06325
2024-05-30 16:20:00,68388.04,68427.63,68384.0,68419.99,57.0064
2024-05-30 16:25:00,68420.0,68499.99,68419.99,68427.18,50.61635
2024-05-30 16:30:00,68427.19,68460.0,68417.81,68438.88,50.51613
2024-05-30 16:35:00,68438.87,68483.97,68424.0,68470.01,51.36203
2024-05-30 16:40:00,68470.0,68471.43,68400.0,68455.38,71.4058
2024-05-30 16:45:00,68455.38,68600.0,68448.99,68600.0,80.4506
2024-05-30 16:50:00,68600.0,68635.0,68579.43,68597.59,159.20848
2024-05-30 16:55:00,68597.59,68691.64,68568.42,68676.0,164.00844
2024-05-30 17:00:00,68676.0,68751.18,68664.0,68704.99,188.10872
2024-05-30 17:05:00,68704.98,68790.0,68700.0,68715.99,112.987
2024-05-30 17:10:00,68715.99,68864.05,68715.98,68864.04,86.80649
2024-05-30 17:15:00,68864.05,68915.7,68779.7,68790.7,170.62341
2024-05-30 17:20:00,68790.7,69114.46,68781.6,69104.76,375.9283
2024-05-30 17:25:00,69104.76,69123.45,68994.0,69014.99,169.36481
2024-05-30 17:30:00,69015.0,69146.99,69014.99,69143.99,226.77029
2024-05-30 17:35:00,69143.99,69310.0,69136.0,69310.0,313.72996
2024-05-30 17:40:00,69310.0,69471.33,69277.89,69413.28,504.05881
2024-05-30 17:45:00,69413.28,69450.81,69296.29,69371.17,557.75255
2024-05-30 17:50:00,69371.17,69489.0,69371.17,69467.57,185.3807
2024-05-30 17:55:00,69467.57,69500.0,69315.09,69315.1,147.7561
2024-05-30 18:00:00,69315.1,69420.0,69264.0,69264.0,149.88547
2024-05-30 18:05:00,69264.01,69308.74,69212.82,69223.99,118.56115
2024-05-30 18:10:00,69223.99,69224.0,69138.39,69138.39,140.42871
2024-05-30 18:15:00,69138.4,69296.0,69084.0,69280.01,197.22242
2024-05-30 18:20:00,69280.0,69351.42,69234.2,69351.42,137.94678
2024-05-30 18:25:00,69351.41,69408.0,69263.48,69285.25,114.89839
2024-05-30 18:30:00,69285.26,69329.16,69246.22,69247.0,62.54786
2024-05-30 18:35:00,69247.0,69247.01,69109.89,69146.05,83.9107
2024-05-30 18:40:00,69146.05,69322.53,69146.05,69294.66,147.41588
2024-05-30 18:45:00,69294.67,69304.34,69214.97,69234.01,88.83725
2024-05-30 18:50:00,69234.01,69324.27,69194.0,69290.01,80.00991
2024-05-30 18:55:00,69290.0,69370.0,69288.85,69360.13,55.36444
2024-05-30 19:00:00,69360.13,69366.46,69224.16,69259.73,79.84376
2024-05-30 19:05:00,69259.74,69304.0,69245.82,69275.46,62.19711
2024-05-30 19:10:00,69275.47,69279.99,69185.3,69210.0,38.51903
2024-05-30 19:15:00,69210.0,69250.0,69098.26,69155.99,123.73606
2024-05-30 19:20:00,69155.99,69207.61,69040.1,69048.15,86.92262
2024-05-30 19:25:00,69048.16,69056.87,68900.69,68959.26,239.01151
2024-05-30 19:30:00,68959.25,69070.0,68934.42,68999.5,95.60714
2024-05-30 19:35:00,68999.5,68999.51,68657.36,68790.01,215.89287
2024-05-30 19:40:00,68790.01,68809.99,68617.03,68720.25,153.88575
2024-05-30 19:45:00,68720.25,68720.25,68450.0,68473.03,207.54052
2024-05-30 19:50:00,68473.03,68579.66,68435.0,68566.26,119.818
2024-05-30 19:55:00,68566.27,68657.56,68459.73,68653.02,209.9592
2024-05-30 20:00:00,68653.02,68657.41,68275.0,68360.0,241.34167
2024-05-30 20:05:00,68360.01,68404.0,68206.0,68320.0,201.72103
2024-05-30 20:10:00,68320.01,68320.01,68050.01,68189.99,314.81209
2024-05-30 20:15:00,68189.99,68273.42,68064.0,68273.41,143.41867
2024-05-30 20:20:00,68273.4,68400.12,68264.48,68400.12,106.9676
2024-05-30 20:25:00,68400.12,68485.79,68350.28,68453.99,106.20094
2024-05-30 20:30:00,68453.99,68480.0,68385.48,68428.75,59.22913
2024-05-30 20:35:00,68428.76,68465.43,68350.28,68454.0,66.41224
2024-05-30 20:40:00,68454.0,68515.99,68453.99,68509.24,49.21368
2024-05-30 20:45:00,68509.25,68538.83,68400.0,68538.5,83.98898
2024-05-30 20:50:00,68538.5,68538.51,68452.0,68467.28,51.49629
2024-05-30 20:55:00,68467.28,68475.99,68417.91,68475.99,34.6057
2024-05-30 21:00:00,68475.99,68500.0,68436.0,68469.37,60.80078
2024-05-30 21:05:00,68469.36,68483.47,68428.0,68467.74,39.85221
2024-05-30 21:10:00,68467.75,68480.86,68357.3,68357.3,31.52863
2024-05-30 21:15:00,68357.3,68407.99,68345.52,68398.59,49.91255
2024-05-30 21:20:00,68398.6,68398.6,68324.0,68338.66,29.63554
2024-05-30 21:25:00,68338.66,68375.61,68338.65,68375.6,20.4092
2024-05-30 21:30:00,68375.61,68534.0,68375.6,68452.0,56.97547
2024-05-30 21:35:00,68452.01,68507.25,68435.36,68448.01,27.80165
2024-05-30 21:40:00,68448.0,68450.05,68391.47,68391.47,31.91424
2024-05-30 21:45:00,68391.48,68391.48,68359.94,68384.0,19.98541
2024-05-30 21:50:00,68383.99,68474.11,68383.99,68474.1,16.47002
2024-05-30 21:55:00,68474.1,68474.11,68416.75,68416.76,17.28801
2024-05-30 22:00:00,68416.75,68438.99,68369.94,68395.81,69.0635
2024-05-30 22:05:00,68395.8,68404.0,68288.77,68292.0,69.09731
2024-05-30 22:10:00,68292.0,68314.16,68264.6,68294.0,37.71632
2024-05-30 22:15:00,68293.99,68294.0,68241.79,68280.0,33.25573
2024-05-30 22:20:00,68280.0,68339.41,68279.99,68339.4,22.97999
2024-05-30 22:25:00,68339.4,68370.1,68339.4,68364.01,18.31869
2024-05-30 22:30:00,68364.01,68364.01,68320.0,68320.01,30.60308
2024-05-30 22:35:00,68320.0,68322.38,68300.01,68309.96,16.56691
2024-05-30 22:40:00,68309.97,68382.8,68309.96,68356.02,17.58495
2024-05-30 22:45:00,68356.01,68383.33,68332.7,68332.7,30.91494
2024-05-30 22:50:00,68332.71,68332.71,68287.13,68309.79,21.77427
2024-05-30 22:55:00,68309.8,68316.98,68303.52,68314.93,25.4737
2024-05-30 23:00:00,68314.93,68314.94,68276.01,68278.91,58.64874
2024-05-30 23:05:00,68278.91,68316.0,68251.0,68316.0,45.22667
2024-05-30 23:10:00,68315.99,68385.39,68315.99,68385.38,34.67533
2024-05-30 23:15:00,68385.39,68395.37,68364.0,68387.42,22.65771
2024-05-30 23:20:00,68387.42,68518.86,68387.41,68481.03,37.99987
2024-05-30 23:25:00,68481.02,68485.84,68449.3,68449.3,19.26692
2024-05-30 23:30:00,68449.31,68480.0,68440.0,68479.43,31.70894
2024-05-30 23:35:00,68479.43,68483.62,68400.0,68400.01,34.57011
2024-05-30 23:40:00,68400.0,68402.06,68364.0,68364.01,31.37756
2024-05-30 23:45:00,68364.01,68368.1,68334.19,68359.31,41.56979
2024-05-30 23:50:00,68359.31,68392.4,68358.21,68376.0,30.04354
2024-05-30 23:55:00,68376.01,68400.0,68352.16,68352.17,31.1859
2024-05-31 00:00:00,68352.17,68370.0,68306.86,68344.0,48.86223
2024-05-31 00:05:00,68343.99,68382.16,68330.0,68382.16,26.40911
2024-05-31 00:10:00,68382.16,68403.03,68340.6,68360.0,48.02062
2024-05-31 00:15:00,68360.0,68439.0,68330.0,68438.99,28.22572
2024-05-31 00:20:00,68438.99,68444.0,68368.85,68368.85,25.3346
2024-05-31 00:25:00,68368.86,68368.86,68314.0,68330.01,41.83897
2024-05-31 00:30:00,68330.0,68376.07,68330.0,68330.0,27.52388
2024-05-31 00:35:00,68330.0,68354.0,68274.0,68295.7,61.48262
2024-05-31 00:40:00,68295.71,68337.64,68295.7,68326.03,37.13252
2024-05-31 00:45:00,68326.03,68360.0,68320.0,68353.42,58.46141
2024-05-31 00:50:00,68353.41,68393.2,68353.41,68393.2,22.23155
2024-05-31 00:55:00,68393.2,68465.39,68393.19,68460.0,19.45378
2024-05-31 01:00:00,68460.01,68599.82,68426.52,68589.54,86.93905
2024-05-31 01:05:00,68589.54,68589.55,68531.8,68543.99,38.2866
2024-05-31 01:10:00,68543.99,68626.2,68543.99,68626.19,55.40284
2024-05-31 01:15:00,68626.2,68626.2,68420.0,68490.2,74.40046
2024-05-31 01:20:00,68490.19,68503.85,68446.93,68460.56,28.3175
2024-05-31 01:25:00,68460.56,68539.99,68448.0,68516.49,34.18485
2024-05-31 01:30:00,68516.49,68552.36,68452.01,68530.0,81.06157
2024-05-31 01:35:00,68530.0,68533.81,68503.38,68515.99,30.26819
2024-05-31 01:40:00,68516.0,68518.03,68476.0,68476.01,35.01514
2024-05-31 01:45:00,68476.01,68485.49,68376.4,68376.4,60.04347
2024-05-31 01:50:00,68376.41,68405.43,68314.35,68405.42,52.73496
2024-05-31 01:55:00,68405.43,68440.0,68387.89,68440.0,47.65509
2024-05-31 02:00:00,68439.99,68487.8,68430.0,68487.79,72.20234
2024-05-31 02:05:00,68487.79,68570.0,68487.79,68539.99,74.73837
2024-05-31 02:10:00,68540.0,68630.0,68515.0,68618.31,99.11169
2024-05-31 02:15:00,68618.3,68686.09,68618.3,68673.97,145.61622
2024-05-31 02:20:00,68673.97,68729.73,68602.29,68602.29,131.0847
2024-05-31 02:25:00,68602.3,68602.3,68524.09,68524.09,77.71254
2024-05-31 02:30:00,68524.09,68526.15,68500.0,68526.15,32.75351
2024-05-31 02:35:00,68526.14,68560.0,68526.14,68559.99,14.45347
2024-05-31 02:40:00,68559.99,68594.0,68559.99,68593.99,20.82022
2024-05-31 02:45:00,68594.0,68594.0,68501.21,68525.13,34.31038
2024-05-31 02:50:00,68525.13,68529.52,68514.78,68522.06,25.57219
2024-05-31 02:55:00,68522.05,68540.0,68516.92,68539.99,10.8109
2024-05-31 03:00:00,68539.99,68559.23,68530.0,68530.0,22.20049
2024-05-31 03:05:00,68530.0,68530.01,68522.43,68522.43,15.01681
2024-05-31 03:10:00,68522.44,68522.44,68510.32,68512.12,18.48392
2024-05-31 03:15:00,68512.12,68515.8,68500.0,68500.0,19.53817
2024-05-31 03:20:00,68500.01,68515.8,68500.0,68507.74,24.27934
2024-05-31 03:25:00,68507.74,68515.8,68494.0,68504.01,19.8368
2024-05-31 03:30:00,68504.0,68514.0,68487.95,68511.59,14.64537
2024-05-31 03:35:00,68511.6,68579.8,68511.59,68547.0,33.35017
2024-05-31 03:40:00,68547.01,68580.0,68544.61,68579.99,27.8095
2024-05-31 03:45:00,68580.0,68628.39,68572.05,68596.69,58.30579
2024-05-31 03:50:00,68596.7,68620.0,68591.14,68601.96,31.41282
2024-05-31 03:55:00,68601.96,68601.96,68534.37,68535.81,38.62044
2024-05-31 04:00:00,68535.81,68628.9,68535.81,68628.89,25.24705
2024-05-31 04:05:00,68628.89,68654.33,68605.53,68608.18,53.12981
2024-05-31 04:10:00,68608.19,68649.26,68608.18,68626.9,52.30704
2024-05-31 04:15:00,68626.9,68645.13,68586.6,68586.6,41.34956
2024-05-31 04:20:00,68586.6,68592.85,68565.91,68580.0,26.19216
2024-05-31 04:25:00,68579.99,68580.0,68520.0,68520.0,31.73275
2024-05-31 04:30:00,68520.0,68526.2,68486.0,68486.01,83.55758
2024-05-31 04:35:00,68486.01,68508.6,68486.0,68508.59,32.03521
2024-05-31 04:40:00,68508.59,68542.3,68508.59,68542.3,36.3131
2024-05-31 04:45:00,68542.29,68584.62,68542.29,68580.0,63.87562
2024-05-31 04:50:00,68580.0,68580.0,68500.0,68501.2,58.41426
2024-05-31 04:55:00,68501.19,68520.01,68491.69,68516.59,113.8001
2024-05-31 05:00:00,68516.59,68516.59,68459.8,68459.81,44.21221
2024-05-31 05:05:00,68459.81,68459.81,68384.7,68444.51,55.20592
2024-05-31 05:10:00,68444.51,68500.0,68444.51,68470.02,33.27873
2024-05-31 05:15:00,68470.01,68470.02,68360.84,68375.78,35.12657
2024-05-31 05:20:00,68375.77,68405.89,68309.55,68309.55,52.65838
2024-05-31 05:25:00,68309.56,68383.75,68290.0,68379.25,103.53998
2024-05-31 05:30:00,68379.24,68379.25,68294.25,68325.48,52.59601
2024-05-31 05:35:00,68325.49,68345.4,68319.1,68324.02,56.03651
2024-05-31 05:40:00,68324.02,68420.0,68324.01,68407.68,65.63939
2024-05-31 05:45:00,68407.68,68420.0,68377.23,68420.0,27.92809
2024-05-31 05:50:00,68420.0,68420.0,68380.7,68393.99,60.07033
2024-05-31 05:55:00,68394.0,68459.0,68393.99,68442.72,47.69594
2024-05-31 06:00:00,68442.72,68442.72,68401.2,68427.92,48.45385
2024-05-31 06:05:00,68427.92,68456.23,68427.92,68430.01,36.7029
2024-05-31 06:10:00,68430.0,68430.01,68256.29,68303.58,109.41809
2024-05-31 06:15:00,68303.59,68363.99,68303.58,68346.87,23.80538
2024-05-31 06:20:00,68346.87,68358.2,68344.0,68344.01,20.98331
2024-05-31 06:25:00,68344.01,68391.65,68344.0,68391.64,32.17274
2024-05-31 06:30:00,68391.65,68408.93,68321.62,68326.8,75.15755
2024-05-31 06:35:00,68326.8,68346.29,68279.0,68346.29,33.01688
2024-05-31 06:40:00,68346.29,68346.29,68318.0,68337.38,37.52507
2024-05-31 06:45:00,68337.38,68342.66,68308.0,68308.0,20.928
2024-05-31 06:50:00,68308.01,68308.01,68242.41,68277.12,55.29127
2024-05-31 06:55:00,68277.11,68277.12,68225.52,68272.0,51.18935
2024-05-31 07:00:00,68272.0,68289.96,68250.96,68289.96,61.51201
2024-05-31 07:05:00,68289.96,68320.0,68289.95,68300.14,57.09031
2024-05-31 07:10:00,68300.15,68327.1,68288.97,68327.09,55.64417
2024-05-31 07:15:00,68327.1,68368.97,68283.79,68368.96,88.87491
2024-05-31 07:20:00,68368.96,68431.88,68360.0,68388.75,96.32702
2024-05-31 07:25:00,68388.75,68399.53,68347.61,68364.01,73.29258
2024-05-31 07:30:00,68364.01,68364.01,68317.64,68321.39,57.70891
2024-05-31 07:35:00,68321.39,68321.4,68250.0,68250.01,41.92313
2024-05-31 07:40:00,68250.01,68250.01,68170.0,68170.01,80.1453
2024-05-31 07:45:00,68170.0,68189.4,68108.04,68149.0,136.73923
2024-05-31 07:50:00,68148.99,68149.0,68075.99,68102.3,100.91948
2024-05-31 07:55:00,68102.3,68175.0,68100.01,68174.99,107.71781
2024-05-31 08:00:00,68175.0,68293.41,68165.18,68240.34,97.684
2024-05-31 08:05:00,68240.34,68241.64,68200.0,68240.34,61.69005
2024-05-31 08:10:00,68240.34,68289.93,68240.34,68271.24,44.18992
2024-05-31 08:15:00,68271.25,68310.9,68220.0,68310.9,36.39407
2024-05-31 08:20:00,68310.89,68310.9,68256.11,68264.13,34.91048
2024-05-31 08:25:00,68264.13,68264.14,68210.82,68210.82,25.60421
2024-05-31 08:30:00,68210.82,68216.0,68160.0,68199.72,40.92309
2024-05-31 08:35:00,68199.73,68211.42,68188.0,68200.0,44.18266
2024-05-31 08:40:00,68200.0,68265.73,68199.99,68265.73,35.0363
2024-05-31 08:45:00,68265.72,68265.72,68181.2,68181.2,33.91335
2024-05-31 08:50:00,68181.2,68225.34,68162.0,68162.0,50.98135
2024-05-31 08:55:00,68162.01,68171.96,68130.77,68136.0,53.42857
2024-05-31 09:00:00,68136.01,68143.99,68123.0,68123.01,58.9779
2024-05-31 09:05:00,68123.0,68130.0,68108.5,68108.5,39.99943
2024-05-31 09:10:00,68108.51,68184.4,68097.0,68174.99,35.11604
2024-05-31 09:15:00,68174.99,68175.0,67918.5,67932.0,196.94681
2024-05-31 09:20:00,67932.0,67974.55,67895.45,67949.6,93.56813
2024-05-31 09:25:00,67949.6,67949.6,67876.0,67926.92,75.51913
2024-05-31 09:30:00,67926.93,67927.6,67878.04,67913.46,95.82624
2024-05-31 09:35:00,67913.46,67949.2,67913.45,67941.0,69.20218
2024-05-31 09:40:00,67940.99,68000.0,67940.99,67984.0,77.98104
2024-05-31 09:45:00,67984.0,67997.9,67950.0,67960.01,51.40185
2024-05-31 09:50:00,67960.01,67975.36,67920.0,67920.01,61.49653
2024-05-31 09:55:00,67920.01,67975.27,67889.0,67950.0,75.01731
2024-05-31 10:00:00,67950.0,68080.24,67930.0,68080.23,79.95105
2024-05-31 10:05:00,68080.23,68274.14,68080.23,68190.96,200.68957
2024-05-31 10:10:00,68190.96,68252.0,68136.0,68201.0,78.56317
2024-05-31 10:15:00,68200.99,68211.6,68145.0,68169.2,55.71791
2024-05-31 10:20:00,68169.19,68173.78,68125.12,68154.77,53.71014
2024-05-31 10:25:00,68154.77,68154.78,68124.1,68144.99,47.42254
2024-05-31 10:30:00,68145.0,68157.1,68097.82,68137.43,57.68415
2024-05-31 10:35:00,68137.43,68235.0,68100.01,68196.3,53.32702
2024-05-31 10:40:00,68196.31,68256.76,68196.3,68244.98,52.57833
2024-05-31 10:45:00,68244.98,68244.98,68193.95,68217.85,53.77884
2024-05-31 10:50:00,68217.85,68237.93,68188.0,68237.93,66.13065
2024-05-31 10:55:00,68237.93,68333.33,68236.34,68333.33,61.01623
2024-05-31 11:00:00,68333.33,68348.01,68289.55,68289.56,76.57244
2024-05-31 11:05:00,68289.56,68324.97,68280.0,68295.68,72.31889
2024-05-31 11:10:00,68295.68,68434.9,68295.67,68411.61,93.89402
2024-05-31 11:15:00,68411.62,68411.62,68340.99,68343.51,99.9338
2024-05-31 11:20:00,68343.5,68408.64,68340.46,68380.05,100.44366
2024-05-31 11:25:00,68380.04,68383.0,68293.59,68293.6,48.81355
2024-05-31 11:30:00,68293.6,68363.99,68293.59,68360.42,60.1344
2024-05-31 11:35:00,68360.42,68461.0,68344.76,68430.0,142.92991
2024-05-31 11:40:00,68429.99,68430.0,68380.66,68408.01,66.92463
2024-05-31 11:45:00,68408.01,68418.68,68338.34,68412.12,75.15951
2024-05-31 11:50:00,68412.12,68423.98,68362.14,68400.48,65.07463
2024-05-31 11:55:00,68400.48,68400.48,68342.59,68349.73,43.70271
2024-05-31 12:00:00,68349.73,68424.19,68320.77,68424.19,63.72917
2024-05-31 12:05:00,68424.19,68428.71,68373.0,68400.34,78.14459
2024-05-31 12:10:00,68400.33,68466.0,68383.7,68385.4,82.08581
2024-05-31 12:15:00,68385.4,68419.31,68373.0,68398.42,63.87779
2024-05-31 12:20:00,68398.42,68587.42,68398.41,68525.75,142.85408
2024-05-31 12:25:00,68525.75,68605.17,68525.74,68560.01,113.27776
2024-05-31 12:30:00,68560.0,68994.0,68560.0,68877.0,774.91483
2024-05-31 12:35:00,68877.0,69044.1,68850.0,68880.01,356.55748
2024-05-31 12:40:00,68880.01,68917.75,68689.54,68855.46,394.64936
2024-05-31 12:45:00,68855.45,68955.53,68793.12,68793.13,175.01484
2024-05-31 12:50:00,68793.13,68809.99,68689.1,68708.0,73.86953
2024-05-31 12:55:00,68708.0,68709.99,68531.02,68643.59,175.22354
2024-05-31 13:00:00,68643.59,68772.99,68619.0,68772.99,190.3122
2024-05-31 13:05:00,68772.99,68816.76,68730.0,68790.96,71.89978
2024-05-31 13:10:00,68790.96,68790.96,68633.3,68714.77,147.31822
2024-05-31 13:15:00,68714.77,68715.19,68620.0,68682.01,111.99608
2024-05-31 13:20:00,68682.01,68816.0,68666.9,68760.01,90.35006
2024-05-31 13:25:00,68760.01,68821.01,68700.0,68707.72,132.85043
2024-05-31 13:30:00,68707.72,68779.67,68099.83,68201.0,550.9759
2024-05-31 13:35:00,68200.99,68451.56,68192.65,68442.33,258.4715
2024-05-31 13:40:00,68442.33,68491.72,68312.1,68420.0,159.82495
2024-05-31 13:45:00,68420.0,68447.57,68264.78,68380.0,113.01694
2024-05-31 13:50:00,68380.0,68390.0,68189.77,68260.12,105.66169
2024-05-31 13:55:00,68260.12,68260.12,68025.02,68078.34,208.81569
2024-05-31 14:00:00,68078.34,68078.34,67770.0,67929.2,471.5484
2024-05-31 14:05:00,67929.19,68071.26,67840.76,68040.01,291.66569
2024-05-31 14:10:00,68040.0,68077.01,67787.39,67821.49,300.09325
2024-05-31 14:15:00,67821.49,67961.91,67772.0,67864.02,305.32709
2024-05-31 14:20:00,67864.02,67930.0,67725.0,67745.42,224.69395
2024-05-31 14:25:00,67745.42,67805.26,67676.76,67759.01,219.3004
2024-05-31 14:30:00,67759.01,67815.01,67663.9,67785.01,201.1724
2024-05-31 14:35:00,67785.01,67858.08,67426.66,67494.09,540.22223
2024-05-31 14:40:00,67494.09,67526.16,67352.32,67356.01,381.85065
2024-05-31 14:45:00,67356.01,67472.0,67264.46,67466.27,277.04618
2024-05-31 14:50:00,67466.27,67540.82,67393.35,67425.01,191.27442
2024-05-31 14:55:00,67425.01,67505.51,67422.52,67501.76,136.78091
2024-05-31 15:00:00,67501.76,67548.38,67410.01,67410.01,160.19616
2024-05-31 15:05:00,67410.01,67456.75,67347.62,67392.0,140.01032
2024-05-31 15:10:00,67392.0,67461.7,67300.3,67313.89,179.8524
2024-05-31 15:15:00,67313.89,67404.0,67250.4,67404.0,195.53628
2024-05-31 15:20:00,67404.0,67481.27,67391.91,67432.83,118.80647
2024-05-31 15:25:00,67432.83,67494.11,67392.09,67457.05,89.046
2024-05-31 15:30:00,67457.05,67476.96,67215.61,67376.0,258.12916
2024-05-31 15:35:00,67376.0,67418.97,67343.0,67382.02,96.15099
2024-05-31 15:40:00,67382.02,67438.85,67334.05,67428.21,82.6358
2024-05-31 15:45:00,67428.21,67428.21,67319.24,67369.0,106.65847
2024-05-31 15:50:00,67369.0,67387.53,67283.0,67316.81,101.67063
2024-05-31 15:55:00,67316.81,67348.6,67200.0,67215.58,133.78059
2024-05-31 16:00:00,67215.58,67352.41,67090.01,67210.01,485.1737
2024-05-31 16:05:00,67210.01,67268.19,66845.0,66850.12,691.25652
2024-05-31 16:10:00,66850.12,66959.99,66825.0,66825.01,213.91244
2024-05-31 16:15:00,66825.01,66913.76,66670.0,66721.35,346.06764
2024-05-31 16:20:00,66721.35,66881.67,66684.0,66881.66,213.38323
2024-05-31 16:25:00,66881.66,67040.66,66864.0,67000.01,143.98141
2024-05-31 16:30:00,67000.01,67118.64,66980.01,67088.01,138.50205
2024-05-31 16:35:00,67088.0,67088.0,66895.83,66960.35,304.56674
2024-05-31 16:40:00,66960.35,66991.99,66876.8,66947.56,87.53123
2024-05-31 16:45:00,66947.56,67065.99,66947.55,67015.99,102.41327
2024-05-31 16:50:00,67015.99,67166.15,67015.98,67135.0,87.00247
2024-05-31 16:55:00,67134.99,67221.53,67122.33,67200.01,68.24117
2024-05-31 17:00:00,67200.01,67400.0,67160.3,67315.27,241.74502
2024-05-31 17:05:00,67315.27,67369.79,67278.0,67312.0,77.49451
2024-05-31 17:10:00,67312.0,67322.61,67265.11,67276.52,52.56898
2024-05-31 17:15:00,67276.52,67377.23,67260.0,67317.01,112.75362
2024-05-31 17:20:00,67317.01,67395.0,67317.0,67395.0,51.71485
2024-05-31 17:25:00,67395.0,67459.66,67370.0,67417.98,62.40397
2024-05-31 17:30:00,67417.98,67455.93,67356.06,67370.0,61.21104
2024-05-31 17:35:00,67370.0,67389.99,67311.05,67311.06,55.28588
2024-05-31 17:40:00,67311.06,67334.55,67288.41,67304.09,54.02381
2024-05-31 17:45:00,67304.08,67335.94,67287.97,67335.94,37.16787
2024-05-31 17:50:00,67335.94,67390.0,67324.01,67330.01,36.68083
2024-05-31 17:55:00,67330.0,67350.0,67330.0,67342.77,42.89314
2024-05-31 18:00:00,67342.77,67368.0,67288.2,67368.0,58.32135
2024-05-31 18:05:00,67368.0,67381.0,67296.0,67356.51,59.46471
2024-05-31 18:10:00,67356.51,67428.0,67356.5,67382.01,58.6524
2024-05-31 18:15:00,67382.01,67444.47,67368.37,67384.95,66.10722
2024-05-31 18:20:00,67384.95,67384.95,67340.0,67344.93,35.88359
2024-05-31 18:25:00,67344.93,67374.73,67305.49,67305.5,104.61075
2024-05-31 18:30:00,67305.5,67330.0,67170.0,67179.99,208.94525
2024-05-31 18:35:00,67179.99,67389.99,67179.99,67374.05,134.13921
2024-05-31 18:40:00,67374.05,67419.04,67349.72,67419.04,61.30516
2024-05-31 18:45:00,67419.04,67427.68,67374.52,67408.79,73.06663
2024-05-31 18:50:00,67408.79,67408.79,67340.0,67355.25,39.9606
2024-05-31 18:55:00,67355.25,67426.65,67343.67,67414.88,51.62296
2024-05-31 19:00:00,67414.88,67425.66,67361.48,67361.49,70.19736
2024-05-31 19:05:00,67361.49,67410.99,67342.24,67396.01,90.74573
2024-05-31 19:10:00,67396.01,67430.69,67385.64,67430.69,31.66154
2024-05-31 19:15:00,67430.69,67430.69,67376.11,67426.46,50.58229
2024-05-31 19:20:00,67426.46,67432.0,67349.18,67428.36,103.8854
2024-05-31 19:25:00,67428.36,67595.06,67428.35,67534.17,98.45531
2024-05-31 19:30:00,67534.17,67608.17,67500.82,67544.0,101.43116
2024-05-31 19:35:00,67544.0,67599.4,67544.0,67592.0,75.35022
2024-05-31 19:40:00,67592.0,67878.47,67591.99,67854.26,460.71919
2024-05-31 19:45:00,67854.26,67965.19,67768.68,67813.75,259.23564
2024-05-31 19:50:00,67813.75,67999.0,67805.58,67926.78,184.21382
2024-05-31 19:55:00,67926.77,67950.0,67610.49,67681.0,116.98523
2024-05-31 20:00:00,67681.0,67798.0,67672.01,67788.05,84.95661
2024-05-31 20:05:00,67788.05,67788.05,67692.11,67692.12,43.55261
2024-05-31 20:10:00,67692.12,67707.0,67624.37,67701.01,57.6944
2024-05-31 20:15:00,67701.0,67714.08,67670.0,67670.01,20.78787
2024-05-31 20:20:00,67670.01,67709.29,67635.01,67635.01,38.08102
2024-05-31 20:25:00,67635.01,67681.55,67600.0,67675.2,39.70214
2024-05-31 20:30:00,67675.2,67694.0,67648.81,67668.02,42.69919
2024-05-31 20:35:00,67668.02,67694.0,67655.0,67684.52,24.37654
2024-05-31 20:40:00,67684.52,67717.41,67672.0,67714.1,29.16371
2024-05-31 20:45:00,67714.1,67755.0,67695.0,67733.0,47.17279
2024-05-31 20:50:00,67733.0,67733.0,67630.01,67630.02,20.62269
2024-05-31 20:55:00,67630.02,67730.32,67626.07,67709.04,77.50909
2024-05-31 21:00:00,67709.04,67709.04,67645.9,67690.0,37.72313
2024-05-31 21:05:00,67690.0,67690.0,67672.07,67672.08,23.76019
2024-05-31 21:10:00,67672.08,67710.0,67672.07,67710.0,29.072
2024-05-31 21:15:00,67710.0,67710.0,67650.7,67662.02,58.3116
2024-05-31 21:20:00,67662.02,67662.02,67606.61,67606.62,26.70118
2024-05-31 21:25:00,67606.62,67624.0,67528.82,67624.0,55.48709
2024-05-31 21:30:00,67624.0,67675.55,67575.0,67582.68,34.88662
2024-05-31 21:35:00,67582.68,67614.0,67582.67,67609.95,10.27431
2024-05-31 21:40:00,67609.95,67610.01,67551.0,67551.01,61.64799
2024-05-31 21:45:00,67551.01,67559.99,67500.0,67559.99,93.41295
2024-05-31 21:50:00,67559.99,67648.59,67559.98,67648.59,65.12704
2024-05-31 21:55:00,67648.59,67690.77,67564.9,67564.91,55.86069
2024-05-31 22:00:00,67564.91,67665.0,67564.91,67605.97,74.9681
2024-05-31 22:05:00,67605.97,67640.01,67580.6,67640.01,38.29066
2024-05-31 22:10:00,67640.01,67640.01,67629.45,67637.99,39.40317
2024-05-31 22:15:00,67637.99,67668.0,67615.0,67657.59,55.12323
2024-05-31 22:20:00,67657.59,67657.59,67635.0,67644.83,21.46349
2024-05-31 22:25:00,67644.83,67644.83,67635.27,67642.17,20.04796
2024-05-31 22:30:00,67642.17,67642.17,67610.0,67610.01,21.77736
2024-05-31 22:35:00,67610.01,67629.0,67600.0,67600.01,21.0249
2024-05-31 22:40:00,67600.01,67623.8,67600.0,67623.8,19.35584
2024-05-31 22:45:00,67623.8,67623.8,67575.0,67575.01,22.93099
2024-05-31 22:50:00,67575.01,67602.86,67575.01,67587.31,21.55971
2024-05-31 22:55:00,67587.31,67587.31,67509.51,67509.52,23.3261
2024-05-31 23:00:00,67509.52,67564.0,67509.51,67554.11,57.00468
2024-05-31 23:05:00,67554.11,67554.11,67318.81,67431.27,211.57875
2024-05-31 23:10:00,67431.27,67460.0,67396.0,67441.18,43.72591
2024-05-31 23:15:00,67441.18,67489.76,67304.0,67395.01,79.83529
2024-05-31 23:20:00,67395.01,67395.01,67253.05,67312.8,112.48696
2024-05-31 23:25:00,67312.8,67312.8,67239.19,67239.2,47.74323
2024-05-31 23:30:00,67239.2,67336.45,67239.19,67312.02,41.85262
2024-05-31 23:35:00,67312.02,67360.45,67312.01,67348.13,25.46858
2024-05-31 23:40:00,67348.13,67563.6,67333.13,67496.0,109.69063
2024-05-31 23:45:00,67496.0,67590.0,67475.8,67525.94,55.25657
2024-05-31 23:50:00,67525.94,67602.6,67515.0,67576.21,36.99766
2024-05-31 23:55:00,67576.21,67576.21,67540.0,67540.01,25.25001
2024-06-01 00:00:00,67540.01,67655.0,67540.0,67647.88,107.39824
2024-06-01 00:05:00,67647.88,67703.89,67614.2,67614.21,124.38223
2024-06-01 00:10:00,67614.21,67638.39,67566.8,67586.61,42.7283
2024-06-01 00:15:00,67586.61,67586.61,67507.39,67529.45,39.61895
2024-06-01 00:20:00,67529.45,67529.45,67510.8,67511.97,23.85075
2024-06-01 00:25:00,67511.97,67559.73,67511.96,67559.73,19.13963
2024-06-01 00:30:00,67559.73,67636.28,67559.72,67612.01,90.37092
2024-06-01 00:35:00,67612.01,67612.01,67552.0,67588.48,25.38461
2024-06-01 00:40:00,67588.48,67627.26,67581.81,67603.06,23.57435
2024-06-01 00:45:00,67603.06,67664.6,67603.05,67650.0,37.41647
2024-06-01 00:50:00,67650.0,67689.64,67649.99,67677.54,16.25377
2024-06-01 00:55:00,67677.54,67677.54,67650.2,67655.66,19.75252
2024-06-01 01:00:00,67655.66,67710.29,67645.19,67681.01,56.32761
2024-06-01 01:05:00,67681.01,67692.0,67600.0,67635.0,36.71386
2024-06-01 01:10:00,67635.0,67663.99,67613.83,67621.56,33.3863
2024-06-01 01:15:00,67621.56,67627.47,67565.2,67565.21,25.39927
2024-06-01 01:20:00,67565.21,67569.96,67520.53,67560.0,69.37554
2024-06-01 01:25:00,67560.0,67585.37,67550.1,67571.3,49.18602
2024-06-01 01:30:00,67571.3,67588.0,67565.49,67578.09,60.12355
2024-06-01 01:35:00,67578.09,67578.09,67428.44,67467.81,82.72642
2024-06-01 01:40:00,67467.81,67499.0,67440.81,67491.22,68.0553
2024-06-01 01:45:00,67491.22,67550.0,67491.22,67535.79,31.46456
2024-06-01 01:50:00,67535.79,67550.79,67525.15,67550.79,26.30859
2024-06-01 01:55:00,67550.79,67560.0,67532.97,67560.0,27.49273
2024-06-01 02:00:00,67560.0,67601.13,67546.52,67600.05,37.46389
2024-06-01 02:05:00,67600.05,67710.0,67600.04,67661.68,63.83661
2024-06-01 02:10:00,67661.68,67661.68,67639.24,67639.25,20.01349
2024-06-01 02:15:00,67639.25,67665.0,67617.48,67646.08,35.63542
2024-06-01 02:20:00,67646.08,67655.22,67639.01,67639.02,17.85025
2024-06-01 02:25:00,67639.02,67664.74,67639.01,67661.6,20.88597
2024-06-01 02:30:00,67661.6,67740.0,67661.59,67678.03,30.08071
2024-06-01 02:35:00,67678.03,67678.12,67673.87,67674.74,13.37679
2024-06-01 02:40:00,67674.74,67700.1,67672.99,67684.01,37.46022
2024-06-01 02:45:00,67684.01,67701.47,67684.0,67701.47,14.9793
2024-06-01 02:50:00,67701.47,67723.38,67701.46,67707.78,26.4535
2024-06-01 02:55:00,67707.78,67729.05,67707.77,67729.05,9.68343
2024-06-01 03:00:00,67729.05,67738.0,67708.4,67727.58,38.23554
2024-06-01 03:05:00,67727.58,67739.6,67716.0,67716.01,19.71037
2024-06-01 03:10:00,67716.01,67722.09,67660.28,67686.75,40.83987
2024-06-01 03:15:00,67686.75,67695.0,67630.8,67630.81,39.71488
2024-06-01 03:20:00,67630.81,67647.76,67623.24,67623.25,18.06742
2024-06-01 03:25:00,67623.25,67655.16,67623.24,67655.16,18.3761
2024-06-01 03:30:00,67655.16,67693.39,67655.15,67693.39,9.76143
2024-06-01 03:35:00,67693.39,67735.0,67693.38,67720.97,29.97192
2024-06-01 03:40:00,67720.97,67748.66,67710.0,67748.66,26.08734
2024-06-01 03:45:00,67748.66,67757.14,67724.0,67724.01,22.27961
2024-06-01 03:50:00,67724.01,67730.72,67714.2,67726.17,14.61955
2024-06-01 03:55:00,67726.17,67726.17,67673.72,67715.31,35.53729
2024-06-01 04:00:00,67715.31,67758.8,67715.3,67758.8,38.83706
2024-06-01 04:05:00,67758.8,67763.81,67722.68,67763.81,34.55611
2024-06-01 04:10:00,67763.81,67763.81,67704.2,67708.01,74.56565
2024-06-01 04:15:00,67708.01,67719.56,67656.0,67676.01,31.20258
2024-06-01 04:20:00,67676.01,67688.58,67676.0,67682.13,17.30208
2024-06-01 04:25:00,67682.13,67682.13,67671.32,67679.99,15.5251
2024-06-01 04:30:00,67679.99,67699.79,67675.0,67699.79,15.57254
2024-06-01 04:35:00,67699.78,67725.0,67699.78,67725.0,16.05052
2024-06-01 04:40:00,67725.0,67725.0,67693.62,67693.63,16.82745
2024-06-01 04:45:00,67693.63,67726.84,67688.48,67726.84,22.44123
2024-06-01 04:50:00,67726.84,67726.84,67696.6,67702.45,15.99182
2024-06-01 04:55:00,67702.45,67702.45,67680.0,67680.01,17.09183
2024-06-01 05:00:00,67680.01,67680.01,67637.13,67637.14,15.88158
2024-06-01 05:05:00,67637.14,67637.14,67626.2,67626.46,15.49144
2024-06-01 05:10:00,67626.46,67659.89,67623.25,67659.89,18.72983
2024-06-01 05:15:00,67659.89,67685.64,67645.21,67645.22,11.92172
2024-06-01 05:20:00,67645.22,67645.22,67624.0,67630.01,8.11909
2024-06-01 05:25:00,67630.01,67630.01,67603.0,67603.01,47.64993
2024-06-01 05:30:00,67603.01,67633.48,67603.0,67633.48,14.50463
2024-06-01 05:35:00,67633.48,67710.0,67633.47,67710.0,19.23742
2024-06-01 05:40:00,67710.0,67746.0,67709.99,67737.48,35.55301
2024-06-01 05:45:00,67737.48,67810.0,67712.27,67740.0,92.12041
2024-06-01 05:50:00,67740.0,67740.0,67700.0,67700.0,27.5252
2024-06-01 05:55:00,67700.01,67700.01,67676.79,67686.35,9.9897
2024-06-01 06:00:00,67686.35,67729.87,67686.34,67688.01,30.23318
2024-06-01 06:05:00,67688.01,67708.0,67656.8,67657.11,33.25021
2024-06-01 06:10:00,67657.11,67679.95,67657.1,67665.98,26.6025
2024-06-01 06:15:00,67665.98,67665.98,67641.15,67665.97,20.9789
2024-06-01 06:20:00,67665.97,67665.98,67660.0,67660.0,8.39267
2024-06-01 06:25:00,67660.01,67670.09,67650.0,67662.95,28.39369
2024-06-01 06:30:00,67662.95,67696.0,67662.94,67690.2,17.33285
2024-06-01 06:35:00,67690.21,67690.21,67607.94,67623.99,30.70296
2024-06-01 06:40:00,67623.99,67665.76,67623.99,67665.76,15.6846
2024-06-01 06:45:00,67665.75,67678.87,67656.88,67676.0,31.10195
2024-06-01 06:50:00,67675.99,67689.98,67670.24,67689.98,12.04145
2024-06-01 06:55:00,67689.97,67693.32,67673.64,67693.32,11.52391
2024-06-01 07:00:00,67693.32,67706.63,67660.0,67668.0,22.78175
2024-06-01 07:05:00,67668.0,67671.38,67667.99,67671.36,16.33056
2024-06-01 07:10:00,67671.37,67671.37,67664.42,67664.43,17.59375
2024-06-01 07:15:00,67664.43,67664.44,67620.0,67620.0,13.3956
2024-06-01 07:20:00,67620.0,67635.0,67620.0,67634.99,7.7003
2024-06-01 07:25:00,67635.0,67635.0,67606.14,67610.9,28.42813
2024-06-01 07:30:00,67610.91,67610.98,67575.23,67588.23,51.31648
2024-06-01 07:35:00,67588.22,67611.73,67588.22,67611.72,23.01705
2024-06-01 07:40:00,67611.72,67694.0,67611.72,67668.0,53.30634
2024-06-01 07:45:00,67668.0,67733.01,67643.6,67722.38,61.38527
2024-06-01 07:50:00,67722.38,67722.38,67680.46,67688.94,20.18147
2024-06-01 07:55:00,67688.94,67688.95,67623.4,67632.08,36.37038
2024-06-01 08:00:00,67632.07,67664.12,67629.0,67631.01,40.74177
2024-06-01 08:05:00,67631.01,67634.03,67618.35,67618.36,38.15467
2024-06-01 08:10:00,67618.35,67634.03,67618.35,67629.12,19.52732
2024-06-01 08:15:00,67629.13,67650.0,67611.61,67611.61,34.75749
2024-06-01 08:20:00,67611.62,67622.54,67611.61,67622.53,11.96764
2024-06-01 08:25:00,67622.53,67629.0,67622.53,67628.99,15.07582
2024-06-01 08:30:00,67628.99,67649.99,67628.99,67642.0,21.12403
2024-06-01 08:35:00,67642.01,67643.94,67642.0,67643.93,6.90295
2024-06-01 08:40:00,67643.94,67731.7,67643.93,67731.68,39.12485
2024-06-01 08:45:00,67731.69,67741.06,67702.07,67703.06,27.19702
2024-06-01 08:50:00,67703.06,67703.07,67658.74,67683.01,38.27982
2024-06-01 08:55:00,67683.01,67736.0,67683.0,67704.0,83.59442
2024-06-01 09:00:00,67704.0,67760.0,67703.99,67733.0,68.23094
2024-06-01 09:05:00,67733.0,67733.0,67712.71,67719.24,28.20316
2024-06-01 09:10:00,67719.24,67730.99,67712.72,67712.73,27.6432
2024-06-01 09:15:00,67712.73,67712.73,67672.69,67673.17,38.06213
2024-06-01 09:20:00,67673.17,67686.8,67673.16,67686.8,19.13498
2024-06-01 09:25:00,67686.79,67700.0,67665.01,67665.02,28.21808
2024-06-01 09:30:00,67665.02,67679.54,67635.0,67679.54,30.29836
2024-06-01 09:35:00,67679.53,67682.7,67679.53,67682.66,24.2547
2024-06-01 09:40:00,67682.66,67705.79,67682.65,67703.1,27.62798
2024-06-01 09:45:00,67703.1,67703.1,67665.13,67665.14,19.84009
2024-06-01 09:50:00,67665.14,67709.99,67665.13,67709.99,19.08864
2024-06-01 09:55:00,67709.99,67709.99,67696.44,67706.69,18.78709
2024-06-01 10:00:00,67706.69,67735.7,67706.69,67718.69,23.04041
2024-06-01 10:05:00,67718.69,67737.08,67710.0,67710.01,23.47519
2024-06-01 10:10:00,67710.01,67743.69,67690.23,67733.02,51.4306
2024-06-01 10:15:00,67733.02,67740.76,67714.44,67740.76,41.68484
2024-06-01 10:20:00,67740.76,67750.0,67719.0,67719.01,15.82591
2024-06-01 10:25:00,67719.01,67719.01,67668.22,67668.23,20.77154
2024-06-01 10:30:00,67668.23,67694.79,67661.22,67694.79,30.05082
2024-06-01 10:35:00,67694.79,67703.24,67689.55,67689.56,19.99859
2024-06-01 10:40:00,67689.56,67689.56,67668.0,67683.89,22.79766
2024-06-01 10:45:00,67683.89,67683.89,67650.0,67654.74,32.13835
2024-06-01 10:50:00,67654.74,67663.0,67644.0,67644.01,19.118
2024-06-01 10:55:00,67644.01,67644.01,67627.32,67627.33,17.29477
2024-06-01 11:00:00,67627.33,67650.0,67627.32,67647.86,29.38092
2024-06-01 11:05:00,67647.86,67676.14,67647.85,67661.99,28.30805
2024-06-01 11:10:00,67661.99,67679.5,67661.98,67679.5,28.17799
2024-06-01 11:15:00,67679.5,67679.5,67679.49,67679.5,10.14872
2024-06-01 11:20:00,67679.5,67679.5,67655.05,67655.06,12.03835
2024-06-01 11:25:00,67655.06,67670.66,67655.05,67670.66,17.96763
2024-06-01 11:30:00,67670.66,67683.89,67670.65,67683.89,17.35332
2024-06-01 11:35:00,67683.89,67683.89,67672.49,67673.6,35.90824
2024-06-01 11:40:00,67673.6,67680.5,67673.59,67680.5,15.13356
2024-06-01 11:45:00,67680.5,67694.0,67664.61,67664.62,17.91416
2024-06-01 11:50:00,67664.62,67676.01,67664.61,67664.62,17.93053
2024-06-01 11:55:00,67664.62,67664.62,67660.56,67660.57,19.42804
2024-06-01 12:00:00,67660.57,67694.0,67640.0,67694.0,24.77999
2024-06-01 12:05:00,67694.0,67718.64,67693.99,67700.39,29.87666
2024-06-01 12:10:00,67700.39,67700.39,67694.0,67694.01,28.98084
2024-06-01 12:15:00,67694.01,67694.01,67682.21,67682.22,16.74586
2024-06-01 12:20:00,67682.22,67705.75,67682.21,67703.7,38.04191
2024-06-01 12:25:00,67703.7,67723.07,67703.69,67721.85,19.6487
2024-06-01 12:30:00,67721.85,67721.85,67701.76,67701.77,15.15722
2024-06-01 12:35:00,67701.77,67706.13,67695.0,67706.13,20.29606
2024-06-01 12:40:00,67706.13,67728.47,67706.12,67728.47,30.20306
2024-06-01 12:45:00,67728.47,67872.5,67728.46,67804.0,115.67608
2024-06-01 12:50:00,67804.0,67804.06,67767.01,67782.82,34.12978
2024-06-01 12:55:00,67782.82,67782.82,67717.75,67717.76,34.69224
2024-06-01 13:00:00,67717.76,67791.9,67714.28,67791.9,42.20195
2024-06-01 13:05:00,67791.9,67830.0,67783.01,67830.0,25.56129
2024-06-01 13:10:00,67830.0,67830.0,67781.99,67788.77,30.66351
2024-06-01 13:15:00,67788.77,67837.0,67788.76,67837.0,26.00919
2024-06-01 13:20:00,67837.0,67837.0,67809.79,67811.69,36.46111
2024-06-01 13:25:00,67811.69,67836.41,67778.22,67778.23,52.87024
2024-06-01 13:30:00,67778.23,67805.4,67778.22,67796.68,26.45595
2024-06-01 13:35:00,67796.68,67812.02,67788.62,67809.08,35.69362
2024-06-01 13:40:00,67809.08,67822.65,67757.31,67759.83,55.63087
2024-06-01 13:45:00,67759.83,67804.79,67759.82,67804.79,23.97538
2024-06-01 13:50:00,67804.79,67804.79,67776.55,67777.68,33.58017
2024-06-01 13:55:00,67777.68,67777.68,67720.0,67720.01,30.16648
2024-06-01 14:00:00,67720.01,67720.01,67673.0,67690.2,39.71515
2024-06-01 14:05:00,67690.2,67748.0,67690.19,67747.6,28.39069
2024-06-01 14:10:00,67747.6,67775.22,67747.59,67755.01,29.88335
2024-06-01 14:15:00,67755.01,67771.81,67755.0,67771.81,11.38639
2024-06-01 14:20:00,67771.81,67803.8,67771.8,67803.79,37.65491
2024-06-01 14:25:00,67803.8,67820.0,67785.0,67800.0,39.16641
2024-06-01 14:30:00,67800.0,67870.0,67794.0,67865.04,43.88747
2024-06-01 14:35:00,67865.04,67865.04,67816.0,67816.01,28.71667
2024-06-01 14:40:00,67816.01,67833.42,67798.0,67805.58,28.52864
2024-06-01 14:45:00,67805.58,67805.58,67761.7,67762.0,23.67755
2024-06-01 14:50:00,67761.99,67812.99,67761.99,67785.03,53.95582
2024-06-01 14:55:00,67785.03,67803.34,67785.02,67803.34,14.04215
2024-06-01 15:00:00,67803.33,67824.0,67798.01,67810.0,69.90512
2024-06-01 15:05:00,67810.0,67810.0,67770.0,67770.01,32.2969
2024-06-01 15:10:00,67770.01,67796.2,67759.0,67759.01,35.31224
2024-06-01 15:15:00,67759.0,67772.0,67755.01,67772.0,20.74651
2024-06-01 15:20:00,67771.99,67809.85,67771.99,67809.85,19.7863
2024-06-01 15:25:00,67809.84,67809.85,67755.01,67777.22,23.87875
2024-06-01 15:30:00,67777.22,67785.0,67777.21,67777.43,21.25825
2024-06-01 15:35:00,67777.43,67781.69,67770.0,67781.69,14.95019
2024-06-01 15:40:00,67781.69,67791.77,67781.68,67791.77,10.37591
2024-06-01 15:45:00,67791.77,67791.77,67759.0,67767.07,17.63166
2024-06-01 15:50:00,67767.07,67785.0,67764.27,67774.93,23.26754
2024-06-01 15:55:00,67774.93,67774.93,67668.01,67691.28,32.08121
2024-06-01 16:00:00,67691.28,67719.99,67691.27,67695.01,33.22289
2024-06-01 16:05:00,67695.01,67715.59,67675.67,67708.28,28.83072
2024-06-01 16:10:00,67708.28,67708.28,67676.4,67676.41,16.83848
2024-06-01 16:15:00,67676.41,67676.41,67612.0,67636.0,59.09849
2024-06-01 16:20:00,67636.0,67700.0,67635.99,67680.01,22.07669
2024-06-01 16:25:00,67680.01,67707.0,67680.0,67707.0,15.46213
2024-06-01 16:30:00,67707.0,67719.92,67667.55,67668.23,21.14182
2024-06-01 16:35:00,67668.24,67679.22,67668.23,67674.68,13.74662
2024-06-01 16:40:00,67674.68,67686.16,67672.51,67686.16,17.55344
2024-06-01 16:45:00,67686.16,67686.16,67642.92,67642.93,23.88217
2024-06-01 16:50:00,67642.93,67700.23,67642.92,67700.23,31.82581
2024-06-01 16:55:00,67700.23,67706.99,67700.0,67700.01,21.19384
2024-06-01 17:00:00,67700.01,67700.01,67656.87,67656.87,25.60909
2024-06-01 17:05:00,67656.88,67667.6,67616.67,67667.6,44.82455
2024-06-01 17:10:00,67667.6,67667.6,67644.0,67644.01,15.39976
2024-06-01 17:15:00,67644.01,67664.0,67630.0,67656.59,27.30923
2024-06-01 17:20:00,67656.59,67677.59,67656.58,67666.25,19.18802
2024-06-01 17:25:00,67666.25,67675.95,67665.0,67675.95,13.05191
2024-06-01 17:30:00,67675.95,67681.0,67665.0,67665.01,13.37766
2024-06-01 17:35:00,67665.01,67677.0,67658.17,67658.18,16.92014
2024-06-01 17:40:00,67658.18,67658.18,67652.01,67652.02,11.38428
2024-06-01 17:45:00,67652.02,67658.17,67556.72,67650.01,551.14455
2024-06-01 17:50:00,67650.01,67706.2,67650.0,67706.2,105.28016
2024-06-01 17:55:00,67706.2,67900.0,67706.19,67791.02,333.67346
2024-06-01 18:00:00,67791.02,67821.73,67773.0,67773.41,81.47485
2024-06-01 18:05:00,67773.41,67773.41,67740.0,67749.17,34.66758
2024-06-01 18:10:00,67749.17,67767.78,67749.16,67759.27,20.25911
2024-06-01 18:15:00,67759.27,67759.27,67731.13,67740.7,20.89965
2024-06-01 18:20:00,67740.7,67765.94,67740.69,67765.94,15.34583
2024-06-01 18:25:00,67765.94,67765.94,67733.02,67733.03,18.09976
2024-06-01 18:30:00,67733.03,67753.63,67727.15,67750.61,21.73534
2024-06-01 18:35:00,67750.61,67750.61,67726.32,67740.0,11.26038
2024-06-01 18:40:00,67740.0,67759.0,67728.52,67759.0,16.48488
2024-06-01 18:45:00,67759.0,67773.03,67755.0,67755.01,13.10989
2024-06-01 18:50:00,67755.01,67755.01,67737.92,67739.45,12.87938
2024-06-01 18:55:00,67739.45,67750.71,67739.44,67750.71,10.89404
2024-06-01 19:00:00,67750.7,67759.0,67750.7,67759.0,10.13919
2024-06-01 19:05:00,67759.0,67759.0,67720.0,67720.01,19.04996
2024-06-01 19:10:00,67720.01,67733.0,67720.0,67720.61,13.67429
2024-06-01 19:15:00,67720.61,67720.61,67695.0,67695.0,12.64624
2024-06-01 19:20:00,67695.01,67725.0,67685.72,67725.0,22.09035
2024-06-01 19:25:00,67725.0,67730.47,67721.03,67728.52,8.56392
2024-06-01 19:30:00,67728.52,67735.47,67710.0,67710.01,16.3335
2024-06-01 19:35:00,67710.01,67737.6,67710.0,67734.19,12.636
2024-06-01 19:40:00,67734.19,67782.64,67727.02,67782.64,17.80342
2024-06-01 19:45:00,67782.64,67782.64,67743.93,67743.94,15.03545
2024-06-01 19:50:00,67743.93,67762.95,67740.0,67762.95,16.5419
2024-06-01 19:55:00,67762.95,67764.78,67753.75,67753.76,10.01376
2024-06-01 20:00:00,67753.76,67753.76,67723.42,67723.43,31.28812
2024-06-01 20:05:00,67723.43,67771.53,67723.42,67756.02,17.49916
2024-06-01 20:10:00,67756.02,67767.53,67700.0,67700.01,109.2372
2024-06-01 20:15:00,67700.01,67718.5,67700.01,67712.0,26.43143
2024-06-01 20:20:00,67712.0,67725.75,67711.99,67725.75,16.1922
2024-06-01 20:25:00,67725.75,67742.28,67725.74,67742.28,12.93828
2024-06-01 20:30:00,67742.28,67758.41,67742.27,67753.37,19.95926
2024-06-01 20:35:00,67753.37,67754.27,67745.04,67754.27,9.4374
2024-06-01 20:40:00,67754.27,67772.0,67754.26,67772.0,17.44278
2024-06-01 20:45:00,67772.0,67782.8,67731.54,67736.54,31.02394
2024-06-01 20:50:00,67736.54,67744.0,67736.53,67744.0,25.76275
2024-06-01 20:55:00,67744.0,67796.54,67743.99,67796.54,19.97143
2024-06-01 21:00:00,67796.54,67796.54,67759.0,67759.01,18.51439
2024-06-01 21:05:00,67759.0,67759.01,67750.0,67755.01,20.03782
2024-06-01 21:10:00,67755.01,67755.01,67713.23,67720.66,20.47649
2024-06-01 21:15:00,67720.66,67746.0,67720.65,67746.0,15.87181
2024-06-01 21:20:00,67746.0,67781.04,67745.99,67781.04,18.2896
2024-06-01 21:25:00,67781.04,67799.65,67755.0,67760.01,24.69706
2024-06-01 21:30:00,67760.01,67768.0,67758.14,67768.0,12.44922
2024-06-01 21:35:00,67767.99,67815.74,67767.99,67815.74,42.15601
2024-06-01 21:40:00,67815.74,67815.74,67812.33,67814.98,29.82926
2024-06-01 21:45:00,67814.98,67820.2,67814.97,67818.26,16.99265
2024-06-01 21:50:00,67818.26,67818.26,67742.36,67742.37,21.64596
2024-06-01 21:55:00,67742.36,67780.0,67719.38,67760.01,49.40086
2024-06-01 22:00:00,67760.01,67771.12,67710.0,67771.12,34.08376
2024-06-01 22:05:00,67771.12,67810.61,67771.11,67787.99,28.51667
2024-06-01 22:10:00,67788.0,67810.95,67787.99,67796.27,17.97314
2024-06-01 22:15:00,67796.27,67803.43,67764.31,67764.32,21.97478
2024-06-01 22:20:00,67764.32,67824.0,67764.31,67824.0,17.3751
2024-06-01 22:25:00,67824.0,67885.0,67823.99,67845.25,42.35753
2024-06-01 22:30:00,67845.25,67845.25,67770.0,67792.64,41.91656
2024-06-01 22:35:00,67792.64,67798.0,67779.44,67788.14,10.74694
2024-06-01 22:40:00,67788.14,67788.15,67776.03,67776.04,12.09049
2024-06-01 22:45:00,67776.04,67800.0,67773.42,67793.19,19.67835
2024-06-01 22:50:00,67793.18,67793.18,67778.2,67778.21,5.21044
2024-06-01 22:55:00,67778.2,67784.59,67765.4,67765.4,11.52574
2024-06-01 23:00:00,67765.41,67819.78,67765.4,67816.42,31.04246
2024-06-01 23:05:00,67816.42,67816.42,67788.0,67790.61,19.38158
2024-06-01 23:10:00,67790.61,67818.79,67782.07,67782.07,24.18256
2024-06-01 23:15:00,67782.08,67796.0,67778.01,67796.0,10.25843
2024-06-01 23:20:00,67796.0,67796.0,67791.22,67791.23,4.2802
2024-06-01 23:25:00,67791.22,67791.23,67751.6,67751.61,14.16937
2024-06-01 23:30:00,67751.61,67751.61,67745.1,67745.11,7.39953
2024-06-01 23:35:00,67745.11,67758.65,67745.1,67756.01,9.64321
2024-06-01 23:40:00,67756.01,67756.01,67726.91,67726.91,7.44847
2024-06-01 23:45:00,67726.91,67735.39,67723.0,67735.39,13.05576
2024-06-01 23:50:00,67735.39,67748.0,67735.38,67748.0,10.29538
2024-06-01 23:55:00,67748.0,67768.56,67747.99,67766.85,12.60267
2024-06-02 00:00:00,67766.84,67768.0,67744.0,67758.53,27.42857
2024-06-02 00:05:00,67758.53,67772.0,67755.0,67755.01,13.65676
2024-06-02 00:10:00,67755.01,67764.95,67753.86,67753.87,29.12012
2024-06-02 00:15:00,67753.86,67809.32,67753.86,67809.32,33.98782
2024-06-02 00:20:00,67809.31,67809.81,67782.35,67794.95,29.78426
2024-06-02 00:25:00,67794.94,67806.62,67786.83,67796.95,17.47969
2024-06-02 00:30:00,67796.94,67796.95,67788.0,67788.02,7.20275
2024-06-02 00:35:00,67788.01,67788.02,67760.64,67779.85,13.3327
2024-06-02 00:40:00,67779.85,67814.77,67779.84,67814.77,10.22112
2024-06-02 00:45:00,67814.76,67815.0,67800.82,67809.5,16.95273
2024-06-02 00:50:00,67809.5,67910.55,67809.49,67884.08,59.03095
2024-06-02 00:55:00,67884.07,67896.79,67853.21,67889.0,40.57358
2024-06-02 01:00:00,67888.99,67900.0,67864.0,67864.01,21.93235
2024-06-02 01:05:00,67864.01,67864.01,67819.51,67819.52,20.45188
2024-06-02 01:10:00,67819.52,67819.52,67764.01,67805.87,110.95142
2024-06-02 01:15:00,67805.87,67850.0,67805.86,67836.3,20.65294
2024-06-02 01:20:00,67836.31,67836.31,67775.86,67775.86,26.24449
2024-06-02 01:25:00,67775.87,67865.87,67775.86,67865.86,40.13281
2024-06-02 01:30:00,67865.87,67870.0,67849.99,67863.13,21.09603
2024-06-02 01:35:00,67863.14,67863.14,67824.41,67836.0,13.91492
2024-06-02 01:40:00,67836.01,67836.01,67795.02,67814.4,37.44698
2024-06-02 01:45:00,67814.4,67829.4,67780.12,67783.01,28.42521
2024-06-02 01:50:00,67783.01,67796.56,67744.0,67775.02,27.1251
2024-06-02 01:55:00,67775.02,67780.0,67710.0,67755.0,39.70207
2024-06-02 02:00:00,67755.0,67770.01,67726.81,67737.4,33.87487
2024-06-02 02:05:00,67737.4,67766.39,67737.39,67766.39,12.94473
2024-06-02 02:10:00,67766.38,67794.39,67766.38,67790.33,18.79828
2024-06-02 02:15:00,67790.32,67800.0,67773.4,67800.0,24.31394
2024-06-02 02:20:00,67800.0,67811.0,67799.99,67811.0,15.09297
2024-06-02 02:25:00,67810.99,67815.0,67756.0,67756.02,38.6414
2024-06-02 02:30:00,67756.02,67766.39,67746.0,67748.0,20.5692
2024-06-02 02:35:00,67748.0,67785.0,67726.62,67737.23,50.78383
2024-06-02 02:40:00,67737.23,67766.26,67737.23,67752.29,31.82324
2024-06-02 02:45:00,67752.29,67752.29,67643.77,67671.81,38.85623
2024-06-02 02:50:00,67671.81,67683.06,67643.33,67683.06,30.06562
2024-06-02 02:55:00,67683.05,67739.99,67683.05,67733.26,24.51068
2024-06-02 03:00:00,67733.25,67772.1,67726.31,67772.1,43.70815
2024-06-02 03:05:00,67772.09,67794.49,67772.09,67784.98,35.79852
2024-06-02 03:10:00,67784.99,67795.53,67784.98,67795.53,19.45713
2024-06-02 03:15:00,67795.52,67796.6,67743.1,67761.38,26.9001
2024-06-02 03:20:00,67761.38,67795.07,67761.38,67795.06,14.20872
2024-06-02 03:25:00,67795.06,67798.83,67795.06,67798.82,23.70563
2024-06-02 03:30:00,67798.81,67800.0,67785.0,67799.99,29.206
2024-06-02 03:35:00,67800.0,67800.0,67799.99,67799.99,7.08105
2024-06-02 03:40:00,67800.0,67807.99,67799.99,67802.59,12.91935
2024-06-02 03:45:00,67802.58,67805.06,67802.58,67805.05,5.57654
2024-06-02 03:50:00,67805.05,67805.06,67789.47,67789.48,15.71221
2024-06-02 03:55:00,67789.48,67789.48,67789.47,67789.47,5.83606
2024-06-02 04:00:00,67789.48,67789.48,67771.8,67771.8,30.83705
2024-06-02 04:05:00,67771.8,67771.81,67754.34,67754.35,9.75561
2024-06-02 04:10:00,67754.34,67754.5,67745.18,67754.5,12.41074
2024-06-02 04:15:00,67754.5,67785.5,67754.49,67785.49,13.24495
2024-06-02 04:20:00,67785.5,67805.04,67785.0,67787.77,21.22386
2024-06-02 04:25:00,67787.77,67812.36,67787.76,67812.36,13.4922
2024-06-02 04:30:00,67812.35,67824.17,67812.35,67824.17,14.8155
2024-06-02 04:35:00,67824.16,67838.2,67824.16,67838.2,14.83692
2024-06-02 04:40:00,67838.2,67844.21,67838.19,67844.2,8.49047
2024-06-02 04:45:00,67844.2,67844.21,67811.73,67827.99,19.31052
2024-06-02 04:50:00,67827.99,67844.2,67827.99,67844.2,14.06211
2024-06-02 04:55:00,67844.19,67852.63,67844.19,67852.62,6.80523
2024-06-02 05:00:00,67852.62,67867.6,67852.62,67867.6,12.82613
2024-06-02 05:05:00,67867.59,67867.6,67824.0,67827.87,16.02867
2024-06-02 05:10:00,67827.88,67827.88,67818.75,67818.76,18.02703
2024-06-02 05:15:00,67818.76,67818.76,67815.0,67815.01,10.90283
2024-06-02 05:20:00,67815.01,67815.01,67808.0,67808.01,14.30402
2024-06-02 05:25:00,67808.01,67808.01,67789.12,67803.24,18.73723
2024-06-02 05:30:00,67803.23,67803.24,67791.75,67796.0,9.22705
2024-06-02 05:35:00,67795.99,67796.0,67768.98,67768.98,19.78418
2024-06-02 05:40:00,67768.99,67768.99,67749.73,67756.0,23.9113
2024-06-02 05:45:00,67755.99,67776.82,67733.03,67776.82,27.34621
2024-06-02 05:50:00,67776.81,67794.0,67776.81,67794.0,14.32991
2024-06-02 05:55:00,67793.99,67794.0,67728.4,67728.4,22.76549
2024-06-02 06:00:00,67728.41,67775.68,67724.6,67775.67,22.80103
2024-06-02 06:05:00,67775.67,67780.6,67768.61,67768.62,11.813
2024-06-02 06:10:00,67768.62,67787.46,67768.61,67787.45,28.11831
2024-06-02 06:15:00,67787.45,67792.05,67776.0,67792.05,22.29782
2024-06-02 06:20:00,67792.05,67794.0,67780.66,67794.0,22.22588
2024-06-02 06:25:00,67793.99,67794.0,67782.28,67782.41,23.09369
2024-06-02 06:30:00,67782.4,67809.0,67782.4,67808.79,25.47975
2024-06-02 06:35:00,67808.78,67823.48,67808.78,67823.48,31.1475
2024-06-02 06:40:00,67823.48,67823.48,67794.0,67794.0,31.05753
2024-06-02 06:45:00,67794.01,67830.42,67781.44,67830.41,36.07339
2024-06-02 06:50:00,67830.42,67830.42,67816.02,67816.11,16.06004
2024-06-02 06:55:00,67816.11,67852.33,67816.1,67841.09,56.40701
2024-06-02 07:00:00,67841.09,67842.91,67825.17,67825.18,18.50012
2024-06-02 07:05:00,67825.17,67825.18,67788.0,67788.0,21.37394
2024-06-02 07:10:00,67788.0,67804.04,67778.2,67804.04,26.60292
2024-06-02 07:15:00,67804.03,67804.04,67755.0,67762.53,35.06856
2024-06-02 07:20:00,67762.54,67762.54,67720.41,67746.0,43.17594
2024-06-02 07:25:00,67746.0,67752.15,67746.0,67747.99,36.32627
2024-06-02 07:30:00,67748.0,67760.35,67740.0,67740.01,54.66286
2024-06-02 07:35:00,67740.01,67740.02,67722.05,67726.29,34.62702
2024-06-02 07:40:00,67726.29,67750.0,67722.13,67750.0,27.05033
2024-06-02 07:45:00,67749.99,67757.79,67740.79,67757.78,17.12338
2024-06-02 07:50:00,67757.79,67761.17,67757.78,67761.17,12.74074
2024-06-02 07:55:00,67761.17,67761.27,67721.0,67721.0,15.22968
2024-06-02 08:00:00,67721.01,67722.0,67671.81,67721.99,42.00111
2024-06-02 08:05:00,67722.0,67768.0,67721.99,67753.84,86.09587
2024-06-02 08:10:00,67753.84,67756.56,67752.4,67756.55,18.63274
2024-06-02 08:15:00,67756.55,67756.56,67733.76,67733.76,15.15773
2024-06-02 08:20:00,67733.76,67752.1,67733.76,67752.09,13.58091
2024-06-02 08:25:00,67752.09,67753.8,67738.81,67753.79,23.19642
2024-06-02 08:30:00,67753.8,67774.05,67753.79,67774.05,23.53202
2024-06-02 08:35:00,67774.05,67798.9,67772.64,67798.89,43.60762
2024-06-02 08:40:00,67798.9,67812.57,67785.83,67809.52,51.48245
2024-06-02 08:45:00,67809.52,67809.53,67777.63,67777.64,18.71773
2024-06-02 08:50:00,67777.64,67777.64,67747.02,67747.02,12.97776
2024-06-02 08:55:00,67747.03,67750.68,67747.02,67750.67,8.80708
2024-06-02 09:00:00,67750.68,67759.68,67750.67,67759.68,23.08117
2024-06-02 09:05:00,67759.68,67772.65,67759.67,67759.68,17.94711
2024-06-02 09:10:00,67759.68,67759.68,67702.96,67735.93,89.1534
2024-06-02 09:15:00,67735.94,67748.0,67655.69,67664.3,87.55731
2024-06-02 09:20:00,67664.3,67664.3,67605.41,67658.99,70.41157
2024-06-02 09:25:00,67659.0,67662.19,67585.43,67585.43,87.09258
2024-06-02 09:30:00,67585.44,67617.1,67545.0,67601.54,84.83791
2024-06-02 09:35:00,67601.53,67601.54,67498.16,67522.5,115.85417
2024-06-02 09:40:00,67522.5,67527.5,67377.79,67415.58,203.37531
2024-06-02 09:45:00,67415.59,67474.94,67415.58,67457.44,136.66566
2024-06-02 09:50:00,67457.45,67525.0,67457.44,67524.58,55.44579
2024-06-02 09:55:00,67524.59,67536.6,67500.0,67529.99,34.65076
2024-06-02 10:00:00,67530.0,67581.97,67515.0,67543.99,61.76174
2024-06-02 10:05:00,67543.99,67554.99,67525.09,67554.98,31.67435
2024-06-02 10:10:00,67554.99,67568.84,67491.46,67491.46,33.68826
2024-06-02 10:15:00,67491.46,67491.47,67401.78,67445.39,53.02317
2024-06-02 10:20:00,67445.4,67445.4,67367.2,67426.81,46.21312
2024-06-02 10:25:00,67426.8,67506.56,67426.8,67506.55,28.41392
2024-06-02 10:30:00,67506.56,67506.78,67442.42,67490.0,35.0739
2024-06-02 10:35:00,67489.99,67510.0,67489.99,67490.53,19.63305
2024-06-02 10:40:00,67490.53,67546.2,67480.86,67546.19,28.55467
2024-06-02 10:45:00,67546.19,67546.2,67508.51,67508.51,13.22777
2024-06-02 10:50:00,67508.52,67508.52,67464.6,67464.6,15.53036
2024-06-02 10:55:00,67464.6,67530.0,67464.6,67529.99,14.39403
2024-06-02 11:00:00,67530.0,67566.87,67492.6,67500.01,32.62648
2024-06-02 11:05:00,67500.01,67519.6,67500.0,67519.6,18.38726
2024-06-02 11:10:00,67519.6,67560.26,67519.59,67539.99,48.75604
2024-06-02 11:15:00,67540.0,67558.62,67532.0,67532.01,18.60732
2024-06-02 11:20:00,67532.0,67580.56,67532.0,67572.79,23.79861
2024-06-02 11:25:00,67572.8,67620.0,67554.25,67619.99,49.82398
2024-06-02 11:30:00,67619.99,67647.0,67612.02,67646.99,27.24085
2024-06-02 11:35:00,67646.99,67679.99,67629.98,67679.98,50.82032
2024-06-02 11:40:00,67679.99,67724.67,67679.98,67709.99,47.75576
2024-06-02 11:45:00,67710.0,68043.23,67709.99,68035.98,280.72706
2024-06-02 11:50:00,68035.98,68250.0,68028.0,68250.0,363.35654
2024-06-02 11:55:00,68249.99,68320.08,68188.02,68251.52,252.07178
2024-06-02 12:00:00,68251.53,68305.0,68050.12,68093.48,169.07358
2024-06-02 12:05:00,68093.48,68165.41,68058.99,68075.98,93.72363
2024-06-02 12:10:00,68075.98,68147.0,68075.98,68144.99,96.39769
2024-06-02 12:15:00,68144.99,68147.99,67954.14,67954.14,94.93376
2024-06-02 12:20:00,67954.14,68006.0,67920.0,67979.86,112.91863
2024-06-02 12:25:00,67979.86,68107.44,67960.0,68092.0,71.11397
2024-06-02 12:30:00,68092.0,68143.79,68028.01,68071.0,58.1299
2024-06-02 12:35:00,68071.0,68127.99,68031.22,68127.99,50.15055
2024-06-02 12:40:00,68127.99,68127.99,68060.87,68067.44,25.05388
2024-06-02 12:45:00,68067.45,68107.59,68033.0,68035.88,47.22127
2024-06-02 12:50:00,68035.89,68035.89,67908.76,67912.83,50.72393
2024-06-02 12:55:00,67912.82,67935.0,67852.24,67934.99,72.38177
2024-06-02 13:00:00,67934.99,67966.99,67821.27,67826.44,68.55091
2024-06-02 13:05:00,67826.45,67888.0,67800.0,67887.99,92.47326
2024-06-02 13:10:00,67888.0,67945.39,67868.8,67945.38,42.88327
2024-06-02 13:15:00,67945.39,68009.72,67915.0,68009.72,49.02578
2024-06-02 13:20:00,68009.72,68076.0,68002.92,68076.0,51.65937
2024-06-02 13:25:00,68075.99,68092.0,68034.08,68070.0,55.95856
2024-06-02 13:30:00,68070.0,68096.0,67967.0,67967.01,58.64146
2024-06-02 13:35:00,67967.0,68018.99,67950.0,68001.04,41.95354
2024-06-02 13:40:00,68001.04,68069.07,67980.96,68065.0,29.82304
2024-06-02 13:45:00,68064.99,68102.52,68058.0,68099.99,51.09617
2024-06-02 13:50:00,68099.99,68214.66,68099.99,68190.97,133.47355
2024-06-02 13:55:00,68190.97,68190.98,68136.0,68165.98,46.73755
2024-06-02 14:00:00,68165.97,68175.0,68106.28,68107.99,70.80721
2024-06-02 14:05:00,68108.0,68133.34,68073.65,68132.9,44.43955
2024-06-02 14:10:00,68132.91,68138.61,68100.0,68135.99,35.46431
2024-06-02 14:15:00,68135.99,68250.01,68103.21,68245.29,239.83209
2024-06-02 14:20:00,68245.29,68300.0,68149.99,68235.0,682.31346
2024-06-02 14:25:00,68235.0,68364.0,68235.0,68345.67,315.26191
2024-06-02 14:30:00,68345.67,68460.0,68249.99,68426.93,363.82895
2024-06-02 14:35:00,68426.93,68435.88,68322.64,68324.31,100.06628
2024-06-02 14:40:00,68324.31,68324.31,68198.61,68198.61,76.41985
2024-06-02 14:45:00,68198.62,68198.62,68123.01,68123.01,71.56528
2024-06-02 14:50:00,68123.01,68200.0,68119.39,68193.76,43.27867
2024-06-02 14:55:00,68193.77,68252.51,68186.46,68252.5,41.97536
2024-06-02 15:00:00,68252.51,68297.12,68192.0,68192.01,43.30456
2024-06-02 15:05:00,68192.0,68220.0,68162.0,68183.95,30.49542
2024-06-02 15:10:00,68183.96,68183.96,68132.67,68132.68,34.33473
2024-06-02 15:15:00,68132.67,68160.0,68016.19,68047.98,71.98133
2024-06-02 15:20:00,68047.98,68073.72,68028.68,68063.99,32.5244
2024-06-02 15:25:00,68063.98,68147.99,68059.93,68072.1,49.38753
2024-06-02 15:30:00,68072.1,68096.0,68046.0,68091.76,41.4346
2024-06-02 15:35:00,68091.76,68130.0,68091.75,68115.99,40.10756
2024-06-02 15:40:00,68115.99,68126.49,68095.14,68098.38,29.03834
2024-06-02 15:45:00,68098.38,68136.0,68095.15,68121.51,28.57916
2024-06-02 15:50:00,68121.52,68168.0,68106.22,68127.75,37.39764
2024-06-02 15:55:00,68127.75,68158.6,68116.0,68142.17,27.22916
2024-06-02 16:00:00,68142.18,68200.0,68136.0,68199.99,47.29946
2024-06-02 16:05:00,68199.99,68200.0,68063.18,68063.19,47.91112
2024-06-02 16:10:00,68063.18,68101.9,68063.18,68085.0,43.81683
2024-06-02 16:15:00,68085.01,68085.01,68025.0,68061.46,52.41516
2024-06-02 16:20:00,68061.46,68061.47,67980.0,68022.77,58.96571
2024-06-02 16:25:00,68023.01,68064.99,68023.01,68057.91,22.72571
2024-06-02 16:30:00,68057.91,68113.79,68057.91,68093.68,36.2397
2024-06-02 16:35:00,68093.69,68118.72,68085.0,68099.03,29.24233
2024-06-02 16:40:00,68099.03,68120.0,68032.0,68032.0,36.28235
2024-06-02 16:45:00,68032.01,68099.51,68028.0,68082.17,24.08583
2024-06-02 16:50:00,68082.18,68099.06,68082.17,68099.05,20.559
2024-06-02 16:55:00,68099.05,68107.06,68080.63,68103.63,20.7332
2024-06-02 17:00:00,68103.63,68103.64,68072.3,68091.95,44.6192
2024-06-02 17:05:00,68091.96,68091.97,68012.61,68022.02,29.85015
2024-06-02 17:10:00,68022.01,68030.42,68000.64,68030.41,37.92362
2024-06-02 17:15:00,68030.41,68032.18,67921.0,67926.38,119.91261
2024-06-02 17:20:00,67926.38,68010.0,67866.66,67984.01,128.31718
2024-06-02 17:25:00,67984.01,67984.01,67912.98,67929.64,107.52285
2024-06-02 17:30:00,67929.63,67929.64,67808.66,67860.74,261.33033
2024-06-02 17:35:00,67860.74,67941.0,67825.89,67890.81,123.67782
2024-06-02 17:40:00,67890.81,68062.13,67890.81,68016.01,189.72038
2024-06-02 17:45:00,68016.02,68047.75,67950.01,67969.52,65.14312
2024-06-02 17:50:00,67969.53,67969.53,67887.08,67900.0,34.08775
2024-06-02 17:55:00,67900.01,67910.34,67863.0,67879.28,39.85186
2024-06-02 18:00:00,67879.27,67879.28,67560.0,67568.81,348.00896
2024-06-02 18:05:00,67568.82,67711.45,67558.73,67711.44,109.57335
2024-06-02 18:10:00,67711.44,67754.37,67640.0,67690.01,92.38066
2024-06-02 18:15:00,67690.01,67690.01,67549.81,67624.0,344.98556
2024-06-02 18:20:00,67624.0,67627.12,67516.66,67516.66,106.75926
2024-06-02 18:25:00,67516.67,67620.0,67456.88,67590.01,154.96091
2024-06-02 18:30:00,67590.0,67630.12,67517.25,67623.98,108.00383
2024-06-02 18:35:00,67623.98,67672.31,67623.98,67672.31,41.2161
2024-06-02 18:40:00,67672.31,67754.63,67672.3,67754.62,79.55821
2024-06-02 18:45:00,67754.62,67754.63,67687.36,67702.47,40.2048
2024-06-02 18:50:00,67702.48,67720.0,67696.07,67701.2,27.18412
2024-06-02 18:55:00,67701.21,67701.21,67668.55,67697.14,27.5975
2024-06-02 19:00:00,67697.14,67739.98,67684.43,67739.97,49.33089
2024-06-02 19:05:00,67739.98,67745.85,67710.02,67721.42,29.22168
2024-06-02 19:10:00,67721.42,67721.42,67642.69,67646.46,45.95984
2024-06-02 19:15:00,67646.46,67648.43,67257.47,67511.99,594.52311
2024-06-02 19:20:00,67512.0,67558.03,67455.14,67525.0,442.24472
2024-06-02 19:25:00,67525.0,67597.13,67500.0,67595.24,105.39718
2024-06-02 19:30:00,67595.24,67683.88,67560.0,67675.34,123.39919
2024-06-02 19:35:00,67675.34,67703.99,67658.66,67703.99,37.37946
2024-06-02 19:40:00,67703.98,67708.33,67683.51,67708.33,24.08375
2024-06-02 19:45:00,67708.32,67748.0,67695.0,67743.98,42.6903
2024-06-02 19:50:00,67743.99,67771.11,67742.54,67762.89,43.41998
2024-06-02 19:55:00,67762.88,67798.0,67736.94,67736.95,27.86284
2024-06-02 20:00:00,67736.95,67771.9,67670.81,67685.81,54.92928
2024-06-02 20:05:00,67685.8,67707.0,67638.41,67707.0,50.50455
2024-06-02 20:10:00,67706.99,67733.0,67670.73,67677.63,26.94564
2024-06-02 20:15:00,67677.63,67677.64,67608.58,67613.64,59.942
2024-06-02 20:20:00,67613.63,67664.44,67577.65,67664.43,33.02842
2024-06-02 20:25:00,67664.44,67706.99,67664.43,67692.58,18.68906
2024-06-02 20:30:00,67692.57,67743.25,67686.6,67740.0,36.41229
2024-06-02 20:35:00,67739.99,67755.0,67730.48,67730.49,15.26736
2024-06-02 20:40:00,67730.49,67763.47,67730.48,67763.47,21.51278
2024-06-02 20:45:00,67763.47,67767.38,67746.02,67767.38,10.97065
2024-06-02 20:50:00,67767.4,67813.68,67767.4,67800.02,16.09083
2024-06-02 20:55:00,67800.02,67831.21,67800.01,67831.2,20.7387
2024-06-02 21:00:00,67831.21,67838.61,67792.09,67838.6,38.54462
2024-06-02 21:05:00,67838.61,67902.12,67838.6,67864.71,63.23006
2024-06-02 21:10:00,67864.72,67883.17,67864.71,67883.17,20.81386
2024-06-02 21:15:00,67883.17,67883.17,67840.0,67846.97,23.96266
2024-06-02 21:20:00,67846.97,67858.93,67846.97,67858.93,5.11537
2024-06-02 21:25:00,67858.92,67870.0,67779.72,67827.83,25.88945
2024-06-02 21:30:00,67827.83,67827.83,67808.06,67808.06,11.45636
2024-06-02 21:35:00,67808.07,67808.07,67774.8,67791.21,15.37735
2024-06-02 21:40:00,67791.21,67871.82,67755.0,67871.81,24.92369
2024-06-02 21:45:00,67871.82,67871.82,67811.0,67811.01,10.12291
2024-06-02 21:50:00,67811.01,67829.71,67774.21,67829.7,14.40618
2024-06-02 21:55:00,67829.7,67829.71,67809.96,67816.14,9.43698
2024-06-02 22:00:00,67816.13,67900.0,67809.96,67855.56,49.51057
2024-06-02 22:05:00,67855.56,67857.65,67825.38,67857.64,34.25856
2024-06-02 22:10:00,67857.64,67860.0,67824.0,67835.21,28.67098
2024-06-02 22:15:00,67835.31,67865.18,67835.31,67865.17,15.23174
2024-06-02 22:20:00,67865.17,67908.0,67865.17,67908.0,20.25736
2024-06-02 22:25:00,67907.99,67965.93,67907.99,67947.0,45.80463
2024-06-02 22:30:00,67946.99,67984.01,67946.99,67971.01,35.59569
2024-06-02 22:35:00,67971.0,67971.01,67908.86,67918.78,26.1909
2024-06-02 22:40:00,67918.79,67926.91,67895.47,67895.48,19.80513
2024-06-02 22:45:00,67895.48,67895.48,67865.57,67895.46,16.07107
2024-06-02 22:50:00,67895.46,67895.47,67850.0,67885.88,24.90285
2024-06-02 22:55:00,67885.88,67928.0,67882.12,67927.99,14.29396
2024-06-02 23:00:00,67928.0,67984.01,67927.99,67977.91,29.8734
2024-06-02 23:05:00,67977.91,67977.91,67898.0,67898.0,31.52084
2024-06-02 23:10:00,67898.01,67898.01,67875.48,67891.56,17.48003
2024-06-02 23:15:00,67891.57,67901.7,67881.06,67890.83,17.11211
2024-06-02 23:20:00,67890.83,67890.83,67863.0,67879.99,20.38667
2024-06-02 23:25:00,67879.99,67886.73,67877.45,67886.63,38.48695
2024-06-02 23:30:00,67886.63,67886.72,67852.9,67862.69,23.52182
2024-06-02 23:35:00,67862.69,67875.0,67853.95,67860.0,23.00109
2024-06-02 23:40:00,67860.0,67860.01,67845.0,67845.01,7.35321
2024-06-02 23:45:00,67845.0,67845.01,67808.7,67829.99,30.54485
2024-06-02 23:50:00,67830.0,67830.0,67781.43,67783.96,21.82587
2024-06-02 23:55:00,67783.96,67783.97,67765.62,67765.63,20.18198
2024-06-03 00:00:00,67765.62,67771.86,67680.87,67715.0,72.10684
2024-06-03 00:05:00,67714.99,67792.0,67714.99,67787.48,42.17832
2024-06-03 00:10:00,67787.48,67832.38,67777.43,67832.38,40.95016
2024-06-03 00:15:00,67832.37,67860.0,67759.0,67766.01,68.89177
2024-06-03 00:20:00,67766.01,67766.02,67715.8,67725.01,25.93015
2024-06-03 00:25:00,67725.0,67725.01,67659.6,67665.4,52.54609
2024-06-03 00:30:00,67665.4,67724.6,67665.39,67707.01,40.4117
2024-06-03 00:35:00,67707.0,67707.0,67612.48,67634.02,35.56486
2024-06-03 00:40:00,67634.02,67693.62,67634.01,67683.79,15.40643
2024-06-03 00:45:00,67683.78,67776.17,67660.22,67772.01,28.28383
2024-06-03 00:50:00,67772.02,67873.87,67772.01,67812.01,56.92312
2024-06-03 00:55:00,67812.0,67824.0,67780.01,67823.99,66.22725
2024-06-03 01:00:00,67824.0,67923.07,67823.8,67892.85,67.80078
2024-06-03 01:05:00,67892.85,67938.88,67884.0,67916.0,47.03763
2024-06-03 01:10:00,67915.99,68256.24,67915.99,68140.0,201.09838
2024-06-03 01:15:00,68140.01,68245.19,68136.0,68154.0,112.12706
2024-06-03 01:20:00,68154.01,68340.03,68154.0,68230.79,189.45341
2024-06-03 01:25:00,68230.79,68275.17,68205.0,68225.58,68.28231
2024-06-03 01:30:00,68225.58,68330.08,68220.0,68330.08,90.57476
2024-06-03 01:35:00,68330.07,68342.2,68279.0,68292.01,76.24193
2024-06-03 01:40:00,68292.0,68298.83,68175.44,68175.44,78.2282
2024-06-03 01:45:00,68175.44,68319.85,68162.0,68292.01,60.61936
2024-06-03 01:50:00,68292.0,68553.67,68292.0,68471.99,298.28077
2024-06-03 01:55:00,68472.0,68514.66,68389.2,68476.01,87.8841
2024-06-03 02:00:00,68476.01,68740.07,68476.0,68630.01,333.42829
2024-06-03 02:05:00,68630.0,68694.99,68630.0,68657.34,79.06521
2024-06-03 02:10:00,68657.33,68687.99,68624.0,68686.46,65.35408
2024-06-03 02:15:00,68686.45,68789.0,68686.45,68779.83,101.15701
2024-06-03 02:20:00,68779.84,68793.97,68700.0,68759.94,123.49547
2024-06-03 02:25:00,68759.95,68790.21,68612.9,68620.01,92.13634
2024-06-03 02:30:00,68620.0,68660.0,68522.64,68522.64,74.99478
2024-06-03 02:35:00,68522.65,68545.51,68424.38,68545.51,116.12232
2024-06-03 02:40:00,68545.5,68550.0,68456.34,68456.35,58.54535
2024-06-03 02:45:00,68456.35,68486.79,68410.0,68410.01,56.09607
2024-06-03 02:50:00,68410.0,68494.7,68410.0,68464.94,27.90618
2024-06-03 02:55:00,68464.93,68510.0,68404.51,68416.08,35.13315
2024-06-03 03:00:00,68416.09,68451.07,68201.0,68223.98,167.61612
2024-06-03 03:05:00,68223.99,68330.04,68223.99,68253.2,93.9587
2024-06-03 03:10:00,68253.2,68308.8,68245.43,68285.2,59.40174
2024-06-03 03:15:00,68285.2,68371.7,68285.2,68312.97,36.5713
2024-06-03 03:20:00,68312.97,68334.6,68262.12,68262.13,53.44256
2024-06-03 03:25:00,68262.13,68318.0,68256.0,68317.99,20.32947
2024-06-03 03:30:00,68317.99,68400.0,68317.99,68400.0,60.81454
2024-06-03 03:35:00,68399.99,68440.0,68396.0,68407.98,37.76269
2024-06-03 03:40:00,68407.97,68434.25,68394.64,68434.25,33.15136
2024-06-03 03:45:00,68434.24,68518.7,68434.24,68480.97,67.91617
2024-06-03 03:50:00,68480.97,68480.97,68364.52,68364.53,54.53316
2024-06-03 03:55:00,68364.52,68411.8,68336.0,68382.81,36.92906
2024-06-03 04:00:00,68382.8,68447.64,68307.03,68347.12,93.77251
2024-06-03 04:05:00,68347.12,68357.0,68301.21,68342.01,41.29821
2024-06-03 04:10:00,68342.01,68350.8,68308.0,68327.53,27.33321
2024-06-03 04:15:00,68327.54,68352.0,68285.29,68340.0,66.66693
2024-06-03 04:20:00,68340.0,68469.35,68336.41,68443.84,82.12198
2024-06-03 04:25:00,68443.84,68446.82,68321.44,68327.29,80.85435
2024-06-03 04:30:00,68327.28,68515.84,68327.28,68459.99,81.50888
2024-06-03 04:35:00,68459.98,68472.66,68418.26,68431.94,104.34612
2024-06-03 04:40:00,68431.94,68448.0,68416.6,68423.61,42.23264
2024-06-03 04:45:00,68423.61,68510.0,68394.95,68509.99,53.2536
2024-06-03 04:50:00,68510.0,68575.81,68493.06,68575.81,76.34645
2024-06-03 04:55:00,68575.8,68600.0,68510.0,68510.0,59.84293
2024-06-03 05:00:00,68510.0,68549.08,68474.0,68479.99,52.44847
2024-06-03 05:05:00,68479.98,68486.81,68441.16,68461.69,50.25389
2024-06-03 05:10:00,68461.69,68501.66,68461.68,68501.65,36.65706
2024-06-03 05:15:00,68501.65,68666.66,68501.65,68624.01,120.68902
2024-06-03 05:20:00,68624.0,68628.0,68574.1,68598.85,59.41872
2024-06-03 05:25:00,68598.84,68623.73,68581.7,68596.01,38.3187
2024-06-03 05:30:00,68596.01,68686.0,68596.0,68686.0,71.07078
2024-06-03 05:35:00,68685.99,68720.0,68657.12,68686.87,82.77459
2024-06-03 05:40:00,68686.88,68763.12,68686.87,68763.11,79.98349
2024-06-03 05:45:00,68763.11,68780.0,68663.97,68677.12,106.57611
2024-06-03 05:50:00,68677.12,68706.2,68620.91,68646.1,76.57162
2024-06-03 05:55:00,68646.11,68704.88,68646.1,68700.0,28.34851
2024-06-03 06:00:00,68699.99,68743.59,68670.0,68683.28,86.61379
2024-06-03 06:05:00,68683.29,68683.29,68632.01,68679.43,31.71819
2024-06-03 06:10:00,68679.42,68864.0,68652.0,68827.99,274.01398
2024-06-03 06:15:00,68828.0,68885.74,68747.0,68815.58,155.96486
2024-06-03 06:20:00,68815.58,68932.29,68800.04,68932.29,146.31331
2024-06-03 06:25:00,68932.28,69099.29,68919.99,69099.28,437.70877
2024-06-03 06:30:00,69099.28,69146.87,68962.1,68998.52,265.72554
2024-06-03 06:35:00,68998.51,69221.0,68991.5,69170.0,456.83943
2024-06-03 06:40:00,69170.0,69212.6,69130.0,69166.22,183.29163
2024-06-03 06:45:00,69166.22,69207.09,69037.06,69127.72,193.54826
2024-06-03 06:50:00,69127.72,69130.0,69009.41,69049.99,157.16669
2024-06-03 06:55:00,69049.99,69087.98,68990.0,69038.94,103.01351
2024-06-03 07:00:00,69038.94,69135.58,69038.94,69120.01,114.74299
2024-06-03 07:05:00,69120.0,69148.14,68994.0,69132.95,147.28322
2024-06-03 07:10:00,69132.95,69179.62,69075.48,69083.93,444.30168
2024-06-03 07:15:00,69083.93,69123.93,69063.52,69098.0,108.42798
2024-06-03 07:20:00,69097.99,69098.0,68959.44,68959.45,101.12489
2024-06-03 07:25:00,68959.44,68959.45,68864.11,68881.41,144.984
2024-06-03 07:30:00,68881.4,68916.0,68804.0,68850.0,117.44332
2024-06-03 07:35:00,68850.0,68920.0,68840.0,68859.99,67.416
2024-06-03 07:40:00,68860.0,68912.91,68859.99,68912.91,49.75102
2024-06-03 07:45:00,68912.9,68912.91,68850.0,68850.01,63.05433
2024-06-03 07:50:00,68850.01,68864.0,68844.33,68850.0,27.46467
2024-06-03 07:55:00,68849.99,68906.7,68849.99,68906.7,34.74485
2024-06-03 08:00:00,68906.7,68963.16,68906.69,68963.16,100.88728
2024-06-03 08:05:00,68963.15,68993.8,68929.08,68993.7,93.7556
2024-06-03 08:10:00,68993.69,69039.48,68970.0,69026.9,105.11598
2024-06-03 08:15:00,69026.91,69194.75,69026.9,69152.0,151.15529
2024-06-03 08:20:00,69152.0,69152.0,69067.37,69114.22,76.78477
2024-06-03 08:25:00,69114.21,69288.0,69114.21,69264.56,152.46665
2024-06-03 08:30:00,69264.56,69329.52,69221.82,69329.51,138.17977
2024-06-03 08:35:00,69329.52,69330.0,69250.0,69326.96,99.56194
2024-06-03 08:40:00,69326.96,69333.0,69260.0,69292.99,133.79342
2024-06-03 08:45:00,69292.99,69298.47,69137.0,69142.78,86.561
2024-06-03 08:50:00,69142.77,69209.17,69142.77,69205.39,67.91637
2024-06-03 08:55:00,69205.38,69207.99,69142.54,69142.55,51.75646
2024-06-03 09:00:00,69142.54,69187.06,69085.0,69153.22,87.44435
2024-06-03 09:05:00,69153.22,69185.82,69071.99,69079.09,48.6854
2024-06-03 09:10:00,69079.1,69107.33,69045.83,69091.97,53.33814
2024-06-03 09:15:00,69091.97,69104.0,68929.17,68975.91,74.57823
2024-06-03 09:20:00,68975.9,68982.0,68921.98,68921.98,40.54763
2024-06-03 09:25:00,68921.99,69005.49,68913.72,69005.0,49.81192
2024-06-03 09:30:00,69004.99,69084.54,69004.99,69084.01,51.18774
2024-06-03 09:35:00,69084.01,69103.33,69052.08,69060.0,56.17354
2024-06-03 09:40:00,69060.0,69072.0,69036.39,69042.34,36.94727
2024-06-03 09:45:00,69042.33,69070.0,68998.41,69060.81,63.35635
2024-06-03 09:50:00,69060.82,69095.0,69060.81,69089.99,77.62651
2024-06-03 09:55:00,69089.99,69090.0,69014.88,69014.88,29.63372
2024-06-03 10:00:00,69014.89,69156.3,69014.88,69116.0,66.09686
2024-06-03 10:05:00,69116.0,69128.0,69098.0,69102.87,48.71251
2024-06-03 10:10:00,69102.88,69110.0,69080.0,69086.9,27.27254
2024-06-03 10:15:00,69086.9,69117.77,69085.01,69085.01,45.12412
2024-06-03 10:20:00,69085.01,69111.99,69085.01,69100.32,49.79319
2024-06-03 10:25:00,69100.31,69186.79,69100.31,69175.32,47.80383
2024-06-03 10:30:00,69175.33,69175.33,69106.62,69131.17,51.86706
2024-06-03 10:35:00,69131.18,69159.73,69112.01,69147.99,93.6017
2024-06-03 10:40:00,69147.99,69152.0,69111.0,69111.0,51.73966
2024-06-03 10:45:00,69111.01,69115.15,68990.31,69010.0,73.14268
2024-06-03 10:50:00,69009.99,69010.0,68876.98,68939.96,189.5344
2024-06-03 10:55:00,68939.95,68967.76,68898.71,68907.99,257.01571
2024-06-03 11:00:00,68908.0,68920.13,68824.0,68900.0,135.88423
2024-06-03 11:05:00,68899.99,69050.0,68899.99,69050.0,55.80013
2024-06-03 11:10:00,69050.0,69073.48,69004.0,69071.94,127.88045
2024-06-03 11:15:00,69071.93,69139.59,69050.0,69139.59,52.30994
2024-06-03 11:20:00,69139.58,69248.99,69139.58,69185.04,92.3446
2024-06-03 11:25:00,69185.04,69245.45,69180.0,69196.15,57.80372
2024-06-03 11:30:00,69196.15,69240.0,69137.0,69137.01,67.80051
2024-06-03 11:35:00,69137.01,69147.42,69030.0,69030.0,57.13759
2024-06-03 11:40:00,69030.0,69103.09,69020.0,69101.23,47.35982
2024-06-03 11:45:00,69101.22,69114.97,68992.95,69114.97,102.16603
2024-06-03 11:50:00,69114.97,69149.99,69104.0,69129.99,63.21966
2024-06-03 11:55:00,69129.99,69149.98,69080.0,69080.0,38.2415
2024-06-03 12:00:00,69080.0,69119.31,69075.4,69119.18,131.1505
2024-06-03 12:05:00,69119.17,69155.59,69119.17,69143.19,55.32908
2024-06-03 12:10:00,69143.19,69248.0,69130.0,69243.85,83.44851
2024-06-03 12:15:00,69243.85,69298.0,69201.64,69298.0,106.76403
2024-06-03 12:20:00,69297.99,69438.8,69292.59,69424.01,203.11874
2024-06-03 12:25:00,69424.0,69444.0,69336.12,69400.0,96.42214
2024-06-03 12:30:00,69399.99,69471.93,69319.0,69323.15,145.40926
2024-06-03 12:35:00,69323.16,69700.0,69290.0,69700.0,357.17764
2024-06-03 12:40:00,69700.0,69769.3,69597.14,69649.99,293.27639
2024-06-03 12:45:00,69650.0,69699.99,69480.0,69517.59,180.17465
2024-06-03 12:50:00,69517.59,69695.92,69517.58,69687.0,120.5782
2024-06-03 12:55:00,69686.99,69748.97,69610.44,69746.23,114.05875
2024-06-03 13:00:00,69746.23,69760.0,69620.01,69687.9,114.82174
2024-06-03 13:05:00,69687.9,69737.54,69579.0,69587.89,78.24595
2024-06-03 13:10:00,69587.88,69644.0,69555.79,69555.8,107.50635
2024-06-03 13:15:00,69555.79,69573.38,69521.04,69540.02,90.29442
2024-06-03 13:20:00,69540.01,69633.93,69532.01,69611.11,76.88233
2024-06-03 13:25:00,69611.11,69694.62,69560.0,69687.15,93.79178
2024-06-03 13:30:00,69687.16,69950.01,69682.09,69912.01,604.69363
2024-06-03 13:35:00,69912.02,69930.01,69792.01,69883.99,161.88154
2024-06-03 13:40:00,69884.0,69994.0,69873.82,69987.99,204.26729
2024-06-03 13:45:00,69987.99,70288.0,69982.68,70256.0,747.00983
2024-06-03 13:50:00,70255.99,70260.0,69860.0,69913.13,290.16031
2024-06-03 13:55:00,69913.14,69960.0,69790.42,69795.34,180.48213
2024-06-03 14:00:00,69795.33,69943.0,69623.24,69719.74,328.02191
2024-06-03 14:05:00,69719.74,69835.83,69670.0,69768.82,123.86987
2024-06-03 14:10:00,69768.82,70077.68,69728.0,70065.28,190.42894
2024-06-03 14:15:00,70065.27,70079.67,69884.01,69884.03,190.5168
2024-06-03 14:20:00,69884.03,69904.0,69701.53,69740.01,271.32902
2024-06-03 14:25:00,69740.01,69860.63,69710.58,69815.88,117.73123
2024-06-03 14:30:00,69815.87,69831.89,69271.28,69430.0,429.40165
2024-06-03 14:35:00,69429.99,69449.0,69178.97,69180.02,354.09555
2024-06-03 14:40:00,69180.02,69249.99,69030.26,69198.74,327.80875
2024-06-03 14:45:00,69198.74,69198.74,68898.44,69025.9,630.22198
2024-06-03 14:50:00,69025.91,69102.53,68880.0,68880.0,185.31832
2024-06-03 14:55:00,68880.0,68880.01,68500.0,68776.01,582.31283
2024-06-03 15:00:00,68776.01,68986.83,68760.0,68880.4,218.18294
2024-06-03 15:05:00,68880.4,69158.0,68864.0,69144.9,173.80005
2024-06-03 15:10:00,69144.89,69318.18,69114.45,69160.0,241.46563
2024-06-03 15:15:00,69160.0,69307.94,69068.1,69262.2,147.72454
2024-06-03 15:20:00,69262.2,69349.84,69144.0,69144.0,195.10809
2024-06-03 15:25:00,69144.0,69148.99,69074.75,69130.0,151.47029
2024-06-03 15:30:00,69130.0,69260.67,69102.32,69220.01,101.37718
2024-06-03 15:35:00,69220.0,69343.37,69208.92,69277.24,80.53724
2024-06-03 15:40:00,69277.23,69286.18,69224.49,69240.0,65.33036
2024-06-03 15:45:00,69239.99,69244.52,69144.0,69231.31,69.00268
2024-06-03 15:50:00,69231.31,69346.58,69231.3,69297.94,71.41312
2024-06-03 15:55:00,69297.95,69631.16,69286.03,69615.28,347.61471
2024-06-03 16:00:00,69615.27,69715.61,69495.29,69495.29,309.27295
2024-06-03 16:05:00,69495.3,69526.19,69374.07,69435.91,172.15317
2024-06-03 16:10:00,69435.9,69457.84,69334.12,69352.02,78.86917
2024-06-03 16:15:00,69352.01,69448.0,69280.35,69404.02,101.60355
2024-06-03 16:20:00,69404.01,69416.39,69181.7,69260.0,145.07176
2024-06-03 16:25:00,69260.0,69280.77,69152.63,69243.99,97.58231
2024-06-03 16:30:00,69243.99,69244.0,69011.04,69059.17,237.32663
2024-06-03 16:35:00,69059.17,69215.36,69036.01,69215.36,137.45798
2024-06-03 16:40:00,69215.36,69235.0,69132.89,69157.0,57.27781
2024-06-03 16:45:00,69157.0,69280.0,69156.99,69207.99,58.1525
2024-06-03 16:50:00,69207.99,69207.99,68899.89,68975.41,150.03203
2024-06-03 16:55:00,68975.41,69083.33,68975.41,69080.02,63.82407
2024-06-03 17:00:00,69080.02,69080.02,68972.96,69007.0,69.74632
2024-06-03 17:05:00,69006.99,69007.35,68893.54,68931.47,68.58219
2024-06-03 17:10:00,68931.46,69076.1,68800.0,69076.1,155.46492
2024-06-03 17:15:00,69076.1,69139.82,69039.99,69134.09,88.11528
2024-06-03 17:20:00,69134.09,69178.37,69120.01,69151.98,62.93012
2024-06-03 17:25:00,69151.99,69195.99,69121.51,69162.32,37.07406
2024-06-03 17:30:00,69162.32,69335.96,69162.32,69264.01,67.49337
2024-06-03 17:35:00,69264.0,69315.25,69245.0,69291.4,43.16998
2024-06-03 17:40:00,69291.4,69389.92,69240.0,69339.07,60.02937
2024-06-03 17:45:00,69339.07,69367.41,69234.72,69259.4,53.33687
2024-06-03 17:50:00,69259.4,69300.0,69240.0,69240.01,30.43622
2024-06-03 17:55:00,69240.0,69269.17,69213.6,69268.97,49.6401
2024-06-03 18:00:00,69268.98,69339.27,69252.6,69311.99,85.6335
2024-06-03 18:05:00,69312.0,69363.12,69288.01,69320.58,40.42154
2024-06-03 18:10:00,69320.57,69325.45,69162.98,69162.99,45.43283
2024-06-03 18:15:00,69162.98,69269.01,69162.98,69239.1,67.80723
2024-06-03 18:20:00,69239.1,69288.0,69216.56,69247.52,37.64707
2024-06-03 18:25:00,69247.51,69341.63,69220.9,69294.52,45.91604
2024-06-03 18:30:00,69294.51,69400.0,69294.51,69372.99,59.14667
2024-06-03 18:35:00,69372.98,69418.61,69352.0,69379.99,42.09575
2024-06-03 18:40:00,69379.98,69444.49,69364.01,69377.11,94.03198
2024-06-03 18:45:00,69377.1,69443.36,69350.0,69443.35,66.58007
2024-06-03 18:50:00,69443.36,69443.36,69300.01,69300.02,37.38499
2024-06-03 18:55:00,69300.01,69304.18,69260.0,69288.41,31.02689
2024-06-03 19:00:00,69288.41,69296.68,69168.81,69168.82,68.02572
2024-06-03 19:05:00,69168.81,69168.82,69124.15,69124.16,42.15447
2024-06-03 19:10:00,69124.16,69131.83,69104.44,69123.05,32.18368
2024-06-03 19:15:00,69123.05,69128.14,69059.99,69102.28,97.97565
2024-06-03 19:20:00,69102.29,69234.19,69102.28,69163.4,54.75735
2024-06-03 19:25:00,69163.4,69169.37,69104.44,69111.66,37.17792
2024-06-03 19:30:00,69111.65,69116.37,69061.26,69061.26,53.55624
2024-06-03 19:35:00,69061.27,69112.0,69022.0,69070.01,51.52613
2024-06-03 19:40:00,69070.01,69100.0,69021.77,69060.01,51.4804
2024-06-03 19:45:00,69060.01,69134.44,69048.0,69120.0,50.36904
2024-06-03 19:50:00,69120.01,69133.32,69076.71,69100.0,47.25395
2024-06-03 19:55:00,69100.0,69233.67,69068.0,69204.0,82.16285
2024-06-03 20:00:00,69204.0,69277.27,69160.01,69277.26,63.19154
2024-06-03 20:05:00,69277.26,69293.3,69254.79,69254.8,37.47514
2024-06-03 20:10:00,69254.79,69471.93,69254.79,69437.02,232.46707
2024-06-03 20:15:00,69437.02,69500.48,69406.02,69468.98,257.77683
2024-06-03 20:20:00,69468.99,69509.38,69462.05,69490.0,70.55168
2024-06-03 20:25:00,69489.99,69490.0,69398.65,69403.7,50.42471
2024-06-03 20:30:00,69403.7,69403.7,69315.06,69335.29,42.41135
2024-06-03 20:35:00,69335.28,69370.0,69254.08,69264.01,33.51051
2024-06-03 20:40:00,69264.0,69279.02,69245.48,69245.87,28.32156
2024-06-03 20:45:00,69245.88,69245.88,69214.73,69214.73,23.79491
2024-06-03 20:50:00,69214.74,69228.56,69193.81,69211.99,26.03733
2024-06-03 20:55:00,69211.99,69211.99,69101.27,69101.28,58.96616
2024-06-03 21:00:00,69101.28,69191.86,69059.79,69191.85,69.76188
2024-06-03 21:05:00,69191.86,69191.86,69166.05,69166.06,28.54146
2024-06-03 21:10:00,69166.06,69166.06,69025.8,69025.8,29.78093
2024-06-03 21:15:00,69025.8,69105.21,69021.96,69064.67,27.73766
2024-06-03 21:20:00,69064.66,69071.88,68974.35,69058.94,67.38979
2024-06-03 21:25:00,69058.95,69099.99,68899.51,69040.01,105.99346
2024-06-03 21:30:00,69040.0,69060.0,68965.34,69060.0,32.74805
2024-06-03 21:35:00,69060.0,69150.88,69056.58,69074.92,60.46595
2024-06-03 21:40:00,69074.92,69140.01,69067.77,69140.01,52.10509
2024-06-03 21:45:00,69140.0,69163.67,69083.46,69157.3,36.69883
2024-06-03 21:50:00,69157.29,69179.7,69144.08,69147.01,28.34137
2024-06-03 21:55:00,69147.0,69147.01,69046.53,69081.17,21.73704
2024-06-03 22:00:00,69081.17,69081.82,68961.57,68973.82,40.83464
2024-06-03 22:05:00,68973.81,68979.95,68864.11,68896.0,131.35774
2024-06-03 22:10:00,68895.99,68906.83,68810.0,68876.0,77.81035
2024-06-03 22:15:00,68876.0,68916.71,68870.07,68916.7,35.45578
2024-06-03 22:20:00,68916.7,68918.95,68896.0,68917.56,14.39193
2024-06-03 22:25:00,68917.55,68974.92,68917.55,68970.85,23.30651
2024-06-03 22:30:00,68970.85,69144.33,68964.68,69133.21,109.88425
2024-06-03 22:35:00,69133.21,69133.22,69057.01,69112.99,53.01771
2024-06-03 22:40:00,69112.99,69112.99,69048.4,69070.2,33.20831
2024-06-03 22:45:00,69070.19,69099.17,69070.19,69094.42,10.88537
2024-06-03 22:50:00,69094.43,69094.43,69050.0,69058.83,22.88637
2024-06-03 22:55:00,69058.82,69058.83,69022.21,69042.51,16.48221
2024-06-03 23:00:00,69042.51,69062.19,69015.77,69015.78,38.20966
2024-06-03 23:05:00,69015.78,69031.37,68994.6,68994.61,32.33228
2024-06-03 23:10:00,68994.6,68994.61,68966.49,68966.5,20.74153
2024-06-03 23:15:00,68966.49,68975.87,68913.29,68952.0,50.38508
2024-06-03 23:20:00,68951.99,68961.4,68932.41,68939.78,20.5686
2024-06-03 23:25:00,68939.77,68939.78,68860.42,68882.72,54.25983
2024-06-03 23:30:00,68882.73,68918.2,68874.49,68916.61,19.53735
2024-06-03 23:35:00,68916.6,68916.61,68737.83,68784.2,100.63194
2024-06-03 23:40:00,68784.19,68792.0,68730.51,68750.96,38.70177
2024-06-03 23:45:00,68750.97,68811.16,68750.96,68807.32,34.36116
2024-06-03 23:50:00,68807.32,68855.51,68807.31,68808.74,30.8032
2024-06-03 23:55:00,68808.73,68822.19,68801.28,68809.9,28.49679
2024-06-04 00:00:00,68809.89,68890.0,68800.0,68873.45,52.59197
2024-06-04 00:05:00,68873.45,68888.0,68822.81,68857.15,122.86235
2024-06-04 00:10:00,68858.99,68860.0,68810.03,68838.33,56.09666
2024-06-04 00:15:00,68838.33,68938.07,68629.9,68686.8,212.43297
2024-06-04 00:20:00,68679.99,68782.31,68676.0,68770.19,122.04748
2024-06-04 00:25:00,68770.19,68844.96,68770.19,68784.01,45.34474
2024-06-04 00:30:00,68784.01,68999.47,68770.19,68945.41,104.48801
2024-06-04 00:35:00,68945.42,69023.74,68945.41,68996.61,44.30641
2024-06-04 00:40:00,68996.61,69031.43,68942.24,69001.62,37.93561
2024-06-04 00:45:00,69001.62,69075.69,68985.89,69075.68,39.42987
2024-06-04 00:50:00,69075.68,69079.8,69045.36,69079.8,23.20393
2024-06-04 00:55:00,69079.79,69090.9,69001.4,69001.41,24.73608
2024-06-04 01:00:00,69001.4,69001.41,68900.6,68950.49,48.83774
2024-06-04 01:05:00,68950.48,69060.0,68950.48,69060.0,32.45124
2024-06-04 01:10:00,69059.99,69110.0,69054.84,69070.01,44.82158
2024-06-04 01:15:00,69070.01,69074.91,69000.72,69000.73,30.03661
2024-06-04 01:20:00,69000.73,69042.99,68989.08,68998.02,21.07444
2024-06-04 01:25:00,68998.02,69020.0,68998.01,69012.99,13.62485
2024-06-04 01:30:00,69012.98,69180.0,69001.24,69138.28,59.24947
2024-06-04 01:35:00,69138.29,69149.0,69077.32,69079.1,28.97539
2024-06-04 01:40:00,69079.1,69097.21,69074.0,69074.0,26.80362
2024-06-04 01:45:00,69074.01,69100.0,69051.23,69099.99,52.87717
2024-06-04 01:50:00,69100.0,69200.0,69096.8,69182.68,34.52733
2024-06-04 01:55:00,69182.68,69215.41,69161.73,69215.4,101.87808
2024-06-04 02:00:00,69215.41,69215.41,69172.0,69176.15,32.4267
2024-06-04 02:05:00,69176.15,69255.8,69168.39,69255.79,75.29619
2024-06-04 02:10:00,69255.79,69283.98,69222.2,69266.79,64.77479
2024-06-04 02:15:00,69266.78,69268.21,69214.78,69218.5,32.02042
2024-06-04 02:20:00,69218.51,69285.71,69218.5,69280.78,25.01499
2024-06-04 02:25:00,69280.78,69306.67,69265.0,69265.0,20.34602
2024-06-04 02:30:00,69265.0,69265.01,69142.55,69145.42,31.37421
2024-06-04 02:35:00,69145.41,69187.2,69137.4,69156.0,24.56291
2024-06-04 02:40:00,69156.01,69156.01,69080.8,69129.35,50.36209
2024-06-04 02:45:00,69129.34,69150.0,69100.0,69100.0,38.14131
2024-06-04 02:50:00,69100.01,69136.4,69100.0,69111.62,14.94665
2024-06-04 02:55:00,69111.62,69139.58,69100.0,69139.57,17.42889
2024-06-04 03:00:00,69139.58,69212.0,69114.98,69208.0,27.17326
2024-06-04 03:05:00,69208.0,69326.88,69203.32,69326.88,47.4006
2024-06-04 03:10:00,69326.87,69370.01,69316.0,69332.21,56.83679
2024-06-04 03:15:00,69332.22,69350.7,69266.58,69271.79,46.04954
2024-06-04 03:20:00,69271.8,69271.8,69222.8,69239.11,18.35178
2024-06-04 03:25:00,69239.1,69239.11,69192.26,69212.25,45.67766
2024-06-04 03:30:00,69212.25,69212.26,69174.2,69202.04,32.94348
2024-06-04 03:35:00,69202.04,69202.05,69180.6,69189.54,18.27934
2024-06-04 03:40:00,69189.55,69249.99,69189.54,69230.36,25.73178
2024-06-04 03:45:00,69230.36,69244.67,69152.0,69155.51,36.01081
2024-06-04 03:50:00,69155.5,69180.0,69155.5,69170.2,14.63319
2024-06-04 03:55:00,69170.21,69197.83,69170.2,69170.22,19.57392
2024-06-04 04:00:00,69170.22,69170.22,69105.92,69107.69,34.96809
2024-06-04 04:05:00,69107.68,69217.4,69105.92,69213.4,34.37998
2024-06-04 04:10:00,69213.4,69250.0,69188.0,69250.0,39.16453
2024-06-04 04:15:00,69249.99,69255.0,69180.0,69180.01,57.56416
2024-06-04 04:20:00,69180.0,69251.75,69180.0,69243.6,35.59578
2024-06-04 04:25:00,69243.6,69258.24,69209.87,69228.61,42.04548
2024-06-04 04:30:00,69228.62,69265.0,69228.61,69265.0,24.75615
2024-06-04 04:35:00,69264.99,69268.27,69220.01,69228.0,29.44364
2024-06-04 04:40:00,69228.0,69228.0,69164.43,69164.44,18.49396
2024-06-04 04:45:00,69164.43,69180.01,69115.0,69180.0,24.69652
2024-06-04 04:50:00,69180.01,69196.0,69118.2,69118.2,21.3083
2024-06-04 04:55:00,69118.2,69118.21,69057.12,69061.22,23.20556
2024-06-04 05:00:00,69061.22,69061.22,68992.46,69060.0,65.92568
2024-06-04 05:05:00,69060.0,69100.0,69055.72,69087.83,39.94692
2024-06-04 05:10:00,69087.83,69115.7,69084.01,69115.68,19.23921
2024-06-04 05:15:00,69115.67,69156.16,69088.62,69156.16,31.23946
2024-06-04 05:20:00,69156.16,69156.16,69112.4,69112.4,19.56162
2024-06-04 05:25:00,69112.4,69118.11,69090.0,69110.9,24.2451
2024-06-04 05:30:00,69110.9,69110.9,69029.38,69087.59,39.76911
2024-06-04 05:35:00,69087.6,69094.39,69030.42,69046.1,28.28121
2024-06-04 05:40:00,69046.11,69046.12,68999.76,68999.77,18.1274
2024-06-04 05:45:00,68999.76,69060.0,68982.23,69043.79,63.73163
2024-06-04 05:50:00,69043.78,69043.79,68969.77,69006.19,36.63426
2024-06-04 05:55:00,69006.19,69006.19,68914.28,68956.01,63.42734
2024-06-04 06:00:00,68956.01,68956.02,68815.92,68816.21,404.38368
2024-06-04 06:05:00,68816.21,68827.94,68745.68,68787.84,186.67006
2024-06-04 06:10:00,68787.84,68882.62,68787.83,68882.62,111.58895
2024-06-04 06:15:00,68882.62,68896.0,68823.28,68859.99,62.17034
2024-06-04 06:20:00,68860.0,68928.0,68859.99,68914.45,40.83362
2024-06-04 06:25:00,68914.45,68948.44,68896.07,68948.44,45.78041
2024-06-04 06:30:00,68948.44,69004.49,68948.43,68985.45,75.37937
2024-06-04 06:35:00,68985.45,69039.71,68968.78,69006.6,45.09372
2024-06-04 06:40:00,69006.61,69013.05,68907.95,68907.96,47.03333
2024-06-04 06:45:00,68907.95,69010.01,68900.67,69000.01,59.49536
2024-06-04 06:50:00,69000.01,69010.01,68931.06,68931.07,40.21999
2024-06-04 06:55:00,68931.06,68956.0,68900.01,68905.43,33.4551
2024-06-04 07:00:00,68905.43,68976.0,68894.21,68975.99,24.05694
2024-06-04 07:05:00,68975.99,69004.0,68950.0,68972.4,31.5698
2024-06-04 07:10:00,68972.4,69052.2,68950.44,69052.2,37.35087
2024-06-04 07:15:00,69052.2,69055.99,68995.52,69006.18,46.02815
2024-06-04 07:20:00,69006.19,69028.8,68979.0,69028.8,34.26573
2024-06-04 07:25:00,69028.8,69048.0,68982.32,68993.02,26.94747
2024-06-04 07:30:00,68993.01,68993.02,68945.48,68952.13,31.3943
2024-06-04 07:35:00,68952.13,69000.0,68950.2,68966.58,26.14025
2024-06-04 07:40:00,68966.58,68997.0,68964.69,68994.28,32.23254
2024-06-04 07:45:00,68994.28,69060.01,68993.76,69032.38,187.23527
2024-06-04 07:50:00,69032.38,69074.3,69032.37,69074.29,46.35674
2024-06-04 07:55:00,69074.29,69074.82,69013.62,69013.63,39.32097
2024-06-04 08:00:00,69013.62,69055.55,68918.2,68918.21,159.62109
2024-06-04 08:05:00,68918.21,68973.52,68880.99,68973.51,45.26407
2024-06-04 08:10:00,68973.5,69191.99,68973.5,69110.79,74.63623
2024-06-04 08:15:00,69110.79,69153.39,69082.81,69090.72,57.76885
2024-06-04 08:20:00,69090.73,69135.2,69040.76,69063.42,107.08223
2024-06-04 08:25:00,69063.42,69120.0,69060.6,69110.3,27.58359
2024-06-04 08:30:00,69110.3,69110.55,69074.99,69075.0,28.17579
2024-06-04 08:35:00,69075.0,69091.59,69057.64,69091.59,25.79006
2024-06-04 08:40:00,69091.59,69095.95,69064.4,69095.93,20.62724
2024-06-04 08:45:00,69095.93,69095.93,69025.53,69025.54,36.8269
2024-06-04 08:50:00,69025.53,69025.54,68890.0,68920.0,74.23332
2024-06-04 08:55:00,68920.0,68929.4,68827.0,68836.54,61.75674
2024-06-04 09:00:00,68836.54,68890.01,68686.0,68733.54,270.84391
2024-06-04 09:05:00,68733.54,68800.0,68727.54,68760.01,134.29176
2024-06-04 09:10:00,68760.01,68797.56,68756.62,68780.14,63.23078
2024-06-04 09:15:00,68780.14,68780.15,68599.87,68642.71,172.89756
2024-06-04 09:20:00,68642.71,68692.6,68630.94,68653.21,102.25703
2024-06-04 09:25:00,68653.2,68704.81,68653.2,68704.81,111.40056
2024-06-04 09:30:00,68704.81,68810.59,68704.81,68781.39,90.31438
2024-06-04 09:35:00,68781.39,68781.39,68712.96,68712.96,34.41081
2024-06-04 09:40:00,68712.96,68759.15,68688.0,68723.61,54.74153
2024-06-04 09:45:00,68723.61,68760.0,68600.0,68644.79,109.24875
2024-06-04 09:50:00,68644.78,68647.8,68567.32,68647.79,79.57554
2024-06-04 09:55:00,68647.8,68720.0,68614.8,68717.92,30.57195
2024-06-04 10:00:00,68717.92,68800.6,68701.83,68772.65,90.39292
2024-06-04 10:05:00,68772.65,68776.4,68724.0,68726.57,39.23193
2024-06-04 10:10:00,68726.57,68850.06,68726.56,68845.02,101.34326
2024-06-04 10:15:00,68845.02,68885.9,68820.0,68846.34,73.37314
2024-06-04 10:20:00,68846.33,68860.0,68824.62,68848.5,41.34645
2024-06-04 10:25:00,68848.5,68848.5,68806.8,68806.81,27.46029
2024-06-04 10:30:00,68806.8,68930.02,68789.8,68895.29,95.16388
2024-06-04 10:35:00,68895.29,68942.23,68890.0,68930.88,47.88631
2024-06-04 10:40:00,68930.88,68946.28,68915.52,68940.38,42.59977
2024-06-04 10:45:00,68940.37,68958.0,68920.01,68956.7,32.93516
2024-06-04 10:50:00,68956.71,68956.71,68915.45,68915.45,28.60098
2024-06-04 10:55:00,68915.46,68915.46,68871.69,68890.66,31.31118
2024-06-04 11:00:00,68890.66,68956.67,68890.65,68940.84,39.2494
2024-06-04 11:05:00,68940.83,68972.0,68901.59,68952.79,48.48896
2024-06-04 11:10:00,68952.78,68952.79,68900.0,68900.01,34.92139
2024-06-04 11:15:00,68900.01,68938.01,68852.0,68891.41,53.28064
2024-06-04 11:20:00,68891.42,68920.0,68891.41,68908.44,30.44078
2024-06-04 11:25:00,68908.44,68929.4,68890.0,68928.38,42.02674
2024-06-04 11:30:00,68928.37,69030.0,68928.37,68994.68,71.15777
2024-06-04 11:35:00,68994.69,68997.89,68972.0,68972.0,37.04314
2024-06-04 11:40:00,68971.61,68971.61,68841.87,68892.0,77.15229
2024-06-04 11:45:00,68892.0,68926.2,68849.11,68920.01,31.96774
2024-06-04 11:50:00,68920.0,68963.99,68900.0,68963.99,21.58109
2024-06-04 11:55:00,68963.98,68963.99,68923.15,68955.85,31.17711
2024-06-04 12:00:00,68955.84,69050.0,68955.84,68984.18,72.73666
2024-06-04 12:05:00,68984.19,69033.45,68873.65,68873.66,155.65321
2024-06-04 12:10:00,68873.66,69026.46,68843.73,68977.09,170.72114
2024-06-04 12:15:00,68977.08,69020.0,68906.13,69020.0,40.44246
2024-06-04 12:20:00,69020.0,69063.33,68988.0,69063.33,44.04812
2024-06-04 12:25:00,69063.32,69093.66,69059.0,69059.0,33.16594
2024-06-04 12:30:00,69059.0,69155.5,69045.2,69102.8,110.34531
2024-06-04 12:35:00,69102.8,69102.8,68986.89,69037.24,134.25677
2024-06-04 12:40:00,69037.24,69076.54,69037.24,69071.78,50.98539
2024-06-04 12:45:00,69071.78,69071.79,68979.2,68979.21,36.61536
2024-06-04 12:50:00,68979.2,68983.83,68884.48,68925.81,70.62457
2024-06-04 12:55:00,68925.81,68950.0,68893.79,68946.56,62.20196
2024-06-04 13:00:00,68946.56,69071.79,68946.55,69071.78,30.61559
2024-06-04 13:05:00,69071.78,69100.0,68984.24,68988.23,63.54831
2024-06-04 13:10:00,68988.23,69255.55,68964.78,69230.79,131.40207
2024-06-04 13:15:00,69230.79,69275.0,69209.11,69272.96,105.39288
2024-06-04 13:20:00,69272.96,69461.44,69264.0,69420.17,245.24833
2024-06-04 13:25:00,69420.16,69444.0,69330.0,69429.78,130.31522
2024-06-04 13:30:00,69429.78,69500.41,69310.0,69323.52,304.63055
2024-06-04 13:35:00,69323.51,69420.0,69198.14,69419.99,181.8558
2024-06-04 13:40:00,69420.0,69563.83,69419.99,69548.0,167.01566
2024-06-04 13:45:00,69547.99,69696.0,69512.22,69524.85,238.63999
2024-06-04 13:50:00,69524.85,69800.22,69524.85,69705.09,377.24167
2024-06-04 13:55:00,69705.08,69830.75,69520.0,69527.99,334.60681
2024-06-04 14:00:00,69527.99,69899.0,69527.99,69819.99,433.59661
2024-06-04 14:05:00,69819.99,69990.0,69692.99,69949.56,294.19445
2024-06-04 14:10:00,69949.56,69970.0,69782.18,69827.59,192.12762
2024-06-04 14:15:00,69827.58,70089.99,69791.0,70049.99,546.93283
2024-06-04 14:20:00,70050.0,70050.0,69730.0,69750.0,276.95332
2024-06-04 14:25:00,69750.01,69844.0,69679.99,69749.39,394.25289
2024-06-04 14:30:00,69749.39,69857.36,69583.87,69665.26,273.79137
2024-06-04 14:35:00,69665.26,69679.26,69319.79,69415.89,405.19537
2024-06-04 14:40:00,69415.89,69610.0,69415.88,69536.99,171.35366
2024-06-04 14:45:00,69536.99,69624.0,69428.79,69562.05,142.39847
2024-06-04 14:50:00,69562.05,69707.95,69552.0,69704.0,183.20424
2024-06-04 14:55:00,69701.45,69720.39,69620.29,69651.49,86.63825
2024-06-04 15:00:00,69651.49,69730.01,69575.94,69606.61,243.67863
2024-06-04 15:05:00,69606.61,69609.57,69463.83,69600.78,134.02808
2024-06-04 15:10:00,69600.77,69932.51,69600.77,69829.54,322.77885
2024-06-04 15:15:00,69829.54,70094.11,69762.08,70059.07,367.60903
2024-06-04 15:20:00,70059.08,70179.66,70059.07,70116.63,432.19957
2024-06-04 15:25:00,70116.64,70122.02,69928.0,69988.74,178.51248
2024-06-04 15:30:00,69988.73,70146.86,69960.57,70047.56,205.82578
2024-06-04 15:35:00,70047.57,70070.99,69990.0,70047.98,150.04881
2024-06-04 15:40:00,70047.98,70179.92,70047.98,70150.0,204.05294
2024-06-04 15:45:00,70149.99,70200.0,70123.19,70184.51,190.70141
2024-06-04 15:50:00,70184.52,70480.0,70184.51,70477.01,644.047
2024-06-04 15:55:00,70477.01,70480.0,70341.59,70445.0,235.25235
2024-06-04 16:00:00,70445.0,70636.8,70445.0,70592.03,635.23104
2024-06-04 16:05:00,70592.04,70611.99,70388.17,70497.77,365.14882
2024-06-04 16:10:00,70497.78,70543.01,70422.07,70517.77,205.0995
2024-06-04 16:15:00,70517.77,70875.0,70513.56,70875.0,368.38965
2024-06-04 16:20:00,70875.0,70907.95,70814.08,70831.57,312.36204
2024-06-04 16:25:00,70831.58,70883.76,70705.78,70863.21,221.93777
2024-06-04 16:30:00,70863.21,70907.0,70701.77,70776.01,291.15329
2024-06-04 16:35:00,70776.01,70897.94,70680.84,70878.37,248.89155
2024-06-04 16:40:00,70878.37,70990.0,70878.36,70950.01,287.95533
2024-06-04 16:45:00,70950.01,70999.0,70767.95,70848.02,272.39687
2024-06-04 16:50:00,70848.02,70873.91,70656.37,70771.88,206.73416
2024-06-04 16:55:00,70771.88,70812.29,70724.05,70800.0,161.73839
2024-06-04 17:00:00,70800.0,70833.52,70605.24,70683.99,241.2447
2024-06-04 17:05:00,70684.0,70748.26,70553.9,70564.0,203.72642
2024-06-04 17:10:00,70564.0,70700.0,70528.71,70685.99,175.06927
2024-06-04 17:15:00,70685.98,70730.0,70566.64,70566.65,141.40582
2024-06-04 17:20:00,70566.64,70615.99,70540.37,70576.93,84.92536
2024-06-04 17:25:00,70576.93,70576.94,70483.33,70486.51,112.98044
2024-06-04 17:30:00,70486.52,70539.02,70404.03,70419.15,103.79527
2024-06-04 17:35:00,70419.15,70420.8,70360.4,70370.0,88.37426
2024-06-04 17:40:00,70370.0,70427.0,70367.24,70416.2,71.769
2024-06-04 17:45:00,70416.19,70559.9,70408.18,70525.14,91.01451
2024-06-04 17:50:00,70525.14,70644.0,70525.14,70625.34,72.64352
2024-06-04 17:55:00,70625.34,70700.0,70525.14,70564.0,90.26105
2024-06-04 18:00:00,70564.01,70691.72,70564.0,70683.96,103.17205
2024-06-04 18:05:00,70683.96,70755.99,70664.38,70666.95,134.77182
2024-06-04 18:10:00,70666.94,70792.11,70629.09,70759.99,138.61678
2024-06-04 18:15:00,70760.0,70873.0,70759.99,70855.74,250.89034
2024-06-04 18:20:00,70855.74,71063.45,70855.74,71040.01,585.35667
2024-06-04 18:25:00,71040.01,71060.0,70873.86,70928.99,339.27634
2024-06-04 18:30:00,70928.99,71000.0,70848.09,70912.38,190.96982
2024-06-04 18:35:00,70912.38,70983.89,70820.0,70892.27,244.56836
2024-06-04 18:40:00,70892.27,70944.59,70860.0,70865.73,215.90065
2024-06-04 18:45:00,70865.72,70914.77,70820.0,70825.99,146.41333
2024-06-04 18:50:00,70825.99,70861.64,70773.15,70773.16,185.69972
2024-06-04 18:55:00,70773.16,70846.44,70687.56,70693.67,149.37937
2024-06-04 19:00:00,70693.67,70727.76,70551.54,70630.0,127.60439
2024-06-04 19:05:00,70630.0,70638.03,70509.89,70605.57,138.57176
2024-06-04 19:10:00,70605.57,70622.11,70552.03,70572.0,70.37996
2024-06-04 19:15:00,70572.0,70595.43,70534.01,70553.68,115.95424
2024-06-04 19:20:00,70553.67,70607.66,70537.47,70607.66,80.02473
2024-06-04 19:25:00,70607.66,70644.01,70460.0,70472.0,87.58342
2024-06-04 19:30:00,70472.0,70499.45,70410.0,70450.01,74.03697
2024-06-04 19:35:00,70450.0,70450.01,70092.5,70140.0,283.81191
2024-06-04 19:40:00,70140.01,70338.33,70122.94,70336.01,131.08321
2024-06-04 19:45:00,70336.01,70400.0,70287.34,70287.34,121.62225
2024-06-04 19:50:00,70287.07,70324.16,70207.78,70236.6,136.06305
2024-06-04 19:55:00,70236.61,70500.0,70220.0,70423.6,146.35536
2024-06-04 20:00:00,70423.61,70440.0,70271.49,70281.69,86.46104
2024-06-04 20:05:00,70281.69,70293.34,70197.67,70266.66,111.29444
2024-06-04 20:10:00,70266.66,70336.68,70266.66,70306.76,41.93112
2024-06-04 20:15:00,70306.77,70306.77,70200.0,70265.6,43.14709
2024-06-04 20:20:00,70265.61,70265.61,70168.67,70168.67,36.39144
2024-06-04 20:25:00,70168.68,70280.02,70168.68,70262.55,52.04269
2024-06-04 20:30:00,70262.56,70366.09,70223.92,70342.1,57.73004
2024-06-04 20:35:00,70342.11,70342.11,70270.38,70302.97,35.5667
2024-06-04 20:40:00,70302.98,70346.46,70294.03,70346.46,34.87459
2024-06-04 20:45:00,70346.45,70441.64,70322.78,70441.63,41.50468
2024-06-04 20:50:00,70441.63,70550.0,70428.22,70500.02,98.23626
2024-06-04 20:55:00,70500.02,70500.02,70402.69,70402.69,37.08108
2024-06-04 21:00:00,70402.69,70416.0,70340.41,70391.89,45.88898
2024-06-04 21:05:00,70391.9,70433.16,70360.0,70360.0,35.98428
2024-06-04 21:10:00,70360.0,70423.32,70352.0,70423.32,36.35936
2024-06-04 21:15:00,70423.32,70423.32,70394.78,70420.0,30.92923
2024-06-04 21:20:00,70419.99,70420.0,70374.73,70393.94,32.17227
2024-06-04 21:25:00,70393.94,70493.88,70393.94,70491.99,37.05268
2024-06-04 21:30:00,70491.99,70492.0,70440.0,70470.0,27.38137
2024-06-04 21:35:00,70470.0,70547.43,70469.99,70493.72,50.97161
2024-06-04 21:40:00,70493.72,70493.73,70443.76,70455.01,34.01903
2024-06-04 21:45:00,70455.02,70493.73,70455.01,70493.73,24.39584
2024-06-04 21:50:00,70493.73,70605.14,70493.72,70580.0,94.13824
2024-06-04 21:55:00,70580.01,70630.08,70576.88,70620.0,111.07345
2024-06-04 22:00:00,70620.01,70662.99,70529.99,70640.93,156.34072
2024-06-04 22:05:00,70640.93,70687.56,70610.3,70670.01,66.62301
2024-06-04 22:10:00,70670.01,70720.41,70670.0,70699.79,51.55108
2024-06-04 22:15:00,70699.79,70736.0,70664.39,70692.0,89.47746
2024-06-04 22:20:00,70692.0,70692.0,70632.0,70669.29,56.32467
2024-06-04 22:25:00,70669.28,70730.0,70645.4,70645.41,41.27879
2024-06-04 22:30:00,70645.41,70693.21,70634.05,70635.75,62.02478
2024-06-04 22:35:00,70635.74,70649.99,70570.0,70623.99,62.46051
2024-06-04 22:40:00,70623.99,70624.0,70527.3,70551.09,46.95847
2024-06-04 22:45:00,70551.1,70551.1,70510.0,70530.0,61.60934
2024-06-04 22:50:00,70530.0,70592.0,70520.49,70592.0,40.78222
2024-06-04 22:55:00,70592.0,70600.0,70560.16,70561.3,20.74888
2024-06-04 23:00:00,70561.31,70587.41,70510.99,70569.32,65.27626
2024-06-04 23:05:00,70569.32,70588.09,70561.77,70588.09,16.53896
2024-06-04 23:10:00,70588.09,70591.99,70563.23,70563.24,25.5554
2024-06-04 23:15:00,70563.23,70563.24,70503.15,70524.01,30.59133
2024-06-04 23:20:00,70524.01,70531.24,70502.98,70521.2,23.92247
2024-06-04 23:25:00,70521.21,70521.21,70414.9,70414.91,61.61258
2024-06-04 23:30:00,70414.9,70520.0,70414.9,70520.0,34.1958
2024-06-04 23:35:00,70519.99,70529.83,70508.0,70520.72,30.00588
2024-06-04 23:40:00,70520.72,70610.0,70513.59,70540.01,51.29222
2024-06-04 23:45:00,70540.01,70594.9,70530.97,70566.06,71.08556
2024-06-04 23:50:00,70566.06,70606.37,70566.06,70598.99,32.79714
2024-06-04 23:55:00,70599.0,70609.09,70537.83,70537.84,40.03758
2024-06-05 00:00:00,70537.83,70608.9,70532.0,70563.05,65.37198
2024-06-05 00:05:00,70563.05,70563.05,70518.31,70526.24,91.63159
2024-06-05 00:10:00,70526.24,70526.73,70481.4,70481.4,35.60241
2024-06-05 00:15:00,70481.4,70495.8,70423.51,70489.84,73.0945
2024-06-05 00:20:00,70489.84,70639.99,70489.84,70629.99,93.63438
2024-06-05 00:25:00,70629.99,70645.0,70590.0,70624.01,85.80393
2024-06-05 00:30:00,70624.0,70770.0,70546.42,70769.99,90.17934
2024-06-05 00:35:00,70770.0,70866.71,70740.0,70839.38,104.53193
2024-06-05 00:40:00,70839.39,70866.7,70726.92,70732.51,80.61694
2024-06-05 00:45:00,70732.51,70745.06,70630.25,70710.0,57.93583
2024-06-05 00:50:00,70709.99,70900.0,70670.98,70841.68,177.75089
2024-06-05 00:55:00,70841.68,70860.0,70742.99,70776.0,79.91624
2024-06-05 01:00:00,70775.99,70847.99,70744.07,70837.34,59.28696
2024-06-05 01:05:00,70837.34,70839.41,70731.82,70731.82,63.96849
2024-06-05 01:10:00,70731.82,70739.6,70674.7,70674.7,54.98208
2024-06-05 01:15:00,70674.7,70816.6,70646.16,70805.19,79.09081
2024-06-05 01:20:00,70805.19,70940.0,70800.0,70910.82,69.69505
2024-06-05 01:25:00,70910.81,71007.97,70910.81,71002.12,248.0979
2024-06-05 01:30:00,71002.13,71034.48,70885.2,71034.47,82.04199
2024-06-05 01:35:00,71034.48,71275.0,71034.47,71137.1,427.87688
2024-06-05 01:40:00,71137.09,71167.11,71003.64,71003.64,162.70687
2024-06-05 01:45:00,71003.64,71109.67,70918.21,71108.28,112.78306
2024-06-05 01:50:00,71108.27,71135.47,71058.01,71058.01,48.89774
2024-06-05 01:55:00,71058.01,71058.01,70937.4,70986.3,118.29775
2024-06-05 02:00:00,70986.29,71011.42,70838.99,70847.99,132.04748
2024-06-05 02:05:00,70848.0,71000.0,70847.34,70933.99,171.45565
2024-06-05 02:10:00,70933.99,70934.0,70672.08,70776.02,187.83005
2024-06-05 02:15:00,70776.02,70965.82,70776.01,70958.18,121.96184
2024-06-05 02:20:00,70958.18,70965.82,70870.0,70958.33,81.0235
2024-06-05 02:25:00,70958.32,70984.24,70932.22,70977.16,58.78109
2024-06-05 02:30:00,70977.15,71140.3,70977.15,71086.48,170.45363
2024-06-05 02:35:00,71086.49,71139.64,70992.0,70996.25,99.16763
2024-06-05 02:40:00,70996.26,70996.26,70872.83,70960.3,119.93519
2024-06-05 02:45:00,70960.31,70960.31,70850.57,70850.57,102.1584
2024-06-05 02:50:00,70850.57,70902.22,70821.09,70850.0,84.14436
2024-06-05 02:55:00,70850.0,70890.0,70830.11,70837.96,68.34077
2024-06-05 03:00:00,70837.96,70933.76,70782.06,70925.99,116.34871
2024-06-05 03:05:00,70925.99,70941.84,70880.0,70902.77,62.18233
2024-06-05 03:10:00,70902.78,70902.78,70812.0,70824.3,51.82234
2024-06-05 03:15:00,70824.3,70878.8,70812.0,70818.98,75.71101
2024-06-05 03:20:00,70818.98,70832.66,70792.0,70832.65,45.1032
2024-06-05 03:25:00,70832.65,70877.95,70825.76,70870.0,49.72704
2024-06-05 03:30:00,70870.0,70907.89,70869.99,70881.41,62.41151
2024-06-05 03:35:00,70881.41,70881.42,70804.01,70804.46,50.52779
2024-06-05 03:40:00,70804.46,70850.0,70768.0,70818.0,96.58593
2024-06-05 03:45:00,70818.0,70916.0,70817.99,70866.88,83.00008
2024-06-05 03:50:00,70866.88,70889.99,70860.0,70864.35,35.67962
2024-06-05 03:55:00,70864.36,70991.73,70860.06,70947.58,57.23035
2024-06-05 04:00:00,70947.58,70967.56,70864.4,70867.99,105.72253
2024-06-05 04:05:00,70868.0,70880.0,70826.15,70867.99,55.42385
2024-06-05 04:10:00,70868.0,70949.0,70840.01,70948.99,56.07999
2024-06-05 04:15:00,70949.0,71000.0,70927.23,70964.0,77.94704
2024-06-05 04:20:00,70963.99,71045.04,70963.99,70994.2,93.46356
2024-06-05 04:25:00,70994.21,71032.29,70952.9,71030.9,74.17646
2024-06-05 04:30:00,71030.9,71090.0,71012.0,71080.41,93.99783
2024-06-05 04:35:00,71080.41,71260.0,71072.99,71184.0,224.13684
2024-06-05 04:40:00,71184.01,71244.37,71152.83,71208.25,299.34525
2024-06-05 04:45:00,71208.24,71219.17,71097.06,71171.51,129.96711
2024-06-05 04:50:00,71171.51,71226.33,71132.28,71225.99,92.51974
2024-06-05 04:55:00,71226.0,71239.13,71168.53,71168.53,55.49141
2024-06-05 05:00:00,71168.54,71196.0,71050.0,71107.39,138.50374
2024-06-05 05:05:00,71107.39,71126.5,70933.0,70958.0,92.72022
2024-06-05 05:10:00,70958.01,70980.0,70900.12,70900.12,77.85127
2024-06-05 05:15:00,70900.12,70955.62,70884.61,70923.62,55.82971
2024-06-05 05:20:00,70923.62,71062.89,70923.62,71037.84,74.45182
2024-06-05 05:25:00,71037.84,71037.85,70982.8,71034.99,40.1451
2024-06-05 05:30:00,71035.0,71035.0,70950.0,70950.01,36.09683
2024-06-05 05:35:00,70950.01,70987.98,70940.0,70964.01,47.46239
2024-06-05 05:40:00,70964.02,70971.76,70890.0,70891.59,73.87412
2024-06-05 05:45:00,70891.6,70960.01,70891.59,70949.99,68.96665
2024-06-05 05:50:00,70950.0,71046.19,70945.74,71000.0,64.36347
2024-06-05 05:55:00,70999.99,71019.5,70980.6,70999.99,34.32267
2024-06-05 06:00:00,70999.99,71000.0,70850.0,70939.99,164.95133
2024-06-05 06:05:00,70940.0,70947.99,70910.0,70945.72,55.28929
2024-06-05 06:10:00,70945.73,70945.73,70874.2,70874.21,83.13201
2024-06-05 06:15:00,70874.21,70950.0,70850.0,70935.66,88.10859
2024-06-05 06:20:00,70935.66,70974.8,70920.0,70939.91,86.22356
2024-06-05 06:25:00,70939.91,71008.0,70939.91,70973.22,90.80834
2024-06-05 06:30:00,70973.23,70973.23,70900.47,70920.0,91.81915
2024-06-05 06:35:00,70920.0,71040.0,70896.0,71032.0,168.32131
2024-06-05 06:40:00,71032.0,71100.0,71024.0,71093.01,82.01755
2024-06-05 06:45:00,71093.01,71099.42,70992.0,71004.0,82.93004
2024-06-05 06:50:00,71004.0,71150.0,71000.01,71072.01,154.87615
2024-06-05 06:55:00,71072.0,71119.06,71060.13,71119.05,83.22974
2024-06-05 07:00:00,71119.06,71193.99,71076.22,71178.19,89.97265
2024-06-05 07:05:00,71178.18,71194.78,71144.0,71180.91,59.3801
2024-06-05 07:10:00,71180.91,71194.78,71130.0,71147.99,68.37909
2024-06-05 07:15:00,71148.0,71162.37,71125.95,71157.49,43.12202
2024-06-05 07:20:00,71157.49,71214.26,71144.0,71214.24,85.03681
2024-06-05 07:25:00,71214.25,71214.25,71063.41,71065.39,85.14534
2024-06-05 07:30:00,71065.4,71109.93,71032.6,71090.15,82.16142
2024-06-05 07:35:00,71090.16,71263.21,71090.15,71197.22,114.27395
2024-06-05 07:40:00,71197.21,71358.49,71165.21,71346.91,239.0952
2024-06-05 07:45:00,71346.91,71379.21,71262.81,71296.0,209.02659
2024-06-05 07:50:00,71296.0,71307.0,71100.0,71192.19,147.21015
2024-06-05 07:55:00,71192.2,71258.57,71190.0,71200.0,75.1296
2024-06-05 08:00:00,71199.99,71243.6,71120.51,71120.51,57.36272
2024-06-05 08:05:00,71120.52,71120.52,71051.29,71051.29,98.2063
2024-06-05 08:10:00,71051.3,71079.09,71041.82,71061.88,105.91979
2024-06-05 08:15:00,71061.88,71116.0,71032.6,71059.99,90.88167
2024-06-05 08:20:00,71059.99,71126.87,71052.6,71126.86,50.91574
2024-06-05 08:25:00,71126.87,71145.95,71090.0,71103.83,60.37189
2024-06-05 08:30:00,71103.83,71136.0,71088.0,71088.0,44.68298
2024-06-05 08:35:00,71088.0,71088.01,71010.0,71030.0,71.44002
2024-06-05 08:40:00,71030.0,71050.0,71010.0,71039.9,63.67012
2024-06-05 08:45:00,71039.91,71075.6,70955.24,70974.03,127.8464
2024-06-05 08:50:00,70974.03,70974.04,70888.0,70906.67,238.66448
2024-06-05 08:55:00,70906.66,70927.57,70880.4,70927.57,85.58175
2024-06-05 09:00:00,70927.57,70980.0,70861.0,70902.19,72.29026
2024-06-05 09:05:00,70902.18,70975.12,70902.18,70975.12,39.71289
2024-06-05 09:10:00,70975.11,70990.0,70902.2,70902.21,36.64406
2024-06-05 09:15:00,70902.2,70975.12,70902.2,70975.12,63.81208
2024-06-05 09:20:00,70975.12,71032.08,70973.18,70980.01,96.39659
2024-06-05 09:25:00,70980.02,70989.36,70932.0,70989.36,58.51707
2024-06-05 09:30:00,70989.36,71013.59,70960.9,70984.0,42.21249
2024-06-05 09:35:00,70983.99,70984.0,70885.3,70885.3,104.04119
2024-06-05 09:40:00,70885.31,70891.68,70835.0,70839.46,88.35247
2024-06-05 09:45:00,70839.46,70903.18,70825.0,70903.18,62.56072
2024-06-05 09:50:00,70903.18,70912.53,70856.36,70861.39,49.52934
2024-06-05 09:55:00,70861.38,70894.2,70836.0,70894.19,44.63788
2024-06-05 10:00:00,70894.2,70908.59,70801.01,70847.19,66.35452
2024-06-05 10:05:00,70847.2,70886.69,70839.39,70854.91,48.60791
2024-06-05 10:10:00,70854.91,70887.33,70839.98,70840.68,60.40284
2024-06-05 10:15:00,70840.67,70862.19,70801.0,70820.06,72.23275
2024-06-05 10:20:00,70820.06,70860.6,70803.1,70803.1,50.87569
2024-06-05 10:25:00,70803.1,70803.11,70728.0,70778.82,119.53651
2024-06-05 10:30:00,70778.81,70822.2,70725.03,70814.26,99.36415
2024-06-05 10:35:00,70814.26,70844.0,70772.0,70830.2,45.42452
2024-06-05 10:40:00,70830.2,70830.21,70772.92,70777.88,98.40182
2024-06-05 10:45:00,70777.88,70812.62,70750.55,70792.91,45.89695
2024-06-05 10:50:00,70792.91,70904.57,70776.16,70856.09,123.42287
2024-06-05 10:55:00,70856.08,70880.5,70800.33,70800.33,30.10873
2024-06-05 11:00:00,70800.33,70800.34,70694.61,70732.36,84.41481
2024-06-05 11:05:00,70732.36,70790.2,70712.87,70790.19,41.12239
2024-06-05 11:10:00,70790.19,70861.93,70778.61,70861.92,46.30392
2024-06-05 11:15:00,70861.92,70940.37,70830.9,70937.86,75.85997
2024-06-05 11:20:00,70937.87,70999.0,70886.2,70956.01,41.47441
2024-06-05 11:25:00,70956.0,70956.01,70860.09,70900.0,36.0946
2024-06-05 11:30:00,70900.0,70946.8,70855.64,70946.8,37.03811
2024-06-05 11:35:00,70946.8,70988.97,70913.99,70940.01,49.83338
2024-06-05 11:40:00,70940.0,70982.57,70914.19,70971.99,73.08771
2024-06-05 11:45:00,70971.99,71080.0,70944.41,71070.0,78.43888
2024-06-05 11:50:00,71069.99,71093.96,70961.25,70962.0,81.6041
2024-06-05 11:55:00,70962.0,71000.99,70940.0,70971.71,95.17442
2024-06-05 12:00:00,70971.7,70971.71,70880.36,70880.36,48.72392
2024-06-05 12:05:00,70880.37,70931.67,70842.9,70902.33,58.05863
2024-06-05 12:10:00,70902.33,70926.18,70838.0,70847.99,83.72504
2024-06-05 12:15:00,70848.0,71030.0,70847.99,70864.01,161.90179
2024-06-05 12:20:00,70864.01,70913.37,70778.0,70778.0,87.2083
2024-06-05 12:25:00,70778.01,70843.6,70652.6,70774.03,119.37104
2024-06-05 12:30:00,70774.03,70842.18,70657.24,70762.99,121.24575
2024-06-05 12:35:00,70762.99,70810.44,70688.79,70810.43,83.04548
2024-06-05 12:40:00,70810.44,71021.28,70810.44,71021.27,91.74896
2024-06-05 12:45:00,71021.28,71086.77,70960.0,71039.8,164.19668
2024-06-05 12:50:00,71039.81,71120.0,70897.06,70904.81,285.79685
2024-06-05 12:55:00,70904.82,71015.05,70904.81,70940.01,112.80828
2024-06-05 13:00:00,70940.01,70993.44,70886.65,70993.44,150.16373
2024-06-05 13:05:00,70993.43,71098.75,70993.43,71098.75,256.52496
2024-06-05 13:10:00,71098.75,71112.98,71012.57,71016.51,117.96249
2024-06-05 13:15:00,71016.51,71050.0,71003.13,71040.0,56.26562
2024-06-05 13:20:00,71040.0,71166.0,71039.99,71140.01,91.37388
2024-06-05 13:25:00,71140.0,71169.99,71070.01,71115.6,87.05427
2024-06-05 13:30:00,71115.59,71115.6,70991.76,71004.53,129.6714
2024-06-05 13:35:00,71004.53,71019.59,70756.72,70770.02,135.92474
2024-06-05 13:40:00,70770.02,70823.8,70692.29,70823.8,222.77962
2024-06-05 13:45:00,70823.79,70826.99,70659.28,70660.67,173.61637
2024-06-05 13:50:00,70660.66,70748.35,70588.0,70740.0,132.95873
2024-06-05 13:55:00,70739.99,70784.0,70650.0,70730.7,131.19899
2024-06-05 14:00:00,70730.7,70751.27,70577.4,70652.0,208.22435
2024-06-05 14:05:00,70652.0,70663.8,70465.66,70465.66,159.37379
2024-06-05 14:10:00,70465.67,70528.87,70405.97,70443.41,176.96286
2024-06-05 14:15:00,70443.41,70539.97,70383.66,70481.93,187.59856
2024-06-05 14:20:00,70481.94,70665.86,70468.22,70665.86,128.26758
2024-06-05 14:25:00,70665.86,70769.24,70665.85,70739.99,91.86906
2024-06-05 14:30:00,70739.99,70848.4,70700.8,70823.79,104.74421
2024-06-05 14:35:00,70823.79,70940.0,70768.0,70908.0,155.99132
2024-06-05 14:40:00,70908.0,71010.0,70900.0,70912.12,227.61505
2024-06-05 14:45:00,70912.11,71010.0,70832.41,70985.99,100.20195
2024-06-05 14:50:00,70985.98,71050.0,70940.0,70980.75,145.16752
2024-06-05 14:55:00,70980.74,71080.0,70830.15,70867.99,167.39948
2024-06-05 15:00:00,70867.99,70996.19,70867.99,70935.0,128.01294
2024-06-05 15:05:00,70935.0,70935.0,70823.91,70823.91,65.34837
2024-06-05 15:10:00,70823.92,70895.6,70775.0,70895.59,94.56503
2024-06-05 15:15:00,70895.59,71399.0,70895.59,71259.95,439.35953
2024-06-05 15:20:00,71259.94,71340.0,71181.93,71246.2,220.86528
2024-06-05 15:25:00,71246.2,71574.09,71246.2,71543.57,614.68895
2024-06-05 15:30:00,71543.57,71574.23,71411.57,71449.63,156.99915
2024-06-05 15:35:00,71449.64,71666.0,71449.63,71652.85,265.14207
2024-06-05 15:40:00,71652.85,71731.35,71533.0,71548.0,241.77107
2024-06-05 15:45:00,71547.99,71555.99,71360.72,71494.25,198.78819
2024-06-05 15:50:00,71494.25,71572.6,71460.28,71461.22,115.97721
2024-06-05 15:55:00,71461.22,71666.0,71433.54,71580.0,226.341
2024-06-05 16:00:00,71580.01,71670.12,71537.1,71537.1,159.33433
2024-06-05 16:05:00,71537.11,71639.12,71414.78,71616.75,163.53718
2024-06-05 16:10:00,71616.76,71758.0,71598.67,71645.19,133.77427
2024-06-05 16:15:00,71645.18,71701.48,71540.01,71601.41,118.02947
2024-06-05 16:20:00,71601.42,71696.83,71596.46,71663.12,89.68843
2024-06-05 16:25:00,71663.12,71693.19,71612.0,71646.29,66.8016
2024-06-05 16:30:00,71646.29,71697.95,71592.99,71656.02,106.71643
2024-06-05 16:35:00,71656.02,71680.0,71603.99,71646.62,82.73214
2024-06-05 16:40:00,71646.62,71646.62,71458.22,71516.74,114.87891
2024-06-05 16:45:00,71516.74,71536.0,71268.0,71319.38,239.6477
2024-06-05 16:50:00,71319.38,71500.0,71319.37,71394.24,148.67145
2024-06-05 16:55:00,71394.23,71394.24,71294.2,71312.77,96.52175
2024-06-05 17:00:00,71312.78,71531.04,71231.48,71518.8,284.33699
2024-06-05 17:05:00,71518.8,71555.08,71420.0,71442.68,128.36424
2024-06-05 17:10:00,71442.67,71539.99,71442.67,71539.99,106.79577
2024-06-05 17:15:00,71539.99,71586.81,71473.17,71518.34,106.29237
2024-06-05 17:20:00,71518.34,71518.35,71372.97,71431.68,97.37079
2024-06-05 17:25:00,71431.68,71479.96,71414.8,71433.22,47.17206
2024-06-05 17:30:00,71433.22,71554.61,71433.21,71538.83,78.35272
2024-06-05 17:35:00,71538.82,71568.0,71482.67,71499.9,125.42082
2024-06-05 17:40:00,71499.9,71500.0,71404.73,71493.33,93.24545
2024-06-05 17:45:00,71493.33,71578.32,71460.0,71578.31,72.49416
2024-06-05 17:50:00,71578.32,71678.0,71578.31,71672.01,120.36307
2024-06-05 17:55:00,71672.01,71704.0,71602.97,71628.98,107.69345
2024-06-05 18:00:00,71628.98,71748.22,71600.76,71600.77,151.80674
2024-06-05 18:05:00,71600.77,71634.0,71514.11,71520.01,96.88168
2024-06-05 18:10:00,71520.01,71534.43,71306.9,71322.86,147.58007
2024-06-05 18:15:00,71322.87,71389.4,71219.69,71298.69,316.93838
2024-06-05 18:20:00,71298.69,71311.36,70991.47,71160.39,346.10771
2024-06-05 18:25:00,71160.39,71212.0,71099.99,71124.93,109.12383
2024-06-05 18:30:00,71124.93,71211.99,71098.15,71211.99,114.33417
2024-06-05 18:35:00,71211.99,71211.99,71061.21,71125.78,115.21371
2024-06-05 18:40:00,71125.77,71135.23,71004.0,71060.02,80.87215
2024-06-05 18:45:00,71060.01,71060.02,70895.15,70913.4,162.20768
2024-06-05 18:50:00,70913.4,71063.99,70913.4,71063.99,77.982
2024-06-05 18:55:00,71063.99,71143.82,71062.43,71096.81,59.49084
2024-06-05 19:00:00,71096.8,71181.03,71067.6,71101.22,79.74886
2024-06-05 19:05:00,71101.21,71101.22,70976.41,70976.42,68.4152
2024-06-05 19:10:00,70976.42,70991.11,70871.2,70929.64,137.87838
2024-06-05 19:15:00,70929.63,70971.0,70885.2,70971.0,56.55175
2024-06-05 19:20:00,70970.99,71018.79,70966.74,70969.78,45.0009
2024-06-05 19:25:00,70969.78,70984.4,70900.0,70943.56,68.66496
2024-06-05 19:30:00,70943.55,71006.79,70907.5,71006.79,56.38975
2024-06-05 19:35:00,71006.78,71097.18,70976.23,71097.18,53.2132
2024-06-05 19:40:00,71097.17,71159.99,71097.17,71159.98,50.69019
2024-06-05 19:45:00,71159.99,71273.62,71159.98,71231.42,122.37814
2024-06-05 19:50:00,71231.41,71356.58,71220.0,71310.0,87.98898
2024-06-05 19:55:00,71310.01,71398.73,71260.0,71279.95,111.06505
2024-06-05 20:00:00,71279.95,71357.68,71160.0,71190.91,93.52918
2024-06-05 20:05:00,71190.9,71316.37,71190.9,71222.34,67.70042
2024-06-05 20:10:00,71222.34,71270.64,71222.33,71231.49,44.13775
2024-06-05 20:15:00,71231.49,71327.89,71190.28,71327.89,87.21996
2024-06-05 20:20:00,71327.88,71344.16,71271.48,71323.86,62.63356
2024-06-05 20:25:00,71323.85,71338.82,71253.34,71253.35,42.04563
2024-06-05 20:30:00,71253.35,71253.35,71213.87,71245.15,36.60055
2024-06-05 20:35:00,71245.15,71254.8,71220.03,71220.03,33.33387
2024-06-05 20:40:00,71220.04,71225.93,71190.95,71220.0,42.08059
2024-06-05 20:45:00,71219.99,71237.67,71166.93,71224.01,83.67473
2024-06-05 20:50:00,71224.01,71249.09,71201.37,71236.0,48.74515
2024-06-05 20:55:00,71235.99,71240.0,71196.01,71196.02,57.75945
2024-06-05 21:00:00,71196.02,71211.34,71176.79,71194.47,40.90228
2024-06-05 21:05:00,71194.46,71194.47,71130.51,71177.07,28.00349
2024-06-05 21:10:00,71177.08,71177.08,71100.0,71133.93,29.72765
2024-06-05 21:15:00,71133.93,71136.95,71095.36,71136.95,39.18953
2024-06-05 21:20:00,71136.94,71144.9,71053.25,71056.23,34.09477
2024-06-05 21:25:00,71056.24,71080.0,71038.48,71045.34,42.86939
2024-06-05 21:30:00,71045.35,71048.12,71036.31,71043.77,22.3938
2024-06-05 21:35:00,71043.77,71187.33,71043.77,71187.32,32.28167
2024-06-05 21:40:00,71187.33,71192.34,71132.75,71134.68,27.81316
2024-06-05 21:45:00,71134.69,71134.69,71091.39,71091.39,19.14669
2024-06-05 21:50:00,71091.39,71095.84,71074.34,71095.83,23.00045
2024-06-05 21:55:00,71095.84,71138.43,71095.83,71138.42,23.83986
2024-06-05 22:00:00,71138.43,71215.26,71108.0,71180.6,55.36964
2024-06-05 22:05:00,71180.61,71228.0,71180.6,71217.98,47.19342
2024-06-05 22:10:00,71217.97,71264.28,71200.45,71200.45,39.85766
2024-06-05 22:15:00,71200.45,71213.62,71168.8,71168.81,25.74451
2024-06-05 22:20:00,71168.8,71168.81,71103.67,71117.9,28.84311
2024-06-05 22:25:00,71117.9,71130.43,71090.0,71130.42,17.85282
2024-06-05 22:30:00,71130.42,71176.71,71108.01,71172.44,33.39339
2024-06-05 22:35:00,71172.44,71206.25,71142.71,71155.98,35.72322
2024-06-05 22:40:00,71155.98,71240.0,71155.98,71239.99,16.54151
2024-06-05 22:45:00,71239.99,71274.11,71193.11,71193.11,28.09481
2024-06-05 22:50:00,71193.12,71193.12,71128.4,71169.75,19.31068
2024-06-05 22:55:00,71169.75,71202.15,71144.85,71144.86,33.52495
2024-06-05 23:00:00,71144.85,71187.45,71124.91,71156.05,71.23194
2024-06-05 23:05:00,71156.06,71214.83,71156.05,71210.5,28.32132
2024-06-05 23:10:00,71210.51,71294.47,71210.5,71274.0,46.15885
2024-06-05 23:15:00,71274.0,71274.01,71153.93,71153.93,33.04052
2024-06-05 23:20:00,71153.94,71168.01,71111.24,71111.25,56.16713
2024-06-05 23:25:00,71111.25,71128.64,70700.0,70850.0,355.857
2024-06-05 23:30:00,70850.0,70916.49,70796.8,70916.49,150.69523
2024-06-05 23:35:00,70916.48,71019.82,70900.98,71006.01,84.56635
2024-06-05 23:40:00,71006.01,71080.0,71006.01,71076.06,43.69393
2024-06-05 23:45:00,71076.05,71090.9,71016.0,71090.9,39.88651
2024-06-05 23:50:00,71090.89,71172.0,71090.89,71121.85,75.27072
2024-06-05 23:55:00,71121.85,71128.48,71060.0,71108.0,49.50663
2024-06-06 00:00:00,71108.0,71159.04,71087.52,71135.73,75.24394
2024-06-06 00:05:00,71135.74,71135.74,71089.41,71098.16,34.38098
2024-06-06 00:10:00,71098.15,71178.52,71098.15,71175.18,24.27317
2024-06-06 00:15:00,71175.18,71179.59,71120.0,71120.01,54.21082
2024-06-06 00:20:00,71120.0,71150.9,71106.01,71139.37,28.17803
2024-06-06 00:25:00,71139.37,71165.97,71132.0,71152.0,34.05394
2024-06-06 00:30:00,71152.0,71183.99,71108.0,71116.97,49.72171
2024-06-06 00:35:00,71116.97,71116.97,71006.6,71028.0,38.084
2024-06-06 00:40:00,71027.99,71067.85,71021.67,71029.37,24.91314
2024-06-06 00:45:00,71029.36,71047.99,70978.39,71015.83,39.49489
2024-06-06 00:50:00,71015.83,71015.83,70955.99,70991.99,31.27973
2024-06-06 00:55:00,70991.99,71028.0,70982.48,71018.06,37.15396
2024-06-06 01:00:00,71018.06,71027.99,70959.38,70960.01,53.98663
2024-06-06 01:05:00,70960.0,71020.0,70904.09,70937.61,61.20957
2024-06-06 01:10:00,70937.6,70975.22,70900.0,70955.98,47.31898
2024-06-06 01:15:00,70955.98,71027.99,70937.52,71018.11,24.32231
2024-06-06 01:20:00,71018.11,71083.38,71018.1,71079.12,33.3272
2024-06-06 01:25:00,71079.13,71140.0,71045.99,71099.99,56.33433
2024-06-06 01:30:00,71099.99,71189.97,71099.99,71153.26,86.47705
2024-06-06 01:35:00,71153.27,71153.27,71111.8,71111.8,34.35815
2024-06-06 01:40:00,71111.81,71145.98,71111.81,71145.97,27.48564
2024-06-06 01:45:00,71145.98,71158.01,71101.09,71101.09,20.63511
2024-06-06 01:50:00,71101.09,71149.87,71082.5,71139.99,23.23841
2024-06-06 01:55:00,71139.99,71180.0,71124.0,71124.0,23.23545
2024-06-06 02:00:00,71124.01,71137.48,71103.7,71134.41,25.10083
2024-06-06 02:05:00,71134.4,71162.81,71123.0,71162.8,40.05846
2024-06-06 02:10:00,71162.81,71219.94,71160.0,71204.6,48.18832
2024-06-06 02:15:00,71204.61,71237.02,71164.0,71192.01,32.24886
2024-06-06 02:20:00,71192.0,71228.26,71188.05,71188.05,29.76365
2024-06-06 02:25:00,71188.05,71208.97,71182.2,71206.19,22.78318
2024-06-06 02:30:00,71206.19,71228.95,71191.8,71197.42,37.05678
2024-06-06 02:35:00,71197.42,71198.18,71137.0,71137.0,37.39064
2024-06-06 02:40:00,71137.01,71182.94,71137.0,71152.53,64.14587
2024-06-06 02:45:00,71152.54,71155.2,71121.59,71143.99,62.61214
2024-06-06 02:50:00,71143.99,71182.18,71143.99,71182.17,23.08854
2024-06-06 02:55:00,71182.17,71185.08,71160.0,71160.0,31.74692
2024-06-06 03:00:00,71160.01,71180.4,71128.76,71180.4,55.55509
2024-06-06 03:05:00,71180.39,71180.4,71152.52,71152.52,23.40375
2024-06-06 03:10:00,71152.52,71152.53,71152.52,71152.52,12.59916
2024-06-06 03:15:00,71152.52,71169.14,71145.57,71159.99,27.95928
2024-06-06 03:20:00,71159.99,71163.84,71156.72,71163.84,8.67033
2024-06-06 03:25:00,71163.83,71188.0,71162.39,71162.39,18.92918
2024-06-06 03:30:00,71162.39,71170.77,71125.45,71125.47,20.04944
2024-06-06 03:35:00,71125.47,71125.47,71060.0,71060.01,33.27947
2024-06-06 03:40:00,71060.01,71119.19,71050.29,71119.19,27.46858
2024-06-06 03:45:00,71119.18,71119.19,71060.0,71060.01,48.98295
2024-06-06 03:50:00,71060.0,71060.01,71026.6,71026.61,35.14161
2024-06-06 03:55:00,71026.61,71063.28,71012.34,71050.0,109.17614
2024-06-06 04:00:00,71050.0,71064.0,71008.68,71013.33,52.77524
2024-06-06 04:05:00,71013.34,71013.34,70952.0,70976.48,51.15415
2024-06-06 04:10:00,70976.47,70982.59,70948.0,70948.01,41.48143
2024-06-06 04:15:00,70948.0,70979.99,70909.7,70979.99,39.15565
2024-06-06 04:20:00,70979.98,70994.83,70943.78,70951.77,54.98253
2024-06-06 04:25:00,70951.76,71002.33,70951.76,70959.8,55.14666
2024-06-06 04:30:00,70959.79,71010.25,70939.32,70970.15,35.23746
2024-06-06 04:35:00,70970.15,71079.1,70970.14,71020.01,121.9384
2024-06-06 04:40:00,71020.0,71056.0,71017.42,71056.0,41.61091
2024-06-06 04:45:00,71056.0,71106.46,71029.23,71067.99,30.87443
2024-06-06 04:50:00,71068.0,71093.64,71064.16,71093.64,23.0404
2024-06-06 04:55:00,71093.64,71093.64,71054.51,71054.52,44.32795
2024-06-06 05:00:00,71054.51,71084.4,71007.79,71008.0,50.4095
2024-06-06 05:05:00,71008.0,71008.0,70932.52,70933.22,39.8369
2024-06-06 05:10:00,70933.21,70933.22,70874.21,70874.22,48.64725
2024-06-06 05:15:00,70874.22,70925.86,70874.21,70899.99,66.94939
2024-06-06 05:20:00,70900.0,70918.67,70870.11,70873.41,46.45487
2024-06-06 05:25:00,70873.4,70873.41,70820.36,70830.18,30.01157
2024-06-06 05:30:00,70830.17,70906.14,70821.89,70906.13,39.37352
2024-06-06 05:35:00,70906.14,70915.9,70876.01,70915.89,43.30334
2024-06-06 05:40:00,70915.9,70926.66,70852.58,70885.47,85.52703
2024-06-06 05:45:00,70885.47,70885.48,70800.0,70844.0,116.00924
2024-06-06 05:50:00,70844.0,70879.3,70804.68,70858.3,54.48005
2024-06-06 05:55:00,70858.3,70932.6,70858.3,70895.45,47.78045
2024-06-06 06:00:00,70895.45,70931.34,70880.0,70927.99,38.26778
2024-06-06 06:05:00,70927.99,70971.5,70927.29,70968.69,63.69109
2024-06-06 06:10:00,70968.69,71037.72,70950.2,70982.79,92.94894
2024-06-06 06:15:00,70982.79,71016.0,70907.05,70967.48,72.66132
2024-06-06 06:20:00,70967.49,71003.4,70940.0,70977.33,39.85174
2024-06-06 06:25:00,70977.34,70977.57,70938.31,70958.19,16.97145
2024-06-06 06:30:00,70958.2,70958.2,70804.0,70833.86,44.6496
2024-06-06 06:35:00,70833.86,70891.24,70819.45,70891.24,25.77854
2024-06-06 06:40:00,70891.23,70891.24,70841.4,70848.98,46.6495
2024-06-06 06:45:00,70848.98,70899.83,70844.01,70892.04,21.6126
2024-06-06 06:50:00,70892.04,70928.81,70850.45,70863.46,38.28737
2024-06-06 06:55:00,70863.46,70903.37,70817.91,70887.99,76.02722
2024-06-06 07:00:00,70888.0,70888.18,70853.23,70888.17,43.58531
2024-06-06 07:05:00,70888.17,70954.84,70876.92,70944.49,32.93075
2024-06-06 07:10:00,70944.49,70944.5,70920.26,70920.27,32.95757
2024-06-06 07:15:00,70920.27,70970.25,70912.0,70955.99,48.06114
2024-06-06 07:20:00,70955.99,70963.69,70924.0,70963.68,33.16993
2024-06-06 07:25:00,70963.68,70963.69,70881.63,70890.05,72.48761
2024-06-06 07:30:00,70890.05,70924.31,70878.71,70881.78,34.80511
2024-06-06 07:35:00,70881.78,70981.53,70881.78,70981.53,80.2912
2024-06-06 07:40:00,70981.52,70984.0,70932.21,70943.49,29.54128
2024-06-06 07:45:00,70943.48,70943.48,70900.12,70909.15,50.40174
2024-06-06 07:50:00,70909.15,71069.62,70909.14,71016.81,96.8969
2024-06-06 07:55:00,71016.8,71034.67,71000.0,71021.47,48.74045
2024-06-06 08:00:00,71021.46,71039.5,70974.46,70978.72,53.26888
2024-06-06 08:05:00,70978.72,70999.46,70935.44,70935.45,46.47444
2024-06-06 08:10:00,70935.44,70935.45,70875.79,70875.79,39.91276
2024-06-06 08:15:00,70875.79,70955.23,70868.31,70955.23,54.24642
2024-06-06 08:20:00,70955.23,70964.0,70901.4,70913.83,50.31767
2024-06-06 08:25:00,70913.82,70994.8,70913.82,70975.22,47.42187
2024-06-06 08:30:00,70975.21,70975.22,70905.0,70905.01,32.89358
2024-06-06 08:35:00,70905.0,70925.3,70901.48,70922.44,27.88646
2024-06-06 08:40:00,70922.44,70922.44,70877.7,70899.22,34.61878
2024-06-06 08:45:00,70899.22,70906.06,70880.32,70893.94,24.98583
2024-06-06 08:50:00,70893.94,70938.7,70862.5,70929.12,78.04682
2024-06-06 08:55:00,70929.11,70950.0,70904.0,70904.01,28.05404
2024-06-06 09:00:00,70904.01,70950.0,70904.0,70950.0,41.35136
2024-06-06 09:05:00,70950.0,71106.89,70949.99,71104.18,108.9648
2024-06-06 09:10:00,71104.19,71147.28,71071.11,71078.96,74.34169
2024-06-06 09:15:00,71078.95,71078.96,70970.0,70970.01,77.15421
2024-06-06 09:20:00,70970.0,70990.0,70950.0,70976.01,38.68887
2024-06-06 09:25:00,70976.01,70994.68,70956.95,70994.68,27.40803
2024-06-06 09:30:00,70994.68,70994.68,70955.51,70985.3,28.75563
2024-06-06 09:35:00,70985.29,70985.3,70960.33,70966.22,28.59431
2024-06-06 09:40:00,70966.23,70989.95,70933.93,70949.98,61.9312
2024-06-06 09:45:00,70949.99,70950.0,70910.0,70936.45,29.71143
2024-06-06 09:50:00,70936.46,70970.0,70922.43,70969.99,34.89854
2024-06-06 09:55:00,70969.99,70978.89,70968.28,70978.88,15.65218
2024-06-06 10:00:00,70978.89,70998.87,70912.64,70912.64,32.95925
2024-06-06 10:05:00,70912.64,70919.74,70892.5,70892.5,29.00235
2024-06-06 10:10:00,70892.5,70936.71,70892.5,70900.45,26.24681
2024-06-06 10:15:00,70900.46,70948.83,70900.45,70948.82,20.22008
2024-06-06 10:20:00,70948.83,71000.0,70930.97,70944.14,65.2215
2024-06-06 10:25:00,70944.15,70950.0,70935.33,70935.34,26.69406
2024-06-06 10:30:00,70935.34,70992.21,70933.23,70940.0,48.51212
2024-06-06 10:35:00,70940.0,70940.01,70897.44,70919.99,31.55788
2024-06-06 10:40:00,70920.0,70930.0,70900.0,70923.98,47.33556
2024-06-06 10:45:00,70923.98,70960.0,70910.56,70950.0,39.14623
2024-06-06 10:50:00,70950.0,70975.67,70942.5,70957.66,32.68698
2024-06-06 10:55:00,70957.66,71000.0,70957.66,70988.0,27.08532
2024-06-06 11:00:00,70988.01,71104.88,70988.0,71068.79,80.81611
2024-06-06 11:05:00,71068.8,71068.8,71008.0,71008.0,69.91951
2024-06-06 11:10:00,71008.01,71008.01,70973.21,70973.21,33.2369
2024-06-06 11:15:00,70973.21,70973.22,70946.98,70946.98,25.70294
2024-06-06 11:20:00,70946.98,71058.0,70935.01,71030.58,50.09607
2024-06-06 11:25:00,71030.59,71030.59,71006.11,71010.28,31.0589
2024-06-06 11:30:00,71010.29,71045.2,71000.94,71045.19,25.37113
2024-06-06 11:35:00,71045.2,71111.94,71045.19,71100.0,44.48663
2024-06-06 11:40:00,71100.0,71160.0,71071.56,71131.15,83.64636
2024-06-06 11:45:00,71131.16,71131.16,71066.0,71079.2,42.45389
2024-06-06 11:50:00,71079.2,71079.2,71052.0,71079.18,33.74809
2024-06-06 11:55:00,71079.18,71204.59,71045.01,71170.01,278.24266
2024-06-06 12:00:00,71170.01,71202.0,71121.28,71196.01,115.65803
2024-06-06 12:05:00,71196.01,71245.12,71168.4,71208.0,88.07213
2024-06-06 12:10:00,71208.0,71223.99,71133.03,71173.59,71.66393
2024-06-06 12:15:00,71173.58,71332.31,71162.02,71332.31,131.13007
2024-06-06 12:20:00,71332.3,71397.2,71285.16,71372.01,135.57983
2024-06-06 12:25:00,71372.01,71381.22,71312.4,71366.17,91.7203
2024-06-06 12:30:00,71366.16,71443.6,71163.49,71223.66,272.9845
2024-06-06 12:35:00,71223.66,71264.53,71145.0,71170.0,105.27508
2024-06-06 12:40:00,71170.0,71219.99,71111.02,71208.42,103.01048
2024-06-06 12:45:00,71208.42,71208.42,71082.0,71086.88,98.57728
2024-06-06 12:50:00,71086.88,71125.58,71052.97,71094.89,88.18236
2024-06-06 12:55:00,71094.88,71187.18,71079.05,71187.17,85.29064
2024-06-06 13:00:00,71187.18,71250.01,71132.88,71187.66,105.42289
2024-06-06 13:05:00,71187.65,71187.66,71000.0,71077.48,167.90408
2024-06-06 13:10:00,71077.48,71114.51,71020.0,71112.32,92.30391
2024-06-06 13:15:00,71112.31,71112.32,71040.01,71072.47,77.39873
2024-06-06 13:20:00,71072.46,71080.0,71011.6,71050.0,53.76839
2024-06-06 13:25:00,71050.0,71184.0,71050.0,71165.83,99.41562
2024-06-06 13:30:00,71165.83,71253.2,71080.46,71247.74,112.32986
2024-06-06 13:35:00,71247.74,71340.0,71200.4,71328.37,118.04834
2024-06-06 13:40:00,71328.37,71535.95,71320.7,71493.21,342.38455
2024-06-06 13:45:00,71493.21,71503.99,71234.6,71296.4,353.80459
2024-06-06 13:50:00,71296.41,71412.35,71240.0,71355.73,247.0241
2024-06-06 13:55:00,71355.72,71420.0,71123.09,71123.09,148.89791
2024-06-06 14:00:00,71123.1,71157.3,71020.57,71109.11,177.92062
2024-06-06 14:05:00,71109.11,71224.0,71063.0,71197.31,143.32761
2024-06-06 14:10:00,71197.32,71239.82,71160.16,71182.83,118.82167
2024-06-06 14:15:00,71182.84,71187.82,71050.0,71061.0,127.66388
2024-06-06 14:20:00,71061.01,71219.99,71036.79,71219.05,113.60192
2024-06-06 14:25:00,71219.06,71219.06,71134.19,71191.96,92.40848
2024-06-06 14:30:00,71191.96,71270.0,71182.64,71269.98,97.39523
2024-06-06 14:35:00,71269.99,71332.56,71260.61,71292.86,59.96614
2024-06-06 14:40:00,71292.87,71359.99,71236.96,71359.98,149.00712
2024-06-06 14:45:00,71359.98,71520.0,71359.98,71385.1,252.22352
2024-06-06 14:50:00,71385.11,71460.0,71300.0,71459.99,155.24451
2024-06-06 14:55:00,71460.0,71490.73,71424.0,71464.57,99.71092
2024-06-06 15:00:00,71464.56,71500.0,71400.0,71400.0,124.89208
2024-06-06 15:05:00,71400.0,71449.99,71340.01,71449.98,58.22261
2024-06-06 15:10:00,71449.98,71470.0,71400.0,71402.46,98.14839
2024-06-06 15:15:00,71402.46,71450.0,71400.0,71444.13,60.17574
2024-06-06 15:20:00,71444.13,71465.6,71420.25,71452.91,68.37413
2024-06-06 15:25:00,71452.91,71660.0,71452.91,71596.76,325.05109
2024-06-06 15:30:00,71596.77,71700.0,71500.25,71554.89,303.30161
2024-06-06 15:35:00,71554.9,71554.9,71424.0,71442.01,102.12852
2024-06-06 15:40:00,71442.02,71560.0,71442.01,71470.63,99.29439
2024-06-06 15:45:00,71470.62,71470.63,71320.0,71348.99,102.75015
2024-06-06 15:50:00,71348.99,71385.01,71283.99,71284.0,104.8766
2024-06-06 15:55:00,71284.0,71337.9,71250.61,71300.0,77.09679
2024-06-06 16:00:00,71300.0,71379.93,71260.0,71364.0,150.26836
2024-06-06 16:05:00,71363.99,71377.76,71227.47,71262.27,348.11695
2024-06-06 16:10:00,71262.28,71262.28,71099.95,71128.67,218.13508
2024-06-06 16:15:00,71128.67,71147.05,71000.0,71111.15,234.15046
2024-06-06 16:20:00,71111.15,71171.07,71062.0,71064.39,118.67577
2024-06-06 16:25:00,71064.38,71125.67,71056.01,71058.34,81.29572
2024-06-06 16:30:00,71058.34,71058.34,70866.0,70866.01,266.28356
2024-06-06 16:35:00,70866.01,70959.63,70825.0,70945.54,187.96774
2024-06-06 16:40:00,70945.53,70950.0,70874.2,70914.99,84.33947
2024-06-06 16:45:00,70914.99,71078.14,70914.98,71045.44,216.51169
2024-06-06 16:50:00,71045.44,71055.06,70950.0,70963.26,93.42248
2024-06-06 16:55:00,70963.26,71021.27,70873.86,70948.95,207.24542
2024-06-06 17:00:00,70948.95,70958.75,70800.0,70852.5,240.97216
2024-06-06 17:05:00,70852.5,70911.99,70800.11,70847.0,116.28956
2024-06-06 17:10:00,70847.0,71044.44,70846.99,70996.0,140.22039
2024-06-06 17:15:00,70996.0,71129.24,70960.0,71129.24,100.2199
2024-06-06 17:20:00,71129.23,71194.78,71125.93,71164.0,96.23235
2024-06-06 17:25:00,71163.99,71225.01,71140.0,71180.0,106.79655
2024-06-06 17:30:00,71179.99,71214.29,71132.0,71132.01,132.46851
2024-06-06 17:35:00,71132.0,71187.99,71131.1,71176.86,74.91544
2024-06-06 17:40:00,71176.85,71176.86,71068.79,71074.78,67.68512
2024-06-06 17:45:00,71074.77,71076.04,70961.74,71040.0,123.38796
2024-06-06 17:50:00,71039.99,71100.0,70980.0,71096.09,67.74452
2024-06-06 17:55:00,71096.08,71098.64,71053.06,71098.31,33.45758
2024-06-06 18:00:00,71098.3,71158.87,71098.3,71150.01,37.53746
2024-06-06 18:05:00,71150.0,71150.01,70872.0,70895.98,94.20444
2024-06-06 18:10:00,70895.98,70953.0,70871.57,70909.99,60.00617
2024-06-06 18:15:00,70910.0,70980.0,70885.65,70957.11,48.9725
2024-06-06 18:20:00,70957.12,71015.99,70951.77,71003.3,37.0415
2024-06-06 18:25:00,71003.31,71029.84,70990.04,71029.83,37.32527
2024-06-06 18:30:00,71029.84,71050.0,70960.01,70984.36,42.86689
2024-06-06 18:35:00,70984.36,71057.78,70960.0,71055.99,62.46618
2024-06-06 18:40:00,71055.99,71087.33,71055.99,71057.14,37.27355
2024-06-06 18:45:00,71057.14,71139.99,71057.14,71133.01,37.76595
2024-06-06 18:50:00,71133.01,71133.02,71090.01,71104.06,51.16544
2024-06-06 18:55:00,71104.07,71130.0,71071.98,71075.0,44.80526
2024-06-06 19:00:00,71075.0,71078.73,70994.47,71003.21,70.59384
2024-06-06 19:05:00,71003.22,71031.72,70936.63,70947.99,72.03761
2024-06-06 19:10:00,70948.0,70958.35,70900.0,70900.01,56.15672
2024-06-06 19:15:00,70900.0,70960.0,70900.0,70956.02,46.34385
2024-06-06 19:20:00,70956.02,70979.72,70879.05,70934.37,84.71116
2024-06-06 19:25:00,70934.38,70950.0,70920.0,70939.98,55.63236
2024-06-06 19:30:00,70939.98,70939.99,70818.0,70915.32,108.20494
2024-06-06 19:35:00,70915.33,70915.33,70704.0,70750.01,187.79597
2024-06-06 19:40:00,70750.01,70759.88,70575.99,70731.19,215.54894
2024-06-06 19:45:00,70731.2,70755.98,70608.99,70620.0,107.4739
2024-06-06 19:50:00,70620.01,70628.0,70524.06,70544.17,195.59901
2024-06-06 19:55:00,70544.17,70553.08,70450.0,70479.49,216.22211
2024-06-06 20:00:00,70479.49,70479.49,70117.64,70350.94,676.16414
2024-06-06 20:05:00,70350.94,70500.0,70340.0,70340.0,146.12719
2024-06-06 20:10:00,70340.01,70499.99,70328.85,70411.98,146.03362
2024-06-06 20:15:00,70411.98,70602.99,70411.97,70602.99,198.19641
2024-06-06 20:20:00,70602.99,70657.0,70600.0,70657.0,142.69829
2024-06-06 20:25:00,70657.0,70657.0,70576.79,70579.97,61.55836
2024-06-06 20:30:00,70579.97,70662.61,70579.97,70662.61,57.0497
2024-06-06 20:35:00,70662.6,70709.86,70662.6,70695.15,50.41966
2024-06-06 20:40:00,70695.14,70699.39,70618.89,70620.94,42.39461
2024-06-06 20:45:00,70620.94,70696.89,70620.07,70676.74,39.79241
2024-06-06 20:50:00,70676.74,70700.0,70657.35,70695.77,41.14684
2024-06-06 20:55:00,70695.76,70742.49,70691.73,70720.01,47.69297
2024-06-06 21:00:00,70720.01,70780.0,70720.01,70756.43,55.75971
2024-06-06 21:05:00,70756.43,70756.43,70668.65,70668.67,43.31048
2024-06-06 21:10:00,70668.67,70750.15,70667.0,70749.62,55.59094
2024-06-06 21:15:00,70749.62,70859.81,70749.62,70853.79,56.30622
2024-06-06 21:20:00,70853.78,70853.79,70737.99,70740.0,33.40615
2024-06-06 21:25:00,70740.0,70740.0,70693.33,70693.34,37.09862
2024-06-06 21:30:00,70693.33,70814.34,70693.33,70814.34,30.4947
2024-06-06 21:35:00,70814.34,70842.71,70740.5,70740.51,28.55573
2024-06-06 21:40:00,70740.51,70752.61,70740.5,70752.61,15.8553
2024-06-06 21:45:00,70752.61,70775.38,70752.6,70775.38,11.40406
2024-06-06 21:50:00,70775.37,70783.0,70740.81,70740.82,19.54415
2024-06-06 21:55:00,70740.81,70744.48,70737.86,70740.51,22.11059
2024-06-06 22:00:00,70740.51,70743.45,70736.66,70743.45,16.59089
2024-06-06 22:05:00,70743.45,70811.76,70743.44,70791.36,39.16817
2024-06-06 22:10:00,70791.35,70807.24,70748.0,70788.86,49.64679
2024-06-06 22:15:00,70788.86,70788.86,70740.0,70740.01,39.64133
2024-06-06 22:20:00,70740.0,70740.24,70664.0,70680.39,39.65538
2024-06-06 22:25:00,70680.39,70737.52,70680.39,70737.51,46.83292
2024-06-06 22:30:00,70737.52,70839.37,70737.52,70830.0,35.96049
2024-06-06 22:35:00,70830.01,70839.37,70782.78,70782.78,26.05848
2024-06-06 22:40:00,70782.79,70816.89,70782.78,70816.88,15.85163
2024-06-06 22:45:00,70816.89,70847.99,70768.43,70777.65,22.92128
2024-06-06 22:50:00,70777.65,70788.0,70777.65,70787.99,11.63268
2024-06-06 22:55:00,70788.0,70920.76,70787.99,70901.01,312.54416
2024-06-06 23:00:00,70901.01,70958.89,70856.25,70956.01,130.01563
2024-06-06 23:05:00,70956.01,70956.02,70905.45,70920.32,48.54321
2024-06-06 23:10:00,70920.32,70920.33,70878.19,70878.19,17.61593
2024-06-06 23:15:00,70878.19,70887.41,70851.6,70851.6,33.85583
2024-06-06 23:20:00,70851.6,70851.61,70748.8,70777.99,62.48293
2024-06-06 23:25:00,70777.99,70848.23,70777.99,70803.39,33.9008
2024-06-06 23:30:00,70803.4,70839.87,70788.0,70788.0,31.03448
2024-06-06 23:35:00,70788.0,70836.0,70764.0,70828.98,49.93778
2024-06-06 23:40:00,70828.98,70828.99,70786.56,70827.99,40.50782
2024-06-06 23:45:00,70827.99,70840.0,70795.6,70795.6,34.43356
2024-06-06 23:50:00,70795.6,70807.98,70763.86,70783.13,42.89266
2024-06-06 23:55:00,70783.13,70840.0,70777.88,70799.06,78.44583
2024-06-07 00:00:00,70799.06,70819.99,70772.58,70772.58,40.33892
2024-06-07 00:05:00,70772.59,70785.85,70740.0,70781.91,32.52245
2024-06-07 00:10:00,70781.92,70808.0,70770.2,70770.2,28.72153
2024-06-07 00:15:00,70770.2,70828.0,70760.0,70816.38,24.27776
2024-06-07 00:20:00,70816.38,70872.4,70816.38,70872.39,35.13198
2024-06-07 00:25:00,70872.4,70872.4,70817.09,70835.59,32.91246
2024-06-07 00:30:00,70835.6,70880.0,70833.02,70879.99,26.32111
2024-06-07 00:35:00,70880.0,70880.0,70850.5,70860.01,15.86151
2024-06-07 00:40:00,70860.0,70880.0,70833.89,70833.9,47.04947
2024-06-07 00:45:00,70833.89,70867.6,70822.75,70867.58,72.6622
2024-06-07 00:50:00,70867.57,70883.08,70867.57,70875.48,21.96537
2024-06-07 00:55:00,70875.47,70883.6,70872.28,70883.05,26.03013
2024-06-07 01:00:00,70883.05,70885.3,70840.0,70840.01,35.81325
2024-06-07 01:05:00,70840.01,70860.0,70800.0,70840.01,68.6746
2024-06-07 01:10:00,70840.01,70845.84,70805.54,70826.4,28.86451
2024-06-07 01:15:00,70826.39,70826.4,70761.4,70776.01,49.86919
2024-06-07 01:20:00,70776.01,70794.0,70743.36,70749.57,57.16735
2024-06-07 01:25:00,70749.56,70749.57,70702.37,70746.21,41.08293
2024-06-07 01:30:00,70746.2,70746.21,70720.4,70720.41,22.5032
2024-06-07 01:35:00,70720.41,70720.41,70670.48,70689.03,52.06612
2024-06-07 01:40:00,70689.03,70787.74,70689.03,70787.74,36.45904
2024-06-07 01:45:00,70787.73,70890.4,70787.73,70889.3,29.76611
2024-06-07 01:50:00,70889.29,70897.59,70868.0,70880.0,45.23536
2024-06-07 01:55:00,70880.0,70900.0,70840.0,70840.01,25.56202
2024-06-07 02:00:00,70840.0,70872.06,70813.22,70872.06,54.73995
2024-06-07 02:05:00,70872.05,70872.05,70824.64,70828.77,30.15733
2024-06-07 02:10:00,70828.76,70828.77,70785.06,70785.06,33.63639
2024-06-07 02:15:00,70785.06,70797.56,70767.7,70781.46,50.38516
2024-06-07 02:20:00,70781.46,70781.46,70763.36,70781.32,28.85886
2024-06-07 02:25:00,70781.32,70787.5,70756.34,70756.35,36.46123
2024-06-07 02:30:00,70756.34,70776.74,70752.5,70766.51,30.01579
2024-06-07 02:35:00,70766.51,70766.52,70700.0,70700.01,33.65344
2024-06-07 02:40:00,70700.0,70713.96,70663.59,70713.95,53.10684
2024-06-07 02:45:00,70713.95,70781.19,70701.84,70781.18,65.41844
2024-06-07 02:50:00,70781.18,70827.75,70781.18,70827.75,38.11382
2024-06-07 02:55:00,70827.74,70827.75,70820.26,70824.08,15.03632
2024-06-07 03:00:00,70824.09,70864.86,70818.74,70818.74,38.10384
2024-06-07 03:05:00,70818.74,70818.75,70785.36,70785.36,18.34252
2024-06-07 03:10:00,70785.37,70816.82,70741.2,70816.81,44.86965
2024-06-07 03:15:00,70816.82,70851.01,70787.5,70851.0,40.75321
2024-06-07 03:20:00,70851.01,70948.86,70840.53,70943.57,66.80098
2024-06-07 03:25:00,70943.57,70991.47,70943.57,70990.38,40.9378
2024-06-07 03:30:00,70990.38,71015.2,70905.18,70920.05,67.62498
2024-06-07 03:35:00,70920.05,70960.0,70917.7,70919.99,26.49668
2024-06-07 03:40:00,70920.0,70950.0,70910.0,70933.12,30.96985
2024-06-07 03:45:00,70933.13,71006.49,70933.12,70976.0,35.43939
2024-06-07 03:50:00,70976.0,70976.0,70960.48,70960.49,17.65274
2024-06-07 03:55:00,70960.48,70989.69,70960.48,70989.68,28.08604
2024-06-07 04:00:00,70989.69,71140.0,70989.68,71129.99,129.13351
2024-06-07 04:05:00,71129.99,71176.54,71119.99,71154.37,69.52717
2024-06-07 04:10:00,71154.37,71200.0,71130.0,71181.2,68.05655
2024-06-07 04:15:00,71181.2,71227.02,71160.0,71166.72,75.93385
2024-06-07 04:20:00,71166.72,71166.73,71124.96,71124.96,62.37565
2024-06-07 04:25:00,71124.96,71176.0,71061.91,71161.13,72.83488
2024-06-07 04:30:00,71161.14,71205.07,71160.0,71160.0,46.20692
2024-06-07 04:35:00,71160.0,71180.57,71140.0,71161.95,35.76309
2024-06-07 04:40:00,71161.94,71161.95,71117.44,71117.44,49.90307
2024-06-07 04:45:00,71117.45,71180.0,71115.33,71171.41,106.1949
2024-06-07 04:50:00,71171.41,71262.58,71160.0,71252.01,202.3975
2024-06-07 04:55:00,71252.0,71274.7,71226.51,71226.52,123.40639
2024-06-07 05:00:00,71226.52,71287.18,71196.0,71196.0,144.89909
2024-06-07 05:05:00,71196.0,71242.34,71186.08,71186.09,104.44666
2024-06-07 05:10:00,71186.09,71300.26,71170.0,71207.92,197.42621
2024-06-07 05:15:00,71207.91,71300.0,71204.0,71276.85,330.35032
2024-06-07 05:20:00,71276.84,71350.0,71271.22,71279.66,182.65603
2024-06-07 05:25:00,71279.65,71365.98,71279.65,71320.0,109.51657
2024-06-07 05:30:00,71320.0,71334.78,71269.24,71278.39,109.63918
2024-06-07 05:35:00,71278.38,71360.9,71278.38,71360.9,96.53371
2024-06-07 05:40:00,71360.9,71375.0,71330.01,71369.65,75.44932
2024-06-07 05:45:00,71369.64,71449.98,71351.0,71447.38,186.96908
2024-06-07 05:50:00,71447.37,71447.38,71317.85,71317.85,76.9249
2024-06-07 05:55:00,71317.85,71317.86,71280.0,71290.6,73.45358
2024-06-07 06:00:00,71290.6,71353.06,71290.59,71347.93,44.13507
2024-06-07 06:05:00,71347.94,71347.94,71236.44,71240.32,61.29259
2024-06-07 06:10:00,71240.32,71247.86,71222.81,71222.82,49.95342
2024-06-07 06:15:00,71222.81,71257.25,71222.81,71253.97,28.21954
2024-06-07 06:20:00,71253.97,71253.97,71236.2,71246.06,26.66473
2024-06-07 06:25:00,71246.05,71246.06,71232.01,71236.7,15.28246
2024-06-07 06:30:00,71236.7,71324.0,71236.69,71310.17,48.9324
2024-06-07 06:35:00,71310.16,71315.99,71252.41,71252.42,46.67716
2024-06-07 06:40:00,71252.42,71252.42,71180.0,71197.0,58.35775
2024-06-07 06:45:00,71197.0,71243.71,71162.38,71227.14,53.15295
2024-06-07 06:50:00,71227.14,71313.79,71227.13,71272.44,113.20775
2024-06-07 06:55:00,71272.45,71283.99,71243.74,71265.7,43.57441
2024-06-07 07:00:00,71265.7,71265.71,71208.5,71211.59,64.04811
2024-06-07 07:05:00,71211.6,71219.33,71170.0,71184.0,54.33333
2024-06-07 07:10:00,71184.01,71207.62,71184.0,71204.26,64.40561
2024-06-07 07:15:00,71204.26,71310.8,71180.0,71276.0,93.15554
2024-06-07 07:20:00,71276.01,71284.39,71229.63,71267.28,43.07246
2024-06-07 07:25:00,71267.28,71273.29,71243.87,71270.62,40.15539
2024-06-07 07:30:00,71270.62,71273.06,71169.0,71169.0,71.39326
2024-06-07 07:35:00,71169.0,71180.0,71118.8,71133.82,99.42295
2024-06-07 07:40:00,71133.82,71133.83,71094.94,71119.21,77.93286
2024-06-07 07:45:00,71119.22,71125.4,71087.06,71093.0,117.3242
2024-06-07 07:50:00,71093.01,71097.09,71070.08,71070.08,52.7442
2024-06-07 07:55:00,71070.08,71128.0,71068.16,71110.0,76.09118
2024-06-07 08:00:00,71110.01,71130.0,71096.2,71096.2,46.7387
2024-06-07 08:05:00,71096.2,71096.21,71061.63,71061.63,43.66869
2024-06-07 08:10:00,71061.64,71087.55,71048.12,71079.99,79.00005
2024-06-07 08:15:00,71080.0,71124.48,71073.7,71124.47,70.8529
2024-06-07 08:20:00,71124.47,71160.71,71116.68,71150.0,124.59465
2024-06-07 08:25:00,71150.0,71192.4,71141.39,71168.33,54.59918
2024-06-07 08:30:00,71168.34,71168.34,71130.0,71130.0,75.6523
2024-06-07 08:35:00,71130.01,71140.0,71080.33,71139.99,69.98878
2024-06-07 08:40:00,71140.0,71150.0,71090.0,71115.25,62.53466
2024-06-07 08:45:00,71115.26,71130.0,71101.2,71101.21,27.59471
2024-06-07 08:50:00,71101.2,71139.92,71101.2,71122.0,74.02847
2024-06-07 08:55:00,71122.0,71122.01,71100.0,71117.2,25.00502
2024-06-07 09:00:00,71117.2,71128.93,71060.5,71060.51,41.02482
2024-06-07 09:05:00,71060.51,71094.22,71060.5,71087.98,39.51303
2024-06-07 09:10:00,71087.98,71115.59,71087.98,71115.59,26.61883
2024-06-07 09:15:00,71115.58,71115.59,71106.0,71115.58,25.54373
2024-06-07 09:20:00,71115.58,71115.6,71099.15,71100.38,84.48435
2024-06-07 09:25:00,71100.38,71204.92,71099.39,71204.92,82.35973
2024-06-07 09:30:00,71204.92,71234.0,71170.0,71170.01,65.63199
2024-06-07 09:35:00,71170.01,71212.17,71150.0,71212.17,45.90787
2024-06-07 09:40:00,71212.16,71224.65,71195.01,71202.09,38.15172
2024-06-07 09:45:00,71202.08,71202.09,71180.48,71197.9,39.36043
2024-06-07 09:50:00,71197.89,71255.01,71197.89,71248.98,58.99902
2024-06-07 09:55:00,71248.97,71307.28,71230.8,71302.07,58.13814
2024-06-07 10:00:00,71302.06,71315.98,71274.0,71286.81,49.42912
2024-06-07 10:05:00,71286.8,71350.0,71286.09,71350.0,53.66293
2024-06-07 10:10:00,71349.99,71369.88,71325.73,71359.04,48.05976
2024-06-07 10:15:00,71359.03,71366.23,71276.51,71296.0,64.13337
2024-06-07 10:20:00,71296.0,71320.0,71252.1,71252.11,55.65691
2024-06-07 10:25:00,71252.1,71278.38,71252.1,71260.74,34.29233
2024-06-07 10:30:00,71260.73,71284.05,71234.62,71234.63,28.59738
2024-06-07 10:35:00,71234.63,71272.0,71202.4,71272.0,50.54055
2024-06-07 10:40:00,71271.99,71340.69,71271.99,71330.69,37.85393
2024-06-07 10:45:00,71330.69,71347.77,71330.68,71347.76,30.47221
2024-06-07 10:50:00,71347.76,71397.66,71304.65,71396.51,59.19908
2024-06-07 10:55:00,71396.52,71434.86,71363.6,71377.38,65.79972
2024-06-07 11:00:00,71377.37,71410.0,71361.17,71410.0,40.26772
2024-06-07 11:05:00,71409.99,71410.0,71370.72,71384.13,54.81768
2024-06-07 11:10:00,71384.13,71384.14,71328.0,71346.97,64.47442
2024-06-07 11:15:00,71346.97,71383.33,71303.4,71335.82,70.81826
2024-06-07 11:20:00,71335.82,71335.83,71308.88,71320.53,22.54738
2024-06-07 11:25:00,71320.52,71410.0,71320.52,71401.28,61.57413
2024-06-07 11:30:00,71401.28,71580.0,71401.28,71542.1,260.15719
2024-06-07 11:35:00,71542.11,71557.0,71501.51,71553.21,79.28964
2024-06-07 11:40:00,71553.22,71600.0,71512.11,71526.22,170.66143
2024-06-07 11:45:00,71526.22,71600.8,71526.22,71600.8,125.39116
2024-06-07 11:50:00,71600.79,71658.71,71600.79,71649.89,113.59186
2024-06-07 11:55:00,71649.9,71700.0,71630.01,71699.99,174.82671
2024-06-07 12:00:00,71700.0,71950.19,71699.99,71932.77,677.446
2024-06-07 12:05:00,71932.78,71941.62,71793.84,71793.84,234.06299
2024-06-07 12:10:00,71793.84,71900.0,71759.58,71880.0,211.24233
2024-06-07 12:15:00,71880.01,71971.84,71877.3,71956.73,199.17502
2024-06-07 12:20:00,71956.74,71956.74,71621.09,71680.88,250.4054
2024-06-07 12:25:00,71680.89,71933.2,71672.0,71933.19,201.64966
2024-06-07 12:30:00,71933.2,71997.02,70894.06,70937.98,1825.74885
2024-06-07 12:35:00,70937.98,71032.0,70680.0,70880.0,664.21306
2024-06-07 12:40:00,70880.01,71135.32,70633.21,71020.63,481.52777
2024-06-07 12:45:00,71020.63,71020.63,70848.35,70867.12,379.53252
2024-06-07 12:50:00,70867.13,71050.0,70845.0,70991.01,198.03
2024-06-07 12:55:00,70991.02,71426.59,70966.0,71234.09,337.10137
2024-06-07 13:00:00,71234.09,71290.0,71056.7,71173.9,269.24913
2024-06-07 13:05:00,71173.9,71261.71,71135.53,71226.83,102.85752
2024-06-07 13:10:00,71226.82,71235.6,71160.01,71192.02,85.45289
2024-06-07 13:15:00,71192.01,71332.28,71075.67,71317.09,140.78625
2024-06-07 13:20:00,71317.08,71416.38,71317.08,71346.0,121.86243
2024-06-07 13:25:00,71346.0,71406.99,71315.22,71377.96,119.45409
2024-06-07 13:30:00,71377.95,71385.81,71205.21,71209.75,138.36189
2024-06-07 13:35:00,71209.75,71353.23,71209.75,71323.29,82.8725
2024-06-07 13:40:00,71323.28,71542.12,71320.34,71542.12,138.17619
2024-06-07 13:45:00,71542.12,71569.69,71471.57,71569.69,93.5097
2024-06-07 13:50:00,71569.68,71655.04,71522.77,71549.78,153.85505
2024-06-07 13:55:00,71549.77,71573.02,71440.77,71534.6,108.78574
2024-06-07 14:00:00,71534.6,71543.02,71410.51,71410.96,98.6197
2024-06-07 14:05:00,71410.96,71444.84,71321.97,71425.3,115.74117
2024-06-07 14:10:00,71425.3,71425.3,71318.24,71373.19,64.76763
2024-06-07 14:15:00,71373.18,71373.19,71243.18,71316.73,76.88641
2024-06-07 14:20:00,71316.72,71316.72,71170.58,71277.19,102.28135
2024-06-07 14:25:00,71277.18,71350.0,71232.0,71340.01,61.64087
2024-06-07 14:30:00,71340.01,71368.0,71260.0,71262.67,75.81086
2024-06-07 14:35:00,71262.67,71451.87,71262.67,71429.99,134.12915
2024-06-07 14:40:00,71430.0,71479.24,71380.0,71413.45,63.23011
2024-06-07 14:45:00,71413.45,71507.1,71410.0,71493.32,67.28607
2024-06-07 14:50:00,71493.32,71544.06,71445.2,71445.21,63.97533
2024-06-07 14:55:00,71445.2,71445.21,71393.25,71430.94,66.70101
2024-06-07 15:00:00,71430.93,71430.93,71270.0,71300.0,93.91221
2024-06-07 15:05:00,71300.0,71340.0,71256.49,71273.55,73.57662
2024-06-07 15:10:00,71273.54,71320.0,71250.83,71317.59,38.42613
2024-06-07 15:15:00,71317.58,71330.0,71201.0,71222.88,104.45023
2024-06-07 15:20:00,71222.89,71222.89,71073.07,71104.0,415.38548
2024-06-07 15:25:00,71104.01,71110.09,70970.13,71088.85,171.54672
2024-06-07 15:30:00,71088.86,71126.35,71000.01,71051.03,152.86702
2024-06-07 15:35:00,71051.03,71051.24,70955.37,71002.14,97.68864
2024-06-07 15:40:00,71002.15,71038.52,70909.7,70945.0,74.06714
2024-06-07 15:45:00,70945.0,71058.1,70850.0,71056.56,184.9729
2024-06-07 15:50:00,71056.57,71128.17,71045.2,71128.16,125.41643
2024-06-07 15:55:00,71128.17,71145.16,71099.99,71111.54,117.74173
2024-06-07 16:00:00,71111.55,71116.0,70951.11,70964.99,246.10568
2024-06-07 16:05:00,70965.0,71000.0,70938.09,70999.99,86.23959
2024-06-07 16:10:00,71000.0,71076.48,70999.99,71076.47,77.08612
2024-06-07 16:15:00,71076.47,71187.72,71076.47,71185.7,70.66473
2024-06-07 16:20:00,71185.71,71194.78,71140.0,71192.76,55.1932
2024-06-07 16:25:00,71192.77,71198.78,71136.0,71181.63,48.46084
2024-06-07 16:30:00,71181.63,71208.89,71017.7,71022.96,50.32673
2024-06-07 16:35:00,71022.96,71079.99,70990.01,71047.54,72.66335
2024-06-07 16:40:00,71047.54,71063.53,71040.98,71040.98,49.11777
2024-06-07 16:45:00,71040.98,71040.99,70839.57,70921.76,171.33287
2024-06-07 16:50:00,70921.77,70943.83,70869.06,70882.23,60.33712
2024-06-07 16:55:00,70882.24,70882.24,70779.0,70873.47,138.43301
2024-06-07 17:00:00,70873.48,70873.48,70707.98,70743.58,149.36567
2024-06-07 17:05:00,70743.58,70826.0,70743.58,70795.82,66.73154
2024-06-07 17:10:00,70795.83,70795.83,70633.0,70665.33,213.12882
2024-06-07 17:15:00,70665.34,70665.34,70521.77,70578.27,232.16677
2024-06-07 17:20:00,70578.26,70595.53,70400.0,70400.01,318.14834
2024-06-07 17:25:00,70400.0,70467.43,70357.27,70438.04,141.43293
2024-06-07 17:30:00,70438.04,70520.29,70400.09,70400.11,173.35198
2024-06-07 17:35:00,70400.11,70412.81,70255.53,70327.99,212.06825
2024-06-07 17:40:00,70327.99,70328.0,70236.01,70260.01,148.94806
2024-06-07 17:45:00,70260.01,70373.66,70197.67,70278.97,200.51759
2024-06-07 17:50:00,70278.97,70347.6,70188.0,70188.0,155.34186
2024-06-07 17:55:00,70188.01,70208.0,69800.37,69803.59,574.56287
2024-06-07 18:00:00,69803.59,69887.99,69111.0,69111.0,1783.70987
2024-06-07 18:05:00,69111.0,69491.08,69000.0,69378.67,1386.80685
2024-06-07 18:10:00,69378.66,69391.59,68420.0,68649.99,1229.30987
2024-06-07 18:15:00,68649.99,69114.53,68528.02,68889.53,1066.29792
2024-06-07 18:20:00,68889.52,69395.04,68864.0,69279.36,734.58948
2024-06-07 18:25:00,69279.36,69322.08,69028.31,69041.01,599.93772
2024-06-07 18:30:00,69041.01,69152.11,68869.0,69092.0,482.23894
2024-06-07 18:35:00,69092.0,69249.99,69010.13,69134.86,263.1324
2024-06-07 18:40:00,69134.85,69248.0,69100.0,69225.13,193.20122
2024-06-07 18:45:00,69225.12,69337.26,69106.25,69126.28,220.46918
2024-06-07 18:50:00,69126.29,69224.0,69032.24,69195.59,172.26123
2024-06-07 18:55:00,69195.59,69235.26,69100.0,69154.43,139.38452
2024-06-07 19:00:00,69154.44,69154.44,68890.52,68950.0,257.0342
2024-06-07 19:05:00,68950.0,69014.46,68904.0,68914.84,172.98067
2024-06-07 19:10:00,68914.83,69097.84,68892.0,69087.87,153.77972
2024-06-07 19:15:00,69087.87,69148.0,68860.0,68919.72,212.76551
2024-06-07 19:20:00,68919.71,69011.78,68800.0,69000.01,177.50717
2024-06-07 19:25:00,69000.01,69200.0,68984.01,69198.57,165.50044
2024-06-07 19:30:00,69198.57,69317.55,69164.0,69299.53,136.34772
2024-06-07 19:35:00,69299.54,69349.64,69240.4,69337.68,127.53005
2024-06-07 19:40:00,69337.69,69448.0,69310.0,69447.99,137.85507
2024-06-07 19:45:00,69448.0,69448.0,69343.44,69380.13,94.89299
2024-06-07 19:50:00,69380.13,69397.14,69294.54,69334.75,133.98557
2024-06-07 19:55:00,69334.75,69436.99,69240.02,69255.0,163.96232
2024-06-07 20:00:00,69255.01,69266.81,69132.93,69164.32,139.42773
2024-06-07 20:05:00,69164.32,69164.33,69007.82,69060.0,125.1681
2024-06-07 20:10:00,69060.01,69100.0,69022.3,69091.99,66.18224
2024-06-07 20:15:00,69092.0,69118.93,69032.79,69104.01,80.72771
2024-06-07 20:20:00,69104.01,69192.0,69050.02,69050.03,95.74268
2024-06-07 20:25:00,69050.04,69070.79,68978.52,69070.78,137.09678
2024-06-07 20:30:00,69070.79,69142.97,69016.4,69142.96,69.87525
2024-06-07 20:35:00,69142.97,69209.99,69130.0,69176.14,98.94237
2024-06-07 20:40:00,69176.14,69202.92,69140.01,69202.91,56.06503
2024-06-07 20:45:00,69202.92,69232.0,69170.5,69203.99,81.83767
2024-06-07 20:50:00,69203.99,69223.3,69150.59,69204.14,82.07077
2024-06-07 20:55:00,69204.15,69318.3,69204.14,69307.99,99.39482
2024-06-07 21:00:00,69308.0,69308.0,69203.08,69203.08,78.79614
2024-06-07 21:05:00,69203.09,69339.6,69203.08,69335.01,38.8689
2024-06-07 21:10:00,69335.01,69360.12,69293.4,69360.11,42.27191
2024-06-07 21:15:00,69360.11,69362.0,69301.58,69317.19,37.71018
2024-06-07 21:20:00,69317.2,69358.52,69245.2,69358.52,44.15575
2024-06-07 21:25:00,69358.52,69377.85,69333.16,69358.8,39.14638
2024-06-07 21:30:00,69358.8,69358.81,69290.0,69300.01,44.91405
2024-06-07 21:35:00,69300.0,69300.01,69237.99,69258.16,41.36338
2024-06-07 21:40:00,69258.16,69291.69,69258.15,69291.33,33.77328
2024-06-07 21:45:00,69291.33,69291.33,69266.27,69266.28,15.38514
2024-06-07 21:50:00,69266.27,69266.28,69223.84,69223.85,36.11944
2024-06-07 21:55:00,69223.84,69269.97,69210.0,69250.01,44.1204
2024-06-07 22:00:00,69250.01,69283.14,69184.0,69248.01,69.10158
2024-06-07 22:05:00,69248.01,69270.0,69230.0,69247.68,34.17819
2024-06-07 22:10:00,69247.68,69310.0,69247.67,69310.0,46.66692
2024-06-07 22:15:00,69309.99,69350.0,69290.0,69350.0,21.4078
2024-06-07 22:20:00,69349.99,69369.66,69320.0,69327.91,36.04755
2024-06-07 22:25:00,69327.9,69350.0,69310.0,69350.0,27.11904
2024-06-07 22:30:00,69350.0,69369.66,69331.8,69352.17,34.69529
2024-06-07 22:35:00,69352.16,69381.14,69352.16,69381.14,35.41152
2024-06-07 22:40:00,69381.14,69383.73,69345.14,69356.38,33.1548
2024-06-07 22:45:00,69356.37,69403.1,69356.37,69403.1,21.44013
2024-06-07 22:50:00,69403.09,69585.96,69403.09,69452.44,121.97346
2024-06-07 22:55:00,69452.43,69518.88,69426.53,69499.0,102.10748
2024-06-07 23:00:00,69499.0,69499.0,69436.51,69436.52,57.58515
2024-06-07 23:05:00,69436.51,69436.52,69375.61,69379.99,32.03154
2024-06-07 23:10:00,69380.0,69391.33,69379.99,69391.33,30.46775
2024-06-07 23:15:00,69391.32,69391.33,69368.42,69380.5,46.35193
2024-06-07 23:20:00,69380.49,69428.04,69380.49,69428.04,26.13833
2024-06-07 23:25:00,69428.03,69428.04,69335.01,69335.02,56.37681
2024-06-07 23:30:00,69335.01,69368.0,69335.01,69368.0,24.63475
2024-06-07 23:35:00,69368.0,69368.0,69323.54,69323.55,40.44741
2024-06-07 23:40:00,69323.55,69370.0,69323.54,69351.86,19.57454
2024-06-07 23:45:00,69351.86,69353.49,69323.55,69353.49,35.57771
2024-06-07 23:50:00,69353.48,69375.84,69336.07,69375.83,38.24222
2024-06-07 23:55:00,69375.83,69389.02,69355.6,69355.6,32.72296
2024-06-08 00:00:00,69355.6,69355.61,69296.41,69315.58,82.57014
2024-06-08 00:05:00,69315.59,69346.86,69298.02,69346.85,58.18741
2024-06-08 00:10:00,69346.86,69346.86,69310.0,69339.99,49.61852
2024-06-08 00:15:00,69340.0,69390.8,69339.99,69390.8,63.26627
2024-06-08 00:20:00,69390.79,69424.4,69367.86,69367.86,45.58796
2024-06-08 00:25:00,69367.86,69457.3,69367.86,69457.29,52.21378
2024-06-08 00:30:00,69457.29,69482.08,69398.29,69398.3,44.57131
2024-06-08 00:35:00,69398.3,69474.3,69398.29,69453.0,35.17353
2024-06-08 00:40:00,69453.0,69476.74,69440.6,69476.73,34.8307
2024-06-08 00:45:00,69476.74,69482.75,69416.4,69440.99,32.42584
2024-06-08 00:50:00,69440.99,69441.0,69393.7,69405.43,45.44591
2024-06-08 00:55:00,69405.43,69426.52,69398.06,69401.5,31.27758
2024-06-08 01:00:00,69401.5,69434.98,69388.63,69412.01,38.42059
2024-06-08 01:05:00,69412.02,69434.61,69405.65,69434.6,30.03061
2024-06-08 01:10:00,69434.6,69434.61,69339.99,69339.99,36.25839
2024-06-08 01:15:00,69339.99,69360.26,69287.28,69299.99,83.17621
2024-06-08 01:20:00,69299.99,69360.0,69299.99,69349.49,31.59785
2024-06-08 01:25:00,69349.49,69398.0,69349.49,69385.8,61.43765
2024-06-08 01:30:00,69385.81,69424.5,69385.8,69424.49,24.71601
2024-06-08 01:35:00,69424.5,69474.55,69380.5,69415.58,54.52873
2024-06-08 01:40:00,69415.59,69455.5,69414.1,69441.68,50.52399
2024-06-08 01:45:00,69441.69,69475.04,69437.59,69449.36,75.98625
2024-06-08 01:50:00,69449.36,69470.03,69444.0,69467.86,26.21594
2024-06-08 01:55:00,69467.87,69470.0,69456.0,69465.25,18.26475
2024-06-08 02:00:00,69465.24,69465.25,69420.11,69434.01,28.24334
2024-06-08 02:05:00,69434.01,69434.01,69422.51,69434.01,17.2864
2024-06-08 02:10:00,69434.0,69434.01,69422.52,69422.53,13.57019
2024-06-08 02:15:00,69422.52,69437.27,69422.52,69428.01,26.36673
2024-06-08 02:20:00,69428.0,69439.86,69395.58,69395.59,28.52734
2024-06-08 02:25:00,69395.59,69419.96,69387.6,69401.14,42.85547
2024-06-08 02:30:00,69401.14,69425.99,69395.4,69416.51,27.94956
2024-06-08 02:35:00,69416.51,69441.85,69416.5,69428.02,24.60327
2024-06-08 02:40:00,69428.02,69441.85,69428.01,69441.85,11.93639
2024-06-08 02:45:00,69441.85,69441.85,69420.01,69431.9,19.04554
2024-06-08 02:50:00,69431.9,69441.84,69420.01,69422.59,14.29045
2024-06-08 02:55:00,69422.58,69427.57,69410.28,69422.11,45.58338
2024-06-08 03:00:00,69422.11,69446.78,69422.1,69431.95,38.09678
2024-06-08 03:05:00,69431.95,69446.78,69431.95,69446.77,24.9227
2024-06-08 03:10:00,69446.78,69483.15,69446.77,69483.15,36.82747
2024-06-08 03:15:00,69483.14,69496.0,69467.48,69467.49,25.19004
2024-06-08 03:20:00,69467.49,69494.78,69467.48,69494.78,38.65082
2024-06-08 03:25:00,69494.78,69508.59,69494.77,69508.59,41.04364
2024-06-08 03:30:00,69508.58,69508.59,69498.02,69507.83,25.83555
2024-06-08 03:35:00,69507.82,69519.26,69507.82,69519.26,24.2369
2024-06-08 03:40:00,69519.26,69525.0,69501.2,69516.98,29.14105
2024-06-08 03:45:00,69516.98,69516.98,69485.82,69485.83,32.22748
2024-06-08 03:50:00,69485.82,69485.83,69467.46,69467.47,12.8079
2024-06-08 03:55:00,69467.46,69467.47,69411.3,69432.0,56.07876
2024-06-08 04:00:00,69432.0,69446.57,69424.0,69444.02,24.48893
2024-06-08 04:05:00,69444.02,69466.92,69439.76,69452.0,26.60567
2024-06-08 04:10:00,69451.99,69452.0,69407.22,69418.99,34.91539
2024-06-08 04:15:00,69418.99,69428.0,69400.0,69400.0,28.99764
2024-06-08 04:20:00,69400.0,69400.01,69352.18,69356.33,23.5206
2024-06-08 04:25:00,69356.33,69369.24,69356.33,69366.21,28.59561
2024-06-08 04:30:00,69366.22,69366.22,69323.52,69324.69,57.21726
2024-06-08 04:35:00,69324.69,69373.87,69324.69,69373.86,35.71339
2024-06-08 04:40:00,69373.87,69377.88,69352.58,69352.58,23.41851
2024-06-08 04:45:00,69352.59,69352.59,69337.14,69340.0,67.02964
2024-06-08 04:50:00,69340.01,69344.0,69277.96,69279.84,46.58735
2024-06-08 04:55:00,69279.84,69330.0,69279.84,69316.73,29.02438
2024-06-08 05:00:00,69316.74,69316.74,69280.13,69280.13,24.08313
2024-06-08 05:05:00,69280.13,69280.14,69240.61,69270.14,49.05153
2024-06-08 05:10:00,69270.14,69270.15,69232.15,69266.2,53.22159
2024-06-08 05:15:00,69266.21,69300.0,69261.28,69299.99,22.92194
2024-06-08 05:20:00,69300.0,69319.74,69299.99,69319.73,19.70732
2024-06-08 05:25:00,69319.73,69319.74,69290.58,69306.39,30.59657
2024-06-08 05:30:00,69306.4,69342.79,69280.0,69280.0,35.8051
2024-06-08 05:35:00,69280.01,69296.0,69271.62,69295.95,21.43662
2024-06-08 05:40:00,69295.96,69295.96,69260.0,69262.97,29.01557
2024-06-08 05:45:00,69262.97,69295.0,69262.97,69294.99,35.38044
2024-06-08 05:50:00,69295.0,69313.0,69294.99,69312.99,16.53155
2024-06-08 05:55:00,69312.99,69320.0,69312.99,69319.99,15.60425
2024-06-08 06:00:00,69320.0,69338.62,69303.21,69327.87,69.66712
2024-06-08 06:05:00,69327.86,69327.87,69300.0,69300.0,26.52831
2024-06-08 06:10:00,69300.0,69334.4,69296.26,69334.4,38.34181
2024-06-08 06:15:00,69334.39,69349.6,69317.0,69349.6,32.02777
2024-06-08 06:20:00,69349.59,69381.36,69349.59,69381.36,27.62491
2024-06-08 06:25:00,69381.36,69414.89,69374.93,69406.0,44.70203
2024-06-08 06:30:00,69406.0,69406.0,69374.8,69374.81,25.07229
2024-06-08 06:35:00,69374.8,69410.0,69374.8,69396.97,27.4471
2024-06-08 06:40:00,69396.96,69396.97,69374.8,69374.8,28.73768
2024-06-08 06:45:00,69374.81,69385.0,69363.71,69363.72,20.94229
2024-06-08 06:50:00,69363.71,69380.0,69333.8,69333.81,24.56066
2024-06-08 06:55:00,69333.8,69333.81,69314.41,69333.45,36.05603
2024-06-08 07:00:00,69333.44,69376.59,69333.44,69358.21,38.43207
2024-06-08 07:05:00,69358.2,69364.83,69358.2,69358.22,14.90917
2024-06-08 07:10:00,69358.21,69392.07,69358.21,69392.07,33.50213
2024-06-08 07:15:00,69392.07,69436.13,69392.06,69436.13,38.78578
2024-06-08 07:20:00,69436.12,69500.55,69436.12,69484.01,72.97029
2024-06-08 07:25:00,69484.0,69500.0,69464.5,69499.31,44.17613
2024-06-08 07:30:00,69499.31,69500.03,69447.38,69500.03,83.47746
2024-06-08 07:35:00,69500.03,69550.0,69500.02,69528.01,55.89384
2024-06-08 07:40:00,69528.0,69559.22,69512.22,69557.64,45.31146
2024-06-08 07:45:00,69557.63,69561.79,69522.0,69539.92,38.56408
2024-06-08 07:50:00,69539.92,69539.93,69518.8,69535.13,34.52563
2024-06-08 07:55:00,69535.13,69582.2,69523.2,69582.2,39.60495
2024-06-08 08:00:00,69582.2,69582.2,69500.03,69519.98,67.64135
2024-06-08 08:05:00,69519.99,69519.99,69456.1,69464.11,30.01693
2024-06-08 08:10:00,69464.11,69488.82,69456.1,69469.25,46.04541
2024-06-08 08:15:00,69469.25,69469.25,69426.62,69427.79,22.75288
2024-06-08 08:20:00,69427.78,69450.0,69424.9,69424.9,19.53642
2024-06-08 08:25:00,69424.91,69424.91,69424.9,69424.9,11.00132
2024-06-08 08:30:00,69424.91,69436.0,69412.9,69412.9,28.11773
2024-06-08 08:35:00,69412.9,69431.66,69412.9,69416.0,27.31965
2024-06-08 08:40:00,69416.01,69416.01,69392.06,69395.75,34.13931
2024-06-08 08:45:00,69395.75,69423.73,69381.81,69423.72,24.01249
2024-06-08 08:50:00,69423.73,69464.0,69423.72,69463.99,22.15712
2024-06-08 08:55:00,69464.0,69464.0,69436.42,69436.42,31.49947
2024-06-08 09:00:00,69436.43,69456.0,69382.8,69407.06,34.85796
2024-06-08 09:05:00,69407.06,69438.8,69400.98,69438.79,38.77834
2024-06-08 09:10:00,69438.79,69453.25,69420.0,69453.24,20.27341
2024-06-08 09:15:00,69453.25,69453.25,69444.0,69444.01,12.49325
2024-06-08 09:20:00,69444.0,69464.0,69430.0,69439.99,31.40696
2024-06-08 09:25:00,69439.99,69465.0,69439.99,69448.4,33.85768
2024-06-08 09:30:00,69448.41,69448.41,69414.34,69429.48,43.56969
2024-06-08 09:35:00,69429.49,69450.0,69429.48,69449.99,21.15655
2024-06-08 09:40:00,69449.99,69457.43,69449.99,69457.42,19.64526
2024-06-08 09:45:00,69457.43,69495.99,69430.87,69430.87,46.00947
2024-06-08 09:50:00,69430.88,69450.0,69430.87,69449.99,12.1158
2024-06-08 09:55:00,69449.99,69450.0,69440.0,69443.24,15.72109
2024-06-08 10:00:00,69443.25,69463.65,69440.0,69440.0,26.27893
2024-06-08 10:05:00,69440.01,69440.01,69402.33,69402.33,28.26622
2024-06-08 10:10:00,69402.34,69426.04,69383.95,69426.03,38.83725
2024-06-08 10:15:00,69426.03,69426.04,69400.0,69400.0,31.46333
2024-06-08 10:20:00,69400.0,69400.01,69370.0,69390.0,45.53955
2024-06-08 10:25:00,69390.0,69400.0,69360.01,69363.02,38.17166
2024-06-08 10:30:00,69363.02,69408.0,69363.02,69408.0,28.48366
2024-06-08 10:35:00,69407.99,69418.97,69401.5,69401.51,27.3905
2024-06-08 10:40:00,69401.5,69404.5,69380.0,69404.5,33.63684
2024-06-08 10:45:00,69404.5,69444.94,69404.49,69444.94,28.5788
2024-06-08 10:50:00,69444.94,69480.45,69444.93,69480.45,22.50029
2024-06-08 10:55:00,69480.44,69495.98,69453.39,69453.4,35.61044
2024-06-08 11:00:00,69453.39,69515.0,69453.39,69511.09,49.36602
2024-06-08 11:05:00,69511.08,69515.0,69464.4,69464.41,37.27097
2024-06-08 11:10:00,69464.4,69500.0,69464.4,69488.36,70.73448
2024-06-08 11:15:00,69488.35,69500.0,69453.4,69461.85,40.3252
2024-06-08 11:20:00,69461.84,69490.0,69461.84,69486.02,21.18859
2024-06-08 11:25:00,69486.01,69499.32,69486.01,69499.32,16.96925
2024-06-08 11:30:00,69499.31,69499.32,69420.99,69440.0,79.17759
2024-06-08 11:35:00,69440.0,69457.21,69439.99,69457.21,15.31906
2024-06-08 11:40:00,69457.21,69457.21,69380.51,69380.52,69.80204
2024-06-08 11:45:00,69380.51,69400.0,69379.99,69384.02,26.47488
2024-06-08 11:50:00,69384.02,69384.02,69318.19,69333.08,81.83005
2024-06-08 11:55:00,69333.07,69400.0,69328.01,69365.93,38.65259
2024-06-08 12:00:00,69365.94,69379.45,69281.41,69287.99,82.99543
2024-06-08 12:05:00,69287.99,69337.97,69265.0,69333.34,60.52698
2024-06-08 12:10:00,69333.33,69400.0,69333.33,69384.41,37.34437
2024-06-08 12:15:00,69384.41,69430.0,69384.4,69421.65,33.50744
2024-06-08 12:20:00,69421.66,69421.66,69361.14,69361.15,48.55872
2024-06-08 12:25:00,69361.14,69363.37,69329.99,69346.2,31.74829
2024-06-08 12:30:00,69346.2,69369.68,69340.0,69340.01,18.8185
2024-06-08 12:35:00,69340.0,69352.0,69301.0,69327.32,29.91922
2024-06-08 12:40:00,69327.32,69327.33,69289.58,69302.78,35.80997
2024-06-08 12:45:00,69302.79,69358.69,69302.78,69344.0,23.33392
2024-06-08 12:50:00,69344.0,69366.5,69344.0,69366.49,13.88743
2024-06-08 12:55:00,69366.49,69373.25,69356.38,69360.22,20.16319
2024-06-08 13:00:00,69360.22,69360.23,69340.0,69356.45,32.44672
2024-06-08 13:05:00,69356.45,69356.46,69258.0,69258.0,56.18062
2024-06-08 13:10:00,69258.01,69283.73,69258.0,69270.0,52.20878
2024-06-08 13:15:00,69270.0,69298.0,69233.82,69233.82,45.17931
2024-06-08 13:20:00,69233.82,69307.0,69210.58,69243.65,73.0042
2024-06-08 13:25:00,69243.66,69259.77,69214.13,69228.42,69.03339
2024-06-08 13:30:00,69228.43,69307.0,69168.02,69296.0,103.0845
2024-06-08 13:35:00,69296.0,69323.72,69236.0,69317.58,89.04867
2024-06-08 13:40:00,69317.58,69370.0,69300.0,69341.74,76.70396
2024-06-08 13:45:00,69341.75,69389.93,69341.74,69375.94,45.36857
2024-06-08 13:50:00,69375.95,69375.96,69316.0,69375.93,43.26982
2024-06-08 13:55:00,69375.93,69430.01,69375.93,69430.0,116.13042
2024-06-08 14:00:00,69430.01,69431.99,69368.0,69373.11,137.18086
2024-06-08 14:05:00,69373.11,69410.0,69373.11,69382.08,36.77364
2024-06-08 14:10:00,69382.09,69410.0,69382.08,69400.78,24.54517
2024-06-08 14:15:00,69400.79,69400.79,69330.01,69330.01,47.40001
2024-06-08 14:20:00,69330.01,69330.02,69326.93,69329.94,24.89186
2024-06-08 14:25:00,69329.95,69368.0,69309.82,69333.52,44.94892
2024-06-08 14:30:00,69333.53,69378.43,69330.11,69378.0,39.19795
2024-06-08 14:35:00,69378.01,69407.49,69372.0,69376.0,38.79544
2024-06-08 14:40:00,69376.01,69409.76,69373.4,69405.6,38.22848
2024-06-08 14:45:00,69405.6,69440.0,69392.01,69433.23,24.6667
2024-06-08 14:50:00,69433.22,69462.25,69411.37,69411.37,45.17924
2024-06-08 14:55:00,69411.38,69461.69,69411.37,69461.69,37.0543
2024-06-08 15:00:00,69461.68,69491.08,69441.33,69448.01,65.50335
2024-06-08 15:05:00,69448.01,69448.01,69421.17,69448.0,28.18861
2024-06-08 15:10:00,69448.0,69490.0,69447.99,69480.01,28.49874
2024-06-08 15:15:00,69480.01,69491.36,69460.0,69460.01,22.59076
2024-06-08 15:20:00,69460.01,69460.01,69440.01,69446.41,15.21697
2024-06-08 15:25:00,69446.4,69448.44,69422.26,69448.44,48.18181
2024-06-08 15:30:00,69448.43,69470.0,69448.43,69470.0,16.08348
2024-06-08 15:35:00,69469.99,69480.0,69460.0,69460.01,37.39227
2024-06-08 15:40:00,69460.0,69464.17,69455.39,69455.4,20.10959
2024-06-08 15:45:00,69455.39,69455.4,69439.96,69446.95,21.72556
2024-06-08 15:50:00,69446.94,69455.0,69430.0,69430.01,27.91233
2024-06-08 15:55:00,69430.01,69430.01,69430.0,69430.01,10.03393
2024-06-08 16:00:00,69430.01,69470.0,69400.0,69470.0,34.01033
2024-06-08 16:05:00,69470.0,69470.16,69450.0,69452.01,48.1401
2024-06-08 16:10:00,69452.01,69452.01,69399.26,69399.27,22.0885
2024-06-08 16:15:00,69399.27,69399.27,69333.33,69333.34,49.97334
2024-06-08 16:20:00,69333.33,69390.0,69292.22,69368.01,126.41503
2024-06-08 16:25:00,69368.0,69368.0,69341.49,69342.0,44.4983
2024-06-08 16:30:00,69342.0,69352.0,69325.81,69349.99,37.42796
2024-06-08 16:35:00,69349.99,69378.1,69346.03,69378.1,75.16532
2024-06-08 16:40:00,69378.1,69404.0,69360.87,69390.84,46.86883
2024-06-08 16:45:00,69390.83,69390.84,69340.0,69345.6,28.49072
2024-06-08 16:50:00,69345.61,69388.46,69345.6,69378.08,36.93188
2024-06-08 16:55:00,69378.08,69393.16,69368.2,69387.15,20.22155
2024-06-08 17:00:00,69387.16,69390.99,69370.79,69385.84,46.83302
2024-06-08 17:05:00,69385.85,69435.63,69380.94,69424.49,30.08492
2024-06-08 17:10:00,69424.5,69442.54,69420.0,69442.53,64.92393
2024-06-08 17:15:00,69442.54,69467.93,69442.53,69443.12,39.25614
2024-06-08 17:20:00,69443.12,69452.01,69416.14,69443.7,69.35678
2024-06-08 17:25:00,69443.7,69448.57,69415.92,69416.13,34.77019
2024-06-08 17:30:00,69416.13,69431.74,69372.41,69372.41,52.8169
2024-06-08 17:35:00,69372.41,69458.32,69336.01,69440.7,42.02185
2024-06-08 17:40:00,69440.7,69462.66,69440.7,69462.65,20.99117
2024-06-08 17:45:00,69462.65,69470.0,69460.0,69469.99,37.61851
2024-06-08 17:50:00,69469.99,69470.0,69415.9,69415.9,28.03438
2024-06-08 17:55:00,69415.9,69440.0,69410.01,69439.99,22.43927
2024-06-08 18:00:00,69440.0,69468.0,69433.1,69460.0,27.49928
2024-06-08 18:05:00,69460.0,69474.26,69460.0,69474.25,18.84428
2024-06-08 18:10:00,69474.25,69480.0,69474.25,69479.99,15.39393
2024-06-08 18:15:00,69480.0,69480.0,69440.0,69459.99,40.09929
2024-06-08 18:20:00,69460.0,69480.0,69427.98,69464.0,44.7581
2024-06-08 18:25:00,69464.01,69480.0,69444.0,69479.99,21.46528
2024-06-08 18:30:00,69480.0,69480.0,69440.38,69440.38,17.43053
2024-06-08 18:35:00,69440.39,69452.9,69439.0,69446.14,19.26916
2024-06-08 18:40:00,69446.15,69452.89,69441.15,69452.88,12.55994
2024-06-08 18:45:00,69452.88,69452.89,69434.42,69444.07,28.73938
2024-06-08 18:50:00,69444.08,69468.0,69444.07,69454.89,16.33772
2024-06-08 18:55:00,69454.88,69454.89,69454.88,69454.89,6.93192
2024-06-08 19:00:00,69454.88,69479.99,69454.88,69478.56,20.11627
2024-06-08 19:05:00,69478.56,69490.0,69473.84,69490.0,26.04313
2024-06-08 19:10:00,69490.0,69490.0,69473.86,69477.24,21.1152
2024-06-08 19:15:00,69477.23,69488.0,69477.23,69488.0,17.70152
2024-06-08 19:20:00,69488.0,69488.0,69470.0,69473.87,21.70551
2024-06-08 19:25:00,69473.86,69473.87,69473.86,69473.86,5.56366
2024-06-08 19:30:00,69473.87,69473.87,69470.0,69470.01,11.87236
2024-06-08 19:35:00,69470.0,69470.01,69427.88,69455.33,52.29116
2024-06-08 19:40:00,69455.32,69455.37,69433.36,69455.37,25.30725
2024-06-08 19:45:00,69455.36,69480.0,69446.52,69476.41,21.21998
2024-06-08 19:50:00,69476.41,69476.41,69476.4,69476.41,8.42382
2024-06-08 19:55:00,69476.4,69476.41,69460.0,69460.01,17.99645
2024-06-08 20:00:00,69460.0,69460.01,69446.52,69459.44,24.43353
2024-06-08 20:05:00,69459.44,69464.0,69452.0,69459.01,18.71959
2024-06-08 20:10:00,69459.01,69460.0,69450.0,69460.0,10.83662
2024-06-08 20:15:00,69459.99,69475.18,69457.99,69458.0,20.09391
2024-06-08 20:20:00,69458.0,69458.0,69443.5,69445.05,19.72252
2024-06-08 20:25:00,69445.05,69445.05,69401.88,69401.89,22.79631
2024-06-08 20:30:00,69401.88,69401.89,69330.32,69368.0,74.70378
2024-06-08 20:35:00,69368.0,69368.0,69313.31,69366.4,44.89257
2024-06-08 20:40:00,69366.39,69377.27,69366.39,69377.27,9.28434
2024-06-08 20:45:00,69377.27,69377.27,69366.0,69366.0,23.59233
2024-06-08 20:50:00,69366.01,69380.0,69366.0,69380.0,14.36421
2024-06-08 20:55:00,69379.99,69380.0,69366.01,69372.73,20.595
2024-06-08 21:00:00,69372.74,69372.74,69327.71,69346.77,31.14032
2024-06-08 21:05:00,69346.78,69350.0,69346.77,69349.99,8.28365
2024-06-08 21:10:00,69349.99,69375.81,69327.04,69375.8,22.59079
2024-06-08 21:15:00,69375.81,69375.81,69360.0,69369.99,11.34572
2024-06-08 21:20:00,69370.0,69400.0,69369.99,69400.0,13.16199
2024-06-08 21:25:00,69399.99,69400.0,69380.0,69396.96,11.41188
2024-06-08 21:30:00,69396.97,69396.97,69384.16,69384.17,12.25636
2024-06-08 21:35:00,69384.16,69384.17,69384.16,69384.16,5.46683
2024-06-08 21:40:00,69384.17,69384.17,69384.16,69384.16,14.44849
2024-06-08 21:45:00,69384.17,69384.17,69384.16,69384.16,8.22876
2024-06-08 21:50:00,69384.16,69396.97,69384.16,69396.96,10.2082
2024-06-08 21:55:00,69396.96,69424.47,69391.02,69404.91,30.74496
2024-06-08 22:00:00,69404.9,69404.91,69400.14,69401.08,10.80517
2024-06-08 22:05:00,69401.09,69404.91,69380.0,69389.99,22.74896
2024-06-08 22:10:00,69390.0,69390.0,69380.14,69387.08,6.56764
2024-06-08 22:15:00,69387.09,69387.09,69362.0,69368.88,20.71931
2024-06-08 22:20:00,69368.88,69368.89,69301.66,69311.5,26.73846
2024-06-08 22:25:00,69311.5,69311.51,69290.28,69301.87,18.88388
2024-06-08 22:30:00,69301.87,69328.63,69301.85,69328.62,13.11909
2024-06-08 22:35:00,69328.63,69328.63,69301.83,69301.83,10.96374
2024-06-08 22:40:00,69301.83,69334.48,69301.83,69334.47,16.16765
2024-06-08 22:45:00,69334.47,69334.48,69309.97,69316.01,8.44809
2024-06-08 22:50:00,69316.02,69347.72,69316.01,69347.71,24.73371
2024-06-08 22:55:00,69347.71,69347.72,69338.15,69338.15,21.28235
2024-06-08 23:00:00,69338.15,69340.0,69322.05,69331.43,24.50116
2024-06-08 23:05:00,69331.43,69331.44,69317.64,69317.64,13.51891
2024-06-08 23:10:00,69317.64,69331.43,69314.01,69325.7,22.77799
2024-06-08 23:15:00,69325.7,69325.71,69300.0,69300.01,13.77304
2024-06-08 23:20:00,69300.0,69325.71,69293.54,69323.86,22.66648
2024-06-08 23:25:00,69323.85,69323.85,69303.37,69303.38,22.36666
2024-06-08 23:30:00,69303.37,69303.38,69292.99,69292.99,17.33559
2024-06-08 23:35:00,69293.0,69310.0,69292.99,69306.0,29.48171
2024-06-08 23:40:00,69306.0,69335.13,69305.99,69335.13,26.41997
2024-06-08 23:45:00,69335.13,69335.13,69307.4,69307.41,17.7048
2024-06-08 23:50:00,69307.41,69328.0,69307.4,69316.63,25.89656
2024-06-08 23:55:00,69316.62,69317.2,69310.45,69310.46,17.28189
2024-06-09 00:00:00,69310.46,69310.46,69291.3,69291.31,13.94185
2024-06-09 00:05:00,69291.31,69302.66,69291.3,69298.51,34.64803
2024-06-09 00:10:00,69298.5,69300.0,69292.18,69300.0,16.52538
2024-06-09 00:15:00,69300.0,69307.09,69288.98,69307.09,33.57636
2024-06-09 00:20:00,69307.09,69307.09,69275.0,69276.25,29.09061
2024-06-09 00:25:00,69276.25,69276.25,69276.22,69276.23,4.83661
2024-06-09 00:30:00,69276.23,69283.94,69248.25,69249.99,34.92736
2024-06-09 00:35:00,69249.99,69288.0,69225.84,69288.0,42.44762
2024-06-09 00:40:00,69288.0,69327.99,69287.99,69320.01,18.93393
2024-06-09 00:45:00,69320.01,69320.01,69286.85,69286.86,13.27354
2024-06-09 00:50:00,69286.86,69286.86,69280.6,69280.61,7.18545
2024-06-09 00:55:00,69280.6,69289.73,69259.43,69268.7,29.7411
2024-06-09 01:00:00,69268.7,69272.0,69230.0,69272.0,33.04755
2024-06-09 01:05:00,69272.0,69272.0,69260.74,69260.75,8.68005
2024-06-09 01:10:00,69260.74,69260.75,69249.93,69256.47,17.03031
2024-06-09 01:15:00,69256.47,69270.0,69242.68,69270.0,17.91833
2024-06-09 01:20:00,69270.0,69270.0,69250.0,69250.0,22.06811
2024-06-09 01:25:00,69250.0,69290.0,69250.0,69289.99,16.67504
2024-06-09 01:30:00,69289.99,69326.1,69285.01,69326.09,17.7266
2024-06-09 01:35:00,69326.1,69346.9,69326.09,69328.13,31.34911
2024-06-09 01:40:00,69328.14,69328.14,69316.71,69316.71,11.28561
2024-06-09 01:45:00,69316.71,69316.72,69290.0,69300.84,18.84551
2024-06-09 01:50:00,69300.85,69300.85,69296.09,69296.1,6.05953
2024-06-09 01:55:00,69296.09,69296.1,69285.0,69285.0,6.62146
2024-06-09 02:00:00,69285.01,69298.0,69278.92,69298.0,26.72653
2024-06-09 02:05:00,69297.99,69298.0,69280.0,69280.0,12.7124
2024-06-09 02:10:00,69280.0,69280.01,69261.0,69261.0,20.72424
2024-06-09 02:15:00,69261.0,69261.01,69250.0,69250.0,27.42368
2024-06-09 02:20:00,69250.0,69250.01,69240.0,69240.92,18.92726
2024-06-09 02:25:00,69240.93,69240.93,69219.98,69221.57,38.5182
2024-06-09 02:30:00,69221.58,69224.32,69200.0,69200.0,25.15327
2024-06-09 02:35:00,69200.0,69200.01,69139.93,69169.99,60.47038
2024-06-09 02:40:00,69169.99,69196.0,69169.97,69189.4,45.33326
2024-06-09 02:45:00,69189.41,69260.0,69189.4,69233.28,48.58873
2024-06-09 02:50:00,69233.28,69235.18,69176.0,69176.0,43.40985
2024-06-09 02:55:00,69176.0,69210.0,69174.92,69174.93,18.93867
2024-06-09 03:00:00,69174.92,69208.0,69174.92,69198.92,24.52552
2024-06-09 03:05:00,69198.92,69210.0,69198.28,69201.05,14.42603
2024-06-09 03:10:00,69201.05,69201.07,69196.01,69196.01,11.79058
2024-06-09 03:15:00,69196.01,69216.88,69189.2,69207.13,39.05496
2024-06-09 03:20:00,69207.13,69207.14,69171.37,69171.37,24.87036
2024-06-09 03:25:00,69171.37,69200.0,69130.24,69199.99,31.38404
2024-06-09 03:30:00,69200.0,69202.13,69184.01,69197.99,25.95252
2024-06-09 03:35:00,69197.98,69238.65,69197.98,69238.65,16.50869
2024-06-09 03:40:00,69238.65,69250.0,69238.64,69243.97,42.84087
2024-06-09 03:45:00,69243.97,69298.0,69243.96,69275.02,39.94925
2024-06-09 03:50:00,69275.01,69275.02,69275.01,69275.02,19.62345
2024-06-09 03:55:00,69275.02,69275.02,69259.37,69259.38,20.33192
2024-06-09 04:00:00,69259.38,69259.38,69252.85,69252.86,16.31943
2024-06-09 04:05:00,69252.86,69252.86,69252.85,69252.86,3.65499
2024-06-09 04:10:00,69252.86,69259.38,69244.64,69259.38,28.12602
2024-06-09 04:15:00,69259.38,69294.0,69259.37,69294.0,23.2539
2024-06-09 04:20:00,69293.99,69300.0,69290.0,69290.01,25.34754
2024-06-09 04:25:00,69290.0,69300.0,69270.03,69300.0,23.38035
2024-06-09 04:30:00,69300.0,69300.0,69274.79,69274.87,23.72424
2024-06-09 04:35:00,69274.86,69290.0,69274.86,69289.99,10.71909
2024-06-09 04:40:00,69289.99,69290.0,69289.99,69290.0,3.90462
2024-06-09 04:45:00,69289.99,69290.0,69280.0,69283.56,12.26248
2024-06-09 04:50:00,69283.56,69283.56,69277.97,69277.98,9.93961
2024-06-09 04:55:00,69277.97,69306.22,69274.99,69304.44,34.57553
2024-06-09 05:00:00,69304.44,69304.44,69274.86,69274.87,12.65231
2024-06-09 05:05:00,69274.86,69274.87,69234.73,69234.74,27.70049
2024-06-09 05:10:00,69234.73,69242.33,69234.73,69241.16,19.19792
2024-06-09 05:15:00,69241.16,69241.16,69241.15,69241.16,6.00454
2024-06-09 05:20:00,69241.15,69306.1,69241.15,69306.1,17.42006
2024-06-09 05:25:00,69306.09,69307.49,69290.11,69293.48,9.55363
2024-06-09 05:30:00,69293.47,69314.32,69293.47,69300.46,14.87071
2024-06-09 05:35:00,69300.46,69300.46,69300.45,69300.46,10.6916
2024-06-09 05:40:00,69300.46,69342.8,69300.45,69342.76,15.93679
2024-06-09 05:45:00,69342.75,69360.4,69330.0,69330.0,43.9554
2024-06-09 05:50:00,69330.0,69330.01,69301.96,69315.38,12.27211
2024-06-09 05:55:00,69315.38,69315.39,69293.47,69293.47,11.28498
2024-06-09 06:00:00,69293.48,69308.8,69276.95,69293.85,37.62035
2024-06-09 06:05:00,69293.85,69310.0,69293.85,69309.99,23.56053
2024-06-09 06:10:00,69310.0,69348.0,69310.0,69347.99,18.92383
2024-06-09 06:15:00,69348.0,69362.69,69333.24,69362.68,29.90902
2024-06-09 06:20:00,69362.69,69365.11,69360.95,69360.95,10.82753
2024-06-09 06:25:00,69360.95,69369.56,69360.95,69365.4,19.34492
2024-06-09 06:30:00,69365.4,69365.41,69335.99,69336.0,21.85863
2024-06-09 06:35:00,69335.99,69336.0,69323.74,69335.49,22.29637
2024-06-09 06:40:00,69335.5,69342.76,69335.49,69342.75,11.00445
2024-06-09 06:45:00,69342.75,69354.98,69335.49,69341.28,22.2667
2024-06-09 06:50:00,69341.29,69400.0,69341.28,69389.99,17.76966
2024-06-09 06:55:00,69389.99,69398.8,69384.04,69391.01,10.93262
2024-06-09 07:00:00,69391.02,69414.36,69391.01,69414.35,14.69983
2024-06-09 07:05:00,69414.36,69425.7,69400.0,69410.0,24.88786
2024-06-09 07:10:00,69409.99,69410.61,69361.21,69361.21,25.52814
2024-06-09 07:15:00,69361.22,69379.26,69361.21,69379.25,11.68224
2024-06-09 07:20:00,69379.26,69386.78,69379.25,69386.78,9.51645
2024-06-09 07:25:00,69386.78,69386.78,69370.6,69370.6,14.34386
2024-06-09 07:30:00,69370.61,69383.75,69370.6,69383.74,12.80281
2024-06-09 07:35:00,69383.75,69388.0,69377.98,69387.67,29.89225
2024-06-09 07:40:00,69387.68,69387.68,69346.99,69346.99,54.77588
2024-06-09 07:45:00,69346.99,69360.0,69302.59,69302.59,103.69544
2024-06-09 07:50:00,69302.59,69302.6,69273.47,69280.03,55.24579
2024-06-09 07:55:00,69280.03,69295.64,69280.03,69295.64,11.40385
2024-06-09 08:00:00,69295.64,69295.64,69283.45,69283.46,16.43742
2024-06-09 08:05:00,69283.45,69315.6,69283.45,69315.59,24.98484
2024-06-09 08:10:00,69315.6,69343.45,69315.59,69343.44,16.96891
2024-06-09 08:15:00,69343.43,69343.44,69322.14,69324.0,43.85405
2024-06-09 08:20:00,69324.01,69324.01,69313.98,69317.87,17.90421
2024-06-09 08:25:00,69317.86,69317.87,69311.38,69311.39,12.52257
2024-06-09 08:30:00,69311.39,69319.83,69311.38,69319.82,10.81731
2024-06-09 08:35:00,69319.83,69328.0,69319.82,69325.22,16.22272
2024-06-09 08:40:00,69325.21,69330.01,69325.21,69330.0,14.58088
2024-06-09 08:45:00,69330.0,69337.11,69330.0,69337.1,16.6316
2024-06-09 08:50:00,69337.11,69355.9,69337.1,69355.9,7.72842
2024-06-09 08:55:00,69355.89,69356.0,69347.99,69352.15,11.97842
2024-06-09 09:00:00,69352.15,69352.15,69344.0,69344.01,19.12141
2024-06-09 09:05:00,69344.0,69348.36,69344.0,69348.36,20.87842
2024-06-09 09:10:00,69348.35,69351.0,69348.35,69350.99,12.13445
2024-06-09 09:15:00,69351.0,69352.4,69350.99,69352.39,13.70953
2024-06-09 09:20:00,69352.4,69359.78,69352.39,69359.77,8.48557
2024-06-09 09:25:00,69359.77,69359.78,69359.77,69359.77,6.4417
2024-06-09 09:30:00,69359.77,69359.78,69359.77,69359.77,19.98301
2024-06-09 09:35:00,69359.78,69359.78,69341.95,69341.95,20.56365
2024-06-09 09:40:00,69341.95,69359.77,69341.95,69359.75,16.93383
2024-06-09 09:45:00,69359.76,69397.19,69359.75,69397.18,34.08655
2024-06-09 09:50:00,69397.19,69397.19,69357.05,69364.99,18.2231
2024-06-09 09:55:00,69365.0,69369.99,69364.99,69369.98,5.36228
2024-06-09 10:00:00,69369.99,69373.24,69339.17,69339.17,41.7688
2024-06-09 10:05:00,69339.17,69353.64,69339.17,69347.04,14.75107
2024-06-09 10:10:00,69347.05,69353.63,69347.04,69353.62,15.21221
2024-06-09 10:15:00,69353.63,69353.63,69353.62,69353.62,7.9432
2024-06-09 10:20:00,69353.62,69353.63,69347.04,69347.04,15.39756
2024-06-09 10:25:00,69347.04,69347.2,69333.07,69347.19,29.80977
2024-06-09 10:30:00,69347.2,69347.2,69336.56,69343.0,29.24099
2024-06-09 10:35:00,69343.01,69343.01,69343.0,69343.0,6.32044
2024-06-09 10:40:00,69343.01,69343.01,69343.0,69343.0,6.65087
2024-06-09 10:45:00,69343.01,69343.01,69343.0,69343.0,12.56173
2024-06-09 10:50:00,69343.01,69356.0,69343.0,69355.99,21.00088
2024-06-09 10:55:00,69355.99,69356.0,69334.02,69346.49,36.21512
2024-06-09 11:00:00,69346.5,69363.99,69346.49,69363.98,15.96952
2024-06-09 11:05:00,69363.99,69363.99,69333.0,69334.37,23.72367
2024-06-09 11:10:00,69334.38,69346.5,69333.0,69333.0,19.70688
2024-06-09 11:15:00,69333.0,69343.25,69333.0,69343.24,8.16469
2024-06-09 11:20:00,69343.25,69343.25,69340.0,69340.0,11.65951
2024-06-09 11:25:00,69340.0,69353.88,69340.0,69353.88,24.31283
2024-06-09 11:30:00,69353.88,69353.88,69334.97,69342.49,35.61938
2024-06-09 11:35:00,69342.49,69378.0,69342.48,69368.96,20.04114
2024-06-09 11:40:00,69368.96,69389.0,69368.95,69389.0,14.53603
2024-06-09 11:45:00,69389.0,69389.0,69368.0,69368.01,11.67424
2024-06-09 11:50:00,69368.0,69370.03,69365.01,69365.01,25.94793
2024-06-09 11:55:00,69365.02,69375.99,69365.01,69367.69,14.30974
2024-06-09 12:00:00,69367.68,69375.99,69367.68,69375.99,20.21184
2024-06-09 12:05:00,69375.98,69375.99,69351.11,69364.74,37.50135
2024-06-09 12:10:00,69364.73,69374.79,69364.73,69364.75,16.26919
2024-06-09 12:15:00,69364.75,69380.0,69364.74,69380.0,19.13754
2024-06-09 12:20:00,69380.0,69380.0,69379.99,69380.0,6.3743
2024-06-09 12:25:00,69379.99,69380.0,69360.01,69363.25,43.40143
2024-06-09 12:30:00,69363.25,69479.04,69361.5,69479.04,151.84673
2024-06-09 12:35:00,69479.03,69484.82,69440.0,69472.2,108.93706
2024-06-09 12:40:00,69472.2,69527.64,69472.19,69527.45,125.54476
2024-06-09 12:45:00,69527.44,69691.36,69527.44,69663.64,163.62879
2024-06-09 12:50:00,69663.64,69760.0,69663.63,69733.51,90.77261
2024-06-09 12:55:00,69733.5,69750.0,69700.0,69712.95,81.10147
2024-06-09 13:00:00,69712.96,69777.0,69660.22,69660.23,115.12724
2024-06-09 13:05:00,69660.23,69700.0,69613.59,69669.39,59.56423
2024-06-09 13:10:00,69669.39,69677.09,69635.08,69645.94,120.7406
2024-06-09 13:15:00,69645.94,69645.94,69500.0,69539.47,93.03938
2024-06-09 13:20:00,69539.47,69539.47,69389.28,69497.83,135.09524
2024-06-09 13:25:00,69497.82,69497.82,69426.62,69487.15,68.21692
2024-06-09 13:30:00,69487.15,69490.74,69250.01,69331.46,167.83198
2024-06-09 13:35:00,69331.46,69398.7,69331.46,69345.25,56.46861
2024-06-09 13:40:00,69345.26,69393.04,69345.25,69393.03,34.6759
2024-06-09 13:45:00,69393.03,69467.02,69376.57,69450.01,94.90532
2024-06-09 13:50:00,69450.02,69480.0,69391.98,69462.93,239.45527
2024-06-09 13:55:00,69462.93,69480.0,69420.0,69467.03,332.06345
2024-06-09 14:00:00,69467.04,69526.31,69440.01,69480.0,63.85454
2024-06-09 14:05:00,69480.0,69547.45,69441.85,69504.46,81.61741
2024-06-09 14:10:00,69504.47,69521.99,69474.32,69474.32,36.14735
2024-06-09 14:15:00,69474.33,69559.0,69474.32,69512.17,63.73877
2024-06-09 14:20:00,69512.18,69515.28,69474.07,69499.99,38.75086
2024-06-09 14:25:00,69500.0,69500.0,69304.97,69329.19,88.25605
2024-06-09 14:30:00,69329.2,69386.53,69264.01,69383.96,112.24396
2024-06-09 14:35:00,69383.97,69430.0,69360.01,69424.66,36.92744
2024-06-09 14:40:00,69424.65,69460.01,69410.0,69459.99,61.29984
2024-06-09 14:45:00,69460.0,69476.1,69430.18,69476.09,26.68102
2024-06-09 14:50:00,69476.09,69485.2,69460.0,69469.99,31.33309
2024-06-09 14:55:00,69469.99,69495.71,69469.99,69490.12,39.07591
2024-06-09 15:00:00,69490.13,69505.43,69456.0,69480.0,47.54106
2024-06-09 15:05:00,69480.01,69524.01,69480.0,69505.84,25.39322
2024-06-09 15:10:00,69505.84,69575.41,69505.84,69540.0,72.00793
2024-06-09 15:15:00,69540.0,69590.37,69540.0,69556.01,76.85257
2024-06-09 15:20:00,69556.01,69575.86,69477.99,69478.0,197.97971
2024-06-09 15:25:00,69478.0,69478.0,69420.42,69464.39,83.21014
2024-06-09 15:30:00,69464.4,69559.16,69464.39,69491.61,56.63163
2024-06-09 15:35:00,69491.6,69526.81,69490.0,69520.74,32.24517
2024-06-09 15:40:00,69520.74,69534.96,69516.0,69516.01,18.46729
2024-06-09 15:45:00,69516.0,69541.38,69500.1,69541.37,15.82115
2024-06-09 15:50:00,69541.37,69565.0,69528.0,69528.01,67.58226
2024-06-09 15:55:00,69528.0,69541.86,69504.47,69508.64,22.73404
2024-06-09 16:00:00,69508.64,69526.53,69500.0,69511.99,25.00367
2024-06-09 16:05:00,69511.99,69547.89,69504.4,69547.88,48.84612
2024-06-09 16:10:00,69547.88,69575.0,69544.0,69570.86,32.49157
2024-06-09 16:15:00,69570.87,69616.39,69547.05,69579.59,54.80291
2024-06-09 16:20:00,69579.58,69609.23,69579.58,69592.03,48.40273
2024-06-09 16:25:00,69592.04,69598.02,69566.19,69573.67,44.22846
2024-06-09 16:30:00,69573.67,69636.98,69573.67,69612.92,33.27927
2024-06-09 16:35:00,69612.92,69613.64,69573.99,69573.99,16.94106
2024-06-09 16:40:00,69573.99,69599.29,69573.67,69580.0,18.84447
2024-06-09 16:45:00,69580.0,69594.76,69573.0,69573.01,20.14622
2024-06-09 16:50:00,69573.01,69575.04,69552.8,69573.01,21.13619
2024-06-09 16:55:00,69573.0,69622.88,69573.0,69622.88,22.06059
2024-06-09 17:00:00,69622.88,69627.6,69600.0,69604.17,25.60459
2024-06-09 17:05:00,69604.17,69650.64,69604.17,69650.63,20.62211
2024-06-09 17:10:00,69650.64,69698.48,69650.63,69685.26,30.33515
2024-06-09 17:15:00,69685.27,69685.27,69627.6,69627.6,28.03519
2024-06-09 17:20:00,69627.6,69650.0,69601.97,69601.98,30.56438
2024-06-09 17:25:00,69601.97,69611.8,69584.0,69584.01,21.6594
2024-06-09 17:30:00,69584.0,69600.0,69580.0,69580.01,17.49751
2024-06-09 17:35:00,69580.0,69592.0,69570.0,69591.68,21.89926
2024-06-09 17:40:00,69591.69,69629.68,69591.68,69609.19,27.54305
2024-06-09 17:45:00,69609.19,69656.01,69609.18,69652.13,14.8328
2024-06-09 17:50:00,69652.12,69662.71,69625.56,69656.54,27.80045
2024-06-09 17:55:00,69656.53,69666.0,69656.53,69660.51,15.37199
2024-06-09 18:00:00,69660.52,69673.79,69616.0,69619.35,94.46708
2024-06-09 18:05:00,69619.34,69703.44,69611.26,69703.44,56.60121
2024-06-09 18:10:00,69703.44,69782.9,69702.8,69770.69,271.50995
2024-06-09 18:15:00,69770.68,69779.49,69738.21,69751.05,45.66112
2024-06-09 18:20:00,69751.04,69772.47,69731.6,69772.46,25.63861
2024-06-09 18:25:00,69772.46,69848.32,69772.0,69786.71,78.1123
2024-06-09 18:30:00,69786.72,69808.0,69741.2,69770.03,55.65633
2024-06-09 18:35:00,69770.03,69770.04,69710.0,69710.01,23.37488
2024-06-09 18:40:00,69710.0,69736.0,69700.01,69700.02,25.79545
2024-06-09 18:45:00,69700.02,69717.98,69681.66,69685.84,17.12704
2024-06-09 18:50:00,69685.84,69745.52,69685.84,69734.73,26.34365
2024-06-09 18:55:00,69734.73,69747.6,69691.86,69738.1,34.78439
2024-06-09 19:00:00,69738.09,69741.89,69720.0,69741.89,18.85628
2024-06-09 19:05:00,69741.89,69829.77,69741.88,69804.0,89.4827
2024-06-09 19:10:00,69804.01,69821.55,69789.2,69806.8,22.37582
2024-06-09 19:15:00,69806.81,69818.63,69776.0,69795.97,35.86386
2024-06-09 19:20:00,69795.97,69816.0,69794.89,69816.0,20.08988
2024-06-09 19:25:00,69816.0,69857.14,69794.21,69850.0,119.50564
2024-06-09 19:30:00,69850.0,69852.0,69786.02,69786.03,68.60099
2024-06-09 19:35:00,69786.03,69805.82,69750.0,69766.99,45.15496
2024-06-09 19:40:00,69767.0,69787.12,69673.91,69693.33,43.31149
2024-06-09 19:45:00,69693.33,69699.6,69660.03,69699.59,65.61483
2024-06-09 19:50:00,69699.59,69730.0,69699.59,69712.0,19.50785
2024-06-09 19:55:00,69712.0,69737.83,69710.25,69710.26,10.67861
2024-06-09 20:00:00,69710.26,69730.81,69649.09,69652.0,80.02558
2024-06-09 20:05:00,69652.0,69688.0,69652.0,69661.42,20.85137
2024-06-09 20:10:00,69661.41,69661.42,69645.57,69661.4,22.64465
2024-06-09 20:15:00,69661.41,69679.99,69651.63,69679.98,44.73181
2024-06-09 20:20:00,69679.99,69679.99,69661.25,69661.25,17.55163
2024-06-09 20:25:00,69661.26,69666.74,69624.0,69666.73,23.33285
2024-06-09 20:30:00,69666.74,69666.74,69627.85,69633.49,19.92553
2024-06-09 20:35:00,69633.48,69633.49,69590.33,69623.12,28.32556
2024-06-09 20:40:00,69623.12,69628.8,69616.13,69620.84,12.14979
2024-06-09 20:45:00,69620.83,69659.6,69602.19,69654.4,23.37574
2024-06-09 20:50:00,69654.4,69700.0,69654.4,69699.99,11.44575
2024-06-09 20:55:00,69699.99,69699.99,69684.57,69686.85,11.01348
2024-06-09 21:00:00,69686.86,69734.7,69686.85,69734.69,19.72365
2024-06-09 21:05:00,69734.7,69734.7,69704.01,69704.01,17.13811
2024-06-09 21:10:00,69704.01,69706.86,69677.3,69706.85,20.01513
2024-06-09 21:15:00,69706.86,69727.59,69700.0,69704.17,18.60343
2024-06-09 21:20:00,69704.17,69712.3,69704.17,69712.29,8.16625
2024-06-09 21:25:00,69712.3,69717.0,69712.3,69717.0,8.96983
2024-06-09 21:30:00,69717.0,69731.96,69670.0,69670.01,24.26211
2024-06-09 21:35:00,69670.01,69670.01,69610.0,69610.01,13.78897
2024-06-09 21:40:00,69610.0,69688.01,69610.0,69688.01,30.1302
2024-06-09 21:45:00,69688.01,69776.38,69688.0,69776.37,48.92133
2024-06-09 21:50:00,69776.37,69821.53,69725.09,69767.9,41.40806
2024-06-09 21:55:00,69767.9,69790.87,69730.0,69749.96,23.9763
2024-06-09 22:00:00,69749.95,69787.13,69692.07,69706.57,46.03108
2024-06-09 22:05:00,69706.57,69720.0,69683.28,69720.0,21.86107
2024-06-09 22:10:00,69719.99,69767.1,69696.4,69700.35,31.07502
2024-06-09 22:15:00,69700.36,69736.0,69700.35,69714.85,23.0114
2024-06-09 22:20:00,69714.85,69714.85,69677.67,69677.67,25.59283
2024-06-09 22:25:00,69677.67,69677.68,69633.34,69633.6,22.91281
2024-06-09 22:30:00,69633.61,69664.0,69633.6,69659.99,15.78362
2024-06-09 22:35:00,69660.0,69675.84,69645.35,69645.36,24.12638
2024-06-09 22:40:00,69645.35,69663.63,69642.01,69658.11,19.00679
2024-06-09 22:45:00,69658.11,69663.63,69649.21,69649.22,10.12105
2024-06-09 22:50:00,69649.21,69649.22,69625.62,69627.66,28.57124
2024-06-09 22:55:00,69627.67,69634.36,69621.2,69634.35,14.94487
2024-06-09 23:00:00,69634.36,69634.36,69605.19,69610.58,18.00411
2024-06-09 23:05:00,69610.59,69635.97,69600.0,69635.96,13.0141
2024-06-09 23:10:00,69635.97,69650.0,69604.44,69608.37,22.64148
2024-06-09 23:15:00,69608.37,69617.9,69596.01,69613.73,31.22734
2024-06-09 23:20:00,69613.73,69663.62,69608.01,69663.62,14.12821
2024-06-09 23:25:00,69663.61,69663.61,69652.41,69652.42,7.69093
2024-06-09 23:30:00,69652.42,69684.93,69652.41,69660.01,23.02441
2024-06-09 23:35:00,69660.01,69660.01,69647.29,69647.3,8.01744
2024-06-09 23:40:00,69647.29,69647.3,69647.29,69647.3,4.59121
2024-06-09 23:45:00,69647.3,69657.33,69632.4,69657.32,12.95519
2024-06-09 23:50:00,69657.33,69657.33,69657.32,69657.32,5.97476
2024-06-09 23:55:00,69657.33,69657.33,69648.14,69648.14,10.16485
2024-06-10 00:00:00,69648.15,69655.11,69597.6,69606.28,28.10676
2024-06-10 00:05:00,69606.28,69606.28,69570.0,69570.0,29.71987
2024-06-10 00:10:00,69570.0,69570.01,69525.51,69535.84,85.56396
2024-06-10 00:15:00,69535.84,69539.34,69512.0,69534.89,49.23942
2024-06-10 00:20:00,69534.89,69543.83,69482.3,69511.99,58.19997
2024-06-10 00:25:00,69512.0,69522.74,69500.0,69500.0,21.10999
2024-06-10 00:30:00,69500.01,69515.0,69479.93,69514.88,50.02571
2024-06-10 00:35:00,69514.89,69514.89,69514.88,69514.88,8.37095
2024-06-10 00:40:00,69514.89,69514.89,69490.0,69490.0,14.60677
2024-06-10 00:45:00,69490.01,69490.01,69436.01,69441.99,38.04358
2024-06-10 00:50:00,69442.0,69480.51,69426.0,69480.5,27.20751
2024-06-10 00:55:00,69480.5,69560.0,69480.5,69559.99,40.4522
2024-06-10 01:00:00,69559.99,69599.88,69559.99,69582.81,25.79074
2024-06-10 01:05:00,69582.81,69582.82,69516.0,69540.0,29.18356
2024-06-10 01:10:00,69539.99,69582.82,69539.99,69575.73,17.37407
2024-06-10 01:15:00,69575.72,69603.6,69564.0,69603.59,21.99951
2024-06-10 01:20:00,69603.59,69603.6,69550.0,69550.01,19.94108
2024-06-10 01:25:00,69550.02,69578.85,69542.51,69578.84,13.10912
2024-06-10 01:30:00,69578.85,69627.95,69565.45,69627.31,61.84392
2024-06-10 01:35:00,69627.31,69628.95,69590.5,69628.01,37.08578
2024-06-10 01:40:00,69628.0,69683.52,69628.0,69675.36,93.59671
2024-06-10 01:45:00,69675.36,69686.42,69653.5,69675.73,76.00328
2024-06-10 01:50:00,69675.73,69675.74,69650.5,69656.01,51.71562
2024-06-10 01:55:00,69656.0,69656.01,69625.51,69625.52,27.50194
2024-06-10 02:00:00,69625.52,69626.87,69608.4,69625.6,42.82066
2024-06-10 02:05:00,69625.59,69691.99,69625.59,69670.01,63.50096
2024-06-10 02:10:00,69670.0,69697.66,69667.07,69697.66,88.00725
2024-06-10 02:15:00,69697.66,69779.21,69697.65,69754.34,98.5102
2024-06-10 02:20:00,69754.34,69774.92,69754.34,69774.91,38.7425
2024-06-10 02:25:00,69774.91,69790.0,69756.0,69772.0,66.65667
2024-06-10 02:30:00,69772.01,69790.0,69772.0,69780.01,43.07497
2024-06-10 02:35:00,69780.01,69801.34,69766.09,69766.09,69.51958
2024-06-10 02:40:00,69766.1,69792.0,69747.94,69772.93,97.36396
2024-06-10 02:45:00,69772.93,69772.93,69730.0,69730.25,35.95376
2024-06-10 02:50:00,69730.24,69751.16,69721.42,69721.42,25.15743
2024-06-10 02:55:00,69721.42,69724.93,69700.0,69716.0,54.04326
2024-06-10 03:00:00,69716.01,69716.01,69667.45,69699.79,60.06653
2024-06-10 03:05:00,69699.8,69699.8,69688.11,69688.12,8.38803
2024-06-10 03:10:00,69688.12,69715.01,69688.0,69715.01,27.78839
2024-06-10 03:15:00,69715.01,69715.01,69703.36,69711.41,12.44074
2024-06-10 03:20:00,69711.41,69767.41,69711.4,69763.38,41.77359
2024-06-10 03:25:00,69763.38,69763.39,69742.04,69742.05,15.07776
2024-06-10 03:30:00,69742.04,69744.66,69710.0,69710.0,21.91194
2024-06-10 03:35:00,69710.01,69724.8,69699.76,69699.76,27.38419
2024-06-10 03:40:00,69699.76,69706.34,69694.98,69694.98,17.87482
2024-06-10 03:45:00,69694.98,69694.99,69574.8,69574.8,46.19103
2024-06-10 03:50:00,69574.8,69619.6,69574.8,69614.06,46.70002
2024-06-10 03:55:00,69614.06,69614.06,69613.19,69613.2,11.35485
2024-06-10 04:00:00,69613.2,69638.27,69603.7,69603.71,36.07522
2024-06-10 04:05:00,69603.71,69608.0,69562.62,69600.0,24.42927
2024-06-10 04:10:00,69600.0,69600.01,69573.2,69573.21,15.91607
2024-06-10 04:15:00,69573.21,69592.06,69530.95,69587.88,64.96368
2024-06-10 04:20:00,69587.89,69604.02,69587.88,69598.89,15.79356
2024-06-10 04:25:00,69598.89,69630.0,69598.88,69629.99,23.52152
2024-06-10 04:30:00,69630.0,69677.5,69629.99,69677.5,29.99256
2024-06-10 04:35:00,69677.5,69677.5,69674.32,69674.33,10.58476
2024-06-10 04:40:00,69674.33,69674.33,69646.9,69657.75,24.20367
2024-06-10 04:45:00,69657.75,69657.75,69644.0,69644.6,19.14886
2024-06-10 04:50:00,69644.61,69669.03,69644.6,69669.03,11.56084
2024-06-10 04:55:00,69669.03,69674.33,69669.02,69674.33,10.43823
2024-06-10 05:00:00,69674.33,69674.33,69630.9,69631.41,31.79299
2024-06-10 05:05:00,69631.42,69631.42,69620.21,69627.39,28.24827
2024-06-10 05:10:00,69627.4,69627.4,69620.0,69620.0,20.25772
2024-06-10 05:15:00,69620.0,69620.01,69596.84,69611.25,26.01042
2024-06-10 05:20:00,69611.26,69611.26,69581.93,69581.93,23.43628
2024-06-10 05:25:00,69581.94,69581.94,69550.8,69550.8,24.90075
2024-06-10 05:30:00,69550.81,69594.0,69547.55,69593.99,18.26059
2024-06-10 05:35:00,69593.99,69594.0,69580.38,69580.38,9.69058
2024-06-10 05:40:00,69580.39,69580.39,69577.89,69577.89,13.07388
2024-06-10 05:45:00,69577.89,69577.9,69530.0,69538.7,55.13367
2024-06-10 05:50:00,69538.7,69561.84,69530.07,69547.99,49.83094
2024-06-10 05:55:00,69547.98,69580.48,69547.98,69580.48,38.13683
2024-06-10 06:00:00,69580.47,69580.48,69513.51,69534.49,56.16125
2024-06-10 06:05:00,69534.48,69534.49,69493.72,69518.96,78.28463
2024-06-10 06:10:00,69518.96,69578.17,69512.0,69578.16,83.09955
2024-06-10 06:15:00,69578.17,69585.0,69528.15,69584.99,67.03833
2024-06-10 06:20:00,69585.0,69618.76,69582.21,69592.61,79.67548
2024-06-10 06:25:00,69592.6,69618.1,69568.65,69568.66,49.89525
2024-06-10 06:30:00,69568.65,69584.41,69471.93,69471.94,51.93691
2024-06-10 06:35:00,69471.93,69559.64,69467.38,69487.39,54.63893
2024-06-10 06:40:00,69487.39,69516.0,69476.42,69505.59,41.39417
2024-06-10 06:45:00,69505.59,69505.6,69301.0,69439.95,143.21228
2024-06-10 06:50:00,69439.94,69477.2,69394.8,69470.0,64.3276
2024-06-10 06:55:00,69469.99,69470.0,69420.0,69429.87,32.43994
2024-06-10 07:00:00,69429.87,69447.11,69405.2,69405.22,50.11518
2024-06-10 07:05:00,69405.22,69415.23,69336.59,69386.03,85.24818
2024-06-10 07:10:00,69386.04,69406.76,69370.0,69406.75,58.00804
2024-06-10 07:15:00,69406.76,69500.0,69406.76,69466.72,58.34633
2024-06-10 07:20:00,69466.73,69466.73,69448.85,69463.07,28.81845
2024-06-10 07:25:00,69463.07,69478.15,69460.49,69460.49,18.00537
2024-06-10 07:30:00,69460.49,69467.99,69406.18,69415.28,35.56556
2024-06-10 07:35:00,69415.29,69419.97,69379.15,69379.16,27.43523
2024-06-10 07:40:00,69379.16,69391.53,69323.4,69380.05,55.14609
2024-06-10 07:45:00,69380.05,69380.05,69325.83,69336.54,61.16006
2024-06-10 07:50:00,69336.54,69356.0,69297.74,69297.74,86.03703
2024-06-10 07:55:00,69297.74,69331.64,69249.99,69303.99,120.4694
2024-06-10 08:00:00,69304.0,69447.05,69279.35,69422.16,100.23941
2024-06-10 08:05:00,69422.16,69443.59,69394.84,69394.84,59.24414
2024-06-10 08:10:00,69394.85,69420.0,69388.0,69420.0,30.78822
2024-06-10 08:15:00,69419.99,69468.0,69419.99,69460.0,26.79619
2024-06-10 08:20:00,69459.99,69475.99,69429.99,69475.99,48.42986
2024-06-10 08:25:00,69475.99,69484.39,69434.49,69464.78,46.19047
2024-06-10 08:30:00,69464.79,69492.83,69464.78,69490.66,53.9404
2024-06-10 08:35:00,69490.66,69494.99,69465.62,69471.0,33.57927
2024-06-10 08:40:00,69471.0,69484.73,69463.59,69484.73,13.55697
2024-06-10 08:45:00,69484.73,69484.73,69460.0,69469.66,21.99594
2024-06-10 08:50:00,69469.65,69478.79,69449.41,69478.79,39.67761
2024-06-10 08:55:00,69478.78,69478.79,69384.1,69387.5,70.19937
2024-06-10 09:00:00,69387.5,69411.99,69380.0,69411.98,31.57305
2024-06-10 09:05:00,69411.98,69411.99,69335.13,69379.03,52.69265
2024-06-10 09:10:00,69379.03,69436.3,69379.02,69420.8,36.28611
2024-06-10 09:15:00,69420.79,69422.13,69393.8,69403.92,26.07537
2024-06-10 09:20:00,69403.93,69408.4,69310.0,69327.0,35.14173
2024-06-10 09:25:00,69327.01,69327.01,69276.93,69293.46,61.86775
2024-06-10 09:30:00,69293.47,69367.02,69172.29,69336.35,217.31999
2024-06-10 09:35:00,69336.34,69356.0,69316.0,69331.13,52.49615
2024-06-10 09:40:00,69331.13,69376.92,69331.12,69368.89,48.57613
2024-06-10 09:45:00,69368.88,69439.99,69368.88,69436.7,80.85384
2024-06-10 09:50:00,69436.71,69444.98,69410.0,69429.89,34.44066
2024-06-10 09:55:00,69429.89,69474.39,69422.49,69449.99,85.24843
2024-06-10 10:00:00,69450.0,69453.45,69372.0,69389.99,39.56071
2024-06-10 10:05:00,69389.99,69470.93,69389.99,69420.0,29.37496
2024-06-10 10:10:00,69420.0,69439.38,69420.0,69423.4,37.63731
2024-06-10 10:15:00,69423.4,69470.47,69399.99,69415.91,107.28094
2024-06-10 10:20:00,69415.91,69415.91,69390.8,69390.81,21.62119
2024-06-10 10:25:00,69390.8,69390.81,69360.4,69361.67,39.21033
2024-06-10 10:30:00,69361.66,69390.0,69360.0,69373.54,30.18843
2024-06-10 10:35:00,69373.53,69402.7,69357.38,69357.39,26.71845
2024-06-10 10:40:00,69357.39,69377.94,69357.38,69377.93,19.88576
2024-06-10 10:45:00,69377.94,69413.75,69377.93,69408.48,36.7303
2024-06-10 10:50:00,69408.48,69427.28,69408.48,69414.24,29.90291
2024-06-10 10:55:00,69414.25,69440.0,69414.24,69439.99,21.91462
2024-06-10 11:00:00,69439.99,69440.0,69414.24,69414.25,28.08667
2024-06-10 11:05:00,69414.24,69427.4,69388.07,69388.08,22.1562
2024-06-10 11:10:00,69388.07,69392.98,69364.74,69371.91,28.24292
2024-06-10 11:15:00,69371.9,69387.32,69371.9,69380.65,16.29686
2024-06-10 11:20:00,69380.64,69410.0,69377.56,69380.0,24.74177
2024-06-10 11:25:00,69380.0,69380.01,69372.21,69372.21,10.12265
2024-06-10 11:30:00,69372.22,69375.23,69337.02,69368.25,41.85811
2024-06-10 11:35:00,69368.25,69440.0,69368.25,69439.99,63.17127
2024-06-10 11:40:00,69440.0,69550.0,69439.99,69530.46,107.95592
2024-06-10 11:45:00,69530.46,69546.52,69488.31,69488.31,83.51934
2024-06-10 11:50:00,69488.31,69488.32,69450.61,69450.61,19.84502
2024-06-10 11:55:00,69450.61,69482.87,69441.04,69473.89,24.06502
2024-06-10 12:00:00,69473.89,69488.0,69400.29,69406.94,29.20575
2024-06-10 12:05:00,69406.93,69406.94,69355.04,69389.37,27.81022
2024-06-10 12:10:00,69389.37,69419.67,69372.0,69372.01,59.57184
2024-06-10 12:15:00,69372.01,69439.1,69368.94,69414.92,44.18861
2024-06-10 12:20:00,69414.92,69473.39,69414.92,69473.38,25.43092
2024-06-10 12:25:00,69473.38,69520.01,69473.38,69520.0,57.40464
2024-06-10 12:30:00,69520.01,69520.01,69453.01,69453.02,36.4002
2024-06-10 12:35:00,69453.01,69453.02,69390.99,69410.0,43.45374
2024-06-10 12:40:00,69410.0,69410.0,69393.12,69402.07,33.19712
2024-06-10 12:45:00,69402.06,69465.27,69381.21,69448.39,39.67877
2024-06-10 12:50:00,69448.39,69467.96,69448.39,69450.13,20.84614
2024-06-10 12:55:00,69450.14,69450.14,69331.55,69363.99,38.42656
2024-06-10 13:00:00,69364.0,69364.0,69291.28,69293.98,43.73603
2024-06-10 13:05:00,69293.97,69384.66,69283.55,69384.66,69.79637
2024-06-10 13:10:00,69384.65,69405.47,69310.0,69310.0,36.89426
2024-06-10 13:15:00,69310.0,69320.0,69270.0,69279.99,44.18098
2024-06-10 13:20:00,69280.0,69327.22,69279.99,69297.81,40.42447
2024-06-10 13:25:00,69297.81,69347.17,69297.81,69333.93,27.20767
2024-06-10 13:30:00,69333.94,69487.71,69201.59,69487.71,144.27064
2024-06-10 13:35:00,69487.71,69512.9,69413.47,69503.89,130.04151
2024-06-10 13:40:00,69503.88,69512.0,69450.01,69471.99,71.2793
2024-06-10 13:45:00,69471.99,69495.76,69294.69,69330.02,83.11211
2024-06-10 13:50:00,69330.02,69386.46,69304.41,69381.17,83.55676
2024-06-10 13:55:00,69381.17,69466.44,69356.53,69408.21,64.80294
2024-06-10 14:00:00,69408.21,69449.82,69322.32,69438.81,59.35541
2024-06-10 14:05:00,69438.81,69464.68,69386.0,69386.0,46.02259
2024-06-10 14:10:00,69386.0,69399.89,69300.01,69344.49,73.20076
2024-06-10 14:15:00,69344.5,69398.65,69326.06,69374.88,39.30485
2024-06-10 14:20:00,69374.88,69430.0,69374.88,69425.75,25.464
2024-06-10 14:25:00,69425.76,69453.41,69414.0,69453.4,27.76836
2024-06-10 14:30:00,69453.41,69490.0,69412.9,69489.99,38.45595
2024-06-10 14:35:00,69490.0,69656.54,69490.0,69587.51,186.22559
2024-06-10 14:40:00,69587.51,69587.52,69514.82,69579.99,108.14184
2024-06-10 14:45:00,69579.98,69633.69,69572.78,69572.78,120.75649
2024-06-10 14:50:00,69572.78,69632.0,69524.09,69628.01,49.41974
2024-06-10 14:55:00,69628.0,69662.1,69612.01,69662.09,44.72904
2024-06-10 15:00:00,69662.1,69696.96,69612.26,69650.32,71.76246
2024-06-10 15:05:00,69650.32,69713.07,69650.32,69713.07,71.61439
2024-06-10 15:10:00,69713.07,69782.0,69713.06,69745.02,130.49647
2024-06-10 15:15:00,69745.02,69988.0,69745.01,69924.01,259.78162
2024-06-10 15:20:00,69924.01,69978.05,69814.1,69874.23,188.00749
2024-06-10 15:25:00,69874.22,69884.0,69789.93,69878.08,120.31728
2024-06-10 15:30:00,69878.08,69964.92,69828.7,69960.99,102.36411
2024-06-10 15:35:00,69960.98,70012.01,69852.9,69894.86,205.77885
2024-06-10 15:40:00,69894.86,70053.97,69890.0,70004.84,153.13816
2024-06-10 15:45:00,70004.84,70170.29,70000.56,70132.59,343.63884
2024-06-10 15:50:00,70132.59,70195.94,70072.0,70162.6,209.90963
2024-06-10 15:55:00,70162.59,70162.59,70010.0,70066.12,234.01421
2024-06-10 16:00:00,70066.12,70105.82,69970.0,69970.01,236.21101
2024-06-10 16:05:00,69970.01,70008.0,69841.15,69875.19,147.27312
2024-06-10 16:10:00,69875.19,69936.0,69865.03,69874.04,69.80452
2024-06-10 16:15:00,69874.05,69940.0,69874.04,69939.98,49.17956
2024-06-10 16:20:00,69939.99,69995.2,69910.0,69910.01,108.31691
2024-06-10 16:25:00,69910.01,69910.01,69722.0,69805.77,98.83016
2024-06-10 16:30:00,69805.76,69807.62,69723.21,69767.99,77.30019
2024-06-10 16:35:00,69767.98,69870.0,69767.98,69870.0,28.95636
2024-06-10 16:40:00,69870.0,70000.0,69864.31,69973.66,119.72288
2024-06-10 16:45:00,69973.66,70000.0,69960.0,69979.88,90.0629
2024-06-10 16:50:00,69979.89,69986.5,69950.0,69978.61,78.66629
2024-06-10 16:55:00,69978.61,70027.59,69970.01,69972.17,53.49369
2024-06-10 17:00:00,69972.18,69972.18,69761.89,69812.29,70.19404
2024-06-10 17:05:00,69812.29,69880.0,69812.29,69879.99,61.35035
2024-06-10 17:10:00,69879.99,69937.87,69864.1,69879.34,69.89829
2024-06-10 17:15:00,69879.34,69890.0,69801.47,69846.57,57.87049
2024-06-10 17:20:00,69846.56,69940.0,69846.56,69940.0,30.79158
2024-06-10 17:25:00,69940.0,69950.0,69850.0,69869.83,41.75172
2024-06-10 17:30:00,69869.82,69888.0,69832.0,69888.0,35.96606
2024-06-10 17:35:00,69887.99,69918.8,69870.0,69877.49,32.48389
2024-06-10 17:40:00,69877.49,69877.5,69830.8,69869.99,29.2929
2024-06-10 17:45:00,69869.99,70018.81,69865.38,70000.0,90.65408
2024-06-10 17:50:00,70000.01,70008.77,69953.11,69963.59,31.79412
2024-06-10 17:55:00,69963.58,70060.0,69963.58,70043.0,39.20833
2024-06-10 18:00:00,70043.01,70059.99,69945.43,69946.0,156.99125
2024-06-10 18:05:00,69945.99,69960.0,69862.72,69950.0,218.14063
2024-06-10 18:10:00,69949.99,70141.1,69949.99,70090.01,310.69417
2024-06-10 18:15:00,70090.0,70118.53,70013.34,70035.98,71.768
2024-06-10 18:20:00,70035.97,70040.0,69903.51,69939.3,91.94026
2024-06-10 18:25:00,69939.3,69940.0,69872.0,69872.0,83.63903
2024-06-10 18:30:00,69872.0,69886.99,69780.45,69781.22,74.5223
2024-06-10 18:35:00,69781.23,69856.0,69737.56,69855.99,69.44916
2024-06-10 18:40:00,69855.99,69923.98,69840.0,69911.75,49.89703
2024-06-10 18:45:00,69911.76,69939.98,69900.0,69900.0,28.92649
2024-06-10 18:50:00,69900.0,69930.0,69900.0,69918.02,30.38006
2024-06-10 18:55:00,69918.01,69918.02,69860.0,69860.01,13.44935
2024-06-10 19:00:00,69860.01,69860.01,69717.29,69747.09,281.19854
2024-06-10 19:05:00,69747.1,69756.23,69500.0,69599.45,233.32968
2024-06-10 19:10:00,69599.45,69664.0,69571.99,69663.99,90.47006
2024-06-10 19:15:00,69663.99,69671.23,69581.72,69610.01,80.59729
2024-06-10 19:20:00,69610.01,69680.0,69610.01,69671.91,47.39305
2024-06-10 19:25:00,69671.91,69758.06,69671.91,69758.05,46.23678
2024-06-10 19:30:00,69758.05,69758.06,69704.0,69723.22,40.33266
2024-06-10 19:35:00,69723.22,69723.22,69666.0,69706.34,51.46916
2024-06-10 19:40:00,69706.34,69724.9,69685.75,69699.99,34.82705
2024-06-10 19:45:00,69699.99,69700.0,69632.96,69660.7,48.96304
2024-06-10 19:50:00,69660.7,69660.7,69396.99,69455.99,233.52479
2024-06-10 19:55:00,69456.0,69567.79,69386.81,69490.8,158.94819
2024-06-10 20:00:00,69490.81,69500.0,69352.66,69468.0,156.97168
2024-06-10 20:05:00,69468.0,69530.0,69345.03,69371.48,158.99283
2024-06-10 20:10:00,69371.49,69411.13,69334.46,69364.0,87.37701
2024-06-10 20:15:00,69364.0,69509.99,69340.01,69491.14,99.35822
2024-06-10 20:20:00,69491.15,69528.0,69460.0,69480.01,83.39294
2024-06-10 20:25:00,69480.0,69588.23,69480.0,69588.23,35.72251
2024-06-10 20:30:00,69588.22,69659.6,69584.2,69653.64,67.90172
2024-06-10 20:35:00,69653.65,69653.65,69604.0,69620.0,51.8806
2024-06-10 20:40:00,69620.0,69620.01,69590.0,69590.0,23.07413
2024-06-10 20:45:00,69590.01,69700.51,69576.43,69629.7,220.76323
2024-06-10 20:50:00,69629.71,69670.0,69625.79,69625.79,84.06552
2024-06-10 20:55:00,69625.8,69700.0,69580.09,69632.51,187.1996
2024-06-10 21:00:00,69632.51,69644.44,69621.3,69644.44,18.85236
2024-06-10 21:05:00,69644.43,69656.0,69611.5,69656.0,60.72586
2024-06-10 21:10:00,69655.99,69694.68,69655.99,69686.23,21.56629
2024-06-10 21:15:00,69686.22,69686.23,69587.0,69620.0,37.93112
2024-06-10 21:20:00,69620.0,69620.11,69594.59,69594.59,16.05648
2024-06-10 21:25:00,69594.59,69594.6,69530.0,69555.61,29.0803
2024-06-10 21:30:00,69555.61,69563.38,69555.61,69563.38,25.55953
2024-06-10 21:35:00,69563.37,69563.38,69549.95,69549.95,13.00705
2024-06-10 21:40:00,69549.95,69595.17,69544.09,69595.17,40.74564
2024-06-10 21:45:00,69595.17,69606.5,69595.16,69606.49,16.4403
2024-06-10 21:50:00,69606.49,69606.5,69580.77,69580.78,17.97341
2024-06-10 21:55:00,69580.77,69585.49,69580.77,69585.48,35.32217
2024-06-10 22:00:00,69585.49,69592.0,69500.0,69500.0,52.0913
2024-06-10 22:05:00,69500.0,69528.0,69473.18,69520.33,30.9825
2024-06-10 22:10:00,69520.33,69560.0,69520.32,69547.49,20.58126
2024-06-10 22:15:00,69547.49,69547.5,69491.41,69491.41,31.69455
2024-06-10 22:20:00,69491.41,69540.0,69491.41,69540.0,18.97126
2024-06-10 22:25:00,69539.99,69555.99,69536.49,69548.89,35.67127
2024-06-10 22:30:00,69548.9,69548.9,69494.73,69494.73,32.48474
2024-06-10 22:35:00,69494.74,69500.01,69454.19,69461.47,23.19169
2024-06-10 22:40:00,69461.48,69461.48,69424.28,69434.83,32.40859
2024-06-10 22:45:00,69434.84,69458.11,69432.42,69458.1,18.48786
2024-06-10 22:50:00,69458.1,69460.0,69437.34,69459.99,42.57688
2024-06-10 22:55:00,69459.99,69495.99,69451.33,69495.99,32.81783
2024-06-10 23:00:00,69495.99,69513.13,69495.98,69513.13,13.05036
2024-06-10 23:05:00,69513.12,69555.0,69496.47,69496.47,28.96965
2024-06-10 23:10:00,69496.47,69496.48,69452.47,69452.48,28.28424
2024-06-10 23:15:00,69452.47,69464.52,69400.01,69454.81,25.20472
2024-06-10 23:20:00,69454.81,69520.65,69405.21,69520.64,29.26607
2024-06-10 23:25:00,69520.64,69546.37,69486.91,69486.91,39.29891
2024-06-10 23:30:00,69486.91,69486.92,69418.44,69465.58,62.74337
2024-06-10 23:35:00,69465.58,69490.0,69438.16,69489.99,31.51699
2024-06-10 23:40:00,69489.99,69529.99,69481.31,69529.99,24.68446
2024-06-10 23:45:00,69529.99,69529.99,69504.5,69510.14,19.53911
2024-06-10 23:50:00,69510.15,69519.32,69488.53,69519.31,20.96361
2024-06-10 23:55:00,69519.31,69563.38,69519.31,69540.0,21.22767
2024-06-11 00:00:00,69540.0,69590.01,69520.01,69580.03,78.12632
2024-06-11 00:05:00,69580.04,69580.04,69495.0,69530.01,51.40621
2024-06-11 00:10:00,69530.0,69569.99,69530.0,69534.46,25.2808
2024-06-11 00:15:00,69534.46,69564.91,69530.01,69564.9,20.89586
2024-06-11 00:20:00,69564.91,69564.91,69530.0,69543.21,20.99688
2024-06-11 00:25:00,69543.22,69555.54,69490.2,69490.2,39.95864
2024-06-11 00:30:00,69490.21,69535.99,69487.06,69522.55,42.17078
2024-06-11 00:35:00,69522.55,69522.56,69424.26,69439.99,47.82971
2024-06-11 00:40:00,69440.0,69454.65,69420.0,69434.28,37.27205
2024-06-11 00:45:00,69434.28,69459.96,69428.04,69459.96,19.1908
2024-06-11 00:50:00,69459.96,69459.96,69421.74,69443.05,20.6606
2024-06-11 00:55:00,69443.05,69458.76,69400.0,69410.85,37.22797
2024-06-11 01:00:00,69410.86,69451.59,69400.0,69414.58,37.8676
2024-06-11 01:05:00,69414.58,69422.06,69374.9,69375.33,37.5045
2024-06-11 01:10:00,69375.33,69499.0,69375.33,69498.99,50.20566
2024-06-11 01:15:00,69498.99,69523.71,69394.12,69400.78,41.53888
2024-06-11 01:20:00,69400.79,69436.0,69394.12,69417.99,19.30079
2024-06-11 01:25:00,69418.0,69439.5,69417.99,69439.48,12.83459
2024-06-11 01:30:00,69439.48,69479.16,69423.72,69442.71,34.59841
2024-06-11 01:35:00,69442.72,69442.72,69372.78,69422.05,72.72172
2024-06-11 01:40:00,69422.06,69422.63,69377.77,69377.77,33.03731
2024-06-11 01:45:00,69377.77,69436.0,69366.06,69418.14,50.3689
2024-06-11 01:50:00,69418.15,69426.03,68805.85,68965.07,781.87913
2024-06-11 01:55:00,68965.07,68971.05,68500.0,68724.01,929.82202
2024-06-11 02:00:00,68724.0,68922.29,68531.0,68731.59,325.01422
2024-06-11 02:05:00,68731.59,68803.98,68634.81,68676.82,169.5118
2024-06-11 02:10:00,68676.82,68676.82,68550.21,68554.03,119.01015
2024-06-11 02:15:00,68554.03,68554.04,67909.46,68027.99,1038.31126
2024-06-11 02:20:00,68028.0,68284.34,68015.99,68135.13,490.32396
2024-06-11 02:25:00,68135.13,68263.9,67900.0,68155.99,421.20075
2024-06-11 02:30:00,68155.99,68155.99,67970.0,68046.43,368.20064
2024-06-11 02:35:00,68046.43,68130.0,67988.0,67988.0,300.54525
2024-06-11 02:40:00,67988.01,68124.46,67988.0,68084.5,317.43032
2024-06-11 02:45:00,68084.5,68320.02,68053.87,68268.0,336.93146
2024-06-11 02:50:00,68267.99,68333.0,68223.64,68248.71,204.3747
2024-06-11 02:55:00,68248.71,68275.13,68193.68,68268.62,147.08601
2024-06-11 03:00:00,68268.62,68277.95,68200.0,68277.94,94.48835
2024-06-11 03:05:00,68277.95,68366.8,68277.94,68318.79,93.35376
2024-06-11 03:10:00,68318.79,68395.42,68318.78,68338.82,92.27597
2024-06-11 03:15:00,68338.82,68373.88,68285.21,68328.38,78.82946
2024-06-11 03:20:00,68328.38,68328.38,68170.0,68193.17,156.2747
2024-06-11 03:25:00,68193.18,68488.0,68182.8,68453.29,193.36722
2024-06-11 03:30:00,68453.3,68453.85,68340.0,68392.3,112.42282
2024-06-11 03:35:00,68392.29,68433.58,68350.01,68389.75,77.55716
2024-06-11 03:40:00,68389.74,68391.72,68329.16,68333.51,59.25504
2024-06-11 03:45:00,68333.51,68385.18,68321.0,68343.99,55.01553
2024-06-11 03:50:00,68343.99,68405.61,68314.33,68405.6,122.67413
2024-06-11 03:55:00,68405.6,68467.43,68320.0,68464.0,152.51821
2024-06-11 04:00:00,68464.0,68464.0,68258.16,68258.16,128.64449
2024-06-11 04:05:00,68258.16,68312.0,68128.0,68173.04,236.52247
2024-06-11 04:10:00,68173.05,68180.0,67900.0,68044.8,495.45812
2024-06-11 04:15:00,68044.81,68195.02,68004.0,68080.01,145.53192
2024-06-11 04:20:00,68080.0,68134.66,67950.43,67977.29,307.0583
2024-06-11 04:25:00,67977.29,67977.29,67617.0,67941.65,724.86371
2024-06-11 04:30:00,67941.64,67992.12,67637.21,67814.85,458.25214
2024-06-11 04:35:00,67814.84,67973.08,67813.26,67950.86,152.98602
2024-06-11 04:40:00,67950.87,68096.0,67930.0,68094.24,143.02211
2024-06-11 04:45:00,68094.24,68116.4,68036.0,68081.94,133.24751
2024-06-11 04:50:00,68081.94,68083.58,68008.18,68079.99,80.64241
2024-06-11 04:55:00,68079.99,68098.71,68015.61,68024.04,123.92358
2024-06-11 05:00:00,68024.03,68056.28,67930.0,68056.28,162.02922
2024-06-11 05:05:00,68056.27,68056.28,67900.0,67950.37,103.67839
2024-06-11 05:10:00,67950.37,67993.65,67910.74,67910.74,106.8673
2024-06-11 05:15:00,67910.74,67990.0,67900.01,67989.99,91.20493
2024-06-11 05:20:00,67989.99,68000.0,67845.58,67886.93,106.50703
2024-06-11 05:25:00,67886.93,67916.98,67829.82,67863.95,139.67227
2024-06-11 05:30:00,67863.94,67895.32,67796.0,67814.15,148.6162
2024-06-11 05:35:00,67814.14,67825.09,67711.0,67733.88,122.25811
2024-06-11 05:40:00,67733.88,67814.36,67733.88,67796.0,91.66589
2024-06-11 05:45:00,67796.01,67847.13,67740.84,67752.01,106.30997
2024-06-11 05:50:00,67752.01,67780.65,67657.03,67780.64,244.30951
2024-06-11 05:55:00,67780.64,67903.58,67780.64,67903.57,106.04058
2024-06-11 06:00:00,67903.58,67974.48,67869.22,67974.48,114.53024
2024-06-11 06:05:00,67974.48,67974.49,67924.52,67959.98,64.63456
2024-06-11 06:10:00,67959.99,67959.99,67918.05,67920.01,108.13242
2024-06-11 06:15:00,67920.0,67920.01,67870.15,67893.19,59.40428
2024-06-11 06:20:00,67893.19,67893.2,67556.55,67600.34,259.47576
2024-06-11 06:25:00,67600.34,67696.29,67560.0,67696.28,151.26506
2024-06-11 06:30:00,67696.28,67710.79,67584.04,67638.79,121.25486
2024-06-11 06:35:00,67638.79,67744.68,67629.95,67680.0,161.91325
2024-06-11 06:40:00,67680.0,67737.36,67679.99,67700.77,70.53714
2024-06-11 06:45:00,67700.76,67745.33,67660.0,67660.01,70.69158
2024-06-11 06:50:00,67660.01,67689.84,67576.85,67619.62,97.6491
2024-06-11 06:55:00,67619.61,67712.6,67325.0,67692.0,516.13276
2024-06-11 07:00:00,67691.99,67764.29,67561.46,67764.28,174.06614
2024-06-11 07:05:00,67764.28,67802.96,67720.75,67787.78,123.14323
2024-06-11 07:10:00,67787.79,67820.14,67781.08,67791.61,95.16376
2024-06-11 07:15:00,67791.62,67822.87,67740.0,67800.32,76.81243
2024-06-11 07:20:00,67800.32,67825.75,67760.12,67823.52,70.28592
2024-06-11 07:25:00,67823.51,67841.96,67801.28,67841.96,98.12488
2024-06-11 07:30:00,67841.95,67844.76,67760.0,67760.0,75.82774
2024-06-11 07:35:00,67760.0,67823.36,67649.2,67695.27,237.89558
2024-06-11 07:40:00,67695.27,67715.63,67571.41,67700.51,128.29628
2024-06-11 07:45:00,67700.51,67734.05,67600.65,67632.0,95.52819
2024-06-11 07:50:00,67632.0,67632.01,67526.95,67555.47,95.40951
2024-06-11 07:55:00,67555.47,67584.69,67544.4,67570.18,72.31148
2024-06-11 08:00:00,67570.18,67641.03,67460.0,67555.96,197.13227
2024-06-11 08:05:00,67555.96,67567.99,67480.96,67523.27,109.8002
2024-06-11 08:10:00,67523.28,67523.28,67350.47,67360.0,300.60026
2024-06-11 08:15:00,67360.0,67435.87,67284.38,67399.99,223.75756
2024-06-11 08:20:00,67400.0,67419.71,67305.77,67344.7,93.54521
2024-06-11 08:25:00,67344.71,67492.09,67344.7,67450.0,132.95765
2024-06-11 08:30:00,67450.0,67520.0,67436.0,67507.33,95.53205
2024-06-11 08:35:00,67507.34,67593.32,67496.2,67580.01,77.382
2024-06-11 08:40:00,67580.01,67624.0,67574.52,67608.04,59.82391
2024-06-11 08:45:00,67608.04,67608.05,67520.0,67605.94,108.68725
2024-06-11 08:50:00,67605.94,67605.94,67553.43,67561.63,50.18022
2024-06-11 08:55:00,67561.62,67583.35,67512.0,67516.74,53.4496
2024-06-11 09:00:00,67516.75,67552.0,67503.9,67552.0,71.59282
2024-06-11 09:05:00,67552.0,67662.49,67552.0,67567.45,72.8225
2024-06-11 09:10:00,67567.45,67592.85,67540.6,67540.93,76.12068
2024-06-11 09:15:00,67540.94,67540.94,67412.21,67412.21,80.50885
2024-06-11 09:20:00,67412.21,67427.21,67332.0,67373.7,101.15793
2024-06-11 09:25:00,67373.7,67420.0,67331.18,67378.48,92.25084
2024-06-11 09:30:00,67378.48,67427.99,67212.0,67396.0,303.51783
2024-06-11 09:35:00,67396.01,67396.01,67236.28,67273.59,111.73446
2024-06-11 09:40:00,67273.59,67299.63,67166.0,67210.73,233.05616
2024-06-11 09:45:00,67210.74,67253.13,67030.0,67092.01,225.09522
2024-06-11 09:50:00,67092.01,67160.95,66900.0,67055.2,533.54888
2024-06-11 09:55:00,67055.19,67150.0,67055.19,67084.34,113.51525
2024-06-11 10:00:00,67084.33,67086.45,66732.0,66884.24,505.70914
2024-06-11 10:05:00,66884.24,67145.16,66824.0,67129.43,203.4989
2024-06-11 10:10:00,67129.43,67200.0,67063.89,67155.09,175.30371
2024-06-11 10:15:00,67155.09,67254.95,67132.47,67247.99,180.74804
2024-06-11 10:20:00,67247.99,67283.35,67226.44,67278.47,110.66507
2024-06-11 10:25:00,67278.47,67303.46,67224.5,67267.18,160.71891
2024-06-11 10:30:00,67267.18,67267.91,67162.73,67211.41,105.42886
2024-06-11 10:35:00,67211.4,67267.91,67188.0,67195.98,82.25216
2024-06-11 10:40:00,67195.0,67195.0,67093.14,67095.58,78.08739
2024-06-11 10:45:00,67095.58,67203.13,67069.49,67203.12,65.7675
2024-06-11 10:50:00,67203.13,67211.22,66951.53,66976.0,200.60644
2024-06-11 10:55:00,66976.0,66976.01,66864.58,66961.99,133.46758
2024-06-11 11:00:00,66961.99,66961.99,66848.49,66848.5,198.78946
2024-06-11 11:05:00,66848.51,66898.16,66762.58,66848.0,201.3642
2024-06-11 11:10:00,66848.0,67123.13,66848.0,67109.0,256.24299
2024-06-11 11:15:00,67109.0,67109.01,67045.53,67071.8,97.36742
2024-06-11 11:20:00,67071.8,67104.0,67006.93,67047.11,109.4278
2024-06-11 11:25:00,67047.11,67047.11,66923.0,66934.68,149.74597
2024-06-11 11:30:00,66934.68,66993.06,66840.0,66885.0,120.24979
2024-06-11 11:35:00,66885.01,66914.57,66790.0,66863.99,193.78862
2024-06-11 11:40:00,66863.99,67019.84,66834.65,66998.66,125.57389
2024-06-11 11:45:00,66998.66,67039.44,66976.0,67005.72,79.18223
2024-06-11 11:50:00,67005.72,67005.73,66892.64,66912.84,99.81214
2024-06-11 11:55:00,66912.84,66935.24,66840.0,66890.01,130.93105
2024-06-11 12:00:00,66890.0,66975.99,66790.8,66841.62,179.44178
2024-06-11 12:05:00,66841.62,67133.33,66841.62,67073.77,189.98923
2024-06-11 12:10:00,67073.77,67194.31,67030.0,67184.6,145.20684
2024-06-11 12:15:00,67184.61,67184.61,67108.28,67119.08,110.50709
2024-06-11 12:20:00,67119.09,67119.09,67005.88,67065.8,79.43117
2024-06-11 12:25:00,67065.81,67065.81,66800.0,66807.48,122.63952
2024-06-11 12:30:00,66807.48,66901.56,66807.48,66856.0,137.26109
2024-06-11 12:35:00,66856.01,66899.83,66830.0,66830.01,88.59769
2024-06-11 12:40:00,66830.01,67070.49,66830.01,67070.48,114.17974
2024-06-11 12:45:00,67070.48,67163.92,67053.96,67108.99,122.33572
2024-06-11 12:50:00,67109.0,67150.0,67105.01,67121.86,91.82514
2024-06-11 12:55:00,67121.86,67121.86,66991.57,67019.99,208.57514
2024-06-11 13:00:00,67020.0,67020.0,66855.0,66879.99,166.20854
2024-06-11 13:05:00,66879.99,67159.18,66879.99,67152.01,145.52297
2024-06-11 13:10:00,67152.0,67240.16,67123.47,67210.6,98.7897
2024-06-11 13:15:00,67210.59,67275.09,67169.49,67261.76,94.98664
2024-06-11 13:20:00,67261.76,67278.88,67234.05,67251.98,100.21322
2024-06-11 13:25:00,67251.98,67277.98,67151.08,67259.65,157.28221
2024-06-11 13:30:00,67259.65,67259.65,67043.35,67089.99,258.63938
2024-06-11 13:35:00,67089.99,67172.0,67034.84,67098.19,161.61436
2024-06-11 13:40:00,67098.19,67098.19,66900.0,66969.99,237.01628
2024-06-11 13:45:00,66970.0,67049.99,66700.0,66832.03,453.33816
2024-06-11 13:50:00,66832.03,67025.54,66759.5,66783.88,227.30554
2024-06-11 13:55:00,66783.87,66812.01,66568.35,66812.0,442.51337
2024-06-11 14:00:00,66812.01,66935.99,66776.81,66935.98,295.57528
2024-06-11 14:05:00,66935.99,67000.01,66917.84,66942.89,228.4401
2024-06-11 14:10:00,66942.89,67027.43,66870.0,67027.42,85.6721
2024-06-11 14:15:00,67027.42,67027.43,66884.01,66884.01,116.72752
2024-06-11 14:20:00,66884.02,66984.44,66850.01,66984.43,68.3977
2024-06-11 14:25:00,66984.44,66984.44,66888.57,66920.62,80.4123
2024-06-11 14:30:00,66920.61,66954.74,66840.01,66878.66,106.50216
2024-06-11 14:35:00,66878.66,66983.91,66878.66,66983.9,71.46549
2024-06-11 14:40:00,66983.91,67087.65,66983.9,67060.38,71.47661
2024-06-11 14:45:00,67060.38,67103.42,67020.0,67099.09,107.4775
2024-06-11 14:50:00,67099.09,67099.1,66970.0,66979.99,90.91827
2024-06-11 14:55:00,66979.99,66980.0,66851.26,66851.26,94.50771
2024-06-11 15:00:00,66851.27,66918.13,66732.99,66803.0,131.30126
2024-06-11 15:05:00,66803.01,66945.97,66633.16,66935.47,252.58392
2024-06-11 15:10:00,66935.47,67067.67,66912.51,67052.02,166.44799
2024-06-11 15:15:00,67052.02,67076.0,67025.38,67050.0,85.29381
2024-06-11 15:20:00,67050.0,67061.6,66920.0,66928.0,87.18299
2024-06-11 15:25:00,66928.0,66928.0,66757.0,66862.69,135.57775
2024-06-11 15:30:00,66862.7,66880.0,66670.0,66755.99,189.07889
2024-06-11 15:35:00,66756.0,66826.59,66540.53,66672.12,353.38364
2024-06-11 15:40:00,66672.13,66672.13,66051.0,66125.68,1174.78925
2024-06-11 15:45:00,66125.68,66463.34,66125.68,66326.96,543.4342
2024-06-11 15:50:00,66326.97,66420.0,66184.92,66228.0,411.38059
2024-06-11 15:55:00,66228.0,66308.0,66180.0,66244.48,268.17608
2024-06-11 16:00:00,66244.48,66491.46,66161.26,66471.25,343.14395
2024-06-11 16:05:00,66471.25,66681.24,66428.01,66576.38,306.5343
2024-06-11 16:10:00,66576.38,66679.17,66576.38,66640.5,145.33651
2024-06-11 16:15:00,66640.5,66691.08,66500.01,66500.01,158.89602
2024-06-11 16:20:00,66500.02,66568.81,66448.0,66464.19,168.48663
2024-06-11 16:25:00,66464.2,66625.23,66464.2,66607.98,87.97228
2024-06-11 16:30:00,66607.98,66738.78,66607.98,66682.41,150.74777
2024-06-11 16:35:00,66682.4,66720.78,66486.96,66500.71,133.02871
2024-06-11 16:40:00,66500.71,66680.55,66500.71,66655.13,95.49507
2024-06-11 16:45:00,66655.14,66710.29,66540.0,66559.99,71.93814
2024-06-11 16:50:00,66559.99,66612.99,66453.42,66466.02,169.9447
2024-06-11 16:55:00,66466.01,66487.49,66325.62,66487.47,165.72385
2024-06-11 17:00:00,66487.48,66644.0,66463.04,66563.2,179.21686
2024-06-11 17:05:00,66563.2,66614.7,66426.6,66484.0,146.74152
2024-06-11 17:10:00,66484.0,66567.74,66440.76,66567.73,81.94415
2024-06-11 17:15:00,66567.73,66601.99,66479.0,66483.99,105.89529
2024-06-11 17:20:00,66483.99,66504.42,66238.79,66261.45,231.77379
2024-06-11 17:25:00,66262.4,66323.67,66175.0,66295.03,122.13109
2024-06-11 17:30:00,66295.02,66424.27,66272.0,66424.26,124.12263
2024-06-11 17:35:00,66424.26,66486.02,66324.99,66486.01,132.96438
2024-06-11 17:40:00,66486.01,66550.33,66486.01,66521.32,100.40091
2024-06-11 17:45:00,66521.31,66605.11,66484.71,66605.11,77.77562
2024-06-11 17:50:00,66605.11,66776.82,66605.11,66730.27,137.84604
2024-06-11 17:55:00,66730.27,66805.98,66681.14,66770.99,86.32569
2024-06-11 18:00:00,66771.0,66835.56,66750.81,66800.59,73.98748
2024-06-11 18:05:00,66800.58,66800.59,66658.63,66662.32,83.71583
2024-06-11 18:10:00,66662.33,66817.17,66652.39,66815.99,63.28869
2024-06-11 18:15:00,66815.99,66954.05,66792.15,66934.18,119.5416
2024-06-11 18:20:00,66934.18,67028.35,66930.04,66972.62,145.53374
2024-06-11 18:25:00,66972.63,67055.92,66972.62,66994.63,182.21328
2024-06-11 18:30:00,66994.63,67124.36,66936.87,67051.49,192.83965
2024-06-11 18:35:00,67051.5,67189.41,67049.55,67179.72,127.22269
2024-06-11 18:40:00,67179.73,67229.93,67136.88,67189.92,143.32575
2024-06-11 18:45:00,67189.93,67194.9,67097.46,67123.99,243.56522
2024-06-11 18:50:00,67124.0,67196.0,67100.27,67107.58,134.87896
2024-06-11 18:55:00,67107.58,67140.0,67037.25,67117.3,97.1314
2024-06-11 19:00:00,67117.31,67235.0,67112.74,67217.19,99.5263
2024-06-11 19:05:00,67217.19,67250.0,67174.95,67216.0,82.44985
2024-06-11 19:10:00,67216.01,67275.45,67156.0,67268.01,117.22288
2024-06-11 19:15:00,67268.01,67277.98,67102.79,67139.9,148.77309
2024-06-11 19:20:00,67139.9,67215.99,67070.51,67194.32,99.50903
2024-06-11 19:25:00,67194.31,67194.31,67152.54,67164.58,41.14557
2024-06-11 19:30:00,67164.58,67213.77,67158.01,67213.76,58.26922
2024-06-11 19:35:00,67213.76,67282.73,67186.15,67236.0,92.76566
2024-06-11 19:40:00,67236.0,67302.13,67236.0,67302.12,54.05365
2024-06-11 19:45:00,67302.13,67480.0,67290.58,67425.5,123.61979
2024-06-11 19:50:00,67425.51,67554.89,67425.5,67527.99,193.72366
2024-06-11 19:55:00,67528.0,67586.64,67324.33,67407.01,308.46171
2024-06-11 20:00:00,67407.02,67407.02,67289.06,67322.41,95.88002
2024-06-11 20:05:00,67322.41,67500.0,67303.06,67475.73,112.62616
2024-06-11 20:10:00,67475.73,67475.74,67366.78,67448.0,76.12957
2024-06-11 20:15:00,67447.99,67463.99,67391.25,67391.25,64.56735
2024-06-11 20:20:00,67391.25,67391.26,67315.77,67326.81,67.54979
2024-06-11 20:25:00,67326.81,67332.6,67257.01,67332.59,78.33591
2024-06-11 20:30:00,67332.6,67332.6,67271.6,67314.75,59.91754
2024-06-11 20:35:00,67314.76,67314.76,67226.09,67250.61,78.93523
2024-06-11 20:40:00,67250.62,67297.35,67228.01,67228.02,40.75706
2024-06-11 20:45:00,67228.02,67238.26,67210.76,67214.05,34.12224
2024-06-11 20:50:00,67214.04,67245.97,67173.92,67232.49,65.70814
2024-06-11 20:55:00,67232.49,67290.08,67232.49,67290.07,65.48383
2024-06-11 21:00:00,67290.07,67319.2,67270.01,67270.02,64.22349
2024-06-11 21:05:00,67270.02,67327.09,67266.28,67314.61,39.13761
2024-06-11 21:10:00,67314.61,67314.62,67253.2,67253.21,31.17814
2024-06-11 21:15:00,67253.21,67298.63,67253.2,67298.62,25.08373
2024-06-11 21:20:00,67298.62,67316.3,67298.62,67305.77,43.86766
2024-06-11 21:25:00,67305.77,67305.78,67305.77,67305.77,18.7151
2024-06-11 21:30:00,67305.77,67305.78,67202.26,67263.99,57.60282
2024-06-11 21:35:00,67263.99,67293.6,67263.99,67293.6,16.85676
2024-06-11 21:40:00,67293.6,67324.98,67293.6,67324.98,32.72848
2024-06-11 21:45:00,67324.97,67326.32,67324.97,67326.31,23.35505
2024-06-11 21:50:00,67326.32,67338.0,67326.31,67337.99,34.86267
2024-06-11 21:55:00,67337.99,67396.62,67337.99,67396.61,26.95163
2024-06-11 22:00:00,67396.61,67485.16,67396.61,67485.15,48.93334
2024-06-11 22:05:00,67485.16,67494.77,67450.48,67469.33,54.00391
2024-06-11 22:10:00,67469.34,67527.92,67469.33,67527.92,44.24674
2024-06-11 22:15:00,67528.01,67572.54,67490.0,67490.0,73.81034
2024-06-11 22:20:00,67490.01,67511.49,67408.0,67408.01,59.34841
2024-06-11 22:25:00,67408.0,67416.0,67365.38,67384.21,40.31403
2024-06-11 22:30:00,67384.22,67384.22,67330.0,67347.99,34.97236
2024-06-11 22:35:00,67348.0,67378.0,67320.06,67331.43,35.55826
2024-06-11 22:40:00,67331.42,67331.43,67311.42,67320.0,25.22982
2024-06-11 22:45:00,67319.99,67364.96,67319.99,67364.96,28.25457
2024-06-11 22:50:00,67364.96,67375.69,67337.65,67375.68,35.68014
2024-06-11 22:55:00,67375.68,67375.69,67360.22,67360.22,20.12416
2024-06-11 23:00:00,67360.22,67453.53,67360.22,67453.52,75.88169
2024-06-11 23:05:00,67453.52,67588.22,67453.52,67552.0,103.39599
2024-06-11 23:10:00,67552.01,67583.25,67482.4,67482.4,134.72465
2024-06-11 23:15:00,67482.4,67487.99,67413.48,67416.0,59.5468
2024-06-11 23:20:00,67416.0,67416.01,67349.88,67378.62,35.42942
2024-06-11 23:25:00,67378.62,67378.63,67364.5,67364.5,18.92338
2024-06-11 23:30:00,67364.5,67388.01,67352.4,67352.4,30.18775
2024-06-11 23:35:00,67352.4,67379.2,67352.4,67379.19,19.58532
2024-06-11 23:40:00,67379.2,67379.2,67338.0,67338.0,31.91042
2024-06-11 23:45:00,67338.0,67373.95,67319.01,67373.95,26.2443
2024-06-11 23:50:00,67373.94,67373.95,67336.0,67336.02,54.8434
2024-06-11 23:55:00,67336.01,67354.9,67309.91,67314.24,40.55028
2024-06-12 00:00:00,67314.23,67365.58,67292.8,67365.58,64.52089
2024-06-12 00:05:00,67365.58,67368.0,67343.31,67352.24,71.41192
2024-06-12 00:10:00,67352.25,67413.29,67352.24,67413.29,24.53157
2024-06-12 00:15:00,67413.29,67436.53,67341.01,67341.02,59.27348
2024-06-12 00:20:00,67341.01,67341.02,67239.59,67239.6,70.65334
2024-06-12 00:25:00,67239.59,67272.32,67231.58,67232.0,32.51097
2024-06-12 00:30:00,67232.01,67263.96,67200.72,67200.72,49.65458
2024-06-12 00:35:00,67200.72,67260.0,67200.72,67229.2,51.83822
2024-06-12 00:40:00,67229.2,67278.63,67229.2,67278.62,21.19006
2024-06-12 00:45:00,67278.63,67307.06,67250.0,67260.72,32.52565
2024-06-12 00:50:00,67260.72,67260.73,67183.8,67183.8,46.73336
2024-06-12 00:55:00,67183.8,67216.0,67183.47,67199.99,40.70584
2024-06-12 01:00:00,67199.99,67217.85,67142.7,67191.21,57.86149
2024-06-12 01:05:00,67191.22,67240.0,67181.62,67240.0,21.10543
2024-06-12 01:10:00,67239.99,67240.0,67151.0,67151.0,42.6356
2024-06-12 01:15:00,67151.01,67177.53,67033.25,67070.81,97.25841
2024-06-12 01:20:00,67070.82,67105.05,67001.0,67066.15,121.09949
2024-06-12 01:25:00,67066.16,67066.16,66906.25,66979.99,204.94084
2024-06-12 01:30:00,66980.0,67094.11,66930.4,67094.11,68.46502
2024-06-12 01:35:00,67094.11,67128.0,67041.15,67052.76,48.82532
2024-06-12 01:40:00,67052.77,67052.77,66905.0,66961.46,65.29122
2024-06-12 01:45:00,66961.45,67034.34,66914.0,67034.34,76.4146
2024-06-12 01:50:00,67034.33,67075.59,67034.33,67053.77,46.05494
2024-06-12 01:55:00,67053.78,67187.71,67053.77,67180.01,39.35552
2024-06-12 02:00:00,67180.0,67191.98,67128.08,67177.31,56.18769
2024-06-12 02:05:00,67177.3,67404.0,67177.3,67403.99,97.19934
2024-06-12 02:10:00,67404.0,67472.34,67390.26,67390.26,113.93965
2024-06-12 02:15:00,67390.27,67526.94,67390.26,67500.04,90.81063
2024-06-12 02:20:00,67500.05,67548.06,67473.47,67473.47,39.98404
2024-06-12 02:25:00,67473.47,67596.15,67473.47,67529.24,72.41503
2024-06-12 02:30:00,67529.25,67558.8,67408.0,67434.35,95.6725
2024-06-12 02:35:00,67434.34,67504.0,67348.13,67422.85,100.70832
2024-06-12 02:40:00,67422.84,67448.0,67354.0,67384.03,55.06694
2024-06-12 02:45:00,67384.03,67439.93,67344.18,67365.21,50.34359
2024-06-12 02:50:00,67365.22,67420.0,67329.74,67419.99,42.25512
2024-06-12 02:55:00,67420.0,67441.98,67390.0,67415.25,62.88812
2024-06-12 03:00:00,67415.26,67496.25,67415.25,67458.09,131.93942
2024-06-12 03:05:00,67458.1,67489.31,67424.0,67433.59,78.53703
2024-06-12 03:10:00,67433.59,67459.59,67382.16,67382.16,60.31685
2024-06-12 03:15:00,67382.17,67448.0,67382.17,67447.99,38.88086
2024-06-12 03:20:00,67448.0,67448.0,67404.95,67404.95,21.86308
2024-06-12 03:25:00,67404.96,67404.96,67352.22,67353.22,55.50514
2024-06-12 03:30:00,67353.22,67390.0,67317.77,67369.8,45.62857
2024-06-12 03:35:00,67369.81,67383.02,67369.8,67371.24,19.89049
2024-06-12 03:40:00,67371.24,67410.0,67354.01,67409.99,28.9871
2024-06-12 03:45:00,67410.0,67410.0,67352.0,67372.99,36.79465
2024-06-12 03:50:00,67372.99,67420.0,67372.99,67419.99,23.60945
2024-06-12 03:55:00,67420.0,67460.0,67395.89,67407.0,47.97203
2024-06-12 04:00:00,67407.01,67472.91,67350.01,67388.32,156.20431
2024-06-12 04:05:00,67388.31,67496.66,67388.31,67494.93,66.97889
2024-06-12 04:10:00,67494.94,67550.0,67491.02,67517.7,79.1481
2024-06-12 04:15:00,67517.7,67580.0,67517.7,67547.2,77.44445
2024-06-12 04:20:00,67547.2,67547.21,67475.46,67484.52,44.72573
2024-06-12 04:25:00,67484.52,67580.11,67484.52,67540.01,161.09396
2024-06-12 04:30:00,67540.0,67581.0,67525.2,67560.01,94.0492
2024-06-12 04:35:00,67560.0,67624.89,67546.78,67606.62,127.99012
2024-06-12 04:40:00,67606.62,67609.49,67582.05,67609.49,34.19355
2024-06-12 04:45:00,67609.48,67609.49,67480.01,67529.99,53.09378
2024-06-12 04:50:00,67530.0,67553.99,67529.99,67540.0,28.45595
2024-06-12 04:55:00,67540.0,67540.01,67462.09,67481.59,49.84602
2024-06-12 05:00:00,67481.6,67505.13,67417.13,67430.95,55.7974
2024-06-12 05:05:00,67430.96,67430.96,67360.0,67395.99,60.25835
2024-06-12 05:10:00,67396.0,67406.52,67370.11,67406.51,23.14705
2024-06-12 05:15:00,67406.51,67483.85,67406.51,67483.84,42.49466
2024-06-12 05:20:00,67483.85,67496.12,67418.76,67437.51,41.89829
2024-06-12 05:25:00,67437.5,67437.51,67370.08,67370.08,26.1494
2024-06-12 05:30:00,67370.08,67418.74,67369.32,67374.46,36.45147
2024-06-12 05:35:00,67374.46,67374.47,67325.21,67325.23,39.23915
2024-06-12 05:40:00,67325.22,67331.96,67284.77,67305.56,53.71365
2024-06-12 05:45:00,67305.57,67305.57,67195.97,67256.31,113.8214
2024-06-12 05:50:00,67256.31,67291.65,67248.87,67291.64,37.41328
2024-06-12 05:55:00,67291.64,67310.9,67225.0,67243.21,47.39263
2024-06-12 06:00:00,67243.21,67318.48,67243.2,67318.47,75.9082
2024-06-12 06:05:00,67318.47,67353.15,67308.01,67349.11,35.81442
2024-06-12 06:10:00,67349.11,67349.2,67309.09,67334.48,34.0774
2024-06-12 06:15:00,67334.49,67381.25,67334.48,67361.39,40.3485
2024-06-12 06:20:00,67361.4,67361.4,67305.76,67344.09,58.49528
2024-06-12 06:25:00,67344.09,67344.1,67307.96,67335.97,27.48944
2024-06-12 06:30:00,67335.97,67338.0,67280.0,67295.99,40.41461
2024-06-12 06:35:00,67295.99,67370.0,67284.0,67369.99,36.39464
2024-06-12 06:40:00,67369.99,67382.81,67336.0,67359.99,45.26873
2024-06-12 06:45:00,67359.99,67360.0,67269.66,67272.2,45.99477
2024-06-12 06:50:00,67272.21,67306.62,67272.2,67293.26,35.91163
2024-06-12 06:55:00,67293.25,67309.29,67280.0,67281.64,44.41044
2024-06-12 07:00:00,67281.63,67309.99,67258.63,67288.0,54.24286
2024-06-12 07:05:00,67288.0,67288.0,67229.78,67251.26,80.84484
2024-06-12 07:10:00,67251.27,67333.58,67251.27,67332.91,54.52539
2024-06-12 07:15:00,67332.91,67390.0,67310.0,67385.6,46.77743
2024-06-12 07:20:00,67385.59,67440.0,67371.71,67371.72,51.59171
2024-06-12 07:25:00,67371.71,67383.74,67334.69,67383.74,30.78073
2024-06-12 07:30:00,67383.73,67412.0,67354.23,67381.91,53.20998
2024-06-12 07:35:00,67381.92,67381.92,67341.2,67359.86,32.00621
2024-06-12 07:40:00,67359.87,67388.59,67357.83,67388.58,74.70763
2024-06-12 07:45:00,67388.58,67388.59,67356.0,67363.59,24.60876
2024-06-12 07:50:00,67363.59,67429.3,67363.59,67429.29,38.28536
2024-06-12 07:55:00,67429.29,67500.01,67429.29,67453.63,99.40828
2024-06-12 08:00:00,67453.64,67473.64,67441.64,67461.0,44.06806
2024-06-12 08:05:00,67461.0,67507.94,67447.56,67500.01,30.39851
2024-06-12 08:10:00,67500.01,67532.64,67489.22,67532.64,55.11223
2024-06-12 08:15:00,67532.64,67532.64,67458.0,67503.73,52.73543
2024-06-12 08:20:00,67503.74,67503.74,67433.8,67466.55,55.07659
2024-06-12 08:25:00,67466.55,67490.0,67396.05,67396.05,68.65829
2024-06-12 08:30:00,67396.05,67429.13,67396.05,67418.79,40.35678
2024-06-12 08:35:00,67418.8,67446.71,67394.31,67403.99,47.09311
2024-06-12 08:40:00,67403.99,67459.46,67376.1,67442.25,39.84235
2024-06-12 08:45:00,67442.26,67454.44,67395.62,67428.4,44.39989
2024-06-12 08:50:00,67428.39,67428.4,67383.99,67384.0,31.39423
2024-06-12 08:55:00,67383.99,67397.5,67383.99,67393.46,21.14908
2024-06-12 09:00:00,67393.47,67402.85,67356.8,67372.02,36.4392
2024-06-12 09:05:00,67372.03,67484.29,67353.02,67440.0,90.22829
2024-06-12 09:10:00,67440.0,67496.0,67430.16,67493.18,36.688
2024-06-12 09:15:00,67493.18,67493.19,67433.26,67450.01,45.05999
2024-06-12 09:20:00,67450.0,67467.03,67434.5,67455.45,41.68136
2024-06-12 09:25:00,67455.44,67455.45,67445.2,67451.76,24.98267
2024-06-12 09:30:00,67451.76,67467.51,67411.9,67462.83,63.65442
2024-06-12 09:35:00,67462.83,67509.1,67450.0,67492.39,63.48556
2024-06-12 09:40:00,67492.4,67530.0,67492.39,67529.99,44.62642
2024-06-12 09:45:00,67530.0,67548.15,67510.0,67548.15,83.08691
2024-06-12 09:50:00,67548.15,67713.8,67548.15,67694.83,199.1306
2024-06-12 09:55:00,67694.83,67804.0,67694.83,67753.32,176.07682
2024-06-12 10:00:00,67753.33,68000.0,67753.32,67938.71,304.37546
2024-06-12 10:05:00,67938.7,68019.0,67896.64,68004.01,165.14893
2024-06-12 10:10:00,68004.0,68017.22,67889.32,67907.59,126.35815
2024-06-12 10:15:00,67907.58,67947.34,67880.43,67903.99,71.51262
2024-06-12 10:20:00,67904.0,67904.0,67829.86,67830.98,70.68013
2024-06-12 10:25:00,67830.98,67876.13,67808.35,67859.03,43.58921
2024-06-12 10:30:00,67859.04,67863.1,67792.0,67851.99,64.58052
2024-06-12 10:35:00,67851.99,67906.23,67851.99,67888.0,33.13752
2024-06-12 10:40:00,67887.99,67927.88,67878.74,67878.74,29.61946
2024-06-12 10:45:00,67878.74,67924.08,67821.61,67861.9,106.03284
2024-06-12 10:50:00,67861.91,67992.4,67861.9,67992.39,72.09937
2024-06-12 10:55:00,67992.39,68059.01,67978.73,67991.98,69.47939
2024-06-12 11:00:00,67991.99,68015.4,67916.0,67916.44,84.04777
2024-06-12 11:05:00,67916.45,67917.2,67862.21,67885.7,60.72746
2024-06-12 11:10:00,67885.7,67921.69,67885.69,67892.17,38.79776
2024-06-12 11:15:00,67892.17,67930.0,67848.21,67924.0,64.87321
2024-06-12 11:20:00,67924.0,67936.81,67865.44,67876.0,47.44479
2024-06-12 11:25:00,67876.0,67876.0,67808.02,67820.0,43.54324
2024-06-12 11:30:00,67820.01,67872.96,67815.02,67859.94,48.47838
2024-06-12 11:35:00,67859.95,67859.95,67781.29,67784.66,90.81129
2024-06-12 11:40:00,67784.66,67810.0,67724.82,67742.15,76.55187
2024-06-12 11:45:00,67742.16,67800.0,67742.15,67799.98,43.22724
2024-06-12 11:50:00,67799.99,67799.99,67724.53,67737.21,77.35917
2024-06-12 11:55:00,67737.21,67778.43,67716.22,67778.43,90.81983
2024-06-12 12:00:00,67778.43,67800.0,67736.0,67799.99,144.68892
2024-06-12 12:05:00,67800.0,67831.73,67750.0,67809.42,64.66924
2024-06-12 12:10:00,67809.42,67835.22,67761.16,67765.01,69.83499
2024-06-12 12:15:00,67765.01,67849.23,67765.01,67849.23,61.35899
2024-06-12 12:20:00,67849.22,67935.7,67849.22,67908.0,108.5945
2024-06-12 12:25:00,67908.01,68010.0,67860.0,68010.0,121.18034
2024-06-12 12:30:00,68010.0,69300.0,68010.0,69299.9,2264.50992
2024-06-12 12:35:00,69299.89,69479.99,69165.2,69317.61,928.35797
2024-06-12 12:40:00,69317.6,69455.36,69286.01,69417.99,425.11183
2024-06-12 12:45:00,69417.98,69488.0,69035.42,69160.0,536.05598
2024-06-12 12:50:00,69160.0,69355.55,69152.0,69336.4,284.66003
2024-06-12 12:55:00,69336.4,69437.21,69216.13,69339.29,370.37771
2024-06-12 13:00:00,69339.29,69630.0,69339.29,69612.0,377.05517
2024-06-12 13:05:00,69612.0,69649.8,69470.0,69540.01,415.52892
2024-06-12 13:10:00,69540.01,69540.01,69360.66,69361.93,200.85265
2024-06-12 13:15:00,69361.93,69398.44,69288.27,69340.21,188.46092
2024-06-12 13:20:00,69340.21,69340.22,69240.3,69240.3,87.44466
2024-06-12 13:25:00,69240.31,69268.74,69084.0,69184.0,504.36081
2024-06-12 13:30:00,69183.99,69427.0,69111.78,69412.44,278.59822
2024-06-12 13:35:00,69412.43,69412.43,69328.77,69353.09,62.10406
2024-06-12 13:40:00,69353.09,69487.05,69353.09,69487.05,180.92598
2024-06-12 13:45:00,69487.05,69507.8,69370.18,69444.9,248.33704
2024-06-12 13:50:00,69444.89,69444.9,69280.0,69280.01,117.49054
2024-06-12 13:55:00,69280.0,69375.0,69265.91,69320.0,73.94342
2024-06-12 14:00:00,69320.01,69446.5,69300.01,69373.17,131.18723
2024-06-12 14:05:00,69373.18,69465.15,69370.0,69461.37,137.12772
2024-06-12 14:10:00,69461.38,69623.9,69445.62,69570.01,220.9546
2024-06-12 14:15:00,69570.01,69748.0,69540.0,69733.06,269.86923
2024-06-12 14:20:00,69733.07,69935.99,69700.0,69920.01,409.22128
2024-06-12 14:25:00,69920.0,69928.56,69816.0,69867.87,172.05678
2024-06-12 14:30:00,69867.87,69980.0,69714.38,69974.54,287.76814
2024-06-12 14:35:00,69974.54,69980.0,69756.26,69794.63,224.42398
2024-06-12 14:40:00,69794.63,69846.68,69732.01,69743.99,125.89503
2024-06-12 14:45:00,69743.99,69820.0,69698.3,69819.99,114.13598
2024-06-12 14:50:00,69820.0,69850.0,69740.0,69783.97,110.83446
2024-06-12 14:55:00,69783.98,69975.26,69773.2,69960.57,231.89775
2024-06-12 15:00:00,69960.56,69999.0,69868.69,69905.49,382.30005
2024-06-12 15:05:00,69905.49,69949.76,69760.01,69774.78,203.40674
2024-06-12 15:10:00,69774.79,69853.54,69720.85,69808.0,149.38896
2024-06-12 15:15:00,69808.0,69830.0,69722.48,69789.99,134.47203
2024-06-12 15:20:00,69789.99,69920.0,69789.99,69833.89,75.72598
2024-06-12 15:25:00,69833.89,69910.0,69823.04,69826.72,65.21126
2024-06-12 15:30:00,69826.73,69826.73,69750.0,69764.01,130.324
2024-06-12 15:35:00,69764.0,69790.0,69711.11,69732.68,97.81905
2024-06-12 15:40:00,69732.67,69800.0,69539.54,69550.01,164.25201
2024-06-12 15:45:00,69550.01,69626.12,69546.74,69616.01,173.73265
2024-06-12 15:50:00,69616.0,69716.68,69616.0,69691.98,160.43443
2024-06-12 15:55:00,69691.98,69761.68,69661.51,69734.0,116.69369
2024-06-12 16:00:00,69734.0,69786.46,69734.0,69740.0,106.46354
2024-06-12 16:05:00,69740.01,69773.2,69666.23,69753.38,108.15422
2024-06-12 16:10:00,69753.38,69762.69,69670.0,69670.0,81.52536
2024-06-12 16:15:00,69670.01,69676.0,69570.0,69570.0,73.90355
2024-06-12 16:20:00,69570.0,69607.24,69535.1,69540.64,120.45399
2024-06-12 16:25:00,69540.64,69575.15,69322.58,69331.1,276.14695
2024-06-12 16:30:00,69331.11,69443.58,69289.5,69390.81,155.41542
2024-06-12 16:35:00,69390.82,69511.32,69371.99,69498.03,108.85422
2024-06-12 16:40:00,69498.03,69548.28,69482.13,69510.23,70.83398
2024-06-12 16:45:00,69510.23,69598.03,69510.23,69529.05,72.13038
2024-06-12 16:50:00,69529.06,69631.48,69529.05,69613.0,90.94074
2024-06-12 16:55:00,69613.0,69651.97,69596.01,69616.0,57.15966
2024-06-12 17:00:00,69616.01,69675.0,69570.0,69570.0,81.42967
2024-06-12 17:05:00,69570.0,69570.0,69492.0,69530.02,75.45895
2024-06-12 17:10:00,69530.03,69613.2,69508.0,69612.44,50.0573
2024-06-12 17:15:00,69612.45,69612.45,69540.01,69568.19,72.48057
2024-06-12 17:20:00,69568.18,69590.0,69539.53,69578.1,62.6161
2024-06-12 17:25:00,69578.1,69657.13,69578.1,69657.13,78.23082
2024-06-12 17:30:00,69657.13,69696.74,69565.0,69696.74,250.90754
2024-06-12 17:35:00,69696.74,69775.8,69657.35,69661.2,139.62708
2024-06-12 17:40:00,69661.21,69698.83,69661.2,69664.01,26.1103
2024-06-12 17:45:00,69664.02,69684.51,69610.0,69649.99,45.51572
2024-06-12 17:50:00,69649.99,69830.0,69649.99,69829.99,200.50337
2024-06-12 17:55:00,69830.0,69862.4,69764.02,69799.99,110.8934
2024-06-12 18:00:00,69800.0,69808.47,68800.0,69259.98,1367.0649
2024-06-12 18:05:00,69259.99,69293.29,68929.21,69127.99,521.4203
2024-06-12 18:10:00,69127.99,69258.9,69112.33,69180.0,273.89485
2024-06-12 18:15:00,69180.01,69445.48,69180.0,69444.44,229.23601
2024-06-12 18:20:00,69444.44,69444.44,69310.0,69310.0,111.44
2024-06-12 18:25:00,69310.01,69333.15,69150.12,69196.01,134.30772
2024-06-12 18:30:00,69196.01,69390.0,69000.0,69091.28,246.22627
2024-06-12 18:35:00,69091.29,69347.75,68856.01,69343.99,348.09274
2024-06-12 18:40:00,69344.0,69357.13,69154.09,69195.39,200.02402
2024-06-12 18:45:00,69195.39,69208.48,68656.27,68735.98,453.84908
2024-06-12 18:50:00,68735.99,68961.29,68625.31,68625.32,432.61929
2024-06-12 18:55:00,68625.31,68850.0,68575.0,68828.01,270.58985
2024-06-12 19:00:00,68828.0,69037.76,68808.0,69016.04,204.11211
2024-06-12 19:05:00,69016.05,69016.05,68828.01,68878.17,136.43198
2024-06-12 19:10:00,68878.17,68932.01,68808.4,68919.96,167.69735
2024-06-12 19:15:00,68919.96,69211.12,68887.19,69180.01,210.75449
2024-06-12 19:20:00,69180.0,69226.14,68823.99,68824.0,176.53509
2024-06-12 19:25:00,68824.0,68864.11,68512.0,68530.46,449.78746
2024-06-12 19:30:00,68530.47,68572.0,68352.94,68449.7,357.71261
2024-06-12 19:35:00,68449.69,68583.2,68236.16,68240.14,334.30657
2024-06-12 19:40:00,68240.14,68285.28,68061.64,68103.49,429.26948
2024-06-12 19:45:00,68103.48,68118.45,67420.33,67507.99,1225.77638
2024-06-12 19:50:00,67507.99,67543.99,67250.0,67407.63,725.88727
2024-06-12 19:55:00,67407.63,67624.0,67332.85,67532.92,365.17335
2024-06-12 20:00:00,67532.92,67610.21,67413.51,67514.84,250.15111
2024-06-12 20:05:00,67514.84,67768.67,67514.84,67700.0,233.39263
2024-06-12 20:10:00,67700.0,67818.24,67680.0,67791.36,165.37899
2024-06-12 20:15:00,67791.36,67871.29,67742.5,67802.62,209.31428
2024-06-12 20:20:00,67802.62,67893.34,67802.61,67844.95,69.82736
2024-06-12 20:25:00,67844.95,67960.01,67799.87,67940.47,140.90019
2024-06-12 20:30:00,67940.47,68083.96,67900.01,68072.0,116.5721
2024-06-12 20:35:00,68072.01,68140.88,68031.77,68096.0,167.56173
2024-06-12 20:40:00,68096.01,68299.87,68095.1,68299.87,289.17334
2024-06-12 20:45:00,68299.86,68312.0,68088.32,68149.4,172.82632
2024-06-12 20:50:00,68149.4,68149.4,68080.0,68093.93,60.57952
2024-06-12 20:55:00,68093.94,68138.0,68093.93,68103.97,34.07119
2024-06-12 21:00:00,68103.96,68217.2,68097.91,68198.42,75.87284
2024-06-12 21:05:00,68198.42,68223.55,68170.01,68173.87,38.4104
2024-06-12 21:10:00,68173.87,68244.24,68173.86,68244.24,27.58153
2024-06-12 21:15:00,68244.24,68280.19,68244.23,68266.29,69.91942
2024-06-12 21:20:00,68266.29,68322.96,68233.79,68233.8,41.04605
2024-06-12 21:25:00,68233.79,68434.64,68205.0,68434.64,63.60454
2024-06-12 21:30:00,68434.63,68454.36,68338.31,68441.82,45.24973
2024-06-12 21:35:00,68441.82,68667.44,68428.02,68613.93,184.86648
2024-06-12 21:40:00,68613.93,68628.46,68509.64,68586.26,94.77139
2024-06-12 21:45:00,68586.27,68611.91,68424.88,68456.56,137.83088
2024-06-12 21:50:00,68456.56,68564.82,68456.56,68554.77,118.98162
2024-06-12 21:55:00,68554.76,68556.0,68492.51,68536.0,65.47172
2024-06-12 22:00:00,68536.0,68539.99,68415.53,68472.14,90.24829
2024-06-12 22:05:00,68472.13,68472.14,68411.7,68428.7,56.85955
2024-06-12 22:10:00,68428.7,68468.86,68427.4,68435.42,27.46811
2024-06-12 22:15:00,68435.43,68435.43,68382.38,68386.4,35.88133
2024-06-12 22:20:00,68386.39,68386.4,68297.94,68305.48,134.91598
2024-06-12 22:25:00,68305.48,68316.46,68279.79,68306.53,42.45585
2024-06-12 22:30:00,68306.52,68306.53,68270.92,68289.23,26.17217
2024-06-12 22:35:00,68288.46,68360.0,68279.64,68333.37,34.0517
2024-06-12 22:40:00,68333.37,68333.37,68291.74,68291.75,39.12141
2024-06-12 22:45:00,68291.75,68291.75,68272.84,68278.76,37.54903
2024-06-12 22:50:00,68278.76,68380.0,68278.75,68367.67,33.55623
2024-06-12 22:55:00,68367.66,68367.67,68320.0,68345.82,32.9486
2024-06-12 23:00:00,68345.81,68347.0,68285.14,68295.99,44.61916
2024-06-12 23:05:00,68295.99,68296.0,68219.28,68229.01,48.01985
2024-06-12 23:10:00,68229.01,68252.65,68166.66,68213.76,70.05974
2024-06-12 23:15:00,68213.76,68227.62,68149.78,68168.6,39.76353
2024-06-12 23:20:00,68168.59,68187.99,68124.0,68187.98,35.20175
2024-06-12 23:25:00,68187.98,68222.98,68164.0,68216.11,27.40847
2024-06-12 23:30:00,68216.1,68243.99,68176.0,68243.99,36.31928
2024-06-12 23:35:00,68243.99,68275.94,68235.13,68275.19,22.99535
2024-06-12 23:40:00,68275.18,68275.18,68223.79,68223.8,21.91094
2024-06-12 23:45:00,68223.8,68251.1,68223.79,68248.0,34.10145
2024-06-12 23:50:00,68247.99,68270.23,68234.21,68262.77,23.70423
2024-06-12 23:55:00,68262.76,68267.1,68247.71,68263.99,21.48653
2024-06-13 00:00:00,68263.98,68290.0,68173.72,68196.0,60.93346
2024-06-13 00:05:00,68196.0,68196.0,68104.19,68141.05,58.58811
2024-06-13 00:10:00,68141.06,68141.06,68077.04,68093.25,57.18792
2024-06-13 00:15:00,68093.25,68136.9,68005.85,68005.86,63.82789
2024-06-13 00:20:00,68005.86,68200.0,68005.85,68183.85,54.08685
2024-06-13 00:25:00,68183.84,68226.48,68160.0,68185.03,46.57647
2024-06-13 00:30:00,68185.03,68239.99,68177.52,68194.01,36.18416
2024-06-13 00:35:00,68194.0,68194.0,68104.0,68151.0,53.55105
2024-06-13 00:40:00,68151.0,68210.07,68116.29,68210.07,42.74326
2024-06-13 00:45:00,68210.07,68342.95,68208.64,68330.85,83.42952
2024-06-13 00:50:00,68330.85,68393.63,68328.0,68393.62,73.95809
2024-06-13 00:55:00,68393.62,68393.63,68326.65,68330.02,22.17805
2024-06-13 01:00:00,68330.02,68363.35,68304.0,68304.01,31.31828
2024-06-13 01:05:00,68304.01,68304.01,68236.2,68256.0,26.74001
2024-06-13 01:10:00,68256.0,68304.0,68226.82,68300.4,46.10741
2024-06-13 01:15:00,68300.4,68318.35,68126.22,68160.01,55.58517
2024-06-13 01:20:00,68160.01,68176.0,68113.15,68143.99,28.72565
2024-06-13 01:25:00,68143.98,68143.99,68084.08,68119.92,30.82874
2024-06-13 01:30:00,68119.92,68141.44,68022.57,68046.51,61.57003
2024-06-13 01:35:00,68046.51,68106.49,68046.51,68080.55,25.37917
2024-06-13 01:40:00,68080.55,68132.0,68052.0,68120.01,63.27434
2024-06-13 01:45:00,68120.01,68175.99,68072.03,68072.04,51.53642
2024-06-13 01:50:00,68072.04,68080.0,68020.0,68020.01,50.64992
2024-06-13 01:55:00,68020.01,68050.0,67910.0,67979.63,172.85987
2024-06-13 02:00:00,67979.63,67998.0,67910.0,67921.33,197.35446
2024-06-13 02:05:00,67921.34,67963.05,67832.35,67915.57,131.67352
2024-06-13 02:10:00,67915.56,67948.99,67854.61,67908.0,109.04619
2024-06-13 02:15:00,67908.0,68020.0,67833.0,68020.0,84.46139
2024-06-13 02:20:00,68020.0,68099.5,68019.99,68072.0,67.73151
2024-06-13 02:25:00,68072.0,68140.0,68072.0,68100.01,57.89914
2024-06-13 02:30:00,68100.01,68177.0,68096.0,68105.44,48.80425
2024-06-13 02:35:00,68105.44,68117.42,68005.29,68007.69,122.17574
2024-06-13 02:40:00,68007.7,68014.43,67769.94,67865.98,277.13097
2024-06-13 02:45:00,67865.98,67922.83,67757.36,67779.26,88.33624
2024-06-13 02:50:00,67779.26,67852.0,67740.0,67740.01,101.14629
2024-06-13 02:55:00,67740.0,67772.0,67690.95,67734.81,135.78437
2024-06-13 03:00:00,67734.8,67734.8,67626.67,67695.72,125.15895
2024-06-13 03:05:00,67695.73,67784.0,67644.83,67739.31,130.41067
2024-06-13 03:10:00,67739.3,67844.44,67710.6,67830.42,100.79116
2024-06-13 03:15:00,67830.42,67850.08,67654.5,67674.75,78.69934
2024-06-13 03:20:00,67674.75,67804.32,67568.0,67575.08,231.42239
2024-06-13 03:25:00,67575.08,67619.97,67399.36,67434.84,305.10202
2024-06-13 03:30:00,67434.84,67494.8,67258.18,67288.0,336.91158
2024-06-13 03:35:00,67288.0,67339.99,66969.98,67008.0,623.1474
2024-06-13 03:40:00,67008.0,67260.0,67000.0,67250.01,169.80386
2024-06-13 03:45:00,67250.0,67344.57,67229.95,67344.57,178.58988
2024-06-13 03:50:00,67344.57,67431.09,67344.57,67379.51,89.92499
2024-06-13 03:55:00,67379.5,67478.56,67372.03,67474.94,79.32364
2024-06-13 04:00:00,67474.95,67664.04,67432.0,67664.0,180.45846
2024-06-13 04:05:00,67664.0,67677.11,67566.66,67584.69,111.02025
2024-06-13 04:10:00,67584.68,67636.0,67566.66,67636.0,56.98032
2024-06-13 04:15:00,67636.0,67729.41,67604.93,67651.99,206.82755
2024-06-13 04:20:00,67651.98,67676.0,67610.0,67660.01,59.41308
2024-06-13 04:25:00,67660.0,67688.0,67636.88,67672.78,61.83274
2024-06-13 04:30:00,67672.77,67672.78,67612.0,67612.0,37.04662
2024-06-13 04:35:00,67612.0,67648.0,67512.23,67516.87,91.48387
2024-06-13 04:40:00,67516.86,67615.03,67516.86,67615.02,48.41284
2024-06-13 04:45:00,67615.03,67615.03,67420.33,67476.58,76.63998
2024-06-13 04:50:00,67476.57,67479.0,67382.83,67400.01,53.13738
2024-06-13 04:55:00,67400.0,67408.0,67328.0,67328.01,66.7897
2024-06-13 05:00:00,67328.01,67414.86,67328.01,67414.85,80.84121
2024-06-13 05:05:00,67414.86,67549.39,67414.85,67540.95,69.73091
2024-06-13 05:10:00,67540.95,67575.75,67496.01,67570.39,59.12741
2024-06-13 05:15:00,67570.39,67631.85,67557.34,67564.0,55.8068
2024-06-13 05:20:00,67563.99,67564.0,67507.83,67514.23,40.3504
2024-06-13 05:25:00,67514.23,67585.25,67514.22,67579.83,19.37601
2024-06-13 05:30:00,67579.82,67579.83,67529.34,67557.83,49.65956
2024-06-13 05:35:00,67557.82,67623.99,67557.82,67614.11,42.28407
2024-06-13 05:40:00,67614.1,67652.16,67592.71,67650.15,49.99768
2024-06-13 05:45:00,67650.15,67680.0,67588.89,67588.9,77.94153
2024-06-13 05:50:00,67588.9,67592.72,67536.0,67563.35,49.48501
2024-06-13 05:55:00,67563.34,67616.51,67563.34,67604.04,47.10711
2024-06-13 06:00:00,67604.04,67614.55,67479.75,67479.76,101.04089
2024-06-13 06:05:00,67479.76,67506.76,67455.19,67461.05,64.01861
2024-06-13 06:10:00,67461.05,67468.82,67450.0,67459.99,24.89292
2024-06-13 06:15:00,67459.99,67483.92,67401.29,67448.75,57.1379
2024-06-13 06:20:00,67448.75,67454.74,67444.01,67445.87,19.68149
2024-06-13 06:25:00,67445.86,67470.96,67434.84,67470.95,35.15008
2024-06-13 06:30:00,67470.96,67470.96,67300.3,67360.92,70.10224
2024-06-13 06:35:00,67360.91,67398.49,67321.91,67379.89,52.24271
2024-06-13 06:40:00,67379.88,67442.99,67379.88,67390.1,51.15332
2024-06-13 06:45:00,67390.1,67453.1,67364.84,67453.1,50.71164
2024-06-13 06:50:00,67453.1,67575.76,67453.09,67548.04,62.67078
2024-06-13 06:55:00,67548.05,67550.53,67517.05,67518.57,29.93474
2024-06-13 07:00:00,67518.58,67518.58,67443.4,67456.55,87.95764
2024-06-13 07:05:00,67456.55,67456.55,67399.99,67434.55,76.7933
2024-06-13 07:10:00,67434.55,67574.99,67434.54,67564.82,46.43627
2024-06-13 07:15:00,67564.82,67611.79,67564.81,67576.0,42.75585
2024-06-13 07:20:00,67576.0,67691.38,67541.34,67679.74,72.10346
2024-06-13 07:25:00,67679.74,67696.44,67661.95,67688.55,60.86428
2024-06-13 07:30:00,67688.56,67698.77,67660.0,67682.27,51.68221
2024-06-13 07:35:00,67682.27,67682.27,67652.5,67653.0,34.13474
2024-06-13 07:40:00,67653.0,67653.0,67612.23,67640.02,38.11415
2024-06-13 07:45:00,67640.01,67663.34,67614.09,67663.34,36.70075
2024-06-13 07:50:00,67663.33,67679.45,67638.52,67679.44,38.14477
2024-06-13 07:55:00,67679.44,67724.81,67675.63,67724.81,67.58336
2024-06-13 08:00:00,67724.8,67726.11,67680.0,67719.11,81.62256
2024-06-13 08:05:00,67719.11,67752.06,67719.1,67736.0,60.23254
2024-06-13 08:10:00,67735.99,67736.0,67660.0,67669.84,33.66995
2024-06-13 08:15:00,67669.83,67669.84,67620.85,67645.0,55.65763
2024-06-13 08:20:00,67645.0,67678.9,67637.94,67637.95,31.87332
2024-06-13 08:25:00,67637.95,67667.61,67576.6,67590.48,78.22734
2024-06-13 08:30:00,67590.48,67623.99,67551.43,67589.99,36.81502
2024-06-13 08:35:00,67589.99,67608.18,67544.0,67568.08,40.34574
2024-06-13 08:40:00,67568.08,67628.48,67535.32,67598.79,52.10736
2024-06-13 08:45:00,67598.8,67598.8,67508.0,67530.0,40.04476
2024-06-13 08:50:00,67530.0,67594.56,67508.15,67594.56,65.29224
2024-06-13 08:55:00,67594.55,67619.17,67557.43,67565.56,33.83738
2024-06-13 09:00:00,67565.57,67569.67,67524.86,67549.99,53.63972
2024-06-13 09:05:00,67549.99,67555.9,67480.0,67521.16,58.74261
2024-06-13 09:10:00,67521.15,67548.69,67476.23,67500.01,31.33074
2024-06-13 09:15:00,67500.0,67524.7,67441.3,67452.0,59.70577
2024-06-13 09:20:00,67452.01,67463.09,67363.13,67420.0,93.6949
2024-06-13 09:25:00,67420.0,67420.0,67318.2,67385.07,59.8147
2024-06-13 09:30:00,67385.07,67385.07,67260.0,67348.08,113.63857
2024-06-13 09:35:00,67348.08,67352.0,67270.58,67270.59,99.02604
2024-06-13 09:40:00,67270.59,67283.6,67192.72,67192.73,142.4217
2024-06-13 09:45:00,67192.72,67319.82,67168.0,67294.49,80.92554
2024-06-13 09:50:00,67294.49,67359.96,67294.48,67339.99,66.01425
2024-06-13 09:55:00,67340.0,67445.0,67339.99,67419.86,203.62149
2024-06-13 10:00:00,67419.86,67486.03,67387.81,67389.61,70.89767
2024-06-13 10:05:00,67389.61,67402.79,67350.0,67350.0,61.35714
2024-06-13 10:10:00,67350.01,67350.01,67280.23,67298.09,51.16128
2024-06-13 10:15:00,67298.08,67310.52,67230.94,67305.56,98.52696
2024-06-13 10:20:00,67305.56,67382.0,67305.55,67376.41,59.32359
2024-06-13 10:25:00,67376.41,67385.52,67364.0,67385.51,24.06032
2024-06-13 10:30:00,67385.51,67416.66,67371.1,67406.3,49.91741
2024-06-13 10:35:00,67406.3,67489.92,67380.0,67476.02,60.76858
2024-06-13 10:40:00,67476.01,67594.0,67476.01,67581.08,73.7465
2024-06-13 10:45:00,67581.08,67632.9,67531.91,67622.85,95.87472
2024-06-13 10:50:00,67622.84,67844.44,67622.82,67844.44,174.09289
2024-06-13 10:55:00,67844.43,67971.2,67800.8,67820.4,280.07895
2024-06-13 11:00:00,67820.4,67902.04,67812.0,67842.29,140.63213
2024-06-13 11:05:00,67842.28,67880.0,67780.27,67801.02,135.52357
2024-06-13 11:10:00,67801.01,67839.99,67733.69,67839.99,90.33685
2024-06-13 11:15:00,67839.98,67899.67,67792.26,67864.44,145.97639
2024-06-13 11:20:00,67864.44,67930.0,67856.0,67856.0,62.18326
2024-06-13 11:25:00,67856.01,67924.28,67814.17,67924.28,44.05278
2024-06-13 11:30:00,67924.28,67961.07,67865.75,67865.76,74.97195
2024-06-13 11:35:00,67865.76,67887.83,67828.0,67828.01,41.61143
2024-06-13 11:40:00,67828.01,67880.0,67828.0,67860.0,41.362
2024-06-13 11:45:00,67859.99,67860.0,67768.32,67799.27,43.19961
2024-06-13 11:50:00,67799.27,67799.27,67720.0,67725.0,71.56273
2024-06-13 11:55:00,67725.0,67740.0,67648.49,67739.99,98.69911
2024-06-13 12:00:00,67740.0,67843.73,67710.0,67784.98,66.91199
2024-06-13 12:05:00,67784.97,67808.0,67756.11,67788.91,46.19363
2024-06-13 12:10:00,67788.91,67860.0,67740.0,67830.01,53.24765
2024-06-13 12:15:00,67830.01,67850.0,67735.36,67735.37,50.35123
2024-06-13 12:20:00,67735.37,67848.0,67735.37,67836.95,37.80563
2024-06-13 12:25:00,67836.95,67876.0,67816.24,67854.53,77.3277
2024-06-13 12:30:00,67854.54,68449.3,67702.17,68108.97,1119.0004
2024-06-13 12:35:00,68108.97,68220.45,67772.01,67774.07,356.02492
2024-06-13 12:40:00,67774.07,67847.99,67615.68,67729.88,233.65543
2024-06-13 12:45:00,67729.88,67822.3,67682.74,67700.17,124.73566
2024-06-13 12:50:00,67700.16,67716.0,67535.3,67603.98,311.76257
2024-06-13 12:55:00,67603.99,67750.0,67439.43,67749.54,179.78121
2024-06-13 13:00:00,67749.54,67827.67,67720.01,67770.0,140.84378
2024-06-13 13:05:00,67769.99,67777.7,67617.71,67647.76,109.53876
2024-06-13 13:10:00,67647.75,67800.0,67640.06,67799.99,96.86631
2024-06-13 13:15:00,67800.0,67900.0,67799.99,67842.62,99.86014
2024-06-13 13:20:00,67842.62,67947.38,67784.01,67925.36,78.41677
2024-06-13 13:25:00,67925.36,68099.22,67925.35,68033.26,216.51506
2024-06-13 13:30:00,68033.26,68151.16,67963.35,68135.92,343.8314
2024-06-13 13:35:00,68135.93,68269.33,68066.25,68252.01,144.58314
2024-06-13 13:40:00,68252.01,68272.0,68060.0,68100.0,155.81371
2024-06-13 13:45:00,68100.0,68100.0,67891.23,67916.01,138.2958
2024-06-13 13:50:00,67916.0,67938.23,67676.0,67697.45,204.07825
2024-06-13 13:55:00,67697.45,67712.0,67521.55,67589.99,168.24044
2024-06-13 14:00:00,67590.0,67633.78,67406.29,67476.01,449.20481
2024-06-13 14:05:00,67476.01,67679.94,67476.01,67664.01,114.59872
2024-06-13 14:10:00,67664.01,67664.01,67349.83,67443.37,156.63557
2024-06-13 14:15:00,67443.37,67619.17,67402.07,67603.23,114.84326
2024-06-13 14:20:00,67603.23,67638.06,67324.0,67340.0,104.39367
2024-06-13 14:25:00,67340.0,67411.97,67150.0,67284.02,304.29805
2024-06-13 14:30:00,67284.02,67507.45,67284.02,67499.27,252.33258
2024-06-13 14:35:00,67499.26,67739.28,67342.28,67720.01,270.58361
2024-06-13 14:40:00,67720.01,67720.01,67530.78,67540.01,126.0901
2024-06-13 14:45:00,67540.01,67678.67,67471.64,67600.0,120.17693
2024-06-13 14:50:00,67600.0,67639.84,67492.0,67504.16,121.60491
2024-06-13 14:55:00,67504.15,67510.0,67329.33,67365.62,106.51459
2024-06-13 15:00:00,67365.62,67385.49,67269.43,67332.0,115.9617
2024-06-13 15:05:00,67331.99,67496.53,67248.03,67422.6,139.17167
2024-06-13 15:10:00,67422.6,67537.87,67305.37,67305.38,83.90033
2024-06-13 15:15:00,67305.38,67312.12,67041.94,67068.64,364.32001
2024-06-13 15:20:00,67068.63,67097.76,66941.17,67068.0,334.1784
2024-06-13 15:25:00,67067.99,67091.75,66940.35,66980.02,174.82589
2024-06-13 15:30:00,66980.01,67047.98,66909.09,66945.65,224.8986
2024-06-13 15:35:00,66945.65,66982.63,66661.58,66674.11,511.50002
2024-06-13 15:40:00,66674.11,66736.67,66521.35,66608.01,425.48759
2024-06-13 15:45:00,66608.02,66692.18,66476.0,66605.3,402.92033
2024-06-13 15:50:00,66605.3,66644.0,66472.24,66510.0,233.66807
2024-06-13 15:55:00,66510.0,66539.95,66368.76,66470.01,366.12218
2024-06-13 16:00:00,66470.01,66539.31,66251.78,66436.05,474.88517
2024-06-13 16:05:00,66436.04,66776.53,66436.04,66621.14,278.00184
2024-06-13 16:10:00,66621.13,66824.0,66618.86,66708.14,166.41701
2024-06-13 16:15:00,66708.13,66810.03,66660.0,66713.45,130.26246
2024-06-13 16:20:00,66713.44,66820.0,66570.0,66634.12,208.44741
2024-06-13 16:25:00,66634.12,66678.54,66568.57,66665.99,102.30116
2024-06-13 16:30:00,66666.0,66760.0,66584.0,66595.97,134.93636
2024-06-13 16:35:00,66595.98,66659.99,66576.0,66647.35,100.45983
2024-06-13 16:40:00,66647.34,66711.99,66630.0,66698.09,156.87952
2024-06-13 16:45:00,66698.09,66810.13,66624.94,66809.75,247.61815
2024-06-13 16:50:00,66809.75,66881.56,66786.71,66851.32,150.42143
2024-06-13 16:55:00,66851.31,67019.42,66851.31,66976.0,180.09788
2024-06-13 17:00:00,66976.01,67058.82,66960.36,67058.17,136.27686
2024-06-13 17:05:00,67058.16,67080.13,66852.0,66852.0,116.08077
2024-06-13 17:10:00,66852.01,67011.99,66840.02,66950.19,103.26079
2024-06-13 17:15:00,66950.19,66960.0,66888.96,66930.01,89.0831
2024-06-13 17:20:00,66930.01,66934.97,66710.02,66724.0,113.91641
2024-06-13 17:25:00,66724.0,66798.55,66710.71,66722.86,65.65128
2024-06-13 17:30:00,66722.85,66799.99,66639.47,66773.51,115.36151
2024-06-13 17:35:00,66773.51,66866.87,66686.94,66866.87,108.38362
2024-06-13 17:40:00,66866.86,66920.0,66808.0,66872.13,97.89682
2024-06-13 17:45:00,66872.12,66872.13,66779.0,66848.0,52.6406
2024-06-13 17:50:00,66848.0,66930.0,66847.99,66882.05,70.69949
2024-06-13 17:55:00,66882.05,66924.0,66882.04,66920.0,60.65173
2024-06-13 18:00:00,66919.99,66920.0,66748.0,66763.52,88.60956
2024-06-13 18:05:00,66763.51,66900.0,66755.09,66889.76,103.3365
2024-06-13 18:10:00,66889.76,66962.93,66889.75,66962.93,69.07863
2024-06-13 18:15:00,66962.92,66976.87,66897.16,66919.98,62.44703
2024-06-13 18:20:00,66919.99,66950.0,66835.89,66929.99,76.82302
2024-06-13 18:25:00,66930.0,66940.0,66860.01,66868.02,52.45965
2024-06-13 18:30:00,66868.01,66930.0,66824.0,66828.61,48.84294
2024-06-13 18:35:00,66828.61,66835.99,66700.5,66727.99,68.17055
2024-06-13 18:40:00,66727.99,66826.64,66693.43,66826.64,58.86656
2024-06-13 18:45:00,66826.64,66872.0,66812.0,66850.66,55.69497
2024-06-13 18:50:00,66850.67,66880.0,66820.01,66868.57,53.14689
2024-06-13 18:55:00,66868.57,66920.0,66856.01,66862.99,71.11414
2024-06-13 19:00:00,66862.99,66884.0,66768.05,66862.54,73.71639
2024-06-13 19:05:00,66862.54,66868.0,66736.0,66759.9,47.98203
2024-06-13 19:10:00,66759.9,66796.59,66709.51,66713.19,57.48724
2024-06-13 19:15:00,66713.2,66765.91,66676.0,66743.92,58.99407
2024-06-13 19:20:00,66743.92,66838.06,66726.24,66802.37,76.38385
2024-06-13 19:25:00,66802.36,66878.76,66758.85,66828.93,72.18169
2024-06-13 19:30:00,66828.92,66828.93,66645.11,66692.03,126.93086
2024-06-13 19:35:00,66692.03,66729.03,66620.1,66708.02,78.53366
2024-06-13 19:40:00,66706.67,66730.64,66668.0,66703.01,52.64732
2024-06-13 19:45:00,66703.0,66776.0,66672.0,66766.13,56.12662
2024-06-13 19:50:00,66766.13,66766.13,66657.64,66664.74,45.24624
2024-06-13 19:55:00,66664.74,66740.0,66588.83,66604.01,76.38167
2024-06-13 20:00:00,66604.01,66695.29,66581.36,66672.44,71.30854
2024-06-13 20:05:00,66672.43,66810.48,66588.8,66588.84,91.50745
2024-06-13 20:10:00,66588.83,66659.99,66577.0,66659.99,32.05765
2024-06-13 20:15:00,66659.99,66773.2,66659.98,66757.27,54.59437
2024-06-13 20:20:00,66757.27,66757.27,66713.91,66750.0,41.54037
2024-06-13 20:25:00,66750.0,66750.0,66691.16,66691.17,19.77578
2024-06-13 20:30:00,66691.17,66699.12,66661.0,66699.12,60.22872
2024-06-13 20:35:00,66699.11,66699.12,66600.0,66638.22,47.30606
2024-06-13 20:40:00,66638.22,66638.22,66530.84,66548.0,79.66643
2024-06-13 20:45:00,66548.0,66599.76,66547.99,66580.42,29.54193
2024-06-13 20:50:00,66580.41,66648.93,66580.41,66648.93,30.22166
2024-06-13 20:55:00,66648.93,66712.98,66648.92,66712.98,41.54182
2024-06-13 21:00:00,66712.97,66764.7,66689.0,66764.7,51.41107
2024-06-13 21:05:00,66764.69,66798.58,66739.85,66783.56,78.97154
2024-06-13 21:10:00,66783.56,66783.56,66680.14,66739.99,58.58822
2024-06-13 21:15:00,66739.99,66807.02,66739.98,66749.91,43.48885
2024-06-13 21:20:00,66749.92,66788.0,66690.8,66690.81,42.884
2024-06-13 21:25:00,66690.81,66731.98,66690.8,66713.69,28.59771
2024-06-13 21:30:00,66713.7,66839.16,66713.69,66839.14,28.81272
2024-06-13 21:35:00,66839.14,66866.67,66762.51,66866.67,41.88611
2024-06-13 21:40:00,66866.67,66882.06,66864.59,66864.61,28.28199
2024-06-13 21:45:00,66864.61,66906.04,66851.35,66901.79,34.37256
2024-06-13 21:50:00,66901.79,66966.67,66901.76,66961.51,52.52517
2024-06-13 21:55:00,66961.5,66969.99,66910.0,66969.99,43.17344
2024-06-13 22:00:00,66969.99,66969.99,66885.0,66931.02,49.45773
2024-06-13 22:05:00,66931.01,66958.93,66920.0,66920.01,37.14182
2024-06-13 22:10:00,66920.0,66946.89,66881.23,66881.24,39.64793
2024-06-13 22:15:00,66881.24,66883.89,66840.07,66876.03,24.30027
2024-06-13 22:20:00,66876.03,66920.0,66876.02,66916.48,50.39124
2024-06-13 22:25:00,66916.47,66920.0,66900.0,66911.54,43.8135
2024-06-13 22:30:00,66911.53,66948.55,66900.0,66948.55,30.83997
2024-06-13 22:35:00,66948.54,66948.55,66924.61,66947.53,31.36417
2024-06-13 22:40:00,66947.53,66962.86,66947.52,66952.02,17.59809
2024-06-13 22:45:00,66952.02,66980.0,66936.0,66976.25,26.31938
2024-06-13 22:50:00,66976.25,66976.25,66900.0,66901.14,38.13149
2024-06-13 22:55:00,66901.13,66901.14,66858.34,66896.0,27.83578
2024-06-13 23:00:00,66895.99,66895.99,66749.29,66752.01,55.87774
2024-06-13 23:05:00,66752.0,66791.16,66739.67,66750.72,39.92193
2024-06-13 23:10:00,66750.72,66750.72,66681.4,66729.34,37.49449
2024-06-13 23:15:00,66729.34,66778.28,66729.33,66778.28,24.79467
2024-06-13 23:20:00,66778.28,66827.21,66778.27,66820.52,32.85887
2024-06-13 23:25:00,66820.51,66897.0,66820.51,66885.11,28.16227
2024-06-13 23:30:00,66885.11,66894.05,66861.46,66894.05,25.35379
2024-06-13 23:35:00,66894.04,66909.26,66809.89,66809.89,41.30857
2024-06-13 23:40:00,66809.9,66850.0,66809.89,66829.01,18.22241
2024-06-13 23:45:00,66829.0,66859.92,66821.09,66821.15,18.38683
2024-06-13 23:50:00,66821.15,66826.55,66768.0,66771.52,25.06104
2024-06-13 23:55:00,66771.51,66792.16,66752.93,66773.01,24.61305
2024-06-14 00:00:00,66773.01,66897.96,66773.0,66897.96,81.66315
2024-06-14 00:05:00,66897.95,66897.96,66783.27,66783.28,69.49817
2024-06-14 00:10:00,66783.28,66830.96,66738.75,66755.12,129.56936
2024-06-14 00:15:00,66755.11,66771.99,66700.0,66738.01,68.72303
2024-06-14 00:20:00,66738.02,66776.0,66658.17,66728.02,79.20831
2024-06-14 00:25:00,66728.01,66850.0,66687.88,66784.96,67.65101
2024-06-14 00:30:00,66784.96,66799.72,66728.35,66744.0,43.56503
2024-06-14 00:35:00,66744.0,66772.0,66646.57,66687.17,50.85428
2024-06-14 00:40:00,66687.16,66735.99,66687.16,66691.66,43.92415
2024-06-14 00:45:00,66691.66,66720.0,66650.01,66684.02,34.66242
2024-06-14 00:50:00,66684.02,66728.97,66604.6,66728.97,53.5141
2024-06-14 00:55:00,66728.97,66766.97,66700.46,66727.73,39.45367
2024-06-14 01:00:00,66727.73,66760.0,66661.57,66679.55,51.37778
2024-06-14 01:05:00,66679.54,66679.55,66547.1,66585.05,89.81545
2024-06-14 01:10:00,66585.05,66731.84,66564.0,66717.07,62.46659
2024-06-14 01:15:00,66717.07,66752.37,66708.41,66729.13,42.9106
2024-06-14 01:20:00,66729.12,66730.0,66701.3,66701.3,28.24647
2024-06-14 01:25:00,66701.3,66703.96,66584.0,66632.38,37.16205
2024-06-14 01:30:00,66632.38,66659.39,66480.0,66505.06,87.55531
2024-06-14 01:35:00,66505.06,66600.8,66500.35,66514.23,66.77883
2024-06-14 01:40:00,66514.23,66688.0,66514.22,66637.33,54.16842
2024-06-14 01:45:00,66637.34,66735.72,66628.01,66732.01,41.57248
2024-06-14 01:50:00,66732.0,66806.34,66724.73,66749.08,52.27874
2024-06-14 01:55:00,66749.08,66833.1,66745.46,66806.17,50.71272
2024-06-14 02:00:00,66806.17,66844.44,66763.78,66813.18,70.66195
2024-06-14 02:05:00,66813.18,66821.99,66722.52,66725.02,40.67306
2024-06-14 02:10:00,66725.02,66859.99,66713.5,66738.66,61.1642
2024-06-14 02:15:00,66738.66,66834.07,66738.65,66764.37,29.82243
2024-06-14 02:20:00,66764.36,66830.02,66764.36,66803.29,24.32461
2024-06-14 02:25:00,66803.29,66852.52,66750.89,66795.6,118.97038
2024-06-14 02:30:00,66796.95,66824.0,66796.95,66812.32,26.60771
2024-06-14 02:35:00,66812.31,66852.0,66784.02,66848.0,61.3821
2024-06-14 02:40:00,66848.0,66867.06,66816.23,66832.5,47.19909
2024-06-14 02:45:00,66832.5,66890.25,66792.0,66828.02,48.40188
2024-06-14 02:50:00,66828.02,66920.01,66828.01,66917.39,78.99368
2024-06-14 02:55:00,66917.39,67027.32,66917.38,66952.0,123.89562
2024-06-14 03:00:00,66952.01,66982.98,66836.0,66836.0,87.60723
2024-06-14 03:05:00,66836.01,66926.53,66723.96,66723.96,121.95289
2024-06-14 03:10:00,66723.96,66774.1,66723.96,66762.74,43.34037
2024-06-14 03:15:00,66762.74,66805.8,66738.55,66757.75,33.26069
2024-06-14 03:20:00,66757.74,66765.55,66739.74,66743.0,18.18789
2024-06-14 03:25:00,66743.0,66761.59,66717.3,66725.64,32.98683
2024-06-14 03:30:00,66725.64,66778.63,66676.28,66719.99,51.1615
2024-06-14 03:35:00,66719.98,66745.19,66677.67,66682.21,41.21318
2024-06-14 03:40:00,66682.21,66763.46,66682.2,66763.46,36.58863
2024-06-14 03:45:00,66763.46,66774.68,66728.01,66746.67,32.58852
2024-06-14 03:50:00,66746.67,66762.22,66732.63,66737.99,21.86263
2024-06-14 03:55:00,66737.99,66744.0,66720.0,66744.0,24.7588
2024-06-14 04:00:00,66744.0,66808.0,66743.99,66778.38,32.08843
2024-06-14 04:05:00,66778.38,66820.79,66778.38,66814.92,48.55995
2024-06-14 04:10:00,66814.92,66814.93,66784.16,66796.0,20.92651
2024-06-14 04:15:00,66796.0,66796.0,66762.04,66762.05,52.88723
2024-06-14 04:20:00,66762.04,66778.68,66741.5,66771.68,31.37127
2024-06-14 04:25:00,66771.68,66833.33,66771.67,66833.32,15.09486
2024-06-14 04:30:00,66833.33,66833.33,66756.5,66756.51,36.78801
2024-06-14 04:35:00,66756.5,66779.53,66745.03,66750.01,39.65212
2024-06-14 04:40:00,66750.0,66750.01,66722.81,66727.05,19.32777
2024-06-14 04:45:00,66727.05,66745.0,66717.0,66728.01,18.30452
2024-06-14 04:50:00,66728.0,66765.0,66728.0,66729.33,32.18705
2024-06-14 04:55:00,66729.33,66739.99,66717.38,66717.39,12.3597
2024-06-14 05:00:00,66717.38,66780.0,66707.76,66774.33,62.96411
2024-06-14 05:05:00,66774.33,66805.45,66774.32,66804.85,34.63445
2024-06-14 05:10:00,66804.85,66804.85,66765.0,66765.01,21.82395
2024-06-14 05:15:00,66765.0,66801.14,66765.0,66801.14,36.13664
2024-06-14 05:20:00,66801.14,66820.78,66777.98,66813.08,51.11702
2024-06-14 05:25:00,66813.08,66830.0,66813.07,66830.0,17.53534
2024-06-14 05:30:00,66830.0,66927.43,66820.77,66920.01,135.18186
2024-06-14 05:35:00,66920.01,67150.0,66904.0,67063.42,152.28825
2024-06-14 05:40:00,67063.42,67128.0,66987.46,67100.0,100.39676
2024-06-14 05:45:00,67100.01,67221.32,67082.07,67108.29,155.57737
2024-06-14 05:50:00,67108.28,67108.29,67008.0,67034.58,39.51822
2024-06-14 05:55:00,67034.57,67136.69,67023.83,67052.49,87.13433
2024-06-14 06:00:00,67052.5,67090.0,66959.33,66967.99,96.9694
2024-06-14 06:05:00,66968.0,67010.0,66956.86,66980.02,50.92617
2024-06-14 06:10:00,66980.02,67050.0,66980.01,67023.99,45.91571
2024-06-14 06:15:00,67023.99,67100.0,67023.98,67099.99,46.36277
2024-06-14 06:20:00,67100.0,67124.29,67065.16,67077.23,36.62267
2024-06-14 06:25:00,67077.23,67077.23,66900.0,66911.01,81.88884
2024-06-14 06:30:00,66911.02,66980.0,66876.0,66916.67,75.52164
2024-06-14 06:35:00,66916.68,66940.0,66884.07,66890.02,51.97057
2024-06-14 06:40:00,66890.02,66993.49,66890.01,66976.01,72.6808
2024-06-14 06:45:00,66976.0,67059.09,66950.93,67013.07,95.27574
2024-06-14 06:50:00,67013.07,67013.07,66940.46,66985.17,52.43432
2024-06-14 06:55:00,66985.16,66997.43,66946.61,66962.41,24.76471
2024-06-14 07:00:00,66962.4,67038.26,66960.0,66984.58,33.07705
2024-06-14 07:05:00,66984.57,66990.0,66970.0,66970.36,25.80008
2024-06-14 07:10:00,66970.36,67028.0,66970.35,67003.8,32.10189
2024-06-14 07:15:00,67003.8,67050.67,66973.8,66976.31,54.78489
2024-06-14 07:20:00,66976.3,67012.31,66963.41,66963.42,30.61447
2024-06-14 07:25:00,66963.41,66966.31,66940.0,66941.28,60.07206
2024-06-14 07:30:00,66941.28,66960.0,66910.0,66960.0,55.42358
2024-06-14 07:35:00,66960.0,66970.0,66940.0,66969.99,69.22304
2024-06-14 07:40:00,66970.0,66989.63,66934.86,66945.81,74.92026
2024-06-14 07:45:00,66945.81,67027.62,66945.81,67016.4,86.24394
2024-06-14 07:50:00,67016.4,67110.1,67014.37,67064.16,173.60118
2024-06-14 07:55:00,67064.15,67079.19,66885.68,66904.98,261.99275
2024-06-14 08:00:00,66904.98,66940.01,66863.46,66930.0,75.31725
2024-06-14 08:05:00,66929.99,67059.27,66929.99,67059.26,248.37866
2024-06-14 08:10:00,67059.27,67207.31,67059.27,67188.9,164.4012
2024-06-14 08:15:00,67188.9,67256.32,67130.0,67169.93,144.27461
2024-06-14 08:20:00,67169.94,67224.01,67126.78,67155.5,84.09902
2024-06-14 08:25:00,67155.5,67179.27,67100.0,67148.25,59.63401
2024-06-14 08:30:00,67148.25,67170.0,67080.01,67084.72,62.0016
2024-06-14 08:35:00,67084.72,67151.52,67072.01,67114.59,52.05118
2024-06-14 08:40:00,67114.6,67179.52,67114.59,67165.26,50.09222
2024-06-14 08:45:00,67165.26,67232.0,67130.0,67195.21,88.61953
2024-06-14 08:50:00,67195.21,67219.72,67170.83,67188.72,83.03665
2024-06-14 08:55:00,67188.71,67197.1,67132.54,67152.04,73.28779
2024-06-14 09:00:00,67152.04,67152.04,67061.25,67117.77,77.83031
2024-06-14 09:05:00,67117.77,67130.0,67067.21,67069.87,52.28606
2024-06-14 09:10:00,67069.88,67098.44,67000.0,67088.0,85.87679
2024-06-14 09:15:00,67088.0,67088.0,67000.0,67004.31,110.76827
2024-06-14 09:20:00,67004.3,67088.05,67001.94,67088.05,61.67445
2024-06-14 09:25:00,67088.05,67132.0,67060.87,67066.73,59.80794
2024-06-14 09:30:00,67066.73,67066.73,67000.0,67026.0,51.79321
2024-06-14 09:35:00,67026.01,67035.49,67000.0,67000.02,55.91296
2024-06-14 09:40:00,67000.01,67000.01,66899.39,66932.99,146.08423
2024-06-14 09:45:00,66932.99,66979.5,66931.38,66950.02,45.07265
2024-06-14 09:50:00,66950.01,66975.25,66950.01,66966.93,28.50599
2024-06-14 09:55:00,66966.92,66966.93,66912.0,66920.01,49.1444
2024-06-14 10:00:00,66920.01,66949.9,66884.0,66884.01,64.58478
2024-06-14 10:05:00,66884.0,66960.0,66836.54,66960.0,60.13538
2024-06-14 10:10:00,66960.0,66970.0,66944.02,66953.11,39.45097
2024-06-14 10:15:00,66953.11,67015.92,66944.84,66944.85,62.81055
2024-06-14 10:20:00,66944.85,66984.0,66895.39,66895.4,72.6152
2024-06-14 10:25:00,66895.4,66946.67,66866.38,66930.51,103.56684
2024-06-14 10:30:00,66930.51,66940.09,66883.33,66883.34,64.00102
2024-06-14 10:35:00,66883.33,66908.24,66874.63,66892.91,22.3411
2024-06-14 10:40:00,66892.91,66892.91,66860.86,66889.86,30.0719
2024-06-14 10:45:00,66889.86,66896.0,66860.86,66864.12,35.78599
2024-06-14 10:50:00,66864.11,66909.83,66860.0,66909.83,26.69144
2024-06-14 10:55:00,66909.82,66927.6,66873.14,66873.14,38.42342
2024-06-14 11:00:00,66873.15,66918.7,66850.0,66900.0,59.49857
2024-06-14 11:05:00,66899.99,66922.1,66746.4,66820.02,124.11407
2024-06-14 11:10:00,66820.01,66930.0,66820.01,66912.01,93.49067
2024-06-14 11:15:00,66912.0,66969.01,66910.0,66915.01,100.02242
2024-06-14 11:20:00,66915.01,66946.74,66915.0,66941.18,39.82795
2024-06-14 11:25:00,66941.17,67063.15,66941.17,67062.42,56.45635
2024-06-14 11:30:00,67062.41,67080.75,67022.21,67064.01,49.75171
2024-06-14 11:35:00,67064.01,67098.09,67015.78,67033.05,39.91833
2024-06-14 11:40:00,67033.05,67063.87,67013.14,67013.15,30.78076
2024-06-14 11:45:00,67013.14,67101.0,67013.14,67100.99,69.69886
2024-06-14 11:50:00,67100.98,67100.99,67068.0,67068.01,46.374
2024-06-14 11:55:00,67068.0,67077.5,67000.0,67036.0,43.57034
2024-06-14 12:00:00,67035.99,67053.02,67004.41,67046.52,60.96695
2024-06-14 12:05:00,67046.52,67118.76,66960.58,67015.6,166.35481
2024-06-14 12:10:00,67015.6,67159.51,67010.98,67154.38,83.25481
2024-06-14 12:15:00,67154.37,67250.0,67151.0,67233.97,80.02772
2024-06-14 12:20:00,67233.96,67283.69,67224.53,67254.0,70.92709
2024-06-14 12:25:00,67253.99,67288.0,67144.66,67194.0,98.94666
2024-06-14 12:30:00,67194.01,67235.89,67088.0,67094.33,89.84941
2024-06-14 12:35:00,67094.33,67132.14,67083.73,67095.01,66.28954
2024-06-14 12:40:00,67095.01,67126.48,67050.0,67062.21,50.38889
2024-06-14 12:45:00,67062.21,67094.41,67000.26,67001.03,57.06287
2024-06-14 12:50:00,67001.03,67080.0,66980.0,67073.01,48.55839
2024-06-14 12:55:00,67073.0,67096.94,67050.0,67083.3,55.06433
2024-06-14 13:00:00,67083.31,67135.21,67070.0,67107.86,39.8249
2024-06-14 13:05:00,67107.85,67134.33,66978.38,66978.38,123.75586
2024-06-14 13:10:00,66978.39,67029.71,66950.0,67029.71,206.8124
2024-06-14 13:15:00,67029.71,67197.88,67029.7,67164.01,223.16578
2024-06-14 13:20:00,67164.01,67259.56,67164.0,67250.46,65.3479
2024-06-14 13:25:00,67250.45,67331.18,67236.91,67331.18,75.25066
2024-06-14 13:30:00,67331.18,67360.08,67240.0,67360.08,134.32496
2024-06-14 13:35:00,67360.07,67370.24,67140.05,67224.01,126.33658
2024-06-14 13:40:00,67224.01,67263.5,67156.0,67178.05,64.24898
2024-06-14 13:45:00,67178.04,67214.62,67119.99,67160.01,100.29144
2024-06-14 13:50:00,67160.01,67229.78,67146.66,67200.01,35.68218
2024-06-14 13:55:00,67200.0,67212.0,67066.2,67070.5,53.76753
2024-06-14 14:00:00,67070.49,67115.25,66944.44,66968.01,199.54352
2024-06-14 14:05:00,66968.0,67095.85,66944.51,66983.5,104.3507
2024-06-14 14:10:00,66983.51,67019.99,66950.0,66985.52,72.99879
2024-06-14 14:15:00,66985.52,67035.12,66893.76,66900.02,194.17744
2024-06-14 14:20:00,66900.01,66914.85,66780.95,66792.0,160.94861
2024-06-14 14:25:00,66792.01,66816.41,66601.01,66697.73,284.46097
2024-06-14 14:30:00,66697.72,66760.0,66561.3,66746.24,205.10944
2024-06-14 14:35:00,66746.24,66840.0,66624.0,66803.99,166.78388
2024-06-14 14:40:00,66804.0,66862.34,66671.12,66850.01,184.95872
2024-06-14 14:45:00,66850.01,66908.0,66773.49,66890.0,188.94443
2024-06-14 14:50:00,66890.01,66990.55,66884.56,66955.0,100.28599
2024-06-14 14:55:00,66955.01,67016.51,66952.0,66982.98,78.5794
2024-06-14 15:00:00,66982.98,66994.45,66860.51,66893.11,70.30787
2024-06-14 15:05:00,66893.11,66932.01,66774.71,66812.01,93.68984
2024-06-14 15:10:00,66812.01,66853.09,66792.0,66839.26,83.21882
2024-06-14 15:15:00,66839.27,66893.74,66760.55,66846.78,92.29998
2024-06-14 15:20:00,66846.79,66880.0,66813.33,66852.0,58.01672
2024-06-14 15:25:00,66851.99,66955.55,66844.58,66909.24,80.05845
2024-06-14 15:30:00,66909.25,67059.46,66909.25,66962.19,94.00784
2024-06-14 15:35:00,66962.18,66996.0,66851.85,66851.86,79.38662
2024-06-14 15:40:00,66851.85,66851.86,66645.59,66645.59,138.83719
2024-06-14 15:45:00,66645.59,66680.0,66475.29,66521.47,358.60289
2024-06-14 15:50:00,66521.46,66540.0,66400.0,66435.99,249.65321
2024-06-14 15:55:00,66435.98,66445.74,66344.67,66392.0,214.73636
2024-06-14 16:00:00,66392.0,66520.0,66365.51,66365.52,130.77132
2024-06-14 16:05:00,66365.52,66383.81,65600.0,65807.43,1457.94695
2024-06-14 16:10:00,65807.44,66149.99,65773.62,65851.41,700.09282
2024-06-14 16:15:00,65851.41,65979.76,65700.0,65834.22,407.32671
2024-06-14 16:20:00,65834.22,65950.0,65713.3,65713.3,254.06675
2024-06-14 16:25:00,65713.3,65773.46,65298.8,65323.86,630.23228
2024-06-14 16:30:00,65323.86,65483.94,65302.11,65316.09,412.65603
2024-06-14 16:35:00,65316.08,65528.66,65285.0,65356.01,390.28829
2024-06-14 16:40:00,65356.0,65508.52,65201.0,65288.47,332.10769
2024-06-14 16:45:00,65288.46,65440.0,65200.87,65439.99,344.98865
2024-06-14 16:50:00,65440.0,65592.0,65424.04,65432.0,240.40191
2024-06-14 16:55:00,65432.0,65493.86,65242.86,65293.4,227.84398
2024-06-14 17:00:00,65293.39,65350.0,65078.31,65078.32,298.82598
2024-06-14 17:05:00,65078.32,65319.14,65078.31,65308.01,193.13501
2024-06-14 17:10:00,65308.01,65440.0,65256.0,65419.89,135.79171
2024-06-14 17:15:00,65419.89,65497.65,65380.0,65474.49,107.83954
2024-06-14 17:20:00,65474.49,65556.62,65444.0,65464.01,141.2202
2024-06-14 17:25:00,65464.0,65540.79,65456.01,65523.19,102.37815
2024-06-14 17:30:00,65523.2,65610.82,65452.0,65600.86,89.07671
2024-06-14 17:35:00,65603.34,65712.85,65603.34,65712.75,115.94388
2024-06-14 17:40:00,65712.75,65753.23,65501.5,65522.34,124.95984
2024-06-14 17:45:00,65522.35,65549.99,65396.58,65410.66,136.97318
2024-06-14 17:50:00,65410.66,65472.0,65393.06,65422.85,76.44849
2024-06-14 17:55:00,65422.84,65434.78,65328.0,65416.01,86.77933
2024-06-14 18:00:00,65416.01,65437.76,65325.3,65429.51,94.44684
2024-06-14 18:05:00,65429.51,65429.51,65150.0,65196.36,158.26756
2024-06-14 18:10:00,65196.36,65222.64,65125.59,65144.01,116.6585
2024-06-14 18:15:00,65144.01,65245.66,65111.61,65245.66,111.48098
2024-06-14 18:20:00,65245.66,65251.64,65078.0,65098.83,208.28638
2024-06-14 18:25:00,65098.83,65298.38,65098.82,65264.17,139.51847
2024-06-14 18:30:00,65264.17,65372.31,65233.1,65333.45,136.21724
2024-06-14 18:35:00,65333.45,65375.97,65325.86,65355.81,65.61156
2024-06-14 18:40:00,65355.81,65465.1,65298.29,65460.73,274.93295
2024-06-14 18:45:00,65460.72,65460.73,65346.63,65353.18,126.38448
2024-06-14 18:50:00,65353.18,65537.31,65342.46,65520.36,92.89013
2024-06-14 18:55:00,65520.35,65524.86,65466.02,65524.86,123.09456
2024-06-14 19:00:00,65524.85,65526.63,65470.0,65510.02,83.82878
2024-06-14 19:05:00,65510.01,65514.84,65436.01,65504.02,71.64772
2024-06-14 19:10:00,65504.01,65528.0,65340.04,65343.99,120.3799
2024-06-14 19:15:00,65343.99,65376.44,65299.99,65351.77,56.12559
2024-06-14 19:20:00,65351.77,65414.98,65304.01,65376.0,53.68474
2024-06-14 19:25:00,65376.0,65683.48,65369.85,65670.52,134.84238
2024-06-14 19:30:00,65670.51,65684.0,65552.01,65562.57,112.37593
2024-06-14 19:35:00,65562.56,65615.99,65459.99,65469.9,56.78841
2024-06-14 19:40:00,65469.9,65499.69,65432.0,65459.95,52.59785
2024-06-14 19:45:00,65459.94,65535.99,65433.82,65509.99,61.29123
2024-06-14 19:50:00,65510.0,65519.64,65400.01,65459.98,36.43662
2024-06-14 19:55:00,65459.99,65560.0,65450.0,65520.02,57.89333
2024-06-14 20:00:00,65520.02,65648.85,65480.0,65623.65,131.54039
2024-06-14 20:05:00,65623.66,65655.33,65536.0,65553.57,47.53727
2024-06-14 20:10:00,65553.58,65645.93,65540.53,65645.93,52.61647
2024-06-14 20:15:00,65645.92,65670.0,65612.23,65652.41,77.59891
2024-06-14 20:20:00,65652.41,65773.11,65652.4,65752.01,59.26714
2024-06-14 20:25:00,65752.01,65917.82,65695.15,65904.02,173.27235
2024-06-14 20:30:00,65904.02,65970.23,65835.99,65836.0,107.56201
2024-06-14 20:35:00,65835.99,65850.0,65813.35,65813.65,48.90532
2024-06-14 20:40:00,65813.65,65813.65,65726.58,65762.47,66.22224
2024-06-14 20:45:00,65762.46,65762.47,65700.0,65700.01,36.03402
2024-06-14 20:50:00,65700.0,65738.87,65684.51,65720.01,53.47115
2024-06-14 20:55:00,65720.0,65766.41,65712.53,65766.41,47.34789
2024-06-14 21:00:00,65766.41,65838.49,65760.92,65794.31,50.41616
2024-06-14 21:05:00,65794.3,65794.3,65750.19,65750.2,33.01565
2024-06-14 21:10:00,65750.2,65761.11,65725.77,65730.63,28.52651
2024-06-14 21:15:00,65730.63,65869.76,65730.62,65850.01,69.61105
2024-06-14 21:20:00,65850.01,65934.0,65824.0,65934.0,81.30384
2024-06-14 21:25:00,65934.0,66116.0,65861.86,66115.99,208.58403
2024-06-14 21:30:00,66116.0,66278.54,66085.56,66171.74,264.91117
2024-06-14 21:35:00,66171.74,66627.52,66156.12,66478.13,469.99504
2024-06-14 21:40:00,66478.13,66479.58,66024.05,66148.41,189.78305
2024-06-14 21:45:00,66148.41,66201.31,66055.47,66156.48,177.8007
2024-06-14 21:50:00,66156.48,66383.1,66156.47,66288.02,120.78804
2024-06-14 21:55:00,66288.01,66316.0,66166.97,66196.01,148.41475
2024-06-14 22:00:00,66196.01,66252.0,65882.35,65940.0,367.5639
2024-06-14 22:05:00,65939.99,66004.0,65919.41,65984.02,87.3409
2024-06-14 22:10:00,65984.01,66065.53,65984.01,66040.0,59.51588
2024-06-14 22:15:00,66040.0,66060.0,65964.94,66020.0,56.3418
2024-06-14 22:20:00,66020.0,66043.88,66012.04,66013.58,48.59968
2024-06-14 22:25:00,66013.58,66013.58,65961.6,65965.2,33.62401
2024-06-14 22:30:00,65965.2,66003.99,65932.01,65958.66,56.29692
2024-06-14 22:35:00,65960.0,66000.0,65952.0,66000.0,24.3764
2024-06-14 22:40:00,66000.0,66038.22,65993.74,66027.49,34.94428
2024-06-14 22:45:00,66027.49,66035.27,65996.02,66015.41,31.23479
2024-06-14 22:50:00,66015.41,66059.13,66000.01,66031.24,38.10768
2024-06-14 22:55:00,66031.23,66055.72,66006.13,66014.01,31.08374
2024-06-14 23:00:00,66014.01,66014.01,65965.14,65965.15,57.62393
2024-06-14 23:05:00,65965.15,65965.15,65920.01,65927.72,26.88364
2024-06-14 23:10:00,65927.72,65939.44,65916.0,65918.04,18.75227
2024-06-14 23:15:00,65918.04,65939.43,65918.03,65929.99,29.87062
2024-06-14 23:20:00,65930.0,66013.59,65929.99,66008.01,45.82158
2024-06-14 23:25:00,66008.0,66076.0,65992.0,66004.01,41.83592
2024-06-14 23:30:00,66004.01,66057.67,66000.0,66042.01,30.12149
2024-06-14 23:35:00,66042.0,66063.69,66042.0,66063.69,19.7367
2024-06-14 23:40:00,66063.68,66063.69,66009.97,66019.99,18.6434
2024-06-14 23:45:00,66019.99,66081.39,66008.0,66052.01,30.18941
2024-06-14 23:50:00,66052.01,66052.48,66029.97,66052.48,13.08231
2024-06-14 23:55:00,66052.47,66052.49,66036.0,66043.99,15.91988
2024-06-15 00:00:00,66043.99,66072.0,65999.99,66052.0,151.99242
2024-06-15 00:05:00,66052.0,66064.0,66028.0,66028.78,64.0465
2024-06-15 00:10:00,66028.77,66055.48,65967.5,66049.29,144.77064
2024-06-15 00:15:00,66049.29,66116.4,66036.01,66116.4,37.35985
2024-06-15 00:20:00,66116.39,66150.0,66102.79,66150.0,48.34597
2024-06-15 00:25:00,66150.0,66166.5,66112.0,66116.58,43.98969
2024-06-15 00:30:00,66116.57,66124.37,66076.0,66123.4,50.45569
2024-06-15 00:35:00,66123.4,66170.44,66116.01,66170.44,41.4542
2024-06-15 00:40:00,66170.44,66208.54,66168.0,66208.54,39.51587
2024-06-15 00:45:00,66208.53,66285.71,66202.51,66267.64,117.51037
2024-06-15 00:50:00,66267.64,66287.76,66248.62,66263.46,49.8803
2024-06-15 00:55:00,66263.46,66263.46,66185.06,66185.62,46.05733
2024-06-15 01:00:00,66185.62,66235.06,66185.61,66205.04,32.85034
2024-06-15 01:05:00,66205.03,66290.0,66205.03,66256.82,58.53389
2024-06-15 01:10:00,66256.82,66256.82,66186.5,66204.0,78.67098
2024-06-15 01:15:00,66204.0,66204.0,66103.88,66115.26,37.13457
2024-06-15 01:20:00,66115.26,66132.0,66104.0,66116.02,38.18023
2024-06-15 01:25:00,66116.02,66128.0,66075.11,66104.95,23.63256
2024-06-15 01:30:00,66104.95,66142.0,66104.94,66128.3,27.69609
2024-06-15 01:35:00,66128.31,66131.34,66080.0,66083.49,13.96407
2024-06-15 01:40:00,66083.48,66083.49,66064.88,66083.48,14.1832
2024-06-15 01:45:00,66083.48,66111.88,66083.47,66090.01,20.62685
2024-06-15 01:50:00,66090.01,66112.0,66090.01,66101.92,14.07235
2024-06-15 01:55:00,66101.92,66130.69,66066.63,66076.01,21.28027
2024-06-15 02:00:00,66076.0,66076.01,66050.32,66066.63,29.15601
2024-06-15 02:05:00,66066.62,66100.0,66060.01,66100.0,30.22369
2024-06-15 02:10:00,66100.0,66131.33,66099.99,66131.33,26.75734
2024-06-15 02:15:00,66131.33,66161.85,66131.33,66161.85,21.24246
2024-06-15 02:20:00,66161.85,66190.12,66158.98,66184.32,19.2231
2024-06-15 02:25:00,66184.31,66184.32,66168.0,66168.16,29.9937
2024-06-15 02:30:00,66168.16,66210.62,66168.15,66210.62,35.03464
2024-06-15 02:35:00,66210.62,66253.29,66210.61,66240.79,31.09188
2024-06-15 02:40:00,66240.78,66253.29,66228.01,66228.02,27.70027
2024-06-15 02:45:00,66228.01,66228.01,66185.84,66196.02,22.75371
2024-06-15 02:50:00,66196.02,66220.0,66196.01,66220.0,11.62478
2024-06-15 02:55:00,66220.0,66220.0,66202.09,66215.35,25.38201
2024-06-15 03:00:00,66215.34,66270.54,66215.34,66268.06,35.0043
2024-06-15 03:05:00,66268.06,66273.88,66236.0,66246.75,46.46349
2024-06-15 03:10:00,66246.75,66246.75,66230.51,66232.17,18.97901
2024-06-15 03:15:00,66232.17,66244.28,66192.0,66216.52,31.96686
2024-06-15 03:20:00,66216.52,66228.0,66216.51,66224.99,19.42886
2024-06-15 03:25:00,66224.99,66248.0,66221.59,66232.93,66.45878
2024-06-15 03:30:00,66232.93,66254.99,66196.33,66214.94,65.91175
2024-06-15 03:35:00,66214.93,66243.99,66214.93,66243.99,29.48707
2024-06-15 03:40:00,66243.99,66260.0,66234.6,66260.0,71.0439
2024-06-15 03:45:00,66259.99,66260.0,66228.07,66228.08,22.07669
2024-06-15 03:50:00,66228.08,66242.14,66228.07,66232.86,22.64087
2024-06-15 03:55:00,66232.85,66267.87,66232.85,66267.87,52.39963
2024-06-15 04:00:00,66267.87,66283.0,66266.2,66266.21,30.09327
2024-06-15 04:05:00,66266.21,66286.5,66249.13,66286.46,27.16898
2024-06-15 04:10:00,66286.46,66370.01,66286.45,66322.37,74.53274
2024-06-15 04:15:00,66322.36,66380.58,66318.35,66333.23,28.82843
2024-06-15 04:20:00,66333.23,66338.66,66277.93,66277.95,46.06581
2024-06-15 04:25:00,66277.95,66277.95,66210.0,66220.0,59.36194
2024-06-15 04:30:00,66220.0,66222.87,66210.0,66213.61,14.35188
2024-06-15 04:35:00,66213.61,66252.38,66213.6,66252.38,15.97462
2024-06-15 04:40:00,66252.38,66287.68,66252.37,66278.86,45.90168
2024-06-15 04:45:00,66278.86,66336.0,66267.96,66285.8,78.02572
2024-06-15 04:50:00,66285.79,66289.98,66264.01,66284.02,43.35598
2024-06-15 04:55:00,66284.01,66284.02,66230.17,66246.85,45.67304
2024-06-15 05:00:00,66246.84,66291.15,66246.84,66283.23,32.21721
2024-06-15 05:05:00,66283.23,66300.0,66272.0,66272.01,34.67043
2024-06-15 05:10:00,66272.01,66311.77,66272.0,66309.73,64.66836
2024-06-15 05:15:00,66309.72,66310.87,66274.27,66310.87,26.2309
2024-06-15 05:20:00,66310.87,66327.86,66310.86,66327.86,26.21338
2024-06-15 05:25:00,66327.86,66389.1,66327.85,66369.25,56.21086
2024-06-15 05:30:00,66369.25,66369.25,66280.0,66282.6,45.07064
2024-06-15 05:35:00,66282.6,66282.6,66260.0,66270.03,15.26774
2024-06-15 05:40:00,66270.02,66318.0,66270.02,66318.0,34.50094
2024-06-15 05:45:00,66317.99,66318.0,66272.0,66277.21,29.16467
2024-06-15 05:50:00,66277.2,66285.43,66215.29,66219.96,70.3527
2024-06-15 05:55:00,66219.95,66231.82,66219.95,66231.82,25.15151
2024-06-15 06:00:00,66231.81,66316.0,66231.81,66316.0,29.83825
2024-06-15 06:05:00,66315.99,66380.21,66310.68,66372.0,48.86188
2024-06-15 06:10:00,66372.0,66416.66,66323.31,66352.0,58.20511
2024-06-15 06:15:00,66351.99,66404.38,66300.64,66300.65,59.27556
2024-06-15 06:20:00,66300.64,66338.22,66285.48,66294.82,62.35385
2024-06-15 06:25:00,66294.81,66311.71,66283.39,66311.71,20.98651
2024-06-15 06:30:00,66311.7,66311.71,66273.5,66273.51,26.05136
2024-06-15 06:35:00,66273.51,66284.0,66236.88,66236.89,49.49163
2024-06-15 06:40:00,66236.89,66250.0,66225.49,66233.47,94.96885
2024-06-15 06:45:00,66233.46,66233.47,66157.58,66185.33,153.83006
2024-06-15 06:50:00,66185.33,66238.45,66164.14,66201.01,114.7173
2024-06-15 06:55:00,66201.0,66201.0,66127.0,66168.57,130.22615
2024-06-15 07:00:00,66168.57,66192.69,66098.2,66167.56,261.48839
2024-06-15 07:05:00,66167.56,66200.0,66099.99,66125.14,199.34062
2024-06-15 07:10:00,66125.14,66151.72,66099.99,66134.82,154.39114
2024-06-15 07:15:00,66134.82,66180.0,66134.81,66180.0,46.41487
2024-06-15 07:20:00,66180.0,66198.69,66153.0,66155.03,35.64309
2024-06-15 07:25:00,66155.03,66173.5,66099.99,66118.93,96.53049
2024-06-15 07:30:00,66118.92,66136.0,66076.01,66118.31,79.77511
2024-06-15 07:35:00,66118.31,66118.31,66083.48,66096.01,51.22767
2024-06-15 07:40:00,66096.01,66107.99,66077.58,66107.99,57.77018
2024-06-15 07:45:00,66107.99,66107.99,66076.0,66080.01,36.63453
2024-06-15 07:50:00,66080.01,66088.0,66065.8,66088.0,36.36142
2024-06-15 07:55:00,66088.0,66088.0,66072.29,66076.99,18.03442
2024-06-15 08:00:00,66076.99,66126.92,66076.98,66117.42,46.1987
2024-06-15 08:05:00,66117.43,66164.89,66117.42,66164.89,22.69888
2024-06-15 08:10:00,66164.88,66168.45,66132.26,66132.27,31.74681
2024-06-15 08:15:00,66132.27,66173.45,66132.26,66169.96,21.09341
2024-06-15 08:20:00,66169.96,66197.31,66169.95,66197.31,15.59842
2024-06-15 08:25:00,66197.3,66197.31,66156.97,66166.6,23.85267
2024-06-15 08:30:00,66166.6,66218.11,66166.59,66214.16,25.66078
2024-06-15 08:35:00,66214.15,66214.16,66193.45,66193.55,25.78684
2024-06-15 08:40:00,66193.55,66193.55,66193.54,66193.55,6.45633
2024-06-15 08:45:00,66193.55,66193.55,66169.11,66185.71,18.43296
2024-06-15 08:50:00,66185.7,66185.71,66178.67,66178.68,9.14645
2024-06-15 08:55:00,66178.68,66221.31,66170.0,66221.31,39.28858
2024-06-15 09:00:00,66221.31,66258.87,66221.3,66258.87,21.25978
2024-06-15 09:05:00,66258.87,66264.57,66258.86,66264.57,11.37515
2024-06-15 09:10:00,66264.57,66273.5,66264.56,66273.5,27.60335
2024-06-15 09:15:00,66273.5,66280.8,66273.49,66273.93,17.72197
2024-06-15 09:20:00,66273.92,66273.93,66229.07,66229.08,30.78626
2024-06-15 09:25:00,66229.08,66229.08,66204.94,66204.95,25.78636
2024-06-15 09:30:00,66204.94,66204.95,66086.51,66108.01,70.94411
2024-06-15 09:35:00,66108.0,66146.17,66102.22,66144.34,31.18039
2024-06-15 09:40:00,66144.33,66172.0,66144.33,66164.02,19.29435
2024-06-15 09:45:00,66164.01,66204.95,66164.01,66204.95,19.95115
2024-06-15 09:50:00,66204.95,66220.0,66204.94,66220.0,29.62654
2024-06-15 09:55:00,66220.0,66227.17,66200.0,66227.0,33.76338
2024-06-15 10:00:00,66227.0,66247.01,66219.58,66219.59,23.59826
2024-06-15 10:05:00,66219.58,66219.59,66212.69,66212.7,13.75551
2024-06-15 10:10:00,66212.7,66213.83,66195.91,66195.92,53.91882
2024-06-15 10:15:00,66195.92,66218.87,66195.91,66215.01,35.31374
2024-06-15 10:20:00,66215.01,66215.01,66203.01,66207.99,19.78318
2024-06-15 10:25:00,66207.98,66218.35,66207.98,66218.35,32.32474
2024-06-15 10:30:00,66218.35,66269.27,66218.34,66269.27,18.66716
2024-06-15 10:35:00,66269.26,66277.13,66269.26,66277.13,17.74364
2024-06-15 10:40:00,66277.13,66298.29,66256.5,66258.97,44.33566
2024-06-15 10:45:00,66258.97,66303.25,66258.96,66301.07,69.78348
2024-06-15 10:50:00,66301.07,66306.31,66301.06,66306.3,18.49685
2024-06-15 10:55:00,66306.29,66306.3,66300.0,66300.01,13.71277
2024-06-15 11:00:00,66300.01,66314.72,66286.51,66286.52,24.43396
2024-06-15 11:05:00,66286.51,66296.0,66264.01,66296.0,12.79111
2024-06-15 11:10:00,66296.0,66338.95,66295.99,66301.52,162.86601
2024-06-15 11:15:00,66301.52,66338.42,66301.51,66338.42,24.4885
2024-06-15 11:20:00,66338.42,66348.0,66283.0,66287.62,37.13314
2024-06-15 11:25:00,66287.62,66345.01,66287.62,66345.01,71.81289
2024-06-15 11:30:00,66345.0,66345.01,66325.0,66334.19,43.07654
2024-06-15 11:35:00,66334.19,66334.19,66328.0,66328.01,28.09387
2024-06-15 11:40:00,66328.01,66333.99,66312.27,66312.28,41.24165
2024-06-15 11:45:00,66312.27,66312.27,66277.31,66277.32,24.9199
2024-06-15 11:50:00,66277.32,66323.99,66277.31,66323.99,23.44748
2024-06-15 11:55:00,66323.98,66323.99,66316.26,66319.95,12.78531
2024-06-15 12:00:00,66319.94,66338.39,66318.01,66328.0,34.64531
2024-06-15 12:05:00,66328.0,66328.0,66307.25,66313.95,23.08842
2024-06-15 12:10:00,66313.95,66352.93,66313.95,66340.01,38.28397
2024-06-15 12:15:00,66340.01,66360.0,66326.15,66326.16,16.66188
2024-06-15 12:20:00,66326.16,66326.16,66315.86,66320.0,11.90225
2024-06-15 12:25:00,66320.0,66320.0,66300.0,66300.01,16.78832
2024-06-15 12:30:00,66300.0,66324.0,66280.01,66290.01,43.10592
2024-06-15 12:35:00,66290.01,66290.01,66235.16,66235.18,24.14671
2024-06-15 12:40:00,66235.18,66248.0,66222.7,66237.63,27.50684
2024-06-15 12:45:00,66237.62,66257.49,66237.62,66244.0,29.14675
2024-06-15 12:50:00,66243.99,66279.87,66243.99,66264.53,19.51908
2024-06-15 12:55:00,66264.52,66359.99,66264.52,66348.01,57.57738
2024-06-15 13:00:00,66348.01,66354.82,66288.0,66288.01,37.76339
2024-06-15 13:05:00,66288.01,66305.0,66275.01,66284.41,43.82931
2024-06-15 13:10:00,66284.41,66312.88,66276.01,66286.62,32.02924
2024-06-15 13:15:00,66286.61,66324.63,66286.61,66313.19,19.00125
2024-06-15 13:20:00,66313.18,66325.51,66305.01,66319.58,30.10972
2024-06-15 13:25:00,66319.58,66334.57,66319.57,66334.56,14.74474
2024-06-15 13:30:00,66334.56,66334.56,66307.09,66316.65,21.48004
2024-06-15 13:35:00,66316.65,66346.85,66285.43,66285.44,27.72912
2024-06-15 13:40:00,66285.43,66285.44,66270.0,66280.0,23.32979
2024-06-15 13:45:00,66279.99,66280.0,66240.11,66248.0,33.41967
2024-06-15 13:50:00,66248.0,66261.99,66244.63,66261.99,26.26713
2024-06-15 13:55:00,66261.98,66313.47,66254.55,66313.47,30.69858
2024-06-15 14:00:00,66313.47,66313.47,66264.0,66264.01,45.289
2024-06-15 14:05:00,66264.0,66264.01,66240.0,66244.0,24.54339
2024-06-15 14:10:00,66243.99,66244.0,66231.75,66232.01,20.36463
2024-06-15 14:15:00,66232.01,66245.8,66232.0,66235.78,44.13535
2024-06-15 14:20:00,66235.78,66275.18,66235.77,66240.02,36.60308
2024-06-15 14:25:00,66240.02,66240.02,66192.0,66219.18,39.50384
2024-06-15 14:30:00,66219.17,66219.18,66186.03,66186.04,19.02678
2024-06-15 14:35:00,66186.04,66236.76,66186.03,66221.43,39.10152
2024-06-15 14:40:00,66221.43,66236.0,66221.42,66231.99,22.39072
2024-06-15 14:45:00,66231.99,66257.86,66225.01,66225.02,23.32125
2024-06-15 14:50:00,66225.02,66225.02,66167.0,66167.01,189.1949
2024-06-15 14:55:00,66167.0,66227.0,66153.84,66220.52,60.84616
2024-06-15 15:00:00,66220.51,66242.92,66210.83,66235.18,26.77942
2024-06-15 15:05:00,66235.18,66334.52,66235.17,66334.52,45.71204
2024-06-15 15:10:00,66334.52,66358.01,66288.51,66358.01,129.7543
2024-06-15 15:15:00,66358.01,66478.48,66316.0,66441.32,230.86588
2024-06-15 15:20:00,66441.32,66460.0,66401.0,66401.44,66.53922
2024-06-15 15:25:00,66401.44,66401.44,66313.42,66324.0,57.80628
2024-06-15 15:30:00,66323.99,66369.81,66285.77,66304.02,61.00356
2024-06-15 15:35:00,66304.01,66333.14,66299.43,66299.44,46.60863
2024-06-15 15:40:00,66299.43,66309.92,66248.16,66291.99,41.27833
2024-06-15 15:45:00,66291.99,66301.6,66249.98,66267.38,48.30033
2024-06-15 15:50:00,66267.38,66314.73,66267.37,66292.01,37.92782
2024-06-15 15:55:00,66292.0,66321.23,66272.0,66316.02,60.87613
2024-06-15 16:00:00,66316.02,66360.0,66282.57,66300.0,42.29475
2024-06-15 16:05:00,66300.0,66347.99,66296.33,66340.0,20.97006
2024-06-15 16:10:00,66340.0,66340.0,66237.41,66264.0,83.76137
2024-06-15 16:15:00,66263.99,66284.27,66240.0,66260.3,33.14592
2024-06-15 16:20:00,66260.3,66287.53,66248.54,66248.55,18.97871
2024-06-15 16:25:00,66248.54,66255.4,66236.0,66252.47,25.77675
2024-06-15 16:30:00,66252.46,66279.49,66241.01,66250.01,39.77123
2024-06-15 16:35:00,66250.0,66262.57,66244.95,66259.1,51.15312
2024-06-15 16:40:00,66259.09,66270.0,66245.47,66255.0,29.70848
2024-06-15 16:45:00,66255.0,66260.0,66188.0,66191.97,32.05958
2024-06-15 16:50:00,66191.97,66230.02,66191.96,66220.01,13.04401
2024-06-15 16:55:00,66220.0,66220.0,66179.99,66184.0,19.80165
2024-06-15 17:00:00,66184.0,66191.23,66137.66,66156.0,59.73702
2024-06-15 17:05:00,66156.0,66190.52,66133.92,66185.83,39.615
2024-06-15 17:10:00,66185.83,66229.99,66170.48,66229.99,31.25192
2024-06-15 17:15:00,66229.99,66247.99,66212.18,66247.99,31.48265
2024-06-15 17:20:00,66247.98,66260.0,66228.0,66233.05,22.37005
2024-06-15 17:25:00,66233.05,66279.46,66221.87,66276.01,26.88028
2024-06-15 17:30:00,66276.0,66276.01,66233.21,66240.0,19.90898
2024-06-15 17:35:00,66240.0,66254.99,66239.99,66254.83,11.11497
2024-06-15 17:40:00,66254.83,66304.94,66254.82,66283.52,65.01071
2024-06-15 17:45:00,66283.52,66296.0,66259.99,66260.0,14.65553
2024-06-15 17:50:00,66260.0,66286.69,66251.02,66280.15,92.00748
2024-06-15 17:55:00,66280.15,66280.15,66250.0,66250.01,12.75431
2024-06-15 18:00:00,66250.0,66250.0,66184.02,66191.88,33.42774
2024-06-15 18:05:00,66191.88,66209.5,66171.52,66208.0,60.07074
2024-06-15 18:10:00,66207.99,66207.99,66174.26,66174.27,20.47652
2024-06-15 18:15:00,66174.27,66199.78,66154.0,66155.31,52.86533
2024-06-15 18:20:00,66155.3,66180.84,66150.0,66156.19,21.15428
2024-06-15 18:25:00,66156.19,66180.0,66148.0,66180.0,27.94926
2024-06-15 18:30:00,66180.0,66180.0,66139.5,66151.34,40.29434
2024-06-15 18:35:00,66151.34,66164.0,66145.0,66148.48,17.82028
2024-06-15 18:40:00,66148.48,66148.48,66140.0,66148.0,24.76993
2024-06-15 18:45:00,66147.99,66151.28,66140.02,66140.04,21.83098
2024-06-15 18:50:00,66140.03,66140.04,66140.03,66140.04,12.66797
2024-06-15 18:55:00,66140.03,66150.0,66140.03,66145.19,10.72336
2024-06-15 19:00:00,66145.19,66157.6,66143.99,66144.0,19.5266
2024-06-15 19:05:00,66143.99,66143.99,66087.31,66097.5,35.13041
2024-06-15 19:10:00,66097.5,66120.0,66071.47,66113.88,33.8231
2024-06-15 19:15:00,66113.87,66113.88,66093.88,66112.0,21.09343
2024-06-15 19:20:00,66112.0,66138.2,66105.02,66138.2,16.3739
2024-06-15 19:25:00,66138.2,66174.62,66138.19,66171.61,19.76883
2024-06-15 19:30:00,66171.6,66208.0,66171.6,66192.02,25.58676
2024-06-15 19:35:00,66192.01,66201.56,66176.02,66196.68,22.27705
2024-06-15 19:40:00,66196.67,66196.68,66184.34,66184.35,14.63969
2024-06-15 19:45:00,66184.35,66195.39,66172.83,66176.02,15.48114
2024-06-15 19:50:00,66176.01,66176.02,66155.9,66155.91,15.84184
2024-06-15 19:55:00,66155.91,66155.91,66154.69,66154.7,10.79908
2024-06-15 20:00:00,66154.7,66170.99,66135.06,66170.99,29.44667
2024-06-15 20:05:00,66170.98,66170.99,66120.78,66120.79,18.85777
2024-06-15 20:10:00,66120.79,66120.79,66093.22,66100.0,26.23144
2024-06-15 20:15:00,66100.0,66100.0,65857.1,65920.01,263.81292
2024-06-15 20:20:00,65920.0,65992.0,65859.5,65976.01,104.05706
2024-06-15 20:25:00,65976.0,65995.78,65944.0,65984.04,42.20256
2024-06-15 20:30:00,65984.04,66123.99,65984.04,66100.19,69.10378
2024-06-15 20:35:00,66100.18,66135.87,66100.18,66135.87,23.80684
2024-06-15 20:40:00,66135.87,66150.01,66112.01,66112.02,45.54385
2024-06-15 20:45:00,66112.01,66142.2,66057.12,66080.0,50.66871
2024-06-15 20:50:00,66080.0,66080.0,66037.9,66048.7,24.82234
2024-06-15 20:55:00,66048.69,66055.25,66029.53,66048.02,12.88676
2024-06-15 21:00:00,66048.02,66111.5,66042.85,66111.5,48.00102
2024-06-15 21:05:00,66111.49,66128.04,66088.25,66128.04,15.40992
2024-06-15 21:10:00,66128.04,66149.0,66113.69,66113.7,29.79765
2024-06-15 21:15:00,66113.69,66124.0,66092.0,66092.01,15.74029
2024-06-15 21:20:00,66092.0,66095.24,66090.51,66090.52,6.33662
2024-06-15 21:25:00,66090.51,66143.99,66090.51,66105.46,24.01601
2024-06-15 21:30:00,66105.45,66105.46,66097.11,66097.12,11.72736
2024-06-15 21:35:00,66097.11,66097.12,66083.32,66083.33,6.67656
2024-06-15 21:40:00,66083.32,66114.44,66083.32,66114.44,28.3965
2024-06-15 21:45:00,66114.44,66146.13,66114.43,66146.13,13.11865
2024-06-15 21:50:00,66146.13,66146.13,66146.12,66146.13,7.69641
2024-06-15 21:55:00,66146.12,66146.13,66126.28,66126.89,38.26697
2024-06-15 22:00:00,66126.89,66126.89,66113.83,66126.89,25.63404
2024-06-15 22:05:00,66126.88,66126.89,66072.0,66076.01,21.90119
2024-06-15 22:10:00,66076.0,66078.53,66064.18,66078.53,15.48888
2024-06-15 22:15:00,66078.52,66080.0,66045.08,66077.96,75.23903
2024-06-15 22:20:00,66077.96,66094.97,66056.55,66094.88,42.40208
2024-06-15 22:25:00,66094.88,66094.88,66092.0,66094.2,12.55622
2024-06-15 22:30:00,66094.2,66094.2,66046.98,66046.99,60.71246
2024-06-15 22:35:00,66046.99,66067.34,66046.98,66067.34,32.61128
2024-06-15 22:40:00,66067.33,66117.36,66067.33,66117.36,17.60208
2024-06-15 22:45:00,66117.36,66150.01,66117.35,66150.01,8.65228
2024-06-15 22:50:00,66150.01,66176.03,66150.0,66176.03,25.64887
2024-06-15 22:55:00,66176.02,66200.0,66176.02,66200.0,12.54492
2024-06-15 23:00:00,66199.99,66227.84,66199.99,66227.84,12.98644
2024-06-15 23:05:00,66227.84,66239.99,66220.0,66239.99,18.48244
2024-06-15 23:10:00,66239.98,66258.5,66239.98,66258.5,15.42306
2024-06-15 23:15:00,66258.5,66258.5,66236.2,66236.21,12.68132
2024-06-15 23:20:00,66236.21,66258.82,66236.2,66242.25,31.74173
2024-06-15 23:25:00,66242.24,66256.78,66242.24,66256.78,20.47154
2024-06-15 23:30:00,66256.78,66275.0,66256.77,66275.0,13.33039
2024-06-15 23:35:00,66274.99,66287.76,66274.99,66287.75,5.78941
2024-06-15 23:40:00,66287.76,66287.76,66250.0,66256.46,18.97918
2024-06-15 23:45:00,66256.45,66256.45,66215.4,66216.09,48.44452
2024-06-15 23:50:00,66216.08,66235.99,66216.08,66228.25,11.54631
2024-06-15 23:55:00,66228.25,66228.25,66228.24,66228.25,8.61494
2024-06-16 00:00:00,66228.25,66231.12,66189.9,66210.22,48.05872
2024-06-16 00:05:00,66210.21,66224.0,66204.11,66210.21,15.92832
2024-06-16 00:10:00,66210.2,66210.21,66202.83,66202.84,17.69558
2024-06-16 00:15:00,66202.84,66238.42,66202.83,66234.14,23.42737
2024-06-16 00:20:00,66234.13,66250.0,66216.0,66250.0,17.37431
2024-06-16 00:25:00,66249.99,66260.0,66241.69,66251.09,16.76071
2024-06-16 00:30:00,66251.08,66269.74,66224.54,66225.06,19.58888
2024-06-16 00:35:00,66225.06,66231.67,66225.05,66231.67,7.1167
2024-06-16 00:40:00,66231.67,66231.67,66218.19,66218.49,15.92736
2024-06-16 00:45:00,66218.49,66224.0,66210.0,66212.61,11.33583
2024-06-16 00:50:00,66212.61,66212.61,66184.0,66184.01,14.8123
2024-06-16 00:55:00,66184.0,66185.0,66161.95,66161.96,15.57237
2024-06-16 01:00:00,66161.96,66161.96,66135.48,66152.62,54.62795
2024-06-16 01:05:00,66152.61,66176.9,66102.03,66176.9,28.3181
2024-06-16 01:10:00,66176.9,66196.0,66176.89,66185.41,13.80132
2024-06-16 01:15:00,66185.4,66218.48,66174.42,66204.01,27.87209
2024-06-16 01:20:00,66204.0,66204.01,66192.01,66195.49,17.83127
2024-06-16 01:25:00,66195.48,66195.49,66130.0,66143.0,31.96378
2024-06-16 01:30:00,66143.0,66156.0,66122.77,66147.23,30.55505
2024-06-16 01:35:00,66147.23,66147.23,66136.0,66139.06,6.84284
2024-06-16 01:40:00,66139.06,66139.06,66128.01,66129.49,7.00913
2024-06-16 01:45:00,66129.49,66131.12,66121.79,66131.11,8.98223
2024-06-16 01:50:00,66131.1,66156.01,66131.1,66156.01,15.46997
2024-06-16 01:55:00,66156.0,66175.68,66156.0,66175.68,12.98482
2024-06-16 02:00:00,66175.68,66175.68,66143.45,66163.29,14.39586
2024-06-16 02:05:00,66163.28,66177.1,66152.91,66164.19,22.8818
2024-06-16 02:10:00,66164.19,66164.19,66144.02,66144.03,8.08821
2024-06-16 02:15:00,66144.02,66144.02,66125.04,66136.0,17.98564
2024-06-16 02:20:00,66135.99,66148.0,66135.99,66148.0,6.21912
2024-06-16 02:25:00,66148.0,66182.26,66147.99,66181.26,11.60629
2024-06-16 02:30:00,66181.25,66181.26,66162.95,66162.96,12.7117
2024-06-16 02:35:00,66162.96,66169.35,66162.95,66164.54,9.78381
2024-06-16 02:40:00,66164.53,66164.54,66160.6,66160.61,6.07096
2024-06-16 02:45:00,66160.6,66160.61,66116.83,66116.84,17.47781
2024-06-16 02:50:00,66116.84,66131.89,66114.27,66131.89,11.58194
2024-06-16 02:55:00,66131.88,66142.86,66131.88,66142.86,11.05438
2024-06-16 03:00:00,66142.86,66159.64,66142.85,66159.64,7.24299
2024-06-16 03:05:00,66159.63,66164.3,66153.79,66153.8,10.36636
2024-06-16 03:10:00,66153.8,66153.8,66131.36,66139.88,13.30391
2024-06-16 03:15:00,66139.87,66139.88,66136.25,66136.26,12.18476
2024-06-16 03:20:00,66136.26,66136.26,66124.17,66124.18,8.33823
2024-06-16 03:25:00,66124.18,66124.18,66124.17,66124.18,4.78482
2024-06-16 03:30:00,66124.18,66124.18,66093.65,66096.6,21.2451
2024-06-16 03:35:00,66096.6,66124.0,66076.55,66124.0,30.25304
2024-06-16 03:40:00,66123.99,66144.45,66123.99,66124.91,20.92563
2024-06-16 03:45:00,66124.91,66137.1,66120.0,66137.1,17.27951
2024-06-16 03:50:00,66137.1,66146.0,66137.09,66146.0,11.50418
2024-06-16 03:55:00,66145.99,66146.0,66145.99,66146.0,3.44611
2024-06-16 04:00:00,66145.99,66146.0,66128.0,66139.0,8.79701
2024-06-16 04:05:00,66139.0,66139.0,66106.0,66106.01,13.00994
2024-06-16 04:10:00,66106.01,66138.16,66106.0,66138.16,10.65835
2024-06-16 04:15:00,66138.15,66138.16,66138.14,66138.15,6.6338
2024-06-16 04:20:00,66138.15,66138.15,66034.5,66064.0,39.32703
2024-06-16 04:25:00,66064.0,66083.09,66048.0,66083.09,29.0788
2024-06-16 04:30:00,66083.08,66133.58,66083.0,66133.58,15.88978
2024-06-16 04:35:00,66133.58,66195.72,66133.57,66171.65,23.31106
2024-06-16 04:40:00,66171.65,66199.0,66171.64,66199.0,12.84598
2024-06-16 04:45:00,66199.0,66207.72,66167.93,66167.94,26.92797
2024-06-16 04:50:00,66167.94,66168.0,66160.0,66163.7,10.49245
2024-06-16 04:55:00,66163.69,66170.0,66163.69,66166.02,6.15177
2024-06-16 05:00:00,66166.02,66215.34,66166.01,66215.34,18.4443
2024-06-16 05:05:00,66215.34,66220.0,66200.0,66200.16,28.96455
2024-06-16 05:10:00,66200.15,66200.16,66184.0,66184.01,9.33579
2024-06-16 05:15:00,66184.01,66208.0,66184.0,66208.0,11.85071
2024-06-16 05:20:00,66208.0,66221.74,66207.99,66216.01,25.15662
2024-06-16 05:25:00,66216.01,66226.99,66216.0,66217.75,30.08452
2024-06-16 05:30:00,66217.75,66247.1,66217.74,66235.11,67.3422
2024-06-16 05:35:00,66235.11,66235.11,66220.1,66220.11,23.9098
2024-06-16 05:40:00,66220.1,66220.11,66200.38,66200.39,11.2817
2024-06-16 05:45:00,66200.39,66224.0,66200.38,66224.0,17.34287
2024-06-16 05:50:00,66224.0,66244.0,66223.99,66244.0,29.98407
2024-06-16 05:55:00,66243.99,66264.0,66234.37,66264.0,19.07875
2024-06-16 06:00:00,66264.0,66280.0,66263.99,66268.72,37.50121
2024-06-16 06:05:00,66268.72,66268.72,66226.15,66226.16,36.75558
2024-06-16 06:10:00,66226.16,66226.16,66223.67,66223.68,7.80845
2024-06-16 06:15:00,66223.67,66247.21,66223.67,66242.49,37.25012
2024-06-16 06:20:00,66242.49,66247.0,66240.0,66240.01,20.45593
2024-06-16 06:25:00,66240.01,66240.01,66222.73,66222.74,21.42896
2024-06-16 06:30:00,66222.74,66223.62,66217.31,66220.82,14.13928
2024-06-16 06:35:00,66220.82,66220.82,66178.77,66184.34,40.10289
2024-06-16 06:40:00,66184.34,66200.95,66184.33,66200.95,40.02487
2024-06-16 06:45:00,66200.95,66279.49,66200.94,66277.73,43.88393
2024-06-16 06:50:00,66277.73,66358.21,66270.0,66358.21,92.44084
2024-06-16 06:55:00,66358.2,66360.18,66312.0,66312.01,28.32996
2024-06-16 07:00:00,66312.01,66338.99,66304.0,66331.69,31.05335
2024-06-16 07:05:00,66331.69,66357.97,66331.68,66357.97,34.75002
2024-06-16 07:10:00,66357.97,66357.97,66314.88,66314.89,26.08183
2024-06-16 07:15:00,66314.88,66314.89,66281.63,66281.64,28.67372
2024-06-16 07:20:00,66281.63,66300.0,66280.0,66280.01,32.05808
2024-06-16 07:25:00,66280.0,66290.0,66280.0,66290.0,6.81697
2024-06-16 07:30:00,66290.0,66296.31,66289.99,66296.31,13.13797
2024-06-16 07:35:00,66296.3,66296.31,66277.49,66277.5,22.95102
2024-06-16 07:40:00,66277.49,66277.5,66264.83,66264.84,24.81189
2024-06-16 07:45:00,66264.83,66264.84,66252.0,66259.98,17.04039
2024-06-16 07:50:00,66259.98,66270.0,66259.98,66270.0,10.29885
2024-06-16 07:55:00,66269.99,66270.0,66254.36,66266.3,16.27128
2024-06-16 08:00:00,66266.3,66266.3,66250.0,66264.0,26.17349
2024-06-16 08:05:00,66263.99,66293.1,66263.99,66293.1,8.61769
2024-06-16 08:10:00,66293.1,66293.1,66284.0,66284.01,14.10029
2024-06-16 08:15:00,66284.0,66337.34,66276.52,66337.34,27.49622
2024-06-16 08:20:00,66337.33,66337.34,66332.0,66332.0,13.23798
2024-06-16 08:25:00,66332.0,66340.0,66325.73,66330.72,18.48178
2024-06-16 08:30:00,66330.72,66330.72,66293.49,66293.5,29.17282
2024-06-16 08:35:00,66293.5,66300.0,66293.49,66299.99,16.32121
2024-06-16 08:40:00,66299.99,66300.0,66286.5,66286.51,7.75285
2024-06-16 08:45:00,66286.5,66286.51,66251.97,66252.12,15.68921
2024-06-16 08:50:00,66252.11,66272.0,66241.64,66241.65,18.83165
2024-06-16 08:55:00,66241.64,66275.87,66241.64,66272.51,19.50639
2024-06-16 09:00:00,66272.51,66350.0,66272.5,66342.35,39.9193
2024-06-16 09:05:00,66342.34,66342.34,66266.14,66266.15,76.39807
2024-06-16 09:10:00,66266.15,66266.15,66202.69,66202.7,113.97077
2024-06-16 09:15:00,66202.69,66258.13,66172.5,66258.13,165.84961
2024-06-16 09:20:00,66258.13,66347.37,66258.12,66346.01,145.78505
2024-06-16 09:25:00,66346.01,66428.45,66343.05,66384.51,211.00421
2024-06-16 09:30:00,66384.5,66402.35,66350.0,66370.01,40.42099
2024-06-16 09:35:00,66370.01,66370.01,66340.0,66340.18,13.35998
2024-06-16 09:40:00,66340.17,66340.18,66321.5,66336.74,35.82666
2024-06-16 09:45:00,66336.73,66367.73,66336.73,66367.56,10.64992
2024-06-16 09:50:00,66367.56,66370.0,66360.0,66364.0,11.55022
2024-06-16 09:55:00,66364.0,66409.97,66363.99,66409.97,15.2703
2024-06-16 10:00:00,66409.97,66449.49,66405.5,66405.51,66.21163
2024-06-16 10:05:00,66405.5,66405.51,66372.47,66372.64,35.09317
2024-06-16 10:10:00,66372.63,66390.0,66372.47,66372.48,30.38158
2024-06-16 10:15:00,66372.47,66399.99,66372.47,66388.42,21.98716
2024-06-16 10:20:00,66388.42,66418.77,66376.01,66405.91,46.28665
2024-06-16 10:25:00,66405.91,66417.88,66405.9,66417.88,15.03258
2024-06-16 10:30:00,66417.87,66439.0,66408.17,66439.0,33.44866
2024-06-16 10:35:00,66439.0,66446.0,66438.99,66446.0,20.23292
2024-06-16 10:40:00,66446.0,66628.42,66445.99,66600.01,266.63874
2024-06-16 10:45:00,66600.0,66630.0,66528.92,66605.01,76.57384
2024-06-16 10:50:00,66605.01,66770.0,66605.0,66710.0,182.91201
2024-06-16 10:55:00,66709.99,66716.31,66662.48,66716.31,51.23009
2024-06-16 11:00:00,66716.31,66742.39,66600.0,66620.0,75.01357
2024-06-16 11:05:00,66619.99,66679.99,66597.52,66679.99,22.58366
2024-06-16 11:10:00,66679.98,66679.98,66660.0,66672.14,34.93966
2024-06-16 11:15:00,66672.14,66672.14,66613.34,66620.86,49.00397
2024-06-16 11:20:00,66620.86,66647.86,66589.57,66590.68,38.88784
2024-06-16 11:25:00,66590.68,66604.0,66554.85,66554.85,23.04258
2024-06-16 11:30:00,66554.86,66610.0,66554.85,66610.0,25.18456
2024-06-16 11:35:00,66610.0,66643.08,66590.0,66590.01,26.15546
2024-06-16 11:40:00,66590.0,66594.09,66540.38,66540.46,25.80134
2024-06-16 11:45:00,66540.46,66555.7,66477.13,66499.99,35.03647
2024-06-16 11:50:00,66499.98,66499.98,66435.15,66444.19,58.08485
2024-06-16 11:55:00,66444.18,66507.8,66441.7,66492.83,40.6292
2024-06-16 12:00:00,66492.83,66534.99,66486.46,66534.99,27.05264
2024-06-16 12:05:00,66534.99,66539.65,66524.0,66531.98,14.75366
2024-06-16 12:10:00,66531.98,66531.98,66480.0,66496.01,36.34386
2024-06-16 12:15:00,66496.01,66569.39,66496.0,66568.01,20.33979
2024-06-16 12:20:00,66568.01,66599.99,66544.0,66599.99,46.13806
2024-06-16 12:25:00,66599.99,66630.0,66581.82,66598.9,39.80631
2024-06-16 12:30:00,66598.9,66642.2,66592.0,66600.01,27.44486
2024-06-16 12:35:00,66600.01,66600.01,66537.93,66546.23,36.8877
2024-06-16 12:40:00,66546.22,66546.23,66509.13,66536.0,21.84867
2024-06-16 12:45:00,66535.99,66536.0,66509.13,66536.0,18.47609
2024-06-16 12:50:00,66536.0,66555.55,66535.99,66555.55,13.88541
2024-06-16 12:55:00,66555.54,66597.48,66555.54,66597.47,12.82715
2024-06-16 13:00:00,66597.48,66602.08,66570.0,66600.02,30.34463
2024-06-16 13:05:00,66600.01,66659.99,66600.01,66659.99,37.00016
2024-06-16 13:10:00,66659.99,66678.68,66620.0,66620.01,29.18751
2024-06-16 13:15:00,66620.0,66663.7,66620.0,66650.01,29.53526
2024-06-16 13:20:00,66650.01,66700.0,66650.01,66680.01,47.70384
2024-06-16 13:25:00,66680.01,66709.67,66670.0,66692.1,45.33285
2024-06-16 13:30:00,66692.1,66692.1,66620.0,66620.01,88.05828
2024-06-16 13:35:00,66620.01,66622.49,66560.0,66622.49,92.79989
2024-06-16 13:40:00,66622.49,66658.4,66602.19,66646.01,37.19424
2024-06-16 13:45:00,66646.01,66676.0,66646.0,66674.99,26.11974
2024-06-16 13:50:00,66675.0,66701.04,66669.22,66701.04,14.49696
2024-06-16 13:55:00,66701.04,66762.5,66701.03,66762.49,79.08416
2024-06-16 14:00:00,66762.49,66762.49,66673.08,66700.0,33.74195
2024-06-16 14:05:00,66700.0,66793.72,66699.99,66732.01,64.11851
2024-06-16 14:10:00,66732.01,66780.0,66707.66,66768.01,88.48827
2024-06-16 14:15:00,66768.01,66784.0,66714.75,66720.43,75.5829
2024-06-16 14:20:00,66720.43,66720.43,66635.52,66645.53,48.99945
2024-06-16 14:25:00,66645.52,66667.36,66529.29,66570.01,77.54267
2024-06-16 14:30:00,66570.0,66599.99,66532.0,66555.99,30.41951
2024-06-16 14:35:00,66555.99,66599.08,66544.0,66596.51,63.62917
2024-06-16 14:40:00,66596.51,66611.73,66590.0,66611.73,16.04144
2024-06-16 14:45:00,66611.72,66632.5,66600.0,66604.0,30.40715
2024-06-16 14:50:00,66604.0,66605.94,66542.48,66542.49,39.01097
2024-06-16 14:55:00,66542.48,66566.23,66504.0,66519.02,87.2426
