time,open,high,low,close,volume
2018-02-27 03:15:00,10191.89,10232.95,10185.0,10224.55,122.032104
2018-02-27 03:20:00,10224.55,10266.06,10214.01,10258.0,104.72962
2018-02-27 03:25:00,10258.87,10268.86,10244.7,10247.98,56.265324
2018-02-27 03:30:00,10247.95,10270.0,10245.0,10265.0,36.742188
2018-02-27 03:35:00,10265.0,10283.9,10258.01,10278.91,65.1313
2018-02-27 03:40:00,10280.0,10315.43,10278.2,10293.52,130.339685
2018-02-27 03:45:00,10293.52,10299.79,10251.2,10268.0,102.580521
2018-02-27 03:50:00,10268.0,10285.0,10268.0,10276.0,60.831575
2018-02-27 03:55:00,10276.0,10285.0,10267.32,10270.0,47.187655
2018-02-27 04:00:00,10270.0,10295.0,10270.0,10285.0,59.66485
2018-02-27 04:05:00,10278.0,10285.89,10260.3,10275.0,39.703935
2018-02-27 04:10:00,10278.0,10283.1,10270.0,10276.94,33.403998
2018-02-27 04:15:00,10279.0,10340.45,10275.1,10314.69,167.614572
2018-02-27 04:20:00,10314.67,10330.21,10300.0,10320.01,86.975417
2018-02-27 04:25:00,10320.01,10325.69,10288.99,10292.69,71.577919
2018-02-27 04:30:00,10292.69,10330.2,10292.69,10320.0,64.4039
2018-02-27 04:35:00,10320.0,10325.5,10275.2,10278.5,58.24058
2018-02-27 04:40:00,10278.0,10297.6,10266.11,10284.0,63.622348
2018-02-27 04:45:00,10282.35,10306.1,10272.37,10304.22,58.202643
2018-02-27 04:50:00,10304.21,10320.0,10300.0,10319.0,26.748973
2018-02-27 04:55:00,10319.0,10333.6,10301.0,10311.99,76.802862
2018-02-27 05:00:00,10302.98,10316.23,10275.0,10288.0,47.602594
2018-02-27 05:05:00,10288.0,10290.27,10260.0,10261.0,53.958105
2018-02-27 05:10:00,10260.7,10266.0,10217.0,10242.75,155.909226
2018-02-27 05:15:00,10242.75,10260.03,10236.27,10254.81,96.320007
2018-02-27 05:20:00,10254.77,10282.89,10249.0,10280.0,36.808693
2018-02-27 05:25:00,10280.0,10282.89,10238.1,10250.0,50.875392
2018-02-27 05:30:00,10245.0,10281.0,10242.1,10278.64,42.144834
2018-02-27 05:35:00,10277.27,10330.0,10277.27,10324.31,72.835075
2018-02-27 05:40:00,10324.0,10339.0,10309.61,10309.61,214.302501
2018-02-27 05:45:00,10309.61,10331.0,10303.59,10319.97,47.274203
2018-02-27 05:50:00,10319.97,10348.0,10302.8,10338.82,118.916452
2018-02-27 05:55:00,10338.82,10340.0,10302.9,10323.15,53.753474
2018-02-27 06:00:00,10320.8,10360.0,10320.0,10349.98,85.170235
2018-02-27 06:05:00,10352.9,10363.0,10340.0,10362.9,44.396745
2018-02-27 06:10:00,10362.9,10363.0,10325.0,10344.0,65.875092
2018-02-27 06:15:00,10335.01,10345.16,10265.0,10279.97,94.876452
2018-02-27 06:20:00,10273.05,10306.73,10259.0,10259.0,119.020971
2018-02-27 06:25:00,10259.0,10294.4,10233.0,10263.0,132.261039
2018-02-27 06:30:00,10265.0,10298.9,10263.0,10294.56,112.41282
2018-02-27 06:35:00,10294.55,10318.0,10285.76,10316.26,108.441688
2018-02-27 06:40:00,10317.98,10320.0,10300.0,10309.0,54.210259
2018-02-27 06:45:00,10308.99,10309.0,10282.6,10289.0,45.152558
2018-02-27 06:50:00,10289.52,10309.97,10289.0,10305.95,69.227512
2018-02-27 06:55:00,10305.95,10334.99,10302.0,10306.0,80.882066
2018-02-27 07:00:00,10306.0,10355.8,10300.01,10325.09,165.565782
2018-02-27 07:05:00,10325.09,10354.0,10307.46,10327.3,72.486416
2018-02-27 07:10:00,10327.41,10356.0,10311.0,10345.0,104.134582
2018-02-27 07:15:00,10345.0,10362.88,10338.1,10338.11,58.383239
2018-02-27 07:20:00,10338.11,10343.8,10313.2,10326.32,88.886801
2018-02-27 07:25:00,10326.32,10338.0,10315.0,10327.0,59.776155
2018-02-27 07:30:00,10327.0,10359.0,10325.61,10351.0,54.182572
2018-02-27 07:35:00,10351.0,10360.86,10320.0,10338.9,152.339549
2018-02-27 07:40:00,10336.0,10354.9,10328.05,10344.17,39.482388
2018-02-27 07:45:00,10349.45,10471.61,10342.21,10470.0,304.178949
2018-02-27 07:50:00,10470.01,10600.0,10445.98,10588.0,641.302131
2018-02-27 07:55:00,10588.0,10650.0,10570.21,10600.0,640.907496
2018-02-27 08:00:00,10600.0,10699.0,10587.97,10690.49,381.33391
2018-02-27 08:05:00,10690.49,10700.0,10602.0,10650.04,324.682203
2018-02-27 08:10:00,10650.04,10707.03,10631.0,10706.22,190.403883
2018-02-27 08:15:00,10706.22,10749.76,10676.03,10676.03,326.847198
2018-02-27 08:20:00,10696.67,10707.9,10654.0,10707.9,182.835704
2018-02-27 08:25:00,10702.02,10724.92,10679.1,10682.0,173.530947
2018-02-27 08:30:00,10682.0,10682.0,10660.0,10660.0,205.068667
2018-02-27 08:35:00,10660.0,10715.0,10659.01,10699.04,177.367407
2018-02-27 08:40:00,10708.44,10750.0,10680.0,10695.51,226.56692
2018-02-27 08:45:00,10687.25,10709.5,10660.0,10708.0,131.709776
2018-02-27 08:50:00,10707.36,10721.0,10701.0,10718.99,127.478443
2018-02-27 08:55:00,10718.99,10719.0,10680.6,10700.0,95.766361
2018-02-27 09:00:00,10700.0,10700.0,10662.0,10668.02,91.436399
2018-02-27 09:05:00,10669.0,10700.84,10667.53,10683.0,114.512044
2018-02-27 09:10:00,10680.29,10692.7,10650.0,10680.0,158.682092
2018-02-27 09:15:00,10681.11,10719.0,10672.01,10685.0,145.610726
2018-02-27 09:20:00,10685.4,10701.84,10681.93,10696.98,53.679668
2018-02-27 09:25:00,10696.96,10717.0,10691.59,10713.0,89.299911
2018-02-27 09:30:00,10712.1,10727.1,10705.89,10727.0,111.94277
2018-02-27 09:35:00,10727.0,10780.0,10721.06,10774.99,247.971175
2018-02-27 09:40:00,10774.99,10777.0,10710.01,10724.0,151.314001
2018-02-27 09:45:00,10723.9,10745.4,10722.99,10728.99,98.839125
2018-02-27 09:50:00,10729.05,10740.99,10716.63,10727.0,116.519842
2018-02-27 09:55:00,10727.0,10749.6,10717.98,10735.02,92.992132
2018-02-27 10:00:00,10735.02,10749.6,10689.2,10699.1,191.87794
2018-02-27 10:05:00,10699.1,10730.0,10691.57,10712.27,80.623621
2018-02-27 10:10:00,10712.27,10722.0,10705.01,10706.56,35.049427
2018-02-27 10:15:00,10707.0,10720.0,10705.01,10710.0,53.62087
2018-02-27 10:20:00,10710.01,10712.84,10685.0,10685.02,91.910988
2018-02-27 10:25:00,10689.99,10690.0,10619.12,10647.59,151.325772
2018-02-27 10:30:00,10647.59,10674.67,10608.38,10674.67,178.289869
2018-02-27 10:35:00,10670.0,10677.4,10617.0,10620.0,107.193626
2018-02-27 10:40:00,10618.54,10650.0,10556.91,10568.01,282.061595
2018-02-27 10:45:00,10569.99,10657.92,10560.0,10630.0,275.070267
2018-02-27 10:50:00,10630.0,10648.16,10614.0,10636.0,115.397306
2018-02-27 10:55:00,10637.0,10648.16,10610.0,10620.0,104.017733
2018-02-27 11:00:00,10626.0,10660.0,10620.0,10659.98,70.52383
2018-02-27 11:05:00,10651.0,10718.37,10650.01,10700.0,297.960946
2018-02-27 11:10:00,10700.0,10700.0,10665.0,10674.0,102.390454
2018-02-27 11:15:00,10674.0,10674.0,10662.72,10665.0,49.701327
2018-02-27 11:20:00,10663.88,10682.42,10650.02,10671.01,66.742395
2018-02-27 11:25:00,10672.75,10695.59,10671.49,10679.99,41.861247
2018-02-27 11:30:00,10679.99,10698.0,10675.0,10680.0,63.911394
2018-02-27 11:35:00,10680.0,10698.99,10661.23,10696.99,70.53149
2018-02-27 11:40:00,10696.99,10720.0,10696.98,10720.0,96.990371
2018-02-27 11:45:00,10718.0,10750.0,10715.0,10730.0,137.359171
2018-02-27 11:50:00,10730.0,10731.7,10679.49,10682.98,116.93196
2018-02-27 11:55:00,10682.98,10699.0,10680.0,10695.0,78.614742
2018-02-27 12:00:00,10698.97,10715.0,10689.01,10708.26,68.623387
2018-02-27 12:05:00,10709.81,10709.81,10685.05,10695.8,83.508353
2018-02-27 12:10:00,10695.0,10710.14,10695.0,10705.91,37.325615
2018-02-27 12:15:00,10705.91,10742.57,10705.91,10735.63,132.280142
2018-02-27 12:20:00,10735.63,10745.0,10724.9,10732.0,162.276317
2018-02-27 12:25:00,10724.9,10732.0,10675.0,10688.88,104.766899
2018-02-27 12:30:00,10675.0,10699.99,10658.69,10685.0,95.692057
2018-02-27 12:35:00,10680.0,10700.31,10679.99,10687.0,70.454229
2018-02-27 12:40:00,10697.85,10698.98,10674.71,10684.0,87.389791
2018-02-27 12:45:00,10683.99,10688.68,10660.01,10678.64,111.908802
2018-02-27 12:50:00,10678.64,10700.0,10675.5,10691.24,90.920521
2018-02-27 12:55:00,10698.0,10698.0,10680.0,10693.99,53.735523
2018-02-27 13:00:00,10693.99,10728.72,10690.1,10716.29,110.04413
2018-02-27 13:05:00,10716.29,10716.29,10690.1,10701.24,69.174171
2018-02-27 13:10:00,10701.24,10724.75,10690.37,10690.37,114.656599
2018-02-27 13:15:00,10698.6,10703.08,10681.01,10699.9,80.573441
2018-02-27 13:20:00,10699.77,10719.88,10691.0,10711.35,73.55553
2018-02-27 13:25:00,10711.35,10779.0,10709.0,10770.0,174.346985
2018-02-27 13:30:00,10770.0,10779.0,10722.95,10729.59,147.977635
2018-02-27 13:35:00,10732.0,10750.0,10725.0,10748.0,92.357976
2018-02-27 13:40:00,10748.0,10755.0,10733.93,10755.0,89.972837
2018-02-27 13:45:00,10755.0,10826.0,10749.0,10826.0,308.305202
2018-02-27 13:50:00,10826.0,10850.12,10800.0,10838.99,322.941346
2018-02-27 13:55:00,10838.0,10851.5,10825.72,10851.04,157.248546
2018-02-27 14:00:00,10851.04,10870.0,10785.0,10805.0,266.887215
2018-02-27 14:05:00,10819.98,10819.98,10778.52,10789.89,154.570455
2018-02-27 14:10:00,10785.0,10814.26,10758.16,10784.99,135.872652
2018-02-27 14:15:00,10782.86,10785.0,10721.01,10721.1,172.286255
2018-02-27 14:20:00,10722.95,10739.88,10687.39,10732.3,310.978226
2018-02-27 14:25:00,10732.3,10749.83,10659.2,10692.69,238.672008
2018-02-27 14:30:00,10691.01,10722.74,10675.01,10716.0,122.563441
2018-02-27 14:35:00,10719.0,10719.99,10662.0,10667.4,140.300153
2018-02-27 14:40:00,10667.0,10705.05,10663.01,10699.0,114.41976
2018-02-27 14:45:00,10700.0,10734.99,10685.0,10725.0,139.192428
2018-02-27 14:50:00,10725.0,10730.0,10701.94,10718.0,75.414617
2018-02-27 14:55:00,10709.0,10718.0,10675.0,10680.0,71.882074
2018-02-27 15:00:00,10680.0,10689.0,10575.0,10607.84,347.637814
2018-02-27 15:05:00,10607.84,10615.16,10510.0,10520.02,488.324922
2018-02-27 15:10:00,10529.99,10621.0,10525.0,10592.6,281.044894
2018-02-27 15:15:00,10589.96,10593.0,10523.94,10534.8,195.67338
2018-02-27 15:20:00,10534.8,10550.35,10485.2,10525.97,294.247849
2018-02-27 15:25:00,10525.97,10550.35,10463.18,10499.0,300.110894
2018-02-27 15:30:00,10499.0,10550.0,10486.77,10540.0,223.984391
2018-02-27 15:35:00,10540.0,10571.0,10532.0,10555.0,161.82298
2018-02-27 15:40:00,10554.99,10570.0,10550.0,10562.76,123.699968
2018-02-27 15:45:00,10558.99,10565.0,10517.0,10547.11,100.238553
2018-02-27 15:50:00,10551.9,10620.0,10551.9,10590.0,159.976577
2018-02-27 15:55:00,10590.0,10616.0,10568.0,10568.01,133.905542
2018-02-27 16:00:00,10570.0,10625.0,10568.0,10623.01,87.097275
2018-02-27 16:05:00,10623.01,10631.0,10600.79,10601.0,106.373377
2018-02-27 16:10:00,10601.19,10601.19,10565.02,10584.0,111.022385
2018-02-27 16:15:00,10583.89,10584.0,10559.32,10571.05,94.859546
2018-02-27 16:20:00,10571.06,10575.0,10562.0,10567.99,46.944479
2018-02-27 16:25:00,10567.0,10610.0,10566.0,10583.03,113.14816
2018-02-27 16:30:00,10588.99,10602.8,10575.0,10586.18,60.176098
2018-02-27 16:35:00,10592.0,10629.0,10586.14,10629.0,109.722328
2018-02-27 16:40:00,10629.74,10643.38,10617.0,10628.8,112.848178
2018-02-27 16:45:00,10628.81,10665.0,10618.0,10650.0,138.335957
2018-02-27 16:50:00,10649.14,10650.0,10620.0,10620.79,99.263716
2018-02-27 16:55:00,10620.78,10640.17,10620.0,10629.97,41.041513
2018-02-27 17:00:00,10625.14,10630.0,10575.62,10582.54,125.241265
2018-02-27 17:05:00,10582.54,10624.0,10579.84,10617.0,47.630675
2018-02-27 17:10:00,10620.0,10620.78,10603.01,10617.23,38.831071
2018-02-27 17:15:00,10617.0,10639.0,10612.06,10635.97,45.908457
2018-02-27 17:20:00,10635.94,10637.0,10613.0,10628.03,31.85879
2018-02-27 17:25:00,10629.0,10629.03,10609.0,10616.1,57.889471
2018-02-27 17:30:00,10616.99,10639.0,10609.0,10635.67,62.422687
2018-02-27 17:35:00,10635.67,10636.0,10614.15,10634.0,33.001085
2018-02-27 17:40:00,10630.68,10635.0,10575.65,10587.55,94.482719
2018-02-27 17:45:00,10587.53,10599.14,10570.0,10589.0,123.556447
2018-02-27 17:50:00,10590.03,10610.0,10590.0,10590.0,31.056806
2018-02-27 17:55:00,10590.0,10595.01,10570.0,10585.0,66.632202
2018-02-27 18:00:00,10576.09,10605.0,10576.09,10602.79,48.024564
2018-02-27 18:05:00,10605.0,10619.0,10602.79,10616.58,45.097242
2018-02-27 18:10:00,10617.58,10626.26,10590.0,10600.81,53.684737
2018-02-27 18:15:00,10600.81,10618.0,10581.0,10612.0,38.712974
2018-02-27 18:20:00,10607.28,10634.6,10604.23,10630.0,63.196883
2018-02-27 18:25:00,10630.0,10639.99,10610.0,10635.0,47.341237
2018-02-27 18:30:00,10633.95,10637.0,10622.0,10623.0,48.519027
2018-02-27 18:35:00,10623.0,10633.0,10620.0,10629.67,34.225017
2018-02-27 18:40:00,10629.0,10642.0,10610.0,10628.0,40.440269
2018-02-27 18:45:00,10627.99,10639.0,10604.0,10608.98,38.565104
2018-02-27 18:50:00,10608.95,10631.0,10600.46,10628.0,34.937868
2018-02-27 18:55:00,10618.73,10640.26,10618.73,10638.29,28.557595
2018-02-27 19:00:00,10638.3,10675.0,10638.29,10642.44,117.271021
2018-02-27 19:05:00,10647.86,10690.99,10642.0,10690.0,76.919304
2018-02-27 19:10:00,10690.0,10690.98,10661.0,10671.0,48.27249
2018-02-27 19:15:00,10671.0,10693.62,10670.0,10693.62,62.399789
2018-02-27 19:20:00,10693.62,10697.99,10685.0,10694.96,50.004397
2018-02-27 19:25:00,10691.79,10700.0,10680.0,10690.0,50.431634
2018-02-27 19:30:00,10690.0,10757.48,10688.0,10750.66,179.02324
2018-02-27 19:35:00,10750.66,10750.66,10710.9,10715.1,81.179174
2018-02-27 19:40:00,10715.1,10769.0,10715.1,10732.08,121.683076
2018-02-27 19:45:00,10730.38,10740.92,10683.48,10712.0,98.958948
2018-02-27 19:50:00,10712.0,10722.0,10688.01,10692.0,50.618597
2018-02-27 19:55:00,10693.0,10722.0,10677.87,10697.0,71.29638
2018-02-27 20:00:00,10697.0,10711.0,10680.0,10711.0,46.444238
2018-02-27 20:05:00,10712.03,10722.06,10700.0,10718.0,50.807125
2018-02-27 20:10:00,10718.0,10719.0,10690.89,10699.0,26.32506
2018-02-27 20:15:00,10699.0,10717.0,10680.02,10714.15,72.199412
2018-02-27 20:20:00,10716.49,10719.28,10700.0,10705.0,22.076167
2018-02-27 20:25:00,10705.77,10709.69,10688.14,10700.0,30.479965
2018-02-27 20:30:00,10700.0,10705.03,10690.43,10690.43,39.705665
2018-02-27 20:35:00,10690.23,10705.0,10680.0,10686.0,43.902682
2018-02-27 20:40:00,10686.0,10700.0,10600.0,10649.0,148.065807
2018-02-27 20:45:00,10644.89,10664.98,10635.55,10659.0,57.920032
2018-02-27 20:50:00,10657.0,10695.0,10656.9,10658.27,71.956005
2018-02-27 20:55:00,10669.0,10709.69,10663.73,10675.22,55.382974
2018-02-27 21:00:00,10675.0,10697.0,10657.01,10661.0,34.594717
2018-02-27 21:05:00,10666.34,10710.42,10661.0,10691.54,57.885906
2018-02-27 21:10:00,10693.0,10715.0,10680.0,10694.19,46.246571
2018-02-27 21:15:00,10683.51,10699.0,10680.03,10685.01,27.631649
2018-02-27 21:20:00,10685.07,10699.96,10685.04,10690.01,22.460165
2018-02-27 21:25:00,10690.01,10710.0,10687.0,10702.72,37.680271
2018-02-27 21:30:00,10702.71,10739.0,10701.02,10717.96,72.727607
2018-02-27 21:35:00,10717.96,10720.86,10695.0,10712.64,40.038518
2018-02-27 21:40:00,10710.89,10719.0,10692.0,10713.0,36.220957
2018-02-27 21:45:00,10713.02,10760.0,10713.01,10754.0,99.267106
2018-02-27 21:50:00,10754.0,10765.59,10705.0,10740.93,159.990056
2018-02-27 21:55:00,10740.93,10754.0,10725.0,10735.8,50.707766
2018-02-27 22:00:00,10735.8,10777.0,10725.02,10769.0,101.79749
2018-02-27 22:05:00,10763.01,10789.0,10763.01,10785.0,82.225125
2018-02-27 22:10:00,10785.0,10792.4,10739.77,10769.0,93.434735
2018-02-27 22:15:00,10770.0,10770.39,10710.0,10747.27,84.658173
2018-02-27 22:20:00,10747.27,10769.0,10741.0,10755.57,50.344748
2018-02-27 22:25:00,10758.68,10775.0,10700.0,10760.01,80.59156
2018-02-27 22:30:00,10761.0,10770.0,10727.67,10730.0,57.226994
2018-02-27 22:35:00,10737.22,10741.22,10710.0,10728.68,55.186575
2018-02-27 22:40:00,10727.13,10728.0,10718.0,10720.0,53.000845
2018-02-27 22:45:00,10720.0,10726.58,10702.03,10723.02,66.971418
2018-02-27 22:50:00,10726.58,10749.0,10723.02,10748.99,55.803995
2018-02-27 22:55:00,10748.99,10750.0,10731.0,10737.03,53.578062
2018-02-27 23:00:00,10737.03,10759.0,10734.0,10755.81,46.034389
2018-02-27 23:05:00,10755.8,10757.98,10726.0,10748.75,37.34825
2018-02-27 23:10:00,10748.75,10748.78,10731.5,10744.0,28.858394
2018-02-27 23:15:00,10743.78,10743.78,10719.8,10719.89,27.690378
2018-02-27 23:20:00,10720.0,10739.0,10665.8,10670.0,111.092093
2018-02-27 23:25:00,10671.0,10680.0,10600.0,10635.0,206.192797
2018-02-27 23:30:00,10639.0,10696.68,10625.0,10676.45,50.050218
2018-02-27 23:35:00,10679.99,10697.0,10647.08,10647.08,77.181945
2018-02-27 23:40:00,10660.6,10695.61,10648.54,10681.0,47.445002
2018-02-27 23:45:00,10681.0,10688.88,10651.0,10661.99,54.153234
2018-02-27 23:50:00,10665.0,10670.0,10639.0,10639.0,39.036006
2018-02-27 23:55:00,10639.0,10665.0,10560.01,10569.04,168.109779
2018-02-28 00:00:00,10584.33,10619.86,10551.0,10575.53,166.555023
2018-02-28 00:05:00,10576.93,10614.98,10567.64,10599.66,65.218623
2018-02-28 00:10:00,10599.63,10640.0,10599.63,10614.0,94.236896
2018-02-28 00:15:00,10620.0,10627.99,10581.39,10594.99,66.81838
2018-02-28 00:20:00,10590.99,10629.0,10577.0,10617.15,52.123221
2018-02-28 00:25:00,10616.7,10655.0,10614.0,10645.0,60.387004
2018-02-28 00:30:00,10637.98,10675.0,10637.98,10660.0,48.480213
2018-02-28 00:35:00,10660.6,10685.0,10641.53,10656.83,39.18108
2018-02-28 00:40:00,10658.16,10674.65,10650.0,10663.01,29.345836
2018-02-28 00:45:00,10665.0,10686.01,10643.65,10648.07,36.86841
2018-02-28 00:50:00,10641.65,10655.13,10593.0,10632.55,66.097806
2018-02-28 00:55:00,10632.55,10665.0,10630.32,10663.1,41.408571
2018-02-28 01:00:00,10662.45,10662.45,10606.65,10653.05,99.488306
2018-02-28 01:05:00,10653.08,10678.67,10650.02,10675.0,21.908591
2018-02-28 01:10:00,10675.0,10720.5,10674.85,10691.24,169.842556
2018-02-28 01:15:00,10697.06,10715.0,10681.95,10709.14,48.699765
2018-02-28 01:20:00,10710.0,10716.0,10690.0,10710.49,49.976036
2018-02-28 01:25:00,10710.49,10711.96,10689.06,10697.0,24.647226
2018-02-28 01:30:00,10697.0,10719.45,10691.27,10716.36,38.453223
2018-02-28 01:35:00,10711.02,10722.88,10711.0,10711.0,45.951512
2018-02-28 01:40:00,10711.0,10714.2,10671.0,10684.2,26.051053
2018-02-28 01:45:00,10678.74,10700.0,10671.0,10688.56,35.120683
2018-02-28 01:50:00,10695.99,10715.0,10688.39,10710.78,50.697412
2018-02-28 01:55:00,10710.78,10714.0,10700.0,10701.01,22.775382
2018-02-28 02:00:00,10700.9,10750.0,10700.02,10739.63,93.00467
2018-02-28 02:05:00,10739.63,10785.0,10716.93,10761.0,142.677878
2018-02-28 02:10:00,10761.0,10761.79,10732.0,10745.37,40.174331
2018-02-28 02:15:00,10745.0,10764.81,10731.26,10731.26,69.233157
2018-02-28 02:20:00,10738.0,10751.0,10685.0,10696.0,98.599648
2018-02-28 02:25:00,10696.0,10730.75,10689.0,10720.0,40.700388
2018-02-28 02:30:00,10719.61,10750.0,10709.88,10725.35,39.691262
2018-02-28 02:35:00,10725.35,10742.86,10715.0,10725.0,31.42642
2018-02-28 02:40:00,10716.0,10742.54,10689.12,10711.22,62.593437
2018-02-28 02:45:00,10711.22,10745.91,10710.56,10711.11,26.144113
2018-02-28 02:50:00,10711.11,10716.67,10650.82,10686.05,73.274807
2018-02-28 02:55:00,10686.05,10706.0,10683.0,10687.0,37.528209
2018-02-28 03:00:00,10687.0,10707.28,10683.0,10690.0,40.530067
2018-02-28 03:05:00,10699.85,10725.0,10691.58,10719.55,42.344586
2018-02-28 03:10:00,10719.55,10724.99,10711.36,10723.99,16.32922
2018-02-28 03:15:00,10723.99,10740.0,10719.99,10739.71,32.775515
2018-02-28 03:20:00,10740.0,10778.46,10729.04,10772.4,83.532086
2018-02-28 03:25:00,10772.42,10944.0,10770.63,10897.82,604.283154
2018-02-28 03:30:00,10899.04,10976.83,10870.76,10931.4,393.911744
2018-02-28 03:35:00,10937.89,10963.0,10911.02,10960.0,503.490212
2018-02-28 03:40:00,10960.0,10977.95,10920.03,10970.0,214.522223
2018-02-28 03:45:00,10970.0,10974.7,10935.0,10936.0,124.020433
2018-02-28 03:50:00,10947.98,10948.0,10875.0,10920.0,169.30462
2018-02-28 03:55:00,10916.04,10927.77,10902.2,10919.9,114.572229
2018-02-28 04:00:00,10915.03,10968.0,10911.0,10948.91,107.182532
2018-02-28 04:05:00,10948.91,10949.98,10928.89,10940.01,63.389416
2018-02-28 04:10:00,10941.0,10948.0,10940.0,10943.9,47.257741
2018-02-28 04:15:00,10943.9,11000.0,10941.0,10949.66,225.873766
2018-02-28 04:20:00,10950.0,10980.14,10948.0,10970.0,77.150429
2018-02-28 04:25:00,10965.0,10990.0,10961.0,10968.97,92.754676
2018-02-28 04:30:00,10968.97,10979.96,10914.44,10942.04,146.882849
2018-02-28 04:35:00,10939.42,10955.0,10931.76,10950.0,48.733452
2018-02-28 04:40:00,10949.01,10955.0,10926.05,10934.46,38.637973
2018-02-28 04:45:00,10934.46,10941.66,10926.01,10935.02,33.996852
2018-02-28 04:50:00,10935.02,10939.99,10870.0,10902.0,169.804438
2018-02-28 04:55:00,10900.0,10923.0,10880.0,10903.0,138.018958
2018-02-28 05:00:00,10902.0,10905.0,10880.0,10890.0,81.533254
2018-02-28 05:05:00,10880.7,10900.0,10870.0,10899.0,69.174601
2018-02-28 05:10:00,10895.23,10899.0,10881.99,10896.62,45.395753
2018-02-28 05:15:00,10897.59,10948.0,10897.59,10938.99,80.994079
2018-02-28 05:20:00,10937.02,10941.3,10921.55,10932.0,49.00833
2018-02-28 05:25:00,10931.69,10965.0,10928.0,10945.0,83.809827
2018-02-28 05:30:00,10944.0,10974.37,10935.0,10959.0,62.549713
2018-02-28 05:35:00,10966.66,10974.99,10955.0,10969.91,76.423145
2018-02-28 05:40:00,10965.0,10969.91,10912.78,10934.96,91.104938
2018-02-28 05:45:00,10937.02,10955.0,10931.32,10950.11,30.973979
2018-02-28 05:50:00,10954.29,10969.0,10950.97,10958.58,44.542909
2018-02-28 05:55:00,10958.58,10965.0,10934.0,10947.66,36.289431
2018-02-28 06:00:00,10947.66,10949.44,10935.0,10936.0,25.637915
2018-02-28 06:05:00,10936.0,10949.18,10934.99,10949.18,26.004627
2018-02-28 06:10:00,10948.9,10960.0,10937.34,10950.99,49.4488
2018-02-28 06:15:00,10950.99,11085.0,10949.0,11050.0,489.07579
2018-02-28 06:20:00,11050.0,11060.0,11000.0,11024.33,225.913044
2018-02-28 06:25:00,11016.63,11073.26,11015.0,11070.53,162.429005
2018-02-28 06:30:00,11070.53,11098.0,11034.71,11052.84,307.254138
2018-02-28 06:35:00,11060.75,11070.58,10934.03,10959.0,384.25785
2018-02-28 06:40:00,10952.0,10956.35,10810.0,10811.0,580.761464
2018-02-28 06:45:00,10811.0,10910.0,10802.0,10810.22,400.375392
2018-02-28 06:50:00,10818.0,10864.0,10807.0,10858.52,111.923888
2018-02-28 06:55:00,10860.0,10874.6,10807.06,10816.0,191.725953
2018-02-28 07:00:00,10815.0,10822.0,10735.86,10739.0,282.206792
2018-02-28 07:05:00,10736.66,10750.0,10669.0,10721.0,406.074333
2018-02-28 07:10:00,10721.0,10775.0,10685.0,10718.55,274.492702
2018-02-28 07:15:00,10728.19,10760.0,10682.0,10682.0,198.820114
2018-02-28 07:20:00,10691.71,10751.01,10680.45,10750.0,166.711483
2018-02-28 07:25:00,10748.18,10786.86,10740.02,10765.0,168.584785
2018-02-28 07:30:00,10767.52,10832.61,10765.0,10799.99,229.46405
2018-02-28 07:35:00,10799.99,10827.0,10773.32,10780.0,132.33066
2018-02-28 07:40:00,10773.32,10815.0,10753.01,10792.0,89.99471
2018-02-28 07:45:00,10792.0,10805.0,10770.0,10783.0,57.522778
2018-02-28 07:50:00,10776.67,10782.0,10720.0,10753.07,114.975237
2018-02-28 07:55:00,10751.15,10785.0,10737.0,10748.86,77.955159
2018-02-28 08:00:00,10741.01,10805.0,10740.0,10782.56,81.175456
2018-02-28 08:05:00,10782.56,10794.16,10748.72,10758.0,56.479628
2018-02-28 08:10:00,10758.0,10795.0,10747.44,10776.0,102.514891
2018-02-28 08:15:00,10776.0,10828.0,10776.0,10796.57,102.351303
2018-02-28 08:20:00,10796.57,10801.9,10765.0,10765.0,51.999427
2018-02-28 08:25:00,10770.0,10780.15,10752.0,10777.0,67.785671
2018-02-28 08:30:00,10767.44,10778.89,10725.63,10728.72,74.771069
2018-02-28 08:35:00,10728.32,10760.99,10708.44,10720.0,195.626974
2018-02-28 08:40:00,10715.43,10718.14,10600.0,10610.0,348.309241
2018-02-28 08:45:00,10610.0,10649.29,10601.08,10629.72,143.414631
2018-02-28 08:50:00,10629.72,10630.07,10600.0,10607.68,205.911476
2018-02-28 08:55:00,10610.0,10620.08,10519.4,10525.0,446.9049
2018-02-28 09:00:00,10525.0,10580.0,10519.4,10579.97,309.492951
2018-02-28 09:05:00,10570.0,10587.0,10531.05,10554.96,157.62182
2018-02-28 09:10:00,10554.96,10564.42,10476.28,10521.0,325.777073
2018-02-28 09:15:00,10520.1,10550.0,10483.0,10490.0,233.667547
2018-02-28 09:20:00,10490.0,10542.52,10476.86,10541.56,229.44546
2018-02-28 09:25:00,10535.61,10595.28,10529.59,10566.95,176.465772
2018-02-28 09:30:00,10566.95,10599.98,10547.0,10550.0,139.918538
2018-02-28 09:35:00,10550.0,10563.75,10522.0,10557.99,102.931364
2018-02-28 09:40:00,10557.54,10570.0,10538.0,10558.47,73.155016
2018-02-28 09:45:00,10560.71,10656.0,10543.0,10613.26,293.174713
2018-02-28 09:50:00,10610.0,10647.53,10601.0,10609.0,106.268265
2018-02-28 09:55:00,10609.0,10616.69,10580.53,10594.99,117.979919
2018-02-28 10:00:00,10594.0,10612.0,10582.0,10607.0,80.932766
2018-02-28 10:05:00,10607.0,10610.0,10587.0,10599.98,56.021024
2018-02-28 10:10:00,10599.98,10608.7,10580.53,10607.0,128.92053
2018-02-28 10:15:00,10607.0,10627.56,10605.0,10627.0,83.167342
2018-02-28 10:20:00,10627.0,10627.0,10580.53,10604.55,74.417965
2018-02-28 10:25:00,10604.45,10604.45,10536.0,10538.0,106.890502
2018-02-28 10:30:00,10538.0,10568.84,10500.82,10517.0,116.924309
2018-02-28 10:35:00,10516.76,10546.26,10489.49,10539.0,185.576322
2018-02-28 10:40:00,10535.26,10550.0,10500.01,10506.06,65.756366
2018-02-28 10:45:00,10508.99,10555.51,10506.01,10555.0,75.40372
2018-02-28 10:50:00,10550.01,10571.03,10545.6,10569.98,64.092229
2018-02-28 10:55:00,10569.98,10575.0,10551.0,10574.0,42.827373
2018-02-28 11:00:00,10570.99,10582.37,10515.0,10516.02,102.305279
2018-02-28 11:05:00,10520.0,10550.0,10516.02,10538.44,64.983994
2018-02-28 11:10:00,10538.44,10587.0,10528.37,10570.0,71.690733
2018-02-28 11:15:00,10570.0,10598.99,10564.3,10597.93,36.473361
2018-02-28 11:20:00,10598.57,10615.0,10590.0,10607.39,85.701016
2018-02-28 11:25:00,10608.0,10633.02,10600.0,10614.0,59.334514
2018-02-28 11:30:00,10615.0,10647.0,10608.0,10642.97,61.190266
2018-02-28 11:35:00,10638.0,10665.03,10623.62,10630.0,103.585521
2018-02-28 11:40:00,10630.0,10635.0,10600.0,10624.97,47.790985
2018-02-28 11:45:00,10618.92,10625.14,10587.0,10607.0,68.816619
2018-02-28 11:50:00,10607.0,10609.99,10560.0,10582.83,118.978019
2018-02-28 11:55:00,10595.88,10595.88,10556.57,10570.95,54.867577
2018-02-28 12:00:00,10574.13,10619.0,10556.01,10619.0,88.905321
2018-02-28 12:05:00,10601.62,10619.35,10583.9,10600.0,54.488396
2018-02-28 12:10:00,10600.0,10619.0,10571.44,10582.4,54.150052
2018-02-28 12:15:00,10582.4,10606.48,10560.0,10590.0,52.732979
2018-02-28 12:20:00,10592.48,10601.27,10590.0,10599.0,30.089938
2018-02-28 12:25:00,10599.99,10600.0,10516.01,10522.2,118.061662
2018-02-28 12:30:00,10522.2,10544.04,10443.01,10459.6,363.53107
2018-02-28 12:35:00,10450.0,10479.0,10375.54,10390.0,352.457743
2018-02-28 12:40:00,10390.0,10460.0,10381.11,10420.1,342.577053
2018-02-28 12:45:00,10423.0,10450.0,10400.09,10440.0,201.798275
2018-02-28 12:50:00,10445.53,10454.98,10431.38,10440.0,73.581692
2018-02-28 12:55:00,10440.0,10440.0,10375.78,10400.01,153.172008
2018-02-28 13:00:00,10400.0,10405.26,10378.0,10396.07,122.600072
2018-02-28 13:05:00,10396.02,10466.7,10392.01,10452.0,210.214768
2018-02-28 13:10:00,10446.63,10486.0,10446.63,10479.92,123.807445
2018-02-28 13:15:00,10479.92,10481.75,10453.02,10459.96,117.923996
2018-02-28 13:20:00,10456.62,10477.17,10451.37,10477.17,90.650144
2018-02-28 13:25:00,10473.0,10509.0,10470.0,10490.0,179.641527
2018-02-28 13:30:00,10490.0,10500.0,10455.5,10465.0,74.672568
2018-02-28 13:35:00,10465.0,10483.31,10445.01,10460.0,136.440213
2018-02-28 13:40:00,10458.51,10492.32,10455.18,10484.0,69.954379
2018-02-28 13:45:00,10484.7,10500.0,10480.0,10495.0,76.558367
2018-02-28 13:50:00,10495.0,10508.0,10482.3,10500.0,94.067477
2018-02-28 13:55:00,10500.49,10506.47,10456.03,10456.12,66.59876
2018-02-28 14:00:00,10456.12,10476.69,10429.0,10455.0,118.941007
2018-02-28 14:05:00,10467.61,10468.54,10426.03,10445.01,81.258361
2018-02-28 14:10:00,10445.01,10473.94,10442.99,10463.89,54.263604
2018-02-28 14:15:00,10463.89,10496.57,10461.0,10480.56,58.17824
2018-02-28 14:20:00,10480.56,10491.0,10475.23,10480.11,33.587914
2018-02-28 14:25:00,10480.1,10510.0,10480.1,10510.0,63.340042
2018-02-28 14:30:00,10510.0,10520.23,10480.0,10493.0,145.433887
2018-02-28 14:35:00,10493.0,10570.19,10492.0,10568.97,83.440014
2018-02-28 14:40:00,10568.97,10568.97,10535.75,10555.01,98.37252
2018-02-28 14:45:00,10555.01,10584.9,10554.0,10566.21,107.519395
2018-02-28 14:50:00,10565.21,10577.21,10550.0,10551.09,61.625978
2018-02-28 14:55:00,10550.7,10557.89,10522.0,10528.0,81.758854
2018-02-28 15:00:00,10524.01,10543.08,10489.55,10539.31,77.355014
2018-02-28 15:05:00,10539.0,10553.38,10536.0,10549.52,49.462638
2018-02-28 15:10:00,10549.52,10570.0,10549.52,10569.49,59.396918
2018-02-28 15:15:00,10569.49,10569.49,10530.0,10553.01,57.90615
2018-02-28 15:20:00,10551.84,10575.79,10541.0,10572.0,37.585812
2018-02-28 15:25:00,10573.35,10580.0,10549.01,10568.0,66.152333
2018-02-28 15:30:00,10565.0,10568.0,10539.81,10550.0,46.239269
2018-02-28 15:35:00,10550.0,10561.0,10500.12,10520.63,50.494902
2018-02-28 15:40:00,10505.41,10537.47,10500.03,10515.0,50.64362
2018-02-28 15:45:00,10515.0,10524.53,10465.55,10479.99,128.441468
2018-02-28 15:50:00,10479.99,10499.0,10470.29,10483.54,70.462293
2018-02-28 15:55:00,10483.54,10524.93,10477.55,10506.85,48.14787
2018-02-28 16:00:00,10505.0,10514.07,10490.0,10509.0,67.583819
2018-02-28 16:05:00,10504.0,10541.0,10500.0,10536.13,64.874167
2018-02-28 16:10:00,10536.14,10539.2,10498.86,10510.0,60.72843
2018-02-28 16:15:00,10510.0,10510.0,10482.77,10492.0,89.680779
2018-02-28 16:20:00,10499.99,10499.99,10450.0,10469.44,83.032227
2018-02-28 16:25:00,10470.0,10494.0,10460.0,10487.03,55.610605
2018-02-28 16:30:00,10483.06,10490.6,10474.0,10482.27,47.905601
2018-02-28 16:35:00,10486.0,10489.99,10469.4,10479.0,41.529962
2018-02-28 16:40:00,10473.82,10488.57,10423.99,10427.54,104.419522
2018-02-28 16:45:00,10439.51,10453.68,10408.08,10420.01,108.016892
2018-02-28 16:50:00,10422.0,10439.0,10410.0,10427.33,96.113141
2018-02-28 16:55:00,10427.33,10442.0,10408.0,10415.0,88.610573
2018-02-28 17:00:00,10412.0,10440.27,10400.0,10432.73,134.631649
2018-02-28 17:05:00,10430.98,10439.99,10417.0,10431.0,75.802765
2018-02-28 17:10:00,10431.0,10476.0,10431.0,10470.0,108.926664
2018-02-28 17:15:00,10470.0,10486.21,10454.32,10478.18,146.539452
2018-02-28 17:20:00,10476.22,10483.99,10440.59,10456.14,110.378991
2018-02-28 17:25:00,10460.0,10460.0,10440.01,10451.22,46.593096
2018-02-28 17:30:00,10451.22,10457.72,10425.0,10439.0,84.011668
2018-02-28 17:35:00,10431.77,10457.72,10421.22,10438.0,77.911757
2018-02-28 17:40:00,10448.45,10460.0,10430.11,10460.0,34.458465
2018-02-28 17:45:00,10460.0,10479.99,10433.56,10456.62,87.590666
2018-02-28 17:50:00,10456.62,10470.0,10420.17,10468.93,66.343102
2018-02-28 17:55:00,10463.4,10468.93,10433.0,10447.83,32.527027
2018-02-28 18:00:00,10447.84,10453.83,10436.4,10450.0,33.659335
2018-02-28 18:05:00,10450.0,10470.96,10437.0,10470.95,19.146657
2018-02-28 18:10:00,10470.95,10500.0,10459.0,10500.0,49.0714
2018-02-28 18:15:00,10497.55,10508.0,10463.47,10508.0,66.690459
2018-02-28 18:20:00,10500.06,10550.39,10487.29,10531.0,292.482325
2018-02-28 18:25:00,10527.95,10556.0,10516.3,10547.89,108.810481
2018-02-28 18:30:00,10547.89,10547.89,10510.0,10537.95,84.675537
2018-02-28 18:35:00,10533.01,10540.0,10502.61,10510.66,55.181978
2018-02-28 18:40:00,10516.34,10525.0,10460.0,10485.79,94.552617
2018-02-28 18:45:00,10485.76,10500.0,10477.66,10496.01,35.80336
2018-02-28 18:50:00,10496.03,10523.0,10480.01,10498.32,62.152337
2018-02-28 18:55:00,10490.45,10498.32,10475.0,10480.98,31.391623
2018-02-28 19:00:00,10480.88,10515.0,10474.79,10508.73,42.862247
2018-02-28 19:05:00,10508.73,10514.53,10483.33,10509.02,26.137015
2018-02-28 19:10:00,10509.02,10533.26,10509.02,10530.15,55.485371
2018-02-28 19:15:00,10530.15,10533.0,10482.99,10514.0,38.897928
2018-02-28 19:20:00,10514.0,10528.02,10503.47,10524.99,22.601164
2018-02-28 19:25:00,10521.0,10523.62,10482.99,10493.15,34.792919
2018-02-28 19:30:00,10491.43,10509.03,10480.0,10499.0,51.088199
2018-02-28 19:35:00,10499.0,10506.93,10490.2,10499.0,40.682699
2018-02-28 19:40:00,10499.0,10523.0,10499.0,10516.17,31.238181
2018-02-28 19:45:00,10518.0,10523.0,10499.0,10516.0,46.793991
2018-02-28 19:50:00,10516.0,10530.65,10516.0,10530.65,49.615662
2018-02-28 19:55:00,10530.64,10570.89,10527.0,10560.02,60.708821
2018-02-28 20:00:00,10563.79,10609.13,10537.64,10592.88,114.068202
2018-02-28 20:05:00,10592.87,10633.95,10580.0,10612.0,93.886822
2018-02-28 20:10:00,10611.96,10665.0,10601.0,10661.04,142.140578
2018-02-28 20:15:00,10660.0,10665.0,10615.02,10649.98,129.131871
2018-02-28 20:20:00,10655.0,10688.81,10641.0,10650.0,151.313196
2018-02-28 20:25:00,10645.95,10650.08,10625.0,10630.0,53.55884
2018-02-28 20:30:00,10628.99,10651.0,10618.0,10650.0,57.37659
2018-02-28 20:35:00,10646.98,10660.63,10635.0,10651.0,43.266199
2018-02-28 20:40:00,10650.73,10688.79,10645.0,10687.64,59.456614
2018-02-28 20:45:00,10686.87,10691.32,10658.92,10671.79,49.276193
2018-02-28 20:50:00,10671.79,10677.0,10635.0,10645.0,67.271351
2018-02-28 20:55:00,10645.0,10673.52,10635.2,10670.0,32.734284
2018-02-28 21:00:00,10670.0,10680.12,10642.0,10658.18,50.30809
2018-02-28 21:05:00,10658.18,10680.63,10640.03,10680.11,61.567206
2018-02-28 21:10:00,10680.63,10718.99,10665.99,10712.97,123.181958
2018-02-28 21:15:00,10712.97,10722.0,10650.17,10669.94,196.724034
2018-02-28 21:20:00,10662.01,10684.54,10640.05,10659.0,83.988152
2018-02-28 21:25:00,10659.0,10659.99,10624.0,10647.99,67.837395
2018-02-28 21:30:00,10647.01,10649.78,10619.15,10649.78,55.479396
2018-02-28 21:35:00,10649.0,10662.64,10621.0,10638.0,81.56097
2018-02-28 21:40:00,10638.0,10670.0,10633.16,10670.0,66.300827
2018-02-28 21:45:00,10657.47,10670.0,10646.02,10656.92,24.394567
2018-02-28 21:50:00,10656.92,10657.0,10570.0,10587.92,144.937302
2018-02-28 21:55:00,10571.64,10615.0,10520.53,10520.53,191.183527
2018-02-28 22:00:00,10520.55,10561.3,10520.0,10540.98,74.655272
2018-02-28 22:05:00,10540.99,10574.63,10531.73,10559.39,75.957218
2018-02-28 22:10:00,10559.37,10559.39,10520.52,10532.69,52.387086
2018-02-28 22:15:00,10536.88,10562.96,10532.51,10549.0,44.501693
2018-02-28 22:20:00,10549.0,10572.07,10546.3,10554.97,22.936674
2018-02-28 22:25:00,10554.96,10562.99,10532.51,10538.98,31.183043
2018-02-28 22:30:00,10535.0,10539.0,10475.0,10482.06,135.454242
2018-02-28 22:35:00,10481.0,10500.0,10470.0,10496.08,50.331061
2018-02-28 22:40:00,10494.02,10500.0,10484.3,10491.31,51.842164
2018-02-28 22:45:00,10490.25,10499.0,10455.99,10457.63,85.667986
2018-02-28 22:50:00,10468.04,10468.04,10435.0,10443.99,82.845684
2018-02-28 22:55:00,10440.0,10456.0,10429.11,10430.03,71.757565
2018-02-28 23:00:00,10430.03,10453.0,10407.72,10445.35,104.686193
2018-02-28 23:05:00,10445.35,10469.69,10408.2,10410.0,85.854291
2018-02-28 23:10:00,10410.0,10410.0,10352.0,10353.02,340.670348
2018-02-28 23:15:00,10353.02,10386.85,10331.66,10334.0,243.543594
2018-02-28 23:20:00,10331.66,10353.33,10303.0,10340.09,259.133715
2018-02-28 23:25:00,10340.09,10378.89,10312.54,10368.12,141.342217
2018-02-28 23:30:00,10368.12,10380.0,10300.0,10300.0,209.082448
2018-02-28 23:35:00,10302.06,10346.14,10300.0,10321.9,144.95085
2018-02-28 23:40:00,10323.92,10355.01,10320.0,10355.01,66.565235
2018-02-28 23:45:00,10357.0,10366.74,10300.0,10316.8,117.841069
2018-02-28 23:50:00,10316.8,10325.0,10310.0,10314.84,53.658056
2018-02-28 23:55:00,10315.0,10354.0,10314.84,10326.76,95.952216
2018-03-01 00:00:00,10325.64,10338.0,10274.99,10275.87,222.266534
2018-03-01 00:05:00,10275.87,10279.0,10240.0,10266.15,346.500945
2018-03-01 00:10:00,10266.15,10294.95,10266.15,10282.01,108.780557
2018-03-01 00:15:00,10283.01,10321.36,10279.99,10310.0,106.165908
2018-03-01 00:20:00,10310.0,10358.0,10303.73,10354.05,90.889985
2018-03-01 00:25:00,10356.0,10368.0,10332.51,10344.0,123.502282
2018-03-01 00:30:00,10348.65,10360.0,10301.0,10360.0,113.133381
2018-03-01 00:35:00,10360.0,10405.94,10350.05,10370.0,148.909868
2018-03-01 00:40:00,10370.01,10398.0,10370.0,10382.4,57.301711
2018-03-01 00:45:00,10384.86,10386.09,10350.0,10356.81,56.696031
2018-03-01 00:50:00,10356.81,10401.7,10349.09,10390.12,55.651132
2018-03-01 00:55:00,10385.73,10421.0,10368.42,10410.0,70.520139
2018-03-01 01:00:00,10407.0,10410.0,10377.77,10391.6,55.496543
2018-03-01 01:05:00,10389.89,10394.17,10361.19,10378.42,65.45844
2018-03-01 01:10:00,10379.0,10383.0,10319.22,10332.02,71.174075
2018-03-01 01:15:00,10340.0,10394.0,10321.0,10370.4,120.257126
2018-03-01 01:20:00,10370.0,10405.7,10370.0,10405.18,65.399951
2018-03-01 01:25:00,10405.18,10415.37,10390.0,10404.41,92.432829
2018-03-01 01:30:00,10404.41,10419.0,10380.0,10385.1,83.773452
2018-03-01 01:35:00,10388.95,10390.18,10375.01,10378.0,52.720374
2018-03-01 01:40:00,10377.87,10384.0,10354.21,10379.87,40.068778
2018-03-01 01:45:00,10384.0,10384.0,10352.0,10355.5,38.856137
2018-03-01 01:50:00,10355.5,10388.87,10355.48,10380.0,54.246516
2018-03-01 01:55:00,10380.0,10420.0,10373.42,10418.0,64.217703
2018-03-01 02:00:00,10420.0,10464.99,10401.08,10456.0,113.359209
2018-03-01 02:05:00,10456.0,10460.0,10420.51,10437.97,71.279299
2018-03-01 02:10:00,10437.96,10460.0,10400.0,10400.0,68.567877
2018-03-01 02:15:00,10410.75,10431.6,10380.22,10398.0,79.422325
2018-03-01 02:20:00,10397.76,10420.0,10331.0,10357.63,77.359705
2018-03-01 02:25:00,10349.58,10373.02,10340.0,10340.84,79.651504
2018-03-01 02:30:00,10340.84,10378.89,10340.0,10353.0,49.448242
2018-03-01 02:35:00,10353.0,10354.41,10288.3,10302.0,193.930546
2018-03-01 02:40:00,10302.0,10335.0,10295.0,10323.0,78.956929
2018-03-01 02:45:00,10323.0,10338.64,10319.1,10338.29,45.275472
2018-03-01 02:50:00,10338.61,10350.0,10319.0,10335.16,42.471479
2018-03-01 02:55:00,10334.99,10339.85,10322.03,10331.0,32.232513
2018-03-01 03:00:00,10331.89,10387.99,10322.0,10376.36,99.966111
2018-03-01 03:05:00,10380.0,10394.41,10350.0,10366.12,55.172653
2018-03-01 03:10:00,10360.0,10368.07,10344.43,10347.15,23.709796
2018-03-01 03:15:00,10347.15,10374.0,10337.12,10372.52,41.677568
2018-03-01 03:20:00,10372.52,10380.0,10359.8,10369.0,60.371007
2018-03-01 03:25:00,10372.39,10372.58,10360.01,10364.15,24.897005
2018-03-01 03:30:00,10365.53,10369.48,10348.52,10355.33,95.788417
2018-03-01 03:35:00,10355.33,10371.14,10335.23,10348.0,30.545021
2018-03-01 03:40:00,10348.0,10348.0,10298.0,10299.0,86.526198
2018-03-01 03:45:00,10298.01,10337.0,10291.0,10320.96,41.419766
2018-03-01 03:50:00,10320.96,10360.1,10305.26,10343.0,59.456317
2018-03-01 03:55:00,10350.0,10380.0,10342.86,10356.03,45.824176
2018-03-01 04:00:00,10356.01,10405.86,10356.0,10384.18,79.614783
2018-03-01 04:05:00,10391.0,10412.02,10370.0,10375.36,56.049707
2018-03-01 04:10:00,10380.94,10443.0,10371.02,10427.82,115.094178
2018-03-01 04:15:00,10427.82,10440.6,10406.0,10425.0,44.933905
2018-03-01 04:20:00,10424.99,10450.0,10410.6,10440.0,111.141804
2018-03-01 04:25:00,10440.0,10460.0,10436.09,10441.28,45.515795
2018-03-01 04:30:00,10440.01,10450.0,10407.01,10440.67,68.156006
2018-03-01 04:35:00,10440.7,10449.96,10397.0,10409.99,58.369486
2018-03-01 04:40:00,10407.26,10421.67,10378.0,10382.0,64.05879
2018-03-01 04:45:00,10385.0,10435.0,10382.0,10435.0,45.235507
2018-03-01 04:50:00,10433.0,10490.0,10433.0,10460.0,157.45836
2018-03-01 04:55:00,10468.99,10468.99,10419.0,10440.73,66.982238
2018-03-01 05:00:00,10440.73,10448.38,10400.0,10420.0,43.286722
2018-03-01 05:05:00,10420.0,10440.0,10406.43,10420.01,60.121267
2018-03-01 05:10:00,10415.0,10418.44,10380.0,10406.0,46.837918
2018-03-01 05:15:00,10406.11,10410.0,10382.0,10410.0,67.634252
2018-03-01 05:20:00,10402.53,10421.56,10395.04,10411.03,31.760188
2018-03-01 05:25:00,10413.29,10422.13,10385.0,10397.03,37.466851
2018-03-01 05:30:00,10412.5,10439.0,10397.06,10425.75,31.648488
2018-03-01 05:35:00,10425.75,10461.41,10410.0,10412.83,66.341299
2018-03-01 05:40:00,10416.89,10439.06,10416.89,10420.98,25.209557
2018-03-01 05:45:00,10418.07,10426.7,10415.8,10424.93,27.706734
2018-03-01 05:50:00,10424.9,10448.56,10415.7,10415.7,43.751185
2018-03-01 05:55:00,10416.36,10440.0,10406.92,10412.97,64.270464
2018-03-01 06:00:00,10412.97,10425.99,10386.0,10386.0,49.874692
2018-03-01 06:05:00,10386.0,10410.0,10376.03,10404.27,74.48522
2018-03-01 06:10:00,10404.27,10410.0,10389.61,10389.61,32.79513
2018-03-01 06:15:00,10389.61,10405.0,10380.99,10380.99,28.899361
2018-03-01 06:20:00,10380.99,10393.81,10351.0,10367.0,76.470118
2018-03-01 06:25:00,10374.98,10400.0,10350.0,10357.0,60.103054
2018-03-01 06:30:00,10357.94,10380.0,10335.96,10365.0,62.925667
2018-03-01 06:35:00,10365.99,10408.06,10365.0,10408.06,40.155607
2018-03-01 06:40:00,10408.18,10422.4,10403.07,10410.0,54.642272
2018-03-01 06:45:00,10407.0,10412.17,10385.0,10385.0,91.39118
2018-03-01 06:50:00,10385.0,10392.96,10371.82,10384.99,21.967929
2018-03-01 06:55:00,10384.99,10419.11,10380.8,10417.52,26.139136
2018-03-01 07:00:00,10417.52,10435.39,10414.0,10435.39,57.52356
2018-03-01 07:05:00,10435.28,10435.38,10409.0,10418.5,25.61294
2018-03-01 07:10:00,10410.99,10430.0,10409.0,10429.99,33.597655
2018-03-01 07:15:00,10429.93,10478.0,10429.93,10449.62,118.569071
2018-03-01 07:20:00,10449.0,10518.85,10439.0,10496.0,158.39299
2018-03-01 07:25:00,10496.0,10560.0,10493.01,10560.0,145.589305
2018-03-01 07:30:00,10557.47,10566.0,10514.25,10514.79,147.592971
2018-03-01 07:35:00,10525.79,10539.91,10513.63,10530.0,68.797834
2018-03-01 07:40:00,10530.0,10531.99,10521.0,10530.0,28.333416
2018-03-01 07:45:00,10530.01,10583.73,10525.03,10578.15,90.826782
2018-03-01 07:50:00,10578.15,10592.85,10532.49,10545.01,173.841567
2018-03-01 07:55:00,10549.0,10566.05,10540.2,10549.33,117.984684
2018-03-01 08:00:00,10549.96,10637.83,10549.96,10632.57,167.294782
2018-03-01 08:05:00,10632.57,10650.0,10606.41,10606.94,172.527097
2018-03-01 08:10:00,10610.0,10648.0,10606.41,10648.0,105.260675
2018-03-01 08:15:00,10648.0,10689.0,10644.02,10662.0,181.929819
2018-03-01 08:20:00,10662.0,10691.08,10633.13,10648.56,130.9139
2018-03-01 08:25:00,10640.0,10653.42,10624.99,10635.0,69.189054
2018-03-01 08:30:00,10635.0,10665.66,10632.0,10660.0,78.917708
2018-03-01 08:35:00,10664.74,10680.48,10635.88,10647.44,72.668562
2018-03-01 08:40:00,10647.44,10650.0,10600.08,10612.2,108.140564
2018-03-01 08:45:00,10610.1,10645.0,10602.32,10625.0,85.014856
2018-03-01 08:50:00,10625.0,10649.0,10622.0,10645.64,37.229034
2018-03-01 08:55:00,10646.0,10665.94,10637.67,10652.75,84.517584
2018-03-01 09:00:00,10654.99,10664.99,10630.0,10648.99,104.655017
2018-03-01 09:05:00,10648.99,10675.0,10648.99,10659.99,101.21864
2018-03-01 09:10:00,10659.99,10660.0,10581.0,10595.48,111.975653
2018-03-01 09:15:00,10590.02,10619.08,10581.05,10603.0,64.200259
2018-03-01 09:20:00,10611.38,10625.0,10587.32,10599.98,57.157094
2018-03-01 09:25:00,10599.98,10619.99,10585.0,10611.39,62.695165
2018-03-01 09:30:00,10604.94,10626.75,10596.0,10626.75,51.959365
2018-03-01 09:35:00,10626.75,10643.63,10625.0,10634.83,42.510922
2018-03-01 09:40:00,10625.01,10642.86,10615.0,10620.99,76.365442
2018-03-01 09:45:00,10620.99,10640.39,10620.0,10634.0,45.232456
2018-03-01 09:50:00,10634.0,10639.98,10615.0,10635.98,42.663751
2018-03-01 09:55:00,10633.5,10642.0,10615.0,10619.98,26.047938
2018-03-01 10:00:00,10619.97,10649.0,10612.98,10645.56,64.924143
2018-03-01 10:05:00,10649.0,10689.0,10645.56,10680.0,142.465026
2018-03-01 10:10:00,10678.0,10725.0,10675.0,10701.94,181.083018
2018-03-01 10:15:00,10701.94,10715.14,10695.71,10698.86,76.849676
2018-03-01 10:20:00,10699.0,10705.0,10690.0,10697.0,62.480282
2018-03-01 10:25:00,10697.0,10700.0,10665.0,10669.0,90.986102
2018-03-01 10:30:00,10669.0,10690.19,10634.31,10647.01,102.023532
2018-03-01 10:35:00,10647.01,10675.0,10643.61,10675.0,44.366035
2018-03-01 10:40:00,10675.0,10690.19,10664.66,10690.19,49.617217
2018-03-01 10:45:00,10689.17,10695.33,10668.24,10668.24,53.359555
2018-03-01 10:50:00,10669.98,10694.99,10659.95,10689.79,90.479928
2018-03-01 10:55:00,10689.0,10738.94,10678.0,10738.94,148.325457
2018-03-01 11:00:00,10736.0,10739.0,10699.0,10730.58,128.001101
2018-03-01 11:05:00,10728.72,10738.0,10691.5,10712.0,61.406939
2018-03-01 11:10:00,10712.0,10729.19,10712.0,10725.0,43.861226
2018-03-01 11:15:00,10725.0,10725.0,10652.0,10680.05,120.994501
2018-03-01 11:20:00,10685.0,10745.0,10680.21,10717.0,160.491055
2018-03-01 11:25:00,10714.48,10719.65,10701.4,10710.0,40.872477
2018-03-01 11:30:00,10710.0,10710.0,10680.0,10680.0,56.1466
2018-03-01 11:35:00,10680.0,10699.08,10666.66,10690.0,50.702697
2018-03-01 11:40:00,10690.0,10691.93,10672.0,10685.0,33.637178
2018-03-01 11:45:00,10685.0,10701.93,10682.0,10688.85,38.878178
2018-03-01 11:50:00,10688.81,10699.0,10680.56,10689.0,31.051037
2018-03-01 11:55:00,10688.0,10689.0,10667.01,10671.93,37.088597
2018-03-01 12:00:00,10671.93,10720.0,10671.93,10710.01,99.740896
2018-03-01 12:05:00,10710.01,10719.0,10700.0,10714.0,43.246922
2018-03-01 12:10:00,10712.81,10714.91,10689.99,10701.0,46.468973
2018-03-01 12:15:00,10701.0,10707.0,10684.22,10692.0,39.834367
2018-03-01 12:20:00,10691.99,10691.99,10657.0,10660.0,49.701405
2018-03-01 12:25:00,10657.01,10695.0,10657.0,10688.0,70.58901
2018-03-01 12:30:00,10688.0,10722.0,10688.0,10719.0,65.098321
2018-03-01 12:35:00,10715.0,10719.0,10682.38,10689.01,61.586372
2018-03-01 12:40:00,10689.01,10700.56,10683.15,10693.24,31.332903
2018-03-01 12:45:00,10693.24,10697.85,10607.96,10635.0,220.678616
2018-03-01 12:50:00,10635.0,10647.81,10609.14,10629.85,55.861718
2018-03-01 12:55:00,10625.8,10641.47,10591.16,10640.7,105.898867
2018-03-01 13:00:00,10640.7,10680.88,10636.0,10650.0,51.727177
2018-03-01 13:05:00,10643.29,10672.91,10631.02,10663.16,97.801148
2018-03-01 13:10:00,10658.35,10685.07,10643.01,10684.67,56.935115
2018-03-01 13:15:00,10684.67,10690.0,10676.02,10679.94,30.585222
2018-03-01 13:20:00,10679.99,10689.95,10660.0,10670.59,61.270228
2018-03-01 13:25:00,10680.0,10707.0,10662.68,10700.02,70.553725
2018-03-01 13:30:00,10700.02,10730.0,10689.0,10725.0,135.281394
2018-03-01 13:35:00,10729.04,10800.01,10721.0,10799.0,422.932569
2018-03-01 13:40:00,10799.0,10816.56,10770.0,10789.0,266.701971
2018-03-01 13:45:00,10788.0,10817.94,10780.0,10783.65,233.904091
2018-03-01 13:50:00,10783.65,10795.0,10741.0,10758.23,129.1059
2018-03-01 13:55:00,10758.23,10790.0,10740.0,10780.0,81.693221
2018-03-01 14:00:00,10780.0,10831.0,10780.0,10819.25,150.070778
2018-03-01 14:05:00,10819.25,10824.67,10769.0,10793.58,99.344128
2018-03-01 14:10:00,10796.0,10800.18,10776.28,10782.48,69.273028
2018-03-01 14:15:00,10783.0,10810.0,10772.09,10790.0,139.464019
2018-03-01 14:20:00,10789.0,10790.01,10754.62,10760.0,72.163004
2018-03-01 14:25:00,10755.0,10787.71,10754.62,10779.01,53.381641
2018-03-01 14:30:00,10778.07,10779.01,10751.0,10763.94,86.043593
2018-03-01 14:35:00,10760.94,10777.86,10751.94,10777.86,42.535063
2018-03-01 14:40:00,10777.86,10799.58,10760.5,10765.0,70.089446
2018-03-01 14:45:00,10760.53,10775.0,10750.03,10762.44,79.645945
2018-03-01 14:50:00,10767.98,10805.0,10762.31,10800.0,64.610117
2018-03-01 14:55:00,10804.99,10814.63,10785.0,10788.86,107.345227
2018-03-01 15:00:00,10788.86,10790.0,10750.01,10752.12,86.636106
2018-03-01 15:05:00,10752.68,10769.21,10695.0,10700.0,130.269266
2018-03-01 15:10:00,10699.99,10725.17,10693.01,10720.99,74.498239
2018-03-01 15:15:00,10720.99,10723.99,10680.0,10692.09,129.161528
2018-03-01 15:20:00,10690.11,10718.5,10681.97,10689.79,91.939986
2018-03-01 15:25:00,10689.79,10692.96,10667.09,10680.0,102.288572
2018-03-01 15:30:00,10680.0,10710.0,10675.06,10700.01,62.314835
2018-03-01 15:35:00,10701.0,10727.58,10671.0,10678.0,88.600108
2018-03-01 15:40:00,10679.21,10700.0,10671.0,10690.0,101.606068
2018-03-01 15:45:00,10690.0,10726.0,10685.15,10717.0,67.557467
2018-03-01 15:50:00,10717.01,10733.0,10717.0,10725.12,41.054366
2018-03-01 15:55:00,10725.12,10737.0,10717.0,10717.0,42.431547
2018-03-01 16:00:00,10717.0,10720.0,10705.03,10709.0,41.480078
2018-03-01 16:05:00,10708.98,10717.0,10702.9,10709.4,48.814119
2018-03-01 16:10:00,10709.4,10750.93,10709.4,10737.4,61.754795
2018-03-01 16:15:00,10737.4,10770.0,10734.08,10749.5,87.211866
2018-03-01 16:20:00,10749.5,10759.99,10700.01,10741.0,91.863732
2018-03-01 16:25:00,10740.0,10741.0,10720.82,10735.0,23.542676
2018-03-01 16:30:00,10733.0,10745.0,10720.82,10744.99,27.366324
2018-03-01 16:35:00,10744.99,10774.0,10739.0,10750.4,86.415154
2018-03-01 16:40:00,10750.0,10757.28,10730.01,10749.77,54.695414
2018-03-01 16:45:00,10749.77,10774.0,10739.5,10765.0,99.745883
2018-03-01 16:50:00,10765.0,10771.0,10737.66,10759.07,44.57074
2018-03-01 16:55:00,10759.07,10769.22,10746.01,10762.69,30.502915
2018-03-01 17:00:00,10758.06,10772.0,10730.0,10735.0,40.533105
2018-03-01 17:05:00,10735.0,10750.0,10730.01,10745.0,25.413606
2018-03-01 17:10:00,10745.0,10754.82,10727.24,10753.86,63.81663
2018-03-01 17:15:00,10753.86,10756.82,10741.0,10749.96,43.198175
2018-03-01 17:20:00,10749.0,10755.0,10743.1,10745.04,37.725085
2018-03-01 17:25:00,10749.0,10755.0,10736.79,10738.9,29.789495
2018-03-01 17:30:00,10742.68,10742.7,10710.37,10718.62,53.007608
2018-03-01 17:35:00,10718.62,10751.81,10712.71,10750.0,38.204422
2018-03-01 17:40:00,10750.0,10783.21,10747.1,10765.83,95.408537
2018-03-01 17:45:00,10765.83,10795.04,10759.33,10784.08,73.439289
2018-03-01 17:50:00,10784.08,10850.0,10783.69,10840.0,198.742416
2018-03-01 17:55:00,10845.51,10858.0,10825.63,10850.0,230.772337
2018-03-01 18:00:00,10850.0,10851.0,10811.0,10849.0,81.179187
2018-03-01 18:05:00,10849.0,10886.35,10844.0,10859.98,169.421648
2018-03-01 18:10:00,10859.98,10865.97,10818.0,10840.0,97.585728
2018-03-01 18:15:00,10836.48,10860.0,10812.0,10855.0,104.0868
2018-03-01 18:20:00,10855.0,10864.79,10828.0,10864.78,39.716094
2018-03-01 18:25:00,10864.78,10880.33,10860.0,10875.06,84.263398
2018-03-01 18:30:00,10879.97,10900.0,10875.0,10890.0,155.391535
2018-03-01 18:35:00,10890.0,10891.65,10861.0,10867.03,84.882936
2018-03-01 18:40:00,10869.06,10878.03,10845.0,10850.0,69.751701
2018-03-01 18:45:00,10849.91,10899.96,10846.0,10882.0,122.700101
2018-03-01 18:50:00,10888.97,10919.25,10867.78,10918.72,126.78438
2018-03-01 18:55:00,10918.72,10938.0,10874.0,10915.57,180.426896
2018-03-01 19:00:00,10915.56,10919.0,10885.0,10885.0,110.708626
2018-03-01 19:05:00,10890.07,10940.0,10890.07,10940.0,85.898566
2018-03-01 19:10:00,10940.0,10945.0,10913.02,10935.0,86.930006
2018-03-01 19:15:00,10931.98,10938.0,10895.0,10899.81,74.887668
2018-03-01 19:20:00,10899.81,10900.0,10848.24,10890.0,135.90896
2018-03-01 19:25:00,10890.0,10914.99,10879.47,10895.71,74.563422
2018-03-01 19:30:00,10899.93,10899.96,10852.79,10861.08,84.711491
2018-03-01 19:35:00,10861.08,10888.0,10852.79,10858.0,68.259156
2018-03-01 19:40:00,10858.57,10879.0,10850.0,10860.0,65.239757
2018-03-01 19:45:00,10860.0,10885.0,10858.0,10883.37,47.579726
2018-03-01 19:50:00,10884.0,10890.0,10873.0,10879.98,57.266843
2018-03-01 19:55:00,10879.98,10896.99,10875.08,10880.0,61.258184
2018-03-01 20:00:00,10880.0,10896.99,10879.94,10880.01,32.262863
2018-03-01 20:05:00,10880.01,10891.6,10869.0,10891.6,40.610826
2018-03-01 20:10:00,10892.0,10925.0,10890.88,10920.0,69.446798
2018-03-01 20:15:00,10923.28,10959.0,10915.0,10959.0,120.832587
2018-03-01 20:20:00,10959.0,10963.01,10906.0,10923.0,133.400722
2018-03-01 20:25:00,10922.99,10997.17,10920.0,10985.02,169.755263
2018-03-01 20:30:00,10994.44,11001.0,10959.24,10994.99,250.57681
2018-03-01 20:35:00,10994.99,11001.0,10935.0,10946.0,205.733103
2018-03-01 20:40:00,10946.0,10986.0,10945.05,10964.99,66.116675
2018-03-01 20:45:00,10964.99,10985.0,10959.85,10980.08,78.691959
2018-03-01 20:50:00,10976.37,11038.0,10976.0,11034.0,189.722075
2018-03-01 20:55:00,11034.0,11050.0,10981.02,11028.0,256.375008
2018-03-01 21:00:00,11029.3,11060.41,11028.0,11058.0,105.795652
2018-03-01 21:05:00,11058.0,11060.0,11025.0,11039.0,80.64444
2018-03-01 21:10:00,11039.0,11039.0,10953.11,10995.0,235.912119
2018-03-01 21:15:00,10996.0,11036.56,10975.0,11014.0,78.936766
2018-03-01 21:20:00,11026.92,11026.92,10961.0,10965.0,113.798687
2018-03-01 21:25:00,10965.0,10997.0,10960.0,10978.0,101.142238
2018-03-01 21:30:00,10978.0,11001.94,10971.23,10997.0,88.738485
2018-03-01 21:35:00,10999.0,11000.04,10970.85,10980.0,58.516834
2018-03-01 21:40:00,10980.0,10995.99,10973.46,10994.98,62.04742
2018-03-01 21:45:00,10995.99,11013.0,10994.98,11000.49,64.084736
2018-03-01 21:50:00,11001.0,11008.87,10856.0,10912.9,286.026328
2018-03-01 21:55:00,10912.9,10920.0,10876.42,10918.0,129.102632
2018-03-01 22:00:00,10918.0,10920.48,10865.0,10866.0,121.82194
2018-03-01 22:05:00,10863.32,10870.0,10789.26,10825.5,335.189836
2018-03-01 22:10:00,10820.27,10881.25,10811.0,10855.58,178.410608
2018-03-01 22:15:00,10850.0,10900.05,10825.0,10833.47,125.727871
2018-03-01 22:20:00,10833.47,10854.96,10821.5,10854.96,75.753719
2018-03-01 22:25:00,10855.41,10890.0,10840.02,10864.13,70.645982
2018-03-01 22:30:00,10864.11,10881.0,10844.68,10846.1,54.585115
2018-03-01 22:35:00,10849.98,10871.4,10840.0,10871.38,55.515218
2018-03-01 22:40:00,10866.02,10917.99,10860.0,10915.0,78.119197
2018-03-01 22:45:00,10918.0,10934.81,10890.03,10934.72,123.699081
2018-03-01 22:50:00,10927.81,10957.0,10920.87,10955.0,93.920238
2018-03-01 22:55:00,10956.92,10985.25,10950.0,10970.0,90.858606
2018-03-01 23:00:00,10974.0,10974.0,10908.0,10911.18,81.809843
2018-03-01 23:05:00,10920.0,10970.0,10908.39,10954.0,114.248094
2018-03-01 23:10:00,10954.0,10990.0,10946.35,10987.0,81.24832
2018-03-01 23:15:00,10988.94,10992.78,10950.0,10955.72,83.960878
2018-03-01 23:20:00,10957.08,10988.23,10955.56,10985.52,66.242455
2018-03-01 23:25:00,10985.0,10994.5,10940.01,10955.65,167.26171
2018-03-01 23:30:00,10954.7,10964.5,10910.0,10927.0,90.735858
2018-03-01 23:35:00,10926.99,10965.0,10920.08,10961.83,77.969036
2018-03-01 23:40:00,10960.0,10961.83,10927.09,10938.98,53.438607
2018-03-01 23:45:00,10938.98,10949.98,10930.01,10942.0,40.603737
2018-03-01 23:50:00,10942.0,10948.0,10877.97,10900.0,92.356426
2018-03-01 23:55:00,10890.15,10929.0,10890.0,10920.0,104.62506
2018-03-02 00:00:00,10923.36,10939.0,10920.0,10933.97,50.42699
2018-03-02 00:05:00,10933.97,10969.99,10933.0,10958.27,110.480348
2018-03-02 00:10:00,10965.5,10990.0,10959.05,10990.0,118.423607
2018-03-02 00:15:00,10990.0,10997.0,10963.76,10978.0,80.598239
2018-03-02 00:20:00,10977.63,10987.99,10973.0,10983.53,75.934361
2018-03-02 00:25:00,10983.53,11054.5,10983.53,11054.0,189.245098
2018-03-02 00:30:00,11054.0,11087.8,11021.88,11067.0,168.930882
2018-03-02 00:35:00,11067.0,11082.94,11006.17,11015.01,162.645059
2018-03-02 00:40:00,11021.0,11060.0,11021.0,11036.12,64.458179
2018-03-02 00:45:00,11036.0,11048.0,11029.66,11040.0,90.626198
2018-03-02 00:50:00,11040.1,11067.63,11006.36,11060.0,123.637989
2018-03-02 00:55:00,11061.78,11068.38,11033.0,11046.06,73.934891
2018-03-02 01:00:00,11046.03,11067.0,11032.94,11057.74,64.459416
2018-03-02 01:05:00,11063.03,11067.0,11017.32,11017.32,101.663048
2018-03-02 01:10:00,11017.32,11017.32,10964.09,10998.31,167.944717
2018-03-02 01:15:00,10998.31,11043.72,10998.0,11032.01,63.663723
2018-03-02 01:20:00,11035.0,11078.0,11030.85,11070.72,107.698742
2018-03-02 01:25:00,11075.75,11144.0,11070.0,11111.0,448.933351
2018-03-02 01:30:00,11115.0,11166.0,11104.48,11155.26,370.000645
2018-03-02 01:35:00,11155.27,11159.0,11113.99,11128.4,187.465326
2018-03-02 01:40:00,11128.4,11175.11,11125.88,11169.9,159.086136
2018-03-02 01:45:00,11163.07,11170.18,11125.0,11140.0,122.869888
2018-03-02 01:50:00,11138.98,11200.0,11135.13,11199.0,221.377972
2018-03-02 01:55:00,11189.07,11200.0,11150.46,11178.6,140.999813
2018-03-02 02:00:00,11179.1,11189.6,11121.88,11135.0,190.746815
2018-03-02 02:05:00,11139.0,11165.0,11125.0,11141.0,147.866381
2018-03-02 02:10:00,11141.0,11141.0,11031.15,11088.0,228.042089
2018-03-02 02:15:00,11088.0,11140.0,11082.02,11132.0,73.555351
2018-03-02 02:20:00,11131.01,11150.68,11119.97,11144.99,72.813066
2018-03-02 02:25:00,11137.0,11154.33,11135.0,11154.01,127.185531
2018-03-02 02:30:00,11154.01,11160.0,11100.01,11123.0,126.3944
2018-03-02 02:35:00,11123.0,11130.16,11111.11,11112.22,57.243975
2018-03-02 02:40:00,11113.0,11130.0,11109.11,11119.89,76.236617
2018-03-02 02:45:00,11119.88,11119.89,11071.5,11087.64,96.206941
2018-03-02 02:50:00,11085.34,11089.0,11039.03,11060.0,183.011785
2018-03-02 02:55:00,11060.0,11060.0,11033.0,11047.56,85.973481
2018-03-02 03:00:00,11047.56,11096.3,11044.93,11077.52,191.757657
2018-03-02 03:05:00,11081.0,11084.47,11050.11,11075.0,84.461778
2018-03-02 03:10:00,11075.0,11135.1,11070.03,11124.99,186.418958
2018-03-02 03:15:00,11124.99,11140.0,11088.0,11093.28,78.303498
2018-03-02 03:20:00,11090.0,11120.46,11066.0,11071.52,70.664445
2018-03-02 03:25:00,11071.5,11081.99,11065.92,11075.0,30.259388
2018-03-02 03:30:00,11074.93,11106.57,11068.13,11104.96,61.210095
2018-03-02 03:35:00,11107.03,11120.0,11080.67,11108.13,69.545137
2018-03-02 03:40:00,11108.13,11119.0,11105.13,11118.56,40.477427
2018-03-02 03:45:00,11118.94,11122.09,11106.0,11122.09,56.666074
2018-03-02 03:50:00,11118.75,11125.29,11093.55,11105.0,67.761922
2018-03-02 03:55:00,11107.0,11119.99,11100.26,11117.97,27.508195
2018-03-02 04:00:00,11117.97,11152.0,11108.99,11148.0,97.590495
2018-03-02 04:05:00,11150.0,11151.99,11140.0,11151.99,80.412051
2018-03-02 04:10:00,11151.99,11152.0,11100.0,11100.0,83.718158
2018-03-02 04:15:00,11100.08,11107.03,11062.0,11065.0,125.142191
2018-03-02 04:20:00,11065.0,11096.0,11062.0,11085.99,50.439805
2018-03-02 04:25:00,11085.99,11097.0,11066.29,11074.92,52.626618
2018-03-02 04:30:00,11074.92,11076.19,11009.29,11019.96,169.494182
2018-03-02 04:35:00,11019.96,11049.98,11007.2,11032.0,99.648413
2018-03-02 04:40:00,11032.99,11033.01,10955.0,10961.18,268.382483
2018-03-02 04:45:00,10961.18,11019.0,10957.0,10984.26,141.480081
2018-03-02 04:50:00,10976.05,11017.17,10964.13,10999.0,89.221751
2018-03-02 04:55:00,10999.0,11010.27,10980.0,10988.72,63.482313
2018-03-02 05:00:00,10981.83,10988.7,10909.0,10942.39,202.922239
2018-03-02 05:05:00,10942.39,10950.0,10914.01,10920.0,110.586549
2018-03-02 05:10:00,10920.0,10929.03,10901.01,10925.0,118.832639
2018-03-02 05:15:00,10925.0,10949.0,10920.0,10943.0,76.380926
2018-03-02 05:20:00,10941.49,10990.0,10935.0,10976.0,119.035063
2018-03-02 05:25:00,10984.71,10989.99,10941.91,10970.99,141.153592
2018-03-02 05:30:00,10970.99,10999.99,10969.81,10992.0,114.059757
2018-03-02 05:35:00,10990.0,11017.0,10985.0,10988.01,94.288849
2018-03-02 05:40:00,10988.01,11010.0,10971.48,11003.0,73.110908
2018-03-02 05:45:00,11009.99,11010.0,10975.01,10989.0,48.934569
2018-03-02 05:50:00,10988.0,10990.0,10956.99,10969.94,52.76503
2018-03-02 05:55:00,10969.77,10995.57,10960.02,10990.01,49.482612
2018-03-02 06:00:00,10990.02,11015.0,10990.01,11015.0,53.719054
2018-03-02 06:05:00,11015.79,11050.0,11015.01,11035.0,86.840483
2018-03-02 06:10:00,11042.51,11065.99,11035.02,11036.4,89.492457
2018-03-02 06:15:00,11037.96,11061.99,11021.84,11047.7,99.051645
2018-03-02 06:20:00,11057.27,11075.98,11047.09,11066.24,37.219255
2018-03-02 06:25:00,11066.24,11126.0,11060.41,11110.93,168.275056
2018-03-02 06:30:00,11110.93,11148.0,11100.0,11124.99,103.083261
2018-03-02 06:35:00,11124.97,11124.97,11084.0,11099.99,81.216219
2018-03-02 06:40:00,11092.0,11100.0,11063.39,11087.24,93.855806
2018-03-02 06:45:00,11087.23,11115.0,11070.0,11106.01,42.99462
2018-03-02 06:50:00,11106.01,11135.05,11090.0,11099.99,97.280209
2018-03-02 06:55:00,11099.99,11110.0,11085.66,11102.12,61.916943
2018-03-02 07:00:00,11102.12,11105.78,11090.0,11100.0,39.191756
2018-03-02 07:05:00,11100.0,11119.23,11092.1,11115.0,51.464978
2018-03-02 07:10:00,11115.3,11159.01,11115.0,11135.0,160.948243
2018-03-02 07:15:00,11135.0,11147.0,11105.0,11119.97,42.540632
2018-03-02 07:20:00,11119.97,11134.98,11111.01,11121.0,39.124066
2018-03-02 07:25:00,11121.01,11129.0,11031.59,11054.02,148.851868
2018-03-02 07:30:00,11054.25,11055.0,11010.19,11027.98,81.778981
2018-03-02 07:35:00,11028.0,11069.99,11000.5,11066.0,87.454619
2018-03-02 07:40:00,11067.0,11087.0,11060.99,11078.0,42.320501
2018-03-02 07:45:00,11078.0,11087.42,11067.0,11087.42,65.140443
2018-03-02 07:50:00,11086.96,11100.0,11063.0,11070.0,45.912014
2018-03-02 07:55:00,11070.0,11089.58,11063.0,11080.42,29.892163
2018-03-02 08:00:00,11080.42,11091.06,11050.5,11061.61,38.322296
2018-03-02 08:05:00,11061.61,11075.0,11010.19,11070.49,111.634315
2018-03-02 08:10:00,11070.49,11115.0,11051.0,11114.55,99.503114
2018-03-02 08:15:00,11107.03,11120.0,11094.5,11117.09,64.318531
2018-03-02 08:20:00,11117.09,11139.1,11100.21,11100.21,146.701758
2018-03-02 08:25:00,11100.21,11124.99,11093.13,11120.0,58.024073
2018-03-02 08:30:00,11120.0,11128.01,11072.08,11089.23,73.312646
2018-03-02 08:35:00,11089.23,11133.86,11061.74,11123.88,94.19565
2018-03-02 08:40:00,11123.88,11134.67,11113.98,11123.87,49.250036
2018-03-02 08:45:00,11123.0,11123.87,11088.58,11098.99,53.899661
2018-03-02 08:50:00,11109.99,11120.0,11070.0,11083.9,97.260137
2018-03-02 08:55:00,11084.22,11118.38,11071.84,11110.0,26.699671
2018-03-02 09:00:00,11109.84,11111.97,11081.0,11090.0,32.715119
2018-03-02 09:05:00,11085.0,11095.41,11080.0,11095.41,30.992125
2018-03-02 09:10:00,11095.41,11109.41,11021.0,11025.0,89.482855
2018-03-02 09:15:00,11025.0,11110.0,11019.27,11030.9,128.011102
2018-03-02 09:20:00,11030.92,11041.51,11000.32,11029.99,133.094351
2018-03-02 09:25:00,11029.99,11030.0,10939.15,10939.15,246.533031
2018-03-02 09:30:00,10940.0,10993.12,10934.0,10961.29,111.440802
2018-03-02 09:35:00,10961.0,10961.32,10930.0,10944.9,110.880179
2018-03-02 09:40:00,10944.89,10944.89,10867.0,10880.01,288.633806
2018-03-02 09:45:00,10880.01,10947.47,10862.95,10905.0,180.439905
2018-03-02 09:50:00,10905.0,10936.99,10887.64,10888.0,101.503592
2018-03-02 09:55:00,10890.81,10920.75,10868.0,10883.22,115.837637
2018-03-02 10:00:00,10881.0,10938.0,10881.0,10937.0,106.267443
2018-03-02 10:05:00,10937.0,10939.99,10910.05,10918.67,63.093085
2018-03-02 10:10:00,10918.67,10930.09,10892.15,10905.0,53.034444
2018-03-02 10:15:00,10897.77,10930.0,10895.09,10921.27,73.298381
2018-03-02 10:20:00,10920.06,10922.14,10888.29,10888.29,51.884908
2018-03-02 10:25:00,10888.29,10903.01,10862.95,10878.0,55.809734
2018-03-02 10:30:00,10878.0,10890.0,10830.94,10850.0,129.195018
2018-03-02 10:35:00,10844.12,10880.99,10826.52,10835.0,81.325886
2018-03-02 10:40:00,10835.0,10872.26,10834.0,10859.12,76.182904
2018-03-02 10:45:00,10859.12,10924.11,10859.12,10910.0,122.240859
2018-03-02 10:50:00,10910.0,10945.0,10908.0,10916.01,92.762045
2018-03-02 10:55:00,10920.0,10945.0,10916.01,10920.77,45.062667
2018-03-02 11:00:00,10920.77,10924.99,10850.1,10870.72,136.011782
2018-03-02 11:05:00,10867.3,10879.98,10852.39,10879.98,47.497305
2018-03-02 11:10:00,10879.98,10910.0,10870.0,10902.94,36.716236
2018-03-02 11:15:00,10895.31,10910.0,10850.1,10851.83,62.28923
2018-03-02 11:20:00,10851.83,10860.0,10838.02,10860.0,90.627446
2018-03-02 11:25:00,10859.98,10874.99,10843.0,10871.39,59.811697
2018-03-02 11:30:00,10871.39,10871.39,10851.0,10861.77,34.912754
2018-03-02 11:35:00,10865.01,10910.38,10861.77,10908.0,73.721784
2018-03-02 11:40:00,10908.0,10908.0,10881.0,10901.04,57.304578
2018-03-02 11:45:00,10903.0,10935.52,10901.05,10921.56,101.166374
2018-03-02 11:50:00,10916.0,10921.58,10900.0,10919.99,40.417556
2018-03-02 11:55:00,10919.99,10920.0,10888.06,10898.95,41.129172
2018-03-02 12:00:00,10898.95,10945.0,10892.0,10930.12,64.001618
2018-03-02 12:05:00,10940.0,10954.99,10930.0,10950.0,88.779648
2018-03-02 12:10:00,10949.98,10956.0,10933.25,10936.46,53.170917
2018-03-02 12:15:00,10937.0,10947.41,10925.0,10930.08,47.569668
2018-03-02 12:20:00,10930.08,10941.28,10913.0,10941.0,69.339591
2018-03-02 12:25:00,10936.03,10980.0,10935.0,10975.0,74.79948
2018-03-02 12:30:00,10975.0,10985.0,10958.65,10973.86,77.910833
2018-03-02 12:35:00,10972.0,10995.95,10956.46,10991.94,62.772604
2018-03-02 12:40:00,10995.0,11020.0,10971.0,10979.5,114.973637
2018-03-02 12:45:00,10979.49,10980.0,10964.29,10976.0,48.298297
2018-03-02 12:50:00,10973.49,11000.99,10968.0,11000.95,47.327939
2018-03-02 12:55:00,11000.95,11019.0,11000.0,11018.2,66.823218
2018-03-02 13:00:00,11015.0,11050.0,11006.01,11030.0,112.755279
2018-03-02 13:05:00,11035.0,11035.0,11000.02,11004.0,59.938837
2018-03-02 13:10:00,11004.0,11010.0,10959.99,10967.31,86.544352
2018-03-02 13:15:00,10967.31,11000.0,10960.0,10972.16,58.799265
2018-03-02 13:20:00,10972.16,10972.16,10930.0,10945.01,58.464608
2018-03-02 13:25:00,10934.07,10992.0,10931.22,10964.41,43.96546
2018-03-02 13:30:00,10964.41,10969.33,10925.0,10940.29,43.654055
2018-03-02 13:35:00,10940.29,10973.62,10921.37,10967.06,51.500123
2018-03-02 13:40:00,10966.32,10967.49,10950.49,10950.98,26.068781
2018-03-02 13:45:00,10950.96,10970.0,10948.1,10959.99,68.253678
2018-03-02 13:50:00,10952.72,10973.38,10950.0,10973.38,31.351605
2018-03-02 13:55:00,10974.05,10975.0,10960.0,10967.0,37.405129
2018-03-02 14:00:00,10969.99,10975.0,10940.0,10940.99,41.176438
2018-03-02 14:05:00,10940.99,10945.0,10873.0,10898.02,127.886432
2018-03-02 14:10:00,10888.65,10892.11,10868.55,10871.56,75.853526
2018-03-02 14:15:00,10871.56,10890.81,10847.0,10860.43,144.64589
2018-03-02 14:20:00,10860.43,10860.43,10805.0,10810.13,195.389236
2018-03-02 14:25:00,10821.19,10831.0,10788.0,10790.0,216.610306
2018-03-02 14:30:00,10790.0,10822.69,10775.0,10815.02,203.962342
2018-03-02 14:35:00,10822.68,10846.99,10810.0,10818.99,89.993458
2018-03-02 14:40:00,10818.99,10850.0,10811.1,10827.0,87.844801
2018-03-02 14:45:00,10827.0,10849.0,10818.0,10843.9,61.384059
2018-03-02 14:50:00,10843.9,10851.82,10802.0,10812.19,86.88176
2018-03-02 14:55:00,10802.0,10810.0,10770.0,10774.99,174.161158
2018-03-02 15:00:00,10777.5,10840.47,10775.01,10826.93,116.347576
2018-03-02 15:05:00,10826.93,10840.47,10816.0,10820.0,73.672784
2018-03-02 15:10:00,10820.0,10840.55,10817.01,10840.54,39.581907
2018-03-02 15:15:00,10840.54,10859.99,10836.01,10846.96,97.420008
2018-03-02 15:20:00,10842.04,10846.96,10831.33,10833.42,23.88508
2018-03-02 15:25:00,10833.44,10859.99,10818.0,10850.0,89.383502
2018-03-02 15:30:00,10850.0,10859.99,10830.0,10836.0,59.146857
2018-03-02 15:35:00,10841.17,10859.98,10834.88,10847.57,68.781504
2018-03-02 15:40:00,10847.57,10859.98,10840.56,10848.0,30.789813
2018-03-02 15:45:00,10850.0,10852.0,10823.0,10829.99,36.523007
2018-03-02 15:50:00,10823.0,10841.0,10818.01,10826.72,38.011131
2018-03-02 15:55:00,10836.99,10860.0,10820.01,10855.34,37.942711
2018-03-02 16:00:00,10855.0,10855.36,10835.92,10855.36,28.068008
2018-03-02 16:05:00,10855.33,10856.0,10840.0,10844.0,68.609711
2018-03-02 16:10:00,10844.0,10857.87,10844.0,10850.0,35.07382
2018-03-02 16:15:00,10854.87,10854.87,10785.99,10792.0,80.266306
2018-03-02 16:20:00,10796.99,10813.99,10788.0,10809.99,84.7049
2018-03-02 16:25:00,10800.0,10829.8,10798.17,10810.73,36.067522
2018-03-02 16:30:00,10810.73,10818.92,10792.02,10805.0,39.252505
2018-03-02 16:35:00,10805.0,10808.99,10780.0,10788.0,52.242309
2018-03-02 16:40:00,10789.01,10820.08,10787.0,10820.0,64.111148
2018-03-02 16:45:00,10820.0,10860.0,10820.0,10852.0,53.026173
2018-03-02 16:50:00,10859.97,10885.0,10850.0,10862.2,81.80938
2018-03-02 16:55:00,10869.98,10869.99,10850.01,10864.0,23.475137
2018-03-02 17:00:00,10864.0,10864.0,10835.01,10844.01,43.177613
2018-03-02 17:05:00,10843.15,10875.0,10840.99,10874.34,44.65528
2018-03-02 17:10:00,10867.0,10880.0,10860.0,10873.89,39.009419
2018-03-02 17:15:00,10873.89,10904.0,10873.89,10900.0,50.196504
2018-03-02 17:20:00,10900.0,10901.0,10867.82,10875.13,45.02011
2018-03-02 17:25:00,10876.0,10899.0,10865.0,10882.3,54.526682
2018-03-02 17:30:00,10886.48,10900.0,10868.0,10882.13,31.627527
2018-03-02 17:35:00,10882.13,10899.99,10875.0,10879.0,46.515782
2018-03-02 17:40:00,10879.97,10879.97,10845.0,10854.44,56.386576
2018-03-02 17:45:00,10852.46,10855.0,10841.41,10850.5,54.128916
2018-03-02 17:50:00,10850.5,10890.0,10848.0,10878.11,41.928405
2018-03-02 17:55:00,10884.8,10918.0,10866.03,10912.26,55.380201
2018-03-02 18:00:00,10913.86,10919.0,10882.0,10886.0,59.318647
2018-03-02 18:05:00,10887.0,10904.0,10878.82,10891.0,70.202163
2018-03-02 18:10:00,10890.0,10895.99,10870.02,10883.96,37.598155
2018-03-02 18:15:00,10883.96,10897.01,10872.9,10882.99,37.418677
2018-03-02 18:20:00,10875.78,10886.0,10853.03,10874.0,64.648145
2018-03-02 18:25:00,10874.0,10898.88,10865.0,10882.43,18.875652
2018-03-02 18:30:00,10882.43,10890.57,10861.0,10880.0,48.900846
2018-03-02 18:35:00,10880.0,10890.0,10870.0,10877.95,53.698698
2018-03-02 18:40:00,10877.95,10888.0,10870.0,10880.01,23.00649
2018-03-02 18:45:00,10886.0,10905.0,10876.07,10905.0,43.111389
2018-03-02 18:50:00,10905.0,10942.71,10901.0,10929.78,112.632762
2018-03-02 18:55:00,10929.0,10950.0,10906.81,10909.99,95.355325
2018-03-02 19:00:00,10909.99,10930.0,10901.0,10926.94,37.440997
2018-03-02 19:05:00,10926.94,10950.0,10895.0,10905.0,90.62484
2018-03-02 19:10:00,10905.0,10925.0,10869.65,10877.99,45.978667
2018-03-02 19:15:00,10877.99,10877.99,10837.97,10846.0,87.586888
2018-03-02 19:20:00,10846.32,10890.0,10845.86,10889.73,38.160424
2018-03-02 19:25:00,10888.54,10902.0,10865.0,10890.75,28.523586
2018-03-02 19:30:00,10890.75,10902.27,10882.0,10883.08,38.585708
2018-03-02 19:35:00,10883.08,10897.98,10883.08,10895.0,20.80614
2018-03-02 19:40:00,10896.27,10902.61,10890.0,10902.61,30.892968
2018-03-02 19:45:00,10897.95,10915.36,10890.0,10900.0,31.02404
2018-03-02 19:50:00,10900.0,10927.72,10900.0,10921.89,37.934077
2018-03-02 19:55:00,10921.89,10939.0,10921.89,10937.0,44.607035
2018-03-02 20:00:00,10937.0,10940.0,10926.44,10938.02,38.148859
2018-03-02 20:05:00,10938.02,10940.0,10891.89,10891.89,88.790673
2018-03-02 20:10:00,10891.89,10943.48,10890.81,10942.31,36.51571
2018-03-02 20:15:00,10942.31,10998.12,10942.31,10988.0,169.365715
2018-03-02 20:20:00,10998.12,11013.0,10980.0,10988.0,122.081744
2018-03-02 20:25:00,10994.98,11010.0,10987.0,11008.0,75.600544
2018-03-02 20:30:00,11008.0,11046.0,11000.0,11039.01,115.023819
2018-03-02 20:35:00,11039.01,11049.98,11015.0,11019.01,94.436221
2018-03-02 20:40:00,11019.01,11042.22,11019.01,11041.59,64.86779
2018-03-02 20:45:00,11041.59,11095.0,11037.02,11067.21,190.939277
2018-03-02 20:50:00,11067.21,11090.0,11052.06,11065.0,103.08157
2018-03-02 20:55:00,11067.96,11070.0,11040.0,11064.86,74.077984
2018-03-02 21:00:00,11060.0,11062.73,11021.02,11060.0,65.784736
2018-03-02 21:05:00,11056.6,11067.22,11000.0,11012.95,77.043323
2018-03-02 21:10:00,11011.0,11039.99,10987.0,11013.58,84.144145
2018-03-02 21:15:00,11015.72,11038.52,11002.47,11018.88,33.942617
2018-03-02 21:20:00,11018.88,11054.0,11018.46,11047.0,43.229368
2018-03-02 21:25:00,11046.0,11076.84,11032.24,11076.84,45.265587
2018-03-02 21:30:00,11076.84,11086.25,11035.3,11069.53,49.5279
2018-03-02 21:35:00,11069.53,11069.53,11035.74,11055.0,66.71143
2018-03-02 21:40:00,11055.0,11067.88,11050.05,11055.27,31.857324
2018-03-02 21:45:00,11059.91,11067.62,11052.25,11063.9,27.173714
2018-03-02 21:50:00,11063.9,11064.0,11000.0,11021.0,69.10632
2018-03-02 21:55:00,11029.98,11055.43,11016.57,11049.85,25.000942
2018-03-02 22:00:00,11050.0,11070.99,11026.01,11039.25,46.277775
2018-03-02 22:05:00,11045.02,11059.99,11039.1,11050.09,17.822246
2018-03-02 22:10:00,11050.08,11059.97,11049.0,11050.09,24.98406
2018-03-02 22:15:00,11050.09,11054.92,11039.0,11050.0,22.559167
2018-03-02 22:20:00,11050.0,11059.97,11040.03,11053.44,54.338038
2018-03-02 22:25:00,11055.8,11078.08,11052.0,11078.0,47.996279
2018-03-02 22:30:00,11078.0,11080.0,11043.08,11051.85,57.539614
2018-03-02 22:35:00,11055.01,11070.0,11051.84,11066.53,10.217966
2018-03-02 22:40:00,11066.53,11075.0,11060.0,11064.99,19.250704
2018-03-02 22:45:00,11064.99,11099.0,11061.78,11092.08,74.9512
2018-03-02 22:50:00,11088.0,11130.0,11081.0,11119.0,141.353988
2018-03-02 22:55:00,11119.0,11130.0,11099.83,11120.0,67.709275
2018-03-02 23:00:00,11120.0,11130.0,11115.0,11129.96,40.64459
2018-03-02 23:05:00,11129.95,11130.0,11106.99,11116.98,62.636707
2018-03-02 23:10:00,11116.95,11116.96,11079.55,11100.0,73.291254
2018-03-02 23:15:00,11094.01,11129.0,11094.01,11125.0,74.390928
2018-03-02 23:20:00,11124.98,11124.99,11009.8,11025.92,117.229326
2018-03-02 23:25:00,11027.78,11049.5,10968.0,11024.73,175.98111
2018-03-02 23:30:00,11024.73,11024.73,10943.11,11005.69,140.235543
2018-03-02 23:35:00,11007.26,11020.0,10982.1,11010.0,61.402259
2018-03-02 23:40:00,11010.0,11035.0,10990.0,11000.0,68.795647
2018-03-02 23:45:00,11000.99,11037.12,10990.1,11025.59,55.555879
2018-03-02 23:50:00,11025.41,11044.56,11017.96,11029.97,35.011655
2018-03-02 23:55:00,11029.97,11039.0,11017.19,11039.0,27.859557
2018-03-03 00:00:00,11038.99,11089.0,11015.01,11072.81,87.94123
2018-03-03 00:05:00,11069.98,11098.0,11055.68,11090.0,91.170346
2018-03-03 00:10:00,11082.51,11090.99,11035.29,11065.0,50.636123
2018-03-03 00:15:00,11065.0,11082.67,11050.0,11078.7,47.450089
2018-03-03 00:20:00,11082.67,11097.0,11063.03,11072.45,47.227485
2018-03-03 00:25:00,11072.93,11096.0,11060.0,11096.0,32.433362
2018-03-03 00:30:00,11096.0,11096.0,11073.0,11076.13,35.863147
2018-03-03 00:35:00,11077.0,11090.0,11064.62,11073.99,34.128744
2018-03-03 00:40:00,11073.98,11083.0,11073.98,11082.03,23.334989
2018-03-03 00:45:00,11082.03,11115.0,11081.83,11111.11,56.477017
2018-03-03 00:50:00,11112.0,11115.0,11101.0,11108.61,55.325801
2018-03-03 00:55:00,11108.88,11120.0,11102.07,11106.29,44.300466
2018-03-03 01:00:00,11106.29,11123.0,11106.06,11111.12,62.251567
2018-03-03 01:05:00,11111.12,11168.98,11110.0,11150.12,160.792359
2018-03-03 01:10:00,11165.0,11175.0,11109.0,11169.77,135.957749
2018-03-03 01:15:00,11165.0,11199.09,11155.78,11199.09,218.028671
2018-03-03 01:20:00,11199.0,11230.0,11185.0,11211.0,319.761255
2018-03-03 01:25:00,11211.0,11215.02,11170.0,11215.02,240.734339
2018-03-03 01:30:00,11215.02,11229.98,11209.0,11215.0,74.364957
2018-03-03 01:35:00,11215.0,11220.2,11190.0,11211.01,84.579909
2018-03-03 01:40:00,11214.99,11273.22,11211.01,11260.0,180.045555
2018-03-03 01:45:00,11260.0,11260.0,11213.56,11221.65,108.156703
2018-03-03 01:50:00,11228.28,11260.0,11225.0,11239.0,81.789371
2018-03-03 01:55:00,11235.0,11250.9,11220.0,11220.0,79.139454
2018-03-03 02:00:00,11228.49,11228.52,11180.01,11195.59,102.849288
2018-03-03 02:05:00,11195.59,11232.67,11195.58,11232.67,50.339506
2018-03-03 02:10:00,11232.67,11250.0,11220.01,11240.85,89.964392
2018-03-03 02:15:00,11241.0,11250.0,11236.28,11241.99,52.185656
2018-03-03 02:20:00,11240.0,11247.9,11220.05,11247.58,56.259911
2018-03-03 02:25:00,11245.0,11269.0,11245.0,11265.0,82.955921
2018-03-03 02:30:00,11265.0,11270.0,11247.0,11262.43,78.976761
2018-03-03 02:35:00,11262.43,11349.99,11210.5,11333.0,406.208307
2018-03-03 02:40:00,11340.0,11396.7,11333.0,11363.99,229.903514
2018-03-03 02:45:00,11363.99,11376.17,11315.0,11366.0,174.333173
2018-03-03 02:50:00,11376.02,11376.31,11340.58,11355.02,100.744436
2018-03-03 02:55:00,11354.3,11355.02,11299.75,11322.0,107.898438
2018-03-03 03:00:00,11328.0,11358.0,11322.01,11358.0,88.629235
2018-03-03 03:05:00,11358.0,11358.0,11352.0,11354.03,47.059884
2018-03-03 03:10:00,11357.87,11360.0,11333.7,11335.0,70.274062
2018-03-03 03:15:00,11336.85,11342.08,11325.01,11335.0,67.791258
2018-03-03 03:20:00,11332.0,11339.0,11310.0,11310.0,36.645491
2018-03-03 03:25:00,11316.0,11325.0,11296.7,11311.0,88.501634
2018-03-03 03:30:00,11323.01,11323.01,11263.01,11273.0,195.594149
2018-03-03 03:35:00,11273.0,11320.0,11261.0,11318.27,71.73739
2018-03-03 03:40:00,11318.27,11324.0,11295.0,11315.0,41.484413
2018-03-03 03:45:00,11318.67,11359.0,11313.0,11351.99,77.146323
2018-03-03 03:50:00,11351.1,11360.0,11325.0,11345.0,70.463676
2018-03-03 03:55:00,11336.02,11347.0,11310.0,11324.0,81.483366
2018-03-03 04:00:00,11320.0,11360.0,11320.0,11353.0,57.917371
2018-03-03 04:05:00,11347.36,11361.0,11312.0,11350.0,63.126889
2018-03-03 04:10:00,11347.0,11347.0,11318.0,11329.98,50.876447
2018-03-03 04:15:00,11329.99,11345.98,11329.99,11345.0,69.737354
2018-03-03 04:20:00,11345.0,11360.0,11335.68,11348.0,54.791119
2018-03-03 04:25:00,11348.0,11357.97,11347.02,11357.95,23.253423
2018-03-03 04:30:00,11357.0,11364.0,11336.88,11345.9,45.840995
2018-03-03 04:35:00,11348.99,11384.85,11348.17,11381.17,52.231103
2018-03-03 04:40:00,11381.17,11396.08,11365.87,11379.99,72.549018
2018-03-03 04:45:00,11380.0,11397.97,11370.22,11397.97,85.741774
2018-03-03 04:50:00,11397.97,11415.16,11376.0,11413.89,179.348799
2018-03-03 04:55:00,11413.89,11415.0,11371.5,11371.6,106.814811
2018-03-03 05:00:00,11371.6,11400.0,11348.27,11348.27,87.893521
2018-03-03 05:05:00,11348.27,11358.97,11304.11,11306.96,155.124202
2018-03-03 05:10:00,11306.97,11329.96,11306.96,11314.76,106.210714
2018-03-03 05:15:00,11312.0,11348.93,11312.0,11348.13,76.137119
2018-03-03 05:20:00,11348.13,11367.33,11348.13,11352.01,70.783223
2018-03-03 05:25:00,11352.01,11357.49,11339.0,11342.04,74.317639
2018-03-03 05:30:00,11342.04,11342.04,11301.1,11314.13,83.568157
2018-03-03 05:35:00,11314.13,11333.06,11302.0,11327.94,76.970029
2018-03-03 05:40:00,11327.9,11339.99,11308.21,11311.0,63.432296
2018-03-03 05:45:00,11311.0,11366.85,11302.0,11362.2,79.203512
2018-03-03 05:50:00,11365.0,11377.51,11340.0,11349.0,55.393567
2018-03-03 05:55:00,11349.0,11358.52,11322.58,11324.76,37.626207
2018-03-03 06:00:00,11322.83,11358.52,11314.0,11358.52,56.330246
2018-03-03 06:05:00,11358.52,11365.0,11327.5,11343.0,79.559732
2018-03-03 06:10:00,11349.0,11364.0,11349.0,11360.0,43.540837
2018-03-03 06:15:00,11360.0,11364.0,11350.29,11359.98,57.795575
2018-03-03 06:20:00,11359.99,11407.8,11355.0,11392.0,131.11179
2018-03-03 06:25:00,11391.99,11399.0,11370.0,11389.98,77.860269
2018-03-03 06:30:00,11389.98,11413.0,11380.0,11412.9,57.282584
2018-03-03 06:35:00,11412.0,11412.11,11368.99,11382.95,67.348808
2018-03-03 06:40:00,11382.95,11390.97,11369.91,11380.01,66.742971
2018-03-03 06:45:00,11385.0,11400.0,11379.89,11387.7,51.170223
2018-03-03 06:50:00,11380.0,11387.69,11315.0,11340.83,140.426962
2018-03-03 06:55:00,11340.0,11345.59,11317.31,11327.98,65.219077
2018-03-03 07:00:00,11325.99,11387.72,11325.0,11380.0,75.346571
2018-03-03 07:05:00,11380.0,11396.21,11360.0,11370.0,72.232613
2018-03-03 07:10:00,11366.97,11375.0,11360.48,11366.0,20.287315
2018-03-03 07:15:00,11365.0,11366.0,11341.0,11358.01,37.977454
2018-03-03 07:20:00,11359.99,11375.0,11358.01,11373.99,29.319348
2018-03-03 07:25:00,11373.98,11375.0,11358.3,11362.94,33.817466
2018-03-03 07:30:00,11362.99,11367.99,11332.29,11349.86,48.919449
2018-03-03 07:35:00,11346.0,11349.99,11325.0,11330.0,64.543975
2018-03-03 07:40:00,11330.0,11351.0,11320.0,11340.28,39.716348
2018-03-03 07:45:00,11340.38,11359.65,11330.0,11349.04,50.230545
2018-03-03 07:50:00,11350.0,11359.0,11320.0,11324.12,54.151523
2018-03-03 07:55:00,11321.04,11333.95,11310.95,11317.0,62.294777
2018-03-03 08:00:00,11317.0,11319.0,11250.64,11265.0,209.415133
2018-03-03 08:05:00,11260.01,11280.1,11260.0,11269.99,95.495579
2018-03-03 08:10:00,11269.99,11287.79,11248.95,11287.78,125.151583
2018-03-03 08:15:00,11287.78,11315.5,11268.42,11291.06,92.964866
2018-03-03 08:20:00,11291.08,11300.0,11250.0,11266.0,94.766374
2018-03-03 08:25:00,11265.0,11271.0,11245.5,11262.04,74.547525
2018-03-03 08:30:00,11262.04,11327.0,11262.03,11319.96,112.749133
2018-03-03 08:35:00,11319.92,11332.05,11307.91,11315.0,66.900518
2018-03-03 08:40:00,11315.0,11337.83,11313.0,11332.04,64.875006
2018-03-03 08:45:00,11332.05,11349.94,11332.04,11343.18,39.795905
2018-03-03 08:50:00,11343.18,11360.0,11330.0,11357.0,65.281989
2018-03-03 08:55:00,11355.0,11360.0,11334.24,11344.99,48.681852
2018-03-03 09:00:00,11344.99,11360.61,11344.97,11360.61,75.919698
2018-03-03 09:05:00,11360.61,11366.44,11351.09,11366.44,41.526921
2018-03-03 09:10:00,11366.44,11370.0,11355.0,11355.96,111.83778
2018-03-03 09:15:00,11357.0,11382.32,11349.99,11370.0,125.795046
2018-03-03 09:20:00,11370.0,11374.99,11312.68,11315.0,135.966148
2018-03-03 09:25:00,11320.0,11349.99,11314.0,11349.0,71.302147
2018-03-03 09:30:00,11349.0,11349.0,11330.0,11330.05,40.097637
2018-03-03 09:35:00,11330.05,11339.09,11285.19,11297.98,62.199886
2018-03-03 09:40:00,11297.97,11339.5,11282.69,11320.0,57.27947
2018-03-03 09:45:00,11326.99,11326.99,11295.0,11300.0,38.297652
2018-03-03 09:50:00,11300.0,11339.0,11295.01,11325.0,43.64861
2018-03-03 09:55:00,11325.0,11330.0,11320.0,11328.1,38.061233
2018-03-03 10:00:00,11328.33,11340.0,11310.18,11326.27,40.78097
2018-03-03 10:05:00,11328.16,11335.0,11315.21,11330.0,22.260309
2018-03-03 10:10:00,11330.0,11330.0,11311.0,11312.01,25.960875
2018-03-03 10:15:00,11313.0,11320.24,11300.22,11319.99,34.725691
2018-03-03 10:20:00,11319.99,11325.0,11309.24,11312.26,47.432357
2018-03-03 10:25:00,11312.26,11329.78,11309.25,11323.21,27.477814
2018-03-03 10:30:00,11329.78,11355.08,11323.21,11350.01,78.728316
2018-03-03 10:35:00,11350.01,11355.13,11333.0,11348.0,47.230614
2018-03-03 10:40:00,11347.99,11373.22,11339.74,11356.9,98.836981
2018-03-03 10:45:00,11351.01,11367.0,11338.03,11340.0,73.191937
2018-03-03 10:50:00,11338.03,11355.0,11338.03,11347.98,29.751008
2018-03-03 10:55:00,11347.98,11348.0,11323.0,11333.0,29.879788
2018-03-03 11:00:00,11333.0,11349.88,11300.0,11343.97,89.518615
2018-03-03 11:05:00,11343.97,11356.0,11331.59,11331.59,37.869779
2018-03-03 11:10:00,11332.13,11348.68,11330.0,11345.0,22.008295
2018-03-03 11:15:00,11345.02,11360.0,11337.34,11344.57,58.916324
2018-03-03 11:20:00,11344.0,11348.89,11340.0,11340.02,35.11255
2018-03-03 11:25:00,11340.0,11347.0,11320.0,11335.0,46.246043
2018-03-03 11:30:00,11335.0,11342.88,11260.51,11285.01,193.918532
2018-03-03 11:35:00,11286.0,11310.0,11277.0,11302.05,127.260465
2018-03-03 11:40:00,11305.0,11320.0,11287.01,11305.0,46.365698
2018-03-03 11:45:00,11300.0,11318.08,11295.63,11312.68,29.575217
2018-03-03 11:50:00,11310.13,11314.0,11270.0,11279.93,100.020189
2018-03-03 11:55:00,11279.91,11304.0,11265.0,11287.21,52.789901
2018-03-03 12:00:00,11287.21,11310.0,11287.0,11305.0,62.528617
2018-03-03 12:05:00,11305.0,11309.0,11300.0,11309.0,21.501865
2018-03-03 12:10:00,11308.0,11338.0,11301.0,11329.71,45.747505
2018-03-03 12:15:00,11326.14,11338.0,11322.0,11327.01,45.368754
2018-03-03 12:20:00,11327.01,11360.0,11326.04,11342.0,128.914171
2018-03-03 12:25:00,11343.77,11378.0,11341.03,11378.0,133.255024
2018-03-03 12:30:00,11378.0,11414.0,11375.0,11414.0,165.840386
2018-03-03 12:35:00,11414.0,11439.0,11399.25,11417.87,162.299843
2018-03-03 12:40:00,11417.87,11425.01,11389.63,11420.02,80.075857
2018-03-03 12:45:00,11420.02,11420.02,11374.7,11376.74,97.500168
2018-03-03 12:50:00,11385.23,11405.0,11376.74,11405.0,37.850323
2018-03-03 12:55:00,11405.0,11427.99,11401.0,11413.09,77.402028
2018-03-03 13:00:00,11414.24,11431.19,11410.0,11410.0,60.321836
2018-03-03 13:05:00,11411.0,11417.98,11401.0,11411.02,38.493589
2018-03-03 13:10:00,11412.12,11414.55,11390.0,11410.99,45.322586
2018-03-03 13:15:00,11410.98,11424.06,11407.0,11415.47,49.740456
2018-03-03 13:20:00,11420.01,11445.0,11413.9,11435.0,64.326961
2018-03-03 13:25:00,11433.98,11446.72,11420.0,11441.0,92.622314
2018-03-03 13:30:00,11441.0,11474.0,11433.52,11473.62,145.658999
2018-03-03 13:35:00,11473.62,11505.99,11439.42,11482.87,364.065027
2018-03-03 13:40:00,11482.87,11495.0,11468.0,11481.0,86.976909
2018-03-03 13:45:00,11481.0,11496.87,11476.0,11496.0,47.371854
2018-03-03 13:50:00,11495.0,11497.0,11455.0,11461.99,103.15654
2018-03-03 13:55:00,11461.99,11473.75,11455.0,11470.22,39.806327
2018-03-03 14:00:00,11473.75,11496.0,11469.9,11477.72,72.084315
2018-03-03 14:05:00,11476.52,11493.7,11475.97,11480.01,48.438946
2018-03-03 14:10:00,11480.72,11483.0,11425.0,11442.0,119.969384
2018-03-03 14:15:00,11442.0,11475.0,11425.2,11425.2,88.223217
2018-03-03 14:20:00,11425.21,11442.53,11410.0,11422.98,96.929903
2018-03-03 14:25:00,11420.0,11445.0,11418.01,11439.0,68.139275
2018-03-03 14:30:00,11436.01,11476.97,11436.0,11441.51,67.000686
2018-03-03 14:35:00,11441.51,11441.51,11414.01,11416.0,85.765625
2018-03-03 14:40:00,11416.0,11441.51,11416.0,11429.0,44.665822
2018-03-03 14:45:00,11427.72,11442.56,11424.0,11435.03,38.720557
2018-03-03 14:50:00,11441.51,11442.56,11421.21,11430.0,39.833348
2018-03-03 14:55:00,11430.0,11441.51,11423.06,11441.51,25.510582
2018-03-03 15:00:00,11441.51,11460.0,11429.99,11454.99,66.006779
2018-03-03 15:05:00,11454.99,11458.0,11425.87,11445.0,46.683629
2018-03-03 15:10:00,11436.01,11445.0,11430.31,11439.94,27.809564
2018-03-03 15:15:00,11439.94,11444.0,11432.06,11440.0,26.467375
2018-03-03 15:20:00,11441.0,11451.98,11409.0,11411.01,97.749877
2018-03-03 15:25:00,11415.0,11443.88,11411.01,11435.0,47.537967
2018-03-03 15:30:00,11435.0,11458.4,11431.0,11458.39,35.570637
2018-03-03 15:35:00,11458.39,11459.0,11438.64,11450.0,40.873719
2018-03-03 15:40:00,11451.0,11476.46,11446.0,11463.97,65.469598
2018-03-03 15:45:00,11462.5,11480.98,11453.0,11471.58,52.438068
2018-03-03 15:50:00,11479.86,11519.27,11471.58,11507.0,167.004939
2018-03-03 15:55:00,11507.0,11530.0,11474.0,11483.77,154.465153
2018-03-03 16:00:00,11477.02,11505.17,11460.16,11465.11,78.800929
2018-03-03 16:05:00,11465.11,11495.72,11459.0,11487.02,62.66684
2018-03-03 16:10:00,11489.0,11489.0,11466.97,11470.0,52.375705
2018-03-03 16:15:00,11466.98,11472.44,11458.0,11464.0,39.448511
2018-03-03 16:20:00,11464.0,11485.0,11462.0,11480.0,36.814564
2018-03-03 16:25:00,11481.68,11482.18,11470.0,11476.99,29.180272
2018-03-03 16:30:00,11476.99,11485.0,11473.0,11475.01,38.664113
2018-03-03 16:35:00,11476.0,11493.0,11476.0,11492.99,31.308621
2018-03-03 16:40:00,11493.0,11514.0,11490.0,11504.9,81.092853
2018-03-03 16:45:00,11505.41,11505.41,11478.0,11485.01,80.608975
2018-03-03 16:50:00,11481.0,11509.08,11480.0,11495.0,46.460688
2018-03-03 16:55:00,11495.0,11505.34,11483.16,11499.0,42.621447
2018-03-03 17:00:00,11499.0,11514.96,11490.0,11510.18,44.153009
2018-03-03 17:05:00,11514.0,11519.8,11499.88,11509.0,62.403803
2018-03-03 17:10:00,11509.0,11514.95,11490.0,11499.99,48.850099
2018-03-03 17:15:00,11490.0,11499.99,11456.0,11474.99,83.492888
2018-03-03 17:20:00,11477.0,11477.0,11452.0,11464.95,68.350582
2018-03-03 17:25:00,11466.0,11480.0,11458.0,11475.01,48.995406
2018-03-03 17:30:00,11475.01,11489.24,11475.01,11487.04,49.500587
2018-03-03 17:35:00,11482.41,11489.24,11476.0,11489.14,26.646967
2018-03-03 17:40:00,11489.14,11510.0,11485.96,11509.0,40.366005
2018-03-03 17:45:00,11509.48,11532.55,11509.0,11531.0,56.155332
2018-03-03 17:50:00,11531.0,11544.0,11530.0,11542.49,67.818121
2018-03-03 17:55:00,11541.69,11542.49,11508.0,11530.0,72.046059
2018-03-03 18:00:00,11524.13,11535.13,11470.0,11500.0,97.338292
2018-03-03 18:05:00,11503.93,11520.0,11503.5,11513.0,40.451283
2018-03-03 18:10:00,11511.0,11518.89,11500.01,11512.47,34.844322
2018-03-03 18:15:00,11512.47,11518.96,11505.05,11512.3,22.168677
2018-03-03 18:20:00,11513.21,11515.0,11505.04,11510.0,16.648365
2018-03-03 18:25:00,11509.0,11519.99,11501.0,11501.04,56.594181
2018-03-03 18:30:00,11513.0,11513.99,11471.87,11492.87,73.844226
2018-03-03 18:35:00,11492.87,11497.0,11480.02,11495.99,24.024122
2018-03-03 18:40:00,11495.99,11500.2,11488.0,11495.1,37.472569
2018-03-03 18:45:00,11499.03,11508.0,11494.99,11507.9,14.843295
2018-03-03 18:50:00,11507.0,11510.73,11500.0,11505.0,15.162888
2018-03-03 18:55:00,11500.01,11511.91,11496.16,11510.0,34.765346
2018-03-03 19:00:00,11510.0,11530.6,11508.27,11528.0,57.9145
2018-03-03 19:05:00,11528.0,11539.96,11512.04,11522.7,78.617613
2018-03-03 19:10:00,11523.79,11529.46,11510.0,11519.6,79.709102
2018-03-03 19:15:00,11519.6,11527.17,11510.0,11510.4,61.040043
2018-03-03 19:20:00,11510.4,11520.77,11500.0,11509.0,33.843081
2018-03-03 19:25:00,11502.13,11520.99,11497.0,11511.0,68.125882
2018-03-03 19:30:00,11511.0,11529.95,11505.3,11528.0,27.874802
2018-03-03 19:35:00,11528.0,11528.0,11490.0,11517.0,65.866466
2018-03-03 19:40:00,11520.01,11520.27,11507.66,11518.98,26.441413
2018-03-03 19:45:00,11511.0,11525.12,11510.0,11525.0,28.694182
2018-03-03 19:50:00,11525.12,11528.13,11510.52,11517.01,50.568469
2018-03-03 19:55:00,11517.01,11524.2,11503.35,11505.21,41.156565
2018-03-03 20:00:00,11510.0,11526.0,11510.0,11518.0,43.227196
2018-03-03 20:05:00,11518.0,11525.0,11488.0,11498.82,70.066434
2018-03-03 20:10:00,11500.41,11510.0,11495.0,11502.01,28.967194
2018-03-03 20:15:00,11502.01,11507.99,11490.0,11502.7,37.332362
2018-03-03 20:20:00,11505.0,11519.99,11502.7,11514.0,57.036904
2018-03-03 20:25:00,11513.8,11514.0,11412.0,11415.0,159.123666
2018-03-03 20:30:00,11412.0,11452.87,11330.0,11399.18,322.954025
2018-03-03 20:35:00,11399.18,11418.5,11332.1,11332.1,175.849708
2018-03-03 20:40:00,11334.99,11368.0,11332.1,11355.0,113.71248
2018-03-03 20:45:00,11355.0,11357.89,11275.0,11276.25,240.145525
2018-03-03 20:50:00,11281.0,11300.0,11268.67,11299.8,166.732082
2018-03-03 20:55:00,11299.8,11354.0,11288.2,11327.99,146.848974
2018-03-03 21:00:00,11327.99,11340.0,11295.03,11309.03,98.179247
2018-03-03 21:05:00,11309.55,11370.0,11309.03,11369.0,90.191007
2018-03-03 21:10:00,11365.55,11377.88,11351.0,11360.0,98.104223
2018-03-03 21:15:00,11360.0,11368.0,11330.0,11349.7,66.64281
2018-03-03 21:20:00,11340.0,11368.0,11340.0,11353.92,52.906812
2018-03-03 21:25:00,11353.92,11385.0,11353.92,11384.9,28.380359
2018-03-03 21:30:00,11377.0,11384.9,11319.99,11320.0,57.854194
2018-03-03 21:35:00,11320.0,11348.96,11309.0,11332.0,59.12775
2018-03-03 21:40:00,11332.0,11332.1,11280.0,11287.0,62.979403
2018-03-03 21:45:00,11287.0,11319.0,11275.0,11299.99,86.202529
2018-03-03 21:50:00,11296.03,11310.04,11289.68,11290.03,63.543552
2018-03-03 21:55:00,11290.03,11299.98,11268.0,11280.0,89.68124
2018-03-03 22:00:00,11280.0,11340.0,11279.0,11340.0,90.832837
2018-03-03 22:05:00,11340.0,11360.99,11311.18,11320.01,63.390599
2018-03-03 22:10:00,11325.89,11327.0,11313.35,11317.79,31.099341
2018-03-03 22:15:00,11317.79,11347.4,11315.0,11332.68,25.509937
2018-03-03 22:20:00,11332.68,11333.93,11315.0,11325.0,26.104548
2018-03-03 22:25:00,11324.0,11350.0,11316.0,11345.0,27.098172
2018-03-03 22:30:00,11350.0,11350.03,11340.0,11349.0,16.599299
2018-03-03 22:35:00,11345.11,11349.0,11310.11,11319.97,38.406222
2018-03-03 22:40:00,11310.11,11349.88,11309.46,11320.01,60.205875
2018-03-03 22:45:00,11339.0,11349.99,11320.0,11347.0,14.918763
2018-03-03 22:50:00,11347.0,11437.0,11347.0,11428.0,145.747527
2018-03-03 22:55:00,11425.0,11447.44,11403.69,11410.02,114.056083
2018-03-03 23:00:00,11410.0,11435.0,11387.02,11432.0,72.230251
2018-03-03 23:05:00,11432.0,11432.0,11402.08,11411.01,29.934745
2018-03-03 23:10:00,11411.02,11427.2,11403.02,11420.02,68.111932
2018-03-03 23:15:00,11421.0,11430.0,11416.59,11422.01,25.258793
2018-03-03 23:20:00,11422.03,11460.0,11422.0,11455.0,95.726788
2018-03-03 23:25:00,11455.89,11476.96,11450.01,11474.0,28.989951
2018-03-03 23:30:00,11474.0,11475.49,11430.7,11462.97,45.755516
2018-03-03 23:35:00,11458.53,11464.98,11456.01,11460.0,24.9158
2018-03-03 23:40:00,11460.0,11464.98,11441.0,11448.0,73.507173
2018-03-03 23:45:00,11448.0,11470.31,11445.0,11470.31,34.374823
2018-03-03 23:50:00,11471.0,11480.0,11455.0,11470.5,32.158134
2018-03-03 23:55:00,11470.5,11475.45,11450.0,11464.48,28.238953
2018-03-04 00:00:00,11464.47,11470.0,11398.0,11420.42,75.392651
2018-03-04 00:05:00,11410.0,11434.48,11375.48,11405.0,88.2156
2018-03-04 00:10:00,11405.0,11435.0,11405.0,11415.0,37.915164
2018-03-04 00:15:00,11415.0,11450.0,11411.38,11436.43,31.006214
2018-03-04 00:20:00,11436.43,11439.0,11425.01,11432.0,15.453682
2018-03-04 00:25:00,11431.99,11438.45,11427.0,11430.0,21.944232
2018-03-04 00:30:00,11429.74,11435.0,11385.01,11409.0,41.649407
2018-03-04 00:35:00,11397.9,11409.0,11358.94,11373.0,66.992222
2018-03-04 00:40:00,11364.0,11380.0,11361.0,11377.0,49.302527
2018-03-04 00:45:00,11377.0,11387.57,11364.7,11365.0,26.176988
2018-03-04 00:50:00,11365.0,11382.61,11350.01,11380.94,69.884938
2018-03-04 00:55:00,11374.99,11380.94,11366.0,11370.01,23.459441
2018-03-04 01:00:00,11374.71,11387.95,11370.0,11375.68,46.532165
2018-03-04 01:05:00,11375.68,11391.58,11370.0,11391.0,28.970373
2018-03-04 01:10:00,11389.3,11399.7,11389.19,11395.0,35.142301
2018-03-04 01:15:00,11395.0,11395.0,11370.0,11370.0,33.22396
2018-03-04 01:20:00,11370.5,11388.96,11370.01,11380.08,14.789111
2018-03-04 01:25:00,11380.08,11388.9,11370.0,11370.02,20.032489
2018-03-04 01:30:00,11379.21,11383.0,11364.25,11380.0,15.239598
2018-03-04 01:35:00,11380.0,11400.92,11376.01,11393.57,28.52477
2018-03-04 01:40:00,11393.57,11425.68,11390.01,11425.67,31.793692
2018-03-04 01:45:00,11425.67,11425.9,11390.01,11404.0,45.44955
2018-03-04 01:50:00,11399.05,11412.44,11390.01,11399.0,19.383938
2018-03-04 01:55:00,11404.0,11413.66,11399.04,11409.0,25.9831
2018-03-04 02:00:00,11409.0,11409.0,11360.0,11371.0,48.829726
2018-03-04 02:05:00,11369.0,11376.0,11360.0,11370.0,56.564947
2018-03-04 02:10:00,11370.0,11376.0,11350.0,11370.0,50.641611
2018-03-04 02:15:00,11376.0,11385.3,11360.55,11383.87,24.793334
2018-03-04 02:20:00,11379.19,11383.88,11340.74,11341.26,38.074425
2018-03-04 02:25:00,11354.89,11356.0,11312.0,11329.0,67.185815
2018-03-04 02:30:00,11329.99,11330.0,11295.0,11319.99,128.958723
2018-03-04 02:35:00,11319.96,11320.0,11310.86,11317.0,33.465752
2018-03-04 02:40:00,11317.0,11317.0,11282.0,11287.0,99.218341
2018-03-04 02:45:00,11287.0,11287.0,11272.0,11284.0,110.711958
2018-03-04 02:50:00,11284.0,11320.0,11281.0,11317.99,81.394648
2018-03-04 02:55:00,11319.0,11340.0,11316.0,11338.0,55.211419
2018-03-04 03:00:00,11338.0,11345.77,11305.0,11309.87,58.166156
2018-03-04 03:05:00,11319.99,11320.0,11300.0,11314.97,39.151006
2018-03-04 03:10:00,11314.98,11314.98,11301.11,11309.0,37.102879
2018-03-04 03:15:00,11309.0,11312.0,11261.03,11270.02,89.328254
2018-03-04 03:20:00,11270.0,11272.41,11225.0,11235.03,259.043596
2018-03-04 03:25:00,11238.0,11249.0,11218.99,11229.0,130.90373
2018-03-04 03:30:00,11229.01,11231.99,11151.0,11187.79,377.985369
2018-03-04 03:35:00,11187.79,11218.09,11165.04,11183.26,160.055727
2018-03-04 03:40:00,11192.54,11192.54,11129.49,11142.03,266.662686
2018-03-04 03:45:00,11145.0,11192.48,11145.0,11170.0,229.701434
2018-03-04 03:50:00,11170.0,11194.81,11155.46,11189.34,90.057254
2018-03-04 03:55:00,11189.03,11189.03,11153.01,11163.0,113.709113
2018-03-04 04:00:00,11163.0,11194.0,11162.0,11194.0,62.529522
2018-03-04 04:05:00,11191.01,11199.0,11150.0,11162.52,87.15028
2018-03-04 04:10:00,11155.23,11163.71,11131.06,11131.06,95.970521
2018-03-04 04:15:00,11131.06,11150.0,11088.0,11144.0,201.538556
2018-03-04 04:20:00,11143.0,11161.13,11127.21,11159.33,87.483043
2018-03-04 04:25:00,11159.01,11177.84,11159.0,11177.84,51.62828
2018-03-04 04:30:00,11177.22,11216.02,11176.8,11207.96,120.333525
2018-03-04 04:35:00,11207.96,11245.0,11201.0,11211.6,95.242218
2018-03-04 04:40:00,11211.6,11234.0,11208.62,11208.62,71.552904
2018-03-04 04:45:00,11208.42,11220.0,11200.0,11202.0,35.268146
2018-03-04 04:50:00,11202.0,11205.37,11188.0,11200.06,85.813912
2018-03-04 04:55:00,11201.0,11220.5,11195.0,11216.69,41.479039
2018-03-04 05:00:00,11216.69,11250.99,11210.0,11250.0,65.148538
2018-03-04 05:05:00,11250.0,11259.71,11210.03,11221.99,101.630398
2018-03-04 05:10:00,11221.99,11235.86,11212.0,11212.0,47.601292
2018-03-04 05:15:00,11212.02,11222.0,11196.19,11200.0,63.367284
2018-03-04 05:20:00,11200.0,11234.28,11199.54,11219.95,41.022628
2018-03-04 05:25:00,11219.9,11220.0,11200.0,11205.0,35.042633
2018-03-04 05:30:00,11204.5,11208.0,11199.57,11207.0,36.602436
2018-03-04 05:35:00,11208.0,11209.01,11165.05,11178.94,127.011121
2018-03-04 05:40:00,11178.94,11180.0,11159.03,11160.94,68.246707
2018-03-04 05:45:00,11160.01,11189.03,11160.01,11182.01,50.036443
2018-03-04 05:50:00,11188.99,11209.01,11182.23,11208.0,44.355932
2018-03-04 05:55:00,11208.89,11235.8,11207.72,11228.72,49.457386
2018-03-04 06:00:00,11230.0,11230.0,11178.99,11200.0,63.308426
2018-03-04 06:05:00,11200.0,11216.0,11200.0,11208.13,35.543177
2018-03-04 06:10:00,11210.09,11220.92,11204.8,11220.91,14.860828
2018-03-04 06:15:00,11220.91,11235.0,11217.0,11233.99,22.657193
2018-03-04 06:20:00,11233.98,11233.98,11200.0,11200.01,42.118947
2018-03-04 06:25:00,11200.02,11214.0,11193.8,11203.0,63.719619
2018-03-04 06:30:00,11203.02,11216.0,11203.02,11213.0,18.297593
2018-03-04 06:35:00,11213.0,11216.0,11206.16,11206.17,24.838558
2018-03-04 06:40:00,11206.17,11211.0,11176.55,11178.55,46.185669
2018-03-04 06:45:00,11178.99,11187.0,11129.06,11149.45,109.221976
2018-03-04 06:50:00,11149.44,11150.0,11111.95,11111.95,64.163397
2018-03-04 06:55:00,11113.0,11133.0,11105.06,11125.7,71.079977
2018-03-04 07:00:00,11125.7,11141.38,11111.6,11128.48,63.056975
2018-03-04 07:05:00,11137.26,11141.38,11125.82,11130.09,49.777189
2018-03-04 07:10:00,11130.06,11130.1,11088.8,11100.0,110.34074
2018-03-04 07:15:00,11100.0,11111.0,11081.41,11105.13,80.073473
2018-03-04 07:20:00,11096.1,11132.0,11095.57,11125.0,60.804182
2018-03-04 07:25:00,11125.0,11137.0,11120.0,11130.0,38.825036
2018-03-04 07:30:00,11129.45,11129.45,11100.0,11100.0,35.298226
2018-03-04 07:35:00,11100.0,11104.77,11050.02,11071.0,101.124338
2018-03-04 07:40:00,11073.09,11090.0,11055.0,11081.14,90.728223
2018-03-04 07:45:00,11082.0,11100.0,11078.01,11087.01,63.511627
2018-03-04 07:50:00,11085.5,11104.17,11068.63,11100.01,66.008523
2018-03-04 07:55:00,11100.08,11142.01,11100.08,11140.3,62.278993
2018-03-04 08:00:00,11142.01,11150.74,11116.16,11131.66,73.669935
2018-03-04 08:05:00,11131.99,11193.0,11131.0,11187.97,65.208533
2018-03-04 08:10:00,11187.97,11189.98,11160.01,11165.0,44.138209
2018-03-04 08:15:00,11165.0,11180.0,11156.34,11158.0,37.923818
2018-03-04 08:20:00,11158.0,11188.32,11157.0,11188.0,24.744252
2018-03-04 08:25:00,11188.32,11193.0,11168.78,11183.0,78.005533
2018-03-04 08:30:00,11183.0,11190.0,11175.0,11184.14,23.908922
2018-03-04 08:35:00,11184.14,11187.67,11166.71,11167.0,30.623396
2018-03-04 08:40:00,11167.0,11189.0,11164.0,11189.0,34.192353
2018-03-04 08:45:00,11189.0,11199.0,11183.0,11188.8,40.498777
2018-03-04 08:50:00,11188.79,11235.0,11183.01,11231.45,92.909651
2018-03-04 08:55:00,11231.45,11241.02,11214.1,11236.0,63.293011
2018-03-04 09:00:00,11236.0,11240.0,11205.67,11213.0,60.535226
2018-03-04 09:05:00,11215.0,11230.0,11205.67,11209.96,32.202864
2018-03-04 09:10:00,11209.96,11223.2,11205.68,11216.01,23.059492
2018-03-04 09:15:00,11216.01,11220.0,11200.0,11202.0,41.974817
2018-03-04 09:20:00,11202.55,11212.18,11183.01,11200.0,36.255477
2018-03-04 09:25:00,11208.99,11230.0,11201.0,11225.0,18.009507
2018-03-04 09:30:00,11229.3,11260.0,11225.0,11259.99,45.772501
2018-03-04 09:35:00,11259.99,11266.0,11244.99,11260.65,43.519794
2018-03-04 09:40:00,11264.99,11273.7,11260.65,11264.24,71.504336
2018-03-04 09:45:00,11261.7,11264.24,11229.0,11240.0,48.905191
2018-03-04 09:50:00,11240.0,11249.0,11239.05,11240.51,26.499104
2018-03-04 09:55:00,11249.0,11256.75,11240.51,11256.75,36.897449
2018-03-04 10:00:00,11256.75,11262.69,11231.43,11244.0,65.297006
2018-03-04 10:05:00,11244.0,11248.0,11227.0,11227.01,30.889582
2018-03-04 10:10:00,11227.01,11237.87,11207.5,11228.0,26.049881
2018-03-04 10:15:00,11226.0,11228.0,11202.02,11222.63,22.089744
2018-03-04 10:20:00,11222.63,11230.52,11222.62,11228.0,13.872263
2018-03-04 10:25:00,11227.95,11234.0,11227.95,11230.0,20.046358
2018-03-04 10:30:00,11230.0,11234.45,11203.0,11203.37,31.734332
2018-03-04 10:35:00,11203.37,11203.37,11168.0,11177.0,88.740503
2018-03-04 10:40:00,11177.0,11185.0,11120.0,11161.49,85.332683
2018-03-04 10:45:00,11151.8,11161.5,11095.0,11128.02,135.617303
2018-03-04 10:50:00,11128.02,11161.5,11122.7,11152.68,46.750376
2018-03-04 10:55:00,11152.68,11152.69,11136.0,11140.01,23.447411
2018-03-04 11:00:00,11149.8,11149.8,11087.24,11099.3,62.638469
2018-03-04 11:05:00,11096.02,11120.0,11080.97,11100.0,74.504615
2018-03-04 11:10:00,11094.19,11153.24,11094.19,11148.99,76.130542
2018-03-04 11:15:00,11148.98,11150.01,11129.99,11149.14,25.917106
2018-03-04 11:20:00,11150.0,11159.15,11150.0,11157.0,28.505969
2018-03-04 11:25:00,11157.0,11162.05,11146.36,11158.0,69.559195
2018-03-04 11:30:00,11155.0,11201.59,11155.0,11174.99,51.354021
2018-03-04 11:35:00,11175.0,11180.0,11147.01,11153.59,34.642798
2018-03-04 11:40:00,11155.0,11161.01,11154.0,11160.0,9.988518
2018-03-04 11:45:00,11160.2,11188.21,11160.0,11185.15,27.038414
2018-03-04 11:50:00,11185.15,11187.85,11150.0,11155.0,51.964166
2018-03-04 11:55:00,11155.0,11168.08,11150.0,11159.68,26.576623
2018-03-04 12:00:00,11159.68,11181.0,11157.0,11180.0,16.520649
2018-03-04 12:05:00,11172.05,11200.0,11172.05,11185.02,40.816553
2018-03-04 12:10:00,11195.0,11205.0,11195.0,11199.0,56.987302
2018-03-04 12:15:00,11204.76,11205.0,11185.01,11198.03,38.672602
2018-03-04 12:20:00,11198.03,11206.0,11180.01,11180.02,42.768527
2018-03-04 12:25:00,11181.0,11185.04,11167.69,11171.34,55.248669
2018-03-04 12:30:00,11171.34,11201.99,11167.69,11190.06,31.098981
2018-03-04 12:35:00,11190.06,11199.96,11175.0,11175.02,23.246483
2018-03-04 12:40:00,11179.99,11200.0,11178.88,11190.0,12.701176
2018-03-04 12:45:00,11190.0,11237.0,11188.0,11217.8,72.501272
2018-03-04 12:50:00,11217.8,11217.8,11205.37,11212.01,43.850921
2018-03-04 12:55:00,11215.84,11238.1,11215.84,11221.0,60.411179
2018-03-04 13:00:00,11221.0,11247.0,11221.0,11242.01,28.158824
2018-03-04 13:05:00,11242.02,11259.0,11237.0,11237.0,63.100891
2018-03-04 13:10:00,11237.0,11248.0,11204.0,11210.0,41.357327
2018-03-04 13:15:00,11210.0,11232.0,11190.0,11191.0,47.239272
2018-03-04 13:20:00,11190.0,11197.99,11170.05,11171.0,61.970757
2018-03-04 13:25:00,11170.06,11215.08,11170.05,11199.0,45.153216
2018-03-04 13:30:00,11189.41,11206.99,11182.09,11203.0,19.124721
2018-03-04 13:35:00,11203.0,11218.0,11201.04,11213.99,19.783403
2018-03-04 13:40:00,11213.99,11233.01,11211.01,11225.0,35.345209
2018-03-04 13:45:00,11225.1,11238.0,11220.0,11230.0,40.023343
2018-03-04 13:50:00,11230.0,11235.0,11201.05,11203.01,34.168458
2018-03-04 13:55:00,11203.01,11229.99,11200.0,11208.78,24.367573
2018-03-04 14:00:00,11218.9,11221.64,11176.0,11176.01,45.673189
2018-03-04 14:05:00,11176.01,11179.99,11150.0,11168.53,76.489284
2018-03-04 14:10:00,11168.53,11203.0,11166.0,11174.92,48.841874
2018-03-04 14:15:00,11174.92,11186.35,11145.0,11149.0,51.721001
2018-03-04 14:20:00,11148.0,11152.59,11140.0,11141.67,43.340752
2018-03-04 14:25:00,11141.67,11184.98,11140.0,11170.0,34.027742
2018-03-04 14:30:00,11170.0,11183.0,11169.33,11172.0,12.635045
2018-03-04 14:35:00,11172.0,11185.0,11164.5,11170.04,29.343148
2018-03-04 14:40:00,11172.59,11174.75,11158.96,11162.99,27.111865
2018-03-04 14:45:00,11162.99,11169.9,11149.14,11151.19,32.694041
2018-03-04 14:50:00,11151.19,11155.0,11117.01,11120.0,66.865713
2018-03-04 14:55:00,11124.77,11150.0,11117.52,11140.14,40.858444
2018-03-04 15:00:00,11140.14,11142.0,11103.0,11104.98,76.549642
2018-03-04 15:05:00,11104.98,11125.0,11100.12,11115.4,105.33521
2018-03-04 15:10:00,11112.41,11134.45,11110.0,11131.0,46.68156
2018-03-04 15:15:00,11131.0,11139.0,11120.02,11122.0,23.581077
2018-03-04 15:20:00,11122.0,11150.08,11122.0,11142.89,30.64779
2018-03-04 15:25:00,11142.89,11150.0,11135.4,11140.0,33.030174
2018-03-04 15:30:00,11140.99,11150.11,11134.63,11145.01,37.201004
2018-03-04 15:35:00,11145.2,11149.75,11095.0,11109.97,95.955543
2018-03-04 15:40:00,11099.98,11130.0,11090.01,11129.0,37.800426
2018-03-04 15:45:00,11129.0,11150.11,11123.04,11142.93,29.589952
2018-03-04 15:50:00,11135.56,11143.09,11125.9,11125.91,12.691242
2018-03-04 15:55:00,11134.0,11150.01,11125.9,11150.01,42.367817
2018-03-04 16:00:00,11150.0,11185.0,11150.0,11179.0,43.62162
2018-03-04 16:05:00,11179.0,11184.76,11170.03,11179.56,36.225427
2018-03-04 16:10:00,11180.0,11192.0,11180.0,11190.0,29.558892
2018-03-04 16:15:00,11191.0,11191.97,11165.0,11165.0,63.182637
2018-03-04 16:20:00,11170.0,11177.46,11163.29,11170.0,43.696902
2018-03-04 16:25:00,11170.0,11180.0,11160.0,11164.0,16.464632
2018-03-04 16:30:00,11164.0,11171.98,11137.02,11159.97,26.368159
2018-03-04 16:35:00,11159.97,11170.65,11143.0,11150.15,34.119841
2018-03-04 16:40:00,11150.0,11153.0,11126.0,11128.04,45.16915
2018-03-04 16:45:00,11128.04,11143.15,11125.92,11136.08,40.994141
2018-03-04 16:50:00,11136.08,11159.35,11132.79,11158.53,25.051185
2018-03-04 16:55:00,11150.37,11169.0,11150.2,11164.55,26.586278
2018-03-04 17:00:00,11164.0,11164.58,11151.21,11160.0,19.258358
2018-03-04 17:05:00,11157.7,11162.99,11131.31,11131.31,42.451791
2018-03-04 17:10:00,11141.64,11157.68,11130.97,11157.38,24.344679
2018-03-04 17:15:00,11157.38,11157.39,11137.0,11140.0,32.330496
2018-03-04 17:20:00,11140.0,11149.59,11140.0,11149.54,18.456007
2018-03-04 17:25:00,11149.54,11157.21,11149.54,11156.21,18.193181
2018-03-04 17:30:00,11156.99,11159.0,11150.0,11151.15,25.865928
2018-03-04 17:35:00,11156.5,11170.0,11137.0,11139.0,58.656272
2018-03-04 17:40:00,11139.0,11166.17,11135.0,11148.01,19.429731
2018-03-04 17:45:00,11149.9,11155.0,11136.1,11141.25,26.295665
2018-03-04 17:50:00,11141.22,11154.79,11135.01,11140.0,22.221231
2018-03-04 17:55:00,11143.0,11149.98,11140.0,11145.49,18.934837
2018-03-04 18:00:00,11144.0,11145.5,11135.0,11142.0,33.237058
2018-03-04 18:05:00,11142.0,11145.29,11135.0,11142.0,16.176484
2018-03-04 18:10:00,11136.03,11160.0,11136.01,11150.02,45.106849
2018-03-04 18:15:00,11160.0,11245.02,11160.0,11245.0,186.622334
2018-03-04 18:20:00,11245.0,11268.9,11230.0,11267.59,180.36572
2018-03-04 18:25:00,11267.59,11321.0,11265.0,11318.75,251.562826
2018-03-04 18:30:00,11321.0,11348.0,11288.08,11310.0,156.307535
2018-03-04 18:35:00,11312.13,11324.26,11291.0,11320.0,111.890162
2018-03-04 18:40:00,11320.0,11339.01,11315.0,11339.01,40.635233
2018-03-04 18:45:00,11339.01,11380.05,11339.0,11373.0,139.471507
2018-03-04 18:50:00,11379.98,11380.05,11331.0,11340.33,107.588351
2018-03-04 18:55:00,11340.33,11378.34,11330.0,11370.0,69.675221
2018-03-04 19:00:00,11370.01,11401.0,11368.48,11400.01,115.594429
2018-03-04 19:05:00,11400.01,11419.0,11360.99,11411.0,108.193988
2018-03-04 19:10:00,11411.13,11425.0,11390.0,11425.0,80.803617
2018-03-04 19:15:00,11425.0,11427.0,11410.0,11423.01,48.103051
2018-03-04 19:20:00,11423.01,11429.99,11350.0,11383.97,172.934148
2018-03-04 19:25:00,11383.97,11389.69,11355.0,11370.03,49.886244
2018-03-04 19:30:00,11370.0,11418.8,11291.01,11350.06,312.537592
2018-03-04 19:35:00,11350.06,11374.61,11332.0,11367.02,56.673857
2018-03-04 19:40:00,11367.02,11391.0,11358.0,11389.37,54.156999
2018-03-04 19:45:00,11389.37,11410.0,11380.03,11398.98,86.786625
2018-03-04 19:50:00,11398.98,11398.98,11380.0,11380.0,23.853591
2018-03-04 19:55:00,11380.0,11380.0,11370.01,11378.89,26.175329
2018-03-04 20:00:00,11378.19,11432.58,11378.0,11419.0,101.071707
2018-03-04 20:05:00,11417.0,11446.86,11417.0,11446.0,78.723492
2018-03-04 20:10:00,11446.0,11446.0,11403.56,11431.0,75.884727
2018-03-04 20:15:00,11435.0,11450.4,11424.84,11450.0,113.2458
2018-03-04 20:20:00,11450.13,11463.99,11424.84,11428.04,60.344232
2018-03-04 20:25:00,11428.04,11443.97,11428.0,11440.0,15.57424
2018-03-04 20:30:00,11442.0,11449.0,11426.0,11429.99,34.088309
2018-03-04 20:35:00,11429.99,11438.74,11401.0,11422.39,52.266797
2018-03-04 20:40:00,11422.39,11441.9,11410.01,11425.46,41.841649
2018-03-04 20:45:00,11423.88,11435.0,11410.0,11429.22,19.326276
2018-03-04 20:50:00,11429.22,11462.0,11426.0,11446.77,58.637782
2018-03-04 20:55:00,11458.0,11478.09,11446.77,11478.09,78.095918
2018-03-04 21:00:00,11478.09,11499.0,11460.0,11485.0,126.879148
2018-03-04 21:05:00,11479.25,11491.09,11433.82,11470.0,72.319846
2018-03-04 21:10:00,11470.0,11475.0,11444.0,11444.01,61.733939
2018-03-04 21:15:00,11460.19,11464.0,11435.72,11439.22,24.674235
2018-03-04 21:20:00,11441.63,11450.0,11439.0,11439.0,27.179881
2018-03-04 21:25:00,11439.0,11440.0,11410.0,11412.22,59.271327
2018-03-04 21:30:00,11412.22,11449.0,11411.65,11441.0,33.257861
2018-03-04 21:35:00,11440.0,11445.0,11436.0,11441.0,21.585528
2018-03-04 21:40:00,11444.0,11453.25,11437.02,11450.12,43.673629
2018-03-04 21:45:00,11452.0,11455.0,11434.81,11434.81,39.593012
2018-03-04 21:50:00,11434.81,11437.98,11401.65,11420.0,47.837994
2018-03-04 21:55:00,11422.0,11449.0,11401.65,11449.0,47.260126
2018-03-04 22:00:00,11448.99,11465.0,11425.0,11443.04,42.390105
2018-03-04 22:05:00,11440.0,11443.03,11414.0,11427.43,24.780685
2018-03-04 22:10:00,11429.99,11438.0,11410.0,11415.36,35.945105
2018-03-04 22:15:00,11419.0,11435.77,11415.01,11430.0,35.39425
2018-03-04 22:20:00,11426.0,11468.57,11424.0,11424.0,51.939351
2018-03-04 22:25:00,11429.9,11439.04,11415.0,11423.87,35.708563
2018-03-04 22:30:00,11422.03,11435.0,11410.0,11430.0,48.608623
2018-03-04 22:35:00,11422.34,11443.0,11372.0,11380.0,131.294951
2018-03-04 22:40:00,11380.01,11406.99,11361.69,11403.0,152.043078
2018-03-04 22:45:00,11403.0,11408.0,11375.99,11385.0,53.660245
2018-03-04 22:50:00,11392.0,11424.99,11370.41,11416.3,46.04507
2018-03-04 22:55:00,11416.3,11443.0,11401.0,11419.28,74.302058
2018-03-04 23:00:00,11418.65,11466.0,11410.38,11435.36,108.684889
2018-03-04 23:05:00,11447.56,11458.0,11430.0,11445.0,53.174477
2018-03-04 23:10:00,11436.47,11447.91,11431.02,11439.04,24.832603
2018-03-04 23:15:00,11442.74,11460.0,11442.74,11455.81,39.96001
2018-03-04 23:20:00,11456.12,11459.77,11444.48,11450.99,37.195872
2018-03-04 23:25:00,11450.99,11472.0,11436.0,11471.03,45.15637
2018-03-04 23:30:00,11471.03,11508.0,11471.02,11499.09,190.979199
2018-03-04 23:35:00,11499.09,11499.09,11473.0,11484.99,59.335297
2018-03-04 23:40:00,11484.99,11495.0,11472.78,11495.0,46.258971
2018-03-04 23:45:00,11495.0,11538.0,11490.03,11538.0,71.685054
2018-03-04 23:50:00,11538.0,11565.0,11498.98,11500.01,249.248299
2018-03-04 23:55:00,11500.01,11534.57,11489.85,11515.0,109.809769
2018-03-05 00:00:00,11515.0,11529.17,11449.0,11483.89,139.820638
2018-03-05 00:05:00,11475.01,11483.89,11455.0,11470.99,55.026609
2018-03-05 00:10:00,11470.99,11499.99,11455.0,11498.98,52.742261
2018-03-05 00:15:00,11490.0,11498.0,11460.0,11468.99,45.980335
2018-03-05 00:20:00,11476.98,11476.99,11457.62,11463.48,34.730685
2018-03-05 00:25:00,11469.0,11470.0,11444.0,11444.0,52.372388
2018-03-05 00:30:00,11444.91,11460.0,11436.0,11458.2,47.708165
2018-03-05 00:35:00,11458.2,11465.0,11452.02,11458.0,31.452073
2018-03-05 00:40:00,11457.0,11472.99,11452.68,11471.95,36.345101
2018-03-05 00:45:00,11471.95,11471.96,11461.23,11467.0,14.988389
2018-03-05 00:50:00,11465.01,11472.23,11461.23,11462.03,23.991804
2018-03-05 00:55:00,11462.03,11494.99,11462.03,11494.99,34.555423
2018-03-05 01:00:00,11494.99,11513.0,11488.0,11490.25,44.305465
2018-03-05 01:05:00,11490.05,11492.22,11461.28,11470.0,37.380671
2018-03-05 01:10:00,11470.0,11480.61,11458.07,11463.0,22.707008
2018-03-05 01:15:00,11462.98,11462.98,11415.01,11459.99,181.515262
2018-03-05 01:20:00,11459.98,11459.98,11430.01,11451.0,25.905055
2018-03-05 01:25:00,11453.24,11458.99,11451.0,11455.0,16.9475
2018-03-05 01:30:00,11455.97,11474.0,11455.0,11470.0,34.402861
2018-03-05 01:35:00,11469.01,11474.5,11459.99,11469.79,26.648681
2018-03-05 01:40:00,11470.0,11480.0,11463.0,11478.82,14.489766
2018-03-05 01:45:00,11480.0,11483.35,11469.85,11470.0,39.988573
2018-03-05 01:50:00,11470.0,11475.4,11454.01,11466.99,34.134197
2018-03-05 01:55:00,11460.0,11482.0,11455.8,11479.0,34.858753
2018-03-05 02:00:00,11479.0,11500.0,11461.31,11473.0,31.411403
2018-03-05 02:05:00,11464.23,11488.81,11464.23,11488.0,14.980735
2018-03-05 02:10:00,11484.99,11509.75,11475.8,11505.0,37.554798
2018-03-05 02:15:00,11505.0,11509.75,11482.0,11496.0,40.96585
2018-03-05 02:20:00,11496.0,11496.0,11482.0,11495.0,25.823028
2018-03-05 02:25:00,11496.0,11498.0,11483.0,11489.98,18.480157
2018-03-05 02:30:00,11490.0,11494.0,11484.0,11490.0,15.957667
2018-03-05 02:35:00,11490.0,11527.38,11484.26,11515.57,63.82111
2018-03-05 02:40:00,11515.28,11538.44,11515.28,11521.01,56.657522
2018-03-05 02:45:00,11521.0,11530.0,11517.0,11517.42,38.551701
2018-03-05 02:50:00,11517.42,11525.97,11517.4,11522.29,21.618736
2018-03-05 02:55:00,11525.0,11540.0,11522.0,11535.0,41.241085
2018-03-05 03:00:00,11535.0,11539.0,11475.4,11494.0,94.457334
2018-03-05 03:05:00,11494.84,11525.23,11490.94,11494.62,50.518163
2018-03-05 03:10:00,11490.95,11491.14,11475.0,11488.0,67.064596
2018-03-05 03:15:00,11488.0,11512.67,11485.0,11505.56,36.672963
2018-03-05 03:20:00,11505.56,11519.0,11502.02,11503.0,25.127887
2018-03-05 03:25:00,11517.05,11525.2,11503.27,11521.0,33.42053
2018-03-05 03:30:00,11521.0,11525.0,11500.0,11507.0,23.57095
2018-03-05 03:35:00,11507.25,11539.0,11504.74,11538.16,40.244335
2018-03-05 03:40:00,11538.16,11583.89,11531.0,11581.0,165.458017
2018-03-05 03:45:00,11581.0,11589.0,11544.57,11567.0,102.289095
2018-03-05 03:50:00,11567.0,11585.0,11567.0,11573.57,53.739281
2018-03-05 03:55:00,11574.21,11574.51,11543.67,11568.03,65.47017
2018-03-05 04:00:00,11558.47,11580.0,11550.0,11574.0,36.040254
2018-03-05 04:05:00,11574.0,11582.0,11569.0,11581.0,37.663324
2018-03-05 04:10:00,11581.0,11591.86,11571.54,11586.6,94.690875
2018-03-05 04:15:00,11586.6,11608.0,11568.0,11585.09,167.66171
2018-03-05 04:20:00,11585.09,11598.0,11580.59,11589.99,58.336893
2018-03-05 04:25:00,11589.99,11598.0,11572.0,11590.0,53.693029
2018-03-05 04:30:00,11596.97,11596.97,11548.08,11555.0,86.228855
2018-03-05 04:35:00,11555.0,11568.25,11520.0,11549.99,110.772006
2018-03-05 04:40:00,11542.36,11549.98,11533.0,11540.0,36.807787
2018-03-05 04:45:00,11540.0,11555.0,11537.0,11555.0,56.85231
2018-03-05 04:50:00,11555.0,11555.0,11527.01,11538.99,54.229073
2018-03-05 04:55:00,11538.99,11550.0,11505.0,11508.14,53.830462
2018-03-05 05:00:00,11508.14,11524.98,11502.0,11521.0,52.517797
2018-03-05 05:05:00,11523.0,11549.93,11523.0,11534.0,63.485467
2018-03-05 05:10:00,11533.01,11534.96,11513.93,11526.26,34.703346
2018-03-05 05:15:00,11528.0,11535.27,11520.0,11532.0,26.562391
2018-03-05 05:20:00,11532.0,11539.0,11502.0,11502.22,65.178425
2018-03-05 05:25:00,11502.22,11509.55,11474.0,11486.0,116.641732
2018-03-05 05:30:00,11485.0,11502.3,11458.43,11501.0,86.78042
2018-03-05 05:35:00,11500.0,11517.96,11481.16,11513.55,23.765801
2018-03-05 05:40:00,11513.55,11517.96,11505.0,11509.0,24.345932
2018-03-05 05:45:00,11509.74,11530.0,11506.0,11526.0,28.96715
2018-03-05 05:50:00,11525.0,11542.3,11523.24,11531.05,23.309866
2018-03-05 05:55:00,11538.4,11538.4,11525.25,11530.0,33.840059
2018-03-05 06:00:00,11532.02,11552.0,11530.0,11545.91,54.175718
2018-03-05 06:05:00,11545.91,11559.0,11536.05,11554.98,45.35311
2018-03-05 06:10:00,11554.98,11568.84,11554.0,11555.01,39.674183
2018-03-05 06:15:00,11555.01,11556.03,11545.0,11555.0,44.009397
2018-03-05 06:20:00,11555.0,11569.98,11545.0,11551.1,43.22185
2018-03-05 06:25:00,11551.1,11567.99,11545.31,11558.0,33.778047
2018-03-05 06:30:00,11558.0,11568.28,11530.0,11543.69,32.958789
2018-03-05 06:35:00,11543.69,11550.61,11533.03,11535.0,19.452576
2018-03-05 06:40:00,11535.21,11545.0,11522.05,11524.01,44.613175
2018-03-05 06:45:00,11524.01,11536.98,11513.55,11531.51,33.846157
2018-03-05 06:50:00,11531.51,11560.0,11531.5,11553.0,35.215722
2018-03-05 06:55:00,11552.02,11553.0,11550.0,11550.98,38.284564
2018-03-05 07:00:00,11550.98,11557.67,11550.98,11552.01,60.647269
2018-03-05 07:05:00,11552.01,11558.73,11520.01,11536.99,130.173991
2018-03-05 07:10:00,11536.99,11549.0,11526.61,11540.0,47.877143
2018-03-05 07:15:00,11547.87,11547.87,11539.01,11540.0,17.107859
2018-03-05 07:20:00,11540.0,11545.01,11539.05,11545.01,18.322811
2018-03-05 07:25:00,11545.01,11594.0,11539.01,11575.11,92.824542
2018-03-05 07:30:00,11575.11,11578.21,11563.25,11564.0,63.987016
2018-03-05 07:35:00,11564.0,11575.0,11547.0,11553.57,37.310136
2018-03-05 07:40:00,11559.99,11560.0,11550.0,11552.0,24.888512
2018-03-05 07:45:00,11550.03,11570.0,11550.03,11562.0,29.237275
2018-03-05 07:50:00,11562.03,11565.0,11525.8,11534.01,52.848178
2018-03-05 07:55:00,11534.92,11539.87,11533.01,11539.87,35.928408
2018-03-05 08:00:00,11539.87,11556.57,11536.0,11554.79,32.703893
2018-03-05 08:05:00,11550.0,11554.8,11540.53,11550.0,33.45582
2018-03-05 08:10:00,11544.0,11554.76,11540.01,11554.74,22.35842
2018-03-05 08:15:00,11547.01,11553.0,11544.15,11544.15,33.419371
2018-03-05 08:20:00,11544.15,11546.01,11522.0,11522.0,36.392381
2018-03-05 08:25:00,11528.76,11528.76,11520.48,11520.48,26.563604
2018-03-05 08:30:00,11521.0,11521.0,11471.0,11491.83,169.7692
2018-03-05 08:35:00,11486.0,11491.83,11445.94,11460.0,140.380599
2018-03-05 08:40:00,11460.0,11498.88,11453.0,11475.01,70.77872
2018-03-05 08:45:00,11475.01,11479.99,11439.66,11450.0,125.048277
2018-03-05 08:50:00,11450.89,11450.89,11437.67,11445.0,52.214008
2018-03-05 08:55:00,11440.0,11447.99,11438.0,11440.07,30.230108
2018-03-05 09:00:00,11440.07,11462.11,11438.88,11462.11,54.158614
2018-03-05 09:05:00,11462.11,11474.5,11451.11,11451.11,37.146682
2018-03-05 09:10:00,11460.0,11471.0,11450.17,11459.99,35.827132
2018-03-05 09:15:00,11459.99,11460.81,11450.18,11458.0,21.747168
2018-03-05 09:20:00,11458.0,11472.35,11458.0,11465.0,15.440828
2018-03-05 09:25:00,11464.0,11475.0,11461.71,11467.0,39.146457
2018-03-05 09:30:00,11469.0,11485.69,11468.43,11475.2,22.443133
2018-03-05 09:35:00,11475.2,11494.63,11475.0,11491.0,28.164685
2018-03-05 09:40:00,11491.0,11495.99,11488.5,11493.88,45.589012
2018-03-05 09:45:00,11492.0,11493.88,11470.41,11475.0,42.197423
2018-03-05 09:50:00,11475.0,11481.0,11470.01,11472.0,31.588592
2018-03-05 09:55:00,11472.0,11474.99,11455.0,11460.0,29.06279
2018-03-05 10:00:00,11459.04,11462.19,11438.0,11440.0,50.753751
2018-03-05 10:05:00,11440.02,11450.0,11440.0,11450.0,40.735363
2018-03-05 10:10:00,11450.0,11460.0,11445.0,11457.0,35.591358
2018-03-05 10:15:00,11460.0,11462.0,11440.0,11442.0,38.537348
2018-03-05 10:20:00,11442.0,11447.97,11435.0,11435.23,44.442204
2018-03-05 10:25:00,11435.0,11442.44,11435.0,11435.01,45.710928
2018-03-05 10:30:00,11435.01,11462.58,11435.01,11456.9,67.772171
2018-03-05 10:35:00,11458.0,11465.0,11449.02,11460.0,18.631788
2018-03-05 10:40:00,11464.42,11476.91,11450.0,11476.91,58.374321
2018-03-05 10:45:00,11475.0,11481.0,11469.05,11476.01,43.834015
2018-03-05 10:50:00,11476.12,11494.9,11476.0,11485.0,35.146921
2018-03-05 10:55:00,11485.0,11494.99,11480.0,11485.01,30.680094
2018-03-05 11:00:00,11490.0,11495.0,11481.0,11488.87,40.003503
2018-03-05 11:05:00,11487.18,11490.99,11469.0,11477.99,25.851546
2018-03-05 11:10:00,11477.99,11478.0,11473.0,11473.0,12.437712
2018-03-05 11:15:00,11474.0,11478.0,11463.0,11468.0,38.416685
2018-03-05 11:20:00,11468.0,11490.0,11468.0,11489.0,56.82453
2018-03-05 11:25:00,11489.0,11494.0,11482.01,11492.87,28.963667
2018-03-05 11:30:00,11491.99,11494.0,11479.12,11482.2,40.237207
2018-03-05 11:35:00,11482.2,11499.03,11482.0,11485.0,47.325919
2018-03-05 11:40:00,11490.0,11532.65,11486.55,11530.0,42.202129
2018-03-05 11:45:00,11532.65,11549.0,11510.28,11530.0,92.231908
2018-03-05 11:50:00,11530.0,11530.0,11510.0,11515.6,21.639492
2018-03-05 11:55:00,11515.6,11525.0,11505.0,11515.0,52.702134
2018-03-05 12:00:00,11515.0,11561.0,11510.04,11553.0,86.141276
2018-03-05 12:05:00,11552.99,11570.25,11549.88,11570.0,52.659457
2018-03-05 12:10:00,11561.32,11585.53,11561.32,11575.0,100.719277
2018-03-05 12:15:00,11564.01,11575.01,11561.33,11562.02,42.293812
2018-03-05 12:20:00,11566.0,11585.0,11562.03,11577.01,44.50216
2018-03-05 12:25:00,11583.72,11584.98,11557.68,11563.05,32.384615
2018-03-05 12:30:00,11563.05,11563.05,11532.65,11554.9,49.405433
2018-03-05 12:35:00,11545.0,11559.0,11543.0,11558.99,25.281499
2018-03-05 12:40:00,11555.0,11560.0,11517.99,11522.7,62.468965
2018-03-05 12:45:00,11520.01,11542.94,11517.0,11525.01,30.889623
2018-03-05 12:50:00,11529.92,11554.02,11525.77,11545.0,48.545505
2018-03-05 12:55:00,11546.0,11575.0,11542.04,11548.0,41.43814
2018-03-05 13:00:00,11550.0,11554.65,11549.82,11549.99,36.61428
2018-03-05 13:05:00,11548.0,11550.0,11515.0,11520.0,72.363422
2018-03-05 13:10:00,11520.0,11536.66,11485.24,11520.0,86.45176
2018-03-05 13:15:00,11520.0,11536.2,11515.04,11524.54,25.891495
2018-03-05 13:20:00,11535.0,11536.22,11524.55,11531.0,14.958064
2018-03-05 13:25:00,11531.0,11536.22,11524.55,11528.98,16.26133
2018-03-05 13:30:00,11528.98,11529.0,11500.0,11505.07,46.305092
2018-03-05 13:35:00,11515.17,11516.2,11503.18,11507.0,19.790564
2018-03-05 13:40:00,11507.0,11528.26,11505.98,11525.89,20.935977
2018-03-05 13:45:00,11527.89,11528.26,11510.01,11512.0,22.281371
2018-03-05 13:50:00,11512.0,11526.99,11512.0,11522.0,25.289531
2018-03-05 13:55:00,11522.0,11529.0,11520.99,11526.0,45.726729
2018-03-05 14:00:00,11526.0,11540.0,11526.0,11530.0,39.78066
2018-03-05 14:05:00,11534.0,11553.98,11525.0,11550.0,55.081965
2018-03-05 14:10:00,11549.99,11550.05,11540.0,11545.03,27.733844
2018-03-05 14:15:00,11545.03,11550.0,11541.02,11549.0,34.625973
2018-03-05 14:20:00,11549.0,11557.0,11519.0,11521.05,75.513362
2018-03-05 14:25:00,11527.0,11527.0,11479.0,11486.21,129.921269
2018-03-05 14:30:00,11490.0,11494.0,11460.0,11461.0,84.556538
2018-03-05 14:35:00,11461.0,11469.99,11441.78,11458.3,125.665188
2018-03-05 14:40:00,11450.15,11480.14,11446.01,11470.0,63.096219
2018-03-05 14:45:00,11470.0,11478.0,11453.0,11459.0,54.511597
2018-03-05 14:50:00,11459.0,11490.0,11458.14,11489.0,81.699148
2018-03-05 14:55:00,11489.0,11490.0,11470.01,11479.02,52.20105
2018-03-05 15:00:00,11479.94,11514.95,11474.17,11514.95,53.240079
2018-03-05 15:05:00,11514.95,11520.54,11509.0,11513.0,35.578448
2018-03-05 15:10:00,11513.0,11517.81,11478.0,11480.0,58.113662
2018-03-05 15:15:00,11478.0,11495.0,11477.62,11485.0,40.225261
2018-03-05 15:20:00,11485.0,11486.24,11468.81,11480.0,49.941765
2018-03-05 15:25:00,11477.82,11480.0,11460.0,11468.95,24.62994
2018-03-05 15:30:00,11468.0,11488.06,11460.0,11485.0,65.937416
2018-03-05 15:35:00,11488.06,11508.8,11485.0,11498.0,33.469405
2018-03-05 15:40:00,11498.0,11500.0,11485.03,11490.68,23.67659
2018-03-05 15:45:00,11490.68,11510.0,11485.03,11504.0,21.853901
2018-03-05 15:50:00,11501.0,11509.0,11486.24,11488.01,25.516389
2018-03-05 15:55:00,11488.0,11515.62,11486.24,11515.61,35.800505
2018-03-05 16:00:00,11515.62,11520.0,11513.25,11516.01,22.088569
2018-03-05 16:05:00,11518.0,11538.0,11506.7,11520.0,73.467295
2018-03-05 16:10:00,11515.1,11530.0,11500.0,11510.0,35.693543
2018-03-05 16:15:00,11509.99,11520.22,11505.0,11517.01,25.357158
2018-03-05 16:20:00,11517.01,11530.0,11517.01,11525.01,18.11045
2018-03-05 16:25:00,11525.01,11545.61,11525.01,11536.99,46.597025
2018-03-05 16:30:00,11534.23,11545.0,11530.0,11535.0,46.506822
2018-03-05 16:35:00,11535.0,11547.0,11522.0,11532.0,34.349402
2018-03-05 16:40:00,11538.99,11545.0,11533.0,11537.99,23.336705
2018-03-05 16:45:00,11537.99,11539.0,11512.22,11517.99,31.311595
2018-03-05 16:50:00,11524.99,11525.0,11514.87,11519.99,18.330846
2018-03-05 16:55:00,11519.99,11520.0,11506.0,11510.24,34.914315
2018-03-05 17:00:00,11510.0,11526.94,11509.0,11525.0,40.686638
2018-03-05 17:05:00,11526.94,11539.99,11523.0,11535.0,16.196268
2018-03-05 17:10:00,11539.98,11539.99,11523.0,11525.0,19.375444
2018-03-05 17:15:00,11525.0,11533.9,11523.0,11526.0,16.037569
2018-03-05 17:20:00,11529.01,11547.48,11520.01,11535.0,31.897632
2018-03-05 17:25:00,11531.01,11540.97,11531.0,11531.01,11.074372
2018-03-05 17:30:00,11531.0,11531.06,11510.0,11511.0,39.017813
2018-03-05 17:35:00,11510.0,11522.99,11489.97,11519.0,67.029308
2018-03-05 17:40:00,11519.0,11530.2,11510.01,11524.0,20.478102
2018-03-05 17:45:00,11524.0,11535.0,11513.01,11525.0,24.208696
2018-03-05 17:50:00,11525.0,11527.0,11508.77,11516.99,38.127524
2018-03-05 17:55:00,11517.0,11521.98,11510.78,11511.02,20.514388
2018-03-05 18:00:00,11511.01,11520.99,11504.07,11520.99,94.399022
2018-03-05 18:05:00,11516.0,11529.5,11514.5,11520.51,14.730037
2018-03-05 18:10:00,11520.51,11530.0,11510.0,11510.27,20.155401
2018-03-05 18:15:00,11510.27,11516.2,11505.0,11513.74,33.835666
2018-03-05 18:20:00,11513.74,11521.15,11505.02,11514.01,11.999586
2018-03-05 18:25:00,11517.28,11538.0,11514.0,11533.5,25.480569
2018-03-05 18:30:00,11535.49,11552.1,11532.81,11550.58,93.727813
2018-03-05 18:35:00,11550.0,11585.0,11542.0,11579.0,125.262076
2018-03-05 18:40:00,11579.0,11584.99,11554.41,11583.9,94.591005
2018-03-05 18:45:00,11584.0,11650.0,11583.9,11650.0,237.153722
2018-03-05 18:50:00,11649.0,11676.99,11620.0,11676.97,228.564894
2018-03-05 18:55:00,11676.97,11676.99,11638.0,11650.0,126.981222
2018-03-05 19:00:00,11650.0,11680.0,11640.0,11670.0,119.646699
2018-03-05 19:05:00,11659.97,11675.0,11640.0,11659.99,66.6569
2018-03-05 19:10:00,11659.99,11660.0,11640.0,11658.99,57.022911
2018-03-05 19:15:00,11655.0,11680.0,11655.0,11675.1,92.215749
2018-03-05 19:20:00,11675.1,11675.1,11641.0,11645.0,55.681044
2018-03-05 19:25:00,11645.0,11660.0,11640.93,11658.02,49.197311
2018-03-05 19:30:00,11655.0,11675.0,11641.2,11647.88,43.387158
2018-03-05 19:35:00,11647.88,11667.77,11646.01,11657.02,39.272236
2018-03-05 19:40:00,11655.98,11670.0,11651.12,11660.01,25.240406
2018-03-05 19:45:00,11665.0,11670.0,11657.98,11669.99,33.139493
2018-03-05 19:50:00,11669.99,11680.0,11655.0,11655.0,56.760146
2018-03-05 19:55:00,11655.0,11670.0,11650.0,11669.08,33.546642
2018-03-05 20:00:00,11666.0,11699.1,11660.0,11682.67,173.825246
2018-03-05 20:05:00,11689.22,11695.0,11660.0,11693.0,152.315364
2018-03-05 20:10:00,11691.36,11700.0,11687.03,11698.0,132.60336
2018-03-05 20:15:00,11694.99,11709.0,11687.0,11707.0,107.875413
2018-03-05 20:20:00,11707.0,11710.0,11675.01,11688.99,83.69052
2018-03-05 20:25:00,11688.99,11688.99,11665.0,11665.0,77.869749
2018-03-05 20:30:00,11665.0,11701.0,11664.0,11700.0,78.198408
2018-03-05 20:35:00,11700.0,11701.0,11562.87,11629.0,249.43459
2018-03-05 20:40:00,11632.51,11633.0,11588.28,11625.0,138.476957
2018-03-05 20:45:00,11625.0,11630.0,11590.0,11620.0,98.528678
2018-03-05 20:50:00,11620.0,11620.0,11603.96,11613.0,44.868579
2018-03-05 20:55:00,11612.72,11627.23,11606.03,11620.0,49.790391
2018-03-05 21:00:00,11625.0,11645.09,11617.73,11638.99,42.650902
2018-03-05 21:05:00,11638.99,11638.99,11588.43,11595.0,94.930945
2018-03-05 21:10:00,11595.0,11617.09,11555.02,11564.92,113.037757
2018-03-05 21:15:00,11560.94,11585.83,11555.03,11580.0,126.453544
2018-03-05 21:20:00,11570.02,11580.0,11568.58,11575.09,33.907734
2018-03-05 21:25:00,11575.09,11580.0,11528.01,11553.0,100.696962
2018-03-05 21:30:00,11558.0,11599.99,11543.58,11588.68,85.090329
2018-03-05 21:35:00,11588.68,11593.78,11561.0,11592.0,34.339889
2018-03-05 21:40:00,11592.0,11598.19,11571.92,11588.0,23.395945
2018-03-05 21:45:00,11584.08,11588.0,11560.01,11575.0,41.472476
2018-03-05 21:50:00,11575.0,11582.0,11565.0,11577.99,34.339436
2018-03-05 21:55:00,11577.99,11582.0,11566.0,11580.0,15.765427
2018-03-05 22:00:00,11580.0,11592.64,11574.0,11592.0,21.650784
2018-03-05 22:05:00,11592.0,11613.25,11588.0,11611.0,60.486529
2018-03-05 22:10:00,11610.01,11619.29,11599.55,11613.92,39.814036
2018-03-05 22:15:00,11613.92,11629.8,11613.92,11625.0,49.191563
2018-03-05 22:20:00,11625.0,11626.2,11616.22,11624.8,36.389879
2018-03-05 22:25:00,11624.8,11631.0,11620.17,11621.0,28.573776
2018-03-05 22:30:00,11620.17,11647.0,11620.17,11640.01,42.147188
2018-03-05 22:35:00,11644.79,11647.0,11607.98,11619.0,50.774857
2018-03-05 22:40:00,11617.0,11637.69,11609.02,11630.0,39.633346
2018-03-05 22:45:00,11625.02,11629.99,11590.43,11590.43,43.959833
2018-03-05 22:50:00,11593.51,11607.0,11577.04,11600.0,48.352425
2018-03-05 22:55:00,11604.38,11606.46,11588.0,11599.62,43.708957
2018-03-05 23:00:00,11599.62,11630.64,11588.0,11630.59,54.56473
2018-03-05 23:05:00,11627.71,11630.64,11614.94,11617.94,22.571943
2018-03-05 23:10:00,11617.14,11627.14,11604.64,11620.49,24.46193
2018-03-05 23:15:00,11620.49,11620.49,11586.0,11596.45,29.154122
2018-03-05 23:20:00,11600.0,11619.0,11600.0,11614.49,13.501653
2018-03-05 23:25:00,11608.0,11620.79,11608.0,11619.99,35.141436
2018-03-05 23:30:00,11610.0,11622.14,11591.92,11591.92,52.133978
2018-03-05 23:35:00,11591.92,11600.0,11575.01,11583.92,41.482715
2018-03-05 23:40:00,11586.0,11612.0,11583.92,11591.92,31.098505
2018-03-05 23:45:00,11592.0,11592.0,11568.0,11568.0,31.159059
2018-03-05 23:50:00,11568.35,11579.44,11560.0,11565.21,59.546457
2018-03-05 23:55:00,11569.99,11570.01,11454.0,11454.0,300.238244
2018-03-06 00:00:00,11455.0,11455.0,11338.33,11350.4,559.932412
2018-03-06 00:05:00,11350.4,11400.0,11338.34,11400.0,189.51315
2018-03-06 00:10:00,11391.66,11426.21,11356.01,11370.0,184.089546
2018-03-06 00:15:00,11370.0,11395.12,11356.01,11390.0,72.878066
2018-03-06 00:20:00,11384.02,11395.03,11348.0,11348.01,117.080919
2018-03-06 00:25:00,11350.0,11359.89,11260.0,11264.18,393.355872
2018-03-06 00:30:00,11264.18,11319.02,11252.0,11280.03,184.774324
2018-03-06 00:35:00,11280.03,11340.0,11280.0,11339.0,100.100095
2018-03-06 00:40:00,11339.0,11339.91,11270.05,11301.0,121.674163
2018-03-06 00:45:00,11307.99,11340.0,11293.0,11339.91,61.800139
2018-03-06 00:50:00,11340.0,11366.53,11339.91,11357.48,112.475387
2018-03-06 00:55:00,11357.0,11357.28,11300.0,11304.0,82.60907
2018-03-06 01:00:00,11304.0,11315.0,11266.0,11274.8,141.013906
2018-03-06 01:05:00,11273.98,11279.95,11200.0,11216.0,313.540471
2018-03-06 01:10:00,11216.0,11230.1,11190.0,11230.1,215.38241
2018-03-06 01:15:00,11227.0,11258.0,11227.0,11237.95,155.393431
2018-03-06 01:20:00,11235.3,11237.96,11212.0,11234.01,73.744419
2018-03-06 01:25:00,11235.04,11273.25,11234.01,11273.25,65.669189
2018-03-06 01:30:00,11273.25,11300.0,11267.24,11300.0,103.215614
2018-03-06 01:35:00,11299.99,11315.0,11270.1,11280.92,115.084796
2018-03-06 01:40:00,11280.92,11280.92,11230.0,11250.0,110.65447
2018-03-06 01:45:00,11251.46,11320.0,11248.0,11275.0,81.28807
2018-03-06 01:50:00,11270.11,11304.5,11266.52,11295.0,58.632328
2018-03-06 01:55:00,11295.0,11320.0,11285.63,11315.01,74.193061
2018-03-06 02:00:00,11314.99,11319.81,11263.0,11275.0,97.734985
2018-03-06 02:05:00,11274.97,11289.97,11255.0,11263.99,45.367604
2018-03-06 02:10:00,11263.99,11286.0,11243.35,11264.42,106.677463
2018-03-06 02:15:00,11275.0,11282.71,11253.0,11274.51,41.182222
2018-03-06 02:20:00,11274.51,11279.97,11256.52,11279.97,22.339505
2018-03-06 02:25:00,11279.96,11279.97,11250.0,11265.02,36.008997
2018-03-06 02:30:00,11265.0,11265.02,11230.0,11239.81,73.071538
2018-03-06 02:35:00,11237.02,11240.0,11191.0,11196.26,133.168227
2018-03-06 02:40:00,11198.95,11245.0,11181.5,11238.0,95.317085
2018-03-06 02:45:00,11238.0,11254.26,11238.0,11253.2,43.281687
2018-03-06 02:50:00,11254.26,11269.0,11246.01,11269.0,54.429293
2018-03-06 02:55:00,11269.0,11282.71,11260.0,11282.71,36.553914
2018-03-06 03:00:00,11280.7,11288.99,11246.47,11256.21,69.905183
2018-03-06 03:05:00,11258.0,11261.17,11194.79,11220.0,139.784624
2018-03-06 03:10:00,11222.0,11240.67,11200.0,11239.77,53.739174
2018-03-06 03:15:00,11239.87,11257.82,11239.77,11248.15,26.745127
2018-03-06 03:20:00,11252.0,11254.99,11210.0,11215.0,41.354268
2018-03-06 03:25:00,11215.0,11243.66,11208.1,11224.68,33.093705
2018-03-06 03:30:00,11232.99,11244.08,11221.0,11240.0,22.642977
2018-03-06 03:35:00,11240.0,11250.0,11227.0,11248.0,31.703421
2018-03-06 03:40:00,11248.0,11282.0,11238.99,11260.14,107.936277
2018-03-06 03:45:00,11258.59,11268.5,11250.0,11268.5,55.787784
2018-03-06 03:50:00,11268.5,11284.92,11251.09,11281.0,62.766301
2018-03-06 03:55:00,11281.0,11285.0,11277.01,11280.01,50.061944
2018-03-06 04:00:00,11280.01,11298.0,11277.02,11295.0,54.636944
2018-03-06 04:05:00,11294.56,11321.0,11291.0,11315.36,40.399986
2018-03-06 04:10:00,11315.37,11316.0,11300.0,11312.0,45.349171
2018-03-06 04:15:00,11310.0,11334.5,11308.0,11322.0,69.359358
2018-03-06 04:20:00,11325.0,11348.0,11322.0,11345.0,111.00004
2018-03-06 04:25:00,11342.0,11346.99,11321.0,11341.01,74.676455
2018-03-06 04:30:00,11341.01,11341.01,11320.0,11335.0,58.273772
2018-03-06 04:35:00,11335.0,11335.0,11260.4,11319.99,140.210962
2018-03-06 04:40:00,11319.98,11319.98,11275.0,11306.0,73.408215
2018-03-06 04:45:00,11306.0,11330.0,11300.02,11320.0,36.783382
2018-03-06 04:50:00,11329.0,11330.0,11301.0,11310.0,35.023793
2018-03-06 04:55:00,11310.0,11315.0,11290.0,11290.0,60.94585
2018-03-06 05:00:00,11303.22,11303.23,11262.0,11272.0,69.368478
2018-03-06 05:05:00,11272.0,11292.63,11267.38,11291.99,48.597849
2018-03-06 05:10:00,11290.0,11300.0,11275.0,11300.0,22.386536
2018-03-06 05:15:00,11297.19,11318.49,11297.19,11315.01,32.469507
2018-03-06 05:20:00,11315.0,11320.83,11301.01,11301.01,35.780374
2018-03-06 05:25:00,11309.88,11320.0,11300.01,11313.0,31.056561
2018-03-06 05:30:00,11313.0,11323.49,11304.02,11322.0,41.047283
2018-03-06 05:35:00,11322.0,11340.01,11322.0,11339.0,39.910309
2018-03-06 05:40:00,11339.0,11340.01,11313.39,11319.91,43.607041
2018-03-06 05:45:00,11313.23,11339.99,11310.5,11323.0,32.278721
2018-03-06 05:50:00,11323.0,11334.8,11323.0,11323.85,16.616441
2018-03-06 05:55:00,11323.85,11334.02,11323.85,11328.39,19.134979
2018-03-06 06:00:00,11327.01,11350.0,11323.0,11342.69,62.073075
2018-03-06 06:05:00,11332.2,11352.65,11328.0,11349.0,46.408632
2018-03-06 06:10:00,11350.0,11353.27,11333.0,11333.0,28.566951
2018-03-06 06:15:00,11333.0,11357.99,11330.0,11355.01,32.203244
2018-03-06 06:20:00,11356.68,11359.0,11343.0,11351.99,46.622126
2018-03-06 06:25:00,11351.99,11360.0,11316.0,11319.08,51.087172
2018-03-06 06:30:00,11318.0,11318.0,11292.0,11298.13,105.276657
2018-03-06 06:35:00,11298.55,11312.05,11295.48,11303.0,62.126695
2018-03-06 06:40:00,11303.0,11316.32,11291.76,11297.0,65.511363
2018-03-06 06:45:00,11300.0,11309.7,11290.0,11306.7,46.776738
2018-03-06 06:50:00,11300.04,11320.0,11300.04,11304.0,24.878695
2018-03-06 06:55:00,11304.0,11319.81,11304.0,11312.34,27.320561
2018-03-06 07:00:00,11315.0,11318.0,11268.0,11269.31,59.872269
2018-03-06 07:05:00,11269.31,11286.99,11265.0,11277.0,65.973434
2018-03-06 07:10:00,11277.0,11278.99,11244.02,11245.0,84.570567
2018-03-06 07:15:00,11245.0,11245.0,11230.0,11230.01,129.13374
2018-03-06 07:20:00,11230.01,11250.0,11229.8,11250.0,98.675928
2018-03-06 07:25:00,11250.0,11263.39,11244.66,11260.26,29.119682
2018-03-06 07:30:00,11260.26,11275.47,11250.51,11265.65,29.599385
2018-03-06 07:35:00,11265.64,11270.0,11250.0,11251.82,23.280525
2018-03-06 07:40:00,11251.82,11270.0,11251.0,11265.0,17.105961
2018-03-06 07:45:00,11265.0,11288.97,11260.1,11278.86,48.68753
2018-03-06 07:50:00,11278.86,11282.0,11266.7,11270.0,22.928534
2018-03-06 07:55:00,11266.7,11275.11,11252.0,11270.0,29.535956
2018-03-06 08:00:00,11275.11,11292.65,11270.0,11280.0,34.30708
2018-03-06 08:05:00,11289.99,11289.99,11256.4,11265.11,21.107973
2018-03-06 08:10:00,11265.11,11267.69,11256.4,11267.01,17.606533
2018-03-06 08:15:00,11267.69,11287.94,11260.0,11276.23,57.25429
2018-03-06 08:20:00,11287.51,11292.65,11276.41,11290.22,30.652524
2018-03-06 08:25:00,11290.37,11295.5,11280.56,11292.44,31.381637
2018-03-06 08:30:00,11285.0,11289.99,11280.0,11285.0,12.992595
2018-03-06 08:35:00,11285.0,11285.0,11265.0,11268.46,23.820343
2018-03-06 08:40:00,11273.5,11278.29,11266.6,11266.6,19.007144
2018-03-06 08:45:00,11266.03,11276.91,11260.0,11273.95,34.031699
2018-03-06 08:50:00,11273.95,11280.0,11266.67,11276.93,9.71426
2018-03-06 08:55:00,11277.0,11285.34,11266.66,11273.99,22.769465
2018-03-06 09:00:00,11269.05,11289.79,11266.0,11282.02,14.170058
2018-03-06 09:05:00,11282.02,11294.37,11282.02,11285.8,20.46912
2018-03-06 09:10:00,11285.8,11296.0,11285.8,11296.0,14.359354
2018-03-06 09:15:00,11296.0,11305.0,11296.0,11303.97,24.693277
2018-03-06 09:20:00,11303.99,11320.22,11303.97,11320.22,50.607444
2018-03-06 09:25:00,11318.3,11333.0,11298.0,11298.0,86.609
2018-03-06 09:30:00,11298.0,11304.0,11285.02,11297.99,19.160949
2018-03-06 09:35:00,11290.0,11298.0,11290.0,11292.01,11.991473
2018-03-06 09:40:00,11297.99,11297.99,11285.0,11286.27,26.856579
2018-03-06 09:45:00,11291.0,11300.89,11268.98,11286.42,45.425571
2018-03-06 09:50:00,11286.5,11297.77,11276.44,11295.01,13.341689
2018-03-06 09:55:00,11295.01,11297.0,11275.86,11280.89,28.418708
2018-03-06 10:00:00,11275.98,11280.87,11257.0,11257.0,77.274811
2018-03-06 10:05:00,11257.0,11265.99,11130.0,11150.5,409.957392
2018-03-06 10:10:00,11146.4,11160.0,11089.0,11112.0,353.151852
2018-03-06 10:15:00,11119.99,11135.0,11065.0,11078.97,188.221155
2018-03-06 10:20:00,11078.97,11090.07,11054.0,11073.0,172.331067
2018-03-06 10:25:00,11069.62,11095.0,11050.0,11059.99,207.056387
2018-03-06 10:30:00,11053.0,11057.78,10921.5,10975.04,831.580853
2018-03-06 10:35:00,10970.0,10975.04,10900.81,10928.99,400.603094
2018-03-06 10:40:00,10928.99,10945.02,10867.0,10935.01,427.111179
2018-03-06 10:45:00,10937.9,10952.0,10902.68,10935.0,233.960572
2018-03-06 10:50:00,10933.0,10986.99,10922.0,10969.0,269.978287
2018-03-06 10:55:00,10975.0,10980.31,10915.4,10934.43,206.640164
2018-03-06 11:00:00,10947.86,10965.67,10905.66,10919.12,220.202947
2018-03-06 11:05:00,10919.12,10960.0,10905.01,10959.99,138.757942
2018-03-06 11:10:00,10959.72,10960.0,10940.01,10954.54,91.97922
2018-03-06 11:15:00,10955.0,10955.0,10917.01,10928.76,110.683367
2018-03-06 11:20:00,10928.76,10943.0,10925.01,10926.09,136.680871
2018-03-06 11:25:00,10925.01,10930.0,10840.01,10865.0,399.602691
2018-03-06 11:30:00,10865.0,10917.41,10860.06,10898.99,154.46785
2018-03-06 11:35:00,10892.02,10910.0,10860.0,10900.01,162.152296
2018-03-06 11:40:00,10900.03,10911.0,10881.0,10896.0,109.764674
2018-03-06 11:45:00,10891.24,10940.0,10887.41,10928.93,189.635164
2018-03-06 11:50:00,10928.93,10945.0,10904.02,10945.0,62.416324
2018-03-06 11:55:00,10938.44,10946.0,10925.0,10937.0,74.730368
2018-03-06 12:00:00,10936.0,10983.99,10936.0,10976.0,157.906177
2018-03-06 12:05:00,10976.0,10986.99,10918.65,10918.65,139.10271
2018-03-06 12:10:00,10919.83,10944.99,10910.87,10931.04,71.165598
2018-03-06 12:15:00,10931.04,10944.97,10920.0,10920.53,55.662527
2018-03-06 12:20:00,10920.53,10930.0,10908.0,10911.0,74.076674
2018-03-06 12:25:00,10911.0,10912.0,10859.51,10886.55,172.187248
2018-03-06 12:30:00,10882.14,10910.0,10865.96,10881.0,83.156544
2018-03-06 12:35:00,10881.0,10889.0,10844.0,10860.0,133.492046
2018-03-06 12:40:00,10860.0,10910.0,10853.5,10902.65,84.708759
2018-03-06 12:45:00,10902.65,10907.26,10885.99,10895.04,44.342895
2018-03-06 12:50:00,10896.0,10922.0,10895.0,10905.0,67.816217
2018-03-06 12:55:00,10906.0,10918.95,10899.65,10913.0,31.464251
2018-03-06 13:00:00,10913.0,10913.2,10868.0,10870.45,72.826815
2018-03-06 13:05:00,10870.81,10884.87,10861.02,10873.0,74.705944
2018-03-06 13:10:00,10873.0,10900.0,10873.0,10899.51,40.774621
2018-03-06 13:15:00,10899.9,10910.0,10880.0,10888.0,40.139439
2018-03-06 13:20:00,10888.0,10908.0,10884.58,10906.0,47.768208
2018-03-06 13:25:00,10893.83,10912.13,10875.0,10881.03,54.100088
2018-03-06 13:30:00,10881.03,10888.45,10815.0,10819.43,221.922752
2018-03-06 13:35:00,10819.42,10862.99,10811.01,10840.0,174.496819
2018-03-06 13:40:00,10831.78,10840.0,10786.0,10794.47,226.436851
2018-03-06 13:45:00,10794.47,10820.0,10777.78,10809.47,226.473601
2018-03-06 13:50:00,10809.47,10839.85,10800.56,10822.01,135.83157
2018-03-06 13:55:00,10811.0,10830.01,10800.0,10813.73,168.167333
2018-03-06 14:00:00,10820.0,10875.92,10813.01,10859.99,140.069767
2018-03-06 14:05:00,10851.71,10862.0,10839.1,10851.02,82.269088
2018-03-06 14:10:00,10851.02,10866.0,10851.0,10857.0,47.110822
2018-03-06 14:15:00,10857.0,10892.0,10857.0,10876.02,94.077503
2018-03-06 14:20:00,10878.93,10899.9,10868.99,10880.04,119.633001
2018-03-06 14:25:00,10880.04,10892.61,10880.0,10885.0,91.4268
2018-03-06 14:30:00,10880.05,10950.0,10877.73,10949.97,163.851228
2018-03-06 14:35:00,10949.97,10976.0,10926.0,10973.5,175.672139
2018-03-06 14:40:00,10970.0,10980.0,10933.0,10933.01,137.85386
2018-03-06 14:45:00,10933.01,10948.86,10920.0,10938.55,81.000528
2018-03-06 14:50:00,10938.55,10980.0,10938.55,10968.88,133.444859
2018-03-06 14:55:00,10967.31,10995.0,10965.09,10982.0,125.16927
2018-03-06 15:00:00,10983.91,10992.65,10960.0,10989.01,72.732637
2018-03-06 15:05:00,10989.01,10991.43,10935.05,10958.99,123.57293
2018-03-06 15:10:00,10948.04,10993.06,10948.04,10992.64,129.176893
2018-03-06 15:15:00,10992.64,11013.33,10975.0,10989.0,185.04621
2018-03-06 15:20:00,10989.0,11018.0,10980.0,11017.5,78.360015
2018-03-06 15:25:00,11017.5,11046.24,11014.0,11040.0,179.541073
2018-03-06 15:30:00,11040.0,11040.0,10988.89,10988.89,134.325378
2018-03-06 15:35:00,10991.57,10996.3,10964.2,10980.21,94.351906
2018-03-06 15:40:00,10986.99,11001.99,10964.0,10970.0,54.735478
2018-03-06 15:45:00,10975.23,11007.99,10970.0,10987.0,63.859021
2018-03-06 15:50:00,10990.0,11005.0,10990.0,11000.0,39.648349
2018-03-06 15:55:00,11000.0,11004.6,10958.95,10966.0,104.867021
2018-03-06 16:00:00,10974.08,10986.39,10956.3,10972.86,54.882574
2018-03-06 16:05:00,10972.86,10985.0,10955.02,10970.01,66.467143
2018-03-06 16:10:00,10979.4,10983.11,10966.0,10966.0,65.411528
2018-03-06 16:15:00,10975.99,10976.0,10930.0,10938.0,160.450596
2018-03-06 16:20:00,10937.46,10955.0,10930.0,10948.03,67.614469
2018-03-06 16:25:00,10948.03,10960.0,10945.0,10946.0,64.113418
2018-03-06 16:30:00,10948.0,10978.0,10945.0,10969.01,48.470866
2018-03-06 16:35:00,10969.01,10979.5,10956.0,10972.0,50.755359
2018-03-06 16:40:00,10970.0,10998.0,10970.0,10986.03,38.911704
2018-03-06 16:45:00,10989.0,11013.5,10986.03,10990.0,101.701167
2018-03-06 16:50:00,10988.75,10989.06,10956.0,10970.0,66.449984
2018-03-06 16:55:00,10964.0,10969.91,10955.0,10966.99,74.63385
2018-03-06 17:00:00,10966.99,10975.44,10956.0,10970.01,42.080337
2018-03-06 17:05:00,10970.01,10975.41,10893.32,10895.0,163.20592
2018-03-06 17:10:00,10893.34,10932.1,10890.0,10890.04,103.336165
2018-03-06 17:15:00,10898.12,10898.15,10850.0,10870.0,156.298809
2018-03-06 17:20:00,10870.0,10879.78,10850.0,10859.96,133.860129
2018-03-06 17:25:00,10859.96,10859.96,10785.0,10790.0,232.024218
2018-03-06 17:30:00,10789.0,10796.0,10730.17,10766.99,294.666706
2018-03-06 17:35:00,10766.99,10793.32,10737.5,10772.16,145.556453
2018-03-06 17:40:00,10772.16,10828.38,10772.16,10799.94,138.787428
2018-03-06 17:45:00,10792.33,10819.65,10775.0,10800.0,108.085364
2018-03-06 17:50:00,10799.96,10812.1,10777.97,10799.98,101.211306
2018-03-06 17:55:00,10792.42,10807.98,10760.0,10770.0,71.860436
2018-03-06 18:00:00,10765.7,10810.0,10762.0,10806.51,100.62398
2018-03-06 18:05:00,10806.51,10815.0,10790.0,10791.21,65.333932
2018-03-06 18:10:00,10791.21,10841.49,10791.2,10835.0,68.079865
2018-03-06 18:15:00,10835.0,10860.0,10832.0,10855.0,68.099429
2018-03-06 18:20:00,10854.99,10857.97,10802.3,10809.99,113.759596
2018-03-06 18:25:00,10809.99,10810.0,10777.0,10795.0,100.544189
2018-03-06 18:30:00,10795.0,10822.75,10777.0,10820.0,77.803887
2018-03-06 18:35:00,10819.98,10830.0,10806.61,10830.0,40.080066
2018-03-06 18:40:00,10830.0,10849.98,10822.63,10835.0,38.80337
2018-03-06 18:45:00,10839.98,10839.98,10795.0,10804.0,53.145466
2018-03-06 18:50:00,10801.55,10804.0,10701.0,10720.0,182.794625
2018-03-06 18:55:00,10711.83,10734.49,10690.0,10697.95,246.987396
2018-03-06 19:00:00,10697.94,10700.0,10610.0,10650.0,386.251951
2018-03-06 19:05:00,10650.0,10670.0,10582.51,10646.95,324.857148
2018-03-06 19:10:00,10646.95,10650.0,10600.02,10634.96,206.036214
2018-03-06 19:15:00,10622.0,10652.09,10620.0,10637.54,194.642164
2018-03-06 19:20:00,10637.56,10652.09,10635.01,10635.1,87.610808
2018-03-06 19:25:00,10635.08,10639.99,10580.0,10603.23,188.366969
2018-03-06 19:30:00,10603.24,10606.0,10555.48,10600.0,277.880942
2018-03-06 19:35:00,10600.0,10677.06,10599.9,10640.46,200.915461
2018-03-06 19:40:00,10638.94,10650.99,10627.0,10635.0,78.476819
2018-03-06 19:45:00,10634.99,10706.0,10627.03,10706.0,142.26326
2018-03-06 19:50:00,10704.02,10715.0,10679.96,10702.0,163.103931
2018-03-06 19:55:00,10704.0,10711.1,10667.0,10707.0,116.363099
2018-03-06 20:00:00,10707.0,10711.1,10634.09,10659.32,122.825548
2018-03-06 20:05:00,10651.32,10660.0,10606.0,10632.26,133.256611
2018-03-06 20:10:00,10632.26,10665.0,10625.07,10627.0,59.262276
2018-03-06 20:15:00,10639.98,10640.0,10603.0,10616.0,88.550171
2018-03-06 20:20:00,10620.0,10662.0,10616.0,10648.57,70.647098
2018-03-06 20:25:00,10648.0,10650.0,10620.0,10620.0,45.954263
2018-03-06 20:30:00,10623.01,10628.35,10566.0,10592.33,166.778714
2018-03-06 20:35:00,10589.79,10619.12,10580.0,10615.82,57.260538
2018-03-06 20:40:00,10619.12,10685.0,10616.55,10651.83,80.313928
2018-03-06 20:45:00,10669.23,10669.23,10629.0,10635.0,82.573749
2018-03-06 20:50:00,10635.0,10674.9,10620.06,10674.9,35.176749
2018-03-06 20:55:00,10674.7,10710.19,10599.05,10655.83,155.736942
2018-03-06 21:00:00,10655.83,10728.54,10653.0,10715.0,96.809616
2018-03-06 21:05:00,10715.0,10750.21,10692.1,10749.09,191.944065
2018-03-06 21:10:00,10749.09,10759.0,10715.88,10749.09,108.899169
2018-03-06 21:15:00,10749.09,10785.0,10719.0,10784.95,85.421434
2018-03-06 21:20:00,10785.0,10789.0,10732.39,10784.24,97.692212
2018-03-06 21:25:00,10783.87,10788.99,10730.0,10735.48,113.437906
2018-03-06 21:30:00,10735.48,10774.99,10730.0,10737.07,80.066528
2018-03-06 21:35:00,10742.0,10775.0,10737.07,10751.01,59.003084
2018-03-06 21:40:00,10751.01,10782.1,10747.0,10776.01,32.112815
2018-03-06 21:45:00,10780.0,10830.0,10775.03,10830.0,97.252483
2018-03-06 21:50:00,10817.58,10839.0,10778.3,10807.4,102.213987
2018-03-06 21:55:00,10803.64,10830.0,10790.0,10795.0,77.209927
2018-03-06 22:00:00,10795.0,10799.99,10750.0,10771.75,140.82728
2018-03-06 22:05:00,10771.75,10790.0,10770.94,10778.0,53.700492
2018-03-06 22:10:00,10778.0,10778.0,10722.1,10725.0,78.550882
2018-03-06 22:15:00,10725.0,10756.85,10700.0,10718.84,115.858774
2018-03-06 22:20:00,10718.82,10761.5,10702.0,10735.04,53.375594
2018-03-06 22:25:00,10742.3,10768.23,10725.0,10755.0,36.546505
2018-03-06 22:30:00,10755.0,10763.08,10740.0,10751.99,40.682499
2018-03-06 22:35:00,10751.99,10790.0,10740.0,10790.0,42.462927
2018-03-06 22:40:00,10790.0,10829.3,10771.31,10783.97,77.50884
2018-03-06 22:45:00,10783.97,10800.0,10777.17,10798.67,26.88417
2018-03-06 22:50:00,10795.0,10814.94,10764.22,10778.0,68.759278
2018-03-06 22:55:00,10783.94,10802.35,10770.14,10783.67,22.765128
2018-03-06 23:00:00,10783.67,10804.4,10776.71,10790.0,39.817067
2018-03-06 23:05:00,10790.28,10793.12,10713.78,10730.0,93.75857
2018-03-06 23:10:00,10730.0,10730.21,10621.0,10659.63,211.697488
2018-03-06 23:15:00,10651.22,10665.0,10611.0,10620.0,115.830425
2018-03-06 23:20:00,10619.99,10649.57,10601.0,10640.01,122.37203
2018-03-06 23:25:00,10640.0,10670.0,10610.26,10620.61,118.089799
2018-03-06 23:30:00,10620.61,10658.0,10620.61,10658.0,43.891485
2018-03-06 23:35:00,10658.0,10692.1,10626.07,10639.0,77.31805
2018-03-06 23:40:00,10637.0,10665.84,10635.0,10655.6,75.106854
2018-03-06 23:45:00,10655.6,10700.48,10635.5,10691.33,124.683941
2018-03-06 23:50:00,10691.33,10737.33,10676.64,10693.06,114.237333
2018-03-06 23:55:00,10678.6,10760.0,10678.57,10716.48,118.169848
2018-03-07 00:00:00,10716.48,10760.0,10710.28,10758.38,81.94878
2018-03-07 00:05:00,10758.38,10839.01,10753.0,10809.09,147.410208
2018-03-07 00:10:00,10806.0,10827.91,10761.03,10780.0,136.705108
2018-03-07 00:15:00,10780.0,10790.01,10750.81,10762.81,123.256384
2018-03-07 00:20:00,10750.94,10853.0,10750.94,10850.0,213.509072
2018-03-07 00:25:00,10850.0,10851.9,10815.46,10816.89,75.726396
2018-03-07 00:30:00,10821.99,10856.0,10816.3,10840.0,105.072506
2018-03-07 00:35:00,10840.0,10840.8,10803.61,10810.0,83.816187
2018-03-07 00:40:00,10817.96,10865.0,10792.6,10845.73,118.719578
2018-03-07 00:45:00,10861.86,10898.15,10850.02,10898.0,89.471047
2018-03-07 00:50:00,10897.0,10899.0,10860.72,10880.0,141.303969
2018-03-07 00:55:00,10879.89,10895.4,10860.99,10874.95,80.923556
2018-03-07 01:00:00,10874.95,10874.95,10812.0,10824.35,107.665189
2018-03-07 01:05:00,10820.0,10848.78,10802.21,10839.0,58.605404
2018-03-07 01:10:00,10839.0,10848.93,10801.0,10804.79,80.307962
2018-03-07 01:15:00,10804.79,10826.0,10788.0,10818.0,80.09636
2018-03-07 01:20:00,10820.0,10841.03,10809.02,10825.08,41.493223
2018-03-07 01:25:00,10825.07,10825.07,10784.64,10804.99,52.687546
2018-03-07 01:30:00,10804.98,10829.58,10795.0,10826.39,41.431796
2018-03-07 01:35:00,10826.31,10859.99,10826.31,10847.57,48.085448
2018-03-07 01:40:00,10847.57,10855.94,10835.42,10840.0,35.586251
2018-03-07 01:45:00,10840.0,10890.0,10838.51,10890.0,58.69754
2018-03-07 01:50:00,10889.73,10892.0,10850.0,10883.3,52.491023
2018-03-07 01:55:00,10883.3,10883.3,10847.73,10863.0,34.769565
2018-03-07 02:00:00,10863.0,10885.98,10853.0,10856.56,69.568652
2018-03-07 02:05:00,10856.56,10866.68,10821.03,10828.48,56.559815
2018-03-07 02:10:00,10829.0,10860.0,10811.06,10845.0,66.325556
2018-03-07 02:15:00,10853.75,10853.75,10812.1,10833.52,29.928074
2018-03-07 02:20:00,10822.75,10852.67,10816.58,10839.02,22.433484
2018-03-07 02:25:00,10839.02,10839.97,10756.83,10760.79,113.968217
2018-03-07 02:30:00,10760.79,10797.0,10757.61,10771.71,76.940173
2018-03-07 02:35:00,10771.29,10780.49,10730.03,10755.0,82.858406
2018-03-07 02:40:00,10756.0,10774.14,10731.05,10767.0,52.569543
2018-03-07 02:45:00,10767.0,10831.1,10764.56,10794.0,114.305578
2018-03-07 02:50:00,10794.0,10832.05,10777.35,10789.99,74.845782
2018-03-07 02:55:00,10789.99,10804.36,10764.58,10788.01,34.043761
2018-03-07 03:00:00,10788.0,10808.06,10762.13,10768.15,28.66632
2018-03-07 03:05:00,10768.04,10772.49,10710.03,10728.99,84.108254
2018-03-07 03:10:00,10728.99,10729.0,10681.0,10717.57,118.805135
2018-03-07 03:15:00,10717.57,10725.18,10700.0,10701.0,63.704538
2018-03-07 03:20:00,10700.5,10736.49,10692.11,10692.11,90.499729
2018-03-07 03:25:00,10695.25,10733.39,10690.9,10725.0,51.927066
2018-03-07 03:30:00,10725.03,10726.0,10690.0,10700.0,70.184596
2018-03-07 03:35:00,10700.0,10738.68,10684.02,10700.0,81.696553
2018-03-07 03:40:00,10700.14,10709.99,10666.2,10674.44,89.803436
2018-03-07 03:45:00,10668.16,10695.0,10660.0,10679.0,112.316717
2018-03-07 03:50:00,10679.0,10716.01,10671.13,10709.81,54.5021
2018-03-07 03:55:00,10713.0,10740.76,10697.46,10724.99,60.410359
2018-03-07 04:00:00,10724.98,10759.0,10720.0,10748.92,55.550787
2018-03-07 04:05:00,10748.92,10758.0,10713.0,10730.99,52.636097
2018-03-07 04:10:00,10731.0,10738.69,10718.08,10727.04,26.397514
2018-03-07 04:15:00,10733.5,10734.0,10705.0,10715.0,65.884629
2018-03-07 04:20:00,10715.0,10750.0,10705.0,10742.23,41.114478
2018-03-07 04:25:00,10742.23,10762.06,10730.0,10762.06,36.156205
2018-03-07 04:30:00,10760.96,10770.0,10748.0,10751.13,73.763454
2018-03-07 04:35:00,10751.13,10757.0,10730.01,10743.64,54.671735
2018-03-07 04:40:00,10744.9,10767.41,10740.0,10756.05,42.865645
2018-03-07 04:45:00,10756.05,10768.6,10745.0,10763.0,15.370519
2018-03-07 04:50:00,10764.0,10795.37,10764.0,10793.0,98.055705
2018-03-07 04:55:00,10793.0,10793.94,10780.0,10788.24,46.581685
2018-03-07 05:00:00,10782.19,10795.0,10777.2,10790.01,52.783331
2018-03-07 05:05:00,10791.0,10804.9,10790.01,10798.01,53.143764
2018-03-07 05:10:00,10798.01,10826.0,10796.0,10817.1,81.043089
2018-03-07 05:15:00,10817.1,10830.01,10800.7,10800.7,83.692472
2018-03-07 05:20:00,10800.7,10808.03,10774.61,10774.61,41.831514
2018-03-07 05:25:00,10774.61,10806.31,10750.0,10768.0,70.753069
2018-03-07 05:30:00,10768.0,10769.99,10702.59,10722.0,79.200597
2018-03-07 05:35:00,10722.0,10725.0,10705.01,10717.99,59.193724
2018-03-07 05:40:00,10717.99,10718.0,10650.0,10685.0,195.049487
2018-03-07 05:45:00,10685.0,10692.32,10646.0,10663.68,142.787107
2018-03-07 05:50:00,10663.68,10678.1,10645.0,10645.05,90.254806
2018-03-07 05:55:00,10645.14,10672.0,10630.0,10655.0,145.084468
2018-03-07 06:00:00,10655.0,10656.52,10633.22,10645.0,69.057103
2018-03-07 06:05:00,10645.0,10645.0,10601.01,10601.01,166.34249
2018-03-07 06:10:00,10601.01,10613.04,10522.01,10540.0,465.374545
2018-03-07 06:15:00,10539.99,10580.0,10525.0,10580.0,161.855969
2018-03-07 06:20:00,10578.99,10600.0,10545.0,10575.0,146.957789
2018-03-07 06:25:00,10576.35,10578.0,10555.01,10560.0,56.00048
2018-03-07 06:30:00,10560.0,10574.95,10550.01,10555.44,79.815842
2018-03-07 06:35:00,10556.01,10575.95,10545.69,10570.0,69.381377
2018-03-07 06:40:00,10570.0,10599.0,10555.0,10566.25,74.242093
2018-03-07 06:45:00,10562.08,10589.0,10554.15,10555.0,54.15447
2018-03-07 06:50:00,10555.0,10578.39,10517.51,10518.1,80.756105
2018-03-07 06:55:00,10519.0,10519.0,10461.0,10480.0,425.035968
2018-03-07 07:00:00,10480.0,10529.99,10480.0,10504.99,129.883861
2018-03-07 07:05:00,10509.98,10530.0,10493.7,10504.03,90.985804
2018-03-07 07:10:00,10512.54,10512.93,10465.1,10469.24,81.798278
2018-03-07 07:15:00,10469.24,10494.97,10463.0,10491.25,101.53467
2018-03-07 07:20:00,10490.0,10494.11,10461.0,10476.0,98.163344
2018-03-07 07:25:00,10476.0,10488.65,10458.98,10465.76,95.483582
2018-03-07 07:30:00,10460.98,10470.0,10429.0,10434.51,211.29563
2018-03-07 07:35:00,10434.51,10434.51,10400.0,10406.52,406.282575
2018-03-07 07:40:00,10408.0,10459.0,10406.52,10453.39,133.40775
2018-03-07 07:45:00,10453.39,10505.0,10451.06,10505.0,188.378957
2018-03-07 07:50:00,10505.0,10526.0,10470.84,10494.22,152.482278
2018-03-07 07:55:00,10499.64,10528.0,10485.0,10510.0,111.553695
2018-03-07 08:00:00,10509.99,10570.0,10505.0,10554.85,150.724578
2018-03-07 08:05:00,10554.86,10573.23,10533.26,10549.99,136.819144
2018-03-07 08:10:00,10544.86,10550.0,10529.98,10550.0,71.67501
2018-03-07 08:15:00,10548.37,10566.0,10540.03,10556.89,46.637956
2018-03-07 08:20:00,10556.89,10597.3,10550.31,10589.05,72.394157
2018-03-07 08:25:00,10592.97,10610.0,10577.14,10579.79,98.861556
2018-03-07 08:30:00,10579.79,10579.79,10530.01,10540.71,111.448366
2018-03-07 08:35:00,10540.26,10579.83,10531.0,10551.93,54.583847
2018-03-07 08:40:00,10554.85,10555.05,10509.99,10523.13,70.785663
2018-03-07 08:45:00,10520.5,10560.0,10515.0,10559.98,62.898184
2018-03-07 08:50:00,10557.08,10574.92,10527.0,10536.01,47.895956
2018-03-07 08:55:00,10542.0,10542.0,10530.0,10532.05,26.130707
2018-03-07 09:00:00,10530.01,10530.01,10485.01,10496.03,106.191369
2018-03-07 09:05:00,10500.59,10520.64,10463.51,10478.06,117.574099
2018-03-07 09:10:00,10478.06,10511.0,10465.01,10500.16,68.208021
2018-03-07 09:15:00,10508.95,10510.0,10442.0,10450.0,83.070961
2018-03-07 09:20:00,10450.0,10493.08,10435.6,10476.29,92.437123
2018-03-07 09:25:00,10476.29,10524.38,10475.0,10515.03,66.79751
2018-03-07 09:30:00,10520.0,10530.0,10480.0,10480.0,81.925007
2018-03-07 09:35:00,10480.0,10499.0,10471.0,10471.0,51.947509
2018-03-07 09:40:00,10479.55,10479.6,10418.0,10432.0,138.58488
2018-03-07 09:45:00,10432.01,10462.14,10411.11,10458.84,164.086292
2018-03-07 09:50:00,10459.76,10465.0,10415.0,10457.52,69.20104
2018-03-07 09:55:00,10463.08,10480.13,10449.0,10452.17,60.775558
2018-03-07 10:00:00,10450.3,10510.0,10450.1,10508.6,94.478281
2018-03-07 10:05:00,10508.6,10524.0,10463.0,10509.96,179.471225
2018-03-07 10:10:00,10509.97,10519.0,10503.54,10514.9,104.047433
2018-03-07 10:15:00,10514.9,10518.99,10483.1,10483.1,88.962746
2018-03-07 10:20:00,10494.77,10518.42,10477.0,10506.0,37.887266
2018-03-07 10:25:00,10506.0,10553.08,10500.68,10532.0,148.733981
2018-03-07 10:30:00,10530.54,10545.0,10500.0,10506.0,89.664674
2018-03-07 10:35:00,10505.0,10508.79,10450.0,10489.49,89.522439
2018-03-07 10:40:00,10489.51,10515.0,10480.02,10499.99,38.707554
2018-03-07 10:45:00,10499.96,10520.0,10494.0,10516.0,30.017272
2018-03-07 10:50:00,10507.22,10519.99,10491.0,10491.0,36.331413
2018-03-07 10:55:00,10490.99,10497.96,10450.0,10491.67,74.975752
2018-03-07 11:00:00,10490.0,10520.0,10480.03,10500.0,41.244732
2018-03-07 11:05:00,10500.0,10506.77,10463.08,10475.81,55.28822
2018-03-07 11:10:00,10473.22,10506.66,10457.62,10470.31,59.29526
2018-03-07 11:15:00,10480.76,10510.0,10477.0,10502.2,66.363912
2018-03-07 11:20:00,10502.2,10560.47,10502.2,10560.0,109.381287
2018-03-07 11:25:00,10555.98,10583.08,10530.0,10583.08,85.246645
2018-03-07 11:30:00,10583.08,10602.0,10565.01,10600.0,115.144784
2018-03-07 11:35:00,10602.0,10626.61,10588.0,10620.0,142.873506
2018-03-07 11:40:00,10620.36,10630.0,10570.0,10570.0,125.905743
2018-03-07 11:45:00,10579.0,10605.26,10570.0,10587.0,85.612343
2018-03-07 11:50:00,10587.0,10599.99,10587.0,10596.03,38.551338
2018-03-07 11:55:00,10596.03,10635.03,10596.03,10635.03,91.548892
2018-03-07 12:00:00,10635.6,10662.0,10630.0,10636.07,199.145151
2018-03-07 12:05:00,10636.06,10650.0,10600.0,10641.77,99.388887
2018-03-07 12:10:00,10638.0,10640.99,10611.92,10619.46,57.642102
2018-03-07 12:15:00,10619.46,10633.0,10573.01,10586.11,83.337002
2018-03-07 12:20:00,10590.0,10613.08,10580.0,10602.08,87.77144
2018-03-07 12:25:00,10608.39,10619.0,10582.0,10582.01,44.473013
2018-03-07 12:30:00,10582.0,10610.0,10581.22,10605.0,30.671184
2018-03-07 12:35:00,10605.0,10628.0,10602.03,10627.01,43.787602
2018-03-07 12:40:00,10628.0,10662.7,10627.0,10655.0,99.092026
2018-03-07 12:45:00,10659.91,10659.91,10587.02,10595.03,125.40471
2018-03-07 12:50:00,10597.0,10623.81,10574.31,10580.01,126.473433
2018-03-07 12:55:00,10584.89,10605.0,10575.01,10588.0,52.982199
2018-03-07 13:00:00,10588.0,10609.92,10570.0,10605.0,45.886784
2018-03-07 13:05:00,10605.0,10615.0,10604.04,10614.0,36.808482
2018-03-07 13:10:00,10614.0,10630.0,10608.0,10625.0,30.259048
2018-03-07 13:15:00,10625.0,10645.75,10623.01,10629.03,54.627054
2018-03-07 13:20:00,10629.03,10644.99,10623.0,10634.96,50.681478
2018-03-07 13:25:00,10628.0,10640.63,10601.0,10601.0,85.067224
2018-03-07 13:30:00,10610.0,10621.84,10596.0,10611.23,78.446762
2018-03-07 13:35:00,10611.24,10624.22,10558.0,10560.01,110.882364
2018-03-07 13:40:00,10560.01,10564.16,10523.99,10547.03,114.597435
2018-03-07 13:45:00,10550.0,10552.94,10511.08,10523.43,107.841136
2018-03-07 13:50:00,10523.0,10529.0,10502.76,10514.98,94.472453
2018-03-07 13:55:00,10514.98,10553.08,10506.05,10520.0,67.394243
2018-03-07 14:00:00,10520.0,10600.0,10519.0,10574.9,115.41935
2018-03-07 14:05:00,10574.75,10607.99,10559.01,10587.0,99.67129
2018-03-07 14:10:00,10587.0,10600.0,10547.14,10570.0,93.783144
2018-03-07 14:15:00,10580.32,10727.0,10568.1,10635.89,255.368095
2018-03-07 14:20:00,10635.89,10659.33,10604.63,10627.0,148.794519
2018-03-07 14:25:00,10627.0,10642.71,10616.0,10624.4,98.37197
2018-03-07 14:30:00,10623.5,10643.08,10576.01,10583.08,130.540666
2018-03-07 14:35:00,10580.97,10608.69,10574.14,10598.18,97.958691
2018-03-07 14:40:00,10597.97,10621.74,10590.01,10620.0,64.449543
2018-03-07 14:45:00,10614.01,10643.08,10614.0,10626.0,112.817377
2018-03-07 14:50:00,10626.0,10676.1,10620.02,10669.8,108.758056
2018-03-07 14:55:00,10669.8,10703.08,10646.84,10675.24,166.297326
2018-03-07 15:00:00,10689.87,10690.63,10651.47,10675.35,130.718106
2018-03-07 15:05:00,10675.36,10747.88,10669.0,10730.0,145.196072
2018-03-07 15:10:00,10731.0,10740.0,10530.65,10647.95,732.458533
2018-03-07 15:15:00,10647.94,10676.93,10604.86,10669.0,308.293035
2018-03-07 15:20:00,10675.35,10700.0,10664.1,10695.97,88.516573
2018-03-07 15:25:00,10695.0,10699.0,10660.0,10680.0,68.486752
2018-03-07 15:30:00,10680.0,10680.0,10637.47,10660.0,92.039983
2018-03-07 15:35:00,10660.0,10661.0,10626.3,10630.7,92.676092
2018-03-07 15:40:00,10630.7,10640.72,10608.98,10613.08,93.591544
2018-03-07 15:45:00,10617.31,10649.54,10612.0,10634.05,126.787725
2018-03-07 15:50:00,10630.0,10665.0,10615.0,10650.0,148.767809
2018-03-07 15:55:00,10650.0,10705.99,10636.0,10679.56,150.105253
2018-03-07 16:00:00,10679.56,10710.05,10674.0,10710.0,78.166032
2018-03-07 16:05:00,10710.0,10716.66,10652.0,10681.29,112.999641
2018-03-07 16:10:00,10670.0,10686.0,10655.0,10675.76,69.140961
2018-03-07 16:15:00,10685.0,10686.0,10565.0,10565.0,215.893503
2018-03-07 16:20:00,10565.0,10565.99,10514.6,10534.45,255.117556
2018-03-07 16:25:00,10532.73,10537.63,10418.4,10419.41,464.035595
2018-03-07 16:30:00,10419.41,10422.0,10288.0,10320.0,884.108089
2018-03-07 16:35:00,10320.0,10384.16,10225.22,10230.0,848.521536
2018-03-07 16:40:00,10230.0,10249.23,10051.0,10065.96,1129.987658
2018-03-07 16:45:00,10065.96,10065.97,9810.0,9825.18,1379.128319
2018-03-07 16:50:00,9825.18,10152.02,9815.11,10005.83,1453.572219
2018-03-07 16:55:00,10006.0,10014.82,9878.42,9910.02,795.839997
2018-03-07 17:00:00,9918.0,10134.7,9906.0,10029.52,866.651257
2018-03-07 17:05:00,10029.59,10049.99,9880.8,9890.0,691.274067
2018-03-07 17:10:00,9884.99,9900.0,9630.08,9737.19,1234.557104
2018-03-07 17:15:00,9730.09,9901.0,9526.07,9564.59,1117.814069
2018-03-07 17:20:00,9569.19,9630.0,9389.31,9580.0,1208.947886
2018-03-07 17:25:00,9580.0,9787.99,9524.74,9607.11,1090.303159
2018-03-07 17:30:00,9607.11,9800.0,9551.36,9788.0,865.519624
2018-03-07 17:35:00,9790.0,9844.81,9660.08,9710.0,778.806282
2018-03-07 17:40:00,9710.0,9904.41,9700.0,9900.0,690.485152
2018-03-07 17:45:00,9904.41,9904.41,9754.15,9834.8,766.649451
2018-03-07 17:50:00,9834.8,9857.92,9630.0,9738.0,640.262385
2018-03-07 17:55:00,9738.0,9820.0,9699.29,9740.0,634.991378
2018-03-07 18:00:00,9740.0,9830.0,9729.99,9814.0,416.163034
2018-03-07 18:05:00,9819.0,9900.0,9809.99,9900.0,443.881453
2018-03-07 18:10:00,9900.0,9940.99,9825.27,9877.01,650.87898
2018-03-07 18:15:00,9879.63,9905.08,9811.0,9872.87,278.835099
2018-03-07 18:20:00,9872.87,9872.87,9713.0,9782.09,311.781548
2018-03-07 18:25:00,9793.99,9814.0,9755.0,9760.99,260.636851
2018-03-07 18:30:00,9760.99,9771.0,9630.0,9681.24,468.326907
2018-03-07 18:35:00,9664.46,9830.65,9660.35,9821.98,334.09395
2018-03-07 18:40:00,9808.1,9860.0,9763.98,9850.01,230.203459
2018-03-07 18:45:00,9852.33,9861.11,9730.0,9785.16,268.041272
2018-03-07 18:50:00,9797.03,9830.0,9750.0,9793.0,223.755684
2018-03-07 18:55:00,9793.0,9797.95,9700.0,9700.76,214.723346
2018-03-07 19:00:00,9700.0,9719.65,9632.75,9700.0,348.99865
2018-03-07 19:05:00,9700.0,9755.0,9658.48,9746.99,212.116541
2018-03-07 19:10:00,9750.0,9754.14,9702.0,9730.78,144.337349
2018-03-07 19:15:00,9730.78,9735.69,9661.4,9697.58,157.924749
2018-03-07 19:20:00,9697.58,9711.12,9655.0,9660.22,180.896489
2018-03-07 19:25:00,9667.59,9730.0,9662.26,9683.0,167.609243
2018-03-07 19:30:00,9684.36,9750.0,9668.0,9701.08,206.397802
2018-03-07 19:35:00,9701.07,9760.0,9697.3,9726.01,132.342679
2018-03-07 19:40:00,9734.99,9740.17,9708.32,9737.01,61.527391
2018-03-07 19:45:00,9740.0,9743.0,9700.0,9710.0,98.319504
2018-03-07 19:50:00,9706.14,9749.49,9703.66,9747.0,65.670316
2018-03-07 19:55:00,9747.0,9849.99,9747.0,9844.18,237.355418
2018-03-07 20:00:00,9837.84,9850.0,9780.0,9798.98,157.589123
2018-03-07 20:05:00,9798.0,9805.49,9763.13,9804.02,102.752242
2018-03-07 20:10:00,9804.03,9830.0,9772.4,9781.04,109.381611
2018-03-07 20:15:00,9781.03,9781.04,9720.0,9732.7,165.031167
2018-03-07 20:20:00,9732.69,9770.0,9730.0,9756.56,79.372047
2018-03-07 20:25:00,9758.0,9800.0,9737.09,9780.0,124.705102
2018-03-07 20:30:00,9785.0,9800.0,9763.75,9788.99,62.71244
2018-03-07 20:35:00,9789.0,9789.0,9750.0,9770.94,73.39433
2018-03-07 20:40:00,9765.66,9781.96,9707.07,9720.9,115.850163
2018-03-07 20:45:00,9720.9,9767.01,9712.0,9749.49,78.051677
2018-03-07 20:50:00,9754.08,9767.01,9740.0,9761.0,43.509699
2018-03-07 20:55:00,9761.0,9770.95,9746.67,9755.0,34.463648
2018-03-07 21:00:00,9756.0,9826.95,9751.0,9799.44,124.616886
2018-03-07 21:05:00,9790.01,9810.0,9777.22,9807.0,53.067373
2018-03-07 21:10:00,9807.0,9815.99,9783.62,9788.67,78.301968
2018-03-07 21:15:00,9788.72,9861.46,9786.16,9860.0,103.034022
2018-03-07 21:20:00,9860.59,9883.0,9834.8,9868.92,127.489226
2018-03-07 21:25:00,9868.59,9950.0,9865.4,9929.81,331.735898
2018-03-07 21:30:00,9930.0,9980.0,9902.69,9920.59,274.442604
2018-03-07 21:35:00,9920.59,9959.02,9900.0,9938.95,193.335341
2018-03-07 21:40:00,9940.0,9968.88,9928.76,9950.0,131.397619
2018-03-07 21:45:00,9949.9,9987.98,9949.0,9949.0,173.362852
2018-03-07 21:50:00,9950.0,9965.0,9910.0,9956.54,168.654158
2018-03-07 21:55:00,9956.55,9985.0,9936.0,9957.0,96.382893
2018-03-07 22:00:00,9957.0,9978.0,9947.45,9966.11,76.927112
2018-03-07 22:05:00,9966.11,10033.0,9960.0,10031.01,213.032773
2018-03-07 22:10:00,10031.01,10068.04,10005.0,10052.0,299.246236
2018-03-07 22:15:00,10050.0,10072.0,10029.77,10060.0,280.01504
2018-03-07 22:20:00,10060.0,10118.0,10053.7,10110.03,232.28391
2018-03-07 22:25:00,10110.03,10138.04,10070.0,10097.55,293.127213
2018-03-07 22:30:00,10097.55,10130.0,10091.05,10119.24,156.564873
2018-03-07 22:35:00,10119.24,10119.24,9940.11,10017.04,437.69705
2018-03-07 22:40:00,10017.06,10045.73,9988.3,10036.0,132.64334
2018-03-07 22:45:00,10036.0,10080.0,10036.0,10069.94,85.271497
2018-03-07 22:50:00,10068.0,10069.9,9965.05,9976.5,149.946545
2018-03-07 22:55:00,9980.91,9984.36,9889.16,9925.22,285.599553
2018-03-07 23:00:00,9925.22,9953.92,9850.2,9903.32,222.409249
2018-03-07 23:05:00,9900.07,9945.78,9887.79,9925.88,158.790853
2018-03-07 23:10:00,9921.0,9927.0,9822.0,9822.0,149.021603
2018-03-07 23:15:00,9839.0,9856.2,9801.0,9820.0,196.000809
2018-03-07 23:20:00,9820.0,9880.72,9805.0,9855.34,137.235563
2018-03-07 23:25:00,9855.24,9868.83,9825.04,9847.39,79.654907
2018-03-07 23:30:00,9843.6,9941.34,9841.99,9900.0,182.071591
2018-03-07 23:35:00,9899.98,9979.0,9890.78,9979.0,137.158844
2018-03-07 23:40:00,9979.0,9979.0,9911.81,9945.0,124.302373
2018-03-07 23:45:00,9945.0,9949.6,9880.0,9887.88,153.786895
2018-03-07 23:50:00,9888.0,9898.99,9831.01,9855.0,162.053419
2018-03-07 23:55:00,9855.0,9915.0,9852.0,9910.0,89.850724
2018-03-08 00:00:00,9910.0,9910.0,9858.08,9893.65,80.68265
2018-03-08 00:05:00,9893.74,9953.92,9893.0,9943.05,125.230247
2018-03-08 00:10:00,9932.08,9946.23,9911.55,9921.0,56.833645
2018-03-08 00:15:00,9928.89,9978.97,9855.37,9968.0,120.51279
2018-03-08 00:20:00,9973.55,10030.0,9973.55,10020.63,136.466014
2018-03-08 00:25:00,10020.63,10021.0,9973.55,10018.0,101.377484
2018-03-08 00:30:00,10018.0,10019.55,9955.04,9999.98,89.910834
2018-03-08 00:35:00,9987.37,10000.0,9950.0,9960.0,75.45567
2018-03-08 00:40:00,9960.02,9984.92,9934.62,9959.99,99.339876
2018-03-08 00:45:00,9959.99,9968.87,9915.0,9938.56,138.068528
2018-03-08 00:50:00,9938.56,9985.41,9930.0,9950.02,66.05901
2018-03-08 00:55:00,9957.44,9979.99,9925.0,9941.9,48.971868
2018-03-08 01:00:00,9941.99,9978.24,9935.0,9977.59,49.378686
2018-03-08 01:05:00,9976.65,10011.09,9970.0,9999.0,161.621448
2018-03-08 01:10:00,9999.0,10016.0,9968.24,10015.0,142.818045
2018-03-08 01:15:00,10015.0,10037.99,9970.83,10004.7,92.574581
2018-03-08 01:20:00,10009.37,10011.48,9987.18,10008.99,71.133569
2018-03-08 01:25:00,10000.0,10010.0,9977.72,9992.56,73.016913
2018-03-08 01:30:00,9992.53,10009.7,9940.0,9967.05,144.301636
2018-03-08 01:35:00,9957.06,9962.0,9844.0,9868.05,270.562997
2018-03-08 01:40:00,9868.05,9873.13,9768.89,9812.8,365.84257
2018-03-08 01:45:00,9812.8,9866.08,9783.0,9808.65,156.706432
2018-03-08 01:50:00,9808.65,9847.0,9801.97,9838.0,70.705292
2018-03-08 01:55:00,9838.0,9860.0,9828.17,9830.66,46.021465
2018-03-08 02:00:00,9836.29,9844.24,9701.98,9740.0,315.67183
2018-03-08 02:05:00,9740.0,9740.0,9615.0,9650.0,423.444847
2018-03-08 02:10:00,9650.0,9691.6,9634.0,9664.0,262.707071
2018-03-08 02:15:00,9659.0,9674.58,9620.0,9650.0,206.703325
2018-03-08 02:20:00,9647.14,9661.07,9536.0,9560.0,432.923066
2018-03-08 02:25:00,9565.0,9631.14,9545.0,9620.54,278.078508
2018-03-08 02:30:00,9616.11,9650.0,9589.0,9629.0,245.884937
2018-03-08 02:35:00,9629.0,9674.99,9603.47,9616.98,159.275557
2018-03-08 02:40:00,9610.0,9723.0,9602.0,9720.02,186.956463
2018-03-08 02:45:00,9720.02,9743.03,9698.99,9740.0,153.355159
2018-03-08 02:50:00,9737.3,9744.83,9650.5,9673.77,150.98911
2018-03-08 02:55:00,9655.86,9681.56,9587.11,9597.25,208.439772
2018-03-08 03:00:00,9590.0,9645.96,9590.0,9619.0,124.661845
2018-03-08 03:05:00,9619.99,9668.1,9600.0,9642.87,127.541563
2018-03-08 03:10:00,9630.26,9650.0,9610.01,9624.37,107.215857
2018-03-08 03:15:00,9630.0,9641.45,9605.0,9631.92,93.25926
2018-03-08 03:20:00,9629.31,9685.0,9626.14,9668.4,110.158771
2018-03-08 03:25:00,9668.3,9669.74,9631.85,9642.72,61.044115
2018-03-08 03:30:00,9642.72,9665.0,9605.57,9638.16,108.485165
2018-03-08 03:35:00,9624.9,9640.09,9606.0,9640.09,61.197974
2018-03-08 03:40:00,9640.09,9650.08,9615.0,9635.92,114.590839
2018-03-08 03:45:00,9640.73,9650.0,9623.87,9637.66,61.619887
2018-03-08 03:50:00,9640.0,9641.01,9565.53,9567.45,242.091234
2018-03-08 03:55:00,9570.0,9578.1,9470.0,9500.0,516.554096
2018-03-08 04:00:00,9508.0,9571.06,9489.39,9549.93,183.655225
2018-03-08 04:05:00,9549.93,9609.88,9537.36,9591.08,163.955322
2018-03-08 04:10:00,9591.09,9610.0,9568.0,9602.78,93.21261
2018-03-08 04:15:00,9604.49,9610.12,9560.0,9570.27,87.67802
2018-03-08 04:20:00,9579.84,9625.98,9572.0,9625.98,88.478728
2018-03-08 04:25:00,9625.11,9700.0,9595.89,9690.01,166.434355
2018-03-08 04:30:00,9690.0,9718.32,9657.5,9686.0,147.247634
2018-03-08 04:35:00,9686.0,9728.39,9681.57,9718.92,105.640258
2018-03-08 04:40:00,9711.83,9729.0,9658.88,9706.0,118.940828
2018-03-08 04:45:00,9705.01,9749.99,9695.0,9748.99,88.641064
2018-03-08 04:50:00,9747.74,9766.49,9727.9,9749.99,130.347959
2018-03-08 04:55:00,9743.0,9777.0,9742.0,9776.28,79.721064
2018-03-08 05:00:00,9777.0,9778.0,9753.17,9755.12,74.413697
2018-03-08 05:05:00,9755.12,9765.0,9714.3,9726.4,95.354569
2018-03-08 05:10:00,9719.18,9751.0,9712.7,9747.0,68.225548
2018-03-08 05:15:00,9747.0,9757.04,9740.0,9740.0,53.792247
2018-03-08 05:20:00,9740.0,9745.86,9674.45,9714.07,168.573614
2018-03-08 05:25:00,9714.07,9730.0,9690.0,9699.99,59.207466
2018-03-08 05:30:00,9704.88,9705.0,9656.07,9683.97,72.189868
2018-03-08 05:35:00,9684.0,9741.0,9683.97,9738.99,75.075673
2018-03-08 05:40:00,9738.0,9823.0,9735.01,9812.22,111.619795
2018-03-08 05:45:00,9812.22,9820.0,9770.7,9781.92,113.098389
2018-03-08 05:50:00,9775.33,9800.0,9767.32,9783.57,71.119794
2018-03-08 05:55:00,9786.88,9793.0,9760.0,9762.44,58.474519
2018-03-08 06:00:00,9767.28,9850.0,9762.44,9838.32,123.901183
2018-03-08 06:05:00,9833.61,9840.0,9815.0,9829.39,74.94063
2018-03-08 06:10:00,9829.4,9830.81,9775.0,9797.8,75.323016
2018-03-08 06:15:00,9795.8,9815.0,9780.0,9785.9,60.68626
2018-03-08 06:20:00,9796.13,9807.0,9755.73,9767.32,73.60982
2018-03-08 06:25:00,9766.57,9776.17,9720.08,9746.89,102.915608
2018-03-08 06:30:00,9746.89,9801.57,9735.0,9762.0,112.181336
2018-03-08 06:35:00,9764.29,9770.1,9726.5,9739.09,40.616607
2018-03-08 06:40:00,9739.09,9749.0,9700.96,9745.0,82.657022
2018-03-08 06:45:00,9742.0,9791.0,9740.0,9772.75,73.869045
2018-03-08 06:50:00,9761.63,9770.59,9740.0,9746.0,50.811626
2018-03-08 06:55:00,9746.0,9747.88,9712.13,9735.0,38.693665
2018-03-08 07:00:00,9730.0,9746.0,9667.06,9728.99,145.999977
2018-03-08 07:05:00,9724.0,9820.0,9703.19,9796.0,129.748971
2018-03-08 07:10:00,9796.0,9877.0,9794.21,9862.0,206.870212
2018-03-08 07:15:00,9862.0,9868.89,9822.6,9868.89,121.137617
2018-03-08 07:20:00,9868.89,9921.5,9860.01,9900.76,170.991739
2018-03-08 07:25:00,9900.76,9934.69,9865.0,9921.09,131.584587
2018-03-08 07:30:00,9928.0,9991.0,9915.61,9935.0,208.970804
2018-03-08 07:35:00,9935.0,9975.0,9910.47,9929.92,128.697514
2018-03-08 07:40:00,9929.91,9975.07,9911.13,9964.0,100.999142
2018-03-08 07:45:00,9963.0,9965.0,9900.2,9921.14,77.937922
2018-03-08 07:50:00,9927.0,9928.32,9910.0,9919.78,58.574439
2018-03-08 07:55:00,9919.96,9969.75,9913.93,9936.98,141.276281
2018-03-08 08:00:00,9936.98,9937.09,9910.0,9922.76,55.541838
2018-03-08 08:05:00,9921.46,9940.21,9920.0,9931.05,28.699122
2018-03-08 08:10:00,9931.06,9968.88,9927.01,9939.02,74.936364
2018-03-08 08:15:00,9930.0,9951.64,9927.0,9944.2,54.632564
2018-03-08 08:20:00,9945.17,9954.07,9832.0,9875.06,206.521688
2018-03-08 08:25:00,9872.31,9880.0,9820.0,9847.07,128.739296
2018-03-08 08:30:00,9851.13,9880.0,9835.02,9849.96,89.69558
2018-03-08 08:35:00,9849.96,9932.89,9849.96,9906.99,105.275005
2018-03-08 08:40:00,9906.99,9941.07,9901.0,9934.98,120.791013
2018-03-08 08:45:00,9934.98,9947.0,9905.68,9926.03,73.148777
2018-03-08 08:50:00,9926.03,9936.14,9870.0,9876.21,80.378689
2018-03-08 08:55:00,9889.69,9914.77,9870.0,9896.32,88.589294
2018-03-08 09:00:00,9896.32,9948.99,9885.87,9934.0,87.486458
2018-03-08 09:05:00,9930.0,9938.99,9913.43,9928.84,42.278752
2018-03-08 09:10:00,9929.86,9980.0,9909.98,9970.0,107.28105
2018-03-08 09:15:00,9969.99,9980.0,9936.55,9957.98,79.843564
2018-03-08 09:20:00,9957.96,10046.72,9952.68,10027.0,243.831356
2018-03-08 09:25:00,10018.64,10095.0,10018.09,10095.0,128.342057
2018-03-08 09:30:00,10095.0,10099.0,10028.79,10060.0,222.175362
2018-03-08 09:35:00,10059.81,10069.41,10027.01,10035.29,100.278877
2018-03-08 09:40:00,10036.84,10090.0,10030.0,10082.38,89.267806
2018-03-08 09:45:00,10082.33,10082.38,10050.0,10070.0,82.363598
2018-03-08 09:50:00,10069.98,10080.0,10056.63,10066.37,65.810867
2018-03-08 09:55:00,10061.93,10067.55,10028.98,10050.0,91.667014
2018-03-08 10:00:00,10050.0,10060.45,10039.91,10055.02,62.177143
2018-03-08 10:05:00,10055.02,10081.95,10051.52,10058.97,94.012849
2018-03-08 10:10:00,10058.97,10070.23,9970.0,9979.0,223.386134
2018-03-08 10:15:00,9974.78,9999.0,9955.01,9960.0,149.007674
2018-03-08 10:20:00,9960.0,9994.14,9955.01,9985.51,67.27851
2018-03-08 10:25:00,9985.4,9993.16,9977.84,9980.0,60.379783
2018-03-08 10:30:00,9980.0,9984.16,9955.54,9960.0,97.190948
2018-03-08 10:35:00,9960.0,9974.01,9915.0,9929.0,110.554184
2018-03-08 10:40:00,9924.52,9969.0,9920.0,9963.0,125.522135
2018-03-08 10:45:00,9963.0,10020.0,9959.36,10000.41,89.696305
2018-03-08 10:50:00,10000.82,10017.99,9966.02,10016.01,67.197229
2018-03-08 10:55:00,10016.01,10022.6,9993.0,9993.37,67.804783
2018-03-08 11:00:00,9993.37,10000.97,9956.5,9981.18,80.762887
2018-03-08 11:05:00,9981.08,9988.0,9941.0,9976.0,87.453232
2018-03-08 11:10:00,9970.15,9971.99,9932.14,9959.99,45.819694
2018-03-08 11:15:00,9964.68,10011.65,9959.99,10011.65,92.175719
2018-03-08 11:20:00,10010.84,10020.09,9990.1,9995.0,59.272675
2018-03-08 11:25:00,9995.0,9995.27,9970.03,9972.91,33.989206
2018-03-08 11:30:00,9977.92,9977.92,9865.0,9892.38,206.386492
2018-03-08 11:35:00,9892.38,9956.34,9883.63,9934.1,87.269674
2018-03-08 11:40:00,9930.73,9977.99,9911.69,9962.79,65.307313
2018-03-08 11:45:00,9952.87,9989.9,9927.07,9940.0,53.667198
2018-03-08 11:50:00,9940.0,9959.45,9926.98,9933.8,39.390803
2018-03-08 11:55:00,9933.8,9948.7,9900.27,9910.09,73.601086
2018-03-08 12:00:00,9902.98,9944.45,9888.01,9931.94,90.895477
2018-03-08 12:05:00,9931.94,9949.95,9904.0,9933.67,85.526977
2018-03-08 12:10:00,9933.63,9968.75,9920.0,9939.03,78.484137
2018-03-08 12:15:00,9944.0,9944.0,9885.0,9914.0,80.006721
2018-03-08 12:20:00,9903.0,9944.67,9810.0,9817.24,141.486899
2018-03-08 12:25:00,9817.24,9838.0,9717.75,9741.0,312.026273
2018-03-08 12:30:00,9741.58,9773.62,9681.0,9772.19,278.527263
2018-03-08 12:35:00,9772.19,9779.45,9681.0,9700.0,202.381023
2018-03-08 12:40:00,9692.01,9797.0,9687.4,9739.99,183.264188
2018-03-08 12:45:00,9739.99,9785.17,9725.5,9751.1,136.070978
2018-03-08 12:50:00,9751.0,9760.0,9687.14,9750.01,163.791564
2018-03-08 12:55:00,9750.01,9769.07,9730.0,9738.25,71.129966
2018-03-08 13:00:00,9736.23,9760.0,9708.0,9735.0,110.045348
2018-03-08 13:05:00,9741.04,9744.44,9640.0,9645.0,214.344308
2018-03-08 13:10:00,9645.0,9693.22,9624.0,9682.36,162.115041
2018-03-08 13:15:00,9684.54,9723.33,9664.6,9710.0,74.596688
2018-03-08 13:20:00,9710.0,9745.0,9695.0,9718.11,96.324028
2018-03-08 13:25:00,9715.48,9740.63,9690.0,9727.33,68.589856
2018-03-08 13:30:00,9727.33,9784.0,9720.0,9777.61,75.572736
2018-03-08 13:35:00,9777.62,9822.51,9762.67,9800.98,186.115061
2018-03-08 13:40:00,9801.0,9825.94,9789.31,9821.87,90.82991
2018-03-08 13:45:00,9818.88,9855.0,9800.0,9804.95,87.790916
2018-03-08 13:50:00,9804.95,9829.99,9767.99,9775.02,88.330756
2018-03-08 13:55:00,9800.75,9884.0,9781.3,9870.0,81.780646
2018-03-08 14:00:00,9870.0,9889.59,9837.9,9867.76,100.592256
2018-03-08 14:05:00,9869.88,9887.76,9823.88,9838.21,74.544728
2018-03-08 14:10:00,9838.21,9848.5,9781.01,9790.56,130.07982
2018-03-08 14:15:00,9790.0,9843.09,9781.45,9813.51,115.605938
2018-03-08 14:20:00,9814.0,9825.56,9786.0,9795.97,66.013666
2018-03-08 14:25:00,9790.27,9802.82,9742.75,9749.02,195.875693
2018-03-08 14:30:00,9750.01,9799.0,9750.0,9755.0,44.801829
2018-03-08 14:35:00,9755.0,9773.35,9743.0,9771.6,80.810667
2018-03-08 14:40:00,9765.6,9778.48,9707.4,9730.0,78.213349
2018-03-08 14:45:00,9730.0,9767.5,9715.0,9760.0,83.021631
2018-03-08 14:50:00,9760.0,9775.1,9747.25,9774.97,50.943522
2018-03-08 14:55:00,9770.05,9774.99,9715.0,9718.19,93.117795
2018-03-08 15:00:00,9715.01,9778.48,9715.0,9778.48,90.880406
2018-03-08 15:05:00,9778.48,9820.0,9769.0,9800.84,121.987952
2018-03-08 15:10:00,9800.84,9809.0,9774.92,9789.93,60.176743
2018-03-08 15:15:00,9810.0,9854.99,9805.03,9851.99,108.240872
2018-03-08 15:20:00,9844.04,9899.0,9835.0,9880.0,96.022576
2018-03-08 15:25:00,9879.02,9899.49,9837.29,9897.35,130.564867
2018-03-08 15:30:00,9898.2,9920.0,9857.5,9866.8,135.495991
2018-03-08 15:35:00,9861.07,9880.0,9854.39,9866.93,54.771832
2018-03-08 15:40:00,9866.93,9890.0,9855.01,9867.79,54.52077
2018-03-08 15:45:00,9867.79,9889.9,9842.0,9869.02,56.094658
2018-03-08 15:50:00,9868.96,9878.92,9840.47,9864.0,52.461149
2018-03-08 15:55:00,9863.0,9909.29,9860.0,9909.29,105.945912
2018-03-08 16:00:00,9909.3,9914.96,9860.0,9875.02,102.838085
2018-03-08 16:05:00,9875.02,9878.9,9780.0,9792.76,180.577354
2018-03-08 16:10:00,9792.76,9839.9,9790.0,9836.75,108.122598
2018-03-08 16:15:00,9831.0,9845.0,9791.0,9804.39,93.065619
2018-03-08 16:20:00,9804.29,9804.29,9744.29,9783.22,173.264756
2018-03-08 16:25:00,9774.0,9810.21,9759.88,9782.03,89.732845
2018-03-08 16:30:00,9782.03,9839.98,9782.0,9834.61,76.844402
2018-03-08 16:35:00,9815.04,9839.0,9801.0,9813.97,78.81716
2018-03-08 16:40:00,9813.94,9831.79,9744.7,9764.83,156.627126
2018-03-08 16:45:00,9759.98,9779.82,9634.01,9640.0,426.415005
2018-03-08 16:50:00,9647.38,9650.0,9506.11,9509.53,688.44584
2018-03-08 16:55:00,9509.53,9517.12,9401.0,9507.0,919.006179
2018-03-08 17:00:00,9507.0,9516.62,9276.01,9328.04,1031.552392
2018-03-08 17:05:00,9349.7,9400.0,9279.78,9320.0,659.730874
2018-03-08 17:10:00,9315.0,9370.0,9277.0,9277.82,481.496914
2018-03-08 17:15:00,9277.0,9282.0,9060.0,9178.0,1281.353829
2018-03-08 17:20:00,9170.8,9275.0,9138.88,9239.0,700.216465
2018-03-08 17:25:00,9233.0,9310.35,9169.28,9299.99,469.477464
2018-03-08 17:30:00,9300.0,9380.0,9233.24,9370.0,419.08573
2018-03-08 17:35:00,9360.11,9380.0,9235.7,9299.61,543.486072
2018-03-08 17:40:00,9308.17,9340.29,9293.82,9308.7,253.835338
2018-03-08 17:45:00,9308.7,9320.0,9249.0,9308.0,178.906957
2018-03-08 17:50:00,9310.0,9324.0,9280.22,9285.0,143.19772
2018-03-08 17:55:00,9285.0,9300.0,9253.86,9288.81,118.379101
2018-03-08 18:00:00,9283.37,9347.0,9255.0,9326.27,346.724286
2018-03-08 18:05:00,9310.14,9340.0,9270.0,9270.04,206.263378
2018-03-08 18:10:00,9270.07,9295.22,9172.17,9192.74,277.559797
2018-03-08 18:15:00,9175.05,9266.81,9152.85,9238.0,281.148735
2018-03-08 18:20:00,9242.43,9300.0,9212.55,9230.22,141.593457
2018-03-08 18:25:00,9240.0,9276.15,9208.17,9253.01,96.812137
2018-03-08 18:30:00,9261.8,9316.87,9253.01,9271.65,199.282599
2018-03-08 18:35:00,9271.65,9388.0,9255.5,9360.0,330.32119
2018-03-08 18:40:00,9360.0,9439.0,9350.0,9378.0,259.38054
2018-03-08 18:45:00,9378.0,9386.9,9328.6,9350.05,133.067065
2018-03-08 18:50:00,9351.01,9388.81,9307.9,9312.85,94.238992
2018-03-08 18:55:00,9329.95,9370.0,9302.01,9327.67,103.57446
2018-03-08 19:00:00,9325.09,9351.0,9303.81,9334.85,105.561876
2018-03-08 19:05:00,9334.85,9379.99,9324.28,9358.0,88.590601
2018-03-08 19:10:00,9355.39,9369.66,9250.0,9275.92,286.737653
2018-03-08 19:15:00,9276.45,9319.56,9276.38,9302.05,101.191941
2018-03-08 19:20:00,9304.69,9320.0,9270.0,9279.59,199.22318
2018-03-08 19:25:00,9279.59,9297.0,9263.0,9282.47,127.120273
2018-03-08 19:30:00,9282.47,9340.0,9282.47,9330.09,141.163293
2018-03-08 19:35:00,9330.09,9344.96,9295.0,9344.96,119.469166
2018-03-08 19:40:00,9345.74,9371.02,9322.0,9330.28,107.263979
2018-03-08 19:45:00,9330.28,9349.0,9322.0,9333.0,56.815182
2018-03-08 19:50:00,9330.0,9341.55,9300.0,9322.0,76.713157
2018-03-08 19:55:00,9337.86,9360.0,9316.38,9357.86,74.763629
2018-03-08 20:00:00,9349.04,9375.0,9264.02,9330.74,178.571934
2018-03-08 20:05:00,9323.03,9336.04,9250.0,9272.57,97.833931
2018-03-08 20:10:00,9282.21,9340.0,9250.0,9337.13,76.791516
2018-03-08 20:15:00,9329.1,9340.0,9300.0,9330.93,89.719351
2018-03-08 20:20:00,9325.0,9325.94,9280.6,9293.02,71.45847
2018-03-08 20:25:00,9293.02,9304.13,9253.0,9280.14,88.391123
2018-03-08 20:30:00,9283.03,9311.17,9253.01,9289.57,133.279493
2018-03-08 20:35:00,9272.04,9310.0,9259.11,9300.0,66.879809
2018-03-08 20:40:00,9295.0,9340.29,9280.0,9340.0,108.749695
2018-03-08 20:45:00,9339.5,9357.95,9311.87,9326.34,132.381325
2018-03-08 20:50:00,9326.34,9348.01,9316.37,9342.63,53.606625
2018-03-08 20:55:00,9343.71,9366.6,9324.49,9332.25,117.236095
2018-03-08 21:00:00,9354.45,9420.0,9338.69,9418.0,163.978926
2018-03-08 21:05:00,9415.0,9444.0,9396.59,9425.0,255.57684
2018-03-08 21:10:00,9437.19,9442.97,9400.0,9410.01,152.299932
2018-03-08 21:15:00,9410.03,9444.32,9410.03,9444.32,92.978106
2018-03-08 21:20:00,9437.29,9444.0,9420.0,9441.0,82.136947
2018-03-08 21:25:00,9440.0,9448.16,9424.0,9448.16,72.473219
2018-03-08 21:30:00,9448.16,9471.0,9364.08,9366.88,193.635935
2018-03-08 21:35:00,9366.88,9405.38,9360.0,9365.0,83.339796
2018-03-08 21:40:00,9367.98,9394.0,9350.0,9394.0,85.229557
2018-03-08 21:45:00,9391.99,9394.0,9347.88,9366.58,70.971296
2018-03-08 21:50:00,9366.58,9369.8,9310.01,9349.92,91.896842
2018-03-08 21:55:00,9349.93,9349.93,9308.88,9310.46,111.958576
2018-03-08 22:00:00,9310.0,9333.49,9289.97,9317.32,111.164577
2018-03-08 22:05:00,9312.17,9374.22,9311.0,9360.0,79.172996
2018-03-08 22:10:00,9360.0,9378.44,9354.2,9374.99,76.381304
2018-03-08 22:15:00,9372.49,9398.98,9363.0,9385.0,50.839595
2018-03-08 22:20:00,9385.0,9385.0,9349.0,9354.0,52.69032
2018-03-08 22:25:00,9354.0,9370.69,9311.0,9327.57,96.310703
2018-03-08 22:30:00,9327.57,9339.0,9256.0,9277.44,175.84206
2018-03-08 22:35:00,9278.01,9290.0,9182.41,9242.51,290.105813
2018-03-08 22:40:00,9242.51,9275.0,9215.97,9260.0,153.988165
2018-03-08 22:45:00,9260.0,9304.46,9252.0,9293.03,156.036884
2018-03-08 22:50:00,9299.0,9306.07,9271.96,9280.78,65.618652
2018-03-08 22:55:00,9280.77,9286.5,9216.5,9233.24,199.66114
2018-03-08 23:00:00,9233.23,9299.99,9228.39,9284.44,132.041724
2018-03-08 23:05:00,9289.5,9326.33,9282.99,9299.46,137.724125
2018-03-08 23:10:00,9299.07,9324.0,9281.25,9324.0,72.603241
2018-03-08 23:15:00,9324.0,9340.0,9290.03,9332.61,115.557964
2018-03-08 23:20:00,9320.55,9340.0,9290.0,9338.0,88.781421
2018-03-08 23:25:00,9338.0,9339.0,9321.19,9338.99,63.34383
2018-03-08 23:30:00,9338.99,9339.0,9307.37,9318.99,49.995089
2018-03-08 23:35:00,9318.68,9318.93,9281.25,9293.71,94.023715
2018-03-08 23:40:00,9300.0,9333.24,9290.0,9333.24,103.774425
2018-03-08 23:45:00,9325.08,9332.85,9299.35,9326.43,68.632135
2018-03-08 23:50:00,9330.0,9330.0,9292.0,9304.92,85.735227
2018-03-08 23:55:00,9304.87,9314.56,9250.76,9271.64,116.789592
2018-03-09 00:00:00,9267.07,9329.97,9259.06,9329.22,129.741181
2018-03-09 00:05:00,9329.27,9395.0,9316.32,9368.03,129.15176
2018-03-09 00:10:00,9366.92,9395.0,9364.0,9384.24,53.930133
2018-03-09 00:15:00,9380.92,9410.0,9353.0,9361.94,204.07604
2018-03-09 00:20:00,9362.03,9375.0,9337.19,9370.9,56.802678
2018-03-09 00:25:00,9373.85,9385.0,9360.07,9379.45,81.92332
2018-03-09 00:30:00,9375.1,9379.45,9332.68,9340.0,65.171479
2018-03-09 00:35:00,9341.77,9350.7,9320.0,9320.0,56.585902
2018-03-09 00:40:00,9329.64,9350.99,9315.0,9347.81,49.074336
2018-03-09 00:45:00,9347.81,9370.0,9345.46,9370.0,49.5607
2018-03-09 00:50:00,9369.98,9373.39,9349.99,9350.0,49.375062
2018-03-09 00:55:00,9347.69,9368.0,9345.0,9364.97,59.361049
2018-03-09 01:00:00,9364.97,9368.0,9324.92,9346.79,72.896316
2018-03-09 01:05:00,9346.79,9354.49,9305.0,9333.78,247.4406
2018-03-09 01:10:00,9325.38,9366.6,9312.0,9341.0,109.241692
2018-03-09 01:15:00,9340.0,9341.0,9286.0,9300.83,63.481193
2018-03-09 01:20:00,9289.77,9300.86,9255.0,9272.02,114.866205
2018-03-09 01:25:00,9275.0,9319.36,9261.27,9318.41,80.175403
2018-03-09 01:30:00,9318.41,9319.36,9267.0,9267.0,46.08039
2018-03-09 01:35:00,9267.0,9278.99,9215.1,9220.52,156.1799
2018-03-09 01:40:00,9222.01,9234.04,9023.68,9049.0,781.225506
2018-03-09 01:45:00,9049.01,9059.0,8951.0,9032.6,824.629491
2018-03-09 01:50:00,9032.6,9100.07,9010.07,9027.89,392.305318
2018-03-09 01:55:00,9042.21,9100.07,9020.11,9066.36,260.092941
2018-03-09 02:00:00,9079.86,9115.27,9019.7,9024.01,284.457893
2018-03-09 02:05:00,9024.72,9033.0,8876.01,8914.39,808.921583
2018-03-09 02:10:00,8914.39,8935.01,8835.37,8920.0,555.092252
2018-03-09 02:15:00,8920.07,8990.0,8892.81,8959.99,394.157588
2018-03-09 02:20:00,8958.0,8958.0,8905.5,8933.02,251.485821
2018-03-09 02:25:00,8933.01,9030.04,8933.01,9000.01,415.356644
2018-03-09 02:30:00,9000.01,9010.0,8950.07,9005.02,243.879697
2018-03-09 02:35:00,9007.0,9019.0,8963.0,9019.0,200.503102
2018-03-09 02:40:00,9019.0,9070.07,9004.0,9032.23,203.534018
2018-03-09 02:45:00,9037.8,9050.15,8970.0,8971.0,150.220851
2018-03-09 02:50:00,8971.0,8997.99,8933.0,8955.0,213.072042
2018-03-09 02:55:00,8955.0,8998.0,8950.43,8977.53,103.962686
2018-03-09 03:00:00,8986.91,8988.0,8911.0,8959.69,183.572994
2018-03-09 03:05:00,8959.99,8993.0,8942.05,8985.0,90.186191
2018-03-09 03:10:00,8985.0,9026.36,8950.0,8959.0,152.572192
2018-03-09 03:15:00,8962.68,8978.06,8919.0,8919.0,138.615405
2018-03-09 03:20:00,8920.07,8955.7,8899.0,8950.08,162.859874
2018-03-09 03:25:00,8950.08,8970.0,8921.0,8921.0,111.004994
2018-03-09 03:30:00,8924.99,8966.99,8921.0,8939.79,129.427045
2018-03-09 03:35:00,8939.79,8999.9,8932.68,8985.99,161.779667
2018-03-09 03:40:00,8980.0,8985.99,8957.3,8960.0,91.884151
2018-03-09 03:45:00,8960.0,8969.87,8938.78,8949.0,81.704053
2018-03-09 03:50:00,8954.98,8954.98,8920.0,8944.99,135.793841
2018-03-09 03:55:00,8944.99,8973.0,8930.02,8953.01,91.516633
2018-03-09 04:00:00,8953.01,8960.0,8840.0,8851.04,410.155068
2018-03-09 04:05:00,8841.0,8874.34,8738.62,8773.48,718.595131
2018-03-09 04:10:00,8786.0,8816.0,8679.0,8700.0,494.158963
2018-03-09 04:15:00,8699.96,8744.78,8631.0,8676.0,551.021828
2018-03-09 04:20:00,8670.0,8720.0,8636.0,8698.82,416.129792
2018-03-09 04:25:00,8699.99,8710.01,8616.33,8635.97,323.223153
2018-03-09 04:30:00,8629.0,8637.63,8550.01,8605.01,642.353355
2018-03-09 04:35:00,8605.01,8660.0,8577.13,8628.87,332.317616
2018-03-09 04:40:00,8640.0,8686.02,8620.0,8680.13,282.016943
2018-03-09 04:45:00,8680.13,8702.05,8632.0,8639.0,281.374888
2018-03-09 04:50:00,8632.0,8685.89,8632.0,8679.0,138.637465
2018-03-09 04:55:00,8679.0,8680.0,8613.82,8619.08,201.493872
2018-03-09 05:00:00,8615.06,8625.51,8551.0,8621.0,377.814477
2018-03-09 05:05:00,8625.0,8791.0,8621.0,8713.74,438.3337
2018-03-09 05:10:00,8710.47,8745.0,8680.0,8680.2,288.585488
2018-03-09 05:15:00,8680.2,8740.0,8666.27,8704.41,171.015535
2018-03-09 05:20:00,8707.04,8717.99,8685.0,8700.0,185.493178
2018-03-09 05:25:00,8700.0,8704.98,8620.5,8627.28,148.799529
2018-03-09 05:30:00,8625.5,8699.81,8600.56,8625.0,251.611899
2018-03-09 05:35:00,8625.0,8656.74,8617.21,8629.99,173.797655
2018-03-09 05:40:00,8621.43,8675.0,8621.0,8660.04,233.772586
2018-03-09 05:45:00,8660.04,8669.97,8500.99,8509.99,466.298813
2018-03-09 05:50:00,8500.99,8556.21,8429.0,8523.03,743.369145
2018-03-09 05:55:00,8525.01,8543.84,8467.0,8467.0,350.852884
2018-03-09 06:00:00,8467.01,8475.0,8356.1,8380.0,623.167341
2018-03-09 06:05:00,8397.0,8400.0,8329.0,8390.0,444.960276
2018-03-09 06:10:00,8394.44,8490.95,8390.0,8468.22,393.307648
2018-03-09 06:15:00,8463.97,8562.5,8442.77,8547.65,912.66192
2018-03-09 06:20:00,8549.0,8640.0,8543.13,8573.34,511.480934
2018-03-09 06:25:00,8581.21,8633.19,8537.02,8633.19,303.826689
2018-03-09 06:30:00,8634.0,8765.0,8630.0,8701.34,642.864949
2018-03-09 06:35:00,8703.49,8721.0,8645.0,8666.99,356.342107
2018-03-09 06:40:00,8666.99,8755.28,8650.84,8715.0,326.316647
2018-03-09 06:45:00,8715.0,8724.75,8680.0,8690.0,197.676104
2018-03-09 06:50:00,8680.32,8722.0,8680.23,8703.48,123.513888
2018-03-09 06:55:00,8703.48,8854.0,8700.0,8825.84,597.254369
2018-03-09 07:00:00,8825.84,8865.5,8725.03,8771.25,498.09226
2018-03-09 07:05:00,8755.03,8771.26,8715.0,8755.25,260.891814
2018-03-09 07:10:00,8752.79,8850.0,8744.33,8850.0,291.024804
2018-03-09 07:15:00,8849.95,8850.0,8763.04,8770.0,244.032533
2018-03-09 07:20:00,8770.0,8799.99,8700.0,8783.19,279.972139
2018-03-09 07:25:00,8799.0,8810.16,8750.0,8790.0,184.976788
2018-03-09 07:30:00,8780.0,8835.0,8777.8,8791.77,243.825913
2018-03-09 07:35:00,8800.0,8800.0,8735.0,8741.92,169.834568
2018-03-09 07:40:00,8741.92,8748.98,8650.51,8662.31,243.293281
2018-03-09 07:45:00,8662.31,8740.07,8650.6,8737.41,261.547755
2018-03-09 07:50:00,8739.9,8745.0,8684.11,8713.05,197.38943
2018-03-09 07:55:00,8713.05,8719.99,8680.0,8686.43,129.508327
2018-03-09 08:00:00,8685.0,8700.0,8566.85,8611.0,339.042914
2018-03-09 08:05:00,8611.08,8707.48,8610.0,8683.92,211.967105
2018-03-09 08:10:00,8687.97,8689.98,8620.0,8620.0,235.972675
2018-03-09 08:15:00,8620.0,8698.15,8616.01,8679.82,121.093538
2018-03-09 08:20:00,8679.89,8745.0,8655.79,8740.0,138.168053
2018-03-09 08:25:00,8740.0,8772.5,8700.21,8770.07,163.648229
2018-03-09 08:30:00,8770.0,8780.0,8728.31,8728.31,131.361328
2018-03-09 08:35:00,8727.97,8840.0,8715.0,8807.19,199.628827
2018-03-09 08:40:00,8801.19,8829.99,8776.02,8799.62,150.858599
2018-03-09 08:45:00,8799.98,8819.86,8770.07,8791.0,108.932298
2018-03-09 08:50:00,8797.0,8800.0,8728.42,8741.14,107.85701
2018-03-09 08:55:00,8738.77,8741.14,8630.0,8672.16,343.67604
2018-03-09 09:00:00,8672.16,8710.0,8670.06,8709.76,137.460929
2018-03-09 09:05:00,8700.06,8721.18,8630.0,8631.14,182.098578
2018-03-09 09:10:00,8631.14,8635.0,8560.0,8600.0,478.11127
2018-03-09 09:15:00,8610.81,8650.0,8590.38,8640.66,156.582415
2018-03-09 09:20:00,8649.88,8678.9,8606.25,8669.35,104.548415
2018-03-09 09:25:00,8669.35,8682.67,8618.23,8627.57,81.776006
2018-03-09 09:30:00,8630.0,8635.71,8560.0,8585.25,170.910762
2018-03-09 09:35:00,8588.52,8626.52,8561.0,8569.98,147.847482
2018-03-09 09:40:00,8561.55,8582.35,8452.99,8455.19,453.018456
2018-03-09 09:45:00,8458.92,8525.0,8388.0,8490.01,568.535591
2018-03-09 09:50:00,8490.01,8600.0,8479.68,8572.24,406.43595
2018-03-09 09:55:00,8572.24,8584.0,8525.01,8540.0,208.509763
2018-03-09 10:00:00,8540.0,8542.41,8451.0,8500.02,203.671571
2018-03-09 10:05:00,8500.02,8581.0,8479.37,8576.08,167.595137
2018-03-09 10:10:00,8576.08,8655.0,8569.49,8629.74,275.792444
2018-03-09 10:15:00,8629.0,8738.0,8597.13,8725.0,199.409285
2018-03-09 10:20:00,8725.0,8725.0,8644.43,8660.07,205.911316
2018-03-09 10:25:00,8660.07,8699.0,8635.07,8690.0,163.625946
2018-03-09 10:30:00,8690.01,8709.99,8632.0,8632.0,158.632185
2018-03-09 10:35:00,8631.12,8679.0,8625.07,8667.14,110.33087
2018-03-09 10:40:00,8666.81,8668.25,8583.48,8583.48,125.352517
2018-03-09 10:45:00,8586.0,8645.8,8570.0,8613.0,145.639328
2018-03-09 10:50:00,8613.0,8720.41,8601.06,8687.39,203.602965
2018-03-09 10:55:00,8687.55,8766.28,8687.39,8724.98,288.318386
2018-03-09 11:00:00,8721.24,8779.0,8715.84,8741.45,166.079149
2018-03-09 11:05:00,8745.0,8749.99,8703.93,8727.8,116.351374
2018-03-09 11:10:00,8727.79,8730.0,8670.0,8704.0,133.242174
2018-03-09 11:15:00,8700.0,8766.88,8694.7,8752.68,132.560726
2018-03-09 11:20:00,8764.92,8766.31,8694.64,8710.0,119.101711
2018-03-09 11:25:00,8710.0,8730.0,8638.36,8702.95,123.040341
2018-03-09 11:30:00,8713.96,8716.22,8655.07,8674.88,73.511449
2018-03-09 11:35:00,8674.88,8724.94,8673.42,8710.0,60.501454
2018-03-09 11:40:00,8710.0,8828.0,8710.0,8826.0,228.463209
2018-03-09 11:45:00,8828.0,8913.0,8760.0,8895.8,525.058921
2018-03-09 11:50:00,8900.0,8948.0,8875.71,8901.22,356.115876
2018-03-09 11:55:00,8908.0,8940.0,8900.0,8923.0,182.933975
2018-03-09 12:00:00,8933.91,9024.0,8922.13,8985.0,608.929495
2018-03-09 12:05:00,8985.0,9000.0,8922.12,8938.96,270.308338
2018-03-09 12:10:00,8938.96,8959.0,8895.49,8934.91,213.67097
2018-03-09 12:15:00,8934.92,8934.92,8895.49,8915.0,166.897202
2018-03-09 12:20:00,8913.0,8930.0,8880.03,8925.0,192.442043
2018-03-09 12:25:00,8925.0,8982.24,8925.0,8958.9,169.314588
2018-03-09 12:30:00,8958.9,8959.9,8882.0,8925.0,156.941792
2018-03-09 12:35:00,8925.01,8934.01,8885.0,8900.0,102.566633
2018-03-09 12:40:00,8905.0,8950.0,8868.01,8948.89,110.90005
2018-03-09 12:45:00,8948.89,8966.23,8914.95,8945.0,95.570719
2018-03-09 12:50:00,8948.0,9045.0,8945.0,9012.5,360.239421
2018-03-09 12:55:00,9012.5,9020.0,8954.73,8979.73,182.741753
2018-03-09 13:00:00,8988.03,9014.0,8970.0,8989.94,171.332652
2018-03-09 13:05:00,8987.99,8991.77,8934.07,8950.0,121.84977
2018-03-09 13:10:00,8947.59,8950.0,8900.9,8929.9,197.102388
2018-03-09 13:15:00,8917.12,8947.65,8905.0,8939.4,148.458793
2018-03-09 13:20:00,8935.03,8947.0,8822.99,8845.67,238.636187
2018-03-09 13:25:00,8852.5,8890.0,8824.43,8874.99,173.673738
2018-03-09 13:30:00,8870.0,8897.18,8843.0,8844.0,121.263717
2018-03-09 13:35:00,8844.0,8885.0,8843.0,8879.0,158.859903
2018-03-09 13:40:00,8879.0,8946.4,8870.61,8919.0,116.997458
2018-03-09 13:45:00,8919.13,9000.0,8919.0,8941.0,189.27868
2018-03-09 13:50:00,8941.0,8960.51,8919.0,8923.69,100.600189
2018-03-09 13:55:00,8925.0,8925.0,8888.0,8914.0,112.773114
2018-03-09 14:00:00,8914.0,8941.76,8898.0,8925.0,70.034125
2018-03-09 14:05:00,8925.0,8999.0,8910.48,8999.0,119.729705
2018-03-09 14:10:00,8999.0,8999.97,8946.0,8971.77,162.54296
2018-03-09 14:15:00,8961.47,8981.98,8960.0,8978.99,81.061821
2018-03-09 14:20:00,8978.0,9084.07,8971.01,9065.06,293.904072
2018-03-09 14:25:00,9070.0,9120.0,9042.17,9120.0,316.891007
2018-03-09 14:30:00,9120.0,9151.5,9087.04,9100.0,464.154299
2018-03-09 14:35:00,9087.11,9109.0,9065.0,9087.89,236.845008
2018-03-09 14:40:00,9090.0,9148.0,9080.0,9085.84,220.534068
2018-03-09 14:45:00,9088.78,9146.99,9087.4,9145.0,170.912122
2018-03-09 14:50:00,9145.0,9156.0,9103.01,9127.0,255.179047
2018-03-09 14:55:00,9127.0,9151.19,9115.48,9151.19,129.392362
2018-03-09 15:00:00,9151.0,9165.18,9085.01,9088.0,282.838557
2018-03-09 15:05:00,9088.0,9090.18,9005.96,9010.48,277.414957
2018-03-09 15:10:00,9010.0,9051.84,8960.0,8992.47,309.545971
2018-03-09 15:15:00,8992.47,8995.18,8939.44,8969.99,342.282055
2018-03-09 15:20:00,8969.06,9018.28,8954.74,9000.0,240.026901
2018-03-09 15:25:00,9000.0,9012.37,8900.0,8902.0,435.495205
2018-03-09 15:30:00,8902.0,8982.46,8900.0,8962.94,203.445407
2018-03-09 15:35:00,8950.0,8990.0,8932.0,8970.0,111.492063
2018-03-09 15:40:00,8970.01,9015.0,8965.69,9006.0,115.626674
2018-03-09 15:45:00,9006.0,9014.9,8970.44,9004.63,122.959962
2018-03-09 15:50:00,9004.63,9005.99,8951.02,8970.0,76.691661
2018-03-09 15:55:00,8965.0,8970.0,8920.91,8927.0,149.452338
2018-03-09 16:00:00,8925.93,8992.11,8920.96,8979.99,106.264812
2018-03-09 16:05:00,8979.99,9049.0,8974.21,9043.56,178.983628
2018-03-09 16:10:00,9043.56,9049.01,9013.71,9028.99,127.15167
2018-03-09 16:15:00,9028.99,9030.41,8903.0,8930.0,222.416448
2018-03-09 16:20:00,8918.18,8930.0,8761.0,8837.0,492.050758
2018-03-09 16:25:00,8837.0,8847.88,8631.27,8708.99,660.32921
2018-03-09 16:30:00,8712.83,8754.94,8630.0,8672.52,479.354961
2018-03-09 16:35:00,8665.03,8761.6,8651.83,8743.0,398.053127
2018-03-09 16:40:00,8743.0,8744.23,8670.79,8706.6,258.592665
2018-03-09 16:45:00,8700.0,8735.0,8654.85,8720.0,289.859781
2018-03-09 16:50:00,8719.99,8724.76,8690.0,8709.96,124.464902
2018-03-09 16:55:00,8702.0,8717.45,8630.0,8665.26,266.504965
2018-03-09 17:00:00,8665.23,8732.4,8633.12,8730.0,162.172667
2018-03-09 17:05:00,8729.99,8840.0,8728.95,8800.0,281.223765
2018-03-09 17:10:00,8799.99,8842.94,8754.07,8835.48,147.112831
2018-03-09 17:15:00,8831.81,8840.85,8751.04,8782.7,193.831956
2018-03-09 17:20:00,8773.47,8815.0,8768.7,8814.99,121.074032
2018-03-09 17:25:00,8814.99,8815.09,8788.98,8810.0,88.29628
2018-03-09 17:30:00,8801.17,8807.48,8709.0,8760.0,167.245329
2018-03-09 17:35:00,8760.0,8796.5,8741.01,8753.88,84.709
2018-03-09 17:40:00,8753.88,8778.6,8740.0,8755.8,75.251995
2018-03-09 17:45:00,8755.81,8812.35,8752.0,8770.0,89.109501
2018-03-09 17:50:00,8770.0,8780.0,8730.0,8775.0,142.7846
2018-03-09 17:55:00,8765.7,8793.97,8731.3,8749.99,83.487729
2018-03-09 18:00:00,8757.56,8820.0,8748.39,8805.27,131.249142
2018-03-09 18:05:00,8806.62,8831.1,8750.0,8784.18,119.929488
2018-03-09 18:10:00,8791.67,8822.07,8761.5,8810.78,111.025866
2018-03-09 18:15:00,8810.8,8839.98,8788.01,8839.07,60.856957
2018-03-09 18:20:00,8839.07,8900.0,8839.07,8900.0,213.618169
2018-03-09 18:25:00,8897.62,8899.99,8838.0,8887.1,100.735456
2018-03-09 18:30:00,8874.24,8917.09,8874.24,8910.88,87.257546
2018-03-09 18:35:00,8910.88,8950.0,8907.47,8925.0,199.701234
2018-03-09 18:40:00,8928.07,8934.64,8905.0,8911.44,255.209644
2018-03-09 18:45:00,8908.0,8915.45,8871.54,8894.84,110.610966
2018-03-09 18:50:00,8888.01,8894.84,8843.0,8858.32,156.150044
2018-03-09 18:55:00,8868.99,8904.07,8855.0,8894.62,80.652158
2018-03-09 19:00:00,8894.62,8899.24,8850.0,8869.86,87.001568
2018-03-09 19:05:00,8869.86,8880.54,8856.29,8878.4,41.716135
2018-03-09 19:10:00,8869.54,8878.13,8694.07,8744.12,353.42637
2018-03-09 19:15:00,8741.0,8741.0,8653.88,8726.02,430.793535
2018-03-09 19:20:00,8736.57,8740.0,8682.01,8709.6,220.900918
2018-03-09 19:25:00,8718.4,8740.0,8687.0,8711.16,114.209725
2018-03-09 19:30:00,8711.16,8729.14,8689.72,8706.0,76.364428
2018-03-09 19:35:00,8706.0,8761.07,8694.07,8747.45,129.456516
2018-03-09 19:40:00,8751.88,8759.4,8718.18,8718.18,50.628243
2018-03-09 19:45:00,8720.0,8742.97,8680.0,8695.13,216.918798
2018-03-09 19:50:00,8682.07,8730.01,8675.0,8710.72,69.93848
2018-03-09 19:55:00,8718.29,8794.05,8702.77,8770.0,145.041741
2018-03-09 20:00:00,8770.01,8815.0,8763.01,8812.63,102.681981
2018-03-09 20:05:00,8812.63,8822.0,8760.41,8773.83,160.095293
2018-03-09 20:10:00,8774.7,8803.9,8762.01,8780.24,53.623857
2018-03-09 20:15:00,8780.24,8844.07,8766.0,8830.19,64.657428
2018-03-09 20:20:00,8840.0,8841.71,8790.01,8809.4,83.946084
2018-03-09 20:25:00,8801.0,8810.0,8765.01,8771.37,131.816363
2018-03-09 20:30:00,8771.37,8810.0,8771.37,8801.94,69.122494
2018-03-09 20:35:00,8801.94,8809.99,8704.31,8744.36,199.048181
2018-03-09 20:40:00,8748.74,8775.0,8737.18,8764.26,43.45442
2018-03-09 20:45:00,8763.52,8850.0,8747.0,8833.98,166.698017
2018-03-09 20:50:00,8833.97,8928.98,8827.8,8885.03,243.915322
2018-03-09 20:55:00,8885.03,8980.01,8885.03,8935.16,335.584819
2018-03-09 21:00:00,8935.18,8958.0,8914.94,8926.12,196.047579
2018-03-09 21:05:00,8930.48,8959.0,8900.0,8933.94,163.364288
2018-03-09 21:10:00,8933.94,9049.99,8920.0,9040.0,431.185442
2018-03-09 21:15:00,9038.61,9070.0,9018.5,9047.12,341.417984
2018-03-09 21:20:00,9047.11,9047.11,9000.5,9022.84,172.704541
2018-03-09 21:25:00,9022.84,9050.0,9002.69,9050.0,146.9687
2018-03-09 21:30:00,9040.01,9069.97,9000.0,9059.0,232.442434
2018-03-09 21:35:00,9059.0,9062.0,9030.47,9040.0,61.643897
2018-03-09 21:40:00,9042.0,9099.0,9030.0,9095.25,189.929627
2018-03-09 21:45:00,9099.0,9105.29,9010.0,9018.66,215.362998
2018-03-09 21:50:00,9018.65,9047.98,9000.5,9010.0,150.863451
2018-03-09 21:55:00,9010.0,9037.43,8947.63,8957.3,233.092577
2018-03-09 22:00:00,8955.78,8980.6,8900.5,8971.53,240.410316
2018-03-09 22:05:00,8971.53,9046.0,8955.91,9030.0,180.267951
2018-03-09 22:10:00,9035.97,9035.97,9005.0,9019.0,83.994404
2018-03-09 22:15:00,9019.0,9019.0,8959.52,8960.27,91.904133
2018-03-09 22:20:00,8964.12,9043.0,8951.9,9032.02,104.975581
2018-03-09 22:25:00,9032.02,9070.31,9002.6,9035.0,141.244818
2018-03-09 22:30:00,9035.0,9093.04,9027.41,9090.0,83.817667
2018-03-09 22:35:00,9090.01,9181.81,9063.42,9181.81,392.385242
2018-03-09 22:40:00,9181.0,9215.0,9174.07,9180.0,549.906125
2018-03-09 22:45:00,9189.97,9190.65,9153.12,9170.0,203.699871
2018-03-09 22:50:00,9165.01,9194.25,9160.0,9180.6,109.927284
2018-03-09 22:55:00,9185.0,9233.0,9174.0,9200.99,209.512385
2018-03-09 23:00:00,9213.92,9220.0,9150.0,9155.33,251.6224
2018-03-09 23:05:00,9155.33,9187.9,9150.0,9179.46,87.862462
2018-03-09 23:10:00,9179.46,9230.0,9176.74,9228.87,115.065208
2018-03-09 23:15:00,9228.87,9300.0,9228.86,9299.49,410.844229
2018-03-09 23:20:00,9299.49,9330.0,9250.0,9280.0,332.772027
2018-03-09 23:25:00,9274.0,9289.0,9262.0,9280.93,157.344804
2018-03-09 23:30:00,9280.93,9302.05,9260.0,9271.0,190.032032
2018-03-09 23:35:00,9265.1,9290.0,9261.0,9289.0,75.26809
2018-03-09 23:40:00,9289.46,9321.8,9289.46,9313.0,158.663371
2018-03-09 23:45:00,9311.39,9333.33,9290.0,9291.0,337.164249
2018-03-09 23:50:00,9291.0,9300.09,9217.65,9266.74,438.68045
2018-03-09 23:55:00,9266.74,9270.0,9224.0,9227.0,140.937051
2018-03-10 00:00:00,9230.0,9333.0,9227.0,9333.0,210.984779
2018-03-10 00:05:00,9329.01,9357.31,9290.5,9338.74,247.179896
2018-03-10 00:10:00,9338.74,9342.3,9294.07,9320.0,164.398508
2018-03-10 00:15:00,9320.0,9340.57,9304.0,9327.0,135.566618
2018-03-10 00:20:00,9326.52,9327.5,9262.0,9262.0,170.010958
2018-03-10 00:25:00,9262.01,9281.49,9223.0,9250.03,212.765907
2018-03-10 00:30:00,9250.03,9285.46,9250.03,9281.79,69.802643
2018-03-10 00:35:00,9281.79,9286.16,9242.35,9263.58,143.638418
2018-03-10 00:40:00,9263.58,9277.0,9222.28,9228.42,98.251715
2018-03-10 00:45:00,9233.98,9256.0,9220.0,9238.0,79.157678
2018-03-10 00:50:00,9238.0,9287.99,9220.0,9270.69,335.852187
2018-03-10 00:55:00,9270.69,9315.0,9265.91,9298.99,156.798242
2018-03-10 01:00:00,9298.99,9362.81,9290.89,9338.82,217.099044
2018-03-10 01:05:00,9346.94,9349.0,9315.25,9318.0,129.980478
2018-03-10 01:10:00,9316.3,9327.0,9280.1,9310.1,96.868731
2018-03-10 01:15:00,9310.1,9319.5,9260.0,9284.97,110.716743
2018-03-10 01:20:00,9275.0,9309.59,9270.0,9308.0,95.362718
2018-03-10 01:25:00,9300.22,9322.46,9297.0,9312.0,66.574414
2018-03-10 01:30:00,9317.94,9400.0,9313.38,9399.0,308.365894
2018-03-10 01:35:00,9400.0,9400.79,9354.07,9369.97,238.283139
2018-03-10 01:40:00,9356.85,9373.02,9330.0,9345.05,140.38092
2018-03-10 01:45:00,9345.05,9358.0,9330.0,9331.0,272.568694
2018-03-10 01:50:00,9341.0,9344.0,9295.72,9312.7,303.369471
2018-03-10 01:55:00,9319.91,9337.0,9276.0,9287.09,320.560913
2018-03-10 02:00:00,9287.09,9328.0,9271.18,9308.78,142.782231
2018-03-10 02:05:00,9309.0,9315.54,9293.03,9300.0,66.968812
2018-03-10 02:10:00,9299.99,9300.0,9246.27,9260.0,132.464089
2018-03-10 02:15:00,9253.41,9285.0,9239.97,9270.0,288.148484
2018-03-10 02:20:00,9272.69,9274.28,9241.9,9245.0,106.126047
2018-03-10 02:25:00,9245.0,9245.01,9188.01,9213.63,191.52381
2018-03-10 02:30:00,9209.98,9233.26,9180.11,9217.24,138.505593
2018-03-10 02:35:00,9217.24,9260.07,9211.0,9249.89,118.429941
2018-03-10 02:40:00,9241.01,9266.1,9234.84,9254.0,108.00264
2018-03-10 02:45:00,9246.0,9288.0,9242.71,9288.0,93.207584
2018-03-10 02:50:00,9288.0,9301.0,9286.68,9287.61,100.421258
2018-03-10 02:55:00,9292.84,9292.89,9255.5,9280.0,55.70434
2018-03-10 03:00:00,9276.86,9284.0,9238.72,9250.47,86.84824
2018-03-10 03:05:00,9250.56,9283.0,9140.0,9158.02,386.392077
2018-03-10 03:10:00,9151.6,9187.5,9091.05,9135.0,394.022162
2018-03-10 03:15:00,9130.0,9151.37,9090.96,9150.0,212.068809
2018-03-10 03:20:00,9150.0,9176.61,9076.0,9085.99,228.563156
2018-03-10 03:25:00,9085.99,9120.0,9073.66,9105.01,99.794292
2018-03-10 03:30:00,9105.01,9140.5,9101.87,9133.81,95.389745
2018-03-10 03:35:00,9126.03,9171.67,9115.0,9148.99,147.563272
2018-03-10 03:40:00,9134.76,9179.0,9131.0,9148.55,125.311377
2018-03-10 03:45:00,9152.12,9199.0,9140.64,9193.06,53.378049
2018-03-10 03:50:00,9199.0,9223.01,9169.01,9219.0,99.68656
2018-03-10 03:55:00,9222.44,9225.0,9190.0,9210.0,87.564243
2018-03-10 04:00:00,9210.0,9215.0,9174.44,9179.43,107.324242
2018-03-10 04:05:00,9179.43,9256.55,9179.43,9214.7,175.575946
2018-03-10 04:10:00,9220.95,9254.31,9214.0,9253.98,120.416473
2018-03-10 04:15:00,9254.0,9255.12,9230.39,9250.01,121.901613
2018-03-10 04:20:00,9250.01,9317.0,9250.01,9303.0,208.035329
2018-03-10 04:25:00,9311.92,9319.0,9300.04,9317.9,110.038972
2018-03-10 04:30:00,9313.47,9327.29,9303.88,9320.0,142.296432
2018-03-10 04:35:00,9322.99,9325.36,9310.01,9320.0,42.795805
2018-03-10 04:40:00,9320.0,9324.0,9282.26,9293.18,72.017961
2018-03-10 04:45:00,9282.28,9300.0,9259.37,9284.0,72.949647
2018-03-10 04:50:00,9284.01,9296.98,9262.0,9294.67,110.022746
2018-03-10 04:55:00,9294.67,9315.79,9286.05,9302.01,56.193516
2018-03-10 05:00:00,9310.74,9325.24,9299.05,9316.1,66.620144
2018-03-10 05:05:00,9316.1,9325.0,9305.0,9305.0,64.338777
2018-03-10 05:10:00,9305.0,9316.11,9303.0,9304.0,105.093613
2018-03-10 05:15:00,9304.0,9309.0,9214.9,9217.0,156.806504
2018-03-10 05:20:00,9221.98,9287.88,9199.68,9287.66,145.065114
2018-03-10 05:25:00,9274.42,9289.99,9249.68,9271.09,69.163645
2018-03-10 05:30:00,9280.29,9345.67,9274.0,9345.67,127.865137
2018-03-10 05:35:00,9345.0,9358.0,9339.9,9357.0,175.410446
2018-03-10 05:40:00,9355.24,9357.0,9300.0,9315.0,79.753065
2018-03-10 05:45:00,9315.0,9358.02,9305.0,9358.02,87.528931
2018-03-10 05:50:00,9358.0,9358.02,9326.2,9340.0,70.046077
2018-03-10 05:55:00,9340.0,9358.01,9324.07,9353.17,75.625138
2018-03-10 06:00:00,9348.0,9464.35,9336.0,9450.09,437.636291
2018-03-10 06:05:00,9454.04,9486.72,9440.0,9479.99,307.501493
2018-03-10 06:10:00,9479.99,9490.0,9457.02,9475.0,198.929486
2018-03-10 06:15:00,9460.66,9474.97,9424.0,9436.12,181.62055
2018-03-10 06:20:00,9436.12,9463.0,9427.21,9463.0,127.266553
2018-03-10 06:25:00,9463.0,9480.16,9460.0,9460.01,114.163831
2018-03-10 06:30:00,9463.4,9467.04,9414.07,9420.0,91.693021
2018-03-10 06:35:00,9420.0,9460.0,9412.0,9430.05,88.866081
2018-03-10 06:40:00,9437.96,9440.0,9410.0,9416.24,76.859824
2018-03-10 06:45:00,9424.98,9425.0,9387.13,9415.29,150.352944
2018-03-10 06:50:00,9416.0,9435.54,9410.0,9430.01,51.906408
2018-03-10 06:55:00,9430.01,9435.54,9409.0,9418.94,55.48
2018-03-10 07:00:00,9418.0,9431.0,9410.29,9420.68,68.126123
2018-03-10 07:05:00,9416.0,9427.33,9359.05,9410.0,136.606943
2018-03-10 07:10:00,9410.0,9417.9,9380.05,9395.01,79.550588
2018-03-10 07:15:00,9395.01,9430.0,9394.0,9423.0,75.232392
2018-03-10 07:20:00,9430.0,9449.0,9423.0,9446.0,68.997505
2018-03-10 07:25:00,9449.0,9449.0,9370.04,9370.11,141.888916
2018-03-10 07:30:00,9376.99,9384.98,9333.1,9364.24,202.009383
2018-03-10 07:35:00,9364.43,9401.13,9364.24,9372.94,57.115552
2018-03-10 07:40:00,9368.0,9372.94,9311.0,9354.4,191.065355
2018-03-10 07:45:00,9354.67,9384.07,9354.67,9383.83,59.328857
2018-03-10 07:50:00,9384.07,9429.43,9375.71,9409.99,104.318585
2018-03-10 07:55:00,9403.98,9418.98,9312.6,9327.43,138.698576
2018-03-10 08:00:00,9327.43,9370.43,9312.6,9351.08,96.07585
2018-03-10 08:05:00,9351.11,9373.85,9350.93,9373.85,66.037528
2018-03-10 08:10:00,9373.85,9384.07,9340.73,9350.0,67.735047
2018-03-10 08:15:00,9343.18,9355.24,9324.49,9331.0,84.689041
2018-03-10 08:20:00,9334.0,9369.0,9326.0,9354.93,86.330478
2018-03-10 08:25:00,9351.2,9370.0,9341.0,9360.01,65.533227
2018-03-10 08:30:00,9366.99,9380.0,9350.0,9374.78,84.42904
2018-03-10 08:35:00,9373.0,9386.7,9361.0,9386.7,46.189802
2018-03-10 08:40:00,9386.7,9403.09,9376.7,9390.87,70.850655
2018-03-10 08:45:00,9390.87,9395.0,9360.1,9360.98,61.291694
2018-03-10 08:50:00,9365.0,9388.99,9360.0,9360.0,74.217995
2018-03-10 08:55:00,9362.1,9368.06,9307.52,9326.51,143.75757
2018-03-10 09:00:00,9329.91,9348.8,9307.02,9332.0,117.298462
2018-03-10 09:05:00,9334.0,9347.13,9238.03,9268.62,183.796609
2018-03-10 09:10:00,9261.49,9268.76,9200.0,9238.03,194.630834
2018-03-10 09:15:00,9238.03,9256.05,9220.0,9248.04,125.236587
2018-03-10 09:20:00,9248.04,9294.0,9248.04,9271.0,90.262904
2018-03-10 09:25:00,9270.99,9282.09,9250.0,9271.02,54.527785
2018-03-10 09:30:00,9271.02,9317.14,9271.02,9295.87,105.557326
2018-03-10 09:35:00,9295.87,9313.77,9265.0,9279.6,86.663173
2018-03-10 09:40:00,9279.6,9295.78,9252.09,9273.0,55.136205
2018-03-10 09:45:00,9280.0,9300.0,9250.0,9285.16,52.495545
2018-03-10 09:50:00,9298.13,9303.21,9257.0,9260.0,56.896124
2018-03-10 09:55:00,9263.05,9280.0,9223.0,9226.41,55.008316
2018-03-10 10:00:00,9226.41,9236.76,9180.01,9189.43,141.829394
2018-03-10 10:05:00,9199.93,9199.94,9150.1,9180.02,199.175195
2018-03-10 10:10:00,9180.02,9241.13,9175.03,9238.1,256.021941
2018-03-10 10:15:00,9238.0,9262.79,9228.82,9236.97,118.218707
2018-03-10 10:20:00,9236.97,9270.2,9230.11,9259.24,57.682362
2018-03-10 10:25:00,9259.26,9270.0,9237.0,9237.0,58.974205
2018-03-10 10:30:00,9237.0,9270.0,9235.0,9268.0,54.501917
2018-03-10 10:35:00,9268.0,9300.0,9267.0,9299.96,54.792368
2018-03-10 10:40:00,9299.96,9315.87,9286.13,9300.03,91.904704
2018-03-10 10:45:00,9300.03,9345.31,9300.0,9337.96,102.99456
2018-03-10 10:50:00,9337.92,9338.0,9292.4,9312.6,57.617004
2018-03-10 10:55:00,9312.0,9324.07,9301.0,9323.91,64.681992
2018-03-10 11:00:00,9324.07,9333.12,9301.0,9301.0,63.129013
2018-03-10 11:05:00,9301.0,9317.1,9287.3,9287.3,66.412421
2018-03-10 11:10:00,9288.0,9310.06,9287.0,9306.9,49.849394
2018-03-10 11:15:00,9306.9,9311.2,9270.52,9286.51,64.012303
2018-03-10 11:20:00,9281.01,9300.0,9270.28,9276.0,71.661733
2018-03-10 11:25:00,9273.0,9300.03,9266.0,9299.0,47.135316
2018-03-10 11:30:00,9299.0,9335.0,9293.87,9330.0,90.021397
2018-03-10 11:35:00,9330.0,9354.07,9330.0,9340.01,106.610111
2018-03-10 11:40:00,9345.95,9370.0,9340.0,9363.06,63.462468
2018-03-10 11:45:00,9369.96,9372.0,9343.46,9346.0,51.817841
2018-03-10 11:50:00,9352.0,9360.91,9334.0,9346.98,67.349946
2018-03-10 11:55:00,9341.04,9355.0,9334.0,9345.0,31.178961
2018-03-10 12:00:00,9345.0,9350.0,9312.0,9319.0,79.318431
2018-03-10 12:05:00,9314.22,9320.0,9302.71,9302.71,64.505514
2018-03-10 12:10:00,9302.71,9319.7,9290.0,9304.87,84.410091
2018-03-10 12:15:00,9304.87,9340.48,9300.17,9312.3,91.737183
2018-03-10 12:20:00,9312.29,9318.85,9290.0,9308.99,40.613187
2018-03-10 12:25:00,9307.9,9308.98,9290.0,9304.98,24.346755
2018-03-10 12:30:00,9301.33,9305.0,9239.31,9256.73,117.208899
2018-03-10 12:35:00,9252.1,9298.0,9210.0,9260.0,122.214425
2018-03-10 12:40:00,9259.9,9287.77,9250.0,9267.01,70.839454
2018-03-10 12:45:00,9270.0,9274.83,9227.11,9246.2,147.260173
2018-03-10 12:50:00,9249.0,9294.07,9242.68,9278.99,95.257189
2018-03-10 12:55:00,9278.99,9286.17,9250.0,9259.0,59.995425
2018-03-10 13:00:00,9259.0,9275.86,9244.87,9255.0,67.325719
2018-03-10 13:05:00,9255.09,9273.58,9244.87,9260.86,44.415175
2018-03-10 13:10:00,9260.84,9269.0,9246.44,9246.44,33.994141
2018-03-10 13:15:00,9254.0,9254.0,9180.7,9195.02,243.740575
2018-03-10 13:20:00,9195.02,9241.13,9189.0,9233.11,201.054662
2018-03-10 13:25:00,9236.06,9275.0,9233.2,9250.0,89.631304
2018-03-10 13:30:00,9249.99,9295.16,9245.01,9280.01,60.073935
2018-03-10 13:35:00,9280.01,9296.45,9268.03,9270.0,50.004247
2018-03-10 13:40:00,9278.0,9278.0,9240.01,9245.0,62.300301
2018-03-10 13:45:00,9260.01,9262.2,9230.0,9234.27,75.965232
2018-03-10 13:50:00,9235.0,9259.92,9235.0,9256.17,49.312881
2018-03-10 13:55:00,9256.16,9259.92,9237.51,9244.99,28.629165
2018-03-10 14:00:00,9244.96,9255.0,9237.7,9255.0,46.522175
2018-03-10 14:05:00,9255.0,9357.99,9255.0,9350.0,252.830476
2018-03-10 14:10:00,9356.5,9422.0,9351.0,9408.0,380.159145
2018-03-10 14:15:00,9410.0,9425.07,9379.96,9396.02,236.856309
2018-03-10 14:20:00,9396.02,9425.9,9368.0,9420.0,173.996381
2018-03-10 14:25:00,9420.0,9455.0,9414.07,9446.98,178.960512
2018-03-10 14:30:00,9446.0,9450.0,9403.17,9423.0,114.247445
2018-03-10 14:35:00,9423.45,9433.8,9377.27,9390.0,128.896026
2018-03-10 14:40:00,9390.0,9422.56,9377.17,9419.98,63.457931
2018-03-10 14:45:00,9419.98,9422.56,9387.99,9409.0,120.812984
2018-03-10 14:50:00,9400.01,9409.0,9388.0,9395.0,24.191353
2018-03-10 14:55:00,9390.01,9440.0,9389.3,9421.03,124.521931
2018-03-10 15:00:00,9421.03,9438.0,9400.0,9429.0,71.911005
2018-03-10 15:05:00,9429.0,9443.19,9400.9,9436.14,74.96731
2018-03-10 15:10:00,9436.86,9456.0,9425.86,9452.0,102.08539
2018-03-10 15:15:00,9452.01,9468.88,9429.01,9455.76,176.106348
2018-03-10 15:20:00,9455.0,9467.01,9420.01,9451.0,93.96208
2018-03-10 15:25:00,9453.99,9454.0,9420.0,9430.0,37.87609
2018-03-10 15:30:00,9430.0,9432.92,9331.34,9398.04,216.539545
2018-03-10 15:35:00,9374.69,9400.99,9358.85,9377.91,123.77259
2018-03-10 15:40:00,9377.91,9399.62,9370.06,9390.18,69.311923
2018-03-10 15:45:00,9397.13,9420.0,9380.0,9380.01,57.890263
2018-03-10 15:50:00,9389.0,9389.99,9321.01,9335.0,91.184467
2018-03-10 15:55:00,9331.99,9350.21,9324.52,9346.14,97.606186
2018-03-10 16:00:00,9340.0,9393.12,9340.0,9370.0,59.325768
2018-03-10 16:05:00,9370.0,9371.98,9335.01,9337.53,54.635608
2018-03-10 16:10:00,9337.54,9376.7,9337.54,9376.7,45.219621
2018-03-10 16:15:00,9375.0,9378.92,9360.0,9368.0,45.964698
2018-03-10 16:20:00,9368.02,9406.0,9368.0,9400.0,60.34629
2018-03-10 16:25:00,9400.0,9404.98,9360.0,9360.0,95.667704
2018-03-10 16:30:00,9360.0,9375.05,9359.85,9373.0,27.199496
2018-03-10 16:35:00,9375.05,9399.99,9365.0,9370.0,51.453895
2018-03-10 16:40:00,9374.94,9418.17,9367.68,9409.99,65.87373
2018-03-10 16:45:00,9409.99,9418.05,9384.07,9391.01,47.3567
2018-03-10 16:50:00,9398.98,9408.0,9384.1,9392.26,52.781378
2018-03-10 16:55:00,9392.26,9401.94,9384.11,9401.93,36.060047
2018-03-10 17:00:00,9401.93,9412.63,9385.02,9393.99,35.563483
2018-03-10 17:05:00,9390.0,9393.99,9330.0,9354.98,70.925501
2018-03-10 17:10:00,9341.06,9378.87,9340.0,9375.01,43.718628
2018-03-10 17:15:00,9375.0,9375.01,9340.01,9358.14,80.505499
2018-03-10 17:20:00,9367.47,9367.47,9340.78,9343.36,40.862771
2018-03-10 17:25:00,9344.96,9351.99,9255.0,9257.28,303.751617
2018-03-10 17:30:00,9257.28,9261.94,9180.11,9183.08,312.58805
2018-03-10 17:35:00,9188.64,9220.84,9134.99,9170.74,432.792406
2018-03-10 17:40:00,9169.49,9220.0,9160.0,9218.02,232.734134
2018-03-10 17:45:00,9205.09,9225.0,9153.23,9160.01,182.83582
2018-03-10 17:50:00,9153.47,9184.0,9153.47,9167.78,95.180937
2018-03-10 17:55:00,9172.6,9185.8,9130.0,9138.32,151.427923
2018-03-10 18:00:00,9130.0,9140.44,9055.0,9090.0,447.216895
2018-03-10 18:05:00,9090.01,9119.41,9016.0,9016.0,318.836113
2018-03-10 18:10:00,9016.02,9065.0,9009.0,9054.9,323.838109
2018-03-10 18:15:00,9054.9,9090.7,9025.0,9044.98,190.541613
2018-03-10 18:20:00,9044.96,9045.0,8947.27,8962.97,572.137206
2018-03-10 18:25:00,8967.0,9054.87,8958.93,9038.99,323.732667
2018-03-10 18:30:00,9038.0,9050.0,8994.07,9007.01,217.022226
2018-03-10 18:35:00,9007.01,9079.78,8980.44,9075.14,202.918522
2018-03-10 18:40:00,9075.14,9104.2,9056.0,9056.0,240.237701
2018-03-10 18:45:00,9056.0,9094.0,9050.01,9068.99,99.264912
2018-03-10 18:50:00,9060.0,9068.76,9015.2,9060.13,102.520959
2018-03-10 18:55:00,9060.0,9093.0,9050.18,9080.0,86.785182
2018-03-10 19:00:00,9080.0,9089.47,8964.07,8971.25,259.427372
2018-03-10 19:05:00,8986.94,9047.49,8971.0,9005.26,209.659996
2018-03-10 19:10:00,9012.93,9012.93,8980.0,9010.0,107.303378
2018-03-10 19:15:00,9006.0,9025.0,8983.06,9004.62,97.309726
2018-03-10 19:20:00,9008.94,9035.0,9001.32,9005.0,66.864759
2018-03-10 19:25:00,9005.69,9012.0,8995.91,9000.92,79.452732
2018-03-10 19:30:00,9000.92,9049.88,8999.0,9033.29,50.208217
2018-03-10 19:35:00,9048.99,9079.0,9034.0,9070.77,114.700505
2018-03-10 19:40:00,9070.9,9084.07,9040.01,9066.95,77.792269
2018-03-10 19:45:00,9066.95,9070.0,9050.94,9065.03,46.360681
2018-03-10 19:50:00,9069.91,9070.0,9049.0,9070.0,39.399104
2018-03-10 19:55:00,9070.0,9128.49,9065.0,9089.93,147.247754
2018-03-10 20:00:00,9089.93,9092.3,9050.0,9069.31,94.549605
2018-03-10 20:05:00,9069.33,9088.61,9062.78,9062.78,66.905894
2018-03-10 20:10:00,9062.78,9065.0,9017.52,9044.99,108.379723
2018-03-10 20:15:00,9031.27,9065.09,9026.0,9045.06,45.91715
2018-03-10 20:20:00,9045.07,9060.0,9031.0,9043.83,51.264642
2018-03-10 20:25:00,9043.83,9055.35,8926.0,8949.99,227.181763
2018-03-10 20:30:00,8943.0,8949.99,8850.0,8862.36,494.014785
2018-03-10 20:35:00,8862.36,8880.17,8820.05,8842.0,273.125101
2018-03-10 20:40:00,8839.91,8897.98,8835.02,8880.0,166.225794
2018-03-10 20:45:00,8888.23,8890.83,8830.0,8864.0,161.657981
2018-03-10 20:50:00,8864.76,8880.68,8824.02,8833.41,123.630409
2018-03-10 20:55:00,8835.0,8855.46,8820.0,8825.0,108.273569
2018-03-10 21:00:00,8820.06,8834.3,8738.0,8782.45,617.898932
2018-03-10 21:05:00,8782.45,8796.92,8745.01,8780.88,203.378216
2018-03-10 21:10:00,8783.0,8820.0,8760.0,8806.97,246.993396
2018-03-10 21:15:00,8806.97,8828.0,8780.08,8806.18,149.095366
2018-03-10 21:20:00,8806.18,8814.0,8775.0,8791.01,131.103305
2018-03-10 21:25:00,8795.9,8829.0,8791.02,8829.0,84.664057
2018-03-10 21:30:00,8826.01,8834.41,8805.0,8815.14,109.886565
2018-03-10 21:35:00,8812.1,8815.16,8775.0,8794.91,133.348671
2018-03-10 21:40:00,8794.91,8794.91,8756.0,8762.0,157.46313
2018-03-10 21:45:00,8763.0,8767.97,8740.28,8761.29,104.305468
2018-03-10 21:50:00,8760.22,8790.0,8746.14,8778.02,88.521282
2018-03-10 21:55:00,8779.5,8815.0,8770.0,8789.0,80.188394
2018-03-10 22:00:00,8789.0,8798.97,8751.19,8755.84,126.864052
2018-03-10 22:05:00,8755.84,8770.0,8667.07,8700.0,405.764645
2018-03-10 22:10:00,8700.01,8743.0,8678.09,8710.08,178.225277
2018-03-10 22:15:00,8710.0,8739.0,8703.0,8703.0,76.174694
2018-03-10 22:20:00,8710.0,8735.0,8680.09,8734.92,99.178631
2018-03-10 22:25:00,8734.91,8787.51,8721.1,8769.99,131.159027
2018-03-10 22:30:00,8770.87,8844.07,8756.83,8827.07,191.052429
2018-03-10 22:35:00,8827.0,8892.65,8815.84,8867.33,270.021
2018-03-10 22:40:00,8862.55,8865.04,8815.0,8846.01,193.7508
2018-03-10 22:45:00,8846.01,8850.0,8780.14,8817.14,199.613899
2018-03-10 22:50:00,8817.14,8840.0,8805.0,8817.17,78.655726
2018-03-10 22:55:00,8817.15,8841.59,8784.69,8829.99,81.254653
2018-03-10 23:00:00,8825.0,8829.0,8780.0,8780.04,77.587331
2018-03-10 23:05:00,8780.07,8789.07,8731.01,8755.4,187.490854
2018-03-10 23:10:00,8741.52,8783.1,8741.52,8771.94,85.302117
2018-03-10 23:15:00,8771.94,8817.61,8755.0,8812.0,100.315529
2018-03-10 23:20:00,8811.8,8812.07,8778.88,8794.89,35.545069
2018-03-10 23:25:00,8794.88,8798.21,8754.07,8754.07,48.751488
2018-03-10 23:30:00,8754.07,8763.51,8716.86,8745.0,163.769023
2018-03-10 23:35:00,8745.14,8782.78,8732.15,8744.11,55.902406
2018-03-10 23:40:00,8745.0,8801.13,8745.0,8799.08,53.189849
2018-03-10 23:45:00,8799.08,8845.0,8792.2,8800.0,196.202256
2018-03-10 23:50:00,8805.0,8820.0,8752.14,8762.0,115.906938
2018-03-10 23:55:00,8762.01,8774.76,8740.01,8770.22,84.802637
2018-03-11 00:00:00,8770.22,8774.76,8653.0,8656.0,248.192552
2018-03-11 00:05:00,8656.0,8676.63,8611.0,8613.88,256.323915
2018-03-11 00:10:00,8613.88,8640.03,8601.13,8602.0,245.242659
2018-03-11 00:15:00,8604.06,8650.0,8589.0,8589.0,241.83266
2018-03-11 00:20:00,8589.49,8590.0,8512.0,8519.99,381.747514
2018-03-11 00:25:00,8518.0,8600.0,8510.0,8538.0,285.37479
2018-03-11 00:30:00,8540.27,8607.0,8514.07,8567.0,321.522501
2018-03-11 00:35:00,8567.0,8600.0,8533.37,8550.02,201.207316
2018-03-11 00:40:00,8550.02,8574.07,8550.0,8565.72,113.862291
2018-03-11 00:45:00,8565.72,8577.76,8514.07,8525.01,148.888708
2018-03-11 00:50:00,8530.63,8537.8,8454.0,8468.0,473.520709
2018-03-11 00:55:00,8468.0,8516.5,8450.0,8500.05,292.242149
2018-03-11 01:00:00,8509.86,8596.1,8500.11,8584.99,333.252478
2018-03-11 01:05:00,8584.99,8635.0,8560.0,8580.0,291.974084
2018-03-11 01:10:00,8584.98,8664.07,8570.07,8659.0,221.104528
2018-03-11 01:15:00,8650.0,8659.0,8589.7,8605.5,162.590604
2018-03-11 01:20:00,8605.5,8614.98,8534.89,8565.31,187.433333
2018-03-11 01:25:00,8574.14,8626.79,8566.58,8584.69,177.864744
2018-03-11 01:30:00,8593.55,8649.0,8584.7,8621.67,112.379262
2018-03-11 01:35:00,8619.68,8639.0,8600.05,8626.11,58.25006
2018-03-11 01:40:00,8626.11,8637.95,8600.15,8618.99,99.170262
2018-03-11 01:45:00,8618.99,8623.3,8540.9,8543.83,197.750378
2018-03-11 01:50:00,8543.0,8574.07,8536.0,8570.0,91.144386
2018-03-11 01:55:00,8570.0,8587.17,8565.0,8580.0,53.739154
2018-03-11 02:00:00,8585.0,8599.0,8568.62,8598.72,59.719813
2018-03-11 02:05:00,8598.91,8604.07,8525.0,8539.83,102.336455
2018-03-11 02:10:00,8529.0,8565.81,8525.0,8547.72,104.538625
2018-03-11 02:15:00,8547.71,8584.38,8532.0,8568.9,80.02123
2018-03-11 02:20:00,8568.9,8588.36,8551.8,8588.36,41.644052
2018-03-11 02:25:00,8585.22,8668.9,8579.99,8667.11,178.035759
2018-03-11 02:30:00,8667.9,8712.0,8667.9,8708.0,236.989693
2018-03-11 02:35:00,8708.0,8716.2,8650.01,8688.2,159.300282
2018-03-11 02:40:00,8688.2,8695.49,8645.0,8659.0,94.430558
2018-03-11 02:45:00,8652.7,8699.0,8642.52,8699.0,82.099577
2018-03-11 02:50:00,8699.0,8720.0,8682.47,8720.0,60.897032
2018-03-11 02:55:00,8719.99,8750.0,8700.09,8708.44,147.000048
2018-03-11 03:00:00,8708.37,8709.0,8675.61,8689.96,96.557335
2018-03-11 03:05:00,8687.0,8709.0,8662.28,8687.55,72.140333
2018-03-11 03:10:00,8702.27,8708.0,8682.15,8701.44,59.121939
2018-03-11 03:15:00,8701.44,8703.23,8676.62,8684.99,50.799398
2018-03-11 03:20:00,8683.0,8689.78,8625.0,8625.0,192.796529
2018-03-11 03:25:00,8625.0,8630.01,8550.0,8580.0,260.005365
2018-03-11 03:30:00,8585.73,8625.13,8570.0,8588.08,188.382039
2018-03-11 03:35:00,8593.99,8594.9,8500.0,8554.99,269.069465
2018-03-11 03:40:00,8552.0,8594.87,8550.0,8576.91,281.148512
2018-03-11 03:45:00,8576.91,8631.49,8568.06,8596.3,99.078797
2018-03-11 03:50:00,8589.88,8613.27,8581.08,8604.18,65.371713
2018-03-11 03:55:00,8602.08,8640.0,8570.35,8617.0,77.451235
2018-03-11 04:00:00,8617.0,8617.0,8568.1,8570.0,103.291752
2018-03-11 04:05:00,8574.38,8630.0,8568.1,8623.11,82.917185
2018-03-11 04:10:00,8622.99,8635.0,8598.08,8625.0,46.612372
2018-03-11 04:15:00,8633.21,8684.37,8623.27,8677.75,96.878248
2018-03-11 04:20:00,8677.76,8690.0,8671.0,8688.41,82.30245
2018-03-11 04:25:00,8688.41,8700.0,8650.06,8658.39,84.45664
2018-03-11 04:30:00,8655.0,8688.57,8651.1,8680.0,64.456731
2018-03-11 04:35:00,8680.0,8710.0,8680.0,8705.83,173.417194
2018-03-11 04:40:00,8701.0,8723.99,8680.02,8688.0,130.785896
2018-03-11 04:45:00,8687.99,8694.17,8624.41,8650.02,110.511491
2018-03-11 04:50:00,8650.02,8690.0,8642.49,8689.88,54.255878
2018-03-11 04:55:00,8680.89,8682.98,8661.11,8665.32,100.817901
2018-03-11 05:00:00,8665.32,8673.89,8638.31,8656.9,57.865845
2018-03-11 05:05:00,8641.6,8673.72,8611.0,8621.0,59.236087
2018-03-11 05:10:00,8629.99,8650.0,8621.0,8650.0,55.86076
2018-03-11 05:15:00,8648.61,8669.03,8635.95,8662.0,21.559189
2018-03-11 05:20:00,8668.0,8699.66,8662.0,8690.0,96.734341
2018-03-11 05:25:00,8690.0,8750.0,8690.0,8735.01,163.669953
2018-03-11 05:30:00,8739.0,8766.0,8735.0,8749.0,146.361071
2018-03-11 05:35:00,8745.0,8750.05,8714.09,8730.01,95.469666
2018-03-11 05:40:00,8742.84,8750.0,8730.03,8747.52,36.186335
2018-03-11 05:45:00,8744.93,8783.13,8742.0,8781.14,110.249799
2018-03-11 05:50:00,8776.0,8799.0,8775.59,8790.0,95.996901
2018-03-11 05:55:00,8793.0,8841.0,8785.0,8833.03,178.350419
2018-03-11 06:00:00,8833.03,8844.07,8780.81,8795.0,141.46406
2018-03-11 06:05:00,8794.0,8833.0,8790.0,8830.0,99.9475
2018-03-11 06:10:00,8826.63,8844.0,8753.0,8773.0,175.478021
2018-03-11 06:15:00,8773.0,8819.5,8761.09,8795.0,96.196236
2018-03-11 06:20:00,8795.0,8796.15,8756.02,8762.42,61.533092
2018-03-11 06:25:00,8762.42,8779.13,8760.34,8769.0,59.081484
2018-03-11 06:30:00,8769.0,8819.0,8763.89,8800.09,81.230037
2018-03-11 06:35:00,8800.09,8830.01,8790.36,8796.98,108.782943
2018-03-11 06:40:00,8790.34,8807.2,8785.22,8794.0,65.062024
2018-03-11 06:45:00,8790.01,8815.0,8784.07,8804.17,64.107115
2018-03-11 06:50:00,8811.69,8822.92,8790.01,8801.87,59.601474
2018-03-11 06:55:00,8801.86,8805.7,8790.0,8800.0,53.103953
2018-03-11 07:00:00,8800.0,8809.0,8761.36,8765.07,75.893617
2018-03-11 07:05:00,8767.09,8769.9,8717.83,8730.95,137.996762
2018-03-11 07:10:00,8730.95,8741.0,8693.0,8730.0,135.674779
2018-03-11 07:15:00,8730.0,8775.0,8714.67,8773.54,66.222904
2018-03-11 07:20:00,8760.44,8775.18,8758.15,8766.0,30.191925
2018-03-11 07:25:00,8768.0,8784.07,8760.0,8772.14,30.893334
2018-03-11 07:30:00,8780.0,8783.9,8724.9,8740.47,107.076088
2018-03-11 07:35:00,8740.51,8760.0,8732.6,8752.0,22.397993
2018-03-11 07:40:00,8751.91,8751.96,8706.0,8730.0,84.831477
2018-03-11 07:45:00,8730.0,8734.31,8658.5,8659.1,106.684261
2018-03-11 07:50:00,8658.5,8704.46,8650.0,8679.0,116.5287
2018-03-11 07:55:00,8686.99,8714.72,8670.0,8704.0,38.954635
2018-03-11 08:00:00,8700.0,8750.0,8697.62,8735.91,87.783245
2018-03-11 08:05:00,8730.0,8735.98,8701.93,8704.92,61.384567
2018-03-11 08:10:00,8705.1,8772.85,8705.01,8765.0,52.90456
2018-03-11 08:15:00,8770.28,8777.0,8735.57,8755.0,46.467424
2018-03-11 08:20:00,8755.0,8763.61,8735.39,8741.08,59.827644
2018-03-11 08:25:00,8741.08,8748.9,8727.67,8740.0,44.223637
2018-03-11 08:30:00,8740.0,8817.11,8738.0,8770.0,171.840492
2018-03-11 08:35:00,8787.25,8799.0,8770.69,8780.99,70.850046
2018-03-11 08:40:00,8773.2,8786.84,8740.18,8750.9,38.98738
2018-03-11 08:45:00,8750.8,8764.99,8740.18,8749.99,40.057886
2018-03-11 08:50:00,8749.99,8779.73,8749.45,8760.01,29.948886
2018-03-11 08:55:00,8768.85,8789.8,8756.0,8780.94,49.389808
2018-03-11 09:00:00,8780.94,8785.0,8754.07,8754.07,39.538475
2018-03-11 09:05:00,8760.0,8769.31,8750.2,8752.01,25.811841
2018-03-11 09:10:00,8752.01,8779.95,8750.0,8769.99,48.292542
2018-03-11 09:15:00,8760.23,8785.79,8755.74,8769.98,39.61426
2018-03-11 09:20:00,8769.98,8780.0,8750.0,8750.51,31.132364
2018-03-11 09:25:00,8750.59,8762.07,8687.0,8710.85,162.548293
2018-03-11 09:30:00,8705.15,8719.98,8659.59,8670.0,188.567985
2018-03-11 09:35:00,8670.0,8683.05,8650.0,8655.12,131.575258
2018-03-11 09:40:00,8655.12,8665.99,8568.0,8607.21,313.374939
2018-03-11 09:45:00,8607.22,8660.0,8607.0,8640.0,174.286401
2018-03-11 09:50:00,8647.99,8647.99,8619.45,8644.19,73.341273
2018-03-11 09:55:00,8633.77,8644.15,8587.57,8599.99,120.082956
2018-03-11 10:00:00,8590.64,8634.07,8548.0,8561.73,163.26806
2018-03-11 10:05:00,8561.76,8590.0,8538.38,8549.99,140.81483
2018-03-11 10:10:00,8549.99,8587.98,8532.38,8580.0,85.026921
2018-03-11 10:15:00,8578.5,8619.99,8571.08,8587.73,106.182997
2018-03-11 10:20:00,8579.63,8624.0,8570.01,8613.35,57.255198
2018-03-11 10:25:00,8613.35,8645.85,8604.07,8624.6,92.234403
2018-03-11 10:30:00,8624.65,8627.67,8606.0,8615.0,27.332359
2018-03-11 10:35:00,8614.0,8614.0,8578.15,8604.68,68.655189
2018-03-11 10:40:00,8604.68,8680.03,8604.68,8665.0,85.31258
2018-03-11 10:45:00,8665.0,8669.9,8634.07,8646.22,47.552237
2018-03-11 10:50:00,8650.0,8688.0,8646.14,8666.0,54.85629
2018-03-11 10:55:00,8661.2,8709.99,8656.1,8698.99,117.586958
2018-03-11 11:00:00,8698.99,8702.0,8650.0,8652.83,76.685483
2018-03-11 11:05:00,8652.92,8685.37,8650.16,8670.28,50.584714
2018-03-11 11:10:00,8661.02,8670.18,8635.41,8640.94,44.847737
2018-03-11 11:15:00,8640.93,8651.81,8634.07,8649.88,29.110411
2018-03-11 11:20:00,8649.82,8670.0,8641.99,8658.74,30.78404
2018-03-11 11:25:00,8658.74,8659.85,8645.0,8652.94,16.462373
2018-03-11 11:30:00,8652.97,8715.18,8652.93,8713.59,76.744285
2018-03-11 11:35:00,8713.59,8755.99,8713.59,8754.07,176.720867
2018-03-11 11:40:00,8755.98,8790.7,8754.07,8789.96,201.901014
2018-03-11 11:45:00,8789.96,8890.0,8789.95,8868.85,415.366409
2018-03-11 11:50:00,8864.98,8971.0,8864.98,8928.51,369.654834
2018-03-11 11:55:00,8928.62,9100.66,8928.6,9027.68,475.946882
2018-03-11 12:00:00,9025.03,9168.0,9015.11,9136.73,508.328413
2018-03-11 12:05:00,9130.0,9153.06,9050.9,9063.0,406.247176
2018-03-11 12:10:00,9063.0,9125.0,9020.33,9113.0,344.442656
2018-03-11 12:15:00,9112.99,9250.0,9110.99,9223.29,476.961809
2018-03-11 12:20:00,9230.0,9255.0,9150.0,9213.36,570.967261
2018-03-11 12:25:00,9213.36,9237.92,9140.29,9181.98,269.703191
2018-03-11 12:30:00,9181.98,9218.0,9140.0,9142.0,259.676038
2018-03-11 12:35:00,9142.0,9200.64,9137.72,9199.0,153.541893
2018-03-11 12:40:00,9200.0,9204.07,9165.0,9165.61,112.733953
2018-03-11 12:45:00,9165.2,9180.0,9109.33,9136.0,247.302001
2018-03-11 12:50:00,9131.03,9170.0,9131.03,9148.0,122.319382
2018-03-11 12:55:00,9148.0,9222.0,9142.0,9170.0,319.350716
2018-03-11 13:00:00,9167.19,9188.0,9144.07,9159.97,152.327236
2018-03-11 13:05:00,9146.92,9210.0,9137.77,9187.46,175.242984
2018-03-11 13:10:00,9187.49,9334.78,9187.49,9319.91,477.080806
2018-03-11 13:15:00,9305.93,9335.0,9270.01,9284.0,193.119146
2018-03-11 13:20:00,9284.0,9290.0,9253.0,9275.0,125.19336
2018-03-11 13:25:00,9275.0,9278.8,9220.01,9239.0,342.865482
2018-03-11 13:30:00,9244.33,9249.51,9220.0,9242.43,113.199835
2018-03-11 13:35:00,9242.43,9303.41,9234.0,9270.94,189.375706
2018-03-11 13:40:00,9270.0,9270.94,9167.41,9188.05,238.840072
2018-03-11 13:45:00,9188.05,9210.0,9174.07,9180.0,173.934939
2018-03-11 13:50:00,9188.09,9220.0,9174.34,9188.95,135.920976
2018-03-11 13:55:00,9187.96,9229.1,9175.75,9200.97,122.019918
2018-03-11 14:00:00,9200.98,9219.48,9168.68,9196.96,183.1488
2018-03-11 14:05:00,9196.01,9199.0,9175.0,9175.0,114.442364
2018-03-11 14:10:00,9180.0,9204.07,9170.03,9199.04,116.686029
2018-03-11 14:15:00,9198.42,9246.0,9163.0,9230.0,162.450569
2018-03-11 14:20:00,9230.0,9299.01,9230.0,9267.0,233.305465
2018-03-11 14:25:00,9267.0,9270.0,9220.0,9228.99,122.265538
2018-03-11 14:30:00,9220.0,9250.0,9214.48,9217.36,55.451527
2018-03-11 14:35:00,9217.36,9235.04,9178.06,9189.26,84.382133
2018-03-11 14:40:00,9188.57,9207.51,9163.0,9189.92,168.838165
2018-03-11 14:45:00,9198.91,9198.92,9131.13,9160.0,200.27602
2018-03-11 14:50:00,9159.9,9191.0,9142.09,9174.07,97.889005
2018-03-11 14:55:00,9174.07,9208.71,9157.5,9177.03,133.731367
2018-03-11 15:00:00,9177.01,9190.0,9153.34,9175.0,86.589317
2018-03-11 15:05:00,9175.0,9215.0,9165.0,9211.63,85.448789
2018-03-11 15:10:00,9199.99,9240.0,9193.51,9216.0,120.291384
2018-03-11 15:15:00,9216.0,9230.0,9190.0,9196.0,56.070242
2018-03-11 15:20:00,9198.0,9215.99,9151.0,9155.0,71.339119
2018-03-11 15:25:00,9155.0,9178.09,9150.5,9166.0,68.574426
2018-03-11 15:30:00,9166.0,9189.0,9160.0,9187.0,137.618587
2018-03-11 15:35:00,9187.0,9187.0,9051.2,9061.0,352.75939
2018-03-11 15:40:00,9060.99,9095.53,9047.0,9079.96,331.087311
2018-03-11 15:45:00,9079.96,9103.77,9070.02,9103.21,133.980864
2018-03-11 15:50:00,9103.21,9114.07,9071.06,9078.95,115.600392
2018-03-11 15:55:00,9078.95,9078.96,9022.0,9036.04,237.089136
2018-03-11 16:00:00,9049.96,9099.99,9037.01,9090.03,239.208236
2018-03-11 16:05:00,9082.87,9165.0,9080.01,9165.0,162.914467
2018-03-11 16:10:00,9157.0,9193.53,9139.12,9167.33,149.78924
2018-03-11 16:15:00,9171.0,9179.0,9141.65,9156.02,83.632546
2018-03-11 16:20:00,9160.0,9197.41,9140.11,9185.38,109.398101
2018-03-11 16:25:00,9187.08,9249.0,9185.42,9212.01,255.534099
2018-03-11 16:30:00,9212.01,9245.83,9207.03,9215.13,121.879263
2018-03-11 16:35:00,9224.98,9247.0,9192.8,9243.49,126.200746
2018-03-11 16:40:00,9246.98,9260.01,9178.93,9210.0,193.220104
2018-03-11 16:45:00,9200.0,9210.0,9163.5,9180.31,117.19252
2018-03-11 16:50:00,9180.31,9222.04,9175.0,9208.0,88.591654
2018-03-11 16:55:00,9208.0,9239.0,9174.07,9180.0,81.785086
2018-03-11 17:00:00,9180.04,9213.27,9176.0,9200.0,48.147206
2018-03-11 17:05:00,9200.0,9230.0,9183.01,9204.69,72.002986
2018-03-11 17:10:00,9204.69,9215.0,9192.76,9214.9,58.131404
2018-03-11 17:15:00,9214.9,9339.9,9202.04,9313.44,412.941574
2018-03-11 17:20:00,9313.0,9431.0,9300.0,9400.11,565.465427
2018-03-11 17:25:00,9401.0,9432.0,9371.87,9407.0,323.534077
2018-03-11 17:30:00,9400.0,9414.0,9339.0,9390.0,241.455906
2018-03-11 17:35:00,9390.0,9420.0,9382.19,9409.0,137.991041
2018-03-11 17:40:00,9409.0,9409.0,9354.3,9370.99,114.432567
2018-03-11 17:45:00,9370.0,9590.0,9359.06,9580.02,806.510322
2018-03-11 17:50:00,9581.31,9654.06,9564.07,9620.0,847.198841
2018-03-11 17:55:00,9630.0,9630.92,9580.0,9622.51,341.165456
2018-03-11 18:00:00,9623.95,9634.56,9564.07,9593.74,302.20233
2018-03-11 18:05:00,9595.0,9711.0,9586.09,9665.0,519.15204
2018-03-11 18:10:00,9665.0,9689.99,9580.5,9633.0,326.130373
2018-03-11 18:15:00,9643.96,9643.96,9580.11,9580.11,216.933983
2018-03-11 18:20:00,9580.11,9614.88,9567.04,9585.0,233.88359
2018-03-11 18:25:00,9585.0,9640.42,9575.0,9590.0,194.092489
2018-03-11 18:30:00,9585.02,9593.96,9560.0,9560.01,135.800603
2018-03-11 18:35:00,9562.0,9578.01,9511.0,9511.0,189.710633
2018-03-11 18:40:00,9516.0,9594.97,9512.0,9594.97,230.826676
2018-03-11 18:45:00,9590.0,9600.0,9550.94,9590.0,138.733801
2018-03-11 18:50:00,9589.0,9598.89,9571.22,9586.99,118.30445
2018-03-11 18:55:00,9586.66,9606.0,9579.07,9589.02,94.524064
2018-03-11 19:00:00,9589.02,9640.0,9585.0,9610.0,182.5454
2018-03-11 19:05:00,9610.0,9615.0,9550.0,9565.02,177.217962
2018-03-11 19:10:00,9565.02,9577.83,9551.41,9551.46,66.110719
2018-03-11 19:15:00,9567.88,9615.0,9551.51,9581.0,79.203569
2018-03-11 19:20:00,9580.01,9630.0,9580.01,9623.8,106.044607
2018-03-11 19:25:00,9627.52,9635.0,9593.26,9599.02,142.820595
2018-03-11 19:30:00,9599.02,9623.01,9570.0,9585.02,79.39467
2018-03-11 19:35:00,9599.02,9623.0,9585.81,9620.2,103.699733
2018-03-11 19:40:00,9617.97,9655.37,9602.01,9655.03,159.041053
2018-03-11 19:45:00,9655.03,9691.98,9619.43,9672.05,219.861345
2018-03-11 19:50:00,9672.02,9680.0,9635.1,9659.94,130.243288
2018-03-11 19:55:00,9650.12,9659.94,9615.9,9639.57,102.430884
2018-03-11 20:00:00,9637.0,9643.94,9481.66,9489.05,552.302828
2018-03-11 20:05:00,9489.05,9564.07,9479.88,9534.0,353.708474
2018-03-11 20:10:00,9533.92,9541.0,9486.7,9520.01,106.976458
2018-03-11 20:15:00,9525.0,9538.39,9493.81,9500.0,146.398792
2018-03-11 20:20:00,9493.81,9500.0,9431.26,9480.01,291.84219
2018-03-11 20:25:00,9489.96,9525.0,9480.01,9525.0,127.255685
2018-03-11 20:30:00,9525.39,9600.0,9525.0,9550.01,362.957131
2018-03-11 20:35:00,9559.0,9569.02,9524.64,9550.0,91.213885
2018-03-11 20:40:00,9550.0,9570.24,9465.48,9499.07,210.046676
2018-03-11 20:45:00,9485.05,9568.25,9480.06,9568.25,92.694321
2018-03-11 20:50:00,9569.0,9642.0,9536.49,9625.27,201.7118
2018-03-11 20:55:00,9625.28,9639.8,9562.5,9585.0,176.935155
2018-03-11 21:00:00,9585.0,9620.0,9585.0,9605.1,94.540434
2018-03-11 21:05:00,9619.0,9627.35,9595.55,9599.98,79.116611
2018-03-11 21:10:00,9596.01,9623.49,9554.15,9586.5,130.131789
2018-03-11 21:15:00,9590.06,9611.0,9589.98,9600.06,49.84496
2018-03-11 21:20:00,9600.08,9630.94,9590.01,9627.9,95.46559
2018-03-11 21:25:00,9627.9,9650.0,9601.66,9618.15,114.156129
2018-03-11 21:30:00,9618.15,9640.0,9553.5,9575.0,113.450843
2018-03-11 21:35:00,9553.93,9590.0,9518.76,9542.0,154.846018
2018-03-11 21:40:00,9542.0,9579.98,9525.02,9570.0,85.953044
2018-03-11 21:45:00,9570.0,9580.0,9535.5,9559.02,83.531912
2018-03-11 21:50:00,9567.38,9578.91,9543.0,9549.0,44.549628
2018-03-11 21:55:00,9549.0,9553.0,9510.0,9519.0,94.10661
2018-03-11 22:00:00,9519.0,9600.0,9515.7,9600.0,101.842738
2018-03-11 22:05:00,9598.97,9623.7,9579.01,9594.98,101.599382
2018-03-11 22:10:00,9581.27,9722.0,9580.96,9720.75,344.120691
2018-03-11 22:15:00,9722.0,9740.0,9631.33,9670.0,284.471483
2018-03-11 22:20:00,9679.0,9684.07,9615.01,9635.0,151.122758
2018-03-11 22:25:00,9630.01,9679.0,9628.0,9648.94,100.229816
2018-03-11 22:30:00,9648.94,9678.55,9611.55,9615.59,113.753067
2018-03-11 22:35:00,9611.58,9614.0,9550.0,9585.0,220.10606
2018-03-11 22:40:00,9585.0,9600.0,9550.0,9575.0,99.288315
2018-03-11 22:45:00,9575.0,9611.77,9575.0,9585.0,88.762879
2018-03-11 22:50:00,9584.25,9600.0,9579.15,9597.92,26.586371
2018-03-11 22:55:00,9595.01,9641.9,9521.01,9521.05,165.601921
2018-03-11 23:00:00,9523.45,9594.06,9444.6,9467.66,317.506134
2018-03-11 23:05:00,9470.0,9522.01,9465.01,9509.99,140.04222
2018-03-11 23:10:00,9510.99,9573.49,9504.0,9550.05,77.636333
2018-03-11 23:15:00,9554.85,9563.85,9518.44,9524.98,73.81778
2018-03-11 23:20:00,9525.0,9537.68,9450.0,9465.0,167.748538
2018-03-11 23:25:00,9464.98,9494.94,9450.0,9463.39,98.824345
2018-03-11 23:30:00,9463.38,9518.73,9463.38,9505.34,54.36836
2018-03-11 23:35:00,9518.73,9544.23,9490.0,9510.0,83.217223
2018-03-11 23:40:00,9505.08,9523.0,9474.07,9484.02,101.405639
2018-03-11 23:45:00,9494.96,9518.0,9463.0,9488.0,74.387083
2018-03-11 23:50:00,9479.8,9570.0,9479.74,9536.68,138.29307
2018-03-11 23:55:00,9536.64,9564.99,9505.49,9533.57,64.817031
2018-03-12 00:00:00,9533.57,9598.88,9528.02,9597.6,116.762809
2018-03-12 00:05:00,9588.0,9635.0,9583.0,9620.12,207.528707
2018-03-12 00:10:00,9620.22,9635.0,9597.77,9607.99,81.921932
2018-03-12 00:15:00,9607.99,9613.99,9550.48,9580.01,105.905105
2018-03-12 00:20:00,9587.42,9619.0,9575.0,9609.99,81.335351
2018-03-12 00:25:00,9610.0,9619.0,9560.04,9591.16,98.650542
2018-03-12 00:30:00,9582.0,9610.0,9566.79,9580.41,49.307268
2018-03-12 00:35:00,9580.41,9634.97,9567.0,9595.01,105.30323
2018-03-12 00:40:00,9600.06,9670.0,9590.0,9610.0,128.888321
2018-03-12 00:45:00,9603.0,9631.0,9600.0,9615.0,68.065806
2018-03-12 00:50:00,9611.0,9623.97,9581.32,9598.0,130.732677
2018-03-12 00:55:00,9598.0,9616.13,9593.0,9608.87,64.497278
2018-03-12 01:00:00,9600.03,9635.0,9589.0,9612.0,55.369339
2018-03-12 01:05:00,9618.8,9632.0,9612.0,9618.5,48.784832
2018-03-12 01:10:00,9619.0,9691.47,9619.0,9680.0,229.016288
2018-03-12 01:15:00,9670.63,9713.0,9668.76,9687.0,197.700012
2018-03-12 01:20:00,9687.0,9698.29,9662.0,9670.02,94.089759
2018-03-12 01:25:00,9670.02,9686.34,9650.02,9652.75,53.870641
2018-03-12 01:30:00,9652.75,9664.32,9645.0,9663.01,53.265567
2018-03-12 01:35:00,9664.07,9672.8,9655.0,9656.97,48.343387
2018-03-12 01:40:00,9656.96,9657.99,9486.0,9489.13,403.727398
2018-03-12 01:45:00,9489.16,9553.41,9489.15,9506.11,120.105238
2018-03-12 01:50:00,9516.02,9551.43,9490.0,9535.0,110.082574
2018-03-12 01:55:00,9539.84,9575.0,9525.94,9556.95,112.225023
2018-03-12 02:00:00,9547.1,9556.97,9500.0,9509.98,98.768186
2018-03-12 02:05:00,9509.97,9544.99,9501.32,9534.32,91.98397
2018-03-12 02:10:00,9534.32,9575.0,9534.32,9546.79,51.334136
2018-03-12 02:15:00,9546.8,9611.56,9546.79,9599.53,107.52269
2018-03-12 02:20:00,9599.55,9615.0,9556.0,9581.0,70.466252
2018-03-12 02:25:00,9581.01,9615.0,9578.0,9599.0,82.746621
2018-03-12 02:30:00,9599.0,9600.0,9561.14,9575.0,49.672267
2018-03-12 02:35:00,9576.0,9585.0,9556.59,9559.74,44.40889
2018-03-12 02:40:00,9569.99,9594.07,9557.72,9576.89,31.652635
2018-03-12 02:45:00,9590.46,9610.0,9576.88,9587.39,119.705134
2018-03-12 02:50:00,9587.39,9589.0,9552.15,9560.9,33.635412
2018-03-12 02:55:00,9572.0,9590.0,9556.78,9585.0,37.948078
2018-03-12 03:00:00,9587.78,9594.67,9560.11,9565.05,67.876228
2018-03-12 03:05:00,9577.89,9621.0,9565.13,9621.0,81.495332
2018-03-12 03:10:00,9621.0,9624.62,9564.0,9577.66,71.686997
2018-03-12 03:15:00,9575.21,9579.6,9526.0,9531.32,122.589335
2018-03-12 03:20:00,9531.32,9554.52,9520.01,9539.62,79.101071
2018-03-12 03:25:00,9539.61,9550.0,9525.24,9537.94,37.755556
2018-03-12 03:30:00,9527.08,9534.98,9367.17,9403.48,688.063536
2018-03-12 03:35:00,9388.17,9429.99,9385.11,9402.0,199.497303
2018-03-12 03:40:00,9402.0,9409.89,9356.02,9380.09,193.857591
2018-03-12 03:45:00,9377.91,9397.89,9356.02,9396.98,138.307869
2018-03-12 03:50:00,9396.98,9399.0,9366.04,9399.0,91.605666
2018-03-12 03:55:00,9391.08,9429.87,9391.0,9416.09,115.280364
2018-03-12 04:00:00,9416.09,9420.0,9382.0,9391.06,83.425443
2018-03-12 04:05:00,9390.01,9424.99,9388.34,9414.91,36.553516
2018-03-12 04:10:00,9414.89,9414.9,9373.0,9386.01,87.023222
2018-03-12 04:15:00,9386.01,9405.89,9370.05,9398.02,109.732077
2018-03-12 04:20:00,9401.51,9485.01,9390.44,9482.02,163.729918
2018-03-12 04:25:00,9482.04,9544.0,9482.02,9514.99,201.926652
2018-03-12 04:30:00,9511.08,9544.23,9511.0,9515.64,124.805944
2018-03-12 04:35:00,9515.5,9540.75,9500.0,9530.0,88.313239
2018-03-12 04:40:00,9525.02,9561.4,9525.02,9540.0,110.79538
2018-03-12 04:45:00,9543.9,9543.9,9505.59,9510.27,50.028143
2018-03-12 04:50:00,9510.27,9551.23,9509.0,9551.23,66.93354
2018-03-12 04:55:00,9537.7,9557.99,9525.61,9537.0,76.192405
2018-03-12 05:00:00,9532.01,9555.0,9525.0,9531.02,47.846318
2018-03-12 05:05:00,9544.58,9544.58,9520.0,9526.99,55.983998
2018-03-12 05:10:00,9529.95,9529.97,9462.95,9489.99,148.901518
2018-03-12 05:15:00,9489.98,9529.83,9484.99,9495.0,50.501148
2018-03-12 05:20:00,9500.01,9555.0,9500.0,9538.01,65.719574
2018-03-12 05:25:00,9545.0,9606.02,9527.51,9576.79,142.374192
2018-03-12 05:30:00,9565.73,9601.01,9565.73,9598.79,83.288459
2018-03-12 05:35:00,9598.79,9600.91,9538.91,9555.46,72.217364
2018-03-12 05:40:00,9549.16,9582.91,9541.05,9564.0,56.14402
2018-03-12 05:45:00,9564.0,9595.0,9564.0,9591.02,39.848114
2018-03-12 05:50:00,9591.02,9599.0,9565.0,9575.0,35.854087
2018-03-12 05:55:00,9577.0,9579.99,9549.8,9550.0,50.344435
2018-03-12 06:00:00,9550.0,9556.87,9527.0,9542.03,78.000805
2018-03-12 06:05:00,9554.0,9588.0,9540.83,9580.0,39.122475
2018-03-12 06:10:00,9580.0,9587.7,9544.82,9548.93,54.944123
2018-03-12 06:15:00,9551.19,9565.72,9532.0,9542.07,43.402425
2018-03-12 06:20:00,9549.93,9579.98,9542.07,9569.21,71.350592
2018-03-12 06:25:00,9570.0,9648.99,9570.0,9636.05,187.57743
2018-03-12 06:30:00,9636.06,9688.0,9630.01,9632.0,188.571621
2018-03-12 06:35:00,9632.0,9655.0,9616.04,9643.02,79.590095
2018-03-12 06:40:00,9643.02,9688.0,9635.46,9635.46,324.930249
2018-03-12 06:45:00,9636.46,9655.6,9565.01,9610.01,144.545481
2018-03-12 06:50:00,9610.01,9622.46,9570.0,9601.59,109.766434
2018-03-12 06:55:00,9606.12,9621.48,9590.0,9593.11,53.841933
2018-03-12 07:00:00,9599.0,9617.81,9577.6,9577.6,44.917684
2018-03-12 07:05:00,9577.05,9593.0,9568.72,9580.0,62.409282
2018-03-12 07:10:00,9579.0,9638.95,9570.42,9617.02,119.799321
2018-03-12 07:15:00,9616.07,9625.0,9594.07,9600.0,49.198241
2018-03-12 07:20:00,9596.76,9624.98,9594.08,9607.0,34.830328
2018-03-12 07:25:00,9607.0,9610.0,9516.77,9551.45,175.5263
2018-03-12 07:30:00,9562.0,9589.67,9550.02,9579.99,39.098954
2018-03-12 07:35:00,9580.39,9588.5,9545.0,9578.3,56.657747
2018-03-12 07:40:00,9578.3,9614.99,9578.3,9601.71,56.309668
2018-03-12 07:45:00,9604.0,9606.52,9582.0,9582.0,28.551067
2018-03-12 07:50:00,9582.0,9590.0,9574.13,9578.0,49.102813
2018-03-12 07:55:00,9579.99,9606.0,9578.0,9599.92,43.825033
2018-03-12 08:00:00,9599.92,9625.0,9582.91,9599.87,79.058281
2018-03-12 08:05:00,9592.79,9607.65,9512.0,9525.46,168.908637
2018-03-12 08:10:00,9522.97,9553.3,9515.0,9536.0,70.961293
2018-03-12 08:15:00,9536.47,9572.0,9526.36,9530.0,62.786766
2018-03-12 08:20:00,9531.0,9565.67,9530.0,9538.0,47.182132
2018-03-12 08:25:00,9538.0,9569.0,9534.36,9540.02,46.698544
2018-03-12 08:30:00,9540.0,9556.0,9519.43,9532.81,36.443107
2018-03-12 08:35:00,9532.88,9550.85,9512.0,9524.19,80.341147
2018-03-12 08:40:00,9528.91,9560.0,9525.0,9543.03,38.824329
2018-03-12 08:45:00,9543.03,9569.0,9543.0,9550.0,52.151458
2018-03-12 08:50:00,9550.0,9558.72,9533.74,9534.63,39.92765
2018-03-12 08:55:00,9540.18,9560.0,9535.0,9536.01,60.559829
2018-03-12 09:00:00,9539.36,9585.1,9536.0,9576.78,41.437688
2018-03-12 09:05:00,9576.78,9576.78,9550.23,9564.89,29.63417
2018-03-12 09:10:00,9564.89,9569.94,9545.0,9545.0,37.17279
2018-03-12 09:15:00,9550.98,9569.0,9516.0,9530.61,60.497439
2018-03-12 09:20:00,9539.46,9555.29,9531.03,9550.01,27.060279
2018-03-12 09:25:00,9550.01,9618.0,9534.65,9618.0,123.797875
2018-03-12 09:30:00,9618.0,9788.0,9618.0,9769.91,659.156417
2018-03-12 09:35:00,9769.91,9798.0,9735.51,9745.0,329.351615
2018-03-12 09:40:00,9745.0,9810.0,9745.0,9808.97,266.512976
2018-03-12 09:45:00,9808.97,9866.53,9774.07,9779.99,377.616638
2018-03-12 09:50:00,9780.0,9820.01,9779.99,9808.0,136.783466
2018-03-12 09:55:00,9807.0,9808.93,9784.06,9787.0,107.468206
2018-03-12 10:00:00,9790.0,9832.38,9787.0,9826.0,203.66947
2018-03-12 10:05:00,9830.3,9834.04,9800.64,9803.0,112.566417
2018-03-12 10:10:00,9809.99,9880.0,9803.0,9845.0,248.179624
2018-03-12 10:15:00,9841.0,9888.88,9836.0,9865.99,198.576825
2018-03-12 10:20:00,9869.03,9870.0,9833.11,9847.0,139.70493
2018-03-12 10:25:00,9843.01,9843.01,9806.03,9836.0,110.213959
2018-03-12 10:30:00,9835.99,9845.0,9760.0,9808.99,192.574415
2018-03-12 10:35:00,9808.99,9820.0,9785.99,9820.0,128.402036
2018-03-12 10:40:00,9819.98,9829.62,9800.0,9829.0,82.653688
2018-03-12 10:45:00,9829.0,9840.05,9795.0,9817.95,93.616664
2018-03-12 10:50:00,9811.0,9820.0,9802.97,9819.88,37.25801
2018-03-12 10:55:00,9811.59,9840.47,9811.59,9835.16,61.405189
2018-03-12 11:00:00,9835.16,9840.95,9820.0,9826.06,61.77441
2018-03-12 11:05:00,9826.06,9834.97,9804.1,9807.99,72.546439
2018-03-12 11:10:00,9809.0,9819.0,9790.0,9815.0,130.707968
2018-03-12 11:15:00,9812.01,9815.0,9797.69,9812.01,47.104021
2018-03-12 11:20:00,9812.02,9819.29,9801.0,9805.0,48.029074
2018-03-12 11:25:00,9805.0,9834.07,9801.0,9803.0,72.807895
2018-03-12 11:30:00,9803.0,9804.0,9736.0,9740.14,231.323466
2018-03-12 11:35:00,9740.16,9798.0,9740.0,9774.99,152.548638
2018-03-12 11:40:00,9775.0,9798.0,9770.44,9782.0,50.136337
2018-03-12 11:45:00,9780.0,9799.62,9780.0,9790.1,35.317426
2018-03-12 11:50:00,9790.1,9799.99,9771.86,9799.99,77.909222
2018-03-12 11:55:00,9799.99,9850.0,9795.02,9837.03,131.802245
2018-03-12 12:00:00,9837.04,9838.0,9790.0,9799.96,118.034782
2018-03-12 12:05:00,9792.01,9810.0,9770.01,9780.0,83.954876
2018-03-12 12:10:00,9775.16,9813.73,9775.16,9805.0,82.00869
2018-03-12 12:15:00,9803.0,9811.37,9782.37,9794.07,51.534392
2018-03-12 12:20:00,9794.07,9806.0,9785.87,9805.0,47.155391
2018-03-12 12:25:00,9805.0,9808.0,9795.73,9795.73,38.141566
2018-03-12 12:30:00,9795.0,9801.0,9790.0,9796.0,65.664741
2018-03-12 12:35:00,9796.0,9801.0,9773.21,9775.54,88.947251
2018-03-12 12:40:00,9775.0,9793.97,9752.01,9769.96,129.485611
2018-03-12 12:45:00,9769.96,9789.68,9765.0,9780.1,56.535395
2018-03-12 12:50:00,9780.0,9793.99,9780.0,9793.99,33.306855
2018-03-12 12:55:00,9790.0,9800.01,9781.0,9788.0,51.953613
2018-03-12 13:00:00,9787.89,9787.89,9758.01,9768.0,41.072732
2018-03-12 13:05:00,9768.0,9787.64,9687.0,9700.0,276.857755
2018-03-12 13:10:00,9700.0,9734.1,9688.0,9730.45,193.627491
2018-03-12 13:15:00,9721.0,9734.1,9703.0,9720.0,93.49886
2018-03-12 13:20:00,9720.0,9741.98,9715.02,9735.0,98.978812
2018-03-12 13:25:00,9736.02,9760.0,9736.02,9755.05,48.029025
2018-03-12 13:30:00,9760.0,9770.0,9725.4,9760.0,69.136893
2018-03-12 13:35:00,9760.0,9795.0,9760.0,9793.97,103.863943
2018-03-12 13:40:00,9793.97,9793.99,9760.0,9775.0,95.362327
2018-03-12 13:45:00,9775.0,9784.94,9771.0,9782.0,66.388081
2018-03-12 13:50:00,9782.0,9784.97,9750.0,9756.22,70.860321
2018-03-12 13:55:00,9756.22,9779.14,9750.06,9763.05,52.140238
2018-03-12 14:00:00,9761.0,9765.0,9748.74,9760.0,48.567623
2018-03-12 14:05:00,9756.91,9779.98,9748.74,9765.0,34.393694
2018-03-12 14:10:00,9765.0,9770.0,9681.16,9694.53,141.684697
2018-03-12 14:15:00,9700.0,9730.0,9598.0,9609.99,366.56888
2018-03-12 14:20:00,9610.03,9622.55,9515.0,9555.03,548.994306
2018-03-12 14:25:00,9558.71,9596.0,9430.05,9430.05,821.996517
2018-03-12 14:30:00,9430.0,9480.0,9326.76,9331.0,735.093611
2018-03-12 14:35:00,9326.76,9448.87,9325.87,9365.88,800.632526
2018-03-12 14:40:00,9369.27,9427.16,9360.0,9390.0,362.937308
2018-03-12 14:45:00,9390.0,9399.8,9345.0,9375.02,344.516786
2018-03-12 14:50:00,9376.04,9420.96,9333.01,9357.15,335.606438
2018-03-12 14:55:00,9357.14,9370.91,9172.0,9248.11,885.64128
2018-03-12 15:00:00,9230.29,9300.0,9214.47,9280.0,431.24007
2018-03-12 15:05:00,9279.97,9300.95,9235.0,9267.0,311.222314
2018-03-12 15:10:00,9266.99,9305.5,9234.4,9305.0,264.667843
2018-03-12 15:15:00,9305.0,9351.39,9265.04,9335.0,385.817539
2018-03-12 15:20:00,9332.09,9332.09,9265.0,9302.0,228.942164
2018-03-12 15:25:00,9300.0,9327.33,9275.07,9285.0,164.678663
2018-03-12 15:30:00,9287.98,9303.74,9235.01,9303.74,271.737272
2018-03-12 15:35:00,9293.0,9306.85,9249.9,9259.99,111.828918
2018-03-12 15:40:00,9259.99,9287.06,9242.81,9275.9,74.131583
2018-03-12 15:45:00,9275.9,9290.0,9116.31,9129.99,520.809931
2018-03-12 15:50:00,9130.0,9179.29,9110.0,9145.0,297.483278
2018-03-12 15:55:00,9158.07,9180.0,9140.45,9170.01,155.552881
2018-03-12 16:00:00,9174.22,9174.22,9004.0,9059.98,688.468328
2018-03-12 16:05:00,9059.98,9156.0,9020.0,9156.0,435.45187
2018-03-12 16:10:00,9156.0,9161.0,9076.0,9106.89,303.187092
2018-03-12 16:15:00,9115.0,9158.2,9070.0,9139.2,226.160142
2018-03-12 16:20:00,9131.58,9169.0,9116.83,9138.99,177.627432
2018-03-12 16:25:00,9138.0,9159.98,9130.11,9140.0,159.455192
2018-03-12 16:30:00,9140.0,9260.0,9135.05,9259.98,282.776615
2018-03-12 16:35:00,9259.98,9266.05,9204.07,9235.0,325.910346
2018-03-12 16:40:00,9235.0,9239.99,9151.0,9190.38,240.250874
2018-03-12 16:45:00,9183.01,9232.52,9183.0,9220.0,128.442184
2018-03-12 16:50:00,9216.99,9250.99,9215.0,9235.0,119.512169
2018-03-12 16:55:00,9235.0,9235.0,9165.2,9195.0,142.648642
2018-03-12 17:00:00,9196.39,9265.0,9177.96,9250.01,172.486745
2018-03-12 17:05:00,9251.0,9309.57,9250.0,9278.0,213.976445
2018-03-12 17:10:00,9278.0,9287.29,9223.33,9247.91,203.443884
2018-03-12 17:15:00,9243.0,9247.91,9170.01,9194.0,202.317496
2018-03-12 17:20:00,9205.18,9220.0,9190.0,9210.0,75.764505
2018-03-12 17:25:00,9203.01,9214.17,9050.0,9071.0,296.987835
2018-03-12 17:30:00,9070.0,9168.99,9050.0,9158.94,298.732041
2018-03-12 17:35:00,9151.0,9174.07,9111.1,9174.07,124.410907
2018-03-12 17:40:00,9172.88,9210.0,9147.0,9189.01,113.54607
2018-03-12 17:45:00,9190.01,9200.0,9144.07,9150.21,126.036959
2018-03-12 17:50:00,9150.0,9175.53,9145.0,9167.07,56.297148
2018-03-12 17:55:00,9160.11,9214.0,9160.0,9176.48,106.292277
2018-03-12 18:00:00,9175.29,9200.0,9157.05,9174.14,60.630508
2018-03-12 18:05:00,9173.9,9188.0,9125.0,9153.01,78.102515
2018-03-12 18:10:00,9153.01,9192.99,9150.99,9173.55,58.942511
2018-03-12 18:15:00,9173.53,9173.55,9136.14,9141.99,66.787336
2018-03-12 18:20:00,9141.99,9240.0,9138.0,9226.7,124.894531
2018-03-12 18:25:00,9226.64,9230.0,9200.0,9226.0,95.343937
2018-03-12 18:30:00,9226.2,9234.07,9185.0,9215.0,80.329066
2018-03-12 18:35:00,9218.9,9240.46,9200.12,9212.99,69.515063
2018-03-12 18:40:00,9212.99,9228.12,9180.0,9199.21,66.914786
2018-03-12 18:45:00,9199.2,9225.0,9190.0,9193.0,93.113264
2018-03-12 18:50:00,9193.0,9230.81,9193.0,9220.5,45.313477
2018-03-12 18:55:00,9225.01,9235.46,9200.0,9210.0,64.975271
2018-03-12 19:00:00,9210.0,9215.0,9194.0,9208.72,42.718688
2018-03-12 19:05:00,9202.02,9208.7,9128.89,9170.1,139.273899
2018-03-12 19:10:00,9166.01,9198.0,9083.01,9113.75,222.414328
2018-03-12 19:15:00,9102.02,9160.8,9090.0,9120.14,160.76115
2018-03-12 19:20:00,9120.14,9140.16,9099.86,9115.4,57.907122
2018-03-12 19:25:00,9115.4,9115.4,8900.1,8920.32,968.177396
2018-03-12 19:30:00,8921.02,8966.77,8865.17,8908.46,461.886954
2018-03-12 19:35:00,8917.0,8925.89,8852.05,8899.99,288.309996
2018-03-12 19:40:00,8897.01,8915.0,8868.19,8888.09,251.409595
2018-03-12 19:45:00,8880.0,8949.99,8850.0,8942.39,266.433509
2018-03-12 19:50:00,8942.39,8960.06,8900.0,8939.92,221.67871
2018-03-12 19:55:00,8939.92,8944.0,8915.0,8927.0,123.055029
2018-03-12 20:00:00,8934.99,8954.17,8912.1,8915.02,149.579301
2018-03-12 20:05:00,8916.5,8924.93,8822.0,8827.0,290.697098
2018-03-12 20:10:00,8825.01,8899.0,8780.0,8875.01,479.13623
2018-03-12 20:15:00,8877.46,8934.07,8875.0,8908.45,171.362396
2018-03-12 20:20:00,8905.0,8953.09,8902.01,8935.0,179.448243
2018-03-12 20:25:00,8934.0,8945.0,8915.17,8924.0,68.076175
2018-03-12 20:30:00,8923.98,8934.07,8888.0,8913.09,114.369875
2018-03-12 20:35:00,8911.0,9028.6,8900.0,9012.69,352.691207
2018-03-12 20:40:00,9020.74,9069.0,8996.24,9029.23,248.540387
2018-03-12 20:45:00,9025.0,9043.4,8978.89,9000.01,130.483839
2018-03-12 20:50:00,9000.01,9075.0,8990.0,9044.93,147.445799
2018-03-12 20:55:00,9049.23,9052.86,9001.04,9020.1,100.222561
2018-03-12 21:00:00,9028.04,9030.76,9000.0,9010.04,68.723717
2018-03-12 21:05:00,9010.04,9055.0,9000.12,9045.0,92.825636
2018-03-12 21:10:00,9054.76,9060.0,9030.0,9044.21,77.1542
2018-03-12 21:15:00,9033.07,9054.64,8961.16,8979.75,166.688524
2018-03-12 21:20:00,8970.11,8998.99,8953.0,8972.01,140.967974
2018-03-12 21:25:00,8972.77,9025.0,8969.7,9010.0,114.486752
2018-03-12 21:30:00,9010.0,9053.0,8997.61,9049.0,103.365085
2018-03-12 21:35:00,9049.99,9050.0,9020.0,9023.99,52.052409
2018-03-12 21:40:00,9020.01,9025.93,9000.0,9025.93,101.250766
2018-03-12 21:45:00,9024.98,9070.57,9006.0,9061.0,70.02091
2018-03-12 21:50:00,9062.91,9161.45,9059.98,9140.0,290.778441
2018-03-12 21:55:00,9140.0,9147.55,9115.4,9128.9,94.136692
2018-03-12 22:00:00,9139.96,9220.0,9129.08,9187.93,267.038033
2018-03-12 22:05:00,9187.85,9187.85,9124.09,9142.0,124.677301
2018-03-12 22:10:00,9125.0,9177.0,9121.66,9154.94,139.231099
2018-03-12 22:15:00,9154.94,9168.0,9080.0,9122.68,121.875068
2018-03-12 22:20:00,9122.68,9130.0,9080.01,9127.0,171.245038
2018-03-12 22:25:00,9127.0,9174.07,9116.28,9128.12,117.83774
2018-03-12 22:30:00,9130.11,9147.89,9127.7,9138.92,41.933695
2018-03-12 22:35:00,9138.91,9138.99,9000.0,9019.55,247.14024
2018-03-12 22:40:00,9011.14,9125.0,9000.0,9119.93,166.693222
2018-03-12 22:45:00,9119.93,9119.93,9064.29,9101.49,112.291209
2018-03-12 22:50:00,9097.78,9119.0,9050.01,9098.3,86.568273
2018-03-12 22:55:00,9083.42,9099.0,9021.92,9075.46,154.009611
2018-03-12 23:00:00,9065.51,9102.3,9049.06,9095.0,75.62361
2018-03-12 23:05:00,9100.97,9160.01,9095.93,9130.0,145.734747
2018-03-12 23:10:00,9130.0,9167.0,9120.9,9165.0,107.916683
2018-03-12 23:15:00,9165.0,9165.0,9126.0,9128.23,84.314392
2018-03-12 23:20:00,9132.0,9149.88,9128.19,9131.69,55.803715
2018-03-12 23:25:00,9141.61,9234.07,9131.78,9196.0,176.650902
2018-03-12 23:30:00,9199.99,9230.0,9160.02,9172.37,152.898891
2018-03-12 23:35:00,9172.37,9194.98,9144.07,9173.73,108.928209
2018-03-12 23:40:00,9168.9,9179.67,9131.69,9138.11,52.336093
2018-03-12 23:45:00,9138.11,9181.99,9130.0,9165.64,61.312464
2018-03-12 23:50:00,9170.0,9192.69,9165.27,9179.57,50.802379
2018-03-12 23:55:00,9177.81,9177.81,9068.0,9131.34,215.099387
2018-03-13 00:00:00,9131.34,9143.81,9056.73,9093.0,173.668218
2018-03-13 00:05:00,9100.0,9124.4,9090.0,9123.99,70.048672
2018-03-13 00:10:00,9120.9,9160.0,9091.0,9160.0,116.219454
2018-03-13 00:15:00,9152.54,9170.0,9140.81,9162.0,69.36961
2018-03-13 00:20:00,9162.0,9170.0,9124.82,9170.0,71.591981
2018-03-13 00:25:00,9169.93,9181.2,9137.6,9138.88,41.852303
2018-03-13 00:30:00,9138.88,9165.0,9115.01,9161.5,100.465923
2018-03-13 00:35:00,9158.8,9264.1,9158.8,9246.9,299.692652
2018-03-13 00:40:00,9231.58,9260.0,9209.0,9237.76,127.932878
2018-03-13 00:45:00,9228.54,9237.0,9191.0,9216.24,91.700063
2018-03-13 00:50:00,9217.69,9248.83,9216.13,9244.5,53.885014
2018-03-13 00:55:00,9244.5,9252.0,9220.0,9243.04,152.448568
2018-03-13 01:00:00,9243.04,9245.0,9189.01,9221.59,95.92581
2018-03-13 01:05:00,9221.83,9235.54,9210.77,9222.45,77.067413
2018-03-13 01:10:00,9222.45,9223.0,9180.0,9189.97,193.943039
2018-03-13 01:15:00,9189.97,9218.0,9185.01,9193.36,90.773122
2018-03-13 01:20:00,9206.91,9218.0,9192.4,9209.98,29.430322
2018-03-13 01:25:00,9209.98,9211.33,9185.0,9190.0,38.828523
2018-03-13 01:30:00,9192.0,9237.12,9191.0,9237.12,100.649807
2018-03-13 01:35:00,9234.36,9240.0,9225.01,9226.15,64.20927
2018-03-13 01:40:00,9225.02,9225.02,9128.13,9140.68,105.196298
2018-03-13 01:45:00,9140.54,9168.0,9108.0,9121.0,154.435953
2018-03-13 01:50:00,9120.0,9143.99,9109.52,9141.23,82.810125
2018-03-13 01:55:00,9137.54,9142.47,9075.0,9088.0,144.650391
2018-03-13 02:00:00,9088.0,9139.0,9065.0,9120.01,114.363213
2018-03-13 02:05:00,9128.99,9149.55,9110.1,9135.15,91.160595
2018-03-13 02:10:00,9128.44,9138.99,9090.0,9103.12,82.358277
2018-03-13 02:15:00,9103.12,9120.0,9071.5,9080.0,79.836983
2018-03-13 02:20:00,9073.24,9128.0,9073.0,9112.07,52.908402
2018-03-13 02:25:00,9122.0,9164.77,9112.07,9155.19,102.162469
2018-03-13 02:30:00,9155.19,9172.7,9113.21,9125.78,92.201917
2018-03-13 02:35:00,9127.01,9151.9,9127.01,9148.0,41.374907
2018-03-13 02:40:00,9148.0,9148.0,9114.07,9129.0,38.300572
2018-03-13 02:45:00,9120.0,9130.0,9079.93,9116.88,110.143546
2018-03-13 02:50:00,9128.76,9132.13,9092.6,9125.24,39.09388
2018-03-13 02:55:00,9116.55,9125.24,9091.0,9109.99,25.643142
2018-03-13 03:00:00,9108.62,9115.0,9073.53,9093.11,92.626236
2018-03-13 03:05:00,9096.09,9099.9,9070.0,9073.22,47.976638
2018-03-13 03:10:00,9073.22,9094.98,9032.7,9050.0,111.62787
2018-03-13 03:15:00,9050.0,9050.0,8955.0,8979.0,330.783197
2018-03-13 03:20:00,8979.0,9019.99,8933.0,9003.89,240.196475
2018-03-13 03:25:00,8999.97,9019.99,8980.54,8981.97,109.598663
2018-03-13 03:30:00,8989.93,9049.97,8980.55,9017.16,123.186685
2018-03-13 03:35:00,9024.99,9054.07,9010.0,9035.0,83.357644
2018-03-13 03:40:00,9035.0,9072.98,9027.01,9050.0,101.284165
2018-03-13 03:45:00,9050.0,9070.0,9046.44,9055.0,47.561039
2018-03-13 03:50:00,9051.06,9070.0,9009.51,9024.0,80.732413
2018-03-13 03:55:00,9024.0,9054.07,8984.01,9037.71,64.244457
2018-03-13 04:00:00,9037.72,9130.0,9012.9,9120.5,132.084301
2018-03-13 04:05:00,9130.65,9280.0,9120.5,9270.01,401.17399
2018-03-13 04:10:00,9270.01,9345.0,9234.07,9319.0,532.963253
2018-03-13 04:15:00,9300.75,9369.98,9288.66,9318.0,345.824878
2018-03-13 04:20:00,9325.89,9329.97,9294.07,9298.0,168.257074
2018-03-13 04:25:00,9300.0,9350.0,9294.09,9318.65,189.22599
2018-03-13 04:30:00,9326.0,9340.73,9295.52,9316.02,140.841936
2018-03-13 04:35:00,9319.99,9330.56,9306.0,9328.0,92.118684
2018-03-13 04:40:00,9328.0,9442.01,9328.0,9406.68,417.1252
2018-03-13 04:45:00,9406.68,9445.0,9371.46,9375.0,223.140704
2018-03-13 04:50:00,9375.0,9415.0,9372.43,9389.98,161.719426
2018-03-13 04:55:00,9378.87,9405.0,9336.01,9365.31,159.453014
2018-03-13 05:00:00,9366.0,9381.0,9322.52,9322.52,119.903334
2018-03-13 05:05:00,9326.3,9400.0,9310.01,9380.0,180.048142
2018-03-13 05:10:00,9389.0,9389.0,9350.0,9376.55,105.811358
2018-03-13 05:15:00,9376.5,9376.55,9329.93,9360.0,106.817432
2018-03-13 05:20:00,9360.01,9370.0,9331.79,9340.0,112.136915
2018-03-13 05:25:00,9353.13,9357.0,9322.0,9334.99,84.478822
2018-03-13 05:30:00,9334.8,9348.71,9306.0,9327.75,125.076784
2018-03-13 05:35:00,9327.75,9345.42,9323.0,9341.0,83.025413
2018-03-13 05:40:00,9341.0,9377.0,9341.0,9364.99,110.589756
2018-03-13 05:45:00,9364.99,9395.06,9352.08,9375.0,97.270044
2018-03-13 05:50:00,9375.0,9388.34,9358.0,9361.0,50.355351
2018-03-13 05:55:00,9361.01,9389.0,9355.09,9380.0,64.913071
2018-03-13 06:00:00,9379.99,9423.8,9365.0,9408.0,170.682345
2018-03-13 06:05:00,9419.39,9474.0,9407.93,9443.0,329.350352
2018-03-13 06:10:00,9445.0,9445.0,9366.0,9370.0,172.031473
2018-03-13 06:15:00,9374.99,9410.0,9349.99,9370.0,111.243904
2018-03-13 06:20:00,9369.48,9380.0,9350.5,9376.0,50.637746
2018-03-13 06:25:00,9376.0,9376.0,9334.0,9350.0,70.966549
2018-03-13 06:30:00,9350.0,9375.0,9339.47,9365.87,75.887067
2018-03-13 06:35:00,9352.45,9394.28,9352.07,9394.28,45.251809
2018-03-13 06:40:00,9395.0,9400.0,9366.0,9370.0,54.037268
2018-03-13 06:45:00,9370.0,9394.66,9360.99,9380.98,27.307608
2018-03-13 06:50:00,9380.98,9381.0,9358.38,9358.38,86.200164
2018-03-13 06:55:00,9358.38,9360.0,9306.5,9330.13,134.444015
2018-03-13 07:00:00,9330.14,9349.95,9320.0,9335.44,50.897368
2018-03-13 07:05:00,9335.45,9349.98,9320.0,9349.97,51.273225
2018-03-13 07:10:00,9349.98,9381.0,9250.0,9259.81,454.832799
2018-03-13 07:15:00,9268.75,9268.75,9187.0,9205.01,286.529965
2018-03-13 07:20:00,9205.01,9215.15,9160.77,9181.05,273.198851
2018-03-13 07:25:00,9181.01,9237.78,9181.0,9220.04,226.308518
2018-03-13 07:30:00,9224.03,9229.0,9170.05,9195.01,117.585251
2018-03-13 07:35:00,9195.0,9200.45,9116.23,9130.01,186.053535
2018-03-13 07:40:00,9131.55,9144.07,9088.0,9137.02,217.504553
2018-03-13 07:45:00,9144.04,9190.0,9131.0,9168.88,147.565742
2018-03-13 07:50:00,9165.84,9221.9,9153.49,9193.51,97.442544
2018-03-13 07:55:00,9193.51,9219.0,9175.0,9205.17,85.909863
2018-03-13 08:00:00,9205.17,9216.62,9146.63,9150.0,229.882518
2018-03-13 08:05:00,9147.0,9191.01,9145.63,9176.02,169.087062
2018-03-13 08:10:00,9186.95,9187.0,9153.0,9173.69,110.404723
2018-03-13 08:15:00,9164.0,9183.95,9157.11,9168.02,44.501226
2018-03-13 08:20:00,9170.99,9170.99,9069.0,9113.04,272.387225
2018-03-13 08:25:00,9113.04,9132.0,9060.0,9125.0,207.314803
2018-03-13 08:30:00,9125.0,9169.12,9110.0,9156.88,99.385538
2018-03-13 08:35:00,9157.94,9160.0,9129.12,9136.97,60.028146
2018-03-13 08:40:00,9132.0,9220.0,9124.63,9210.17,101.275304
2018-03-13 08:45:00,9214.56,9225.0,9177.0,9191.02,108.880512
2018-03-13 08:50:00,9192.0,9210.0,9185.11,9189.83,109.502477
2018-03-13 08:55:00,9194.8,9194.83,9150.0,9164.94,78.601968
2018-03-13 09:00:00,9164.94,9215.0,9161.0,9190.0,105.399335
2018-03-13 09:05:00,9190.0,9200.0,9180.08,9189.0,70.886416
2018-03-13 09:10:00,9189.0,9189.96,9169.73,9179.53,96.661228
2018-03-13 09:15:00,9179.99,9280.0,9179.0,9279.0,398.520968
2018-03-13 09:20:00,9279.99,9294.0,9259.65,9265.0,224.50412
2018-03-13 09:25:00,9265.0,9293.3,9258.0,9276.0,75.020072
2018-03-13 09:30:00,9276.01,9349.0,9276.0,9340.0,185.772125
2018-03-13 09:35:00,9340.0,9345.0,9308.79,9331.39,80.704074
2018-03-13 09:40:00,9331.39,9334.0,9295.12,9300.01,135.490184
2018-03-13 09:45:00,9300.01,9315.0,9233.99,9269.98,141.982359
2018-03-13 09:50:00,9264.99,9286.15,9217.0,9244.72,158.440789
2018-03-13 09:55:00,9244.72,9280.0,9230.05,9273.99,81.564518
2018-03-13 10:00:00,9270.02,9310.0,9262.0,9284.0,85.294236
2018-03-13 10:05:00,9284.0,9300.77,9200.0,9214.99,87.933697
2018-03-13 10:10:00,9214.99,9225.0,9120.02,9147.95,300.846319
2018-03-13 10:15:00,9147.96,9178.0,9111.01,9177.0,188.698629
2018-03-13 10:20:00,9171.52,9203.0,9150.0,9170.01,141.025944
2018-03-13 10:25:00,9170.01,9210.0,9160.0,9180.3,120.781504
2018-03-13 10:30:00,9197.71,9197.71,9135.65,9150.99,82.255221
2018-03-13 10:35:00,9150.99,9188.99,9140.0,9166.85,87.572222
2018-03-13 10:40:00,9166.85,9166.85,8958.0,8979.68,589.415003
2018-03-13 10:45:00,8979.68,9014.87,8946.78,8990.0,382.321624
2018-03-13 10:50:00,8989.93,9030.0,8976.0,9008.0,161.511423
2018-03-13 10:55:00,9008.02,9018.0,8870.0,8879.86,369.900202
2018-03-13 11:00:00,8879.79,8960.0,8873.2,8945.0,268.825118
2018-03-13 11:05:00,8945.0,8985.0,8921.01,8960.99,186.814313
2018-03-13 11:10:00,8961.0,8988.95,8941.0,8945.96,123.295375
2018-03-13 11:15:00,8942.0,8995.0,8881.84,8979.99,223.653028
2018-03-13 11:20:00,8970.0,9041.0,8970.0,9013.65,187.322708
2018-03-13 11:25:00,9013.65,9048.98,8969.8,9045.45,197.083209
2018-03-13 11:30:00,9045.45,9050.0,9001.59,9010.91,110.352631
2018-03-13 11:35:00,9010.91,9040.0,8970.0,9011.48,101.313437
2018-03-13 11:40:00,9019.85,9042.0,9009.0,9009.0,80.74434
2018-03-13 11:45:00,9016.99,9025.38,8981.0,9011.1,95.985534
2018-03-13 11:50:00,9003.01,9100.0,8996.59,9055.99,215.532683
2018-03-13 11:55:00,9060.44,9078.63,9025.07,9044.9,95.050999
2018-03-13 12:00:00,9049.47,9049.47,8980.0,9016.02,185.162042
2018-03-13 12:05:00,9020.0,9050.0,8981.98,9000.0,114.289104
2018-03-13 12:10:00,8990.07,9004.65,8901.0,8967.54,221.93912
2018-03-13 12:15:00,8956.57,9015.46,8933.2,9004.95,228.266378
2018-03-13 12:20:00,8991.38,9037.99,8985.6,9000.0,98.957551
2018-03-13 12:25:00,8999.98,9034.75,8980.0,9014.0,76.913653
2018-03-13 12:30:00,9014.0,9015.0,8950.0,8968.0,132.798357
2018-03-13 12:35:00,8968.0,9002.0,8960.0,8980.0,59.896296
2018-03-13 12:40:00,8984.77,8988.02,8945.0,8975.76,104.526106
2018-03-13 12:45:00,8959.52,8975.5,8823.0,8859.95,526.992294
2018-03-13 12:50:00,8850.0,8898.99,8844.01,8863.15,217.272671
2018-03-13 12:55:00,8863.16,8940.0,8852.13,8940.0,131.455043
2018-03-13 13:00:00,8927.49,9000.54,8906.32,8994.97,235.055131
2018-03-13 13:05:00,8994.97,9157.61,8990.0,9139.99,353.866555
2018-03-13 13:10:00,9139.99,9141.98,9076.45,9076.45,216.420039
2018-03-13 13:15:00,9076.51,9155.75,9076.44,9117.99,292.663028
2018-03-13 13:20:00,9118.03,9147.42,9105.0,9124.96,160.02951
2018-03-13 13:25:00,9124.96,9250.0,9119.05,9186.01,373.782798
2018-03-13 13:30:00,9199.54,9240.06,9159.06,9163.07,242.519879
2018-03-13 13:35:00,9163.07,9192.8,9142.22,9159.76,137.897112
2018-03-13 13:40:00,9159.7,9178.9,9080.0,9109.0,221.699201
2018-03-13 13:45:00,9109.0,9140.65,9090.18,9095.0,115.388326
2018-03-13 13:50:00,9095.0,9115.0,9058.47,9092.0,192.139971
2018-03-13 13:55:00,9092.0,9125.0,9083.0,9095.0,233.797932
2018-03-13 14:00:00,9100.0,9101.14,9020.0,9065.51,197.289819
2018-03-13 14:05:00,9065.52,9079.97,9040.28,9059.94,121.564259
2018-03-13 14:10:00,9071.99,9089.16,9015.99,9028.0,132.097504
2018-03-13 14:15:00,9028.0,9084.88,9014.24,9072.41,176.692806
2018-03-13 14:20:00,9079.1,9123.74,9051.0,9097.06,177.254952
2018-03-13 14:25:00,9080.56,9109.97,9037.5,9051.0,163.148491
2018-03-13 14:30:00,9052.0,9099.0,9050.01,9076.8,125.087375
2018-03-13 14:35:00,9060.87,9170.0,9060.0,9146.85,308.988096
2018-03-13 14:40:00,9146.85,9170.0,9125.0,9148.0,161.140823
2018-03-13 14:45:00,9144.99,9150.0,9095.0,9122.97,140.131591
2018-03-13 14:50:00,9109.74,9122.97,9020.0,9060.0,200.580102
2018-03-13 14:55:00,9059.5,9096.64,9042.22,9078.99,148.684156
2018-03-13 15:00:00,9078.99,9115.0,9060.06,9076.51,159.510851
2018-03-13 15:05:00,9076.44,9099.0,9033.74,9080.56,168.833912
2018-03-13 15:10:00,9082.21,9089.91,8980.01,8989.99,263.265966
2018-03-13 15:15:00,8981.39,9060.06,8970.06,9044.74,194.571173
2018-03-13 15:20:00,9045.07,9059.71,9002.0,9032.76,94.285734
2018-03-13 15:25:00,9017.05,9032.42,8921.0,8975.0,230.869075
2018-03-13 15:30:00,8960.46,9000.0,8960.0,8990.0,171.421807
2018-03-13 15:35:00,8990.0,9050.0,8981.21,9034.96,148.836105
2018-03-13 15:40:00,9034.96,9034.96,8995.0,9009.97,83.987668
2018-03-13 15:45:00,9009.97,9090.0,8990.01,9087.91,128.769746
2018-03-13 15:50:00,9087.91,9095.0,9031.12,9056.96,102.185252
2018-03-13 15:55:00,9056.95,9068.0,9031.82,9051.0,80.940812
2018-03-13 16:00:00,9060.93,9065.0,9010.0,9042.08,104.333194
2018-03-13 16:05:00,9042.08,9051.0,9020.04,9038.0,79.193619
2018-03-13 16:10:00,9038.0,9039.89,8941.45,8988.0,205.479743
2018-03-13 16:15:00,8988.0,9020.13,8970.1,9013.0,80.442872
2018-03-13 16:20:00,9009.99,9047.21,9003.19,9024.07,71.975674
2018-03-13 16:25:00,9035.54,9046.89,9001.0,9005.02,98.424311
2018-03-13 16:30:00,9011.78,9035.0,8975.68,8995.0,105.503103
2018-03-13 16:35:00,8995.0,9231.44,8995.0,9220.0,524.357068
2018-03-13 16:40:00,9220.8,9269.99,9181.5,9269.99,448.840259
2018-03-13 16:45:00,9264.58,9275.0,9190.05,9210.0,385.053249
2018-03-13 16:50:00,9210.0,9225.0,9180.06,9201.25,269.506965
2018-03-13 16:55:00,9214.94,9248.0,9185.59,9200.3,201.526059
2018-03-13 17:00:00,9202.79,9228.74,9193.2,9228.4,164.97265
2018-03-13 17:05:00,9210.15,9264.89,9122.0,9131.6,312.400799
2018-03-13 17:10:00,9131.6,9198.8,9131.46,9178.0,119.346585
2018-03-13 17:15:00,9176.71,9178.0,9140.0,9140.0,144.560892
2018-03-13 17:20:00,9144.12,9200.0,9136.59,9180.0,110.347839
2018-03-13 17:25:00,9184.0,9185.0,9121.79,9132.01,151.15554
2018-03-13 17:30:00,9140.0,9150.0,9107.0,9138.0,108.767011
2018-03-13 17:35:00,9138.0,9165.0,9130.01,9151.01,63.578282
2018-03-13 17:40:00,9151.01,9177.59,9120.06,9166.07,68.30046
2018-03-13 17:45:00,9159.62,9175.0,9144.0,9157.0,87.46554
2018-03-13 17:50:00,9157.0,9210.0,9148.32,9198.21,116.051456
2018-03-13 17:55:00,9198.21,9222.2,9070.0,9079.99,161.816024
2018-03-13 18:00:00,9079.99,9132.93,9070.0,9101.01,165.347574
2018-03-13 18:05:00,9100.94,9119.33,9088.0,9106.07,44.879606
2018-03-13 18:10:00,9110.18,9133.79,9065.0,9089.11,97.150508
2018-03-13 18:15:00,9089.1,9120.06,9043.15,9103.82,112.603189
2018-03-13 18:20:00,9103.89,9131.38,9084.14,9126.23,56.006643
2018-03-13 18:25:00,9123.0,9150.0,9101.51,9120.76,85.232942
2018-03-13 18:30:00,9125.3,9135.84,9107.01,9119.97,89.190934
2018-03-13 18:35:00,9119.98,9135.0,9089.0,9110.0,61.091518
2018-03-13 18:40:00,9110.0,9118.0,9082.0,9114.92,111.285126
2018-03-13 18:45:00,9109.99,9114.0,9088.54,9095.0,76.799842
2018-03-13 18:50:00,9104.93,9168.4,9100.27,9159.96,129.384361
2018-03-13 18:55:00,9159.96,9166.2,9120.0,9130.65,68.391987
2018-03-13 19:00:00,9142.51,9170.54,9131.01,9142.76,64.779366
2018-03-13 19:05:00,9135.0,9160.0,9110.0,9119.95,56.273988
2018-03-13 19:10:00,9119.99,9135.0,9108.43,9129.0,95.142009
2018-03-13 19:15:00,9133.99,9162.48,9120.0,9162.48,72.492266
2018-03-13 19:20:00,9162.01,9197.7,9149.17,9150.0,122.31102
2018-03-13 19:25:00,9150.0,9160.0,9110.81,9149.98,64.41731
2018-03-13 19:30:00,9150.0,9150.0,9030.0,9067.0,188.840184
2018-03-13 19:35:00,9067.4,9073.59,9010.0,9030.0,197.47036
2018-03-13 19:40:00,9022.02,9063.91,8978.1,9019.93,392.146671
2018-03-13 19:45:00,9019.93,9053.02,9000.0,9042.16,144.892602
2018-03-13 19:50:00,9041.27,9080.0,9017.96,9067.17,85.087752
2018-03-13 19:55:00,9066.2,9085.01,9020.0,9069.3,134.993027
2018-03-13 20:00:00,9072.57,9079.99,9038.0,9050.97,79.56565
2018-03-13 20:05:00,9050.97,9094.69,9047.57,9071.32,48.423168
2018-03-13 20:10:00,9067.61,9080.0,9040.0,9067.9,67.064437
2018-03-13 20:15:00,9059.0,9077.36,9059.0,9074.92,60.916521
2018-03-13 20:20:00,9074.95,9080.0,9050.99,9080.0,56.20936
2018-03-13 20:25:00,9080.0,9090.0,9055.12,9067.99,40.881506
2018-03-13 20:30:00,9068.0,9068.0,9060.25,9060.26,26.287927
2018-03-13 20:35:00,9063.99,9192.0,9060.0,9185.02,185.203827
2018-03-13 20:40:00,9185.02,9194.5,9134.78,9137.72,148.323962
2018-03-13 20:45:00,9137.72,9150.01,9066.62,9082.52,104.637156
2018-03-13 20:50:00,9084.15,9110.6,9042.01,9054.98,84.207798
2018-03-13 20:55:00,9054.97,9081.85,9000.0,9045.01,206.082445
2018-03-13 21:00:00,9048.99,9085.2,9028.65,9082.63,65.742152
2018-03-13 21:05:00,9082.64,9087.9,9057.22,9079.03,67.013327
2018-03-13 21:10:00,9071.21,9084.79,9052.72,9070.97,45.591677
2018-03-13 21:15:00,9069.99,9122.01,9055.65,9120.0,69.317868
2018-03-13 21:20:00,9121.97,9123.01,9060.06,9074.99,83.157614
2018-03-13 21:25:00,9074.99,9080.0,9062.01,9070.08,55.036688
2018-03-13 21:30:00,9070.08,9099.99,9060.15,9096.0,45.139669
2018-03-13 21:35:00,9097.19,9115.0,9080.1,9091.0,95.604314
2018-03-13 21:40:00,9086.02,9097.41,9080.0,9089.06,57.679312
2018-03-13 21:45:00,9089.42,9100.0,9067.96,9069.39,55.143577
2018-03-13 21:50:00,9069.19,9090.0,9060.34,9070.99,53.960086
2018-03-13 21:55:00,9079.55,9100.0,9069.96,9099.0,69.970087
2018-03-13 22:00:00,9099.0,9170.0,9099.0,9129.98,245.904662
2018-03-13 22:05:00,9129.98,9132.0,9092.44,9106.27,76.67625
2018-03-13 22:10:00,9094.05,9120.0,9094.05,9113.99,40.848236
2018-03-13 22:15:00,9110.0,9135.22,9100.0,9125.99,79.25116
2018-03-13 22:20:00,9125.99,9135.97,9115.0,9120.0,89.070802
2018-03-13 22:25:00,9116.81,9249.99,9115.22,9220.45,295.058679
2018-03-13 22:30:00,9220.1,9231.35,9155.0,9159.98,197.487086
2018-03-13 22:35:00,9164.86,9179.99,9116.01,9135.97,104.40442
2018-03-13 22:40:00,9136.06,9167.34,9118.88,9135.71,118.155242
2018-03-13 22:45:00,9135.2,9166.39,9118.53,9141.96,74.127457
2018-03-13 22:50:00,9142.51,9159.05,9103.61,9136.26,84.925461
2018-03-13 22:55:00,9150.0,9160.0,9136.08,9158.57,47.029286
2018-03-13 23:00:00,9156.0,9175.63,9125.65,9170.67,84.251107
2018-03-13 23:05:00,9170.65,9190.0,9157.67,9181.0,76.415044
2018-03-13 23:10:00,9176.93,9195.75,9161.0,9189.99,118.134437
2018-03-13 23:15:00,9184.17,9190.02,9151.28,9180.0,77.598141
2018-03-13 23:20:00,9176.01,9183.79,9137.72,9163.66,96.936517
2018-03-13 23:25:00,9163.55,9184.87,9151.53,9174.97,63.866301
2018-03-13 23:30:00,9174.97,9187.0,9164.89,9174.99,27.977436
2018-03-13 23:35:00,9170.52,9187.99,9168.52,9170.0,58.356806
2018-03-13 23:40:00,9168.52,9185.0,9167.02,9180.0,19.619091
2018-03-13 23:45:00,9180.0,9180.0,9120.92,9123.07,96.44398
2018-03-13 23:50:00,9123.12,9150.0,9120.06,9133.19,45.502395
2018-03-13 23:55:00,9134.08,9160.0,9133.19,9150.0,41.989814
2018-03-14 00:00:00,9151.92,9230.45,9137.0,9186.0,144.77949
2018-03-14 00:05:00,9187.72,9190.0,9156.21,9180.0,53.744678
2018-03-14 00:10:00,9189.0,9240.0,9162.33,9203.45,115.646251
2018-03-14 00:15:00,9199.37,9240.0,9190.0,9190.66,87.531026
2018-03-14 00:20:00,9200.0,9221.03,9178.97,9200.0,52.69602
2018-03-14 00:25:00,9201.0,9228.25,9193.0,9215.0,54.379895
2018-03-14 00:30:00,9207.29,9220.0,9161.07,9189.24,70.246004
2018-03-14 00:35:00,9190.0,9219.0,9180.0,9199.28,76.876331
2018-03-14 00:40:00,9200.11,9217.99,9193.53,9209.0,51.897613
2018-03-14 00:45:00,9209.01,9333.78,9209.01,9323.55,523.952594
2018-03-14 00:50:00,9325.26,9331.0,9272.0,9294.0,175.269447
2018-03-14 00:55:00,9294.0,9322.98,9282.6,9285.0,155.494619
2018-03-14 01:00:00,9294.82,9309.77,9251.0,9267.0,139.69707
2018-03-14 01:05:00,9264.99,9285.0,9251.22,9284.99,72.118977
2018-03-14 01:10:00,9273.11,9300.06,9252.0,9295.75,122.619536
2018-03-14 01:15:00,9281.98,9309.48,9276.51,9282.0,87.947439
2018-03-14 01:20:00,9281.0,9291.0,9270.0,9271.8,63.238314
2018-03-14 01:25:00,9271.8,9275.0,9250.01,9268.48,68.524342
2018-03-14 01:30:00,9268.49,9275.0,9251.5,9275.0,35.191759
2018-03-14 01:35:00,9275.0,9289.8,9252.0,9255.0,53.769519
2018-03-14 01:40:00,9254.61,9269.01,9251.0,9263.93,28.175573
2018-03-14 01:45:00,9263.94,9298.01,9260.21,9274.54,97.313009
2018-03-14 01:50:00,9274.54,9275.0,9230.28,9261.95,106.593995
2018-03-14 01:55:00,9259.69,9265.98,9253.01,9253.01,33.744273
2018-03-14 02:00:00,9252.0,9308.0,9241.5,9298.99,113.819179
2018-03-14 02:05:00,9298.99,9312.0,9280.01,9295.0,86.671374
2018-03-14 02:10:00,9295.01,9299.0,9259.58,9276.0,40.415957
2018-03-14 02:15:00,9276.0,9279.69,9265.65,9265.65,35.164811
2018-03-14 02:20:00,9265.75,9283.75,9258.0,9268.03,31.720289
2018-03-14 02:25:00,9268.03,9273.01,9218.5,9245.15,103.883258
2018-03-14 02:30:00,9250.16,9269.84,9228.97,9228.99,44.357844
2018-03-14 02:35:00,9235.0,9249.0,9223.65,9238.02,50.96335
2018-03-14 02:40:00,9237.96,9241.92,9228.3,9230.1,46.289459
2018-03-14 02:45:00,9230.1,9240.99,9216.5,9230.0,98.226068
2018-03-14 02:50:00,9227.75,9244.0,9227.0,9234.03,84.473354
2018-03-14 02:55:00,9240.15,9246.0,9216.0,9225.21,77.630959
2018-03-14 03:00:00,9226.0,9261.69,9223.44,9247.0,92.415496
2018-03-14 03:05:00,9247.0,9276.14,9233.16,9270.59,64.253908
2018-03-14 03:10:00,9262.69,9270.0,9225.0,9248.0,88.901525
2018-03-14 03:15:00,9240.05,9278.0,9240.05,9270.0,93.477628
2018-03-14 03:20:00,9276.0,9277.0,9257.0,9261.02,68.71611
2018-03-14 03:25:00,9261.03,9271.99,9260.0,9269.21,51.581673
2018-03-14 03:30:00,9269.22,9274.9,9262.0,9262.96,59.89585
2018-03-14 03:35:00,9262.96,9280.0,9262.96,9279.8,49.915959
2018-03-14 03:40:00,9279.79,9306.0,9273.0,9305.9,126.572282
2018-03-14 03:45:00,9295.09,9308.0,9275.0,9275.0,65.032247
2018-03-14 03:50:00,9276.02,9286.82,9237.13,9244.06,98.911411
2018-03-14 03:55:00,9245.85,9256.65,9240.01,9249.93,59.377339
2018-03-14 04:00:00,9249.94,9251.0,9103.0,9118.38,400.607919
2018-03-14 04:05:00,9134.98,9138.15,9070.0,9098.79,258.112124
2018-03-14 04:10:00,9098.79,9129.5,9080.0,9108.0,130.661216
2018-03-14 04:15:00,9118.01,9123.94,9070.0,9090.0,132.419614
2018-03-14 04:20:00,9090.0,9128.5,9089.0,9121.38,85.420027
2018-03-14 04:25:00,9121.38,9128.5,9060.0,9115.98,168.547386
2018-03-14 04:30:00,9115.98,9130.95,9083.0,9087.4,88.95131
2018-03-14 04:35:00,9087.4,9127.99,9083.0,9127.99,59.390701
2018-03-14 04:40:00,9126.77,9132.99,9108.01,9132.98,56.651151
2018-03-14 04:45:00,9132.99,9134.89,9069.5,9083.12,79.416154
2018-03-14 04:50:00,9082.24,9096.0,9070.01,9088.66,72.620642
2018-03-14 04:55:00,9088.66,9095.88,9083.07,9087.8,55.898021
2018-03-14 05:00:00,9087.79,9121.91,9085.0,9099.0,61.090212
2018-03-14 05:05:00,9099.0,9117.5,9090.16,9107.99,36.014585
2018-03-14 05:10:00,9114.78,9114.78,9076.0,9090.01,95.904402
2018-03-14 05:15:00,9093.0,9125.0,9090.01,9120.0,50.03201
2018-03-14 05:20:00,9116.18,9125.0,9110.0,9116.91,53.985516
2018-03-14 05:25:00,9116.91,9122.18,9106.91,9119.08,39.673293
2018-03-14 05:30:00,9119.08,9164.99,9119.08,9130.0,82.165295
2018-03-14 05:35:00,9130.0,9144.0,9115.0,9129.31,60.602544
2018-03-14 05:40:00,9120.0,9132.0,9116.01,9125.08,27.509926
2018-03-14 05:45:00,9125.08,9149.72,9125.08,9141.99,50.410218
2018-03-14 05:50:00,9141.98,9184.7,9141.98,9173.79,66.902858
2018-03-14 05:55:00,9176.9,9184.48,9152.27,9179.94,64.236431
2018-03-14 06:00:00,9173.0,9178.95,9128.06,9147.0,78.623025
2018-03-14 06:05:00,9146.99,9175.0,9133.83,9175.0,96.336909
2018-03-14 06:10:00,9175.0,9179.93,9152.39,9157.91,93.775342
2018-03-14 06:15:00,9157.9,9189.97,9157.89,9168.01,59.418238
2018-03-14 06:20:00,9166.02,9174.6,9139.01,9148.77,37.356967
2018-03-14 06:25:00,9146.65,9154.0,9138.73,9147.0,26.088497
2018-03-14 06:30:00,9141.13,9154.0,9102.75,9119.21,131.049183
2018-03-14 06:35:00,9119.21,9146.06,9108.0,9119.98,73.355343
2018-03-14 06:40:00,9115.0,9137.65,9106.02,9111.01,47.689719
2018-03-14 06:45:00,9111.14,9120.0,9090.02,9092.0,87.483409
2018-03-14 06:50:00,9092.0,9130.0,9090.06,9124.98,55.536061
2018-03-14 06:55:00,9121.99,9164.0,9121.99,9150.0,88.281028
2018-03-14 07:00:00,9152.98,9153.0,9142.0,9142.01,55.127501
2018-03-14 07:05:00,9148.09,9148.09,9118.5,9129.06,47.325043
2018-03-14 07:10:00,9122.01,9153.0,9115.26,9129.0,40.694523
2018-03-14 07:15:00,9129.02,9145.0,9119.42,9142.99,26.894973
2018-03-14 07:20:00,9142.99,9149.99,9134.97,9139.01,24.785442
2018-03-14 07:25:00,9139.01,9149.76,9134.97,9146.0,45.940424
2018-03-14 07:30:00,9141.09,9146.0,9105.0,9115.0,47.371176
2018-03-14 07:35:00,9115.0,9134.98,9107.0,9107.02,87.375273
2018-03-14 07:40:00,9115.82,9130.0,9105.06,9120.01,57.786753
2018-03-14 07:45:00,9123.35,9134.99,9112.05,9125.18,56.047827
2018-03-14 07:50:00,9125.18,9129.0,9080.0,9080.0,59.597508
2018-03-14 07:55:00,9080.0,9085.0,9050.0,9079.92,149.874346
2018-03-14 08:00:00,9067.09,9119.14,9063.51,9104.7,49.741139
2018-03-14 08:05:00,9107.48,9109.93,9098.26,9105.0,45.744929
2018-03-14 08:10:00,9105.54,9106.0,9086.0,9101.0,58.606797
2018-03-14 08:15:00,9103.49,9107.99,9090.0,9101.8,42.715695
2018-03-14 08:20:00,9096.15,9111.4,9086.0,9099.64,56.689935
2018-03-14 08:25:00,9099.64,9100.0,9079.01,9080.1,26.898521
2018-03-14 08:30:00,9080.1,9110.0,9079.0,9105.08,30.689197
2018-03-14 08:35:00,9101.02,9111.0,9100.0,9111.0,41.602105
2018-03-14 08:40:00,9111.0,9120.01,9101.1,9106.01,38.45781
2018-03-14 08:45:00,9106.01,9112.01,9101.01,9101.01,40.349162
2018-03-14 08:50:00,9101.01,9118.28,9080.0,9117.46,73.568849
2018-03-14 08:55:00,9117.46,9129.99,9100.0,9114.5,33.539888
2018-03-14 09:00:00,9110.01,9128.9,9102.0,9102.0,39.291594
2018-03-14 09:05:00,9102.1,9117.99,9086.0,9099.99,55.170537
2018-03-14 09:10:00,9099.99,9108.92,9089.03,9105.01,46.375559
2018-03-14 09:15:00,9105.0,9105.0,9001.0,9036.0,250.683606
2018-03-14 09:20:00,9032.52,9050.0,9019.35,9030.0,86.632082
2018-03-14 09:25:00,9029.99,9049.98,9029.99,9034.99,61.608037
2018-03-14 09:30:00,9032.09,9036.0,8921.0,8929.66,444.063729
2018-03-14 09:35:00,8921.28,8957.5,8915.0,8915.0,356.238292
2018-03-14 09:40:00,8915.0,8960.0,8890.0,8945.0,335.737331
2018-03-14 09:45:00,8945.01,8948.0,8901.0,8912.0,128.99214
2018-03-14 09:50:00,8912.0,8913.0,8869.0,8889.0,269.397699
2018-03-14 09:55:00,8888.88,8915.88,8867.33,8883.74,265.017294
2018-03-14 10:00:00,8897.92,8944.8,8884.2,8935.0,165.657514
2018-03-14 10:05:00,8935.0,8949.0,8894.0,8908.4,128.259486
2018-03-14 10:10:00,8915.0,8925.0,8908.39,8915.15,104.168146
2018-03-14 10:15:00,8915.15,8919.0,8832.0,8834.8,271.163816
2018-03-14 10:20:00,8834.79,8837.63,8713.24,8736.0,824.571518
2018-03-14 10:25:00,8736.0,8788.0,8713.24,8751.19,307.539611
2018-03-14 10:30:00,8750.0,8765.0,8724.54,8740.56,267.948037
2018-03-14 10:35:00,8740.02,8759.97,8688.0,8689.99,425.471282
2018-03-14 10:40:00,8689.99,8730.06,8682.0,8722.36,277.383155
2018-03-14 10:45:00,8722.36,8755.0,8700.0,8753.99,162.568934
2018-03-14 10:50:00,8750.36,8799.04,8740.0,8761.0,243.152694
2018-03-14 10:55:00,8766.99,8770.03,8727.39,8735.03,216.006641
2018-03-14 11:00:00,8736.0,8766.0,8733.0,8754.0,136.828919
2018-03-14 11:05:00,8759.98,8759.99,8634.0,8649.91,379.257341
2018-03-14 11:10:00,8634.0,8696.12,8631.78,8690.0,426.682205
2018-03-14 11:15:00,8687.01,8730.24,8675.0,8730.24,324.528887
2018-03-14 11:20:00,8726.26,8760.06,8705.2,8718.0,244.777755
2018-03-14 11:25:00,8718.0,8735.2,8650.0,8694.02,223.458025
2018-03-14 11:30:00,8694.02,8718.79,8680.1,8709.92,120.19149
2018-03-14 11:35:00,8701.4,8710.0,8680.0,8700.0,153.128911
2018-03-14 11:40:00,8694.02,8739.0,8690.02,8712.0,144.011043
2018-03-14 11:45:00,8712.0,8730.0,8682.81,8688.3,146.364961
2018-03-14 11:50:00,8693.0,8693.0,8654.15,8673.19,150.853012
2018-03-14 11:55:00,8679.99,8697.99,8654.96,8675.08,167.018268
2018-03-14 12:00:00,8675.08,8687.0,8605.39,8640.99,282.634429
2018-03-14 12:05:00,8645.27,8655.31,8630.0,8636.0,174.604992
2018-03-14 12:10:00,8636.0,8640.0,8600.0,8600.0,173.188294
2018-03-14 12:15:00,8600.0,8655.0,8570.0,8650.0,428.947714
2018-03-14 12:20:00,8653.67,8673.07,8623.56,8658.32,219.447988
2018-03-14 12:25:00,8659.65,8707.2,8657.01,8700.0,198.64691
2018-03-14 12:30:00,8699.99,8700.0,8645.1,8677.01,177.953924
2018-03-14 12:35:00,8677.01,8680.58,8645.11,8651.0,104.427118
2018-03-14 12:40:00,8651.0,8759.0,8650.41,8715.0,328.849702
2018-03-14 12:45:00,8719.99,8720.02,8667.47,8696.1,170.9166
2018-03-14 12:50:00,8696.1,8719.0,8685.33,8713.75,119.169463
2018-03-14 12:55:00,8712.99,8727.08,8680.06,8688.99,144.62016
2018-03-14 13:00:00,8688.99,8699.94,8630.95,8634.85,115.029984
2018-03-14 13:05:00,8634.85,8668.57,8617.0,8649.0,168.990241
2018-03-14 13:10:00,8644.0,8670.0,8637.73,8655.0,86.243051
2018-03-14 13:15:00,8654.99,8662.0,8641.19,8641.48,89.390262
2018-03-14 13:20:00,8643.0,8659.0,8609.55,8620.51,150.914639
2018-03-14 13:25:00,8620.51,8639.74,8580.96,8625.99,283.051712
2018-03-14 13:30:00,8625.99,8650.0,8615.66,8637.0,114.33106
2018-03-14 13:35:00,8635.06,8680.0,8630.0,8635.0,125.9611
2018-03-14 13:40:00,8635.0,8654.5,8620.0,8654.5,55.65202
2018-03-14 13:45:00,8649.96,8675.0,8639.74,8665.0,69.84188
2018-03-14 13:50:00,8674.79,8692.56,8665.0,8676.01,86.640203
2018-03-14 13:55:00,8676.01,8680.0,8660.0,8672.11,69.665287
2018-03-14 14:00:00,8672.12,8715.36,8651.85,8702.0,176.765827
2018-03-14 14:05:00,8704.94,8720.9,8675.1,8720.9,158.183334
2018-03-14 14:10:00,8720.89,8733.08,8698.0,8699.03,172.236659
2018-03-14 14:15:00,8705.0,8713.01,8690.0,8697.0,226.816879
2018-03-14 14:20:00,8699.99,8730.0,8690.0,8727.99,78.092395
2018-03-14 14:25:00,8717.0,8787.45,8715.0,8787.45,223.953166
2018-03-14 14:30:00,8787.45,8791.49,8724.65,8724.66,237.010231
2018-03-14 14:35:00,8724.66,8740.26,8690.0,8740.26,198.240287
2018-03-14 14:40:00,8735.61,8741.77,8701.92,8726.05,104.648161
2018-03-14 14:45:00,8726.05,8755.01,8715.0,8752.0,95.782409
2018-03-14 14:50:00,8752.0,8758.0,8722.01,8750.0,94.977189
2018-03-14 14:55:00,8749.99,8761.0,8747.01,8752.0,72.630584
2018-03-14 15:00:00,8752.0,8758.5,8690.2,8710.0,201.517583
2018-03-14 15:05:00,8700.88,8715.56,8690.0,8697.96,122.173592
2018-03-14 15:10:00,8697.95,8720.0,8691.02,8714.0,80.374151
2018-03-14 15:15:00,8714.0,8730.86,8706.03,8720.41,78.579004
2018-03-14 15:20:00,8720.82,8720.82,8674.94,8679.6,122.289835
2018-03-14 15:25:00,8679.6,8688.0,8643.07,8650.0,234.323649
2018-03-14 15:30:00,8651.0,8720.0,8632.18,8695.56,213.991811
2018-03-14 15:35:00,8695.59,8716.33,8680.0,8700.0,109.508922
2018-03-14 15:40:00,8700.0,8719.99,8690.53,8699.99,121.027754
2018-03-14 15:45:00,8698.0,8709.87,8695.0,8699.0,41.489624
2018-03-14 15:50:00,8696.88,8710.0,8693.53,8701.79,59.706664
2018-03-14 15:55:00,8701.79,8732.0,8701.79,8725.83,102.146408
2018-03-14 16:00:00,8718.0,8726.82,8683.88,8697.68,71.265313
2018-03-14 16:05:00,8689.0,8700.0,8661.1,8682.0,71.006934
2018-03-14 16:10:00,8684.02,8706.0,8675.0,8706.0,93.374646
2018-03-14 16:15:00,8706.0,8718.0,8670.1,8674.09,108.340266
2018-03-14 16:20:00,8674.09,8680.0,8648.29,8648.42,167.680237
2018-03-14 16:25:00,8657.92,8685.0,8647.0,8667.46,144.982353
2018-03-14 16:30:00,8661.33,8684.99,8550.0,8610.66,441.486736
2018-03-14 16:35:00,8610.66,8610.66,8459.0,8474.57,726.771886
2018-03-14 16:40:00,8474.57,8511.3,8449.49,8469.99,505.98673
2018-03-14 16:45:00,8469.99,8474.31,8371.42,8373.08,718.506849
2018-03-14 16:50:00,8380.05,8452.86,8371.01,8428.87,491.317494
2018-03-14 16:55:00,8428.86,8466.8,8395.0,8421.0,363.407583
2018-03-14 17:00:00,8421.0,8433.0,8370.0,8372.81,264.256467
2018-03-14 17:05:00,8372.81,8372.81,8251.0,8306.08,1082.253242
2018-03-14 17:10:00,8306.08,8343.07,8290.01,8315.09,480.185726
2018-03-14 17:15:00,8315.87,8325.0,8251.0,8280.0,430.135393
2018-03-14 17:20:00,8280.0,8369.99,8271.0,8323.85,390.782305
2018-03-14 17:25:00,8323.85,8343.07,8300.05,8316.03,219.028478
2018-03-14 17:30:00,8315.51,8373.07,8313.86,8364.24,220.270506
2018-03-14 17:35:00,8364.24,8440.0,8359.58,8390.0,386.088345
2018-03-14 17:40:00,8390.25,8410.55,8360.2,8360.2,140.046236
2018-03-14 17:45:00,8375.0,8381.04,8301.0,8319.99,423.350445
2018-03-14 17:50:00,8319.99,8374.02,8299.0,8359.0,264.668606
2018-03-14 17:55:00,8350.09,8360.0,8311.0,8326.1,109.367161
2018-03-14 18:00:00,8326.1,8340.19,8226.0,8229.99,352.064198
2018-03-14 18:05:00,8226.0,8295.57,8201.0,8273.14,476.496823
2018-03-14 18:10:00,8279.83,8340.0,8255.26,8305.0,245.564103
2018-03-14 18:15:00,8304.4,8310.0,8253.08,8290.0,193.851519
2018-03-14 18:20:00,8290.0,8299.97,8230.0,8250.0,184.53236
2018-03-14 18:25:00,8250.0,8280.01,8245.0,8261.2,172.659401
2018-03-14 18:30:00,8261.2,8332.97,8250.01,8321.07,193.764582
2018-03-14 18:35:00,8323.0,8327.94,8272.0,8292.0,180.086569
2018-03-14 18:40:00,8292.0,8295.0,8260.0,8270.0,137.629253
2018-03-14 18:45:00,8270.0,8300.0,8265.01,8300.0,199.214656
2018-03-14 18:50:00,8300.0,8300.0,8275.0,8279.98,132.269373
2018-03-14 18:55:00,8275.26,8279.99,8238.0,8250.17,174.969504
2018-03-14 19:00:00,8252.01,8294.99,8252.01,8272.04,119.406588
2018-03-14 19:05:00,8278.01,8335.73,8272.01,8335.73,201.510113
2018-03-14 19:10:00,8330.99,8350.0,8311.0,8336.32,190.323475
2018-03-14 19:15:00,8334.89,8350.0,8327.4,8349.85,113.769488
2018-03-14 19:20:00,8349.0,8372.23,8321.95,8338.0,229.184756
2018-03-14 19:25:00,8338.0,8368.98,8335.0,8364.78,109.833907
2018-03-14 19:30:00,8364.99,8373.07,8313.07,8338.37,275.005181
2018-03-14 19:35:00,8338.35,8352.53,8319.02,8323.0,131.928414
2018-03-14 19:40:00,8319.03,8332.13,8293.34,8309.72,266.384577
2018-03-14 19:45:00,8309.72,8334.88,8306.13,8312.01,83.241595
2018-03-14 19:50:00,8312.01,8333.56,8311.78,8312.14,64.518138
2018-03-14 19:55:00,8312.14,8317.0,8265.0,8285.97,135.170474
2018-03-14 20:00:00,8285.97,8291.09,8203.0,8256.0,368.467543
2018-03-14 20:05:00,8254.16,8259.99,8215.0,8240.11,176.570175
2018-03-14 20:10:00,8238.01,8272.94,8233.0,8267.76,175.440517
2018-03-14 20:15:00,8267.76,8328.21,8252.01,8295.01,186.971395
2018-03-14 20:20:00,8299.4,8320.0,8290.0,8310.01,130.182471
2018-03-14 20:25:00,8310.01,8336.07,8295.08,8335.0,117.668638
2018-03-14 20:30:00,8336.07,8340.64,8283.72,8294.94,119.483735
2018-03-14 20:35:00,8294.95,8319.62,8259.0,8267.99,111.760915
2018-03-14 20:40:00,8267.99,8290.3,8258.99,8259.0,101.453328
2018-03-14 20:45:00,8260.01,8283.07,8245.4,8278.0,92.376061
2018-03-14 20:50:00,8278.0,8293.01,8270.0,8281.2,78.87574
2018-03-14 20:55:00,8281.21,8306.0,8280.0,8298.84,78.999148
2018-03-14 21:00:00,8298.85,8299.0,8261.0,8271.7,84.757284
2018-03-14 21:05:00,8271.69,8271.7,8239.99,8260.0,123.153847
2018-03-14 21:10:00,8260.0,8260.0,8122.0,8122.0,741.95853
2018-03-14 21:15:00,8122.0,8150.0,8065.0,8075.0,702.332067
2018-03-14 21:20:00,8080.04,8103.07,8038.0,8052.2,728.547748
2018-03-14 21:25:00,8055.0,8099.0,8045.7,8070.36,236.788692
2018-03-14 21:30:00,8083.62,8118.01,8070.31,8099.99,203.514466
2018-03-14 21:35:00,8098.95,8099.99,8055.0,8089.98,165.760728
2018-03-14 21:40:00,8086.0,8091.67,8018.0,8042.73,399.090523
2018-03-14 21:45:00,8035.0,8042.73,7950.0,8007.01,984.001024
2018-03-14 21:50:00,8005.97,8006.0,7945.0,7949.0,431.538053
2018-03-14 21:55:00,7949.0,8057.8,7900.28,8055.89,689.386186
2018-03-14 22:00:00,8055.89,8187.8,8054.0,8110.01,775.447067
2018-03-14 22:05:00,8119.0,8148.13,8068.37,8120.1,377.711342
2018-03-14 22:10:00,8120.1,8132.3,8080.99,8102.1,211.998707
2018-03-14 22:15:00,8105.01,8304.9,8087.18,8255.21,553.796759
2018-03-14 22:20:00,8258.44,8279.09,8198.01,8224.0,425.183764
2018-03-14 22:25:00,8224.0,8234.26,8150.0,8174.01,274.784365
2018-03-14 22:30:00,8174.02,8239.0,8130.09,8153.15,259.635335
2018-03-14 22:35:00,8153.15,8193.07,8130.09,8162.18,158.421028
2018-03-14 22:40:00,8168.31,8222.0,8162.18,8190.0,238.798981
2018-03-14 22:45:00,8190.01,8211.0,8170.0,8189.91,155.449118
2018-03-14 22:50:00,8177.98,8191.81,8122.03,8125.18,131.294806
2018-03-14 22:55:00,8125.17,8170.0,8121.53,8160.84,119.576092
2018-03-14 23:00:00,8160.84,8222.0,8150.0,8213.85,122.598737
2018-03-14 23:05:00,8218.97,8242.89,8182.52,8203.16,248.868538
2018-03-14 23:10:00,8207.0,8210.23,8163.2,8172.56,121.893367
2018-03-14 23:15:00,8172.56,8224.74,8171.0,8224.0,87.620024
2018-03-14 23:20:00,8224.0,8229.99,8204.58,8229.99,122.635548
2018-03-14 23:25:00,8227.5,8279.0,8214.0,8273.0,190.974558
2018-03-14 23:30:00,8273.3,8279.49,8233.22,8246.56,150.496804
2018-03-14 23:35:00,8246.56,8250.0,8206.0,8219.51,133.339387
2018-03-14 23:40:00,8219.47,8233.0,8210.0,8221.51,109.796524
2018-03-14 23:45:00,8221.51,8221.76,8164.0,8186.94,179.311547
2018-03-14 23:50:00,8197.99,8219.89,8178.15,8208.0,132.898752
2018-03-14 23:55:00,8208.0,8209.98,8170.0,8170.0,109.003562
2018-03-15 00:00:00,8184.01,8226.65,8170.0,8219.97,147.003459
2018-03-15 00:05:00,8219.0,8250.0,8205.0,8235.73,111.156075
2018-03-15 00:10:00,8235.73,8248.99,8222.31,8244.97,82.306875
2018-03-15 00:15:00,8244.97,8244.97,8189.51,8196.16,136.458867
2018-03-15 00:20:00,8208.4,8208.4,8140.0,8165.1,173.91125
2018-03-15 00:25:00,8165.72,8165.72,8089.01,8094.0,258.160673
2018-03-15 00:30:00,8094.0,8118.0,8055.98,8070.0,189.600815
2018-03-15 00:35:00,8070.0,8100.0,8025.17,8077.29,348.56243
2018-03-15 00:40:00,8077.28,8133.07,8070.0,8129.94,134.326044
2018-03-15 00:45:00,8133.0,8138.99,8122.5,8127.85,86.429693
2018-03-15 00:50:00,8126.0,8127.85,8100.0,8101.85,92.032952
2018-03-15 00:55:00,8101.02,8101.03,8043.07,8066.0,130.536125
2018-03-15 01:00:00,8066.0,8100.0,8066.0,8089.24,82.228194
2018-03-15 01:05:00,8095.82,8122.5,8086.45,8100.0,90.095785
2018-03-15 01:10:00,8100.0,8100.0,8056.44,8065.43,116.668203
2018-03-15 01:15:00,8070.0,8097.16,8065.0,8083.0,84.046949
2018-03-15 01:20:00,8076.04,8135.8,8070.0,8129.99,131.962147
2018-03-15 01:25:00,8129.99,8132.0,8110.0,8131.95,88.596531
2018-03-15 01:30:00,8131.95,8173.63,8130.0,8142.6,121.882129
2018-03-15 01:35:00,8145.0,8145.0,8114.09,8127.43,68.956706
2018-03-15 01:40:00,8127.43,8150.0,8091.97,8112.42,91.683221
2018-03-15 01:45:00,8112.41,8125.0,8073.07,8078.0,92.296034
2018-03-15 01:50:00,8078.0,8098.98,8054.0,8097.0,121.74224
2018-03-15 01:55:00,8097.0,8128.73,8084.52,8106.58,79.363496
2018-03-15 02:00:00,8106.58,8126.15,8076.0,8076.0,93.071583
2018-03-15 02:05:00,8076.0,8083.81,7967.27,7971.0,340.260348
2018-03-15 02:10:00,7971.0,8004.0,7937.89,7978.98,344.848202
2018-03-15 02:15:00,7977.82,7998.01,7863.0,7866.01,479.318563
2018-03-15 02:20:00,7874.0,7919.58,7855.05,7892.01,343.896624
2018-03-15 02:25:00,7892.01,7944.49,7830.0,7830.71,373.451128
2018-03-15 02:30:00,7830.7,7886.64,7826.0,7875.12,300.043361
2018-03-15 02:35:00,7875.12,7923.07,7875.12,7891.6,230.790439
2018-03-15 02:40:00,7893.05,7894.96,7845.74,7855.85,147.574765
2018-03-15 02:45:00,7855.83,7875.0,7821.99,7873.89,205.076662
2018-03-15 02:50:00,7873.89,7875.0,7780.0,7794.84,371.375833
2018-03-15 02:55:00,7791.69,7795.0,7717.0,7779.98,620.624989
2018-03-15 03:00:00,7766.6,7831.54,7766.6,7812.0,288.864967
2018-03-15 03:05:00,7802.67,7909.27,7802.0,7879.82,347.944505
2018-03-15 03:10:00,7875.07,7887.54,7840.75,7877.0,213.141307
2018-03-15 03:15:00,7876.99,7877.0,7825.0,7843.0,132.758879
2018-03-15 03:20:00,7843.03,7969.99,7835.41,7950.28,323.549924
2018-03-15 03:25:00,7950.29,7962.0,7927.5,7939.0,213.138109
2018-03-15 03:30:00,7939.0,7939.07,7882.54,7897.0,189.394475
2018-03-15 03:35:00,7896.71,7948.67,7895.0,7926.0,179.376726
2018-03-15 03:40:00,7926.0,7961.0,7914.1,7948.0,141.510462
2018-03-15 03:45:00,7948.0,7948.88,7865.0,7884.89,177.858471
2018-03-15 03:50:00,7884.92,7891.0,7850.0,7855.5,115.54099
2018-03-15 03:55:00,7852.02,7879.0,7830.0,7870.15,165.029136
2018-03-15 04:00:00,7870.15,7880.0,7803.08,7837.99,193.279496
2018-03-15 04:05:00,7839.95,7874.0,7828.96,7863.0,116.067581
2018-03-15 04:10:00,7853.75,7900.0,7837.5,7900.0,160.349481
2018-03-15 04:15:00,7897.0,7917.0,7844.65,7866.0,152.13372
2018-03-15 04:20:00,7866.0,7879.98,7854.68,7856.22,113.779083
2018-03-15 04:25:00,7856.21,7856.99,7810.0,7848.93,142.019413
2018-03-15 04:30:00,7846.46,7899.0,7841.0,7872.48,182.570621
2018-03-15 04:35:00,7869.01,7900.93,7854.62,7900.93,88.543767
2018-03-15 04:40:00,7900.0,7910.0,7863.08,7870.01,132.033046
2018-03-15 04:45:00,7875.95,7900.81,7870.0,7899.01,80.249187
2018-03-15 04:50:00,7899.0,7950.0,7890.54,7928.0,227.992742
2018-03-15 04:55:00,7928.0,7941.0,7880.72,7890.0,118.802044
2018-03-15 05:00:00,7889.99,7913.01,7850.99,7861.0,158.948309
2018-03-15 05:05:00,7861.0,7872.7,7850.99,7869.56,113.038498
2018-03-15 05:10:00,7867.78,7876.39,7766.58,7791.64,299.387226
2018-03-15 05:15:00,7791.64,7848.69,7765.0,7816.58,196.544856
2018-03-15 05:20:00,7816.62,7835.0,7810.0,7830.0,90.089144
2018-03-15 05:25:00,7830.0,7849.0,7791.0,7797.99,124.352514
2018-03-15 05:30:00,7797.99,7801.05,7755.0,7788.03,184.211779
2018-03-15 05:35:00,7790.0,7814.99,7785.19,7805.04,127.108588
2018-03-15 05:40:00,7805.05,7814.99,7785.18,7805.77,143.899788
2018-03-15 05:45:00,7807.57,7807.57,7728.88,7736.07,261.122803
2018-03-15 05:50:00,7736.0,7769.44,7735.0,7738.0,183.567762
2018-03-15 05:55:00,7738.0,7787.49,7726.4,7765.52,201.919556
2018-03-15 06:00:00,7760.0,7768.57,7723.07,7729.0,155.9093
2018-03-15 06:05:00,7729.0,7733.0,7650.0,7670.45,472.512847
2018-03-15 06:10:00,7670.45,7737.02,7653.0,7684.0,220.97088
2018-03-15 06:15:00,7694.29,7719.8,7670.61,7714.0,188.691984
2018-03-15 06:20:00,7710.61,7755.78,7702.57,7737.31,208.249871
2018-03-15 06:25:00,7737.31,7743.84,7700.0,7715.0,162.765283
2018-03-15 06:30:00,7715.0,7719.0,7692.54,7710.0,134.639162
2018-03-15 06:35:00,7710.0,7807.0,7710.0,7778.21,331.359662
2018-03-15 06:40:00,7777.15,7862.5,7771.0,7851.0,452.912724
2018-03-15 06:45:00,7857.25,7862.49,7777.0,7798.06,502.769084
2018-03-15 06:50:00,7798.05,7816.0,7780.0,7806.0,182.508543
2018-03-15 06:55:00,7806.0,7849.99,7802.18,7849.97,189.561028
2018-03-15 07:00:00,7849.97,7950.36,7842.0,7950.35,432.490421
2018-03-15 07:05:00,7949.99,7950.35,7885.84,7919.99,278.364719
2018-03-15 07:10:00,7918.21,7933.5,7894.85,7909.83,194.965229
2018-03-15 07:15:00,7903.0,7910.0,7876.32,7910.0,137.261159
2018-03-15 07:20:00,7908.0,7909.0,7843.02,7860.0,177.975626
2018-03-15 07:25:00,7857.76,7884.6,7843.71,7878.0,72.847965
2018-03-15 07:30:00,7876.29,7894.85,7863.84,7863.94,58.096624
2018-03-15 07:35:00,7872.4,7889.0,7857.9,7881.37,69.602212
2018-03-15 07:40:00,7881.37,7934.0,7877.37,7903.11,155.480758
2018-03-15 07:45:00,7909.0,7909.0,7872.0,7882.0,96.185256
2018-03-15 07:50:00,7882.0,7923.0,7879.0,7899.95,131.876813
2018-03-15 07:55:00,7899.97,7899.98,7857.21,7888.94,141.136474
2018-03-15 08:00:00,7887.19,7889.0,7790.73,7825.38,248.383774
2018-03-15 08:05:00,7825.38,7848.1,7797.0,7833.27,164.190755
2018-03-15 08:10:00,7835.09,7850.0,7812.6,7850.0,118.734433
2018-03-15 08:15:00,7850.0,7890.05,7849.1,7862.0,141.217351
2018-03-15 08:20:00,7861.15,7864.0,7835.92,7842.58,89.388126
2018-03-15 08:25:00,7842.58,7854.16,7811.0,7835.01,83.589005
2018-03-15 08:30:00,7835.01,7861.07,7819.08,7853.46,126.211782
2018-03-15 08:35:00,7855.08,7928.24,7849.53,7897.27,207.159437
2018-03-15 08:40:00,7897.27,8127.01,7887.32,8108.9,480.056143
2018-03-15 08:45:00,8108.9,8214.0,8108.9,8150.0,646.330335
2018-03-15 08:50:00,8150.0,8266.5,8122.0,8250.0,495.045908
2018-03-15 08:55:00,8240.03,8250.0,8166.47,8185.01,405.835982
2018-03-15 09:00:00,8189.0,8204.9,8159.8,8161.0,285.706311
2018-03-15 09:05:00,8161.0,8180.0,8141.01,8145.75,222.061667
2018-03-15 09:10:00,8145.0,8177.3,8105.01,8164.0,191.011641
2018-03-15 09:15:00,8166.82,8219.38,8158.97,8190.97,326.564752
2018-03-15 09:20:00,8190.97,8216.71,8172.0,8207.0,166.557543
2018-03-15 09:25:00,8207.0,8273.14,8200.42,8272.0,277.924858
2018-03-15 09:30:00,8272.0,8299.0,8185.0,8205.16,364.290229
2018-03-15 09:35:00,8205.16,8213.97,8180.0,8186.55,208.516314
2018-03-15 09:40:00,8187.0,8213.0,8172.15,8202.76,196.924943
2018-03-15 09:45:00,8200.51,8230.0,8188.64,8223.39,152.689715
2018-03-15 09:50:00,8223.92,8238.5,8195.0,8213.0,188.822565
2018-03-15 09:55:00,8212.37,8220.0,8181.95,8190.0,108.389534
2018-03-15 10:00:00,8189.99,8275.99,8182.47,8251.96,256.423072
2018-03-15 10:05:00,8249.91,8257.0,8226.98,8246.64,160.936859
2018-03-15 10:10:00,8247.69,8248.51,8215.0,8228.96,119.889523
2018-03-15 10:15:00,8220.47,8227.18,8202.0,8211.0,85.685519
2018-03-15 10:20:00,8222.89,8237.5,8155.0,8156.0,181.841536
2018-03-15 10:25:00,8155.2,8181.07,8129.0,8170.0,201.204805
2018-03-15 10:30:00,8170.0,8170.0,8073.26,8085.0,215.787531
2018-03-15 10:35:00,8094.43,8139.8,8078.27,8078.27,254.805147
2018-03-15 10:40:00,8078.27,8100.96,8050.51,8091.0,202.211735
2018-03-15 10:45:00,8091.0,8140.0,8082.46,8133.99,184.602159
2018-03-15 10:50:00,8133.99,8148.0,8108.53,8113.21,142.564195
2018-03-15 10:55:00,8110.06,8118.35,8092.55,8103.7,110.649574
2018-03-15 11:00:00,8103.0,8183.99,8102.0,8179.69,131.895183
2018-03-15 11:05:00,8169.99,8190.46,8151.07,8158.99,118.552441
2018-03-15 11:10:00,8158.92,8179.0,8068.0,8120.24,250.554747
2018-03-15 11:15:00,8107.07,8148.0,8082.51,8144.0,112.655943
2018-03-15 11:20:00,8143.99,8173.99,8126.0,8159.93,125.708063
2018-03-15 11:25:00,8159.93,8210.0,8157.0,8189.02,185.446148
2018-03-15 11:30:00,8189.02,8199.0,8150.0,8164.93,109.600707
2018-03-15 11:35:00,8164.93,8186.0,8151.59,8179.98,95.872613
2018-03-15 11:40:00,8178.08,8193.0,8155.0,8182.44,145.321446
2018-03-15 11:45:00,8182.45,8238.75,8178.87,8237.0,188.906578
2018-03-15 11:50:00,8237.0,8270.14,8215.99,8251.75,194.201023
2018-03-15 11:55:00,8251.75,8260.53,8212.2,8235.0,170.972087
2018-03-15 12:00:00,8235.0,8243.99,8177.7,8216.12,192.361608
2018-03-15 12:05:00,8211.0,8219.99,8157.0,8160.01,171.83827
2018-03-15 12:10:00,8160.01,8180.25,8151.11,8165.0,109.957664
2018-03-15 12:15:00,8165.03,8210.0,8165.02,8172.66,119.887945
2018-03-15 12:20:00,8172.66,8200.0,8168.07,8199.58,136.968669
2018-03-15 12:25:00,8185.21,8200.16,8150.0,8154.99,195.56425
2018-03-15 12:30:00,8154.99,8172.0,8130.0,8164.67,175.728297
2018-03-15 12:35:00,8164.67,8213.46,8157.05,8199.0,166.812503
2018-03-15 12:40:00,8193.34,8202.35,8173.76,8179.38,103.785199
2018-03-15 12:45:00,8179.39,8199.0,8176.71,8193.0,84.227079
2018-03-15 12:50:00,8193.0,8194.99,8155.0,8188.62,138.900607
2018-03-15 12:55:00,8188.53,8248.0,8169.01,8240.0,157.89753
2018-03-15 13:00:00,8245.0,8255.0,8213.0,8236.48,210.347277
2018-03-15 13:05:00,8236.48,8248.0,8193.08,8200.0,174.124344
2018-03-15 13:10:00,8200.0,8222.0,8199.98,8220.0,157.521454
2018-03-15 13:15:00,8222.0,8249.98,8218.57,8235.0,125.133733
2018-03-15 13:20:00,8240.0,8252.0,8212.29,8239.49,130.495811
2018-03-15 13:25:00,8232.0,8239.49,8175.08,8218.0,224.69609
2018-03-15 13:30:00,8218.0,8235.07,8210.0,8229.98,85.614137
2018-03-15 13:35:00,8229.96,8259.5,8214.64,8227.57,212.433237
2018-03-15 13:40:00,8227.49,8236.31,8180.0,8223.0,118.886456
2018-03-15 13:45:00,8225.0,8240.0,8208.11,8219.77,87.207692
2018-03-15 13:50:00,8219.77,8399.0,8210.3,8383.77,547.089772
2018-03-15 13:55:00,8390.0,8430.0,8360.05,8385.67,586.261397
2018-03-15 14:00:00,8385.67,8403.25,8361.0,8368.04,305.738213
2018-03-15 14:05:00,8368.34,8381.0,8350.0,8377.0,194.199946
2018-03-15 14:10:00,8377.0,8379.0,8340.01,8345.0,218.463253
2018-03-15 14:15:00,8345.0,8353.77,8318.38,8345.0,217.849264
2018-03-15 14:20:00,8345.0,8359.99,8330.0,8345.37,130.380362
2018-03-15 14:25:00,8345.37,8347.02,8306.97,8329.99,161.538562
2018-03-15 14:30:00,8326.0,8330.0,8265.0,8280.0,242.344448
2018-03-15 14:35:00,8280.0,8326.4,8272.0,8281.28,175.771128
2018-03-15 14:40:00,8292.3,8329.0,8289.86,8320.0,118.950832
2018-03-15 14:45:00,8320.0,8325.18,8282.01,8293.86,93.058914
2018-03-15 14:50:00,8296.28,8308.0,8282.12,8293.78,129.530381
2018-03-15 14:55:00,8291.0,8305.0,8280.2,8280.2,92.268902
2018-03-15 15:00:00,8282.0,8282.0,8083.01,8083.15,826.584004
2018-03-15 15:05:00,8097.75,8124.74,8000.26,8009.28,581.82811
2018-03-15 15:10:00,8004.31,8069.01,8002.09,8028.39,412.838323
2018-03-15 15:15:00,8025.0,8059.54,8016.02,8049.46,228.929696
2018-03-15 15:20:00,8049.46,8052.0,7951.01,7990.02,590.597445
2018-03-15 15:25:00,7990.02,8030.0,7981.02,8003.01,294.701236
2018-03-15 15:30:00,8005.35,8005.35,7925.15,7940.75,296.526781
2018-03-15 15:35:00,7940.75,8039.96,7928.22,8021.0,277.256555
2018-03-15 15:40:00,8021.0,8040.0,7999.0,8027.97,218.273483
2018-03-15 15:45:00,8027.98,8117.8,8020.01,8080.0,425.235323
2018-03-15 15:50:00,8080.0,8093.26,8025.31,8061.0,204.269798
2018-03-15 15:55:00,8063.98,8119.58,8041.2,8099.0,330.361333
2018-03-15 16:00:00,8098.76,8125.73,8025.3,8030.0,186.727896
2018-03-15 16:05:00,8030.0,8065.56,8000.0,8040.0,224.556707
2018-03-15 16:10:00,8040.0,8072.17,8040.0,8072.07,103.65162
2018-03-15 16:15:00,8069.99,8080.0,8037.0,8066.97,94.774302
2018-03-15 16:20:00,8066.38,8088.0,8053.61,8059.96,74.779574
2018-03-15 16:25:00,8059.93,8071.43,8035.73,8045.0,119.088479
2018-03-15 16:30:00,8046.0,8063.21,7950.0,7990.0,369.153512
2018-03-15 16:35:00,7993.82,8000.0,7943.9,7978.92,168.205168
2018-03-15 16:40:00,7978.92,8028.01,7977.0,8007.0,101.264017
2018-03-15 16:45:00,8007.0,8058.05,8002.41,8029.51,143.44965
2018-03-15 16:50:00,8029.5,8077.0,8005.04,8067.69,178.318415
2018-03-15 16:55:00,8067.69,8116.0,8055.07,8057.05,208.700686
2018-03-15 17:00:00,8057.06,8089.71,8038.94,8086.99,128.103248
2018-03-15 17:05:00,8086.99,8175.0,8062.0,8169.0,187.327511
2018-03-15 17:10:00,8169.0,8215.0,8092.14,8137.2,353.781628
2018-03-15 17:15:00,8140.93,8190.37,8130.0,8180.0,169.122595
2018-03-15 17:20:00,8182.6,8185.0,8138.55,8172.53,141.757866
2018-03-15 17:25:00,8172.53,8234.0,8165.01,8211.99,220.655038
2018-03-15 17:30:00,8211.99,8212.0,8139.02,8164.4,207.252347
2018-03-15 17:35:00,8166.66,8185.73,8143.66,8170.96,109.355308
2018-03-15 17:40:00,8170.96,8200.0,8160.0,8180.0,104.84376
2018-03-15 17:45:00,8179.99,8181.99,8108.01,8150.0,221.202923
2018-03-15 17:50:00,8149.99,8150.0,8108.01,8136.77,72.550811
2018-03-15 17:55:00,8118.97,8160.0,8106.0,8137.78,117.471778
2018-03-15 18:00:00,8137.78,8165.0,8117.62,8120.0,82.125882
2018-03-15 18:05:00,8122.79,8160.0,8116.0,8160.0,86.758149
2018-03-15 18:10:00,8160.0,8219.36,8134.07,8219.1,148.221919
2018-03-15 18:15:00,8219.1,8220.0,8148.6,8159.0,100.855038
2018-03-15 18:20:00,8159.0,8162.8,8136.0,8159.0,99.437334
2018-03-15 18:25:00,8159.0,8159.0,8080.0,8111.68,158.762287
2018-03-15 18:30:00,8111.68,8130.0,8076.0,8124.4,190.393828
2018-03-15 18:35:00,8120.0,8129.97,8090.0,8119.33,79.808937
2018-03-15 18:40:00,8117.29,8149.0,8090.0,8092.38,117.205431
2018-03-15 18:45:00,8090.05,8121.01,8080.0,8104.99,122.834627
2018-03-15 18:50:00,8104.99,8112.49,8080.0,8086.8,131.198464
2018-03-15 18:55:00,8081.69,8138.77,8066.0,8126.0,182.336362
2018-03-15 19:00:00,8126.0,8174.4,8113.21,8150.0,143.015224
2018-03-15 19:05:00,8148.99,8190.0,8132.31,8143.04,189.789725
2018-03-15 19:10:00,8156.45,8175.0,8126.0,8147.01,102.482796
2018-03-15 19:15:00,8147.01,8220.63,8147.01,8179.72,257.648768
2018-03-15 19:20:00,8179.47,8201.01,8164.0,8200.0,173.389159
2018-03-15 19:25:00,8200.0,8209.98,8177.18,8182.0,108.225929
2018-03-15 19:30:00,8182.06,8249.88,8155.73,8202.23,154.680308
2018-03-15 19:35:00,8202.24,8274.1,8200.3,8274.1,190.403921
2018-03-15 19:40:00,8271.48,8310.0,8261.63,8265.0,282.329529
2018-03-15 19:45:00,8269.0,8290.0,8242.0,8260.55,148.59348
2018-03-15 19:50:00,8260.63,8273.0,8190.0,8190.0,145.606996
2018-03-15 19:55:00,8195.95,8231.98,8181.0,8203.03,147.038908
2018-03-15 20:00:00,8210.0,8233.2,8203.0,8221.14,72.706091
2018-03-15 20:05:00,8221.13,8267.33,8219.1,8232.63,108.324147
2018-03-15 20:10:00,8225.0,8253.0,8213.1,8250.0,195.788591
2018-03-15 20:15:00,8251.59,8275.0,8229.2,8257.09,110.091755
2018-03-15 20:20:00,8257.09,8260.15,8211.62,8227.15,86.340624
2018-03-15 20:25:00,8241.7,8241.7,8180.97,8206.51,139.234201
2018-03-15 20:30:00,8207.03,8245.73,8198.34,8242.0,91.229673
2018-03-15 20:35:00,8242.0,8248.53,8217.0,8227.31,69.033067
2018-03-15 20:40:00,8218.08,8246.31,8216.11,8225.01,57.565307
2018-03-15 20:45:00,8225.01,8228.0,8200.0,8225.0,63.777349
2018-03-15 20:50:00,8222.18,8250.0,8219.35,8240.0,80.710024
2018-03-15 20:55:00,8227.49,8286.99,8227.0,8243.44,129.633971
2018-03-15 21:00:00,8243.35,8243.44,8220.0,8226.7,64.600013
2018-03-15 21:05:00,8237.87,8237.89,8201.44,8210.0,96.130736
2018-03-15 21:10:00,8215.0,8237.2,8207.0,8236.8,74.9058
2018-03-15 21:15:00,8236.8,8237.2,8213.02,8229.87,63.336479
2018-03-15 21:20:00,8229.9,8235.0,8215.0,8224.99,77.788501
2018-03-15 21:25:00,8224.99,8227.86,8129.79,8167.91,287.708821
2018-03-15 21:30:00,8164.99,8199.0,8155.17,8190.0,78.584942
2018-03-15 21:35:00,8190.0,8230.0,8182.07,8211.62,154.26945
2018-03-15 21:40:00,8218.24,8226.87,8200.0,8224.69,98.987785
2018-03-15 21:45:00,8226.8,8270.0,8224.69,8261.0,128.67106
2018-03-15 21:50:00,8266.32,8320.0,8242.72,8295.01,247.389207
2018-03-15 21:55:00,8295.01,8319.99,8265.05,8289.0,211.137403
2018-03-15 22:00:00,8279.35,8363.21,8276.7,8330.08,390.61438
2018-03-15 22:05:00,8338.04,8349.99,8301.01,8333.0,184.030546
2018-03-15 22:10:00,8333.0,8345.0,8311.45,8319.0,67.280329
2018-03-15 22:15:00,8311.45,8343.0,8300.0,8330.71,81.91715
2018-03-15 22:20:00,8330.71,8334.0,8314.9,8322.99,82.140013
2018-03-15 22:25:00,8319.99,8322.98,8270.0,8280.0,151.142821
2018-03-15 22:30:00,8280.0,8327.69,8271.02,8311.0,149.713456
2018-03-15 22:35:00,8311.0,8328.99,8281.01,8291.47,96.561234
2018-03-15 22:40:00,8291.47,8307.18,8273.14,8286.57,56.572845
2018-03-15 22:45:00,8293.99,8294.0,8232.78,8265.01,100.042327
2018-03-15 22:50:00,8270.29,8300.0,8250.0,8299.83,97.466793
2018-03-15 22:55:00,8286.07,8335.73,8275.0,8324.86,117.767935
2018-03-15 23:00:00,8317.86,8329.86,8279.05,8294.12,60.956718
2018-03-15 23:05:00,8283.32,8300.0,8262.93,8297.94,93.930571
2018-03-15 23:10:00,8289.1,8320.0,8276.98,8315.47,130.037145
2018-03-15 23:15:00,8313.24,8320.0,8279.0,8280.24,95.917451
2018-03-15 23:20:00,8284.74,8294.91,8265.63,8286.99,61.894312
2018-03-15 23:25:00,8278.3,8288.83,8266.32,8274.33,59.053971
2018-03-15 23:30:00,8277.06,8277.99,8205.42,8262.69,164.027843
2018-03-15 23:35:00,8262.69,8272.87,8233.18,8239.0,66.980287
2018-03-15 23:40:00,8239.0,8274.16,8235.13,8272.11,68.4534
2018-03-15 23:45:00,8261.06,8288.8,8252.82,8257.09,97.095723
2018-03-15 23:50:00,8260.0,8272.0,8232.0,8235.54,38.291505
2018-03-15 23:55:00,8237.0,8257.01,8214.01,8240.98,79.229666
2018-03-16 00:00:00,8240.98,8318.0,8240.01,8306.97,161.718515
2018-03-16 00:05:00,8304.36,8318.0,8259.99,8289.9,149.849059
2018-03-16 00:10:00,8284.62,8289.51,8244.55,8265.76,111.818702
2018-03-16 00:15:00,8268.69,8305.01,8265.32,8275.17,113.244701
2018-03-16 00:20:00,8276.0,8310.0,8276.0,8292.11,64.416028
2018-03-16 00:25:00,8297.0,8324.96,8289.56,8297.92,142.37776
2018-03-16 00:30:00,8291.52,8314.0,8285.0,8304.59,117.602108
2018-03-16 00:35:00,8299.92,8313.98,8233.0,8233.0,172.351301
2018-03-16 00:40:00,8240.0,8240.0,8130.0,8158.16,353.17123
2018-03-16 00:45:00,8158.16,8177.01,8040.0,8047.0,407.178535
2018-03-16 00:50:00,8059.97,8093.8,8035.74,8045.15,233.059459
2018-03-16 00:55:00,8050.0,8076.64,8040.0,8045.21,213.456571
2018-03-16 01:00:00,8048.87,8082.6,8021.0,8042.78,304.043725
2018-03-16 01:05:00,8029.48,8085.33,8029.32,8078.33,198.639637
2018-03-16 01:10:00,8078.26,8090.0,8064.0,8069.0,150.389568
2018-03-16 01:15:00,8069.0,8075.0,8045.09,8054.0,109.307199
2018-03-16 01:20:00,8053.69,8054.41,7970.01,8009.99,417.080667
2018-03-16 01:25:00,8009.99,8033.98,7980.96,8013.54,239.766365
2018-03-16 01:30:00,8007.22,8038.85,8000.0,8020.49,83.292804
2018-03-16 01:35:00,8020.5,8047.18,8009.18,8012.06,109.665974
2018-03-16 01:40:00,8020.73,8035.0,7990.0,8030.0,100.596677
2018-03-16 01:45:00,8030.0,8035.0,7901.5,7909.91,246.622472
2018-03-16 01:50:00,7913.99,7958.71,7900.0,7935.62,302.418508
2018-03-16 01:55:00,7935.57,8005.73,7915.0,8005.72,226.043544
2018-03-16 02:00:00,8005.72,8015.0,7941.72,8005.73,240.87481
2018-03-16 02:05:00,8005.0,8080.0,8005.0,8030.0,209.451777
2018-03-16 02:10:00,8016.17,8043.0,7981.17,7981.95,109.554421
2018-03-16 02:15:00,7997.0,8052.91,7981.0,8045.53,132.166702
2018-03-16 02:20:00,8045.54,8075.0,8045.0,8052.01,140.346868
2018-03-16 02:25:00,8057.96,8070.0,8010.0,8067.9,164.945374
2018-03-16 02:30:00,8060.11,8067.9,8010.03,8015.0,104.347305
2018-03-16 02:35:00,8022.99,8050.0,8014.91,8039.0,67.155808
2018-03-16 02:40:00,8039.99,8054.99,8016.0,8054.99,64.440705
2018-03-16 02:45:00,8054.99,8132.05,8054.06,8115.5,292.273391
2018-03-16 02:50:00,8113.0,8127.85,8071.01,8080.0,133.121138
2018-03-16 02:55:00,8080.0,8120.0,8078.01,8101.01,93.634815
2018-03-16 03:00:00,8109.99,8153.3,8081.0,8125.54,159.739857
2018-03-16 03:05:00,8126.97,8151.01,8088.0,8100.63,127.365495
2018-03-16 03:10:00,8100.0,8120.0,8065.73,8079.99,157.154026
2018-03-16 03:15:00,8080.03,8088.18,8067.0,8070.0,72.165825
2018-03-16 03:20:00,8070.0,8106.0,8057.0,8087.88,99.20487
2018-03-16 03:25:00,8084.05,8095.7,8060.89,8081.0,35.631162
2018-03-16 03:30:00,8075.51,8109.5,8070.01,8087.12,30.591443
2018-03-16 03:35:00,8081.01,8099.0,8080.0,8089.72,45.422018
2018-03-16 03:40:00,8089.71,8095.0,8050.0,8059.99,103.46239
2018-03-16 03:45:00,8059.98,8078.19,8055.0,8063.23,65.169472
2018-03-16 03:50:00,8069.2,8075.31,8021.96,8031.12,118.166705
2018-03-16 03:55:00,8032.51,8064.0,8018.6,8040.74,152.895429
2018-03-16 04:00:00,8040.74,8063.38,8026.0,8058.31,76.032221
2018-03-16 04:05:00,8058.32,8112.19,8058.31,8100.3,115.653001
2018-03-16 04:10:00,8100.29,8113.7,8069.32,8080.01,105.296036
2018-03-16 04:15:00,8086.0,8125.45,8061.69,8117.5,139.868172
2018-03-16 04:20:00,8112.92,8118.0,8076.26,8094.2,113.814879
2018-03-16 04:25:00,8100.01,8116.99,8094.2,8106.92,47.440456
2018-03-16 04:30:00,8112.98,8138.84,8106.91,8126.0,86.745355
2018-03-16 04:35:00,8125.39,8185.73,8118.65,8180.66,100.549119
2018-03-16 04:40:00,8180.66,8263.55,8160.08,8230.0,383.198845
2018-03-16 04:45:00,8230.0,8240.37,8185.19,8196.18,192.318465
2018-03-16 04:50:00,8193.56,8211.04,8180.5,8199.0,92.599308
2018-03-16 04:55:00,8195.32,8199.96,8172.0,8188.95,67.353432
2018-03-16 05:00:00,8181.14,8210.0,8172.0,8189.3,97.708815
2018-03-16 05:05:00,8185.1,8197.0,8155.73,8170.02,118.555868
2018-03-16 05:10:00,8159.03,8189.43,8157.0,8187.99,63.907745
2018-03-16 05:15:00,8186.39,8197.99,8175.0,8180.0,45.425991
2018-03-16 05:20:00,8179.99,8216.2,8176.44,8213.89,175.399737
2018-03-16 05:25:00,8213.89,8241.11,8213.89,8227.97,159.927499
2018-03-16 05:30:00,8224.2,8260.0,8224.0,8255.0,131.143126
2018-03-16 05:35:00,8255.0,8256.99,8220.0,8239.07,203.116319
2018-03-16 05:40:00,8239.03,8255.0,8220.0,8230.0,40.410198
2018-03-16 05:45:00,8230.99,8231.92,8186.2,8205.22,87.01058
2018-03-16 05:50:00,8204.98,8219.0,8190.0,8204.28,72.285405
2018-03-16 05:55:00,8199.8,8208.2,8160.0,8192.22,175.850974
2018-03-16 06:00:00,8180.09,8205.0,8180.09,8184.6,33.764666
2018-03-16 06:05:00,8184.6,8197.0,8175.06,8190.64,57.345615
2018-03-16 06:10:00,8190.64,8217.53,8185.0,8186.99,123.595892
2018-03-16 06:15:00,8186.99,8208.94,8185.0,8195.01,73.375178
2018-03-16 06:20:00,8195.01,8210.0,8191.37,8205.0,93.630672
2018-03-16 06:25:00,8205.0,8205.0,8183.0,8185.98,66.565383
2018-03-16 06:30:00,8190.69,8219.49,8186.43,8215.0,65.326739
2018-03-16 06:35:00,8215.0,8275.73,8210.01,8245.43,250.538608
2018-03-16 06:40:00,8245.43,8249.93,8208.11,8216.84,140.772665
2018-03-16 06:45:00,8212.48,8216.84,8177.0,8177.0,101.711516
2018-03-16 06:50:00,8178.0,8185.72,8145.89,8168.0,154.312816
2018-03-16 06:55:00,8175.46,8191.0,8158.46,8189.93,81.944537
2018-03-16 07:00:00,8189.93,8190.5,8171.0,8184.98,54.617382
2018-03-16 07:05:00,8180.0,8212.72,8172.0,8209.92,95.16163
2018-03-16 07:10:00,8209.93,8221.0,8197.38,8206.02,87.77049
2018-03-16 07:15:00,8210.01,8227.0,8209.67,8210.88,88.194745
2018-03-16 07:20:00,8210.12,8214.9,8189.0,8205.08,62.847854
2018-03-16 07:25:00,8210.0,8230.0,8205.09,8229.36,89.471501
2018-03-16 07:30:00,8224.02,8242.0,8212.0,8226.0,61.444102
2018-03-16 07:35:00,8226.0,8275.0,8225.96,8262.0,150.055433
2018-03-16 07:40:00,8256.0,8269.0,8235.0,8255.02,79.172533
2018-03-16 07:45:00,8255.01,8268.37,8250.0,8268.37,61.507699
2018-03-16 07:50:00,8269.0,8287.0,8260.17,8275.97,164.312667
2018-03-16 07:55:00,8271.5,8276.66,8230.0,8233.0,151.81478
2018-03-16 08:00:00,8233.0,8237.0,8201.0,8201.0,122.437038
2018-03-16 08:05:00,8201.0,8215.73,8180.0,8207.0,160.350134
2018-03-16 08:10:00,8203.2,8250.0,8203.2,8246.0,116.163186
2018-03-16 08:15:00,8246.27,8275.0,8234.02,8267.15,78.437149
2018-03-16 08:20:00,8255.01,8280.0,8247.13,8258.0,166.387116
2018-03-16 08:25:00,8258.0,8270.0,8185.0,8188.66,138.39713
2018-03-16 08:30:00,8188.66,8220.61,8172.39,8199.08,156.400467
2018-03-16 08:35:00,8199.08,8234.98,8190.3,8228.97,110.305465
2018-03-16 08:40:00,8228.97,8229.99,8190.0,8210.45,69.883462
2018-03-16 08:45:00,8217.97,8223.94,8193.03,8212.98,75.416182
2018-03-16 08:50:00,8212.72,8219.99,8193.6,8210.44,41.979428
2018-03-16 08:55:00,8214.71,8224.0,8180.06,8190.07,116.793906
2018-03-16 09:00:00,8192.0,8198.5,8100.0,8102.13,223.33493
2018-03-16 09:05:00,8115.98,8160.8,8069.99,8075.0,302.109846
2018-03-16 09:10:00,8070.02,8119.0,8070.01,8103.55,181.192197
2018-03-16 09:15:00,8103.47,8105.21,8084.29,8093.91,187.654196
2018-03-16 09:20:00,8093.91,8185.73,8087.01,8150.0,175.178543
2018-03-16 09:25:00,8150.0,8199.0,8138.0,8170.44,172.707761
2018-03-16 09:30:00,8170.0,8174.9,8137.0,8157.3,100.827995
2018-03-16 09:35:00,8157.28,8161.49,8143.21,8158.77,53.977674
2018-03-16 09:40:00,8158.77,8180.98,8155.0,8180.0,89.939274
2018-03-16 09:45:00,8170.2,8185.48,8130.0,8147.86,113.528404
2018-03-16 09:50:00,8140.0,8147.77,8112.0,8130.0,123.629017
2018-03-16 09:55:00,8132.45,8180.0,8125.21,8180.0,100.577482
2018-03-16 10:00:00,8180.0,8189.9,8145.51,8152.31,62.392686
2018-03-16 10:05:00,8152.31,8165.0,8125.73,8157.0,65.857191
2018-03-16 10:10:00,8160.0,8162.76,8121.65,8133.51,60.344835
2018-03-16 10:15:00,8133.51,8136.88,8115.01,8121.99,69.574397
2018-03-16 10:20:00,8128.0,8150.0,8121.04,8128.0,40.85715
2018-03-16 10:25:00,8130.0,8155.73,8125.0,8137.0,48.981223
2018-03-16 10:30:00,8137.0,8142.0,8068.0,8088.01,144.446673
2018-03-16 10:35:00,8070.21,8119.63,8066.3,8118.0,105.722589
2018-03-16 10:40:00,8113.34,8120.0,8085.05,8107.01,85.537088
2018-03-16 10:45:00,8107.0,8117.84,8087.0,8095.0,46.101017
2018-03-16 10:50:00,8093.7,8105.0,8078.01,8080.06,77.656769
2018-03-16 10:55:00,8089.94,8094.02,8060.0,8089.79,112.980046
2018-03-16 11:00:00,8085.01,8099.0,8066.2,8099.0,120.240985
2018-03-16 11:05:00,8094.92,8119.92,8085.2,8110.0,84.528767
2018-03-16 11:10:00,8110.0,8125.7,8110.0,8124.37,88.778823
2018-03-16 11:15:00,8124.36,8125.0,8100.0,8111.03,62.753859
2018-03-16 11:20:00,8115.76,8145.0,8110.0,8130.0,92.919046
2018-03-16 11:25:00,8130.0,8145.0,8127.89,8127.89,51.10998
2018-03-16 11:30:00,8127.89,8136.56,8107.0,8113.97,50.179594
2018-03-16 11:35:00,8117.87,8125.0,8100.0,8116.49,80.140352
2018-03-16 11:40:00,8110.03,8154.9,8109.99,8153.85,95.386495
2018-03-16 11:45:00,8155.0,8190.0,8153.87,8166.09,185.252725
2018-03-16 11:50:00,8167.58,8200.0,8166.08,8186.78,108.000152
2018-03-16 11:55:00,8191.94,8193.49,8166.79,8192.94,102.188123
2018-03-16 12:00:00,8182.07,8193.49,8155.73,8168.53,117.824322
2018-03-16 12:05:00,8168.53,8194.0,8155.73,8194.0,45.836798
2018-03-16 12:10:00,8194.0,8225.07,8183.5,8224.68,236.237371
2018-03-16 12:15:00,8207.12,8220.28,8187.66,8198.0,71.10449
2018-03-16 12:20:00,8198.0,8209.96,8161.94,8184.0,78.442407
2018-03-16 12:25:00,8184.0,8197.8,8171.0,8183.0,80.261573
2018-03-16 12:30:00,8183.0,8194.99,8172.01,8190.54,74.927349
2018-03-16 12:35:00,8190.94,8195.0,8172.41,8178.88,68.709099
2018-03-16 12:40:00,8178.0,8183.66,8155.0,8162.97,89.406903
2018-03-16 12:45:00,8161.62,8185.0,8160.63,8173.66,45.182454
2018-03-16 12:50:00,8173.64,8185.0,8168.99,8185.0,42.133692
2018-03-16 12:55:00,8181.69,8185.73,8176.36,8182.12,55.603887
2018-03-16 13:00:00,8182.11,8191.48,8175.18,8183.0,38.783328
2018-03-16 13:05:00,8181.98,8181.99,8139.02,8156.05,113.619342
2018-03-16 13:10:00,8156.06,8165.0,8145.02,8148.9,96.672124
2018-03-16 13:15:00,8148.9,8163.49,8140.75,8143.0,62.037899
2018-03-16 13:20:00,8149.96,8374.0,8141.86,8370.0,866.50144
2018-03-16 13:25:00,8369.99,8497.85,8339.64,8496.93,1310.149549
2018-03-16 13:30:00,8481.16,8500.0,8407.08,8439.97,686.675787
2018-03-16 13:35:00,8431.0,8470.69,8410.0,8420.0,368.404051
2018-03-16 13:40:00,8420.0,8450.43,8403.22,8444.3,372.468563
2018-03-16 13:45:00,8444.3,8475.0,8437.99,8445.0,271.399213
2018-03-16 13:50:00,8444.99,8464.88,8432.0,8433.09,175.186119
2018-03-16 13:55:00,8433.09,8452.79,8390.0,8444.0,346.781414
2018-03-16 14:00:00,8444.0,8477.9,8440.0,8466.31,176.92624
2018-03-16 14:05:00,8466.31,8530.1,8452.98,8530.1,298.537596
2018-03-16 14:10:00,8530.1,8550.0,8466.0,8480.14,434.495342
2018-03-16 14:15:00,8480.14,8494.81,8461.01,8470.0,176.865617
2018-03-16 14:20:00,8470.0,8486.8,8465.0,8475.01,90.106208
2018-03-16 14:25:00,8478.0,8506.5,8465.0,8494.0,187.822462
2018-03-16 14:30:00,8486.0,8500.2,8470.12,8480.6,135.66348
2018-03-16 14:35:00,8480.6,8488.1,8440.7,8459.88,262.02962
2018-03-16 14:40:00,8459.72,8475.0,8430.0,8452.01,123.674315
2018-03-16 14:45:00,8452.01,8471.8,8451.0,8451.03,56.29073
2018-03-16 14:50:00,8451.06,8454.99,8432.27,8434.0,158.313893
2018-03-16 14:55:00,8440.0,8440.0,8401.05,8418.5,194.856261
2018-03-16 15:00:00,8418.5,8475.0,8411.0,8469.0,152.520096
2018-03-16 15:05:00,8461.8,8474.99,8446.32,8470.0,102.60475
2018-03-16 15:10:00,8470.0,8510.0,8461.96,8490.0,154.713061
2018-03-16 15:15:00,8490.0,8495.0,8461.0,8468.98,135.948528
2018-03-16 15:20:00,8468.98,8480.0,8465.0,8478.0,148.160372
2018-03-16 15:25:00,8478.0,8510.03,8473.44,8503.87,180.503516
2018-03-16 15:30:00,8492.4,8503.85,8448.3,8479.5,220.187666
2018-03-16 15:35:00,8479.5,8515.73,8477.21,8510.0,200.266979
2018-03-16 15:40:00,8510.0,8598.0,8500.0,8588.55,499.127066
2018-03-16 15:45:00,8589.02,8598.77,8540.0,8564.0,402.733763
2018-03-16 15:50:00,8564.0,8564.0,8515.73,8519.02,193.380905
2018-03-16 15:55:00,8529.0,8543.0,8519.02,8539.0,98.077423
2018-03-16 16:00:00,8539.0,8543.0,8485.73,8490.0,195.231774
2018-03-16 16:05:00,8494.53,8535.0,8488.18,8505.54,160.434532
2018-03-16 16:10:00,8505.62,8516.73,8480.97,8490.02,123.516063
2018-03-16 16:15:00,8491.55,8509.55,8458.3,8501.0,176.523677
2018-03-16 16:20:00,8507.8,8549.8,8500.0,8549.79,156.69449
2018-03-16 16:25:00,8547.0,8611.64,8530.01,8559.57,323.665915
2018-03-16 16:30:00,8556.0,8565.0,8530.1,8546.68,128.982013
2018-03-16 16:35:00,8554.88,8554.88,8531.0,8540.25,124.805231
2018-03-16 16:40:00,8540.34,8559.55,8535.04,8539.09,82.804399
2018-03-16 16:45:00,8540.1,8581.7,8539.05,8580.0,93.678196
2018-03-16 16:50:00,8580.0,8580.0,8537.0,8549.79,147.665
2018-03-16 16:55:00,8549.79,8554.0,8535.0,8536.0,92.606946
2018-03-16 17:00:00,8536.01,8550.0,8485.73,8509.45,259.349426
2018-03-16 17:05:00,8509.45,8549.99,8495.19,8500.0,151.186684
2018-03-16 17:10:00,8510.0,8545.73,8496.74,8534.0,93.937633
2018-03-16 17:15:00,8534.03,8542.0,8526.2,8530.02,41.166181
2018-03-16 17:20:00,8530.01,8536.0,8501.99,8514.92,69.862324
2018-03-16 17:25:00,8506.01,8535.0,8503.0,8528.88,84.73144
2018-03-16 17:30:00,8528.88,8534.0,8524.04,8532.37,35.058919
2018-03-16 17:35:00,8524.05,8575.0,8524.04,8542.28,211.9261
2018-03-16 17:40:00,8538.6,8549.76,8529.0,8547.97,44.328797
2018-03-16 17:45:00,8545.33,8552.6,8535.5,8549.25,103.107549
2018-03-16 17:50:00,8549.3,8562.0,8538.02,8540.59,68.837435
2018-03-16 17:55:00,8544.49,8559.35,8434.09,8434.1,254.699844
2018-03-16 18:00:00,8441.0,8512.13,8431.01,8487.44,206.226385
2018-03-16 18:05:00,8480.0,8510.07,8474.69,8492.99,113.447529
2018-03-16 18:10:00,8490.0,8520.0,8490.0,8500.0,110.267634
2018-03-16 18:15:00,8500.0,8507.99,8486.0,8496.0,103.990644
2018-03-16 18:20:00,8494.99,8509.0,8487.01,8497.0,55.641653
2018-03-16 18:25:00,8495.0,8535.73,8491.0,8525.0,93.082137
2018-03-16 18:30:00,8526.72,8535.0,8505.0,8507.0,135.401792
2018-03-16 18:35:00,8510.0,8515.0,8480.0,8489.96,103.757606
2018-03-16 18:40:00,8489.96,8508.0,8476.37,8494.02,91.694387
2018-03-16 18:45:00,8495.0,8520.0,8483.36,8498.3,56.616984
2018-03-16 18:50:00,8498.3,8502.78,8476.36,8485.15,57.098621
2018-03-16 18:55:00,8490.0,8507.13,8481.0,8507.13,44.985703
2018-03-16 19:00:00,8506.61,8509.0,8487.61,8504.93,99.183005
2018-03-16 19:05:00,8509.0,8509.4,8491.89,8505.0,67.417006
2018-03-16 19:10:00,8504.0,8504.0,8480.0,8489.97,106.055242
2018-03-16 19:15:00,8488.0,8513.0,8485.0,8496.63,64.697617
2018-03-16 19:20:00,8486.06,8510.0,8485.0,8505.97,67.786195
2018-03-16 19:25:00,8506.17,8560.0,8505.0,8530.0,178.888561
2018-03-16 19:30:00,8531.0,8560.0,8515.31,8547.45,87.643325
2018-03-16 19:35:00,8547.45,8560.0,8515.73,8549.99,114.554797
2018-03-16 19:40:00,8549.85,8588.88,8541.15,8564.8,130.635627
2018-03-16 19:45:00,8564.8,8575.74,8522.13,8543.48,116.831806
2018-03-16 19:50:00,8548.0,8548.0,8530.0,8545.97,47.121074
2018-03-16 19:55:00,8545.97,8549.9,8531.84,8536.17,59.511023
2018-03-16 20:00:00,8536.17,8544.0,8504.0,8537.02,117.590855
2018-03-16 20:05:00,8537.02,8556.34,8530.01,8546.12,109.813198
2018-03-16 20:10:00,8545.77,8560.0,8527.0,8549.0,57.430114
2018-03-16 20:15:00,8548.99,8559.2,8540.43,8555.0,50.940363
2018-03-16 20:20:00,8555.0,8566.08,8515.0,8550.0,112.442324
2018-03-16 20:25:00,8561.0,8561.0,8520.0,8525.62,123.877077
2018-03-16 20:30:00,8526.02,8540.95,8486.0,8514.83,163.635808
2018-03-16 20:35:00,8508.07,8524.01,8480.1,8524.01,87.07133
2018-03-16 20:40:00,8524.01,8524.42,8505.74,8513.55,54.030088
2018-03-16 20:45:00,8513.6,8535.99,8513.55,8535.96,49.476849
2018-03-16 20:50:00,8535.96,8535.99,8511.0,8524.0,37.091776
2018-03-16 20:55:00,8524.0,8530.0,8504.55,8519.08,62.310771
2018-03-16 21:00:00,8519.08,8528.5,8507.0,8507.0,37.044766
2018-03-16 21:05:00,8505.01,8520.0,8480.01,8501.0,89.703691
2018-03-16 21:10:00,8507.72,8511.4,8490.0,8501.02,92.730691
2018-03-16 21:15:00,8504.49,8509.18,8480.32,8481.0,45.492856
2018-03-16 21:20:00,8481.0,8483.0,8455.02,8470.01,130.67259
2018-03-16 21:25:00,8470.01,8500.0,8470.0,8490.0,69.693937
2018-03-16 21:30:00,8492.44,8500.0,8478.7,8480.28,59.419902
2018-03-16 21:35:00,8486.19,8500.0,8468.01,8482.45,83.042176
2018-03-16 21:40:00,8482.46,8498.0,8482.0,8495.0,38.407415
2018-03-16 21:45:00,8492.0,8499.5,8481.0,8497.99,52.037762
2018-03-16 21:50:00,8492.92,8500.0,8485.0,8498.99,53.255898
2018-03-16 21:55:00,8499.0,8504.0,8493.0,8499.99,39.653322
2018-03-16 22:00:00,8500.16,8521.0,8494.01,8518.0,48.601295
2018-03-16 22:05:00,8518.01,8529.89,8493.43,8510.0,79.702574
2018-03-16 22:10:00,8510.0,8514.5,8491.0,8509.0,38.805339
2018-03-16 22:15:00,8509.0,8509.98,8481.0,8499.88,45.208538
2018-03-16 22:20:00,8498.82,8510.66,8488.2,8499.99,46.417829
2018-03-16 22:25:00,8499.99,8504.51,8496.18,8499.98,52.212028
2018-03-16 22:30:00,8499.98,8502.0,8486.5,8493.93,82.762061
2018-03-16 22:35:00,8496.99,8497.0,8481.02,8493.97,74.11456
2018-03-16 22:40:00,8493.98,8496.98,8481.0,8496.98,68.524271
2018-03-16 22:45:00,8490.86,8496.98,8480.0,8486.0,44.112023
2018-03-16 22:50:00,8486.0,8494.0,8457.0,8459.0,64.260797
2018-03-16 22:55:00,8459.0,8490.5,8455.73,8474.0,60.775335
2018-03-16 23:00:00,8477.0,8497.0,8474.04,8479.54,65.199184
2018-03-16 23:05:00,8480.0,8500.0,8480.0,8496.91,74.704088
2018-03-16 23:10:00,8496.91,8501.0,8484.0,8491.19,59.753045
2018-03-16 23:15:00,8499.68,8500.0,8489.0,8490.37,51.040163
2018-03-16 23:20:00,8490.37,8499.0,8487.99,8497.3,80.798307
2018-03-16 23:25:00,8493.65,8500.0,8489.4,8491.01,36.001512
2018-03-16 23:30:00,8491.01,8502.0,8491.01,8502.0,45.089061
2018-03-16 23:35:00,8500.0,8502.0,8340.22,8350.98,465.912265
2018-03-16 23:40:00,8345.64,8363.55,8291.0,8320.0,390.87148
2018-03-16 23:45:00,8315.12,8325.93,8258.0,8280.0,303.549564
2018-03-16 23:50:00,8280.0,8325.0,8267.37,8285.1,394.804818
2018-03-16 23:55:00,8285.04,8319.03,8257.2,8260.0,142.034102
2018-03-17 00:00:00,8260.0,8289.59,8231.0,8288.0,213.956236
2018-03-17 00:05:00,8288.0,8289.0,8267.61,8281.11,89.740029
2018-03-17 00:10:00,8287.42,8294.99,8261.0,8267.05,139.407156
2018-03-17 00:15:00,8267.05,8275.0,8224.0,8246.01,181.60766
2018-03-17 00:20:00,8252.0,8285.92,8246.01,8275.65,95.383583
2018-03-17 00:25:00,8275.65,8285.64,8245.73,8278.0,83.254151
2018-03-17 00:30:00,8278.0,8322.49,8275.0,8313.0,134.987051
2018-03-17 00:35:00,8313.0,8320.0,8285.0,8318.08,130.560646
2018-03-17 00:40:00,8313.01,8318.23,8268.07,8272.04,91.0482
2018-03-17 00:45:00,8284.36,8289.76,8260.0,8281.2,61.715671
2018-03-17 00:50:00,8281.02,8300.0,8272.43,8293.0,34.440218
2018-03-17 00:55:00,8293.0,8299.0,8288.12,8290.0,40.87601
2018-03-17 01:00:00,8290.0,8312.0,8288.66,8310.0,54.9779
2018-03-17 01:05:00,8310.0,8318.0,8300.0,8308.0,69.183837
2018-03-17 01:10:00,8308.0,8308.0,8273.23,8283.01,67.811271
2018-03-17 01:15:00,8283.0,8291.11,8262.18,8271.0,62.959244
2018-03-17 01:20:00,8269.0,8274.32,8149.88,8150.18,544.923445
2018-03-17 01:25:00,8150.27,8158.89,8086.01,8137.96,491.403581
2018-03-17 01:30:00,8139.37,8150.0,8113.72,8140.05,177.018674
2018-03-17 01:35:00,8140.05,8159.0,8113.7,8159.0,199.664018
2018-03-17 01:40:00,8159.0,8170.37,8130.0,8130.01,131.095169
2018-03-17 01:45:00,8131.0,8151.0,8128.0,8146.99,79.13456
2018-03-17 01:50:00,8145.36,8150.0,8130.0,8130.01,103.431991
2018-03-17 01:55:00,8137.94,8144.0,8108.0,8129.02,176.171086
2018-03-17 02:00:00,8138.81,8150.0,8121.54,8149.99,175.980599
2018-03-17 02:05:00,8149.99,8155.73,8141.0,8147.06,79.062422
2018-03-17 02:10:00,8149.67,8152.0,8120.23,8139.13,81.824779
2018-03-17 02:15:00,8140.0,8144.0,8139.03,8142.0,92.422087
2018-03-17 02:20:00,8141.95,8165.0,8141.9,8157.01,66.130132
2018-03-17 02:25:00,8160.0,8185.0,8157.0,8183.99,87.025241
2018-03-17 02:30:00,8183.98,8194.17,8151.01,8169.76,65.189458
2018-03-17 02:35:00,8169.0,8179.0,8154.54,8175.98,32.493149
2018-03-17 02:40:00,8175.98,8180.0,8129.0,8139.99,108.644708
2018-03-17 02:45:00,8139.99,8150.85,8078.0,8138.01,262.546848
2018-03-17 02:50:00,8138.36,8170.0,8137.0,8170.0,44.560327
2018-03-17 02:55:00,8170.0,8240.0,8168.51,8225.0,220.772929
2018-03-17 03:00:00,8224.99,8240.0,8185.74,8210.06,121.304599
2018-03-17 03:05:00,8210.06,8230.07,8190.01,8199.0,51.00981
2018-03-17 03:10:00,8190.08,8200.0,8188.92,8194.97,92.015679
2018-03-17 03:15:00,8194.98,8218.5,8190.88,8218.0,46.856154
2018-03-17 03:20:00,8220.0,8225.0,8190.88,8200.0,88.469674
2018-03-17 03:25:00,8200.0,8209.99,8190.88,8206.0,110.521941
2018-03-17 03:30:00,8206.3,8210.0,8170.0,8178.0,71.894911
2018-03-17 03:35:00,8176.0,8195.0,8100.78,8179.9,205.70911
2018-03-17 03:40:00,8173.15,8199.69,8168.97,8190.0,26.603779
2018-03-17 03:45:00,8190.0,8201.5,8188.87,8199.98,37.738553
2018-03-17 03:50:00,8199.89,8200.0,8191.07,8197.97,44.961668
2018-03-17 03:55:00,8192.07,8200.0,8190.16,8199.92,40.577593
2018-03-17 04:00:00,8199.91,8202.3,8150.0,8167.3,210.133838
2018-03-17 04:05:00,8166.77,8184.33,8160.01,8167.0,59.184979
2018-03-17 04:10:00,8167.0,8172.78,8145.0,8150.51,102.93693
2018-03-17 04:15:00,8150.51,8152.45,8099.0,8106.0,193.833597
2018-03-17 04:20:00,8109.94,8139.93,8082.5,8126.53,233.620266
2018-03-17 04:25:00,8127.0,8166.55,8127.0,8157.0,65.858317
2018-03-17 04:30:00,8159.96,8187.87,8140.05,8141.66,74.192459
2018-03-17 04:35:00,8141.0,8164.68,8140.99,8164.0,52.405167
2018-03-17 04:40:00,8164.0,8164.0,8150.42,8162.0,21.522827
2018-03-17 04:45:00,8161.91,8213.29,8157.42,8190.0,148.476774
2018-03-17 04:50:00,8186.54,8194.0,8181.0,8183.87,36.96885
2018-03-17 04:55:00,8183.86,8209.67,8182.0,8200.0,59.303192
2018-03-17 05:00:00,8200.0,8205.0,8164.05,8171.87,81.251265
2018-03-17 05:05:00,8166.0,8180.14,8149.0,8170.29,70.155645
2018-03-17 05:10:00,8179.99,8180.09,8159.67,8171.92,35.951775
2018-03-17 05:15:00,8163.06,8185.73,8163.06,8184.06,38.8441
2018-03-17 05:20:00,8184.06,8184.06,8170.98,8179.78,38.216294
2018-03-17 05:25:00,8179.85,8181.99,8149.62,8168.98,71.193391
2018-03-17 05:30:00,8169.79,8179.98,8158.0,8175.0,36.774852
2018-03-17 05:35:00,8171.02,8179.98,8141.54,8159.95,59.47793
2018-03-17 05:40:00,8159.96,8177.46,8158.48,8166.83,84.657108
2018-03-17 05:45:00,8159.38,8166.83,8146.82,8164.99,49.977188
2018-03-17 05:50:00,8162.99,8164.99,8141.26,8155.0,64.455321
2018-03-17 05:55:00,8155.0,8156.94,8141.26,8143.13,109.394629
2018-03-17 06:00:00,8149.6,8155.25,8133.47,8150.01,96.380537
2018-03-17 06:05:00,8153.99,8154.0,8131.0,8133.65,55.595894
2018-03-17 06:10:00,8134.0,8136.2,8108.0,8120.03,64.489192
2018-03-17 06:15:00,8120.03,8142.4,8112.0,8128.32,82.115816
2018-03-17 06:20:00,8132.0,8162.2,8128.04,8152.01,42.033078
2018-03-17 06:25:00,8152.0,8152.01,8139.66,8148.88,66.641531
2018-03-17 06:30:00,8148.88,8160.0,8141.18,8158.0,54.948877
2018-03-17 06:35:00,8160.0,8164.82,8125.9,8128.37,80.219579
2018-03-17 06:40:00,8128.37,8148.35,8120.01,8126.0,48.193025
2018-03-17 06:45:00,8136.99,8217.85,8126.01,8185.82,144.974396
2018-03-17 06:50:00,8199.7,8227.0,8173.0,8180.97,74.532798
2018-03-17 06:55:00,8180.96,8195.0,8175.81,8180.89,33.642878
2018-03-17 07:00:00,8180.89,8213.55,8175.86,8209.89,80.776497
2018-03-17 07:05:00,8209.89,8233.0,8200.2,8220.59,122.84324
2018-03-17 07:10:00,8220.59,8227.82,8201.02,8202.03,78.965955
2018-03-17 07:15:00,8202.79,8217.24,8173.03,8189.0,54.728408
2018-03-17 07:20:00,8189.0,8197.0,8180.0,8183.0,42.006557
2018-03-17 07:25:00,8190.0,8190.0,8180.0,8180.42,20.111514
2018-03-17 07:30:00,8188.81,8188.84,8170.0,8170.0,32.527134
2018-03-17 07:35:00,8171.0,8191.94,8166.1,8188.01,56.580371
2018-03-17 07:40:00,8188.01,8192.98,8175.0,8187.09,41.739963
2018-03-17 07:45:00,8190.0,8192.98,8178.09,8192.98,24.687484
2018-03-17 07:50:00,8189.48,8199.0,8186.0,8191.01,27.914376
2018-03-17 07:55:00,8191.01,8199.78,8186.0,8186.02,82.4683
2018-03-17 08:00:00,8197.7,8197.7,8145.62,8164.99,103.629679
2018-03-17 08:05:00,8165.0,8166.85,8156.0,8162.0,81.871805
2018-03-17 08:10:00,8163.0,8174.04,8162.0,8163.02,69.95248
2018-03-17 08:15:00,8166.99,8182.21,8163.03,8182.0,82.897591
2018-03-17 08:20:00,8181.0,8187.0,8179.0,8186.93,36.151422
2018-03-17 08:25:00,8186.93,8187.0,8181.98,8182.2,54.188458
2018-03-17 08:30:00,8182.2,8210.58,8182.2,8195.0,62.349226
2018-03-17 08:35:00,8195.01,8198.0,8181.0,8189.8,46.606762
2018-03-17 08:40:00,8187.66,8190.02,8171.0,8178.01,29.796077
2018-03-17 08:45:00,8179.0,8227.01,8172.0,8217.48,89.714805
2018-03-17 08:50:00,8217.48,8348.62,8214.0,8317.0,545.136484
2018-03-17 08:55:00,8319.99,8338.68,8282.52,8290.0,146.076194
2018-03-17 09:00:00,8289.0,8310.01,8282.51,8300.86,109.502393
2018-03-17 09:05:00,8300.86,8330.0,8290.0,8298.58,100.180595
2018-03-17 09:10:00,8298.57,8304.76,8289.22,8292.35,81.237431
2018-03-17 09:15:00,8290.0,8308.59,8283.94,8300.0,36.585011
2018-03-17 09:20:00,8300.0,8310.24,8300.0,8310.24,67.243752
2018-03-17 09:25:00,8305.04,8318.99,8290.06,8294.99,86.149669
2018-03-17 09:30:00,8290.06,8305.69,8242.02,8266.99,163.524101
2018-03-17 09:35:00,8264.01,8277.27,8250.0,8267.07,73.696622
2018-03-17 09:40:00,8267.07,8273.98,8245.73,8248.2,29.680702
2018-03-17 09:45:00,8248.2,8259.99,8230.06,8255.0,47.634249
2018-03-17 09:50:00,8258.99,8285.0,8255.0,8284.95,52.144534
2018-03-17 09:55:00,8284.0,8285.0,8253.84,8263.16,61.587822
2018-03-17 10:00:00,8263.16,8267.98,8252.09,8259.98,32.989099
2018-03-17 10:05:00,8259.98,8267.0,8252.1,8266.99,27.572439
2018-03-17 10:10:00,8266.81,8266.88,8240.01,8252.79,47.321456
2018-03-17 10:15:00,8251.68,8260.42,8230.0,8237.0,79.671056
2018-03-17 10:20:00,8237.0,8243.55,8224.0,8233.01,50.783895
2018-03-17 10:25:00,8233.0,8253.9,8231.03,8245.0,43.033278
2018-03-17 10:30:00,8243.03,8252.48,8230.0,8238.99,41.187343
2018-03-17 10:35:00,8238.98,8266.86,8235.31,8257.63,61.045728
2018-03-17 10:40:00,8257.63,8260.93,8229.59,8229.59,64.371281
2018-03-17 10:45:00,8232.65,8243.57,8225.0,8230.0,49.909193
2018-03-17 10:50:00,8229.83,8230.0,8211.0,8229.5,107.635729
2018-03-17 10:55:00,8229.5,8240.22,8211.02,8230.47,185.820185
2018-03-17 11:00:00,8230.47,8239.68,8211.02,8233.99,43.735253
2018-03-17 11:05:00,8233.98,8239.0,8225.24,8226.0,36.67493
2018-03-17 11:10:00,8226.0,8250.5,8221.33,8240.01,51.411228
2018-03-17 11:15:00,8240.01,8263.0,8240.0,8250.0,60.829382
2018-03-17 11:20:00,8246.01,8284.0,8240.0,8275.81,88.511008
2018-03-17 11:25:00,8275.0,8275.76,8253.2,8265.01,36.453913
2018-03-17 11:30:00,8265.01,8274.36,8247.55,8268.93,65.172911
2018-03-17 11:35:00,8268.93,8269.0,8261.0,8261.0,33.034676
2018-03-17 11:40:00,8261.56,8265.5,8255.0,8264.0,35.905791
2018-03-17 11:45:00,8262.91,8270.28,8258.0,8260.81,24.653714
2018-03-17 11:50:00,8260.08,8268.49,8240.0,8250.0,44.580442
2018-03-17 11:55:00,8250.0,8257.92,8158.0,8158.0,184.459662
2018-03-17 12:00:00,8158.01,8177.93,8088.0,8115.93,380.61567
2018-03-17 12:05:00,8115.93,8139.0,8081.0,8115.0,250.882694
2018-03-17 12:10:00,8114.0,8125.08,8100.01,8125.08,125.066672
2018-03-17 12:15:00,8125.09,8131.0,8085.2,8095.21,109.936822
2018-03-17 12:20:00,8095.21,8095.8,8010.0,8041.0,372.524872
2018-03-17 12:25:00,8040.0,8090.22,8040.0,8076.0,156.79524
2018-03-17 12:30:00,8076.01,8080.0,8040.6,8060.0,135.934156
2018-03-17 12:35:00,8057.01,8072.14,8028.03,8035.0,122.767416
2018-03-17 12:40:00,8034.0,8035.0,7980.0,8001.0,386.039509
2018-03-17 12:45:00,8009.98,8055.89,7996.0,8042.23,138.767414
2018-03-17 12:50:00,8041.68,8042.23,8009.98,8032.0,106.302372
2018-03-17 12:55:00,8032.01,8051.21,8025.0,8034.07,81.157809
2018-03-17 13:00:00,8030.02,8062.14,8030.0,8062.11,70.116115
2018-03-17 13:05:00,8062.11,8070.76,8040.0,8044.02,97.591817
2018-03-17 13:10:00,8046.5,8046.5,7982.5,8010.0,207.126796
2018-03-17 13:15:00,8010.0,8020.0,7997.86,8000.45,98.757852
2018-03-17 13:20:00,8007.47,8058.63,8000.0,8050.0,98.988962
2018-03-17 13:25:00,8050.0,8058.28,8005.73,8005.74,141.111558
2018-03-17 13:30:00,8009.0,8028.7,7920.0,7925.01,473.73414
2018-03-17 13:35:00,7925.0,7985.0,7920.0,7972.34,210.887328
2018-03-17 13:40:00,7972.34,7979.99,7951.0,7970.07,123.895546
2018-03-17 13:45:00,7970.07,7981.0,7945.73,7970.0,154.58265
2018-03-17 13:50:00,7970.0,7975.73,7945.0,7969.99,139.466529
2018-03-17 13:55:00,7969.98,7999.58,7963.29,7997.09,95.877929
2018-03-17 14:00:00,7997.09,8047.04,7990.09,8009.0,219.437797
2018-03-17 14:05:00,8001.09,8016.97,7965.0,7972.03,158.562131
2018-03-17 14:10:00,7972.03,7992.0,7960.02,7975.0,89.937223
2018-03-17 14:15:00,7972.0,7989.0,7955.0,7984.2,133.005998
2018-03-17 14:20:00,7984.2,8032.0,7972.0,8017.93,228.273457
2018-03-17 14:25:00,8017.93,8038.0,8006.09,8029.0,115.955913
2018-03-17 14:30:00,8029.0,8029.0,7988.0,8018.98,111.482098
2018-03-17 14:35:00,8016.17,8020.0,7999.99,8006.25,49.061015
2018-03-17 14:40:00,8019.0,8019.0,7980.0,7999.98,116.104299
2018-03-17 14:45:00,7999.98,7999.99,7945.73,7960.0,205.123372
2018-03-17 14:50:00,7956.58,7992.0,7945.0,7956.59,146.367635
2018-03-17 14:55:00,7956.59,7969.0,7955.82,7965.0,91.625974
2018-03-17 15:00:00,7965.61,7982.88,7952.05,7960.0,49.724826
2018-03-17 15:05:00,7954.51,7959.99,7855.73,7892.92,397.61529
2018-03-17 15:10:00,7885.32,7900.2,7855.0,7855.0,287.022262
2018-03-17 15:15:00,7855.02,7909.68,7852.2,7896.0,191.493803
2018-03-17 15:20:00,7896.5,7915.23,7889.35,7891.64,150.528342
2018-03-17 15:25:00,7892.0,7898.98,7859.0,7868.99,183.718654
2018-03-17 15:30:00,7868.99,7892.0,7856.01,7892.0,187.528389
2018-03-17 15:35:00,7893.72,7935.26,7888.0,7911.2,221.147144
2018-03-17 15:40:00,7911.2,7915.0,7888.1,7910.0,119.081119
2018-03-17 15:45:00,7910.0,7912.98,7859.8,7879.34,158.268383
2018-03-17 15:50:00,7879.35,7895.0,7862.0,7868.37,115.631962
2018-03-17 15:55:00,7868.37,7897.43,7862.0,7887.11,96.490487
2018-03-17 16:00:00,7887.99,7910.01,7887.11,7896.09,82.828952
2018-03-17 16:05:00,7896.09,7897.0,7866.0,7872.48,89.279116
2018-03-17 16:10:00,7870.0,7909.98,7870.0,7880.0,94.331998
2018-03-17 16:15:00,7880.0,7909.59,7878.0,7904.87,110.043954
2018-03-17 16:20:00,7900.0,7936.84,7894.0,7929.99,133.659262
2018-03-17 16:25:00,7925.0,7945.73,7920.0,7925.0,123.484526
2018-03-17 16:30:00,7925.0,7948.0,7921.49,7935.02,90.604994
2018-03-17 16:35:00,7935.02,7938.28,7910.0,7915.73,86.263583
2018-03-17 16:40:00,7910.29,7919.99,7887.39,7890.0,86.828408
2018-03-17 16:45:00,7887.66,7905.13,7887.13,7888.88,111.160275
2018-03-17 16:50:00,7890.0,7905.0,7865.5,7865.5,115.11467
2018-03-17 16:55:00,7865.5,7898.31,7865.5,7880.47,92.904423
2018-03-17 17:00:00,7888.61,7911.19,7880.48,7895.0,66.170345
2018-03-17 17:05:00,7900.92,7925.0,7890.0,7890.0,66.334296
2018-03-17 17:10:00,7893.31,7910.8,7887.67,7890.17,128.417023
2018-03-17 17:15:00,7894.0,7900.0,7890.0,7892.0,73.926327
2018-03-17 17:20:00,7892.0,7925.0,7892.0,7908.0,99.239452
2018-03-17 17:25:00,7908.15,7965.0,7906.0,7948.0,196.476816
2018-03-17 17:30:00,7944.93,7968.0,7925.79,7936.0,143.617305
2018-03-17 17:35:00,7944.77,7944.77,7918.07,7931.0,100.4766
2018-03-17 17:40:00,7929.99,7929.99,7906.08,7924.0,81.657166
2018-03-17 17:45:00,7929.95,7945.73,7915.0,7924.76,73.209422
2018-03-17 17:50:00,7920.45,7920.45,7903.33,7903.36,67.445454
2018-03-17 17:55:00,7908.99,7925.49,7903.0,7919.84,52.767815
2018-03-17 18:00:00,7914.97,7939.38,7908.0,7939.32,53.563366
2018-03-17 18:05:00,7939.32,7943.61,7919.0,7934.0,73.203544
2018-03-17 18:10:00,7930.0,7939.93,7920.0,7920.01,66.621598
2018-03-17 18:15:00,7920.01,7963.0,7920.0,7953.0,75.028069
2018-03-17 18:20:00,7953.0,7956.0,7930.0,7933.14,74.409823
2018-03-17 18:25:00,7934.06,7940.0,7924.82,7937.99,41.967023
2018-03-17 18:30:00,7935.89,7954.99,7925.05,7950.01,96.338975
2018-03-17 18:35:00,7950.01,7950.01,7930.0,7930.0,106.407292
2018-03-17 18:40:00,7930.0,7930.0,7880.0,7889.93,228.238059
2018-03-17 18:45:00,7889.92,7910.74,7869.0,7869.01,158.664628
2018-03-17 18:50:00,7872.4,7880.0,7758.0,7785.0,624.012655
2018-03-17 18:55:00,7785.01,7825.0,7780.0,7818.95,224.078977
2018-03-17 19:00:00,7820.0,7820.0,7777.0,7779.59,174.787782
2018-03-17 19:05:00,7777.0,7785.04,7740.0,7775.7,306.142739
2018-03-17 19:10:00,7780.0,7800.0,7755.37,7788.81,120.699917
2018-03-17 19:15:00,7788.81,7819.37,7765.73,7785.0,160.071998
2018-03-17 19:20:00,7785.0,7800.0,7765.73,7795.53,91.267142
2018-03-17 19:25:00,7795.53,7798.43,7777.0,7794.66,69.626125
2018-03-17 19:30:00,7794.67,7800.0,7780.0,7792.18,105.605113
2018-03-17 19:35:00,7792.18,7796.71,7786.2,7793.99,66.1316
2018-03-17 19:40:00,7793.99,7794.0,7768.0,7770.95,100.207754
2018-03-17 19:45:00,7770.87,7799.0,7768.0,7772.01,82.377313
2018-03-17 19:50:00,7772.01,7772.01,7721.99,7751.28,222.180983
2018-03-17 19:55:00,7757.0,7820.0,7735.0,7820.0,162.620883
2018-03-17 20:00:00,7820.0,7829.99,7770.01,7779.94,150.785317
2018-03-17 20:05:00,7772.01,7789.94,7745.18,7766.55,93.294665
2018-03-17 20:10:00,7776.14,7799.98,7755.0,7770.23,82.230448
2018-03-17 20:15:00,7765.84,7774.69,7759.0,7762.11,56.798164
2018-03-17 20:20:00,7762.06,7779.0,7757.06,7776.95,69.395469
2018-03-17 20:25:00,7770.04,7845.0,7766.0,7803.96,179.509626
2018-03-17 20:30:00,7801.0,7827.45,7777.77,7811.53,67.345689
2018-03-17 20:35:00,7811.63,7825.8,7800.0,7815.63,51.761887
2018-03-17 20:40:00,7815.63,7823.13,7780.57,7791.74,106.65704
2018-03-17 20:45:00,7791.74,7820.0,7780.0,7819.0,71.02885
2018-03-17 20:50:00,7819.0,7825.73,7811.0,7815.0,95.308535
2018-03-17 20:55:00,7814.99,7833.5,7814.0,7832.0,107.276229
2018-03-17 21:00:00,7832.0,7890.0,7827.0,7869.4,223.238231
2018-03-17 21:05:00,7869.5,7876.0,7861.95,7867.0,122.189429
2018-03-17 21:10:00,7867.0,7895.0,7842.52,7895.0,136.132079
2018-03-17 21:15:00,7894.98,7978.0,7881.09,7951.0,321.076465
2018-03-17 21:20:00,7951.0,8050.0,7946.0,7980.01,416.890437
2018-03-17 21:25:00,7980.01,8025.0,7951.79,7999.82,316.793733
2018-03-17 21:30:00,7999.82,8006.1,7953.01,7973.01,148.525536
2018-03-17 21:35:00,7973.01,7989.65,7950.0,7979.99,160.816394
2018-03-17 21:40:00,7977.01,7988.99,7967.93,7969.0,64.677481
2018-03-17 21:45:00,7969.0,7970.0,7950.5,7957.01,111.441996
2018-03-17 21:50:00,7958.0,7965.0,7895.0,7918.07,231.878071
2018-03-17 21:55:00,7918.07,7951.56,7917.0,7919.56,106.221225
2018-03-17 22:00:00,7919.56,7975.73,7919.55,7972.5,84.112058
2018-03-17 22:05:00,7972.5,8000.0,7970.1,7971.0,106.900159
2018-03-17 22:10:00,7971.0,7975.0,7915.0,7915.0,107.021453
2018-03-17 22:15:00,7915.0,7958.45,7911.03,7941.11,82.339844
2018-03-17 22:20:00,7935.12,7970.0,7930.03,7945.88,95.623452
2018-03-17 22:25:00,7945.87,7965.16,7938.56,7954.99,101.77536
2018-03-17 22:30:00,7952.01,8000.0,7945.4,7976.49,111.342835
2018-03-17 22:35:00,7976.5,7989.0,7963.17,7970.33,40.167454
2018-03-17 22:40:00,7970.33,8025.15,7970.0,8007.49,176.068671
2018-03-17 22:45:00,7996.49,8007.48,7982.61,7984.99,68.52683
2018-03-17 22:50:00,7985.0,8006.0,7980.5,7983.8,67.836377
2018-03-17 22:55:00,7984.0,8002.47,7980.0,7985.0,48.396815
2018-03-17 23:00:00,7992.8,8000.0,7943.0,7943.0,134.581381
2018-03-17 23:05:00,7943.0,7950.0,7912.0,7939.0,155.470364
2018-03-17 23:10:00,7938.0,7941.06,7860.0,7860.0,272.32847
2018-03-17 23:15:00,7865.0,7899.0,7800.0,7830.93,263.960441
2018-03-17 23:20:00,7830.85,7855.73,7813.0,7855.73,163.17968
2018-03-17 23:25:00,7855.26,7881.85,7800.0,7857.24,114.783219
2018-03-17 23:30:00,7858.0,7869.21,7814.0,7814.0,98.134748
2018-03-17 23:35:00,7815.95,7843.1,7805.0,7843.09,55.683511
2018-03-17 23:40:00,7843.02,7878.99,7843.02,7865.0,98.038884
2018-03-17 23:45:00,7865.0,7885.73,7857.78,7880.0,89.618912
2018-03-17 23:50:00,7880.0,7887.34,7855.73,7856.75,101.604443
2018-03-17 23:55:00,7856.73,7869.0,7824.8,7824.8,57.553904
2018-03-18 00:00:00,7824.01,7835.45,7780.0,7805.07,114.527095
2018-03-18 00:05:00,7805.07,7857.24,7795.0,7850.0,95.981451
2018-03-18 00:10:00,7850.0,7855.9,7825.73,7830.0,79.130168
2018-03-18 00:15:00,7830.0,7840.0,7765.0,7765.11,159.554323
2018-03-18 00:20:00,7766.78,7792.17,7750.0,7760.0,162.773846
2018-03-18 00:25:00,7760.0,7775.0,7750.0,7763.0,85.249156
2018-03-18 00:30:00,7757.0,7807.0,7756.0,7804.99,106.725012
2018-03-18 00:35:00,7795.18,7804.0,7744.0,7748.32,117.957098
2018-03-18 00:40:00,7750.27,7768.37,7735.73,7739.98,121.124367
2018-03-18 00:45:00,7735.73,7740.0,7682.14,7707.45,446.577056
2018-03-18 00:50:00,7705.07,7709.99,7680.0,7680.09,180.136253
2018-03-18 00:55:00,7680.04,7690.05,7669.92,7675.01,174.610706
2018-03-18 01:00:00,7675.01,7780.0,7670.0,7740.29,219.295434
2018-03-18 01:05:00,7732.25,7770.0,7731.98,7743.0,170.609404
2018-03-18 01:10:00,7748.01,7755.52,7705.0,7720.04,201.816996
2018-03-18 01:15:00,7718.59,7733.15,7703.0,7730.0,93.16103
2018-03-18 01:20:00,7730.0,7769.0,7719.51,7762.42,125.532042
2018-03-18 01:25:00,7762.42,7781.44,7744.01,7760.0,103.126014
2018-03-18 01:30:00,7761.81,7761.81,7732.46,7736.98,47.312988
2018-03-18 01:35:00,7736.98,7765.05,7724.81,7740.82,60.940182
2018-03-18 01:40:00,7740.35,7754.0,7729.72,7741.01,76.114677
2018-03-18 01:45:00,7741.01,7752.24,7730.0,7746.42,56.980982
2018-03-18 01:50:00,7746.42,7752.49,7732.6,7738.08,67.995839
2018-03-18 01:55:00,7732.0,7738.12,7686.03,7695.0,125.108007
2018-03-18 02:00:00,7695.0,7699.78,7630.0,7632.0,447.659639
2018-03-18 02:05:00,7632.0,7645.0,7605.0,7624.52,347.933579
2018-03-18 02:10:00,7610.76,7648.62,7610.0,7633.22,132.716125
2018-03-18 02:15:00,7633.3,7660.0,7615.73,7627.75,142.544125
2018-03-18 02:20:00,7639.87,7655.01,7628.67,7633.67,91.556902
2018-03-18 02:25:00,7638.0,7641.61,7613.0,7613.35,149.985277
2018-03-18 02:30:00,7613.33,7613.35,7560.0,7579.83,547.034235
2018-03-18 02:35:00,7578.0,7598.67,7558.0,7579.0,194.885054
2018-03-18 02:40:00,7578.98,7578.98,7540.0,7567.16,271.694488
2018-03-18 02:45:00,7553.99,7590.0,7539.99,7575.02,161.37219
2018-03-18 02:50:00,7575.02,7600.0,7560.31,7569.55,192.307698
2018-03-18 02:55:00,7569.55,7645.6,7550.0,7645.6,269.478759
2018-03-18 03:00:00,7643.8,7715.51,7641.6,7667.17,453.645817
2018-03-18 03:05:00,7674.77,7678.79,7615.9,7615.92,205.416687
2018-03-18 03:10:00,7620.0,7650.0,7612.0,7637.01,123.55009
2018-03-18 03:15:00,7637.01,7639.09,7575.0,7590.44,245.227881
2018-03-18 03:20:00,7595.0,7648.0,7591.02,7637.0,146.310077
2018-03-18 03:25:00,7635.0,7667.0,7612.01,7633.22,146.537278
2018-03-18 03:30:00,7625.74,7645.72,7625.64,7635.0,92.420206
2018-03-18 03:35:00,7635.0,7696.32,7634.04,7696.28,154.209367
2018-03-18 03:40:00,7695.98,7707.0,7670.0,7707.0,327.683833
2018-03-18 03:45:00,7705.0,7730.0,7690.0,7705.0,241.724038
2018-03-18 03:50:00,7705.0,7709.09,7660.0,7670.0,86.039131
2018-03-18 03:55:00,7676.0,7699.1,7664.08,7666.35,106.259611
2018-03-18 04:00:00,7666.33,7729.79,7635.1,7685.2,151.376922
2018-03-18 04:05:00,7685.19,7704.66,7675.74,7688.19,66.381942
2018-03-18 04:10:00,7689.99,7730.0,7689.99,7720.17,189.238903
2018-03-18 04:15:00,7720.17,7740.0,7696.02,7712.0,226.067216
2018-03-18 04:20:00,7712.0,7717.08,7690.0,7707.0,71.408942
2018-03-18 04:25:00,7707.06,7716.99,7700.03,7710.0,57.917459
2018-03-18 04:30:00,7709.19,7709.6,7580.0,7622.52,332.239179
2018-03-18 04:35:00,7630.05,7648.05,7606.33,7631.39,158.01091
2018-03-18 04:40:00,7631.39,7641.04,7587.0,7589.0,150.691738
2018-03-18 04:45:00,7589.0,7609.81,7563.0,7580.03,255.53235
2018-03-18 04:50:00,7580.03,7589.58,7520.0,7520.0,287.754224
2018-03-18 04:55:00,7525.26,7585.73,7519.84,7584.75,147.580322
2018-03-18 05:00:00,7581.39,7626.17,7568.03,7604.0,182.436326
2018-03-18 05:05:00,7602.0,7613.29,7575.0,7583.51,70.189787
2018-03-18 05:10:00,7583.51,7636.4,7583.51,7620.09,117.624562
2018-03-18 05:15:00,7620.07,7627.64,7600.0,7605.36,66.461633
2018-03-18 05:20:00,7614.93,7614.93,7580.04,7591.0,90.075978
2018-03-18 05:25:00,7591.0,7598.0,7585.0,7586.26,83.729129
2018-03-18 05:30:00,7597.17,7625.0,7585.09,7618.98,108.924634
2018-03-18 05:35:00,7618.9,7644.98,7585.9,7637.91,123.07494
2018-03-18 05:40:00,7637.96,7642.99,7625.0,7630.98,56.200495
2018-03-18 05:45:00,7630.98,7683.0,7630.01,7664.8,194.715151
2018-03-18 05:50:00,7660.0,7699.99,7660.0,7680.0,125.988476
2018-03-18 05:55:00,7680.0,7680.0,7650.45,7658.0,99.036361
2018-03-18 06:00:00,7656.62,7679.0,7650.45,7672.0,61.584518
2018-03-18 06:05:00,7672.0,7673.37,7652.86,7657.02,52.266216
2018-03-18 06:10:00,7657.03,7703.16,7657.03,7689.47,101.379533
2018-03-18 06:15:00,7689.47,7750.0,7685.1,7723.93,232.261943
2018-03-18 06:20:00,7723.95,7733.34,7690.11,7696.04,129.135297
2018-03-18 06:25:00,7690.11,7720.0,7685.2,7700.13,83.195355
2018-03-18 06:30:00,7700.13,7703.0,7666.0,7680.42,90.860106
2018-03-18 06:35:00,7672.01,7682.69,7645.73,7663.9,107.80585
2018-03-18 06:40:00,7671.01,7705.0,7664.27,7700.0,59.528227
2018-03-18 06:45:00,7700.0,7771.0,7696.26,7734.01,178.640774
2018-03-18 06:50:00,7738.0,7738.0,7712.0,7725.41,82.032801
2018-03-18 06:55:00,7725.41,7748.0,7690.7,7740.42,161.032593
2018-03-18 07:00:00,7740.42,7744.19,7715.12,7718.27,70.888724
2018-03-18 07:05:00,7721.0,7723.0,7690.99,7702.07,73.79136
2018-03-18 07:10:00,7702.07,7727.71,7700.0,7719.85,69.364437
2018-03-18 07:15:00,7719.83,7719.86,7678.02,7680.0,94.755783
2018-03-18 07:20:00,7679.99,7699.0,7675.0,7686.0,46.459995
2018-03-18 07:25:00,7686.0,7705.73,7684.0,7705.73,51.187681
2018-03-18 07:30:00,7705.73,7727.77,7700.25,7717.08,53.067751
2018-03-18 07:35:00,7717.08,7721.0,7676.0,7682.42,62.657007
2018-03-18 07:40:00,7694.7,7694.71,7653.19,7666.99,88.555626
2018-03-18 07:45:00,7666.99,7690.0,7664.53,7685.0,39.441665
2018-03-18 07:50:00,7685.0,7690.0,7650.0,7657.01,66.015373
2018-03-18 07:55:00,7660.0,7665.0,7632.6,7659.99,72.063509
2018-03-18 08:00:00,7659.0,7688.99,7640.07,7688.25,99.183704
2018-03-18 08:05:00,7680.0,7690.0,7657.0,7688.56,89.878561
2018-03-18 08:10:00,7688.57,7750.0,7681.0,7725.97,212.514956
2018-03-18 08:15:00,7725.92,7741.91,7700.01,7700.01,76.849735
2018-03-18 08:20:00,7705.0,7724.0,7700.01,7716.31,76.80424
2018-03-18 08:25:00,7716.3,7716.95,7693.03,7699.99,78.747617
2018-03-18 08:30:00,7699.99,7714.0,7697.67,7710.02,30.584686
2018-03-18 08:35:00,7710.02,7724.0,7707.7,7717.85,51.369887
2018-03-18 08:40:00,7718.0,7793.81,7710.0,7770.88,259.645043
2018-03-18 08:45:00,7770.86,7790.0,7744.85,7768.06,162.909587
2018-03-18 08:50:00,7768.06,7771.0,7736.4,7747.02,77.865616
2018-03-18 08:55:00,7747.02,7763.61,7716.0,7730.01,205.574892
2018-03-18 09:00:00,7732.74,7750.0,7715.91,7739.88,59.934923
2018-03-18 09:05:00,7747.99,7760.01,7743.0,7760.0,33.289445
2018-03-18 09:10:00,7760.01,7764.3,7733.07,7759.38,90.283271
2018-03-18 09:15:00,7751.03,7760.0,7705.73,7712.0,214.416697
2018-03-18 09:20:00,7715.8,7719.98,7665.0,7680.0,265.812262
2018-03-18 09:25:00,7680.0,7706.16,7665.0,7696.0,128.068955
2018-03-18 09:30:00,7695.01,7696.0,7651.02,7667.96,89.786771
2018-03-18 09:35:00,7667.96,7688.99,7667.95,7675.0,61.232357
2018-03-18 09:40:00,7675.0,7689.0,7675.0,7680.12,66.956467
2018-03-18 09:45:00,7684.98,7688.0,7655.99,7655.99,44.526446
2018-03-18 09:50:00,7660.0,7684.99,7655.99,7672.5,64.842273
2018-03-18 09:55:00,7672.5,7697.3,7670.0,7691.0,81.598015
2018-03-18 10:00:00,7692.0,7729.33,7690.01,7724.96,141.019214
2018-03-18 10:05:00,7715.01,7727.0,7710.0,7712.01,69.31174
2018-03-18 10:10:00,7712.0,7719.93,7690.0,7690.0,113.708046
2018-03-18 10:15:00,7689.99,7707.76,7684.0,7700.0,71.273763
2018-03-18 10:20:00,7701.96,7710.09,7697.0,7700.02,42.430203
2018-03-18 10:25:00,7697.01,7700.02,7600.0,7600.0,378.595104
2018-03-18 10:30:00,7600.0,7632.97,7550.0,7590.02,302.012231
2018-03-18 10:35:00,7596.35,7610.07,7589.98,7600.1,133.214306
2018-03-18 10:40:00,7600.1,7608.97,7551.0,7565.01,173.535433
2018-03-18 10:45:00,7565.02,7589.8,7532.09,7549.31,235.294107
2018-03-18 10:50:00,7545.17,7605.8,7538.04,7578.82,243.723506
2018-03-18 10:55:00,7579.0,7598.99,7565.22,7580.99,70.485796
2018-03-18 11:00:00,7580.0,7585.94,7544.0,7552.31,122.645782
2018-03-18 11:05:00,7552.31,7577.41,7549.16,7567.99,80.189634
2018-03-18 11:10:00,7567.99,7589.99,7565.0,7577.02,64.044961
2018-03-18 11:15:00,7583.0,7649.97,7577.0,7648.68,187.150134
2018-03-18 11:20:00,7648.68,7682.94,7645.29,7661.01,163.882166
2018-03-18 11:25:00,7667.0,7667.71,7618.0,7618.01,140.832802
2018-03-18 11:30:00,7618.02,7650.0,7617.0,7631.62,139.021614
2018-03-18 11:35:00,7633.97,7699.0,7624.7,7692.41,137.419693
2018-03-18 11:40:00,7694.23,7718.7,7676.08,7686.98,159.042338
2018-03-18 11:45:00,7686.98,7698.23,7670.07,7695.67,89.779758
2018-03-18 11:50:00,7696.24,7810.97,7695.67,7790.0,459.144588
2018-03-18 11:55:00,7789.88,7794.0,7760.09,7760.09,207.124216
2018-03-18 12:00:00,7761.19,7779.95,7734.5,7753.34,144.614342
2018-03-18 12:05:00,7753.34,7765.0,7730.07,7748.0,102.498421
2018-03-18 12:10:00,7747.89,7749.99,7700.0,7727.94,142.235233
2018-03-18 12:15:00,7727.92,7759.0,7707.5,7758.97,113.577554
2018-03-18 12:20:00,7758.95,7779.96,7720.0,7727.0,143.06906
2018-03-18 12:25:00,7727.0,7748.0,7719.0,7734.9,97.738185
2018-03-18 12:30:00,7734.0,7776.96,7732.01,7756.69,103.559027
2018-03-18 12:35:00,7751.99,7759.7,7720.0,7725.17,57.977099
2018-03-18 12:40:00,7732.99,7756.0,7725.0,7745.04,84.276014
2018-03-18 12:45:00,7750.0,7829.0,7750.0,7762.37,293.113121
2018-03-18 12:50:00,7765.0,7779.97,7670.07,7682.43,241.987111
2018-03-18 12:55:00,7680.0,7724.91,7669.82,7701.0,128.053192
2018-03-18 13:00:00,7701.0,7728.51,7657.0,7672.11,126.904847
2018-03-18 13:05:00,7660.39,7684.85,7639.0,7673.74,143.618595
2018-03-18 13:10:00,7673.5,7680.0,7646.03,7664.99,114.784835
2018-03-18 13:15:00,7664.99,7669.0,7631.0,7635.58,116.706685
2018-03-18 13:20:00,7635.58,7635.58,7561.0,7561.0,272.081023
2018-03-18 13:25:00,7561.2,7587.5,7550.0,7550.0,310.102595
2018-03-18 13:30:00,7555.78,7635.23,7534.9,7635.22,422.208296
2018-03-18 13:35:00,7635.23,7638.09,7570.0,7592.01,207.175189
2018-03-18 13:40:00,7592.01,7600.0,7556.0,7566.76,183.767688
2018-03-18 13:45:00,7566.75,7613.98,7551.0,7600.12,144.152211
2018-03-18 13:50:00,7605.51,7629.99,7555.51,7579.07,130.251874
2018-03-18 13:55:00,7579.08,7606.0,7570.0,7606.0,64.624689
2018-03-18 14:00:00,7606.0,7622.36,7559.0,7565.5,121.493432
2018-03-18 14:05:00,7565.2,7567.6,7403.16,7408.0,1078.790139
2018-03-18 14:10:00,7403.16,7430.0,7361.0,7429.96,771.798772
2018-03-18 14:15:00,7429.88,7431.28,7360.0,7365.0,429.696055
2018-03-18 14:20:00,7361.1,7402.01,7358.15,7380.01,306.931574
2018-03-18 14:25:00,7380.39,7430.79,7380.01,7400.0,260.652606
2018-03-18 14:30:00,7400.0,7400.0,7322.0,7376.76,678.752235
2018-03-18 14:35:00,7370.0,7450.0,7352.77,7448.0,415.759066
2018-03-18 14:40:00,7449.88,7490.0,7400.0,7419.99,515.896825
2018-03-18 14:45:00,7411.64,7469.0,7409.0,7445.0,274.141213
2018-03-18 14:50:00,7456.0,7529.0,7445.0,7470.0,521.578866
2018-03-18 14:55:00,7469.87,7498.99,7456.01,7489.91,231.238269
2018-03-18 15:00:00,7480.94,7499.5,7425.45,7447.0,288.543641
2018-03-18 15:05:00,7445.0,7481.57,7401.17,7478.35,260.91128
2018-03-18 15:10:00,7478.35,7480.0,7430.0,7442.97,153.340069
2018-03-18 15:15:00,7440.0,7455.96,7437.34,7449.0,85.033643
2018-03-18 15:20:00,7450.0,7470.0,7440.0,7444.22,141.693036
2018-03-18 15:25:00,7444.22,7452.0,7385.0,7406.0,280.742257
2018-03-18 15:30:00,7406.01,7430.0,7383.0,7419.9,146.587384
2018-03-18 15:35:00,7419.9,7434.16,7360.0,7370.0,227.917642
2018-03-18 15:40:00,7369.99,7408.86,7359.3,7405.0,185.677958
2018-03-18 15:45:00,7405.0,7470.0,7370.07,7422.0,215.761117
2018-03-18 15:50:00,7428.05,7445.0,7408.12,7436.72,148.009879
2018-03-18 15:55:00,7433.63,7440.0,7370.07,7385.0,178.657754
2018-03-18 16:00:00,7385.0,7385.0,7342.59,7361.0,242.628585
2018-03-18 16:05:00,7361.0,7379.1,7330.31,7357.97,283.837606
2018-03-18 16:10:00,7357.97,7390.0,7350.0,7389.86,227.743061
2018-03-18 16:15:00,7380.0,7391.0,7367.44,7383.99,206.175052
2018-03-18 16:20:00,7383.99,7389.83,7360.51,7388.0,140.588182
2018-03-18 16:25:00,7379.59,7389.83,7372.06,7383.0,142.283599
2018-03-18 16:30:00,7381.01,7389.17,7363.44,7378.98,115.948776
2018-03-18 16:35:00,7378.98,7449.99,7375.1,7447.05,476.274705
2018-03-18 16:40:00,7444.26,7447.04,7405.05,7417.79,206.683322
2018-03-18 16:45:00,7415.0,7444.28,7405.08,7424.93,94.89728
2018-03-18 16:50:00,7424.93,7427.91,7381.0,7392.0,172.146938
2018-03-18 16:55:00,7385.07,7397.0,7370.0,7375.83,125.569634
2018-03-18 17:00:00,7375.83,7387.84,7371.63,7372.02,111.102319
2018-03-18 17:05:00,7374.68,7387.84,7330.0,7386.77,336.739443
2018-03-18 17:10:00,7386.78,7435.0,7376.83,7410.0,241.165406
2018-03-18 17:15:00,7410.0,7419.9,7380.0,7390.01,101.134638
2018-03-18 17:20:00,7390.01,7436.0,7390.0,7434.98,207.905853
2018-03-18 17:25:00,7436.0,7436.0,7415.53,7434.0,96.465337
2018-03-18 17:30:00,7434.0,7466.18,7427.31,7465.99,231.796083
2018-03-18 17:35:00,7465.99,7466.17,7441.0,7443.37,97.811066
2018-03-18 17:40:00,7446.81,7499.0,7441.0,7498.99,246.610289
2018-03-18 17:45:00,7496.98,7511.0,7470.0,7509.71,254.437908
2018-03-18 17:50:00,7509.56,7511.81,7460.0,7469.04,366.263829
2018-03-18 17:55:00,7487.41,7499.0,7469.81,7485.0,95.719556
2018-03-18 18:00:00,7489.29,7511.0,7480.0,7480.0,130.992905
2018-03-18 18:05:00,7480.0,7490.0,7465.0,7486.8,121.197604
2018-03-18 18:10:00,7489.14,7572.58,7480.11,7540.0,360.371117
2018-03-18 18:15:00,7540.0,7584.0,7535.0,7573.25,300.992131
2018-03-18 18:20:00,7561.15,7581.0,7532.0,7532.51,181.977321
2018-03-18 18:25:00,7532.51,7550.0,7505.0,7525.0,159.835277
2018-03-18 18:30:00,7525.0,7540.52,7509.98,7528.0,122.574642
2018-03-18 18:35:00,7528.29,7545.02,7520.34,7541.51,121.043864
2018-03-18 18:40:00,7537.05,7564.99,7498.51,7550.0,178.167457
2018-03-18 18:45:00,7550.0,7558.01,7501.6,7509.51,118.904029
2018-03-18 18:50:00,7501.61,7521.13,7415.53,7437.8,422.247816
2018-03-18 18:55:00,7430.4,7456.72,7422.0,7436.0,147.022128
2018-03-18 19:00:00,7440.0,7440.0,7420.0,7423.03,123.055762
2018-03-18 19:05:00,7429.89,7429.89,7379.82,7394.02,275.724715
2018-03-18 19:10:00,7394.02,7453.0,7386.99,7452.99,156.070455
2018-03-18 19:15:00,7452.99,7476.09,7433.67,7473.92,218.677447
2018-03-18 19:20:00,7460.98,7509.6,7460.98,7466.0,191.946096
2018-03-18 19:25:00,7466.0,7486.99,7420.0,7460.01,191.388745
2018-03-18 19:30:00,7459.85,7478.5,7457.0,7460.99,122.998529
2018-03-18 19:35:00,7460.99,7521.0,7460.99,7510.0,143.701874
2018-03-18 19:40:00,7503.0,7509.99,7470.0,7480.0,78.164082
2018-03-18 19:45:00,7479.99,7498.0,7430.07,7479.96,116.532623
2018-03-18 19:50:00,7475.65,7490.0,7458.0,7467.15,92.513192
2018-03-18 19:55:00,7469.85,7483.37,7450.0,7463.53,61.113992
2018-03-18 20:00:00,7473.86,7541.69,7453.59,7513.0,209.652758
2018-03-18 20:05:00,7512.99,7535.58,7482.51,7514.0,118.195823
2018-03-18 20:10:00,7513.98,7529.65,7490.07,7526.97,74.558751
2018-03-18 20:15:00,7521.03,7521.03,7485.2,7506.72,115.276505
2018-03-18 20:20:00,7508.0,7518.0,7465.0,7490.0,120.823163
2018-03-18 20:25:00,7490.99,7509.0,7477.0,7505.0,72.045051
2018-03-18 20:30:00,7505.01,7509.79,7470.0,7499.99,96.085777
2018-03-18 20:35:00,7499.99,7548.02,7489.81,7534.87,132.912023
2018-03-18 20:40:00,7528.0,7600.0,7528.0,7600.0,353.500261
2018-03-18 20:45:00,7600.0,7639.32,7580.0,7633.0,396.611927
2018-03-18 20:50:00,7633.0,7684.47,7616.2,7637.03,349.593878
2018-03-18 20:55:00,7637.03,7669.94,7610.09,7660.0,230.045527
2018-03-18 21:00:00,7660.0,7823.36,7640.81,7810.0,695.30597
2018-03-18 21:05:00,7810.07,7849.0,7777.2,7784.42,738.442364
2018-03-18 21:10:00,7794.93,7954.94,7784.11,7953.45,652.917037
2018-03-18 21:15:00,7955.0,8075.05,7950.0,8000.0,967.52625
2018-03-18 21:20:00,7996.0,8000.01,7830.0,7856.27,1010.609183
2018-03-18 21:25:00,7856.28,7939.0,7856.07,7907.0,444.604034
2018-03-18 21:30:00,7906.31,7971.09,7897.04,7941.31,380.129801
2018-03-18 21:35:00,7944.85,7950.0,7861.0,7892.98,377.881557
2018-03-18 21:40:00,7892.98,7939.0,7875.01,7936.2,228.092629
2018-03-18 21:45:00,7938.99,8155.0,7933.42,8090.0,867.547131
2018-03-18 21:50:00,8090.0,8130.0,8031.04,8109.0,704.374831
2018-03-18 21:55:00,8109.0,8317.4,8106.0,8225.01,1109.799862
2018-03-18 22:00:00,8225.01,8249.08,8120.08,8125.0,692.362112
2018-03-18 22:05:00,8125.33,8180.0,8120.07,8170.04,367.086126
2018-03-18 22:10:00,8178.0,8199.0,8026.0,8083.09,646.410244
2018-03-18 22:15:00,8081.57,8174.99,8065.13,8107.25,363.776793
2018-03-18 22:20:00,8107.32,8135.03,8059.69,8066.16,373.652839
2018-03-18 22:25:00,8066.19,8105.0,8049.99,8050.0,347.517964
2018-03-18 22:30:00,8049.99,8150.07,8034.0,8148.9,380.496322
2018-03-18 22:35:00,8148.9,8160.99,8071.0,8085.0,307.597991
2018-03-18 22:40:00,8090.0,8189.12,8080.0,8176.48,328.805359
2018-03-18 22:45:00,8186.32,8187.0,8107.52,8135.0,342.768623
2018-03-18 22:50:00,8135.0,8150.0,8080.0,8143.99,255.713548
2018-03-18 22:55:00,8143.99,8159.0,8120.22,8145.0,177.288087
2018-03-18 23:00:00,8145.0,8194.16,8127.66,8161.94,237.020573
2018-03-18 23:05:00,8155.0,8247.5,8151.0,8225.02,496.406626
2018-03-18 23:10:00,8229.92,8238.0,8200.01,8201.92,334.758025
2018-03-18 23:15:00,8203.72,8225.0,8155.4,8200.11,253.683265
2018-03-18 23:20:00,8200.11,8259.01,8200.0,8225.09,271.042763
2018-03-18 23:25:00,8230.0,8255.75,8215.0,8220.0,195.180993
2018-03-18 23:30:00,8220.0,8226.58,8140.49,8145.97,322.752553
2018-03-18 23:35:00,8158.99,8185.0,8145.97,8179.0,201.515067
2018-03-18 23:40:00,8175.0,8179.98,8108.7,8162.0,227.452164
2018-03-18 23:45:00,8157.0,8196.0,8121.0,8195.54,202.888771
2018-03-18 23:50:00,8180.0,8220.0,8180.0,8195.27,221.665001
2018-03-18 23:55:00,8200.99,8210.0,8168.14,8189.99,167.314484
2018-03-19 00:00:00,8189.0,8437.12,8181.0,8360.14,1076.43843
2018-03-19 00:05:00,8361.3,8393.0,8349.0,8358.37,372.136746
2018-03-19 00:10:00,8357.0,8456.0,8349.15,8404.93,574.707934
2018-03-19 00:15:00,8405.1,8420.0,8320.0,8320.0,586.04048
2018-03-19 00:20:00,8332.48,8370.0,8320.69,8351.0,265.576143
2018-03-19 00:25:00,8350.97,8351.0,8300.0,8343.0,357.105748
2018-03-19 00:30:00,8335.0,8370.01,8331.01,8366.65,183.113656
2018-03-19 00:35:00,8366.66,8416.98,8360.07,8375.0,332.169453
2018-03-19 00:40:00,8375.0,8400.0,8360.09,8381.22,167.300955
2018-03-19 00:45:00,8389.0,8389.0,8351.64,8364.0,146.453492
2018-03-19 00:50:00,8360.01,8360.73,8237.59,8286.08,421.678397
2018-03-19 00:55:00,8290.55,8316.52,8270.78,8285.75,187.606329
2018-03-19 01:00:00,8285.75,8310.0,8271.0,8277.99,191.918869
2018-03-19 01:05:00,8271.0,8280.0,8125.0,8172.6,720.814229
2018-03-19 01:10:00,8172.6,8211.72,8150.5,8186.0,318.224921
2018-03-19 01:15:00,8194.98,8198.65,8138.9,8138.9,200.399514
2018-03-19 01:20:00,8139.88,8179.9,8135.0,8137.47,268.287902
2018-03-19 01:25:00,8137.46,8154.99,8088.4,8100.36,326.549056
2018-03-19 01:30:00,8100.33,8198.0,8100.24,8171.02,319.477024
2018-03-19 01:35:00,8171.01,8192.28,8124.51,8124.51,145.225027
2018-03-19 01:40:00,8135.53,8159.0,8124.51,8146.01,102.278845
2018-03-19 01:45:00,8155.78,8159.0,8128.02,8148.0,86.858038
2018-03-19 01:50:00,8146.97,8175.0,8142.0,8166.0,103.146326
2018-03-19 01:55:00,8166.01,8240.0,8166.0,8238.65,209.548503
2018-03-19 02:00:00,8238.65,8248.0,8155.67,8183.65,220.524724
2018-03-19 02:05:00,8170.42,8208.76,8140.0,8155.0,159.871763
2018-03-19 02:10:00,8152.46,8181.07,8142.01,8176.11,113.484855
2018-03-19 02:15:00,8173.95,8180.0,8161.78,8174.0,79.124965
2018-03-19 02:20:00,8174.0,8199.0,8170.0,8181.01,89.122656
2018-03-19 02:25:00,8180.9,8197.9,8170.97,8188.6,61.896968
2018-03-19 02:30:00,8188.6,8225.0,8164.05,8217.99,157.605268
2018-03-19 02:35:00,8206.07,8232.0,8205.99,8230.19,99.899499
2018-03-19 02:40:00,8230.15,8300.0,8210.0,8220.0,293.57894
2018-03-19 02:45:00,8214.63,8263.43,8214.63,8230.0,194.950988
2018-03-19 02:50:00,8230.0,8234.39,8210.0,8217.0,126.521708
2018-03-19 02:55:00,8217.0,8222.0,8150.0,8156.91,174.966882
2018-03-19 03:00:00,8161.0,8200.0,8150.23,8190.0,84.862615
2018-03-19 03:05:00,8190.0,8199.88,8168.0,8194.65,118.525483
2018-03-19 03:10:00,8194.58,8224.97,8180.01,8214.9,82.85656
2018-03-19 03:15:00,8214.89,8223.0,8204.0,8217.2,51.88656
2018-03-19 03:20:00,8217.2,8219.01,8160.16,8175.0,100.907701
2018-03-19 03:25:00,8175.0,8189.0,8174.0,8175.08,94.952353
2018-03-19 03:30:00,8175.08,8185.0,8152.0,8164.99,150.124352
2018-03-19 03:35:00,8165.0,8178.93,8138.24,8170.49,179.686547
2018-03-19 03:40:00,8164.6,8170.5,8137.99,8147.0,85.637043
2018-03-19 03:45:00,8147.0,8157.3,8101.0,8105.0,146.155979
2018-03-19 03:50:00,8105.0,8154.4,8101.0,8135.97,183.505753
2018-03-19 03:55:00,8127.01,8180.07,8121.0,8169.25,109.884211
2018-03-19 04:00:00,8157.01,8185.0,8145.0,8180.0,162.666927
2018-03-19 04:05:00,8179.99,8185.0,8171.08,8185.0,82.052692
2018-03-19 04:10:00,8184.27,8252.13,8182.99,8220.08,266.429393
2018-03-19 04:15:00,8220.15,8232.0,8176.89,8177.05,223.700027
2018-03-19 04:20:00,8177.0,8191.65,8165.06,8179.0,111.900497
2018-03-19 04:25:00,8179.0,8199.99,8171.6,8175.12,71.405444
2018-03-19 04:30:00,8175.15,8201.0,8174.0,8182.01,91.410756
2018-03-19 04:35:00,8182.0,8182.0,8171.6,8173.0,64.815463
2018-03-19 04:40:00,8178.0,8180.49,8140.54,8180.49,104.560869
2018-03-19 04:45:00,8180.13,8200.0,8175.3,8190.0,105.899938
2018-03-19 04:50:00,8180.11,8189.96,8173.0,8177.0,33.641573
2018-03-19 04:55:00,8178.97,8184.99,8160.0,8168.87,59.848926
2018-03-19 05:00:00,8168.78,8170.0,8145.01,8165.02,80.996653
2018-03-19 05:05:00,8168.0,8210.0,8166.0,8195.0,118.703903
2018-03-19 05:10:00,8195.0,8259.64,8194.0,8242.01,212.894538
2018-03-19 05:15:00,8247.0,8340.0,8242.01,8304.65,339.551357
2018-03-19 05:20:00,8304.65,8329.77,8262.54,8271.01,204.358505
2018-03-19 05:25:00,8271.0,8295.0,8236.17,8289.93,118.138155
2018-03-19 05:30:00,8285.45,8289.99,8240.07,8262.09,82.998388
2018-03-19 05:35:00,8262.1,8278.0,8240.0,8274.99,99.072018
2018-03-19 05:40:00,8270.0,8290.0,8256.0,8277.0,98.862027
2018-03-19 05:45:00,8281.99,8321.0,8272.05,8291.99,289.262856
2018-03-19 05:50:00,8292.0,8330.07,8291.99,8310.14,171.337867
2018-03-19 05:55:00,8310.14,8336.14,8305.93,8326.87,130.952549
2018-03-19 06:00:00,8317.11,8367.97,8315.79,8328.99,290.188448
2018-03-19 06:05:00,8328.99,8341.0,8283.71,8299.99,271.277792
2018-03-19 06:10:00,8293.52,8304.96,8289.05,8297.56,112.631594
2018-03-19 06:15:00,8297.56,8305.0,8295.0,8300.05,71.808932
2018-03-19 06:20:00,8300.05,8324.89,8297.9,8299.99,111.542126
2018-03-19 06:25:00,8297.9,8300.0,8236.0,8250.0,290.850768
2018-03-19 06:30:00,8240.09,8281.0,8240.09,8275.0,99.82514
2018-03-19 06:35:00,8271.19,8300.0,8271.18,8297.13,86.339346
2018-03-19 06:40:00,8297.13,8319.21,8280.0,8298.99,118.488401
2018-03-19 06:45:00,8295.0,8315.0,8280.7,8284.29,95.371673
2018-03-19 06:50:00,8286.01,8290.0,8261.22,8268.06,77.981815
2018-03-19 06:55:00,8277.95,8299.0,8268.3,8284.1,52.911166
2018-03-19 07:00:00,8287.0,8297.0,8251.0,8265.7,80.224737
2018-03-19 07:05:00,8269.26,8290.0,8250.09,8275.0,74.708487
2018-03-19 07:10:00,8279.74,8314.72,8275.0,8306.08,109.97113
2018-03-19 07:15:00,8306.09,8306.09,8282.45,8288.0,122.802914
2018-03-19 07:20:00,8286.99,8308.5,8286.08,8297.99,105.523976
2018-03-19 07:25:00,8298.0,8298.0,8266.44,8278.11,98.741229
2018-03-19 07:30:00,8278.33,8283.27,8260.99,8265.29,68.513098
2018-03-19 07:35:00,8265.32,8295.99,8260.81,8290.0,51.410341
2018-03-19 07:40:00,8295.28,8297.0,8281.0,8283.47,60.394854
2018-03-19 07:45:00,8285.0,8294.76,8283.4,8285.43,44.818053
2018-03-19 07:50:00,8285.46,8293.82,8277.07,8290.0,81.123905
2018-03-19 07:55:00,8290.0,8296.9,8271.0,8289.01,88.340428
2018-03-19 08:00:00,8292.92,8296.9,8277.6,8290.0,57.914656
2018-03-19 08:05:00,8290.0,8350.0,8287.0,8326.98,341.338634
2018-03-19 08:10:00,8326.98,8345.0,8294.2,8315.01,162.086563
2018-03-19 08:15:00,8315.01,8318.97,8294.54,8299.99,96.25819
2018-03-19 08:20:00,8294.52,8324.44,8290.0,8310.1,114.313149
2018-03-19 08:25:00,8310.1,8324.99,8304.47,8316.94,59.582175
2018-03-19 08:30:00,8316.94,8335.25,8311.0,8320.0,190.856507
2018-03-19 08:35:00,8315.0,8319.99,8304.93,8310.0,74.309898
2018-03-19 08:40:00,8310.0,8400.81,8307.0,8387.86,476.991612
2018-03-19 08:45:00,8380.01,8389.95,8360.41,8375.99,193.054075
2018-03-19 08:50:00,8383.93,8384.96,8355.24,8357.59,164.710858
2018-03-19 08:55:00,8357.6,8378.07,8305.11,8306.02,207.956711
2018-03-19 09:00:00,8314.98,8324.99,8201.5,8250.0,435.038644
2018-03-19 09:05:00,8242.0,8265.68,8220.0,8243.96,271.193005
2018-03-19 09:10:00,8243.96,8244.75,8158.0,8193.0,384.74198
2018-03-19 09:15:00,8182.78,8262.0,8175.58,8205.39,253.37999
2018-03-19 09:20:00,8214.12,8257.6,8200.0,8240.0,144.465366
2018-03-19 09:25:00,8240.0,8248.99,8218.0,8229.86,75.972875
2018-03-19 09:30:00,8229.86,8247.28,8202.01,8202.01,72.551303
2018-03-19 09:35:00,8210.0,8213.34,8179.09,8200.0,154.041911
2018-03-19 09:40:00,8199.99,8228.55,8191.03,8211.59,75.951055
2018-03-19 09:45:00,8213.28,8213.28,8181.65,8200.0,97.471752
2018-03-19 09:50:00,8207.14,8211.9,8182.31,8195.22,72.99795
2018-03-19 09:55:00,8195.22,8211.9,8180.1,8184.13,83.184869
2018-03-19 10:00:00,8186.54,8190.96,8108.0,8108.0,289.266941
2018-03-19 10:05:00,8113.02,8135.2,8089.0,8126.0,344.755222
2018-03-19 10:10:00,8126.01,8158.0,8122.01,8130.0,177.737077
2018-03-19 10:15:00,8122.19,8174.89,8115.0,8161.96,149.019894
2018-03-19 10:20:00,8161.96,8161.97,8105.01,8130.0,173.186635
2018-03-19 10:25:00,8130.04,8149.0,8122.94,8138.0,99.631739
2018-03-19 10:30:00,8145.0,8156.17,8124.01,8134.46,105.133431
2018-03-19 10:35:00,8133.26,8148.98,8122.56,8143.64,110.855261
2018-03-19 10:40:00,8143.64,8217.9,8143.59,8201.02,274.176186
2018-03-19 10:45:00,8201.2,8248.32,8201.2,8228.0,216.017028
2018-03-19 10:50:00,8228.0,8250.56,8207.5,8219.99,209.425641
2018-03-19 10:55:00,8219.99,8232.98,8203.82,8218.31,114.703856
2018-03-19 11:00:00,8218.31,8285.99,8203.94,8251.0,227.158069
2018-03-19 11:05:00,8251.0,8272.29,8244.16,8264.01,116.117844
2018-03-19 11:10:00,8264.01,8267.01,8240.08,8251.98,65.634321
2018-03-19 11:15:00,8251.98,8260.0,8230.0,8238.9,51.773581
2018-03-19 11:20:00,8238.9,8260.9,8215.8,8255.97,83.822826
2018-03-19 11:25:00,8251.01,8251.01,8237.0,8237.01,50.242379
2018-03-19 11:30:00,8238.0,8244.9,8237.0,8241.27,54.915007
2018-03-19 11:35:00,8241.27,8276.89,8240.99,8276.89,152.895552
2018-03-19 11:40:00,8276.89,8350.0,8276.0,8332.98,292.297252
2018-03-19 11:45:00,8322.0,8337.71,8278.0,8310.0,131.002965
2018-03-19 11:50:00,8302.28,8360.07,8302.28,8335.77,241.030149
2018-03-19 11:55:00,8334.84,8355.0,8316.0,8330.0,148.705723
2018-03-19 12:00:00,8330.0,8335.0,8268.86,8275.43,239.50252
2018-03-19 12:05:00,8281.0,8292.9,8260.0,8261.01,125.902588
2018-03-19 12:10:00,8261.04,8286.63,8254.56,8275.98,114.740644
2018-03-19 12:15:00,8273.89,8277.0,8260.0,8261.0,95.652128
2018-03-19 12:20:00,8261.0,8309.9,8260.0,8299.91,140.482654
2018-03-19 12:25:00,8299.0,8299.93,8280.15,8295.0,60.987019
2018-03-19 12:30:00,8294.0,8299.96,8280.0,8289.99,57.368412
2018-03-19 12:35:00,8287.01,8299.0,8261.63,8280.0,118.045081
2018-03-19 12:40:00,8280.0,8300.0,8269.35,8293.1,62.818177
2018-03-19 12:45:00,8293.09,8298.0,8260.0,8270.6,59.054342
2018-03-19 12:50:00,8266.17,8274.94,8206.61,8241.01,220.280598
2018-03-19 12:55:00,8245.0,8280.0,8240.22,8269.93,59.091742
2018-03-19 13:00:00,8269.92,8278.0,8218.01,8229.99,149.197174
2018-03-19 13:05:00,8230.0,8256.86,8218.01,8229.93,181.496652
2018-03-19 13:10:00,8229.93,8252.47,8205.01,8238.1,195.010758
2018-03-19 13:15:00,8235.0,8294.96,8235.0,8275.0,128.681873
2018-03-19 13:20:00,8271.0,8325.0,8262.69,8309.93,189.800008
2018-03-19 13:25:00,8294.81,8310.92,8280.26,8310.01,84.349541
2018-03-19 13:30:00,8310.86,8310.92,8278.0,8286.4,138.497671
2018-03-19 13:35:00,8289.0,8324.46,8260.0,8309.43,177.481243
2018-03-19 13:40:00,8314.99,8517.0,8309.29,8465.44,1309.821329
2018-03-19 13:45:00,8479.99,8594.99,8465.56,8535.0,895.819182
2018-03-19 13:50:00,8535.0,8559.99,8500.0,8535.0,430.58128
2018-03-19 13:55:00,8535.0,8536.0,8500.0,8529.02,373.413802
2018-03-19 14:00:00,8534.28,8550.01,8517.57,8535.0,367.415717
2018-03-19 14:05:00,8535.0,8614.0,8535.0,8557.73,586.108822
2018-03-19 14:10:00,8560.0,8649.0,8540.0,8640.0,574.351344
2018-03-19 14:15:00,8640.0,8705.23,8612.0,8665.68,1052.49832
2018-03-19 14:20:00,8664.84,8676.46,8545.26,8578.7,845.522807
2018-03-19 14:25:00,8584.91,8618.3,8548.65,8580.34,393.619579
2018-03-19 14:30:00,8580.34,8588.29,8511.0,8533.09,435.054192
2018-03-19 14:35:00,8533.09,8555.0,8530.0,8533.09,202.694528
2018-03-19 14:40:00,8533.0,8595.99,8511.01,8570.0,380.619841
2018-03-19 14:45:00,8570.0,8640.01,8561.74,8620.37,380.382188
2018-03-19 14:50:00,8620.21,8636.34,8581.42,8587.0,192.578793
2018-03-19 14:55:00,8589.9,8592.03,8550.0,8558.9,257.795642
2018-03-19 15:00:00,8552.05,8583.81,8552.04,8581.0,88.177063
2018-03-19 15:05:00,8583.8,8583.81,8485.0,8498.0,237.52449
2018-03-19 15:10:00,8494.66,8540.07,8490.8,8500.0,222.237501
2018-03-19 15:15:00,8500.05,8570.07,8500.0,8560.06,171.647652
2018-03-19 15:20:00,8560.06,8568.99,8550.0,8550.01,83.552673
2018-03-19 15:25:00,8550.01,8550.66,8501.67,8517.0,186.869846
2018-03-19 15:30:00,8520.55,8530.74,8501.0,8519.98,166.752974
2018-03-19 15:35:00,8519.98,8580.0,8506.0,8575.01,264.481898
2018-03-19 15:40:00,8580.0,8589.0,8556.0,8565.1,241.244991
2018-03-19 15:45:00,8565.1,8597.89,8552.22,8568.98,154.401849
2018-03-19 15:50:00,8561.04,8569.0,8541.0,8544.5,108.780581
2018-03-19 15:55:00,8544.5,8565.0,8533.13,8550.0,88.22235
2018-03-19 16:00:00,8550.0,8620.0,8548.0,8596.97,285.88133
2018-03-19 16:05:00,8596.9,8630.0,8583.88,8608.0,196.547367
2018-03-19 16:10:00,8608.0,8624.99,8592.0,8623.0,186.665877
2018-03-19 16:15:00,8622.35,8629.0,8602.0,8613.99,186.718451
2018-03-19 16:20:00,8614.98,8619.13,8560.0,8575.02,253.655849
2018-03-19 16:25:00,8579.0,8599.99,8575.02,8581.0,144.853948
2018-03-19 16:30:00,8586.78,8593.1,8514.0,8520.0,246.043786
2018-03-19 16:35:00,8515.9,8555.0,8512.0,8540.01,169.71991
2018-03-19 16:40:00,8540.02,8545.0,8529.0,8545.0,133.892775
2018-03-19 16:45:00,8545.0,8579.74,8539.97,8558.11,172.091081
2018-03-19 16:50:00,8565.67,8570.01,8528.97,8538.0,124.729381
2018-03-19 16:55:00,8538.0,8545.04,8366.0,8372.8,539.067675
2018-03-19 17:00:00,8391.76,8419.98,8280.0,8347.37,955.941654
2018-03-19 17:05:00,8347.37,8401.39,8319.14,8350.03,624.965633
2018-03-19 17:10:00,8350.03,8380.0,8350.01,8365.0,195.193348
2018-03-19 17:15:00,8364.99,8373.0,8294.01,8320.0,460.395023
2018-03-19 17:20:00,8320.0,8345.0,8230.7,8267.17,488.033199
2018-03-19 17:25:00,8278.92,8320.0,8250.0,8285.0,325.447117
2018-03-19 17:30:00,8285.0,8345.19,8275.01,8322.71,262.597735
2018-03-19 17:35:00,8322.7,8342.99,8288.1,8323.99,152.019678
2018-03-19 17:40:00,8323.99,8370.0,8285.1,8315.31,262.945925
2018-03-19 17:45:00,8302.0,8327.08,8290.0,8298.0,193.838019
2018-03-19 17:50:00,8298.0,8351.05,8291.31,8328.99,190.658622
2018-03-19 17:55:00,8319.03,8331.02,8290.62,8305.0,235.159906
2018-03-19 18:00:00,8304.99,8305.0,8290.0,8295.01,71.862274
2018-03-19 18:05:00,8295.01,8398.24,8295.0,8396.7,229.146629
2018-03-19 18:10:00,8396.73,8420.0,8335.07,8336.79,332.651915
2018-03-19 18:15:00,8337.0,8373.6,8336.79,8352.01,81.301733
2018-03-19 18:20:00,8352.01,8380.0,8351.0,8379.0,109.349589
2018-03-19 18:25:00,8375.0,8390.07,8370.0,8375.78,87.794482
2018-03-19 18:30:00,8375.77,8389.0,8373.93,8385.0,88.396449
2018-03-19 18:35:00,8385.0,8420.0,8371.0,8378.0,132.371584
2018-03-19 18:40:00,8378.0,8379.0,8332.34,8355.0,150.277113
2018-03-19 18:45:00,8345.0,8360.0,8339.01,8347.01,62.188103
2018-03-19 18:50:00,8347.01,8354.99,8340.0,8340.35,76.640092
2018-03-19 18:55:00,8349.0,8349.0,8260.0,8298.98,296.199554
2018-03-19 19:00:00,8298.98,8300.06,8290.0,8293.0,108.162722
2018-03-19 19:05:00,8292.22,8350.0,8292.11,8331.0,118.542888
2018-03-19 19:10:00,8328.06,8398.9,8325.0,8379.62,189.23581
2018-03-19 19:15:00,8398.15,8474.93,8390.0,8441.14,458.361034
2018-03-19 19:20:00,8444.88,8444.88,8350.01,8357.37,313.776342
2018-03-19 19:25:00,8370.07,8390.07,8360.99,8388.0,117.081814
2018-03-19 19:30:00,8384.0,8406.0,8380.01,8390.0,94.646083
2018-03-19 19:35:00,8389.99,8390.06,8358.0,8366.0,85.059617
2018-03-19 19:40:00,8366.0,8390.06,8366.0,8379.0,88.940457
2018-03-19 19:45:00,8379.0,8390.06,8368.0,8386.51,57.75266
2018-03-19 19:50:00,8386.5,8387.99,8303.52,8355.0,196.987298
2018-03-19 19:55:00,8356.0,8398.95,8350.01,8395.81,112.260091
2018-03-19 20:00:00,8395.0,8415.99,8385.0,8412.0,109.59485
2018-03-19 20:05:00,8412.0,8489.0,8401.03,8465.0,254.386392
2018-03-19 20:10:00,8465.0,8465.0,8400.0,8422.0,122.569546
2018-03-19 20:15:00,8426.0,8435.44,8419.49,8420.0,79.687047
2018-03-19 20:20:00,8420.0,8518.12,8419.99,8475.66,331.283224
2018-03-19 20:25:00,8475.41,8484.97,8400.0,8462.0,217.889767
2018-03-19 20:30:00,8460.0,8467.6,8435.1,8453.0,102.749117
2018-03-19 20:35:00,8453.0,8457.99,8420.0,8434.67,106.83523
2018-03-19 20:40:00,8434.0,8441.31,8420.0,8426.27,100.325841
2018-03-19 20:45:00,8426.27,8430.0,8360.26,8406.11,152.887849
2018-03-19 20:50:00,8406.1,8414.99,8376.41,8381.18,77.497667
2018-03-19 20:55:00,8381.18,8439.27,8375.0,8420.0,163.669962
2018-03-19 21:00:00,8415.01,8422.97,8404.31,8415.05,77.551089
2018-03-19 21:05:00,8415.05,8480.0,8415.05,8460.97,129.747967
2018-03-19 21:10:00,8460.97,8473.9,8426.0,8433.06,121.602354
2018-03-19 21:15:00,8433.06,8438.0,8413.89,8427.0,83.095226
2018-03-19 21:20:00,8428.5,8437.0,8427.0,8429.99,40.104604
2018-03-19 21:25:00,8429.99,8467.56,8426.13,8458.99,106.632196
2018-03-19 21:30:00,8458.99,8475.0,8379.0,8393.92,184.510324
2018-03-19 21:35:00,8389.55,8418.6,8382.01,8414.98,132.797297
2018-03-19 21:40:00,8408.02,8432.5,8400.0,8400.01,61.724092
2018-03-19 21:45:00,8403.0,8415.01,8400.27,8404.99,56.195799
2018-03-19 21:50:00,8404.01,8414.0,8404.01,8407.01,44.042158
2018-03-19 21:55:00,8407.0,8409.12,8367.0,8374.01,127.148384
2018-03-19 22:00:00,8373.01,8400.0,8365.0,8384.01,105.016792
2018-03-19 22:05:00,8390.0,8413.5,8384.01,8390.0,91.981054
2018-03-19 22:10:00,8387.79,8389.99,8365.01,8378.1,73.809049
2018-03-19 22:15:00,8378.1,8413.48,8378.0,8399.0,58.920004
2018-03-19 22:20:00,8399.0,8411.8,8394.96,8400.37,52.161709
2018-03-19 22:25:00,8400.26,8460.99,8398.6,8421.0,178.21473
2018-03-19 22:30:00,8426.0,8442.0,8400.0,8429.9,65.948884
2018-03-19 22:35:00,8429.9,8504.0,8420.99,8480.0,191.962048
2018-03-19 22:40:00,8480.01,8510.1,8467.02,8467.54,161.76323
2018-03-19 22:45:00,8467.54,8487.09,8453.0,8485.0,177.527907
2018-03-19 22:50:00,8485.0,8575.0,8485.0,8520.0,258.548127
2018-03-19 22:55:00,8517.0,8520.0,8485.0,8505.01,121.906545
2018-03-19 23:00:00,8505.01,8510.0,8457.82,8469.6,118.469992
2018-03-19 23:05:00,8467.06,8491.86,8442.15,8464.79,199.869582
2018-03-19 23:10:00,8464.79,8512.65,8451.44,8512.64,105.033746
2018-03-19 23:15:00,8508.34,8538.98,8475.3,8504.99,180.523395
2018-03-19 23:20:00,8504.99,8529.97,8489.9,8527.9,126.50508
2018-03-19 23:25:00,8522.02,8562.06,8515.08,8559.0,184.363806
2018-03-19 23:30:00,8560.86,8560.86,8510.11,8547.96,155.515472
2018-03-19 23:35:00,8543.0,8558.1,8521.0,8530.75,95.033797
2018-03-19 23:40:00,8530.74,8537.99,8521.01,8525.93,68.156982
2018-03-19 23:45:00,8525.01,8545.0,8506.0,8542.98,147.407789
2018-03-19 23:50:00,8542.98,8556.0,8518.99,8554.41,124.295385
2018-03-19 23:55:00,8554.41,8630.07,8551.14,8600.0,378.249803
2018-03-20 00:00:00,8595.01,8605.3,8522.07,8544.83,279.720147
2018-03-20 00:05:00,8544.8,8544.8,8461.01,8519.0,292.763612
2018-03-20 00:10:00,8519.0,8522.6,8488.14,8499.91,177.431014
2018-03-20 00:15:00,8488.14,8529.23,8476.0,8499.29,147.383822
2018-03-20 00:20:00,8499.0,8505.65,8433.0,8460.01,284.873653
2018-03-20 00:25:00,8460.01,8483.11,8454.6,8470.0,118.439864
2018-03-20 00:30:00,8470.0,8515.0,8470.0,8498.55,127.573965
2018-03-20 00:35:00,8499.99,8520.0,8498.5,8518.0,102.20664
2018-03-20 00:40:00,8518.0,8520.0,8480.07,8480.08,91.427849
2018-03-20 00:45:00,8480.08,8510.0,8480.0,8508.0,83.433496
2018-03-20 00:50:00,8508.0,8515.0,8480.0,8502.01,106.395271
2018-03-20 00:55:00,8499.02,8510.07,8499.0,8507.0,83.268815
2018-03-20 01:00:00,8510.0,8539.99,8507.0,8539.0,108.495299
2018-03-20 01:05:00,8539.0,8549.99,8525.0,8535.0,174.098452
2018-03-20 01:10:00,8535.0,8549.5,8490.8,8505.0,158.268284
2018-03-20 01:15:00,8505.0,8511.37,8485.0,8491.04,88.381402
2018-03-20 01:20:00,8492.0,8525.0,8491.01,8523.5,88.826955
2018-03-20 01:25:00,8524.99,8530.5,8502.96,8513.22,67.51372
2018-03-20 01:30:00,8518.81,8519.1,8490.93,8498.95,105.61556
2018-03-20 01:35:00,8498.95,8500.0,8450.0,8460.0,152.110342
2018-03-20 01:40:00,8459.99,8488.87,8451.1,8460.0,136.475037
2018-03-20 01:45:00,8462.76,8469.9,8410.0,8429.8,252.66421
2018-03-20 01:50:00,8429.86,8475.04,8423.03,8467.99,120.138319
2018-03-20 01:55:00,8467.97,8484.0,8453.8,8459.91,114.933706
2018-03-20 02:00:00,8459.92,8468.0,8435.0,8457.01,126.014608
2018-03-20 02:05:00,8457.0,8490.0,8455.01,8480.53,120.587456
2018-03-20 02:10:00,8485.0,8504.89,8482.13,8499.0,102.058134
2018-03-20 02:15:00,8499.94,8500.0,8470.02,8486.0,67.459685
2018-03-20 02:20:00,8486.5,8565.0,8485.0,8533.33,250.951156
2018-03-20 02:25:00,8524.0,8538.87,8485.0,8497.81,121.241314
2018-03-20 02:30:00,8487.25,8524.43,8487.16,8514.64,53.980786
2018-03-20 02:35:00,8524.43,8533.09,8514.64,8520.01,67.088459
2018-03-20 02:40:00,8523.0,8565.0,8520.0,8560.0,145.396057
2018-03-20 02:45:00,8560.0,8610.0,8547.35,8588.95,341.052336
2018-03-20 02:50:00,8588.01,8588.96,8556.22,8560.0,101.405804
2018-03-20 02:55:00,8556.22,8583.86,8545.09,8577.0,70.758777
2018-03-20 03:00:00,8579.9,8581.99,8546.22,8559.87,102.500359
2018-03-20 03:05:00,8559.0,8605.0,8552.84,8598.0,121.312172
2018-03-20 03:10:00,8598.0,8609.99,8580.0,8588.89,112.88663
