time,open,high,low,close,volume
2018-04-24 02:45:00,9176.46,9200.01,9156.01,9189.86,384.061398
2018-04-24 03:00:00,9185.01,9194.0,9166.0,9183.97,263.109537
2018-04-24 03:15:00,9184.12,9200.0,9177.0,9194.98,313.214909
2018-04-24 03:30:00,9194.98,9211.47,9186.91,9201.0,513.226448
2018-04-24 03:45:00,9201.0,9209.77,9191.87,9192.47,303.228916
2018-04-24 04:00:00,9192.48,9229.04,9192.47,9225.2,408.301647
2018-04-24 04:15:00,9225.2,9225.45,9190.0,9220.0,419.405152
2018-04-24 04:30:00,9219.99,9258.0,9215.0,9235.29,500.18579
2018-04-24 04:45:00,9235.3,9279.98,9233.02,9266.3,458.236483
2018-04-24 05:00:00,9266.3,9279.4,9225.0,9250.0,368.36475
2018-04-24 05:15:00,9249.96,9256.01,9214.0,9224.82,368.660192
2018-04-24 05:30:00,9222.0,9284.0,9220.0,9262.98,461.496341
2018-04-24 05:45:00,9263.01,9300.0,9263.0,9271.11,476.933326
2018-04-24 06:00:00,9271.14,9278.81,9251.65,9271.0,269.233548
2018-04-24 06:15:00,9276.0,9276.9,9235.01,9236.0,304.76478
2018-04-24 06:30:00,9242.53,9250.0,9225.0,9245.02,295.321485
2018-04-24 06:45:00,9245.04,9257.99,9221.01,9227.37,311.604416
2018-04-24 07:00:00,9235.0,9243.27,9177.0,9196.01,782.022154
2018-04-24 07:15:00,9196.01,9243.0,9196.0,9225.0,282.399662
2018-04-24 07:30:00,9225.0,9235.64,9208.0,9235.17,187.060165
2018-04-24 07:45:00,9235.64,9238.68,9208.0,9216.0,248.377353
2018-04-24 08:00:00,9217.98,9249.0,9216.0,9238.01,252.555585
2018-04-24 08:15:00,9239.0,9263.27,9239.0,9254.0,201.720044
2018-04-24 08:30:00,9254.0,9270.0,9252.0,9258.01,229.20839
2018-04-24 08:45:00,9258.88,9266.86,9244.0,9249.99,173.047345
2018-04-24 09:00:00,9246.6,9285.0,9246.6,9265.0,296.049595
2018-04-24 09:15:00,9265.0,9270.97,9217.03,9245.79,327.590702
2018-04-24 09:30:00,9250.0,9270.0,9243.01,9267.5,213.578607
2018-04-24 09:45:00,9270.0,9285.78,9265.01,9285.0,367.532862
2018-04-24 10:00:00,9285.0,9307.5,9275.0,9307.0,604.07526
2018-04-24 10:15:00,9307.0,9317.0,9281.0,9301.65,662.484004
2018-04-24 10:30:00,9301.65,9349.0,9285.0,9295.0,653.42112
2018-04-24 10:45:00,9296.0,9308.9,9280.0,9292.15,417.679253
2018-04-24 11:00:00,9292.15,9332.62,9292.01,9332.62,267.2103
2018-04-24 11:15:00,9332.62,9332.79,9309.14,9314.74,254.242099
2018-04-24 11:30:00,9314.66,9317.0,9284.98,9300.0,278.176272
2018-04-24 11:45:00,9291.25,9300.0,9273.22,9294.57,354.336666
2018-04-24 12:00:00,9294.59,9318.0,9290.0,9315.0,327.236012
2018-04-24 12:15:00,9317.0,9329.8,9311.0,9324.87,359.856852
2018-04-24 12:30:00,9324.63,9345.0,9319.85,9335.0,316.521842
2018-04-24 12:45:00,9334.51,9383.66,9320.01,9380.0,400.134768
2018-04-24 13:00:00,9376.01,9380.0,9327.18,9369.01,419.015789
2018-04-24 13:15:00,9369.82,9385.0,9350.01,9380.01,598.589172
2018-04-24 13:30:00,9380.0,9420.0,9350.61,9374.0,680.702463
2018-04-24 13:45:00,9371.2,9374.0,9221.0,9259.99,1706.784088
2018-04-24 14:00:00,9259.99,9291.0,9155.0,9270.0,1744.952652
2018-04-24 14:15:00,9270.0,9284.0,9232.17,9279.0,665.867436
2018-04-24 14:30:00,9280.0,9323.5,9270.15,9323.5,480.0483
2018-04-24 14:45:00,9323.5,9331.0,9285.32,9289.69,340.000766
2018-04-24 15:00:00,9289.69,9331.5,9288.21,9324.0,384.784215
2018-04-24 15:15:00,9324.0,9370.0,9313.11,9344.01,342.356761
2018-04-24 15:30:00,9344.0,9360.0,9311.27,9314.8,353.323079
2018-04-24 15:45:00,9314.4,9347.77,9301.0,9347.77,371.013813
2018-04-24 16:00:00,9347.78,9349.99,9330.0,9344.8,296.581175
2018-04-24 16:15:00,9344.8,9380.0,9337.0,9345.99,440.102818
2018-04-24 16:30:00,9345.99,9350.0,9309.0,9341.99,424.276659
2018-04-24 16:45:00,9341.99,9368.8,9329.38,9350.19,326.352332
2018-04-24 17:00:00,9350.19,9360.0,9333.0,9340.0,197.767722
2018-04-24 17:15:00,9338.99,9398.85,9337.0,9374.0,319.328972
2018-04-24 17:30:00,9374.98,9395.0,9370.87,9379.0,267.677818
2018-04-24 17:45:00,9378.01,9415.95,9375.0,9409.97,452.08338
2018-04-24 18:00:00,9410.0,9410.0,9356.0,9371.01,410.119091
2018-04-24 18:15:00,9371.03,9380.0,9350.0,9371.01,301.283979
2018-04-24 18:30:00,9371.02,9390.0,9365.0,9385.01,300.893724
2018-04-24 18:45:00,9384.01,9411.0,9384.01,9410.99,491.703088
2018-04-24 19:00:00,9410.99,9414.98,9384.0,9401.0,362.648955
2018-04-24 19:15:00,9400.0,9412.0,9293.29,9383.98,919.869209
2018-04-24 19:30:00,9383.98,9455.0,9362.13,9410.13,658.594816
2018-04-24 19:45:00,9416.99,9452.0,9411.0,9449.9,350.210987
2018-04-24 20:00:00,9452.0,9463.0,9400.04,9427.21,489.240945
2018-04-24 20:15:00,9426.0,9443.0,9405.4,9438.0,270.725789
2018-04-24 20:30:00,9438.0,9446.42,9409.95,9440.0,310.513092
2018-04-24 20:45:00,9439.79,9459.0,9432.97,9450.79,391.411326
2018-04-24 21:00:00,9450.79,9495.0,9448.99,9489.86,475.227715
2018-04-24 21:15:00,9489.86,9491.17,9439.13,9466.89,610.579046
2018-04-24 21:30:00,9466.89,9490.5,9445.03,9478.9,382.821689
2018-04-24 21:45:00,9478.0,9478.99,9450.0,9468.0,352.58637
2018-04-24 22:00:00,9469.0,9489.98,9463.1,9484.0,513.360813
2018-04-24 22:15:00,9483.25,9559.82,9479.02,9550.89,805.81602
2018-04-24 22:30:00,9552.01,9583.61,9425.01,9485.97,956.754334
2018-04-24 22:45:00,9475.01,9580.0,9462.0,9559.75,684.670583
2018-04-24 23:00:00,9559.75,9559.75,9511.0,9544.98,461.151763
2018-04-24 23:15:00,9544.98,9636.47,9528.0,9635.05,828.881447
2018-04-24 23:30:00,9635.0,9700.0,9618.35,9699.0,789.210246
2018-04-24 23:45:00,9699.99,9731.01,9589.78,9619.99,1319.354122
2018-04-25 00:00:00,9618.96,9678.34,9566.0,9664.99,1173.929043
2018-04-25 00:15:00,9649.49,9680.0,9551.79,9580.01,781.035688
2018-04-25 00:30:00,9584.96,9589.0,9440.0,9580.02,1522.142556
2018-04-25 00:45:00,9580.02,9591.05,9511.93,9529.94,699.610086
2018-04-25 01:00:00,9529.21,9550.0,9466.01,9550.0,682.352162
2018-04-25 01:15:00,9550.0,9593.48,9545.02,9590.0,442.401324
2018-04-25 01:30:00,9590.0,9637.17,9583.59,9616.09,615.313836
2018-04-25 01:45:00,9619.0,9638.68,9590.02,9628.0,422.267292
2018-04-25 02:00:00,9628.0,9673.0,9530.0,9633.0,661.225277
2018-04-25 02:15:00,9638.9,9720.0,9632.0,9665.99,716.020241
2018-04-25 02:30:00,9665.99,9759.82,9659.04,9739.88,805.230478
2018-04-25 02:45:00,9737.0,9744.0,9665.96,9687.05,743.566674
2018-04-25 03:00:00,9675.01,9729.88,9670.01,9702.0,426.865361
2018-04-25 03:15:00,9702.01,9703.02,9580.96,9624.24,826.641991
2018-04-25 03:30:00,9630.0,9649.99,9584.0,9591.88,803.15528
2018-04-25 03:45:00,9598.01,9598.01,9323.02,9347.99,2693.595485
2018-04-25 04:00:00,9349.99,9500.0,9330.01,9430.08,1686.21148
2018-04-25 04:15:00,9433.0,9480.0,9323.02,9363.0,1079.808512
2018-04-25 04:30:00,9365.55,9402.0,9223.0,9260.07,2001.612726
2018-04-25 04:45:00,9260.08,9298.0,9110.0,9200.0,2581.434896
2018-04-25 05:00:00,9200.22,9365.07,9190.0,9329.96,1972.623364
2018-04-25 05:15:00,9330.07,9411.0,9280.66,9364.26,1104.200884
2018-04-25 05:30:00,9364.23,9393.28,9316.0,9331.66,703.866923
2018-04-25 05:45:00,9334.0,9396.0,9303.0,9370.0,691.059498
2018-04-25 06:00:00,9370.0,9466.0,9355.0,9450.08,805.651916
2018-04-25 06:15:00,9455.0,9476.23,9428.0,9441.1,706.595004
2018-04-25 06:30:00,9441.1,9453.56,9377.0,9410.0,518.607298
2018-04-25 06:45:00,9411.29,9445.94,9402.0,9415.06,277.620532
2018-04-25 07:00:00,9415.06,9460.01,9402.38,9433.0,375.830093
2018-04-25 07:15:00,9434.95,9468.0,9415.0,9454.22,373.302303
2018-04-25 07:30:00,9450.02,9460.0,9420.0,9435.0,345.305315
2018-04-25 07:45:00,9435.0,9440.0,9322.0,9416.39,711.733353
2018-04-25 08:00:00,9415.0,9438.54,9392.65,9416.85,490.794409
2018-04-25 08:15:00,9418.01,9428.02,9338.0,9366.87,470.345707
2018-04-25 08:30:00,9370.0,9409.35,9349.01,9360.06,328.541443
2018-04-25 08:45:00,9362.72,9364.86,9251.0,9281.98,773.054919
2018-04-25 09:00:00,9281.98,9340.0,9270.02,9323.0,490.261082
2018-04-25 09:15:00,9323.0,9331.28,9268.07,9309.84,417.133867
2018-04-25 09:30:00,9309.1,9310.11,9200.1,9229.49,836.427785
2018-04-25 09:45:00,9227.07,9289.8,9210.5,9272.0,688.904683
2018-04-25 10:00:00,9271.09,9280.0,9225.0,9239.98,525.98002
2018-04-25 10:15:00,9239.98,9244.97,9086.0,9090.0,1963.0004
2018-04-25 10:30:00,9090.0,9160.1,9035.21,9045.25,1900.412184
2018-04-25 10:45:00,9050.0,9150.0,8960.0,9140.68,2424.370008
2018-04-25 11:00:00,9140.0,9154.39,9070.0,9083.91,1121.392287
2018-04-25 11:15:00,9083.9,9083.9,8980.0,9012.95,1115.19957
2018-04-25 11:30:00,9012.98,9106.95,9010.0,9041.09,680.692803
2018-04-25 11:45:00,9041.09,9189.39,9004.36,9144.03,1185.601193
2018-04-25 12:00:00,9137.0,9210.21,9122.01,9153.68,1294.170498
2018-04-25 12:15:00,9154.0,9172.0,9071.0,9083.54,854.762498
2018-04-25 12:30:00,9088.12,9179.0,9086.2,9169.98,499.95441
2018-04-25 12:45:00,9171.06,9205.0,9115.0,9129.89,624.9171
2018-04-25 13:00:00,9129.84,9159.03,9102.46,9135.23,448.6697
2018-04-25 13:15:00,9135.23,9158.88,9020.0,9051.76,752.129198
2018-04-25 13:30:00,9054.98,9100.0,8925.8,8963.01,1237.776003
2018-04-25 13:45:00,8962.99,9056.38,8954.09,9011.78,1226.799107
2018-04-25 14:00:00,9011.79,9042.93,8860.0,8877.87,1285.565224
2018-04-25 14:15:00,8877.88,8950.0,8840.07,8845.0,1603.874666
2018-04-25 14:30:00,8844.66,8916.04,8781.62,8805.07,2242.715227
2018-04-25 14:45:00,8805.07,8917.0,8730.0,8880.0,2221.545476
2018-04-25 15:00:00,8874.33,8900.0,8825.0,8869.99,1106.891449
2018-04-25 15:15:00,8869.99,8975.0,8869.1,8889.0,1229.136544
2018-04-25 15:30:00,8882.79,8946.4,8854.02,8939.12,855.452868
2018-04-25 15:45:00,8938.94,8975.0,8910.0,8972.09,692.601191
2018-04-25 16:00:00,8972.09,8977.0,8860.0,8893.0,967.750886
2018-04-25 16:15:00,8880.31,8900.02,8846.0,8860.48,670.436057
2018-04-25 16:30:00,8865.22,8930.75,8847.0,8909.65,472.128441
2018-04-25 16:45:00,8896.16,8946.0,8890.19,8910.0,486.395757
2018-04-25 17:00:00,8908.32,8968.0,8908.28,8965.99,533.847191
2018-04-25 17:15:00,8965.99,9039.73,8935.99,9028.94,823.254173
2018-04-25 17:30:00,9023.81,9089.0,8994.98,9088.99,912.779608
2018-04-25 17:45:00,9080.84,9088.99,9021.12,9058.0,535.273177
2018-04-25 18:00:00,9055.1,9063.58,8975.0,9010.73,650.386072
2018-04-25 18:15:00,9013.0,9031.4,8968.0,9017.02,408.204094
2018-04-25 18:30:00,9018.0,9050.0,8992.0,9039.99,344.359066
2018-04-25 18:45:00,9039.99,9042.22,8951.0,8991.03,413.692354
2018-04-25 19:00:00,8991.04,9020.01,8976.03,9004.1,261.422682
2018-04-25 19:15:00,9006.99,9025.0,8966.0,8969.02,293.2567
2018-04-25 19:30:00,8966.11,9018.49,8948.05,8989.98,479.43203
2018-04-25 19:45:00,8989.99,9000.75,8950.0,8969.98,276.394504
2018-04-25 20:00:00,8969.55,9068.85,8963.54,9060.0,524.958602
2018-04-25 20:15:00,9060.0,9068.85,9040.11,9068.85,275.024777
2018-04-25 20:30:00,9068.0,9116.91,9061.12,9102.66,531.593589
2018-04-25 20:45:00,9102.66,9109.98,9075.0,9083.0,336.35929
2018-04-25 21:00:00,9085.16,9130.0,9076.01,9127.0,361.792369
2018-04-25 21:15:00,9129.0,9159.9,9120.0,9128.01,567.549618
2018-04-25 21:30:00,9130.01,9150.0,9116.28,9122.0,372.515476
2018-04-25 21:45:00,9121.5,9179.0,9115.33,9178.98,532.866007
2018-04-25 22:00:00,9178.98,9185.01,9102.01,9124.79,594.209661
2018-04-25 22:15:00,9117.64,9142.82,9062.02,9099.82,651.466237
2018-04-25 22:30:00,9099.8,9104.4,9064.01,9066.44,349.339815
2018-04-25 22:45:00,9066.01,9066.01,8926.0,8955.0,993.909812
2018-04-25 23:00:00,8950.0,9007.6,8875.1,8913.43,826.99588
2018-04-25 23:15:00,8913.44,8931.18,8820.0,8830.01,555.673515
2018-04-25 23:30:00,8831.57,8889.63,8800.01,8805.0,648.260931
2018-04-25 23:45:00,8819.98,8886.68,8770.0,8869.99,918.618828
2018-04-26 00:00:00,8869.99,8869.99,8752.04,8819.37,748.935661
2018-04-26 00:15:00,8819.34,8830.0,8667.01,8701.34,1143.901965
2018-04-26 00:30:00,8693.55,8800.0,8660.0,8745.02,1331.701608
2018-04-26 00:45:00,8745.02,8839.0,8720.01,8800.02,633.17511
2018-04-26 01:00:00,8808.17,8830.0,8720.13,8807.0,542.109248
2018-04-26 01:15:00,8807.0,8860.0,8790.0,8850.0,536.573469
2018-04-26 01:30:00,8854.66,8863.85,8810.0,8831.57,448.764779
2018-04-26 01:45:00,8831.54,8834.44,8750.95,8752.82,445.378297
2018-04-26 02:00:00,8755.06,8831.0,8751.0,8825.46,493.863212
2018-04-26 02:15:00,8830.61,8857.01,8809.17,8842.25,413.85608
2018-04-26 02:30:00,8842.25,8889.94,8823.0,8880.0,368.204864
2018-04-26 02:45:00,8884.53,8899.0,8849.48,8850.15,361.227284
2018-04-26 03:00:00,8850.22,8888.0,8827.0,8883.0,351.118912
2018-04-26 03:15:00,8882.13,8890.0,8849.77,8854.0,376.316699
2018-04-26 03:30:00,8853.99,8859.98,8763.14,8819.0,474.58878
2018-04-26 03:45:00,8819.0,8829.0,8791.0,8808.02,227.968127
2018-04-26 04:00:00,8812.7,8871.07,8800.0,8860.0,475.793683
2018-04-26 04:15:00,8864.0,8886.92,8852.55,8874.49,321.312794
2018-04-26 04:30:00,8873.8,8932.69,8862.49,8907.04,649.535684
2018-04-26 04:45:00,8910.72,8940.01,8881.01,8935.0,691.694952
2018-04-26 05:00:00,8936.0,8977.0,8901.46,8961.85,717.373256
2018-04-26 05:15:00,8961.85,8965.0,8902.0,8904.93,396.698669
2018-04-26 05:30:00,8904.9,8937.0,8880.0,8885.43,538.227401
2018-04-26 05:45:00,8885.16,8916.56,8874.0,8916.56,398.105076
2018-04-26 06:00:00,8905.88,8945.34,8901.1,8934.01,271.367533
2018-04-26 06:15:00,8934.0,8943.98,8888.88,8896.98,351.446775
2018-04-26 06:30:00,8888.91,8906.94,8771.0,8805.94,998.783557
2018-04-26 06:45:00,8808.0,8850.0,8801.01,8841.0,520.748141
2018-04-26 07:00:00,8841.04,8853.5,8803.0,8814.99,452.894556
2018-04-26 07:15:00,8811.11,8835.97,8810.0,8825.33,256.695688
2018-04-26 07:30:00,8825.21,8868.99,8812.03,8866.8,314.780939
2018-04-26 07:45:00,8866.8,8888.99,8838.63,8847.97,336.684857
2018-04-26 08:00:00,8847.97,8887.8,8820.0,8830.84,362.134049
2018-04-26 08:15:00,8826.7,8848.07,8701.01,8750.0,933.445022
2018-04-26 08:30:00,8750.0,8772.0,8680.0,8743.81,844.791247
2018-04-26 08:45:00,8743.8,8755.29,8705.0,8720.5,623.31932
2018-04-26 09:00:00,8720.58,8773.0,8716.01,8759.0,446.103175
2018-04-26 09:15:00,8759.0,8770.0,8720.0,8724.87,414.808159
2018-04-26 09:30:00,8723.0,8726.02,8651.62,8708.85,727.608275
2018-04-26 09:45:00,8708.86,8751.09,8705.91,8746.0,429.193888
2018-04-26 10:00:00,8746.0,8794.43,8738.14,8789.0,367.390203
2018-04-26 10:15:00,8787.89,8865.0,8760.0,8848.39,494.65076
2018-04-26 10:30:00,8848.39,8881.0,8819.0,8864.99,544.067369
2018-04-26 10:45:00,8859.01,8874.25,8816.0,8845.02,411.579622
2018-04-26 11:00:00,8844.98,8880.0,8819.0,8880.0,377.89327
2018-04-26 11:15:00,8880.0,8917.51,8835.0,8847.98,433.037134
2018-04-26 11:30:00,8845.04,8874.6,8835.01,8849.0,296.762343
2018-04-26 11:45:00,8849.0,8872.08,8846.34,8857.01,311.781217
2018-04-26 12:00:00,8858.51,8925.0,8857.01,8915.03,376.462557
2018-04-26 12:15:00,8915.04,8945.0,8865.24,8884.0,493.915306
2018-04-26 12:30:00,8880.2,8925.04,8871.55,8910.33,344.641635
2018-04-26 12:45:00,8911.73,8924.8,8894.0,8900.01,243.670429
2018-04-26 13:00:00,8904.78,8904.93,8839.0,8866.0,410.173493
2018-04-26 13:15:00,8866.0,8870.0,8785.0,8838.7,415.115447
2018-04-26 13:30:00,8839.0,8859.98,8801.0,8859.98,223.177838
2018-04-26 13:45:00,8859.98,8875.0,8810.63,8829.63,282.481614
2018-04-26 14:00:00,8828.27,8873.0,8826.9,8866.53,232.368104
2018-04-26 14:15:00,8866.53,8885.0,8764.86,8769.49,613.639449
2018-04-26 14:30:00,8763.99,8809.0,8740.01,8756.51,428.613857
2018-04-26 14:45:00,8756.51,8840.0,8750.03,8829.99,479.154659
2018-04-26 15:00:00,8829.99,8830.0,8787.21,8799.99,279.872144
2018-04-26 15:15:00,8799.99,8821.97,8768.6,8811.03,298.899445
2018-04-26 15:30:00,8811.03,8831.85,8782.06,8794.25,326.108962
2018-04-26 15:45:00,8794.25,8832.0,8785.27,8806.1,253.328428
2018-04-26 16:00:00,8806.1,8818.7,8775.89,8815.14,297.454772
2018-04-26 16:15:00,8816.66,8872.99,8815.0,8857.28,497.91022
2018-04-26 16:30:00,8856.22,8894.0,8841.14,8876.99,333.24811
2018-04-26 16:45:00,8875.98,8908.53,8873.85,8900.51,342.873402
2018-04-26 17:00:00,8899.0,8902.42,8867.5,8884.89,291.827552
2018-04-26 17:15:00,8884.0,8925.0,8860.35,8871.87,326.29298
2018-04-26 17:30:00,8875.0,8898.92,8846.0,8854.0,257.7916
2018-04-26 17:45:00,8854.0,8889.13,8845.03,8866.43,245.884519
2018-04-26 18:00:00,8866.43,8876.29,8839.53,8869.0,147.926988
2018-04-26 18:15:00,8869.73,8909.0,8860.0,8882.92,220.496403
2018-04-26 18:30:00,8882.92,8893.9,8852.0,8860.84,140.586805
2018-04-26 18:45:00,8860.83,8860.83,8834.02,8845.09,200.534119
2018-04-26 19:00:00,8845.1,8869.99,8838.35,8865.85,165.938086
2018-04-26 19:15:00,8860.99,8869.99,8846.0,8866.0,202.912286
2018-04-26 19:30:00,8866.0,8895.21,8860.0,8876.0,198.89489
2018-04-26 19:45:00,8880.0,8888.88,8861.0,8881.54,92.619623
2018-04-26 20:00:00,8880.0,9087.0,8880.0,9073.99,1098.232808
2018-04-26 20:15:00,9070.21,9138.0,9027.94,9096.96,918.768172
2018-04-26 20:30:00,9104.96,9124.88,9062.72,9106.26,476.774071
2018-04-26 20:45:00,9106.26,9137.4,9075.0,9123.99,511.019423
2018-04-26 21:00:00,9123.99,9135.04,9090.0,9105.0,420.524914
2018-04-26 21:15:00,9114.81,9168.98,9100.0,9167.02,344.951161
2018-04-26 21:30:00,9167.02,9169.9,9066.02,9122.0,592.904449
2018-04-26 21:45:00,9122.01,9130.0,9078.02,9099.0,306.790777
2018-04-26 22:00:00,9100.0,9141.99,9096.01,9135.17,333.092614
2018-04-26 22:15:00,9135.17,9174.11,9135.17,9158.05,377.715707
2018-04-26 22:30:00,9156.72,9171.0,9131.0,9171.0,337.373407
2018-04-26 22:45:00,9170.08,9235.99,9150.0,9221.0,919.478889
2018-04-26 23:00:00,9221.0,9288.0,9215.01,9225.0,842.400578
2018-04-26 23:15:00,9223.73,9250.2,9188.0,9237.0,514.479912
2018-04-26 23:30:00,9237.0,9269.99,9230.01,9258.99,434.323157
2018-04-26 23:45:00,9259.01,9307.48,9257.88,9266.0,598.265775
2018-04-27 00:00:00,9267.03,9297.0,9215.0,9226.61,607.719448
2018-04-27 00:15:00,9226.94,9284.77,9217.01,9247.67,379.792675
2018-04-27 00:30:00,9249.01,9249.5,9177.0,9210.0,512.070948
2018-04-27 00:45:00,9210.0,9245.56,9200.0,9210.32,309.648801
2018-04-27 01:00:00,9210.29,9265.0,9210.21,9242.32,351.124294
2018-04-27 01:15:00,9242.3,9292.0,9242.25,9254.76,461.444332
2018-04-27 01:30:00,9250.0,9270.0,9220.0,9255.0,266.548876
2018-04-27 01:45:00,9255.0,9255.0,9214.0,9249.97,276.33081
2018-04-27 02:00:00,9240.0,9259.99,9239.64,9251.01,312.328182
2018-04-27 02:15:00,9259.35,9282.0,9252.34,9273.5,302.210235
2018-04-27 02:30:00,9272.32,9277.0,9237.0,9249.0,251.486267
2018-04-27 02:45:00,9248.0,9260.0,9233.51,9255.49,190.370896
2018-04-27 03:00:00,9255.5,9258.0,9213.25,9220.02,345.902361
2018-04-27 03:15:00,9220.01,9235.0,9216.42,9227.03,203.735845
2018-04-27 03:30:00,9227.03,9232.06,9130.1,9161.45,697.044991
2018-04-27 03:45:00,9156.81,9200.0,9123.25,9143.01,803.349009
2018-04-27 04:00:00,9143.01,9220.0,9104.88,9173.32,587.971335
2018-04-27 04:15:00,9173.31,9213.67,9162.76,9209.35,310.812529
2018-04-27 04:30:00,9209.35,9230.0,9175.59,9224.0,302.227695
2018-04-27 04:45:00,9224.0,9235.0,9203.08,9204.99,303.831046
2018-04-27 05:00:00,9205.0,9229.59,9188.0,9203.04,221.953885
2018-04-27 05:15:00,9203.04,9217.54,9189.8,9213.0,177.407483
2018-04-27 05:30:00,9217.54,9229.0,9196.0,9210.0,284.716333
2018-04-27 05:45:00,9210.0,9212.07,9160.0,9180.82,271.121463
2018-04-27 06:00:00,9184.99,9220.33,9176.99,9210.1,339.055256
2018-04-27 06:15:00,9209.97,9262.98,9209.97,9230.0,689.965676
2018-04-27 06:30:00,9230.0,9265.7,9226.0,9229.96,368.647637
2018-04-27 06:45:00,9229.96,9259.0,9226.0,9250.0,255.99798
2018-04-27 07:00:00,9249.99,9250.0,9210.1,9230.01,226.113619
2018-04-27 07:15:00,9225.02,9232.74,9188.0,9188.0,312.713499
2018-04-27 07:30:00,9196.0,9226.0,9188.0,9220.24,211.780744
2018-04-27 07:45:00,9220.25,9250.0,9220.01,9240.97,256.939342
2018-04-27 08:00:00,9240.97,9296.0,9231.01,9280.0,553.539661
2018-04-27 08:15:00,9280.0,9281.99,9256.0,9271.0,341.936855
2018-04-27 08:30:00,9274.0,9274.0,9230.0,9238.79,235.416812
2018-04-27 08:45:00,9238.79,9269.88,9230.0,9260.0,206.113536
2018-04-27 09:00:00,9260.0,9268.99,9241.2,9268.0,152.214565
2018-04-27 09:15:00,9261.0,9279.88,9251.53,9265.0,217.01421
2018-04-27 09:30:00,9266.01,9361.86,9250.01,9348.83,951.584551
2018-04-27 09:45:00,9345.0,9387.48,9326.81,9369.0,634.031923
2018-04-27 10:00:00,9369.0,9376.5,9328.05,9350.0,395.4635
2018-04-27 10:15:00,9350.0,9380.0,9340.0,9368.99,420.285784
2018-04-27 10:30:00,9368.99,9395.0,9352.17,9382.01,499.56778
2018-04-27 10:45:00,9382.01,9382.1,9350.0,9365.0,301.439132
2018-04-27 11:00:00,9363.31,9367.97,9335.93,9340.21,282.4782
2018-04-27 11:15:00,9340.22,9345.52,9290.03,9345.52,453.887946
2018-04-27 11:30:00,9343.0,9345.54,9280.59,9300.0,311.259024
2018-04-27 11:45:00,9305.0,9335.18,9297.2,9309.0,283.291653
2018-04-27 12:00:00,9308.9,9355.0,9308.9,9345.0,327.326037
2018-04-27 12:15:00,9342.0,9349.99,9325.0,9349.9,223.369993
2018-04-27 12:30:00,9349.9,9350.0,9326.04,9339.01,332.875567
2018-04-27 12:45:00,9339.01,9347.73,9253.68,9290.07,425.805191
2018-04-27 13:00:00,9290.01,9318.62,9240.21,9241.01,497.048946
2018-04-27 13:15:00,9241.01,9265.99,9150.1,9190.01,1070.939574
2018-04-27 13:30:00,9190.01,9250.0,9155.46,9221.0,642.768268
2018-04-27 13:45:00,9220.99,9232.0,9199.99,9225.0,314.315537
2018-04-27 14:00:00,9226.97,9249.0,9202.0,9240.0,219.45231
2018-04-27 14:15:00,9239.99,9270.36,9230.0,9260.15,381.181571
2018-04-27 14:30:00,9260.15,9275.0,9219.01,9253.04,350.787502
2018-04-27 14:45:00,9253.11,9290.0,9250.0,9288.88,449.637292
2018-04-27 15:00:00,9280.14,9288.88,9250.0,9250.21,324.012815
2018-04-27 15:15:00,9250.21,9264.99,9210.01,9235.0,521.383536
2018-04-27 15:30:00,9235.14,9260.0,9225.0,9251.01,325.898122
2018-04-27 15:45:00,9251.01,9255.69,9240.01,9241.21,188.664697
2018-04-27 16:00:00,9241.2,9310.96,9241.0,9308.87,490.067042
2018-04-27 16:15:00,9306.0,9328.26,9280.0,9297.0,433.94217
2018-04-27 16:30:00,9296.95,9300.0,9269.0,9287.0,236.441826
2018-04-27 16:45:00,9290.0,9299.99,9275.78,9282.1,235.061063
2018-04-27 17:00:00,9286.01,9299.98,9269.54,9280.97,175.003838
2018-04-27 17:15:00,9280.97,9319.99,9266.0,9301.33,338.199534
2018-04-27 17:30:00,9301.83,9316.0,9282.99,9298.0,346.539565
2018-04-27 17:45:00,9294.99,9305.0,9290.02,9290.1,262.487145
2018-04-27 18:00:00,9290.1,9296.31,9240.0,9272.47,279.74896
2018-04-27 18:15:00,9272.47,9282.0,9225.0,9244.93,320.004267
2018-04-27 18:30:00,9244.94,9271.76,9213.8,9252.0,237.767724
2018-04-27 18:45:00,9252.0,9268.99,9230.0,9230.89,164.386191
2018-04-27 19:00:00,9230.89,9250.56,9191.0,9195.04,322.252566
2018-04-27 19:15:00,9195.02,9219.83,9168.0,9190.0,370.53515
2018-04-27 19:30:00,9189.85,9210.0,9170.0,9187.97,281.734858
2018-04-27 19:45:00,9185.19,9190.0,9075.01,9089.0,1122.662866
2018-04-27 20:00:00,9089.12,9163.38,9087.02,9133.42,485.653989
2018-04-27 20:15:00,9133.42,9133.42,9054.01,9090.55,504.418846
2018-04-27 20:30:00,9090.55,9098.68,8952.0,8964.99,1222.270081
2018-04-27 20:45:00,8955.02,9020.0,8940.0,8970.0,871.723192
2018-04-27 21:00:00,8969.99,9040.0,8909.83,9029.92,797.168072
2018-04-27 21:15:00,9024.99,9053.0,8980.0,8991.0,517.909468
2018-04-27 21:30:00,8991.0,9019.96,8970.01,8995.17,293.511938
2018-04-27 21:45:00,8995.17,9042.09,8966.44,8975.35,302.644176
2018-04-27 22:00:00,8975.36,9045.0,8975.36,9042.67,300.398461
2018-04-27 22:15:00,9042.01,9073.77,9024.96,9071.0,234.647043
2018-04-27 22:30:00,9071.0,9093.09,9060.0,9079.01,273.26671
2018-04-27 22:45:00,9085.0,9085.0,9030.01,9031.0,268.775762
2018-04-27 23:00:00,9032.0,9073.93,9022.0,9056.95,258.559033
2018-04-27 23:15:00,9058.99,9059.0,9034.99,9038.0,146.56828
2018-04-27 23:30:00,9038.0,9038.0,8970.0,8991.0,392.303173
2018-04-27 23:45:00,8990.99,8996.0,8889.0,8915.35,527.338465
2018-04-28 00:00:00,8915.35,8938.2,8870.0,8938.2,629.128485
2018-04-28 00:15:00,8938.2,8987.0,8916.14,8976.98,348.807484
2018-04-28 00:30:00,8976.99,9049.76,8976.04,9040.0,292.456519
2018-04-28 00:45:00,9040.0,9041.0,8988.99,9010.11,483.647832
2018-04-28 01:00:00,9005.98,9031.85,9000.0,9030.01,292.594779
2018-04-28 01:15:00,9030.01,9042.79,9012.45,9035.0,234.988398
2018-04-28 01:30:00,9036.0,9097.99,9025.01,9092.0,344.406628
2018-04-28 01:45:00,9095.93,9126.81,9075.0,9126.81,426.871643
2018-04-28 02:00:00,9126.81,9129.17,9089.98,9110.01,369.284006
2018-04-28 02:15:00,9108.0,9123.03,9075.19,9100.33,440.966647
2018-04-28 02:30:00,9100.33,9119.0,9086.7,9094.98,213.968574
2018-04-28 02:45:00,9094.99,9094.99,9050.0,9055.78,293.416831
2018-04-28 03:00:00,9053.47,9100.0,9051.0,9097.51,192.578571
2018-04-28 03:15:00,9096.28,9146.99,9093.0,9112.27,285.673565
2018-04-28 03:30:00,9112.0,9130.0,9100.0,9114.0,173.541463
2018-04-28 03:45:00,9114.0,9196.32,9114.0,9155.0,437.27507
2018-04-28 04:00:00,9155.01,9168.71,9137.72,9142.99,231.077535
2018-04-28 04:15:00,9142.99,9162.34,9130.01,9160.95,214.310055
2018-04-28 04:30:00,9160.92,9165.47,9131.0,9148.01,195.950406
2018-04-28 04:45:00,9148.01,9158.0,9111.21,9138.53,275.582334
2018-04-28 05:00:00,9138.54,9184.8,9127.64,9180.02,268.898183
2018-04-28 05:15:00,9180.02,9188.5,9151.45,9157.1,252.421493
2018-04-28 05:30:00,9157.0,9164.18,9141.3,9156.99,200.598696
2018-04-28 05:45:00,9150.02,9169.0,9140.67,9164.49,212.106951
2018-04-28 06:00:00,9164.48,9199.99,9160.01,9189.93,434.591983
2018-04-28 06:15:00,9189.93,9200.0,9170.0,9184.0,263.855301
2018-04-28 06:30:00,9184.01,9209.8,9175.0,9203.0,326.116428
2018-04-28 06:45:00,9203.0,9215.66,9150.67,9163.03,324.246063
2018-04-28 07:00:00,9163.02,9171.07,9128.0,9150.99,408.244411
2018-04-28 07:15:00,9151.0,9165.0,9146.0,9153.67,174.373304
2018-04-28 07:30:00,9153.67,9154.08,9108.99,9124.92,354.003365
2018-04-28 07:45:00,9129.81,9145.0,9110.0,9126.22,266.479735
2018-04-28 08:00:00,9121.05,9126.21,9081.02,9088.99,339.278517
2018-04-28 08:15:00,9089.0,9110.0,9085.02,9090.0,288.125534
2018-04-28 08:30:00,9090.0,9330.0,9088.96,9320.0,1354.840136
2018-04-28 08:45:00,9315.0,9325.0,9190.0,9217.48,1066.509186
2018-04-28 09:00:00,9227.49,9250.0,9155.06,9195.61,780.410388
2018-04-28 09:15:00,9195.6,9288.0,9171.02,9276.13,490.492755
2018-04-28 09:30:00,9270.0,9300.4,9224.11,9275.0,517.795526
2018-04-28 09:45:00,9275.0,9280.08,9242.07,9273.0,184.336414
2018-04-28 10:00:00,9273.0,9310.0,9253.65,9285.65,521.502881
2018-04-28 10:15:00,9293.59,9308.74,9253.0,9275.39,299.369704
2018-04-28 10:30:00,9284.95,9284.96,9229.68,9235.52,286.394239
2018-04-28 10:45:00,9235.52,9283.0,9225.0,9277.29,250.491294
2018-04-28 11:00:00,9277.29,9287.56,9230.0,9241.03,171.241762
2018-04-28 11:15:00,9241.03,9260.0,9235.0,9246.55,126.429625
2018-04-28 11:30:00,9246.56,9249.98,9190.0,9218.2,312.009308
2018-04-28 11:45:00,9217.63,9237.99,9203.0,9218.57,145.19884
2018-04-28 12:00:00,9218.57,9272.38,9210.0,9269.99,340.944736
2018-04-28 12:15:00,9266.18,9364.99,9266.02,9364.98,816.584309
2018-04-28 12:30:00,9364.99,9400.01,9342.69,9370.09,771.721202
2018-04-28 12:45:00,9370.09,9379.9,9335.0,9378.07,451.198277
2018-04-28 13:00:00,9378.07,9391.75,9334.0,9391.2,422.830311
2018-04-28 13:15:00,9391.75,9419.0,9360.58,9375.01,426.373933
2018-04-28 13:30:00,9375.0,9385.0,9357.0,9365.92,270.580471
2018-04-28 13:45:00,9365.0,9391.34,9350.64,9387.99,306.860195
2018-04-28 14:00:00,9387.99,9427.48,9381.06,9417.0,644.434515
2018-04-28 14:15:00,9418.98,9419.97,9377.0,9395.13,351.347208
2018-04-28 14:30:00,9395.97,9404.91,9283.0,9310.01,707.643412
2018-04-28 14:45:00,9310.01,9323.3,9280.0,9311.02,704.474068
2018-04-28 15:00:00,9310.25,9310.25,9239.0,9258.24,665.002425
2018-04-28 15:15:00,9258.22,9317.49,9255.06,9270.0,456.285543
2018-04-28 15:30:00,9272.0,9347.75,9272.0,9344.0,292.455427
2018-04-28 15:45:00,9344.0,9361.86,9317.89,9360.0,280.492599
2018-04-28 16:00:00,9360.0,9384.4,9318.79,9340.06,382.024941
2018-04-28 16:15:00,9340.06,9375.0,9340.0,9370.01,300.89392
2018-04-28 16:30:00,9361.49,9370.02,9260.0,9296.97,591.100129
2018-04-28 16:45:00,9296.97,9339.82,9271.8,9316.29,372.372513
2018-04-28 17:00:00,9316.29,9350.0,9310.82,9325.2,275.777407
2018-04-28 17:15:00,9327.99,9348.99,9302.1,9334.0,306.850384
2018-04-28 17:30:00,9334.01,9365.0,9333.99,9365.0,374.928072
2018-04-28 17:45:00,9359.99,9365.35,9287.0,9290.0,724.26027
2018-04-28 18:00:00,9291.0,9375.01,9290.0,9369.71,364.802754
2018-04-28 18:15:00,9366.0,9399.0,9359.96,9368.02,425.121151
2018-04-28 18:30:00,9370.0,9394.81,9359.96,9389.9,253.017992
2018-04-28 18:45:00,9390.0,9410.0,9379.0,9390.52,441.506125
2018-04-28 19:00:00,9398.98,9404.99,9370.0,9389.02,196.554056
2018-04-28 19:15:00,9389.02,9399.75,9361.0,9385.7,217.49244
2018-04-28 19:30:00,9385.7,9404.0,9350.9,9377.04,232.521476
2018-04-28 19:45:00,9377.04,9398.77,9363.01,9393.0,190.232771
2018-04-28 20:00:00,9393.0,9398.77,9375.0,9383.99,165.331326
2018-04-28 20:15:00,9383.99,9427.48,9365.69,9388.6,454.700698
2018-04-28 20:30:00,9393.45,9416.3,9375.0,9395.91,261.649844
2018-04-28 20:45:00,9395.91,9405.0,9300.0,9331.58,420.991447
2018-04-28 21:00:00,9313.73,9350.23,9290.0,9330.0,365.691876
2018-04-28 21:15:00,9330.0,9338.58,9315.0,9325.03,173.334101
2018-04-28 21:30:00,9325.02,9326.0,9258.05,9270.05,456.293806
2018-04-28 21:45:00,9270.03,9306.0,9258.0,9300.0,239.377281
2018-04-28 22:00:00,9300.01,9364.0,9300.0,9345.14,271.262382
2018-04-28 22:15:00,9345.14,9350.0,9315.5,9341.77,195.195865
2018-04-28 22:30:00,9347.0,9360.2,9320.19,9352.9,202.58968
2018-04-28 22:45:00,9344.99,9362.96,9330.01,9359.01,120.359326
2018-04-28 23:00:00,9359.99,9374.7,9358.99,9371.58,199.054022
2018-04-28 23:15:00,9365.25,9384.12,9350.2,9356.89,229.957058
2018-04-28 23:30:00,9356.89,9361.43,9330.01,9339.9,257.865275
2018-04-28 23:45:00,9333.17,9374.17,9333.0,9348.0,190.400554
2018-04-29 00:00:00,9348.0,9398.17,9340.0,9390.0,252.070472
2018-04-29 00:15:00,9389.01,9427.48,9389.01,9415.04,480.082642
2018-04-29 00:30:00,9419.94,9425.0,9376.06,9414.99,322.649373
2018-04-29 00:45:00,9414.98,9420.92,9395.0,9405.0,266.640776
2018-04-29 01:00:00,9405.0,9414.6,9395.05,9410.6,178.820138
2018-04-29 01:15:00,9410.6,9450.0,9407.0,9444.47,468.281636
2018-04-29 01:30:00,9444.47,9513.9,9444.47,9511.0,1050.796278
2018-04-29 01:45:00,9511.0,9512.0,9444.88,9499.5,478.682947
2018-04-29 02:00:00,9499.02,9570.0,9490.0,9530.54,876.358989
2018-04-29 02:15:00,9534.99,9570.51,9475.0,9510.0,542.911089
2018-04-29 02:30:00,9510.0,9524.18,9477.43,9489.98,257.519135
2018-04-29 02:45:00,9485.0,9544.8,9485.0,9543.96,313.295738
2018-04-29 03:00:00,9540.04,9544.8,9475.0,9484.0,367.843679
2018-04-29 03:15:00,9475.57,9523.99,9475.52,9502.03,510.755844
2018-04-29 03:30:00,9509.75,9512.27,9441.0,9477.0,694.645989
2018-04-29 03:45:00,9475.0,9495.0,9465.0,9484.26,248.33946
2018-04-29 04:00:00,9484.24,9528.04,9481.0,9505.0,481.951008
2018-04-29 04:15:00,9507.94,9533.98,9490.0,9490.0,373.295131
2018-04-29 04:30:00,9492.88,9500.07,9475.0,9489.0,299.595843
2018-04-29 04:45:00,9488.99,9489.71,9460.0,9465.18,238.290487
2018-04-29 05:00:00,9467.98,9495.48,9461.01,9469.0,308.882698
2018-04-29 05:15:00,9469.0,9480.01,9461.01,9469.83,182.877061
2018-04-29 05:30:00,9469.82,9475.01,9450.0,9472.5,310.445543
2018-04-29 05:45:00,9473.0,9473.0,9400.11,9434.19,522.589565
2018-04-29 06:00:00,9434.2,9475.01,9414.0,9459.41,282.130509
2018-04-29 06:15:00,9459.41,9473.0,9455.52,9460.01,237.96892
2018-04-29 06:30:00,9464.0,9485.0,9446.88,9480.0,272.987686
2018-04-29 06:45:00,9485.0,9498.46,9478.05,9494.01,277.139388
2018-04-29 07:00:00,9494.01,9513.97,9480.0,9505.12,263.733454
2018-04-29 07:15:00,9506.62,9509.51,9465.9,9466.11,262.132902
2018-04-29 07:30:00,9466.11,9490.0,9450.5,9463.0,338.542301
2018-04-29 07:45:00,9463.0,9468.96,9430.46,9443.2,333.901991
2018-04-29 08:00:00,9443.2,9480.0,9440.0,9458.0,379.627008
2018-04-29 08:15:00,9458.0,9477.87,9407.0,9425.99,537.559446
2018-04-29 08:30:00,9425.99,9425.99,9350.08,9370.0,765.488161
2018-04-29 08:45:00,9369.0,9387.93,9259.98,9285.47,1725.769337
2018-04-29 09:00:00,9285.48,9298.0,9207.0,9271.0,1564.718062
2018-04-29 09:15:00,9267.51,9330.71,9258.81,9306.15,898.784228
2018-04-29 09:30:00,9302.01,9304.96,9219.0,9281.0,714.277853
2018-04-29 09:45:00,9283.39,9312.0,9280.0,9284.99,568.679139
2018-04-29 10:00:00,9284.99,9307.79,9248.12,9262.0,645.070332
2018-04-29 10:15:00,9254.04,9289.0,9253.21,9268.7,373.801976
2018-04-29 10:30:00,9268.71,9339.37,9200.0,9215.66,786.306139
2018-04-29 10:45:00,9209.01,9241.99,9163.74,9210.03,882.355339
2018-04-29 11:00:00,9210.03,9220.77,9171.03,9183.84,836.777354
2018-04-29 11:15:00,9184.0,9250.01,9175.76,9230.1,565.699622
2018-04-29 11:30:00,9230.1,9236.71,9204.0,9229.26,381.803732
2018-04-29 11:45:00,9224.0,9278.0,9222.0,9265.0,504.824156
2018-04-29 12:00:00,9265.0,9320.0,9240.0,9264.03,608.951208
2018-04-29 12:15:00,9262.0,9301.2,9258.0,9261.35,423.355594
2018-04-29 12:30:00,9261.35,9277.69,9205.0,9237.2,363.337295
2018-04-29 12:45:00,9237.21,9255.0,9230.02,9247.48,326.816374
2018-04-29 13:00:00,9247.4,9300.0,9247.4,9283.02,394.096989
2018-04-29 13:15:00,9285.0,9290.05,9260.01,9267.99,337.247593
2018-04-29 13:30:00,9267.99,9310.0,9260.0,9300.0,339.06545
2018-04-29 13:45:00,9300.0,9330.0,9296.04,9316.0,440.813728
2018-04-29 14:00:00,9318.99,9350.0,9315.0,9320.01,503.989128
2018-04-29 14:15:00,9320.24,9344.7,9320.24,9341.01,291.727273
2018-04-29 14:30:00,9341.01,9382.62,9331.01,9353.77,419.496147
2018-04-29 14:45:00,9355.0,9359.42,9270.59,9282.01,440.677083
2018-04-29 15:00:00,9290.66,9331.72,9283.38,9323.74,388.083437
2018-04-29 15:15:00,9323.74,9344.04,9300.0,9309.0,215.871995
2018-04-29 15:30:00,9314.99,9334.0,9298.0,9325.03,237.988399
2018-04-29 15:45:00,9326.0,9356.0,9322.1,9337.06,347.124487
2018-04-29 16:00:00,9331.52,9344.97,9302.0,9320.01,293.759984
2018-04-29 16:15:00,9320.01,9339.0,9315.51,9319.0,217.330558
2018-04-29 16:30:00,9319.0,9328.21,9302.0,9324.0,230.265175
2018-04-29 16:45:00,9324.0,9325.99,9304.84,9307.0,274.363621
2018-04-29 17:00:00,9307.0,9308.0,9230.23,9270.01,651.252191
2018-04-29 17:15:00,9270.01,9300.01,9263.13,9279.55,271.522023
2018-04-29 17:30:00,9279.48,9350.0,9266.19,9328.32,311.606941
2018-04-29 17:45:00,9330.0,9345.77,9306.89,9330.0,219.502044
2018-04-29 18:00:00,9330.0,9339.11,9310.14,9315.79,176.164336
2018-04-29 18:15:00,9319.66,9327.0,9300.0,9309.02,174.593294
2018-04-29 18:30:00,9305.3,9334.0,9300.0,9324.49,128.429645
2018-04-29 18:45:00,9321.01,9348.56,9320.0,9344.0,280.442248
2018-04-29 19:00:00,9344.0,9349.01,9331.11,9343.0,221.530711
2018-04-29 19:15:00,9343.0,9368.0,9320.0,9334.0,257.9284
2018-04-29 19:30:00,9335.01,9342.28,9315.0,9334.49,163.198564
2018-04-29 19:45:00,9333.0,9349.92,9311.0,9320.07,178.14659
2018-04-29 20:00:00,9326.99,9339.48,9301.2,9322.01,150.957993
2018-04-29 20:15:00,9322.01,9325.0,9290.92,9297.0,239.38189
2018-04-29 20:30:00,9298.99,9315.87,9297.0,9304.0,214.397318
2018-04-29 20:45:00,9304.0,9339.0,9292.03,9317.99,193.868228
2018-04-29 21:00:00,9316.1,9340.0,9307.0,9334.99,134.263991
2018-04-29 21:15:00,9331.0,9352.0,9329.21,9343.2,121.855794
2018-04-29 21:30:00,9347.98,9347.98,9328.01,9342.0,150.649645
2018-04-29 21:45:00,9342.0,9344.0,9324.0,9335.1,197.541874
2018-04-29 22:00:00,9336.64,9380.0,9332.0,9378.0,279.235927
2018-04-29 22:15:00,9380.0,9397.76,9368.0,9384.8,319.560881
2018-04-29 22:30:00,9384.79,9429.99,9374.53,9411.66,421.718948
2018-04-29 22:45:00,9411.66,9438.0,9390.82,9405.45,310.590685
2018-04-29 23:00:00,9407.72,9427.99,9380.0,9409.82,214.546968
2018-04-29 23:15:00,9409.82,9427.7,9394.1,9422.46,162.782155
2018-04-29 23:30:00,9422.42,9422.47,9394.0,9415.0,205.10142
2018-04-29 23:45:00,9413.21,9428.99,9410.0,9419.0,277.017257
2018-04-30 00:00:00,9417.04,9450.0,9414.48,9435.0,357.165264
2018-04-30 00:15:00,9435.0,9435.0,9351.99,9381.96,486.02799
2018-04-30 00:30:00,9381.96,9398.09,9350.0,9350.0,335.534104
2018-04-30 00:45:00,9350.0,9429.3,9344.02,9420.0,277.586514
2018-04-30 01:00:00,9420.0,9430.29,9400.29,9409.5,367.36086
2018-04-30 01:15:00,9416.99,9432.0,9409.5,9424.89,225.063659
2018-04-30 01:30:00,9424.89,9430.49,9381.21,9391.82,305.629768
2018-04-30 01:45:00,9394.73,9421.02,9387.0,9415.0,231.443741
2018-04-30 02:00:00,9416.0,9439.9,9407.22,9439.9,224.05676
2018-04-30 02:15:00,9439.88,9444.99,9405.92,9429.99,213.959704
2018-04-30 02:30:00,9418.38,9435.99,9415.0,9428.02,206.982695
2018-04-30 02:45:00,9430.71,9450.0,9427.06,9445.01,285.38268
2018-04-30 03:00:00,9439.1,9458.64,9388.0,9390.99,418.945561
2018-04-30 03:15:00,9390.0,9417.94,9358.01,9370.0,450.590996
2018-04-30 03:30:00,9370.0,9385.61,9360.02,9372.99,322.845069
2018-04-30 03:45:00,9363.17,9373.0,9235.0,9269.85,1170.462173
2018-04-30 04:00:00,9274.0,9324.88,9250.0,9308.86,664.7349
2018-04-30 04:15:00,9308.86,9325.0,9265.02,9286.04,393.297798
2018-04-30 04:30:00,9286.04,9326.3,9277.0,9300.98,514.548834
2018-04-30 04:45:00,9304.84,9310.0,9256.83,9275.0,361.342441
2018-04-30 05:00:00,9275.0,9331.48,9255.01,9327.65,352.402505
2018-04-30 05:15:00,9327.64,9358.0,9299.0,9358.0,549.758863
2018-04-30 05:30:00,9356.0,9362.0,9320.0,9329.0,318.533891
2018-04-30 05:45:00,9329.0,9365.0,9327.01,9350.8,214.807508
2018-04-30 06:00:00,9354.79,9369.21,9290.01,9315.0,454.978182
2018-04-30 06:15:00,9315.0,9338.98,9260.22,9301.29,539.735165
2018-04-30 06:30:00,9301.29,9325.0,9281.0,9304.87,265.264933
2018-04-30 06:45:00,9310.0,9323.0,9288.0,9301.0,207.438954
2018-04-30 07:00:00,9301.0,9312.54,9182.34,9212.0,1074.378086
2018-04-30 07:15:00,9212.45,9259.0,9180.0,9238.51,731.705281
2018-04-30 07:30:00,9238.51,9248.97,9199.37,9228.0,416.519675
2018-04-30 07:45:00,9227.99,9248.0,9180.0,9222.01,531.665556
2018-04-30 08:00:00,9222.02,9267.47,9221.0,9250.79,384.166909
2018-04-30 08:15:00,9250.8,9255.55,9128.0,9154.99,850.582887
2018-04-30 08:30:00,9151.01,9184.98,9124.99,9154.02,800.139639
2018-04-30 08:45:00,9154.01,9204.73,9151.0,9195.01,389.884763
2018-04-30 09:00:00,9195.01,9200.06,9161.01,9178.0,340.207526
2018-04-30 09:15:00,9176.19,9230.0,9176.19,9218.33,428.846071
2018-04-30 09:30:00,9218.32,9245.0,9210.0,9230.0,325.002729
2018-04-30 09:45:00,9235.86,9235.86,9183.0,9219.97,250.065167
2018-04-30 10:00:00,9219.97,9219.99,9185.0,9200.01,182.871529
2018-04-30 10:15:00,9200.03,9210.0,9175.99,9191.39,209.177809
2018-04-30 10:30:00,9191.43,9281.99,9184.09,9277.0,403.020544
2018-04-30 10:45:00,9277.0,9280.0,9245.15,9264.8,313.853625
2018-04-30 11:00:00,9260.0,9285.0,9258.37,9258.37,393.701657
2018-04-30 11:15:00,9263.02,9281.2,9250.21,9275.0,312.750412
2018-04-30 11:30:00,9266.82,9275.0,9240.9,9264.0,242.852276
2018-04-30 11:45:00,9264.0,9285.9,9258.0,9276.0,260.70237
2018-04-30 12:00:00,9276.0,9289.38,9267.94,9274.61,206.101503
2018-04-30 12:15:00,9272.9,9318.68,9270.0,9305.0,299.653647
2018-04-30 12:30:00,9300.01,9318.94,9291.05,9312.79,376.216578
2018-04-30 12:45:00,9312.8,9321.94,9306.19,9309.98,343.666577
2018-04-30 13:00:00,9311.0,9327.0,9287.87,9288.04,460.966088
2018-04-30 13:15:00,9288.04,9300.0,9276.3,9298.99,257.418259
2018-04-30 13:30:00,9298.98,9313.28,9295.05,9308.95,279.557659
2018-04-30 13:45:00,9308.0,9315.53,9276.29,9277.0,203.632393
2018-04-30 14:00:00,9276.99,9290.0,9250.0,9286.01,387.586242
2018-04-30 14:15:00,9285.02,9293.94,9266.92,9275.0,255.915073
2018-04-30 14:30:00,9275.0,9275.01,9240.06,9246.98,389.161823
2018-04-30 14:45:00,9246.98,9299.0,9240.0,9273.11,398.07262
2018-04-30 15:00:00,9264.35,9290.91,9240.0,9289.0,258.299482
2018-04-30 15:15:00,9288.99,9295.0,9265.13,9283.77,176.897847
2018-04-30 15:30:00,9276.01,9309.0,9275.91,9308.99,336.366215
2018-04-30 15:45:00,9307.01,9318.06,9293.47,9318.06,249.260538
2018-04-30 16:00:00,9318.41,9356.6,9308.23,9340.42,524.623414
2018-04-30 16:15:00,9340.42,9344.0,9296.15,9308.0,369.716174
2018-04-30 16:30:00,9308.0,9315.0,9290.0,9305.0,282.364493
2018-04-30 16:45:00,9305.0,9308.0,9277.37,9287.1,339.229318
2018-04-30 17:00:00,9290.99,9323.5,9287.09,9323.0,276.304217
2018-04-30 17:15:00,9323.0,9349.0,9301.94,9330.66,256.609946
2018-04-30 17:30:00,9330.66,9349.0,9320.03,9346.72,257.731082
2018-04-30 17:45:00,9346.72,9350.0,9331.01,9340.0,223.109357
2018-04-30 18:00:00,9340.0,9348.8,9326.0,9345.9,277.335658
2018-04-30 18:15:00,9345.9,9365.65,9335.0,9365.0,322.048859
2018-04-30 18:30:00,9360.03,9369.18,9342.8,9357.99,230.537599
2018-04-30 18:45:00,9357.99,9368.0,9329.8,9350.0,286.12084
2018-04-30 19:00:00,9351.0,9359.48,9280.0,9301.62,348.570691
2018-04-30 19:15:00,9301.62,9327.0,9284.42,9315.01,211.399143
2018-04-30 19:30:00,9315.01,9345.0,9300.1,9334.01,252.066378
2018-04-30 19:45:00,9334.01,9337.6,9307.02,9337.55,192.381116
2018-04-30 20:00:00,9337.55,9343.22,9321.0,9341.5,167.316816
2018-04-30 20:15:00,9341.5,9345.0,9315.0,9319.99,186.629799
2018-04-30 20:30:00,9323.56,9338.79,9306.75,9317.99,173.073918
2018-04-30 20:45:00,9315.0,9324.41,9276.61,9281.0,275.570727
2018-04-30 21:00:00,9285.0,9286.98,9220.7,9266.01,542.431698
2018-04-30 21:15:00,9266.01,9269.0,9230.0,9230.0,431.547574
2018-04-30 21:30:00,9235.0,9261.95,9216.0,9220.01,390.694216
2018-04-30 21:45:00,9223.99,9236.71,9200.01,9218.39,561.845819
2018-04-30 22:00:00,9221.6,9291.99,9212.34,9279.98,483.809722
2018-04-30 22:15:00,9279.98,9288.98,9238.95,9253.14,242.855215
2018-04-30 22:30:00,9253.14,9260.06,9207.0,9221.96,277.823415
2018-04-30 22:45:00,9214.35,9221.97,9165.96,9186.02,849.625629
2018-04-30 23:00:00,9186.03,9235.0,9181.33,9212.01,557.583958
2018-04-30 23:15:00,9217.0,9238.0,9189.71,9218.49,367.251008
2018-04-30 23:30:00,9218.49,9250.08,9206.97,9239.11,194.115885
2018-04-30 23:45:00,9237.44,9249.0,9220.0,9246.01,212.961624
2018-05-01 00:00:00,9246.01,9248.99,9189.98,9195.11,345.878966
2018-05-01 00:15:00,9195.66,9203.41,9091.43,9110.0,1194.955737
2018-05-01 00:30:00,9110.0,9112.99,8966.0,8966.12,1966.378085
2018-05-01 00:45:00,8966.12,9064.77,8934.44,8955.01,1756.586763
2018-05-01 01:00:00,8955.13,9020.99,8939.01,8951.13,1017.738281
2018-05-01 01:15:00,8951.13,8974.55,8870.0,8929.54,1842.447644
2018-05-01 01:30:00,8930.84,8998.74,8930.84,8960.09,682.623364
2018-05-01 01:45:00,8960.09,8996.0,8955.02,8994.99,805.067455
2018-05-01 02:00:00,8994.98,9019.51,8950.0,8992.0,670.556748
2018-05-01 02:15:00,8988.41,8999.97,8921.89,8979.0,589.973077
2018-05-01 02:30:00,8976.69,9011.22,8970.0,8988.01,474.520021
2018-05-01 02:45:00,8987.5,9046.0,8974.74,9009.11,578.964
2018-05-01 03:00:00,9009.11,9019.71,8975.02,9010.0,401.405361
2018-05-01 03:15:00,9010.0,9014.99,8950.0,8979.99,414.67955
2018-05-01 03:30:00,8979.98,8980.0,8930.19,8950.02,343.470489
2018-05-01 03:45:00,8950.02,8971.67,8904.99,8938.01,547.892069
2018-05-01 04:00:00,8938.5,8995.1,8938.01,8965.03,290.247434
2018-05-01 04:15:00,8965.12,8995.22,8951.0,8970.06,288.326802
2018-05-01 04:30:00,8970.07,8997.77,8966.93,8991.0,276.725205
2018-05-01 04:45:00,8991.0,9014.99,8971.02,8975.02,409.740248
2018-05-01 05:00:00,8973.23,8979.0,8925.47,8948.0,392.03485
2018-05-01 05:15:00,8949.99,8977.53,8940.0,8941.78,208.175773
2018-05-01 05:30:00,8941.78,8950.0,8894.0,8926.2,437.436867
2018-05-01 05:45:00,8926.2,8945.23,8894.17,8930.0,338.661283
2018-05-01 06:00:00,8930.02,8970.0,8930.0,8949.98,302.791972
2018-05-01 06:15:00,8949.98,8981.78,8943.87,8965.98,220.041985
2018-05-01 06:30:00,8965.98,8971.98,8930.0,8971.98,189.88048
2018-05-01 06:45:00,8971.98,8987.78,8960.0,8975.03,244.21583
2018-05-01 07:00:00,8975.02,9000.76,8961.0,8964.37,444.690594
2018-05-01 07:15:00,8964.39,8994.22,8961.03,8994.2,264.400795
2018-05-01 07:30:00,8993.12,9022.06,8980.0,8981.51,472.650386
2018-05-01 07:45:00,8981.55,9010.69,8963.97,8973.71,304.461941
2018-05-01 08:00:00,8980.98,9010.0,8971.98,9008.01,305.78907
2018-05-01 08:15:00,9008.01,9056.27,9003.34,9047.81,523.780863
2018-05-01 08:30:00,9047.0,9063.08,9021.33,9058.01,466.18158
2018-05-01 08:45:00,9058.01,9076.5,9040.0,9049.98,476.279734
2018-05-01 09:00:00,9049.97,9069.34,9032.7,9050.5,444.3392
2018-05-01 09:15:00,9050.5,9065.53,9009.0,9055.0,500.790164
2018-05-01 09:30:00,9055.0,9082.08,9037.72,9079.0,383.447728
2018-05-01 09:45:00,9081.0,9081.0,9010.58,9040.49,340.495552
2018-05-01 10:00:00,9040.49,9045.99,8975.1,8979.5,362.573295
2018-05-01 10:15:00,8979.5,9020.0,8975.11,8992.14,309.687241
2018-05-01 10:30:00,8994.99,9036.0,8992.1,9029.0,214.207596
2018-05-01 10:45:00,9029.24,9040.0,9006.86,9039.0,214.492125
2018-05-01 11:00:00,9037.83,9063.66,9032.6,9045.0,286.463908
2018-05-01 11:15:00,9048.0,9063.0,9028.66,9035.04,280.062423
2018-05-01 11:30:00,9035.0,9043.0,9000.7,9019.76,266.951982
2018-05-01 11:45:00,9019.76,9022.99,8960.01,8975.01,373.246848
2018-05-01 12:00:00,8983.94,9000.0,8931.14,8951.08,585.867116
2018-05-01 12:15:00,8951.08,8967.0,8896.63,8916.49,793.520979
2018-05-01 12:30:00,8914.41,8914.41,8800.49,8858.43,1536.473345
2018-05-01 12:45:00,8860.95,8900.0,8850.0,8896.63,437.897195
2018-05-01 13:00:00,8898.0,8905.0,8841.28,8902.74,527.165872
2018-05-01 13:15:00,8900.02,8936.07,8867.35,8911.14,388.672295
2018-05-01 13:30:00,8911.14,8926.02,8875.01,8923.92,314.966736
2018-05-01 13:45:00,8920.02,8944.59,8905.18,8926.07,264.597967
2018-05-01 14:00:00,8926.07,8930.0,8888.0,8914.19,281.611283
2018-05-01 14:15:00,8914.19,8939.99,8907.35,8911.01,288.235279
2018-05-01 14:30:00,8912.0,8918.12,8871.11,8891.98,533.959536
2018-05-01 14:45:00,8891.98,8926.58,8875.12,8915.0,339.270542
2018-05-01 15:00:00,8912.0,8949.46,8905.0,8929.84,343.954021
2018-05-01 15:15:00,8929.83,8936.07,8902.0,8931.09,235.50734
2018-05-01 15:30:00,8931.09,8940.0,8909.36,8932.63,273.903503
2018-05-01 15:45:00,8930.0,8952.0,8900.0,8915.09,301.123607
2018-05-01 16:00:00,8915.08,8949.5,8915.08,8936.01,244.103528
2018-05-01 16:15:00,8939.0,8973.0,8925.99,8953.22,379.361938
2018-05-01 16:30:00,8953.04,9014.73,8944.0,8989.0,420.500111
2018-05-01 16:45:00,8989.0,9000.0,8970.0,8999.99,318.202592
2018-05-01 17:00:00,8999.99,8999.99,8964.21,8972.04,354.27169
2018-05-01 17:15:00,8972.06,8982.0,8946.99,8971.97,201.780742
2018-05-01 17:30:00,8971.97,9000.0,8963.34,8992.01,252.367531
2018-05-01 17:45:00,8992.0,9038.0,8989.0,8990.0,501.279141
2018-05-01 18:00:00,8995.88,9010.8,8974.97,8981.45,215.3022
2018-05-01 18:15:00,8981.45,8997.96,8970.0,8987.16,157.782218
2018-05-01 18:30:00,8989.99,8998.0,8930.01,8945.8,417.229857
2018-05-01 18:45:00,8945.8,8990.0,8945.79,8985.0,192.500744
2018-05-01 19:00:00,8985.0,8995.0,8962.08,8969.36,128.880516
2018-05-01 19:15:00,8969.36,8980.0,8962.0,8975.03,168.565667
2018-05-01 19:30:00,8978.91,8999.41,8975.02,8997.23,168.589082
2018-05-01 19:45:00,8997.23,9007.54,8979.0,8979.52,158.117282
2018-05-01 20:00:00,8986.97,8994.9,8971.01,8982.41,162.695492
2018-05-01 20:15:00,8983.92,9016.31,8982.31,9012.99,183.558667
2018-05-01 20:30:00,9012.99,9056.0,9003.01,9011.0,370.203859
2018-05-01 20:45:00,9013.96,9029.0,8983.7,9028.99,201.900428
2018-05-01 21:00:00,9028.98,9058.0,9021.96,9052.0,198.756558
2018-05-01 21:15:00,9052.51,9114.59,9046.0,9081.06,549.966226
2018-05-01 21:30:00,9081.06,9099.99,9075.19,9079.03,249.56326
2018-05-01 21:45:00,9080.0,9097.5,9075.01,9080.02,244.39999
2018-05-01 22:00:00,9080.02,9097.5,9075.13,9094.1,328.676784
2018-05-01 22:15:00,9096.11,9103.65,9080.99,9085.0,454.147056
2018-05-01 22:30:00,9084.09,9098.56,9048.0,9054.15,343.854561
2018-05-01 22:45:00,9054.16,9076.08,9032.14,9043.87,291.479172
2018-05-01 23:00:00,9042.46,9077.0,9032.17,9058.15,241.923691
2018-05-01 23:15:00,9059.89,9089.6,9058.15,9069.34,252.715856
2018-05-01 23:30:00,9065.73,9108.83,9049.98,9105.0,388.201595
2018-05-01 23:45:00,9108.84,9112.0,9066.0,9071.48,364.449619
2018-05-02 00:00:00,9071.48,9112.28,9071.48,9111.01,375.898457
2018-05-02 00:15:00,9112.28,9115.26,9073.0,9090.0,410.435498
2018-05-02 00:30:00,9090.0,9097.0,9054.81,9062.93,305.627971
2018-05-02 00:45:00,9062.93,9066.99,9020.0,9041.66,450.797146
2018-05-02 01:00:00,9045.9,9045.9,9016.26,9035.01,186.556375
2018-05-02 01:15:00,9035.01,9035.01,8970.2,9008.95,381.026914
2018-05-02 01:30:00,9008.95,9045.55,8991.67,9012.0,375.588731
2018-05-02 01:45:00,9010.99,9040.0,9005.0,9032.25,270.903526
2018-05-02 02:00:00,9032.25,9057.0,9027.0,9035.02,269.536862
2018-05-02 02:15:00,9035.02,9040.0,9019.4,9025.25,193.013785
2018-05-02 02:30:00,9029.85,9053.51,9024.79,9043.01,189.915205
2018-05-02 02:45:00,9043.43,9049.9,9037.25,9047.0,165.111938
2018-05-02 03:00:00,9047.0,9047.0,9013.57,9020.01,248.853168
2018-05-02 03:15:00,9020.01,9039.89,9001.02,9027.63,252.403116
2018-05-02 03:30:00,9027.63,9043.76,9027.6,9034.1,134.463511
2018-05-02 03:45:00,9034.1,9040.0,9021.01,9039.06,218.349685
2018-05-02 04:00:00,9039.05,9070.0,9033.27,9069.0,234.546802
2018-05-02 04:15:00,9069.0,9070.9,9044.0,9059.0,157.380806
2018-05-02 04:30:00,9059.0,9082.49,9054.66,9078.0,217.700259
2018-05-02 04:45:00,9078.0,9092.37,9069.99,9077.01,203.009988
2018-05-02 05:00:00,9077.01,9095.46,9065.0,9086.17,292.659519
2018-05-02 05:15:00,9087.66,9095.45,9072.16,9078.44,149.195105
2018-05-02 05:30:00,9079.98,9105.99,9074.0,9075.92,235.349187
2018-05-02 05:45:00,9079.0,9094.37,9060.0,9061.36,165.831693
2018-05-02 06:00:00,9064.99,9091.99,9060.1,9089.87,185.085636
2018-05-02 06:15:00,9082.12,9090.0,9070.9,9086.98,135.221583
2018-05-02 06:30:00,9089.0,9130.0,9079.01,9128.94,413.351131
2018-05-02 06:45:00,9128.94,9170.0,9111.83,9164.0,698.022227
2018-05-02 07:00:00,9164.0,9170.02,9127.53,9143.32,269.537167
2018-05-02 07:15:00,9143.31,9151.73,9120.0,9143.0,380.144815
2018-05-02 07:30:00,9143.0,9165.0,9140.9,9144.7,286.669064
2018-05-02 07:45:00,9144.7,9155.0,9132.0,9145.0,159.175701
2018-05-02 08:00:00,9145.0,9165.12,9114.31,9130.0,342.094968
2018-05-02 08:15:00,9128.21,9136.0,9110.01,9118.04,241.137339
2018-05-02 08:30:00,9118.04,9134.36,9110.03,9118.0,213.358894
2018-05-02 08:45:00,9118.0,9128.0,9090.3,9127.1,301.109788
2018-05-02 09:00:00,9126.0,9145.0,9116.01,9120.31,243.693309
2018-05-02 09:15:00,9120.31,9135.11,9112.04,9131.62,212.427783
2018-05-02 09:30:00,9131.62,9156.41,9131.17,9142.56,171.246839
2018-05-02 09:45:00,9136.0,9150.0,9121.0,9135.98,234.712072
2018-05-02 10:00:00,9135.97,9187.85,9122.66,9185.01,436.230344
2018-05-02 10:15:00,9185.01,9217.3,9159.04,9163.29,547.381838
2018-05-02 10:30:00,9160.9,9190.0,9160.0,9169.03,292.680397
2018-05-02 10:45:00,9169.03,9173.99,9150.0,9156.0,202.989877
2018-05-02 11:00:00,9162.0,9190.22,9156.08,9172.0,182.983825
2018-05-02 11:15:00,9169.0,9200.0,9164.35,9179.65,333.620693
2018-05-02 11:30:00,9179.75,9183.83,9158.0,9183.0,350.76435
2018-05-02 11:45:00,9180.38,9184.99,9164.28,9170.15,374.909033
2018-05-02 12:00:00,9170.15,9180.0,9138.21,9143.97,276.762193
2018-05-02 12:15:00,9143.97,9164.2,9134.97,9138.02,353.965264
2018-05-02 12:30:00,9138.91,9168.99,9129.31,9147.57,176.595408
2018-05-02 12:45:00,9150.0,9155.0,9070.0,9085.01,529.131642
2018-05-02 13:00:00,9085.0,9098.4,9031.0,9051.01,704.637153
2018-05-02 13:15:00,9055.0,9092.37,9051.01,9070.4,312.547898
2018-05-02 13:30:00,9070.42,9085.08,9061.0,9070.01,241.483216
2018-05-02 13:45:00,9070.03,9113.01,9060.0,9112.92,296.664267
2018-05-02 14:00:00,9106.01,9112.92,9079.77,9097.1,252.241581
2018-05-02 14:15:00,9097.1,9127.46,9093.0,9127.0,201.957746
2018-05-02 14:30:00,9127.0,9129.11,9100.0,9118.0,244.144272
2018-05-02 14:45:00,9118.0,9121.25,9083.75,9101.52,286.736663
2018-05-02 15:00:00,9101.52,9117.99,9095.0,9117.98,243.445839
2018-05-02 15:15:00,9117.99,9155.0,9116.01,9138.27,295.938059
2018-05-02 15:30:00,9144.99,9154.0,9138.0,9153.0,242.900281
2018-05-02 15:45:00,9150.01,9166.44,9138.41,9155.0,265.873369
2018-05-02 16:00:00,9158.18,9169.72,9126.41,9138.44,282.472291
2018-05-02 16:15:00,9138.44,9152.0,9131.0,9137.01,179.21786
2018-05-02 16:30:00,9137.01,9164.86,9133.56,9156.23,221.833071
2018-05-02 16:45:00,9155.02,9172.27,9128.0,9129.0,228.940549
2018-05-02 17:00:00,9133.99,9148.0,9126.58,9130.1,150.499093
2018-05-02 17:15:00,9130.83,9139.23,9111.01,9126.02,259.664031
2018-05-02 17:30:00,9126.03,9139.84,9122.09,9129.0,196.059887
2018-05-02 17:45:00,9129.5,9135.0,9117.0,9134.0,192.390108
2018-05-02 18:00:00,9134.0,9141.0,9101.32,9133.98,234.189048
2018-05-02 18:15:00,9134.0,9140.0,9111.0,9124.0,183.9845
2018-05-02 18:30:00,9124.0,9133.01,9112.11,9119.99,160.413275
2018-05-02 18:45:00,9115.97,9137.53,9115.0,9125.0,169.751058
2018-05-02 19:00:00,9136.68,9136.68,9103.54,9107.0,175.58798
2018-05-02 19:15:00,9103.54,9110.3,9068.5,9099.99,424.529962
2018-05-02 19:30:00,9099.99,9128.27,9085.49,9116.03,217.174259
2018-05-02 19:45:00,9123.57,9140.0,9110.0,9138.94,132.366458
2018-05-02 20:00:00,9135.0,9141.0,9120.01,9126.74,103.470752
2018-05-02 20:15:00,9124.69,9129.96,9108.47,9115.0,138.587106
2018-05-02 20:30:00,9115.0,9169.0,9110.01,9168.88,220.19175
2018-05-02 20:45:00,9168.99,9199.0,9154.75,9190.88,384.228303
2018-05-02 21:00:00,9199.0,9225.66,9180.01,9195.43,595.31037
2018-05-02 21:15:00,9195.43,9225.53,9184.5,9214.01,224.50413
2018-05-02 21:30:00,9215.01,9262.4,9214.0,9255.99,356.762869
2018-05-02 21:45:00,9255.99,9257.93,9208.3,9225.96,256.139125
2018-05-02 22:00:00,9225.96,9240.97,9210.97,9239.37,238.376278
2018-05-02 22:15:00,9234.0,9240.0,9200.8,9216.51,178.390291
2018-05-02 22:30:00,9216.51,9250.0,9210.05,9240.0,164.364373
2018-05-02 22:45:00,9239.99,9266.0,9230.0,9261.25,246.287003
2018-05-02 23:00:00,9261.25,9268.0,9235.0,9235.99,241.098616
2018-05-02 23:15:00,9236.0,9265.0,9211.1,9251.0,486.347487
2018-05-02 23:30:00,9251.0,9262.0,9210.38,9231.0,409.149218
2018-05-02 23:45:00,9231.0,9258.05,9223.86,9247.84,253.534089
2018-05-03 00:00:00,9247.81,9257.36,9214.0,9218.02,309.250987
2018-05-03 00:15:00,9220.0,9220.73,9202.0,9209.88,226.894514
2018-05-03 00:30:00,9210.84,9230.42,9206.31,9225.0,158.604829
2018-05-03 00:45:00,9224.43,9229.0,9188.02,9210.01,235.377041
2018-05-03 01:00:00,9210.01,9238.0,9205.0,9213.0,235.376997
2018-05-03 01:15:00,9213.84,9231.0,9208.03,9231.0,214.697816
2018-05-03 01:30:00,9231.0,9258.0,9223.14,9253.02,329.831314
2018-05-03 01:45:00,9253.6,9259.99,9226.16,9230.07,344.468841
2018-05-03 02:00:00,9226.17,9248.71,9218.0,9237.0,362.372042
2018-05-03 02:15:00,9237.0,9251.5,9214.3,9240.0,196.631381
2018-05-03 02:30:00,9240.0,9259.47,9237.0,9244.25,241.189616
2018-05-03 02:45:00,9244.25,9265.0,9240.99,9264.43,238.444321
2018-05-03 03:00:00,9264.43,9295.0,9249.05,9283.0,537.597748
2018-05-03 03:15:00,9283.0,9293.0,9236.06,9261.32,403.300257
2018-05-03 03:30:00,9261.32,9283.03,9254.06,9281.0,201.724805
2018-05-03 03:45:00,9281.0,9283.0,9250.9,9250.9,224.064161
2018-05-03 04:00:00,9253.92,9315.68,9250.9,9309.94,530.303017
2018-05-03 04:15:00,9306.75,9315.1,9257.01,9273.0,318.233546
2018-05-03 04:30:00,9273.0,9293.0,9264.02,9282.5,242.747536
2018-05-03 04:45:00,9282.51,9293.0,9270.5,9281.97,289.748684
2018-05-03 05:00:00,9283.92,9296.35,9274.23,9284.0,254.51908
2018-05-03 05:15:00,9285.91,9288.68,9240.05,9260.02,285.119868
2018-05-03 05:30:00,9260.02,9268.0,9225.0,9225.0,312.827207
2018-05-03 05:45:00,9225.0,9232.55,9180.21,9209.82,643.73343
2018-05-03 06:00:00,9206.76,9225.11,9168.4,9217.97,796.282199
2018-05-03 06:15:00,9215.01,9230.11,9192.01,9206.0,405.757325
2018-05-03 06:30:00,9208.69,9237.77,9202.0,9223.03,176.117971
2018-05-03 06:45:00,9223.03,9232.71,9195.01,9210.09,314.876569
2018-05-03 07:00:00,9209.0,9228.63,9191.64,9226.01,361.528731
2018-05-03 07:15:00,9227.0,9233.91,9220.0,9224.63,227.249824
2018-05-03 07:30:00,9224.63,9249.0,9224.63,9229.0,169.830883
2018-05-03 07:45:00,9229.0,9255.0,9228.0,9249.86,228.712566
2018-05-03 08:00:00,9249.43,9264.27,9216.0,9216.0,440.079466
2018-05-03 08:15:00,9216.0,9240.99,9189.41,9238.0,454.49397
2018-05-03 08:30:00,9228.52,9237.99,9192.77,9228.0,232.798007
2018-05-03 08:45:00,9228.0,9244.76,9216.59,9238.19,203.047009
2018-05-03 09:00:00,9238.19,9240.0,9184.0,9195.12,291.153647
2018-05-03 09:15:00,9195.12,9230.0,9189.62,9212.96,219.23368
2018-05-03 09:30:00,9206.82,9226.07,9181.3,9200.0,520.447317
2018-05-03 09:45:00,9199.02,9213.9,9170.0,9208.33,394.92756
2018-05-03 10:00:00,9211.54,9233.33,9200.04,9229.0,293.424722
2018-05-03 10:15:00,9229.0,9233.31,9197.12,9219.96,321.394446
2018-05-03 10:30:00,9216.6,9229.33,9210.0,9223.05,94.291147
2018-05-03 10:45:00,9223.06,9236.06,9212.0,9235.38,178.378394
2018-05-03 11:00:00,9231.0,9235.91,9222.56,9229.02,157.631284
2018-05-03 11:15:00,9229.02,9229.41,9190.0,9190.72,299.089666
2018-05-03 11:30:00,9190.72,9222.0,9188.66,9216.0,233.107611
2018-05-03 11:45:00,9214.0,9225.6,9210.0,9224.75,156.095205
2018-05-03 12:00:00,9220.0,9230.0,9207.39,9217.82,186.490426
2018-05-03 12:15:00,9217.82,9260.0,9213.39,9257.32,300.128775
2018-05-03 12:30:00,9258.03,9282.96,9248.5,9262.99,428.328635
2018-05-03 12:45:00,9262.99,9349.99,9248.59,9320.0,697.445868
2018-05-03 13:00:00,9320.0,9345.01,9316.28,9336.0,571.924049
2018-05-03 13:15:00,9336.0,9350.0,9294.0,9322.17,565.178633
2018-05-03 13:30:00,9322.17,9385.85,9318.99,9359.6,671.973367
2018-05-03 13:45:00,9359.6,9475.0,9350.0,9471.05,967.534311
2018-05-03 14:00:00,9475.0,9490.6,9416.16,9446.0,1099.703232
2018-05-03 14:15:00,9445.54,9475.0,9434.13,9438.0,507.393084
2018-05-03 14:30:00,9438.0,9470.7,9412.0,9443.96,471.097231
2018-05-03 14:45:00,9443.95,9458.0,9431.01,9458.0,434.686519
2018-05-03 15:00:00,9457.99,9480.4,9434.31,9443.99,441.643409
2018-05-03 15:15:00,9444.0,9451.65,9430.0,9445.98,245.040799
2018-05-03 15:30:00,9444.0,9445.98,9406.91,9425.0,295.509665
2018-05-03 15:45:00,9424.21,9443.03,9410.22,9442.28,244.562476
2018-05-03 16:00:00,9442.0,9475.0,9428.38,9466.27,329.949362
2018-05-03 16:15:00,9470.82,9474.0,9444.0,9447.0,343.190202
2018-05-03 16:30:00,9450.98,9470.89,9442.0,9470.86,237.394732
2018-05-03 16:45:00,9470.89,9613.12,9460.16,9613.12,1160.194554
2018-05-03 17:00:00,9613.0,9619.86,9553.12,9583.88,909.966163
2018-05-03 17:15:00,9583.8,9644.0,9580.0,9612.0,825.537861
2018-05-03 17:30:00,9614.01,9644.0,9551.0,9613.0,936.37006
2018-05-03 17:45:00,9621.04,9718.0,9601.77,9711.16,1012.149606
2018-05-03 18:00:00,9715.0,9779.0,9631.0,9639.02,1516.428198
2018-05-03 18:15:00,9639.02,9700.05,9620.0,9670.0,814.585215
2018-05-03 18:30:00,9670.0,9695.0,9640.0,9664.98,617.863611
2018-05-03 18:45:00,9665.86,9706.99,9654.2,9684.99,534.216641
2018-05-03 19:00:00,9690.0,9722.03,9667.0,9711.01,362.864124
2018-05-03 19:15:00,9711.01,9734.99,9674.0,9699.97,362.555096
2018-05-03 19:30:00,9699.96,9700.0,9649.62,9660.0,313.605453
2018-05-03 19:45:00,9658.89,9683.99,9620.93,9666.01,489.307119
2018-05-03 20:00:00,9670.0,9698.86,9658.45,9662.37,405.352166
2018-05-03 20:15:00,9669.01,9669.99,9614.01,9640.02,329.702366
2018-05-03 20:30:00,9640.01,9649.99,9625.95,9633.31,273.156846
2018-05-03 20:45:00,9633.31,9687.35,9627.01,9682.0,318.347092
2018-05-03 21:00:00,9683.39,9689.97,9664.06,9675.99,251.041197
2018-05-03 21:15:00,9672.02,9697.0,9670.0,9684.02,325.898243
2018-05-03 21:30:00,9687.51,9695.99,9661.42,9672.84,200.942086
2018-05-03 21:45:00,9672.84,9683.0,9667.23,9678.0,167.30298
2018-05-03 22:00:00,9682.0,9683.92,9656.25,9661.07,200.140163
2018-05-03 22:15:00,9661.85,9685.22,9653.01,9654.13,191.16319
2018-05-03 22:30:00,9656.36,9678.32,9654.13,9668.16,193.286713
2018-05-03 22:45:00,9668.21,9735.0,9641.44,9724.01,455.991208
2018-05-03 23:00:00,9724.01,9844.0,9711.22,9817.0,870.985625
2018-05-03 23:15:00,9816.01,9821.9,9759.1,9769.68,527.089526
2018-05-03 23:30:00,9769.62,9830.82,9760.01,9782.62,372.253063
2018-05-03 23:45:00,9782.62,9798.13,9740.91,9750.0,283.909111
2018-05-04 00:00:00,9750.0,9750.0,9520.85,9620.02,1942.767807
2018-05-04 00:15:00,9620.02,9650.0,9573.0,9610.0,353.445536
2018-05-04 00:30:00,9609.98,9624.87,9567.16,9619.95,343.688667
2018-05-04 00:45:00,9619.94,9653.68,9591.58,9599.0,224.832036
2018-05-04 01:00:00,9604.85,9644.56,9593.89,9626.0,251.15849
2018-05-04 01:15:00,9626.0,9640.01,9625.5,9639.97,178.400466
2018-05-04 01:30:00,9639.0,9689.76,9637.68,9680.72,312.389442
2018-05-04 01:45:00,9682.17,9685.07,9595.02,9615.97,407.948431
2018-05-04 02:00:00,9623.98,9648.58,9600.0,9643.09,219.814245
2018-05-04 02:15:00,9643.0,9657.37,9616.15,9654.01,310.139843
2018-05-04 02:30:00,9649.13,9664.98,9641.0,9649.99,204.684373
2018-05-04 02:45:00,9646.01,9679.0,9642.35,9649.12,210.698828
2018-05-04 03:00:00,9649.56,9659.0,9640.88,9643.01,150.764107
2018-05-04 03:15:00,9643.01,9653.97,9540.0,9615.0,679.620945
2018-05-04 03:30:00,9617.99,9617.99,9579.82,9604.03,340.92249
2018-05-04 03:45:00,9604.03,9635.7,9575.0,9580.0,278.433163
2018-05-04 04:00:00,9580.0,9641.93,9572.0,9624.0,233.185717
2018-05-04 04:15:00,9624.0,9643.84,9620.01,9643.84,134.391219
2018-05-04 04:30:00,9643.15,9650.03,9610.51,9612.0,217.792333
2018-05-04 04:45:00,9612.0,9649.99,9611.01,9638.52,164.183987
2018-05-04 05:00:00,9638.52,9645.23,9620.48,9635.02,112.770812
2018-05-04 05:15:00,9635.0,9640.0,9610.51,9624.97,224.609507
2018-05-04 05:30:00,9624.97,9639.98,9615.0,9627.9,309.982608
2018-05-04 05:45:00,9627.9,9640.0,9613.05,9635.1,189.004666
2018-05-04 06:00:00,9635.39,9648.0,9605.0,9645.45,183.412938
2018-05-04 06:15:00,9641.01,9653.0,9625.0,9643.97,311.538385
2018-05-04 06:30:00,9643.97,9661.3,9634.97,9657.3,150.050782
2018-05-04 06:45:00,9657.3,9728.0,9653.0,9689.0,400.968039
2018-05-04 07:00:00,9685.02,9714.98,9683.0,9702.01,288.989348
2018-05-04 07:15:00,9704.48,9733.0,9688.65,9694.22,234.341292
2018-05-04 07:30:00,9694.22,9698.87,9665.0,9673.77,264.096346
2018-05-04 07:45:00,9672.98,9700.4,9669.2,9697.99,181.756672
2018-05-04 08:00:00,9697.98,9800.07,9690.13,9780.0,531.935108
2018-05-04 08:15:00,9780.0,9810.01,9749.44,9763.65,643.361557
2018-05-04 08:30:00,9766.49,9806.99,9748.01,9795.73,339.656297
2018-05-04 08:45:00,9795.73,9830.04,9780.0,9798.5,552.30503
2018-05-04 09:00:00,9798.5,9816.76,9725.02,9755.99,410.149763
2018-05-04 09:15:00,9755.99,9770.0,9670.0,9717.0,655.71557
2018-05-04 09:30:00,9717.0,9769.0,9711.02,9759.99,274.058924
2018-05-04 09:45:00,9759.91,9795.0,9759.91,9761.64,223.950922
2018-05-04 10:00:00,9761.64,9780.0,9732.4,9745.01,212.372401
2018-05-04 10:15:00,9749.48,9753.46,9720.0,9736.04,263.60888
2018-05-04 10:30:00,9736.04,9745.97,9722.98,9740.0,204.509841
2018-05-04 10:45:00,9740.0,9745.88,9701.69,9711.0,249.095066
2018-05-04 11:00:00,9711.0,9719.09,9676.45,9685.0,296.256806
2018-05-04 11:15:00,9685.0,9705.74,9656.01,9699.34,320.454761
2018-05-04 11:30:00,9700.0,9721.88,9685.12,9704.99,222.912529
2018-05-04 11:45:00,9704.99,9805.44,9704.9,9765.0,522.027938
2018-05-04 12:00:00,9760.33,9789.3,9745.58,9769.99,288.02059
2018-05-04 12:15:00,9770.0,9777.72,9727.02,9759.07,204.440498
2018-05-04 12:30:00,9759.07,9760.0,9726.3,9737.78,244.243471
2018-05-04 12:45:00,9740.98,9746.24,9691.8,9717.0,360.598219
2018-05-04 13:00:00,9717.99,9750.33,9715.38,9728.05,292.518605
2018-05-04 13:15:00,9728.05,9729.98,9687.0,9728.0,332.614971
2018-05-04 13:30:00,9726.0,9729.72,9667.98,9667.98,500.57229
2018-05-04 13:45:00,9668.5,9674.86,9632.0,9654.81,595.669483
2018-05-04 14:00:00,9654.81,9692.99,9634.0,9676.05,491.879798
2018-05-04 14:15:00,9670.01,9680.0,9635.0,9658.66,317.891222
2018-05-04 14:30:00,9658.66,9700.0,9653.37,9699.95,174.56929
2018-05-04 14:45:00,9699.95,9716.35,9688.21,9706.0,202.894889
2018-05-04 15:00:00,9706.0,9709.99,9689.29,9695.0,206.604197
2018-05-04 15:15:00,9695.0,9696.92,9620.0,9643.39,554.96927
2018-05-04 15:30:00,9643.39,9660.17,9573.3,9600.21,550.704884
2018-05-04 15:45:00,9608.89,9619.79,9570.1,9614.67,450.432865
2018-05-04 16:00:00,9614.67,9637.78,9575.0,9623.8,505.142812
2018-05-04 16:15:00,9623.8,9650.0,9621.96,9648.97,290.249623
2018-05-04 16:30:00,9648.94,9677.29,9615.15,9674.0,290.348055
2018-05-04 16:45:00,9674.0,9679.0,9647.0,9677.0,161.961671
2018-05-04 17:00:00,9675.01,9711.0,9675.0,9690.01,292.390809
2018-05-04 17:15:00,9690.01,9691.02,9647.92,9680.0,462.27855
2018-05-04 17:30:00,9680.0,9680.0,9660.0,9672.99,154.892326
2018-05-04 17:45:00,9672.98,9674.96,9643.06,9665.0,217.378667
2018-05-04 18:00:00,9664.9,9668.0,9650.89,9657.33,225.517041
2018-05-04 18:15:00,9657.33,9670.0,9630.0,9633.99,321.449246
2018-05-04 18:30:00,9633.98,9642.99,9615.92,9639.04,269.047225
2018-05-04 18:45:00,9639.05,9662.99,9639.04,9649.97,178.213304
2018-05-04 19:00:00,9649.95,9660.0,9631.03,9659.02,170.19163
2018-05-04 19:15:00,9659.02,9665.0,9648.88,9660.0,188.450649
2018-05-04 19:30:00,9659.1,9680.0,9659.0,9678.0,165.588685
2018-05-04 19:45:00,9680.0,9685.0,9655.16,9671.23,183.036409
2018-05-04 20:00:00,9671.23,9730.0,9671.23,9710.01,293.022834
2018-05-04 20:15:00,9701.04,9709.99,9655.0,9678.9,217.622807
2018-05-04 20:30:00,9678.89,9683.0,9660.0,9679.71,167.045599
2018-05-04 20:45:00,9679.71,9712.02,9675.0,9710.46,123.619143
2018-05-04 21:00:00,9705.1,9717.25,9691.0,9717.24,173.767876
2018-05-04 21:15:00,9708.07,9760.0,9708.07,9735.0,298.39782
2018-05-04 21:30:00,9727.91,9758.8,9708.76,9730.02,169.846338
2018-05-04 21:45:00,9730.02,9748.86,9711.19,9748.75,168.344324
2018-05-04 22:00:00,9740.0,9777.14,9740.0,9760.0,271.226045
2018-05-04 22:15:00,9760.01,9765.0,9685.0,9727.9,243.586816
2018-05-04 22:30:00,9729.95,9750.0,9702.02,9738.0,115.195717
2018-05-04 22:45:00,9738.99,9755.77,9731.04,9755.77,112.673012
2018-05-04 23:00:00,9755.16,9762.73,9720.7,9733.6,150.356503
2018-05-04 23:15:00,9733.61,9744.49,9704.0,9718.01,161.251656
2018-05-04 23:30:00,9721.14,9744.96,9716.0,9722.14,96.633739
2018-05-04 23:45:00,9728.67,9728.67,9699.91,9713.99,141.082493
2018-05-05 00:00:00,9714.0,9740.98,9682.0,9727.19,174.098001
2018-05-05 00:15:00,9727.19,9750.0,9722.25,9747.0,134.951395
2018-05-05 00:30:00,9747.0,9789.0,9741.77,9776.74,272.760967
2018-05-05 00:45:00,9777.87,9778.98,9745.97,9770.01,168.514156
2018-05-05 01:00:00,9773.0,9773.95,9715.36,9733.24,227.1795
2018-05-05 01:15:00,9729.1,9769.0,9729.1,9744.31,353.015932
2018-05-05 01:30:00,9744.32,9769.99,9742.0,9761.0,129.102783
2018-05-05 01:45:00,9761.0,9810.0,9755.0,9809.99,313.772077
2018-05-05 02:00:00,9807.45,9889.45,9807.44,9860.91,907.022186
2018-05-05 02:15:00,9860.01,9866.96,9815.0,9829.42,359.012462
2018-05-05 02:30:00,9825.99,9838.68,9787.0,9806.93,375.090932
2018-05-05 02:45:00,9800.91,9845.0,9799.01,9839.99,214.906665
2018-05-05 03:00:00,9835.0,9845.0,9786.35,9819.99,217.223751
2018-05-05 03:15:00,9820.0,9845.01,9811.27,9845.01,114.867869
2018-05-05 03:30:00,9845.39,9848.02,9819.0,9845.99,222.27352
2018-05-05 03:45:00,9845.99,9848.0,9807.01,9830.32,193.510816
2018-05-05 04:00:00,9830.32,9870.5,9830.09,9870.5,296.797549
2018-05-05 04:15:00,9870.0,9873.06,9846.87,9860.0,330.17667
2018-05-05 04:30:00,9860.0,9880.13,9848.66,9870.02,275.34339
2018-05-05 04:45:00,9871.99,9888.3,9822.56,9845.02,303.084928
2018-05-05 05:00:00,9850.0,9857.88,9800.0,9826.01,299.103453
2018-05-05 05:15:00,9835.46,9850.0,9826.02,9830.0,123.697049
2018-05-05 05:30:00,9829.0,9860.0,9820.0,9839.96,147.38196
2018-05-05 05:45:00,9839.96,9853.0,9830.0,9843.6,174.419984
2018-05-05 06:00:00,9839.71,9845.0,9820.0,9833.57,162.360612
2018-05-05 06:15:00,9833.57,9845.72,9805.0,9805.0,167.968058
2018-05-05 06:30:00,9811.92,9825.72,9784.89,9795.22,241.059722
2018-05-05 06:45:00,9796.0,9803.61,9784.89,9798.02,173.924856
2018-05-05 07:00:00,9798.02,9830.0,9792.79,9828.95,204.605222
2018-05-05 07:15:00,9828.96,9828.96,9803.36,9806.35,164.354704
2018-05-05 07:30:00,9806.99,9825.0,9799.0,9811.02,162.271543
2018-05-05 07:45:00,9814.5,9820.49,9797.45,9811.84,82.052916
2018-05-05 08:00:00,9810.7,9820.0,9799.01,9816.13,151.010372
2018-05-05 08:15:00,9816.13,9850.0,9810.71,9836.93,189.184829
2018-05-05 08:30:00,9837.0,9864.0,9832.12,9859.99,196.272955
2018-05-05 08:45:00,9859.98,9865.0,9835.17,9837.05,300.287305
2018-05-05 09:00:00,9837.05,9859.99,9818.0,9837.38,218.267405
2018-05-05 09:15:00,9839.8,9856.68,9822.07,9854.89,155.033596
2018-05-05 09:30:00,9855.0,9869.01,9840.0,9866.0,148.157712
2018-05-05 09:45:00,9866.0,9875.0,9850.34,9862.04,256.985322
2018-05-05 10:00:00,9862.04,9935.0,9855.31,9901.25,538.670674
2018-05-05 10:15:00,9904.94,9942.08,9900.01,9932.9,348.400384
2018-05-05 10:30:00,9931.12,9972.0,9921.99,9965.0,536.026987
2018-05-05 10:45:00,9965.0,9968.0,9922.23,9941.76,317.814018
2018-05-05 11:00:00,9948.0,9951.7,9910.5,9934.97,313.730966
2018-05-05 11:15:00,9934.97,9936.01,9872.01,9881.84,433.986008
2018-05-05 11:30:00,9882.0,9919.94,9876.34,9900.16,246.747076
2018-05-05 11:45:00,9904.51,9914.71,9895.0,9900.0,156.924651
2018-05-05 12:00:00,9900.56,9914.0,9890.0,9913.61,168.48507
2018-05-05 12:15:00,9913.61,9955.4,9898.59,9950.54,436.069036
2018-05-05 12:30:00,9950.54,10020.0,9931.1,9964.0,1329.533384
2018-05-05 12:45:00,9964.0,9971.69,9931.56,9952.15,329.732501
2018-05-05 13:00:00,9952.16,10011.18,9950.03,9975.0,409.968715
2018-05-05 13:15:00,9975.0,9998.0,9961.01,9964.99,304.386499
2018-05-05 13:30:00,9964.99,10000.0,9960.4,9997.99,373.380273
2018-05-05 13:45:00,9985.08,9996.99,9904.0,9904.01,435.942736
2018-05-05 14:00:00,9904.01,9958.3,9904.0,9950.01,308.367007
2018-05-05 14:15:00,9950.01,9974.01,9940.45,9945.01,204.146469
2018-05-05 14:30:00,9945.01,9975.0,9937.71,9973.8,226.932004
2018-05-05 14:45:00,9973.8,9979.81,9962.11,9966.0,204.424078
2018-05-05 15:00:00,9966.0,9990.39,9955.0,9955.48,178.471336
2018-05-05 15:15:00,9955.5,9976.81,9950.0,9968.0,181.163551
2018-05-05 15:30:00,9967.99,9970.18,9910.0,9954.7,280.310565
2018-05-05 15:45:00,9954.7,9960.94,9923.23,9929.99,193.930312
2018-05-05 16:00:00,9929.99,9930.58,9870.0,9893.99,600.117604
2018-05-05 16:15:00,9893.99,9940.06,9887.01,9924.14,249.602318
2018-05-05 16:30:00,9925.88,9948.0,9913.17,9930.0,194.83348
2018-05-05 16:45:00,9937.07,9940.0,9926.01,9939.5,191.215821
2018-05-05 17:00:00,9939.5,9960.0,9937.52,9955.49,178.181822
2018-05-05 17:15:00,9955.49,9970.89,9953.5,9959.01,145.729036
2018-05-05 17:30:00,9964.0,9964.73,9948.02,9951.0,114.15149
2018-05-05 17:45:00,9955.88,9956.0,9901.0,9902.0,204.70584
2018-05-05 18:00:00,9902.9,9924.07,9850.0,9863.0,568.113662
2018-05-05 18:15:00,9865.01,9900.96,9850.0,9885.0,304.772364
2018-05-05 18:30:00,9885.0,9910.0,9870.0,9878.0,152.161291
2018-05-05 18:45:00,9878.0,9898.9,9870.0,9888.73,149.513535
2018-05-05 19:00:00,9888.73,9898.9,9879.04,9887.45,77.763883
2018-05-05 19:15:00,9888.23,9911.0,9883.01,9886.56,162.336477
2018-05-05 19:30:00,9886.56,9909.01,9885.01,9900.13,137.829887
2018-05-05 19:45:00,9900.13,9903.97,9860.67,9870.0,200.774202
2018-05-05 20:00:00,9867.04,9881.0,9867.0,9867.11,183.419892
2018-05-05 20:15:00,9870.0,9870.0,9758.0,9777.61,630.162338
2018-05-05 20:30:00,9777.6,9821.56,9768.02,9793.01,279.085722
2018-05-05 20:45:00,9793.01,9818.03,9762.0,9780.52,189.500324
2018-05-05 21:00:00,9780.52,9780.53,9730.01,9760.55,413.436764
2018-05-05 21:15:00,9755.0,9818.0,9750.0,9805.97,233.32876
2018-05-05 21:30:00,9805.97,9805.99,9780.06,9783.0,122.548638
2018-05-05 21:45:00,9782.99,9832.0,9780.06,9826.31,145.854002
2018-05-05 22:00:00,9826.26,9826.46,9782.38,9817.0,150.944655
2018-05-05 22:15:00,9820.0,9862.0,9817.01,9860.01,157.018541
2018-05-05 22:30:00,9860.01,9874.99,9844.67,9858.91,217.65558
2018-05-05 22:45:00,9850.33,9864.14,9822.44,9841.74,165.160498
2018-05-05 23:00:00,9849.84,9888.88,9840.02,9858.0,203.043208
2018-05-05 23:15:00,9860.72,9884.99,9832.0,9840.71,273.54827
2018-05-05 23:30:00,9841.01,9860.93,9834.38,9853.77,135.101258
2018-05-05 23:45:00,9853.78,9875.0,9849.97,9864.0,99.757759
2018-05-06 00:00:00,9863.99,9884.48,9854.0,9884.4,128.869383
2018-05-06 00:15:00,9876.0,9930.01,9876.0,9929.99,267.506881
2018-05-06 00:30:00,9923.08,9944.0,9912.19,9941.6,215.95057
2018-05-06 00:45:00,9938.37,9964.66,9931.17,9956.08,250.551385
2018-05-06 01:00:00,9961.92,9970.0,9925.22,9944.99,264.007123
2018-05-06 01:15:00,9944.99,9954.94,9920.59,9950.01,206.019082
2018-05-06 01:30:00,9953.78,9953.93,9920.53,9929.99,180.854426
2018-05-06 01:45:00,9932.89,9961.99,9925.07,9955.0,150.094612
2018-05-06 02:00:00,9955.0,9960.0,9937.21,9942.01,138.17297
2018-05-06 02:15:00,9940.06,9947.41,9902.0,9902.01,207.190066
2018-05-06 02:30:00,9910.0,9919.98,9875.01,9885.0,301.696449
2018-05-06 02:45:00,9885.0,9896.89,9875.37,9892.59,280.437058
2018-05-06 03:00:00,9892.59,9925.0,9885.11,9888.0,207.672074
2018-05-06 03:15:00,9888.0,9925.0,9886.01,9917.43,122.235266
2018-05-06 03:30:00,9917.41,9934.61,9908.21,9916.01,160.996103
2018-05-06 03:45:00,9916.02,9918.5,9891.11,9895.99,140.645795
2018-05-06 04:00:00,9897.0,9930.76,9892.82,9908.0,161.489303
2018-05-06 04:15:00,9908.0,9908.0,9892.52,9904.97,93.929063
2018-05-06 04:30:00,9904.97,9923.0,9890.06,9900.0,118.91125
2018-05-06 04:45:00,9900.0,9900.0,9839.17,9853.03,301.577006
2018-05-06 05:00:00,9853.02,9863.6,9791.75,9809.0,358.310517
2018-05-06 05:15:00,9809.0,9823.35,9763.26,9785.0,511.137284
2018-05-06 05:30:00,9785.9,9821.56,9755.04,9760.0,475.005726
2018-05-06 05:45:00,9760.0,9798.99,9751.0,9751.15,410.78261
2018-05-06 06:00:00,9751.15,9770.83,9670.11,9688.66,959.745459
2018-05-06 06:15:00,9688.66,9688.86,9605.03,9608.61,1094.394662
2018-05-06 06:30:00,9610.0,9670.0,9576.41,9660.0,1107.849926
2018-05-06 06:45:00,9663.0,9710.0,9659.06,9685.63,461.105217
2018-05-06 07:00:00,9685.63,9685.63,9647.63,9675.0,313.734959
2018-05-06 07:15:00,9676.49,9722.43,9657.01,9722.43,284.512775
2018-05-06 07:30:00,9722.43,9722.43,9670.0,9690.01,269.937694
2018-05-06 07:45:00,9690.0,9727.0,9675.07,9724.0,168.321145
2018-05-06 08:00:00,9724.53,9724.53,9662.4,9675.0,277.814201
2018-05-06 08:15:00,9674.12,9680.0,9607.0,9630.0,461.045268
2018-05-06 08:30:00,9630.0,9656.21,9610.0,9618.0,339.236928
2018-05-06 08:45:00,9611.0,9620.0,9552.0,9615.01,635.54078
2018-05-06 09:00:00,9615.01,9622.0,9566.09,9587.98,460.859251
2018-05-06 09:15:00,9587.93,9641.06,9580.0,9621.5,320.843188
2018-05-06 09:30:00,9622.0,9625.0,9565.0,9587.0,253.629546
2018-05-06 09:45:00,9577.95,9619.29,9577.95,9605.0,311.773229
2018-05-06 10:00:00,9604.99,9657.86,9604.99,9636.02,298.242258
2018-05-06 10:15:00,9636.02,9644.53,9604.08,9637.03,285.483066
2018-05-06 10:30:00,9639.31,9670.95,9632.28,9666.03,294.901246
2018-05-06 10:45:00,9666.03,9670.37,9589.12,9610.0,341.644943
2018-05-06 11:00:00,9610.0,9613.64,9537.01,9579.98,499.206161
2018-05-06 11:15:00,9577.98,9617.68,9559.66,9572.76,214.072967
2018-05-06 11:30:00,9572.76,9613.89,9563.85,9585.0,124.74852
2018-05-06 11:45:00,9585.28,9586.0,9488.88,9539.94,678.20258
2018-05-06 12:00:00,9536.98,9539.94,9470.0,9478.0,476.881384
2018-05-06 12:15:00,9478.0,9512.16,9417.03,9500.24,805.027118
2018-05-06 12:30:00,9502.02,9560.0,9500.0,9526.0,368.528378
2018-05-06 12:45:00,9525.51,9553.0,9525.5,9535.0,216.497448
2018-05-06 13:00:00,9535.0,9574.0,9512.94,9571.17,343.086413
2018-05-06 13:15:00,9561.01,9595.0,9560.0,9571.01,435.364849
2018-05-06 13:30:00,9572.65,9625.45,9565.0,9585.11,431.105638
2018-05-06 13:45:00,9599.38,9599.85,9555.0,9561.0,306.394905
2018-05-06 14:00:00,9561.0,9577.21,9527.0,9555.83,318.985558
2018-05-06 14:15:00,9555.83,9590.98,9555.83,9586.05,309.971408
2018-05-06 14:30:00,9587.99,9588.0,9548.96,9583.0,260.981632
2018-05-06 14:45:00,9583.0,9610.37,9565.65,9573.35,302.068762
2018-05-06 15:00:00,9573.35,9591.46,9533.0,9539.75,238.019123
2018-05-06 15:15:00,9536.0,9548.0,9505.64,9530.09,238.516447
2018-05-06 15:30:00,9530.1,9543.0,9488.0,9537.94,472.582151
2018-05-06 15:45:00,9536.0,9538.01,9505.55,9513.93,188.235237
2018-05-06 16:00:00,9513.93,9591.45,9505.41,9590.51,299.610408
2018-05-06 16:15:00,9591.45,9618.16,9577.11,9612.0,284.092839
2018-05-06 16:30:00,9611.99,9620.0,9583.0,9598.59,334.320412
2018-05-06 16:45:00,9598.55,9620.0,9585.6,9599.36,148.052113
2018-05-06 17:00:00,9599.36,9631.42,9581.88,9624.0,199.027102
2018-05-06 17:15:00,9624.0,9650.0,9610.82,9647.25,276.257363
2018-05-06 17:30:00,9647.0,9650.0,9601.13,9617.0,249.894347
2018-05-06 17:45:00,9608.42,9625.43,9601.13,9619.02,211.118564
2018-05-06 18:00:00,9619.02,9634.99,9619.02,9631.03,123.24798
2018-05-06 18:15:00,9631.07,9634.97,9562.0,9574.59,242.332939
2018-05-06 18:30:00,9574.99,9627.45,9560.98,9598.0,220.891808
2018-05-06 18:45:00,9595.03,9610.0,9550.89,9572.71,198.612415
2018-05-06 19:00:00,9572.71,9588.0,9543.0,9568.44,172.605425
2018-05-06 19:15:00,9573.0,9594.99,9546.0,9554.0,135.295757
2018-05-06 19:30:00,9550.05,9564.3,9516.0,9516.0,199.346953
2018-05-06 19:45:00,9516.01,9565.0,9516.0,9548.01,119.435561
2018-05-06 20:00:00,9548.01,9590.0,9541.42,9569.96,186.854093
2018-05-06 20:15:00,9569.97,9570.0,9537.0,9545.88,147.868086
2018-05-06 20:30:00,9544.0,9584.37,9537.3,9581.6,114.626643
2018-05-06 20:45:00,9582.0,9595.0,9548.03,9555.0,166.793213
2018-05-06 21:00:00,9555.0,9571.47,9531.01,9541.0,173.805249
2018-05-06 21:15:00,9531.32,9589.0,9531.14,9566.87,104.757266
2018-05-06 21:30:00,9582.66,9583.0,9564.48,9570.01,111.732778
2018-05-06 21:45:00,9570.02,9577.28,9557.01,9561.17,70.608816
2018-05-06 22:00:00,9561.18,9643.02,9561.17,9633.65,242.498452
2018-05-06 22:15:00,9631.95,9650.0,9623.0,9633.98,170.822318
2018-05-06 22:30:00,9633.71,9682.28,9630.0,9646.55,268.44008
2018-05-06 22:45:00,9646.55,9655.89,9610.15,9652.75,129.398218
2018-05-06 23:00:00,9655.0,9655.0,9615.25,9635.02,128.238767
2018-05-06 23:15:00,9634.07,9674.43,9630.86,9664.52,174.306966
2018-05-06 23:30:00,9661.59,9664.7,9626.95,9655.56,138.373031
2018-05-06 23:45:00,9657.51,9681.52,9645.0,9659.01,123.951175
2018-05-07 00:00:00,9661.02,9689.67,9648.65,9684.42,242.770113
2018-05-07 00:15:00,9684.42,9687.75,9603.05,9630.0,313.332631
2018-05-07 00:30:00,9630.75,9632.0,9565.0,9565.01,290.230183
2018-05-07 00:45:00,9565.01,9566.78,9470.0,9473.0,621.184643
2018-05-07 01:00:00,9474.0,9497.08,9419.0,9465.03,675.652979
2018-05-07 01:15:00,9459.98,9468.36,9317.91,9325.0,1212.157967
2018-05-07 01:30:00,9320.63,9380.02,9317.98,9324.0,529.117031
2018-05-07 01:45:00,9320.0,9370.0,9301.0,9350.0,556.061386
2018-05-07 02:00:00,9347.49,9351.0,9301.0,9349.39,507.037138
2018-05-07 02:15:00,9349.39,9373.85,9316.31,9346.4,275.567268
2018-05-07 02:30:00,9346.0,9351.98,9265.0,9291.36,645.338957
2018-05-07 02:45:00,9280.62,9341.56,9280.62,9326.2,495.50977
2018-05-07 03:00:00,9330.0,9330.0,9285.0,9289.0,316.463326
2018-05-07 03:15:00,9289.99,9299.52,9252.0,9255.0,838.377886
2018-05-07 03:30:00,9255.0,9316.14,9252.0,9316.14,571.225422
2018-05-07 03:45:00,9316.14,9352.6,9300.0,9350.02,478.05163
2018-05-07 04:00:00,9351.77,9390.7,9330.12,9370.0,489.271025
2018-05-07 04:15:00,9371.32,9390.79,9343.88,9367.83,293.681588
2018-05-07 04:30:00,9367.0,9368.99,9337.57,9342.0,268.053087
2018-05-07 04:45:00,9341.41,9351.42,9324.64,9339.28,222.572276
2018-05-07 05:00:00,9339.28,9347.86,9275.0,9300.0,337.045009
2018-05-07 05:15:00,9300.0,9329.67,9280.87,9300.01,266.53389
2018-05-07 05:30:00,9300.0,9372.3,9296.44,9350.96,315.164069
2018-05-07 05:45:00,9350.95,9390.0,9350.8,9358.99,209.033682
2018-05-07 06:00:00,9358.99,9374.61,9350.0,9374.61,190.39328
2018-05-07 06:15:00,9374.61,9380.0,9364.0,9367.5,234.424937
2018-05-07 06:30:00,9367.5,9367.8,9340.0,9358.87,211.590271
2018-05-07 06:45:00,9352.0,9381.63,9341.16,9371.53,189.041092
2018-05-07 07:00:00,9371.53,9372.0,9301.0,9320.03,294.838659
2018-05-07 07:15:00,9332.71,9356.34,9320.01,9335.03,197.067963
2018-05-07 07:30:00,9335.03,9344.99,9258.0,9271.01,540.410022
2018-05-07 07:45:00,9275.01,9329.58,9260.01,9324.25,287.487428
2018-05-07 08:00:00,9319.99,9324.7,9268.88,9309.86,201.504573
2018-05-07 08:15:00,9301.01,9349.82,9301.01,9333.9,541.770295
2018-05-07 08:30:00,9333.9,9434.8,9305.8,9395.77,978.253197
2018-05-07 08:45:00,9395.77,9422.0,9363.18,9409.99,436.939241
2018-05-07 09:00:00,9405.22,9410.76,9360.0,9363.9,342.903419
2018-05-07 09:15:00,9363.85,9365.67,9320.12,9347.51,339.544781
2018-05-07 09:30:00,9347.5,9359.45,9275.0,9308.04,454.708191
2018-05-07 09:45:00,9314.99,9335.0,9271.11,9291.84,482.02242
2018-05-07 10:00:00,9291.85,9338.64,9291.0,9338.64,237.443661
2018-05-07 10:15:00,9335.0,9349.0,9290.0,9294.3,249.903912
2018-05-07 10:30:00,9300.0,9328.99,9281.51,9310.0,172.631651
2018-05-07 10:45:00,9310.0,9314.43,9292.6,9304.95,164.738503
2018-05-07 11:00:00,9304.38,9322.17,9277.01,9305.0,301.737927
2018-05-07 11:15:00,9303.05,9346.5,9300.07,9340.99,316.580999
2018-05-07 11:30:00,9340.0,9340.65,9319.4,9331.01,145.50369
2018-05-07 11:45:00,9335.52,9339.0,9301.39,9339.0,169.721437
2018-05-07 12:00:00,9335.88,9370.02,9335.59,9353.0,470.974214
2018-05-07 12:15:00,9353.0,9382.0,9350.0,9360.35,368.25219
2018-05-07 12:30:00,9351.04,9360.33,9320.0,9339.01,484.880904
2018-05-07 12:45:00,9339.99,9370.0,9331.23,9362.01,188.947011
2018-05-07 13:00:00,9362.01,9362.02,9315.7,9329.31,290.96887
2018-05-07 13:15:00,9328.9,9338.04,9280.0,9293.78,442.057868
2018-05-07 13:30:00,9299.97,9317.72,9291.04,9314.07,220.543308
2018-05-07 13:45:00,9317.72,9338.0,9279.0,9280.01,303.902145
2018-05-07 14:00:00,9281.57,9281.57,9184.84,9190.0,1166.177683
2018-05-07 14:15:00,9199.0,9280.0,9181.0,9275.23,643.287411
2018-05-07 14:30:00,9280.0,9332.41,9272.86,9327.09,525.627583
2018-05-07 14:45:00,9327.1,9338.04,9305.13,9305.13,243.594184
2018-05-07 15:00:00,9305.13,9356.59,9300.0,9339.05,473.792305
2018-05-07 15:15:00,9335.05,9359.56,9321.0,9336.36,405.320363
2018-05-07 15:30:00,9336.37,9363.5,9330.73,9354.64,235.222321
2018-05-07 15:45:00,9354.63,9367.0,9335.0,9365.28,289.29199
2018-05-07 16:00:00,9365.7,9423.0,9363.0,9373.42,690.583705
2018-05-07 16:15:00,9371.02,9411.0,9357.1,9357.7,401.997889
2018-05-07 16:30:00,9359.99,9377.35,9341.04,9349.99,270.223817
2018-05-07 16:45:00,9349.99,9376.02,9348.0,9357.0,189.147045
2018-05-07 17:00:00,9357.0,9393.45,9352.01,9371.13,230.595912
2018-05-07 17:15:00,9371.13,9398.38,9364.88,9370.0,326.776987
2018-05-07 17:30:00,9370.6,9399.99,9369.9,9379.93,225.025159
2018-05-07 17:45:00,9379.92,9388.42,9348.21,9358.98,329.917226
2018-05-07 18:00:00,9358.99,9387.0,9350.42,9380.04,215.943657
2018-05-07 18:15:00,9380.04,9400.0,9361.27,9370.01,172.245449
2018-05-07 18:30:00,9371.0,9397.0,9360.64,9377.03,185.666267
2018-05-07 18:45:00,9388.89,9389.3,9373.05,9376.7,113.62832
2018-05-07 19:00:00,9376.66,9389.17,9371.0,9389.0,167.105205
2018-05-07 19:15:00,9389.0,9456.39,9384.0,9456.39,380.9076
2018-05-07 19:30:00,9452.04,9462.5,9421.71,9460.14,314.823157
2018-05-07 19:45:00,9462.5,9465.64,9401.42,9430.49,377.541847
2018-05-07 20:00:00,9432.79,9450.0,9420.0,9421.61,200.367894
2018-05-07 20:15:00,9421.72,9421.9,9385.0,9411.0,305.794052
2018-05-07 20:30:00,9411.0,9437.99,9402.85,9433.77,129.876127
2018-05-07 20:45:00,9433.77,9460.0,9430.25,9453.9,324.03278
2018-05-07 21:00:00,9453.9,9462.79,9442.56,9449.32,189.698141
2018-05-07 21:15:00,9448.02,9456.59,9432.53,9446.0,181.9399
2018-05-07 21:30:00,9445.0,9451.55,9406.26,9406.26,247.443025
2018-05-07 21:45:00,9408.3,9410.0,9386.14,9399.79,210.334884
2018-05-07 22:00:00,9399.2,9400.0,9348.33,9364.77,247.700348
2018-05-07 22:15:00,9370.0,9385.24,9300.48,9319.99,361.199364
2018-05-07 22:30:00,9319.99,9342.25,9289.9,9310.58,284.941194
2018-05-07 22:45:00,9314.0,9326.0,9269.46,9309.86,384.692325
2018-05-07 23:00:00,9309.86,9336.6,9297.83,9303.03,187.75372
2018-05-07 23:15:00,9303.04,9332.99,9293.08,9332.99,147.245329
2018-05-07 23:30:00,9332.98,9376.35,9328.0,9360.27,192.17539
2018-05-07 23:45:00,9360.27,9384.04,9345.0,9365.0,196.881442
2018-05-08 00:00:00,9365.0,9402.03,9358.76,9382.43,200.026859
2018-05-08 00:15:00,9385.51,9410.99,9365.26,9408.82,194.725516
2018-05-08 00:30:00,9407.2,9413.26,9359.32,9365.03,90.827284
2018-05-08 00:45:00,9365.03,9396.0,9358.16,9395.63,84.34458
2018-05-08 01:00:00,9396.0,9445.1,9392.34,9429.01,262.496392
2018-05-08 01:15:00,9429.01,9450.77,9418.81,9430.23,291.371286
2018-05-08 01:30:00,9442.63,9442.64,9398.84,9408.73,232.122927
2018-05-08 01:45:00,9408.73,9433.0,9385.0,9420.0,252.955295
2018-05-08 02:00:00,9420.0,9450.0,9406.48,9450.0,244.391796
2018-05-08 02:15:00,9449.0,9452.1,9419.56,9427.09,258.236118
2018-05-08 02:30:00,9427.09,9475.7,9425.0,9456.03,338.206897
2018-05-08 02:45:00,9456.05,9473.9,9430.0,9439.99,325.663316
2018-05-08 03:00:00,9439.99,9465.53,9395.61,9426.81,311.450392
2018-05-08 03:15:00,9429.99,9430.01,9402.91,9430.01,192.523476
2018-05-08 03:30:00,9428.0,9461.55,9406.47,9450.0,189.365056
2018-05-08 03:45:00,9447.07,9463.16,9440.56,9444.0,181.533944
2018-05-08 04:00:00,9445.6,9445.7,9409.46,9428.5,186.960202
2018-05-08 04:15:00,9432.99,9442.71,9400.0,9419.01,183.754456
2018-05-08 04:30:00,9419.01,9435.27,9406.08,9418.0,168.477384
2018-05-08 04:45:00,9418.0,9434.8,9417.13,9430.52,97.478942
2018-05-08 05:00:00,9424.94,9430.56,9338.0,9367.0,416.072793
2018-05-08 05:15:00,9367.01,9393.82,9356.01,9380.0,217.437469
2018-05-08 05:30:00,9385.93,9390.0,9333.33,9346.62,164.427383
2018-05-08 05:45:00,9354.97,9355.0,9318.87,9334.0,233.498588
2018-05-08 06:00:00,9334.02,9378.06,9305.0,9373.69,326.28745
2018-05-08 06:15:00,9377.18,9377.18,9355.0,9370.0,214.171831
2018-05-08 06:30:00,9370.0,9382.0,9322.23,9331.3,242.689802
2018-05-08 06:45:00,9333.7,9354.55,9331.0,9340.0,167.606821
2018-05-08 07:00:00,9340.22,9367.4,9339.97,9356.83,177.836636
2018-05-08 07:15:00,9353.0,9378.04,9349.35,9363.95,231.955865
2018-05-08 07:30:00,9363.95,9385.0,9345.31,9384.72,186.450213
2018-05-08 07:45:00,9384.72,9387.02,9364.49,9370.0,206.652078
2018-05-08 08:00:00,9370.0,9378.81,9367.0,9368.01,248.159562
2018-05-08 08:15:00,9368.01,9390.84,9360.0,9390.47,178.072068
2018-05-08 08:30:00,9390.47,9408.75,9380.27,9399.5,280.173758
2018-05-08 08:45:00,9399.5,9414.4,9390.0,9398.95,241.940408
2018-05-08 09:00:00,9398.95,9399.01,9326.11,9329.26,286.770241
2018-05-08 09:15:00,9336.8,9355.27,9283.7,9329.89,586.073872
2018-05-08 09:30:00,9338.14,9338.14,9283.7,9289.99,365.397194
2018-05-08 09:45:00,9289.99,9315.0,9251.0,9310.0,494.324328
2018-05-08 10:00:00,9308.0,9329.98,9278.69,9319.32,362.848234
2018-05-08 10:15:00,9319.32,9343.0,9312.0,9321.55,298.532821
2018-05-08 10:30:00,9315.0,9321.93,9274.13,9300.0,260.306623
2018-05-08 10:45:00,9304.73,9320.0,9290.0,9295.0,294.126135
2018-05-08 11:00:00,9295.0,9305.0,9260.0,9260.01,255.828613
2018-05-08 11:15:00,9261.05,9267.02,9185.0,9218.0,799.614118
2018-05-08 11:30:00,9214.0,9239.48,9192.15,9210.0,389.273493
2018-05-08 11:45:00,9206.0,9228.51,9198.0,9198.0,336.24577
2018-05-08 12:00:00,9200.0,9200.01,9060.54,9115.77,1704.626859
2018-05-08 12:15:00,9100.23,9155.0,9084.0,9117.03,588.082051
2018-05-08 12:30:00,9117.02,9128.98,9085.0,9108.0,436.863872
2018-05-08 12:45:00,9107.87,9159.09,9100.0,9140.0,377.604279
2018-05-08 13:00:00,9140.0,9194.08,9125.0,9168.51,404.104083
2018-05-08 13:15:00,9177.54,9177.54,9115.45,9128.99,298.180819
2018-05-08 13:30:00,9128.99,9150.0,9102.0,9139.18,306.554412
2018-05-08 13:45:00,9139.18,9157.92,9120.0,9128.02,205.273399
2018-05-08 14:00:00,9129.99,9161.74,9123.33,9155.47,305.470264
2018-05-08 14:15:00,9155.55,9187.0,9155.0,9184.05,267.733112
2018-05-08 14:30:00,9183.03,9186.95,9128.0,9148.68,317.469015
2018-05-08 14:45:00,9148.68,9153.0,9100.0,9135.0,243.717842
2018-05-08 15:00:00,9135.0,9165.0,9129.31,9152.01,260.842844
2018-05-08 15:15:00,9158.99,9170.53,9140.2,9150.0,151.970312
2018-05-08 15:30:00,9150.0,9170.32,9136.0,9169.0,194.374545
2018-05-08 15:45:00,9168.99,9199.99,9166.04,9199.6,266.208824
2018-05-08 16:00:00,9199.64,9199.99,9167.05,9177.1,164.81403
2018-05-08 16:15:00,9177.09,9184.0,9150.12,9159.95,208.587523
2018-05-08 16:30:00,9159.77,9165.0,9136.0,9145.0,118.600797
2018-05-08 16:45:00,9145.01,9150.0,9120.0,9135.0,233.552479
2018-05-08 17:00:00,9134.0,9158.82,9123.78,9149.99,131.394687
2018-05-08 17:15:00,9149.99,9181.0,9144.01,9161.06,189.575324
2018-05-08 17:30:00,9172.97,9172.99,9151.48,9154.04,101.324196
2018-05-08 17:45:00,9154.03,9165.86,9128.0,9136.93,192.945547
2018-05-08 18:00:00,9136.95,9160.0,9080.0,9094.55,380.988226
2018-05-08 18:15:00,9096.55,9200.0,9087.56,9199.0,649.066982
2018-05-08 18:30:00,9199.01,9259.23,9187.93,9230.0,416.552742
2018-05-08 18:45:00,9230.0,9248.99,9208.0,9217.0,205.819115
2018-05-08 19:00:00,9217.0,9267.0,9215.0,9249.67,200.934563
2018-05-08 19:15:00,9249.67,9249.71,9216.0,9235.47,143.002005
2018-05-08 19:30:00,9238.0,9256.91,9206.0,9210.6,231.867639
2018-05-08 19:45:00,9210.6,9271.0,9201.01,9255.01,181.803652
2018-05-08 20:00:00,9255.0,9257.0,9225.0,9243.58,134.820878
2018-05-08 20:15:00,9243.58,9250.0,9209.0,9210.96,202.175151
2018-05-08 20:30:00,9210.96,9233.0,9198.21,9202.15,221.680993
2018-05-08 20:45:00,9202.15,9202.15,9163.0,9163.0,220.037732
2018-05-08 21:00:00,9165.0,9199.24,9163.0,9190.0,182.658289
2018-05-08 21:15:00,9185.03,9225.59,9170.07,9210.0,134.148924
2018-05-08 21:30:00,9210.0,9234.99,9203.48,9227.0,126.958912
2018-05-08 21:45:00,9227.0,9247.01,9179.7,9190.0,193.519921
2018-05-08 22:00:00,9190.0,9230.0,9185.04,9225.95,181.763917
2018-05-08 22:15:00,9225.47,9240.0,9210.0,9239.9,178.054723
2018-05-08 22:30:00,9234.28,9240.0,9214.0,9228.13,120.693866
2018-05-08 22:45:00,9228.0,9250.32,9197.09,9199.02,198.823931
2018-05-08 23:00:00,9200.0,9254.0,9199.01,9239.76,199.445965
2018-05-08 23:15:00,9239.76,9249.0,9221.3,9230.09,96.790663
2018-05-08 23:30:00,9231.29,9250.0,9216.0,9239.85,107.574877
2018-05-08 23:45:00,9239.85,9246.56,9170.57,9187.56,205.090823
2018-05-09 00:00:00,9178.0,9199.0,9130.0,9144.0,391.173663
2018-05-09 00:15:00,9140.0,9149.11,9122.0,9138.69,324.504504
2018-05-09 00:30:00,9144.94,9181.84,9135.8,9148.01,237.164218
2018-05-09 00:45:00,9148.01,9155.7,9109.61,9123.99,227.294059
2018-05-09 01:00:00,9115.1,9163.0,9115.1,9163.0,128.755279
2018-05-09 01:15:00,9162.72,9174.89,9151.9,9164.99,231.049857
2018-05-09 01:30:00,9163.04,9172.98,9149.03,9149.03,150.502413
2018-05-09 01:45:00,9152.08,9175.0,9149.03,9166.0,155.710893
2018-05-09 02:00:00,9166.0,9177.54,9150.0,9169.99,258.727447
2018-05-09 02:15:00,9169.98,9169.99,9105.68,9119.99,278.564203
2018-05-09 02:30:00,9113.06,9120.0,9075.0,9100.0,532.931421
2018-05-09 02:45:00,9100.0,9100.35,9060.0,9066.0,503.930212
2018-05-09 03:00:00,9065.99,9077.39,8984.93,9020.0,1184.904019
2018-05-09 03:15:00,9020.0,9057.15,8999.17,9036.88,581.32277
2018-05-09 03:30:00,9028.04,9075.23,9028.0,9069.9,344.186156
2018-05-09 03:45:00,9066.0,9069.9,9003.58,9032.08,559.306183
2018-05-09 04:00:00,9025.81,9036.37,8965.0,9000.0,830.211374
2018-05-09 04:15:00,9000.0,9040.0,8994.1,9004.0,421.346559
2018-05-09 04:30:00,9004.49,9055.02,9000.0,9051.39,301.301309
2018-05-09 04:45:00,9050.08,9089.65,9041.96,9085.71,329.163006
2018-05-09 05:00:00,9085.71,9099.0,9022.97,9053.0,435.986995
2018-05-09 05:15:00,9053.0,9083.18,9030.01,9065.0,243.896106
2018-05-09 05:30:00,9065.0,9066.19,9025.24,9047.0,216.654068
2018-05-09 05:45:00,9045.57,9074.9,9042.48,9070.0,194.989464
2018-05-09 06:00:00,9070.0,9099.0,9067.01,9088.99,270.082891
2018-05-09 06:15:00,9088.97,9092.44,9038.51,9041.14,280.344953
2018-05-09 06:30:00,9043.14,9073.99,9041.13,9070.01,204.427845
2018-05-09 06:45:00,9070.01,9096.98,9067.3,9092.0,117.917943
2018-05-09 07:00:00,9090.0,9096.97,9070.0,9080.0,209.798054
2018-05-09 07:15:00,9080.0,9098.0,9070.0,9079.91,129.410267
2018-05-09 07:30:00,9076.14,9090.0,9069.99,9077.14,143.962622
2018-05-09 07:45:00,9077.13,9079.12,9025.0,9033.12,185.701924
2018-05-09 08:00:00,9032.0,9080.04,9026.0,9070.0,190.954101
2018-05-09 08:15:00,9070.0,9119.99,9068.49,9105.0,290.108411
2018-05-09 08:30:00,9105.0,9138.8,9100.19,9125.0,391.827265
2018-05-09 08:45:00,9130.0,9142.28,9110.0,9112.24,213.39531
2018-05-09 09:00:00,9115.0,9130.31,9086.0,9100.03,168.151151
2018-05-09 09:15:00,9100.03,9137.57,9100.0,9121.0,134.63035
2018-05-09 09:30:00,9125.55,9140.0,9105.09,9125.03,183.209256
2018-05-09 09:45:00,9126.99,9151.04,9118.23,9123.0,272.053581
2018-05-09 10:00:00,9122.21,9134.0,9100.0,9112.01,226.002197
2018-05-09 10:15:00,9112.4,9143.33,9104.66,9135.93,218.168147
2018-05-09 10:30:00,9135.95,9160.0,9111.02,9153.02,261.256174
2018-05-09 10:45:00,9154.81,9224.0,9125.87,9213.4,443.431765
2018-05-09 11:00:00,9213.0,9234.98,9186.0,9234.89,411.07512
2018-05-09 11:15:00,9234.02,9272.0,9219.52,9240.0,495.21091
2018-05-09 11:30:00,9239.86,9250.0,9218.81,9244.49,338.064656
2018-05-09 11:45:00,9244.0,9262.5,9202.0,9258.13,239.055693
2018-05-09 12:00:00,9258.65,9338.0,9258.12,9285.0,567.783123
2018-05-09 12:15:00,9280.92,9299.91,9255.0,9296.57,393.274174
2018-05-09 12:30:00,9299.0,9308.13,9263.72,9286.18,300.180181
2018-05-09 12:45:00,9286.18,9301.0,9275.01,9277.05,213.218037
2018-05-09 13:00:00,9280.0,9284.41,9240.12,9278.01,260.669946
2018-05-09 13:15:00,9278.01,9299.43,9267.41,9295.1,218.55953
2018-05-09 13:30:00,9295.11,9311.0,9291.0,9301.09,226.939331
2018-05-09 13:45:00,9301.09,9305.4,9260.01,9276.0,243.97687
2018-05-09 14:00:00,9276.0,9285.0,9250.88,9262.25,221.949289
2018-05-09 14:15:00,9269.99,9302.0,9262.02,9293.0,179.030316
2018-05-09 14:30:00,9293.0,9294.99,9276.02,9287.0,194.98079
2018-05-09 14:45:00,9287.0,9316.7,9281.0,9316.7,292.566588
2018-05-09 15:00:00,9316.7,9333.74,9288.9,9290.0,336.427776
2018-05-09 15:15:00,9290.0,9311.75,9286.01,9308.14,152.484413
2018-05-09 15:30:00,9308.14,9330.64,9300.0,9314.74,269.304715
2018-05-09 15:45:00,9309.0,9321.09,9285.0,9290.0,138.599549
2018-05-09 16:00:00,9294.0,9305.7,9285.08,9304.92,176.156614
2018-05-09 16:15:00,9303.5,9318.95,9300.0,9308.99,136.668322
2018-05-09 16:30:00,9302.0,9311.78,9295.03,9311.73,120.030353
2018-05-09 16:45:00,9311.73,9331.25,9307.0,9317.0,219.433517
2018-05-09 17:00:00,9321.96,9390.0,9315.06,9370.1,538.239765
2018-05-09 17:15:00,9370.08,9385.13,9330.01,9352.4,288.090234
2018-05-09 17:30:00,9350.75,9359.0,9315.0,9333.0,260.132066
2018-05-09 17:45:00,9333.0,9345.0,9307.88,9322.0,205.147153
2018-05-09 18:00:00,9325.99,9333.0,9316.36,9325.0,125.39956
2018-05-09 18:15:00,9325.0,9361.14,9321.0,9340.08,295.296772
2018-05-09 18:30:00,9340.07,9346.55,9277.49,9284.34,223.232008
2018-05-09 18:45:00,9284.34,9308.53,9273.5,9288.88,234.743141
2018-05-09 19:00:00,9288.88,9308.58,9288.88,9295.42,128.221162
2018-05-09 19:15:00,9295.42,9300.0,9264.0,9283.01,239.49864
2018-05-09 19:30:00,9283.01,9310.0,9264.78,9308.8,187.460299
2018-05-09 19:45:00,9307.0,9312.77,9286.54,9289.25,157.016371
2018-05-09 20:00:00,9289.29,9315.9,9286.54,9315.9,204.127245
2018-05-09 20:15:00,9315.79,9321.0,9290.0,9300.0,134.447679
2018-05-09 20:30:00,9299.01,9309.0,9290.0,9301.41,79.378449
2018-05-09 20:45:00,9308.34,9309.0,9268.1,9269.99,225.263453
2018-05-09 21:00:00,9269.99,9277.86,9256.0,9260.99,171.193116
2018-05-09 21:15:00,9260.98,9270.97,9240.0,9251.01,254.399696
2018-05-09 21:30:00,9253.88,9278.52,9231.0,9278.48,150.403375
2018-05-09 21:45:00,9278.48,9278.48,9262.19,9273.69,119.888106
2018-05-09 22:00:00,9273.69,9292.79,9270.0,9292.79,139.547557
2018-05-09 22:15:00,9290.0,9340.0,9282.92,9339.97,353.453532
2018-05-09 22:30:00,9339.99,9344.0,9317.99,9324.98,242.058812
2018-05-09 22:45:00,9324.99,9340.0,9315.1,9319.32,139.413477
2018-05-09 23:00:00,9320.01,9331.21,9296.0,9315.01,205.519571
2018-05-09 23:15:00,9323.38,9324.31,9282.0,9300.0,159.447296
2018-05-09 23:30:00,9300.0,9301.02,9282.01,9299.65,107.193556
2018-05-09 23:45:00,9299.65,9324.31,9299.64,9310.0,161.26261
2018-05-10 00:00:00,9310.0,9341.98,9305.45,9333.73,173.665632
2018-05-10 00:15:00,9333.74,9376.0,9331.7,9350.0,577.493139
2018-05-10 00:30:00,9356.01,9372.25,9337.42,9343.82,307.496042
2018-05-10 00:45:00,9343.82,9346.0,9312.71,9323.2,230.774738
2018-05-10 01:00:00,9323.2,9355.0,9323.2,9344.0,163.193265
2018-05-10 01:15:00,9344.0,9364.99,9336.12,9351.42,256.822854
2018-05-10 01:30:00,9351.42,9359.32,9313.56,9335.67,209.385815
2018-05-10 01:45:00,9335.68,9338.0,9306.0,9318.0,160.923795
2018-05-10 02:00:00,9315.01,9325.73,9280.88,9288.01,221.927784
2018-05-10 02:15:00,9288.01,9327.14,9287.16,9313.05,177.430173
2018-05-10 02:30:00,9319.65,9326.0,9303.99,9318.02,197.81271
2018-05-10 02:45:00,9325.99,9338.0,9318.0,9337.98,185.118399
2018-05-10 03:00:00,9337.98,9349.71,9319.01,9328.0,231.491509
2018-05-10 03:15:00,9325.08,9333.0,9306.0,9312.07,181.609461
2018-05-10 03:30:00,9315.25,9345.73,9312.03,9336.0,173.832056
2018-05-10 03:45:00,9336.0,9345.62,9321.47,9344.89,203.707351
2018-05-10 04:00:00,9340.49,9346.0,9326.37,9333.17,161.327606
2018-05-10 04:15:00,9339.99,9376.0,9333.24,9358.0,284.22652
2018-05-10 04:30:00,9357.99,9371.79,9335.0,9356.94,176.864088
2018-05-10 04:45:00,9358.0,9361.99,9328.92,9350.0,144.136128
2018-05-10 05:00:00,9350.0,9360.0,9328.99,9358.89,119.185062
2018-05-10 05:15:00,9356.28,9374.09,9340.0,9365.0,232.085172
2018-05-10 05:30:00,9363.36,9366.98,9340.0,9356.84,121.89289
2018-05-10 05:45:00,9351.66,9362.0,9310.0,9310.0,179.9587
2018-05-10 06:00:00,9310.0,9340.0,9310.0,9339.82,154.470272
2018-05-10 06:15:00,9339.83,9345.11,9321.0,9321.99,110.418817
2018-05-10 06:30:00,9321.9,9322.0,9260.0,9275.64,489.234366
2018-05-10 06:45:00,9275.6,9292.17,9260.01,9292.17,170.212091
2018-05-10 07:00:00,9292.02,9323.98,9292.01,9321.97,181.580226
2018-05-10 07:15:00,9319.42,9323.8,9290.0,9305.98,142.630843
2018-05-10 07:30:00,9305.98,9347.44,9302.05,9332.0,212.5469
2018-05-10 07:45:00,9339.99,9389.7,9331.33,9369.0,585.376749
2018-05-10 08:00:00,9362.47,9382.99,9347.77,9363.01,395.326893
2018-05-10 08:15:00,9363.01,9379.0,9347.04,9371.72,219.382901
2018-05-10 08:30:00,9371.72,9377.99,9347.0,9350.0,216.820857
2018-05-10 08:45:00,9353.93,9366.45,9340.91,9354.08,160.333127
2018-05-10 09:00:00,9354.08,9354.08,9330.0,9333.74,153.801228
2018-05-10 09:15:00,9338.0,9356.46,9320.02,9351.59,158.954925
2018-05-10 09:30:00,9355.0,9359.78,9340.05,9348.39,153.642197
2018-05-10 09:45:00,9348.4,9359.11,9346.04,9349.98,235.843741
2018-05-10 10:00:00,9349.98,9352.0,9318.1,9332.97,214.774045
2018-05-10 10:15:00,9332.99,9350.0,9330.0,9348.66,163.132766
2018-05-10 10:30:00,9348.95,9379.0,9348.58,9374.6,200.603078
2018-05-10 10:45:00,9374.61,9395.12,9368.68,9379.99,215.151528
2018-05-10 11:00:00,9379.3,9381.0,9365.0,9371.0,169.357546
2018-05-10 11:15:00,9371.0,9373.79,9335.9,9347.37,189.061875
2018-05-10 11:30:00,9346.03,9356.53,9315.0,9344.0,229.687123
2018-05-10 11:45:00,9344.74,9354.82,9340.0,9344.0,132.591989
2018-05-10 12:00:00,9344.0,9356.49,9323.0,9344.39,227.386667
2018-05-10 12:15:00,9344.93,9357.0,9338.16,9354.3,118.591329
2018-05-10 12:30:00,9352.15,9364.2,9350.0,9358.01,134.927724
2018-05-10 12:45:00,9358.01,9369.9,9357.0,9360.04,169.715776
2018-05-10 13:00:00,9358.4,9365.0,9340.92,9363.84,175.795929
2018-05-10 13:15:00,9363.84,9395.0,9360.42,9380.0,376.477092
2018-05-10 13:30:00,9380.0,9390.0,9376.01,9381.0,188.919411
2018-05-10 13:45:00,9382.0,9392.9,9363.34,9389.8,317.28231
2018-05-10 14:00:00,9389.6,9389.6,9342.0,9353.0,274.863722
2018-05-10 14:15:00,9353.0,9369.06,9350.0,9361.01,155.339689
2018-05-10 14:30:00,9360.0,9369.03,9335.0,9353.01,217.336173
2018-05-10 14:45:00,9353.01,9360.05,9335.0,9340.0,215.754252
2018-05-10 15:00:00,9340.0,9358.9,9328.3,9349.62,180.519483
2018-05-10 15:15:00,9349.61,9372.0,9344.01,9356.99,132.324077
2018-05-10 15:30:00,9356.99,9363.5,9345.11,9352.93,208.806824
2018-05-10 15:45:00,9352.93,9365.0,9345.0,9350.0,145.674103
2018-05-10 16:00:00,9350.04,9370.06,9348.53,9363.07,158.553334
2018-05-10 16:15:00,9363.07,9380.86,9360.16,9370.99,185.680789
2018-05-10 16:30:00,9370.99,9373.0,9362.0,9364.0,115.312016
2018-05-10 16:45:00,9362.08,9379.0,9362.05,9373.71,134.04129
2018-05-10 17:00:00,9373.0,9376.7,9200.0,9235.03,691.493542
2018-05-10 17:15:00,9244.95,9248.05,9128.33,9152.7,1456.617082
2018-05-10 17:30:00,9155.37,9189.0,9090.0,9125.57,805.59456
2018-05-10 17:45:00,9122.16,9176.55,9103.01,9157.55,444.157667
2018-05-10 18:00:00,9159.55,9159.97,9071.74,9094.0,734.040245
2018-05-10 18:15:00,9093.99,9138.46,9065.0,9117.0,469.932043
2018-05-10 18:30:00,9117.0,9153.59,9104.24,9152.68,265.047591
2018-05-10 18:45:00,9152.68,9168.64,9102.0,9130.0,264.216702
2018-05-10 19:00:00,9129.99,9134.98,9097.31,9109.74,214.156925
2018-05-10 19:15:00,9110.75,9116.97,9052.96,9100.02,360.361707
2018-05-10 19:30:00,9105.0,9122.94,9077.91,9115.01,237.560481
2018-05-10 19:45:00,9118.86,9118.87,9055.0,9085.0,226.708092
2018-05-10 20:00:00,9085.0,9091.99,9041.0,9089.99,550.465138
2018-05-10 20:15:00,9084.32,9100.39,9061.0,9065.0,300.120714
2018-05-10 20:30:00,9065.0,9100.0,9061.0,9074.9,273.597237
2018-05-10 20:45:00,9074.48,9095.0,9060.31,9078.89,235.125608
2018-05-10 21:00:00,9078.89,9108.99,9070.01,9104.99,195.661873
2018-05-10 21:15:00,9104.99,9131.0,9090.97,9125.0,239.410598
2018-05-10 21:30:00,9125.0,9125.0,9090.0,9100.0,164.396438
2018-05-10 21:45:00,9100.0,9115.01,9090.0,9097.0,145.408841
2018-05-10 22:00:00,9097.0,9105.47,9078.98,9078.98,163.911033
2018-05-10 22:15:00,9080.01,9093.98,9039.9,9048.0,295.069583
2018-05-10 22:30:00,9048.0,9090.0,9038.0,9087.0,260.352442
2018-05-10 22:45:00,9086.96,9099.98,9080.96,9089.99,115.673748
2018-05-10 23:00:00,9090.0,9096.79,9050.6,9074.97,172.908408
2018-05-10 23:15:00,9065.15,9091.99,9065.15,9079.84,109.058453
2018-05-10 23:30:00,9079.84,9079.84,8970.0,9000.0,895.083232
2018-05-10 23:45:00,9000.0,9048.99,8977.48,9002.2,608.334773
2018-05-11 00:00:00,9002.21,9006.99,8850.0,8892.99,1731.993122
2018-05-11 00:15:00,8892.99,8931.2,8864.0,8881.98,613.817785
2018-05-11 00:30:00,8881.98,8905.0,8863.99,8898.99,339.47494
2018-05-11 00:45:00,8897.28,8967.57,8895.58,8930.0,555.609027
2018-05-11 01:00:00,8932.82,8959.0,8890.5,8951.0,441.012246
2018-05-11 01:15:00,8951.01,8969.94,8935.0,8938.02,279.737488
2018-05-11 01:30:00,8938.02,8956.23,8935.79,8940.1,186.237344
2018-05-11 01:45:00,8940.1,8941.17,8901.13,8919.99,282.351487
2018-05-11 02:00:00,8919.99,8949.99,8918.27,8940.67,295.796557
2018-05-11 02:15:00,8940.69,8950.43,8932.7,8950.43,245.160078
2018-05-11 02:30:00,8950.44,8961.0,8917.99,8924.92,310.745689
2018-05-11 02:45:00,8924.92,8939.64,8890.51,8905.19,322.151493
2018-05-11 03:00:00,8905.19,8936.88,8891.53,8935.0,232.412878
2018-05-11 03:15:00,8935.86,8936.68,8916.09,8936.68,134.585851
2018-05-11 03:30:00,8936.7,8940.0,8916.0,8930.0,100.920689
2018-05-11 03:45:00,8930.0,8930.0,8913.01,8918.86,185.732926
2018-05-11 04:00:00,8916.23,8944.9,8916.02,8930.0,202.273026
2018-05-11 04:15:00,8930.0,8945.0,8925.0,8943.69,171.475372
2018-05-11 04:30:00,8943.69,8955.98,8935.61,8955.01,139.478294
2018-05-11 04:45:00,8955.01,8973.23,8945.01,8951.55,311.598126
2018-05-11 05:00:00,8949.27,8993.62,8945.0,8967.94,251.174719
2018-05-11 05:15:00,8967.94,8988.02,8960.24,8980.01,308.246369
2018-05-11 05:30:00,8987.0,9009.19,8980.13,9006.99,204.852231
2018-05-11 05:45:00,9006.98,9016.8,8970.0,9007.19,215.408731
2018-05-11 06:00:00,9005.07,9010.11,8980.64,8994.0,165.375826
2018-05-11 06:15:00,8994.03,8995.87,8965.0,8970.07,160.486715
2018-05-11 06:30:00,8970.07,8975.97,8850.0,8880.0,1284.382427
2018-05-11 06:45:00,8885.45,8885.6,8801.0,8809.62,1160.858633
2018-05-11 07:00:00,8805.01,8858.9,8769.89,8800.0,1408.137931
2018-05-11 07:15:00,8795.0,8824.94,8702.0,8702.0,1385.205977
2018-05-11 07:30:00,8703.0,8763.99,8689.11,8695.0,1637.700286
2018-05-11 07:45:00,8695.0,8763.99,8670.2,8723.0,1366.019151
2018-05-11 08:00:00,8710.34,8824.9,8700.5,8761.0,1145.049885
2018-05-11 08:15:00,8760.07,8831.0,8757.14,8795.59,981.623357
2018-05-11 08:30:00,8795.59,8828.0,8766.5,8776.57,659.517063
2018-05-11 08:45:00,8776.57,8802.73,8731.9,8790.0,550.208918
2018-05-11 09:00:00,8791.58,8792.9,8736.86,8769.71,435.963622
2018-05-11 09:15:00,8769.71,8781.66,8725.75,8733.0,574.923493
2018-05-11 09:30:00,8733.0,8735.05,8663.0,8712.95,1039.236812
2018-05-11 09:45:00,8706.02,8744.17,8671.5,8722.82,531.052245
2018-05-11 10:00:00,8725.69,8781.01,8721.01,8729.98,468.779491
2018-05-11 10:15:00,8729.98,8765.02,8715.0,8755.98,311.209121
2018-05-11 10:30:00,8755.98,8769.99,8718.0,8729.98,420.708525
2018-05-11 10:45:00,8729.96,8748.0,8687.3,8717.24,428.849616
2018-05-11 11:00:00,8715.84,8739.0,8668.46,8700.0,385.724917
2018-05-11 11:15:00,8700.62,8720.0,8665.0,8708.54,594.348414
2018-05-11 11:30:00,8708.54,8719.99,8668.0,8668.04,435.518931
2018-05-11 11:45:00,8668.04,8689.0,8582.5,8594.98,1342.009449
2018-05-11 12:00:00,8594.98,8597.0,8470.0,8495.99,1657.677874
2018-05-11 12:15:00,8482.06,8536.82,8462.0,8524.96,1048.839262
2018-05-11 12:30:00,8510.03,8581.97,8495.0,8539.01,806.773314
2018-05-11 12:45:00,8545.78,8550.0,8483.56,8521.0,618.837067
2018-05-11 13:00:00,8523.0,8580.0,8502.0,8569.98,430.451838
2018-05-11 13:15:00,8569.98,8615.0,8532.9,8559.43,624.693507
2018-05-11 13:30:00,8565.53,8579.33,8526.0,8545.02,291.507591
2018-05-11 13:45:00,8543.07,8560.0,8505.0,8528.86,353.638825
2018-05-11 14:00:00,8525.01,8582.76,8525.01,8551.15,392.484362
2018-05-11 14:15:00,8559.51,8614.68,8551.21,8599.97,542.918068
2018-05-11 14:30:00,8599.97,8641.66,8591.34,8615.01,675.650949
2018-05-11 14:45:00,8615.01,8668.14,8591.0,8640.02,522.397483
2018-05-11 15:00:00,8640.02,8660.28,8600.0,8605.26,530.955943
2018-05-11 15:15:00,8602.0,8630.0,8571.46,8630.0,364.440726
2018-05-11 15:30:00,8627.02,8630.0,8571.01,8571.01,295.072777
2018-05-11 15:45:00,8573.0,8577.42,8540.0,8577.42,428.111549
2018-05-11 16:00:00,8575.21,8628.0,8566.01,8571.0,355.659173
2018-05-11 16:15:00,8567.89,8600.0,8560.0,8600.0,227.34625
2018-05-11 16:30:00,8600.0,8616.0,8575.0,8616.0,361.916986
2018-05-11 16:45:00,8616.01,8680.0,8616.0,8641.02,534.111387
2018-05-11 17:00:00,8641.02,8648.99,8610.0,8631.99,249.808081
2018-05-11 17:15:00,8631.99,8660.35,8605.0,8612.0,359.781427
2018-05-11 17:30:00,8611.09,8641.0,8611.01,8616.0,184.416312
2018-05-11 17:45:00,8616.0,8620.01,8540.0,8593.0,431.317262
2018-05-11 18:00:00,8593.0,8594.32,8558.84,8576.0,215.873536
2018-05-11 18:15:00,8579.97,8600.0,8569.75,8593.02,147.813421
2018-05-11 18:30:00,8594.01,8640.61,8587.4,8620.72,236.63157
2018-05-11 18:45:00,8620.71,8647.23,8600.01,8606.93,216.379741
2018-05-11 19:00:00,8603.85,8653.52,8602.74,8652.52,171.980841
2018-05-11 19:15:00,8647.15,8684.0,8640.0,8650.0,419.647178
2018-05-11 19:30:00,8650.0,8674.9,8617.35,8633.89,288.137737
2018-05-11 19:45:00,8630.0,8634.0,8580.0,8600.96,261.598158
2018-05-11 20:00:00,8596.56,8634.0,8589.33,8601.99,159.166742
2018-05-11 20:15:00,8598.49,8614.85,8569.9,8575.0,240.686695
2018-05-11 20:30:00,8575.0,8580.0,8390.0,8422.56,1579.579628
2018-05-11 20:45:00,8422.56,8458.82,8380.0,8422.99,648.388563
2018-05-11 21:00:00,8422.99,8448.99,8392.33,8409.98,314.775546
2018-05-11 21:15:00,8409.98,8440.0,8361.0,8378.0,562.65473
2018-05-11 21:30:00,8378.0,8400.0,8352.0,8358.2,542.478037
2018-05-11 21:45:00,8357.97,8418.51,8341.0,8379.96,752.804866
2018-05-11 22:00:00,8372.01,8461.43,8370.0,8422.0,397.507778
2018-05-11 22:15:00,8424.99,8468.1,8418.0,8427.0,246.364858
2018-05-11 22:30:00,8426.02,8462.6,8396.0,8428.96,298.859297
2018-05-11 22:45:00,8428.96,8428.97,8385.01,8415.57,246.695498
2018-05-11 23:00:00,8412.16,8475.45,8411.69,8464.81,243.468293
2018-05-11 23:15:00,8465.05,8465.52,8419.83,8437.0,204.927027
2018-05-11 23:30:00,8437.0,8447.0,8411.69,8423.0,159.210886
2018-05-11 23:45:00,8421.0,8427.79,8350.0,8400.0,447.472149
2018-05-12 00:00:00,8405.94,8447.0,8391.99,8428.6,304.741643
2018-05-12 00:15:00,8428.6,8476.36,8428.0,8460.05,320.672852
2018-05-12 00:30:00,8460.03,8475.99,8428.37,8436.81,258.96201
2018-05-12 00:45:00,8442.35,8464.01,8405.0,8456.0,242.272869
2018-05-12 01:00:00,8456.0,8456.79,8389.0,8420.65,291.736314
2018-05-12 01:15:00,8420.65,8452.0,8375.0,8445.62,316.478213
2018-05-12 01:30:00,8445.62,8469.2,8409.12,8445.0,260.907313
2018-05-12 01:45:00,8435.42,8460.31,8426.61,8450.01,213.371156
2018-05-12 02:00:00,8450.99,8469.2,8420.0,8424.15,257.296
2018-05-12 02:15:00,8424.15,8470.86,8420.05,8458.91,170.546744
2018-05-12 02:30:00,8458.91,8465.0,8400.0,8461.95,218.953931
2018-05-12 02:45:00,8461.95,8461.99,8415.0,8431.57,164.243184
2018-05-12 03:00:00,8432.19,8452.0,8429.38,8440.0,203.797076
2018-05-12 03:15:00,8440.05,8445.0,8414.2,8414.2,135.23781
2018-05-12 03:30:00,8417.99,8418.0,8345.0,8401.56,460.445194
2018-05-12 03:45:00,8406.31,8408.0,8359.8,8385.03,376.344716
2018-05-12 04:00:00,8386.68,8428.18,8386.47,8403.0,249.880492
2018-05-12 04:15:00,8403.0,8438.0,8401.56,8411.04,218.060686
2018-05-12 04:30:00,8411.04,8417.17,8370.02,8380.0,207.538108
2018-05-12 04:45:00,8380.0,8399.0,8350.34,8376.59,207.83527
2018-05-12 05:00:00,8376.59,8379.94,8317.0,8320.0,359.695637
2018-05-12 05:15:00,8317.2,8342.18,8255.96,8316.0,1106.480443
2018-05-12 05:30:00,8316.0,8330.0,8255.01,8269.99,543.612714
2018-05-12 05:45:00,8271.0,8298.99,8254.7,8277.07,624.839766
2018-05-12 06:00:00,8277.06,8285.4,8180.25,8211.67,1326.573066
2018-05-12 06:15:00,8211.67,8272.0,8153.0,8220.38,1135.439672
2018-05-12 06:30:00,8225.47,8241.97,8160.0,8232.01,718.03877
2018-05-12 06:45:00,8225.0,8332.25,8220.0,8264.68,1031.93978
2018-05-12 07:00:00,8270.0,8302.79,8230.0,8244.9,496.519298
2018-05-12 07:15:00,8240.0,8293.19,8236.01,8278.06,356.760839
2018-05-12 07:30:00,8278.6,8313.0,8275.0,8282.97,327.196115
2018-05-12 07:45:00,8285.0,8328.36,8280.72,8311.0,325.0034
2018-05-12 08:00:00,8311.0,8318.05,8275.0,8290.45,389.291546
2018-05-12 08:15:00,8290.0,8290.95,8242.01,8270.0,443.139813
2018-05-12 08:30:00,8270.0,8300.0,8234.55,8283.72,328.510598
2018-05-12 08:45:00,8285.0,8289.99,8160.0,8230.0,532.516758
2018-05-12 09:00:00,8227.73,8250.0,8212.01,8215.01,223.445481
2018-05-12 09:15:00,8218.0,8229.99,8196.0,8221.0,363.343051
2018-05-12 09:30:00,8221.0,8291.88,8220.0,8291.88,227.62114
2018-05-12 09:45:00,8290.0,8541.29,8290.0,8501.83,1766.751375
2018-05-12 10:00:00,8501.83,8528.96,8356.0,8443.17,1081.02128
2018-05-12 10:15:00,8443.17,8569.0,8443.17,8542.84,734.938812
2018-05-12 10:30:00,8542.86,8559.9,8505.32,8535.0,587.196686
2018-05-12 10:45:00,8535.0,8583.35,8530.0,8578.33,565.699416
2018-05-12 11:00:00,8578.33,8588.0,8501.0,8541.75,707.27391
2018-05-12 11:15:00,8541.74,8541.75,8471.0,8499.13,613.308381
2018-05-12 11:30:00,8499.41,8539.99,8499.13,8511.84,259.194393
2018-05-12 11:45:00,8517.0,8550.01,8511.0,8524.02,306.601071
2018-05-12 12:00:00,8524.02,8594.0,8521.36,8592.89,521.159891
2018-05-12 12:15:00,8590.01,8592.89,8551.0,8575.02,445.354781
2018-05-12 12:30:00,8583.59,8583.59,8555.75,8571.1,333.45377
2018-05-12 12:45:00,8571.1,8646.88,8571.03,8631.32,843.453444
2018-05-12 13:00:00,8625.01,8633.8,8580.0,8581.5,480.77995
2018-05-12 13:15:00,8581.5,8595.2,8542.0,8595.2,507.964712
2018-05-12 13:30:00,8590.2,8595.2,8530.32,8540.0,330.188661
2018-05-12 13:45:00,8540.0,8567.0,8511.0,8514.38,313.557986
2018-05-12 14:00:00,8514.37,8520.05,8435.0,8487.92,912.772652
2018-05-12 14:15:00,8487.92,8517.18,8482.02,8497.6,319.93634
2018-05-12 14:30:00,8495.0,8498.01,8437.0,8471.27,535.797327
2018-05-12 14:45:00,8471.27,8507.88,8465.0,8473.23,303.819665
2018-05-12 15:00:00,8473.23,8483.0,8402.0,8404.2,415.43722
2018-05-12 15:15:00,8404.2,8415.0,8313.31,8320.02,1110.727843
2018-05-12 15:30:00,8320.02,8359.43,8281.8,8300.01,596.36146
2018-05-12 15:45:00,8300.01,8347.08,8280.0,8313.13,487.496034
2018-05-12 16:00:00,8319.97,8399.54,8313.13,8345.07,702.485132
2018-05-12 16:15:00,8345.0,8365.88,8301.01,8339.67,248.097441
2018-05-12 16:30:00,8339.66,8345.0,8251.51,8260.0,348.668484
2018-05-12 16:45:00,8260.0,8312.0,8250.0,8305.0,316.30744
2018-05-12 17:00:00,8303.02,8344.87,8300.0,8310.01,276.509441
2018-05-12 17:15:00,8310.0,8310.01,8269.7,8304.0,531.811556
2018-05-12 17:30:00,8304.0,8370.0,8292.55,8334.89,321.845796
2018-05-12 17:45:00,8334.9,8385.0,8332.0,8374.09,284.154383
2018-05-12 18:00:00,8374.9,8379.9,8333.42,8350.05,242.634633
2018-05-12 18:15:00,8350.05,8352.88,8296.12,8330.04,486.123174
2018-05-12 18:30:00,8330.04,8359.7,8312.13,8348.17,163.562645
2018-05-12 18:45:00,8352.23,8362.98,8320.4,8350.0,181.570748
2018-05-12 19:00:00,8349.0,8352.34,8331.0,8335.73,156.528174
2018-05-12 19:15:00,8336.0,8461.92,8335.73,8443.0,484.980449
2018-05-12 19:30:00,8442.98,8460.0,8412.22,8420.0,183.970509
2018-05-12 19:45:00,8422.01,8500.03,8413.56,8480.02,504.699898
2018-05-12 20:00:00,8483.4,8510.99,8452.0,8476.99,352.809444
2018-05-12 20:15:00,8477.0,8479.94,8426.74,8444.89,191.768259
2018-05-12 20:30:00,8442.44,8470.0,8433.83,8470.0,183.765932
2018-05-12 20:45:00,8470.0,8480.0,8411.02,8420.97,204.088973
2018-05-12 21:00:00,8420.0,8421.99,8324.01,8353.0,478.85336
2018-05-12 21:15:00,8359.43,8380.3,8344.52,8344.52,174.372332
2018-05-12 21:30:00,8344.98,8390.0,8344.52,8380.0,143.983245
2018-05-12 21:45:00,8380.0,8416.05,8378.1,8404.35,165.952208
2018-05-12 22:00:00,8404.4,8424.45,8372.0,8388.0,183.87496
2018-05-12 22:15:00,8386.73,8455.69,8386.73,8436.72,230.923334
2018-05-12 22:30:00,8430.63,8495.0,8395.77,8472.55,266.454583
2018-05-12 22:45:00,8472.56,8495.0,8430.21,8453.75,157.62044
2018-05-12 23:00:00,8453.91,8535.0,8450.0,8529.64,322.291914
2018-05-12 23:15:00,8530.0,8540.11,8482.12,8510.11,272.572526
2018-05-12 23:30:00,8510.12,8532.58,8420.22,8444.12,333.650857
2018-05-12 23:45:00,8444.18,8477.96,8435.02,8465.94,124.852012
2018-05-13 00:00:00,8475.44,8524.0,8465.77,8476.13,248.089686
2018-05-13 00:15:00,8476.9,8524.0,8476.08,8484.75,201.999826
2018-05-13 00:30:00,8484.81,8484.83,8439.0,8459.9,225.803915
2018-05-13 00:45:00,8460.0,8472.63,8386.6,8413.39,265.705558
2018-05-13 01:00:00,8400.52,8450.8,8400.14,8428.3,153.368319
2018-05-13 01:15:00,8426.7,8470.0,8426.7,8466.95,154.226823
2018-05-13 01:30:00,8466.95,8473.24,8437.2,8438.82,157.732763
2018-05-13 01:45:00,8438.81,8453.98,8420.0,8420.99,193.664579
2018-05-13 02:00:00,8420.99,8420.99,8350.0,8379.99,369.436963
2018-05-13 02:15:00,8379.98,8398.9,8375.0,8379.0,120.930898
2018-05-13 02:30:00,8375.6,8414.48,8346.51,8410.0,258.277582
2018-05-13 02:45:00,8411.76,8424.7,8383.0,8401.08,157.168733
2018-05-13 03:00:00,8412.77,8412.77,8375.0,8402.0,214.581946
2018-05-13 03:15:00,8401.99,8411.99,8381.01,8390.54,87.75622
2018-05-13 03:30:00,8391.08,8433.13,8391.08,8425.0,142.058999
2018-05-13 03:45:00,8422.02,8447.94,8415.0,8433.0,111.694892
2018-05-13 04:00:00,8433.0,8447.88,8396.82,8399.99,240.213304
2018-05-13 04:15:00,8400.89,8437.99,8396.75,8412.17,120.460762
2018-05-13 04:30:00,8416.75,8416.75,8354.9,8382.95,156.466848
2018-05-13 04:45:00,8377.39,8381.95,8298.0,8304.67,415.633401
2018-05-13 05:00:00,8317.95,8365.0,8299.49,8342.99,243.163454
2018-05-13 05:15:00,8342.99,8370.01,8329.88,8357.58,126.117332
2018-05-13 05:30:00,8357.58,8377.56,8355.03,8369.98,88.993745
2018-05-13 05:45:00,8369.58,8393.0,8355.2,8367.0,114.465936
2018-05-13 06:00:00,8367.0,8395.79,8361.13,8381.83,149.61343
2018-05-13 06:15:00,8391.5,8402.32,8383.09,8398.6,174.512104
2018-05-13 06:30:00,8398.6,8508.99,8398.6,8481.0,473.752386
2018-05-13 06:45:00,8480.02,8485.53,8433.88,8436.0,211.989484
2018-05-13 07:00:00,8439.65,8490.73,8390.64,8436.0,445.977881
2018-05-13 07:15:00,8433.0,8458.47,8425.29,8446.0,213.243857
2018-05-13 07:30:00,8449.97,8470.0,8420.69,8438.33,263.370629
2018-05-13 07:45:00,8432.7,8463.81,8430.6,8459.0,119.427736
2018-05-13 08:00:00,8458.0,8470.0,8441.06,8468.69,165.571982
2018-05-13 08:15:00,8468.69,8470.76,8409.95,8411.98,183.706146
2018-05-13 08:30:00,8410.0,8440.24,8379.99,8420.0,241.115771
2018-05-13 08:45:00,8420.0,8434.64,8392.0,8419.99,132.857303
2018-05-13 09:00:00,8415.08,8425.0,8390.0,8413.46,220.473545
2018-05-13 09:15:00,8413.58,8596.0,8397.0,8575.0,689.797962
2018-05-13 09:30:00,8575.02,8600.62,8555.01,8567.57,584.986107
2018-05-13 09:45:00,8567.57,8610.0,8565.0,8576.0,438.933731
2018-05-13 10:00:00,8583.0,8591.99,8543.47,8558.0,340.058681
2018-05-13 10:15:00,8558.0,8566.0,8550.01,8556.99,307.961097
2018-05-13 10:30:00,8554.99,8559.45,8510.28,8519.56,293.583429
2018-05-13 10:45:00,8513.03,8544.01,8504.0,8539.0,216.978148
2018-05-13 11:00:00,8540.0,8565.33,8538.0,8546.0,166.580148
2018-05-13 11:15:00,8545.61,8557.81,8545.0,8549.01,120.617468
2018-05-13 11:30:00,8550.0,8584.99,8548.99,8566.83,242.918349
2018-05-13 11:45:00,8560.01,8566.57,8530.42,8555.0,246.644739
2018-05-13 12:00:00,8555.0,8575.0,8542.98,8548.0,165.611523
2018-05-13 12:15:00,8548.0,8570.61,8546.13,8567.01,164.0487
2018-05-13 12:30:00,8567.31,8625.0,8540.0,8546.0,478.225783
2018-05-13 12:45:00,8554.96,8575.0,8541.0,8571.93,208.973574
2018-05-13 13:00:00,8571.93,8575.0,8555.03,8561.71,140.14347
2018-05-13 13:15:00,8560.27,8564.72,8505.99,8512.3,226.427898
2018-05-13 13:30:00,8512.31,8553.0,8510.01,8533.08,194.163138
2018-05-13 13:45:00,8533.8,8568.56,8525.01,8551.82,145.651742
2018-05-13 14:00:00,8565.99,8592.2,8551.87,8569.99,258.144593
2018-05-13 14:15:00,8569.99,8619.0,8569.99,8605.78,227.038291
2018-05-13 14:30:00,8603.58,8614.07,8570.0,8600.0,278.744335
2018-05-13 14:45:00,8599.0,8654.41,8589.0,8654.41,604.455131
2018-05-13 15:00:00,8654.4,8657.99,8580.0,8609.99,467.430752
2018-05-13 15:15:00,8609.99,8625.0,8585.69,8590.31,292.665486
2018-05-13 15:30:00,8590.31,8618.69,8587.0,8609.0,421.034734
2018-05-13 15:45:00,8608.71,8645.0,8608.71,8625.5,359.915309
2018-05-13 16:00:00,8625.5,8634.64,8600.0,8632.17,250.825931
2018-05-13 16:15:00,8633.78,8694.26,8632.17,8671.1,522.6321
2018-05-13 16:30:00,8670.1,8700.96,8654.99,8692.62,498.93622
2018-05-13 16:45:00,8692.62,8697.12,8654.99,8671.99,434.266135
2018-05-13 17:00:00,8671.98,8693.0,8654.99,8685.72,554.122526
2018-05-13 17:15:00,8681.0,8686.91,8633.09,8645.0,407.058385
2018-05-13 17:30:00,8645.0,8653.36,8567.0,8613.14,682.224181
2018-05-13 17:45:00,8613.14,8614.0,8547.0,8549.0,461.175571
2018-05-13 18:00:00,8547.0,8613.11,8547.0,8583.96,337.690669
2018-05-13 18:15:00,8583.72,8635.0,8580.84,8630.02,232.884148
2018-05-13 18:30:00,8630.02,8654.0,8602.69,8625.57,276.561748
2018-05-13 18:45:00,8625.56,8655.0,8613.02,8634.5,144.315986
2018-05-13 19:00:00,8634.48,8651.0,8615.0,8618.55,198.931206
2018-05-13 19:15:00,8618.55,8625.0,8595.91,8624.3,179.872526
2018-05-13 19:30:00,8624.29,8625.0,8600.0,8609.52,185.263981
2018-05-13 19:45:00,8609.52,8645.0,8605.07,8632.0,168.811687
2018-05-13 20:00:00,8632.0,8657.6,8620.03,8651.0,218.423964
2018-05-13 20:15:00,8650.02,8668.05,8641.05,8646.06,191.285406
2018-05-13 20:30:00,8647.0,8744.08,8637.01,8731.2,451.582621
2018-05-13 20:45:00,8731.2,8746.24,8689.38,8714.01,368.498672
2018-05-13 21:00:00,8715.99,8763.36,8700.0,8735.23,385.904028
2018-05-13 21:15:00,8732.73,8740.88,8671.2,8702.0,284.573809
2018-05-13 21:30:00,8700.21,8701.99,8684.32,8684.32,207.545344
2018-05-13 21:45:00,8684.31,8700.0,8633.85,8640.01,222.242955
2018-05-13 22:00:00,8639.03,8711.99,8639.02,8705.0,180.449996
2018-05-13 22:15:00,8708.0,8730.0,8680.93,8729.22,188.522156
2018-05-13 22:30:00,8730.0,8736.12,8692.3,8700.0,163.98593
2018-05-13 22:45:00,8700.0,8747.68,8695.52,8737.2,180.914883
2018-05-13 23:00:00,8737.2,8737.2,8698.14,8711.44,254.870675
2018-05-13 23:15:00,8714.09,8729.76,8690.0,8695.48,501.573023
2018-05-13 23:30:00,8690.01,8717.23,8669.01,8715.0,210.429003
2018-05-13 23:45:00,8715.0,8717.23,8640.0,8679.71,241.134841
2018-05-14 00:00:00,8679.71,8685.0,8564.0,8606.0,651.963537
2018-05-14 00:15:00,8600.3,8640.0,8588.0,8633.04,358.29851
2018-05-14 00:30:00,8633.16,8696.66,8624.57,8688.76,406.890366
2018-05-14 00:45:00,8680.21,8695.0,8665.97,8665.97,134.625205
2018-05-14 01:00:00,8666.98,8677.0,8635.34,8668.66,156.671598
2018-05-14 01:15:00,8673.67,8681.99,8653.81,8680.9,189.411189
2018-05-14 01:30:00,8680.0,8709.93,8661.0,8680.0,281.806138
2018-05-14 01:45:00,8680.83,8698.99,8675.0,8680.0,194.397197
2018-05-14 02:00:00,8679.49,8680.0,8637.0,8642.66,249.983805
2018-05-14 02:15:00,8642.66,8661.7,8614.08,8641.98,286.198789
2018-05-14 02:30:00,8641.98,8643.99,8585.0,8612.0,423.420871
2018-05-14 02:45:00,8612.0,8621.7,8574.09,8614.99,344.10411
2018-05-14 03:00:00,8614.98,8633.0,8511.0,8520.3,505.661193
2018-05-14 03:15:00,8519.0,8544.0,8422.0,8460.0,1505.633247
2018-05-14 03:30:00,8460.0,8465.0,8365.0,8406.0,1026.825609
2018-05-14 03:45:00,8406.98,8442.86,8370.01,8390.0,474.527394
2018-05-14 04:00:00,8383.26,8430.0,8378.94,8416.61,477.294207
2018-05-14 04:15:00,8416.8,8416.8,8325.0,8358.21,684.562468
2018-05-14 04:30:00,8366.01,8385.94,8324.88,8360.01,441.985256
2018-05-14 04:45:00,8360.01,8376.07,8330.1,8376.07,318.808079
2018-05-14 05:00:00,8376.07,8378.0,8277.0,8299.0,608.154459
2018-05-14 05:15:00,8299.73,8359.44,8292.08,8356.08,342.771263
2018-05-14 05:30:00,8356.09,8370.0,8325.0,8368.84,343.711926
2018-05-14 05:45:00,8368.84,8380.0,8340.61,8369.14,270.837803
2018-05-14 06:00:00,8369.14,8369.14,8326.76,8336.54,212.706714
2018-05-14 06:15:00,8336.54,8398.0,8336.54,8387.1,240.903935
2018-05-14 06:30:00,8387.09,8396.99,8365.0,8365.01,187.32578
2018-05-14 06:45:00,8365.0,8386.91,8362.75,8384.99,143.286238
2018-05-14 07:00:00,8385.0,8387.99,8344.0,8348.03,214.036381
2018-05-14 07:15:00,8348.03,8349.0,8304.83,8317.99,518.497748
2018-05-14 07:30:00,8317.98,8361.0,8303.0,8346.68,317.007582
2018-05-14 07:45:00,8341.92,8380.0,8333.0,8376.33,191.303344
2018-05-14 08:00:00,8376.33,8385.0,8339.0,8346.74,239.721827
2018-05-14 08:15:00,8346.74,8390.85,8340.0,8373.62,198.527168
2018-05-14 08:30:00,8374.65,8435.6,8366.94,8425.0,318.26396
2018-05-14 08:45:00,8425.0,8447.66,8394.96,8433.35,266.730724
2018-05-14 09:00:00,8431.67,8439.69,8401.01,8409.02,215.317612
2018-05-14 09:15:00,8409.01,8424.36,8380.1,8402.0,239.017098
2018-05-14 09:30:00,8403.23,8405.0,8313.0,8363.24,468.474576
2018-05-14 09:45:00,8363.24,8390.68,8338.74,8387.0,315.034393
2018-05-14 10:00:00,8387.0,8391.0,8340.0,8349.99,208.023363
2018-05-14 10:15:00,8349.96,8382.0,8316.07,8370.01,334.688219
2018-05-14 10:30:00,8370.0,8420.0,8370.0,8413.0,323.589391
2018-05-14 10:45:00,8413.35,8417.0,8380.0,8392.2,234.315297
2018-05-14 11:00:00,8393.0,8415.0,8382.0,8410.0,179.557696
2018-05-14 11:15:00,8409.33,8448.0,8406.7,8440.28,361.708614
2018-05-14 11:30:00,8443.66,8443.66,8376.0,8394.98,225.561035
2018-05-14 11:45:00,8388.94,8422.0,8370.0,8415.01,341.682008
2018-05-14 12:00:00,8415.02,8424.4,8351.0,8398.7,350.831349
2018-05-14 12:15:00,8398.64,8418.41,8373.0,8388.97,192.221783
2018-05-14 12:30:00,8384.4,8410.0,8376.46,8398.0,144.101192
2018-05-14 12:45:00,8398.64,8425.47,8381.2,8420.01,309.451989
2018-05-14 13:00:00,8425.47,8435.14,8343.69,8380.0,452.862255
2018-05-14 13:15:00,8373.54,8392.64,8315.01,8319.0,369.356665
2018-05-14 13:30:00,8319.0,8384.65,8300.0,8362.28,497.424254
2018-05-14 13:45:00,8354.14,8734.0,8354.14,8680.0,1924.503326
2018-05-14 14:00:00,8680.0,8770.93,8651.81,8740.0,1661.175796
2018-05-14 14:15:00,8743.01,8766.9,8672.38,8700.2,940.623408
2018-05-14 14:30:00,8700.19,8815.0,8685.0,8751.13,1232.40872
2018-05-14 14:45:00,8750.0,8763.98,8716.8,8730.43,483.215116
2018-05-14 15:00:00,8730.44,8778.63,8724.88,8747.94,651.66157
2018-05-14 15:15:00,8747.97,8767.79,8691.04,8762.0,556.518942
2018-05-14 15:30:00,8762.0,8770.0,8735.0,8765.01,332.997346
2018-05-14 15:45:00,8767.0,8823.99,8755.0,8789.12,751.154071
2018-05-14 16:00:00,8789.12,8813.53,8725.09,8774.04,665.116524
2018-05-14 16:15:00,8774.04,8809.0,8737.07,8794.1,343.942519
2018-05-14 16:30:00,8794.1,8794.1,8768.91,8775.02,218.740813
2018-05-14 16:45:00,8775.02,8779.97,8734.28,8770.0,305.270509
2018-05-14 17:00:00,8774.85,8774.88,8740.2,8758.0,232.47689
2018-05-14 17:15:00,8751.61,8760.0,8685.74,8729.2,479.003981
2018-05-14 17:30:00,8729.19,8740.0,8700.0,8731.66,219.165483
2018-05-14 17:45:00,8731.67,8757.06,8723.4,8747.36,282.732655
2018-05-14 18:00:00,8742.0,8755.25,8736.52,8740.98,202.137169
2018-05-14 18:15:00,8736.53,8746.0,8713.12,8730.38,118.828465
2018-05-14 18:30:00,8735.86,8748.19,8717.81,8719.99,153.253384
2018-05-14 18:45:00,8723.0,8729.95,8715.78,8729.95,149.874
2018-05-14 19:00:00,8729.45,8776.0,8726.0,8747.08,330.943764
2018-05-14 19:15:00,8747.08,8766.16,8730.0,8751.98,122.731322
2018-05-14 19:30:00,8751.48,8776.97,8735.0,8746.14,181.757632
2018-05-14 19:45:00,8743.97,8750.04,8716.27,8747.49,156.494888
2018-05-14 20:00:00,8747.45,8757.3,8726.44,8743.0,108.291362
2018-05-14 20:15:00,8743.0,8757.23,8739.0,8744.97,106.015477
2018-05-14 20:30:00,8744.97,8879.99,8740.11,8865.91,710.421333
2018-05-14 20:45:00,8865.91,8868.0,8791.22,8805.0,357.584415
2018-05-14 21:00:00,8803.0,8834.93,8778.12,8819.95,267.596423
2018-05-14 21:15:00,8811.1,8840.0,8801.82,8817.66,182.876777
2018-05-14 21:30:00,8824.0,8830.0,8809.37,8824.32,141.128702
2018-05-14 21:45:00,8828.5,8828.93,8700.0,8721.25,426.598496
2018-05-14 22:00:00,8721.25,8768.13,8628.0,8685.81,893.786719
2018-05-14 22:15:00,8686.5,8705.33,8648.99,8664.17,363.071399
2018-05-14 22:30:00,8664.17,8676.49,8618.0,8640.01,457.086281
2018-05-14 22:45:00,8642.89,8681.1,8601.01,8601.01,364.303384
2018-05-14 23:00:00,8601.01,8658.73,8593.11,8647.46,426.807929
2018-05-14 23:15:00,8648.0,8684.0,8625.1,8647.55,145.458402
2018-05-14 23:30:00,8647.55,8686.04,8640.98,8673.92,113.299031
2018-05-14 23:45:00,8676.15,8687.2,8656.0,8663.34,138.537701
2018-05-15 00:00:00,8663.37,8762.46,8657.37,8719.0,639.749823
2018-05-15 00:15:00,8720.13,8743.42,8701.09,8710.76,138.571697
2018-05-15 00:30:00,8707.3,8735.33,8682.0,8716.24,144.155194
2018-05-15 00:45:00,8723.99,8723.99,8684.5,8693.99,128.326174
2018-05-15 01:00:00,8694.0,8722.0,8642.2,8679.96,226.240522
2018-05-15 01:15:00,8679.95,8679.96,8648.79,8675.03,190.878711
2018-05-15 01:30:00,8675.03,8683.19,8658.79,8667.93,136.290588
2018-05-15 01:45:00,8667.93,8728.0,8662.65,8704.01,212.523616
2018-05-15 02:00:00,8704.0,8735.33,8681.1,8691.68,216.555951
2018-05-15 02:15:00,8686.15,8705.0,8680.0,8700.1,113.50139
2018-05-15 02:30:00,8700.1,8704.61,8611.0,8674.27,349.749941
2018-05-15 02:45:00,8674.27,8685.0,8650.0,8657.31,122.09047
2018-05-15 03:00:00,8657.39,8671.82,8626.56,8665.0,217.316244
2018-05-15 03:15:00,8658.89,8695.0,8658.87,8691.59,173.071398
2018-05-15 03:30:00,8691.61,8710.0,8679.0,8699.02,203.189754
2018-05-15 03:45:00,8699.99,8719.13,8678.67,8716.44,167.559983
2018-05-15 04:00:00,8710.1,8719.11,8684.0,8706.05,203.687744
2018-05-15 04:15:00,8706.05,8756.0,8690.0,8736.34,352.087806
2018-05-15 04:30:00,8726.01,8736.34,8706.64,8713.88,171.007533
2018-05-15 04:45:00,8715.88,8725.0,8678.13,8695.89,168.214576
2018-05-15 05:00:00,8695.89,8718.0,8686.91,8704.97,137.494324
2018-05-15 05:15:00,8704.97,8719.01,8697.02,8711.48,158.058757
2018-05-15 05:30:00,8711.49,8752.0,8703.5,8740.01,212.270513
2018-05-15 05:45:00,8740.01,8740.21,8717.0,8722.03,175.952735
2018-05-15 06:00:00,8722.02,8788.0,8721.0,8776.92,342.593794
2018-05-15 06:15:00,8776.92,8777.83,8721.58,8743.03,230.196992
2018-05-15 06:30:00,8743.03,8769.51,8734.0,8750.3,159.21501
2018-05-15 06:45:00,8750.29,8754.93,8720.27,8734.4,153.869212
2018-05-15 07:00:00,8733.53,8754.9,8715.01,8722.0,174.477211
2018-05-15 07:15:00,8724.96,8751.55,8716.02,8740.0,213.540462
2018-05-15 07:30:00,8740.0,8750.25,8729.84,8740.01,172.016037
2018-05-15 07:45:00,8740.16,8749.8,8735.02,8745.9,126.760602
2018-05-15 08:00:00,8745.45,8745.91,8640.96,8692.57,552.561974
2018-05-15 08:15:00,8692.57,8705.43,8657.92,8685.19,222.252008
2018-05-15 08:30:00,8690.0,8707.63,8652.88,8695.0,210.851992
2018-05-15 08:45:00,8695.0,8730.0,8690.56,8717.56,180.338976
2018-05-15 09:00:00,8718.0,8725.81,8700.0,8720.0,144.944114
2018-05-15 09:15:00,8721.3,8739.0,8710.77,8734.0,187.335861
2018-05-15 09:30:00,8734.0,8737.91,8715.01,8719.98,146.209232
2018-05-15 09:45:00,8720.0,8732.13,8696.81,8703.0,129.684808
2018-05-15 10:00:00,8703.0,8720.0,8685.75,8700.0,189.081654
2018-05-15 10:15:00,8699.9,8717.0,8696.0,8710.24,136.064769
2018-05-15 10:30:00,8710.24,8859.99,8706.11,8810.71,1160.312907
2018-05-15 10:45:00,8804.79,8828.99,8763.95,8783.19,456.030002
2018-05-15 11:00:00,8783.05,8812.14,8777.0,8790.0,314.8731
2018-05-15 11:15:00,8790.0,8793.84,8750.1,8768.92,219.275622
2018-05-15 11:30:00,8762.18,8783.23,8734.11,8743.06,233.002585
2018-05-15 11:45:00,8749.1,8780.99,8743.0,8760.0,180.302405
2018-05-15 12:00:00,8759.48,8793.84,8753.0,8775.0,148.363211
2018-05-15 12:15:00,8774.99,8778.0,8745.0,8750.79,119.811365
2018-05-15 12:30:00,8750.78,8770.0,8743.0,8762.49,116.792874
2018-05-15 12:45:00,8762.49,8775.97,8750.72,8762.18,212.340635
2018-05-15 13:00:00,8762.18,8769.99,8692.7,8728.62,394.408869
2018-05-15 13:15:00,8728.62,8732.13,8684.0,8719.42,532.564307
2018-05-15 13:30:00,8719.42,8750.0,8715.07,8726.07,196.95892
2018-05-15 13:45:00,8726.08,8746.0,8719.99,8740.75,198.194368
2018-05-15 14:00:00,8740.75,8740.75,8726.0,8734.0,130.611285
2018-05-15 14:15:00,8734.0,8743.0,8683.73,8694.68,386.582409
2018-05-15 14:30:00,8694.68,8697.0,8460.52,8532.0,2128.866522
2018-05-15 14:45:00,8525.01,8534.0,8480.39,8500.0,964.518353
2018-05-15 15:00:00,8500.0,8525.0,8456.0,8515.0,783.743081
2018-05-15 15:15:00,8515.0,8557.47,8511.0,8540.01,404.043109
2018-05-15 15:30:00,8540.26,8543.85,8510.0,8534.0,284.655318
2018-05-15 15:45:00,8534.0,8535.0,8466.01,8517.01,478.803837
2018-05-15 16:00:00,8513.08,8530.0,8490.0,8499.0,192.994519
2018-05-15 16:15:00,8499.0,8584.23,8490.0,8583.57,414.559151
2018-05-15 16:30:00,8583.57,8585.38,8528.0,8547.99,417.011617
2018-05-15 16:45:00,8547.99,8548.07,8521.54,8537.0,192.17514
2018-05-15 17:00:00,8537.18,8580.08,8535.0,8551.73,371.257625
2018-05-15 17:15:00,8551.73,8559.31,8516.45,8535.0,323.364868
2018-05-15 17:30:00,8532.83,8578.69,8495.01,8525.86,615.676824
2018-05-15 17:45:00,8527.4,8560.0,8520.11,8547.9,290.804954
2018-05-15 18:00:00,8543.07,8547.98,8427.0,8466.21,867.108072
2018-05-15 18:15:00,8466.21,8544.35,8451.01,8485.02,488.556498
2018-05-15 18:30:00,8490.0,8509.21,8452.1,8466.08,210.21037
2018-05-15 18:45:00,8466.08,8514.19,8460.14,8508.4,243.508627
2018-05-15 19:00:00,8508.4,8513.07,8464.52,8482.91,223.671454
2018-05-15 19:15:00,8482.91,8496.93,8431.0,8465.25,383.408924
2018-05-15 19:30:00,8465.25,8490.93,8446.3,8466.0,160.278185
2018-05-15 19:45:00,8462.48,8588.64,8449.0,8554.99,525.970462
2018-05-15 20:00:00,8555.0,8560.0,8490.0,8513.44,305.186042
2018-05-15 20:15:00,8513.93,8529.27,8500.0,8524.6,107.192779
2018-05-15 20:30:00,8522.6,8543.2,8481.76,8492.23,153.056222
2018-05-15 20:45:00,8494.56,8529.0,8490.35,8512.15,161.238126
2018-05-15 21:00:00,8512.15,8529.0,8489.82,8500.0,206.979851
2018-05-15 21:15:00,8500.0,8535.0,8473.13,8509.0,174.582976
2018-05-15 21:30:00,8509.0,8520.02,8497.0,8505.0,115.115947
2018-05-15 21:45:00,8506.01,8510.0,8466.75,8472.72,178.159113
2018-05-15 22:00:00,8472.72,8492.0,8452.32,8460.04,207.969811
2018-05-15 22:15:00,8460.3,8556.5,8458.36,8488.0,525.361167
2018-05-15 22:30:00,8488.0,8491.0,8451.0,8457.51,169.52576
2018-05-15 22:45:00,8457.51,8463.79,8401.3,8451.95,542.625302
2018-05-15 23:00:00,8451.96,8484.0,8436.29,8456.85,211.190334
2018-05-15 23:15:00,8456.85,8502.39,8450.28,8470.65,199.930812
2018-05-15 23:30:00,8470.65,8495.15,8453.03,8472.01,132.544859
2018-05-15 23:45:00,8473.5,8486.29,8450.5,8462.0,140.144509
2018-05-16 00:00:00,8462.0,8488.0,8440.0,8464.04,247.049398
2018-05-16 00:15:00,8455.8,8488.0,8450.06,8470.01,214.600668
2018-05-16 00:30:00,8470.01,8473.5,8453.5,8460.0,131.969018
2018-05-16 00:45:00,8460.0,8462.0,8391.83,8437.0,763.877911
2018-05-16 01:00:00,8437.0,8454.21,8421.73,8431.33,190.344681
2018-05-16 01:15:00,8431.34,8440.0,8270.0,8308.45,1303.697048
2018-05-16 01:30:00,8314.28,8329.84,8296.64,8310.15,328.69614
2018-05-16 01:45:00,8315.0,8320.92,8255.0,8315.01,564.025345
2018-05-16 02:00:00,8320.51,8330.0,8290.15,8293.18,240.514692
2018-05-16 02:15:00,8298.0,8298.0,8083.01,8133.53,1785.773397
2018-05-16 02:30:00,8133.52,8166.0,8104.39,8164.66,697.702095
2018-05-16 02:45:00,8164.65,8165.0,8087.0,8113.0,579.492899
2018-05-16 03:00:00,8109.02,8165.0,8109.0,8149.97,407.623444
2018-05-16 03:15:00,8149.97,8216.78,8120.0,8159.51,508.477496
2018-05-16 03:30:00,8157.22,8198.09,8148.76,8180.0,351.387644
2018-05-16 03:45:00,8179.0,8187.52,8137.0,8140.0,248.535592
2018-05-16 04:00:00,8138.03,8189.0,8136.1,8165.0,283.015306
2018-05-16 04:15:00,8165.0,8245.45,8160.0,8205.0,453.164418
2018-05-16 04:30:00,8205.01,8230.0,8186.03,8195.3,342.18773
2018-05-16 04:45:00,8195.3,8221.99,8176.01,8202.01,268.244771
2018-05-16 05:00:00,8204.0,8204.0,8155.0,8161.01,306.039799
2018-05-16 05:15:00,8161.01,8194.16,8157.64,8176.97,298.578665
2018-05-16 05:30:00,8176.97,8194.01,8156.99,8181.29,384.420981
2018-05-16 05:45:00,8186.83,8220.0,8166.01,8200.0,414.944277
2018-05-16 06:00:00,8200.0,8227.82,8186.0,8209.48,248.34137
2018-05-16 06:15:00,8212.0,8212.98,8195.5,8203.01,158.361659
2018-05-16 06:30:00,8203.0,8219.0,8200.0,8207.8,118.848935
2018-05-16 06:45:00,8208.38,8249.99,8155.0,8218.71,403.428727
2018-05-16 07:00:00,8218.71,8229.8,8210.0,8219.7,152.48542
2018-05-16 07:15:00,8215.71,8242.69,8208.0,8242.0,279.01354
2018-05-16 07:30:00,8240.9,8240.9,8181.22,8204.41,296.119814
2018-05-16 07:45:00,8204.41,8225.4,8199.35,8216.22,214.93338
2018-05-16 08:00:00,8216.22,8231.18,8162.72,8207.0,246.468061
2018-05-16 08:15:00,8210.0,8231.52,8202.0,8218.57,127.551335
2018-05-16 08:30:00,8218.57,8231.0,8191.57,8199.97,116.928277
2018-05-16 08:45:00,8199.96,8216.0,8180.0,8182.83,238.24831
2018-05-16 09:00:00,8182.82,8205.97,8179.61,8193.02,184.081376
2018-05-16 09:15:00,8193.02,8240.0,8186.99,8214.59,291.720239
2018-05-16 09:30:00,8214.59,8225.0,8201.0,8208.65,202.78272
2018-05-16 09:45:00,8208.65,8221.47,8201.0,8215.18,173.888779
2018-05-16 10:00:00,8215.18,8272.0,8211.33,8265.61,312.811313
2018-05-16 10:15:00,8265.61,8417.87,8264.99,8366.01,1181.208121
2018-05-16 10:30:00,8366.01,8390.99,8347.0,8366.94,412.8295
2018-05-16 10:45:00,8364.1,8371.99,8337.76,8350.26,220.032598
2018-05-16 11:00:00,8351.99,8372.68,8347.25,8369.99,232.015289
2018-05-16 11:15:00,8363.89,8388.99,8358.57,8388.98,179.198383
2018-05-16 11:30:00,8383.8,8417.87,8358.57,8387.07,446.028165
2018-05-16 11:45:00,8387.07,8389.6,8350.0,8355.0,146.58658
2018-05-16 12:00:00,8355.0,8387.0,8348.07,8366.24,137.362766
2018-05-16 12:15:00,8366.24,8366.24,8341.5,8355.74,184.895532
2018-05-16 12:30:00,8355.74,8370.88,8343.07,8369.98,174.124891
2018-05-16 12:45:00,8365.01,8370.5,8329.05,8332.67,292.781732
2018-05-16 13:00:00,8340.0,8359.8,8328.03,8357.04,176.03425
2018-05-16 13:15:00,8357.04,8359.8,8143.27,8200.0,1416.73119
2018-05-16 13:30:00,8206.52,8219.68,8178.0,8190.67,401.43415
2018-05-16 13:45:00,8194.0,8199.04,8109.73,8155.01,711.322599
2018-05-16 14:00:00,8155.05,8189.97,8139.29,8153.99,340.249743
2018-05-16 14:15:00,8153.99,8213.0,8153.99,8181.01,282.209848
2018-05-16 14:30:00,8181.01,8194.0,8180.0,8180.24,125.395701
2018-05-16 14:45:00,8180.2,8208.0,8170.7,8193.81,213.093547
2018-05-16 15:00:00,8193.82,8231.21,8180.0,8204.22,267.122947
2018-05-16 15:15:00,8204.22,8360.13,8202.0,8350.59,637.725004
2018-05-16 15:30:00,8355.33,8364.75,8282.5,8300.69,539.133655
2018-05-16 15:45:00,8300.68,8314.99,8251.0,8265.0,340.067643
2018-05-16 16:00:00,8265.0,8315.0,8251.37,8289.22,268.624544
2018-05-16 16:15:00,8281.76,8300.99,8271.01,8279.01,231.8639
2018-05-16 16:30:00,8279.52,8280.43,8193.19,8226.0,472.433382
2018-05-16 16:45:00,8223.64,8279.99,8209.0,8247.97,218.112849
2018-05-16 17:00:00,8247.89,8264.58,8222.0,8234.19,148.691046
2018-05-16 17:15:00,8235.92,8332.45,8223.7,8279.02,617.158056
2018-05-16 17:30:00,8279.02,8327.5,8237.03,8246.37,558.506859
2018-05-16 17:45:00,8246.37,8325.52,8245.64,8270.01,445.189056
2018-05-16 18:00:00,8274.0,8299.99,8263.75,8290.77,141.885548
2018-05-16 18:15:00,8290.77,8320.0,8282.45,8302.0,185.520542
2018-05-16 18:30:00,8302.0,8327.38,8287.86,8296.5,206.512066
2018-05-16 18:45:00,8295.0,8307.6,8266.5,8266.5,218.81855
2018-05-16 19:00:00,8266.5,8288.0,8251.0,8266.68,100.865088
2018-05-16 19:15:00,8272.72,8287.26,8255.99,8286.0,135.860838
2018-05-16 19:30:00,8279.01,8352.19,8248.55,8280.99,333.968606
2018-05-16 19:45:00,8273.0,8290.76,8215.0,8218.22,236.381667
2018-05-16 20:00:00,8227.17,8263.7,8205.0,8234.0,179.319162
2018-05-16 20:15:00,8234.13,8261.03,8223.27,8248.59,113.98515
2018-05-16 20:30:00,8248.53,8281.92,8247.52,8275.02,73.634507
2018-05-16 20:45:00,8275.02,8289.0,8268.21,8281.71,109.146914
2018-05-16 21:00:00,8280.83,8283.82,8252.88,8275.02,100.247381
2018-05-16 21:15:00,8275.03,8305.0,8258.41,8264.0,122.335425
2018-05-16 21:30:00,8264.0,8268.0,8240.45,8264.99,159.866072
2018-05-16 21:45:00,8264.99,8286.26,8240.0,8267.01,138.042434
2018-05-16 22:00:00,8267.01,8299.79,8267.01,8285.01,161.904638
2018-05-16 22:15:00,8285.94,8294.54,8280.0,8294.0,116.54061
2018-05-16 22:30:00,8292.27,8350.29,8285.2,8288.66,421.951023
2018-05-16 22:45:00,8290.04,8296.99,8265.99,8276.99,137.702528
2018-05-16 23:00:00,8276.99,8327.38,8265.63,8295.6,195.434563
2018-05-16 23:15:00,8295.29,8310.36,8277.8,8300.1,147.194933
2018-05-16 23:30:00,8300.09,8318.99,8295.29,8314.0,117.240438
2018-05-16 23:45:00,8314.0,8351.91,8304.63,8330.0,177.820029
2018-05-17 00:00:00,8330.0,8390.0,8327.5,8385.52,368.441694
2018-05-17 00:15:00,8385.0,8390.0,8305.94,8315.0,281.004448
2018-05-17 00:30:00,8315.0,8360.0,8305.03,8347.23,252.80354
2018-05-17 00:45:00,8349.92,8350.0,8340.12,8346.02,112.678281
2018-05-17 01:00:00,8346.03,8375.0,8318.99,8329.97,425.013756
2018-05-17 01:15:00,8326.88,8360.0,8318.99,8356.0,157.874575
2018-05-17 01:30:00,8356.94,8375.0,8318.89,8366.77,426.52201
2018-05-17 01:45:00,8367.89,8375.0,8349.44,8369.81,196.558014
2018-05-17 02:00:00,8370.05,8408.05,8370.05,8388.22,494.679714
2018-05-17 02:15:00,8388.22,8392.26,8360.04,8381.96,301.450195
2018-05-17 02:30:00,8372.04,8385.54,8354.0,8357.0,215.192833
2018-05-17 02:45:00,8361.0,8378.0,8352.15,8365.01,336.631541
2018-05-17 03:00:00,8365.02,8464.0,8365.0,8415.8,537.411896
2018-05-17 03:15:00,8415.78,8420.0,8370.15,8389.99,236.468933
2018-05-17 03:30:00,8390.0,8390.0,8345.81,8355.0,282.576406
2018-05-17 03:45:00,8355.0,8366.77,8311.59,8352.0,436.081125
2018-05-17 04:00:00,8349.99,8364.43,8328.84,8341.14,195.022393
2018-05-17 04:15:00,8346.69,8365.0,8341.13,8362.15,113.671635
2018-05-17 04:30:00,8361.31,8372.31,8349.52,8369.0,99.46785
2018-05-17 04:45:00,8369.98,8370.0,8296.57,8315.32,166.724377
2018-05-17 05:00:00,8315.32,8330.0,8250.0,8320.01,437.788945
2018-05-17 05:15:00,8320.01,8359.86,8320.01,8337.99,141.696013
2018-05-17 05:30:00,8332.53,8354.0,8332.06,8343.99,100.09553
2018-05-17 05:45:00,8343.99,8370.0,8338.26,8351.0,192.092065
2018-05-17 06:00:00,8351.0,8364.0,8324.93,8359.03,93.713743
2018-05-17 06:15:00,8363.0,8365.67,8332.56,8340.0,78.779339
2018-05-17 06:30:00,8340.0,8361.0,8336.0,8352.01,79.486422
2018-05-17 06:45:00,8352.0,8357.0,8335.0,8339.89,83.240691
2018-05-17 07:00:00,8339.89,8345.12,8298.0,8336.02,371.398649
2018-05-17 07:15:00,8337.2,8340.0,8313.47,8328.79,166.138748
2018-05-17 07:30:00,8328.79,8333.51,8316.69,8329.0,92.883357
2018-05-17 07:45:00,8324.22,8328.99,8200.0,8239.5,812.200801
2018-05-17 08:00:00,8246.72,8276.69,8230.0,8276.01,273.100053
2018-05-17 08:15:00,8276.01,8286.59,8230.0,8253.0,331.727438
2018-05-17 08:30:00,8251.5,8265.0,8240.0,8255.29,86.439463
2018-05-17 08:45:00,8255.29,8270.0,8242.03,8266.0,100.860806
2018-05-17 09:00:00,8261.15,8316.88,8261.02,8290.02,192.51358
2018-05-17 09:15:00,8290.02,8307.6,8280.0,8286.0,109.692769
2018-05-17 09:30:00,8285.87,8288.86,8265.04,8288.85,118.298709
2018-05-17 09:45:00,8286.3,8289.0,8273.21,8280.0,92.037743
2018-05-17 10:00:00,8281.19,8299.99,8260.69,8269.97,221.514703
2018-05-17 10:15:00,8270.42,8280.47,8244.38,8252.91,142.453464
2018-05-17 10:30:00,8252.96,8307.59,8252.73,8280.58,124.32389
2018-05-17 10:45:00,8284.62,8299.0,8271.64,8298.16,131.530278
2018-05-17 11:00:00,8298.93,8320.91,8295.86,8305.42,162.551321
2018-05-17 11:15:00,8305.41,8305.41,8276.83,8285.04,224.310499
2018-05-17 11:30:00,8285.14,8301.68,8285.0,8287.05,116.940399
2018-05-17 11:45:00,8289.48,8297.03,8281.76,8296.98,132.464344
2018-05-17 12:00:00,8296.98,8342.83,8294.0,8324.95,268.430357
2018-05-17 12:15:00,8324.95,8328.0,8303.67,8304.94,139.824848
2018-05-17 12:30:00,8304.94,8307.47,8256.85,8270.49,172.864038
2018-05-17 12:45:00,8270.48,8275.0,8230.01,8265.04,453.04909
2018-05-17 13:00:00,8270.0,8274.0,8252.7,8264.95,164.958609
2018-05-17 13:15:00,8262.07,8299.28,8262.05,8288.01,193.732165
2018-05-17 13:30:00,8292.01,8305.0,8276.02,8284.45,155.260703
2018-05-17 13:45:00,8280.01,8305.0,8276.02,8300.0,147.894536
2018-05-17 14:00:00,8298.49,8315.0,8296.0,8306.0,157.108099
2018-05-17 14:15:00,8306.01,8354.0,8296.01,8311.16,327.580919
2018-05-17 14:30:00,8311.45,8351.73,8305.66,8336.9,168.092506
2018-05-17 14:45:00,8336.9,8337.01,8301.96,8317.99,140.712582
2018-05-17 15:00:00,8324.19,8330.0,8297.26,8299.99,162.778943
2018-05-17 15:15:00,8299.99,8329.73,8299.9,8308.0,110.447463
2018-05-17 15:30:00,8308.0,8320.01,8297.0,8311.0,180.138752
2018-05-17 15:45:00,8311.02,8324.89,8301.66,8302.0,80.783371
2018-05-17 16:00:00,8302.0,8334.24,8301.66,8323.95,199.845288
2018-05-17 16:15:00,8323.94,8324.84,8251.2,8288.89,279.902353
2018-05-17 16:30:00,8288.89,8289.36,8235.15,8235.15,467.648032
2018-05-17 16:45:00,8240.95,8284.2,8220.0,8263.83,297.847162
2018-05-17 17:00:00,8263.82,8270.0,8239.99,8245.99,235.796442
2018-05-17 17:15:00,8245.03,8265.0,8231.0,8255.0,159.007753
2018-05-17 17:30:00,8255.0,8265.0,8245.0,8250.0,110.057094
2018-05-17 17:45:00,8250.0,8257.99,8211.0,8243.51,409.304729
2018-05-17 18:00:00,8241.42,8267.45,8228.43,8250.0,196.802176
2018-05-17 18:15:00,8244.99,8263.68,8232.8,8236.43,122.810004
2018-05-17 18:30:00,8236.44,8242.79,8101.0,8158.65,904.935964
2018-05-17 18:45:00,8150.01,8185.6,8128.0,8154.0,368.582542
2018-05-17 19:00:00,8154.0,8184.33,8140.0,8179.46,255.434499
2018-05-17 19:15:00,8183.56,8185.0,8150.37,8173.98,210.746424
2018-05-17 19:30:00,8173.96,8186.88,8160.0,8171.4,137.116238
2018-05-17 19:45:00,8171.4,8181.91,8162.0,8172.0,161.575964
2018-05-17 20:00:00,8172.0,8241.91,8162.69,8203.2,230.068324
2018-05-17 20:15:00,8203.26,8232.6,8192.39,8220.08,203.517106
2018-05-17 20:30:00,8220.08,8222.16,8198.0,8211.19,98.894214
2018-05-17 20:45:00,8210.0,8221.9,8200.0,8208.0,193.299612
2018-05-17 21:00:00,8205.0,8208.0,8189.76,8193.97,151.991496
2018-05-17 21:15:00,8193.97,8193.98,8172.15,8179.0,203.21421
2018-05-17 21:30:00,8175.0,8184.72,8164.02,8178.01,125.208638
2018-05-17 21:45:00,8174.64,8178.01,8150.0,8150.0,134.425623
2018-05-17 22:00:00,8150.0,8150.01,8021.08,8022.05,1182.072416
2018-05-17 22:15:00,8021.08,8079.01,8000.67,8061.57,905.032083
2018-05-17 22:30:00,8060.8,8099.54,8040.59,8067.94,873.012881
2018-05-17 22:45:00,8061.93,8089.0,8038.0,8074.69,492.753481
2018-05-17 23:00:00,8074.69,8099.99,8019.61,8043.6,471.885006
2018-05-17 23:15:00,8039.52,8051.4,7979.0,7990.02,964.061558
2018-05-17 23:30:00,7995.57,8045.91,7979.0,8039.78,475.254544
2018-05-17 23:45:00,8039.78,8062.99,8020.23,8041.46,347.534984
2018-05-18 00:00:00,8038.82,8058.97,8015.0,8037.05,340.412659
2018-05-18 00:15:00,8037.06,8045.0,8007.25,8019.41,349.228843
2018-05-18 00:30:00,8014.0,8020.0,7925.67,7946.11,771.675552
2018-05-18 00:45:00,7946.11,7967.47,7911.9,7947.7,761.441632
2018-05-18 01:00:00,7947.7,7966.48,7917.02,7961.01,364.488525
2018-05-18 01:15:00,7960.03,7986.91,7943.13,7962.91,432.963748
2018-05-18 01:30:00,7962.9,8014.99,7953.01,7973.16,424.875156
2018-05-18 01:45:00,7973.16,8003.68,7962.99,7969.92,239.39184
2018-05-18 02:00:00,7969.91,7979.99,7950.0,7959.98,271.515202
2018-05-18 02:15:00,7959.98,8011.01,7955.0,8007.44,290.230106
2018-05-18 02:30:00,8007.44,8014.98,7991.8,8000.01,283.8974
2018-05-18 02:45:00,8000.01,8009.88,7975.87,7986.94,267.703559
2018-05-18 03:00:00,7982.72,8001.99,7978.0,8001.99,154.874851
2018-05-18 03:15:00,7999.04,8022.77,7999.04,8009.03,225.683244
2018-05-18 03:30:00,8013.46,8013.46,7977.0,7990.04,258.401316
2018-05-18 03:45:00,7990.04,8009.0,7977.01,7995.0,207.912386
2018-05-18 04:00:00,7995.0,8022.95,7986.6,8010.0,226.468932
2018-05-18 04:15:00,8010.0,8058.07,7995.38,8047.0,287.904121
2018-05-18 04:30:00,8039.79,8067.65,8012.0,8051.55,468.011222
2018-05-18 04:45:00,8051.55,8059.32,8014.0,8027.22,193.315332
2018-05-18 05:00:00,8019.03,8044.74,8016.52,8026.93,136.458493
2018-05-18 05:15:00,8025.0,8028.99,7982.78,8000.49,269.936533
2018-05-18 05:30:00,8003.0,8037.54,8000.0,8035.0,125.302747
2018-05-18 05:45:00,8035.0,8049.99,8017.89,8027.0,135.83571
2018-05-18 06:00:00,8027.01,8036.41,8005.0,8012.14,162.370042
2018-05-18 06:15:00,8012.13,8030.0,8005.02,8010.7,107.726188
2018-05-18 06:30:00,8005.99,8026.0,8004.0,8021.0,199.968127
2018-05-18 06:45:00,8021.0,8025.8,7955.24,7955.39,361.799986
2018-05-18 07:00:00,7960.01,8030.0,7955.39,8013.01,176.91736
2018-05-18 07:15:00,8019.0,8172.05,8014.62,8095.79,618.688676
2018-05-18 07:30:00,8095.8,8139.49,8069.99,8099.99,280.066537
2018-05-18 07:45:00,8099.99,8120.37,8076.01,8093.44,223.219125
2018-05-18 08:00:00,8093.44,8115.0,8092.17,8115.0,160.553221
2018-05-18 08:15:00,8115.0,8136.0,8096.24,8114.0,238.144215
2018-05-18 08:30:00,8114.0,8114.0,8084.84,8105.01,144.753543
2018-05-18 08:45:00,8105.01,8135.31,8091.19,8127.07,210.3215
2018-05-18 09:00:00,8127.07,8130.0,8109.05,8118.56,154.624616
2018-05-18 09:15:00,8118.55,8137.98,8103.01,8111.76,251.480847
2018-05-18 09:30:00,8118.0,8127.98,8101.16,8108.0,256.678101
2018-05-18 09:45:00,8105.17,8115.03,8081.25,8115.0,211.031223
2018-05-18 10:00:00,8115.0,8129.58,8091.36,8125.0,231.126278
2018-05-18 10:15:00,8124.99,8135.0,8103.0,8110.0,128.64505
2018-05-18 10:30:00,8110.0,8132.48,8105.74,8130.0,197.13444
2018-05-18 10:45:00,8129.99,8155.0,8120.4,8137.13,243.7834
2018-05-18 11:00:00,8137.13,8141.36,8101.5,8105.92,174.278662
2018-05-18 11:15:00,8105.92,8119.0,8082.51,8092.5,280.95355
2018-05-18 11:30:00,8092.5,8113.94,8051.0,8095.01,292.957134
2018-05-18 11:45:00,8094.78,8125.0,8089.45,8103.96,230.407643
2018-05-18 12:00:00,8110.04,8119.9,8070.0,8087.0,203.779747
2018-05-18 12:15:00,8087.0,8107.25,8081.04,8092.95,201.228894
2018-05-18 12:30:00,8095.79,8139.79,8087.39,8119.87,364.482027
2018-05-18 12:45:00,8125.0,8135.85,8101.18,8108.99,246.648688
2018-05-18 13:00:00,8108.98,8127.58,8085.7,8117.2,200.860818
2018-05-18 13:15:00,8117.2,8126.97,8097.55,8108.25,125.273432
2018-05-18 13:30:00,8110.81,8113.0,8043.01,8082.44,280.520523
2018-05-18 13:45:00,8082.44,8100.0,8067.59,8092.57,139.036361
2018-05-18 14:00:00,8092.57,8099.97,8070.19,8072.05,151.263151
2018-05-18 14:15:00,8075.0,8079.0,8050.0,8059.6,356.970106
2018-05-18 14:30:00,8058.6,8066.92,8039.05,8046.53,323.77647
2018-05-18 14:45:00,8046.53,8075.0,8030.0,8070.0,252.552244
2018-05-18 15:00:00,8073.0,8075.71,8051.45,8066.57,194.865649
2018-05-18 15:15:00,8067.64,8082.99,8058.77,8075.2,149.886545
2018-05-18 15:30:00,8075.2,8130.86,8075.0,8123.98,319.734324
2018-05-18 15:45:00,8123.98,8139.0,8097.6,8109.99,207.214188
2018-05-18 16:00:00,8106.03,8112.14,8070.93,8089.38,191.978535
2018-05-18 16:15:00,8089.79,8094.98,8076.92,8081.11,156.59755
2018-05-18 16:30:00,8082.6,8115.0,8081.03,8114.88,166.003037
2018-05-18 16:45:00,8113.0,8151.0,8106.31,8116.99,281.253685
2018-05-18 17:00:00,8116.99,8137.54,8116.0,8135.0,149.10941
2018-05-18 17:15:00,8135.0,8135.0,8094.9,8097.05,191.173169
2018-05-18 17:30:00,8102.12,8110.0,8090.0,8103.98,137.087777
2018-05-18 17:45:00,8103.98,8103.99,8090.0,8101.0,81.298314
2018-05-18 18:00:00,8101.0,8108.99,8075.0,8087.09,152.735365
2018-05-18 18:15:00,8091.1,8112.1,8086.13,8112.08,138.449397
2018-05-18 18:30:00,8112.07,8136.32,8089.51,8135.0,219.127562
2018-05-18 18:45:00,8135.0,8225.01,8116.64,8200.0,871.514112
2018-05-18 19:00:00,8202.67,8259.65,8197.22,8233.59,597.538131
2018-05-18 19:15:00,8239.81,8273.21,8181.03,8186.63,532.473
2018-05-18 19:30:00,8186.63,8242.08,8181.03,8214.9,256.829043
2018-05-18 19:45:00,8214.9,8236.89,8196.0,8231.1,173.548477
2018-05-18 20:00:00,8231.1,8251.0,8222.83,8244.7,163.226788
2018-05-18 20:15:00,8244.7,8248.47,8211.0,8220.0,105.559645
2018-05-18 20:30:00,8220.0,8231.0,8196.92,8213.17,89.297354
2018-05-18 20:45:00,8212.16,8229.61,8200.0,8222.62,227.679023
2018-05-18 21:00:00,8222.63,8244.91,8217.0,8237.11,177.4577
2018-05-18 21:15:00,8237.1,8270.93,8232.01,8249.0,196.418503
2018-05-18 21:30:00,8249.99,8262.23,8243.23,8244.0,143.700618
2018-05-18 21:45:00,8244.0,8250.0,8226.03,8228.06,185.120823
2018-05-18 22:00:00,8228.01,8255.95,8226.03,8246.0,160.230769
2018-05-18 22:15:00,8245.0,8246.0,8226.05,8227.4,142.678533
2018-05-18 22:30:00,8232.15,8232.15,8209.29,8217.07,144.996328
2018-05-18 22:45:00,8218.83,8220.79,8201.0,8220.0,133.725259
2018-05-18 23:00:00,8220.01,8250.0,8217.5,8242.77,246.375143
2018-05-18 23:15:00,8241.19,8244.15,8216.0,8220.0,148.595638
2018-05-18 23:30:00,8216.5,8242.36,8216.49,8225.39,69.751597
2018-05-18 23:45:00,8228.05,8244.66,8221.0,8239.81,100.976226
2018-05-19 00:00:00,8238.01,8253.0,8236.0,8242.22,177.883023
2018-05-19 00:15:00,8242.22,8253.9,8221.01,8229.0,143.018664
2018-05-19 00:30:00,8231.99,8232.0,8208.88,8213.54,149.546569
2018-05-19 00:45:00,8213.55,8226.96,8197.0,8200.61,211.703082
2018-05-19 01:00:00,8200.61,8221.63,8186.0,8199.98,199.533035
2018-05-19 01:15:00,8199.99,8204.99,8143.53,8182.37,320.036275
2018-05-19 01:30:00,8182.37,8191.59,8157.55,8185.02,171.958944
2018-05-19 01:45:00,8183.0,8188.0,8176.79,8180.01,132.523176
2018-05-19 02:00:00,8180.01,8191.59,8161.33,8187.0,151.408892
2018-05-19 02:15:00,8187.01,8214.18,8184.43,8200.02,190.79806
2018-05-19 02:30:00,8200.01,8208.1,8181.1,8188.99,103.169281
2018-05-19 02:45:00,8186.37,8195.62,8180.1,8191.49,107.604579
2018-05-19 03:00:00,8191.49,8248.29,8162.0,8224.58,306.056447
2018-05-19 03:15:00,8224.58,8248.88,8204.42,8224.74,347.742316
2018-05-19 03:30:00,8223.0,8256.99,8204.1,8224.73,181.799781
2018-05-19 03:45:00,8238.62,8253.46,8220.01,8224.4,158.705079
2018-05-19 04:00:00,8224.39,8248.73,8218.0,8239.02,153.258329
2018-05-19 04:15:00,8239.69,8248.0,8212.91,8234.5,243.801474
2018-05-19 04:30:00,8234.51,8241.52,8214.45,8224.99,92.375016
2018-05-19 04:45:00,8221.0,8237.0,8215.01,8223.28,108.064308
2018-05-19 05:00:00,8224.42,8234.51,8215.01,8223.17,101.357793
2018-05-19 05:15:00,8223.17,8230.0,8212.9,8223.01,199.944804
2018-05-19 05:30:00,8229.4,8229.4,8213.01,8218.03,75.554607
2018-05-19 05:45:00,8218.1,8228.0,8214.26,8224.03,196.362399
2018-05-19 06:00:00,8226.8,8240.0,8214.33,8223.18,190.927391
2018-05-19 06:15:00,8223.45,8237.71,8223.18,8235.83,177.961073
2018-05-19 06:30:00,8234.21,8238.97,8209.03,8215.0,149.150055
2018-05-19 06:45:00,8214.99,8230.32,8205.8,8213.0,151.275781
2018-05-19 07:00:00,8213.0,8217.99,8199.0,8207.13,156.120497
2018-05-19 07:15:00,8209.57,8220.0,8200.1,8208.0,113.624017
2018-05-19 07:30:00,8208.0,8209.99,8095.73,8164.99,547.597402
2018-05-19 07:45:00,8161.52,8173.91,8100.0,8158.0,178.353381
2018-05-19 08:00:00,8155.85,8170.0,8130.0,8167.51,139.541618
2018-05-19 08:15:00,8167.52,8187.93,8159.93,8174.07,95.609176
2018-05-19 08:30:00,8174.99,8194.04,8170.0,8191.0,93.764293
2018-05-19 08:45:00,8189.45,8213.57,8182.81,8210.0,107.532342
2018-05-19 09:00:00,8210.0,8215.71,8195.0,8202.88,112.683726
2018-05-19 09:15:00,8201.87,8209.01,8176.78,8189.98,81.442878
2018-05-19 09:30:00,8190.0,8197.51,8180.41,8189.0,102.058039
2018-05-19 09:45:00,8187.68,8190.0,8175.83,8184.7,126.580837
2018-05-19 10:00:00,8184.7,8247.77,8182.03,8231.39,245.342165
2018-05-19 10:15:00,8229.29,8240.0,8218.83,8228.99,104.623793
2018-05-19 10:30:00,8228.95,8234.12,8215.59,8229.75,120.293683
2018-05-19 10:45:00,8222.98,8232.96,8214.71,8227.99,67.694796
2018-05-19 11:00:00,8228.0,8238.93,8222.05,8230.97,120.911956
2018-05-19 11:15:00,8227.01,8235.02,8227.01,8233.0,85.027461
2018-05-19 11:30:00,8233.0,8240.86,8230.0,8237.66,90.838675
2018-05-19 11:45:00,8237.66,8372.86,8237.66,8366.08,894.227966
2018-05-19 12:00:00,8372.83,8390.8,8340.0,8350.0,492.98714
2018-05-19 12:15:00,8350.0,8354.84,8319.97,8328.91,342.51568
2018-05-19 12:30:00,8333.0,8343.4,8326.56,8340.0,355.002304
2018-05-19 12:45:00,8335.04,8351.3,8335.02,8344.02,129.24021
2018-05-19 13:00:00,8344.02,8374.84,8343.6,8345.0,336.66733
2018-05-19 13:15:00,8344.01,8361.99,8293.35,8310.61,394.695989
2018-05-19 13:30:00,8310.6,8319.98,8290.75,8301.01,241.937322
2018-05-19 13:45:00,8307.99,8307.99,8286.32,8296.86,165.718267
2018-05-19 14:00:00,8296.86,8315.02,8295.03,8309.08,294.854636
2018-05-19 14:15:00,8306.08,8328.66,8300.0,8319.04,263.53524
2018-05-19 14:30:00,8319.02,8324.99,8310.1,8314.71,174.453683
2018-05-19 14:45:00,8313.87,8319.75,8301.03,8309.0,112.832767
2018-05-19 15:00:00,8308.99,8314.53,8280.0,8299.53,201.175436
2018-05-19 15:15:00,8305.12,8305.12,8283.16,8293.01,116.711133
2018-05-19 15:30:00,8296.0,8320.0,8290.01,8311.88,143.92617
2018-05-19 15:45:00,8309.62,8318.03,8302.7,8310.0,119.387342
2018-05-19 16:00:00,8310.0,8318.2,8289.4,8300.01,123.094222
2018-05-19 16:15:00,8300.0,8312.35,8283.34,8287.87,211.934888
2018-05-19 16:30:00,8287.87,8293.53,8269.27,8275.02,220.000645
2018-05-19 16:45:00,8274.7,8294.2,8262.36,8281.01,168.718905
2018-05-19 17:00:00,8288.91,8293.18,8261.0,8292.74,157.80337
2018-05-19 17:15:00,8289.64,8300.0,8272.33,8285.0,101.320127
2018-05-19 17:30:00,8285.0,8295.0,8278.99,8282.44,116.404022
2018-05-19 17:45:00,8282.43,8297.0,8270.89,8297.0,129.361554
2018-05-19 18:00:00,8296.02,8300.0,8280.42,8288.79,90.275802
2018-05-19 18:15:00,8283.27,8325.57,8283.27,8312.99,130.734878
2018-05-19 18:30:00,8312.99,8319.0,8302.48,8306.65,111.770458
2018-05-19 18:45:00,8309.98,8314.99,8280.23,8289.0,109.809598
2018-05-19 19:00:00,8286.55,8300.0,8276.8,8290.0,99.660465
2018-05-19 19:15:00,8290.0,8300.0,8276.0,8288.18,157.710805
2018-05-19 19:30:00,8291.15,8302.66,8278.07,8285.0,122.712026
2018-05-19 19:45:00,8285.01,8310.0,8276.0,8305.37,117.717811
2018-05-19 20:00:00,8305.37,8312.0,8293.22,8301.99,111.049003
2018-05-19 20:15:00,8304.0,8310.0,8293.72,8309.98,115.135953
2018-05-19 20:30:00,8309.98,8310.33,8283.43,8290.31,101.861599
2018-05-19 20:45:00,8290.31,8295.0,8245.19,8254.13,252.006459
2018-05-19 21:00:00,8254.02,8262.22,8217.99,8239.52,283.681441
2018-05-19 21:15:00,8243.0,8244.03,8207.01,8240.0,250.328032
2018-05-19 21:30:00,8239.0,8246.99,8208.71,8209.0,125.121525
2018-05-19 21:45:00,8209.0,8213.98,8180.0,8189.0,215.96122
2018-05-19 22:00:00,8189.0,8229.81,8183.43,8210.0,192.899654
2018-05-19 22:15:00,8210.0,8238.16,8204.12,8209.02,142.10041
2018-05-19 22:30:00,8209.02,8209.57,8171.0,8171.0,148.205534
2018-05-19 22:45:00,8175.9,8220.0,8165.0,8218.57,127.390775
2018-05-19 23:00:00,8218.98,8233.99,8205.27,8210.01,187.972011
2018-05-19 23:15:00,8210.0,8231.49,8188.0,8223.99,150.510686
2018-05-19 23:30:00,8218.82,8245.13,8218.82,8225.52,146.317991
2018-05-19 23:45:00,8225.53,8248.51,8225.53,8233.49,110.822824
2018-05-20 00:00:00,8233.49,8238.1,8202.78,8224.19,195.724154
2018-05-20 00:15:00,8224.2,8228.44,8214.01,8216.55,100.034309
2018-05-20 00:30:00,8218.38,8220.1,8195.74,8207.98,121.956119
2018-05-20 00:45:00,8206.49,8208.0,8178.01,8190.01,127.162813
2018-05-20 01:00:00,8190.01,8210.91,8163.9,8202.76,295.894515
2018-05-20 01:15:00,8202.79,8211.15,8196.32,8203.01,121.396937
2018-05-20 01:30:00,8203.02,8224.0,8201.0,8223.99,127.302792
2018-05-20 01:45:00,8223.99,8232.0,8214.08,8222.0,245.125909
2018-05-20 02:00:00,8222.0,8247.51,8215.36,8222.12,179.663516
2018-05-20 02:15:00,8222.12,8246.99,8218.01,8246.99,175.387196
2018-05-20 02:30:00,8246.98,8257.0,8218.15,8242.0,224.588759
2018-05-20 02:45:00,8242.99,8289.49,8235.06,8279.77,203.943175
2018-05-20 03:00:00,8279.78,8289.49,8263.08,8270.0,171.265995
2018-05-20 03:15:00,8270.0,8295.0,8267.53,8280.0,192.277192
2018-05-20 03:30:00,8280.0,8285.07,8255.22,8265.99,134.11474
2018-05-20 03:45:00,8268.86,8277.6,8240.0,8246.02,154.809403
2018-05-20 04:00:00,8246.01,8255.94,8235.72,8251.1,157.031779
2018-05-20 04:15:00,8251.1,8256.62,8234.5,8251.0,139.432387
2018-05-20 04:30:00,8251.0,8274.3,8250.0,8263.39,149.933705
2018-05-20 04:45:00,8268.92,8271.41,8252.03,8262.1,75.780851
2018-05-20 05:00:00,8262.1,8285.01,8255.3,8279.62,106.110954
2018-05-20 05:15:00,8272.96,8282.31,8242.52,8243.65,133.052728
2018-05-20 05:30:00,8243.64,8262.14,8237.15,8252.97,135.243129
2018-05-20 05:45:00,8252.96,8268.33,8250.0,8254.87,145.084803
2018-05-20 06:00:00,8257.0,8285.22,8254.93,8267.68,97.167457
2018-05-20 06:15:00,8267.68,8274.53,8255.56,8268.0,71.630232
2018-05-20 06:30:00,8263.0,8275.36,8258.04,8260.1,194.129895
2018-05-20 06:45:00,8260.09,8268.54,8250.0,8250.02,97.523816
2018-05-20 07:00:00,8250.0,8268.46,8223.17,8255.0,166.33178
2018-05-20 07:15:00,8249.69,8260.0,8243.79,8257.0,121.324017
2018-05-20 07:30:00,8257.0,8270.01,8250.5,8264.21,80.114332
2018-05-20 07:45:00,8268.38,8275.77,8260.28,8263.03,74.977658
2018-05-20 08:00:00,8263.03,8288.0,8252.5,8277.99,117.397127
2018-05-20 08:15:00,8278.0,8305.21,8271.07,8292.52,198.505801
2018-05-20 08:30:00,8294.75,8299.24,8280.92,8291.59,92.467591
2018-05-20 08:45:00,8290.24,8302.27,8280.06,8289.01,91.744628
2018-05-20 09:00:00,8289.01,8296.87,8278.25,8280.0,150.385504
2018-05-20 09:15:00,8282.66,8324.0,8281.0,8310.01,258.654618
2018-05-20 09:30:00,8314.42,8347.74,8302.24,8332.59,385.694574
2018-05-20 09:45:00,8335.29,8365.9,8330.0,8360.0,413.072638
2018-05-20 10:00:00,8360.0,8371.98,8334.88,8358.01,409.515618
2018-05-20 10:15:00,8358.01,8386.0,8339.57,8359.0,289.986584
2018-05-20 10:30:00,8358.81,8358.81,8335.3,8350.0,170.920082
2018-05-20 10:45:00,8354.76,8355.0,8338.99,8340.21,138.528053
2018-05-20 11:00:00,8339.51,8343.21,8322.0,8330.0,238.083033
2018-05-20 11:15:00,8330.0,8352.0,8327.0,8345.1,140.2233
2018-05-20 11:30:00,8345.1,8351.97,8340.53,8345.86,155.718361
2018-05-20 11:45:00,8345.96,8349.97,8333.84,8340.88,152.981751
2018-05-20 12:00:00,8340.88,8365.0,8340.88,8347.23,259.980485
2018-05-20 12:15:00,8347.23,8347.23,8305.0,8316.6,330.392566
2018-05-20 12:30:00,8316.6,8320.0,8291.5,8320.0,276.779948
2018-05-20 12:45:00,8320.0,8329.91,8301.7,8301.71,140.488709
2018-05-20 13:00:00,8301.7,8329.01,8291.0,8320.03,156.284167
2018-05-20 13:15:00,8325.87,8340.0,8320.03,8335.0,154.781172
2018-05-20 13:30:00,8332.62,8341.35,8323.01,8328.73,214.337716
2018-05-20 13:45:00,8336.05,8339.0,8322.0,8331.94,138.576961
2018-05-20 14:00:00,8326.77,8355.01,8326.77,8350.0,205.054557
2018-05-20 14:15:00,8350.0,8359.01,8340.2,8350.0,130.138939
2018-05-20 14:30:00,8350.0,8356.35,8344.0,8352.95,177.854696
2018-05-20 14:45:00,8350.01,8358.99,8345.06,8350.0,120.892481
2018-05-20 15:00:00,8348.61,8354.0,8340.04,8352.0,299.093678
2018-05-20 15:15:00,8352.0,8380.0,8350.0,8372.61,149.028709
2018-05-20 15:30:00,8372.61,8389.4,8370.02,8382.68,231.279785
2018-05-20 15:45:00,8382.68,8395.0,8365.0,8389.0,353.063272
2018-05-20 16:00:00,8389.48,8548.0,8389.0,8482.67,1577.880408
2018-05-20 16:15:00,8486.06,8520.0,8481.0,8500.0,619.791989
2018-05-20 16:30:00,8499.0,8517.06,8485.1,8488.29,358.111078
2018-05-20 16:45:00,8488.29,8496.4,8473.94,8494.57,288.573987
2018-05-20 17:00:00,8492.0,8495.0,8473.06,8487.92,145.136843
2018-05-20 17:15:00,8485.0,8545.0,8485.0,8523.35,440.203511
2018-05-20 17:30:00,8526.96,8526.96,8500.0,8506.82,201.156413
2018-05-20 17:45:00,8506.82,8536.98,8490.0,8530.0,223.544488
2018-05-20 18:00:00,8532.0,8558.0,8517.17,8530.98,289.809059
2018-05-20 18:15:00,8524.2,8547.98,8510.75,8510.75,255.846035
2018-05-20 18:30:00,8521.3,8533.38,8507.03,8523.0,185.456138
2018-05-20 18:45:00,8520.04,8536.0,8519.05,8536.0,122.196812
2018-05-20 19:00:00,8531.01,8538.0,8517.16,8517.16,145.548306
2018-05-20 19:15:00,8518.61,8520.06,8480.0,8496.13,362.526998
2018-05-20 19:30:00,8496.13,8520.0,8492.0,8512.01,173.066314
2018-05-20 19:45:00,8512.0,8536.99,8507.88,8528.0,166.720992
2018-05-20 20:00:00,8528.01,8547.94,8522.3,8535.0,150.641617
2018-05-20 20:15:00,8534.82,8547.75,8524.18,8533.0,202.948753
2018-05-20 20:30:00,8530.01,8545.0,8530.0,8544.66,142.267071
2018-05-20 20:45:00,8544.67,8609.0,8541.63,8560.0,423.138064
2018-05-20 21:00:00,8559.99,8582.8,8559.99,8577.0,187.376178
2018-05-20 21:15:00,8577.0,8577.96,8541.08,8552.0,193.979448
2018-05-20 21:30:00,8550.9,8558.29,8540.0,8555.01,142.150217
2018-05-20 21:45:00,8555.01,8566.6,8520.0,8530.0,157.502145
2018-05-20 22:00:00,8534.0,8547.21,8529.93,8535.2,134.019656
2018-05-20 22:15:00,8535.19,8554.8,8503.12,8526.0,212.98853
2018-05-20 22:30:00,8530.0,8530.0,8485.2,8518.12,234.966803
2018-05-20 22:45:00,8514.29,8514.29,8479.0,8484.29,239.991752
2018-05-20 23:00:00,8489.04,8517.35,8483.23,8507.33,173.168415
2018-05-20 23:15:00,8507.38,8518.48,8485.14,8517.25,146.435192
2018-05-20 23:30:00,8513.13,8518.94,8499.03,8510.53,87.930009
2018-05-20 23:45:00,8510.53,8529.0,8504.02,8526.98,114.559737
2018-05-21 00:00:00,8526.97,8556.54,8523.22,8536.01,284.210206
2018-05-21 00:15:00,8540.0,8544.15,8506.45,8508.0,238.819911
2018-05-21 00:30:00,8508.0,8510.98,8488.0,8495.03,153.793877
2018-05-21 00:45:00,8495.03,8501.0,8461.75,8492.07,314.88882
2018-05-21 01:00:00,8492.0,8503.68,8476.14,8482.64,163.849208
2018-05-21 01:15:00,8482.64,8500.0,8480.0,8490.0,140.793736
2018-05-21 01:30:00,8490.0,8496.41,8483.0,8485.0,90.75397
2018-05-21 01:45:00,8488.47,8494.78,8441.58,8459.01,285.369631
2018-05-21 02:00:00,8462.75,8483.24,8460.01,8474.0,122.11777
2018-05-21 02:15:00,8474.0,8497.53,8468.09,8494.68,121.391454
2018-05-21 02:30:00,8493.39,8535.52,8485.01,8510.07,254.441469
2018-05-21 02:45:00,8514.96,8523.55,8506.11,8516.47,154.381656
2018-05-21 03:00:00,8516.47,8534.99,8500.1,8526.02,263.010443
2018-05-21 03:15:00,8526.02,8534.03,8507.47,8525.01,170.593556
2018-05-21 03:30:00,8523.05,8534.39,8490.16,8497.02,159.049468
2018-05-21 03:45:00,8497.02,8509.84,8491.65,8501.0,161.166231
2018-05-21 04:00:00,8500.0,8514.8,8497.1,8510.07,185.158269
2018-05-21 04:15:00,8510.07,8528.81,8510.0,8522.0,149.289388
2018-05-21 04:30:00,8525.86,8546.83,8513.32,8546.29,251.062393
2018-05-21 04:45:00,8543.0,8550.0,8524.18,8539.25,214.793914
2018-05-21 05:00:00,8537.32,8543.42,8511.0,8520.0,248.94263
2018-05-21 05:15:00,8519.94,8524.0,8506.0,8518.01,109.48135
2018-05-21 05:30:00,8518.0,8539.01,8518.0,8525.89,174.277347
2018-05-21 05:45:00,8526.99,8536.04,8514.32,8515.0,209.56537
2018-05-21 06:00:00,8514.32,8520.0,8500.0,8500.44,130.999218
2018-05-21 06:15:00,8500.44,8509.1,8481.0,8500.74,265.862543
2018-05-21 06:30:00,8496.0,8508.48,8480.01,8501.32,185.124647
2018-05-21 06:45:00,8501.49,8595.31,8501.49,8553.0,460.508286
2018-05-21 07:00:00,8557.99,8558.0,8527.0,8529.7,199.452424
2018-05-21 07:15:00,8532.94,8589.0,8522.0,8570.0,282.800823
2018-05-21 07:30:00,8570.0,8577.56,8506.41,8537.75,334.187226
2018-05-21 07:45:00,8539.79,8546.51,8528.28,8540.0,124.122338
2018-05-21 08:00:00,8540.0,8543.58,8480.11,8490.14,258.570082
2018-05-21 08:15:00,8495.0,8513.48,8492.0,8500.1,181.951774
2018-05-21 08:30:00,8500.1,8525.18,8493.0,8524.11,117.178176
2018-05-21 08:45:00,8524.54,8525.98,8518.51,8520.99,115.279874
2018-05-21 09:00:00,8520.99,8520.99,8506.48,8511.05,111.097494
2018-05-21 09:15:00,8511.05,8527.74,8500.9,8510.0,149.051078
2018-05-21 09:30:00,8509.01,8511.77,8466.66,8488.01,240.10929
2018-05-21 09:45:00,8490.12,8495.0,8465.0,8466.2,187.319931
2018-05-21 10:00:00,8476.03,8480.0,8460.0,8464.99,193.259398
2018-05-21 10:15:00,8460.0,8474.57,8419.61,8463.01,723.37512
2018-05-21 10:30:00,8463.97,8484.49,8458.81,8464.99,274.774847
2018-05-21 10:45:00,8464.99,8472.0,8447.41,8457.79,222.590829
2018-05-21 11:00:00,8457.79,8465.14,8420.35,8448.54,510.601666
2018-05-21 11:15:00,8459.13,8469.13,8449.0,8453.0,139.355904
2018-05-21 11:30:00,8452.99,8484.0,8451.97,8482.6,215.962798
2018-05-21 11:45:00,8482.6,8492.0,8465.0,8469.98,174.664586
2018-05-21 12:00:00,8469.99,8483.0,8451.83,8482.0,133.940361
2018-05-21 12:15:00,8482.0,8500.0,8479.29,8494.99,197.909115
2018-05-21 12:30:00,8492.98,8503.69,8492.98,8500.02,182.535115
2018-05-21 12:45:00,8500.02,8505.2,8483.71,8493.71,167.053335
2018-05-21 13:00:00,8493.71,8500.89,8480.02,8500.89,174.944365
2018-05-21 13:15:00,8500.89,8502.0,8463.01,8471.0,151.486947
2018-05-21 13:30:00,8471.0,8495.0,8463.79,8490.0,147.925359
2018-05-21 13:45:00,8487.99,8497.3,8476.79,8483.0,132.601196
2018-05-21 14:00:00,8482.99,8483.0,8444.73,8448.01,224.178687
2018-05-21 14:15:00,8449.98,8465.01,8390.51,8403.02,880.360171
2018-05-21 14:30:00,8406.9,8420.0,8350.0,8366.96,692.938553
2018-05-21 14:45:00,8368.16,8409.19,8362.15,8396.01,351.941281
2018-05-21 15:00:00,8396.01,8415.0,8360.0,8393.85,592.643298
2018-05-21 15:15:00,8396.0,8406.71,8372.0,8372.99,567.443253
2018-05-21 15:30:00,8372.9,8393.0,8362.0,8378.23,278.058917
2018-05-21 15:45:00,8378.23,8399.0,8372.19,8396.01,191.325355
2018-05-21 16:00:00,8396.01,8404.94,8366.18,8374.0,252.528191
2018-05-21 16:15:00,8373.99,8379.0,8351.0,8364.81,393.043467
2018-05-21 16:30:00,8364.81,8390.1,8350.0,8388.0,272.568334
2018-05-21 16:45:00,8390.0,8391.48,8375.02,8383.98,177.896651
2018-05-21 17:00:00,8383.98,8386.0,8380.74,8382.99,152.078827
2018-05-21 17:15:00,8382.99,8393.02,8381.02,8391.79,188.983497
2018-05-21 17:30:00,8391.79,8408.7,8377.0,8384.19,232.814903
2018-05-21 17:45:00,8384.0,8384.19,8364.0,8368.99,134.663019
2018-05-21 18:00:00,8368.98,8369.0,8305.0,8340.35,477.692389
2018-05-21 18:15:00,8344.79,8354.91,8324.43,8333.56,199.953251
2018-05-21 18:30:00,8339.9,8356.64,8333.56,8343.46,132.976739
2018-05-21 18:45:00,8340.74,8349.0,8325.12,8341.0,156.737024
2018-05-21 19:00:00,8340.99,8376.59,8331.62,8369.2,339.263239
2018-05-21 19:15:00,8373.61,8374.98,8358.0,8361.98,163.01028
2018-05-21 19:30:00,8361.98,8396.65,8355.98,8385.95,163.025686
2018-05-21 19:45:00,8385.0,8386.57,8360.0,8368.18,144.592103
2018-05-21 20:00:00,8368.18,8395.77,8360.0,8380.0,177.256231
2018-05-21 20:15:00,8380.0,8402.87,8380.0,8402.79,161.699809
2018-05-21 20:30:00,8402.79,8449.11,8400.02,8414.16,395.855321
2018-05-21 20:45:00,8413.54,8415.2,8379.04,8405.01,191.379003
2018-05-21 21:00:00,8405.0,8416.0,8393.12,8410.02,145.161778
2018-05-21 21:15:00,8410.01,8422.08,8405.0,8417.0,87.543211
2018-05-21 21:30:00,8417.02,8428.49,8367.15,8382.92,235.596572
2018-05-21 21:45:00,8384.63,8390.0,8371.02,8380.04,71.208197
2018-05-21 22:00:00,8380.04,8385.1,8367.0,8375.62,83.245317
2018-05-21 22:15:00,8375.62,8382.1,8366.0,8368.18,105.408065
2018-05-21 22:30:00,8368.18,8371.96,8351.2,8367.0,140.712808
2018-05-21 22:45:00,8367.0,8397.98,8353.98,8397.96,103.422709
2018-05-21 23:00:00,8397.96,8400.0,8383.0,8394.87,119.630504
2018-05-21 23:15:00,8395.93,8419.24,8394.87,8410.0,155.709038
2018-05-21 23:30:00,8409.01,8414.0,8383.0,8389.03,152.361089
2018-05-21 23:45:00,8389.02,8394.56,8374.13,8381.24,121.891507
2018-05-22 00:00:00,8386.89,8400.18,8381.25,8392.01,161.491299
2018-05-22 00:15:00,8394.39,8400.0,8377.6,8379.34,70.433227
2018-05-22 00:30:00,8382.84,8394.02,8369.87,8380.8,159.099791
2018-05-22 00:45:00,8388.39,8393.95,8311.0,8350.0,304.373957
2018-05-22 01:00:00,8350.0,8354.48,8291.0,8300.01,356.725047
2018-05-22 01:15:00,8300.01,8335.16,8295.0,8300.0,222.172406
2018-05-22 01:30:00,8300.0,8301.49,8255.2,8286.98,409.314833
2018-05-22 01:45:00,8286.95,8296.72,8251.23,8274.0,270.069263
2018-05-22 02:00:00,8274.0,8291.84,8252.42,8281.01,216.312531
2018-05-22 02:15:00,8281.01,8306.24,8266.51,8305.0,184.523619
2018-05-22 02:30:00,8305.0,8314.51,8289.67,8299.82,151.681835
2018-05-22 02:45:00,8299.98,8308.43,8280.0,8292.3,156.159422
2018-05-22 03:00:00,8292.3,8292.3,8273.18,8288.96,144.727261
2018-05-22 03:15:00,8288.96,8319.4,8283.91,8314.99,149.566458
2018-05-22 03:30:00,8312.97,8314.99,8301.0,8308.86,120.863625
2018-05-22 03:45:00,8308.86,8326.65,8301.1,8324.94,243.414719
2018-05-22 04:00:00,8324.94,8326.64,8300.01,8309.42,222.378865
2018-05-22 04:15:00,8309.0,8309.51,8271.63,8275.93,252.038533
2018-05-22 04:30:00,8276.0,8295.05,8273.27,8282.99,286.362939
2018-05-22 04:45:00,8282.99,8287.98,8276.24,8279.0,185.149867
2018-05-22 05:00:00,8279.0,8287.76,8269.2,8285.0,167.200689
2018-05-22 05:15:00,8286.39,8297.87,8280.0,8286.01,80.927473
2018-05-22 05:30:00,8286.0,8297.99,8276.52,8292.02,98.784478
2018-05-22 05:45:00,8292.02,8297.95,8286.79,8287.0,187.236663
2018-05-22 06:00:00,8287.0,8345.99,8270.0,8340.75,355.646479
2018-05-22 06:15:00,8344.2,8345.21,8316.68,8337.88,278.90463
2018-05-22 06:30:00,8337.88,8368.34,8330.0,8338.54,279.770113
2018-05-22 06:45:00,8338.54,8346.35,8315.15,8327.1,179.884294
2018-05-22 07:00:00,8327.1,8328.99,8303.0,8310.0,98.257374
2018-05-22 07:15:00,8310.0,8335.99,8309.99,8335.02,104.26262
2018-05-22 07:30:00,8335.98,8335.99,8319.0,8323.08,101.650033
2018-05-22 07:45:00,8323.08,8327.99,8303.0,8322.0,274.531742
2018-05-22 08:00:00,8322.98,8324.6,8298.26,8298.86,173.23271
2018-05-22 08:15:00,8298.26,8316.68,8290.36,8310.99,137.051781
2018-05-22 08:30:00,8310.99,8325.0,8310.99,8315.34,110.539855
2018-05-22 08:45:00,8315.19,8315.34,8287.81,8293.18,148.206316
2018-05-22 09:00:00,8293.18,8293.19,8231.58,8250.55,487.472104
2018-05-22 09:15:00,8252.0,8277.93,8250.01,8260.63,183.998847
2018-05-22 09:30:00,8261.01,8264.95,8237.0,8245.73,176.964842
2018-05-22 09:45:00,8245.61,8245.9,8211.18,8238.01,245.366695
2018-05-22 10:00:00,8238.01,8255.0,8229.5,8245.52,213.707816
2018-05-22 10:15:00,8249.49,8259.98,8242.24,8256.05,164.08831
2018-05-22 10:30:00,8256.05,8270.97,8256.02,8270.0,155.266469
2018-05-22 10:45:00,8270.0,8277.99,8237.02,8266.96,221.360797
2018-05-22 11:00:00,8266.96,8267.79,8231.54,8231.54,241.682394
2018-05-22 11:15:00,8231.53,8250.14,8215.8,8221.71,301.574288
2018-05-22 11:30:00,8221.71,8241.86,8191.41,8220.08,371.733941
2018-05-22 11:45:00,8225.82,8237.0,8200.33,8202.21,193.30952
2018-05-22 12:00:00,8205.01,8220.0,8150.06,8164.02,592.007673
2018-05-22 12:15:00,8164.03,8198.0,8158.77,8180.0,306.674949
2018-05-22 12:30:00,8176.56,8180.0,8158.0,8159.97,260.400439
2018-05-22 12:45:00,8158.01,8175.0,8145.0,8172.5,382.943214
2018-05-22 13:00:00,8172.5,8211.96,8172.24,8211.96,349.279979
2018-05-22 13:15:00,8210.51,8220.09,8190.11,8200.01,246.958503
2018-05-22 13:30:00,8200.01,8233.96,8200.0,8222.78,254.582885
2018-05-22 13:45:00,8225.62,8245.58,8208.34,8215.06,192.210852
2018-05-22 14:00:00,8215.06,8219.9,8191.16,8218.94,229.715348
2018-05-22 14:15:00,8216.97,8235.0,8215.0,8233.03,157.453586
2018-05-22 14:30:00,8233.03,8260.96,8231.0,8242.97,275.700257
2018-05-22 14:45:00,8242.97,8242.97,8218.99,8220.0,222.025808
2018-05-22 15:00:00,8219.99,8244.69,8210.0,8238.08,281.158981
2018-05-22 15:15:00,8238.08,8262.0,8235.01,8240.0,234.620806
2018-05-22 15:30:00,8239.05,8255.21,8222.38,8235.0,199.327961
2018-05-22 15:45:00,8235.0,8240.0,8220.7,8232.0,154.678742
2018-05-22 16:00:00,8232.0,8241.65,8224.0,8235.65,132.243855
2018-05-22 16:15:00,8234.39,8261.0,8230.0,8260.69,209.568776
2018-05-22 16:30:00,8255.02,8255.22,8227.57,8238.95,124.865571
2018-05-22 16:45:00,8238.95,8238.95,8212.25,8220.87,134.590131
2018-05-22 17:00:00,8223.0,8227.0,8200.0,8222.99,123.543225
2018-05-22 17:15:00,8220.01,8238.0,8220.0,8227.98,69.038324
2018-05-22 17:30:00,8227.98,8228.01,8204.99,8225.0,108.661932
2018-05-22 17:45:00,8225.95,8230.78,8210.0,8210.01,92.319304
2018-05-22 18:00:00,8211.94,8214.98,8178.03,8198.67,227.71085
2018-05-22 18:15:00,8198.57,8219.79,8189.79,8195.2,161.925816
2018-05-22 18:30:00,8195.2,8217.43,8180.0,8215.01,219.835995
2018-05-22 18:45:00,8215.01,8223.06,8201.0,8214.39,140.683743
2018-05-22 19:00:00,8214.39,8233.99,8201.97,8201.98,164.632796
2018-05-22 19:15:00,8201.98,8206.96,8167.34,8181.04,247.135987
2018-05-22 19:30:00,8181.05,8198.46,8155.2,8176.95,361.018249
2018-05-22 19:45:00,8176.94,8190.0,8168.0,8171.09,152.788781
2018-05-22 20:00:00,8171.03,8190.83,8155.21,8158.0,160.740242
2018-05-22 20:15:00,8158.0,8190.86,8155.0,8187.0,190.79303
2018-05-22 20:30:00,8186.78,8195.3,8165.0,8170.0,106.975415
2018-05-22 20:45:00,8170.0,8177.29,8086.5,8106.96,635.160347
2018-05-22 21:00:00,8106.98,8106.98,8081.66,8083.29,399.477442
2018-05-22 21:15:00,8083.29,8087.26,8050.0,8080.0,568.710644
2018-05-22 21:30:00,8080.0,8107.0,8078.0,8080.0,278.940483
2018-05-22 21:45:00,8080.0,8080.0,8050.0,8068.03,373.662563
2018-05-22 22:00:00,8068.0,8099.0,8068.0,8088.0,342.090611
2018-05-22 22:15:00,8088.0,8104.0,8055.0,8058.0,262.063531
2018-05-22 22:30:00,8057.99,8074.0,7965.51,7994.14,1028.218975
2018-05-22 22:45:00,7995.0,7998.0,7935.11,7961.99,969.196557
2018-05-22 23:00:00,7961.99,8040.1,7957.61,7999.99,569.325789
2018-05-22 23:15:00,8000.0,8027.14,7972.49,7988.87,300.315263
2018-05-22 23:30:00,7988.87,8024.0,7985.78,8009.21,247.93423
2018-05-22 23:45:00,8006.0,8019.99,7977.1,7977.11,267.521648
2018-05-23 00:00:00,7977.12,8029.29,7974.96,8026.0,245.394782
2018-05-23 00:15:00,8026.0,8031.9,8000.0,8015.0,229.921592
2018-05-23 00:30:00,8019.03,8022.0,7984.97,7992.0,255.778511
2018-05-23 00:45:00,7992.0,7992.0,7944.07,7944.07,382.107209
2018-05-23 01:00:00,7949.99,7953.94,7866.65,7870.03,1059.38965
2018-05-23 01:15:00,7874.0,7900.29,7860.0,7880.0,439.946015
2018-05-23 01:30:00,7880.0,7925.0,7865.32,7904.14,474.513586
2018-05-23 01:45:00,7904.14,7921.83,7889.0,7907.48,252.343268
2018-05-23 02:00:00,7907.0,7918.2,7860.4,7870.0,279.714053
2018-05-23 02:15:00,7868.2,7909.0,7868.1,7909.0,253.083643
2018-05-23 02:30:00,7909.0,7920.0,7893.02,7916.97,180.992686
2018-05-23 02:45:00,7915.01,7936.21,7901.6,7902.98,258.554791
2018-05-23 03:00:00,7901.6,7930.25,7887.18,7921.85,293.930322
2018-05-23 03:15:00,7921.86,7959.99,7921.85,7957.45,274.280112
2018-05-23 03:30:00,7957.46,7973.34,7940.16,7949.49,291.859395
2018-05-23 03:45:00,7946.74,7960.3,7936.26,7956.0,135.642124
2018-05-23 04:00:00,7956.0,7961.28,7920.0,7926.37,228.197744
2018-05-23 04:15:00,7930.7,7935.38,7880.01,7891.0,207.8486
2018-05-23 04:30:00,7889.99,7917.93,7871.05,7915.37,324.176272
2018-05-23 04:45:00,7915.37,7920.02,7883.0,7902.18,199.459918
2018-05-23 05:00:00,7902.17,7917.93,7880.09,7917.07,200.318017
2018-05-23 05:15:00,7914.73,7920.8,7905.01,7920.8,180.725188
2018-05-23 05:30:00,7920.79,7936.0,7920.78,7924.0,125.791721
2018-05-23 05:45:00,7924.0,7924.0,7900.0,7912.04,188.999165
2018-05-23 06:00:00,7910.44,7920.0,7892.6,7914.75,170.394235
2018-05-23 06:15:00,7914.37,7940.0,7911.27,7935.0,287.580627
2018-05-23 06:30:00,7934.99,7955.0,7927.88,7945.0,210.078669
2018-05-23 06:45:00,7943.26,7952.37,7937.01,7945.85,227.545681
2018-05-23 07:00:00,7945.85,7945.92,7908.98,7915.0,167.770902
2018-05-23 07:15:00,7917.01,7920.0,7874.6,7880.75,468.311554
2018-05-23 07:30:00,7879.95,7900.83,7805.0,7841.86,1280.480021
2018-05-23 07:45:00,7843.66,7850.06,7815.21,7838.0,596.622655
2018-05-23 08:00:00,7838.0,7884.8,7834.01,7857.82,664.674249
2018-05-23 08:15:00,7854.0,7862.16,7783.0,7802.05,651.457124
2018-05-23 08:30:00,7802.05,7820.0,7784.0,7797.1,633.430799
2018-05-23 08:45:00,7797.1,7848.28,7794.28,7840.99,411.564566
2018-05-23 09:00:00,7840.99,7849.59,7812.28,7820.96,244.213185
2018-05-23 09:15:00,7822.14,7829.0,7784.55,7797.9,373.126572
2018-05-23 09:30:00,7797.9,7840.94,7791.24,7830.03,328.458786
2018-05-23 09:45:00,7830.03,7839.0,7803.31,7835.0,361.075599
2018-05-23 10:00:00,7834.99,7900.0,7829.6,7884.47,554.057077
2018-05-23 10:15:00,7884.47,7909.69,7871.47,7884.19,373.253619
2018-05-23 10:30:00,7884.55,7890.01,7846.09,7846.09,98.688688
2018-05-23 10:45:00,7850.0,7864.49,7826.38,7842.99,292.474107
2018-05-23 11:00:00,7842.99,7871.88,7832.28,7832.58,181.152255
2018-05-23 11:15:00,7832.58,7838.0,7796.53,7830.0,380.837628
2018-05-23 11:30:00,7829.99,7843.62,7820.82,7824.62,264.70538
2018-05-23 11:45:00,7824.61,7865.98,7817.81,7834.0,294.30299
2018-05-23 12:00:00,7839.96,7865.3,7832.74,7845.5,180.601595
2018-05-23 12:15:00,7849.0,7860.0,7833.77,7855.17,162.411741
2018-05-23 12:30:00,7855.17,7910.0,7852.14,7901.16,390.512725
2018-05-23 12:45:00,7904.75,7938.84,7887.0,7909.32,408.624334
2018-05-23 13:00:00,7909.32,7914.18,7879.85,7902.0,300.589123
2018-05-23 13:15:00,7902.0,7902.93,7871.0,7895.68,197.673538
2018-05-23 13:30:00,7893.0,7931.86,7882.56,7929.2,326.052268
2018-05-23 13:45:00,7925.51,7931.63,7880.02,7890.67,248.840932
2018-05-23 14:00:00,7888.01,7900.0,7850.0,7864.84,404.738711
2018-05-23 14:15:00,7864.83,7880.0,7844.25,7851.99,268.397782
2018-05-23 14:30:00,7852.07,7876.19,7850.0,7860.13,174.58154
2018-05-23 14:45:00,7860.15,7870.0,7855.0,7870.0,208.64843
2018-05-23 15:00:00,7870.0,7889.98,7866.0,7875.0,180.357815
2018-05-23 15:15:00,7873.41,7875.0,7815.0,7819.98,304.179956
2018-05-23 15:30:00,7816.0,7820.0,7693.0,7725.16,1517.165052
2018-05-23 15:45:00,7725.16,7730.0,7641.0,7691.0,1355.268714
2018-05-23 16:00:00,7693.3,7696.11,7579.69,7587.02,1462.274013
2018-05-23 16:15:00,7587.02,7626.68,7536.0,7615.02,1744.106782
2018-05-23 16:30:00,7617.0,7629.88,7580.0,7592.98,764.143266
2018-05-23 16:45:00,7592.98,7650.92,7590.0,7601.0,552.981756
2018-05-23 17:00:00,7601.0,7628.15,7565.36,7587.55,663.733002
2018-05-23 17:15:00,7584.78,7585.99,7487.0,7510.01,1324.42437
2018-05-23 17:30:00,7510.03,7550.0,7480.01,7480.02,718.850244
2018-05-23 17:45:00,7480.01,7529.03,7425.0,7495.98,1183.441343
2018-05-23 18:00:00,7495.98,7526.14,7433.34,7469.98,687.573849
2018-05-23 18:15:00,7469.98,7535.01,7442.67,7523.0,691.999266
2018-05-23 18:30:00,7520.0,7541.0,7480.0,7520.36,502.019162
2018-05-23 18:45:00,7520.37,7529.21,7425.0,7478.95,555.991026
2018-05-23 19:00:00,7472.76,7530.0,7472.76,7526.64,333.789278
2018-05-23 19:15:00,7529.99,7551.65,7504.0,7519.99,449.310468
2018-05-23 19:30:00,7519.95,7633.28,7515.95,7599.68,833.759047
2018-05-23 19:45:00,7599.68,7620.0,7583.06,7589.99,793.695473
2018-05-23 20:00:00,7590.85,7659.92,7585.0,7640.0,802.329637
2018-05-23 20:15:00,7641.19,7643.26,7568.5,7593.55,563.599703
2018-05-23 20:30:00,7593.55,7601.45,7554.6,7567.95,357.739913
2018-05-23 20:45:00,7567.95,7592.7,7517.08,7585.02,609.818524
2018-05-23 21:00:00,7591.98,7592.54,7564.05,7592.54,251.706766
2018-05-23 21:15:00,7592.54,7597.32,7561.0,7573.94,220.13334
2018-05-23 21:30:00,7573.91,7580.4,7551.0,7568.0,194.072422
2018-05-23 21:45:00,7568.0,7652.47,7565.0,7650.0,448.064049
2018-05-23 22:00:00,7650.0,7652.47,7570.0,7595.03,516.591911
2018-05-23 22:15:00,7590.02,7614.06,7565.6,7582.57,280.332459
2018-05-23 22:30:00,7582.57,7583.7,7527.0,7568.64,337.697755
2018-05-23 22:45:00,7568.64,7581.98,7530.18,7536.0,293.490337
2018-05-23 23:00:00,7539.98,7565.86,7489.89,7519.74,389.861604
2018-05-23 23:15:00,7520.0,7524.92,7440.97,7459.99,431.818568
2018-05-23 23:30:00,7459.99,7558.1,7458.01,7543.55,551.970598
2018-05-23 23:45:00,7543.55,7554.0,7485.23,7501.95,291.477255
2018-05-24 00:00:00,7501.95,7546.25,7496.09,7538.21,252.007191
2018-05-24 00:15:00,7537.0,7601.98,7536.0,7574.0,382.395629
2018-05-24 00:30:00,7571.7,7615.0,7564.0,7568.43,414.554697
2018-05-24 00:45:00,7575.38,7580.3,7558.15,7577.29,267.022242
2018-05-24 01:00:00,7577.29,7621.0,7563.47,7592.21,633.696227
2018-05-24 01:15:00,7590.03,7644.89,7590.0,7610.79,408.212006
2018-05-24 01:30:00,7619.96,7620.0,7569.0,7574.45,316.59907
2018-05-24 01:45:00,7575.0,7612.06,7569.01,7585.66,213.433354
2018-05-24 02:00:00,7589.0,7614.19,7577.51,7605.88,146.626414
2018-05-24 02:15:00,7605.9,7609.83,7575.6,7578.0,256.759069
2018-05-24 02:30:00,7578.0,7579.62,7542.01,7574.0,242.415712
2018-05-24 02:45:00,7571.01,7575.1,7546.0,7557.98,134.321957
2018-05-24 03:00:00,7557.97,7575.1,7546.2,7575.1,283.957435
2018-05-24 03:15:00,7575.0,7629.64,7575.0,7605.7,246.244969
2018-05-24 03:30:00,7598.92,7624.0,7580.0,7618.24,208.639344
2018-05-24 03:45:00,7616.55,7640.0,7595.43,7604.35,245.378806
2018-05-24 04:00:00,7604.35,7641.44,7597.04,7638.0,294.825253
2018-05-24 04:15:00,7640.74,7722.61,7625.0,7707.96,870.270162
2018-05-24 04:30:00,7707.92,7728.79,7675.17,7688.88,449.290621
2018-05-24 04:45:00,7690.65,7730.73,7682.04,7720.27,334.835889
2018-05-24 05:00:00,7714.3,7721.95,7685.99,7700.01,248.803421
2018-05-24 05:15:00,7700.0,7707.47,7683.68,7702.85,183.042561
2018-05-24 05:30:00,7702.84,7707.24,7670.83,7679.21,197.962818
2018-05-24 05:45:00,7679.59,7689.61,7650.02,7688.39,332.94869
2018-05-24 06:00:00,7684.04,7695.74,7668.5,7680.4,171.317035
2018-05-24 06:15:00,7680.39,7697.39,7651.0,7651.0,368.054894
2018-05-24 06:30:00,7651.0,7660.0,7605.45,7627.07,457.953536
2018-05-24 06:45:00,7627.07,7657.13,7620.01,7644.29,217.41058
2018-05-24 07:00:00,7648.58,7679.99,7644.3,7671.97,216.766221
2018-05-24 07:15:00,7669.0,7671.97,7637.0,7645.42,241.293915
2018-05-24 07:30:00,7645.42,7652.2,7555.02,7570.46,451.232977
2018-05-24 07:45:00,7578.71,7583.62,7521.98,7542.02,431.717155
2018-05-24 08:00:00,7547.94,7560.0,7465.21,7473.99,714.848685
2018-05-24 08:15:00,7474.0,7520.0,7388.0,7410.26,799.172254
2018-05-24 08:30:00,7410.26,7415.35,7353.0,7400.0,949.126926
2018-05-24 08:45:00,7400.5,7423.99,7360.0,7397.07,507.714785
2018-05-24 09:00:00,7401.33,7417.13,7303.78,7331.23,1309.505072
2018-05-24 09:15:00,7324.91,7364.77,7266.99,7340.0,1313.106031
2018-05-24 09:30:00,7332.11,7393.0,7315.6,7358.81,721.32181
2018-05-24 09:45:00,7362.05,7402.0,7300.6,7376.01,573.486421
2018-05-24 10:00:00,7374.0,7396.41,7326.0,7387.99,331.383357
2018-05-24 10:15:00,7387.11,7412.15,7317.0,7330.45,537.502006
2018-05-24 10:30:00,7340.14,7370.98,7328.49,7346.58,270.972529
2018-05-24 10:45:00,7346.58,7350.0,7285.0,7342.33,437.642285
2018-05-24 11:00:00,7342.33,7385.0,7337.21,7342.84,305.687971
2018-05-24 11:15:00,7342.84,7400.0,7340.0,7375.0,370.505343
2018-05-24 11:30:00,7375.0,7381.38,7350.0,7365.08,242.333037
2018-05-24 11:45:00,7365.06,7375.06,7345.42,7364.99,252.670337
2018-05-24 12:00:00,7361.98,7374.74,7308.72,7340.5,424.192593
2018-05-24 12:15:00,7349.0,7358.98,7311.74,7330.89,222.820072
2018-05-24 12:30:00,7330.89,7340.0,7268.0,7329.99,368.169909
2018-05-24 12:45:00,7329.99,7575.36,7316.35,7530.0,899.116389
2018-05-24 13:00:00,7520.0,7550.0,7488.0,7525.0,463.788946
2018-05-24 13:15:00,7525.0,7544.0,7442.19,7516.21,994.639579
2018-05-24 13:30:00,7525.45,7570.01,7512.02,7527.95,564.789109
2018-05-24 13:45:00,7527.95,7547.0,7469.86,7496.03,512.46863
2018-05-24 14:00:00,7496.03,7503.65,7450.57,7487.02,367.118182
2018-05-24 14:15:00,7489.98,7518.64,7478.56,7497.0,277.774987
2018-05-24 14:30:00,7497.0,7563.99,7490.0,7527.05,549.8837
2018-05-24 14:45:00,7527.05,7534.58,7494.91,7521.97,310.481791
2018-05-24 15:00:00,7515.03,7548.0,7503.0,7525.64,361.705872
2018-05-24 15:15:00,7532.78,7532.88,7486.61,7505.0,348.214882
2018-05-24 15:30:00,7505.0,7564.17,7504.99,7564.17,339.405451
2018-05-24 15:45:00,7564.88,7589.0,7540.0,7576.06,492.785922
2018-05-24 16:00:00,7576.08,7580.67,7540.0,7567.18,533.68423
2018-05-24 16:15:00,7567.18,7569.0,7520.46,7525.01,394.363454
2018-05-24 16:30:00,7525.01,7527.0,7480.0,7501.12,597.708046
2018-05-24 16:45:00,7501.12,7520.2,7495.0,7513.97,304.631523
2018-05-24 17:00:00,7514.99,7542.07,7507.0,7513.99,266.143428
2018-05-24 17:15:00,7513.99,7513.99,7444.0,7484.0,659.852634
2018-05-24 17:30:00,7483.0,7535.0,7481.94,7509.75,349.868811
2018-05-24 17:45:00,7509.27,7529.5,7504.31,7512.37,172.479667
2018-05-24 18:00:00,7512.36,7598.71,7487.51,7555.35,437.799137
2018-05-24 18:15:00,7559.42,7572.2,7530.0,7545.98,393.295351
2018-05-24 18:30:00,7545.99,7562.41,7532.0,7547.01,292.837622
2018-05-24 18:45:00,7547.01,7613.13,7547.0,7586.66,585.434199
2018-05-24 19:00:00,7586.66,7630.0,7575.92,7582.1,491.077874
2018-05-24 19:15:00,7582.11,7608.63,7551.61,7572.26,319.73622
2018-05-24 19:30:00,7572.27,7581.07,7556.0,7574.98,144.266708
2018-05-24 19:45:00,7574.99,7596.23,7564.02,7579.58,171.638799
2018-05-24 20:00:00,7579.58,7586.02,7525.21,7545.16,238.559313
2018-05-24 20:15:00,7545.17,7569.89,7511.15,7520.21,217.050456
2018-05-24 20:30:00,7520.43,7530.03,7505.0,7516.93,186.591221
2018-05-24 20:45:00,7516.92,7559.0,7509.79,7538.54,197.093034
2018-05-24 21:00:00,7530.04,7555.85,7516.0,7516.04,124.349388
2018-05-24 21:15:00,7516.63,7527.0,7462.91,7483.38,328.444595
2018-05-24 21:30:00,7477.0,7503.72,7475.36,7491.91,173.393661
2018-05-24 21:45:00,7491.91,7520.0,7487.0,7510.0,182.84378
2018-05-24 22:00:00,7514.0,7541.61,7495.0,7540.82,299.1452
2018-05-24 22:15:00,7542.0,7551.21,7520.0,7549.99,175.832744
2018-05-24 22:30:00,7549.99,7590.13,7538.15,7579.98,294.279111
2018-05-24 22:45:00,7579.98,7584.45,7550.88,7575.01,210.736728
2018-05-24 23:00:00,7577.95,7590.47,7555.0,7590.0,604.790472
2018-05-24 23:15:00,7590.0,7640.79,7579.48,7596.0,663.770278
2018-05-24 23:30:00,7604.48,7604.48,7537.07,7537.45,279.117581
2018-05-24 23:45:00,7537.45,7589.0,7537.07,7575.01,300.306617
2018-05-25 00:00:00,7578.99,7591.01,7551.01,7560.0,191.749248
2018-05-25 00:15:00,7560.0,7566.91,7536.08,7553.02,230.93757
2018-05-25 00:30:00,7556.0,7558.98,7516.38,7518.43,293.762787
2018-05-25 00:45:00,7518.44,7556.94,7515.57,7552.17,221.063529
2018-05-25 01:00:00,7552.17,7561.0,7532.73,7545.74,154.261215
2018-05-25 01:15:00,7545.75,7556.96,7503.93,7530.74,259.415951
2018-05-25 01:30:00,7530.74,7560.0,7517.27,7545.02,310.265676
2018-05-25 01:45:00,7545.01,7568.01,7541.21,7557.91,195.613374
2018-05-25 02:00:00,7557.91,7587.04,7553.03,7554.01,157.256574
2018-05-25 02:15:00,7554.11,7589.0,7543.41,7583.5,170.524443
2018-05-25 02:30:00,7585.95,7647.79,7581.79,7613.97,541.48033
2018-05-25 02:45:00,7613.99,7632.3,7611.0,7628.36,327.546812
2018-05-25 03:00:00,7628.37,7633.58,7575.75,7580.48,203.491327
2018-05-25 03:15:00,7580.48,7611.0,7580.45,7611.0,167.417134
2018-05-25 03:30:00,7611.0,7611.0,7551.0,7560.0,630.202747
2018-05-25 03:45:00,7559.99,7595.02,7558.16,7591.96,216.029697
2018-05-25 04:00:00,7590.0,7593.0,7574.6,7590.11,133.033643
2018-05-25 04:15:00,7592.97,7617.0,7583.0,7598.55,204.276774
2018-05-25 04:30:00,7598.41,7598.82,7569.63,7581.0,129.10743
2018-05-25 04:45:00,7581.0,7583.2,7559.62,7579.73,184.372371
2018-05-25 05:00:00,7579.73,7593.48,7569.0,7582.81,177.063723
2018-05-25 05:15:00,7582.82,7596.0,7582.82,7589.79,160.278029
2018-05-25 05:30:00,7589.99,7607.0,7582.82,7606.97,135.897248
2018-05-25 05:45:00,7606.97,7623.43,7589.83,7622.01,298.501984
2018-05-25 06:00:00,7622.01,7649.55,7618.63,7621.0,295.869487
2018-05-25 06:15:00,7621.0,7621.97,7596.0,7619.0,221.662487
2018-05-25 06:30:00,7619.0,7624.99,7600.56,7600.57,183.121305
2018-05-25 06:45:00,7600.56,7602.56,7451.56,7482.98,1117.271864
2018-05-25 07:00:00,7481.0,7508.14,7369.13,7411.0,1387.193474
2018-05-25 07:15:00,7415.19,7434.73,7361.01,7407.18,1057.212391
2018-05-25 07:30:00,7407.18,7415.0,7380.1,7404.02,305.323452
2018-05-25 07:45:00,7404.02,7442.0,7390.01,7420.43,406.658673
2018-05-25 08:00:00,7419.67,7429.09,7380.1,7401.47,435.23439
2018-05-25 08:15:00,7396.85,7420.0,7382.64,7415.7,182.474968
2018-05-25 08:30:00,7415.7,7445.0,7413.0,7433.34,207.781965
2018-05-25 08:45:00,7433.34,7456.8,7415.0,7440.88,234.942154
2018-05-25 09:00:00,7446.98,7449.99,7408.2,7414.52,177.157703
2018-05-25 09:15:00,7411.63,7445.0,7410.0,7436.0,216.150956
2018-05-25 09:30:00,7436.01,7457.3,7422.84,7448.14,236.831225
2018-05-25 09:45:00,7448.14,7450.0,7378.26,7405.0,369.352201
2018-05-25 10:00:00,7404.99,7439.34,7403.15,7435.99,236.702291
2018-05-25 10:15:00,7435.0,7470.0,7410.0,7428.2,273.261442
2018-05-25 10:30:00,7427.78,7430.0,7391.84,7407.14,245.944723
2018-05-25 10:45:00,7412.57,7418.95,7318.0,7353.87,463.169091
2018-05-25 11:00:00,7353.74,7377.68,7308.15,7368.73,566.867952
2018-05-25 11:15:00,7362.05,7458.98,7342.61,7451.07,511.510258
2018-05-25 11:30:00,7440.19,7489.26,7439.95,7443.21,345.124554
2018-05-25 11:45:00,7449.47,7471.0,7443.21,7463.97,204.122283
2018-05-25 12:00:00,7460.0,7542.99,7451.0,7500.2,585.974829
2018-05-25 12:15:00,7505.0,7524.69,7481.82,7493.52,272.147245
2018-05-25 12:30:00,7494.94,7519.0,7490.0,7514.96,246.220391
2018-05-25 12:45:00,7518.85,7519.99,7489.96,7504.71,190.822042
2018-05-25 13:00:00,7505.9,7506.4,7457.88,7488.0,343.59488
2018-05-25 13:15:00,7487.87,7504.18,7470.06,7503.73,219.086366
2018-05-25 13:30:00,7503.74,7504.16,7452.0,7475.56,144.20933
2018-05-25 13:45:00,7475.57,7498.27,7462.02,7481.21,121.144258
2018-05-25 14:00:00,7469.12,7490.0,7452.96,7490.0,224.077422
2018-05-25 14:15:00,7490.0,7503.0,7478.44,7487.46,244.241009
2018-05-25 14:30:00,7487.46,7508.03,7486.01,7496.0,164.351459
2018-05-25 14:45:00,7496.0,7500.0,7460.0,7460.59,166.278586
2018-05-25 15:00:00,7460.59,7475.0,7416.0,7441.1,499.940938
2018-05-25 15:15:00,7448.64,7464.11,7429.71,7463.0,135.70485
2018-05-25 15:30:00,7461.76,7493.01,7445.02,7482.04,127.602997
2018-05-25 15:45:00,7482.04,7519.62,7476.82,7500.02,223.178501
2018-05-25 16:00:00,7500.02,7500.04,7462.0,7470.01,151.486094
2018-05-25 16:15:00,7470.01,7499.0,7470.01,7480.66,178.828908
2018-05-25 16:30:00,7480.67,7500.0,7473.7,7483.19,225.836585
2018-05-25 16:45:00,7483.2,7505.0,7454.1,7468.76,203.296364
2018-05-25 17:00:00,7468.76,7476.31,7425.0,7441.44,358.275794
2018-05-25 17:15:00,7441.44,7457.87,7407.11,7447.61,422.431304
2018-05-25 17:30:00,7447.61,7462.0,7410.0,7436.67,269.832753
2018-05-25 17:45:00,7436.67,7458.84,7418.0,7427.82,220.700374
2018-05-25 18:00:00,7427.82,7440.0,7386.13,7429.27,545.30463
2018-05-25 18:15:00,7429.26,7444.35,7404.1,7434.96,292.179137
2018-05-25 18:30:00,7434.9,7438.44,7390.0,7399.0,159.605504
2018-05-25 18:45:00,7399.01,7425.0,7390.01,7418.1,167.933721
2018-05-25 19:00:00,7416.98,7418.1,7397.08,7415.0,155.334764
2018-05-25 19:15:00,7415.01,7419.99,7368.0,7396.43,324.269274
2018-05-25 19:30:00,7396.43,7415.0,7353.33,7394.24,276.035384
2018-05-25 19:45:00,7394.24,7434.96,7389.39,7416.01,208.317049
2018-05-25 20:00:00,7417.02,7417.02,7383.42,7393.71,156.1756
2018-05-25 20:15:00,7398.99,7440.73,7393.0,7436.77,200.494857
2018-05-25 20:30:00,7436.77,7455.63,7429.18,7431.55,150.569615
2018-05-25 20:45:00,7431.54,7445.0,7410.01,7442.24,117.830525
2018-05-25 21:00:00,7442.24,7445.18,7422.0,7428.91,91.734903
2018-05-25 21:15:00,7422.0,7434.69,7411.69,7420.97,123.024971
2018-05-25 21:30:00,7420.97,7425.0,7415.0,7420.03,165.733339
2018-05-25 21:45:00,7420.78,7441.0,7420.78,7440.96,163.319284
2018-05-25 22:00:00,7441.0,7442.0,7416.0,7417.02,85.596067
2018-05-25 22:15:00,7419.51,7432.23,7380.01,7395.31,169.685588
2018-05-25 22:30:00,7395.31,7412.8,7380.02,7391.86,211.642895
2018-05-25 22:45:00,7386.12,7393.72,7344.35,7389.88,446.157476
2018-05-25 23:00:00,7389.88,7410.0,7380.0,7388.6,183.249516
2018-05-25 23:15:00,7382.86,7398.73,7362.11,7387.15,144.689045
2018-05-25 23:30:00,7389.99,7395.0,7370.1,7388.65,115.096889
2018-05-25 23:45:00,7392.62,7505.0,7392.61,7457.0,572.222423
2018-05-26 00:00:00,7456.99,7456.99,7431.23,7445.88,132.474188
2018-05-26 00:15:00,7445.88,7445.88,7420.0,7445.88,130.169011
2018-05-26 00:30:00,7445.89,7450.0,7412.0,7429.23,167.58065
2018-05-26 00:45:00,7429.22,7447.7,7417.0,7443.27,108.107663
2018-05-26 01:00:00,7443.27,7448.0,7420.0,7425.0,158.689014
2018-05-26 01:15:00,7425.0,7440.0,7415.02,7440.0,131.257629
2018-05-26 01:30:00,7440.0,7457.0,7435.0,7440.79,126.594431
2018-05-26 01:45:00,7444.91,7469.0,7431.0,7437.11,128.036717
2018-05-26 02:00:00,7437.1,7446.0,7426.31,7436.67,102.712649
2018-05-26 02:15:00,7438.0,7446.0,7417.05,7424.98,104.716074
2018-05-26 02:30:00,7426.48,7430.05,7411.46,7424.06,150.242832
2018-05-26 02:45:00,7427.26,7427.48,7398.18,7416.41,252.086426
2018-05-26 03:00:00,7416.41,7429.46,7404.03,7421.54,169.92174
2018-05-26 03:15:00,7421.54,7426.0,7407.4,7420.96,62.097696
2018-05-26 03:30:00,7420.88,7421.0,7404.03,7415.69,77.595887
2018-05-26 03:45:00,7413.06,7439.24,7413.06,7435.46,207.43521
2018-05-26 04:00:00,7437.83,7444.41,7381.0,7395.84,153.974235
2018-05-26 04:15:00,7395.84,7407.46,7376.0,7398.55,97.322163
2018-05-26 04:30:00,7398.67,7409.85,7390.0,7401.22,56.281027
2018-05-26 04:45:00,7401.23,7407.93,7357.4,7385.6,163.713837
2018-05-26 05:00:00,7384.0,7396.0,7360.0,7396.0,139.275488
2018-05-26 05:15:00,7396.0,7405.4,7382.38,7400.06,98.777265
2018-05-26 05:30:00,7400.06,7410.0,7388.02,7402.67,98.974108
2018-05-26 05:45:00,7402.73,7439.11,7402.67,7435.6,125.57112
2018-05-26 06:00:00,7434.25,7440.0,7413.63,7428.25,162.568973
2018-05-26 06:15:00,7428.24,7436.06,7419.97,7419.97,268.07531
2018-05-26 06:30:00,7420.0,7429.14,7409.86,7420.0,69.882135
2018-05-26 06:45:00,7420.34,7425.0,7405.0,7420.11,99.874103
2018-05-26 07:00:00,7420.07,7432.0,7411.12,7432.0,128.442417
2018-05-26 07:15:00,7432.81,7620.0,7420.0,7575.01,1249.795977
2018-05-26 07:30:00,7579.01,7600.43,7544.24,7565.1,435.226917
2018-05-26 07:45:00,7565.1,7566.29,7540.13,7550.0,203.735844
2018-05-26 08:00:00,7549.99,7565.56,7539.0,7541.97,200.69634
2018-05-26 08:15:00,7541.99,7574.78,7541.97,7565.89,189.336203
2018-05-26 08:30:00,7565.89,7568.0,7525.0,7531.0,253.102669
2018-05-26 08:45:00,7531.0,7543.96,7520.0,7543.25,187.809874
2018-05-26 09:00:00,7543.24,7550.0,7533.0,7535.69,252.246141
2018-05-26 09:15:00,7533.74,7550.0,7533.43,7548.99,114.42509
2018-05-26 09:30:00,7548.99,7564.62,7543.86,7548.97,239.03957
2018-05-26 09:45:00,7548.01,7552.08,7531.19,7540.01,199.940703
2018-05-26 10:00:00,7543.14,7546.05,7530.0,7537.0,71.043676
2018-05-26 10:15:00,7537.0,7539.8,7500.2,7508.72,261.869459
2018-05-26 10:30:00,7516.47,7538.33,7507.78,7536.61,108.660051
2018-05-26 10:45:00,7530.06,7543.0,7523.73,7532.0,146.87017
2018-05-26 11:00:00,7532.0,7538.85,7520.22,7531.05,95.40759
2018-05-26 11:15:00,7531.05,7542.98,7529.89,7535.54,144.73126
2018-05-26 11:30:00,7535.55,7541.7,7523.03,7523.08,92.103498
2018-05-26 11:45:00,7528.58,7536.0,7523.08,7528.68,77.530956
2018-05-26 12:00:00,7528.69,7542.98,7487.93,7504.86,244.014386
2018-05-26 12:15:00,7504.86,7519.0,7490.83,7494.99,239.662958
2018-05-26 12:30:00,7494.99,7525.77,7462.2,7510.01,423.04429
2018-05-26 12:45:00,7510.0,7530.12,7510.0,7520.42,178.302021
2018-05-26 13:00:00,7520.42,7530.0,7506.45,7506.45,151.412531
2018-05-26 13:15:00,7505.72,7519.0,7500.23,7518.0,113.385468
2018-05-26 13:30:00,7518.0,7541.05,7515.01,7532.35,204.070325
2018-05-26 13:45:00,7532.36,7553.11,7520.79,7532.22,261.847846
2018-05-26 14:00:00,7526.56,7546.71,7525.01,7540.5,233.886218
2018-05-26 14:15:00,7540.49,7540.5,7525.02,7534.99,111.694957
2018-05-26 14:30:00,7534.99,7538.87,7509.0,7511.43,178.067957
2018-05-26 14:45:00,7517.88,7519.22,7500.55,7518.8,136.616992
2018-05-26 15:00:00,7518.8,7529.06,7518.8,7528.4,126.125044
2018-05-26 15:15:00,7529.06,7549.99,7523.08,7535.84,255.986991
2018-05-26 15:30:00,7532.83,7538.3,7526.0,7530.07,98.238065
2018-05-26 15:45:00,7530.07,7547.05,7525.0,7542.77,127.843487
2018-05-26 16:00:00,7540.18,7549.79,7523.08,7534.34,262.192024
2018-05-26 16:15:00,7534.34,7536.56,7519.53,7530.0,93.987922
2018-05-26 16:30:00,7530.0,7532.57,7505.57,7527.98,217.833369
2018-05-26 16:45:00,7527.97,7534.86,7510.7,7524.57,78.484823
2018-05-26 17:00:00,7524.96,7546.0,7524.57,7534.0,195.181507
2018-05-26 17:15:00,7534.0,7540.13,7527.41,7534.99,93.42805
2018-05-26 17:30:00,7533.49,7540.13,7520.0,7536.6,103.147123
2018-05-26 17:45:00,7536.99,7560.0,7536.59,7548.26,198.765005
2018-05-26 18:00:00,7548.27,7560.0,7537.09,7555.03,240.471681
2018-05-26 18:15:00,7556.95,7569.38,7550.12,7555.0,221.055278
2018-05-26 18:30:00,7555.0,7561.59,7535.94,7550.88,132.688083
2018-05-26 18:45:00,7551.08,7552.94,7535.0,7550.0,223.773464
2018-05-26 19:00:00,7550.0,7563.0,7548.01,7548.01,230.725233
2018-05-26 19:15:00,7548.25,7549.51,7530.57,7543.39,174.806847
2018-05-26 19:30:00,7543.6,7550.0,7535.0,7535.0,136.526518
2018-05-26 19:45:00,7535.0,7540.54,7518.15,7533.35,233.235217
2018-05-26 20:00:00,7533.35,7540.38,7533.0,7539.41,136.761867
2018-05-26 20:15:00,7539.42,7539.42,7523.01,7524.33,139.331824
2018-05-26 20:30:00,7524.45,7541.9,7517.85,7526.46,88.284226
2018-05-26 20:45:00,7526.46,7535.97,7521.0,7528.9,75.802244
2018-05-26 21:00:00,7521.05,7553.0,7521.05,7547.55,159.066275
2018-05-26 21:15:00,7547.0,7620.0,7537.04,7542.15,667.953845
2018-05-26 21:30:00,7543.61,7548.8,7529.01,7540.01,102.805827
2018-05-26 21:45:00,7542.68,7547.45,7455.0,7463.0,423.280336
2018-05-26 22:00:00,7465.84,7466.0,7430.05,7449.0,363.794102
2018-05-26 22:15:00,7449.0,7474.82,7436.14,7463.12,155.008797
2018-05-26 22:30:00,7463.11,7466.0,7330.0,7349.99,868.786229
2018-05-26 22:45:00,7346.0,7353.93,7300.0,7327.28,874.740377
2018-05-26 23:00:00,7328.09,7364.98,7310.0,7329.18,340.749851
2018-05-26 23:15:00,7329.18,7359.99,7315.01,7340.21,260.167233
2018-05-26 23:30:00,7340.21,7341.27,7307.27,7324.67,315.470585
2018-05-26 23:45:00,7328.82,7338.92,7320.01,7333.96,175.558787
2018-05-27 00:00:00,7334.0,7334.93,7310.0,7312.3,258.281453
2018-05-27 00:15:00,7316.0,7321.43,7231.11,7246.0,859.53057
2018-05-27 00:30:00,7245.99,7279.9,7236.0,7253.53,372.932524
2018-05-27 00:45:00,7253.53,7287.94,7250.0,7270.0,252.202452
2018-05-27 01:00:00,7270.0,7286.23,7252.23,7274.0,246.796042
2018-05-27 01:15:00,7274.96,7311.38,7265.66,7295.0,218.195604
2018-05-27 01:30:00,7295.0,7311.38,7279.73,7303.99,175.279635
2018-05-27 01:45:00,7303.99,7303.99,7270.0,7277.62,176.530653
2018-05-27 02:00:00,7277.62,7340.06,7274.05,7310.5,233.426477
2018-05-27 02:15:00,7310.49,7327.67,7300.0,7316.0,182.546491
2018-05-27 02:30:00,7319.45,7319.5,7282.85,7303.68,172.587434
2018-05-27 02:45:00,7303.59,7310.0,7296.0,7304.0,211.986326
2018-05-27 03:00:00,7302.5,7305.0,7274.05,7280.0,109.237448
2018-05-27 03:15:00,7274.92,7286.39,7264.99,7269.96,185.1166
2018-05-27 03:30:00,7269.94,7292.0,7265.39,7286.78,230.362589
2018-05-27 03:45:00,7277.39,7308.79,7277.32,7297.95,81.140233
2018-05-27 04:00:00,7297.95,7313.1,7278.23,7310.98,144.811595
2018-05-27 04:15:00,7310.91,7325.9,7298.09,7311.65,207.064274
2018-05-27 04:30:00,7308.01,7311.65,7292.81,7298.39,75.421784
2018-05-27 04:45:00,7298.39,7305.0,7283.1,7304.99,94.373218
2018-05-27 05:00:00,7304.99,7304.99,7286.0,7298.54,121.690806
2018-05-27 05:15:00,7298.54,7298.82,7277.55,7298.0,95.526164
2018-05-27 05:30:00,7297.0,7298.0,7240.0,7264.52,273.110007
2018-05-27 05:45:00,7261.28,7290.0,7260.04,7288.39,119.65606
2018-05-27 06:00:00,7282.29,7293.76,7263.46,7293.76,185.106425
2018-05-27 06:15:00,7293.74,7312.91,7284.45,7298.98,196.166837
2018-05-27 06:30:00,7298.99,7303.06,7283.15,7293.65,96.224207
2018-05-27 06:45:00,7291.08,7293.65,7277.7,7287.96,120.352943
2018-05-27 07:00:00,7287.96,7288.18,7280.02,7285.37,103.125326
2018-05-27 07:15:00,7285.37,7287.95,7269.81,7287.0,108.412931
2018-05-27 07:30:00,7287.0,7380.0,7279.52,7333.01,344.601464
2018-05-27 07:45:00,7333.01,7349.89,7302.47,7314.66,290.319188
2018-05-27 08:00:00,7314.61,7325.14,7301.29,7320.0,152.852726
2018-05-27 08:15:00,7320.0,7335.0,7285.0,7293.49,269.612923
2018-05-27 08:30:00,7293.49,7326.21,7240.0,7292.33,346.960193
2018-05-27 08:45:00,7292.36,7306.86,7274.28,7299.83,126.970429
2018-05-27 09:00:00,7303.41,7327.87,7292.82,7326.87,197.268304
2018-05-27 09:15:00,7326.87,7333.0,7309.35,7316.91,132.166992
2018-05-27 09:30:00,7311.33,7326.99,7305.0,7324.93,90.42999
2018-05-27 09:45:00,7326.96,7327.88,7312.05,7320.2,75.948804
2018-05-27 10:00:00,7320.21,7330.99,7313.08,7330.0,129.686196
2018-05-27 10:15:00,7330.0,7394.4,7326.02,7340.0,507.743134
2018-05-27 10:30:00,7338.06,7351.75,7326.01,7338.99,166.353183
2018-05-27 10:45:00,7337.99,7339.31,7316.6,7326.24,168.212838
2018-05-27 11:00:00,7334.24,7340.0,7300.0,7317.99,220.414038
2018-05-27 11:15:00,7317.99,7335.87,7315.0,7331.4,121.395629
2018-05-27 11:30:00,7331.39,7335.0,7322.0,7326.02,131.067548
2018-05-27 11:45:00,7327.95,7356.47,7326.02,7334.0,153.527988
2018-05-27 12:00:00,7334.0,7340.0,7315.0,7334.0,124.587983
2018-05-27 12:15:00,7334.0,7334.97,7316.32,7320.01,105.071817
2018-05-27 12:30:00,7323.66,7324.0,7305.0,7310.0,146.017707
2018-05-27 12:45:00,7310.0,7318.0,7294.93,7308.06,125.47276
2018-05-27 13:00:00,7309.0,7314.0,7294.72,7300.0,168.073907
2018-05-27 13:15:00,7300.0,7315.0,7274.05,7296.01,392.487458
2018-05-27 13:30:00,7297.99,7308.61,7294.01,7299.0,110.672729
2018-05-27 13:45:00,7296.52,7305.0,7290.07,7299.0,182.586627
2018-05-27 14:00:00,7302.02,7304.97,7285.44,7300.79,143.67351
2018-05-27 14:15:00,7302.03,7334.76,7292.14,7309.41,170.014467
2018-05-27 14:30:00,7309.4,7355.99,7309.34,7339.99,293.079962
2018-05-27 14:45:00,7339.98,7359.9,7329.24,7344.99,201.325145
2018-05-27 15:00:00,7344.99,7367.98,7338.0,7342.01,238.826664
2018-05-27 15:15:00,7342.7,7348.0,7320.0,7337.0,189.114842
2018-05-27 15:30:00,7337.0,7345.89,7332.12,7344.89,129.974611
2018-05-27 15:45:00,7345.0,7347.04,7332.52,7342.0,130.127548
2018-05-27 16:00:00,7342.0,7362.0,7324.0,7357.95,133.445519
2018-05-27 16:15:00,7357.89,7360.0,7332.01,7343.39,158.511603
2018-05-27 16:30:00,7341.49,7350.0,7338.07,7350.0,75.145228
2018-05-27 16:45:00,7350.0,7354.87,7342.01,7348.0,83.596158
2018-05-27 17:00:00,7348.0,7358.23,7330.0,7332.0,180.585864
2018-05-27 17:15:00,7332.0,7344.72,7321.71,7337.02,130.150597
2018-05-27 17:30:00,7336.32,7359.0,7330.36,7354.0,258.414357
2018-05-27 17:45:00,7358.13,7367.97,7353.78,7360.0,142.973817
2018-05-27 18:00:00,7359.99,7400.0,7320.01,7326.94,344.916186
2018-05-27 18:15:00,7335.2,7336.62,7277.01,7288.25,436.38613
2018-05-27 18:30:00,7288.24,7317.6,7282.92,7299.84,161.145303
2018-05-27 18:45:00,7299.84,7304.96,7255.0,7277.0,864.268796
2018-05-27 19:00:00,7276.99,7289.98,7273.08,7289.97,230.676734
2018-05-27 19:15:00,7289.97,7289.98,7271.48,7284.05,222.235733
2018-05-27 19:30:00,7288.62,7289.98,7278.0,7288.26,277.746621
2018-05-27 19:45:00,7289.84,7289.98,7281.25,7287.5,118.952758
2018-05-27 20:00:00,7289.98,7330.15,7281.22,7304.83,381.794943
2018-05-27 20:15:00,7304.83,7318.08,7294.04,7313.04,133.841157
2018-05-27 20:30:00,7315.53,7327.36,7309.0,7320.97,155.480285
2018-05-27 20:45:00,7320.97,7324.0,7307.37,7307.37,106.87672
2018-05-27 21:00:00,7314.73,7315.95,7284.21,7296.97,162.132039
2018-05-27 21:15:00,7296.97,7320.74,7296.96,7318.94,118.917288
2018-05-27 21:30:00,7318.95,7320.73,7309.71,7316.01,90.351231
2018-05-27 21:45:00,7316.01,7330.17,7315.0,7325.65,136.301329
2018-05-27 22:00:00,7329.7,7332.0,7310.0,7314.97,123.656022
2018-05-27 22:15:00,7314.97,7317.89,7305.87,7317.83,86.360956
2018-05-27 22:30:00,7317.83,7332.01,7307.59,7332.01,232.339206
2018-05-27 22:45:00,7332.01,7339.0,7326.58,7338.99,141.968159
2018-05-27 23:00:00,7338.99,7375.62,7320.0,7332.34,286.472779
2018-05-27 23:15:00,7334.0,7339.97,7330.06,7331.51,87.384238
2018-05-27 23:30:00,7337.95,7343.05,7329.28,7342.0,125.896168
2018-05-27 23:45:00,7342.0,7351.9,7333.91,7338.99,134.187179
2018-05-28 00:00:00,7338.99,7350.82,7333.88,7343.96,119.858052
2018-05-28 00:15:00,7339.7,7348.69,7337.01,7344.83,83.158136
2018-05-28 00:30:00,7344.83,7362.99,7340.01,7358.96,250.695621
2018-05-28 00:45:00,7359.59,7376.13,7340.0,7350.0,221.0782
2018-05-28 01:00:00,7350.0,7359.69,7301.0,7329.91,292.138027
2018-05-28 01:15:00,7329.91,7344.75,7317.0,7344.02,145.778371
2018-05-28 01:30:00,7344.01,7349.5,7332.15,7343.89,164.90858
2018-05-28 01:45:00,7340.64,7389.05,7340.56,7371.64,456.676989
2018-05-28 02:00:00,7371.0,7372.84,7345.01,7355.46,131.400144
2018-05-28 02:15:00,7355.89,7362.0,7353.21,7361.98,133.817805
2018-05-28 02:30:00,7361.99,7371.7,7358.5,7366.94,159.129338
2018-05-28 02:45:00,7366.94,7370.34,7358.41,7366.1,186.620575
2018-05-28 03:00:00,7367.89,7370.8,7361.45,7369.99,169.517098
2018-05-28 03:15:00,7366.27,7394.0,7366.27,7379.99,264.447356
2018-05-28 03:30:00,7378.0,7394.0,7372.42,7385.21,171.362338
2018-05-28 03:45:00,7385.31,7437.0,7371.06,7374.98,478.214395
2018-05-28 04:00:00,7374.99,7386.06,7342.3,7368.51,474.970115
2018-05-28 04:15:00,7374.0,7380.09,7350.74,7375.22,256.795663
2018-05-28 04:30:00,7375.22,7380.0,7330.02,7332.91,408.585407
2018-05-28 04:45:00,7330.02,7341.1,7287.0,7312.28,622.942158
2018-05-28 05:00:00,7315.0,7328.88,7291.0,7320.13,323.226157
2018-05-28 05:15:00,7324.0,7352.0,7300.6,7300.6,291.714452
2018-05-28 05:30:00,7309.2,7318.08,7211.52,7214.28,937.975062
2018-05-28 05:45:00,7214.28,7220.07,7159.1,7185.58,1646.681809
2018-05-28 06:00:00,7189.58,7220.13,7165.0,7179.02,741.995055
2018-05-28 06:15:00,7179.02,7218.09,7173.47,7201.82,405.013154
2018-05-28 06:30:00,7201.82,7209.99,7171.62,7190.0,240.979914
2018-05-28 06:45:00,7190.0,7218.81,7185.55,7207.41,315.377988
2018-05-28 07:00:00,7210.26,7229.09,7200.0,7224.66,262.951082
2018-05-28 07:15:00,7224.66,7248.65,7220.51,7230.75,287.31727
2018-05-28 07:30:00,7230.75,7234.0,7200.01,7209.96,207.691249
2018-05-28 07:45:00,7209.96,7235.72,7205.25,7215.0,342.493558
2018-05-28 08:00:00,7220.45,7226.85,7198.04,7212.55,277.063363
2018-05-28 08:15:00,7212.55,7214.43,7201.1,7209.99,151.854053
2018-05-28 08:30:00,7209.99,7211.0,7189.99,7198.95,262.850086
2018-05-28 08:45:00,7200.0,7232.67,7197.26,7225.66,274.693198
2018-05-28 09:00:00,7222.27,7235.8,7213.0,7220.0,333.641344
2018-05-28 09:15:00,7217.71,7235.33,7213.0,7222.56,178.538901
2018-05-28 09:30:00,7221.01,7232.5,7215.0,7216.0,186.297974
2018-05-28 09:45:00,7219.6,7226.69,7200.04,7204.99,217.062961
2018-05-28 10:00:00,7204.95,7231.99,7198.67,7226.18,362.72369
2018-05-28 10:15:00,7226.17,7231.98,7204.34,7218.0,139.8678
2018-05-28 10:30:00,7217.99,7219.35,7205.89,7213.94,109.374673
2018-05-28 10:45:00,7213.97,7220.73,7207.05,7212.99,97.935946
2018-05-28 11:00:00,7213.0,7215.05,7189.53,7196.03,196.102878
2018-05-28 11:15:00,7199.99,7204.98,7194.77,7203.96,113.673025
2018-05-28 11:30:00,7199.02,7203.52,7178.18,7195.98,289.484434
2018-05-28 11:45:00,7195.98,7205.0,7190.94,7191.65,157.899751
2018-05-28 12:00:00,7196.74,7243.11,7148.16,7243.05,767.47451
2018-05-28 12:15:00,7243.04,7250.79,7210.57,7234.59,394.871028
2018-05-28 12:30:00,7234.67,7277.99,7210.0,7243.15,445.554766
2018-05-28 12:45:00,7243.15,7300.0,7243.14,7278.89,507.516383
2018-05-28 13:00:00,7273.0,7280.0,7247.83,7251.64,281.756518
2018-05-28 13:15:00,7253.15,7269.0,7245.87,7257.99,157.219294
2018-05-28 13:30:00,7256.48,7260.0,7242.0,7254.21,140.378947
2018-05-28 13:45:00,7254.2,7267.9,7245.25,7259.0,158.93499
2018-05-28 14:00:00,7259.0,7263.04,7242.08,7260.01,178.359873
2018-05-28 14:15:00,7260.0,7270.32,7255.01,7266.89,327.099459
2018-05-28 14:30:00,7266.89,7275.88,7253.22,7258.0,211.642215
2018-05-28 14:45:00,7260.72,7264.02,7232.49,7249.8,196.384679
2018-05-28 15:00:00,7240.34,7263.11,7240.22,7251.01,183.995652
2018-05-28 15:15:00,7252.89,7257.67,7246.57,7250.18,103.120573
2018-05-28 15:30:00,7250.18,7254.0,7199.0,7206.84,339.216813
2018-05-28 15:45:00,7210.0,7228.0,7203.7,7220.12,181.93125
2018-05-28 16:00:00,7223.98,7243.39,7195.0,7230.0,265.688465
2018-05-28 16:15:00,7234.57,7234.57,7222.0,7222.71,108.199791
2018-05-28 16:30:00,7223.9,7226.66,7182.46,7199.02,342.784095
2018-05-28 16:45:00,7199.02,7214.45,7190.01,7194.01,332.148391
2018-05-28 17:00:00,7195.0,7199.64,7175.23,7197.91,194.465873
2018-05-28 17:15:00,7191.54,7222.0,7191.54,7211.87,182.920994
2018-05-28 17:30:00,7211.86,7220.55,7204.0,7210.01,201.599415
2018-05-28 17:45:00,7212.0,7232.33,7209.96,7228.11,126.871234
2018-05-28 18:00:00,7228.0,7240.0,7210.05,7218.0,149.145053
2018-05-28 18:15:00,7223.18,7229.16,7216.95,7223.77,110.277926
2018-05-28 18:30:00,7223.77,7223.77,7195.0,7200.0,167.136401
2018-05-28 18:45:00,7200.0,7209.98,7195.0,7195.22,129.124182
2018-05-28 19:00:00,7195.22,7214.55,7188.0,7205.29,208.327661
2018-05-28 19:15:00,7205.21,7214.0,7197.82,7198.8,152.380827
2018-05-28 19:30:00,7198.8,7222.97,7198.0,7220.17,126.875206
2018-05-28 19:45:00,7220.17,7246.45,7201.97,7214.99,200.557918
2018-05-28 20:00:00,7215.0,7242.99,7211.55,7234.51,203.300596
2018-05-28 20:15:00,7234.51,7236.95,7201.1,7229.97,120.853039
2018-05-28 20:30:00,7226.0,7231.0,7218.1,7224.11,65.425959
2018-05-28 20:45:00,7226.39,7228.72,7192.62,7205.6,153.593827
2018-05-28 21:00:00,7205.32,7205.6,7120.16,7141.0,821.379861
2018-05-28 21:15:00,7141.0,7166.41,7133.23,7155.0,275.071351
2018-05-28 21:30:00,7150.01,7164.04,7147.0,7156.01,130.844708
2018-05-28 21:45:00,7154.52,7156.01,7136.87,7148.0,173.822401
2018-05-28 22:00:00,7148.0,7148.9,7103.21,7110.02,388.975962
2018-05-28 22:15:00,7110.02,7113.8,7058.02,7065.32,817.302685
2018-05-28 22:30:00,7065.32,7114.49,7058.05,7088.95,380.9239
2018-05-28 22:45:00,7088.95,7150.0,7076.0,7131.0,486.717511
2018-05-28 23:00:00,7131.99,7135.0,7101.33,7118.01,347.599121
2018-05-28 23:15:00,7121.99,7129.59,7090.0,7094.78,359.283421
2018-05-28 23:30:00,7094.77,7108.0,7084.3,7106.62,248.220269
2018-05-28 23:45:00,7106.54,7114.93,7094.05,7099.0,127.588775
2018-05-29 00:00:00,7099.0,7129.69,7094.05,7117.0,193.693965
2018-05-29 00:15:00,7117.0,7132.1,7111.34,7111.34,278.669063
2018-05-29 00:30:00,7111.35,7124.98,7103.59,7124.98,288.369729
2018-05-29 00:45:00,7124.98,7130.0,7105.0,7116.4,191.570847
2018-05-29 01:00:00,7115.02,7125.15,7090.0,7100.0,182.015917
2018-05-29 01:15:00,7098.22,7102.96,7073.0,7076.0,331.989287
2018-05-29 01:30:00,7080.43,7080.57,7032.95,7079.45,693.363812
2018-05-29 01:45:00,7079.1,7120.54,7063.38,7107.92,352.502331
2018-05-29 02:00:00,7107.91,7107.92,7075.94,7088.96,207.618634
2018-05-29 02:15:00,7088.96,7103.64,7059.0,7078.17,270.884258
2018-05-29 02:30:00,7078.17,7084.64,7061.0,7079.0,255.004363
2018-05-29 02:45:00,7078.5,7095.0,7070.0,7090.4,213.870535
2018-05-29 03:00:00,7090.39,7117.96,7084.11,7114.98,509.542081
2018-05-29 03:15:00,7114.98,7119.21,7096.64,7101.97,230.668293
2018-05-29 03:30:00,7101.97,7120.0,7096.65,7116.99,197.052152
2018-05-29 03:45:00,7116.89,7121.33,7114.21,7115.99,429.113435
2018-05-29 04:00:00,7116.0,7121.01,7095.29,7121.0,369.989048
2018-05-29 04:15:00,7121.01,7129.99,7116.48,7128.74,308.464104
2018-05-29 04:30:00,7128.74,7128.98,7102.19,7111.0,219.334422
2018-05-29 04:45:00,7111.0,7118.43,7104.0,7110.97,290.346608
2018-05-29 05:00:00,7110.97,7117.99,7080.76,7084.0,259.341038
2018-05-29 05:15:00,7082.0,7093.99,7055.55,7075.11,853.693606
2018-05-29 05:30:00,7075.1,7086.27,7042.03,7059.99,478.238925
2018-05-29 05:45:00,7059.99,7088.41,7059.98,7081.03,338.386285
2018-05-29 06:00:00,7081.03,7102.18,7070.0,7076.0,210.014415
2018-05-29 06:15:00,7076.0,7101.75,7070.32,7099.96,217.978214
2018-05-29 06:30:00,7099.96,7110.0,7082.72,7085.6,225.905764
2018-05-29 06:45:00,7085.08,7099.0,7080.0,7087.11,134.964822
2018-05-29 07:00:00,7087.11,7099.94,7078.18,7094.47,153.627659
2018-05-29 07:15:00,7091.46,7161.43,7091.42,7135.0,696.292763
2018-05-29 07:30:00,7135.0,7151.39,7124.55,7137.42,453.299386
2018-05-29 07:45:00,7137.48,7155.0,7132.17,7154.01,326.300484
2018-05-29 08:00:00,7155.0,7157.31,7113.01,7129.47,349.996461
2018-05-29 08:15:00,7129.5,7129.5,7103.57,7113.16,225.146298
2018-05-29 08:30:00,7112.0,7129.44,7102.16,7126.41,230.521661
2018-05-29 08:45:00,7126.41,7139.95,7120.4,7132.47,207.965061
2018-05-29 09:00:00,7132.46,7139.27,7114.5,7124.66,486.721886
2018-05-29 09:15:00,7124.66,7132.78,7094.7,7117.98,444.452095
2018-05-29 09:30:00,7104.11,7128.48,7102.85,7122.9,220.156039
2018-05-29 09:45:00,7122.9,7136.2,7120.0,7132.5,222.668308
2018-05-29 10:00:00,7135.99,7145.19,7121.98,7129.96,447.411315
2018-05-29 10:15:00,7128.12,7181.19,7125.52,7150.04,659.178977
2018-05-29 10:30:00,7150.04,7170.0,7132.17,7159.43,387.46904
2018-05-29 10:45:00,7161.02,7202.0,7155.0,7192.13,841.098915
2018-05-29 11:00:00,7192.13,7335.01,7185.0,7285.64,1857.07237
2018-05-29 11:15:00,7285.61,7448.0,7280.0,7410.0,1410.667179
2018-05-29 11:30:00,7410.0,7483.78,7385.4,7398.33,1320.164873
2018-05-29 11:45:00,7398.33,7442.5,7382.12,7405.61,985.7523
2018-05-29 12:00:00,7403.98,7455.97,7403.98,7426.02,693.917061
2018-05-29 12:15:00,7426.04,7429.96,7382.12,7389.76,511.175385
2018-05-29 12:30:00,7387.0,7426.07,7385.06,7411.99,333.581759
2018-05-29 12:45:00,7415.0,7424.0,7400.0,7411.98,226.635911
2018-05-29 13:00:00,7411.98,7449.99,7408.53,7436.98,555.383719
2018-05-29 13:15:00,7436.0,7476.41,7417.5,7458.31,881.528641
2018-05-29 13:30:00,7458.31,7467.0,7422.0,7430.0,643.475127
2018-05-29 13:45:00,7432.91,7460.0,7427.66,7450.17,432.082666
2018-05-29 14:00:00,7450.18,7476.41,7407.5,7420.0,537.920354
2018-05-29 14:15:00,7418.0,7427.26,7395.0,7419.37,350.978935
2018-05-29 14:30:00,7419.37,7433.41,7403.0,7430.0,533.051605
2018-05-29 14:45:00,7430.01,7435.9,7420.91,7427.0,346.659738
2018-05-29 15:00:00,7426.0,7431.0,7404.82,7413.96,383.346942
2018-05-29 15:15:00,7413.96,7415.0,7384.0,7403.0,548.840994
2018-05-29 15:30:00,7401.56,7434.33,7397.96,7422.0,451.269719
2018-05-29 15:45:00,7422.0,7440.0,7421.0,7430.53,301.641291
2018-05-29 16:00:00,7430.53,7461.0,7427.0,7438.25,570.371429
2018-05-29 16:15:00,7436.91,7438.27,7414.09,7430.0,277.528255
2018-05-29 16:30:00,7428.01,7434.0,7422.92,7427.57,194.507274
2018-05-29 16:45:00,7427.58,7448.0,7427.0,7435.77,347.279873
2018-05-29 17:00:00,7432.77,7436.38,7408.0,7420.0,262.374405
2018-05-29 17:15:00,7420.0,7428.6,7410.0,7422.99,284.050135
2018-05-29 17:30:00,7423.0,7436.47,7422.99,7423.33,280.797353
2018-05-29 17:45:00,7423.32,7536.2,7419.0,7516.1,819.374761
2018-05-29 18:00:00,7516.1,7540.0,7469.75,7506.0,647.530424
2018-05-29 18:15:00,7510.54,7527.25,7490.0,7511.29,542.337555
2018-05-29 18:30:00,7510.0,7513.13,7485.5,7492.25,299.524727
2018-05-29 18:45:00,7490.0,7505.24,7433.2,7455.82,415.15658
2018-05-29 19:00:00,7455.82,7476.21,7449.03,7476.21,212.930057
2018-05-29 19:15:00,7476.21,7476.38,7446.2,7468.0,216.026077
2018-05-29 19:30:00,7468.0,7480.56,7462.0,7466.0,175.161361
2018-05-29 19:45:00,7466.0,7476.76,7464.9,7473.01,155.227679
2018-05-29 20:00:00,7473.0,7509.4,7465.29,7492.01,330.255686
2018-05-29 20:15:00,7492.0,7503.9,7490.0,7498.98,269.027568
2018-05-29 20:30:00,7498.98,7533.35,7493.16,7493.16,370.458101
2018-05-29 20:45:00,7493.16,7500.07,7471.27,7499.0,287.487024
2018-05-29 21:00:00,7498.98,7515.39,7482.1,7489.94,266.525129
2018-05-29 21:15:00,7489.94,7496.89,7472.12,7489.0,246.266274
2018-05-29 21:30:00,7489.26,7508.31,7483.29,7507.0,344.990556
2018-05-29 21:45:00,7508.31,7511.0,7490.0,7500.51,493.637927
2018-05-29 22:00:00,7500.5,7505.0,7464.56,7470.0,513.940928
2018-05-29 22:15:00,7477.74,7487.66,7435.02,7462.49,380.522383
2018-05-29 22:30:00,7462.3,7473.6,7450.64,7460.58,312.016205
2018-05-29 22:45:00,7459.22,7460.68,7401.29,7418.34,562.985599
2018-05-29 23:00:00,7419.95,7460.0,7401.02,7450.0,330.123287
2018-05-29 23:15:00,7450.0,7468.34,7449.41,7460.51,221.680733
2018-05-29 23:30:00,7462.61,7468.99,7433.5,7446.99,154.51836
2018-05-29 23:45:00,7446.0,7468.0,7433.05,7461.29,232.559255
2018-05-30 00:00:00,7467.98,7472.3,7442.0,7445.02,158.132765
2018-05-30 00:15:00,7445.02,7470.0,7445.01,7467.65,232.511694
2018-05-30 00:30:00,7464.49,7503.36,7463.98,7487.0,218.761844
2018-05-30 00:45:00,7487.0,7523.09,7475.43,7495.0,412.846922
2018-05-30 01:00:00,7495.0,7521.29,7485.68,7516.79,544.868598
2018-05-30 01:15:00,7516.99,7569.0,7513.64,7530.01,657.282098
2018-05-30 01:30:00,7530.0,7547.29,7520.0,7544.43,376.932973
2018-05-30 01:45:00,7546.0,7553.42,7493.33,7509.77,462.821185
2018-05-30 02:00:00,7509.77,7528.0,7503.56,7518.02,189.992256
2018-05-30 02:15:00,7518.02,7532.54,7506.58,7518.42,189.982286
2018-05-30 02:30:00,7520.08,7530.69,7507.34,7529.64,281.017833
2018-05-30 02:45:00,7529.64,7545.0,7486.52,7504.96,463.891011
2018-05-30 03:00:00,7500.0,7504.93,7478.96,7499.99,360.671071
2018-05-30 03:15:00,7499.99,7508.31,7458.02,7473.25,409.356573
2018-05-30 03:30:00,7474.12,7494.28,7470.0,7473.68,391.564638
2018-05-30 03:45:00,7473.99,7494.63,7468.95,7486.01,214.755544
2018-05-30 04:00:00,7486.01,7503.96,7484.32,7500.57,200.654478
2018-05-30 04:15:00,7500.57,7500.78,7468.63,7468.95,266.180486
2018-05-30 04:30:00,7468.63,7480.0,7459.01,7477.96,135.990451
2018-05-30 04:45:00,7477.97,7496.35,7474.96,7484.0,267.481623
2018-05-30 05:00:00,7483.01,7510.0,7480.0,7501.16,334.575578
2018-05-30 05:15:00,7501.16,7509.37,7485.0,7499.04,204.270537
2018-05-30 05:30:00,7501.9,7502.82,7492.0,7492.04,151.650518
2018-05-30 05:45:00,7492.04,7502.98,7488.0,7498.62,239.991329
2018-05-30 06:00:00,7498.62,7530.01,7495.05,7521.98,379.480204
2018-05-30 06:15:00,7521.98,7525.0,7496.15,7508.09,235.38044
2018-05-30 06:30:00,7508.06,7508.06,7418.0,7446.14,547.593722
2018-05-30 06:45:00,7446.14,7473.39,7424.88,7449.99,294.593435
2018-05-30 07:00:00,7449.99,7477.39,7442.32,7467.79,228.933643
2018-05-30 07:15:00,7462.33,7485.06,7462.33,7470.0,221.144443
2018-05-30 07:30:00,7470.0,7485.06,7460.05,7462.0,140.959414
2018-05-30 07:45:00,7465.33,7500.0,7460.0,7491.12,284.704621
2018-05-30 08:00:00,7489.05,7500.0,7475.0,7475.04,251.800593
2018-05-30 08:15:00,7479.98,7480.0,7465.02,7472.75,141.151301
2018-05-30 08:30:00,7469.5,7473.27,7448.0,7449.0,290.560612
2018-05-30 08:45:00,7449.0,7472.97,7436.49,7471.0,211.681277
2018-05-30 09:00:00,7470.99,7508.15,7455.0,7459.5,382.374868
2018-05-30 09:15:00,7459.5,7476.28,7458.02,7474.86,229.450602
2018-05-30 09:30:00,7474.88,7498.15,7474.86,7485.14,163.685356
2018-05-30 09:45:00,7485.13,7496.24,7477.81,7489.01,378.317677
2018-05-30 10:00:00,7489.01,7494.0,7468.47,7484.95,187.051555
2018-05-30 10:15:00,7480.12,7511.6,7480.08,7505.0,320.710236
2018-05-30 10:30:00,7503.09,7509.5,7489.56,7500.12,214.72005
2018-05-30 10:45:00,7500.38,7519.0,7486.01,7505.69,480.535941
2018-05-30 11:00:00,7499.28,7510.0,7491.4,7507.81,223.961165
2018-05-30 11:15:00,7507.8,7548.0,7500.0,7530.25,357.964359
2018-05-30 11:30:00,7530.25,7541.9,7495.14,7505.22,511.200843
2018-05-30 11:45:00,7505.22,7527.9,7490.01,7518.51,400.621019
2018-05-30 12:00:00,7518.51,7528.35,7495.14,7498.99,237.573149
2018-05-30 12:15:00,7498.99,7542.9,7497.27,7525.18,283.4037
2018-05-30 12:30:00,7524.25,7549.0,7521.49,7530.0,262.976483
2018-05-30 12:45:00,7530.01,7535.99,7516.48,7524.22,242.893636
2018-05-30 13:00:00,7524.23,7538.38,7524.23,7529.99,228.263819
2018-05-30 13:15:00,7529.99,7530.0,7490.0,7500.37,431.945434
2018-05-30 13:30:00,7500.18,7515.0,7488.0,7506.82,349.853708
2018-05-30 13:45:00,7506.82,7524.9,7500.46,7510.4,295.477561
2018-05-30 14:00:00,7506.93,7510.4,7489.0,7490.4,286.479631
2018-05-30 14:15:00,7490.62,7512.45,7488.01,7509.0,327.848786
2018-05-30 14:30:00,7509.01,7509.01,7480.51,7487.79,257.379813
2018-05-30 14:45:00,7487.79,7490.37,7352.0,7374.45,1679.889693
2018-05-30 15:00:00,7374.04,7382.0,7290.0,7327.97,1676.37574
2018-05-30 15:15:00,7327.97,7340.0,7293.23,7340.0,653.420843
2018-05-30 15:30:00,7340.0,7367.0,7329.0,7341.64,469.928871
2018-05-30 15:45:00,7344.99,7362.12,7321.49,7324.81,398.707273
2018-05-30 16:00:00,7324.81,7352.77,7310.0,7345.0,323.14012
2018-05-30 16:15:00,7346.48,7352.75,7315.0,7321.62,421.771973
2018-05-30 16:30:00,7321.62,7345.0,7260.5,7289.0,607.415409
2018-05-30 16:45:00,7293.85,7314.99,7280.0,7296.99,527.258023
2018-05-30 17:00:00,7297.01,7314.0,7278.0,7310.01,467.428132
2018-05-30 17:15:00,7310.0,7318.99,7290.5,7310.0,421.803961
2018-05-30 17:30:00,7310.76,7327.85,7299.6,7315.98,327.169994
2018-05-30 17:45:00,7315.99,7333.79,7312.03,7327.8,293.551246
2018-05-30 18:00:00,7325.04,7327.8,7305.8,7318.01,262.395576
2018-05-30 18:15:00,7318.01,7324.9,7293.28,7312.26,166.040288
2018-05-30 18:30:00,7312.99,7324.12,7304.89,7308.04,146.284222
2018-05-30 18:45:00,7308.04,7311.99,7298.01,7300.63,315.589258
2018-05-30 19:00:00,7300.22,7319.26,7288.0,7302.37,370.990822
2018-05-30 19:15:00,7302.37,7316.29,7300.63,7313.0,253.302851
2018-05-30 19:30:00,7312.83,7316.07,7300.02,7310.85,256.784598
2018-05-30 19:45:00,7310.86,7319.99,7305.52,7314.98,197.311762
2018-05-30 20:00:00,7314.99,7349.0,7313.0,7348.55,332.88301
2018-05-30 20:15:00,7345.0,7348.43,7325.45,7333.32,237.441238
2018-05-30 20:30:00,7333.32,7348.63,7329.35,7348.03,431.788875
2018-05-30 20:45:00,7348.0,7350.0,7338.04,7342.99,298.350533
2018-05-30 21:00:00,7343.0,7343.0,7324.12,7324.12,272.815527
2018-05-30 21:15:00,7324.13,7331.0,7322.51,7325.16,113.029386
2018-05-30 21:30:00,7328.93,7347.05,7320.04,7339.95,139.512951
2018-05-30 21:45:00,7339.95,7345.77,7332.04,7345.77,103.551678
2018-05-30 22:00:00,7338.27,7349.61,7334.49,7345.01,100.289498
2018-05-30 22:15:00,7343.18,7367.0,7337.0,7360.34,283.926375
2018-05-30 22:30:00,7360.34,7369.49,7335.0,7345.0,183.231096
2018-05-30 22:45:00,7344.99,7363.85,7341.51,7350.01,165.395083
2018-05-30 23:00:00,7350.01,7375.21,7350.01,7367.65,293.364307
2018-05-30 23:15:00,7363.06,7393.26,7355.62,7390.0,480.368694
2018-05-30 23:30:00,7386.21,7399.0,7368.51,7398.49,420.417173
2018-05-30 23:45:00,7396.71,7398.17,7375.0,7375.96,299.800157
2018-05-31 00:00:00,7382.07,7382.07,7342.13,7358.16,442.939209
2018-05-31 00:15:00,7359.67,7376.45,7358.14,7373.81,274.735922
2018-05-31 00:30:00,7373.81,7376.23,7346.86,7364.49,225.106884
2018-05-31 00:45:00,7364.49,7370.0,7353.89,7368.96,293.75948
2018-05-31 01:00:00,7368.28,7369.0,7342.12,7363.58,274.912495
2018-05-31 01:15:00,7363.61,7368.5,7350.0,7362.99,240.997466
2018-05-31 01:30:00,7363.0,7363.01,7327.58,7343.18,344.251827
2018-05-31 01:45:00,7345.0,7349.67,7327.51,7342.31,324.404716
2018-05-31 02:00:00,7340.31,7343.0,7327.51,7335.66,339.214288
2018-05-31 02:15:00,7335.68,7351.99,7332.65,7340.0,210.028525
2018-05-31 02:30:00,7340.0,7341.63,7330.0,7337.62,147.824726
2018-05-31 02:45:00,7337.63,7346.0,7337.62,7346.0,140.62252
2018-05-31 03:00:00,7346.0,7369.99,7342.46,7363.8,447.446862
2018-05-31 03:15:00,7358.03,7377.0,7347.06,7376.9,260.689073
2018-05-31 03:30:00,7376.9,7379.98,7365.0,7367.89,209.673252
2018-05-31 03:45:00,7368.44,7375.92,7358.89,7370.24,281.154884
2018-05-31 04:00:00,7372.18,7384.01,7365.0,7372.99,323.352738
2018-05-31 04:15:00,7371.01,7393.21,7368.03,7389.21,302.464223
2018-05-31 04:30:00,7381.14,7394.91,7380.0,7394.76,294.316561
2018-05-31 04:45:00,7393.88,7500.0,7392.98,7488.88,812.644127
2018-05-31 05:00:00,7490.78,7515.0,7474.6,7488.0,650.604125
2018-05-31 05:15:00,7487.99,7504.99,7482.0,7504.99,263.271366
2018-05-31 05:30:00,7503.13,7519.56,7475.11,7493.79,480.223164
2018-05-31 05:45:00,7493.79,7504.87,7481.5,7499.47,253.285447
2018-05-31 06:00:00,7497.21,7512.95,7493.97,7499.0,170.309937
2018-05-31 06:15:00,7498.0,7595.27,7496.12,7590.36,845.339176
2018-05-31 06:30:00,7593.95,7600.0,7552.41,7589.99,523.701406
2018-05-31 06:45:00,7589.99,7600.18,7565.0,7565.0,489.116442
2018-05-31 07:00:00,7567.49,7585.96,7546.57,7560.0,457.147747
2018-05-31 07:15:00,7560.0,7579.0,7554.0,7573.0,205.889348
2018-05-31 07:30:00,7577.26,7585.0,7560.0,7578.99,178.451505
2018-05-31 07:45:00,7579.0,7582.99,7555.23,7558.98,245.603423
2018-05-31 08:00:00,7555.55,7576.49,7545.0,7556.38,208.192178
2018-05-31 08:15:00,7556.38,7562.95,7484.08,7526.01,509.014259
2018-05-31 08:30:00,7526.01,7540.0,7510.01,7524.61,485.497055
2018-05-31 08:45:00,7524.61,7545.08,7516.0,7544.0,356.446182
2018-05-31 09:00:00,7540.0,7549.77,7520.0,7534.08,304.137515
2018-05-31 09:15:00,7534.08,7558.68,7531.44,7555.03,280.233068
2018-05-31 09:30:00,7557.69,7566.0,7540.92,7550.0,376.540989
2018-05-31 09:45:00,7550.0,7559.71,7522.7,7537.8,366.399868
2018-05-31 10:00:00,7540.33,7543.45,7512.01,7527.0,341.80665
2018-05-31 10:15:00,7527.0,7539.9,7525.0,7537.9,230.418995
2018-05-31 10:30:00,7537.96,7539.95,7519.2,7525.0,240.643943
2018-05-31 10:45:00,7519.55,7543.0,7517.0,7541.9,209.650374
2018-05-31 11:00:00,7541.9,7563.3,7534.04,7548.32,367.049304
2018-05-31 11:15:00,7545.53,7556.0,7540.14,7548.14,182.671409
2018-05-31 11:30:00,7548.32,7548.52,7536.14,7541.01,282.111553
2018-05-31 11:45:00,7541.01,7547.87,7520.8,7531.97,249.582297
2018-05-31 12:00:00,7531.0,7550.0,7529.0,7542.0,276.074275
2018-05-31 12:15:00,7542.16,7580.0,7541.5,7562.58,380.277311
2018-05-31 12:30:00,7562.6,7569.0,7541.51,7557.76,235.26738
2018-05-31 12:45:00,7558.27,7559.0,7536.0,7539.25,221.682874
2018-05-31 13:00:00,7540.0,7544.0,7486.15,7494.92,433.583907
2018-05-31 13:15:00,7497.99,7536.1,7494.4,7521.99,369.6623
2018-05-31 13:30:00,7521.99,7538.9,7516.22,7535.99,221.910203
2018-05-31 13:45:00,7535.99,7538.0,7523.36,7537.75,244.544758
2018-05-31 14:00:00,7536.37,7537.76,7521.0,7531.91,270.947005
2018-05-31 14:15:00,7531.92,7552.0,7531.0,7550.01,198.441819
2018-05-31 14:30:00,7550.01,7554.81,7540.0,7540.09,256.527976
2018-05-31 14:45:00,7546.26,7559.8,7531.93,7551.44,233.479248
2018-05-31 15:00:00,7555.0,7586.15,7540.0,7579.99,565.710406
2018-05-31 15:15:00,7575.9,7579.99,7542.12,7548.11,209.164021
2018-05-31 15:30:00,7548.11,7558.9,7542.01,7549.84,226.804248
2018-05-31 15:45:00,7549.84,7566.0,7544.41,7558.63,262.836712
2018-05-31 16:00:00,7555.06,7559.99,7544.41,7548.74,171.661155
2018-05-31 16:15:00,7545.28,7548.76,7525.08,7539.94,313.665464
2018-05-31 16:30:00,7542.98,7564.81,7535.61,7561.97,242.194831
2018-05-31 16:45:00,7561.96,7565.93,7540.0,7551.99,240.583002
2018-05-31 17:00:00,7551.99,7559.3,7545.0,7555.52,195.97538
2018-05-31 17:15:00,7554.79,7583.0,7554.79,7582.01,349.049883
2018-05-31 17:30:00,7582.25,7594.94,7561.01,7584.01,341.838588
2018-05-31 17:45:00,7584.01,7699.0,7574.0,7590.0,1179.799373
2018-05-31 18:00:00,7589.54,7613.77,7588.0,7596.11,499.967413
2018-05-31 18:15:00,7593.59,7595.02,7562.0,7567.91,391.932858
2018-05-31 18:30:00,7567.91,7579.77,7555.0,7560.06,191.933731
2018-05-31 18:45:00,7560.06,7569.95,7553.6,7557.09,178.690989
2018-05-31 19:00:00,7557.09,7568.55,7532.0,7567.0,315.740585
2018-05-31 19:15:00,7567.0,7570.0,7550.0,7550.26,241.23876
2018-05-31 19:30:00,7550.21,7562.08,7545.0,7557.0,145.5777
2018-05-31 19:45:00,7557.01,7560.96,7543.43,7544.9,241.422273
2018-05-31 20:00:00,7544.9,7550.0,7529.71,7547.11,304.99212
2018-05-31 20:15:00,7550.0,7564.5,7547.11,7563.0,175.412265
2018-05-31 20:30:00,7563.0,7565.0,7550.1,7556.47,245.265559
2018-05-31 20:45:00,7556.47,7559.0,7536.0,7540.04,169.206412
2018-05-31 21:00:00,7540.04,7563.0,7535.0,7551.2,301.018884
2018-05-31 21:15:00,7551.2,7568.07,7542.0,7562.07,245.515797
2018-05-31 21:30:00,7568.06,7570.01,7550.0,7559.01,190.58804
2018-05-31 21:45:00,7559.01,7575.0,7548.0,7554.94,253.93326
2018-05-31 22:00:00,7554.94,7556.98,7435.77,7447.84,1004.011011
2018-05-31 22:15:00,7447.83,7469.22,7427.1,7457.07,506.838033
2018-05-31 22:30:00,7457.08,7466.65,7420.23,7436.0,374.382212
2018-05-31 22:45:00,7443.97,7457.8,7430.1,7449.27,208.985339
2018-05-31 23:00:00,7449.26,7490.0,7449.18,7485.0,343.238734
2018-05-31 23:15:00,7484.98,7486.92,7470.06,7479.96,205.742838
2018-05-31 23:30:00,7479.97,7484.01,7460.57,7471.51,260.699458
2018-05-31 23:45:00,7470.44,7499.0,7470.43,7485.01,194.168209
2018-06-01 00:00:00,7485.01,7538.0,7477.5,7506.89,460.757846
2018-06-01 00:15:00,7500.06,7525.89,7497.92,7510.76,310.881482
2018-06-01 00:30:00,7510.76,7518.57,7497.19,7510.01,297.03512
2018-06-01 00:45:00,7513.0,7518.0,7495.65,7517.84,313.184756
2018-06-01 01:00:00,7515.03,7515.04,7478.43,7488.35,310.328159
2018-06-01 01:15:00,7496.3,7506.99,7488.38,7502.49,297.507703
2018-06-01 01:30:00,7502.49,7506.49,7484.26,7500.0,148.13496
2018-06-01 01:45:00,7500.0,7505.0,7481.4,7483.99,89.806947
2018-06-01 02:00:00,7483.99,7522.54,7480.0,7522.0,238.907763
2018-06-01 02:15:00,7522.0,7522.54,7496.69,7505.08,155.070406
2018-06-01 02:30:00,7505.17,7516.0,7494.4,7500.0,137.099321
2018-06-01 02:45:00,7500.0,7515.0,7480.25,7487.82,423.537084
2018-06-01 03:00:00,7487.82,7493.99,7454.35,7485.06,318.411954
2018-06-01 03:15:00,7485.06,7499.94,7480.0,7482.0,261.8093
2018-06-01 03:30:00,7481.41,7508.89,7481.0,7503.04,226.03366
2018-06-01 03:45:00,7503.03,7509.99,7484.0,7495.13,171.871688
2018-06-01 04:00:00,7495.13,7497.07,7455.48,7483.45,294.761681
2018-06-01 04:15:00,7483.45,7489.43,7476.37,7484.97,205.434282
2018-06-01 04:30:00,7480.02,7489.41,7468.48,7478.0,257.492123
2018-06-01 04:45:00,7478.0,7493.29,7471.3,7491.22,205.140618
2018-06-01 05:00:00,7492.32,7499.0,7483.97,7488.7,289.13004
2018-06-01 05:15:00,7488.7,7494.31,7485.93,7487.0,296.040619
2018-06-01 05:30:00,7487.0,7489.99,7473.69,7480.02,445.020628
2018-06-01 05:45:00,7480.02,7490.0,7470.0,7490.0,399.413267
2018-06-01 06:00:00,7490.0,7490.0,7476.33,7487.96,146.946619
2018-06-01 06:15:00,7487.97,7572.62,7484.62,7536.22,590.993402
2018-06-01 06:30:00,7536.24,7572.44,7526.55,7547.97,250.090425
2018-06-01 06:45:00,7546.49,7553.39,7540.0,7542.99,145.541841
2018-06-01 07:00:00,7543.0,7605.0,7543.0,7576.99,543.328862
2018-06-01 07:15:00,7576.99,7604.92,7571.97,7600.0,416.550255
2018-06-01 07:30:00,7600.0,7608.55,7573.79,7588.75,192.527237
2018-06-01 07:45:00,7587.74,7588.0,7558.14,7572.09,212.123447
2018-06-01 08:00:00,7572.09,7579.98,7555.0,7565.0,182.927771
2018-06-01 08:15:00,7565.0,7588.0,7564.56,7582.65,388.738358
2018-06-01 08:30:00,7584.9,7585.0,7568.0,7577.83,261.932858
2018-06-01 08:45:00,7577.99,7596.94,7577.0,7595.0,226.984211
2018-06-01 09:00:00,7591.36,7599.99,7570.91,7579.98,339.359334
2018-06-01 09:15:00,7579.98,7590.5,7530.0,7556.81,472.494995
2018-06-01 09:30:00,7556.8,7561.54,7522.58,7538.74,387.702222
2018-06-01 09:45:00,7538.74,7551.2,7523.0,7531.64,325.889325
2018-06-01 10:00:00,7531.92,7557.24,7514.0,7550.01,340.813123
2018-06-01 10:15:00,7550.01,7564.06,7543.29,7549.98,389.992612
2018-06-01 10:30:00,7547.79,7549.98,7530.0,7538.99,180.781755
2018-06-01 10:45:00,7538.5,7550.16,7530.47,7536.31,196.473275
2018-06-01 11:00:00,7539.97,7557.99,7536.33,7555.99,383.206747
2018-06-01 11:15:00,7555.99,7569.0,7547.0,7562.71,215.09477
2018-06-01 11:30:00,7561.86,7570.0,7532.0,7540.0,334.801943
2018-06-01 11:45:00,7540.0,7546.59,7361.39,7361.39,1306.023062
2018-06-01 12:00:00,7361.49,7417.31,7355.54,7399.99,656.295971
2018-06-01 12:15:00,7400.0,7433.37,7385.01,7390.0,520.320335
2018-06-01 12:30:00,7390.0,7405.0,7383.0,7404.43,349.329441
2018-06-01 12:45:00,7402.13,7425.23,7392.02,7418.0,206.224836
2018-06-01 13:00:00,7417.99,7419.0,7399.65,7417.0,176.793201
2018-06-01 13:15:00,7418.48,7435.08,7417.0,7434.18,209.521901
2018-06-01 13:30:00,7434.18,7438.87,7425.03,7426.07,336.318536
2018-06-01 13:45:00,7426.31,7432.15,7425.02,7429.52,314.35441
2018-06-01 14:00:00,7430.0,7438.99,7425.02,7434.0,457.201201
2018-06-01 14:15:00,7433.99,7434.74,7425.02,7429.0,283.269762
2018-06-01 14:30:00,7425.8,7449.0,7425.8,7444.97,346.059074
2018-06-01 14:45:00,7444.97,7444.99,7411.82,7428.95,399.614002
2018-06-01 15:00:00,7428.95,7428.95,7406.0,7419.98,254.653637
2018-06-01 15:15:00,7418.69,7430.0,7402.0,7426.62,291.20722
2018-06-01 15:30:00,7426.65,7450.0,7421.3,7445.62,255.530776
2018-06-01 15:45:00,7445.62,7461.06,7430.9,7447.3,329.57255
2018-06-01 16:00:00,7447.3,7460.0,7443.19,7450.0,290.311385
2018-06-01 16:15:00,7449.65,7454.26,7440.0,7444.05,199.586645
2018-06-01 16:30:00,7444.05,7445.0,7431.0,7444.01,193.349234
2018-06-01 16:45:00,7445.0,7449.99,7436.78,7447.99,137.984702
2018-06-01 17:00:00,7447.99,7455.0,7426.0,7435.01,184.673074
2018-06-01 17:15:00,7435.01,7450.0,7435.0,7442.91,239.829897
2018-06-01 17:30:00,7445.26,7453.99,7440.59,7449.91,349.744953
2018-06-01 17:45:00,7449.91,7449.91,7410.0,7432.99,230.750484
2018-06-01 18:00:00,7432.99,7435.0,7420.0,7429.02,236.332694
2018-06-01 18:15:00,7429.02,7434.61,7416.93,7426.72,202.830996
2018-06-01 18:30:00,7426.72,7433.43,7416.96,7417.18,121.74194
2018-06-01 18:45:00,7417.19,7426.0,7388.03,7404.99,388.061311
2018-06-01 19:00:00,7404.3,7450.0,7401.82,7442.17,280.902154
2018-06-01 19:15:00,7442.18,7455.0,7437.08,7444.0,255.938115
2018-06-01 19:30:00,7444.01,7461.08,7439.9,7444.24,166.591445
2018-06-01 19:45:00,7444.24,7450.73,7433.61,7440.14,271.507565
2018-06-01 20:00:00,7440.14,7447.3,7428.91,7437.67,225.422755
2018-06-01 20:15:00,7437.67,7439.27,7396.0,7422.72,658.952384
2018-06-01 20:30:00,7422.72,7452.7,7421.9,7439.61,222.268372
2018-06-01 20:45:00,7438.98,7448.99,7437.0,7444.91,199.833359
2018-06-01 21:00:00,7444.99,7458.08,7438.06,7449.26,150.735934
2018-06-01 21:15:00,7449.26,7455.99,7441.0,7453.49,188.524349
2018-06-01 21:30:00,7453.49,7456.49,7445.0,7450.8,146.596073
2018-06-01 21:45:00,7450.01,7456.49,7437.02,7442.0,238.860226
2018-06-01 22:00:00,7442.0,7458.0,7438.1,7456.64,97.117756
2018-06-01 22:15:00,7456.65,7540.0,7451.04,7532.0,827.63966
2018-06-01 22:30:00,7532.0,7535.66,7505.19,7512.6,336.515721
2018-06-01 22:45:00,7511.0,7523.92,7508.0,7517.33,187.465496
2018-06-01 23:00:00,7517.92,7525.0,7510.47,7515.3,282.68562
2018-06-01 23:15:00,7515.55,7540.0,7510.5,7532.0,114.472076
2018-06-01 23:30:00,7528.9,7533.0,7513.52,7521.95,124.703974
2018-06-01 23:45:00,7519.68,7531.92,7515.15,7521.01,136.79702
2018-06-02 00:00:00,7521.01,7533.0,7519.61,7530.74,169.787281
2018-06-02 00:15:00,7530.75,7532.02,7489.74,7494.66,210.388731
2018-06-02 00:30:00,7493.09,7513.99,7492.77,7505.0,234.14641
2018-06-02 00:45:00,7507.0,7509.0,7437.0,7472.23,369.859156
2018-06-02 01:00:00,7467.03,7492.12,7462.0,7491.34,208.9356
2018-06-02 01:15:00,7491.35,7491.4,7478.05,7489.97,141.402761
2018-06-02 01:30:00,7490.98,7502.08,7481.48,7499.05,296.038114
2018-06-02 01:45:00,7499.05,7500.0,7482.0,7485.0,185.705056
2018-06-02 02:00:00,7487.92,7499.0,7481.0,7489.0,134.353742
2018-06-02 02:15:00,7489.0,7508.0,7481.77,7502.0,291.035673
2018-06-02 02:30:00,7500.01,7511.0,7496.44,7497.04,246.895762
2018-06-02 02:45:00,7502.99,7503.26,7480.01,7489.89,167.663517
2018-06-02 03:00:00,7489.89,7505.47,7488.15,7496.01,310.672396
2018-06-02 03:15:00,7497.0,7505.47,7487.0,7500.53,294.871186
2018-06-02 03:30:00,7503.85,7511.66,7490.83,7495.71,265.295081
2018-06-02 03:45:00,7495.1,7502.0,7488.48,7500.0,205.595949
2018-06-02 04:00:00,7500.0,7509.46,7497.0,7508.91,183.277535
2018-06-02 04:15:00,7504.52,7509.04,7493.85,7495.01,190.231681
2018-06-02 04:30:00,7494.13,7498.89,7489.97,7496.0,246.37626
2018-06-02 04:45:00,7491.22,7504.99,7491.22,7498.5,161.178317
2018-06-02 05:00:00,7498.49,7506.8,7498.21,7501.95,193.145933
2018-06-02 05:15:00,7501.93,7539.0,7499.19,7514.98,201.74489
2018-06-02 05:30:00,7514.99,7536.0,7514.96,7531.08,195.096938
2018-06-02 05:45:00,7528.08,7535.0,7525.01,7531.98,177.139441
2018-06-02 06:00:00,7531.02,7537.06,7480.0,7492.0,269.303423
2018-06-02 06:15:00,7493.07,7500.0,7465.53,7494.99,332.443494
2018-06-02 06:30:00,7495.49,7504.21,7492.5,7495.38,204.777794
2018-06-02 06:45:00,7501.0,7685.0,7495.18,7645.9,1074.384093
2018-06-02 07:00:00,7645.91,7682.09,7628.32,7650.9,508.137632
2018-06-02 07:15:00,7650.01,7666.0,7634.61,7645.33,368.727819
2018-06-02 07:30:00,7645.33,7673.27,7645.33,7653.98,372.847631
2018-06-02 07:45:00,7653.98,7664.84,7639.54,7641.0,215.821236
2018-06-02 08:00:00,7641.0,7654.99,7634.0,7647.25,158.807913
2018-06-02 08:15:00,7653.97,7695.17,7647.31,7684.0,522.705614
2018-06-02 08:30:00,7684.0,7688.04,7661.99,7663.17,380.876006
2018-06-02 08:45:00,7664.92,7668.96,7650.02,7662.03,407.071617
2018-06-02 09:00:00,7662.03,7668.01,7631.0,7635.0,386.442362
2018-06-02 09:15:00,7635.0,7644.99,7631.32,7634.01,309.039761
2018-06-02 09:30:00,7634.0,7662.12,7632.02,7640.79,292.671368
2018-06-02 09:45:00,7640.79,7663.14,7633.51,7659.72,262.969935
2018-06-02 10:00:00,7663.14,7663.14,7640.01,7658.85,251.700581
2018-06-02 10:15:00,7658.84,7675.8,7653.87,7656.34,382.511812
2018-06-02 10:30:00,7656.33,7660.0,7641.27,7653.62,351.425378
2018-06-02 10:45:00,7653.62,7661.0,7645.01,7660.0,355.794423
2018-06-02 11:00:00,7660.0,7669.26,7641.48,7645.02,301.41212
2018-06-02 11:15:00,7647.0,7655.25,7636.0,7647.93,253.33361
2018-06-02 11:30:00,7647.93,7649.5,7612.0,7632.51,416.324736
2018-06-02 11:45:00,7628.16,7655.0,7628.16,7652.28,229.531847
2018-06-02 12:00:00,7650.0,7660.0,7627.0,7638.0,277.983182
2018-06-02 12:15:00,7638.0,7641.0,7627.0,7632.31,388.00694
2018-06-02 12:30:00,7631.31,7646.82,7621.0,7644.92,302.583621
2018-06-02 12:45:00,7644.93,7648.0,7620.96,7636.28,264.703628
2018-06-02 13:00:00,7639.45,7647.4,7631.0,7645.0,216.370173
2018-06-02 13:15:00,7645.0,7657.0,7645.0,7654.02,194.340205
2018-06-02 13:30:00,7654.01,7654.02,7639.7,7644.22,296.4731
2018-06-02 13:45:00,7644.22,7651.61,7626.0,7635.99,214.880642
2018-06-02 14:00:00,7635.99,7639.0,7625.0,7637.98,190.034222
2018-06-02 14:15:00,7633.31,7652.0,7627.01,7643.68,366.480634
2018-06-02 14:30:00,7643.68,7650.0,7628.18,7641.03,200.765943
2018-06-02 14:45:00,7641.03,7653.79,7633.06,7653.79,229.077094
2018-06-02 15:00:00,7653.79,7662.0,7644.0,7653.18,279.912012
2018-06-02 15:15:00,7653.18,7697.33,7640.02,7640.02,527.220422
2018-06-02 15:30:00,7640.07,7645.0,7590.67,7632.03,619.331091
2018-06-02 15:45:00,7631.41,7640.0,7608.0,7623.1,281.338055
2018-06-02 16:00:00,7623.09,7628.41,7592.77,7608.97,368.565138
2018-06-02 16:15:00,7608.96,7625.0,7605.0,7621.34,225.841972
2018-06-02 16:30:00,7624.79,7651.0,7621.34,7627.91,247.225534
2018-06-02 16:45:00,7627.91,7631.99,7621.95,7631.24,255.430537
2018-06-02 17:00:00,7631.99,7660.0,7620.0,7656.85,275.058867
2018-06-02 17:15:00,7653.84,7669.62,7635.66,7640.85,457.742949
2018-06-02 17:30:00,7644.75,7650.0,7632.24,7646.06,384.29727
2018-06-02 17:45:00,7649.82,7649.83,7632.12,7642.37,392.376409
2018-06-02 18:00:00,7642.36,7655.97,7640.1,7645.1,247.18654
2018-06-02 18:15:00,7649.64,7661.13,7640.0,7652.05,250.852202
2018-06-02 18:30:00,7645.25,7655.0,7638.09,7644.5,421.639448
2018-06-02 18:45:00,7645.0,7670.0,7640.01,7660.29,264.239697
2018-06-02 19:00:00,7659.14,7660.29,7651.32,7656.0,205.854095
2018-06-02 19:15:00,7658.64,7665.0,7651.32,7663.0,263.258973
2018-06-02 19:30:00,7663.0,7671.48,7651.65,7669.98,166.636229
2018-06-02 19:45:00,7669.98,7672.0,7657.0,7665.0,182.258794
2018-06-02 20:00:00,7664.99,7671.62,7651.32,7669.0,201.588036
2018-06-02 20:15:00,7669.18,7671.0,7651.0,7654.37,172.111722
2018-06-02 20:30:00,7654.38,7672.0,7645.62,7651.51,161.954068
2018-06-02 20:45:00,7649.35,7653.6,7607.65,7612.07,292.709431
2018-06-02 21:00:00,7613.51,7643.83,7610.0,7637.99,294.065484
2018-06-02 21:15:00,7637.99,7652.89,7629.0,7647.0,256.075119
2018-06-02 21:30:00,7646.99,7647.22,7627.95,7643.62,177.030518
2018-06-02 21:45:00,7643.62,7644.91,7623.8,7639.89,252.862805
2018-06-02 22:00:00,7639.89,7641.9,7618.6,7630.0,200.251063
2018-06-02 22:15:00,7630.0,7633.17,7616.08,7624.24,135.879021
2018-06-02 22:30:00,7624.25,7638.0,7621.09,7629.99,200.242597
2018-06-02 22:45:00,7629.99,7634.0,7620.01,7631.0,146.052899
2018-06-02 23:00:00,7633.78,7645.05,7630.01,7639.02,251.260735
2018-06-02 23:15:00,7642.97,7648.96,7636.0,7643.02,245.431234
2018-06-02 23:30:00,7648.74,7648.74,7639.45,7645.99,266.795358
2018-06-02 23:45:00,7645.98,7646.0,7635.27,7640.03,118.514896
2018-06-03 00:00:00,7636.81,7658.4,7636.0,7656.8,279.424125
2018-06-03 00:15:00,7658.38,7660.0,7648.84,7659.0,157.734798
2018-06-03 00:30:00,7659.38,7662.72,7651.76,7656.16,296.832388
2018-06-03 00:45:00,7656.16,7668.52,7650.0,7660.08,202.369229
2018-06-03 01:00:00,7660.07,7670.0,7654.02,7660.0,194.488881
2018-06-03 01:15:00,7660.0,7672.81,7655.58,7672.4,179.630133
2018-06-03 01:30:00,7672.4,7676.12,7646.23,7656.99,229.030528
2018-06-03 01:45:00,7656.99,7658.87,7630.05,7650.59,268.927849
2018-06-03 02:00:00,7653.12,7653.12,7637.0,7644.06,229.131652
2018-06-03 02:15:00,7644.06,7650.0,7640.0,7648.0,107.456929
2018-06-03 02:30:00,7644.04,7647.87,7636.05,7639.23,273.683752
2018-06-03 02:45:00,7637.68,7645.47,7600.0,7641.41,583.587818
2018-06-03 03:00:00,7641.42,7651.2,7635.76,7639.89,251.7131
2018-06-03 03:15:00,7641.92,7647.07,7632.0,7636.0,162.001381
2018-06-03 03:30:00,7637.54,7639.97,7621.07,7623.24,149.597572
2018-06-03 03:45:00,7628.19,7651.2,7620.82,7643.1,146.842741
2018-06-03 04:00:00,7645.23,7646.69,7625.8,7625.8,242.346459
2018-06-03 04:15:00,7630.4,7640.0,7625.0,7636.61,107.046713
2018-06-03 04:30:00,7637.8,7644.91,7625.32,7636.05,121.097357
2018-06-03 04:45:00,7634.95,7649.99,7631.06,7645.28,354.487916
2018-06-03 05:00:00,7647.47,7654.0,7645.03,7647.03,182.640106
2018-06-03 05:15:00,7647.04,7651.85,7635.86,7645.01,149.998112
2018-06-03 05:30:00,7645.0,7660.0,7645.0,7659.39,101.604756
2018-06-03 05:45:00,7659.39,7665.48,7650.0,7655.0,321.403632
2018-06-03 06:00:00,7655.0,7655.01,7640.0,7647.99,335.323865
2018-06-03 06:15:00,7644.76,7662.29,7644.76,7661.02,261.5411
2018-06-03 06:30:00,7661.05,7786.69,7659.0,7728.16,1049.883877
2018-06-03 06:45:00,7730.69,7743.6,7715.0,7729.64,365.192727
2018-06-03 07:00:00,7725.59,7742.87,7721.0,7724.9,219.049347
2018-06-03 07:15:00,7724.9,7735.0,7722.81,7734.84,293.287181
2018-06-03 07:30:00,7734.84,7739.99,7730.05,7735.01,259.949148
2018-06-03 07:45:00,7736.75,7736.75,7715.0,7720.0,268.302228
2018-06-03 08:00:00,7720.0,7730.0,7713.73,7724.32,157.018673
2018-06-03 08:15:00,7724.38,7741.47,7723.0,7738.31,309.730701
2018-06-03 08:30:00,7738.3,7767.81,7738.3,7767.79,531.023403
2018-06-03 08:45:00,7767.79,7776.25,7737.6,7755.25,408.749339
2018-06-03 09:00:00,7755.15,7766.88,7732.64,7744.86,318.744699
2018-06-03 09:15:00,7744.86,7746.47,7737.45,7744.7,278.429987
2018-06-03 09:30:00,7742.2,7745.0,7733.0,7740.99,262.730404
2018-06-03 09:45:00,7741.05,7759.0,7740.0,7753.63,254.208511
2018-06-03 10:00:00,7750.37,7756.79,7740.01,7743.01,292.786487
2018-06-03 10:15:00,7743.01,7746.0,7740.0,7740.01,415.075038
2018-06-03 10:30:00,7740.01,7740.99,7722.98,7727.0,368.980604
2018-06-03 10:45:00,7727.0,7727.0,7695.5,7703.8,446.905424
2018-06-03 11:00:00,7703.7,7729.15,7700.0,7710.0,494.901049
2018-06-03 11:15:00,7710.0,7728.0,7710.0,7726.98,127.450801
2018-06-03 11:30:00,7727.44,7730.0,7709.5,7714.26,288.951038
2018-06-03 11:45:00,7718.95,7720.0,7710.03,7714.85,164.471201
2018-06-03 12:00:00,7714.85,7720.0,7710.0,7711.03,123.182907
2018-06-03 12:15:00,7711.03,7720.0,7705.01,7705.09,243.522837
2018-06-03 12:30:00,7707.94,7735.89,7705.1,7716.28,378.68834
2018-06-03 12:45:00,7716.28,7732.13,7713.35,7718.83,274.730678
2018-06-03 13:00:00,7724.99,7730.24,7714.0,7729.93,152.913562
2018-06-03 13:15:00,7729.94,7742.0,7727.93,7733.42,229.269844
2018-06-03 13:30:00,7733.42,7750.26,7733.31,7739.0,261.857454
2018-06-03 13:45:00,7739.0,7745.0,7711.0,7720.05,298.079462
2018-06-03 14:00:00,7720.0,7730.0,7693.46,7702.99,386.462162
2018-06-03 14:15:00,7702.99,7708.4,7682.0,7705.05,445.312047
2018-06-03 14:30:00,7705.05,7708.0,7680.06,7704.01,407.617571
2018-06-03 14:45:00,7700.03,7724.16,7700.03,7717.0,278.729306
2018-06-03 15:00:00,7718.51,7725.89,7702.55,7710.5,356.09193
2018-06-03 15:15:00,7710.5,7721.4,7703.0,7717.46,180.075347
2018-06-03 15:30:00,7717.45,7726.9,7707.07,7725.99,188.411628
2018-06-03 15:45:00,7726.0,7732.95,7721.0,7730.01,224.365302
2018-06-03 16:00:00,7731.0,7739.97,7718.0,7721.79,272.292944
2018-06-03 16:15:00,7719.13,7724.0,7702.4,7723.0,315.574304
2018-06-03 16:30:00,7723.0,7730.4,7702.45,7715.01,156.744359
2018-06-03 16:45:00,7714.35,7720.0,7700.07,7706.58,264.666033
2018-06-03 17:00:00,7703.87,7706.81,7685.0,7687.99,412.382319
2018-06-03 17:15:00,7687.98,7705.02,7670.66,7685.0,584.727821
2018-06-03 17:30:00,7683.34,7694.93,7669.77,7688.6,574.602856
2018-06-03 17:45:00,7688.6,7699.0,7678.92,7695.13,278.734975
2018-06-03 18:00:00,7695.99,7699.99,7677.74,7679.99,209.204929
2018-06-03 18:15:00,7679.99,7690.1,7673.72,7684.99,224.173471
2018-06-03 18:30:00,7682.9,7685.0,7674.31,7674.32,158.624843
2018-06-03 18:45:00,7680.79,7683.99,7670.0,7678.0,311.884625
2018-06-03 19:00:00,7678.0,7681.96,7665.24,7666.56,285.506396
2018-06-03 19:15:00,7672.0,7674.49,7636.21,7664.51,652.518539
2018-06-03 19:30:00,7664.51,7717.0,7658.0,7697.7,520.335735
2018-06-03 19:45:00,7697.7,7718.0,7691.3,7699.57,171.830345
2018-06-03 20:00:00,7699.58,7702.29,7686.32,7691.21,193.281844
2018-06-03 20:15:00,7692.33,7699.49,7686.07,7689.02,254.926324
2018-06-03 20:30:00,7689.02,7710.0,7687.88,7705.91,189.962454
2018-06-03 20:45:00,7705.91,7729.0,7705.02,7720.01,271.26778
2018-06-03 21:00:00,7720.02,7723.6,7699.03,7717.01,234.289147
2018-06-03 21:15:00,7718.0,7720.99,7700.01,7706.11,355.720417
2018-06-03 21:30:00,7706.1,7706.1,7682.0,7688.0,524.019281
2018-06-03 21:45:00,7688.0,7693.86,7672.36,7692.01,283.72814
2018-06-03 22:00:00,7692.01,7700.0,7688.02,7693.98,230.143871
2018-06-03 22:15:00,7691.7,7700.0,7689.42,7694.94,225.84495
2018-06-03 22:30:00,7694.95,7703.32,7691.99,7698.5,193.405026
2018-06-03 22:45:00,7699.79,7716.0,7690.0,7712.82,309.153588
2018-06-03 23:00:00,7712.82,7716.0,7698.27,7699.46,323.693517
2018-06-03 23:15:00,7702.57,7716.14,7695.33,7713.01,221.614748
2018-06-03 23:30:00,7713.0,7716.0,7690.0,7700.23,178.783555
2018-06-03 23:45:00,7700.23,7722.29,7695.0,7714.26,226.444679
2018-06-04 00:00:00,7714.26,7735.0,7701.5,7714.66,322.018416
2018-06-04 00:15:00,7714.67,7733.8,7714.0,7725.39,285.450319
2018-06-04 00:30:00,7725.39,7760.52,7716.97,7717.49,659.227868
2018-06-04 00:45:00,7719.82,7734.92,7712.69,7713.99,405.435877
2018-06-04 01:00:00,7712.92,7720.43,7700.01,7707.3,154.431175
2018-06-04 01:15:00,7707.3,7715.0,7700.02,7712.99,304.04462
2018-06-04 01:30:00,7711.49,7715.0,7665.32,7690.0,333.556338
2018-06-04 01:45:00,7690.0,7711.84,7682.48,7703.99,213.996233
2018-06-04 02:00:00,7704.0,7704.97,7685.0,7690.0,196.695216
2018-06-04 02:15:00,7690.0,7699.74,7673.25,7683.07,286.717679
2018-06-04 02:30:00,7683.07,7688.97,7671.1,7676.24,215.616558
2018-06-04 02:45:00,7672.16,7685.0,7667.39,7674.0,247.523491
2018-06-04 03:00:00,7677.97,7698.96,7673.13,7696.61,238.251264
2018-06-04 03:15:00,7693.89,7699.39,7681.9,7691.36,150.934485
2018-06-04 03:30:00,7693.72,7695.0,7681.96,7692.25,197.688354
2018-06-04 03:45:00,7692.04,7699.39,7686.2,7690.0,199.632689
2018-06-04 04:00:00,7688.99,7695.0,7685.0,7690.32,182.070096
2018-06-04 04:15:00,7690.69,7695.91,7690.25,7695.01,196.364792
2018-06-04 04:30:00,7695.58,7707.0,7695.0,7703.96,172.294745
2018-06-04 04:45:00,7703.96,7707.0,7693.1,7699.01,208.076006
2018-06-04 05:00:00,7699.0,7703.9,7679.0,7680.0,340.304008
2018-06-04 05:15:00,7680.0,7691.0,7676.95,7683.0,364.836041
2018-06-04 05:30:00,7683.0,7689.31,7672.01,7676.03,311.048462
2018-06-04 05:45:00,7676.03,7684.5,7608.39,7660.0,788.038652
2018-06-04 06:00:00,7660.0,7660.01,7617.4,7639.99,571.233319
2018-06-04 06:15:00,7638.0,7657.06,7630.0,7641.37,299.584468
2018-06-04 06:30:00,7641.36,7641.37,7568.0,7598.14,1065.763642
2018-06-04 06:45:00,7598.14,7624.64,7568.78,7578.76,501.495762
2018-06-04 07:00:00,7578.76,7609.31,7578.74,7590.0,393.842136
2018-06-04 07:15:00,7590.0,7620.02,7587.15,7613.9,307.400022
2018-06-04 07:30:00,7613.89,7619.99,7600.07,7611.22,227.868697
2018-06-04 07:45:00,7614.2,7615.0,7595.0,7597.7,293.049493
2018-06-04 08:00:00,7597.7,7600.0,7571.28,7573.63,488.50581
2018-06-04 08:15:00,7573.63,7592.83,7568.0,7590.0,291.636135
2018-06-04 08:30:00,7591.4,7608.83,7589.02,7602.67,366.724135
2018-06-04 08:45:00,7600.02,7610.0,7590.02,7609.24,412.531352
2018-06-04 09:00:00,7609.26,7609.3,7573.98,7573.99,424.33584
2018-06-04 09:15:00,7573.98,7600.04,7568.0,7572.36,466.709469
2018-06-04 09:30:00,7572.37,7589.99,7572.2,7575.0,270.468194
2018-06-04 09:45:00,7575.0,7628.51,7572.0,7627.9,541.679638
2018-06-04 10:00:00,7627.9,7628.98,7607.22,7613.34,509.649889
2018-06-04 10:15:00,7614.18,7627.59,7602.01,7611.99,307.502251
2018-06-04 10:30:00,7611.99,7615.8,7600.0,7607.58,294.932275
2018-06-04 10:45:00,7608.79,7620.81,7585.92,7591.06,275.363157
2018-06-04 11:00:00,7591.91,7591.91,7520.0,7544.98,879.912396
2018-06-04 11:15:00,7544.98,7557.39,7528.0,7532.0,392.348194
2018-06-04 11:30:00,7532.0,7557.0,7512.14,7519.96,603.76555
2018-06-04 11:45:00,7519.96,7534.04,7484.25,7505.0,786.782193
2018-06-04 12:00:00,7505.0,7528.02,7498.0,7528.02,318.429139
2018-06-04 12:15:00,7526.0,7529.99,7494.16,7514.62,293.108442
2018-06-04 12:30:00,7514.63,7538.99,7514.62,7530.2,240.579968
2018-06-04 12:45:00,7534.92,7534.92,7514.7,7525.74,197.020606
2018-06-04 13:00:00,7526.87,7530.0,7505.01,7515.0,228.117296
2018-06-04 13:15:00,7515.0,7525.0,7509.0,7512.99,324.013026
2018-06-04 13:30:00,7512.99,7524.0,7511.01,7520.0,207.014869
2018-06-04 13:45:00,7520.0,7520.0,7492.0,7494.99,353.892288
2018-06-04 14:00:00,7493.06,7497.84,7446.93,7447.69,847.853524
2018-06-04 14:15:00,7447.07,7490.0,7446.5,7479.38,693.856165
2018-06-04 14:30:00,7478.95,7495.0,7461.92,7488.99,338.849842
2018-06-04 14:45:00,7488.99,7494.0,7463.9,7483.0,405.189056
2018-06-04 15:00:00,7483.0,7514.69,7470.21,7500.0,316.44387
2018-06-04 15:15:00,7499.99,7510.0,7496.0,7507.17,149.583659
2018-06-04 15:30:00,7507.17,7512.96,7485.77,7486.98,225.434574
2018-06-04 15:45:00,7487.0,7500.76,7471.01,7496.99,255.858288
2018-06-04 16:00:00,7496.99,7501.0,7490.07,7496.01,226.598747
2018-06-04 16:15:00,7500.0,7508.61,7484.45,7496.75,405.444379
2018-06-04 16:30:00,7496.86,7499.36,7471.33,7481.93,340.51582
2018-06-04 16:45:00,7481.93,7490.0,7466.0,7483.1,313.171809
2018-06-04 17:00:00,7483.11,7490.0,7447.0,7460.03,275.497664
2018-06-04 17:15:00,7464.28,7478.42,7450.79,7453.09,241.548405
2018-06-04 17:30:00,7450.79,7484.99,7450.57,7468.71,362.031021
2018-06-04 17:45:00,7469.24,7480.0,7461.59,7475.92,175.42202
2018-06-04 18:00:00,7475.36,7483.76,7461.77,7483.07,265.879465
2018-06-04 18:15:00,7483.03,7485.97,7459.0,7478.68,154.46759
2018-06-04 18:30:00,7479.0,7488.1,7475.06,7484.01,342.68901
2018-06-04 18:45:00,7482.07,7499.96,7480.12,7498.0,475.166733
2018-06-04 19:00:00,7498.0,7512.0,7491.47,7508.66,352.546798
2018-06-04 19:15:00,7508.66,7515.0,7499.75,7505.0,251.730601
2018-06-04 19:30:00,7505.01,7508.98,7488.33,7494.99,396.646693
2018-06-04 19:45:00,7489.83,7495.0,7480.0,7494.99,245.901838
2018-06-04 20:00:00,7494.99,7496.88,7486.67,7496.85,214.326152
2018-06-04 20:15:00,7495.99,7497.28,7475.9,7480.0,189.613593
2018-06-04 20:30:00,7480.0,7503.63,7480.0,7500.0,241.910664
2018-06-04 20:45:00,7500.0,7534.85,7496.1,7526.19,300.347389
2018-06-04 21:00:00,7526.18,7538.05,7517.49,7529.1,237.569161
2018-06-04 21:15:00,7529.09,7547.04,7520.79,7537.69,283.532282
2018-06-04 21:30:00,7537.7,7546.35,7533.0,7545.81,261.445719
2018-06-04 21:45:00,7545.98,7548.3,7539.0,7547.79,240.632956
2018-06-04 22:00:00,7547.84,7548.82,7507.0,7513.88,288.318007
2018-06-04 22:15:00,7513.89,7519.86,7505.0,7515.74,221.863599
2018-06-04 22:30:00,7512.0,7519.96,7506.51,7514.8,95.820483
2018-06-04 22:45:00,7514.79,7517.0,7507.01,7507.01,83.148696
2018-06-04 23:00:00,7507.01,7507.02,7461.0,7487.12,370.17676
2018-06-04 23:15:00,7487.12,7488.41,7459.0,7483.91,317.323976
2018-06-04 23:30:00,7481.98,7492.1,7474.45,7485.91,388.699314
2018-06-04 23:45:00,7485.91,7508.49,7485.0,7487.0,356.265758
2018-06-05 00:00:00,7487.0,7514.04,7485.02,7502.0,239.632478
2018-06-05 00:15:00,7502.0,7510.0,7489.0,7492.07,140.140385
2018-06-05 00:30:00,7494.32,7498.77,7484.33,7498.62,116.104845
2018-06-05 00:45:00,7495.08,7499.86,7485.0,7494.77,165.851137
2018-06-05 01:00:00,7494.77,7518.8,7491.0,7513.42,313.126721
2018-06-05 01:15:00,7512.47,7513.43,7489.62,7491.18,171.574595
2018-06-05 01:30:00,7491.77,7499.99,7457.8,7480.0,194.901596
2018-06-05 01:45:00,7478.09,7494.77,7465.91,7490.02,152.984487
2018-06-05 02:00:00,7493.77,7497.7,7461.0,7465.85,234.404637
2018-06-05 02:15:00,7465.85,7466.31,7404.0,7410.26,929.999564
2018-06-05 02:30:00,7410.26,7436.98,7404.0,7411.98,340.984416
