time,open,high,low,close,volume
2020-04-30 15:00:00,8825.27,8852.94,8822.16,8832.95,869.082915
2020-04-30 15:15:00,8833.17,8846.0,8804.65,8827.09,751.913984
2020-04-30 15:30:00,8824.32,8830.24,8786.22,8800.0,997.163094
2020-04-30 15:45:00,8799.99,8814.88,8735.0,8776.95,1900.179646
2020-04-30 16:00:00,8776.94,8793.0,8721.19,8777.96,1315.670114
2020-04-30 16:15:00,8778.81,8780.0,8668.8,8710.31,1869.810707
2020-04-30 16:30:00,8710.31,8729.87,8643.33,8648.48,2426.354593
2020-04-30 16:45:00,8648.48,8712.43,8627.68,8689.3,1768.209839
2020-04-30 17:00:00,8689.3,8709.89,8659.11,8690.01,1210.689754
2020-04-30 17:15:00,8690.01,8696.07,8600.0,8608.59,2079.158908
2020-04-30 17:30:00,8610.98,8612.87,8450.0,8526.55,6546.858264
2020-04-30 17:45:00,8526.55,8604.26,8401.0,8552.22,5498.264344
2020-04-30 18:00:00,8550.17,8666.27,8544.31,8628.68,3379.995055
2020-04-30 18:15:00,8629.49,8682.96,8585.0,8674.73,1672.971741
2020-04-30 18:30:00,8675.01,8728.0,8635.91,8719.12,2546.537054
2020-04-30 18:45:00,8719.1,8720.0,8616.67,8669.94,1868.171377
2020-04-30 19:00:00,8668.85,8719.9,8660.04,8684.7,1048.743001
2020-04-30 19:15:00,8685.56,8859.11,8682.45,8851.21,3116.597496
2020-04-30 19:30:00,8850.0,8855.43,8789.57,8821.64,1821.215036
2020-04-30 19:45:00,8821.64,8848.96,8803.43,8836.01,1147.493792
2020-04-30 20:00:00,8836.01,8882.78,8750.01,8783.57,1953.213412
2020-04-30 20:15:00,8782.71,8834.98,8722.12,8750.97,1257.353926
2020-04-30 20:30:00,8748.09,8797.95,8655.71,8776.19,1627.161108
2020-04-30 20:45:00,8775.75,8832.9,8743.16,8818.36,917.453673
2020-04-30 21:00:00,8819.15,8819.19,8757.7,8770.07,618.482688
2020-04-30 21:15:00,8770.08,8849.8,8770.08,8830.42,690.384712
2020-04-30 21:30:00,8830.01,8843.12,8805.71,8819.82,549.366407
2020-04-30 21:45:00,8819.87,8824.71,8734.5,8761.92,1231.326738
2020-04-30 22:00:00,8761.91,8770.0,8710.0,8729.39,765.194035
2020-04-30 22:15:00,8729.68,8735.1,8623.0,8714.0,1504.437735
2020-04-30 22:30:00,8713.99,8743.79,8664.11,8685.0,707.875449
2020-04-30 22:45:00,8685.0,8765.0,8680.0,8759.77,635.206773
2020-04-30 23:00:00,8759.82,8780.0,8673.43,8690.04,759.159293
2020-04-30 23:15:00,8690.28,8696.04,8621.0,8675.14,1029.346419
2020-04-30 23:30:00,8675.09,8685.14,8630.03,8671.31,752.706221
2020-04-30 23:45:00,8671.84,8671.84,8573.98,8620.0,1660.940659
2020-05-01 00:00:00,8620.0,8696.8,8613.56,8681.07,1189.999626
2020-05-01 00:15:00,8681.1,8714.34,8637.93,8708.79,806.436632
2020-05-01 00:30:00,8707.44,8739.01,8693.25,8732.9,759.722453
2020-05-01 00:45:00,8732.9,8732.9,8688.42,8707.51,703.529954
2020-05-01 01:00:00,8707.5,8735.85,8707.5,8722.07,447.880924
2020-05-01 01:15:00,8722.05,8762.04,8700.01,8714.72,760.929942
2020-05-01 01:30:00,8714.8,8720.56,8663.34,8676.94,671.960717
2020-05-01 01:45:00,8677.18,8702.14,8657.85,8662.61,390.833031
2020-05-01 02:00:00,8663.07,8704.0,8644.32,8687.85,527.621402
2020-05-01 02:15:00,8687.85,8717.4,8687.69,8716.71,437.712794
2020-05-01 02:30:00,8716.71,8730.0,8700.1,8701.37,540.493105
2020-05-01 02:45:00,8701.41,8730.0,8695.01,8726.36,321.841719
2020-05-01 03:00:00,8725.5,8738.0,8693.31,8700.0,491.964465
2020-05-01 03:15:00,8699.99,8712.19,8665.51,8689.4,790.925878
2020-05-01 03:30:00,8689.5,8708.0,8665.26,8669.11,389.69566
2020-05-01 03:45:00,8669.12,8686.0,8665.26,8675.35,366.410302
2020-05-01 04:00:00,8675.1,8723.52,8674.01,8716.17,592.769007
2020-05-01 04:15:00,8716.17,8736.63,8709.03,8721.29,527.338408
2020-05-01 04:30:00,8721.29,8760.0,8717.18,8752.08,648.16106
2020-05-01 04:45:00,8751.99,8799.71,8740.0,8791.59,837.510752
2020-05-01 05:00:00,8791.59,8798.99,8761.01,8774.29,493.708073
2020-05-01 05:15:00,8773.11,8824.0,8755.36,8813.26,957.034396
2020-05-01 05:30:00,8813.26,8835.7,8791.08,8794.35,925.104026
2020-05-01 05:45:00,8793.55,8819.16,8786.02,8815.42,679.333989
2020-05-01 06:00:00,8815.27,8815.27,8759.64,8779.95,641.405771
2020-05-01 06:15:00,8779.97,8789.09,8745.93,8767.37,500.901865
2020-05-01 06:30:00,8765.85,8791.09,8765.3,8785.54,303.046315
2020-05-01 06:45:00,8786.49,8791.34,8752.99,8756.9,561.362785
2020-05-01 07:00:00,8757.0,8780.0,8756.25,8766.25,726.88755
2020-05-01 07:15:00,8766.24,8766.87,8703.03,8720.09,1346.250508
2020-05-01 07:30:00,8720.09,8751.9,8710.15,8738.9,913.822035
2020-05-01 07:45:00,8739.51,8767.55,8738.27,8767.18,502.079774
2020-05-01 08:00:00,8767.18,8794.96,8767.15,8785.67,591.662777
2020-05-01 08:15:00,8785.68,8798.91,8745.01,8748.38,585.382787
2020-05-01 08:30:00,8746.98,8780.0,8746.77,8777.18,324.921065
2020-05-01 08:45:00,8775.88,8795.0,8769.97,8794.02,426.361107
2020-05-01 09:00:00,8794.37,8814.29,8792.06,8793.65,766.049238
2020-05-01 09:15:00,8793.69,8808.88,8780.0,8783.51,721.524027
2020-05-01 09:30:00,8782.2,8812.77,8770.0,8809.87,687.38253
2020-05-01 09:45:00,8808.89,8860.0,8800.56,8845.52,1363.540139
2020-05-01 10:00:00,8845.71,8878.96,8826.59,8862.01,1544.2392
2020-05-01 10:15:00,8862.0,8872.49,8824.65,8839.17,978.499314
2020-05-01 10:30:00,8839.56,8856.81,8815.82,8827.32,704.864769
2020-05-01 10:45:00,8827.27,8900.0,8817.18,8900.0,999.72925
2020-05-01 11:00:00,8899.99,8908.0,8868.0,8868.09,1125.871385
2020-05-01 11:15:00,8868.0,8951.0,8868.0,8947.19,1705.551919
2020-05-01 11:30:00,8946.71,9059.18,8925.31,9030.74,3862.918632
2020-05-01 11:45:00,9030.75,9033.8,8901.58,8995.66,3058.028046
2020-05-01 12:00:00,8995.73,9022.0,8960.01,8971.68,3949.375102
2020-05-01 12:15:00,8971.06,8972.0,8885.03,8906.31,2614.563246
2020-05-01 12:30:00,8907.99,8924.13,8815.0,8846.56,2645.101369
2020-05-01 12:45:00,8846.21,8889.0,8838.94,8878.53,1164.172162
2020-05-01 13:00:00,8878.52,8925.0,8877.11,8894.0,932.773383
2020-05-01 13:15:00,8894.0,8910.0,8802.12,8822.89,1697.991813
2020-05-01 13:30:00,8820.96,8841.71,8772.05,8812.38,2454.797406
2020-05-01 13:45:00,8813.45,8844.33,8779.01,8792.2,1184.284144
2020-05-01 14:00:00,8792.2,8800.43,8716.28,8752.98,2189.72266
2020-05-01 14:15:00,8752.91,8784.33,8750.29,8781.23,1105.987918
2020-05-01 14:30:00,8781.23,8789.23,8732.85,8767.17,986.814334
2020-05-01 14:45:00,8766.21,8840.31,8756.41,8823.17,1568.730039
2020-05-01 15:00:00,8822.05,8858.68,8796.67,8842.69,1345.7663
2020-05-01 15:15:00,8842.69,8845.39,8785.04,8791.11,913.661734
2020-05-01 15:30:00,8791.98,8815.8,8750.0,8764.66,1286.428427
2020-05-01 15:45:00,8764.71,8766.14,8725.0,8726.84,1036.918204
2020-05-01 16:00:00,8726.88,8762.0,8655.31,8745.09,3060.450575
2020-05-01 16:15:00,8745.09,8760.4,8692.13,8715.15,1100.322811
2020-05-01 16:30:00,8715.16,8737.24,8673.34,8732.9,998.506576
2020-05-01 16:45:00,8733.02,8765.13,8721.72,8735.83,910.423388
2020-05-01 17:00:00,8735.82,8767.04,8714.14,8732.45,1034.239575
2020-05-01 17:15:00,8731.53,8737.87,8694.22,8707.14,791.872892
2020-05-01 17:30:00,8707.14,8750.66,8687.01,8726.56,1022.15053
2020-05-01 17:45:00,8726.44,8768.85,8726.18,8762.74,541.223547
2020-05-01 18:00:00,8763.42,8780.0,8745.0,8745.41,793.392809
2020-05-01 18:15:00,8746.48,8777.12,8738.23,8764.63,422.225043
2020-05-01 18:30:00,8764.63,8779.55,8721.35,8745.29,585.58595
2020-05-01 18:45:00,8745.25,8747.33,8721.0,8733.45,368.657345
2020-05-01 19:00:00,8733.45,8745.55,8712.2,8727.59,607.50271
2020-05-01 19:15:00,8727.91,8752.1,8725.0,8748.14,368.434019
2020-05-01 19:30:00,8748.14,8772.71,8735.57,8747.17,614.182649
2020-05-01 19:45:00,8747.17,8747.17,8702.0,8727.82,652.847303
2020-05-01 20:00:00,8727.97,8748.69,8717.55,8731.29,467.077332
2020-05-01 20:15:00,8731.29,8742.32,8701.0,8718.38,313.546937
2020-05-01 20:30:00,8718.37,8719.78,8663.28,8714.16,901.084526
2020-05-01 20:45:00,8714.11,8747.85,8684.26,8729.04,725.75937
2020-05-01 21:00:00,8729.89,8769.18,8729.22,8742.01,712.64331
2020-05-01 21:15:00,8742.03,8764.67,8737.21,8759.38,379.035615
2020-05-01 21:30:00,8759.38,8839.0,8753.33,8829.62,970.803389
2020-05-01 21:45:00,8829.63,8849.99,8808.52,8844.67,718.767509
2020-05-01 22:00:00,8844.66,8870.0,8796.23,8830.74,1042.719178
2020-05-01 22:15:00,8830.73,8844.37,8808.06,8830.0,431.066551
2020-05-01 22:30:00,8830.0,8842.61,8803.77,8835.58,457.996773
2020-05-01 22:45:00,8835.58,8854.63,8831.25,8837.15,560.737189
2020-05-01 23:00:00,8837.15,8860.91,8831.98,8847.41,509.620529
2020-05-01 23:15:00,8847.4,8893.41,8835.49,8891.51,777.997008
2020-05-01 23:30:00,8891.56,8893.43,8849.23,8863.84,683.597665
2020-05-01 23:45:00,8863.84,8865.27,8800.52,8826.96,666.055112
2020-05-02 00:00:00,8825.67,8825.92,8762.0,8799.21,858.993149
2020-05-02 00:15:00,8799.85,8818.23,8791.53,8792.83,397.214835
2020-05-02 00:30:00,8793.38,8836.95,8791.57,8824.05,479.017171
2020-05-02 00:45:00,8824.09,8843.64,8820.0,8827.99,413.605045
2020-05-02 01:00:00,8827.98,8829.0,8801.69,8807.26,388.861411
2020-05-02 01:15:00,8808.19,8815.0,8781.03,8791.74,420.426591
2020-05-02 01:30:00,8791.74,8812.83,8771.03,8812.04,379.820711
2020-05-02 01:45:00,8812.06,8818.41,8787.41,8792.17,278.628769
2020-05-02 02:00:00,8791.64,8798.17,8753.0,8780.0,510.140031
2020-05-02 02:15:00,8779.64,8819.16,8775.01,8813.88,350.39107
2020-05-02 02:30:00,8814.25,8819.73,8790.19,8811.43,299.245861
2020-05-02 02:45:00,8811.76,8838.54,8802.31,8812.35,402.151507
2020-05-02 03:00:00,8812.36,8818.45,8792.95,8814.99,198.872977
2020-05-02 03:15:00,8814.98,8839.98,8808.78,8837.8,425.404217
2020-05-02 03:30:00,8837.41,8845.16,8820.07,8844.7,541.159055
2020-05-02 03:45:00,8844.7,8856.4,8822.33,8834.08,530.662222
2020-05-02 04:00:00,8834.29,8856.76,8820.0,8837.0,472.844524
2020-05-02 04:15:00,8836.95,8849.62,8814.27,8814.31,483.201486
2020-05-02 04:30:00,8814.31,8827.33,8802.08,8804.27,385.965374
2020-05-02 04:45:00,8805.0,8820.0,8792.0,8818.51,343.396461
2020-05-02 05:00:00,8818.82,8819.99,8788.0,8797.74,266.873143
2020-05-02 05:15:00,8797.73,8804.74,8782.62,8800.49,290.387786
2020-05-02 05:30:00,8800.05,8817.8,8795.95,8813.01,277.188581
2020-05-02 05:45:00,8813.0,8832.18,8795.9,8816.42,325.112915
2020-05-02 06:00:00,8816.83,8845.96,8816.83,8838.4,390.412281
2020-05-02 06:15:00,8838.6,8846.0,8822.24,8833.0,353.111682
2020-05-02 06:30:00,8833.0,8836.58,8822.88,8835.13,675.319734
2020-05-02 06:45:00,8835.13,8838.99,8806.83,8822.85,422.14506
2020-05-02 07:00:00,8822.21,8823.39,8804.9,8820.0,375.522832
2020-05-02 07:15:00,8820.0,8830.0,8811.9,8824.89,233.195755
2020-05-02 07:30:00,8824.89,8826.0,8807.12,8808.4,453.135741
2020-05-02 07:45:00,8808.4,8812.69,8783.49,8799.01,748.840164
2020-05-02 08:00:00,8799.0,8815.0,8776.47,8800.49,867.262297
2020-05-02 08:15:00,8801.38,8819.14,8793.6,8795.0,539.467169
2020-05-02 08:30:00,8795.3,8803.47,8780.0,8780.0,347.171253
2020-05-02 08:45:00,8780.0,8794.0,8768.0,8773.42,515.656382
2020-05-02 09:00:00,8773.42,8800.0,8772.02,8794.15,296.694189
2020-05-02 09:15:00,8793.94,8822.95,8793.91,8821.39,425.805396
2020-05-02 09:30:00,8821.59,8821.59,8795.61,8798.16,356.000149
2020-05-02 09:45:00,8797.81,8811.9,8789.0,8811.9,288.18065
2020-05-02 10:00:00,8811.69,8826.07,8806.36,8819.21,401.960068
2020-05-02 10:15:00,8819.31,8833.0,8814.53,8825.86,1120.064199
2020-05-02 10:30:00,8825.86,8833.0,8817.92,8831.95,591.429791
2020-05-02 10:45:00,8831.99,8846.62,8820.0,8828.23,1122.326915
2020-05-02 11:00:00,8828.22,8869.67,8828.22,8852.74,1005.547797
2020-05-02 11:15:00,8852.7,8887.0,8843.2,8873.61,908.047868
2020-05-02 11:30:00,8873.29,8878.21,8849.91,8857.0,371.623078
2020-05-02 11:45:00,8857.2,8867.08,8832.05,8834.0,503.226048
2020-05-02 12:00:00,8834.84,8880.0,8834.84,8864.99,602.004752
2020-05-02 12:15:00,8865.0,8940.0,8865.0,8917.24,2241.931766
2020-05-02 12:30:00,8917.24,8924.72,8881.01,8902.99,828.773835
2020-05-02 12:45:00,8902.56,8903.35,8844.58,8859.35,858.26389
2020-05-02 13:00:00,8859.8,8887.59,8859.35,8874.71,518.904745
2020-05-02 13:15:00,8875.31,8877.47,8850.86,8869.86,461.623802
2020-05-02 13:30:00,8869.86,8899.96,8869.86,8885.97,474.420202
2020-05-02 13:45:00,8885.97,8909.74,8874.6,8899.73,613.638558
2020-05-02 14:00:00,8897.93,8931.0,8890.0,8906.59,953.353215
2020-05-02 14:15:00,8906.86,8907.15,8885.97,8890.95,596.720329
2020-05-02 14:30:00,8890.35,8926.0,8889.17,8918.65,621.278572
2020-05-02 14:45:00,8918.07,8950.0,8915.01,8919.51,1352.234475
2020-05-02 15:00:00,8919.19,8967.62,8905.22,8960.23,1004.574594
2020-05-02 15:15:00,8960.23,8966.27,8909.15,8909.97,1186.160332
2020-05-02 15:30:00,8909.94,8924.24,8894.0,8919.38,918.45072
2020-05-02 15:45:00,8919.73,8942.02,8896.23,8936.41,624.555659
2020-05-02 16:00:00,8936.41,8978.84,8918.07,8955.53,1064.993402
2020-05-02 16:15:00,8955.19,8975.0,8940.0,8963.89,590.807717
2020-05-02 16:30:00,8963.89,9008.71,8963.83,8978.16,1860.185717
2020-05-02 16:45:00,8977.96,9010.0,8970.0,8980.63,1145.304652
2020-05-02 17:00:00,8980.93,8999.98,8948.0,8953.39,957.762366
2020-05-02 17:15:00,8953.0,8975.0,8952.0,8958.42,430.15742
2020-05-02 17:30:00,8958.66,8980.91,8952.18,8977.05,380.414252
2020-05-02 17:45:00,8976.99,8987.9,8955.0,8971.98,562.686081
2020-05-02 18:00:00,8971.98,8972.0,8811.0,8854.22,3844.600947
2020-05-02 18:15:00,8854.3,8882.22,8831.01,8860.01,832.036877
2020-05-02 18:30:00,8859.45,8888.54,8859.0,8880.0,571.729196
2020-05-02 18:45:00,8879.32,8892.0,8840.0,8866.72,722.897125
2020-05-02 19:00:00,8867.08,8873.01,8850.7,8869.99,347.125989
2020-05-02 19:15:00,8870.0,8870.0,8836.73,8842.88,547.043671
2020-05-02 19:30:00,8843.31,8870.0,8820.0,8860.0,571.172771
2020-05-02 19:45:00,8860.0,8880.0,8850.09,8878.11,374.472278
2020-05-02 20:00:00,8878.0,8880.0,8860.0,8873.0,279.76511
2020-05-02 20:15:00,8873.01,8883.19,8866.02,8876.17,360.223177
2020-05-02 20:30:00,8875.03,8920.0,8873.77,8913.81,603.734967
2020-05-02 20:45:00,8913.81,8930.93,8903.04,8930.53,450.51045
2020-05-02 21:00:00,8930.53,8939.0,8903.46,8907.15,471.468602
2020-05-02 21:15:00,8907.1,8919.84,8897.07,8900.96,315.390271
2020-05-02 21:30:00,8901.25,8927.27,8883.15,8924.14,400.99442
2020-05-02 21:45:00,8924.14,8929.92,8912.81,8924.93,387.663066
2020-05-02 22:00:00,8924.94,8938.35,8903.0,8909.59,320.691263
2020-05-02 22:15:00,8909.79,8926.85,8903.08,8908.61,253.898801
2020-05-02 22:30:00,8908.53,8924.37,8892.89,8920.73,546.455367
2020-05-02 22:45:00,8920.91,8939.99,8906.42,8933.54,294.201042
2020-05-02 23:00:00,8934.39,8979.31,8921.42,8965.0,1108.411301
2020-05-02 23:15:00,8965.0,8985.0,8950.0,8963.92,642.150178
2020-05-02 23:30:00,8963.3,8976.41,8954.0,8966.83,477.427754
2020-05-02 23:45:00,8966.94,8983.0,8962.06,8972.05,397.110484
2020-05-03 00:00:00,8972.58,8985.87,8937.0,8955.66,593.495397
2020-05-03 00:15:00,8955.66,8998.0,8955.66,8994.39,531.95752
2020-05-03 00:30:00,8993.84,9150.0,8993.84,9136.02,4293.702805
2020-05-03 00:45:00,9134.48,9150.0,9102.31,9124.35,1520.264792
2020-05-03 01:00:00,9124.42,9200.0,9124.07,9169.4,2741.267804
2020-05-03 01:15:00,9169.4,9183.0,9150.0,9164.84,1321.253272
2020-05-03 01:30:00,9163.99,9164.0,9055.0,9105.44,2484.197377
2020-05-03 01:45:00,9106.06,9145.0,9103.61,9115.52,721.117069
2020-05-03 02:00:00,9116.22,9146.62,9102.13,9142.82,537.925202
2020-05-03 02:15:00,9142.9,9145.79,9110.81,9125.95,745.689587
2020-05-03 02:30:00,9125.52,9135.0,9080.0,9113.86,887.181755
2020-05-03 02:45:00,9113.85,9114.99,9072.36,9073.06,697.295383
2020-05-03 03:00:00,9073.06,9130.0,9072.72,9124.49,1046.517234
2020-05-03 03:15:00,9124.85,9128.43,9100.0,9113.93,371.123783
2020-05-03 03:30:00,9113.93,9160.0,9113.92,9150.99,625.632928
2020-05-03 03:45:00,9150.78,9155.39,9130.43,9132.95,433.2898
2020-05-03 04:00:00,9133.25,9150.23,9117.14,9123.86,433.921994
2020-05-03 04:15:00,9123.87,9142.0,9107.22,9128.86,507.703937
2020-05-03 04:30:00,9128.87,9139.79,9106.75,9111.62,657.547707
2020-05-03 04:45:00,9111.22,9127.0,9105.17,9112.26,639.307127
2020-05-03 05:00:00,9112.25,9112.89,9082.74,9091.96,907.266005
2020-05-03 05:15:00,9091.38,9130.56,9090.01,9124.5,632.296217
2020-05-03 05:30:00,9124.47,9124.47,9103.64,9108.1,361.546712
2020-05-03 05:45:00,9107.95,9109.8,9080.0,9096.21,505.220551
2020-05-03 06:00:00,9096.02,9098.43,8911.35,8947.27,3431.955498
2020-05-03 06:15:00,8946.67,8994.55,8936.02,8965.23,1874.30672
2020-05-03 06:30:00,8967.09,9011.5,8961.89,9002.86,867.102602
2020-05-03 06:45:00,9002.37,9014.81,8986.75,9003.0,1232.193171
2020-05-03 07:00:00,9002.99,9031.35,8993.7,9022.05,815.26597
2020-05-03 07:15:00,9022.05,9030.0,8988.02,8994.29,800.766601
2020-05-03 07:30:00,8994.29,9015.3,8982.0,9006.02,481.750721
2020-05-03 07:45:00,9005.62,9016.91,8982.22,8990.75,405.12485
2020-05-03 08:00:00,8990.75,9017.91,8966.22,9009.96,580.023865
2020-05-03 08:15:00,9010.2,9034.86,9005.25,9034.86,480.924165
2020-05-03 08:30:00,9034.87,9046.74,9022.13,9031.95,422.413429
2020-05-03 08:45:00,9031.96,9049.19,9024.58,9033.78,483.725295
2020-05-03 09:00:00,9033.74,9086.69,9027.0,9075.69,904.892629
2020-05-03 09:15:00,9075.7,9084.6,9057.13,9064.24,505.18894
2020-05-03 09:30:00,9064.38,9090.0,9051.54,9090.0,500.06054
2020-05-03 09:45:00,9089.98,9122.44,9089.98,9104.49,949.693354
2020-05-03 10:00:00,9103.96,9140.0,9102.29,9109.06,760.151331
2020-05-03 10:15:00,9109.04,9111.97,9075.14,9080.89,666.191954
2020-05-03 10:30:00,9080.89,9098.43,9061.0,9080.33,480.723824
2020-05-03 10:45:00,9080.95,9083.67,8992.0,9041.46,1630.126142
2020-05-03 11:00:00,9040.9,9064.93,9019.99,9049.99,445.874403
2020-05-03 11:15:00,9050.0,9098.17,9049.99,9091.84,580.857916
2020-05-03 11:30:00,9091.81,9091.88,9059.57,9076.2,301.681203
2020-05-03 11:45:00,9077.17,9079.95,9027.9,9045.5,498.803186
2020-05-03 12:00:00,9045.62,9094.0,8994.0,9026.44,1452.352461
2020-05-03 12:15:00,9026.44,9038.0,8934.0,8946.5,1780.338537
2020-05-03 12:30:00,8945.38,8977.99,8853.0,8968.96,3156.786451
2020-05-03 12:45:00,8969.0,9000.43,8955.0,8958.85,981.577045
2020-05-03 13:00:00,8959.98,8960.0,8866.0,8896.57,2125.058645
2020-05-03 13:15:00,8897.51,8899.61,8824.67,8885.27,3167.211702
2020-05-03 13:30:00,8885.26,8913.51,8850.02,8911.57,1291.264635
2020-05-03 13:45:00,8911.35,8944.27,8892.09,8920.82,920.457095
2020-05-03 14:00:00,8920.83,8921.83,8837.0,8877.75,1187.006682
2020-05-03 14:15:00,8876.68,8910.0,8875.34,8890.0,668.124095
2020-05-03 14:30:00,8890.0,8900.0,8851.02,8857.48,881.115948
2020-05-03 14:45:00,8858.85,8872.17,8727.0,8767.1,4064.21618
2020-05-03 15:00:00,8768.55,8809.9,8712.0,8803.0,2345.143925
2020-05-03 15:15:00,8802.66,8834.86,8762.06,8825.39,1195.389123
2020-05-03 15:30:00,8825.64,8843.0,8808.0,8811.36,903.972694
2020-05-03 15:45:00,8812.13,8829.45,8771.27,8813.0,1043.173631
2020-05-03 16:00:00,8812.78,8869.87,8781.49,8850.48,1165.931735
2020-05-03 16:15:00,8850.48,8880.0,8842.06,8854.9,738.782644
2020-05-03 16:30:00,8854.9,8881.0,8845.13,8849.27,663.259757
2020-05-03 16:45:00,8849.99,8868.88,8831.91,8852.14,403.271267
2020-05-03 17:00:00,8851.5,8887.0,8840.37,8874.59,635.286068
2020-05-03 17:15:00,8874.9,8875.01,8856.93,8859.04,254.879073
2020-05-03 17:30:00,8859.0,8859.0,8825.35,8830.79,579.648755
2020-05-03 17:45:00,8830.8,8851.86,8781.2,8818.29,908.961619
2020-05-03 18:00:00,8818.29,8852.65,8802.0,8833.98,447.856744
2020-05-03 18:15:00,8833.97,8869.0,8815.0,8863.99,428.634976
2020-05-03 18:30:00,8863.78,8864.2,8832.54,8849.31,349.584883
2020-05-03 18:45:00,8849.31,8863.0,8840.0,8848.55,291.379113
2020-05-03 19:00:00,8848.35,8877.99,8843.76,8877.0,346.221482
2020-05-03 19:15:00,8877.73,8906.0,8861.27,8869.84,1059.876786
2020-05-03 19:30:00,8869.74,8899.71,8868.14,8874.47,588.967326
2020-05-03 19:45:00,8874.48,8885.09,8861.3,8872.34,294.271486
2020-05-03 20:00:00,8871.31,8883.97,8829.88,8863.52,696.13635
2020-05-03 20:15:00,8863.52,8865.0,8815.27,8842.92,523.66388
2020-05-03 20:30:00,8842.95,8845.08,8790.0,8817.0,506.357215
2020-05-03 20:45:00,8818.67,8859.0,8804.9,8843.55,287.883572
2020-05-03 21:00:00,8843.55,8844.22,8810.1,8831.96,339.800418
2020-05-03 21:15:00,8831.94,8843.62,8806.0,8843.62,303.353075
2020-05-03 21:30:00,8843.62,8887.0,8843.56,8884.04,505.649596
2020-05-03 21:45:00,8883.76,8908.61,8843.13,8856.0,551.689167
2020-05-03 22:00:00,8856.28,8946.0,8856.01,8928.2,1223.576116
2020-05-03 22:15:00,8928.28,8955.0,8891.38,8933.01,920.942419
2020-05-03 22:30:00,8933.01,8947.35,8900.0,8914.57,582.350407
2020-05-03 22:45:00,8914.66,8938.77,8876.0,8895.7,704.592144
2020-05-03 23:00:00,8896.08,8921.76,8861.3,8887.67,625.197813
2020-05-03 23:15:00,8887.08,8907.23,8866.0,8891.28,718.474141
2020-05-03 23:30:00,8891.46,8902.86,8851.56,8879.25,676.739841
2020-05-03 23:45:00,8878.33,8901.41,8871.7,8894.16,343.136659
2020-05-04 00:00:00,8894.15,8935.0,8893.71,8924.45,573.548563
2020-05-04 00:15:00,8924.44,8936.1,8879.31,8887.71,596.991822
2020-05-04 00:30:00,8887.71,8887.79,8794.84,8837.87,1709.487791
2020-05-04 00:45:00,8837.87,8838.47,8770.0,8806.18,1205.903815
2020-05-04 01:00:00,8806.22,8836.42,8777.27,8782.93,764.14585
2020-05-04 01:15:00,8782.83,8783.0,8630.55,8702.58,4900.466769
2020-05-04 01:30:00,8702.58,8724.13,8680.0,8704.77,1116.994624
2020-05-04 01:45:00,8705.31,8716.84,8650.0,8693.71,1080.537792
2020-05-04 02:00:00,8693.76,8743.96,8672.67,8741.15,971.309787
2020-05-04 02:15:00,8741.15,8741.53,8713.0,8740.16,562.639336
2020-05-04 02:30:00,8740.16,8780.41,8738.83,8766.16,735.489697
2020-05-04 02:45:00,8767.86,8769.52,8730.0,8746.7,471.171608
2020-05-04 03:00:00,8746.7,8768.75,8725.08,8734.82,464.563714
2020-05-04 03:15:00,8735.82,8737.51,8701.0,8716.04,562.29564
2020-05-04 03:30:00,8716.01,8754.49,8705.0,8743.15,412.782179
2020-05-04 03:45:00,8743.13,8751.94,8722.03,8730.84,321.719709
2020-05-04 04:00:00,8730.85,8741.99,8694.72,8699.8,644.483304
2020-05-04 04:15:00,8699.24,8731.12,8679.51,8682.6,988.740507
2020-05-04 04:30:00,8682.6,8689.38,8621.0,8663.38,1711.65224
2020-05-04 04:45:00,8663.95,8706.41,8663.12,8687.87,714.362535
2020-05-04 05:00:00,8688.04,8695.95,8576.63,8591.3,2113.725449
2020-05-04 05:15:00,8594.06,8633.65,8559.94,8600.0,1644.109427
2020-05-04 05:30:00,8600.0,8600.0,8522.0,8563.34,2457.584969
2020-05-04 05:45:00,8563.01,8625.64,8552.47,8606.11,1229.087847
2020-05-04 06:00:00,8606.11,8648.58,8604.43,8624.09,821.603022
2020-05-04 06:15:00,8624.06,8644.0,8582.17,8625.06,960.865713
2020-05-04 06:30:00,8625.06,8650.0,8615.0,8634.02,633.304672
2020-05-04 06:45:00,8634.03,8643.81,8620.72,8620.8,451.496409
2020-05-04 07:00:00,8620.8,8623.67,8576.61,8591.65,937.050268
2020-05-04 07:15:00,8592.03,8618.12,8569.82,8615.52,645.06085
2020-05-04 07:30:00,8615.51,8669.0,8615.36,8660.15,1137.984668
2020-05-04 07:45:00,8660.15,8661.84,8624.32,8648.41,494.48291
2020-05-04 08:00:00,8648.42,8695.4,8638.68,8692.84,1117.657872
2020-05-04 08:15:00,8692.84,8716.8,8677.0,8688.77,1105.528683
2020-05-04 08:30:00,8689.11,8703.0,8660.0,8667.24,798.417018
2020-05-04 08:45:00,8667.1,8692.38,8667.1,8691.29,539.3567
2020-05-04 09:00:00,8691.0,8696.88,8651.9,8656.38,673.255689
2020-05-04 09:15:00,8656.37,8660.0,8594.26,8608.1,1199.170286
2020-05-04 09:30:00,8607.92,8650.0,8607.06,8650.0,593.338285
2020-05-04 09:45:00,8650.0,8664.07,8626.42,8630.54,565.677535
2020-05-04 10:00:00,8630.55,8654.3,8602.0,8614.23,703.541638
2020-05-04 10:15:00,8614.09,8680.0,8612.92,8660.31,834.679905
2020-05-04 10:30:00,8660.62,8675.95,8638.74,8645.0,558.307149
2020-05-04 10:45:00,8645.0,8665.99,8622.01,8623.46,582.150149
2020-05-04 11:00:00,8623.47,8639.94,8617.89,8627.14,545.167103
2020-05-04 11:15:00,8626.96,8681.9,8619.72,8675.0,782.995601
2020-05-04 11:30:00,8675.15,8697.65,8663.38,8672.09,573.632382
2020-05-04 11:45:00,8672.29,8697.0,8663.15,8672.36,511.449916
2020-05-04 12:00:00,8672.57,8681.62,8646.52,8670.03,544.144546
2020-05-04 12:15:00,8670.46,8723.6,8670.08,8720.0,1180.349788
2020-05-04 12:30:00,8719.99,8748.0,8712.66,8714.59,1230.933938
2020-05-04 12:45:00,8713.63,8743.66,8705.26,8714.58,696.668496
2020-05-04 13:00:00,8714.97,8768.0,8713.57,8763.84,966.566824
2020-05-04 13:15:00,8762.78,8776.37,8739.65,8747.88,904.772974
2020-05-04 13:30:00,8747.88,8762.86,8725.25,8757.04,831.01861
2020-05-04 13:45:00,8757.58,8836.0,8754.43,8829.48,1876.703431
2020-05-04 14:00:00,8828.35,8860.0,8809.68,8840.0,1693.657847
2020-05-04 14:15:00,8840.07,8844.58,8797.0,8800.02,1510.469391
2020-05-04 14:30:00,8800.18,8823.54,8778.63,8801.08,1113.324297
2020-05-04 14:45:00,8801.49,8810.88,8776.06,8780.1,711.659392
2020-05-04 15:00:00,8781.02,8819.86,8779.33,8788.97,686.928772
2020-05-04 15:15:00,8788.54,8824.92,8785.93,8810.96,669.354021
2020-05-04 15:30:00,8810.19,8845.0,8801.2,8821.79,758.625063
2020-05-04 15:45:00,8821.76,8849.19,8815.71,8848.0,708.969573
2020-05-04 16:00:00,8848.0,8887.0,8829.72,8831.73,1632.044619
2020-05-04 16:15:00,8831.72,8863.7,8813.63,8829.2,1205.584678
2020-05-04 16:30:00,8829.13,8835.19,8789.0,8822.0,772.639457
2020-05-04 16:45:00,8822.01,8830.3,8797.53,8828.96,505.730287
2020-05-04 17:00:00,8829.2,8848.13,8811.17,8813.38,513.730758
2020-05-04 17:15:00,8813.39,8825.0,8794.0,8795.8,485.483833
2020-05-04 17:30:00,8795.11,8808.57,8743.58,8779.0,1594.0021
2020-05-04 17:45:00,8779.0,8813.46,8775.04,8799.54,623.269363
2020-05-04 18:00:00,8799.54,8837.07,8790.0,8830.03,501.28637
2020-05-04 18:15:00,8830.03,8842.0,8811.01,8827.03,430.948014
2020-05-04 18:30:00,8827.01,8873.0,8822.36,8855.75,969.95681
2020-05-04 18:45:00,8855.74,8859.55,8840.88,8845.4,486.011028
2020-05-04 19:00:00,8845.39,8860.0,8825.33,8860.0,531.465778
2020-05-04 19:15:00,8860.0,8874.9,8850.07,8865.09,578.083475
2020-05-04 19:30:00,8865.37,8881.8,8835.0,8853.57,595.699242
2020-05-04 19:45:00,8853.56,8864.29,8806.0,8830.14,666.550061
2020-05-04 20:00:00,8828.94,8861.33,8828.07,8855.41,491.98774
2020-05-04 20:15:00,8855.43,8880.0,8841.18,8862.2,524.998299
2020-05-04 20:30:00,8862.26,8920.99,8861.99,8906.01,1207.832924
2020-05-04 20:45:00,8905.0,8926.0,8887.0,8902.65,799.537539
2020-05-04 21:00:00,8901.81,8942.38,8901.81,8925.0,670.155323
2020-05-04 21:15:00,8925.0,8925.0,8880.99,8902.04,679.814826
2020-05-04 21:30:00,8902.04,8917.99,8875.69,8910.23,468.432975
2020-05-04 21:45:00,8910.62,8940.0,8902.67,8936.71,407.223117
2020-05-04 22:00:00,8936.56,8950.0,8905.0,8916.49,732.542606
2020-05-04 22:15:00,8916.49,8939.89,8916.49,8923.01,574.898474
2020-05-04 22:30:00,8923.56,8929.04,8865.06,8907.43,869.171461
2020-05-04 22:45:00,8907.33,8916.62,8844.37,8869.93,609.740628
2020-05-04 23:00:00,8869.94,8902.94,8867.74,8901.13,528.445828
2020-05-04 23:15:00,8901.15,8904.0,8863.55,8863.65,393.820714
2020-05-04 23:30:00,8863.65,8867.35,8825.0,8851.01,907.382501
2020-05-04 23:45:00,8850.97,8887.99,8831.31,8871.96,655.925143
2020-05-05 00:00:00,8871.92,8928.35,8871.92,8907.74,782.944812
2020-05-05 00:15:00,8910.01,8915.0,8851.85,8867.83,614.012608
2020-05-05 00:30:00,8867.66,8883.84,8840.68,8874.77,503.199184
2020-05-05 00:45:00,8874.76,8903.01,8874.76,8901.65,420.481032
2020-05-05 01:00:00,8901.61,8902.99,8850.44,8873.71,570.299941
2020-05-05 01:15:00,8873.69,8876.25,8841.79,8858.35,446.579244
2020-05-05 01:30:00,8858.5,8872.21,8825.92,8871.33,540.813578
2020-05-05 01:45:00,8871.32,8887.92,8861.63,8879.58,388.172804
2020-05-05 02:00:00,8879.9,8886.63,8847.53,8850.68,362.122268
2020-05-05 02:15:00,8850.69,8870.8,8833.67,8860.36,370.057101
2020-05-05 02:30:00,8860.03,8864.27,8822.0,8854.43,483.33234
2020-05-05 02:45:00,8854.43,8860.0,8832.81,8853.75,444.661027
2020-05-05 03:00:00,8853.75,8855.58,8815.0,8825.69,545.008237
2020-05-05 03:15:00,8825.68,8851.0,8815.68,8850.0,534.245696
2020-05-05 03:30:00,8850.0,8870.0,8840.82,8863.69,503.024824
2020-05-05 03:45:00,8863.67,8874.87,8850.0,8850.0,412.642893
2020-05-05 04:00:00,8850.0,8925.12,8849.97,8922.8,1062.638419
2020-05-05 04:15:00,8922.8,8945.0,8901.13,8924.82,688.46163
2020-05-05 04:30:00,8924.82,8945.0,8912.12,8931.09,667.076391
2020-05-05 04:45:00,8931.1,9085.0,8931.09,9043.8,4842.467898
2020-05-05 05:00:00,9045.85,9118.58,9010.88,9056.89,2946.737815
2020-05-05 05:15:00,9056.89,9074.56,9019.6,9020.11,1278.438233
2020-05-05 05:30:00,9021.28,9045.0,9010.0,9033.01,1122.664208
2020-05-05 05:45:00,9033.0,9049.96,8990.0,9006.45,1135.919564
2020-05-05 06:00:00,9007.26,9049.96,9007.06,9044.26,796.738826
2020-05-05 06:15:00,9044.26,9046.18,9011.74,9026.36,637.857736
2020-05-05 06:30:00,9026.24,9034.63,8958.0,8964.67,1132.786283
2020-05-05 06:45:00,8964.66,9027.83,8962.35,9024.98,689.674954
2020-05-05 07:00:00,9024.97,9068.95,9007.42,9055.0,1164.039019
2020-05-05 07:15:00,9055.0,9064.77,9035.29,9055.0,750.802315
2020-05-05 07:30:00,9054.3,9059.99,9015.01,9042.31,610.968713
2020-05-05 07:45:00,9042.64,9043.83,8998.0,9013.55,588.013516
2020-05-05 08:00:00,9013.66,9030.04,8980.0,8999.67,858.118357
2020-05-05 08:15:00,8999.7,9018.17,8976.36,9015.14,808.66436
2020-05-05 08:30:00,9015.56,9040.0,8995.89,9028.32,519.050318
2020-05-05 08:45:00,9027.91,9032.68,9004.32,9032.57,414.822933
2020-05-05 09:00:00,9031.57,9032.61,8995.01,9005.0,469.600913
2020-05-05 09:15:00,9004.99,9050.13,8990.1,9046.51,830.657407
2020-05-05 09:30:00,9046.94,9085.0,9029.0,9061.04,1037.746144
2020-05-05 09:45:00,9061.54,9065.3,8990.77,9000.01,917.22079
2020-05-05 10:00:00,9000.02,9001.11,8760.0,8820.65,5794.239855
2020-05-05 10:15:00,8820.34,8863.54,8812.69,8844.46,1515.906348
2020-05-05 10:30:00,8844.45,8869.0,8831.01,8850.94,918.519259
2020-05-05 10:45:00,8850.94,8856.64,8819.22,8848.25,1435.469191
2020-05-05 11:00:00,8848.35,8885.93,8830.0,8864.29,869.009857
2020-05-05 11:15:00,8864.34,8890.95,8854.29,8881.93,720.480473
2020-05-05 11:30:00,8881.58,8884.71,8843.01,8863.01,623.040942
2020-05-05 11:45:00,8863.01,8877.17,8840.0,8844.73,667.324294
2020-05-05 12:00:00,8845.64,8873.0,8806.12,8868.44,1182.357153
2020-05-05 12:15:00,8868.44,8884.22,8855.04,8879.0,688.738436
2020-05-05 12:30:00,8879.84,8879.84,8855.7,8861.85,487.458451
2020-05-05 12:45:00,8861.86,8871.59,8850.78,8869.62,415.217453
2020-05-05 13:00:00,8869.62,8889.0,8844.63,8875.0,789.213961
2020-05-05 13:15:00,8875.87,8891.53,8870.17,8877.94,501.147348
2020-05-05 13:30:00,8877.19,8949.41,8871.23,8937.73,1430.48276
2020-05-05 13:45:00,8936.4,8950.0,8904.31,8920.0,992.103858
2020-05-05 14:00:00,8920.0,8924.99,8840.0,8862.95,1219.667059
2020-05-05 14:15:00,8863.7,8874.93,8841.7,8848.92,501.350934
2020-05-05 14:30:00,8849.07,8860.44,8811.0,8857.0,993.249456
2020-05-05 14:45:00,8856.99,8885.33,8851.83,8880.81,537.096361
2020-05-05 15:00:00,8880.5,8882.99,8844.4,8849.55,664.733032
2020-05-05 15:15:00,8849.26,8862.26,8830.0,8840.01,511.522755
2020-05-05 15:30:00,8840.0,8862.47,8833.0,8862.0,459.258757
2020-05-05 15:45:00,8862.0,8878.86,8835.73,8842.34,625.13135
2020-05-05 16:00:00,8842.72,8870.26,8818.41,8866.46,860.034121
2020-05-05 16:15:00,8866.47,8885.75,8860.0,8871.61,669.111437
2020-05-05 16:30:00,8871.7,8884.85,8851.35,8854.44,455.695748
2020-05-05 16:45:00,8854.64,8892.2,8853.04,8872.11,404.18188
2020-05-05 17:00:00,8871.23,8884.76,8866.0,8870.63,317.310332
2020-05-05 17:15:00,8871.48,8933.0,8860.62,8917.84,646.907563
2020-05-05 17:30:00,8918.01,8925.0,8858.0,8864.45,590.093773
2020-05-05 17:45:00,8864.53,8881.0,8841.01,8869.44,637.965524
2020-05-05 18:00:00,8869.79,8876.18,8851.57,8869.48,332.300658
2020-05-05 18:15:00,8869.47,8878.95,8858.31,8871.48,249.600512
2020-05-05 18:30:00,8871.49,8910.0,8871.29,8893.49,550.735852
2020-05-05 18:45:00,8893.5,8903.98,8877.6,8888.91,341.375473
2020-05-05 19:00:00,8888.01,8938.0,8884.09,8915.67,754.769322
2020-05-05 19:15:00,8916.62,8923.99,8879.31,8886.76,469.132276
2020-05-05 19:30:00,8888.1,8898.19,8873.22,8895.65,334.718696
2020-05-05 19:45:00,8895.65,8913.96,8888.67,8905.0,358.947168
2020-05-05 20:00:00,8905.01,8931.81,8898.67,8928.87,471.07365
2020-05-05 20:15:00,8929.66,8964.16,8910.02,8915.0,856.051581
2020-05-05 20:30:00,8915.0,8947.39,8912.64,8919.97,379.467753
2020-05-05 20:45:00,8920.18,8955.0,8920.18,8938.05,427.47819
2020-05-05 21:00:00,8938.04,8993.18,8938.04,8979.66,966.105774
2020-05-05 21:15:00,8979.84,8999.0,8963.97,8988.03,648.002772
2020-05-05 21:30:00,8988.03,8992.21,8947.75,8989.7,493.924515
2020-05-05 21:45:00,8989.65,8992.03,8955.0,8960.85,409.845237
2020-05-05 22:00:00,8960.85,8982.0,8887.0,8923.32,862.968449
2020-05-05 22:15:00,8923.32,8949.49,8922.97,8944.9,683.024805
2020-05-05 22:30:00,8944.82,8975.0,8942.94,8958.93,394.490265
2020-05-05 22:45:00,8958.88,8974.77,8938.2,8969.83,390.108259
2020-05-05 23:00:00,8969.05,8993.65,8960.0,8973.88,739.105935
2020-05-05 23:15:00,8974.0,8986.62,8952.0,8963.77,444.886974
2020-05-05 23:30:00,8963.76,8976.53,8949.98,8974.76,422.966163
2020-05-05 23:45:00,8975.02,9044.0,8955.14,9021.83,1482.901011
2020-05-06 00:00:00,9021.36,9038.0,8972.0,8992.06,1215.563937
2020-05-06 00:15:00,8991.43,9018.48,8964.91,8968.94,513.640789
2020-05-06 00:30:00,8968.71,8988.54,8953.93,8966.92,464.062219
2020-05-06 00:45:00,8966.89,8970.67,8906.21,8947.15,992.108598
2020-05-06 01:00:00,8947.08,8968.38,8937.0,8950.32,296.094317
2020-05-06 01:15:00,8950.32,8975.5,8950.26,8957.78,282.945132
2020-05-06 01:30:00,8958.32,8982.75,8956.23,8977.77,217.162887
2020-05-06 01:45:00,8977.54,8992.64,8970.68,8979.9,324.553364
2020-05-06 02:00:00,8979.83,8980.0,8954.71,8960.01,320.047971
2020-05-06 02:15:00,8960.01,8964.39,8940.48,8952.56,297.978001
2020-05-06 02:30:00,8952.0,8964.14,8942.6,8945.77,291.400294
2020-05-06 02:45:00,8946.77,8974.0,8944.49,8971.07,266.002524
2020-05-06 03:00:00,8971.11,8981.0,8960.22,8969.99,320.02612
2020-05-06 03:15:00,8970.0,8987.49,8967.16,8984.85,308.739012
2020-05-06 03:30:00,8985.5,9030.51,8976.98,9022.72,944.287569
2020-05-06 03:45:00,9023.01,9069.0,8951.65,8979.73,2479.584914
2020-05-06 04:00:00,8979.74,9034.48,8960.69,8999.18,857.016239
2020-05-06 04:15:00,8999.61,9048.79,8998.93,9024.4,540.371763
2020-05-06 04:30:00,9024.06,9048.8,9006.84,9012.03,584.433016
2020-05-06 04:45:00,9011.78,9021.0,8990.54,8997.26,484.046511
2020-05-06 05:00:00,8997.94,9031.7,8996.94,9024.0,419.922246
2020-05-06 05:15:00,9024.26,9039.0,9015.91,9025.65,396.437456
2020-05-06 05:30:00,9025.01,9026.98,8998.07,9009.78,623.6432
2020-05-06 05:45:00,9009.59,9011.38,8980.54,9007.92,596.172087
2020-05-06 06:00:00,9007.82,9041.72,9007.47,9033.99,662.343586
2020-05-06 06:15:00,9033.99,9044.13,9017.74,9030.0,524.337849
2020-05-06 06:30:00,9030.0,9040.0,9000.0,9014.77,408.561653
2020-05-06 06:45:00,9015.23,9026.96,9007.39,9025.5,310.447151
2020-05-06 07:00:00,9025.5,9050.0,9025.5,9032.26,592.698287
2020-05-06 07:15:00,9032.27,9034.56,9003.0,9011.38,604.322427
2020-05-06 07:30:00,9011.43,9029.0,8992.32,9017.2,587.671908
2020-05-06 07:45:00,9018.48,9039.27,9016.02,9018.18,725.161446
2020-05-06 08:00:00,9018.05,9097.98,8995.93,9058.32,3091.684074
2020-05-06 08:15:00,9057.93,9080.0,9040.0,9050.53,1356.615848
2020-05-06 08:30:00,9050.71,9061.99,9030.0,9046.91,801.239546
2020-05-06 08:45:00,9046.91,9050.0,9015.03,9040.72,539.712915
2020-05-06 09:00:00,9040.72,9057.87,9035.0,9054.84,549.909941
2020-05-06 09:15:00,9054.66,9073.0,9044.1,9072.2,865.65265
2020-05-06 09:30:00,9071.86,9085.15,9058.5,9064.15,1077.327285
2020-05-06 09:45:00,9064.15,9092.0,9063.65,9082.59,768.967745
2020-05-06 10:00:00,9082.98,9099.0,9062.0,9080.17,837.041811
2020-05-06 10:15:00,9080.17,9200.0,9078.85,9199.6,6356.965313
2020-05-06 10:30:00,9198.61,9287.99,9163.92,9214.64,7804.319638
2020-05-06 10:45:00,9214.99,9240.64,9181.57,9227.21,2599.030777
2020-05-06 11:00:00,9227.51,9258.99,9202.05,9212.18,2012.554624
2020-05-06 11:15:00,9213.01,9233.6,9192.01,9222.36,1751.407077
2020-05-06 11:30:00,9222.26,9267.25,9219.84,9265.9,1078.380449
2020-05-06 11:45:00,9266.51,9349.0,9260.12,9313.0,3129.034247
2020-05-06 12:00:00,9313.96,9380.0,9256.18,9295.7,3766.551269
2020-05-06 12:15:00,9295.91,9296.64,9234.48,9268.74,1792.251226
2020-05-06 12:30:00,9268.15,9306.35,9253.0,9264.99,1227.584167
2020-05-06 12:45:00,9265.0,9274.0,9207.58,9224.98,1812.809581
2020-05-06 13:00:00,9224.99,9273.15,9222.02,9243.7,1414.838547
2020-05-06 13:15:00,9242.83,9255.0,9125.0,9175.09,2933.311425
2020-05-06 13:30:00,9175.1,9202.46,9165.14,9180.9,1441.107678
2020-05-06 13:45:00,9180.97,9229.37,9178.06,9226.81,966.037011
2020-05-06 14:00:00,9226.35,9249.23,9205.0,9244.0,1896.287746
2020-05-06 14:15:00,9244.0,9248.86,9214.4,9228.77,938.927294
2020-05-06 14:30:00,9228.76,9243.31,9186.0,9217.63,1058.684751
2020-05-06 14:45:00,9217.64,9230.0,9180.0,9230.0,793.74413
2020-05-06 15:00:00,9229.76,9274.37,9214.99,9269.0,1223.570341
2020-05-06 15:15:00,9269.13,9282.0,9250.0,9279.46,1102.284365
2020-05-06 15:30:00,9279.45,9292.92,9250.02,9259.04,1137.642097
2020-05-06 15:45:00,9259.03,9281.25,9240.0,9273.39,818.814093
2020-05-06 16:00:00,9273.4,9315.23,9250.0,9296.48,1498.684049
2020-05-06 16:15:00,9296.48,9300.0,9223.76,9248.12,1234.384353
2020-05-06 16:30:00,9248.6,9270.0,9212.0,9265.86,809.143604
2020-05-06 16:45:00,9265.85,9274.89,9250.56,9266.61,585.641458
2020-05-06 17:00:00,9266.6,9284.0,9245.0,9248.99,763.269996
2020-05-06 17:15:00,9249.0,9249.99,9224.33,9240.0,834.948953
2020-05-06 17:30:00,9240.0,9250.98,9234.11,9239.6,448.67661
2020-05-06 17:45:00,9239.74,9272.72,9239.15,9265.77,698.578801
2020-05-06 18:00:00,9265.67,9265.75,9231.26,9243.25,540.638027
2020-05-06 18:15:00,9243.25,9245.0,9211.62,9233.91,768.824541
2020-05-06 18:30:00,9234.53,9239.07,9215.16,9222.51,342.09382
2020-05-06 18:45:00,9222.54,9240.0,9190.51,9234.58,832.2921
2020-05-06 19:00:00,9234.58,9257.18,9225.68,9256.32,479.755529
2020-05-06 19:15:00,9256.96,9284.86,9248.17,9253.97,531.007012
2020-05-06 19:30:00,9253.98,9255.31,9222.0,9244.51,536.126534
2020-05-06 19:45:00,9244.39,9253.24,9228.02,9237.73,527.775354
2020-05-06 20:00:00,9237.74,9245.01,9208.23,9224.84,761.299788
2020-05-06 20:15:00,9225.55,9236.89,9205.82,9230.0,510.841635
2020-05-06 20:30:00,9229.99,9251.33,9224.98,9239.98,311.83233
2020-05-06 20:45:00,9240.56,9250.0,9234.51,9236.23,223.527133
2020-05-06 21:00:00,9236.23,9270.0,9235.82,9254.75,373.693325
2020-05-06 21:15:00,9254.2,9274.91,9253.99,9262.99,402.236865
2020-05-06 21:30:00,9262.99,9283.86,9262.16,9270.92,419.838883
2020-05-06 21:45:00,9271.11,9287.82,9249.9,9276.99,364.43213
2020-05-06 22:00:00,9276.99,9345.0,9276.98,9325.28,1831.35621
2020-05-06 22:15:00,9326.33,9327.28,9286.68,9305.68,722.509761
2020-05-06 22:30:00,9305.67,9324.29,9270.0,9321.25,730.244177
2020-05-06 22:45:00,9321.23,9375.0,9315.17,9357.09,1713.959505
2020-05-06 23:00:00,9355.31,9395.0,9313.08,9330.69,1637.442985
2020-05-06 23:15:00,9330.27,9351.45,9305.07,9345.21,744.662011
2020-05-06 23:30:00,9345.51,9346.82,9260.0,9284.72,1302.942563
2020-05-06 23:45:00,9284.72,9286.0,9079.0,9142.92,5046.568244
2020-05-07 00:00:00,9143.4,9177.0,9021.0,9157.47,4149.309805
2020-05-07 00:15:00,9157.51,9194.51,9136.0,9173.46,1194.057647
2020-05-07 00:30:00,9173.45,9208.0,9157.3,9164.06,1286.693586
2020-05-07 00:45:00,9163.64,9204.52,9159.16,9183.7,654.684598
2020-05-07 01:00:00,9183.71,9222.0,9183.71,9207.82,1254.799449
2020-05-07 01:15:00,9207.82,9225.58,9184.71,9217.56,683.275726
2020-05-07 01:30:00,9218.24,9244.0,9215.88,9231.9,675.360332
2020-05-07 01:45:00,9231.53,9244.6,9211.0,9224.51,483.476519
2020-05-07 02:00:00,9226.35,9237.27,9193.13,9225.14,536.919476
2020-05-07 02:15:00,9225.13,9263.24,9221.72,9256.72,584.020742
2020-05-07 02:30:00,9257.72,9340.0,9256.25,9331.66,1629.211744
2020-05-07 02:45:00,9331.65,9374.93,9290.25,9330.88,1794.175133
2020-05-07 03:00:00,9331.78,9350.0,9275.54,9299.98,1043.582368
2020-05-07 03:15:00,9299.98,9330.77,9276.79,9310.42,1180.764551
2020-05-07 03:30:00,9310.83,9317.75,9264.67,9273.01,811.059922
2020-05-07 03:45:00,9272.14,9298.0,9252.04,9290.39,574.099035
2020-05-07 04:00:00,9290.21,9323.51,9272.28,9303.0,723.725657
2020-05-07 04:15:00,9303.0,9317.99,9280.58,9284.46,476.352729
2020-05-07 04:30:00,9284.46,9292.82,9260.0,9276.27,544.294479
2020-05-07 04:45:00,9276.26,9280.59,9240.06,9276.57,598.283544
2020-05-07 05:00:00,9276.97,9286.99,9250.68,9254.99,467.025803
2020-05-07 05:15:00,9254.99,9295.0,9230.9,9284.93,675.041395
2020-05-07 05:30:00,9284.93,9310.0,9284.1,9296.05,684.503844
2020-05-07 05:45:00,9296.06,9312.23,9265.22,9269.0,577.494691
2020-05-07 06:00:00,9268.47,9298.0,9265.79,9297.27,376.905842
2020-05-07 06:15:00,9296.7,9304.0,9273.83,9276.58,441.811602
2020-05-07 06:30:00,9276.57,9294.94,9275.07,9285.98,301.098815
2020-05-07 06:45:00,9285.98,9285.98,9242.0,9251.83,720.112792
2020-05-07 07:00:00,9251.46,9285.0,9235.62,9281.8,616.051859
2020-05-07 07:15:00,9282.19,9298.0,9271.61,9283.32,574.241571
2020-05-07 07:30:00,9283.28,9288.27,9273.01,9284.43,296.624219
2020-05-07 07:45:00,9284.4,9315.0,9282.21,9309.92,721.979434
2020-05-07 08:00:00,9308.56,9309.93,9280.0,9302.53,495.761345
2020-05-07 08:15:00,9302.53,9306.0,9281.76,9283.94,496.889991
2020-05-07 08:30:00,9283.93,9325.0,9273.01,9313.62,877.206553
2020-05-07 08:45:00,9313.63,9340.0,9299.66,9338.84,614.655315
2020-05-07 09:00:00,9338.81,9338.81,9265.22,9281.36,965.773949
2020-05-07 09:15:00,9282.25,9310.87,9268.84,9308.01,613.165649
2020-05-07 09:30:00,9308.0,9322.33,9295.0,9311.37,386.325677
2020-05-07 09:45:00,9311.06,9322.29,9291.14,9312.99,434.756628
2020-05-07 10:00:00,9312.99,9323.0,9294.11,9310.64,506.408666
2020-05-07 10:15:00,9310.09,9310.9,9260.8,9286.93,922.288558
2020-05-07 10:30:00,9286.94,9304.64,9270.0,9299.55,727.232005
2020-05-07 10:45:00,9299.55,9300.78,9275.99,9290.48,365.432805
2020-05-07 11:00:00,9290.49,9292.46,9247.1,9257.01,869.052237
2020-05-07 11:15:00,9257.0,9286.3,9256.9,9275.75,444.883619
2020-05-07 11:30:00,9275.75,9310.0,9268.34,9294.47,451.019393
2020-05-07 11:45:00,9294.52,9298.1,9273.24,9280.01,473.238833
2020-05-07 12:00:00,9280.05,9298.43,9271.06,9271.06,432.775275
2020-05-07 12:15:00,9271.69,9294.04,9262.0,9287.74,621.918666
2020-05-07 12:30:00,9287.74,9336.95,9285.01,9323.11,1209.602407
2020-05-07 12:45:00,9323.07,9374.93,9312.95,9368.96,1987.640335
2020-05-07 13:00:00,9368.96,9390.38,9304.0,9384.92,2574.873705
2020-05-07 13:15:00,9384.92,9590.0,9369.09,9453.21,11521.81887
2020-05-07 13:30:00,9453.2,9513.0,9450.05,9488.66,3544.316793
2020-05-07 13:45:00,9488.66,9539.48,9480.0,9486.53,2191.817466
2020-05-07 14:00:00,9487.2,9537.0,9486.34,9517.15,1668.341351
2020-05-07 14:15:00,9515.37,9532.0,9481.63,9512.34,1561.650185
2020-05-07 14:30:00,9511.74,9529.0,9505.04,9506.04,999.655042
2020-05-07 14:45:00,9506.04,9515.79,9485.0,9496.49,933.992323
2020-05-07 15:00:00,9496.45,9537.0,9495.33,9537.0,907.992503
2020-05-07 15:15:00,9537.0,9567.37,9500.0,9500.0,1671.583009
2020-05-07 15:30:00,9500.0,9506.41,9350.0,9484.24,5154.397428
2020-05-07 15:45:00,9484.24,9529.0,9481.76,9515.51,1478.327069
2020-05-07 16:00:00,9516.43,9559.99,9514.88,9535.56,1597.432057
2020-05-07 16:15:00,9535.55,9548.75,9503.34,9524.22,982.145453
2020-05-07 16:30:00,9524.64,9548.94,9516.0,9545.21,872.894308
2020-05-07 16:45:00,9545.21,9634.74,9545.21,9631.03,3849.232399
2020-05-07 17:00:00,9631.01,9759.95,9628.63,9686.09,6828.399825
2020-05-07 17:15:00,9686.73,9800.0,9668.96,9743.36,4600.378532
2020-05-07 17:30:00,9744.14,9887.0,9743.16,9784.78,5957.723394
2020-05-07 17:45:00,9782.56,9833.84,9709.9,9832.08,3351.930521
2020-05-07 18:00:00,9832.08,9855.11,9730.36,9771.76,3471.792512
2020-05-07 18:15:00,9773.12,9820.0,9764.76,9780.0,1656.231007
2020-05-07 18:30:00,9780.0,9837.0,9780.0,9810.51,1151.925547
2020-05-07 18:45:00,9810.51,9830.41,9777.0,9793.47,1244.883617
2020-05-07 19:00:00,9793.62,9830.0,9792.05,9819.98,1190.046283
2020-05-07 19:15:00,9819.74,9870.0,9806.56,9846.95,1255.895894
2020-05-07 19:30:00,9846.95,9950.0,9836.32,9903.33,3798.049319
2020-05-07 19:45:00,9903.17,9950.0,9724.97,9863.93,3474.140322
2020-05-07 20:00:00,9863.93,9895.02,9815.59,9881.21,1668.078492
2020-05-07 20:15:00,9880.48,9881.53,9833.0,9873.25,947.054803
2020-05-07 20:30:00,9873.24,9874.0,9760.01,9812.95,1644.929982
2020-05-07 20:45:00,9813.08,9818.95,9721.01,9797.34,1898.494636
2020-05-07 21:00:00,9795.74,9806.0,9750.1,9801.92,963.203861
2020-05-07 21:15:00,9801.62,9841.99,9781.72,9840.6,911.441984
2020-05-07 21:30:00,9840.63,9844.63,9788.75,9820.18,775.463386
2020-05-07 21:45:00,9820.93,9890.0,9819.27,9871.91,923.433141
2020-05-07 22:00:00,9872.61,9930.0,9870.09,9915.11,1315.75565
2020-05-07 22:15:00,9915.12,9919.1,9833.71,9875.08,1127.6993
2020-05-07 22:30:00,9875.09,9889.96,9820.3,9845.11,828.602399
2020-05-07 22:45:00,9844.97,9895.17,9837.0,9892.8,612.376166
2020-05-07 23:00:00,9893.04,9911.45,9854.45,9882.51,863.50957
2020-05-07 23:15:00,9881.55,9985.0,9881.55,9971.86,2782.742576
2020-05-07 23:30:00,9970.66,10000.0,9921.3,9990.0,3634.637598
2020-05-07 23:45:00,9989.99,10067.0,9954.27,9986.4,5538.254285
2020-05-08 00:00:00,9986.3,10003.91,9845.8,9906.02,2954.809674
2020-05-08 00:15:00,9906.1,9980.0,9890.65,9966.73,1381.308096
2020-05-08 00:30:00,9968.26,10021.0,9966.73,10017.29,1328.061938
2020-05-08 00:45:00,10017.82,10035.96,9973.66,10019.82,1474.188415
2020-05-08 01:00:00,10017.86,10024.96,9940.47,9968.37,1417.81681
2020-05-08 01:15:00,9968.37,10003.0,9960.88,9973.8,946.719657
2020-05-08 01:30:00,9973.79,9984.45,9925.0,9939.81,1077.228581
2020-05-08 01:45:00,9939.81,9996.5,9930.95,9987.04,873.663011
2020-05-08 02:00:00,9987.04,9991.0,9935.0,9951.24,792.622939
2020-05-08 02:15:00,9950.56,9967.11,9899.54,9933.0,1116.827254
2020-05-08 02:30:00,9932.78,9934.18,9852.0,9899.34,1695.187646
2020-05-08 02:45:00,9899.26,9925.18,9892.47,9899.52,730.941146
2020-05-08 03:00:00,9898.49,9900.61,9822.5,9870.48,1459.935842
2020-05-08 03:15:00,9869.99,9910.54,9855.0,9893.82,718.288225
2020-05-08 03:30:00,9894.24,9924.88,9878.0,9914.97,649.100368
2020-05-08 03:45:00,9915.5,9947.6,9913.57,9930.69,960.444959
2020-05-08 04:00:00,9930.69,9933.94,9888.13,9888.13,650.634845
2020-05-08 04:15:00,9888.14,9906.36,9862.55,9900.88,910.951937
2020-05-08 04:30:00,9900.87,9913.45,9880.92,9913.15,430.176269
2020-05-08 04:45:00,9913.4,9926.19,9902.28,9907.37,539.970056
2020-05-08 05:00:00,9907.36,9911.54,9876.0,9876.0,557.926752
2020-05-08 05:15:00,9876.01,9898.89,9805.0,9895.97,1598.059896
2020-05-08 05:30:00,9895.97,9919.0,9880.22,9915.21,743.574156
2020-05-08 05:45:00,9915.2,9915.21,9860.0,9866.14,698.168106
2020-05-08 06:00:00,9864.66,9869.18,9780.0,9835.75,2076.472475
2020-05-08 06:15:00,9836.72,9855.0,9790.0,9815.47,1005.857383
2020-05-08 06:30:00,9815.47,9816.31,9754.0,9781.38,1691.298195
2020-05-08 06:45:00,9779.99,9816.57,9745.61,9766.68,1351.535876
2020-05-08 07:00:00,9765.85,9795.62,9705.0,9781.97,2553.393297
2020-05-08 07:15:00,9782.66,9802.99,9780.26,9800.42,926.441134
2020-05-08 07:30:00,9801.77,9802.0,9744.01,9748.82,1306.79372
2020-05-08 07:45:00,9748.77,9827.83,9740.1,9810.14,1099.623452
2020-05-08 08:00:00,9810.34,9843.22,9807.98,9824.31,947.573882
2020-05-08 08:15:00,9824.79,9874.54,9820.0,9870.75,939.14262
2020-05-08 08:30:00,9870.58,9900.0,9858.75,9862.62,1347.838439
2020-05-08 08:45:00,9862.57,9871.76,9837.24,9859.9,742.494017
2020-05-08 09:00:00,9859.77,9861.4,9813.28,9852.61,889.631304
2020-05-08 09:15:00,9852.61,9873.45,9848.67,9860.46,558.988855
2020-05-08 09:30:00,9860.49,9873.54,9831.06,9849.53,583.453977
2020-05-08 09:45:00,9849.53,9850.0,9815.42,9833.4,461.790675
2020-05-08 10:00:00,9833.14,9865.0,9818.01,9863.4,553.027509
2020-05-08 10:15:00,9863.4,9889.61,9858.41,9886.98,779.71028
2020-05-08 10:30:00,9886.98,9890.0,9864.63,9885.0,729.545611
2020-05-08 10:45:00,9885.13,9964.99,9885.0,9953.09,2041.878794
2020-05-08 11:00:00,9952.83,9953.06,9895.87,9903.55,1534.256004
2020-05-08 11:15:00,9903.3,9936.51,9881.0,9929.3,882.138845
2020-05-08 11:30:00,9929.99,9950.0,9910.0,9930.0,708.974597
2020-05-08 11:45:00,9930.0,9930.01,9874.0,9899.75,958.190274
2020-05-08 12:00:00,9899.35,9899.69,9780.0,9860.59,2467.482189
2020-05-08 12:15:00,9862.11,9899.11,9846.43,9896.69,862.739274
2020-05-08 12:30:00,9896.66,9925.0,9860.0,9870.53,940.680025
2020-05-08 12:45:00,9870.52,9873.87,9825.0,9829.12,762.329315
2020-05-08 13:00:00,9829.01,9866.44,9817.0,9865.15,541.150373
2020-05-08 13:15:00,9865.11,9874.53,9835.0,9858.91,426.727917
2020-05-08 13:30:00,9858.92,9895.0,9858.2,9866.1,794.368547
2020-05-08 13:45:00,9865.92,9885.74,9857.34,9883.06,588.281822
2020-05-08 14:00:00,9883.06,9942.0,9866.23,9938.76,1359.81852
2020-05-08 14:15:00,9938.97,9942.0,9910.0,9937.0,865.105815
2020-05-08 14:30:00,9937.0,9947.0,9906.77,9944.98,956.256152
2020-05-08 14:45:00,9944.99,9986.45,9936.17,9954.99,2116.573564
2020-05-08 15:00:00,9954.95,9986.51,9943.38,9978.5,1286.851073
2020-05-08 15:15:00,9978.82,10006.98,9965.0,9995.0,2918.28573
2020-05-08 15:30:00,9995.71,10005.0,9945.06,9966.26,1745.337576
2020-05-08 15:45:00,9966.83,9976.89,9912.0,9941.21,1532.05662
2020-05-08 16:00:00,9942.07,9995.0,9913.59,9973.14,1832.058627
2020-05-08 16:15:00,9973.15,9987.94,9940.0,9964.82,790.872832
2020-05-08 16:30:00,9964.87,9990.0,9964.35,9977.21,899.627699
2020-05-08 16:45:00,9977.57,9981.7,9945.76,9973.23,796.276985
2020-05-08 17:00:00,9973.23,9977.87,9922.24,9934.38,1050.025597
2020-05-08 17:15:00,9934.38,9952.72,9925.0,9948.39,760.16569
2020-05-08 17:30:00,9947.87,9958.02,9937.96,9957.83,505.863494
2020-05-08 17:45:00,9957.83,9979.94,9956.19,9962.92,795.502733
2020-05-08 18:00:00,9963.62,9978.1,9943.05,9956.51,885.878182
2020-05-08 18:15:00,9956.22,9970.0,9953.82,9963.5,409.664863
2020-05-08 18:30:00,9963.29,9965.16,9938.79,9950.84,508.251089
2020-05-08 18:45:00,9951.11,9953.84,9866.88,9888.94,1264.728611
2020-05-08 19:00:00,9888.94,9927.25,9860.52,9918.78,1125.411756
2020-05-08 19:15:00,9918.77,9939.0,9917.96,9935.59,414.137274
2020-05-08 19:30:00,9935.6,9963.93,9921.8,9949.11,769.405943
2020-05-08 19:45:00,9949.12,9953.35,9939.58,9945.99,531.289049
2020-05-08 20:00:00,9946.0,9950.93,9922.71,9942.93,590.073945
2020-05-08 20:15:00,9942.83,9944.84,9926.42,9941.44,321.148589
2020-05-08 20:30:00,9941.44,9970.99,9939.24,9962.92,710.115709
2020-05-08 20:45:00,9962.93,9985.58,9950.0,9980.0,554.810627
2020-05-08 21:00:00,9979.79,9988.58,9959.4,9976.93,548.934443
2020-05-08 21:15:00,9976.93,9981.21,9956.0,9963.99,434.229774
2020-05-08 21:30:00,9963.93,9983.0,9963.0,9982.89,287.777076
2020-05-08 21:45:00,9981.68,9998.48,9972.8,9996.0,675.306699
2020-05-08 22:00:00,9995.39,10000.52,9961.12,9982.33,715.975019
2020-05-08 22:15:00,9982.33,9990.76,9967.29,9978.34,495.88338
2020-05-08 22:30:00,9978.5,9985.39,9925.0,9958.2,901.662081
2020-05-08 22:45:00,9958.41,9965.57,9845.0,9873.95,2158.669673
2020-05-08 23:00:00,9872.97,9920.36,9830.55,9859.99,1932.598256
2020-05-08 23:15:00,9859.99,9900.0,9854.55,9895.23,1022.477485
2020-05-08 23:30:00,9895.16,9911.71,9844.48,9862.76,979.576075
2020-05-08 23:45:00,9863.81,9864.57,9780.0,9800.01,2474.69484
2020-05-09 00:00:00,9800.02,9873.08,9728.46,9848.1,3494.18161
2020-05-09 00:15:00,9848.09,9859.31,9821.13,9833.53,748.99659
2020-05-09 00:30:00,9833.48,9883.0,9830.55,9874.79,704.058524
2020-05-09 00:45:00,9874.79,9886.33,9861.21,9868.79,415.223276
2020-05-09 01:00:00,9869.58,9909.0,9860.16,9905.0,730.014101
2020-05-09 01:15:00,9905.0,9914.25,9877.12,9882.0,535.232384
2020-05-09 01:30:00,9882.01,9907.66,9877.15,9881.91,516.544072
2020-05-09 01:45:00,9881.42,9882.2,9842.92,9853.06,569.981744
2020-05-09 02:00:00,9853.06,9874.29,9825.53,9840.0,656.514392
2020-05-09 02:15:00,9840.0,9861.89,9833.73,9839.01,560.602756
2020-05-09 02:30:00,9839.0,9869.28,9839.0,9865.23,365.04215
2020-05-09 02:45:00,9865.24,9871.79,9845.0,9849.33,306.047304
2020-05-09 03:00:00,9849.33,9880.0,9849.33,9876.57,373.928335
2020-05-09 03:15:00,9876.57,9890.0,9862.91,9870.49,408.263114
2020-05-09 03:30:00,9869.91,9878.19,9865.0,9868.01,244.835972
2020-05-09 03:45:00,9868.02,9877.76,9856.13,9863.02,375.016181
2020-05-09 04:00:00,9863.02,9878.99,9834.08,9853.31,725.728236
2020-05-09 04:15:00,9853.3,9856.2,9822.0,9848.64,635.901465
2020-05-09 04:30:00,9848.63,9859.73,9822.0,9827.91,512.666173
2020-05-09 04:45:00,9827.91,9832.69,9780.05,9830.23,1421.177771
2020-05-09 05:00:00,9830.22,9830.23,9775.0,9779.72,727.584836
2020-05-09 05:15:00,9781.35,9810.94,9752.0,9794.04,960.860684
2020-05-09 05:30:00,9794.04,9834.64,9792.43,9833.43,606.216336
2020-05-09 05:45:00,9833.43,9840.16,9816.52,9830.02,452.650727
2020-05-09 06:00:00,9830.07,9835.77,9800.44,9815.95,545.636788
2020-05-09 06:15:00,9815.94,9822.39,9782.0,9787.13,823.228096
2020-05-09 06:30:00,9787.14,9799.99,9767.13,9799.99,758.512424
2020-05-09 06:45:00,9799.8,9799.99,9600.0,9697.55,4879.039322
2020-05-09 07:00:00,9697.55,9741.13,9633.38,9734.42,1871.078514
2020-05-09 07:15:00,9734.8,9736.7,9666.47,9674.95,1241.298411
2020-05-09 07:30:00,9674.63,9700.0,9602.96,9616.93,2086.312978
2020-05-09 07:45:00,9616.89,9662.89,9561.0,9592.77,2322.876285
2020-05-09 08:00:00,9594.7,9654.33,9590.7,9642.42,1409.403978
2020-05-09 08:15:00,9642.21,9699.0,9640.38,9665.0,1373.057328
2020-05-09 08:30:00,9664.52,9682.34,9650.0,9652.56,622.458628
2020-05-09 08:45:00,9651.71,9680.0,9639.59,9677.25,729.290039
2020-05-09 09:00:00,9677.76,9718.97,9665.0,9712.61,931.558347
2020-05-09 09:15:00,9712.76,9716.69,9685.43,9698.69,933.043519
2020-05-09 09:30:00,9698.52,9698.88,9645.08,9655.84,888.216637
2020-05-09 09:45:00,9655.83,9700.0,9646.14,9693.25,820.84223
2020-05-09 10:00:00,9693.26,9694.7,9622.22,9625.34,651.800664
2020-05-09 10:15:00,9626.45,9648.37,9592.84,9614.2,1104.060844
2020-05-09 10:30:00,9615.58,9644.0,9560.0,9593.51,1548.404742
2020-05-09 10:45:00,9593.52,9646.63,9580.0,9628.98,830.648092
2020-05-09 11:00:00,9628.98,9659.51,9600.0,9622.18,779.832663
2020-05-09 11:15:00,9622.18,9625.0,9525.0,9553.16,1692.046913
2020-05-09 11:30:00,9552.49,9584.57,9520.0,9563.65,1536.019113
2020-05-09 11:45:00,9563.65,9640.05,9561.84,9638.85,1059.861368
2020-05-09 12:00:00,9638.85,9675.0,9600.6,9664.98,1032.93808
2020-05-09 12:15:00,9664.98,9665.04,9629.13,9645.84,588.289754
2020-05-09 12:30:00,9645.92,9677.28,9637.09,9662.82,664.131227
2020-05-09 12:45:00,9663.09,9693.74,9660.2,9670.57,674.895747
2020-05-09 13:00:00,9670.92,9672.87,9618.79,9640.01,600.363547
2020-05-09 13:15:00,9640.05,9660.0,9637.0,9659.93,310.25644
2020-05-09 13:30:00,9659.94,9700.0,9659.61,9697.0,772.582878
2020-05-09 13:45:00,9697.27,9718.0,9677.12,9717.99,665.740289
2020-05-09 14:00:00,9717.99,9719.22,9677.0,9689.42,786.674236
2020-05-09 14:15:00,9689.42,9693.41,9665.0,9683.96,577.058938
2020-05-09 14:30:00,9683.95,9710.0,9677.9,9708.88,491.648909
2020-05-09 14:45:00,9708.89,9710.0,9679.56,9698.04,591.644161
2020-05-09 15:00:00,9699.23,9700.0,9655.0,9670.35,758.898538
2020-05-09 15:15:00,9670.35,9676.71,9632.37,9652.03,672.439749
2020-05-09 15:30:00,9652.5,9659.91,9627.03,9644.24,631.552618
2020-05-09 15:45:00,9644.44,9694.79,9644.42,9688.62,682.432816
2020-05-09 16:00:00,9688.55,9733.5,9672.0,9717.8,928.556612
2020-05-09 16:15:00,9717.81,9777.48,9711.28,9748.33,1488.146629
2020-05-09 16:30:00,9748.33,9772.28,9712.0,9751.91,848.030567
2020-05-09 16:45:00,9752.0,9775.0,9739.99,9758.84,598.89627
2020-05-09 17:00:00,9759.0,9765.68,9730.0,9733.94,468.886448
2020-05-09 17:15:00,9733.09,9765.8,9728.0,9744.76,455.604694
2020-05-09 17:30:00,9745.66,9768.0,9742.2,9746.42,296.806638
2020-05-09 17:45:00,9747.93,9795.0,9746.14,9774.95,579.754306
2020-05-09 18:00:00,9774.98,9777.37,9752.86,9770.91,584.379083
2020-05-09 18:15:00,9770.86,9786.35,9750.0,9752.6,460.782941
2020-05-09 18:30:00,9752.7,9762.43,9736.58,9754.1,388.961411
2020-05-09 18:45:00,9754.48,9755.0,9721.0,9738.78,470.490555
2020-05-09 19:00:00,9738.78,9755.55,9730.0,9745.09,406.601365
2020-05-09 19:15:00,9745.09,9766.66,9742.51,9757.27,349.681102
2020-05-09 19:30:00,9757.09,9771.5,9751.0,9767.79,268.538225
2020-05-09 19:45:00,9767.88,9767.99,9741.03,9744.77,345.05604
2020-05-09 20:00:00,9745.11,9763.77,9743.98,9759.92,354.549098
2020-05-09 20:15:00,9759.93,9773.09,9759.57,9762.28,262.081828
2020-05-09 20:30:00,9763.14,9763.14,9670.01,9689.83,1120.839318
2020-05-09 20:45:00,9690.0,9712.52,9600.0,9655.28,1971.887791
2020-05-09 21:00:00,9655.32,9659.9,9577.85,9637.21,1501.834577
2020-05-09 21:15:00,9637.2,9666.58,9624.0,9638.05,635.513088
2020-05-09 21:30:00,9639.02,9661.0,9607.13,9640.58,374.421173
2020-05-09 21:45:00,9640.88,9656.11,9600.0,9613.13,603.772461
2020-05-09 22:00:00,9611.68,9677.99,9580.0,9662.99,809.706627
2020-05-09 22:15:00,9663.0,9663.35,9623.52,9626.34,478.36458
2020-05-09 22:30:00,9626.3,9647.68,9624.22,9637.51,391.308442
2020-05-09 22:45:00,9637.52,9637.52,9563.0,9600.51,1154.952171
2020-05-09 23:00:00,9600.51,9623.24,9559.29,9596.03,766.456024
2020-05-09 23:15:00,9596.03,9625.99,9590.63,9618.11,999.674369
2020-05-09 23:30:00,9618.98,9634.45,9559.77,9561.57,970.742751
2020-05-09 23:45:00,9561.49,9577.76,9525.0,9539.4,1628.0578
2020-05-10 00:00:00,9539.1,9574.83,9340.0,9340.77,5837.346729
2020-05-10 00:15:00,9343.04,9349.0,8117.0,8512.46,20821.081669
2020-05-10 00:30:00,8520.0,8712.65,8499.0,8635.86,11317.198163
2020-05-10 00:45:00,8632.24,8883.12,8521.38,8703.67,9280.136124
2020-05-10 01:00:00,8703.56,8775.0,8639.24,8739.89,4106.691501
2020-05-10 01:15:00,8740.34,8770.07,8701.0,8726.65,2705.725773
2020-05-10 01:30:00,8726.73,8737.6,8641.8,8690.69,2757.044288
2020-05-10 01:45:00,8690.68,8736.0,8575.66,8712.01,3324.061317
2020-05-10 02:00:00,8712.0,8717.75,8660.0,8669.58,1698.237059
2020-05-10 02:15:00,8669.58,8684.76,8635.82,8680.0,1293.138975
2020-05-10 02:30:00,8680.0,8705.0,8660.04,8692.52,966.38688
2020-05-10 02:45:00,8692.63,8704.5,8650.0,8661.49,948.22888
2020-05-10 03:00:00,8661.86,8673.0,8316.0,8523.71,5777.845057
2020-05-10 03:15:00,8522.56,8627.3,8516.72,8586.14,2371.367415
2020-05-10 03:30:00,8585.83,8647.35,8571.59,8615.97,1299.799062
2020-05-10 03:45:00,8616.04,8667.99,8602.02,8622.78,1036.916877
2020-05-10 04:00:00,8622.73,8624.96,8537.84,8594.45,2071.346543
2020-05-10 04:15:00,8593.0,8603.62,8509.05,8524.65,1338.855499
2020-05-10 04:30:00,8524.55,8556.15,8470.3,8484.52,2265.675016
2020-05-10 04:45:00,8483.45,8575.04,8480.65,8559.1,1194.68893
2020-05-10 05:00:00,8561.23,8635.38,8550.21,8621.22,1584.556892
2020-05-10 05:15:00,8621.42,8628.57,8581.4,8626.7,894.495183
2020-05-10 05:30:00,8627.65,8657.32,8622.0,8630.0,1115.963795
2020-05-10 05:45:00,8630.0,8639.8,8602.54,8621.06,751.544008
2020-05-10 06:00:00,8621.15,8623.32,8562.6,8590.18,960.600777
2020-05-10 06:15:00,8590.81,8617.61,8577.24,8593.14,613.650941
2020-05-10 06:30:00,8593.14,8614.75,8554.67,8601.05,735.269539
2020-05-10 06:45:00,8601.06,8631.54,8586.4,8602.63,901.690172
2020-05-10 07:00:00,8602.44,8650.0,8600.0,8645.16,828.939535
2020-05-10 07:15:00,8645.55,8779.29,8645.55,8776.97,2627.732912
2020-05-10 07:30:00,8776.98,8785.57,8707.17,8743.96,1461.240858
2020-05-10 07:45:00,8743.96,8835.0,8735.05,8812.28,2288.698426
2020-05-10 08:00:00,8812.27,8900.0,8782.57,8867.39,3361.052125
2020-05-10 08:15:00,8867.32,8870.49,8773.4,8830.52,1987.065044
2020-05-10 08:30:00,8830.01,8853.32,8773.59,8853.32,1287.724125
2020-05-10 08:45:00,8853.2,8853.97,8810.0,8811.66,894.639128
2020-05-10 09:00:00,8812.72,8827.97,8783.0,8814.59,963.49737
2020-05-10 09:15:00,8814.59,8848.73,8803.24,8812.16,857.816079
2020-05-10 09:30:00,8812.43,8850.0,8805.0,8829.57,510.931146
2020-05-10 09:45:00,8829.26,8830.0,8735.94,8749.73,1364.596692
2020-05-10 10:00:00,8751.5,8792.67,8665.83,8760.63,1913.314111
2020-05-10 10:15:00,8761.43,8779.63,8732.5,8748.62,798.093667
2020-05-10 10:30:00,8748.61,8836.56,8745.09,8819.6,1103.37928
2020-05-10 10:45:00,8819.05,8830.0,8795.07,8810.2,906.532824
2020-05-10 11:00:00,8809.54,8815.25,8751.0,8777.37,708.533858
2020-05-10 11:15:00,8777.38,8788.98,8685.0,8715.87,1447.026288
2020-05-10 11:30:00,8715.81,8739.13,8645.0,8688.75,1375.627941
2020-05-10 11:45:00,8689.96,8750.0,8673.79,8737.35,1026.308502
2020-05-10 12:00:00,8736.57,8737.81,8685.0,8705.9,605.572145
2020-05-10 12:15:00,8705.91,8772.33,8702.58,8765.14,892.360832
2020-05-10 12:30:00,8765.14,8775.0,8740.0,8764.59,792.290337
2020-05-10 12:45:00,8764.48,8765.81,8704.53,8717.18,724.76748
2020-05-10 13:00:00,8716.68,8739.9,8690.18,8720.0,535.50752
2020-05-10 13:15:00,8719.99,8817.0,8719.99,8798.56,1105.229032
2020-05-10 13:30:00,8798.55,8803.3,8766.01,8777.05,669.062114
2020-05-10 13:45:00,8777.05,8808.42,8770.0,8771.0,500.047176
2020-05-10 14:00:00,8771.01,8789.76,8750.0,8784.99,447.070707
2020-05-10 14:15:00,8784.99,8784.99,8726.87,8747.08,787.446494
2020-05-10 14:30:00,8747.09,8766.45,8726.0,8740.58,528.77562
2020-05-10 14:45:00,8740.58,8747.99,8600.95,8659.82,2249.534828
2020-05-10 15:00:00,8659.81,8694.0,8560.0,8661.54,2288.275619
2020-05-10 15:15:00,8660.14,8716.45,8649.49,8708.89,968.584421
2020-05-10 15:30:00,8708.89,8712.43,8648.44,8662.52,979.01938
2020-05-10 15:45:00,8662.4,8663.0,8562.15,8650.96,1385.431046
2020-05-10 16:00:00,8652.27,8686.87,8606.01,8664.15,1102.247188
2020-05-10 16:15:00,8665.56,8676.31,8573.47,8605.06,1510.357102
2020-05-10 16:30:00,8605.06,8623.8,8350.0,8461.52,6241.88931
2020-05-10 16:45:00,8463.37,8525.0,8255.0,8270.0,4621.839248
2020-05-10 17:00:00,8270.0,8480.0,8265.75,8426.89,4227.513775
2020-05-10 17:15:00,8426.99,8536.91,8422.03,8510.82,1945.34154
2020-05-10 17:30:00,8510.0,8548.44,8473.39,8500.0,1611.188324
2020-05-10 17:45:00,8500.0,8538.13,8476.4,8527.85,882.066309
2020-05-10 18:00:00,8527.85,8569.69,8511.91,8551.44,1183.229782
2020-05-10 18:15:00,8551.44,8558.01,8485.35,8494.95,920.530351
2020-05-10 18:30:00,8494.18,8507.54,8421.17,8478.2,1722.217732
2020-05-10 18:45:00,8477.11,8517.63,8466.48,8487.43,818.628228
2020-05-10 19:00:00,8487.43,8538.62,8483.2,8532.53,632.481403
2020-05-10 19:15:00,8532.99,8542.3,8501.86,8534.67,609.97546
2020-05-10 19:30:00,8534.66,8564.78,8493.88,8512.98,1053.111139
2020-05-10 19:45:00,8514.28,8552.45,8500.0,8502.94,590.510842
2020-05-10 20:00:00,8500.66,8784.66,8500.66,8700.41,4835.03907
2020-05-10 20:15:00,8701.66,8745.45,8684.8,8727.0,981.340372
2020-05-10 20:30:00,8727.84,8769.0,8670.0,8687.04,1194.71856
2020-05-10 20:45:00,8687.05,8735.0,8662.5,8663.94,857.247744
2020-05-10 21:00:00,8663.85,8752.87,8662.43,8687.63,1019.70279
2020-05-10 21:15:00,8687.22,8715.01,8676.59,8711.4,439.836574
2020-05-10 21:30:00,8711.4,8739.92,8704.11,8737.94,376.024448
2020-05-10 21:45:00,8737.8,8783.13,8708.5,8717.94,972.634267
2020-05-10 22:00:00,8717.55,8775.46,8685.0,8711.16,933.10918
2020-05-10 22:15:00,8712.24,8747.02,8701.06,8719.61,542.922433
2020-05-10 22:30:00,8721.12,8746.99,8718.0,8744.39,381.422286
2020-05-10 22:45:00,8743.33,8799.08,8742.94,8777.99,842.090174
2020-05-10 23:00:00,8778.0,8837.28,8709.31,8745.99,1998.863121
2020-05-10 23:15:00,8745.11,8757.42,8620.9,8664.75,1716.846366
2020-05-10 23:30:00,8664.76,8684.99,8540.41,8652.75,2276.225517
2020-05-10 23:45:00,8651.76,8780.0,8643.12,8722.77,1682.763667
2020-05-11 00:00:00,8722.77,8800.0,8721.0,8745.19,1201.414012
2020-05-11 00:15:00,8745.93,8796.24,8745.93,8778.35,782.199462
2020-05-11 00:30:00,8778.85,8805.14,8749.94,8758.57,745.520961
2020-05-11 00:45:00,8758.45,8770.33,8696.0,8770.16,1083.708478
2020-05-11 01:00:00,8770.15,8775.0,8729.46,8746.37,594.282049
2020-05-11 01:15:00,8746.35,8749.93,8684.9,8711.19,779.573625
2020-05-11 01:30:00,8712.52,8745.0,8701.08,8745.0,444.631085
2020-05-11 01:45:00,8745.09,8747.44,8703.92,8713.41,388.242942
2020-05-11 02:00:00,8711.93,8724.29,8690.0,8718.49,489.22278
2020-05-11 02:15:00,8717.25,8752.87,8713.0,8732.48,507.781199
2020-05-11 02:30:00,8730.92,8759.68,8730.27,8749.37,457.653414
2020-05-11 02:45:00,8749.37,8761.18,8731.52,8748.07,425.114058
2020-05-11 03:00:00,8747.18,8768.0,8741.86,8761.36,323.122024
2020-05-11 03:15:00,8761.38,8762.0,8698.04,8719.52,755.650041
2020-05-11 03:30:00,8719.52,8723.55,8658.56,8692.9,1130.959718
2020-05-11 03:45:00,8692.93,8717.18,8672.34,8696.64,532.582638
2020-05-11 04:00:00,8696.24,8709.41,8670.61,8691.44,503.849545
2020-05-11 04:15:00,8691.43,8707.3,8633.76,8678.38,1157.835123
2020-05-11 04:30:00,8679.47,8710.76,8675.46,8687.32,326.875315
2020-05-11 04:45:00,8687.33,8687.33,8620.0,8634.53,682.100769
2020-05-11 05:00:00,8633.59,8669.13,8613.01,8651.54,606.602249
2020-05-11 05:15:00,8651.8,8674.81,8616.0,8645.74,690.82769
2020-05-11 05:30:00,8645.93,8678.87,8641.43,8677.52,413.259756
2020-05-11 05:45:00,8677.65,8702.39,8670.38,8689.26,693.058815
2020-05-11 06:00:00,8689.26,8700.0,8666.66,8695.01,390.895542
2020-05-11 06:15:00,8696.02,8732.23,8691.46,8720.0,658.254922
2020-05-11 06:30:00,8719.53,8724.19,8692.64,8701.23,468.219804
2020-05-11 06:45:00,8701.28,8706.88,8673.09,8684.34,858.089368
2020-05-11 07:00:00,8684.68,8706.0,8666.93,8696.62,647.022044
2020-05-11 07:15:00,8696.62,8705.0,8661.57,8671.61,568.10042
2020-05-11 07:30:00,8671.62,8676.34,8625.0,8663.23,1109.746486
2020-05-11 07:45:00,8661.66,8683.9,8635.55,8664.32,552.150672
2020-05-11 08:00:00,8664.32,8685.0,8583.89,8616.98,1315.345656
2020-05-11 08:15:00,8615.96,8646.19,8566.01,8596.05,986.819057
2020-05-11 08:30:00,8594.33,8632.24,8577.71,8616.24,997.159194
2020-05-11 08:45:00,8617.4,8644.0,8616.67,8636.07,449.578256
2020-05-11 09:00:00,8635.84,8638.43,8545.85,8590.51,1195.980118
2020-05-11 09:15:00,8590.01,8614.81,8566.15,8578.36,829.508423
2020-05-11 09:30:00,8577.0,8591.23,8518.0,8534.94,1600.477147
2020-05-11 09:45:00,8534.94,8555.01,8478.0,8487.1,1928.154749
2020-05-11 10:00:00,8487.11,8679.08,8484.5,8644.99,2357.485748
2020-05-11 10:15:00,8643.47,8706.13,8643.47,8668.8,1968.184689
2020-05-11 10:30:00,8669.22,8790.0,8668.2,8764.96,2589.789544
2020-05-11 10:45:00,8762.95,8885.0,8760.97,8803.07,4182.19428
2020-05-11 11:00:00,8803.07,8838.0,8746.0,8780.46,1395.45842
2020-05-11 11:15:00,8780.73,8854.49,8780.1,8844.88,1307.136166
2020-05-11 11:30:00,8847.72,8875.0,8800.0,8819.3,1391.843926
2020-05-11 11:45:00,8819.31,8990.0,8819.3,8927.43,4559.779632
2020-05-11 12:00:00,8926.17,9035.0,8900.0,9006.29,4249.282984
2020-05-11 12:15:00,9006.28,9154.15,8997.08,9144.48,6335.219687
2020-05-11 12:30:00,9144.18,9168.0,9036.0,9069.86,5305.042215
2020-05-11 12:45:00,9069.33,9070.99,8725.35,8856.34,7031.476787
2020-05-11 13:00:00,8856.35,8968.0,8841.1,8889.74,2538.043101
2020-05-11 13:15:00,8889.74,8934.09,8754.0,8800.0,3114.88569
2020-05-11 13:30:00,8800.0,8867.64,8778.01,8840.12,1651.321671
2020-05-11 13:45:00,8842.56,8888.0,8813.63,8846.12,1183.553908
2020-05-11 14:00:00,8847.67,8942.72,8847.15,8911.15,1884.688869
2020-05-11 14:15:00,8911.15,8916.59,8850.0,8908.53,1135.08875
2020-05-11 14:30:00,8908.54,8910.39,8839.55,8851.18,1167.034913
2020-05-11 14:45:00,8853.41,8902.82,8839.92,8871.89,1099.945818
2020-05-11 15:00:00,8871.57,8954.04,8812.14,8948.83,1793.962838
2020-05-11 15:15:00,8948.83,8951.34,8894.35,8940.0,1212.83284
2020-05-11 15:30:00,8940.0,8956.01,8870.0,8901.84,1347.940226
2020-05-11 15:45:00,8901.84,8905.76,8846.61,8882.96,702.600684
2020-05-11 16:00:00,8882.97,8924.48,8827.86,8907.06,1191.730329
2020-05-11 16:15:00,8907.01,8910.77,8850.0,8878.11,1017.282897
2020-05-11 16:30:00,8878.03,8879.1,8325.0,8545.97,8869.916176
2020-05-11 16:45:00,8545.97,8660.49,8466.0,8604.34,5403.131337
2020-05-11 17:00:00,8604.34,8672.83,8537.66,8595.04,2809.201026
2020-05-11 17:15:00,8596.17,8611.58,8485.77,8554.32,3052.846369
2020-05-11 17:30:00,8553.29,8621.47,8542.46,8554.11,1936.658392
2020-05-11 17:45:00,8553.3,8604.15,8425.05,8506.76,3206.852568
2020-05-11 18:00:00,8503.55,8539.38,8301.0,8398.87,4701.049281
2020-05-11 18:15:00,8398.83,8494.88,8200.0,8476.47,7635.668711
2020-05-11 18:30:00,8476.45,8538.3,8361.56,8398.83,3458.871585
2020-05-11 18:45:00,8400.34,8660.0,8397.54,8605.35,3491.489584
2020-05-11 19:00:00,8604.2,8604.2,8420.07,8486.15,2913.14327
2020-05-11 19:15:00,8487.22,8578.68,8440.0,8561.2,2270.380871
2020-05-11 19:30:00,8563.03,8575.0,8431.05,8526.01,2620.95114
2020-05-11 19:45:00,8526.71,8780.0,8514.14,8746.86,4676.003822
2020-05-11 20:00:00,8745.25,8807.0,8663.96,8708.74,3617.833102
2020-05-11 20:15:00,8708.73,8713.35,8590.0,8636.35,2360.731577
2020-05-11 20:30:00,8636.33,8686.95,8563.94,8654.42,1374.734839
2020-05-11 20:45:00,8654.9,8668.54,8604.32,8630.16,652.546275
2020-05-11 21:00:00,8630.36,8700.0,8630.36,8665.67,543.343974
2020-05-11 21:15:00,8665.67,8668.73,8580.0,8634.11,915.354921
2020-05-11 21:30:00,8634.34,8635.12,8540.23,8557.31,603.630941
2020-05-11 21:45:00,8557.31,8591.81,8459.28,8589.84,1782.778858
2020-05-11 22:00:00,8589.84,8630.46,8581.4,8606.33,593.647528
2020-05-11 22:15:00,8605.42,8609.01,8519.92,8555.05,663.453951
2020-05-11 22:30:00,8555.05,8647.35,8552.45,8627.27,855.83839
2020-05-11 22:45:00,8627.27,8631.01,8567.0,8601.37,818.74393
2020-05-11 23:00:00,8600.66,8607.14,8542.36,8580.4,551.377328
2020-05-11 23:15:00,8579.5,8582.57,8500.0,8525.05,913.473254
2020-05-11 23:30:00,8525.3,8640.31,8523.1,8632.95,842.256646
2020-05-11 23:45:00,8633.4,8640.21,8555.44,8561.52,685.965968
2020-05-12 00:00:00,8562.04,8667.65,8528.78,8635.6,1269.775136
2020-05-12 00:15:00,8634.02,8678.55,8615.11,8633.45,633.386784
2020-05-12 00:30:00,8633.07,8636.91,8571.63,8585.88,658.406915
2020-05-12 00:45:00,8585.46,8618.36,8560.71,8611.33,622.065153
2020-05-12 01:00:00,8611.34,8628.72,8580.06,8595.36,695.695912
2020-05-12 01:15:00,8595.73,8605.0,8563.87,8603.21,615.073084
2020-05-12 01:30:00,8603.21,8620.0,8577.0,8610.22,490.630552
2020-05-12 01:45:00,8610.52,8644.0,8605.0,8619.5,576.822417
2020-05-12 02:00:00,8619.96,8639.27,8600.0,8620.5,541.60451
2020-05-12 02:15:00,8620.5,8626.28,8592.0,8615.36,434.705122
2020-05-12 02:30:00,8615.36,8655.0,8600.0,8652.35,515.044026
2020-05-12 02:45:00,8652.35,8685.71,8621.77,8637.51,1013.992609
2020-05-12 03:00:00,8637.05,8675.29,8632.51,8647.91,468.714813
2020-05-12 03:15:00,8647.95,8692.0,8647.95,8681.99,644.474048
2020-05-12 03:30:00,8681.99,8742.01,8655.27,8724.99,1078.200642
2020-05-12 03:45:00,8724.99,8742.43,8706.01,8716.07,966.333499
2020-05-12 04:00:00,8716.75,8729.81,8666.88,8679.85,837.589334
2020-05-12 04:15:00,8679.39,8695.79,8664.28,8684.56,417.124284
2020-05-12 04:30:00,8684.38,8731.49,8680.59,8726.39,539.77334
2020-05-12 04:45:00,8727.3,8750.01,8701.12,8702.57,924.695695
2020-05-12 05:00:00,8702.13,8750.02,8702.13,8735.05,584.125666
2020-05-12 05:15:00,8735.02,8771.87,8727.93,8735.0,739.22275
2020-05-12 05:30:00,8735.0,8785.0,8735.0,8761.46,750.380378
2020-05-12 05:45:00,8761.46,8768.43,8716.72,8730.75,584.054283
2020-05-12 06:00:00,8730.75,8764.01,8712.48,8715.19,492.354001
2020-05-12 06:15:00,8715.19,8737.18,8652.46,8673.86,1193.894947
2020-05-12 06:30:00,8673.3,8715.42,8669.25,8695.82,581.028241
2020-05-12 06:45:00,8695.68,8707.9,8669.89,8704.75,495.606292
2020-05-12 07:00:00,8704.16,8719.96,8686.01,8692.9,383.191306
2020-05-12 07:15:00,8692.91,8695.43,8618.28,8635.54,883.826148
2020-05-12 07:30:00,8635.77,8653.88,8614.98,8632.5,842.020636
2020-05-12 07:45:00,8631.66,8665.97,8631.66,8656.05,699.90446
2020-05-12 08:00:00,8655.76,8757.45,8632.93,8745.05,1524.310675
2020-05-12 08:15:00,8745.01,8764.88,8719.51,8760.0,958.72835
2020-05-12 08:30:00,8760.0,8764.93,8715.01,8728.46,833.133502
2020-05-12 08:45:00,8729.07,8756.81,8715.01,8749.75,701.319789
2020-05-12 09:00:00,8748.82,8828.72,8745.84,8794.59,2333.648806
2020-05-12 09:15:00,8795.47,8823.26,8743.08,8761.38,1346.89194
2020-05-12 09:30:00,8760.32,8785.61,8752.04,8775.8,603.491543
2020-05-12 09:45:00,8775.8,8805.0,8774.73,8785.84,607.184779
2020-05-12 10:00:00,8785.84,8820.0,8745.81,8763.56,1031.214721
2020-05-12 10:15:00,8763.82,8780.4,8725.52,8764.84,1090.43169
2020-05-12 10:30:00,8764.83,8783.24,8735.91,8746.53,694.076485
2020-05-12 10:45:00,8746.87,8790.89,8745.06,8778.21,618.310412
2020-05-12 11:00:00,8778.21,8789.3,8753.37,8769.79,527.632237
2020-05-12 11:15:00,8769.74,8777.95,8736.29,8748.79,559.236233
2020-05-12 11:30:00,8748.79,8770.0,8726.0,8767.59,681.173267
2020-05-12 11:45:00,8768.22,8812.0,8747.04,8800.92,735.910338
2020-05-12 12:00:00,8800.91,8819.0,8735.42,8756.58,1285.136823
2020-05-12 12:15:00,8756.58,8769.11,8743.62,8753.23,637.305389
2020-05-12 12:30:00,8753.48,8773.36,8750.12,8757.54,361.766027
2020-05-12 12:45:00,8757.59,8778.97,8742.29,8769.49,499.543991
2020-05-12 13:00:00,8769.74,8780.0,8659.0,8684.99,1937.334944
2020-05-12 13:15:00,8685.5,8743.23,8683.71,8740.0,1150.689834
2020-05-12 13:30:00,8741.84,8754.13,8716.9,8746.85,738.056613
2020-05-12 13:45:00,8746.93,8747.0,8712.03,8730.01,735.357304
2020-05-12 14:00:00,8730.02,8799.99,8730.01,8783.54,1459.779777
2020-05-12 14:15:00,8783.54,8912.01,8780.0,8909.84,4616.978362
2020-05-12 14:30:00,8909.88,8917.72,8837.63,8858.68,2335.946203
2020-05-12 14:45:00,8858.7,8895.79,8855.25,8887.26,931.37121
2020-05-12 15:00:00,8887.21,8940.0,8864.1,8908.92,2092.631435
2020-05-12 15:15:00,8908.91,8944.72,8878.1,8901.04,1438.838169
2020-05-12 15:30:00,8901.04,8903.55,8846.0,8886.97,1376.256403
2020-05-12 15:45:00,8886.94,8911.49,8865.0,8867.72,954.320026
2020-05-12 16:00:00,8867.72,8925.99,8865.79,8915.99,1222.786183
2020-05-12 16:15:00,8915.99,8953.33,8901.01,8927.66,1683.578706
2020-05-12 16:30:00,8928.32,8939.74,8888.1,8901.78,1109.858583
2020-05-12 16:45:00,8902.16,8927.0,8901.0,8923.82,752.638075
2020-05-12 17:00:00,8923.82,8978.26,8904.04,8961.0,1552.182367
2020-05-12 17:15:00,8961.0,8965.87,8922.0,8938.14,995.632872
2020-05-12 17:30:00,8937.22,8944.72,8875.0,8893.03,1172.072784
2020-05-12 17:45:00,8893.02,8900.0,8792.74,8879.0,1655.094614
2020-05-12 18:00:00,8879.0,8879.01,8835.0,8860.01,786.904509
2020-05-12 18:15:00,8860.01,8889.0,8854.23,8877.35,470.109211
2020-05-12 18:30:00,8877.96,8911.0,8865.09,8883.88,1142.150136
2020-05-12 18:45:00,8884.01,8898.27,8867.41,8897.89,470.391382
2020-05-12 19:00:00,8897.89,8899.75,8864.98,8888.48,552.371186
2020-05-12 19:15:00,8888.48,8924.18,8884.76,8918.01,730.854358
2020-05-12 19:30:00,8918.01,8925.98,8869.43,8874.07,605.42474
2020-05-12 19:45:00,8874.48,8875.35,8775.0,8792.19,2103.89606
2020-05-12 20:00:00,8792.19,8828.08,8765.0,8796.47,1552.373627
2020-05-12 20:15:00,8795.71,8819.17,8770.0,8799.59,930.821278
2020-05-12 20:30:00,8798.43,8827.92,8785.0,8803.21,585.461706
2020-05-12 20:45:00,8803.22,8844.16,8800.0,8815.27,551.898144
2020-05-12 21:00:00,8815.02,8834.27,8800.0,8822.71,325.422322
2020-05-12 21:15:00,8823.03,8825.95,8783.8,8809.08,607.587717
2020-05-12 21:30:00,8809.08,8851.92,8807.0,8826.82,376.593973
2020-05-12 21:45:00,8826.33,8849.99,8730.06,8779.99,1179.292376
2020-05-12 22:00:00,8779.99,8796.9,8740.0,8780.01,823.13243
2020-05-12 22:15:00,8780.01,8821.57,8777.01,8787.24,650.996294
2020-05-12 22:30:00,8787.28,8812.75,8784.31,8812.24,527.274843
2020-05-12 22:45:00,8812.56,8831.06,8802.94,8812.9,329.983028
2020-05-12 23:00:00,8812.03,8842.4,8809.0,8837.87,348.467502
2020-05-12 23:15:00,8837.89,8837.89,8793.0,8812.0,429.229471
2020-05-12 23:30:00,8813.18,8831.57,8807.6,8809.72,276.596791
2020-05-12 23:45:00,8810.07,8817.83,8779.99,8810.79,449.978538
2020-05-13 00:00:00,8810.99,8900.0,8792.99,8893.87,1228.387549
2020-05-13 00:15:00,8894.09,8900.0,8861.47,8897.33,790.605694
2020-05-13 00:30:00,8897.29,8939.0,8896.09,8936.33,2050.939127
2020-05-13 00:45:00,8936.33,8936.84,8908.08,8934.03,554.811926
2020-05-13 01:00:00,8934.04,8955.92,8910.54,8930.88,689.252194
2020-05-13 01:15:00,8930.66,8931.48,8905.44,8909.0,514.637927
2020-05-13 01:30:00,8909.01,8918.34,8891.11,8918.33,585.122238
2020-05-13 01:45:00,8918.33,8948.93,8915.01,8946.16,760.951629
2020-05-13 02:00:00,8946.16,8972.46,8937.57,8939.36,764.404456
2020-05-13 02:15:00,8939.73,8942.96,8907.75,8920.7,621.329935
2020-05-13 02:30:00,8920.7,8937.72,8886.12,8910.0,618.054309
2020-05-13 02:45:00,8910.0,8942.09,8903.83,8936.5,396.109715
2020-05-13 03:00:00,8936.5,8940.66,8916.64,8924.0,385.908932
2020-05-13 03:15:00,8924.12,8946.52,8905.21,8914.0,729.519873
2020-05-13 03:30:00,8914.0,8935.0,8905.6,8914.03,369.464912
2020-05-13 03:45:00,8914.52,8917.97,8890.8,8912.19,456.965636
2020-05-13 04:00:00,8911.99,8926.76,8880.16,8884.38,631.556469
2020-05-13 04:15:00,8884.38,8908.75,8869.32,8902.51,598.302883
2020-05-13 04:30:00,8902.51,8920.0,8899.6,8915.26,362.257046
2020-05-13 04:45:00,8915.26,8940.0,8893.33,8930.57,586.072616
2020-05-13 05:00:00,8930.57,8940.58,8904.63,8913.71,498.863819
2020-05-13 05:15:00,8913.71,8922.18,8893.77,8898.72,492.548317
2020-05-13 05:30:00,8898.98,8907.54,8879.99,8897.57,419.97908
2020-05-13 05:45:00,8897.08,8908.54,8867.63,8883.29,513.548544
2020-05-13 06:00:00,8883.29,8907.59,8866.71,8900.0,494.515355
2020-05-13 06:15:00,8900.0,8918.42,8897.2,8907.57,499.827118
2020-05-13 06:30:00,8907.57,8920.0,8887.57,8896.32,484.383977
2020-05-13 06:45:00,8896.56,8915.77,8882.51,8912.43,476.640309
2020-05-13 07:00:00,8912.69,8920.0,8893.91,8903.43,271.353443
2020-05-13 07:15:00,8903.89,8904.27,8875.02,8892.55,537.315509
2020-05-13 07:30:00,8892.55,8893.43,8859.25,8880.91,620.91235
2020-05-13 07:45:00,8880.91,8893.26,8867.13,8867.2,496.9216
2020-05-13 08:00:00,8867.2,8870.0,8826.72,8844.17,1221.115858
2020-05-13 08:15:00,8844.26,8885.8,8832.67,8876.02,653.112723
2020-05-13 08:30:00,8876.14,8898.09,8873.3,8882.1,421.178378
2020-05-13 08:45:00,8883.14,8917.0,8880.0,8908.18,681.647738
2020-05-13 09:00:00,8908.86,8933.25,8899.88,8914.35,957.837273
2020-05-13 09:15:00,8913.95,8923.91,8896.0,8896.16,387.858989
2020-05-13 09:30:00,8896.21,8908.39,8891.27,8905.24,365.854353
2020-05-13 09:45:00,8905.1,8925.0,8902.87,8914.22,573.433609
2020-05-13 10:00:00,8914.22,8930.0,8910.0,8926.99,390.664626
2020-05-13 10:15:00,8926.99,8929.71,8900.0,8905.55,688.591567
2020-05-13 10:30:00,8905.54,8919.0,8896.06,8913.16,750.510699
2020-05-13 10:45:00,8913.16,8960.0,8908.38,8948.05,1469.812537
2020-05-13 11:00:00,8949.7,9006.0,8948.05,8981.35,1861.432438
2020-05-13 11:15:00,8981.36,9002.19,8928.0,8951.55,1244.689404
2020-05-13 11:30:00,8951.56,8974.96,8935.0,8970.55,635.277759
2020-05-13 11:45:00,8968.74,9048.62,8967.86,9035.98,1663.202543
2020-05-13 12:00:00,9036.38,9060.0,8982.75,9006.15,2030.689858
2020-05-13 12:15:00,9007.61,9037.74,9005.48,9010.91,706.177423
2020-05-13 12:30:00,9010.91,9079.0,9006.41,9070.0,1013.21104
2020-05-13 12:45:00,9069.37,9099.22,9050.0,9089.3,1820.395816
2020-05-13 13:00:00,9089.3,9115.88,9066.0,9076.41,1955.946756
2020-05-13 13:15:00,9077.53,9105.0,9055.0,9104.99,1133.203911
2020-05-13 13:30:00,9104.99,9108.8,9057.0,9062.55,1275.728004
2020-05-13 13:45:00,9062.9,9082.97,9032.86,9080.06,1019.584508
2020-05-13 14:00:00,9080.57,9128.42,9080.43,9118.44,1723.033503
2020-05-13 14:15:00,9118.45,9135.0,9090.98,9091.1,1592.272186
2020-05-13 14:30:00,9091.11,9116.82,9072.0,9091.82,1083.163583
2020-05-13 14:45:00,9091.49,9091.98,9035.93,9082.26,1653.373405
2020-05-13 15:00:00,9082.25,9128.5,9081.57,9118.69,1188.044494
2020-05-13 15:15:00,9118.69,9149.99,9102.61,9130.97,1468.77148
2020-05-13 15:30:00,9130.67,9188.0,9116.18,9158.18,2055.032236
2020-05-13 15:45:00,9157.99,9159.7,9113.0,9136.85,1435.840633
2020-05-13 16:00:00,9136.85,9165.73,9069.0,9119.02,2137.308996
2020-05-13 16:15:00,9118.02,9121.82,9075.0,9082.13,959.680154
2020-05-13 16:30:00,9081.95,9100.0,9036.2,9093.78,1126.370728
2020-05-13 16:45:00,9094.34,9115.52,9075.74,9111.2,818.002446
2020-05-13 17:00:00,9111.02,9115.0,9061.0,9068.21,789.813507
2020-05-13 17:15:00,9068.2,9085.13,9055.0,9078.69,724.608671
2020-05-13 17:30:00,9078.65,9083.16,9050.01,9061.46,584.183615
2020-05-13 17:45:00,9062.0,9091.56,9055.3,9085.27,513.873424
2020-05-13 18:00:00,9085.28,9099.36,9079.42,9093.32,553.141556
2020-05-13 18:15:00,9094.19,9107.48,9073.48,9090.57,532.334951
2020-05-13 18:30:00,9090.5,9108.55,9081.37,9086.78,604.958227
2020-05-13 18:45:00,9086.84,9088.69,9070.16,9077.16,431.623709
2020-05-13 19:00:00,9077.6,9097.24,9069.29,9081.38,513.504773
2020-05-13 19:15:00,9080.82,9089.41,9080.0,9081.93,298.763233
2020-05-13 19:30:00,9081.92,9130.33,9077.16,9126.08,1016.914061
2020-05-13 19:45:00,9126.19,9160.0,9125.13,9151.24,1360.66573
2020-05-13 20:00:00,9151.25,9275.0,9136.75,9245.74,3426.454168
2020-05-13 20:15:00,9245.63,9295.0,9245.1,9264.74,2247.549139
2020-05-13 20:30:00,9263.91,9302.48,9225.63,9301.9,1842.567705
2020-05-13 20:45:00,9301.91,9330.0,9260.0,9285.92,1588.082246
2020-05-13 21:00:00,9285.0,9388.0,9285.0,9342.18,2794.408743
2020-05-13 21:15:00,9342.18,9398.0,9340.0,9367.0,1784.853127
2020-05-13 21:30:00,9367.0,9373.7,9252.0,9313.35,2035.999277
2020-05-13 21:45:00,9313.28,9366.69,9278.53,9347.12,1169.803296
2020-05-13 22:00:00,9347.52,9363.96,9305.84,9317.03,786.207539
2020-05-13 22:15:00,9317.02,9347.54,9317.02,9335.54,523.095254
2020-05-13 22:30:00,9335.54,9335.54,9265.0,9297.3,1114.390192
2020-05-13 22:45:00,9297.2,9322.89,9265.0,9318.51,1058.457865
2020-05-13 23:00:00,9317.1,9349.0,9305.7,9310.69,910.804525
2020-05-13 23:15:00,9310.68,9334.96,9294.13,9308.03,541.582743
2020-05-13 23:30:00,9308.54,9331.27,9299.1,9315.66,475.182769
2020-05-13 23:45:00,9315.98,9318.98,9289.98,9309.37,578.933832
2020-05-14 00:00:00,9309.35,9367.0,9308.88,9359.95,959.018422
2020-05-14 00:15:00,9359.21,9386.62,9341.16,9343.42,1113.014792
2020-05-14 00:30:00,9343.41,9343.42,9285.0,9318.82,877.953603
2020-05-14 00:45:00,9318.83,9321.78,9290.0,9297.01,491.313352
2020-05-14 01:00:00,9297.55,9315.0,9263.53,9304.77,814.140275
2020-05-14 01:15:00,9304.77,9328.62,9304.33,9308.15,459.011968
2020-05-14 01:30:00,9308.15,9309.05,9271.54,9283.43,595.896575
2020-05-14 01:45:00,9283.43,9299.95,9262.94,9270.62,508.422687
2020-05-14 02:00:00,9270.62,9304.06,9256.76,9282.44,660.748497
2020-05-14 02:15:00,9282.44,9304.38,9275.0,9302.83,423.258764
2020-05-14 02:30:00,9302.83,9321.47,9297.0,9316.69,466.25377
2020-05-14 02:45:00,9317.16,9340.0,9306.64,9334.01,461.068094
2020-05-14 03:00:00,9335.24,9336.73,9300.7,9307.96,503.944402
2020-05-14 03:15:00,9307.91,9350.0,9307.39,9341.88,509.536902
2020-05-14 03:30:00,9341.87,9345.0,9318.26,9332.17,408.803705
2020-05-14 03:45:00,9332.19,9359.37,9332.18,9352.38,661.484489
2020-05-14 04:00:00,9352.38,9356.63,9314.55,9325.52,555.871462
2020-05-14 04:15:00,9323.21,9334.67,9305.0,9318.24,402.819651
2020-05-14 04:30:00,9318.23,9333.01,9299.39,9328.94,503.524391
2020-05-14 04:45:00,9328.95,9339.11,9317.15,9318.69,280.217099
2020-05-14 05:00:00,9318.15,9319.07,9277.42,9291.64,846.743953
2020-05-14 05:15:00,9291.63,9349.0,9267.0,9332.84,1040.567145
2020-05-14 05:30:00,9332.84,9360.0,9319.01,9342.23,692.603251
2020-05-14 05:45:00,9341.61,9447.0,9340.27,9437.77,2664.379296
2020-05-14 06:00:00,9438.76,9462.0,9403.35,9424.78,1830.696794
2020-05-14 06:15:00,9424.78,9457.99,9410.96,9436.28,877.935434
2020-05-14 06:30:00,9436.29,9460.0,9419.65,9457.53,961.706184
2020-05-14 06:45:00,9458.81,9480.0,9432.5,9443.43,1135.530732
2020-05-14 07:00:00,9443.77,9450.76,9410.0,9445.89,759.921718
2020-05-14 07:15:00,9445.52,9500.0,9440.71,9487.66,1666.875577
2020-05-14 07:30:00,9487.0,9528.98,9467.67,9506.72,2021.469957
2020-05-14 07:45:00,9506.73,9547.0,9500.0,9508.56,1630.244402
2020-05-14 08:00:00,9508.56,9533.55,9467.5,9493.64,1713.031292
2020-05-14 08:15:00,9494.16,9534.29,9485.02,9533.27,987.677534
2020-05-14 08:30:00,9532.44,9561.65,9505.51,9554.27,1190.911659
2020-05-14 08:45:00,9552.48,9648.29,9551.51,9610.0,3352.819091
2020-05-14 09:00:00,9610.01,9730.0,9609.0,9691.0,4156.87635
2020-05-14 09:15:00,9690.01,9768.0,9662.0,9737.31,3128.968521
2020-05-14 09:30:00,9737.46,9745.0,9679.56,9712.02,2046.030401
2020-05-14 09:45:00,9712.01,9828.99,9711.99,9803.54,3303.984015
2020-05-14 10:00:00,9803.44,9939.0,9516.0,9723.04,11289.213664
2020-05-14 10:15:00,9722.49,9744.13,9612.0,9685.44,4143.818565
2020-05-14 10:30:00,9685.45,9720.0,9574.89,9603.74,2577.851278
2020-05-14 10:45:00,9601.24,9672.99,9585.48,9648.24,2023.265178
2020-05-14 11:00:00,9649.0,9730.0,9646.5,9710.28,1647.016183
2020-05-14 11:15:00,9710.18,9799.13,9708.8,9753.11,2316.712787
2020-05-14 11:30:00,9753.11,9756.0,9715.14,9730.01,1022.34244
2020-05-14 11:45:00,9730.0,9768.78,9650.0,9686.71,2461.565576
2020-05-14 12:00:00,9686.71,9713.77,9561.0,9615.56,2705.511645
2020-05-14 12:15:00,9607.25,9659.03,9602.06,9619.34,1451.173097
2020-05-14 12:30:00,9618.67,9620.0,9551.64,9600.0,1774.503228
2020-05-14 12:45:00,9600.02,9613.8,9566.3,9586.0,1353.788759
2020-05-14 13:00:00,9585.86,9623.46,9541.01,9618.77,1629.239585
2020-05-14 13:15:00,9616.6,9648.54,9592.28,9641.3,875.128243
2020-05-14 13:30:00,9640.21,9649.0,9603.01,9608.01,706.851379
2020-05-14 13:45:00,9608.21,9623.61,9582.29,9622.71,968.848658
2020-05-14 14:00:00,9622.88,9694.0,9605.0,9684.69,1477.142707
2020-05-14 14:15:00,9683.03,9744.0,9682.21,9707.54,2235.975839
2020-05-14 14:30:00,9707.54,9759.99,9700.0,9759.45,1225.687916
2020-05-14 14:45:00,9758.35,9758.44,9678.97,9704.0,1197.710127
2020-05-14 15:00:00,9704.0,9708.22,9665.47,9688.55,877.450059
2020-05-14 15:15:00,9688.55,9729.0,9688.55,9723.86,674.086809
2020-05-14 15:30:00,9723.86,9735.98,9693.06,9706.1,642.64494
2020-05-14 15:45:00,9706.1,9758.0,9705.0,9748.98,1083.970549
2020-05-14 16:00:00,9748.99,9783.01,9630.35,9690.0,1993.579933
2020-05-14 16:15:00,9690.0,9695.42,9652.35,9690.95,933.401945
2020-05-14 16:30:00,9692.13,9699.0,9592.0,9638.41,1657.638752
2020-05-14 16:45:00,9638.4,9684.87,9619.96,9675.55,899.718052
2020-05-14 17:00:00,9675.55,9675.55,9635.0,9664.52,551.066504
2020-05-14 17:15:00,9663.29,9669.84,9626.75,9659.51,551.077569
2020-05-14 17:30:00,9659.52,9659.52,9569.47,9617.0,1307.398724
2020-05-14 17:45:00,9617.01,9630.64,9594.76,9621.81,597.209791
2020-05-14 18:00:00,9621.93,9623.64,9586.0,9622.5,596.197034
2020-05-14 18:15:00,9622.5,9664.18,9621.12,9644.99,778.48712
2020-05-14 18:30:00,9644.99,9668.33,9637.51,9660.2,483.121618
2020-05-14 18:45:00,9659.77,9683.44,9638.68,9677.21,482.968517
2020-05-14 19:00:00,9677.97,9712.8,9665.24,9698.29,985.713042
2020-05-14 19:15:00,9698.21,9713.28,9683.73,9690.59,585.033662
2020-05-14 19:30:00,9689.76,9723.04,9682.97,9703.05,739.717069
2020-05-14 19:45:00,9702.97,9713.71,9650.31,9660.0,598.80876
2020-05-14 20:00:00,9658.59,9666.63,9629.14,9646.87,705.570293
2020-05-14 20:15:00,9647.54,9850.0,9644.59,9817.0,3283.329314
2020-05-14 20:30:00,9819.06,9874.3,9599.84,9652.52,4325.142258
2020-05-14 20:45:00,9650.19,9673.01,9604.8,9655.88,951.724201
2020-05-14 21:00:00,9656.34,9663.99,9612.2,9643.49,598.451977
2020-05-14 21:15:00,9644.5,9668.41,9636.66,9658.0,529.590267
2020-05-14 21:30:00,9658.0,9751.39,9658.0,9730.0,1096.017603
2020-05-14 21:45:00,9729.74,9780.18,9728.81,9774.98,997.76461
2020-05-14 22:00:00,9775.24,9818.74,9731.04,9766.75,1589.62894
2020-05-14 22:15:00,9766.74,9814.28,9714.41,9738.64,900.036826
2020-05-14 22:30:00,9735.78,9780.0,9730.04,9764.5,563.287045
2020-05-14 22:45:00,9764.5,9779.15,9742.93,9750.94,358.015475
2020-05-14 23:00:00,9751.43,9782.0,9735.0,9767.06,629.624675
2020-05-14 23:15:00,9767.07,9815.0,9767.02,9806.18,752.132196
2020-05-14 23:30:00,9805.13,9850.32,9784.94,9791.78,1674.663036
2020-05-14 23:45:00,9791.79,9819.84,9767.13,9791.98,842.485245
2020-05-15 00:00:00,9791.97,9845.62,9748.0,9761.43,1429.846365
2020-05-15 00:15:00,9761.43,9769.43,9710.13,9737.09,1030.738705
2020-05-15 00:30:00,9736.09,9809.8,9733.08,9788.5,601.963433
2020-05-15 00:45:00,9788.26,9797.0,9755.51,9770.29,422.611245
2020-05-15 01:00:00,9769.57,9769.57,9735.01,9745.06,417.14838
2020-05-15 01:15:00,9745.06,9775.52,9728.66,9757.38,560.318018
2020-05-15 01:30:00,9757.38,9771.83,9730.17,9771.83,365.279501
2020-05-15 01:45:00,9771.3,9772.0,9720.09,9738.79,439.733717
2020-05-15 02:00:00,9738.78,9748.51,9658.0,9688.24,1364.178292
2020-05-15 02:15:00,9688.23,9688.24,9600.0,9637.19,2184.732369
2020-05-15 02:30:00,9637.09,9637.66,9256.12,9511.8,9825.540807
2020-05-15 02:45:00,9510.16,9540.0,9467.68,9490.21,2059.075149
2020-05-15 03:00:00,9490.1,9552.88,9432.0,9541.0,2553.33554
2020-05-15 03:15:00,9541.0,9563.02,9464.62,9487.59,1567.722605
2020-05-15 03:30:00,9487.53,9524.0,9463.3,9523.99,851.712242
2020-05-15 03:45:00,9523.99,9532.39,9471.27,9472.97,825.381511
2020-05-15 04:00:00,9472.97,9490.78,9451.0,9471.49,986.674418
2020-05-15 04:15:00,9471.03,9510.0,9460.77,9476.82,786.72865
2020-05-15 04:30:00,9476.34,9494.0,9460.0,9478.23,494.193071
2020-05-15 04:45:00,9478.23,9500.0,9436.02,9444.21,890.641879
2020-05-15 05:00:00,9445.7,9477.43,9420.0,9430.76,943.8583
2020-05-15 05:15:00,9430.29,9454.04,9370.38,9440.66,1962.496187
2020-05-15 05:30:00,9441.16,9480.0,9425.81,9473.18,781.85632
2020-05-15 05:45:00,9473.18,9525.01,9470.0,9505.34,1163.957698
2020-05-15 06:00:00,9505.34,9550.0,9496.93,9531.25,1092.364646
2020-05-15 06:15:00,9531.38,9554.0,9510.68,9549.78,833.223877
2020-05-15 06:30:00,9549.77,9551.48,9528.67,9540.67,390.255663
2020-05-15 06:45:00,9540.99,9548.0,9520.27,9548.0,558.230114
2020-05-15 07:00:00,9548.0,9635.55,9538.02,9624.85,1894.113856
2020-05-15 07:15:00,9623.41,9645.0,9593.14,9613.02,1026.252146
2020-05-15 07:30:00,9613.56,9692.0,9612.58,9675.66,1242.782659
2020-05-15 07:45:00,9675.66,9729.81,9647.3,9674.33,1986.885958
2020-05-15 08:00:00,9673.45,9710.0,9643.33,9684.75,1409.080627
2020-05-15 08:15:00,9683.51,9692.0,9627.74,9648.78,918.691894
2020-05-15 08:30:00,9649.34,9661.76,9604.38,9660.0,987.600131
2020-05-15 08:45:00,9659.43,9675.0,9615.99,9616.0,620.009656
2020-05-15 09:00:00,9616.0,9633.98,9544.0,9613.71,2017.776134
2020-05-15 09:15:00,9613.84,9647.65,9595.0,9635.02,523.883499
2020-05-15 09:30:00,9635.01,9656.25,9608.08,9611.99,594.90053
2020-05-15 09:45:00,9611.99,9634.45,9577.85,9610.52,732.756582
2020-05-15 10:00:00,9610.09,9611.49,9533.0,9551.44,1206.239393
2020-05-15 10:15:00,9551.26,9576.91,9515.0,9532.25,925.358224
2020-05-15 10:30:00,9532.8,9599.2,9480.0,9576.12,1493.164547
2020-05-15 10:45:00,9576.08,9627.37,9575.63,9587.14,896.42711
2020-05-15 11:00:00,9587.7,9605.84,9550.21,9585.48,852.4791
2020-05-15 11:15:00,9587.52,9650.0,9585.43,9650.0,1084.43696
2020-05-15 11:30:00,9650.0,9655.0,9612.17,9624.99,540.745086
2020-05-15 11:45:00,9625.0,9626.73,9579.34,9592.38,673.146747
2020-05-15 12:00:00,9593.53,9593.53,9539.32,9557.11,1317.473063
2020-05-15 12:15:00,9557.11,9579.78,9521.0,9522.93,871.135708
2020-05-15 12:30:00,9522.93,9560.0,9510.0,9540.0,972.885217
2020-05-15 12:45:00,9540.0,9572.4,9520.0,9520.13,726.127993
2020-05-15 13:00:00,9521.49,9557.98,9490.0,9555.04,1373.129482
2020-05-15 13:15:00,9555.24,9579.12,9554.2,9569.07,623.450074
2020-05-15 13:30:00,9569.08,9579.0,9536.67,9552.99,882.230718
2020-05-15 13:45:00,9551.6,9554.93,9532.78,9545.99,567.855104
2020-05-15 14:00:00,9545.54,9605.0,9545.49,9584.43,1119.417302
2020-05-15 14:15:00,9584.43,9588.88,9551.01,9570.95,571.286764
2020-05-15 14:30:00,9570.95,9616.65,9560.0,9594.61,759.000838
2020-05-15 14:45:00,9595.83,9612.84,9561.0,9568.02,696.667053
2020-05-15 15:00:00,9568.17,9570.81,9415.01,9510.55,3076.56493
2020-05-15 15:15:00,9510.62,9539.83,9469.22,9490.02,1032.714798
2020-05-15 15:30:00,9490.22,9500.0,9436.0,9468.57,1533.192674
2020-05-15 15:45:00,9468.57,9488.87,9413.93,9475.53,1592.953329
2020-05-15 16:00:00,9476.33,9517.01,9446.94,9472.18,1240.317517
2020-05-15 16:15:00,9472.18,9514.99,9468.23,9505.03,1067.653873
2020-05-15 16:30:00,9505.03,9507.86,9460.53,9474.4,525.590298
2020-05-15 16:45:00,9474.4,9508.0,9466.12,9470.72,780.990759
2020-05-15 17:00:00,9471.18,9475.09,9442.0,9470.01,1069.513169
2020-05-15 17:15:00,9470.0,9506.31,9464.5,9482.0,738.952074
2020-05-15 17:30:00,9482.0,9498.11,9459.0,9475.1,560.265856
2020-05-15 17:45:00,9475.27,9480.07,9451.69,9478.08,545.727719
2020-05-15 18:00:00,9478.01,9498.2,9475.02,9480.42,499.718527
2020-05-15 18:15:00,9480.52,9534.78,9480.42,9495.26,813.508036
2020-05-15 18:30:00,9495.29,9522.89,9487.8,9519.77,481.11406
2020-05-15 18:45:00,9519.77,9522.55,9488.41,9490.18,342.015245
2020-05-15 19:00:00,9490.35,9511.1,9443.62,9471.69,773.756745
2020-05-15 19:15:00,9471.69,9471.69,9331.66,9404.9,3142.431756
2020-05-15 19:30:00,9406.25,9420.0,9342.0,9347.63,1302.430118
2020-05-15 19:45:00,9346.25,9400.0,9333.25,9337.83,1177.425212
2020-05-15 20:00:00,9337.86,9393.1,9283.34,9386.07,2703.798724
2020-05-15 20:15:00,9386.08,9409.26,9355.0,9358.36,1169.614667
2020-05-15 20:30:00,9356.72,9369.84,9150.0,9217.7,5443.735174
2020-05-15 20:45:00,9217.7,9275.0,9186.0,9250.25,2806.385838
2020-05-15 21:00:00,9250.29,9296.11,9212.15,9212.3,1327.692976
2020-05-15 21:15:00,9214.12,9440.0,9211.1,9380.41,2043.282438
2020-05-15 21:30:00,9380.42,9404.44,9358.48,9395.85,782.199745
2020-05-15 21:45:00,9395.07,9455.18,9378.03,9419.98,1050.852294
2020-05-15 22:00:00,9419.98,9439.61,9371.04,9387.94,739.040431
2020-05-15 22:15:00,9387.95,9474.09,9386.22,9469.61,622.863415
2020-05-15 22:30:00,9469.62,9487.58,9438.65,9454.74,795.301861
2020-05-15 22:45:00,9454.28,9462.47,9340.43,9365.82,1137.366924
2020-05-15 23:00:00,9366.23,9395.0,9341.25,9370.0,535.079116
2020-05-15 23:15:00,9370.0,9395.83,9351.0,9366.24,733.045921
2020-05-15 23:30:00,9365.6,9393.0,9289.0,9318.24,788.883681
2020-05-15 23:45:00,9316.89,9320.61,9228.99,9316.42,1423.592759
2020-05-16 00:00:00,9315.96,9338.95,9220.0,9242.3,1331.84132
2020-05-16 00:15:00,9242.29,9292.17,9227.86,9282.41,772.095473
2020-05-16 00:30:00,9281.94,9398.0,9279.03,9359.28,1562.333176
2020-05-16 00:45:00,9359.42,9399.97,9359.42,9396.01,765.736364
2020-05-16 01:00:00,9396.01,9419.71,9370.07,9385.0,761.553386
2020-05-16 01:15:00,9387.09,9419.76,9361.72,9385.12,673.521224
2020-05-16 01:30:00,9384.87,9435.0,9367.49,9432.62,675.490234
2020-05-16 01:45:00,9431.64,9444.88,9403.93,9410.71,448.418131
2020-05-16 02:00:00,9410.71,9437.15,9382.41,9386.56,443.799204
2020-05-16 02:15:00,9386.56,9417.67,9384.0,9412.29,402.14212
2020-05-16 02:30:00,9412.6,9458.16,9409.05,9448.52,627.95169
2020-05-16 02:45:00,9448.51,9454.9,9426.08,9432.29,578.225839
2020-05-16 03:00:00,9432.3,9448.32,9415.19,9423.1,620.621603
2020-05-16 03:15:00,9423.42,9428.19,9394.94,9406.24,450.245032
2020-05-16 03:30:00,9406.44,9423.46,9390.3,9422.99,257.047589
2020-05-16 03:45:00,9422.99,9437.96,9405.0,9405.68,346.504088
2020-05-16 04:00:00,9405.68,9485.0,9396.82,9459.15,1142.228625
2020-05-16 04:15:00,9458.66,9474.1,9428.78,9436.52,386.19836
2020-05-16 04:30:00,9436.52,9466.06,9433.37,9455.0,493.618699
2020-05-16 04:45:00,9455.0,9499.97,9455.0,9495.42,619.07888
2020-05-16 05:00:00,9495.67,9539.85,9477.5,9539.33,986.122535
2020-05-16 05:15:00,9539.46,9588.0,9528.08,9555.01,1609.177666
2020-05-16 05:30:00,9555.01,9567.14,9458.43,9486.69,1374.569706
2020-05-16 05:45:00,9486.69,9491.92,9445.14,9459.32,662.984613
2020-05-16 06:00:00,9459.32,9482.87,9432.62,9444.63,582.36545
2020-05-16 06:15:00,9444.67,9469.99,9412.53,9463.77,605.716316
2020-05-16 06:30:00,9463.78,9475.49,9440.0,9453.24,305.660982
2020-05-16 06:45:00,9453.06,9483.68,9450.0,9470.08,284.067715
2020-05-16 07:00:00,9470.08,9510.0,9468.75,9476.05,545.04962
2020-05-16 07:15:00,9476.05,9476.05,9445.21,9457.07,447.911955
2020-05-16 07:30:00,9457.39,9459.7,9414.64,9440.85,564.723445
2020-05-16 07:45:00,9440.78,9442.9,9367.13,9390.02,929.330949
2020-05-16 08:00:00,9390.03,9402.74,9351.25,9379.83,954.623399
2020-05-16 08:15:00,9379.84,9438.73,9365.1,9409.67,651.596159
2020-05-16 08:30:00,9409.67,9425.0,9385.71,9396.71,465.425491
2020-05-16 08:45:00,9396.75,9431.03,9390.13,9423.39,542.88913
2020-05-16 09:00:00,9423.3,9434.94,9405.98,9415.0,340.356785
2020-05-16 09:15:00,9416.22,9417.99,9364.38,9366.31,603.508648
2020-05-16 09:30:00,9366.0,9405.72,9315.0,9394.99,867.116428
2020-05-16 09:45:00,9394.71,9424.0,9394.55,9415.71,416.729045
2020-05-16 10:00:00,9416.18,9424.87,9370.0,9384.19,397.412227
2020-05-16 10:15:00,9384.1,9416.0,9370.09,9413.33,689.373427
2020-05-16 10:30:00,9412.86,9430.0,9395.25,9416.46,404.790244
2020-05-16 10:45:00,9416.46,9458.0,9415.61,9455.0,660.209065
2020-05-16 11:00:00,9455.0,9458.0,9431.59,9432.96,475.085528
2020-05-16 11:15:00,9432.79,9443.8,9415.16,9442.94,300.695669
2020-05-16 11:30:00,9442.97,9447.14,9403.38,9422.01,352.155141
2020-05-16 11:45:00,9422.39,9427.01,9382.86,9414.53,493.006134
2020-05-16 12:00:00,9414.54,9450.0,9404.0,9450.0,633.484545
2020-05-16 12:15:00,9450.0,9500.0,9444.79,9489.66,1275.97263
2020-05-16 12:30:00,9489.35,9499.0,9445.63,9465.92,663.033036
2020-05-16 12:45:00,9465.18,9488.67,9448.11,9471.45,412.991476
2020-05-16 13:00:00,9471.44,9534.85,9471.44,9501.07,1055.791346
2020-05-16 13:15:00,9501.37,9505.0,9436.14,9456.01,1744.970513
2020-05-16 13:30:00,9456.82,9467.05,9433.0,9437.5,798.759803
2020-05-16 13:45:00,9437.5,9461.78,9425.0,9452.42,438.016438
2020-05-16 14:00:00,9452.42,9493.39,9452.42,9479.1,498.339482
2020-05-16 14:15:00,9479.1,9480.45,9435.0,9443.7,487.786316
2020-05-16 14:30:00,9443.7,9458.39,9400.0,9427.39,781.79286
2020-05-16 14:45:00,9427.39,9432.57,9400.0,9432.31,428.457344
2020-05-16 15:00:00,9432.31,9440.0,9400.0,9412.28,523.133457
2020-05-16 15:15:00,9412.28,9435.0,9411.19,9419.23,266.873773
2020-05-16 15:30:00,9419.42,9424.17,9362.52,9384.2,929.51691
2020-05-16 15:45:00,9384.67,9393.64,9330.0,9380.75,1209.107844
2020-05-16 16:00:00,9380.42,9419.0,9354.94,9406.59,748.971893
2020-05-16 16:15:00,9406.33,9410.0,9362.83,9371.88,502.017583
2020-05-16 16:30:00,9371.34,9371.47,9320.0,9349.99,1280.142803
2020-05-16 16:45:00,9349.65,9400.0,9342.0,9385.72,715.214526
2020-05-16 17:00:00,9385.26,9408.66,9370.56,9395.51,458.029483
2020-05-16 17:15:00,9395.92,9397.79,9350.6,9364.06,343.299965
2020-05-16 17:30:00,9363.71,9395.26,9360.0,9374.18,517.302483
2020-05-16 17:45:00,9374.19,9379.54,9291.0,9322.26,1236.459912
2020-05-16 18:00:00,9321.8,9346.89,9293.01,9331.01,657.244038
2020-05-16 18:15:00,9331.02,9347.25,9290.49,9320.29,573.807272
2020-05-16 18:30:00,9318.34,9319.32,9262.0,9283.89,1258.168865
2020-05-16 18:45:00,9283.15,9311.04,9265.92,9286.87,606.629489
2020-05-16 19:00:00,9286.96,9319.13,9268.0,9299.15,437.569388
2020-05-16 19:15:00,9299.15,9336.85,9292.24,9331.77,513.241073
2020-05-16 19:30:00,9331.77,9350.0,9320.0,9348.0,471.266615
2020-05-16 19:45:00,9348.67,9353.32,9328.03,9329.78,301.195022
2020-05-16 20:00:00,9329.78,9329.99,9300.0,9305.84,363.460495
2020-05-16 20:15:00,9307.06,9350.0,9294.17,9349.89,383.081908
2020-05-16 20:30:00,9349.89,9392.78,9336.12,9386.98,712.729724
2020-05-16 20:45:00,9386.01,9390.93,9375.0,9383.0,273.989689
2020-05-16 21:00:00,9382.72,9425.96,9366.49,9374.82,605.862084
2020-05-16 21:15:00,9374.57,9399.0,9355.0,9363.73,302.049233
2020-05-16 21:30:00,9363.77,9385.49,9354.0,9365.68,300.596703
2020-05-16 21:45:00,9365.69,9390.09,9365.0,9381.88,215.343706
2020-05-16 22:00:00,9381.88,9385.25,9360.56,9381.72,282.079185
2020-05-16 22:15:00,9382.17,9395.99,9377.26,9390.0,235.415113
2020-05-16 22:30:00,9390.0,9419.36,9372.27,9399.93,452.644487
2020-05-16 22:45:00,9399.93,9442.98,9392.0,9421.67,664.773386
2020-05-16 23:00:00,9421.69,9436.63,9402.05,9404.99,291.724704
2020-05-16 23:15:00,9406.27,9432.06,9403.5,9411.79,254.82845
2020-05-16 23:30:00,9411.79,9413.77,9372.04,9384.16,353.554066
2020-05-16 23:45:00,9384.03,9391.05,9363.39,9381.27,255.602237
2020-05-17 00:00:00,9380.81,9380.83,9322.1,9372.34,774.922901
2020-05-17 00:15:00,9372.35,9426.55,9360.41,9421.34,431.734361
2020-05-17 00:30:00,9422.56,9498.0,9417.0,9471.58,1802.195296
2020-05-17 00:45:00,9471.58,9507.0,9463.0,9480.0,799.625029
2020-05-17 01:00:00,9480.0,9483.67,9432.04,9468.0,558.890576
2020-05-17 01:15:00,9466.94,9520.0,9466.87,9505.66,992.988884
2020-05-17 01:30:00,9505.64,9521.53,9480.0,9480.0,592.881094
2020-05-17 01:45:00,9480.0,9505.12,9470.25,9471.78,468.827645
2020-05-17 02:00:00,9471.67,9520.27,9470.0,9518.01,425.057068
2020-05-17 02:15:00,9517.55,9555.1,9516.17,9528.04,1048.81486
2020-05-17 02:30:00,9528.54,9552.89,9519.49,9523.0,360.894542
2020-05-17 02:45:00,9523.01,9536.91,9509.52,9512.99,300.62672
2020-05-17 03:00:00,9512.53,9523.19,9493.13,9513.92,366.982046
2020-05-17 03:15:00,9514.05,9549.22,9500.0,9543.14,345.238348
2020-05-17 03:30:00,9542.6,9571.67,9529.83,9566.54,942.395987
2020-05-17 03:45:00,9566.54,9579.16,9538.93,9545.58,580.515948
2020-05-17 04:00:00,9544.49,9573.63,9517.01,9521.33,514.342422
2020-05-17 04:15:00,9521.33,9550.0,9515.0,9543.96,336.24743
2020-05-17 04:30:00,9544.45,9547.77,9511.52,9514.0,337.87483
2020-05-17 04:45:00,9514.0,9537.38,9506.92,9508.11,318.464235
2020-05-17 05:00:00,9508.1,9531.67,9507.14,9530.0,211.373409
2020-05-17 05:15:00,9530.0,9532.94,9508.19,9512.69,264.131357
2020-05-17 05:30:00,9511.99,9518.8,9484.9,9494.0,509.041839
2020-05-17 05:45:00,9493.99,9508.19,9475.0,9495.0,406.448081
2020-05-17 06:00:00,9495.0,9518.09,9495.0,9512.29,278.57572
2020-05-17 06:15:00,9512.28,9533.82,9504.3,9522.94,328.802689
2020-05-17 06:30:00,9523.04,9555.0,9523.0,9544.42,414.538991
2020-05-17 06:45:00,9543.67,9554.99,9537.44,9548.45,341.746933
2020-05-17 07:00:00,9549.28,9567.85,9530.01,9532.49,684.22338
2020-05-17 07:15:00,9532.19,9543.08,9512.42,9516.88,497.030013
2020-05-17 07:30:00,9516.88,9540.0,9506.2,9523.2,326.475649
2020-05-17 07:45:00,9523.99,9549.0,9517.52,9540.99,281.197527
2020-05-17 08:00:00,9540.98,9554.73,9515.0,9516.15,413.072034
2020-05-17 08:15:00,9516.16,9523.3,9481.26,9503.0,614.712142
2020-05-17 08:30:00,9503.0,9525.04,9482.79,9522.56,454.559349
2020-05-17 08:45:00,9521.94,9522.23,9480.04,9491.0,306.033192
2020-05-17 09:00:00,9491.01,9501.75,9478.0,9494.25,358.859325
2020-05-17 09:15:00,9492.49,9507.59,9436.0,9496.6,635.534531
2020-05-17 09:30:00,9495.65,9514.95,9489.21,9493.99,342.355744
2020-05-17 09:45:00,9494.36,9506.76,9486.0,9491.73,341.439813
2020-05-17 10:00:00,9491.01,9529.89,9491.0,9520.03,397.681685
2020-05-17 10:15:00,9520.04,9535.81,9516.15,9529.04,316.187919
2020-05-17 10:30:00,9529.31,9534.04,9510.5,9513.14,284.076572
2020-05-17 10:45:00,9512.0,9538.36,9510.64,9531.1,312.471055
2020-05-17 11:00:00,9531.0,9535.49,9505.0,9505.17,405.27488
2020-05-17 11:15:00,9505.0,9518.24,9493.01,9514.33,541.471248
2020-05-17 11:30:00,9513.96,9520.0,9497.12,9502.05,341.061906
2020-05-17 11:45:00,9502.69,9530.0,9501.0,9522.08,234.839027
2020-05-17 12:00:00,9522.5,9689.0,9521.45,9682.36,3397.404068
2020-05-17 12:15:00,9682.35,9749.97,9680.31,9736.65,3313.891132
2020-05-17 12:30:00,9736.64,9754.0,9698.45,9735.94,1783.30393
2020-05-17 12:45:00,9735.94,9774.95,9710.0,9767.5,1198.424776
2020-05-17 13:00:00,9768.75,9787.0,9682.01,9701.7,1900.999975
2020-05-17 13:15:00,9702.14,9736.4,9700.1,9729.99,804.547223
2020-05-17 13:30:00,9729.99,9733.92,9701.51,9714.97,637.239597
2020-05-17 13:45:00,9714.8,9750.96,9705.01,9744.99,1118.864418
2020-05-17 14:00:00,9745.0,9770.0,9723.0,9724.89,828.525299
2020-05-17 14:15:00,9724.89,9763.74,9724.89,9756.69,512.872828
2020-05-17 14:30:00,9757.14,9770.0,9733.66,9739.92,551.552302
2020-05-17 14:45:00,9739.92,9822.0,9738.64,9809.91,2371.532931
2020-05-17 15:00:00,9811.18,9888.0,9808.0,9839.03,3089.221144
2020-05-17 15:15:00,9840.64,9851.31,9791.63,9828.26,1751.315955
2020-05-17 15:30:00,9828.94,9829.9,9764.07,9781.0,1548.617182
2020-05-17 15:45:00,9781.01,9826.0,9773.0,9822.32,940.870317
2020-05-17 16:00:00,9822.64,9840.0,9793.06,9813.29,1064.82072
2020-05-17 16:15:00,9813.29,9815.09,9780.2,9784.03,479.629272
2020-05-17 16:30:00,9784.02,9805.85,9721.77,9742.22,1500.544892
2020-05-17 16:45:00,9740.49,9756.46,9685.0,9739.0,1366.483958
2020-05-17 17:00:00,9739.0,9754.68,9713.71,9750.0,592.879449
2020-05-17 17:15:00,9750.0,9761.37,9726.02,9751.14,411.046461
2020-05-17 17:30:00,9750.36,9770.98,9736.12,9745.22,410.772091
2020-05-17 17:45:00,9746.03,9768.76,9735.38,9759.99,235.757473
2020-05-17 18:00:00,9760.0,9763.99,9745.01,9745.24,307.144552
2020-05-17 18:15:00,9745.02,9757.0,9735.0,9737.75,337.332418
2020-05-17 18:30:00,9737.82,9737.99,9705.0,9715.01,590.085059
2020-05-17 18:45:00,9715.06,9763.7,9712.0,9749.98,410.903443
2020-05-17 19:00:00,9749.98,9761.0,9730.55,9737.63,331.807986
2020-05-17 19:15:00,9737.65,9759.93,9727.86,9752.08,292.295585
2020-05-17 19:30:00,9752.09,9791.95,9749.25,9771.76,732.699348
2020-05-17 19:45:00,9771.75,9787.71,9762.0,9771.0,333.955755
2020-05-17 20:00:00,9771.29,9772.35,9741.95,9750.71,519.547105
2020-05-17 20:15:00,9750.7,9752.26,9722.96,9740.88,275.997862
2020-05-17 20:30:00,9740.5,9762.17,9728.82,9761.24,300.54917
2020-05-17 20:45:00,9761.07,9763.53,9740.01,9740.14,246.005926
2020-05-17 21:00:00,9741.62,9781.8,9738.25,9765.35,321.44106
2020-05-17 21:15:00,9765.74,9798.49,9763.45,9768.0,355.246153
2020-05-17 21:30:00,9768.04,9786.79,9765.66,9770.0,310.450239
2020-05-17 21:45:00,9770.0,9772.46,9745.0,9764.52,327.916297
2020-05-17 22:00:00,9764.62,9765.58,9619.3,9654.22,2485.431875
2020-05-17 22:15:00,9654.21,9686.38,9595.2,9660.0,1704.364542
2020-05-17 22:30:00,9660.0,9714.91,9650.0,9693.28,915.880145
2020-05-17 22:45:00,9693.28,9715.4,9670.17,9689.31,520.548592
2020-05-17 23:00:00,9689.31,9717.04,9666.67,9715.01,479.430307
2020-05-17 23:15:00,9715.0,9729.88,9689.94,9689.94,652.113406
2020-05-17 23:30:00,9689.88,9703.91,9657.91,9685.09,575.968602
2020-05-17 23:45:00,9685.09,9695.77,9660.0,9680.04,366.795271
2020-05-18 00:00:00,9681.11,9768.83,9680.13,9755.96,1215.783835
2020-05-18 00:15:00,9755.96,9788.46,9736.85,9768.46,1050.467107
2020-05-18 00:30:00,9769.96,9770.13,9737.35,9747.06,500.045515
2020-05-18 00:45:00,9747.03,9781.12,9745.83,9778.38,423.133104
2020-05-18 01:00:00,9778.34,9860.0,9757.54,9860.0,1685.263848
2020-05-18 01:15:00,9859.2,9940.0,9842.36,9922.72,4739.454649
2020-05-18 01:30:00,9923.32,9950.0,9885.0,9913.0,3432.719401
2020-05-18 01:45:00,9913.0,9930.0,9869.49,9902.1,1076.68377
2020-05-18 02:00:00,9902.62,9926.0,9853.9,9873.87,958.163104
2020-05-18 02:15:00,9873.87,9890.59,9827.79,9850.3,922.079019
2020-05-18 02:30:00,9851.47,9894.74,9847.67,9884.44,596.970568
2020-05-18 02:45:00,9886.14,9900.0,9858.83,9870.05,622.667942
2020-05-18 03:00:00,9870.05,9891.0,9845.0,9881.72,676.832099
2020-05-18 03:15:00,9881.71,9886.88,9855.46,9864.77,445.351332
2020-05-18 03:30:00,9863.87,9874.01,9816.27,9853.94,722.140714
2020-05-18 03:45:00,9853.86,9865.37,9832.01,9860.51,412.327089
2020-05-18 04:00:00,9860.51,9910.0,9830.0,9890.0,1321.065308
2020-05-18 04:15:00,9890.0,9906.04,9855.55,9863.34,802.895401
2020-05-18 04:30:00,9862.17,9875.38,9847.45,9872.11,644.047263
2020-05-18 04:45:00,9872.1,9892.95,9865.09,9866.83,512.901226
2020-05-18 05:00:00,9866.4,9876.17,9851.56,9875.25,364.730652
2020-05-18 05:15:00,9875.24,9892.26,9863.73,9887.06,398.399277
2020-05-18 05:30:00,9887.54,9902.87,9860.38,9864.06,582.875079
2020-05-18 05:45:00,9864.06,9880.92,9860.0,9861.07,480.717846
2020-05-18 06:00:00,9861.32,9884.54,9730.0,9801.86,2256.139891
2020-05-18 06:15:00,9803.99,9818.18,9761.8,9816.84,995.283981
2020-05-18 06:30:00,9816.79,9820.0,9776.67,9797.32,700.803565
2020-05-18 06:45:00,9797.3,9799.9,9755.04,9778.89,918.456328
2020-05-18 07:00:00,9778.9,9800.0,9750.0,9795.2,613.916828
2020-05-18 07:15:00,9795.2,9809.0,9783.18,9800.57,425.719939
2020-05-18 07:30:00,9800.57,9802.0,9757.07,9783.62,538.107193
2020-05-18 07:45:00,9783.43,9790.6,9735.6,9785.71,583.57311
2020-05-18 08:00:00,9785.7,9790.9,9760.0,9786.24,441.578015
2020-05-18 08:15:00,9786.25,9796.91,9764.88,9783.95,605.721871
2020-05-18 08:30:00,9783.96,9788.0,9665.0,9706.29,1792.304641
2020-05-18 08:45:00,9706.29,9708.58,9464.23,9591.54,6696.243631
2020-05-18 09:00:00,9591.57,9616.43,9557.36,9605.0,1513.197839
2020-05-18 09:15:00,9604.99,9605.0,9565.5,9599.99,1076.605929
2020-05-18 09:30:00,9599.58,9600.0,9572.0,9572.26,682.113234
2020-05-18 09:45:00,9573.0,9590.1,9541.34,9579.11,1144.44058
2020-05-18 10:00:00,9579.1,9606.22,9566.96,9603.73,825.615708
2020-05-18 10:15:00,9603.72,9658.26,9600.0,9640.36,1449.250528
2020-05-18 10:30:00,9641.4,9666.66,9625.05,9641.47,969.953448
2020-05-18 10:45:00,9640.61,9652.49,9610.07,9628.39,628.806952
2020-05-18 11:00:00,9629.24,9714.95,9627.63,9662.59,1089.4567
2020-05-18 11:15:00,9662.58,9675.92,9642.45,9652.04,512.5125
2020-05-18 11:30:00,9653.31,9655.0,9625.0,9643.5,677.383621
2020-05-18 11:45:00,9643.07,9665.6,9630.0,9634.89,762.868856
2020-05-18 12:00:00,9634.89,9647.64,9582.22,9604.15,1309.322385
2020-05-18 12:15:00,9604.16,9636.0,9595.02,9596.2,631.224711
2020-05-18 12:30:00,9595.22,9634.44,9565.1,9634.11,574.383152
2020-05-18 12:45:00,9634.43,9670.0,9634.0,9665.0,730.541084
2020-05-18 13:00:00,9665.0,9685.7,9642.29,9668.92,705.170262
2020-05-18 13:15:00,9669.31,9694.04,9652.66,9658.83,988.650286
2020-05-18 13:30:00,9658.83,9685.01,9656.51,9658.25,580.877078
2020-05-18 13:45:00,9658.24,9674.88,9638.64,9661.96,611.77909
2020-05-18 14:00:00,9661.97,9730.0,9631.82,9720.0,1120.49759
2020-05-18 14:15:00,9720.0,9730.0,9692.04,9718.71,757.773758
2020-05-18 14:30:00,9718.72,9735.0,9702.25,9711.31,658.657687
2020-05-18 14:45:00,9711.64,9713.69,9678.0,9708.56,568.515849
2020-05-18 15:00:00,9708.5,9718.41,9684.55,9699.71,538.847259
2020-05-18 15:15:00,9699.11,9723.0,9687.48,9691.59,508.94716
2020-05-18 15:30:00,9691.35,9694.83,9639.74,9675.69,978.249523
2020-05-18 15:45:00,9675.76,9699.4,9644.16,9670.96,637.818624
2020-05-18 16:00:00,9670.97,9710.0,9660.0,9697.18,931.931937
2020-05-18 16:15:00,9696.92,9698.24,9608.2,9646.49,1291.671901
2020-05-18 16:30:00,9646.49,9648.5,9601.03,9635.52,737.310971
2020-05-18 16:45:00,9635.91,9665.0,9632.86,9638.43,596.169704
2020-05-18 17:00:00,9638.42,9659.13,9625.16,9634.7,384.543483
2020-05-18 17:15:00,9635.13,9648.08,9614.47,9619.13,516.78711
2020-05-18 17:30:00,9618.67,9618.67,9564.28,9582.15,1347.41736
2020-05-18 17:45:00,9582.15,9629.54,9550.01,9625.07,819.941168
2020-05-18 18:00:00,9625.07,9650.0,9613.0,9646.99,560.513654
2020-05-18 18:15:00,9644.98,9646.39,9619.61,9628.34,332.81236
2020-05-18 18:30:00,9629.1,9640.0,9613.66,9625.1,263.32966
2020-05-18 18:45:00,9625.1,9671.85,9617.29,9657.86,504.714102
2020-05-18 19:00:00,9657.86,9685.0,9657.85,9679.93,528.600812
2020-05-18 19:15:00,9679.98,9720.0,9672.64,9710.0,1357.562049
2020-05-18 19:30:00,9710.0,9718.95,9681.54,9697.94,625.746628
2020-05-18 19:45:00,9696.58,9713.76,9684.04,9701.7,445.850261
2020-05-18 20:00:00,9701.7,9720.0,9671.88,9677.0,417.878011
2020-05-18 20:15:00,9676.18,9692.95,9658.56,9682.62,284.504201
2020-05-18 20:30:00,9682.63,9684.7,9650.0,9667.25,269.641436
2020-05-18 20:45:00,9667.24,9693.83,9665.0,9685.78,363.959596
2020-05-18 21:00:00,9685.79,9687.89,9673.65,9679.99,166.469494
2020-05-18 21:15:00,9679.97,9726.86,9679.92,9710.59,502.134324
2020-05-18 21:30:00,9711.51,9725.0,9695.46,9712.14,408.801291
2020-05-18 21:45:00,9711.13,9716.0,9681.59,9686.23,225.975027
2020-05-18 22:00:00,9686.23,9714.17,9666.67,9707.88,262.494941
2020-05-18 22:15:00,9708.78,9747.35,9706.44,9745.41,727.053981
2020-05-18 22:30:00,9745.0,9747.0,9716.35,9729.87,255.877717
2020-05-18 22:45:00,9729.99,9745.63,9705.46,9723.88,426.722753
2020-05-18 23:00:00,9723.79,9755.0,9695.51,9714.06,978.98078
2020-05-18 23:15:00,9714.06,9740.88,9710.0,9735.99,363.063013
2020-05-18 23:30:00,9736.17,9748.59,9714.01,9719.19,480.398879
2020-05-18 23:45:00,9718.5,9741.64,9717.31,9733.93,238.719445
2020-05-19 00:00:00,9733.93,9742.95,9625.0,9658.25,1464.866107
2020-05-19 00:15:00,9658.4,9664.83,9583.15,9592.03,1581.451239
2020-05-19 00:30:00,9592.89,9634.6,9574.06,9630.68,1091.674998
2020-05-19 00:45:00,9631.57,9643.32,9606.64,9640.01,414.924861
2020-05-19 01:00:00,9640.0,9655.0,9625.0,9633.14,416.077746
2020-05-19 01:15:00,9633.15,9651.12,9630.05,9637.26,220.455255
2020-05-19 01:30:00,9637.27,9661.92,9626.0,9647.39,348.872285
2020-05-19 01:45:00,9647.72,9667.89,9646.75,9651.27,368.540507
2020-05-19 02:00:00,9651.67,9655.71,9591.0,9591.0,731.210401
2020-05-19 02:15:00,9591.01,9627.0,9535.0,9611.75,1468.983001
2020-05-19 02:30:00,9611.75,9625.0,9575.0,9590.37,505.26978
2020-05-19 02:45:00,9590.37,9620.68,9565.0,9612.43,622.687592
2020-05-19 03:00:00,9612.43,9630.0,9600.0,9612.26,466.446446
2020-05-19 03:15:00,9612.25,9634.0,9605.0,9608.78,427.342199
2020-05-19 03:30:00,9607.96,9610.92,9575.0,9578.84,524.434068
2020-05-19 03:45:00,9578.88,9594.35,9493.03,9530.0,2102.086224
2020-05-19 04:00:00,9530.51,9555.64,9474.0,9517.46,1487.565666
2020-05-19 04:15:00,9515.94,9557.39,9515.94,9553.49,601.900122
2020-05-19 04:30:00,9553.49,9579.58,9545.0,9546.78,591.172079
2020-05-19 04:45:00,9546.79,9566.95,9529.93,9537.78,605.691921
2020-05-19 05:00:00,9536.82,9579.25,9535.81,9559.82,569.985035
2020-05-19 05:15:00,9559.81,9575.0,9526.38,9528.01,494.629323
2020-05-19 05:30:00,9528.02,9593.0,9527.64,9586.75,515.698323
2020-05-19 05:45:00,9586.75,9607.68,9581.28,9603.09,681.374787
2020-05-19 06:00:00,9603.09,9618.0,9585.0,9593.67,388.390542
2020-05-19 06:15:00,9593.67,9606.42,9582.86,9595.0,261.317905
2020-05-19 06:30:00,9594.99,9625.0,9593.48,9594.78,483.075996
2020-05-19 06:45:00,9594.78,9605.39,9584.35,9585.97,354.126389
2020-05-19 07:00:00,9586.18,9622.44,9580.93,9613.04,470.75631
2020-05-19 07:15:00,9613.05,9618.75,9585.71,9593.04,346.048926
2020-05-19 07:30:00,9593.04,9608.63,9588.79,9594.12,380.241885
2020-05-19 07:45:00,9594.11,9599.0,9550.0,9573.99,679.454361
2020-05-19 08:00:00,9573.99,9722.12,9570.11,9698.14,2624.883183
2020-05-19 08:15:00,9698.25,9820.0,9697.25,9780.0,3764.233689
2020-05-19 08:30:00,9780.0,9829.0,9761.0,9810.42,2093.772625
2020-05-19 08:45:00,9810.42,9829.0,9786.12,9803.94,1554.570706
2020-05-19 09:00:00,9804.07,9820.0,9768.0,9781.9,1569.07887
2020-05-19 09:15:00,9781.89,9791.94,9768.63,9783.14,840.977911
2020-05-19 09:30:00,9782.94,9808.55,9782.9,9795.14,907.807924
2020-05-19 09:45:00,9795.14,9813.99,9777.07,9792.0,793.144085
2020-05-19 10:00:00,9792.0,9799.0,9756.0,9767.41,793.845345
2020-05-19 10:15:00,9767.41,9795.0,9767.41,9794.0,609.026988
2020-05-19 10:30:00,9794.07,9806.59,9778.49,9792.28,697.076353
2020-05-19 10:45:00,9792.27,9800.0,9778.53,9792.99,401.832487
2020-05-19 11:00:00,9792.99,9820.0,9788.93,9820.0,857.733212
2020-05-19 11:15:00,9820.0,9897.21,9734.0,9773.19,3999.602923
2020-05-19 11:30:00,9772.98,9798.18,9747.02,9762.47,1414.437696
2020-05-19 11:45:00,9763.32,9780.0,9696.0,9751.98,1418.391572
2020-05-19 12:00:00,9752.24,9762.0,9625.0,9656.97,2325.049588
2020-05-19 12:15:00,9658.22,9690.0,9632.0,9671.69,1287.688509
2020-05-19 12:30:00,9672.27,9694.99,9561.0,9620.96,2625.148555
2020-05-19 12:45:00,9620.05,9648.45,9605.59,9619.54,971.530329
2020-05-19 13:00:00,9619.53,9662.93,9610.0,9640.4,776.850537
2020-05-19 13:15:00,9640.41,9687.49,9623.02,9671.94,757.917951
2020-05-19 13:30:00,9671.47,9686.6,9605.01,9642.04,2624.903368
2020-05-19 13:45:00,9643.97,9675.0,9591.13,9673.25,876.31189
2020-05-19 14:00:00,9672.85,9720.0,9670.68,9698.17,1749.841368
2020-05-19 14:15:00,9698.28,9736.73,9690.54,9696.7,695.665742
2020-05-19 14:30:00,9696.7,9712.76,9670.0,9670.0,612.644958
2020-05-19 14:45:00,9670.0,9702.0,9666.0,9696.78,444.428221
2020-05-19 15:00:00,9696.88,9733.0,9646.69,9722.8,1003.939243
2020-05-19 15:15:00,9722.97,9736.83,9702.59,9713.22,597.173171
2020-05-19 15:30:00,9713.23,9721.0,9682.53,9688.76,378.223158
2020-05-19 15:45:00,9689.98,9692.43,9652.88,9687.06,546.754535
2020-05-19 16:00:00,9687.06,9722.3,9665.8,9717.57,469.297929
2020-05-19 16:15:00,9717.56,9729.35,9704.02,9722.0,466.765235
2020-05-19 16:30:00,9721.9,9725.0,9686.91,9694.81,369.33283
2020-05-19 16:45:00,9694.81,9700.0,9675.0,9692.75,291.247881
2020-05-19 17:00:00,9693.03,9714.85,9665.73,9670.14,608.31086
2020-05-19 17:15:00,9669.56,9685.0,9663.0,9663.0,389.075901
2020-05-19 17:30:00,9663.0,9668.0,9622.33,9652.9,836.53615
2020-05-19 17:45:00,9653.2,9677.0,9652.0,9658.97,255.585538
2020-05-19 18:00:00,9659.5,9695.0,9646.07,9681.8,426.231447
2020-05-19 18:15:00,9681.77,9692.97,9676.13,9690.58,251.442322
2020-05-19 18:30:00,9690.61,9715.0,9685.92,9710.24,430.131829
2020-05-19 18:45:00,9710.23,9718.43,9692.19,9698.03,420.698062
2020-05-19 19:00:00,9697.9,9718.0,9680.08,9686.14,478.570242
2020-05-19 19:15:00,9686.13,9693.33,9659.31,9671.96,527.24275
2020-05-19 19:30:00,9671.96,9684.7,9657.0,9678.15,486.310345
2020-05-19 19:45:00,9678.15,9686.78,9636.88,9644.13,465.950494
2020-05-19 20:00:00,9644.92,9666.0,9638.0,9651.13,483.430721
2020-05-19 20:15:00,9651.19,9665.01,9620.49,9655.18,555.177698
2020-05-19 20:30:00,9655.18,9679.91,9652.75,9676.5,297.008686
2020-05-19 20:45:00,9676.92,9701.0,9664.27,9692.04,393.382942
2020-05-19 21:00:00,9692.04,9698.2,9669.72,9672.54,309.243588
2020-05-19 21:15:00,9671.86,9695.37,9670.0,9695.11,167.708014
2020-05-19 21:30:00,9695.15,9700.0,9680.01,9680.31,240.908212
2020-05-19 21:45:00,9680.27,9685.99,9658.46,9683.83,196.912354
2020-05-19 22:00:00,9683.83,9687.0,9661.67,9670.0,278.525691
2020-05-19 22:15:00,9670.01,9710.13,9656.81,9704.12,434.795728
2020-05-19 22:30:00,9704.12,9739.5,9704.12,9735.66,709.025066
2020-05-19 22:45:00,9735.86,9770.0,9735.86,9756.12,997.301152
2020-05-19 23:00:00,9756.12,9772.41,9703.44,9732.02,606.764465
2020-05-19 23:15:00,9732.02,9745.91,9710.05,9734.04,283.734002
2020-05-19 23:30:00,9734.04,9755.0,9717.03,9751.93,272.299051
2020-05-19 23:45:00,9751.93,9794.0,9742.01,9775.53,859.574298
2020-05-20 00:00:00,9775.13,9795.9,9753.35,9762.45,957.388699
2020-05-20 00:15:00,9763.72,9800.0,9755.94,9759.99,671.63397
2020-05-20 00:30:00,9759.99,9773.17,9734.68,9759.43,472.603687
2020-05-20 00:45:00,9759.43,9763.93,9721.83,9742.61,411.964164
2020-05-20 01:00:00,9741.85,9768.55,9740.84,9751.57,289.866988
2020-05-20 01:15:00,9751.1,9760.14,9730.3,9760.14,287.762138
2020-05-20 01:30:00,9760.14,9769.0,9747.32,9748.93,382.448573
2020-05-20 01:45:00,9748.92,9758.23,9739.0,9744.35,273.697073
2020-05-20 02:00:00,9744.35,9749.07,9710.14,9718.14,341.343328
2020-05-20 02:15:00,9717.83,9735.62,9710.68,9731.99,356.484111
2020-05-20 02:30:00,9731.99,9731.99,9707.0,9722.32,469.569715
2020-05-20 02:45:00,9722.32,9742.92,9720.96,9736.04,349.729355
2020-05-20 03:00:00,9736.04,9771.39,9731.18,9761.58,485.095644
2020-05-20 03:15:00,9761.58,9765.0,9749.21,9757.43,283.77221
2020-05-20 03:30:00,9757.49,9774.99,9746.57,9752.93,443.716489
2020-05-20 03:45:00,9752.86,9765.24,9715.79,9724.4,469.285038
2020-05-20 04:00:00,9724.09,9729.86,9696.56,9727.77,445.152093
2020-05-20 04:15:00,9727.76,9750.0,9717.0,9744.51,491.368436
2020-05-20 04:30:00,9744.52,9752.61,9730.77,9736.14,253.557637
2020-05-20 04:45:00,9736.14,9746.59,9726.0,9735.3,243.119489
2020-05-20 05:00:00,9735.45,9754.74,9731.51,9750.0,204.000384
2020-05-20 05:15:00,9750.0,9750.0,9722.87,9729.9,213.180327
2020-05-20 05:30:00,9729.89,9740.08,9715.89,9738.23,244.38669
2020-05-20 05:45:00,9738.78,9754.36,9731.87,9754.36,348.895227
2020-05-20 06:00:00,9754.36,9794.0,9735.11,9792.04,709.534687
2020-05-20 06:15:00,9792.04,9813.0,9786.35,9801.43,1018.090183
2020-05-20 06:30:00,9801.43,9842.0,9730.0,9742.46,1798.173534
2020-05-20 06:45:00,9743.69,9763.15,9651.0,9724.39,2083.558469
2020-05-20 07:00:00,9724.39,9749.0,9701.36,9733.9,691.603475
2020-05-20 07:15:00,9734.12,9788.0,9728.7,9767.2,1041.665033
2020-05-20 07:30:00,9767.21,9788.04,9761.61,9767.44,572.635274
2020-05-20 07:45:00,9767.45,9781.0,9760.89,9764.51,510.98272
2020-05-20 08:00:00,9764.51,9797.96,9741.0,9796.34,657.650805
2020-05-20 08:15:00,9796.41,9799.99,9754.0,9771.01,887.248993
2020-05-20 08:30:00,9770.94,9793.23,9770.0,9792.71,517.592525
2020-05-20 08:45:00,9792.71,9795.76,9772.57,9780.0,468.015837
2020-05-20 09:00:00,9780.0,9793.83,9766.21,9768.44,457.841616
2020-05-20 09:15:00,9768.47,9782.7,9756.8,9772.0,373.261437
2020-05-20 09:30:00,9772.0,9774.15,9746.5,9766.99,416.152731
2020-05-20 09:45:00,9766.99,9798.61,9756.27,9788.27,570.631624
2020-05-20 10:00:00,9788.27,9810.0,9767.01,9781.89,804.379712
2020-05-20 10:15:00,9781.88,9783.02,9726.41,9759.24,765.27214
2020-05-20 10:30:00,9759.28,9774.17,9744.09,9760.71,440.989372
2020-05-20 10:45:00,9760.24,9780.0,9759.21,9774.98,411.761294
2020-05-20 11:00:00,9774.98,9780.69,9750.76,9752.93,379.210005
2020-05-20 11:15:00,9753.3,9761.54,9736.0,9740.42,506.186271
2020-05-20 11:30:00,9740.43,9758.8,9723.13,9756.27,571.333128
2020-05-20 11:45:00,9756.38,9757.99,9715.0,9731.21,532.545391
2020-05-20 12:00:00,9731.22,9752.61,9721.34,9722.66,534.078684
2020-05-20 12:15:00,9722.85,9760.0,9722.01,9756.81,552.608478
2020-05-20 12:30:00,9756.82,9786.0,9753.18,9771.99,682.984104
2020-05-20 12:45:00,9771.89,9783.0,9760.0,9766.0,456.847514
2020-05-20 13:00:00,9766.01,9780.0,9762.86,9773.71,457.030141
2020-05-20 13:15:00,9773.71,9779.0,9745.0,9773.26,454.286115
2020-05-20 13:30:00,9773.49,9790.0,9764.32,9776.32,634.311894
2020-05-20 13:45:00,9776.84,9789.8,9766.33,9789.8,473.115552
2020-05-20 14:00:00,9789.8,9799.0,9762.83,9775.0,570.578137
2020-05-20 14:15:00,9774.99,9786.76,9762.79,9773.74,464.983089
2020-05-20 14:30:00,9774.1,9777.27,9763.49,9770.78,303.006166
2020-05-20 14:45:00,9770.78,9780.99,9761.03,9765.09,328.323735
2020-05-20 15:00:00,9765.47,9767.84,9725.0,9727.25,1007.358041
2020-05-20 15:15:00,9728.0,9728.15,9550.0,9623.81,7142.693101
2020-05-20 15:30:00,9623.3,9637.98,9600.0,9614.87,1739.037045
2020-05-20 15:45:00,9614.87,9614.88,9326.0,9414.5,8334.724224
2020-05-20 16:00:00,9414.51,9479.99,9352.27,9470.2,3903.308569
2020-05-20 16:15:00,9470.38,9528.95,9455.0,9504.31,2624.558347
2020-05-20 16:30:00,9505.25,9515.9,9474.54,9488.63,1217.669013
2020-05-20 16:45:00,9488.64,9505.95,9466.08,9497.99,784.054116
2020-05-20 17:00:00,9497.99,9498.0,9441.99,9478.3,1068.697533
2020-05-20 17:15:00,9478.3,9524.91,9451.0,9518.87,1042.032105
2020-05-20 17:30:00,9518.87,9541.84,9506.23,9533.5,885.576933
2020-05-20 17:45:00,9533.5,9547.32,9520.01,9539.47,665.153704
2020-05-20 18:00:00,9539.23,9542.23,9504.49,9535.07,776.377887
2020-05-20 18:15:00,9535.06,9546.0,9515.39,9529.85,430.140527
2020-05-20 18:30:00,9529.5,9531.96,9512.41,9515.04,371.968603
2020-05-20 18:45:00,9515.04,9535.32,9514.0,9531.82,345.354377
2020-05-20 19:00:00,9531.83,9531.84,9486.97,9503.79,698.590386
2020-05-20 19:15:00,9503.79,9514.69,9485.0,9495.0,431.350779
2020-05-20 19:30:00,9495.0,9530.0,9491.78,9524.89,414.953189
2020-05-20 19:45:00,9524.36,9538.97,9521.35,9531.99,368.820316
2020-05-20 20:00:00,9531.99,9534.83,9511.42,9519.32,490.285555
2020-05-20 20:15:00,9520.28,9587.58,9518.72,9581.83,906.476056
2020-05-20 20:30:00,9582.42,9589.0,9563.4,9582.0,450.563758
2020-05-20 20:45:00,9582.0,9598.0,9565.25,9588.58,437.389223
2020-05-20 21:00:00,9588.5,9589.95,9562.1,9571.72,299.758073
2020-05-20 21:15:00,9570.4,9577.71,9532.43,9568.0,504.687312
2020-05-20 21:30:00,9568.09,9576.2,9556.0,9556.33,285.059656
2020-05-20 21:45:00,9556.29,9567.63,9543.28,9551.21,519.476641
2020-05-20 22:00:00,9551.53,9569.97,9542.0,9560.66,323.75136
2020-05-20 22:15:00,9560.65,9570.95,9553.1,9554.61,218.627659
2020-05-20 22:30:00,9555.06,9561.34,9514.92,9531.97,362.056605
2020-05-20 22:45:00,9531.99,9540.79,9504.06,9527.75,586.390861
2020-05-20 23:00:00,9527.78,9537.33,9507.31,9524.85,464.691604
2020-05-20 23:15:00,9524.74,9541.21,9435.87,9483.42,1276.840558
2020-05-20 23:30:00,9484.78,9550.0,9482.89,9531.24,642.708409
2020-05-20 23:45:00,9531.24,9546.4,9507.4,9511.43,414.064635
2020-05-21 00:00:00,9511.43,9542.98,9478.69,9539.21,730.092288
2020-05-21 00:15:00,9539.2,9559.96,9535.66,9554.13,429.595298
2020-05-21 00:30:00,9554.18,9578.47,9538.02,9548.14,429.979308
2020-05-21 00:45:00,9548.09,9563.07,9535.96,9556.46,319.325602
2020-05-21 01:00:00,9557.72,9564.37,9530.32,9549.87,350.947008
2020-05-21 01:15:00,9549.88,9550.0,9530.32,9546.41,270.254239
2020-05-21 01:30:00,9546.44,9549.31,9521.0,9526.0,244.393985
2020-05-21 01:45:00,9526.01,9534.84,9510.0,9514.9,323.214377
2020-05-21 02:00:00,9514.58,9532.78,9510.0,9511.9,291.508085
2020-05-21 02:15:00,9512.38,9525.97,9501.0,9521.07,308.109144
2020-05-21 02:30:00,9521.06,9530.0,9473.02,9495.26,547.43638
2020-05-21 02:45:00,9495.57,9500.64,9458.24,9472.05,644.950751
2020-05-21 03:00:00,9472.11,9494.72,9447.26,9485.46,731.494578
2020-05-21 03:15:00,9485.46,9503.86,9472.16,9484.41,379.670351
2020-05-21 03:30:00,9484.95,9500.0,9467.52,9480.48,390.776049
2020-05-21 03:45:00,9480.48,9487.91,9457.93,9483.37,617.9286
2020-05-21 04:00:00,9483.37,9498.51,9473.7,9489.16,395.830301
2020-05-21 04:15:00,9489.17,9493.86,9473.17,9484.34,340.843333
2020-05-21 04:30:00,9483.91,9484.35,9400.0,9455.37,1182.394665
2020-05-21 04:45:00,9456.0,9500.06,9451.6,9483.65,505.022144
2020-05-21 05:00:00,9483.66,9513.89,9483.0,9495.99,396.147399
2020-05-21 05:15:00,9495.99,9507.56,9488.54,9492.96,279.077861
2020-05-21 05:30:00,9492.96,9521.71,9491.46,9507.88,588.048399
2020-05-21 05:45:00,9507.77,9520.06,9498.88,9503.1,610.434526
2020-05-21 06:00:00,9503.09,9509.07,9487.02,9494.98,386.8902
2020-05-21 06:15:00,9494.99,9532.39,9492.19,9525.0,508.708188
2020-05-21 06:30:00,9525.01,9531.04,9513.0,9515.94,551.000168
2020-05-21 06:45:00,9515.94,9517.85,9487.0,9488.45,400.849554
2020-05-21 07:00:00,9488.91,9496.11,9471.36,9489.12,595.519139
2020-05-21 07:15:00,9489.13,9497.35,9455.0,9468.34,805.272083
2020-05-21 07:30:00,9469.32,9482.3,9456.68,9479.99,559.614061
2020-05-21 07:45:00,9479.79,9487.73,9446.0,9457.83,626.781694
2020-05-21 08:00:00,9457.88,9505.57,9456.44,9468.14,964.550679
2020-05-21 08:15:00,9467.57,9476.0,9360.0,9415.02,2141.563119
2020-05-21 08:30:00,9415.0,9426.23,9268.0,9349.65,3608.218535
2020-05-21 08:45:00,9347.52,9391.86,9326.47,9377.66,1776.243593
2020-05-21 09:00:00,9377.73,9385.0,9346.2,9367.2,1147.527008
2020-05-21 09:15:00,9367.67,9432.7,9366.05,9403.86,1420.347985
2020-05-21 09:30:00,9403.86,9408.03,9340.1,9374.81,1229.034411
2020-05-21 09:45:00,9374.62,9378.49,9297.64,9298.79,1215.476341
2020-05-21 10:00:00,9298.79,9365.0,9228.0,9362.82,2604.585141
2020-05-21 10:15:00,9362.82,9364.23,9325.49,9337.46,769.441759
2020-05-21 10:30:00,9337.45,9360.49,9326.0,9338.0,810.971111
2020-05-21 10:45:00,9338.01,9381.53,9338.01,9374.77,769.977205
2020-05-21 11:00:00,9374.77,9390.47,9355.29,9356.67,751.498895
2020-05-21 11:15:00,9356.76,9374.7,9340.0,9347.65,576.338193
2020-05-21 11:30:00,9347.51,9378.05,9346.05,9374.62,465.159018
2020-05-21 11:45:00,9374.99,9389.98,9365.0,9389.97,538.13353
2020-05-21 12:00:00,9389.97,9395.43,9347.08,9352.56,784.257154
2020-05-21 12:15:00,9352.56,9367.66,9320.0,9341.05,798.108909
2020-05-21 12:30:00,9341.95,9371.76,9334.15,9345.73,735.540333
2020-05-21 12:45:00,9345.73,9369.77,9341.05,9362.64,427.694056
2020-05-21 13:00:00,9362.39,9387.0,9361.45,9383.52,568.338061
2020-05-21 13:15:00,9381.83,9383.0,9355.0,9362.87,386.796496
2020-05-21 13:30:00,9362.51,9372.41,9326.1,9348.76,668.066111
2020-05-21 13:45:00,9348.76,9353.96,9251.82,9293.09,1702.014406
2020-05-21 14:00:00,9292.6,9318.29,9165.0,9210.25,4630.383206
2020-05-21 14:15:00,9212.95,9227.78,9120.4,9162.0,4212.268563
2020-05-21 14:30:00,9161.19,9202.91,8949.74,9025.21,8397.35668
2020-05-21 14:45:00,9025.49,9104.34,8980.0,9084.0,4336.392002
2020-05-21 15:00:00,9084.14,9155.0,9050.0,9115.37,2801.883792
2020-05-21 15:15:00,9115.37,9147.0,9070.31,9075.74,2038.337726
2020-05-21 15:30:00,9075.75,9114.6,9059.72,9063.99,1295.307414
2020-05-21 15:45:00,9065.0,9110.0,9055.0,9084.38,1443.355412
2020-05-21 16:00:00,9082.5,9085.16,9041.0,9064.34,1319.033585
2020-05-21 16:15:00,9063.25,9119.39,9062.6,9098.4,954.812801
2020-05-21 16:30:00,9098.4,9135.09,9098.06,9120.97,865.886361
2020-05-21 16:45:00,9121.06,9125.81,9071.42,9081.42,735.127747
2020-05-21 17:00:00,9081.54,9104.66,9061.05,9076.34,791.934661
2020-05-21 17:15:00,9076.21,9090.0,9048.5,9059.62,716.417343
2020-05-21 17:30:00,9059.62,9082.75,9023.0,9067.63,1015.615135
2020-05-21 17:45:00,9067.2,9067.87,8970.0,9006.99,1794.430215
2020-05-21 18:00:00,9006.99,9010.38,8888.0,8975.7,3668.645486
2020-05-21 18:15:00,8976.02,8987.55,8930.02,8986.32,1173.073552
2020-05-21 18:30:00,8986.51,8988.0,8905.3,8919.63,1356.136516
2020-05-21 18:45:00,8920.13,8922.86,8815.0,8831.26,3575.240815
2020-05-21 19:00:00,8832.09,9033.74,8816.91,9031.01,3036.986074
2020-05-21 19:15:00,9031.05,9061.15,8994.33,9018.83,2005.593852
2020-05-21 19:30:00,9019.41,9099.98,9016.65,9099.02,1644.602705
2020-05-21 19:45:00,9099.02,9100.0,9055.57,9065.53,1308.4436
2020-05-21 20:00:00,9065.81,9069.21,9011.21,9014.3,1061.052262
2020-05-21 20:15:00,9014.37,9059.72,9012.09,9038.96,631.530857
2020-05-21 20:30:00,9040.5,9058.49,9030.0,9050.31,350.694823
2020-05-21 20:45:00,9050.25,9085.0,9049.77,9055.26,792.271211
2020-05-21 21:00:00,9055.1,9089.0,9050.71,9077.14,471.217508
2020-05-21 21:15:00,9077.79,9097.31,9073.23,9088.34,487.492726
2020-05-21 21:30:00,9089.29,9152.24,9086.16,9135.55,1541.499459
2020-05-21 21:45:00,9136.51,9150.05,9089.79,9103.85,1109.939741
2020-05-21 22:00:00,9103.85,9143.31,9103.85,9125.09,504.617175
2020-05-21 22:15:00,9125.34,9134.83,9105.77,9125.53,629.840904
2020-05-21 22:30:00,9125.52,9164.99,9125.52,9132.8,615.423832
2020-05-21 22:45:00,9132.81,9148.1,9119.84,9125.2,405.194325
2020-05-21 23:00:00,9125.2,9134.53,9081.05,9090.95,751.395746
2020-05-21 23:15:00,9091.2,9110.79,9084.37,9097.95,422.837621
2020-05-21 23:30:00,9097.94,9109.34,9057.0,9057.04,576.084043
2020-05-21 23:45:00,9057.59,9079.47,9034.73,9068.65,858.431686
2020-05-22 00:00:00,9067.51,9069.82,8980.0,9018.71,1342.154814
2020-05-22 00:15:00,9018.23,9057.81,9012.95,9044.93,713.270798
2020-05-22 00:30:00,9045.35,9051.03,8970.01,9015.55,1008.099765
2020-05-22 00:45:00,9015.54,9040.0,8982.74,9026.67,580.630188
2020-05-22 01:00:00,9026.66,9110.0,9024.06,9102.14,1113.244465
2020-05-22 01:15:00,9103.71,9133.62,9093.91,9111.97,707.064443
2020-05-22 01:30:00,9111.98,9118.95,9090.0,9110.59,433.969453
2020-05-22 01:45:00,9110.62,9114.19,9079.99,9089.45,341.83117
2020-05-22 02:00:00,9090.59,9128.41,9090.54,9102.65,365.562099
2020-05-22 02:15:00,9102.41,9107.38,9071.42,9094.43,329.148905
2020-05-22 02:30:00,9094.43,9107.94,9073.92,9106.63,353.322874
2020-05-22 02:45:00,9106.97,9109.59,9041.26,9041.64,474.993688
2020-05-22 03:00:00,9041.59,9071.42,9029.46,9043.91,516.002046
2020-05-22 03:15:00,9043.13,9070.77,9012.29,9014.01,387.559135
2020-05-22 03:30:00,9013.97,9034.66,8981.0,8998.73,836.494014
2020-05-22 03:45:00,8998.74,9026.08,8953.91,8995.55,838.004014
2020-05-22 04:00:00,8995.0,9038.71,8995.0,9029.61,668.777818
2020-05-22 04:15:00,9029.63,9031.19,8984.0,8992.29,419.454057
2020-05-22 04:30:00,8992.25,9010.29,8933.52,8980.4,797.177671
2020-05-22 04:45:00,8980.04,9005.21,8976.73,8998.07,516.706381
2020-05-22 05:00:00,8998.39,9025.0,8997.62,9011.85,466.412415
2020-05-22 05:15:00,9011.82,9027.92,8980.92,8982.47,353.867162
2020-05-22 05:30:00,8982.54,9069.28,8961.22,9056.57,1136.044405
2020-05-22 05:45:00,9056.39,9076.47,9039.51,9047.99,666.790739
2020-05-22 06:00:00,9047.99,9085.76,9047.09,9085.0,448.030932
2020-05-22 06:15:00,9085.0,9100.0,9057.4,9067.37,585.684591
2020-05-22 06:30:00,9067.75,9079.74,9033.0,9065.42,472.877439
2020-05-22 06:45:00,9065.7,9100.0,9064.52,9087.6,692.453134
2020-05-22 07:00:00,9087.6,9120.0,9037.15,9067.37,1305.04392
2020-05-22 07:15:00,9065.67,9092.0,9055.73,9066.92,654.019022
2020-05-22 07:30:00,9066.92,9099.99,9066.92,9080.74,471.306998
2020-05-22 07:45:00,9079.76,9111.87,9075.0,9081.81,786.557709
2020-05-22 08:00:00,9081.81,9110.6,9068.0,9069.52,825.345291
2020-05-22 08:15:00,9069.53,9079.41,9044.94,9062.28,844.485848
2020-05-22 08:30:00,9063.42,9080.0,9054.59,9071.0,415.344954
2020-05-22 08:45:00,9070.99,9095.0,9070.99,9092.99,464.516571
2020-05-22 09:00:00,9092.99,9105.99,9061.97,9063.09,547.149239
2020-05-22 09:15:00,9063.08,9083.0,9060.0,9078.13,412.052527
2020-05-22 09:30:00,9078.13,9098.0,9073.51,9095.49,424.43385
2020-05-22 09:45:00,9095.5,9110.99,9077.64,9110.0,565.015458
2020-05-22 10:00:00,9110.0,9206.92,9110.0,9164.5,2400.459167
2020-05-22 10:15:00,9164.52,9188.33,9141.5,9180.4,908.658132
2020-05-22 10:30:00,9180.25,9196.64,9161.34,9167.76,1110.612583
2020-05-22 10:45:00,9167.76,9187.0,9162.0,9165.41,596.301672
2020-05-22 11:00:00,9164.63,9192.0,9127.71,9160.0,743.887965
2020-05-22 11:15:00,9159.87,9176.42,9141.65,9158.22,662.131148
2020-05-22 11:30:00,9158.22,9165.64,9144.45,9150.0,604.828041
2020-05-22 11:45:00,9150.0,9179.86,9150.0,9166.0,436.355812
2020-05-22 12:00:00,9166.0,9187.3,9146.27,9173.0,714.409953
2020-05-22 12:15:00,9173.0,9187.0,9162.23,9163.57,571.159155
2020-05-22 12:30:00,9163.56,9205.17,9159.01,9184.88,840.362236
2020-05-22 12:45:00,9185.32,9193.0,9169.65,9173.03,679.858499
2020-05-22 13:00:00,9173.15,9181.72,9157.0,9173.64,452.410616
2020-05-22 13:15:00,9173.64,9176.07,9116.73,9128.59,794.377882
2020-05-22 13:30:00,9128.59,9139.0,9079.78,9102.71,1264.115796
2020-05-22 13:45:00,9103.03,9130.98,9098.31,9116.08,578.127871
2020-05-22 14:00:00,9116.41,9154.9,9116.01,9144.65,493.726574
2020-05-22 14:15:00,9143.81,9147.24,9130.0,9139.16,396.110253
2020-05-22 14:30:00,9139.15,9169.76,9139.0,9157.32,566.166599
2020-05-22 14:45:00,9156.77,9161.3,9128.0,9135.02,440.723992
2020-05-22 15:00:00,9134.96,9153.29,9134.93,9146.38,359.681021
2020-05-22 15:15:00,9146.75,9185.94,9146.71,9173.03,614.204677
2020-05-22 15:30:00,9173.03,9217.91,9159.01,9198.96,1069.025359
2020-05-22 15:45:00,9198.27,9222.95,9195.5,9222.69,716.521333
2020-05-22 16:00:00,9222.95,9241.0,9182.25,9201.71,1138.402719
2020-05-22 16:15:00,9201.7,9215.0,9182.05,9212.59,703.439193
2020-05-22 16:30:00,9212.59,9214.75,9180.55,9191.13,665.905459
2020-05-22 16:45:00,9191.26,9248.0,9189.18,9241.71,1051.483558
2020-05-22 17:00:00,9241.71,9271.0,9225.0,9229.98,1358.523088
2020-05-22 17:15:00,9229.98,9233.62,9210.52,9232.59,671.724053
2020-05-22 17:30:00,9232.57,9233.33,9186.0,9202.68,681.501897
2020-05-22 17:45:00,9202.71,9214.85,9170.0,9192.92,575.627561
2020-05-22 18:00:00,9192.57,9215.0,9192.53,9208.92,334.424397
2020-05-22 18:15:00,9208.89,9224.0,9196.78,9220.34,446.813824
2020-05-22 18:30:00,9220.3,9222.17,9171.5,9191.38,420.185115
2020-05-22 18:45:00,9191.35,9206.41,9172.3,9200.25,376.982104
2020-05-22 19:00:00,9200.25,9221.72,9195.59,9213.31,415.168938
2020-05-22 19:15:00,9213.67,9219.84,9188.17,9194.08,306.557058
2020-05-22 19:30:00,9193.73,9196.4,9160.0,9167.8,465.413051
2020-05-22 19:45:00,9167.8,9180.92,9141.51,9173.72,710.180848
2020-05-22 20:00:00,9173.72,9173.8,9130.6,9161.28,577.269899
2020-05-22 20:15:00,9161.28,9176.0,9142.8,9166.01,367.356884
2020-05-22 20:30:00,9166.78,9200.11,9166.78,9182.29,439.851565
2020-05-22 20:45:00,9183.22,9208.0,9176.47,9177.79,384.267417
2020-05-22 21:00:00,9177.28,9200.0,9176.45,9197.62,254.095593
2020-05-22 21:15:00,9197.87,9199.89,9175.95,9178.08,245.003442
2020-05-22 21:30:00,9178.12,9189.91,9160.0,9187.32,196.304758
2020-05-22 21:45:00,9187.34,9208.0,9177.97,9205.0,256.617229
2020-05-22 22:00:00,9205.3,9215.0,9195.49,9195.95,308.59017
2020-05-22 22:15:00,9195.95,9199.0,9180.0,9180.19,224.633683
2020-05-22 22:30:00,9180.2,9196.0,9173.09,9191.68,215.540375
2020-05-22 22:45:00,9191.65,9211.29,9189.72,9196.33,330.798576
2020-05-22 23:00:00,9196.32,9197.04,9182.14,9185.17,241.188462
2020-05-22 23:15:00,9185.16,9185.18,9148.15,9148.15,502.769561
2020-05-22 23:30:00,9148.15,9179.97,9131.12,9165.6,496.082226
2020-05-22 23:45:00,9166.3,9170.0,9147.51,9170.0,285.311983
2020-05-23 00:00:00,9170.0,9195.0,9169.99,9189.92,373.442459
2020-05-23 00:15:00,9189.92,9250.0,9181.36,9223.66,1178.661367
2020-05-23 00:30:00,9223.66,9234.69,9206.0,9222.27,400.210307
2020-05-23 00:45:00,9222.29,9252.0,9220.89,9239.97,589.417218
2020-05-23 01:00:00,9239.97,9267.32,9221.61,9259.05,544.681593
2020-05-23 01:15:00,9259.56,9262.85,9228.82,9231.5,592.549556
2020-05-23 01:30:00,9231.5,9252.76,9227.0,9235.39,335.605724
2020-05-23 01:45:00,9235.37,9247.0,9225.06,9236.64,257.349482
2020-05-23 02:00:00,9236.64,9266.9,9229.55,9260.85,428.402551
2020-05-23 02:15:00,9260.83,9262.73,9245.94,9257.99,363.762869
2020-05-23 02:30:00,9257.99,9289.0,9257.99,9277.03,774.170622
2020-05-23 02:45:00,9277.21,9278.94,9260.55,9271.27,360.901438
2020-05-23 03:00:00,9271.27,9307.85,9271.27,9285.08,843.839833
2020-05-23 03:15:00,9285.67,9306.93,9285.26,9293.32,451.739834
2020-05-23 03:30:00,9293.31,9294.47,9276.49,9283.97,311.617223
2020-05-23 03:45:00,9283.97,9292.95,9267.25,9286.61,307.453684
2020-05-23 04:00:00,9286.11,9286.28,9271.5,9273.51,198.169114
2020-05-23 04:15:00,9273.46,9300.0,9272.1,9300.0,246.6533
2020-05-23 04:30:00,9299.99,9300.0,9251.0,9252.73,616.912528
2020-05-23 04:45:00,9252.42,9260.81,9237.57,9252.75,491.06345
2020-05-23 05:00:00,9252.81,9268.08,9242.0,9260.18,377.798951
2020-05-23 05:15:00,9260.25,9264.81,9240.67,9246.52,354.615318
2020-05-23 05:30:00,9247.37,9255.72,9231.0,9250.84,333.871088
2020-05-23 05:45:00,9250.84,9265.56,9250.8,9263.34,376.291313
2020-05-23 06:00:00,9263.33,9263.43,9212.05,9224.89,1055.733032
2020-05-23 06:15:00,9224.9,9242.62,9220.0,9220.0,478.842869
2020-05-23 06:30:00,9220.0,9245.99,9207.38,9240.22,790.197349
2020-05-23 06:45:00,9240.21,9250.3,9237.92,9244.73,277.967209
2020-05-23 07:00:00,9244.72,9244.73,9223.84,9225.05,215.443984
2020-05-23 07:15:00,9225.04,9255.0,9224.97,9246.67,337.963607
2020-05-23 07:30:00,9247.12,9260.0,9242.33,9258.83,254.255884
2020-05-23 07:45:00,9258.83,9268.11,9250.0,9255.28,246.011847
2020-05-23 08:00:00,9255.7,9255.7,9189.0,9198.07,1035.158789
2020-05-23 08:15:00,9198.08,9207.17,9164.35,9177.82,1124.97754
2020-05-23 08:30:00,9177.74,9198.0,9170.0,9193.48,376.228709
2020-05-23 08:45:00,9193.49,9214.35,9187.1,9187.84,736.387832
2020-05-23 09:00:00,9188.27,9192.76,9155.52,9176.08,538.256355
2020-05-23 09:15:00,9176.77,9198.69,9174.9,9191.62,446.656767
2020-05-23 09:30:00,9191.3,9200.0,9175.52,9179.97,273.779424
2020-05-23 09:45:00,9179.98,9184.53,9110.1,9138.78,1166.584763
2020-05-23 10:00:00,9138.78,9153.64,9096.07,9125.88,1341.703644
2020-05-23 10:15:00,9125.89,9139.13,9113.45,9119.54,576.292424
2020-05-23 10:30:00,9119.54,9139.9,9102.16,9130.0,626.816985
2020-05-23 10:45:00,9130.0,9150.89,9129.99,9139.01,300.93955
2020-05-23 11:00:00,9139.0,9172.23,9128.17,9165.0,545.33373
2020-05-23 11:15:00,9165.01,9175.81,9146.35,9151.57,319.667324
2020-05-23 11:30:00,9151.58,9185.01,9141.77,9176.9,443.538999
2020-05-23 11:45:00,9176.9,9187.86,9163.1,9172.25,340.058512
2020-05-23 12:00:00,9172.26,9173.44,9145.99,9154.02,389.997018
2020-05-23 12:15:00,9154.28,9166.34,9111.16,9129.51,620.430453
2020-05-23 12:30:00,9129.5,9141.94,9070.0,9138.93,1129.163565
2020-05-23 12:45:00,9138.95,9148.64,9115.83,9132.19,477.474201
2020-05-23 13:00:00,9132.0,9162.6,9113.1,9149.82,457.705927
2020-05-23 13:15:00,9149.42,9167.88,9141.21,9151.35,382.328076
2020-05-23 13:30:00,9151.35,9175.0,9150.21,9156.44,388.28756
2020-05-23 13:45:00,9156.43,9164.68,9148.07,9153.01,256.269528
2020-05-23 14:00:00,9153.07,9175.0,9138.0,9173.06,310.867432
2020-05-23 14:15:00,9172.79,9200.0,9155.95,9193.43,613.652143
2020-05-23 14:30:00,9193.96,9220.0,9186.07,9213.48,737.141446
2020-05-23 14:45:00,9213.48,9220.0,9190.88,9198.56,395.416631
2020-05-23 15:00:00,9198.55,9209.99,9186.21,9204.18,507.699273
2020-05-23 15:15:00,9204.18,9212.62,9173.36,9189.58,450.290719
2020-05-23 15:30:00,9189.58,9193.0,9171.0,9184.37,304.730119
2020-05-23 15:45:00,9184.15,9199.0,9170.0,9198.78,261.385817
2020-05-23 16:00:00,9198.78,9209.06,9151.1,9160.29,531.845177
2020-05-23 16:15:00,9161.0,9166.86,9136.0,9143.25,518.056241
2020-05-23 16:30:00,9143.25,9175.31,9141.82,9158.86,451.46484
2020-05-23 16:45:00,9158.9,9180.0,9152.41,9170.91,287.728099
2020-05-23 17:00:00,9170.92,9198.93,9170.92,9181.96,316.970436
2020-05-23 17:15:00,9181.95,9194.9,9156.45,9158.01,323.135622
2020-05-23 17:30:00,9158.6,9179.38,9155.81,9171.03,200.034893
2020-05-23 17:45:00,9170.51,9186.0,9169.81,9180.05,164.911324
2020-05-23 18:00:00,9179.72,9205.29,9160.0,9165.78,497.049986
2020-05-23 18:15:00,9166.18,9179.92,9150.49,9159.9,294.945855
2020-05-23 18:30:00,9159.9,9172.46,9150.0,9166.53,180.615274
2020-05-23 18:45:00,9166.53,9169.8,9151.03,9163.98,193.330504
2020-05-23 19:00:00,9163.98,9190.0,9125.0,9177.96,670.327892
2020-05-23 19:15:00,9178.45,9197.0,9171.02,9189.37,352.960507
2020-05-23 19:30:00,9189.37,9195.0,9176.12,9190.0,225.488956
2020-05-23 19:45:00,9190.0,9191.51,9179.88,9180.98,146.029942
2020-05-23 20:00:00,9180.97,9194.97,9164.01,9183.08,267.304688
2020-05-23 20:15:00,9183.51,9196.7,9179.29,9190.56,239.35504
2020-05-23 20:30:00,9190.88,9244.0,9190.59,9225.58,962.167814
2020-05-23 20:45:00,9227.24,9247.63,9225.0,9229.58,535.263503
2020-05-23 21:00:00,9229.58,9239.0,9210.09,9218.15,327.427408
2020-05-23 21:15:00,9218.15,9239.92,9209.5,9218.62,273.920689
2020-05-23 21:30:00,9218.62,9230.0,9210.11,9220.72,186.250929
2020-05-23 21:45:00,9219.6,9232.23,9218.46,9225.99,190.76379
2020-05-23 22:00:00,9226.0,9247.56,9217.2,9238.94,279.162563
2020-05-23 22:15:00,9238.94,9244.88,9225.0,9228.33,312.585364
2020-05-23 22:30:00,9228.84,9233.99,9211.43,9212.49,250.213767
2020-05-23 22:45:00,9212.46,9230.0,9209.87,9225.0,157.400871
2020-05-23 23:00:00,9225.0,9229.78,9214.28,9218.06,183.224759
2020-05-23 23:15:00,9218.5,9219.68,9182.08,9188.48,540.115092
2020-05-23 23:30:00,9188.48,9200.81,9152.44,9167.89,488.349741
2020-05-23 23:45:00,9168.57,9183.33,9166.78,9179.15,337.077542
2020-05-24 00:00:00,9179.01,9180.84,9120.77,9159.12,848.903974
2020-05-24 00:15:00,9159.78,9182.28,9149.86,9174.77,473.021813
2020-05-24 00:30:00,9174.77,9189.67,9170.0,9188.25,404.924533
2020-05-24 00:45:00,9187.64,9212.0,9186.31,9196.38,458.199259
2020-05-24 01:00:00,9196.38,9208.82,9185.93,9190.3,201.842188
2020-05-24 01:15:00,9190.31,9212.23,9188.99,9206.14,204.320227
2020-05-24 01:30:00,9206.13,9209.46,9174.15,9191.63,310.426416
2020-05-24 01:45:00,9191.9,9198.9,9170.67,9171.91,348.010617
2020-05-24 02:00:00,9171.95,9198.84,9171.95,9193.64,257.812227
2020-05-24 02:15:00,9193.68,9223.14,9192.72,9219.59,467.36073
2020-05-24 02:30:00,9219.59,9231.0,9201.99,9202.0,385.884152
2020-05-24 02:45:00,9202.0,9216.61,9194.73,9198.96,164.385169
2020-05-24 03:00:00,9198.96,9216.59,9180.0,9196.17,339.21586
2020-05-24 03:15:00,9197.94,9209.21,9185.16,9198.27,160.313835
2020-05-24 03:30:00,9198.35,9210.0,9198.25,9201.0,164.885268
2020-05-24 03:45:00,9201.05,9214.28,9191.1,9192.76,209.663639
2020-05-24 04:00:00,9192.77,9215.56,9192.76,9206.02,188.626927
2020-05-24 04:15:00,9206.48,9221.72,9201.58,9201.58,240.123832
2020-05-24 04:30:00,9202.05,9216.78,9195.43,9200.99,218.789868
2020-05-24 04:45:00,9200.77,9208.71,9190.0,9190.54,164.241001
2020-05-24 05:00:00,9191.35,9200.0,9184.0,9195.59,168.627177
2020-05-24 05:15:00,9196.24,9215.78,9195.83,9209.67,203.410841
2020-05-24 05:30:00,9210.37,9216.33,9201.35,9207.01,132.952427
2020-05-24 05:45:00,9207.01,9209.0,9200.0,9205.0,176.253729
2020-05-24 06:00:00,9204.99,9291.0,9204.99,9282.28,1666.455985
2020-05-24 06:15:00,9282.66,9297.0,9271.0,9279.96,861.138236
2020-05-24 06:30:00,9279.96,9294.08,9264.09,9274.0,495.510318
2020-05-24 06:45:00,9274.63,9286.0,9264.96,9274.81,314.782577
2020-05-24 07:00:00,9274.98,9290.38,9269.7,9277.89,490.522247
2020-05-24 07:15:00,9277.9,9281.98,9265.33,9278.19,349.05456
2020-05-24 07:30:00,9278.19,9287.37,9265.31,9266.17,287.067712
2020-05-24 07:45:00,9266.63,9274.99,9241.37,9255.53,447.004858
2020-05-24 08:00:00,9255.54,9272.42,9239.0,9245.86,462.626139
2020-05-24 08:15:00,9246.36,9262.22,9242.85,9252.75,282.998023
2020-05-24 08:30:00,9252.95,9269.0,9246.0,9267.08,318.345351
2020-05-24 08:45:00,9267.46,9268.39,9253.46,9258.54,243.987382
2020-05-24 09:00:00,9258.88,9298.0,9252.85,9287.78,648.467303
2020-05-24 09:15:00,9287.79,9295.0,9277.39,9279.69,456.889538
2020-05-24 09:30:00,9279.61,9285.0,9270.4,9270.41,258.888709
2020-05-24 09:45:00,9270.41,9276.25,9260.02,9270.73,276.105457
2020-05-24 10:00:00,9270.73,9288.0,9270.18,9275.2,254.994101
2020-05-24 10:15:00,9275.21,9289.0,9271.01,9273.51,264.147556
2020-05-24 10:30:00,9273.5,9275.01,9251.06,9259.8,387.308002
2020-05-24 10:45:00,9259.66,9275.0,9258.4,9263.4,354.765296
2020-05-24 11:00:00,9263.85,9264.87,9172.3,9194.13,1361.015056
2020-05-24 11:15:00,9194.13,9218.34,9161.0,9208.19,1001.381878
2020-05-24 11:30:00,9208.19,9208.23,9170.0,9171.8,681.039741
2020-05-24 11:45:00,9171.8,9185.0,9100.0,9119.0,2369.997665
2020-05-24 12:00:00,9119.0,9151.09,9090.78,9139.56,1333.251331
2020-05-24 12:15:00,9139.57,9159.71,9127.26,9142.77,828.844015
2020-05-24 12:30:00,9142.31,9165.15,9130.0,9130.84,528.596102
2020-05-24 12:45:00,9130.84,9179.31,9130.0,9159.9,571.880699
2020-05-24 13:00:00,9159.9,9160.2,9135.0,9151.52,548.348274
2020-05-24 13:15:00,9151.19,9152.0,9128.05,9139.99,402.733813
2020-05-24 13:30:00,9140.0,9149.4,9122.41,9125.35,434.144588
2020-05-24 13:45:00,9125.36,9125.36,9040.01,9087.49,2476.112054
2020-05-24 14:00:00,9087.12,9089.0,9000.0,9057.05,2394.162376
2020-05-24 14:15:00,9056.8,9079.0,9037.2,9066.76,1005.475502
2020-05-24 14:30:00,9067.42,9092.93,9046.0,9080.0,748.068949
2020-05-24 14:45:00,9079.99,9084.98,9064.81,9070.05,482.716127
2020-05-24 15:00:00,9071.37,9071.46,9029.51,9031.45,556.223701
2020-05-24 15:15:00,9031.45,9080.0,9022.17,9075.18,559.808806
2020-05-24 15:30:00,9075.18,9092.0,9072.44,9077.57,487.136143
2020-05-24 15:45:00,9078.03,9091.83,9055.0,9055.74,468.811668
2020-05-24 16:00:00,9055.6,9055.61,8953.0,8957.83,3008.669673
2020-05-24 16:15:00,8957.83,8985.45,8900.0,8908.12,2242.418848
2020-05-24 16:30:00,8908.11,8946.45,8853.21,8910.35,2934.405828
2020-05-24 16:45:00,8910.34,8964.28,8860.0,8939.12,2393.161922
2020-05-24 17:00:00,8938.11,8989.83,8932.99,8960.07,1342.718236
2020-05-24 17:15:00,8960.7,8970.0,8924.68,8949.64,1209.934362
2020-05-24 17:30:00,8948.42,8978.0,8935.0,8940.0,654.389181
2020-05-24 17:45:00,8940.16,8950.0,8924.73,8947.84,630.170709
2020-05-24 18:00:00,8947.84,8947.85,8890.41,8940.44,1077.235955
2020-05-24 18:15:00,8940.45,8969.0,8940.45,8960.47,452.335474
2020-05-24 18:30:00,8960.54,8982.14,8957.52,8968.6,480.785988
2020-05-24 18:45:00,8968.6,8969.4,8940.0,8941.99,339.705937
2020-05-24 19:00:00,8941.04,8964.99,8937.0,8949.35,425.450501
2020-05-24 19:15:00,8949.3,9025.08,8945.34,9018.68,1228.761321
2020-05-24 19:30:00,9018.19,9040.0,9000.0,9009.99,944.000471
2020-05-24 19:45:00,9009.99,9030.0,9001.54,9018.45,440.553171
2020-05-24 20:00:00,9017.37,9040.0,8984.58,9004.82,870.997315
2020-05-24 20:15:00,9004.81,9013.18,8983.05,9002.19,390.056008
2020-05-24 20:30:00,9001.9,9039.93,8998.02,9028.15,511.458491
2020-05-24 20:45:00,9029.2,9030.0,8997.42,9000.31,338.101229
2020-05-24 21:00:00,9000.93,9021.88,9000.0,9018.97,265.521111
2020-05-24 21:15:00,9018.97,9032.0,9015.61,9016.82,277.160779
2020-05-24 21:30:00,9018.83,9080.99,9011.87,9062.25,788.882559
2020-05-24 21:45:00,9063.05,9075.0,9043.22,9054.22,409.618112
2020-05-24 22:00:00,9054.21,9063.74,9022.07,9035.08,728.63689
2020-05-24 22:15:00,9034.73,9036.67,9015.0,9035.35,468.608774
2020-05-24 22:30:00,9035.35,9059.25,9027.9,9044.93,364.95113
2020-05-24 22:45:00,9043.47,9049.34,9028.04,9043.1,286.615088
2020-05-24 23:00:00,9043.13,9055.63,8986.77,8999.61,721.803399
2020-05-24 23:15:00,8999.98,9006.64,8900.0,8910.01,1124.152144
2020-05-24 23:30:00,8909.99,8928.34,8700.0,8757.12,5596.933765
2020-05-24 23:45:00,8756.13,8791.66,8710.0,8720.34,2178.668532
2020-05-25 00:00:00,8718.14,8822.9,8642.72,8810.0,3712.085368
2020-05-25 00:15:00,8809.24,8813.0,8775.55,8776.98,981.014001
2020-05-25 00:30:00,8776.99,8817.79,8767.8,8792.98,652.447873
2020-05-25 00:45:00,8792.98,8821.22,8778.94,8811.37,844.595149
2020-05-25 01:00:00,8811.01,8811.01,8770.56,8785.0,592.644668
2020-05-25 01:15:00,8785.0,8800.79,8765.0,8767.12,656.375216
2020-05-25 01:30:00,8766.81,8799.56,8766.0,8780.01,570.004764
2020-05-25 01:45:00,8779.92,8801.88,8775.0,8791.69,398.905784
2020-05-25 02:00:00,8791.72,8795.0,8768.0,8785.0,523.77116
2020-05-25 02:15:00,8785.52,8817.27,8778.9,8800.7,447.773784
2020-05-25 02:30:00,8800.7,8812.71,8780.0,8795.53,431.881435
2020-05-25 02:45:00,8795.41,8803.33,8784.02,8790.96,302.781367
2020-05-25 03:00:00,8790.67,8797.6,8771.78,8792.67,567.588787
2020-05-25 03:15:00,8792.31,8794.91,8750.0,8767.96,506.261696
2020-05-25 03:30:00,8767.96,8787.27,8741.53,8763.83,712.357752
2020-05-25 03:45:00,8763.83,8795.45,8753.03,8786.57,453.237504
2020-05-25 04:00:00,8786.57,8792.35,8770.25,8788.56,368.69544
2020-05-25 04:15:00,8788.56,8804.9,8786.39,8795.36,501.064301
2020-05-25 04:30:00,8795.36,8815.2,8783.78,8787.1,531.354946
2020-05-25 04:45:00,8787.11,8813.13,8780.52,8806.0,300.044067
2020-05-25 05:00:00,8805.99,8820.0,8791.31,8791.32,391.640881
2020-05-25 05:15:00,8791.32,8798.09,8776.47,8784.17,290.389163
2020-05-25 05:30:00,8783.79,8789.21,8761.07,8780.77,668.015957
2020-05-25 05:45:00,8780.97,8784.9,8762.0,8782.93,425.911393
2020-05-25 06:00:00,8782.93,8792.79,8762.23,8775.25,425.728472
2020-05-25 06:15:00,8775.26,8797.0,8773.34,8778.08,332.294499
2020-05-25 06:30:00,8777.94,8815.78,8777.11,8800.98,604.111339
2020-05-25 06:45:00,8800.98,8815.34,8782.36,8789.51,538.453024
2020-05-25 07:00:00,8789.52,8797.21,8772.27,8796.97,307.131471
2020-05-25 07:15:00,8797.22,8812.81,8790.0,8806.37,601.290074
2020-05-25 07:30:00,8805.98,8866.0,8804.15,8845.56,1270.712955
2020-05-25 07:45:00,8845.56,8874.41,8842.76,8867.31,842.306681
2020-05-25 08:00:00,8867.31,8881.24,8834.43,8839.48,853.800167
2020-05-25 08:15:00,8839.1,8848.57,8821.3,8830.83,504.011797
2020-05-25 08:30:00,8830.83,8851.83,8826.91,8835.76,416.633788
2020-05-25 08:45:00,8835.72,8852.42,8813.21,8820.54,439.618187
2020-05-25 09:00:00,8820.43,8850.07,8814.47,8844.14,439.19513
2020-05-25 09:15:00,8844.03,8875.18,8840.88,8859.49,561.101821
2020-05-25 09:30:00,8858.59,8874.66,8755.0,8778.99,1459.199796
2020-05-25 09:45:00,8778.99,8781.01,8705.26,8753.95,1896.150343
2020-05-25 10:00:00,8753.94,8787.87,8731.21,8780.0,785.085693
2020-05-25 10:15:00,8780.0,8797.0,8765.0,8771.37,550.858763
2020-05-25 10:30:00,8771.52,8786.87,8751.5,8767.04,497.817981
2020-05-25 10:45:00,8767.0,8780.0,8675.0,8689.0,1693.62201
2020-05-25 11:00:00,8688.58,8739.0,8668.29,8718.51,1125.688249
2020-05-25 11:15:00,8718.4,8749.0,8698.14,8741.1,804.71026
2020-05-25 11:30:00,8740.82,8760.41,8716.42,8760.0,634.755947
2020-05-25 11:45:00,8759.61,8768.64,8729.41,8752.41,640.149317
2020-05-25 12:00:00,8753.2,8773.84,8731.52,8752.44,646.03838
2020-05-25 12:15:00,8752.46,8783.56,8745.0,8759.83,711.141577
2020-05-25 12:30:00,8759.82,8782.04,8756.0,8776.35,517.157713
2020-05-25 12:45:00,8775.99,8786.88,8742.9,8761.01,686.362564
2020-05-25 13:00:00,8761.16,8783.74,8746.46,8753.96,482.381926
2020-05-25 13:15:00,8753.21,8759.95,8728.41,8737.0,653.576843
2020-05-25 13:30:00,8737.0,8774.96,8732.66,8770.57,638.263311
2020-05-25 13:45:00,8770.57,8835.86,8750.12,8814.14,1073.120903
2020-05-25 14:00:00,8813.21,8857.0,8813.18,8818.65,1325.732165
2020-05-25 14:15:00,8818.65,8840.01,8810.68,8820.99,615.726597
2020-05-25 14:30:00,8820.98,8828.43,8794.37,8815.29,722.079246
2020-05-25 14:45:00,8815.29,8818.67,8744.39,8755.95,941.363982
2020-05-25 15:00:00,8756.0,8771.77,8742.53,8755.4,733.104059
2020-05-25 15:15:00,8755.41,8776.99,8754.02,8769.32,502.26012
2020-05-25 15:30:00,8769.32,8806.46,8765.46,8789.58,581.570237
2020-05-25 15:45:00,8789.58,8796.96,8766.03,8782.44,478.193199
2020-05-25 16:00:00,8781.22,8832.65,8762.27,8816.26,704.313026
2020-05-25 16:15:00,8816.13,8840.0,8801.0,8803.89,532.266307
2020-05-25 16:30:00,8803.89,8840.0,8803.46,8839.99,642.927409
2020-05-25 16:45:00,8839.99,8847.7,8791.0,8810.07,594.900102
2020-05-25 17:00:00,8810.52,8824.99,8792.3,8812.35,390.257854
2020-05-25 17:15:00,8812.36,8820.0,8797.93,8815.42,354.14462
2020-05-25 17:30:00,8815.41,8888.0,8804.29,8857.22,1267.130642
2020-05-25 17:45:00,8857.21,8918.0,8855.0,8893.5,1507.849257
2020-05-25 18:00:00,8893.56,8909.92,8870.0,8874.56,772.714653
2020-05-25 18:15:00,8874.56,8896.34,8860.0,8889.86,690.932748
2020-05-25 18:30:00,8890.01,8891.0,8868.64,8882.69,282.371181
2020-05-25 18:45:00,8882.25,8899.06,8870.0,8886.17,486.656623
2020-05-25 19:00:00,8885.71,8944.06,8871.46,8922.84,1113.007551
2020-05-25 19:15:00,8922.92,8960.0,8920.88,8950.4,879.305449
2020-05-25 19:30:00,8951.0,8957.99,8924.36,8940.58,735.597728
2020-05-25 19:45:00,8940.59,8979.66,8927.51,8928.06,769.921645
2020-05-25 20:00:00,8928.06,8950.0,8923.4,8939.53,440.374751
2020-05-25 20:15:00,8939.15,8940.0,8896.13,8902.98,578.581437
2020-05-25 20:30:00,8902.97,8925.96,8902.92,8923.0,271.576027
2020-05-25 20:45:00,8923.0,8924.0,8903.67,8913.54,278.256325
2020-05-25 21:00:00,8913.53,8926.55,8886.61,8888.66,323.391026
2020-05-25 21:15:00,8888.66,8906.88,8876.15,8879.97,456.432211
2020-05-25 21:30:00,8879.99,8897.9,8860.98,8895.15,499.69843
2020-05-25 21:45:00,8895.25,8907.02,8885.01,8900.0,232.405566
2020-05-25 22:00:00,8899.42,8923.57,8893.0,8893.09,305.609501
2020-05-25 22:15:00,8894.33,8896.98,8865.1,8892.78,265.611759
2020-05-25 22:30:00,8892.33,8916.66,8889.99,8906.71,371.935302
2020-05-25 22:45:00,8905.85,8906.7,8880.0,8903.3,226.89132
2020-05-25 23:00:00,8903.24,8940.0,8903.2,8927.66,437.175181
2020-05-25 23:15:00,8927.29,8934.67,8908.16,8913.6,413.894512
2020-05-25 23:30:00,8912.33,8920.0,8899.77,8908.11,264.146611
2020-05-25 23:45:00,8908.11,8917.69,8889.9,8900.35,380.291153
2020-05-26 00:00:00,8900.35,8925.0,8883.7,8918.01,660.294562
2020-05-26 00:15:00,8918.01,8923.0,8822.74,8839.02,938.529579
2020-05-26 00:30:00,8838.57,8871.83,8830.29,8846.13,680.035684
2020-05-26 00:45:00,8846.14,8870.98,8842.92,8866.06,477.119167
2020-05-26 01:00:00,8866.21,8882.35,8856.92,8880.89,396.224455
2020-05-26 01:15:00,8880.89,8892.25,8870.0,8880.99,357.961079
2020-05-26 01:30:00,8881.0,8881.27,8856.07,8862.36,359.354819
2020-05-26 01:45:00,8861.82,8888.11,8860.24,8881.53,282.580502
2020-05-26 02:00:00,8881.53,8914.46,8871.89,8910.14,409.286042
2020-05-26 02:15:00,8909.28,8912.07,8892.03,8906.77,363.049685
2020-05-26 02:30:00,8906.68,8917.88,8882.91,8895.76,362.942679
2020-05-26 02:45:00,8895.76,8897.0,8873.97,8882.4,335.976517
2020-05-26 03:00:00,8881.96,8909.23,8871.58,8894.6,315.58961
2020-05-26 03:15:00,8894.37,8915.17,8891.89,8906.0,402.910202
2020-05-26 03:30:00,8906.0,8930.0,8906.0,8910.0,462.574045
2020-05-26 03:45:00,8910.0,8927.38,8896.72,8903.76,412.043377
2020-05-26 04:00:00,8903.75,8917.36,8889.0,8905.01,368.454463
2020-05-26 04:15:00,8905.47,8909.3,8880.15,8893.67,320.22808
2020-05-26 04:30:00,8893.67,8926.26,8891.0,8920.79,511.768741
2020-05-26 04:45:00,8920.8,8925.63,8896.99,8905.82,308.681161
2020-05-26 05:00:00,8905.37,8921.68,8893.49,8900.84,340.040379
2020-05-26 05:15:00,8900.64,8917.65,8891.93,8905.82,378.325421
2020-05-26 05:30:00,8906.05,8926.25,8903.39,8921.94,408.732958
2020-05-26 05:45:00,8923.61,8940.0,8920.84,8937.43,798.168719
2020-05-26 06:00:00,8937.42,8940.0,8914.6,8918.72,480.149486
2020-05-26 06:15:00,8918.72,8927.71,8899.99,8904.98,534.351229
2020-05-26 06:30:00,8904.98,8904.98,8883.42,8895.04,630.932689
2020-05-26 06:45:00,8895.04,8909.45,8881.26,8887.59,388.154535
2020-05-26 07:00:00,8888.69,8894.99,8860.05,8883.43,736.962874
2020-05-26 07:15:00,8883.42,8918.09,8874.68,8918.09,632.84771
2020-05-26 07:30:00,8918.29,8965.0,8918.29,8953.27,1802.017635
2020-05-26 07:45:00,8953.27,8964.69,8940.01,8957.49,758.307428
2020-05-26 08:00:00,8956.83,9017.67,8943.01,8999.37,1902.446064
2020-05-26 08:15:00,8999.1,9000.53,8978.8,8993.0,754.361537
2020-05-26 08:30:00,8992.99,8995.0,8958.0,8972.68,576.664312
2020-05-26 08:45:00,8972.68,8979.0,8950.0,8960.01,514.596736
2020-05-26 09:00:00,8960.01,8963.03,8931.42,8953.44,625.876786
2020-05-26 09:15:00,8953.35,8993.0,8920.74,8930.38,900.636123
2020-05-26 09:30:00,8930.37,8931.74,8870.0,8902.62,1287.549351
2020-05-26 09:45:00,8903.04,8909.36,8883.0,8893.7,559.265134
2020-05-26 10:00:00,8893.7,8893.91,8832.38,8869.1,1646.897153
2020-05-26 10:15:00,8869.65,8897.29,8860.0,8892.37,701.958947
2020-05-26 10:30:00,8892.37,8900.0,8863.79,8888.15,456.770715
2020-05-26 10:45:00,8888.16,8893.51,8861.0,8861.41,571.169979
2020-05-26 11:00:00,8861.51,8877.28,8851.0,8867.24,550.970518
2020-05-26 11:15:00,8867.27,8873.82,8845.0,8859.15,445.423835
2020-05-26 11:30:00,8859.16,8878.5,8841.0,8861.37,443.70941
2020-05-26 11:45:00,8861.37,8886.0,8855.79,8869.15,414.66153
2020-05-26 12:00:00,8869.32,8914.56,8851.24,8893.0,756.317695
2020-05-26 12:15:00,8894.05,8901.9,8808.9,8829.98,1173.096983
2020-05-26 12:30:00,8829.99,8829.99,8788.04,8809.38,1358.746193
2020-05-26 12:45:00,8809.38,8825.0,8797.61,8817.21,575.4042
2020-05-26 13:00:00,8816.76,8830.0,8785.03,8823.91,697.975519
2020-05-26 13:15:00,8824.04,8862.0,8814.01,8845.75,829.234577
2020-05-26 13:30:00,8846.46,8846.81,8827.13,8840.88,447.863652
2020-05-26 13:45:00,8840.81,8847.54,8800.33,8809.22,550.949637
2020-05-26 14:00:00,8809.15,8845.0,8791.91,8835.27,792.808975
2020-05-26 14:15:00,8835.58,8858.96,8824.53,8846.73,557.483408
2020-05-26 14:30:00,8846.1,8858.0,8808.11,8823.28,736.32896
2020-05-26 14:45:00,8823.36,8837.32,8813.95,8817.17,409.638517
2020-05-26 15:00:00,8817.5,8837.26,8811.31,8819.73,431.100907
2020-05-26 15:15:00,8819.72,8831.07,8730.45,8755.0,1606.374362
2020-05-26 15:30:00,8755.01,8769.89,8720.0,8754.14,1350.003988
2020-05-26 15:45:00,8754.14,8771.0,8705.0,8726.6,1307.529692
2020-05-26 16:00:00,8726.6,8794.1,8700.0,8784.29,2042.185941
2020-05-26 16:15:00,8784.36,8808.45,8768.65,8790.25,804.161054
2020-05-26 16:30:00,8790.25,8791.84,8769.45,8771.36,478.004019
2020-05-26 16:45:00,8772.38,8795.0,8771.02,8790.01,499.318129
2020-05-26 17:00:00,8790.01,8819.18,8782.73,8805.88,666.033676
2020-05-26 17:15:00,8805.88,8820.0,8800.0,8812.09,494.049669
2020-05-26 17:30:00,8812.21,8817.49,8788.88,8807.02,427.746406
2020-05-26 17:45:00,8807.04,8819.99,8796.65,8811.03,306.783908
2020-05-26 18:00:00,8810.67,8819.99,8795.0,8800.0,443.120914
2020-05-26 18:15:00,8800.0,8815.0,8792.0,8814.36,584.796617
2020-05-26 18:30:00,8814.17,8815.64,8796.02,8805.76,300.691311
2020-05-26 18:45:00,8805.77,8817.09,8797.0,8810.99,301.795566
2020-05-26 19:00:00,8810.99,8811.0,8777.29,8781.91,546.253758
2020-05-26 19:15:00,8782.15,8795.0,8766.01,8779.15,433.721843
2020-05-26 19:30:00,8779.19,8792.53,8760.2,8778.93,424.671184
2020-05-26 19:45:00,8779.15,8801.37,8776.78,8800.0,525.028777
2020-05-26 20:00:00,8800.0,8839.0,8799.99,8835.1,704.679882
2020-05-26 20:15:00,8835.12,8846.33,8826.05,8827.16,491.794073
2020-05-26 20:30:00,8828.34,8849.0,8823.67,8834.93,441.426002
2020-05-26 20:45:00,8835.73,8880.0,8832.78,8856.2,763.236041
2020-05-26 21:00:00,8855.93,8880.0,8855.08,8860.01,385.085294
2020-05-26 21:15:00,8860.0,8860.89,8825.63,8840.67,456.724146
2020-05-26 21:30:00,8841.65,8860.43,8835.2,8855.61,296.784705
2020-05-26 21:45:00,8855.9,8860.51,8835.01,8842.25,227.702174
2020-05-26 22:00:00,8842.98,8843.95,8832.48,8834.51,248.828224
2020-05-26 22:15:00,8835.75,8841.99,8801.12,8820.55,521.153095
2020-05-26 22:30:00,8820.55,8839.95,8803.3,8834.16,505.153455
2020-05-26 22:45:00,8834.29,8838.83,8817.37,8834.92,231.735508
2020-05-26 23:00:00,8834.59,8859.0,8827.18,8845.63,389.572897
2020-05-26 23:15:00,8845.65,8849.91,8827.09,8827.09,251.406302
2020-05-26 23:30:00,8828.21,8842.0,8815.0,8834.47,320.917027
2020-05-26 23:45:00,8834.47,8849.11,8823.92,8841.18,236.797634
2020-05-27 00:00:00,8841.0,8870.82,8832.61,8854.63,510.907934
2020-05-27 00:15:00,8854.63,8875.54,8841.69,8863.58,621.946842
2020-05-27 00:30:00,8863.57,8895.16,8849.16,8888.11,475.198304
2020-05-27 00:45:00,8886.45,8897.8,8869.4,8886.87,673.621271
2020-05-27 01:00:00,8886.88,8893.0,8856.01,8863.27,358.444843
2020-05-27 01:15:00,8862.8,8873.96,8854.69,8859.12,230.515554
2020-05-27 01:30:00,8859.15,8866.58,8852.74,8861.6,235.462646
2020-05-27 01:45:00,8861.6,8872.26,8845.79,8855.0,307.569579
2020-05-27 02:00:00,8855.0,8877.63,8855.0,8867.13,524.664705
2020-05-27 02:15:00,8867.12,8878.16,8860.0,8860.01,287.950707
2020-05-27 02:30:00,8860.01,8863.39,8826.06,8838.26,443.726261
2020-05-27 02:45:00,8838.25,8847.0,8811.73,8822.59,470.391663
2020-05-27 03:00:00,8821.76,8843.53,8820.43,8837.62,293.331219
2020-05-27 03:15:00,8837.92,8843.24,8827.16,8840.61,243.483224
2020-05-27 03:30:00,8840.61,8854.68,8835.0,8841.64,288.992939
2020-05-27 03:45:00,8841.64,8854.09,8827.6,8828.9,288.727973
2020-05-27 04:00:00,8829.12,8849.0,8828.82,8836.72,197.936728
2020-05-27 04:15:00,8836.72,8849.51,8825.0,8830.51,257.900166
2020-05-27 04:30:00,8831.27,8845.03,8825.43,8833.72,265.1119
2020-05-27 04:45:00,8833.72,8860.68,8829.01,8859.62,439.258319
2020-05-27 05:00:00,8859.65,8868.85,8855.35,8858.8,592.308763
2020-05-27 05:15:00,8859.99,8881.69,8859.99,8869.5,475.030485
2020-05-27 05:30:00,8869.67,8876.58,8860.0,8862.06,270.306632
2020-05-27 05:45:00,8860.41,8878.61,8858.11,8878.0,281.679955
2020-05-27 06:00:00,8878.0,8887.75,8850.0,8856.78,477.827933
2020-05-27 06:15:00,8856.74,8862.74,8845.0,8847.56,277.91354
2020-05-27 06:30:00,8847.62,8855.0,8836.44,8837.52,368.002184
2020-05-27 06:45:00,8837.52,8848.73,8831.82,8846.37,349.436817
2020-05-27 07:00:00,8846.38,8853.83,8829.4,8838.63,337.163852
2020-05-27 07:15:00,8838.63,8859.37,8838.41,8847.52,350.485304
2020-05-27 07:30:00,8847.49,8860.0,8843.34,8855.98,509.986071
2020-05-27 07:45:00,8855.99,8862.5,8839.44,8844.28,420.435923
2020-05-27 08:00:00,8844.89,8879.99,8844.0,8863.65,576.473565
2020-05-27 08:15:00,8863.65,8955.0,8860.91,8937.56,2168.897464
2020-05-27 08:30:00,8937.57,8955.0,8912.91,8924.41,1062.849035
2020-05-27 08:45:00,8924.41,8935.87,8913.87,8930.0,719.344718
2020-05-27 09:00:00,8930.0,8938.16,8913.33,8927.56,686.750025
2020-05-27 09:15:00,8928.48,8940.0,8912.0,8918.94,643.663593
2020-05-27 09:30:00,8918.15,8923.0,8902.91,8916.87,596.004797
2020-05-27 09:45:00,8916.87,8933.0,8913.77,8923.57,548.971474
2020-05-27 10:00:00,8923.57,8943.0,8918.51,8923.73,572.141927
2020-05-27 10:15:00,8923.59,8997.23,8923.59,8987.23,1414.499704
2020-05-27 10:30:00,8986.17,9170.0,8982.01,9114.42,5825.391066
2020-05-27 10:45:00,9114.41,9143.58,9101.0,9128.0,1744.009257
2020-05-27 11:00:00,9128.1,9160.0,9116.29,9116.32,1702.139851
2020-05-27 11:15:00,9116.85,9143.44,9113.25,9135.0,964.576171
2020-05-27 11:30:00,9136.62,9142.68,9107.15,9111.76,1157.373859
2020-05-27 11:45:00,9111.77,9152.48,9110.65,9150.74,1004.006846
2020-05-27 12:00:00,9148.87,9190.0,9144.8,9169.51,1843.747764
2020-05-27 12:15:00,9170.95,9187.23,9150.0,9170.08,1221.245134
2020-05-27 12:30:00,9170.94,9180.0,9153.07,9158.71,1257.412697
2020-05-27 12:45:00,9158.71,9160.0,9125.32,9145.0,1073.468036
2020-05-27 13:00:00,9145.0,9165.27,9135.0,9154.44,786.337098
2020-05-27 13:15:00,9154.43,9182.99,9153.75,9170.15,1238.796797
2020-05-27 13:30:00,9170.15,9177.32,9126.03,9138.0,1129.168782
2020-05-27 13:45:00,9138.16,9160.35,9128.14,9147.25,1267.175384
2020-05-27 14:00:00,9148.02,9151.32,9120.0,9135.0,1002.875553
2020-05-27 14:15:00,9135.0,9149.0,9132.56,9146.6,981.590976
2020-05-27 14:30:00,9146.59,9169.89,9138.93,9168.01,623.217468
2020-05-27 14:45:00,9168.01,9168.48,9138.33,9153.02,647.700759
2020-05-27 15:00:00,9153.06,9177.77,9153.06,9156.6,1100.28717
2020-05-27 15:15:00,9159.12,9225.0,9134.0,9146.85,2355.485225
2020-05-27 15:30:00,9146.56,9164.3,9126.0,9131.55,1028.468046
2020-05-27 15:45:00,9131.56,9150.56,9125.1,9148.0,708.553151
2020-05-27 16:00:00,9148.01,9173.71,9135.88,9167.71,656.950102
2020-05-27 16:15:00,9167.76,9190.0,9161.36,9165.7,544.94637
2020-05-27 16:30:00,9166.12,9189.5,9165.43,9184.86,526.10654
2020-05-27 16:45:00,9185.0,9196.73,9164.02,9170.24,619.192022
2020-05-27 17:00:00,9170.24,9184.25,9163.45,9171.83,806.487023
2020-05-27 17:15:00,9171.82,9199.81,9164.47,9191.47,654.677388
2020-05-27 17:30:00,9190.03,9208.0,9177.83,9206.12,712.048211
2020-05-27 17:45:00,9205.07,9218.92,9187.04,9189.65,828.195493
2020-05-27 18:00:00,9189.65,9199.12,9159.79,9170.21,661.924825
2020-05-27 18:15:00,9171.68,9189.49,9170.52,9181.01,345.918928
2020-05-27 18:30:00,9182.36,9185.0,9163.05,9163.05,274.1791
2020-05-27 18:45:00,9163.05,9176.11,9160.01,9169.48,276.254539
2020-05-27 19:00:00,9169.39,9172.36,9138.39,9150.65,556.479765
2020-05-27 19:15:00,9150.66,9168.11,9145.78,9160.79,257.078068
2020-05-27 19:30:00,9160.79,9163.74,9145.0,9148.91,328.936118
2020-05-27 19:45:00,9149.3,9160.01,9137.71,9159.99,323.098419
2020-05-27 20:00:00,9159.99,9174.22,9154.87,9163.82,338.149899
2020-05-27 20:15:00,9163.81,9171.61,9155.12,9169.13,209.797521
2020-05-27 20:30:00,9168.71,9173.78,9157.21,9171.76,249.602922
2020-05-27 20:45:00,9171.75,9176.0,9160.0,9165.21,374.764933
2020-05-27 21:00:00,9167.25,9168.38,9151.33,9160.11,312.790725
2020-05-27 21:15:00,9160.09,9161.72,9142.5,9142.55,342.618611
2020-05-27 21:30:00,9142.54,9142.54,9061.99,9090.05,1928.188453
2020-05-27 21:45:00,9090.05,9094.24,9052.39,9069.71,724.508216
2020-05-27 22:00:00,9069.19,9128.56,9052.32,9122.99,685.168111
2020-05-27 22:15:00,9120.95,9130.0,9093.47,9113.38,449.714431
2020-05-27 22:30:00,9113.83,9123.95,9096.01,9112.39,311.652393
2020-05-27 22:45:00,9112.4,9114.0,9085.72,9104.01,358.048206
2020-05-27 23:00:00,9104.09,9126.41,9095.0,9121.2,336.67286
2020-05-27 23:15:00,9121.19,9149.0,9115.56,9136.48,409.173555
2020-05-27 23:30:00,9135.99,9200.0,9135.01,9185.0,890.857574
2020-05-27 23:45:00,9184.99,9205.42,9165.63,9204.07,837.830565
2020-05-28 00:00:00,9204.07,9210.48,9163.57,9190.78,1010.981069
2020-05-28 00:15:00,9190.78,9204.0,9179.53,9197.96,679.427684
2020-05-28 00:30:00,9197.96,9203.3,9177.01,9197.05,382.161686
2020-05-28 00:45:00,9197.05,9280.78,9180.0,9266.45,1514.102798
2020-05-28 01:00:00,9267.21,9279.8,9222.0,9243.69,1182.454553
2020-05-28 01:15:00,9243.98,9255.0,9226.0,9229.01,603.329697
2020-05-28 01:30:00,9229.01,9242.89,9216.89,9230.0,500.619998
2020-05-28 01:45:00,9230.01,9237.56,9215.43,9217.9,295.606739
2020-05-28 02:00:00,9217.89,9232.6,9205.0,9208.51,351.712774
2020-05-28 02:15:00,9208.52,9216.44,9158.47,9186.46,656.267734
2020-05-28 02:30:00,9186.59,9213.01,9178.19,9205.68,435.084409
2020-05-28 02:45:00,9205.62,9206.4,9188.88,9204.37,293.999371
2020-05-28 03:00:00,9204.37,9205.74,9179.59,9188.09,264.815688
2020-05-28 03:15:00,9187.61,9196.17,9183.74,9185.86,260.695657
2020-05-28 03:30:00,9185.71,9192.85,9172.17,9178.8,264.991343
2020-05-28 03:45:00,9178.77,9182.26,9155.67,9172.91,348.145357
2020-05-28 04:00:00,9171.6,9188.26,9134.83,9182.57,624.083225
2020-05-28 04:15:00,9182.13,9201.72,9177.17,9199.94,344.316238
2020-05-28 04:30:00,9200.47,9201.2,9169.78,9172.03,374.058418
2020-05-28 04:45:00,9171.88,9189.99,9167.01,9181.91,275.392836
2020-05-28 05:00:00,9181.83,9181.92,9165.0,9169.77,221.67592
2020-05-28 05:15:00,9169.76,9176.41,9159.38,9161.93,355.598007
2020-05-28 05:30:00,9162.3,9163.0,9120.01,9158.73,849.55496
2020-05-28 05:45:00,9158.73,9177.36,9151.36,9167.75,303.360806
2020-05-28 06:00:00,9167.75,9177.06,9155.1,9175.6,309.742645
2020-05-28 06:15:00,9175.6,9179.85,9155.04,9158.01,389.403981
2020-05-28 06:30:00,9159.04,9172.01,9147.0,9164.12,421.916493
2020-05-28 06:45:00,9164.12,9172.0,9155.41,9170.56,372.213909
2020-05-28 07:00:00,9170.15,9179.92,9165.35,9167.15,267.06344
2020-05-28 07:15:00,9167.43,9182.94,9166.79,9181.95,287.656847
2020-05-28 07:30:00,9181.95,9181.95,9127.0,9136.76,686.137952
2020-05-28 07:45:00,9137.78,9156.11,9126.36,9150.44,441.559722
2020-05-28 08:00:00,9150.06,9150.5,9110.0,9145.06,581.625554
2020-05-28 08:15:00,9144.01,9168.0,9138.15,9165.51,358.076773
2020-05-28 08:30:00,9165.51,9178.0,9155.64,9168.71,558.42046
2020-05-28 08:45:00,9168.69,9191.9,9168.38,9190.33,466.216149
2020-05-28 09:00:00,9191.15,9197.0,9176.0,9181.98,565.485198
2020-05-28 09:15:00,9181.98,9191.0,9174.13,9183.15,440.945689
2020-05-28 09:30:00,9183.44,9205.92,9174.18,9193.32,668.914924
2020-05-28 09:45:00,9193.33,9202.89,9182.84,9202.41,411.307218
2020-05-28 10:00:00,9202.88,9204.98,9182.49,9191.15,318.397334
2020-05-28 10:15:00,9191.77,9193.17,9180.84,9190.47,344.248527
2020-05-28 10:30:00,9190.46,9190.49,9174.65,9179.19,369.008266
2020-05-28 10:45:00,9179.19,9184.53,9163.02,9166.9,335.222475
2020-05-28 11:00:00,9166.76,9184.58,9156.16,9181.73,442.550944
2020-05-28 11:15:00,9181.73,9243.66,9181.65,9227.59,1124.152859
2020-05-28 11:30:00,9227.58,9250.0,9220.0,9245.41,615.531519
2020-05-28 11:45:00,9245.42,9280.0,9237.93,9266.89,1806.473026
2020-05-28 12:00:00,9267.22,9380.5,9251.65,9351.98,3646.491969
2020-05-28 12:15:00,9350.01,9365.0,9334.56,9344.11,1487.524762
2020-05-28 12:30:00,9344.11,9425.0,9340.61,9404.54,2415.432083
2020-05-28 12:45:00,9404.53,9440.0,9382.88,9423.62,1748.901739
2020-05-28 13:00:00,9423.62,9452.09,9375.86,9390.63,2317.751444
2020-05-28 13:15:00,9390.63,9407.95,9386.81,9396.47,840.747545
2020-05-28 13:30:00,9396.49,9416.0,9394.33,9400.01,888.930766
2020-05-28 13:45:00,9400.01,9414.0,9388.65,9411.51,952.55305
2020-05-28 14:00:00,9411.06,9498.21,9410.03,9463.39,2216.671173
2020-05-28 14:15:00,9464.47,9494.0,9441.68,9456.66,1600.787177
2020-05-28 14:30:00,9454.78,9463.6,9425.72,9437.95,1184.97611
2020-05-28 14:45:00,9437.95,9474.17,9420.4,9466.65,903.727831
2020-05-28 15:00:00,9466.85,9484.0,9435.0,9443.57,811.814012
2020-05-28 15:15:00,9444.05,9478.9,9443.68,9476.57,615.438219
2020-05-28 15:30:00,9476.92,9518.0,9461.5,9500.0,1713.509202
2020-05-28 15:45:00,9500.0,9512.5,9461.62,9499.81,1731.950201
2020-05-28 16:00:00,9499.81,9537.8,9454.13,9474.31,2197.95966
2020-05-28 16:15:00,9474.26,9487.75,9442.2,9446.56,901.773512
2020-05-28 16:30:00,9446.56,9474.95,9446.55,9455.06,603.089336
2020-05-28 16:45:00,9455.06,9460.0,9434.0,9447.78,662.593375
2020-05-28 17:00:00,9448.12,9465.0,9447.44,9460.04,432.983933
2020-05-28 17:15:00,9459.49,9465.99,9444.09,9449.1,488.090224
2020-05-28 17:30:00,9449.11,9469.78,9441.67,9468.14,550.518875
2020-05-28 17:45:00,9468.13,9476.73,9460.4,9466.11,684.988747
2020-05-28 18:00:00,9466.11,9480.0,9447.96,9454.83,621.735067
2020-05-28 18:15:00,9454.93,9462.75,9439.87,9446.0,429.672898
2020-05-28 18:30:00,9445.99,9458.99,9436.0,9436.47,329.302983
2020-05-28 18:45:00,9436.67,9460.69,9424.39,9425.97,740.087341
2020-05-28 19:00:00,9426.0,9459.59,9391.38,9448.65,1165.226153
2020-05-28 19:15:00,9448.84,9480.0,9438.17,9458.72,608.057203
2020-05-28 19:30:00,9458.38,9468.49,9450.0,9453.9,306.640626
2020-05-28 19:45:00,9453.89,9472.99,9446.5,9452.25,440.010884
2020-05-28 20:00:00,9452.24,9459.59,9447.25,9453.11,499.428026
2020-05-28 20:15:00,9453.11,9455.63,9425.86,9432.8,518.975303
2020-05-28 20:30:00,9432.8,9439.13,9423.68,9434.83,367.1009
2020-05-28 20:45:00,9434.83,9454.0,9432.05,9450.18,282.459297
2020-05-28 21:00:00,9451.49,9452.0,9434.06,9436.51,309.914837
2020-05-28 21:15:00,9436.03,9485.67,9430.07,9430.97,507.845474
2020-05-28 21:30:00,9430.53,9437.58,9410.01,9433.0,435.719603
2020-05-28 21:45:00,9433.0,9443.67,9427.24,9436.75,248.420003
2020-05-28 22:00:00,9436.74,9458.07,9434.98,9452.63,508.285845
2020-05-28 22:15:00,9452.5,9467.5,9446.83,9462.43,365.254902
2020-05-28 22:30:00,9462.12,9527.0,9460.33,9515.05,2323.096754
2020-05-28 22:45:00,9516.05,9552.71,9473.83,9490.03,1202.095966
2020-05-28 23:00:00,9490.03,9537.73,9485.0,9524.91,691.783071
2020-05-28 23:15:00,9524.91,9613.95,9524.15,9599.01,2615.702357
2020-05-28 23:30:00,9597.91,9625.47,9517.39,9559.51,1453.19437
2020-05-28 23:45:00,9559.51,9579.0,9534.5,9575.89,566.863983
2020-05-29 00:00:00,9575.87,9605.26,9544.07,9559.5,1172.736359
2020-05-29 00:15:00,9559.51,9568.75,9531.01,9545.22,725.762874
2020-05-29 00:30:00,9544.88,9598.25,9515.02,9525.15,1469.653124
2020-05-29 00:45:00,9525.29,9548.58,9500.0,9512.59,583.278135
2020-05-29 01:00:00,9513.19,9537.32,9461.07,9481.56,1103.777189
2020-05-29 01:15:00,9481.7,9492.44,9464.01,9487.06,602.170423
2020-05-29 01:30:00,9486.7,9515.0,9479.01,9482.5,637.955276
2020-05-29 01:45:00,9482.5,9527.0,9477.76,9515.03,1485.890479
2020-05-29 02:00:00,9515.03,9533.23,9500.0,9500.0,424.41975
2020-05-29 02:15:00,9500.0,9520.0,9494.0,9515.49,410.0494
2020-05-29 02:30:00,9515.5,9539.39,9506.0,9510.09,453.275545
2020-05-29 02:45:00,9510.09,9520.93,9502.39,9504.45,230.903226
2020-05-29 03:00:00,9504.44,9535.0,9504.44,9513.26,399.026148
2020-05-29 03:15:00,9512.87,9515.38,9492.0,9500.15,589.408775
2020-05-29 03:30:00,9500.15,9515.95,9490.84,9513.0,605.301642
2020-05-29 03:45:00,9513.0,9535.0,9504.65,9521.26,528.734225
2020-05-29 04:00:00,9521.26,9545.0,9512.74,9535.95,478.342935
2020-05-29 04:15:00,9535.95,9538.27,9515.0,9518.93,427.30403
2020-05-29 04:30:00,9518.94,9524.17,9507.0,9508.64,291.828615
2020-05-29 04:45:00,9508.65,9525.22,9496.38,9500.49,441.450268
2020-05-29 05:00:00,9500.62,9515.0,9482.03,9490.38,664.963201
2020-05-29 05:15:00,9490.01,9523.25,9471.99,9521.01,483.342054
2020-05-29 05:30:00,9520.96,9535.33,9513.26,9515.06,291.97884
2020-05-29 05:45:00,9515.38,9521.14,9510.0,9520.0,242.860451
2020-05-29 06:00:00,9520.0,9528.75,9508.73,9527.28,413.949352
2020-05-29 06:15:00,9527.64,9547.73,9520.0,9542.45,503.321279
2020-05-29 06:30:00,9542.45,9553.47,9527.0,9537.26,691.301495
2020-05-29 06:45:00,9536.76,9539.14,9513.38,9515.38,390.613056
2020-05-29 07:00:00,9515.68,9540.0,9507.19,9539.6,552.245045
2020-05-29 07:15:00,9539.44,9542.92,9518.08,9532.91,501.349874
2020-05-29 07:30:00,9532.91,9532.92,9511.28,9519.52,670.603164
2020-05-29 07:45:00,9519.5,9529.15,9512.96,9523.5,596.512719
2020-05-29 08:00:00,9523.63,9570.0,9510.0,9566.97,716.594286
2020-05-29 08:15:00,9566.94,9593.69,9434.0,9452.5,3168.312495
2020-05-29 08:30:00,9452.98,9500.0,9420.38,9481.12,1463.077211
2020-05-29 08:45:00,9481.04,9481.04,9445.96,9450.8,730.937886
2020-05-29 09:00:00,9450.8,9475.0,9440.37,9461.08,672.048365
2020-05-29 09:15:00,9460.88,9479.0,9449.03,9453.87,427.134167
2020-05-29 09:30:00,9453.87,9477.77,9437.18,9464.25,753.970177
2020-05-29 09:45:00,9464.25,9467.37,9443.01,9445.0,584.159801
2020-05-29 10:00:00,9444.99,9469.35,9425.01,9463.0,602.37895
2020-05-29 10:15:00,9463.0,9472.0,9446.37,9461.87,462.628447
2020-05-29 10:30:00,9461.87,9461.87,9414.7,9430.0,715.04086
2020-05-29 10:45:00,9430.0,9431.22,9356.0,9365.0,2613.759822
2020-05-29 11:00:00,9365.0,9400.0,9335.0,9386.86,1538.567361
2020-05-29 11:15:00,9386.83,9420.0,9374.47,9415.76,1053.30758
2020-05-29 11:30:00,9416.6,9417.3,9391.42,9392.54,863.266765
2020-05-29 11:45:00,9392.58,9404.98,9380.08,9403.87,671.884059
2020-05-29 12:00:00,9403.98,9444.26,9372.18,9434.89,741.669352
2020-05-29 12:15:00,9434.9,9454.26,9421.01,9440.15,587.655904
2020-05-29 12:30:00,9440.72,9443.97,9424.0,9434.0,333.802805
2020-05-29 12:45:00,9433.99,9436.43,9391.46,9398.18,613.564588
2020-05-29 13:00:00,9398.19,9437.92,9385.12,9431.34,530.406822
2020-05-29 13:15:00,9430.6,9434.65,9414.38,9429.98,315.144574
2020-05-29 13:30:00,9429.99,9433.53,9399.18,9410.98,288.352762
2020-05-29 13:45:00,9409.42,9448.6,9399.46,9438.32,447.389291
2020-05-29 14:00:00,9438.31,9478.0,9430.0,9451.0,659.115372
2020-05-29 14:15:00,9451.0,9469.91,9440.6,9442.88,500.477852
2020-05-29 14:30:00,9442.43,9453.13,9420.01,9441.1,348.11227
2020-05-29 14:45:00,9441.73,9449.79,9420.01,9445.07,397.791018
2020-05-29 15:00:00,9445.88,9449.49,9425.14,9428.77,277.679005
2020-05-29 15:15:00,9428.33,9428.67,9330.0,9393.68,1434.506169
2020-05-29 15:30:00,9393.69,9407.4,9371.33,9375.01,575.798053
2020-05-29 15:45:00,9375.01,9412.87,9367.91,9412.0,445.694976
2020-05-29 16:00:00,9412.55,9447.0,9394.79,9416.85,797.089954
2020-05-29 16:15:00,9418.47,9439.64,9413.0,9426.34,651.021053
2020-05-29 16:30:00,9426.44,9430.0,9413.0,9419.35,438.402612
2020-05-29 16:45:00,9418.34,9447.59,9418.28,9434.3,509.768951
2020-05-29 17:00:00,9435.04,9447.0,9417.33,9443.92,579.156524
2020-05-29 17:15:00,9443.9,9457.69,9410.3,9436.06,772.140414
2020-05-29 17:30:00,9436.06,9443.07,9415.25,9433.89,590.26404
2020-05-29 17:45:00,9433.86,9442.33,9424.13,9427.05,431.482877
2020-05-29 18:00:00,9427.15,9435.0,9402.31,9412.9,510.88718
2020-05-29 18:15:00,9412.9,9434.13,9393.54,9415.88,776.11636
2020-05-29 18:30:00,9416.03,9430.0,9404.43,9414.98,716.297746
2020-05-29 18:45:00,9415.78,9443.0,9393.29,9434.46,517.53963
2020-05-29 19:00:00,9434.45,9435.0,9412.84,9423.32,342.989994
2020-05-29 19:15:00,9423.32,9427.57,9411.87,9416.63,203.750024
2020-05-29 19:30:00,9416.63,9424.0,9396.5,9402.03,305.386572
2020-05-29 19:45:00,9402.08,9416.41,9394.02,9404.98,434.404102
2020-05-29 20:00:00,9404.99,9425.15,9389.99,9425.11,405.273542
2020-05-29 20:15:00,9425.11,9431.34,9408.18,9417.19,317.909603
2020-05-29 20:30:00,9418.0,9431.65,9409.96,9428.12,239.360124
2020-05-29 20:45:00,9427.64,9429.4,9418.56,9420.93,139.762976
2020-05-29 21:00:00,9420.98,9422.76,9395.0,9396.81,256.376692
2020-05-29 21:15:00,9396.81,9412.86,9386.41,9395.3,211.447511
2020-05-29 21:30:00,9395.2,9406.84,9390.0,9395.02,143.488575
2020-05-29 21:45:00,9395.01,9399.05,9372.0,9396.58,448.526781
2020-05-29 22:00:00,9396.66,9413.97,9374.16,9403.24,372.085958
2020-05-29 22:15:00,9403.24,9418.2,9393.37,9416.82,191.312383
2020-05-29 22:30:00,9416.67,9438.0,9413.21,9420.38,260.101953
2020-05-29 22:45:00,9421.32,9434.75,9414.11,9428.26,173.40456
2020-05-29 23:00:00,9428.27,9432.0,9415.82,9426.84,195.418205
2020-05-29 23:15:00,9426.36,9451.28,9424.94,9438.78,329.762801
2020-05-29 23:30:00,9439.39,9452.36,9424.38,9429.56,244.627114
2020-05-29 23:45:00,9429.99,9442.58,9422.46,9427.07,270.268157
2020-05-30 00:00:00,9426.6,9433.48,9385.82,9392.66,456.563684
2020-05-30 00:15:00,9392.66,9394.59,9346.16,9371.64,684.847576
2020-05-30 00:30:00,9371.64,9394.0,9360.24,9387.12,372.543784
2020-05-30 00:45:00,9387.12,9391.79,9367.15,9370.14,261.387546
2020-05-30 01:00:00,9370.1,9381.05,9350.54,9361.36,292.051654
2020-05-30 01:15:00,9361.58,9402.3,9352.15,9395.35,503.15373
2020-05-30 01:30:00,9395.36,9399.65,9376.23,9385.71,213.751265
2020-05-30 01:45:00,9385.34,9395.88,9370.03,9378.09,236.842588
2020-05-30 02:00:00,9378.02,9387.59,9364.25,9384.75,185.070726
2020-05-30 02:15:00,9384.76,9392.84,9372.71,9379.94,193.224046
2020-05-30 02:30:00,9380.01,9395.0,9369.93,9371.75,185.940159
2020-05-30 02:45:00,9371.75,9389.62,9362.23,9384.41,231.620091
2020-05-30 03:00:00,9383.71,9389.99,9346.01,9368.99,264.660629
2020-05-30 03:15:00,9367.32,9368.56,9331.23,9343.31,381.516322
2020-05-30 03:30:00,9343.06,9369.4,9337.19,9366.63,387.847078
2020-05-30 03:45:00,9366.63,9396.79,9362.06,9396.18,650.017566
2020-05-30 04:00:00,9396.63,9448.78,9391.63,9423.81,959.940928
2020-05-30 04:15:00,9423.46,9500.0,9423.39,9494.9,1039.605175
2020-05-30 04:30:00,9496.12,9550.0,9480.0,9549.94,1501.752624
2020-05-30 04:45:00,9548.58,9565.0,9493.6,9515.36,1286.15886
2020-05-30 05:00:00,9515.36,9543.55,9513.37,9515.37,621.660834
2020-05-30 05:15:00,9515.37,9532.43,9506.24,9516.74,482.786845
2020-05-30 05:30:00,9516.76,9538.64,9512.82,9519.18,444.533262
2020-05-30 05:45:00,9519.01,9566.66,9517.11,9558.9,833.572589
2020-05-30 06:00:00,9558.9,9600.0,9557.3,9563.13,1314.244267
2020-05-30 06:15:00,9561.63,9570.0,9540.0,9551.8,498.643042
2020-05-30 06:30:00,9551.8,9574.0,9539.89,9568.74,649.342269
2020-05-30 06:45:00,9568.72,9577.41,9544.0,9550.51,740.252903
2020-05-30 07:00:00,9550.0,9559.99,9522.0,9536.41,849.718777
2020-05-30 07:15:00,9535.48,9565.0,9535.48,9563.48,586.838876
2020-05-30 07:30:00,9562.72,9566.35,9536.8,9541.85,513.545226
2020-05-30 07:45:00,9541.86,9558.16,9527.6,9528.69,414.8736
2020-05-30 08:00:00,9528.73,9549.2,9527.61,9535.97,556.975279
2020-05-30 08:15:00,9536.21,9558.0,9528.28,9553.57,531.078939
2020-05-30 08:30:00,9553.57,9559.87,9544.89,9547.43,272.563433
2020-05-30 08:45:00,9547.86,9549.87,9530.3,9533.36,328.217682
2020-05-30 09:00:00,9532.75,9543.19,9459.93,9494.9,1421.552582
2020-05-30 09:15:00,9494.9,9517.91,9486.08,9507.46,534.198464
2020-05-30 09:30:00,9507.66,9510.59,9490.0,9505.22,298.582877
2020-05-30 09:45:00,9505.24,9513.0,9492.3,9498.03,315.681849
2020-05-30 10:00:00,9498.03,9517.91,9490.0,9512.0,338.67685
2020-05-30 10:15:00,9512.0,9533.3,9512.0,9519.47,470.191546
2020-05-30 10:30:00,9519.62,9523.87,9505.0,9505.01,292.729877
2020-05-30 10:45:00,9505.0,9530.0,9503.04,9527.61,259.621265
2020-05-30 11:00:00,9527.73,9575.0,9523.78,9561.88,1074.96844
2020-05-30 11:15:00,9561.88,9578.0,9552.09,9577.92,455.393577
2020-05-30 11:30:00,9577.45,9583.0,9528.57,9531.84,593.485177
2020-05-30 11:45:00,9531.84,9558.89,9530.0,9554.17,417.403831
2020-05-30 12:00:00,9554.51,9557.44,9524.0,9529.23,405.336931
2020-05-30 12:15:00,9529.23,9532.44,9509.3,9523.31,463.159142
2020-05-30 12:30:00,9523.31,9546.83,9516.04,9535.9,324.87744
2020-05-30 12:45:00,9535.91,9555.0,9531.62,9544.52,487.352527
2020-05-30 13:00:00,9544.95,9547.06,9527.41,9540.0,267.438153
2020-05-30 13:15:00,9540.0,9544.17,9521.0,9524.21,382.165588
2020-05-30 13:30:00,9524.21,9564.79,9522.0,9548.01,488.626236
2020-05-30 13:45:00,9548.0,9566.0,9543.35,9563.79,410.645977
2020-05-30 14:00:00,9563.79,9569.0,9538.0,9541.58,549.884814
2020-05-30 14:15:00,9539.98,9550.0,9536.6,9548.87,401.501659
2020-05-30 14:30:00,9548.9,9570.0,9538.0,9549.0,1437.998743
2020-05-30 14:45:00,9549.26,9555.0,9540.31,9546.77,388.444147
2020-05-30 15:00:00,9546.58,9549.57,9500.0,9511.29,807.723883
2020-05-30 15:15:00,9511.3,9533.77,9495.0,9508.0,623.132295
2020-05-30 15:30:00,9508.01,9523.68,9501.0,9510.0,396.232289
2020-05-30 15:45:00,9510.47,9545.0,9506.05,9540.6,317.968774
2020-05-30 16:00:00,9540.6,9544.0,9512.04,9539.1,417.371949
2020-05-30 16:15:00,9539.11,9544.37,9520.1,9533.0,399.219095
2020-05-30 16:30:00,9532.78,9550.0,9529.05,9541.84,357.947535
2020-05-30 16:45:00,9541.81,9554.98,9535.0,9539.49,440.459589
2020-05-30 17:00:00,9540.0,9540.0,9515.0,9530.0,402.027173
2020-05-30 17:15:00,9530.4,9531.83,9516.0,9517.61,259.070161
2020-05-30 17:30:00,9517.61,9535.0,9516.0,9535.0,275.026268
2020-05-30 17:45:00,9534.66,9545.0,9517.25,9523.82,372.662452
2020-05-30 18:00:00,9523.11,9538.98,9515.0,9534.89,353.758837
2020-05-30 18:15:00,9534.91,9545.96,9532.05,9541.03,449.102897
2020-05-30 18:30:00,9541.03,9542.24,9530.04,9538.15,182.501366
2020-05-30 18:45:00,9538.16,9538.16,9520.0,9530.0,229.49759
2020-05-30 19:00:00,9530.01,9530.01,9515.0,9521.38,236.051706
2020-05-30 19:15:00,9521.84,9536.56,9520.63,9532.48,341.907244
2020-05-30 19:30:00,9532.48,9540.0,9529.0,9537.15,201.565814
2020-05-30 19:45:00,9537.14,9542.74,9532.2,9535.14,196.397612
2020-05-30 20:00:00,9535.13,9540.0,9470.01,9481.1,1240.81616
2020-05-30 20:15:00,9481.09,9493.66,9477.44,9488.0,352.412397
2020-05-30 20:30:00,9488.0,9490.8,9400.0,9428.34,1616.893922
2020-05-30 20:45:00,9428.34,9455.6,9403.0,9440.61,666.669542
2020-05-30 21:00:00,9440.46,9461.85,9436.45,9451.93,329.299148
2020-05-30 21:15:00,9451.84,9462.42,9446.01,9461.28,208.574568
2020-05-30 21:30:00,9461.67,9462.24,9438.78,9442.99,288.920938
2020-05-30 21:45:00,9442.54,9500.0,9432.07,9491.41,583.426182
2020-05-30 22:00:00,9492.44,9537.5,9470.07,9534.35,500.218647
2020-05-30 22:15:00,9534.38,9575.0,9525.5,9552.93,1109.741262
2020-05-30 22:30:00,9553.21,9700.0,9533.66,9700.0,3112.010075
2020-05-30 22:45:00,9700.0,9730.0,9660.52,9729.0,2640.265107
2020-05-30 23:00:00,9729.0,9740.0,9677.17,9701.68,1212.962816
2020-05-30 23:15:00,9702.18,9718.69,9636.96,9690.93,1102.521051
2020-05-30 23:30:00,9690.89,9707.0,9666.01,9693.58,618.95103
2020-05-30 23:45:00,9693.58,9700.0,9676.04,9697.72,414.70362
2020-05-31 00:00:00,9697.72,9700.0,9651.0,9651.01,767.220087
2020-05-31 00:15:00,9651.01,9673.98,9650.3,9662.78,369.269387
2020-05-31 00:30:00,9662.78,9673.78,9640.0,9649.98,395.18241
2020-05-31 00:45:00,9649.99,9672.15,9635.84,9656.67,383.597188
2020-05-31 01:00:00,9656.64,9674.99,9646.21,9652.93,327.337974
2020-05-31 01:15:00,9652.93,9678.75,9650.0,9655.13,393.790112
2020-05-31 01:30:00,9655.0,9660.0,9638.0,9650.29,540.104386
2020-05-31 01:45:00,9650.38,9665.0,9631.4,9657.2,498.229332
2020-05-31 02:00:00,9657.2,9657.21,9617.53,9623.42,534.820263
2020-05-31 02:15:00,9623.36,9645.89,9612.0,9636.09,581.793666
2020-05-31 02:30:00,9636.51,9649.0,9627.69,9635.17,301.947307
2020-05-31 02:45:00,9635.56,9651.59,9630.4,9640.76,358.860449
2020-05-31 03:00:00,9641.64,9642.01,9612.1,9626.31,618.788832
2020-05-31 03:15:00,9626.4,9656.0,9612.0,9649.49,519.832428
2020-05-31 03:30:00,9649.49,9649.49,9578.0,9599.14,1020.13799
2020-05-31 03:45:00,9597.64,9597.64,9552.92,9576.79,827.731913
2020-05-31 04:00:00,9576.78,9600.0,9563.53,9595.78,394.638074
2020-05-31 04:15:00,9595.79,9596.32,9516.38,9532.91,877.989574
2020-05-31 04:30:00,9532.93,9573.03,9525.45,9559.53,680.974829
2020-05-31 04:45:00,9560.3,9574.34,9551.43,9555.84,452.583955
2020-05-31 05:00:00,9555.84,9578.93,9551.61,9569.48,405.058317
2020-05-31 05:15:00,9569.48,9613.65,9567.38,9585.16,719.257168
2020-05-31 05:30:00,9585.15,9594.65,9565.03,9590.0,392.707084
2020-05-31 05:45:00,9590.0,9590.0,9561.32,9570.94,319.851671
2020-05-31 06:00:00,9570.94,9576.53,9555.0,9568.13,381.567357
2020-05-31 06:15:00,9568.13,9577.16,9554.0,9554.02,360.615782
2020-05-31 06:30:00,9554.02,9574.34,9547.62,9573.14,225.978083
2020-05-31 06:45:00,9574.26,9582.31,9545.0,9549.63,328.983616
2020-05-31 07:00:00,9549.62,9577.16,9520.7,9572.87,428.493393
2020-05-31 07:15:00,9572.87,9588.88,9566.38,9587.75,375.118064
2020-05-31 07:30:00,9587.75,9589.31,9571.49,9573.57,429.662359
2020-05-31 07:45:00,9573.13,9577.2,9555.37,9565.13,357.892278
2020-05-31 08:00:00,9565.13,9580.0,9547.0,9575.55,418.673655
2020-05-31 08:15:00,9574.79,9582.75,9548.15,9552.88,367.655459
2020-05-31 08:30:00,9551.98,9557.89,9535.69,9541.73,449.666089
2020-05-31 08:45:00,9541.73,9547.19,9525.0,9539.17,455.184774
2020-05-31 09:00:00,9539.18,9557.91,9500.0,9547.14,867.433809
2020-05-31 09:15:00,9547.59,9565.0,9542.56,9558.59,338.338389
2020-05-31 09:30:00,9559.04,9562.39,9546.29,9557.11,339.723102
2020-05-31 09:45:00,9556.42,9568.77,9540.42,9561.24,386.067719
2020-05-31 10:00:00,9561.23,9580.38,9560.0,9569.22,442.978909
2020-05-31 10:15:00,9569.16,9573.0,9546.98,9569.31,359.184524
2020-05-31 10:30:00,9569.31,9588.0,9560.0,9585.62,392.464497
2020-05-31 10:45:00,9585.32,9605.69,9570.68,9599.2,740.455675
2020-05-31 11:00:00,9599.25,9601.16,9571.47,9580.0,461.612578
2020-05-31 11:15:00,9579.99,9580.7,9565.46,9568.49,283.910559
2020-05-31 11:30:00,9568.49,9592.7,9564.91,9585.51,375.205528
2020-05-31 11:45:00,9585.63,9594.42,9568.87,9588.96,400.778072
2020-05-31 12:00:00,9588.95,9638.0,9588.87,9616.61,733.350873
2020-05-31 12:15:00,9616.27,9626.51,9591.0,9593.64,689.563644
2020-05-31 12:30:00,9593.15,9595.0,9556.28,9564.6,734.342888
2020-05-31 12:45:00,9564.48,9583.43,9555.0,9576.22,507.966419
2020-05-31 13:00:00,9576.52,9577.02,9546.04,9551.38,398.28069
2020-05-31 13:15:00,9551.46,9596.28,9523.0,9594.77,1032.890706
2020-05-31 13:30:00,9594.78,9595.0,9559.14,9568.16,401.06934
2020-05-31 13:45:00,9568.42,9573.28,9545.66,9547.2,406.212142
2020-05-31 14:00:00,9547.15,9563.49,9521.2,9543.68,709.037379
2020-05-31 14:15:00,9543.04,9555.0,9515.0,9542.33,620.838851
2020-05-31 14:30:00,9542.33,9553.0,9523.76,9532.02,368.024881
2020-05-31 14:45:00,9532.11,9532.15,9457.0,9471.11,1295.331347
2020-05-31 15:00:00,9471.12,9499.17,9453.92,9475.92,935.828463
2020-05-31 15:15:00,9475.87,9487.5,9444.0,9450.69,848.969408
2020-05-31 15:30:00,9450.69,9484.59,9436.96,9463.0,757.068196
2020-05-31 15:45:00,9462.99,9488.0,9450.0,9480.0,618.233732
2020-05-31 16:00:00,9480.41,9501.94,9460.0,9485.0,633.064479
2020-05-31 16:15:00,9485.0,9529.0,9484.95,9508.01,732.38342
2020-05-31 16:30:00,9508.0,9535.0,9500.59,9522.57,446.208914
2020-05-31 16:45:00,9522.57,9536.09,9501.1,9531.04,478.886299
2020-05-31 17:00:00,9531.04,9534.98,9511.65,9514.32,465.244197
2020-05-31 17:15:00,9514.53,9526.89,9508.0,9510.0,305.444776
2020-05-31 17:30:00,9510.0,9532.0,9510.0,9516.38,245.717963
2020-05-31 17:45:00,9516.38,9516.89,9490.54,9503.97,545.879038
2020-05-31 18:00:00,9503.94,9509.18,9490.0,9502.51,431.601419
2020-05-31 18:15:00,9502.99,9511.68,9498.29,9500.01,180.435255
2020-05-31 18:30:00,9500.01,9502.94,9478.0,9482.71,372.046251
2020-05-31 18:45:00,9482.7,9502.56,9465.24,9501.05,401.915002
2020-05-31 19:00:00,9500.52,9519.99,9482.44,9518.23,280.685786
2020-05-31 19:15:00,9518.43,9536.69,9510.71,9526.02,305.420928
2020-05-31 19:30:00,9526.0,9533.0,9511.15,9525.83,244.991945
2020-05-31 19:45:00,9525.84,9534.08,9508.63,9514.74,273.176811
2020-05-31 20:00:00,9514.73,9517.28,9495.3,9499.44,264.912388
2020-05-31 20:15:00,9499.43,9512.0,9487.58,9488.47,238.831776
2020-05-31 20:30:00,9488.47,9511.37,9488.46,9509.71,243.122094
2020-05-31 20:45:00,9509.81,9525.22,9506.12,9506.6,247.206704
2020-05-31 21:00:00,9506.52,9506.74,9473.54,9488.79,343.351611
2020-05-31 21:15:00,9488.87,9490.0,9419.31,9445.73,830.605406
2020-05-31 21:30:00,9444.18,9466.32,9428.0,9449.61,400.356598
2020-05-31 21:45:00,9449.06,9483.53,9443.62,9469.35,307.709576
2020-05-31 22:00:00,9469.35,9524.0,9459.99,9504.37,605.217727
2020-05-31 22:15:00,9504.01,9515.0,9474.75,9490.0,281.030986
2020-05-31 22:30:00,9490.0,9500.0,9421.0,9435.27,710.05392
2020-05-31 22:45:00,9435.51,9466.84,9426.59,9461.6,403.398986
2020-05-31 23:00:00,9461.47,9461.56,9381.41,9420.13,1507.035922
2020-05-31 23:15:00,9419.11,9445.0,9407.4,9440.0,615.6329
2020-05-31 23:30:00,9440.01,9449.0,9385.93,9425.52,640.87849
2020-05-31 23:45:00,9426.49,9485.63,9422.15,9448.27,644.981211
2020-06-01 00:00:00,9448.27,9493.11,9421.67,9483.13,707.488802
2020-06-01 00:15:00,9483.25,9497.91,9473.65,9488.03,416.284531
2020-06-01 00:30:00,9488.02,9493.5,9461.55,9465.73,249.380389
2020-06-01 00:45:00,9465.73,9508.57,9465.73,9498.31,368.972195
2020-06-01 01:00:00,9498.78,9505.9,9474.03,9476.49,340.347611
2020-06-01 01:15:00,9476.48,9497.0,9465.3,9495.82,287.598203
2020-06-01 01:30:00,9496.31,9521.99,9485.97,9512.49,635.805534
2020-06-01 01:45:00,9511.74,9570.0,9502.01,9551.58,800.626862
2020-06-01 02:00:00,9551.17,9568.61,9533.34,9547.21,533.43272
2020-06-01 02:15:00,9546.77,9559.0,9526.87,9541.61,770.340014
2020-06-01 02:30:00,9541.6,9560.0,9532.14,9538.27,342.457135
2020-06-01 02:45:00,9538.59,9553.59,9528.42,9530.67,338.726859
2020-06-01 03:00:00,9531.7,9553.68,9514.65,9533.78,597.891781
2020-06-01 03:15:00,9533.2,9550.0,9520.0,9546.47,230.551912
2020-06-01 03:30:00,9547.18,9571.66,9540.0,9555.0,397.263939
2020-06-01 03:45:00,9555.01,9564.11,9541.17,9555.79,394.931346
2020-06-01 04:00:00,9556.14,9581.0,9556.14,9579.78,600.080836
2020-06-01 04:15:00,9580.62,9619.0,9560.25,9567.72,1353.650063
2020-06-01 04:30:00,9568.06,9573.6,9550.0,9565.99,460.020984
2020-06-01 04:45:00,9565.58,9567.09,9541.96,9549.02,373.760336
2020-06-01 05:00:00,9549.02,9555.91,9538.21,9544.56,352.946586
2020-06-01 05:15:00,9544.56,9550.0,9536.67,9546.43,281.747525
2020-06-01 05:30:00,9546.1,9566.0,9538.61,9543.18,427.768013
2020-06-01 05:45:00,9543.53,9548.77,9526.2,9536.88,349.390774
2020-06-01 06:00:00,9536.33,9550.0,9530.7,9549.38,349.744512
2020-06-01 06:15:00,9549.38,9554.91,9529.24,9549.27,490.104053
2020-06-01 06:30:00,9549.29,9561.0,9547.26,9560.76,346.435899
2020-06-01 06:45:00,9560.83,9560.85,9534.97,9537.66,322.687212
2020-06-01 07:00:00,9537.66,9555.0,9536.65,9553.89,315.541354
2020-06-01 07:15:00,9553.94,9567.61,9550.0,9559.5,575.428082
2020-06-01 07:30:00,9559.5,9584.37,9556.0,9574.47,430.675147
2020-06-01 07:45:00,9574.99,9581.64,9555.91,9571.47,509.360169
2020-06-01 08:00:00,9571.18,9581.99,9545.95,9559.87,421.678375
2020-06-01 08:15:00,9559.87,9560.0,9540.0,9547.71,508.426536
2020-06-01 08:30:00,9547.78,9560.0,9538.21,9550.01,307.300764
2020-06-01 08:45:00,9550.01,9552.22,9530.0,9540.3,362.24068
2020-06-01 09:00:00,9540.54,9550.0,9530.56,9535.57,288.004949
2020-06-01 09:15:00,9535.57,9553.24,9531.31,9552.57,393.95428
2020-06-01 09:30:00,9552.53,9561.69,9542.0,9543.25,294.887701
2020-06-01 09:45:00,9543.24,9548.54,9528.62,9541.21,464.472025
2020-06-01 10:00:00,9541.71,9543.7,9516.0,9517.74,515.307757
2020-06-01 10:15:00,9517.74,9538.99,9513.36,9534.96,353.586968
2020-06-01 10:30:00,9534.96,9544.88,9522.0,9540.53,335.446329
2020-06-01 10:45:00,9540.53,9550.0,9531.79,9543.24,371.456223
2020-06-01 11:00:00,9542.32,9552.14,9520.0,9521.99,459.181161
2020-06-01 11:15:00,9522.0,9533.01,9515.96,9518.73,364.926079
2020-06-01 11:30:00,9519.53,9530.0,9511.0,9520.21,300.447892
2020-06-01 11:45:00,9520.21,9539.0,9512.0,9513.22,299.6286
2020-06-01 12:00:00,9512.8,9526.62,9502.98,9510.0,478.5012
2020-06-01 12:15:00,9509.99,9580.0,9491.45,9578.39,1019.107761
2020-06-01 12:30:00,9578.74,9590.26,9556.17,9563.01,940.450928
2020-06-01 12:45:00,9563.0,9579.59,9555.0,9555.01,604.880899
2020-06-01 13:00:00,9555.65,9570.0,9548.06,9555.84,450.912203
2020-06-01 13:15:00,9554.28,9569.99,9547.06,9563.0,281.460034
2020-06-01 13:30:00,9563.0,9571.0,9555.6,9569.99,245.737277
2020-06-01 13:45:00,9569.99,9571.99,9543.64,9553.62,288.740378
2020-06-01 14:00:00,9553.14,9571.59,9550.0,9566.53,442.474044
2020-06-01 14:15:00,9565.89,9578.21,9553.85,9561.81,516.001197
2020-06-01 14:30:00,9561.62,9580.72,9554.43,9577.94,583.455712
2020-06-01 14:45:00,9576.6,9580.0,9547.06,9563.03,382.434294
2020-06-01 15:00:00,9563.13,9565.43,9500.0,9522.0,862.087427
2020-06-01 15:15:00,9521.56,9538.4,9513.75,9528.73,301.657401
2020-06-01 15:30:00,9528.73,9548.98,9527.95,9531.85,308.038171
2020-06-01 15:45:00,9530.84,9548.9,9521.87,9546.98,444.001824
2020-06-01 16:00:00,9548.18,9592.59,9536.99,9573.93,797.067626
2020-06-01 16:15:00,9573.68,9610.0,9550.0,9563.42,1366.906852
2020-06-01 16:30:00,9563.01,9576.82,9553.21,9569.56,587.950129
2020-06-01 16:45:00,9569.56,9587.0,9560.0,9584.28,334.66031
2020-06-01 17:00:00,9584.29,9592.59,9567.64,9572.0,349.463827
2020-06-01 17:15:00,9572.0,9579.99,9563.26,9577.23,253.560511
2020-06-01 17:30:00,9577.39,9589.0,9573.44,9580.58,319.879578
2020-06-01 17:45:00,9580.16,9580.92,9567.0,9575.29,254.073417
2020-06-01 18:00:00,9575.29,9587.01,9571.0,9581.23,200.945052
2020-06-01 18:15:00,9580.72,9581.23,9562.09,9564.03,250.789498
2020-06-01 18:30:00,9563.79,9575.0,9555.24,9572.2,238.506818
2020-06-01 18:45:00,9570.48,9584.99,9563.38,9579.7,306.258341
2020-06-01 19:00:00,9579.97,9588.0,9574.68,9580.25,234.334316
2020-06-01 19:15:00,9580.84,9607.65,9573.17,9603.9,394.026892
2020-06-01 19:30:00,9604.17,9612.76,9580.38,9598.06,618.517216
2020-06-01 19:45:00,9597.74,9599.99,9561.29,9572.48,441.620043
2020-06-01 20:00:00,9572.5,9585.0,9558.57,9583.84,364.118173
2020-06-01 20:15:00,9583.84,9598.91,9575.0,9592.83,316.65685
2020-06-01 20:30:00,9592.83,9612.78,9586.24,9612.76,338.588645
2020-06-01 20:45:00,9612.57,9688.0,9611.42,9668.71,2131.638545
2020-06-01 21:00:00,9670.0,9700.0,9626.93,9675.5,1636.120511
2020-06-01 21:15:00,9675.77,9677.38,9647.26,9669.16,358.209316
2020-06-01 21:30:00,9669.17,9671.04,9647.25,9662.66,340.702313
2020-06-01 21:45:00,9661.65,9662.78,9641.38,9653.0,369.754397
2020-06-01 22:00:00,9653.0,9675.0,9652.44,9660.12,383.545773
2020-06-01 22:15:00,9660.0,9722.0,9659.54,9697.28,1514.205101
2020-06-01 22:30:00,9697.0,9722.0,9680.2,9720.01,776.3473
2020-06-01 22:45:00,9720.05,9746.83,9682.63,9739.51,1350.064855
2020-06-01 23:00:00,9740.0,10200.0,9739.99,10082.63,13367.676677
2020-06-01 23:15:00,10072.41,10150.0,9995.19,10121.49,5754.303116
2020-06-01 23:30:00,10121.85,10380.0,10090.02,10284.41,8005.476817
2020-06-01 23:45:00,10284.36,10289.04,10139.0,10200.77,3550.829698
2020-06-02 00:00:00,10202.71,10228.99,10131.89,10179.85,2777.701979
2020-06-02 00:15:00,10177.97,10198.91,10148.79,10198.85,2053.761868
2020-06-02 00:30:00,10198.77,10199.98,10152.17,10163.98,1685.980966
2020-06-02 00:45:00,10162.58,10176.29,10088.45,10108.49,2518.81308
2020-06-02 01:00:00,10108.79,10130.0,10067.84,10088.67,2262.103285
2020-06-02 01:15:00,10088.7,10130.5,10085.0,10087.53,2627.645952
2020-06-02 01:30:00,10086.96,10099.85,10058.41,10089.34,1198.626966
2020-06-02 01:45:00,10089.33,10125.0,10078.43,10125.0,1266.020873
2020-06-02 02:00:00,10124.99,10125.0,10087.0,10101.25,938.291159
2020-06-02 02:15:00,10101.25,10119.83,10091.16,10100.0,843.151617
2020-06-02 02:30:00,10100.0,10117.1,10051.0,10100.0,1746.962368
2020-06-02 02:45:00,10100.0,10104.36,10080.44,10090.76,956.707057
2020-06-02 03:00:00,10090.34,10105.91,10056.08,10060.34,883.51252
2020-06-02 03:15:00,10060.42,10080.0,10041.59,10067.86,1021.856969
2020-06-02 03:30:00,10068.39,10079.56,10062.0,10075.45,523.902954
2020-06-02 03:45:00,10075.49,10103.0,10074.24,10096.86,540.889004
2020-06-02 04:00:00,10096.87,10110.0,10075.58,10085.37,637.336374
2020-06-02 04:15:00,10085.37,10108.28,10070.03,10098.44,578.797154
2020-06-02 04:30:00,10098.64,10115.08,10090.69,10101.3,573.17503
2020-06-02 04:45:00,10100.0,10104.53,10082.85,10093.31,438.68436
2020-06-02 05:00:00,10093.97,10098.0,10076.46,10095.0,675.265256
2020-06-02 05:15:00,10095.01,10103.7,10082.01,10102.37,570.145017
2020-06-02 05:30:00,10102.36,10120.0,10097.01,10111.98,738.788729
2020-06-02 05:45:00,10111.96,10123.11,10070.11,10085.55,916.248267
2020-06-02 06:00:00,10086.43,10128.33,10080.0,10122.48,828.501882
2020-06-02 06:15:00,10120.8,10134.27,10106.33,10108.92,965.770327
2020-06-02 06:30:00,10108.99,10112.41,10084.82,10097.02,662.448326
2020-06-02 06:45:00,10096.42,10111.62,10090.0,10100.11,503.252879
2020-06-02 07:00:00,10100.03,10111.88,10090.0,10106.06,471.541891
2020-06-02 07:15:00,10106.25,10118.0,10095.0,10108.84,585.433196
2020-06-02 07:30:00,10108.27,10110.0,10090.01,10101.61,541.211091
2020-06-02 07:45:00,10102.02,10128.94,10100.31,10118.86,791.454646
2020-06-02 08:00:00,10119.12,10156.78,10118.0,10129.11,1186.995291
2020-06-02 08:15:00,10128.9,10145.0,10120.44,10128.0,745.594814
2020-06-02 08:30:00,10128.0,10132.55,10105.0,10117.3,644.684141
2020-06-02 08:45:00,10117.6,10126.28,10102.0,10107.48,615.902336
2020-06-02 09:00:00,10107.25,10125.37,10103.12,10110.01,520.688715
2020-06-02 09:15:00,10110.0,10128.32,10108.99,10119.67,640.2539
2020-06-02 09:30:00,10119.39,10124.0,10101.0,10107.76,657.137572
2020-06-02 09:45:00,10108.31,10117.12,10090.0,10100.55,689.041174
2020-06-02 10:00:00,10100.55,10123.86,10096.48,10115.25,609.408421
2020-06-02 10:15:00,10115.08,10118.68,10103.3,10109.01,458.144238
2020-06-02 10:30:00,10108.76,10134.52,10100.76,10131.48,897.285741
2020-06-02 10:45:00,10131.48,10143.0,10119.38,10141.25,704.835926
2020-06-02 11:00:00,10140.77,10147.53,10105.78,10113.97,872.727938
2020-06-02 11:15:00,10113.97,10125.48,10108.43,10108.58,540.633276
2020-06-02 11:30:00,10108.88,10120.05,10104.0,10106.99,787.23708
2020-06-02 11:45:00,10107.3,10119.49,10100.0,10115.56,636.953062
2020-06-02 12:00:00,10116.68,10129.82,10110.97,10128.64,590.110879
2020-06-02 12:15:00,10127.92,10136.82,10110.0,10110.1,921.872701
2020-06-02 12:30:00,10111.37,10129.7,10110.1,10116.99,548.788159
2020-06-02 12:45:00,10117.0,10133.0,10111.05,10123.71,523.406471
2020-06-02 13:00:00,10123.71,10144.0,10122.0,10139.66,564.230238
2020-06-02 13:15:00,10140.31,10175.39,10125.83,10162.0,1029.002342
2020-06-02 13:30:00,10162.01,10190.0,10150.0,10178.36,1083.276527
2020-06-02 13:45:00,10178.29,10180.0,10152.73,10155.96,516.96291
2020-06-02 14:00:00,10155.96,10183.27,10153.01,10167.98,553.732472
2020-06-02 14:15:00,10167.99,10177.93,10147.39,10155.02,624.834338
2020-06-02 14:30:00,10155.02,10159.59,10134.08,10136.4,732.090131
2020-06-02 14:45:00,10137.84,10142.29,9400.0,9581.47,15226.70584
2020-06-02 15:00:00,9582.17,9600.0,9493.33,9521.53,6035.371928
2020-06-02 15:15:00,9520.04,9550.0,9266.0,9380.53,6678.178354
2020-06-02 15:30:00,9378.22,9503.01,9330.01,9458.16,4580.798399
2020-06-02 15:45:00,9458.16,9507.0,9443.15,9468.81,2366.947338
2020-06-02 16:00:00,9468.08,9515.24,9425.0,9481.38,1868.035396
2020-06-02 16:15:00,9481.38,9491.31,9450.0,9489.07,1154.286601
2020-06-02 16:30:00,9489.07,9490.5,9424.17,9444.85,1726.918448
2020-06-02 16:45:00,9443.86,9484.96,9437.72,9478.29,1043.809135
2020-06-02 17:00:00,9478.03,9494.26,9460.0,9486.52,720.680129
2020-06-02 17:15:00,9486.54,9491.0,9471.72,9482.29,508.671632
2020-06-02 17:30:00,9482.05,9498.75,9472.0,9496.63,562.452398
2020-06-02 17:45:00,9496.64,9539.0,9495.3,9530.71,1081.325875
2020-06-02 18:00:00,9530.55,9537.46,9510.48,9531.52,578.338518
2020-06-02 18:15:00,9531.81,9540.0,9487.43,9505.68,777.637426
2020-06-02 18:30:00,9505.68,9522.61,9495.26,9520.94,487.576299
2020-06-02 18:45:00,9520.94,9522.86,9500.0,9513.04,389.683085
2020-06-02 19:00:00,9513.04,9515.34,9490.0,9500.63,490.677769
2020-06-02 19:15:00,9501.01,9533.0,9500.0,9529.68,455.307085
2020-06-02 19:30:00,9530.41,9535.0,9512.0,9519.93,282.482448
2020-06-02 19:45:00,9519.94,9533.72,9502.72,9508.83,503.860817
2020-06-02 20:00:00,9507.69,9508.83,9451.0,9471.89,784.417957
2020-06-02 20:15:00,9470.59,9495.73,9468.03,9493.27,666.400302
2020-06-02 20:30:00,9493.27,9500.0,9488.0,9495.37,230.748285
2020-06-02 20:45:00,9495.36,9529.37,9488.0,9521.0,430.902274
2020-06-02 21:00:00,9521.0,9522.97,9510.41,9520.81,204.45092
2020-06-02 21:15:00,9520.87,9532.98,9507.85,9532.98,313.450171
2020-06-02 21:30:00,9532.49,9551.8,9526.1,9544.96,577.802636
2020-06-02 21:45:00,9545.23,9548.55,9520.0,9522.0,390.508342
2020-06-02 22:00:00,9522.0,9550.0,9521.0,9547.41,364.93986
2020-06-02 22:15:00,9547.4,9552.91,9493.05,9519.21,569.695134
2020-06-02 22:30:00,9518.78,9535.71,9496.97,9526.73,388.340206
2020-06-02 22:45:00,9526.74,9530.0,9400.0,9493.42,1313.48608
2020-06-02 23:00:00,9493.35,9501.73,9460.0,9486.81,644.321497
2020-06-02 23:15:00,9486.97,9513.91,9470.39,9505.34,514.198751
2020-06-02 23:30:00,9505.34,9518.51,9500.68,9507.29,312.502988
2020-06-02 23:45:00,9507.29,9542.22,9507.0,9518.04,525.048993
2020-06-03 00:00:00,9518.02,9535.0,9496.71,9521.32,480.506835
2020-06-03 00:15:00,9521.31,9540.0,9514.7,9523.0,480.233812
2020-06-03 00:30:00,9523.22,9530.9,9496.0,9517.09,318.260063
2020-06-03 00:45:00,9517.17,9529.61,9510.18,9527.2,270.416991
2020-06-03 01:00:00,9527.33,9530.0,9508.92,9510.4,362.115147
2020-06-03 01:15:00,9510.39,9514.94,9493.1,9495.38,397.970774
2020-06-03 01:30:00,9495.4,9509.58,9491.0,9506.68,306.33628
2020-06-03 01:45:00,9506.77,9512.0,9492.74,9504.17,237.168634
2020-06-03 02:00:00,9504.12,9515.77,9469.63,9488.47,455.741673
2020-06-03 02:15:00,9487.94,9505.27,9476.62,9489.08,301.494993
2020-06-03 02:30:00,9489.19,9506.79,9484.98,9498.0,439.299419
2020-06-03 02:45:00,9497.49,9508.71,9487.64,9489.63,391.146477
2020-06-03 03:00:00,9489.62,9494.5,9481.29,9491.0,255.827275
2020-06-03 03:15:00,9491.06,9502.0,9485.81,9488.59,242.873683
2020-06-03 03:30:00,9488.59,9498.96,9483.03,9484.65,317.247405
2020-06-03 03:45:00,9485.0,9501.97,9483.4,9491.99,295.927792
2020-06-03 04:00:00,9491.58,9508.2,9477.17,9507.7,403.727586
2020-06-03 04:15:00,9507.69,9520.0,9504.17,9515.0,365.612842
2020-06-03 04:30:00,9515.39,9523.83,9505.19,9514.65,370.94363
2020-06-03 04:45:00,9514.66,9516.18,9492.58,9497.15,226.909774
2020-06-03 05:00:00,9497.63,9507.03,9490.94,9493.14,210.648909
2020-06-03 05:15:00,9493.14,9493.15,9365.21,9449.55,1797.319804
2020-06-03 05:30:00,9450.06,9515.0,9447.49,9494.14,957.680097
2020-06-03 05:45:00,9494.14,9528.42,9494.14,9515.0,587.220542
2020-06-03 06:00:00,9514.99,9528.11,9509.0,9519.33,318.412052
2020-06-03 06:15:00,9519.33,9530.0,9509.0,9517.04,370.973202
2020-06-03 06:30:00,9517.04,9525.26,9498.89,9523.99,371.313634
2020-06-03 06:45:00,9523.99,9524.98,9506.51,9517.63,289.385284
2020-06-03 07:00:00,9517.64,9526.99,9485.98,9505.34,560.141004
2020-06-03 07:15:00,9505.22,9511.48,9492.56,9505.61,306.331444
2020-06-03 07:30:00,9505.6,9539.0,9502.58,9514.94,720.999523
2020-06-03 07:45:00,9514.95,9519.14,9505.41,9506.32,193.935427
2020-06-03 08:00:00,9506.94,9528.93,9506.75,9521.27,287.143628
2020-06-03 08:15:00,9521.27,9526.92,9513.01,9522.99,285.393983
2020-06-03 08:30:00,9522.99,9531.34,9516.7,9518.74,398.084649
2020-06-03 08:45:00,9518.78,9521.82,9492.06,9507.0,563.581925
2020-06-03 09:00:00,9506.84,9538.0,9500.79,9523.37,505.462497
2020-06-03 09:15:00,9523.37,9532.41,9520.0,9522.85,252.032578
2020-06-03 09:30:00,9522.85,9533.62,9515.0,9530.1,309.966756
2020-06-03 09:45:00,9530.09,9533.63,9519.09,9523.79,341.44384
2020-06-03 10:00:00,9523.07,9600.0,9522.18,9575.86,1521.935317
2020-06-03 10:15:00,9575.85,9598.97,9562.23,9572.82,916.985637
2020-06-03 10:30:00,9572.83,9593.91,9560.0,9573.8,613.317659
2020-06-03 10:45:00,9574.47,9622.01,9574.15,9591.07,1097.015701
2020-06-03 11:00:00,9591.77,9600.0,9574.6,9585.99,524.075793
2020-06-03 11:15:00,9585.99,9593.93,9568.2,9583.62,617.904813
2020-06-03 11:30:00,9583.61,9597.0,9572.89,9580.75,280.742244
2020-06-03 11:45:00,9580.83,9620.12,9579.99,9618.57,750.09324
2020-06-03 12:00:00,9617.92,9646.43,9605.6,9609.19,990.776845
2020-06-03 12:15:00,9609.19,9618.79,9588.83,9589.82,629.861318
2020-06-03 12:30:00,9590.08,9610.54,9549.66,9580.36,925.489855
2020-06-03 12:45:00,9580.57,9610.76,9575.0,9598.29,485.140043
2020-06-03 13:00:00,9597.61,9614.0,9590.0,9592.66,513.366227
2020-06-03 13:15:00,9593.46,9600.0,9582.24,9597.99,436.730737
2020-06-03 13:30:00,9598.0,9605.0,9578.52,9596.52,430.653638
2020-06-03 13:45:00,9596.89,9599.16,9577.0,9584.8,482.183258
2020-06-03 14:00:00,9583.82,9597.55,9486.05,9531.7,1583.285761
2020-06-03 14:15:00,9531.74,9568.4,9529.72,9557.51,562.318109
2020-06-03 14:30:00,9557.21,9563.84,9530.62,9542.06,437.251116
2020-06-03 14:45:00,9542.0,9584.11,9540.04,9580.71,533.424793
2020-06-03 15:00:00,9580.71,9585.78,9565.79,9582.25,599.494999
2020-06-03 15:15:00,9581.77,9593.49,9571.28,9573.92,372.344139
2020-06-03 15:30:00,9574.25,9581.95,9520.03,9547.0,567.797434
2020-06-03 15:45:00,9547.38,9566.03,9526.62,9559.29,570.976645
2020-06-03 16:00:00,9560.17,9573.52,9550.16,9566.57,476.759075
2020-06-03 16:15:00,9566.32,9590.0,9560.64,9571.0,497.053699
2020-06-03 16:30:00,9571.01,9580.0,9554.22,9559.49,281.016094
2020-06-03 16:45:00,9559.5,9575.0,9544.97,9561.03,521.65625
2020-06-03 17:00:00,9561.27,9578.87,9557.48,9571.95,391.772184
2020-06-03 17:15:00,9571.95,9579.53,9555.0,9573.02,367.099432
2020-06-03 17:30:00,9573.02,9580.0,9556.11,9571.1,334.396159
2020-06-03 17:45:00,9571.1,9575.62,9551.25,9560.01,313.440833
2020-06-03 18:00:00,9560.02,9566.37,9534.82,9548.39,509.310499
2020-06-03 18:15:00,9548.38,9566.58,9545.66,9561.37,269.372875
2020-06-03 18:30:00,9561.01,9613.91,9561.01,9609.3,820.489943
2020-06-03 18:45:00,9609.67,9615.0,9592.73,9596.31,513.322126
2020-06-03 19:00:00,9597.12,9622.44,9585.0,9605.41,557.719781
2020-06-03 19:15:00,9605.41,9614.28,9589.99,9606.0,346.779729
2020-06-03 19:30:00,9605.99,9608.88,9529.0,9573.27,887.706622
2020-06-03 19:45:00,9572.79,9584.4,9562.09,9577.18,290.558684
2020-06-03 20:00:00,9577.18,9582.19,9565.53,9568.01,208.463248
2020-06-03 20:15:00,9568.01,9574.99,9558.24,9571.49,223.963033
2020-06-03 20:30:00,9571.5,9582.01,9565.84,9582.0,169.98622
2020-06-03 20:45:00,9582.01,9588.09,9575.45,9581.53,225.024022
2020-06-03 21:00:00,9581.36,9599.49,9576.7,9584.94,199.922181
2020-06-03 21:15:00,9584.83,9585.49,9568.29,9571.0,176.812745
2020-06-03 21:30:00,9571.0,9595.69,9567.43,9589.76,163.129387
2020-06-03 21:45:00,9589.73,9594.0,9571.48,9583.06,139.132123
2020-06-03 22:00:00,9583.07,9590.23,9560.17,9581.34,256.321267
2020-06-03 22:15:00,9580.91,9587.39,9567.41,9570.06,191.865798
2020-06-03 22:30:00,9570.06,9593.31,9559.05,9591.83,281.432393
2020-06-03 22:45:00,9591.71,9615.34,9581.42,9610.63,820.549885
2020-06-03 23:00:00,9611.43,9625.58,9593.34,9600.61,678.048472
2020-06-03 23:15:00,9600.17,9618.17,9596.18,9603.87,301.131477
2020-06-03 23:30:00,9604.47,9690.0,9603.0,9650.73,1262.034739
2020-06-03 23:45:00,9650.72,9667.09,9641.13,9666.24,585.97678
2020-06-04 00:00:00,9666.32,9674.83,9632.65,9645.28,516.712725
2020-06-04 00:15:00,9645.23,9647.55,9600.01,9626.08,500.566545
2020-06-04 00:30:00,9626.08,9643.99,9620.08,9629.51,283.20102
2020-06-04 00:45:00,9628.73,9639.99,9623.1,9630.03,227.478835
2020-06-04 01:00:00,9629.78,9669.0,9628.14,9656.07,367.975335
2020-06-04 01:15:00,9656.0,9657.53,9635.0,9652.85,312.27103
2020-06-04 01:30:00,9652.51,9666.53,9651.27,9659.24,304.249453
2020-06-04 01:45:00,9659.24,9659.97,9636.38,9641.94,295.648095
2020-06-04 02:00:00,9641.93,9664.39,9630.0,9660.68,423.588647
2020-06-04 02:15:00,9660.94,9678.38,9655.61,9672.07,331.287742
2020-06-04 02:30:00,9672.51,9684.89,9657.94,9667.44,300.996634
2020-06-04 02:45:00,9667.39,9685.71,9659.84,9670.0,342.673586
2020-06-04 03:00:00,9670.0,9686.0,9652.18,9652.18,378.909162
2020-06-04 03:15:00,9652.18,9682.29,9651.95,9678.59,455.139674
2020-06-04 03:30:00,9678.6,9685.0,9664.66,9672.97,328.64784
2020-06-04 03:45:00,9674.53,9687.93,9665.0,9665.37,468.418626
2020-06-04 04:00:00,9665.36,9674.59,9644.07,9662.13,481.561924
2020-06-04 04:15:00,9661.81,9677.46,9646.01,9656.27,405.288738
2020-06-04 04:30:00,9656.26,9658.0,9633.1,9654.67,366.305145
2020-06-04 04:45:00,9654.67,9654.67,9622.58,9645.07,450.777779
2020-06-04 05:00:00,9644.65,9654.65,9631.96,9646.35,235.693354
2020-06-04 05:15:00,9646.57,9656.27,9641.99,9649.2,308.656666
2020-06-04 05:30:00,9650.28,9650.83,9631.0,9638.07,265.210005
2020-06-04 05:45:00,9638.07,9644.28,9625.92,9642.56,356.43009
2020-06-04 06:00:00,9642.55,9644.27,9617.27,9630.96,460.367659
2020-06-04 06:15:00,9629.88,9640.04,9629.0,9636.74,339.822368
2020-06-04 06:30:00,9637.82,9658.88,9635.46,9657.15,326.793402
2020-06-04 06:45:00,9657.36,9658.86,9642.23,9644.9,314.36198
2020-06-04 07:00:00,9644.87,9669.49,9643.41,9663.58,671.820651
2020-06-04 07:15:00,9663.58,9663.59,9652.0,9659.47,372.637483
2020-06-04 07:30:00,9659.46,9667.0,9649.09,9651.11,345.441878
2020-06-04 07:45:00,9651.11,9658.13,9645.62,9649.6,244.057056
2020-06-04 08:00:00,9649.59,9652.03,9625.79,9645.36,385.583996
2020-06-04 08:15:00,9645.36,9646.06,9614.23,9624.99,479.136328
2020-06-04 08:30:00,9625.0,9644.07,9623.0,9628.3,425.877316
2020-06-04 08:45:00,9628.9,9649.95,9627.68,9642.22,391.12627
2020-06-04 09:00:00,9642.22,9642.67,9620.0,9624.75,332.999262
2020-06-04 09:15:00,9624.75,9628.94,9506.76,9569.02,1966.863398
2020-06-04 09:30:00,9570.06,9570.06,9535.93,9554.65,613.30748
2020-06-04 09:45:00,9554.15,9569.02,9545.79,9562.19,432.568895
2020-06-04 10:00:00,9562.49,9562.56,9510.14,9528.83,900.000675
2020-06-04 10:15:00,9527.73,9546.8,9517.04,9537.69,542.819745
2020-06-04 10:30:00,9537.52,9554.51,9530.0,9550.91,489.167353
2020-06-04 10:45:00,9551.79,9564.42,9534.36,9547.72,627.682396
2020-06-04 11:00:00,9547.53,9554.75,9530.51,9539.58,467.840517
2020-06-04 11:15:00,9539.58,9545.98,9520.0,9525.2,581.287636
2020-06-04 11:30:00,9525.33,9653.27,9450.0,9610.02,3449.519127
2020-06-04 11:45:00,9610.02,9634.91,9603.34,9622.08,793.519319
2020-06-04 12:00:00,9622.18,9655.43,9605.0,9655.42,793.559519
2020-06-04 12:15:00,9655.28,9683.1,9636.53,9640.01,1062.338296
2020-06-04 12:30:00,9640.02,9648.96,9626.25,9645.02,404.552732
2020-06-04 12:45:00,9645.02,9658.76,9636.0,9642.02,470.820134
2020-06-04 13:00:00,9642.6,9667.0,9636.5,9650.85,579.278823
2020-06-04 13:15:00,9650.91,9773.0,9650.0,9736.33,2536.703849
2020-06-04 13:30:00,9736.32,9765.0,9719.13,9758.66,1278.187932
2020-06-04 13:45:00,9758.38,9793.36,9738.0,9762.28,1288.185561
2020-06-04 14:00:00,9762.28,9780.0,9740.0,9745.4,1123.522278
2020-06-04 14:15:00,9745.52,9767.68,9733.08,9737.18,807.596038
2020-06-04 14:30:00,9737.21,9748.42,9717.1,9739.02,760.5071
2020-06-04 14:45:00,9739.09,9758.75,9734.77,9746.63,736.985981
2020-06-04 15:00:00,9746.46,9767.93,9723.0,9737.69,792.11232
2020-06-04 15:15:00,9737.68,9757.4,9720.47,9755.0,584.655275
2020-06-04 15:30:00,9754.99,9767.2,9743.72,9762.6,500.211112
2020-06-04 15:45:00,9762.6,9840.79,9746.01,9829.39,1631.823211
2020-06-04 16:00:00,9829.4,9856.56,9752.13,9778.95,1465.386376
2020-06-04 16:15:00,9779.04,9809.9,9770.0,9794.6,681.097147
2020-06-04 16:30:00,9794.86,9800.0,9771.42,9775.09,366.591907
2020-06-04 16:45:00,9775.1,9786.83,9762.86,9770.31,545.345332
2020-06-04 17:00:00,9770.58,9796.99,9770.31,9787.44,380.836721
2020-06-04 17:15:00,9786.49,9791.05,9776.01,9785.25,458.436578
2020-06-04 17:30:00,9785.25,9821.37,9775.0,9807.47,895.326101
2020-06-04 17:45:00,9807.74,9826.08,9804.8,9818.95,409.217468
2020-06-04 18:00:00,9818.95,9881.63,9818.95,9862.13,1409.703043
2020-06-04 18:15:00,9862.41,9873.36,9788.62,9810.5,1212.77662
2020-06-04 18:30:00,9810.11,9839.6,9807.57,9819.95,587.761211
2020-06-04 18:45:00,9819.94,9830.0,9725.0,9762.71,961.534838
2020-06-04 19:00:00,9764.72,9793.22,9759.24,9783.36,510.812368
2020-06-04 19:15:00,9783.36,9799.06,9775.92,9787.14,343.993462
2020-06-04 19:30:00,9787.14,9815.1,9775.12,9801.69,368.377472
2020-06-04 19:45:00,9803.21,9825.87,9794.02,9817.64,340.915038
2020-06-04 20:00:00,9817.65,9827.38,9782.35,9793.13,626.912595
2020-06-04 20:15:00,9791.39,9816.98,9755.86,9764.99,613.224027
2020-06-04 20:30:00,9766.0,9783.31,9740.87,9761.15,574.162691
2020-06-04 20:45:00,9762.47,9788.77,9752.52,9781.27,247.868251
2020-06-04 21:00:00,9781.27,9784.21,9755.01,9758.92,281.046013
2020-06-04 21:15:00,9759.21,9770.0,9748.0,9749.99,175.026536
2020-06-04 21:30:00,9749.52,9768.0,9728.1,9766.93,338.521924
2020-06-04 21:45:00,9766.96,9781.18,9761.79,9780.0,235.52459
2020-06-04 22:00:00,9780.0,9780.0,9763.01,9764.35,183.816836
2020-06-04 22:15:00,9764.42,9780.88,9750.96,9770.21,235.760665
2020-06-04 22:30:00,9770.1,9817.99,9764.73,9816.64,496.564087
2020-06-04 22:45:00,9816.66,9839.31,9805.2,9814.6,679.480307
2020-06-04 23:00:00,9814.6,9833.56,9795.05,9818.25,426.880841
2020-06-04 23:15:00,9818.25,9860.0,9815.0,9856.56,522.792931
2020-06-04 23:30:00,9857.06,9859.44,9800.0,9808.16,493.43713
2020-06-04 23:45:00,9808.15,9812.0,9780.16,9789.06,373.638862
2020-06-05 00:00:00,9788.14,9817.71,9774.42,9785.72,399.782237
2020-06-05 00:15:00,9785.73,9791.35,9755.82,9779.0,367.671655
2020-06-05 00:30:00,9778.55,9802.0,9768.98,9798.04,261.855721
2020-06-05 00:45:00,9798.05,9813.5,9785.2,9803.19,244.130538
2020-06-05 01:00:00,9804.05,9819.71,9800.0,9812.35,263.228294
2020-06-05 01:15:00,9812.35,9829.32,9800.32,9812.14,345.297876
2020-06-05 01:30:00,9812.72,9846.16,9807.01,9837.44,273.759622
2020-06-05 01:45:00,9836.89,9845.81,9805.0,9823.35,477.850154
2020-06-05 02:00:00,9822.95,9832.56,9812.7,9818.84,270.658563
2020-06-05 02:15:00,9818.8,9821.98,9801.0,9809.92,377.093031
2020-06-05 02:30:00,9809.47,9818.7,9788.0,9801.96,317.748301
2020-06-05 02:45:00,9801.21,9808.1,9791.9,9798.49,173.845555
2020-06-05 03:00:00,9798.05,9833.35,9795.58,9823.35,354.542312
2020-06-05 03:15:00,9823.35,9829.99,9767.21,9785.8,378.610514
2020-06-05 03:30:00,9786.16,9794.43,9773.0,9789.48,281.092376
2020-06-05 03:45:00,9788.87,9798.85,9750.0,9796.59,467.573804
2020-06-05 04:00:00,9797.04,9826.33,9794.24,9805.13,390.490133
2020-06-05 04:15:00,9805.78,9817.5,9775.47,9781.06,271.058812
2020-06-05 04:30:00,9781.07,9786.73,9769.08,9786.17,249.137598
2020-06-05 04:45:00,9785.47,9789.8,9757.49,9783.7,419.793986
2020-06-05 05:00:00,9784.53,9800.0,9777.13,9799.08,215.841033
2020-06-05 05:15:00,9799.03,9807.41,9790.05,9800.35,579.753903
2020-06-05 05:30:00,9800.35,9800.86,9776.96,9782.67,354.599448
2020-06-05 05:45:00,9782.68,9791.76,9774.5,9790.41,228.004524
2020-06-05 06:00:00,9790.0,9791.55,9759.25,9761.59,321.272824
2020-06-05 06:15:00,9761.59,9776.61,9756.65,9761.98,267.403815
2020-06-05 06:30:00,9761.99,9806.29,9725.0,9794.07,995.483309
2020-06-05 06:45:00,9794.02,9805.0,9791.52,9799.21,343.158686
2020-06-05 07:00:00,9799.2,9799.2,9776.17,9781.4,320.641161
2020-06-05 07:15:00,9781.4,9788.22,9760.21,9770.31,385.366585
2020-06-05 07:30:00,9770.31,9777.0,9763.43,9772.35,348.792422
2020-06-05 07:45:00,9772.36,9780.0,9750.1,9774.64,311.020115
2020-06-05 08:00:00,9774.27,9789.49,9745.0,9753.26,569.585248
2020-06-05 08:15:00,9753.26,9795.0,9631.77,9787.77,2981.090257
2020-06-05 08:30:00,9787.76,9850.0,9786.91,9842.08,1929.433388
2020-06-05 08:45:00,9840.99,9854.75,9818.22,9833.43,938.578006
2020-06-05 09:00:00,9833.44,9840.62,9807.36,9835.0,386.009325
2020-06-05 09:15:00,9835.0,9835.65,9800.97,9817.65,500.900935
2020-06-05 09:30:00,9816.0,9823.4,9805.0,9813.3,249.301051
2020-06-05 09:45:00,9813.06,9833.09,9806.91,9824.46,421.924093
2020-06-05 10:00:00,9824.46,9824.99,9726.21,9752.49,1172.452373
2020-06-05 10:15:00,9752.5,9759.14,9685.46,9735.0,1249.660819
2020-06-05 10:30:00,9735.0,9752.0,9718.15,9742.49,603.888403
2020-06-05 10:45:00,9742.79,9742.79,9670.0,9700.34,1204.39212
2020-06-05 11:00:00,9700.32,9719.97,9660.0,9717.68,698.371238
2020-06-05 11:15:00,9716.62,9741.58,9700.2,9726.0,465.750689
2020-06-05 11:30:00,9726.0,9729.64,9669.0,9691.27,790.283462
2020-06-05 11:45:00,9690.67,9700.0,9581.0,9696.6,1889.149206
2020-06-05 12:00:00,9697.79,9698.0,9657.44,9667.04,631.459522
2020-06-05 12:15:00,9667.04,9667.43,9624.24,9661.71,829.651784
2020-06-05 12:30:00,9661.42,9727.97,9660.35,9702.62,979.887198
2020-06-05 12:45:00,9702.76,9703.0,9653.61,9672.88,829.205647
2020-06-05 13:00:00,9672.89,9721.42,9668.52,9686.3,815.675878
2020-06-05 13:15:00,9686.38,9690.0,9649.0,9669.33,575.119333
2020-06-05 13:30:00,9669.33,9698.5,9655.74,9696.34,286.116263
2020-06-05 13:45:00,9696.34,9726.01,9686.2,9712.36,759.567729
2020-06-05 14:00:00,9713.15,9720.0,9688.24,9712.4,568.281327
2020-06-05 14:15:00,9712.39,9719.0,9700.2,9710.88,399.400825
2020-06-05 14:30:00,9710.88,9713.5,9692.17,9709.77,447.250586
2020-06-05 14:45:00,9709.77,9715.0,9676.06,9689.07,494.232318
2020-06-05 15:00:00,9689.21,9698.84,9660.09,9682.03,444.508192
2020-06-05 15:15:00,9682.62,9685.06,9660.0,9662.94,430.972428
2020-06-05 15:30:00,9662.94,9692.29,9652.01,9692.28,381.522524
2020-06-05 15:45:00,9691.87,9718.7,9685.09,9711.75,469.713793
2020-06-05 16:00:00,9711.76,9726.74,9696.83,9724.52,536.506461
2020-06-05 16:15:00,9724.52,9726.57,9694.45,9699.17,347.414384
2020-06-05 16:30:00,9699.17,9738.16,9693.13,9723.84,603.869987
2020-06-05 16:45:00,9723.85,9738.0,9720.0,9725.03,282.857463
2020-06-05 17:00:00,9725.19,9755.82,9717.52,9741.56,545.562601
2020-06-05 17:15:00,9741.28,9749.43,9727.73,9743.69,321.28372
2020-06-05 17:30:00,9743.69,9746.87,9721.42,9724.66,442.837259
2020-06-05 17:45:00,9724.54,9733.25,9720.74,9724.58,276.101909
2020-06-05 18:00:00,9724.57,9742.72,9721.5,9733.63,394.650424
2020-06-05 18:15:00,9734.71,9740.0,9723.96,9733.35,204.228874
2020-06-05 18:30:00,9733.33,9742.25,9720.01,9739.98,361.183981
2020-06-05 18:45:00,9739.98,9753.12,9727.78,9739.77,377.062577
2020-06-05 19:00:00,9740.79,9749.71,9707.61,9725.53,474.384261
2020-06-05 19:15:00,9725.17,9730.61,9718.83,9722.14,171.511241
2020-06-05 19:30:00,9722.14,9722.15,9700.0,9718.0,341.895985
2020-06-05 19:45:00,9718.47,9736.87,9710.72,9725.0,367.213348
2020-06-05 20:00:00,9724.99,9735.43,9723.11,9727.77,221.528427
2020-06-05 20:15:00,9727.77,9729.94,9704.0,9705.33,185.118886
2020-06-05 20:30:00,9705.42,9705.42,9681.62,9682.45,384.987759
2020-06-05 20:45:00,9683.16,9714.66,9683.12,9714.22,258.508625
2020-06-05 21:00:00,9714.22,9715.54,9657.51,9695.36,375.75548
2020-06-05 21:15:00,9695.82,9702.68,9679.96,9697.2,403.972107
2020-06-05 21:30:00,9697.3,9697.98,9677.93,9680.51,222.524252
2020-06-05 21:45:00,9680.0,9687.31,9653.53,9669.23,373.837207
2020-06-05 22:00:00,9669.23,9682.16,9630.68,9676.12,482.989939
2020-06-05 22:15:00,9676.11,9690.0,9647.57,9650.5,240.352708
2020-06-05 22:30:00,9650.49,9674.59,9641.13,9672.0,257.910995
2020-06-05 22:45:00,9672.0,9683.67,9658.93,9679.74,190.078216
2020-06-05 23:00:00,9679.74,9683.92,9664.33,9671.4,189.375279
2020-06-05 23:15:00,9671.39,9671.65,9624.66,9659.66,495.153081
2020-06-05 23:30:00,9658.96,9671.99,9649.99,9656.26,282.617757
2020-06-05 23:45:00,9656.24,9657.76,9619.47,9621.16,524.87999
2020-06-06 00:00:00,9621.17,9621.17,9550.29,9575.0,1833.296829
2020-06-06 00:15:00,9574.99,9600.0,9559.37,9591.14,593.637416
2020-06-06 00:30:00,9591.11,9594.72,9531.05,9588.93,1004.474774
2020-06-06 00:45:00,9588.92,9613.3,9581.11,9600.47,411.658741
2020-06-06 01:00:00,9601.26,9609.82,9580.0,9591.22,523.659153
2020-06-06 01:15:00,9591.37,9621.94,9585.23,9598.08,488.588323
2020-06-06 01:30:00,9598.08,9607.24,9583.54,9606.44,313.639377
2020-06-06 01:45:00,9606.44,9608.45,9573.54,9578.08,260.677747
2020-06-06 02:00:00,9578.64,9599.95,9566.79,9567.73,391.324941
2020-06-06 02:15:00,9568.11,9593.12,9551.0,9587.95,432.328656
2020-06-06 02:30:00,9587.95,9602.26,9587.95,9597.85,221.591048
2020-06-06 02:45:00,9597.85,9609.52,9590.0,9600.86,208.548166
2020-06-06 03:00:00,9600.17,9610.0,9592.22,9594.56,237.657525
2020-06-06 03:15:00,9594.56,9595.33,9571.63,9591.87,240.03568
2020-06-06 03:30:00,9591.77,9624.66,9590.0,9621.62,245.364079
2020-06-06 03:45:00,9622.1,9644.34,9612.36,9636.18,383.755618
2020-06-06 04:00:00,9636.17,9637.04,9615.38,9626.05,330.94569
2020-06-06 04:15:00,9626.55,9635.41,9615.2,9625.35,311.623774
2020-06-06 04:30:00,9625.09,9626.84,9607.2,9610.83,179.854488
2020-06-06 04:45:00,9611.06,9621.81,9603.86,9608.15,202.191708
2020-06-06 05:00:00,9608.37,9608.63,9580.0,9604.72,368.441665
2020-06-06 05:15:00,9604.72,9620.09,9603.77,9616.72,207.302578
2020-06-06 05:30:00,9616.27,9628.01,9598.17,9623.84,180.095574
2020-06-06 05:45:00,9623.68,9632.64,9615.31,9619.02,185.485245
2020-06-06 06:00:00,9619.43,9634.16,9609.02,9630.01,225.432585
2020-06-06 06:15:00,9630.01,9633.04,9613.0,9621.54,193.74179
2020-06-06 06:30:00,9621.53,9625.0,9601.06,9605.01,240.030476
2020-06-06 06:45:00,9605.0,9617.28,9600.0,9610.0,215.295556
2020-06-06 07:00:00,9610.0,9640.0,9610.0,9627.56,285.152013
2020-06-06 07:15:00,9627.54,9632.55,9612.24,9615.11,234.247572
2020-06-06 07:30:00,9615.11,9623.75,9599.01,9605.58,290.455695
2020-06-06 07:45:00,9606.01,9627.84,9604.81,9609.84,269.609704
2020-06-06 08:00:00,9609.85,9618.05,9590.95,9592.0,504.148544
2020-06-06 08:15:00,9592.0,9604.77,9583.89,9584.24,311.437749
2020-06-06 08:30:00,9584.23,9596.85,9580.0,9592.68,333.040039
2020-06-06 08:45:00,9592.67,9609.91,9590.66,9605.1,294.568808
2020-06-06 09:00:00,9604.59,9685.0,9604.59,9672.67,1167.650666
2020-06-06 09:15:00,9672.67,9695.0,9660.95,9667.71,671.951089
2020-06-06 09:30:00,9667.44,9683.97,9660.81,9681.38,428.125033
2020-06-06 09:45:00,9681.37,9699.0,9671.0,9674.12,357.456641
2020-06-06 10:00:00,9674.18,9682.07,9662.16,9675.11,271.510518
2020-06-06 10:15:00,9675.12,9689.78,9665.45,9667.17,211.426079
2020-06-06 10:30:00,9666.79,9683.18,9664.25,9673.9,260.154237
2020-06-06 10:45:00,9673.84,9686.0,9670.01,9673.04,240.021404
2020-06-06 11:00:00,9674.83,9687.99,9670.91,9674.03,303.561485
2020-06-06 11:15:00,9674.65,9679.57,9665.2,9670.0,175.250366
2020-06-06 11:30:00,9670.0,9686.99,9665.06,9686.0,247.098015
2020-06-06 11:45:00,9686.0,9699.0,9672.12,9693.85,282.158707
2020-06-06 12:00:00,9693.85,9735.0,9693.85,9717.68,813.457486
2020-06-06 12:15:00,9717.64,9730.0,9694.73,9702.35,396.750484
2020-06-06 12:30:00,9702.35,9709.69,9633.0,9659.54,979.364841
2020-06-06 12:45:00,9659.4,9664.74,9640.99,9648.06,487.965365
2020-06-06 13:00:00,9647.8,9671.91,9647.08,9662.32,248.458008
2020-06-06 13:15:00,9662.33,9671.42,9651.56,9661.35,220.782877
2020-06-06 13:30:00,9660.32,9665.32,9650.0,9653.43,315.751421
2020-06-06 13:45:00,9653.43,9661.53,9637.59,9653.41,340.343379
2020-06-06 14:00:00,9653.41,9680.31,9645.69,9669.09,265.314121
2020-06-06 14:15:00,9669.09,9669.71,9650.5,9651.44,205.157919
2020-06-06 14:30:00,9651.45,9663.13,9651.13,9657.59,162.94844
2020-06-06 14:45:00,9657.61,9662.77,9640.03,9650.19,350.354606
2020-06-06 15:00:00,9650.59,9652.53,9625.33,9643.41,317.612517
2020-06-06 15:15:00,9643.34,9660.21,9640.16,9642.98,322.270173
2020-06-06 15:30:00,9642.97,9666.59,9637.38,9657.4,280.302164
2020-06-06 15:45:00,9657.11,9661.5,9650.0,9651.67,143.958917
2020-06-06 16:00:00,9651.59,9664.96,9644.51,9659.01,240.74673
2020-06-06 16:15:00,9659.6,9662.0,9651.0,9655.29,155.442479
2020-06-06 16:30:00,9655.63,9656.0,9641.2,9646.3,281.771594
2020-06-06 16:45:00,9645.99,9653.0,9583.93,9616.62,932.589046
2020-06-06 17:00:00,9616.14,9616.97,9585.99,9602.16,404.02708
2020-06-06 17:15:00,9602.16,9611.1,9596.31,9605.55,231.501292
2020-06-06 17:30:00,9605.54,9610.24,9595.26,9602.4,224.095315
2020-06-06 17:45:00,9602.38,9621.76,9597.18,9614.66,280.082795
2020-06-06 18:00:00,9614.95,9623.45,9606.0,9619.95,121.344397
2020-06-06 18:15:00,9619.96,9620.97,9607.15,9615.16,139.810483
2020-06-06 18:30:00,9615.33,9635.0,9611.38,9625.57,212.191841
2020-06-06 18:45:00,9625.53,9633.99,9622.25,9628.86,165.691012
2020-06-06 19:00:00,9628.86,9630.7,9617.69,9620.06,218.76544
2020-06-06 19:15:00,9620.0,9629.69,9612.48,9627.83,169.787008
2020-06-06 19:30:00,9627.81,9677.0,9626.55,9662.49,383.241942
2020-06-06 19:45:00,9662.5,9670.0,9656.09,9657.39,239.932063
2020-06-06 20:00:00,9658.15,9664.11,9646.53,9654.99,185.309274
2020-06-06 20:15:00,9654.98,9688.87,9646.02,9683.02,334.085916
2020-06-06 20:30:00,9682.97,9690.0,9662.43,9679.33,249.684613
2020-06-06 20:45:00,9679.33,9720.0,9670.12,9700.52,526.727673
2020-06-06 21:00:00,9701.0,9720.0,9700.0,9700.0,312.890036
2020-06-06 21:15:00,9700.79,9702.71,9682.75,9688.53,217.743913
2020-06-06 21:30:00,9687.2,9693.52,9676.62,9685.88,242.327115
2020-06-06 21:45:00,9685.95,9729.74,9680.36,9693.3,521.611141
2020-06-06 22:00:00,9693.82,9707.8,9684.0,9692.74,135.049778
2020-06-06 22:15:00,9691.54,9704.0,9646.4,9664.15,346.736453
2020-06-06 22:30:00,9664.28,9670.99,9635.0,9635.49,303.771954
2020-06-06 22:45:00,9635.64,9651.55,9633.7,9644.63,237.636107
2020-06-06 23:00:00,9644.63,9670.0,9637.59,9663.27,280.397459
2020-06-06 23:15:00,9663.27,9666.0,9643.63,9653.47,307.210303
2020-06-06 23:30:00,9653.52,9680.0,9650.14,9673.81,193.6279
2020-06-06 23:45:00,9673.8,9702.76,9656.83,9666.3,336.624457
2020-06-07 00:00:00,9666.85,9669.13,9639.59,9648.95,209.17002
2020-06-07 00:15:00,9649.07,9659.69,9624.0,9658.01,223.141987
2020-06-07 00:30:00,9658.06,9670.19,9651.86,9659.38,261.766567
2020-06-07 00:45:00,9659.47,9674.48,9655.99,9673.0,106.186299
2020-06-07 01:00:00,9673.29,9677.08,9647.25,9650.3,141.650786
2020-06-07 01:15:00,9650.29,9657.37,9646.17,9652.57,69.610455
2020-06-07 01:30:00,9652.57,9677.59,9652.34,9666.39,201.665753
2020-06-07 01:45:00,9666.38,9679.48,9659.0,9665.0,127.860406
2020-06-07 02:00:00,9665.0,9700.0,9653.1,9688.75,251.375119
2020-06-07 02:15:00,9689.72,9701.61,9684.69,9694.11,333.561275
2020-06-07 02:30:00,9694.12,9695.57,9675.0,9684.08,256.775759
2020-06-07 02:45:00,9684.07,9697.03,9678.76,9684.23,193.108672
2020-06-07 03:00:00,9685.56,9686.71,9670.0,9676.7,243.506305
2020-06-07 03:15:00,9676.69,9688.45,9673.65,9683.21,136.607814
2020-06-07 03:30:00,9682.57,9691.91,9681.8,9688.96,109.695728
2020-06-07 03:45:00,9689.09,9700.0,9680.51,9685.69,217.767848
2020-06-07 04:00:00,9685.79,9717.0,9681.08,9700.0,485.59544
2020-06-07 04:15:00,9700.0,9706.87,9691.48,9692.82,264.041764
2020-06-07 04:30:00,9692.6,9704.51,9677.23,9682.98,253.93479
2020-06-07 04:45:00,9682.98,9689.72,9676.55,9681.21,258.256688
2020-06-07 05:00:00,9681.17,9689.79,9675.0,9680.71,160.296632
2020-06-07 05:15:00,9680.71,9689.88,9671.66,9677.05,164.974443
2020-06-07 05:30:00,9677.04,9683.2,9666.34,9674.2,175.790891
2020-06-07 05:45:00,9674.19,9677.21,9650.0,9671.33,297.21674
2020-06-07 06:00:00,9671.33,9674.55,9659.51,9663.02,257.594618
2020-06-07 06:15:00,9663.02,9674.54,9653.75,9672.21,234.922603
2020-06-07 06:30:00,9672.22,9682.0,9667.86,9676.15,146.233394
2020-06-07 06:45:00,9675.25,9677.73,9662.81,9665.8,246.278855
2020-06-07 07:00:00,9665.72,9681.45,9658.35,9663.66,361.100486
2020-06-07 07:15:00,9663.66,9668.49,9597.0,9652.05,1016.704897
2020-06-07 07:30:00,9652.05,9666.66,9650.77,9662.75,200.801241
2020-06-07 07:45:00,9662.75,9667.58,9648.81,9658.99,191.499206
2020-06-07 08:00:00,9658.99,9678.53,9645.01,9664.75,351.08355
2020-06-07 08:15:00,9664.26,9664.35,9601.28,9619.36,689.370774
2020-06-07 08:30:00,9619.36,9649.52,9555.0,9636.08,1513.879147
2020-06-07 08:45:00,9636.56,9679.89,9631.22,9661.31,639.951298
2020-06-07 09:00:00,9661.32,9675.0,9648.33,9651.08,412.098582
2020-06-07 09:15:00,9651.23,9657.09,9633.65,9644.25,384.065366
2020-06-07 09:30:00,9644.49,9647.72,9619.7,9636.16,300.000274
2020-06-07 09:45:00,9636.16,9652.74,9624.1,9629.96,236.137271
2020-06-07 10:00:00,9630.22,9634.65,9612.21,9631.66,272.105232
2020-06-07 10:15:00,9631.96,9634.7,9605.0,9624.73,320.33382
2020-06-07 10:30:00,9624.73,9643.1,9621.97,9631.79,195.043235
2020-06-07 10:45:00,9631.79,9643.0,9626.08,9626.45,231.564168
2020-06-07 11:00:00,9626.45,9637.16,9621.69,9630.72,175.027248
2020-06-07 11:15:00,9630.73,9634.65,9606.78,9610.0,296.759823
2020-06-07 11:30:00,9610.0,9618.74,9580.0,9594.51,672.414922
2020-06-07 11:45:00,9594.51,9607.0,9562.78,9575.59,667.872425
2020-06-07 12:00:00,9576.57,9602.9,9542.25,9583.43,1200.146799
2020-06-07 12:15:00,9583.43,9587.85,9451.0,9515.93,2346.299402
2020-06-07 12:30:00,9516.15,9546.86,9479.43,9521.12,1382.408969
2020-06-07 12:45:00,9521.56,9529.64,9500.0,9512.28,503.834395
2020-06-07 13:00:00,9511.78,9538.92,9488.0,9504.51,732.334522
2020-06-07 13:15:00,9504.57,9514.28,9461.5,9498.97,955.618726
2020-06-07 13:30:00,9498.97,9522.75,9466.25,9481.01,733.768646
2020-06-07 13:45:00,9481.01,9492.0,9431.0,9446.98,1954.834447
2020-06-07 14:00:00,9448.42,9477.0,9372.46,9471.5,4082.561215
2020-06-07 14:15:00,9472.32,9500.0,9463.48,9486.86,833.332457
2020-06-07 14:30:00,9486.86,9496.8,9467.23,9478.99,432.780449
2020-06-07 14:45:00,9478.99,9487.57,9453.57,9454.43,653.767282
2020-06-07 15:00:00,9454.98,9491.72,9452.66,9470.89,410.296353
2020-06-07 15:15:00,9470.89,9487.52,9467.91,9469.45,357.807448
2020-06-07 15:30:00,9469.44,9506.74,9467.42,9482.47,595.009947
2020-06-07 15:45:00,9482.3,9501.72,9477.0,9500.03,373.992418
2020-06-07 16:00:00,9500.04,9500.72,9466.6,9469.44,557.74082
2020-06-07 16:15:00,9467.62,9475.35,9454.98,9462.57,489.458799
2020-06-07 16:30:00,9462.49,9484.95,9458.07,9482.81,317.692934
2020-06-07 16:45:00,9482.72,9491.16,9470.0,9490.27,247.886862
2020-06-07 17:00:00,9490.25,9491.43,9466.29,9475.02,285.270321
2020-06-07 17:15:00,9475.02,9482.29,9458.0,9475.83,431.267325
2020-06-07 17:30:00,9475.83,9492.99,9475.83,9477.67,239.193721
2020-06-07 17:45:00,9477.66,9504.0,9473.13,9498.02,275.425316
2020-06-07 18:00:00,9498.08,9513.61,9490.49,9510.07,522.17938
2020-06-07 18:15:00,9509.33,9530.61,9503.8,9520.08,501.089361
2020-06-07 18:30:00,9519.76,9541.91,9517.39,9527.41,522.635222
2020-06-07 18:45:00,9527.43,9540.0,9525.0,9531.0,249.162909
2020-06-07 19:00:00,9531.0,9542.43,9523.57,9529.99,281.175167
2020-06-07 19:15:00,9529.99,9563.72,9515.85,9545.0,592.771337
2020-06-07 19:30:00,9545.01,9680.0,9543.77,9657.85,2214.214423
2020-06-07 19:45:00,9657.93,9800.0,9652.22,9773.81,4193.602841
2020-06-07 20:00:00,9775.51,9802.0,9733.05,9745.0,2520.603312
2020-06-07 20:15:00,9745.0,9765.0,9712.0,9730.0,1127.366909
2020-06-07 20:30:00,9730.0,9741.79,9705.13,9720.86,734.376527
2020-06-07 20:45:00,9720.96,9734.0,9675.55,9730.08,1764.271695
2020-06-07 21:00:00,9730.04,9732.28,9696.83,9711.37,560.434961
2020-06-07 21:15:00,9712.44,9716.73,9692.0,9700.65,301.156723
2020-06-07 21:30:00,9700.63,9724.87,9698.74,9714.0,327.671259
2020-06-07 21:45:00,9714.7,9715.21,9695.0,9706.84,317.781114
2020-06-07 22:00:00,9706.84,9724.87,9706.84,9723.93,617.403828
2020-06-07 22:15:00,9723.93,9759.9,9722.44,9736.79,582.182129
2020-06-07 22:30:00,9736.8,9777.0,9736.79,9762.05,1456.817553
2020-06-07 22:45:00,9762.05,9777.36,9740.0,9755.56,857.1505
2020-06-07 23:00:00,9755.56,9785.19,9737.44,9741.96,768.489559
2020-06-07 23:15:00,9741.99,9759.48,9731.53,9738.68,695.822333
2020-06-07 23:30:00,9738.68,9748.43,9725.0,9742.48,347.186615
2020-06-07 23:45:00,9742.48,9752.28,9736.25,9746.99,348.172539
2020-06-08 00:00:00,9746.99,9779.99,9732.37,9738.0,695.498168
2020-06-08 00:15:00,9737.99,9767.74,9733.63,9761.94,538.072958
2020-06-08 00:30:00,9763.26,9768.46,9741.46,9750.27,386.227472
2020-06-08 00:45:00,9749.93,9766.86,9740.0,9761.17,419.305104
2020-06-08 01:00:00,9761.17,9778.0,9740.59,9741.0,566.539989
2020-06-08 01:15:00,9740.61,9767.63,9734.29,9748.9,409.988904
2020-06-08 01:30:00,9748.9,9763.99,9739.45,9758.18,422.332288
2020-06-08 01:45:00,9758.17,9760.0,9738.15,9743.32,348.177575
2020-06-08 02:00:00,9742.6,9753.9,9737.93,9751.34,259.551371
2020-06-08 02:15:00,9751.34,9752.75,9732.0,9742.98,292.628047
2020-06-08 02:30:00,9742.99,9750.0,9714.28,9723.27,578.988959
2020-06-08 02:45:00,9723.21,9729.0,9698.06,9718.7,493.450942
2020-06-08 03:00:00,9719.0,9728.85,9711.59,9723.0,220.836066
2020-06-08 03:15:00,9723.01,9730.48,9718.5,9719.77,321.301918
2020-06-08 03:30:00,9720.0,9729.0,9699.28,9710.66,542.839673
2020-06-08 03:45:00,9711.39,9728.17,9705.5,9725.83,262.408752
2020-06-08 04:00:00,9725.48,9753.57,9723.7,9742.24,367.84487
2020-06-08 04:15:00,9741.97,9752.58,9740.02,9745.46,360.473072
2020-06-08 04:30:00,9744.26,9753.0,9733.42,9738.27,187.376874
2020-06-08 04:45:00,9738.34,9743.29,9727.52,9732.24,236.335773
2020-06-08 05:00:00,9732.15,9734.3,9720.0,9724.73,182.565769
2020-06-08 05:15:00,9724.68,9738.99,9720.1,9737.5,196.066717
2020-06-08 05:30:00,9737.41,9748.48,9734.81,9738.51,289.037593
2020-06-08 05:45:00,9738.91,9760.0,9738.5,9751.48,404.685412
2020-06-08 06:00:00,9751.48,9756.0,9725.68,9729.91,308.50919
2020-06-08 06:15:00,9729.91,9746.29,9723.74,9743.95,296.291107
2020-06-08 06:30:00,9743.9,9745.1,9717.0,9724.31,230.197343
2020-06-08 06:45:00,9724.32,9734.1,9714.78,9732.22,311.883883
2020-06-08 07:00:00,9731.89,9738.2,9725.03,9732.12,202.880173
2020-06-08 07:15:00,9732.66,9743.49,9728.5,9730.69,315.098041
2020-06-08 07:30:00,9730.68,9734.86,9720.0,9721.6,227.185784
2020-06-08 07:45:00,9721.6,9730.66,9715.0,9727.51,334.704893
2020-06-08 08:00:00,9727.51,9738.57,9721.71,9722.75,314.350788
2020-06-08 08:15:00,9722.58,9726.09,9633.0,9676.72,1708.411297
2020-06-08 08:30:00,9676.72,9695.0,9666.08,9693.07,449.764677
2020-06-08 08:45:00,9692.9,9694.0,9683.91,9689.99,315.709973
2020-06-08 09:00:00,9689.99,9712.39,9685.03,9701.55,488.866515
2020-06-08 09:15:00,9701.92,9800.0,9693.24,9722.87,3377.485217
2020-06-08 09:30:00,9722.87,9764.17,9722.87,9752.01,1014.260971
2020-06-08 09:45:00,9752.01,9755.4,9734.6,9745.85,286.723972
2020-06-08 10:00:00,9745.86,9754.53,9731.53,9737.74,345.592427
2020-06-08 10:15:00,9737.74,9746.48,9734.78,9737.36,348.075864
2020-06-08 10:30:00,9737.36,9754.58,9728.04,9751.48,410.108513
2020-06-08 10:45:00,9751.48,9753.42,9727.04,9737.22,240.23934
2020-06-08 11:00:00,9737.22,9744.63,9728.0,9739.58,324.818103
2020-06-08 11:15:00,9739.58,9743.88,9733.99,9738.5,226.81735
2020-06-08 11:30:00,9738.5,9741.24,9719.78,9728.14,452.539212
2020-06-08 11:45:00,9728.47,9743.9,9723.48,9742.69,449.358192
2020-06-08 12:00:00,9742.68,9751.78,9734.92,9751.11,703.004953
2020-06-08 12:15:00,9751.11,9751.12,9729.01,9745.97,500.669685
2020-06-08 12:30:00,9745.97,9747.53,9731.61,9735.38,314.273145
2020-06-08 12:45:00,9735.49,9736.13,9712.85,9719.5,319.22811
2020-06-08 13:00:00,9719.83,9725.0,9701.04,9717.96,628.455011
2020-06-08 13:15:00,9717.48,9733.26,9685.71,9722.99,683.024952
2020-06-08 13:30:00,9723.0,9723.69,9707.73,9709.29,327.39023
2020-06-08 13:45:00,9709.4,9717.53,9669.0,9692.02,686.011468
2020-06-08 14:00:00,9692.01,9692.01,9651.0,9687.61,728.863294
2020-06-08 14:15:00,9687.7,9706.96,9674.92,9703.01,360.313671
2020-06-08 14:30:00,9703.01,9704.84,9682.03,9682.33,260.511844
2020-06-08 14:45:00,9682.82,9686.95,9670.04,9671.0,348.649817
2020-06-08 15:00:00,9671.0,9697.93,9662.92,9697.51,408.54206
2020-06-08 15:15:00,9696.57,9697.22,9671.84,9683.07,370.710933
2020-06-08 15:30:00,9683.06,9696.0,9671.83,9692.42,247.101572
2020-06-08 15:45:00,9692.16,9707.03,9686.06,9705.51,412.237622
2020-06-08 16:00:00,9706.3,9706.31,9680.59,9683.9,380.230964
2020-06-08 16:15:00,9685.44,9690.06,9673.79,9678.52,378.799012
2020-06-08 16:30:00,9678.52,9682.78,9665.82,9673.9,346.48545
2020-06-08 16:45:00,9673.9,9728.13,9661.0,9714.99,718.633
2020-06-08 17:00:00,9715.0,9746.0,9704.8,9721.92,578.083453
2020-06-08 17:15:00,9721.72,9736.16,9721.72,9727.34,313.74571
2020-06-08 17:30:00,9727.34,9727.36,9703.09,9724.02,487.371534
2020-06-08 17:45:00,9723.69,9723.75,9700.67,9720.81,254.378903
2020-06-08 18:00:00,9721.56,9727.0,9710.07,9726.15,296.359757
2020-06-08 18:15:00,9725.96,9733.73,9717.18,9724.99,331.690219
2020-06-08 18:30:00,9724.5,9726.48,9710.84,9712.0,222.178514
2020-06-08 18:45:00,9711.96,9718.0,9693.73,9702.67,306.720211
2020-06-08 19:00:00,9702.66,9713.38,9691.19,9707.82,274.779268
2020-06-08 19:15:00,9708.38,9713.05,9703.79,9709.99,147.483309
2020-06-08 19:30:00,9709.99,9715.48,9685.42,9690.96,272.081452
2020-06-08 19:45:00,9690.19,9706.0,9680.79,9694.65,304.789423
2020-06-08 20:00:00,9694.64,9712.57,9690.0,9710.45,291.981185
2020-06-08 20:15:00,9710.53,9717.57,9705.05,9717.56,252.243216
2020-06-08 20:30:00,9717.57,9722.19,9700.35,9704.37,231.394338
2020-06-08 20:45:00,9704.33,9704.33,9691.0,9701.69,186.501883
2020-06-08 21:00:00,9701.69,9701.97,9685.8,9685.8,156.68703
2020-06-08 21:15:00,9685.98,9699.47,9676.58,9699.0,275.159747
2020-06-08 21:30:00,9699.0,9717.0,9695.89,9709.31,219.195741
2020-06-08 21:45:00,9708.99,9716.0,9705.0,9709.78,172.32136
2020-06-08 22:00:00,9710.99,9728.67,9707.71,9710.26,340.559717
2020-06-08 22:15:00,9710.27,9724.95,9708.31,9715.0,217.507177
2020-06-08 22:30:00,9715.07,9719.87,9701.15,9703.11,157.576484
2020-06-08 22:45:00,9703.11,9709.83,9686.0,9695.0,234.369793
2020-06-08 23:00:00,9694.89,9727.57,9691.96,9716.99,245.518974
2020-06-08 23:15:00,9717.0,9740.0,9715.46,9728.12,402.891356
2020-06-08 23:30:00,9728.46,9798.71,9719.99,9788.0,1647.468867
2020-06-08 23:45:00,9788.85,9800.0,9770.0,9782.01,758.08162
2020-06-09 00:00:00,9782.0,9877.0,9782.0,9855.73,2931.792731
2020-06-09 00:15:00,9855.72,9875.49,9570.0,9659.63,4454.210192
2020-06-09 00:30:00,9659.59,9699.0,9645.43,9688.78,955.142485
2020-06-09 00:45:00,9688.77,9725.48,9672.91,9703.05,554.615552
2020-06-09 01:00:00,9703.23,9717.91,9684.0,9689.36,363.190547
2020-06-09 01:15:00,9689.35,9709.0,9685.75,9701.59,238.75366
2020-06-09 01:30:00,9701.53,9711.0,9693.0,9696.78,244.682301
2020-06-09 01:45:00,9697.09,9706.92,9687.72,9698.48,181.697213
2020-06-09 02:00:00,9697.26,9703.6,9685.01,9691.61,278.402383
2020-06-09 02:15:00,9691.6,9709.88,9685.14,9703.17,400.376466
2020-06-09 02:30:00,9703.48,9712.85,9698.34,9700.0,236.943217
2020-06-09 02:45:00,9700.01,9704.79,9687.8,9696.53,420.138292
2020-06-09 03:00:00,9696.53,9698.48,9665.86,9673.51,698.977202
2020-06-09 03:15:00,9673.5,9690.0,9659.78,9682.57,618.970361
2020-06-09 03:30:00,9682.77,9684.05,9664.49,9676.0,226.444475
2020-06-09 03:45:00,9676.0,9686.7,9671.2,9679.22,226.723929
2020-06-09 04:00:00,9678.95,9679.62,9653.75,9664.53,383.865241
2020-06-09 04:15:00,9664.95,9672.66,9659.62,9661.01,270.369554
2020-06-09 04:30:00,9661.48,9681.17,9661.1,9676.74,451.634742
2020-06-09 04:45:00,9677.77,9688.0,9668.99,9672.93,310.066856
2020-06-09 05:00:00,9673.82,9679.96,9663.0,9678.19,309.680764
2020-06-09 05:15:00,9678.2,9684.78,9670.0,9676.74,330.120546
2020-06-09 05:30:00,9676.75,9699.0,9676.75,9694.2,324.778401
2020-06-09 05:45:00,9694.2,9697.98,9687.68,9696.82,221.597023
2020-06-09 06:00:00,9696.82,9697.18,9685.0,9693.98,225.499788
2020-06-09 06:15:00,9693.98,9695.47,9686.0,9689.78,170.292414
2020-06-09 06:30:00,9689.79,9691.88,9684.25,9688.63,188.552868
2020-06-09 06:45:00,9689.09,9695.55,9685.0,9693.43,229.182242
2020-06-09 07:00:00,9693.04,9706.64,9690.0,9702.91,262.800719
2020-06-09 07:15:00,9703.43,9706.87,9675.2,9680.98,438.304396
2020-06-09 07:30:00,9680.99,9689.95,9668.08,9678.35,240.853508
2020-06-09 07:45:00,9678.42,9684.73,9676.27,9681.75,227.469878
2020-06-09 08:00:00,9681.81,9690.62,9680.31,9686.18,264.882525
2020-06-09 08:15:00,9686.18,9688.36,9665.64,9674.99,567.197637
2020-06-09 08:30:00,9674.98,9678.21,9666.93,9673.58,283.809594
2020-06-09 08:45:00,9673.8,9686.97,9671.32,9683.46,264.486995
2020-06-09 09:00:00,9683.47,9685.0,9670.0,9672.0,304.826717
2020-06-09 09:15:00,9672.0,9677.04,9642.1,9662.74,532.048179
2020-06-09 09:30:00,9662.75,9669.98,9652.74,9664.9,283.990534
2020-06-09 09:45:00,9664.49,9679.58,9661.03,9669.7,343.058558
2020-06-09 10:00:00,9669.7,9672.67,9660.0,9662.73,319.264277
2020-06-09 10:15:00,9662.74,9672.11,9650.15,9665.76,414.508908
2020-06-09 10:30:00,9665.76,9669.39,9651.11,9660.53,400.632743
2020-06-09 10:45:00,9660.53,9679.0,9624.53,9676.0,757.144329
2020-06-09 11:00:00,9675.99,9688.69,9670.9,9684.54,495.163115
2020-06-09 11:15:00,9684.32,9689.36,9663.57,9669.43,438.35536
2020-06-09 11:30:00,9669.43,9682.43,9668.85,9681.77,210.109977
2020-06-09 11:45:00,9681.76,9728.0,9678.52,9721.24,799.714938
2020-06-09 12:00:00,9721.23,9748.95,9720.0,9729.67,927.668531
2020-06-09 12:15:00,9730.31,9738.05,9708.98,9719.34,484.165363
2020-06-09 12:30:00,9719.95,9728.65,9710.27,9718.0,551.05447
2020-06-09 12:45:00,9718.02,9725.0,9715.44,9720.57,350.546528
2020-06-09 13:00:00,9720.57,9734.0,9713.59,9714.06,333.237518
2020-06-09 13:15:00,9714.06,9727.36,9681.33,9706.94,606.512146
2020-06-09 13:30:00,9706.97,9716.51,9672.0,9694.04,684.977241
2020-06-09 13:45:00,9694.04,9717.94,9689.34,9706.58,368.610601
2020-06-09 14:00:00,9706.28,9709.0,9682.0,9701.67,448.335857
2020-06-09 14:15:00,9701.76,9702.58,9682.99,9690.98,467.616737
2020-06-09 14:30:00,9690.98,9711.99,9688.32,9706.94,271.760607
2020-06-09 14:45:00,9706.6,9734.0,9706.6,9713.76,653.072871
2020-06-09 15:00:00,9713.75,9728.0,9708.55,9714.21,415.305126
2020-06-09 15:15:00,9714.22,9721.45,9704.68,9718.33,319.346759
2020-06-09 15:30:00,9718.34,9725.98,9701.42,9709.0,359.659387
2020-06-09 15:45:00,9709.0,9721.62,9705.77,9719.89,401.561324
2020-06-09 16:00:00,9719.89,9727.85,9695.27,9700.6,619.336939
2020-06-09 16:15:00,9700.59,9711.75,9688.13,9709.76,277.378788
2020-06-09 16:30:00,9708.82,9719.0,9692.0,9713.71,417.87133
2020-06-09 16:45:00,9713.63,9718.0,9695.94,9704.43,272.604235
2020-06-09 17:00:00,9704.43,9711.0,9691.08,9697.5,370.581513
2020-06-09 17:15:00,9697.72,9718.0,9697.0,9709.62,292.294089
2020-06-09 17:30:00,9709.41,9717.87,9703.22,9707.58,215.416897
2020-06-09 17:45:00,9707.56,9710.78,9700.0,9703.39,240.58523
2020-06-09 18:00:00,9703.39,9712.01,9694.38,9710.74,310.886154
2020-06-09 18:15:00,9710.33,9713.08,9696.1,9699.48,295.385749
2020-06-09 18:30:00,9699.48,9712.0,9689.91,9707.46,336.977944
2020-06-09 18:45:00,9707.46,9707.78,9700.0,9703.09,246.499063
2020-06-09 19:00:00,9703.77,9707.42,9698.78,9700.0,302.246106
2020-06-09 19:15:00,9700.0,9706.45,9681.94,9702.33,385.095612
2020-06-09 19:30:00,9702.34,9713.5,9695.43,9709.91,287.061698
2020-06-09 19:45:00,9709.92,9744.51,9698.98,9731.15,658.997253
2020-06-09 20:00:00,9731.15,9737.94,9715.0,9731.98,342.992276
2020-06-09 20:15:00,9731.97,9735.66,9713.8,9721.0,354.173769
2020-06-09 20:30:00,9721.01,9736.99,9721.01,9732.88,196.213476
2020-06-09 20:45:00,9732.88,9765.0,9732.88,9742.31,721.877584
2020-06-09 21:00:00,9742.3,9798.99,9740.79,9796.83,735.803303
2020-06-09 21:15:00,9796.84,9810.0,9750.52,9758.0,987.716434
2020-06-09 21:30:00,9758.0,9783.79,9758.0,9777.0,319.601034
2020-06-09 21:45:00,9777.0,9825.0,9765.6,9809.99,760.163122
2020-06-09 22:00:00,9810.0,9829.0,9694.0,9763.96,1407.36023
2020-06-09 22:15:00,9763.97,9789.56,9757.85,9782.93,485.363202
2020-06-09 22:30:00,9782.38,9793.0,9766.92,9771.23,400.809071
2020-06-09 22:45:00,9771.3,9788.98,9751.0,9771.82,333.033051
2020-06-09 23:00:00,9771.98,9772.52,9753.92,9759.92,403.791851
2020-06-09 23:15:00,9760.29,9780.0,9760.0,9771.0,267.986206
2020-06-09 23:30:00,9771.0,9800.0,9768.0,9777.51,405.837063
2020-06-09 23:45:00,9776.83,9777.78,9736.22,9772.43,433.305619
2020-06-10 00:00:00,9772.44,9780.06,9754.02,9763.03,459.693897
2020-06-10 00:15:00,9763.04,9790.0,9753.21,9778.77,340.785237
2020-06-10 00:30:00,9778.72,9799.03,9774.0,9774.78,459.210658
2020-06-10 00:45:00,9774.77,9784.0,9765.0,9774.97,384.128658
2020-06-10 01:00:00,9774.97,9790.01,9774.97,9785.17,286.569717
2020-06-10 01:15:00,9785.17,9800.0,9782.96,9788.0,395.649085
2020-06-10 01:30:00,9787.99,9810.0,9780.0,9797.32,403.305515
2020-06-10 01:45:00,9797.33,9799.63,9782.38,9788.51,300.509402
2020-06-10 02:00:00,9788.51,9790.82,9761.0,9776.93,315.210829
2020-06-10 02:15:00,9776.94,9780.0,9762.66,9766.82,210.844379
2020-06-10 02:30:00,9766.89,9770.13,9762.81,9767.99,229.665493
2020-06-10 02:45:00,9767.99,9779.96,9765.14,9774.82,289.181927
2020-06-10 03:00:00,9774.82,9774.83,9737.61,9761.44,419.090402
2020-06-10 03:15:00,9761.44,9773.23,9758.07,9768.95,278.765149
2020-06-10 03:30:00,9768.95,9768.95,9735.59,9751.58,589.204657
2020-06-10 03:45:00,9751.58,9760.0,9740.32,9754.5,240.98452
2020-06-10 04:00:00,9754.5,9758.03,9747.98,9751.48,235.207687
2020-06-10 04:15:00,9751.43,9756.4,9745.54,9748.97,168.774485
2020-06-10 04:30:00,9748.97,9754.65,9731.82,9740.0,331.289394
2020-06-10 04:45:00,9740.0,9755.6,9735.72,9750.84,286.171638
2020-06-10 05:00:00,9750.85,9765.0,9750.84,9762.16,213.103894
2020-06-10 05:15:00,9762.5,9780.0,9762.2,9771.4,422.688088
2020-06-10 05:30:00,9771.42,9774.58,9748.32,9758.96,392.009337
2020-06-10 05:45:00,9758.96,9775.19,9757.02,9771.51,230.101642
2020-06-10 06:00:00,9771.52,9772.49,9759.13,9763.89,238.753984
2020-06-10 06:15:00,9763.88,9773.92,9762.94,9768.84,237.715864
2020-06-10 06:30:00,9769.03,9774.99,9760.92,9768.47,214.208582
2020-06-10 06:45:00,9768.44,9780.0,9762.91,9779.93,255.919131
2020-06-10 07:00:00,9779.93,9790.0,9767.24,9772.08,329.807362
2020-06-10 07:15:00,9772.07,9772.2,9740.0,9754.95,632.479816
2020-06-10 07:30:00,9754.95,9755.7,9720.0,9734.69,471.304119
2020-06-10 07:45:00,9735.5,9752.61,9729.91,9747.89,329.999184
2020-06-10 08:00:00,9747.88,9765.79,9733.91,9738.59,374.116154
2020-06-10 08:15:00,9738.59,9750.0,9738.21,9742.66,206.933441
2020-06-10 08:30:00,9743.8,9745.75,9735.0,9739.96,266.219306
2020-06-10 08:45:00,9740.02,9751.16,9732.0,9739.0,324.035169
2020-06-10 09:00:00,9739.0,9739.0,9720.3,9727.95,412.0254
2020-06-10 09:15:00,9728.98,9731.5,9710.0,9725.56,546.581401
2020-06-10 09:30:00,9725.97,9736.03,9706.04,9733.49,523.17495
2020-06-10 09:45:00,9733.49,9739.99,9716.25,9724.25,289.590354
2020-06-10 10:00:00,9724.25,9736.93,9716.55,9736.92,365.168583
2020-06-10 10:15:00,9736.92,9747.0,9731.15,9739.17,317.824787
2020-06-10 10:30:00,9739.17,9740.0,9732.36,9734.63,233.625082
2020-06-10 10:45:00,9734.64,9746.06,9734.63,9742.45,237.742953
2020-06-10 11:00:00,9743.06,9747.48,9741.56,9743.68,244.267926
2020-06-10 11:15:00,9743.25,9744.74,9735.99,9739.78,212.140817
2020-06-10 11:30:00,9739.56,9742.92,9730.0,9734.42,274.146646
2020-06-10 11:45:00,9734.43,9738.99,9725.04,9729.6,269.496228
2020-06-10 12:00:00,9728.41,9765.33,9720.0,9758.51,564.087535
2020-06-10 12:15:00,9758.03,9759.0,9749.02,9750.62,258.370548
2020-06-10 12:30:00,9750.0,9758.99,9746.09,9757.12,244.525172
2020-06-10 12:45:00,9757.11,9774.2,9755.93,9763.98,438.426737
2020-06-10 13:00:00,9763.85,9763.85,9753.76,9758.08,274.262066
2020-06-10 13:15:00,9758.08,9769.23,9755.64,9761.43,279.690063
2020-06-10 13:30:00,9761.63,9779.0,9754.6,9760.32,361.639333
2020-06-10 13:45:00,9760.94,9761.5,9734.98,9750.0,332.739563
2020-06-10 14:00:00,9750.0,9760.0,9749.0,9749.26,250.184799
2020-06-10 14:15:00,9749.94,9756.98,9735.0,9737.9,352.971729
2020-06-10 14:30:00,9737.9,9750.0,9731.18,9747.65,301.830168
2020-06-10 14:45:00,9747.63,9756.6,9742.53,9750.25,371.813652
2020-06-10 15:00:00,9750.24,9763.96,9743.99,9761.87,311.110739
2020-06-10 15:15:00,9761.5,9763.33,9735.82,9739.09,301.43819
2020-06-10 15:30:00,9739.1,9747.0,9736.17,9740.02,256.764743
2020-06-10 15:45:00,9740.01,9761.69,9740.0,9758.33,297.920675
2020-06-10 16:00:00,9758.32,9772.28,9750.0,9757.49,483.03522
2020-06-10 16:15:00,9757.49,9767.02,9757.48,9762.46,243.763978
2020-06-10 16:30:00,9763.19,9771.97,9760.06,9767.86,365.416361
2020-06-10 16:45:00,9768.31,9776.0,9759.61,9763.36,363.02192
2020-06-10 17:00:00,9763.37,9765.0,9754.4,9756.99,251.866389
2020-06-10 17:15:00,9756.99,9764.0,9756.28,9759.19,211.172091
2020-06-10 17:30:00,9759.03,9767.07,9751.78,9762.53,237.592054
2020-06-10 17:45:00,9762.47,9779.0,9757.03,9773.58,274.390461
2020-06-10 18:00:00,9773.93,9802.58,9753.68,9802.27,903.373631
2020-06-10 18:15:00,9802.27,9819.0,9800.1,9810.38,932.262705
2020-06-10 18:30:00,9810.38,9988.0,9810.35,9931.01,5129.468457
2020-06-10 18:45:00,9931.98,9992.72,9704.18,9823.58,5365.953242
2020-06-10 19:00:00,9823.63,9870.0,9800.0,9829.26,1914.682033
2020-06-10 19:15:00,9829.8,9842.67,9820.54,9835.84,544.912433
2020-06-10 19:30:00,9834.94,9863.28,9825.1,9850.98,556.681343
2020-06-10 19:45:00,9850.98,9925.0,9828.94,9852.18,1345.919343
2020-06-10 20:00:00,9852.17,9900.0,9852.17,9881.03,892.733573
2020-06-10 20:15:00,9881.03,9886.68,9855.31,9861.4,431.885404
2020-06-10 20:30:00,9861.39,9888.94,9857.48,9863.99,341.634661
2020-06-10 20:45:00,9863.97,9873.42,9855.0,9862.06,261.71133
2020-06-10 21:00:00,9863.08,9868.99,9847.85,9849.99,271.974696
2020-06-10 21:15:00,9850.0,9869.79,9849.99,9868.23,257.552789
2020-06-10 21:30:00,9868.03,9869.96,9830.0,9839.91,351.36737
2020-06-10 21:45:00,9839.91,9856.22,9821.95,9847.39,276.185505
2020-06-10 22:00:00,9847.11,9867.78,9845.24,9857.07,654.320196
2020-06-10 22:15:00,9858.19,9893.32,9858.19,9879.35,773.755499
2020-06-10 22:30:00,9878.68,9913.0,9878.68,9888.89,770.176487
2020-06-10 22:45:00,9888.89,9897.83,9885.07,9891.28,454.037372
2020-06-10 23:00:00,9891.15,9902.5,9870.53,9879.05,451.794244
2020-06-10 23:15:00,9879.2,9893.4,9872.69,9890.2,257.6529
2020-06-10 23:30:00,9890.19,9900.99,9853.68,9865.74,440.805256
2020-06-10 23:45:00,9865.43,9888.28,9862.34,9885.0,232.465398
2020-06-11 00:00:00,9885.22,9898.54,9870.02,9882.16,472.210712
2020-06-11 00:15:00,9881.78,9900.0,9870.02,9893.47,559.101047
2020-06-11 00:30:00,9893.47,9899.9,9886.46,9895.75,394.385071
2020-06-11 00:45:00,9895.89,9901.85,9873.6,9890.34,351.088484
2020-06-11 01:00:00,9890.34,9897.56,9882.13,9884.82,365.263673
2020-06-11 01:15:00,9884.26,9907.67,9876.26,9897.13,258.178312
2020-06-11 01:30:00,9897.13,9964.0,9890.53,9916.89,1511.103407
2020-06-11 01:45:00,9916.35,9946.61,9916.35,9929.98,651.171162
2020-06-11 02:00:00,9929.97,9950.0,9876.69,9914.47,833.656906
2020-06-11 02:15:00,9914.73,9947.53,9901.61,9915.5,918.390356
2020-06-11 02:30:00,9916.59,9935.27,9891.81,9922.08,750.218419
2020-06-11 02:45:00,9922.08,9930.84,9908.27,9916.99,234.21056
2020-06-11 03:00:00,9916.99,9933.2,9916.85,9931.86,316.625386
2020-06-11 03:15:00,9931.86,9932.11,9890.81,9903.44,576.357522
2020-06-11 03:30:00,9903.43,9909.73,9860.0,9890.17,863.285502
2020-06-11 03:45:00,9890.16,9912.0,9873.03,9889.17,576.502826
2020-06-11 04:00:00,9889.16,9890.34,9865.52,9879.23,322.731069
2020-06-11 04:15:00,9879.22,9906.0,9878.6,9896.12,278.725336
2020-06-11 04:30:00,9895.0,9896.5,9886.11,9888.34,138.168252
2020-06-11 04:45:00,9888.33,9894.49,9878.54,9889.03,187.646701
2020-06-11 05:00:00,9888.38,9889.11,9870.28,9885.88,257.93099
2020-06-11 05:15:00,9885.88,9887.64,9862.76,9869.44,262.808641
2020-06-11 05:30:00,9869.43,9883.0,9867.6,9872.87,283.521939
2020-06-11 05:45:00,9872.87,9887.92,9868.47,9887.16,276.583982
2020-06-11 06:00:00,9887.15,9889.89,9879.68,9883.01,354.843798
2020-06-11 06:15:00,9883.0,9885.0,9758.0,9806.56,3852.891138
2020-06-11 06:30:00,9806.55,9832.0,9796.95,9820.03,586.924507
2020-06-11 06:45:00,9820.02,9838.0,9807.3,9831.31,471.583546
2020-06-11 07:00:00,9831.62,9834.11,9801.0,9820.71,666.557841
2020-06-11 07:15:00,9820.71,9822.75,9795.04,9802.83,626.686772
2020-06-11 07:30:00,9802.53,9811.5,9800.13,9807.99,274.123963
2020-06-11 07:45:00,9808.0,9817.99,9793.39,9796.47,387.983852
2020-06-11 08:00:00,9796.29,9808.46,9784.46,9806.34,580.417355
2020-06-11 08:15:00,9805.82,9812.0,9802.9,9805.65,319.153672
2020-06-11 08:30:00,9806.14,9821.91,9800.2,9814.49,384.543894
2020-06-11 08:45:00,9814.48,9821.25,9801.5,9803.12,328.054693
2020-06-11 09:00:00,9803.12,9817.46,9784.01,9813.69,530.6809
2020-06-11 09:15:00,9813.98,9816.45,9801.59,9802.32,196.043389
2020-06-11 09:30:00,9802.32,9807.62,9780.0,9781.21,660.921281
2020-06-11 09:45:00,9781.21,9799.75,9767.0,9797.13,620.469233
2020-06-11 10:00:00,9797.13,9799.99,9780.0,9798.74,383.131773
2020-06-11 10:15:00,9798.6,9803.39,9784.7,9797.46,456.580997
2020-06-11 10:30:00,9797.25,9799.8,9760.0,9793.27,745.281841
2020-06-11 10:45:00,9793.28,9804.97,9792.74,9798.08,496.688102
2020-06-11 11:00:00,9798.07,9803.55,9788.05,9792.58,330.824127
2020-06-11 11:15:00,9792.59,9794.86,9774.55,9786.0,396.83579
2020-06-11 11:30:00,9785.0,9787.47,9766.49,9773.98,479.252498
2020-06-11 11:45:00,9773.98,9791.37,9755.52,9788.57,901.5722
2020-06-11 12:00:00,9787.58,9788.91,9756.01,9756.01,465.737479
2020-06-11 12:15:00,9756.01,9796.29,9740.0,9784.08,865.830677
2020-06-11 12:30:00,9784.1,9784.1,9764.13,9766.68,368.731206
2020-06-11 12:45:00,9766.66,9772.96,9675.0,9721.37,2001.726384
2020-06-11 13:00:00,9721.37,9742.83,9668.0,9693.2,2006.731307
2020-06-11 13:15:00,9693.2,9699.46,9640.88,9689.01,2661.329992
2020-06-11 13:30:00,9689.01,9690.22,9600.0,9622.13,2202.257035
2020-06-11 13:45:00,9621.16,9651.05,9587.14,9635.54,2018.718367
2020-06-11 14:00:00,9635.05,9661.29,9612.56,9654.0,1365.977337
2020-06-11 14:15:00,9654.01,9675.0,9640.04,9657.1,921.837191
2020-06-11 14:30:00,9656.84,9662.83,9615.92,9633.43,1036.933386
2020-06-11 14:45:00,9633.43,9633.43,9601.11,9617.38,866.293954
