time,open,high,low,close,volume
2022-09-27 15:00:00,20204.36,20252.9,19865.0,19887.73,26552.58678
2022-09-27 16:00:00,19887.78,19954.49,18918.77,19110.79,48272.39208
2022-09-27 17:00:00,19110.79,19115.89,18863.01,18957.2,35230.16729
2022-09-27 18:00:00,18957.95,19159.83,18816.32,19140.98,32524.80986
2022-09-27 19:00:00,19140.98,19180.0,18963.57,19077.59,27682.65801
2022-09-27 20:00:00,19077.59,19104.05,18953.22,19073.46,20090.99258
2022-09-27 21:00:00,19073.46,19079.22,18929.15,18994.5,10372.37362
2022-09-27 22:00:00,18993.43,19101.3,18926.91,19080.2,17911.99732
2022-09-27 23:00:00,19079.5,19169.39,19066.36,19079.13,16337.56782
2022-09-28 00:00:00,19078.1,19238.28,19070.22,19096.83,21441.13215
2022-09-28 01:00:00,19095.87,19146.85,18936.49,19003.85,21054.97507
2022-09-28 02:00:00,19003.85,19016.16,18471.28,18634.02,28783.01284
2022-09-28 03:00:00,18633.67,18778.16,18622.74,18745.65,18609.13186
2022-09-28 04:00:00,18746.2,18830.82,18713.53,18763.47,14986.83273
2022-09-28 05:00:00,18764.2,18834.0,18655.54,18824.26,16187.76351
2022-09-28 06:00:00,18822.61,18883.04,18684.23,18696.95,17906.35811
2022-09-28 07:00:00,18696.95,18809.13,18622.0,18781.48,22013.48984
2022-09-28 08:00:00,18782.49,18795.0,18696.0,18741.17,17534.33227
2022-09-28 09:00:00,18741.17,18746.04,18565.0,18652.02,23587.57466
2022-09-28 10:00:00,18652.02,19155.08,18576.0,19004.44,36184.02773
2022-09-28 11:00:00,19005.13,19043.52,18857.17,18955.43,23746.05456
2022-09-28 12:00:00,18954.96,19127.46,18940.02,19072.62,22576.34939
2022-09-28 13:00:00,19072.62,19200.0,19012.0,19122.95,25643.91236
2022-09-28 14:00:00,19122.95,19477.62,19039.47,19382.25,32587.68926
2022-09-28 15:00:00,19382.25,19500.0,19363.93,19487.79,26945.25673
2022-09-28 16:00:00,19487.79,19666.66,19467.07,19507.67,28024.04111
2022-09-28 17:00:00,19508.44,19609.5,19256.07,19345.55,25830.48586
2022-09-28 18:00:00,19345.55,19635.56,19281.0,19555.58,25085.35791
2022-09-28 19:00:00,19555.58,19659.2,19464.29,19546.72,21622.84307
2022-09-28 20:00:00,19546.72,19627.21,19491.87,19568.23,14430.07286
2022-09-28 21:00:00,19569.61,19790.0,19525.84,19618.44,10604.42236
2022-09-28 22:00:00,19618.79,19666.48,19411.58,19485.75,14428.39974
2022-09-28 23:00:00,19485.75,19558.78,19386.22,19412.82,11571.93949
2022-09-29 00:00:00,19412.82,19529.04,19371.52,19437.99,16346.13095
2022-09-29 01:00:00,19438.16,19605.0,19420.16,19496.53,14381.57913
2022-09-29 02:00:00,19496.53,19532.81,19277.01,19438.05,23967.76337
2022-09-29 03:00:00,19437.61,19539.21,19385.0,19507.5,13386.09908
2022-09-29 04:00:00,19507.5,19629.0,19490.92,19583.3,13185.90917
2022-09-29 05:00:00,19583.3,19596.14,19412.87,19453.94,13346.98868
2022-09-29 06:00:00,19454.78,19455.18,19291.81,19385.02,16204.33609
2022-09-29 07:00:00,19385.74,19409.89,19267.0,19359.71,16716.44052
2022-09-29 08:00:00,19360.4,19400.56,19301.27,19344.34,12878.51925
2022-09-29 09:00:00,19345.18,19506.66,19322.54,19481.33,14115.15321
2022-09-29 10:00:00,19481.33,19496.17,19409.8,19438.44,9962.3904
2022-09-29 11:00:00,19437.39,19550.0,19376.09,19463.04,14512.71298
2022-09-29 12:00:00,19463.04,19476.16,19127.81,19211.63,26210.05286
2022-09-29 13:00:00,19211.63,19365.38,18917.0,18992.08,26689.34618
2022-09-29 14:00:00,18993.22,19261.7,18843.01,19197.36,31442.66192
2022-09-29 15:00:00,19197.36,19336.0,19163.81,19288.85,23053.42696
2022-09-29 16:00:00,19288.78,19645.52,19146.86,19444.28,25848.54993
2022-09-29 17:00:00,19446.0,19538.44,19253.71,19261.58,17488.5291
2022-09-29 18:00:00,19263.5,19426.7,19117.5,19299.89,21004.15174
2022-09-29 19:00:00,19301.25,19487.96,19296.68,19405.37,15817.49109
2022-09-29 20:00:00,19402.63,19540.71,19379.74,19505.64,9727.75583
2022-09-29 21:00:00,19507.09,19520.0,19417.87,19430.15,5310.54832
2022-09-29 22:00:00,19431.42,19539.56,19417.88,19456.07,11951.94972
2022-09-29 23:00:00,19455.06,19620.0,19430.04,19591.51,12876.44608
2022-09-30 00:00:00,19590.54,19700.0,19431.25,19545.35,21508.671
2022-09-30 01:00:00,19545.35,19547.49,19438.77,19508.1,15328.24987
2022-09-30 02:00:00,19508.1,19510.69,19346.2,19360.51,15764.6744
2022-09-30 03:00:00,19361.06,19422.43,19311.99,19398.12,11950.33472
2022-09-30 04:00:00,19397.72,19468.18,19387.87,19430.33,8902.41867
2022-09-30 05:00:00,19430.33,19497.05,19420.84,19446.01,8738.78564
2022-09-30 06:00:00,19446.01,19504.65,19393.55,19445.14,10492.43097
2022-09-30 07:00:00,19445.14,19640.0,19438.71,19571.35,19369.9924
2022-09-30 08:00:00,19570.74,19635.53,19524.82,19623.8,12267.65535
2022-09-30 09:00:00,19623.8,19630.58,19491.11,19527.02,12658.85981
2022-09-30 10:00:00,19528.02,19562.12,19441.92,19485.77,15975.87996
2022-09-30 11:00:00,19485.77,19519.0,19400.32,19436.29,14939.73635
2022-09-30 12:00:00,19435.79,19503.9,19155.36,19297.19,31268.82643
2022-09-30 13:00:00,19298.59,19484.0,19234.88,19472.09,28423.64835
2022-09-30 14:00:00,19472.09,20058.24,19436.49,19993.09,46632.77191
2022-09-30 15:00:00,19994.45,20185.0,19689.68,19756.01,38532.89948
2022-09-30 16:00:00,19756.02,19873.5,19565.52,19712.63,28359.08951
2022-09-30 17:00:00,19715.03,19819.0,19600.1,19679.33,17779.85628
2022-09-30 18:00:00,19679.33,19838.36,19612.17,19667.91,16368.5951
2022-09-30 19:00:00,19666.83,19768.19,19470.29,19473.52,18501.28498
2022-09-30 20:00:00,19473.52,19542.72,19355.0,19424.31,18638.81116
2022-09-30 21:00:00,19424.31,19425.47,19284.85,19361.07,8501.14046
2022-09-30 22:00:00,19359.77,19400.14,19240.44,19384.86,13559.5848
2022-09-30 23:00:00,19384.86,19475.4,19358.67,19422.61,9858.7558
2022-10-01 00:00:00,19422.61,19484.0,19351.02,19402.88,8651.64878
2022-10-01 01:00:00,19401.84,19431.97,19365.84,19423.84,6312.08506
2022-10-01 02:00:00,19423.06,19436.0,19384.41,19413.79,5773.83532
2022-10-01 03:00:00,19413.96,19438.75,19361.05,19416.05,5861.49212
2022-10-01 04:00:00,19416.05,19423.63,19370.7,19407.43,5958.93517
2022-10-01 05:00:00,19407.43,19418.88,19270.59,19317.92,12420.01718
2022-10-01 06:00:00,19316.82,19324.94,19266.26,19292.82,7000.01196
2022-10-01 07:00:00,19293.49,19343.03,19258.53,19309.84,7907.1828
2022-10-01 08:00:00,19309.84,19349.31,19302.64,19335.03,5878.65763
2022-10-01 09:00:00,19335.03,19367.98,19301.11,19329.5,5063.78487
2022-10-01 10:00:00,19329.5,19365.39,19284.0,19327.95,6452.54559
2022-10-01 11:00:00,19329.0,19347.76,19159.42,19312.04,11406.45974
2022-10-01 12:00:00,19312.04,19314.0,19240.08,19296.57,7368.26743
2022-10-01 13:00:00,19295.6,19400.02,19277.08,19332.38,9729.03234
2022-10-01 14:00:00,19331.95,19346.53,19288.0,19321.72,7093.79878
2022-10-01 15:00:00,19321.7,19363.72,19304.4,19330.95,5174.76131
2022-10-01 16:00:00,19332.42,19353.81,19244.29,19291.16,9042.96834
2022-10-01 17:00:00,19291.72,19317.06,19245.42,19277.7,6464.85381
2022-10-01 18:00:00,19276.83,19310.0,19206.63,19298.73,6637.53778
2022-10-01 19:00:00,19298.73,19328.0,19212.95,19266.15,6791.17077
2022-10-01 20:00:00,19266.15,19281.4,19200.0,19250.25,5947.6783
2022-10-01 21:00:00,19250.95,19319.87,19244.58,19288.42,2764.17013
2022-10-01 22:00:00,19288.42,19338.94,19270.0,19324.28,5516.10869
2022-10-01 23:00:00,19325.32,19342.63,19288.58,19310.95,4408.13569
2022-10-02 00:00:00,19312.24,19327.28,19236.0,19277.97,6865.86884
2022-10-02 01:00:00,19278.09,19312.7,19256.04,19308.1,5791.37898
2022-10-02 02:00:00,19308.1,19345.88,19301.16,19318.36,5445.42583
2022-10-02 03:00:00,19318.36,19332.36,19282.05,19310.83,5404.34505
2022-10-02 04:00:00,19310.36,19337.96,19293.79,19333.97,5248.45831
2022-10-02 05:00:00,19333.96,19395.91,19298.0,19330.58,8555.84825
2022-10-02 06:00:00,19330.58,19383.61,19265.4,19278.81,8597.45238
2022-10-02 07:00:00,19279.97,19310.0,19227.73,19285.26,7587.59017
2022-10-02 08:00:00,19284.93,19300.55,19251.75,19283.34,6221.10155
2022-10-02 09:00:00,19283.34,19293.83,19221.61,19261.57,6391.96535
2022-10-02 10:00:00,19262.28,19265.0,19036.0,19101.05,15914.62642
2022-10-02 11:00:00,19100.64,19269.0,19078.33,19192.43,10677.49064
2022-10-02 12:00:00,19193.05,19247.0,19134.84,19159.33,8565.77126
2022-10-02 13:00:00,19159.34,19199.0,19127.52,19162.56,6607.30471
2022-10-02 14:00:00,19161.64,19182.89,19070.0,19104.63,8221.22664
2022-10-02 15:00:00,19104.61,19159.75,19100.02,19143.94,6594.05558
2022-10-02 16:00:00,19143.97,19235.38,19129.97,19201.43,8227.28689
2022-10-02 17:00:00,19201.72,19224.24,19166.11,19196.21,4764.70351
2022-10-02 18:00:00,19197.18,19222.18,19142.64,19218.75,5706.46214
2022-10-02 19:00:00,19219.59,19341.58,19218.75,19260.63,9858.41577
2022-10-02 20:00:00,19260.63,19277.77,19225.28,19231.58,4310.63687
2022-10-02 21:00:00,19232.19,19239.0,19103.09,19196.55,6712.57415
2022-10-02 22:00:00,19196.55,19304.06,19136.55,19170.64,17790.65341
2022-10-02 23:00:00,19170.64,19182.21,18920.35,19056.8,26751.82762
2022-10-03 00:00:00,19057.74,19129.0,18959.68,19091.24,15658.25952
2022-10-03 01:00:00,19091.99,19258.96,19088.61,19223.25,14889.84237
2022-10-03 02:00:00,19223.25,19241.17,19127.17,19139.19,12328.75791
2022-10-03 03:00:00,19138.61,19212.32,19138.61,19168.29,8505.7158
2022-10-03 04:00:00,19168.35,19177.05,19089.23,19094.93,8499.90473
2022-10-03 05:00:00,19095.45,19291.69,19059.68,19244.02,11375.74304
2022-10-03 06:00:00,19244.02,19315.0,19156.0,19196.38,12030.10293
2022-10-03 07:00:00,19197.03,19240.0,19147.68,19197.73,11874.8816
2022-10-03 08:00:00,19197.73,19225.27,19160.0,19195.29,8227.70873
2022-10-03 09:00:00,19195.87,19197.99,19122.67,19178.5,8009.17461
2022-10-03 10:00:00,19178.5,19235.78,19131.0,19232.66,9037.58885
2022-10-03 11:00:00,19232.3,19255.3,19181.37,19245.41,10836.94078
2022-10-03 12:00:00,19246.81,19281.0,19189.47,19253.62,11114.78831
2022-10-03 13:00:00,19252.6,19340.0,19134.23,19176.46,18990.68314
2022-10-03 14:00:00,19176.46,19489.43,19174.77,19416.25,22480.1488
2022-10-03 15:00:00,19416.25,19498.0,19321.6,19335.92,17520.5407
2022-10-03 16:00:00,19336.75,19419.99,19310.0,19409.62,13024.02828
2022-10-03 17:00:00,19410.78,19598.0,19407.87,19547.0,15646.32612
2022-10-03 18:00:00,19547.0,19650.0,19541.18,19611.65,14194.98046
2022-10-03 19:00:00,19613.0,19631.43,19431.06,19541.38,16265.07438
2022-10-03 20:00:00,19543.31,19606.55,19508.83,19592.43,8544.07246
2022-10-03 21:00:00,19592.43,19599.3,19525.0,19553.72,4431.12898
2022-10-03 22:00:00,19555.17,19604.99,19512.12,19519.02,7134.58275
2022-10-03 23:00:00,19518.8,19719.1,19518.23,19629.08,12964.77687
2022-10-04 00:00:00,19629.08,19722.6,19528.97,19562.41,11460.82003
2022-10-04 01:00:00,19562.41,19582.78,19501.11,19505.43,6655.9686
2022-10-04 02:00:00,19505.43,19556.6,19490.6,19543.26,6621.70664
2022-10-04 03:00:00,19543.26,19632.62,19536.72,19598.27,8458.80329
2022-10-04 04:00:00,19598.27,19647.42,19554.0,19592.98,8156.45021
2022-10-04 05:00:00,19593.07,19667.6,19582.16,19611.12,8423.30917
2022-10-04 06:00:00,19610.39,19870.0,19598.23,19840.96,16587.98548
2022-10-04 07:00:00,19839.67,19975.43,19835.04,19968.01,18080.01502
2022-10-04 08:00:00,19967.69,20152.0,19853.06,19884.29,25738.93938
2022-10-04 09:00:00,19885.12,19987.17,19808.0,19938.3,15012.27081
2022-10-04 10:00:00,19938.29,20050.0,19893.24,19961.05,12570.5149
2022-10-04 11:00:00,19961.62,19977.5,19867.55,19939.0,10688.3506
2022-10-04 12:00:00,19939.0,19988.0,19905.3,19979.65,11239.3841
2022-10-04 13:00:00,19979.65,20155.0,19950.0,20099.13,20656.99513
2022-10-04 14:00:00,20098.56,20270.0,20035.29,20108.32,23960.79051
2022-10-04 15:00:00,20108.32,20126.66,20046.15,20099.7,13331.17722
2022-10-04 16:00:00,20099.71,20116.18,19950.0,19992.69,17777.28321
2022-10-04 17:00:00,19992.69,20040.4,19872.02,20025.79,16058.7771
2022-10-04 18:00:00,20025.79,20170.0,20018.0,20126.97,13095.62203
2022-10-04 19:00:00,20125.21,20272.98,20041.5,20220.09,15378.81273
2022-10-04 20:00:00,20220.09,20475.0,20139.51,20326.4,20558.08849
2022-10-04 21:00:00,20326.4,20402.55,20256.91,20287.47,7650.76884
2022-10-04 22:00:00,20288.7,20332.14,20234.17,20299.6,8913.4404
2022-10-04 23:00:00,20300.66,20384.85,20270.62,20337.82,9935.72738
2022-10-05 00:00:00,20337.82,20365.6,20142.95,20181.95,13861.29955
2022-10-05 01:00:00,20181.95,20278.86,20174.25,20213.19,9420.74769
2022-10-05 02:00:00,20214.38,20250.0,20182.95,20191.73,6833.92271
2022-10-05 03:00:00,20191.12,20235.4,20157.58,20189.83,5932.72824
2022-10-05 04:00:00,20190.66,20226.42,20074.91,20120.97,8426.99544
2022-10-05 05:00:00,20120.97,20204.43,20102.28,20198.72,6879.59471
2022-10-05 06:00:00,20198.72,20299.99,20157.0,20254.23,9868.74637
2022-10-05 07:00:00,20254.23,20285.0,20200.0,20226.58,10455.77647
2022-10-05 08:00:00,20227.2,20245.58,20003.38,20133.98,17841.23639
2022-10-05 09:00:00,20133.98,20153.07,20055.19,20089.69,9184.25906
2022-10-05 10:00:00,20089.69,20152.99,20073.61,20124.3,9898.10376
2022-10-05 11:00:00,20124.3,20131.26,19952.12,20027.43,12909.52725
2022-10-05 12:00:00,20028.74,20071.44,19960.0,20021.87,13366.51128
2022-10-05 13:00:00,20021.87,20043.37,19812.34,19920.35,24815.50873
2022-10-05 14:00:00,19920.35,19944.0,19730.0,19879.16,25814.71644
2022-10-05 15:00:00,19879.06,20023.9,19861.62,20001.7,15560.98861
2022-10-05 16:00:00,20001.7,20296.67,19950.05,20231.58,21601.51747
2022-10-05 17:00:00,20231.58,20323.24,20154.0,20164.57,17535.59886
2022-10-05 18:00:00,20165.62,20270.9,20083.82,20264.58,16374.29497
2022-10-05 19:00:00,20265.19,20350.0,20104.17,20119.47,17148.24003
2022-10-05 20:00:00,20117.31,20173.3,19975.42,19984.32,11528.70721
2022-10-05 21:00:00,19982.69,20098.99,19979.78,20051.25,6336.16976
2022-10-05 22:00:00,20050.44,20215.17,20016.85,20190.44,11709.14793
2022-10-05 23:00:00,20189.6,20200.0,20114.73,20158.26,8935.41331
2022-10-06 00:00:00,20158.26,20389.0,20140.38,20266.82,19585.37474
2022-10-06 01:00:00,20266.82,20410.69,20240.53,20369.2,15611.12122
2022-10-06 02:00:00,20369.86,20445.52,20288.18,20327.39,14852.06927
2022-10-06 03:00:00,20327.39,20394.6,20275.86,20355.69,10664.066
2022-10-06 04:00:00,20356.08,20456.6,20322.57,20356.24,11829.59512
2022-10-06 05:00:00,20355.63,20374.59,20250.0,20301.01,11262.68382
2022-10-06 06:00:00,20301.01,20304.9,20164.23,20174.54,13707.42617
2022-10-06 07:00:00,20172.68,20250.0,20156.0,20218.43,12477.82313
2022-10-06 08:00:00,20218.43,20254.2,20102.18,20142.3,13914.68234
2022-10-06 09:00:00,20142.3,20187.33,20085.53,20099.19,9663.01882
2022-10-06 10:00:00,20098.5,20157.48,20080.01,20129.07,8558.95343
2022-10-06 11:00:00,20129.07,20257.42,20123.75,20245.22,12339.82822
2022-10-06 12:00:00,20244.46,20324.94,20159.0,20193.31,16964.34933
2022-10-06 13:00:00,20192.59,20296.0,20039.48,20111.09,23291.33867
2022-10-06 14:00:00,20110.12,20118.16,19874.81,20101.01,28661.31725
2022-10-06 15:00:00,20101.01,20120.0,19988.42,20010.0,16381.4224
2022-10-06 16:00:00,20010.0,20108.98,19946.76,20052.31,14511.49045
2022-10-06 17:00:00,20053.87,20256.0,20016.35,20112.9,14971.73126
2022-10-06 18:00:00,20112.9,20118.38,19980.82,20017.47,11670.83151
2022-10-06 19:00:00,20017.47,20064.0,19989.0,20010.62,11312.55691
2022-10-06 20:00:00,20010.62,20072.03,19996.94,20047.04,6274.04373
2022-10-06 21:00:00,20047.04,20049.0,19887.43,19909.36,6934.80784
2022-10-06 22:00:00,19910.44,19949.39,19853.0,19901.35,8423.62988
2022-10-06 23:00:00,19900.36,19976.17,19870.0,19960.67,6258.00869
2022-10-07 00:00:00,19960.67,20054.41,19940.9,19990.0,7425.95908
2022-10-07 01:00:00,19990.7,20020.0,19963.35,19992.82,5048.59942
2022-10-07 02:00:00,19992.82,20054.0,19967.74,20014.91,4967.29129
2022-10-07 03:00:00,20015.0,20032.91,19975.8,19981.88,4888.95453
2022-10-07 04:00:00,19982.86,20011.76,19937.92,19940.63,3986.34246
2022-10-07 05:00:00,19940.63,19995.62,19905.87,19968.38,5766.35003
2022-10-07 06:00:00,19969.31,19979.28,19810.0,19853.02,8895.43594
2022-10-07 07:00:00,19853.02,19947.04,19842.47,19928.0,7373.65691
2022-10-07 08:00:00,19928.0,20020.33,19913.63,19973.75,7356.40782
2022-10-07 09:00:00,19972.59,20024.7,19958.0,19978.21,5098.72288
2022-10-07 10:00:00,19978.21,20009.0,19925.22,19995.97,5398.91652
2022-10-07 11:00:00,19995.97,20018.87,19959.28,19998.9,6441.69152
2022-10-07 12:00:00,20000.15,20068.82,19474.71,19616.92,32730.14359
2022-10-07 13:00:00,19617.91,19709.99,19505.0,19604.36,24443.38395
2022-10-07 14:00:00,19604.36,19705.58,19557.11,19645.22,14173.96094
2022-10-07 15:00:00,19645.2,19655.15,19524.21,19577.65,11820.68772
2022-10-07 16:00:00,19577.34,19606.52,19320.0,19404.5,18264.92281
2022-10-07 17:00:00,19404.5,19488.0,19365.76,19418.05,10289.76641
2022-10-07 18:00:00,19418.05,19479.1,19375.16,19456.63,8481.54439
2022-10-07 19:00:00,19456.63,19485.91,19410.01,19459.32,8680.10304
2022-10-07 20:00:00,19459.32,19570.36,19440.73,19548.8,6764.61601
2022-10-07 21:00:00,19548.8,19645.0,19526.06,19569.99,5347.60255
2022-10-07 22:00:00,19569.99,19599.32,19541.18,19549.65,3675.33432
2022-10-07 23:00:00,19548.79,19568.26,19507.82,19530.09,3554.445
2022-10-08 00:00:00,19530.09,19627.38,19514.3,19569.31,4622.9799
2022-10-08 01:00:00,19568.58,19598.63,19542.82,19593.0,3446.77713
2022-10-08 02:00:00,19593.0,19602.11,19539.74,19564.25,3504.28538
2022-10-08 03:00:00,19564.25,19565.94,19494.0,19504.78,5012.99706
2022-10-08 04:00:00,19504.78,19520.98,19415.6,19442.73,5304.56107
2022-10-08 05:00:00,19442.73,19523.46,19436.05,19509.48,3841.69326
2022-10-08 06:00:00,19509.48,19544.0,19466.5,19511.15,4207.02296
2022-10-08 07:00:00,19512.62,19527.34,19491.54,19499.94,3468.15083
2022-10-08 08:00:00,19500.64,19516.57,19450.0,19468.02,3785.19467
2022-10-08 09:00:00,19468.02,19511.96,19466.85,19499.87,3301.53018
2022-10-08 10:00:00,19499.87,19525.0,19486.54,19503.2,3430.72348
2022-10-08 11:00:00,19503.2,19548.0,19486.69,19534.21,4668.41714
2022-10-08 12:00:00,19534.21,19543.23,19476.0,19515.49,4168.74578
2022-10-08 13:00:00,19516.28,19516.95,19469.23,19482.7,4419.88702
2022-10-08 14:00:00,19481.48,19503.35,19415.0,19499.41,5793.89997
2022-10-08 15:00:00,19499.41,19510.0,19462.01,19487.88,3440.01628
2022-10-08 16:00:00,19487.88,19534.41,19467.65,19527.93,4222.42667
2022-10-08 17:00:00,19527.93,19535.91,19476.12,19499.84,3016.22559
2022-10-08 18:00:00,19498.57,19513.3,19460.12,19477.91,3052.86085
2022-10-08 19:00:00,19477.91,19479.31,19438.99,19468.03,2955.33268
2022-10-08 20:00:00,19467.49,19480.0,19414.86,19452.08,4097.0317
2022-10-08 21:00:00,19452.08,19459.98,19237.14,19317.84,6511.88342
2022-10-08 22:00:00,19317.84,19375.58,19265.73,19360.74,6943.84914
2022-10-08 23:00:00,19360.74,19444.47,19356.24,19417.96,5263.60626
2022-10-09 00:00:00,19416.52,19455.0,19382.28,19395.67,4824.04633
2022-10-09 01:00:00,19396.76,19426.51,19362.11,19401.97,3658.74456
2022-10-09 02:00:00,19401.36,19414.89,19361.06,19364.86,3524.78712
2022-10-09 03:00:00,19364.86,19391.02,19327.77,19366.58,3614.47277
2022-10-09 04:00:00,19365.35,19388.65,19316.04,19387.75,4491.59522
2022-10-09 05:00:00,19387.44,19420.55,19376.08,19409.07,4206.58934
2022-10-09 06:00:00,19409.11,19439.87,19386.02,19426.39,4353.82876
2022-10-09 07:00:00,19426.39,19438.88,19401.0,19407.96,3200.83166
2022-10-09 08:00:00,19407.96,19432.62,19373.49,19396.31,3966.63703
2022-10-09 09:00:00,19396.31,19420.86,19380.74,19415.12,3739.47862
2022-10-09 10:00:00,19415.0,19548.0,19403.53,19489.95,6991.74201
2022-10-09 11:00:00,19489.6,19558.0,19460.01,19468.35,4964.05575
2022-10-09 12:00:00,19468.35,19545.0,19466.56,19499.28,5501.29148
2022-10-09 13:00:00,19498.39,19524.42,19462.7,19465.78,4351.60076
2022-10-09 14:00:00,19465.78,19528.8,19460.8,19500.23,5052.25035
2022-10-09 15:00:00,19500.23,19550.0,19500.14,19535.77,4881.23735
2022-10-09 16:00:00,19535.77,19555.89,19480.0,19504.7,5651.27636
2022-10-09 17:00:00,19504.7,19511.6,19470.99,19485.68,3402.94027
2022-10-09 18:00:00,19484.74,19529.58,19467.39,19521.78,3738.24159
2022-10-09 19:00:00,19521.78,19538.23,19353.0,19468.96,9266.01015
2022-10-09 20:00:00,19468.73,19488.97,19422.98,19480.96,4748.7935
2022-10-09 21:00:00,19480.97,19500.0,19446.2,19478.17,2918.34771
2022-10-09 22:00:00,19478.17,19481.26,19368.94,19397.86,7728.08008
2022-10-09 23:00:00,19397.86,19451.73,19368.1,19439.02,5123.94804
2022-10-10 00:00:00,19439.96,19521.58,19401.0,19491.42,7068.03061
2022-10-10 01:00:00,19491.42,19525.0,19466.72,19501.43,6454.0699
2022-10-10 02:00:00,19501.43,19502.6,19451.0,19471.55,5198.0558
2022-10-10 03:00:00,19471.55,19483.02,19427.16,19452.99,4151.39405
2022-10-10 04:00:00,19452.97,19477.0,19418.44,19466.83,4145.74557
2022-10-10 05:00:00,19466.83,19472.33,19384.31,19411.46,5222.91232
2022-10-10 06:00:00,19410.38,19437.54,19368.08,19391.71,6651.2652
2022-10-10 07:00:00,19391.71,19441.39,19386.09,19412.25,6678.72712
2022-10-10 08:00:00,19412.25,19419.78,19107.0,19234.3,19769.5501
2022-10-10 09:00:00,19235.9,19343.7,19224.33,19332.36,8851.4397
2022-10-10 10:00:00,19331.22,19351.0,19272.0,19277.72,6847.38532
2022-10-10 11:00:00,19276.53,19376.89,19274.44,19331.62,7070.9377
2022-10-10 12:00:00,19333.02,19433.98,19311.68,19419.89,8471.12374
2022-10-10 13:00:00,19419.89,19441.99,19295.91,19315.81,14093.25794
2022-10-10 14:00:00,19315.02,19396.54,19221.41,19258.78,16122.75054
2022-10-10 15:00:00,19257.56,19318.72,19226.29,19269.02,12705.89477
2022-10-10 16:00:00,19269.02,19290.0,19098.21,19143.73,13553.28704
2022-10-10 17:00:00,19143.73,19358.76,19121.49,19321.78,13762.62998
2022-10-10 18:00:00,19321.78,19332.73,19186.92,19220.63,10405.73992
2022-10-10 19:00:00,19221.39,19264.08,19189.32,19211.59,9649.07228
2022-10-10 20:00:00,19211.59,19259.82,19210.02,19241.73,4082.49131
2022-10-10 21:00:00,19241.73,19282.14,19223.53,19244.98,2976.84195
2022-10-10 22:00:00,19244.98,19250.96,19020.25,19130.3,12572.73711
2022-10-10 23:00:00,19130.3,19199.63,19119.4,19131.87,6003.75852
2022-10-11 00:00:00,19131.87,19133.52,18950.01,19045.22,17499.99661
2022-10-11 01:00:00,19044.32,19068.5,18959.48,19034.31,8677.50047
2022-10-11 02:00:00,19034.31,19059.92,18956.17,19056.03,7158.535
2022-10-11 03:00:00,19056.03,19094.74,19031.68,19044.74,5277.69354
2022-10-11 04:00:00,19044.19,19081.15,19014.5,19041.67,5575.64009
2022-10-11 05:00:00,19041.67,19076.44,19022.41,19031.94,5300.4491
2022-10-11 06:00:00,19031.94,19117.89,19010.0,19060.39,7794.248
2022-10-11 07:00:00,19059.1,19112.06,19025.0,19084.1,8056.57828
2022-10-11 08:00:00,19082.28,19143.0,19078.62,19106.64,7511.83906
2022-10-11 09:00:00,19106.64,19118.55,19031.23,19065.27,6523.83368
2022-10-11 10:00:00,19064.92,19108.45,19041.0,19093.63,6141.34626
2022-10-11 11:00:00,19092.49,19158.93,19071.0,19153.68,6811.01987
2022-10-11 12:00:00,19153.68,19268.09,19135.0,19144.92,13930.91003
2022-10-11 13:00:00,19144.92,19169.86,18970.06,18991.2,15407.60567
2022-10-11 14:00:00,18989.63,19095.43,18860.0,19035.02,17767.0888
2022-10-11 15:00:00,19033.61,19198.87,19030.0,19147.6,14297.59542
2022-10-11 16:00:00,19147.6,19185.52,19085.0,19154.11,14941.45009
2022-10-11 17:00:00,19155.17,19162.64,19103.4,19130.08,13494.64139
2022-10-11 18:00:00,19130.08,19136.58,18943.37,18976.09,16038.9943
2022-10-11 19:00:00,18976.09,19039.35,18918.01,18999.25,18388.41447
2022-10-11 20:00:00,18997.66,19061.14,18986.62,19021.78,7664.47818
2022-10-11 21:00:00,19022.93,19053.98,18993.12,19006.3,4994.67648
2022-10-11 22:00:00,19005.61,19060.79,18995.0,19040.12,7094.71867
2022-10-11 23:00:00,19039.49,19064.99,19003.25,19060.0,7124.5894
2022-10-12 00:00:00,19060.0,19132.93,19024.65,19092.17,10190.57131
2022-10-12 01:00:00,19092.17,19101.23,19030.63,19063.24,6431.61275
2022-10-12 02:00:00,19063.24,19080.61,19030.91,19066.42,5740.60223
2022-10-12 03:00:00,19065.69,19090.15,19042.61,19048.73,4711.2846
2022-10-12 04:00:00,19049.09,19123.38,19041.9,19099.51,7695.11601
2022-10-12 05:00:00,19098.75,19149.6,19069.65,19114.43,6744.55916
2022-10-12 06:00:00,19114.03,19203.14,19088.0,19151.83,9688.39215
2022-10-12 07:00:00,19151.83,19164.57,19080.01,19112.41,9230.3054
2022-10-12 08:00:00,19111.5,19157.0,19089.51,19141.43,7493.15287
2022-10-12 09:00:00,19141.43,19201.82,19133.46,19169.61,8547.09184
2022-10-12 10:00:00,19170.51,19187.99,19123.07,19154.01,6968.16061
2022-10-12 11:00:00,19154.01,19169.52,19105.59,19114.62,6793.08101
2022-10-12 12:00:00,19114.62,19182.18,18965.88,19075.99,18806.81515
2022-10-12 13:00:00,19075.88,19155.4,19031.92,19115.62,18656.29605
2022-10-12 14:00:00,19115.62,19139.52,19061.0,19088.59,13643.35447
2022-10-12 15:00:00,19088.6,19151.19,19085.81,19137.32,10858.78386
2022-10-12 16:00:00,19137.36,19153.33,19078.46,19099.14,9994.23204
2022-10-12 17:00:00,19097.86,19114.49,19062.19,19091.68,7061.35886
2022-10-12 18:00:00,19091.68,19163.2,19041.74,19117.63,17411.68968
2022-10-12 19:00:00,19117.63,19179.26,19100.73,19137.18,8594.18165
2022-10-12 20:00:00,19137.29,19171.92,19131.55,19171.56,4656.80552
2022-10-12 21:00:00,19171.56,19195.0,19161.55,19180.31,4076.52279
2022-10-12 22:00:00,19180.31,19238.31,19152.06,19155.37,6342.96931
2022-10-12 23:00:00,19155.16,19172.54,19140.85,19155.53,3489.32799
2022-10-13 00:00:00,19155.1,19175.13,19126.67,19148.33,5305.36655
2022-10-13 01:00:00,19148.16,19156.98,19090.01,19106.57,6576.49051
2022-10-13 02:00:00,19107.03,19113.89,19017.8,19087.91,10697.89519
2022-10-13 03:00:00,19087.91,19116.0,19076.17,19089.16,5354.31405
2022-10-13 04:00:00,19089.16,19098.58,19068.77,19094.12,4888.33852
2022-10-13 05:00:00,19094.12,19112.68,19037.97,19090.96,7744.1488
2022-10-13 06:00:00,19090.69,19100.48,19041.52,19059.72,8207.46038
2022-10-13 07:00:00,19060.49,19061.93,18950.0,19005.29,16303.87355
2022-10-13 08:00:00,19005.29,19038.9,18958.87,19009.16,8686.76387
2022-10-13 09:00:00,19009.16,19033.76,18977.68,18993.2,6761.77976
2022-10-13 10:00:00,18993.2,19004.74,18566.66,18690.22,28475.80894
2022-10-13 11:00:00,18689.44,18831.07,18657.0,18753.2,15520.52328
2022-10-13 12:00:00,18754.09,19030.0,18190.0,18385.3,46815.95336
2022-10-13 13:00:00,18385.3,18479.96,18273.0,18432.14,29411.02329
2022-10-13 14:00:00,18430.95,18496.65,18386.97,18415.0,24250.43976
2022-10-13 15:00:00,18415.65,19049.99,18403.65,18958.59,45452.83697
2022-10-13 16:00:00,18958.59,19197.61,18895.08,19086.39,28162.97885
2022-10-13 17:00:00,19084.62,19228.0,19065.89,19157.9,19234.24066
2022-10-13 18:00:00,19157.9,19513.79,19142.07,19422.01,24185.47275
2022-10-13 19:00:00,19420.14,19470.0,19311.36,19369.94,20938.9437
2022-10-13 20:00:00,19369.94,19494.56,19355.28,19382.61,13442.08361
2022-10-13 21:00:00,19382.61,19435.33,19328.72,19401.16,6609.03937
2022-10-13 22:00:00,19401.16,19457.0,19386.45,19431.0,8665.54657
2022-10-13 23:00:00,19431.91,19446.0,19353.88,19375.13,8065.36108
2022-10-14 00:00:00,19375.58,19445.96,19338.07,19407.66,10964.11453
2022-10-14 01:00:00,19407.66,19951.87,19393.86,19860.71,27251.91751
2022-10-14 02:00:00,19860.69,19899.0,19768.0,19829.18,19361.53382
2022-10-14 03:00:00,19829.18,19871.56,19780.13,19816.85,10959.05298
2022-10-14 04:00:00,19816.85,19847.15,19792.06,19812.52,9137.44037
2022-10-14 05:00:00,19813.22,19849.79,19720.0,19804.01,11700.06276
2022-10-14 06:00:00,19804.01,19830.0,19778.2,19793.71,10299.11056
2022-10-14 07:00:00,19793.71,19805.34,19568.33,19642.35,20389.24148
2022-10-14 08:00:00,19642.2,19674.64,19557.94,19616.73,14288.31314
2022-10-14 09:00:00,19617.6,19665.79,19530.0,19647.53,11576.53298
2022-10-14 10:00:00,19648.83,19745.0,19628.81,19687.22,14563.94104
2022-10-14 11:00:00,19687.22,19748.54,19588.22,19596.25,11855.00109
2022-10-14 12:00:00,19596.25,19854.48,19556.77,19802.96,20996.08519
2022-10-14 13:00:00,19802.96,19815.57,19624.52,19664.11,23642.81281
2022-10-14 14:00:00,19666.16,19669.88,19351.09,19463.15,36915.60792
2022-10-14 15:00:00,19463.15,19513.35,19301.0,19358.59,20024.64123
2022-10-14 16:00:00,19358.59,19403.6,19220.73,19303.26,17336.8335
2022-10-14 17:00:00,19303.26,19377.19,19286.77,19362.83,10051.79505
2022-10-14 18:00:00,19362.83,19363.27,19131.0,19213.84,13920.38367
2022-10-14 19:00:00,19213.84,19269.06,19106.16,19168.18,14038.45535
2022-10-14 20:00:00,19168.18,19217.64,19100.01,19175.65,6801.72861
2022-10-14 21:00:00,19174.43,19207.15,19070.37,19107.94,5330.36918
2022-10-14 22:00:00,19107.94,19166.41,19086.99,19159.83,5854.10575
2022-10-14 23:00:00,19159.83,19197.38,19141.28,19176.93,4375.24549
2022-10-15 00:00:00,19176.93,19227.68,19171.87,19200.86,4978.42383
2022-10-15 01:00:00,19200.87,19209.91,19171.76,19173.58,4223.08523
2022-10-15 02:00:00,19173.58,19206.23,19133.24,19197.08,5097.43649
2022-10-15 03:00:00,19197.54,19217.8,19178.59,19200.99,3597.59216
2022-10-15 04:00:00,19200.99,19211.98,19175.82,19187.86,3482.91769
2022-10-15 05:00:00,19187.86,19194.09,19153.0,19175.92,4116.33132
2022-10-15 06:00:00,19175.92,19187.2,19157.96,19168.2,4399.46671
2022-10-15 07:00:00,19167.88,19182.47,19133.16,19169.79,4199.01182
2022-10-15 08:00:00,19170.43,19176.27,19037.39,19070.68,9938.26623
2022-10-15 09:00:00,19069.85,19125.0,19063.39,19107.75,6534.5833
2022-10-15 10:00:00,19108.28,19179.63,19093.8,19155.33,5635.20028
2022-10-15 11:00:00,19156.35,19168.85,19139.1,19167.33,3351.25439
2022-10-15 12:00:00,19167.33,19199.0,19151.05,19168.62,4222.05112
2022-10-15 13:00:00,19168.47,19181.24,19094.01,19168.68,6914.40186
2022-10-15 14:00:00,19168.09,19184.99,19118.47,19144.29,4644.3647
2022-10-15 15:00:00,19144.29,19148.7,19117.08,19127.95,3029.89091
2022-10-15 16:00:00,19127.95,19163.39,19110.88,19125.56,4000.93497
2022-10-15 17:00:00,19126.24,19139.0,19095.84,19108.47,3752.37817
2022-10-15 18:00:00,19108.47,19139.22,19102.68,19117.78,3554.48032
2022-10-15 19:00:00,19117.78,19125.86,19052.0,19102.17,4272.83494
2022-10-15 20:00:00,19102.65,19110.74,19080.3,19094.92,2831.02392
2022-10-15 21:00:00,19094.92,19098.12,19049.0,19068.59,3247.58962
2022-10-15 22:00:00,19067.9,19091.42,19041.0,19061.09,4603.80392
2022-10-15 23:00:00,19060.02,19131.0,18975.18,19069.39,9220.31842
2022-10-16 00:00:00,19068.4,19146.07,19063.74,19139.32,5284.07914
2022-10-16 01:00:00,19139.32,19170.82,19106.71,19142.51,4094.85504
2022-10-16 02:00:00,19142.51,19167.32,19101.82,19114.74,3175.5172
2022-10-16 03:00:00,19114.74,19137.41,19103.77,19123.43,3084.98133
2022-10-16 04:00:00,19123.43,19159.87,19110.35,19135.38,4186.45847
2022-10-16 05:00:00,19135.38,19162.82,19121.95,19150.56,4456.55554
2022-10-16 06:00:00,19150.9,19154.94,19115.37,19133.1,3595.55046
2022-10-16 07:00:00,19133.1,19148.71,19115.0,19134.31,2868.37131
2022-10-16 08:00:00,19134.31,19195.0,19130.26,19165.58,5988.12516
2022-10-16 09:00:00,19165.58,19170.0,19135.88,19140.89,4401.44908
2022-10-16 10:00:00,19140.59,19152.81,19087.37,19129.37,5505.29033
2022-10-16 11:00:00,19129.37,19155.0,19117.2,19144.69,3575.34037
2022-10-16 12:00:00,19144.69,19151.3,19115.45,19133.61,4156.31915
2022-10-16 13:00:00,19133.94,19145.48,19118.4,19127.57,3671.0498
2022-10-16 14:00:00,19127.57,19140.0,19104.16,19130.36,5559.74345
2022-10-16 15:00:00,19130.64,19172.55,19124.17,19158.49,5224.01837
2022-10-16 16:00:00,19158.49,19168.98,19125.53,19139.03,4554.5939
2022-10-16 17:00:00,19139.93,19160.63,19128.58,19132.13,3216.21823
2022-10-16 18:00:00,19131.6,19149.52,19118.4,19134.11,2752.41957
2022-10-16 19:00:00,19134.11,19383.44,19130.0,19375.39,12902.63806
2022-10-16 20:00:00,19375.39,19425.84,19262.79,19329.63,10879.35646
2022-10-16 21:00:00,19329.63,19366.38,19101.0,19148.25,8143.90878
2022-10-16 22:00:00,19148.25,19367.04,19116.85,19302.08,13812.81431
2022-10-16 23:00:00,19301.35,19318.55,19226.22,19262.98,6804.96534
2022-10-17 00:00:00,19262.98,19309.06,19208.59,19230.44,7352.58682
2022-10-17 01:00:00,19230.44,19239.74,19168.87,19177.47,5773.4672
2022-10-17 02:00:00,19177.47,19212.22,19166.72,19204.36,4406.59364
2022-10-17 03:00:00,19204.36,19207.8,19152.03,19186.38,4785.72113
2022-10-17 04:00:00,19186.38,19238.85,19161.03,19226.25,5091.3319
2022-10-17 05:00:00,19226.25,19284.61,19224.18,19272.2,5994.20115
2022-10-17 06:00:00,19272.2,19318.28,19223.65,19241.75,6766.60039
2022-10-17 07:00:00,19241.75,19318.05,19232.25,19295.58,9432.3439
2022-10-17 08:00:00,19295.58,19304.27,19244.03,19259.83,6895.50859
2022-10-17 09:00:00,19260.4,19366.6,19249.62,19336.64,8381.80286
2022-10-17 10:00:00,19336.64,19421.78,19336.48,19398.46,11464.06224
2022-10-17 11:00:00,19398.46,19545.22,19370.33,19457.58,14565.00419
2022-10-17 12:00:00,19457.58,19584.39,19419.6,19518.0,13240.46219
2022-10-17 13:00:00,19516.97,19676.96,19516.97,19586.22,21859.49716
2022-10-17 14:00:00,19587.65,19650.0,19440.54,19473.84,19684.18437
2022-10-17 15:00:00,19474.66,19583.3,19430.0,19535.19,14383.83363
2022-10-17 16:00:00,19535.19,19592.55,19478.48,19511.0,11336.73552
2022-10-17 17:00:00,19511.0,19536.0,19456.49,19521.21,9787.54826
2022-10-17 18:00:00,19521.21,19547.03,19441.87,19516.74,8880.45801
2022-10-17 19:00:00,19516.74,19557.05,19483.97,19526.84,7483.153
2022-10-17 20:00:00,19527.66,19557.95,19505.82,19526.97,5367.88637
2022-10-17 21:00:00,19527.5,19545.32,19489.62,19514.57,3920.80854
2022-10-17 22:00:00,19514.57,19626.91,19471.8,19514.23,10845.21523
2022-10-17 23:00:00,19514.23,19573.61,19504.2,19549.86,5114.87005
2022-10-18 00:00:00,19548.48,19614.16,19506.73,19596.34,8413.31718
2022-10-18 01:00:00,19596.34,19624.03,19517.31,19536.16,6372.77909
2022-10-18 02:00:00,19536.0,19547.74,19480.0,19488.73,6023.65104
2022-10-18 03:00:00,19488.73,19575.57,19488.34,19547.9,8456.92391
2022-10-18 04:00:00,19548.68,19614.28,19539.7,19580.61,8288.60194
2022-10-18 05:00:00,19580.61,19588.66,19536.61,19553.5,6532.72309
2022-10-18 06:00:00,19553.5,19706.66,19524.37,19643.57,11900.87425
2022-10-18 07:00:00,19643.55,19688.28,19561.51,19664.92,11245.31609
2022-10-18 08:00:00,19665.95,19673.0,19524.15,19534.45,11511.32767
2022-10-18 09:00:00,19535.29,19565.59,19470.0,19528.61,13364.22223
2022-10-18 10:00:00,19528.61,19583.35,19502.98,19532.16,8020.86041
2022-10-18 11:00:00,19532.17,19605.9,19528.83,19563.59,7994.03969
2022-10-18 12:00:00,19563.59,19650.31,19562.55,19626.76,9781.41456
2022-10-18 13:00:00,19626.02,19680.49,19527.86,19542.79,16075.99356
2022-10-18 14:00:00,19544.77,19575.34,19361.87,19416.96,20960.62427
2022-10-18 15:00:00,19415.77,19457.11,19280.11,19375.01,20692.74252
2022-10-18 16:00:00,19375.71,19442.0,19345.56,19411.75,12474.73485
2022-10-18 17:00:00,19412.65,19439.4,19362.6,19406.73,9745.65807
2022-10-18 18:00:00,19407.67,19412.94,19177.0,19220.87,14870.55807
2022-10-18 19:00:00,19220.87,19222.18,19091.0,19216.21,15559.60257
2022-10-18 20:00:00,19217.79,19433.43,19195.44,19365.96,13852.98669
2022-10-18 21:00:00,19364.74,19379.26,19217.0,19293.62,6073.84001
2022-10-18 22:00:00,19293.62,19335.44,19255.53,19320.5,6213.58009
2022-10-18 23:00:00,19321.45,19371.05,19305.1,19327.44,5886.70663
2022-10-19 00:00:00,19327.44,19360.16,19230.0,19234.0,8140.58971
2022-10-19 01:00:00,19233.04,19323.73,19213.99,19312.35,6427.17287
2022-10-19 02:00:00,19311.47,19320.47,19248.06,19290.66,5409.19502
2022-10-19 03:00:00,19291.55,19305.38,19255.39,19281.63,4861.15781
2022-10-19 04:00:00,19281.01,19306.7,19252.8,19277.02,5209.70139
2022-10-19 05:00:00,19276.16,19308.34,19235.01,19255.11,7040.2944
2022-10-19 06:00:00,19254.29,19280.0,19146.8,19190.2,9914.24481
2022-10-19 07:00:00,19189.25,19243.59,19170.35,19218.11,8674.07469
2022-10-19 08:00:00,19218.59,19233.55,19147.31,19194.42,7504.72943
2022-10-19 09:00:00,19195.41,19281.81,19190.88,19268.16,7010.21293
2022-10-19 10:00:00,19268.16,19276.28,19180.3,19216.48,6378.47377
2022-10-19 11:00:00,19217.58,19225.85,19140.01,19200.84,8903.42547
2022-10-19 12:00:00,19201.42,19203.99,19104.0,19163.19,8886.35613
2022-10-19 13:00:00,19163.19,19250.0,19065.97,19123.8,14531.5973
2022-10-19 14:00:00,19124.71,19233.93,19100.01,19154.96,14221.42937
2022-10-19 15:00:00,19154.96,19301.69,19136.06,19266.43,11781.40518
2022-10-19 16:00:00,19267.94,19279.31,19170.02,19179.27,8483.00764
2022-10-19 17:00:00,19178.38,19193.75,19095.0,19183.19,9557.36392
2022-10-19 18:00:00,19183.19,19220.0,19164.0,19186.32,5744.13594
2022-10-19 19:00:00,19186.32,19233.72,19152.37,19232.59,6603.06663
2022-10-19 20:00:00,19231.63,19249.51,19134.39,19194.71,6972.17224
2022-10-19 21:00:00,19193.9,19208.4,19156.21,19194.37,2235.53236
2022-10-19 22:00:00,19194.37,19199.5,19100.0,19140.38,6470.05646
2022-10-19 23:00:00,19141.05,19163.78,19084.23,19123.97,5177.89991
2022-10-20 00:00:00,19123.35,19165.34,18900.0,18972.69,11705.65906
2022-10-20 01:00:00,18972.69,19054.62,18928.37,19047.02,8434.06759
2022-10-20 02:00:00,19047.02,19082.91,19014.83,19062.77,5010.28164
2022-10-20 03:00:00,19062.77,19068.24,19014.03,19042.09,4673.9595
2022-10-20 04:00:00,19043.2,19210.0,19037.66,19183.68,10373.52693
2022-10-20 05:00:00,19183.67,19199.88,19116.82,19141.23,7534.33386
2022-10-20 06:00:00,19140.67,19146.61,19092.95,19133.03,6125.28171
2022-10-20 07:00:00,19132.25,19167.95,19094.74,19145.94,7624.78133
2022-10-20 08:00:00,19145.1,19167.56,19106.22,19114.67,5774.67504
2022-10-20 09:00:00,19114.67,19195.31,19105.99,19185.79,6385.47331
2022-10-20 10:00:00,19186.29,19253.33,19131.79,19202.48,11136.31109
2022-10-20 11:00:00,19202.48,19231.45,19186.8,19208.09,6874.47746
2022-10-20 12:00:00,19208.09,19282.68,19133.57,19134.65,14192.99879
2022-10-20 13:00:00,19135.64,19219.0,19128.24,19173.18,13340.6781
2022-10-20 14:00:00,19173.06,19347.82,19168.63,19326.31,15758.34531
2022-10-20 15:00:00,19325.61,19338.66,19247.77,19253.3,8806.21981
2022-10-20 16:00:00,19253.88,19256.55,19143.71,19183.91,13546.4121
2022-10-20 17:00:00,19183.14,19187.8,19063.89,19099.11,12792.21331
2022-10-20 18:00:00,19099.3,19101.55,18964.02,19062.89,16407.21592
2022-10-20 19:00:00,19063.93,19117.87,19028.36,19063.82,10286.36239
2022-10-20 20:00:00,19063.04,19088.0,18929.38,19031.08,10416.99095
2022-10-20 21:00:00,19031.01,19098.0,18994.42,19073.92,4726.063
2022-10-20 22:00:00,19073.92,19094.44,19000.17,19034.04,6218.17595
2022-10-20 23:00:00,19034.04,19050.7,18979.17,19041.92,5385.62653
2022-10-21 00:00:00,19041.92,19066.23,18999.0,19049.62,8370.34035
2022-10-21 01:00:00,19048.83,19074.4,19022.36,19065.24,5416.67906
2022-10-21 02:00:00,19065.86,19131.39,19058.26,19110.37,6047.32632
2022-10-21 03:00:00,19109.49,19125.42,19043.52,19051.77,5370.16252
2022-10-21 04:00:00,19051.19,19082.4,19025.0,19047.46,6134.23761
2022-10-21 05:00:00,19046.74,19066.19,19026.47,19043.53,5036.80784
2022-10-21 06:00:00,19043.53,19071.96,19029.18,19036.68,5522.63148
2022-10-21 07:00:00,19036.68,19084.17,18991.69,19027.86,8473.07587
2022-10-21 08:00:00,19028.68,19041.96,18939.0,18980.39,11361.98326
2022-10-21 09:00:00,18981.0,19030.84,18900.0,19011.0,12323.68045
2022-10-21 10:00:00,19011.0,19018.52,18956.63,19003.17,8187.22723
2022-10-21 11:00:00,19003.63,19011.91,18940.78,18945.65,8168.22817
2022-10-21 12:00:00,18944.99,18948.31,18650.0,18879.27,25331.99058
2022-10-21 13:00:00,18879.27,19083.14,18856.4,19065.36,32384.98637
2022-10-21 14:00:00,19064.5,19129.44,18937.5,18976.14,25136.91939
2022-10-21 15:00:00,18976.14,19174.16,18947.82,19168.25,20846.55652
2022-10-21 16:00:00,19168.44,19229.0,19103.04,19127.76,19095.72365
2022-10-21 17:00:00,19127.76,19174.52,19089.0,19150.98,12443.99881
2022-10-21 18:00:00,19150.98,19205.39,19120.35,19139.66,11396.9465
2022-10-21 19:00:00,19140.52,19250.0,19135.0,19189.22,12163.27879
2022-10-21 20:00:00,19189.22,19249.73,19157.31,19177.82,8094.35949
2022-10-21 21:00:00,19177.82,19179.91,19137.68,19153.8,3850.45479
2022-10-21 22:00:00,19154.12,19192.91,19153.22,19189.37,4508.82526
2022-10-21 23:00:00,19189.37,19193.48,19160.0,19164.37,3644.33738
2022-10-22 00:00:00,19164.37,19179.61,19147.64,19164.71,4479.4438
2022-10-22 01:00:00,19164.39,19183.39,19145.3,19155.82,4021.17046
2022-10-22 02:00:00,19155.82,19164.54,19119.6,19128.58,4282.99174
2022-10-22 03:00:00,19128.78,19159.55,19112.72,19151.22,4821.38404
2022-10-22 04:00:00,19150.36,19163.25,19146.4,19148.21,3495.25767
2022-10-22 05:00:00,19148.21,19157.54,19137.36,19141.13,3306.47343
2022-10-22 06:00:00,19140.56,19150.0,19132.71,19144.58,3059.10079
2022-10-22 07:00:00,19144.58,19177.01,19143.71,19163.58,4538.3563
2022-10-22 08:00:00,19163.58,19176.94,19151.53,19155.28,4370.25205
2022-10-22 09:00:00,19154.67,19174.69,19140.0,19142.66,4221.31603
2022-10-22 10:00:00,19142.66,19171.67,19140.57,19167.28,3761.50509
2022-10-22 11:00:00,19167.28,19188.0,19158.78,19178.66,4815.93693
2022-10-22 12:00:00,19178.99,19204.4,19155.0,19182.02,6126.74818
2022-10-22 13:00:00,19182.03,19257.0,19181.91,19196.56,8854.36782
2022-10-22 14:00:00,19196.56,19250.21,19195.83,19236.2,5789.55276
2022-10-22 15:00:00,19235.84,19257.0,19208.06,19235.65,6212.36133
2022-10-22 16:00:00,19234.8,19248.85,19170.0,19193.86,7380.79674
2022-10-22 17:00:00,19193.86,19208.8,19140.3,19152.02,5288.17633
2022-10-22 18:00:00,19152.05,19179.99,19134.0,19170.15,5194.3186
2022-10-22 19:00:00,19169.93,19188.92,19163.09,19183.83,3743.83195
2022-10-22 20:00:00,19183.83,19224.99,19173.79,19216.76,3585.44143
2022-10-22 21:00:00,19216.01,19224.99,19190.46,19201.97,3074.33136
2022-10-22 22:00:00,19201.97,19208.9,19183.77,19192.32,3478.38479
2022-10-22 23:00:00,19192.97,19208.0,19190.0,19204.35,2502.40875
2022-10-23 00:00:00,19204.29,19219.76,19189.74,19195.63,3435.8321
2022-10-23 01:00:00,19195.64,19204.35,19163.32,19179.22,3563.03776
2022-10-23 02:00:00,19179.22,19208.53,19175.0,19196.97,4286.22107
2022-10-23 03:00:00,19196.98,19202.0,19184.37,19197.59,3475.04801
2022-10-23 04:00:00,19197.55,19221.71,19173.51,19185.28,4987.9334
2022-10-23 05:00:00,19185.28,19195.32,19170.0,19178.98,3849.71703
2022-10-23 06:00:00,19178.98,19188.5,19156.6,19177.36,3974.53783
2022-10-23 07:00:00,19176.64,19179.2,19148.01,19162.37,3982.02649
2022-10-23 08:00:00,19162.16,19186.04,19150.0,19184.09,3246.59783
2022-10-23 09:00:00,19184.09,19188.7,19176.77,19184.13,2989.4832
2022-10-23 10:00:00,19184.13,19188.08,19164.5,19170.01,3048.88004
2022-10-23 11:00:00,19170.0,19172.7,19125.63,19151.78,6186.1326
2022-10-23 12:00:00,19151.24,19158.84,19070.11,19150.81,7081.5189
2022-10-23 13:00:00,19151.54,19180.31,19142.0,19176.27,4613.19817
2022-10-23 14:00:00,19176.27,19210.54,19173.61,19187.66,5747.12672
2022-10-23 15:00:00,19187.17,19213.14,19178.31,19190.14,4682.45297
2022-10-23 16:00:00,19190.14,19203.98,19169.18,19178.34,4365.88969
2022-10-23 17:00:00,19178.69,19500.0,19171.0,19476.02,16962.35381
2022-10-23 18:00:00,19474.75,19553.96,19399.65,19437.83,18875.17234
2022-10-23 19:00:00,19438.41,19522.11,19436.73,19499.83,7647.73763
2022-10-23 20:00:00,19500.38,19522.95,19441.96,19496.63,8346.94465
2022-10-23 21:00:00,19496.03,19599.0,19445.68,19538.12,7443.4667
2022-10-23 22:00:00,19538.12,19695.0,19538.11,19592.96,22269.34564
2022-10-23 23:00:00,19592.96,19608.77,19517.93,19570.4,11996.54726
2022-10-24 00:00:00,19570.4,19601.15,19491.84,19518.82,13256.66937
2022-10-24 01:00:00,19518.14,19527.72,19366.0,19412.47,14512.1341
2022-10-24 02:00:00,19411.49,19477.45,19390.88,19414.68,8260.47764
2022-10-24 03:00:00,19414.97,19435.52,19342.33,19391.97,10196.90396
2022-10-24 04:00:00,19391.97,19392.41,19260.0,19336.06,10574.78988
2022-10-24 05:00:00,19336.06,19355.7,19292.65,19336.43,7984.15179
2022-10-24 06:00:00,19335.76,19366.0,19283.25,19295.21,10015.73096
2022-10-24 07:00:00,19293.5,19341.46,19250.59,19322.4,16546.84481
2022-10-24 08:00:00,19322.4,19344.51,19292.3,19340.28,8088.68661
2022-10-24 09:00:00,19340.28,19405.43,19312.0,19382.51,8730.15141
2022-10-24 10:00:00,19381.48,19444.44,19365.45,19403.21,12359.00236
2022-10-24 11:00:00,19402.1,19444.44,19362.13,19423.63,9500.34357
2022-10-24 12:00:00,19422.9,19450.9,19317.86,19373.05,13351.45858
2022-10-24 13:00:00,19373.62,19400.82,19294.33,19352.4,20602.34376
2022-10-24 14:00:00,19352.4,19356.56,19157.0,19276.76,25338.1752
2022-10-24 15:00:00,19277.53,19312.51,19245.14,19301.96,11851.0686
2022-10-24 16:00:00,19301.96,19318.64,19253.94,19272.81,8652.25701
2022-10-24 17:00:00,19272.81,19299.9,19223.0,19285.52,7147.37833
2022-10-24 18:00:00,19284.65,19349.55,19281.85,19334.65,7710.41258
2022-10-24 19:00:00,19334.65,19425.05,19330.0,19343.23,10079.96638
2022-10-24 20:00:00,19343.95,19381.47,19301.11,19378.53,6218.25049
2022-10-24 21:00:00,19378.53,19419.15,19329.66,19366.42,5921.40096
2022-10-24 22:00:00,19366.42,19373.95,19303.2,19361.13,5304.62127
2022-10-24 23:00:00,19360.39,19365.32,19320.73,19329.72,3964.92505
2022-10-25 00:00:00,19330.6,19339.6,19276.35,19308.75,6441.26261
2022-10-25 01:00:00,19309.53,19317.38,19250.0,19297.63,7087.08928
2022-10-25 02:00:00,19298.15,19316.67,19276.38,19311.9,3915.63896
2022-10-25 03:00:00,19311.1,19365.32,19305.39,19342.02,5445.61529
2022-10-25 04:00:00,19342.41,19377.1,19330.06,19341.96,3774.78405
2022-10-25 05:00:00,19341.96,19345.27,19290.36,19336.61,5122.45601
2022-10-25 06:00:00,19336.61,19366.31,19321.8,19329.98,6202.36036
2022-10-25 07:00:00,19329.98,19340.0,19272.85,19306.75,6588.9971
2022-10-25 08:00:00,19306.34,19322.42,19271.0,19296.98,4923.04336
2022-10-25 09:00:00,19296.41,19297.32,19255.04,19265.57,6834.10662
2022-10-25 10:00:00,19265.57,19298.67,19237.0,19296.5,6156.29294
2022-10-25 11:00:00,19296.5,19327.16,19277.54,19302.13,5843.42436
2022-10-25 12:00:00,19301.39,19344.62,19260.82,19328.3,8585.161
2022-10-25 13:00:00,19328.3,19526.17,19326.9,19478.39,26534.21803
2022-10-25 14:00:00,19478.39,19544.44,19445.0,19490.06,19202.51018
2022-10-25 15:00:00,19490.04,19811.0,19484.54,19748.48,33636.02692
2022-10-25 16:00:00,19748.48,19840.7,19718.0,19813.64,23508.3521
2022-10-25 17:00:00,19813.64,20192.97,19810.51,20118.55,41354.19752
2022-10-25 18:00:00,20118.55,20412.8,20078.23,20273.8,32773.30295
2022-10-25 19:00:00,20273.8,20415.87,20205.04,20273.14,21461.25736
2022-10-25 20:00:00,20276.26,20296.92,20007.0,20188.99,24000.12808
2022-10-25 21:00:00,20188.99,20270.0,20100.0,20232.3,9360.63531
2022-10-25 22:00:00,20231.0,20235.41,19981.12,20063.3,9074.95346
2022-10-25 23:00:00,20063.3,20135.35,20039.29,20080.07,8544.85676
2022-10-26 00:00:00,20079.02,20175.99,20050.41,20167.02,12223.51304
2022-10-26 01:00:00,20165.8,20293.78,20083.59,20230.32,13211.39217
2022-10-26 02:00:00,20230.32,20260.85,20172.59,20210.63,9887.22217
2022-10-26 03:00:00,20211.94,20308.0,20181.99,20251.17,9868.02662
2022-10-26 04:00:00,20250.55,20276.77,20178.16,20203.42,9298.34314
2022-10-26 05:00:00,20204.08,20233.4,20129.24,20187.92,10100.84386
2022-10-26 06:00:00,20187.92,20249.0,20168.57,20217.19,11387.82112
2022-10-26 07:00:00,20217.19,20382.56,20199.6,20344.76,17734.82754
2022-10-26 08:00:00,20344.05,20783.27,20281.79,20671.04,28894.37133
2022-10-26 09:00:00,20671.04,20719.2,20542.51,20593.69,18015.14528
2022-10-26 10:00:00,20594.85,20685.84,20537.8,20668.12,13490.64915
2022-10-26 11:00:00,20668.12,20749.68,20570.0,20607.81,14117.48726
2022-10-26 12:00:00,20606.86,20622.0,20455.8,20548.59,16543.76641
2022-10-26 13:00:00,20549.73,20617.49,20338.75,20552.69,23891.42634
2022-10-26 14:00:00,20552.69,21020.0,20551.74,20833.48,46695.45076
2022-10-26 15:00:00,20833.48,20936.74,20785.37,20846.66,21506.62113
2022-10-26 16:00:00,20846.66,20997.13,20712.36,20762.32,22425.25446
2022-10-26 17:00:00,20762.32,20834.09,20669.25,20823.72,16190.08356
2022-10-26 18:00:00,20822.6,20869.18,20657.23,20696.83,14447.22609
2022-10-26 19:00:00,20696.83,20789.34,20639.98,20763.54,11713.53448
2022-10-26 20:00:00,20764.52,20852.94,20694.28,20743.92,13662.68226
2022-10-26 21:00:00,20745.13,20761.99,20701.14,20739.38,4366.25913
2022-10-26 22:00:00,20739.38,20905.05,20700.0,20817.07,11811.86326
2022-10-26 23:00:00,20816.75,20907.0,20737.19,20771.59,9008.8852
2022-10-27 00:00:00,20771.61,20847.9,20716.17,20754.53,10044.23968
2022-10-27 01:00:00,20754.99,20802.87,20700.62,20725.62,8761.76476
2022-10-27 02:00:00,20724.54,20796.51,20681.33,20685.06,9824.74548
2022-10-27 03:00:00,20685.06,20773.66,20581.49,20755.33,12463.6405
2022-10-27 04:00:00,20755.9,20870.0,20735.28,20801.1,8213.09208
2022-10-27 05:00:00,20800.18,20872.21,20786.43,20804.0,9105.99304
2022-10-27 06:00:00,20803.58,20836.0,20704.0,20719.26,11021.8743
2022-10-27 07:00:00,20718.04,20768.92,20680.72,20710.02,11603.99979
2022-10-27 08:00:00,20711.12,20750.9,20683.05,20709.0,10621.35544
2022-10-27 09:00:00,20709.0,20709.75,20521.0,20611.29,13508.20916
2022-10-27 10:00:00,20610.5,20622.37,20451.71,20549.58,15007.44405
2022-10-27 11:00:00,20547.55,20633.0,20530.06,20622.84,12579.03965
2022-10-27 12:00:00,20622.11,20780.0,20500.0,20723.78,26463.93223
2022-10-27 13:00:00,20723.78,20742.58,20430.0,20524.54,24887.32489
2022-10-27 14:00:00,20524.54,20730.0,20496.6,20567.12,24210.7609
2022-10-27 15:00:00,20567.12,20665.8,20540.76,20563.09,15961.43376
2022-10-27 16:00:00,20564.08,20600.45,20497.62,20571.6,11713.69227
2022-10-27 17:00:00,20570.51,20647.49,20547.51,20583.69,10200.06301
2022-10-27 18:00:00,20583.69,20600.0,20550.0,20583.6,6378.99857
2022-10-27 19:00:00,20583.6,20679.51,20581.09,20629.59,10840.62612
2022-10-27 20:00:00,20629.59,20637.9,20220.0,20395.8,34580.10272
2022-10-27 21:00:00,20395.8,20413.14,20317.94,20407.45,7949.96852
2022-10-27 22:00:00,20408.33,20426.03,20200.0,20269.57,12891.56859
2022-10-27 23:00:00,20270.89,20305.79,20201.75,20295.11,9809.7084
2022-10-28 00:00:00,20295.11,20337.8,20160.0,20284.81,14614.51358
2022-10-28 01:00:00,20283.34,20326.99,20227.89,20321.95,9156.6537
2022-10-28 02:00:00,20322.92,20323.32,20183.0,20223.47,11383.42414
2022-10-28 03:00:00,20223.47,20296.74,20207.2,20292.81,6444.05039
2022-10-28 04:00:00,20292.77,20308.0,20244.15,20251.95,6043.12913
2022-10-28 05:00:00,20251.95,20292.33,20218.78,20287.01,8145.50744
2022-10-28 06:00:00,20287.01,20312.32,20254.0,20259.74,7301.46017
2022-10-28 07:00:00,20260.02,20269.98,20060.0,20080.01,17621.4473
2022-10-28 08:00:00,20080.01,20211.0,20026.0,20182.85,17317.37631
2022-10-28 09:00:00,20183.15,20233.33,20152.96,20203.48,9086.62245
2022-10-28 10:00:00,20203.48,20248.64,20133.28,20177.01,9342.42462
2022-10-28 11:00:00,20177.01,20211.31,20116.55,20173.74,8923.01412
2022-10-28 12:00:00,20174.0,20292.85,20000.09,20209.78,19713.93795
2022-10-28 13:00:00,20209.96,20588.88,20185.06,20470.6,27716.69087
2022-10-28 14:00:00,20471.97,20565.02,20329.71,20497.66,24372.27172
2022-10-28 15:00:00,20498.94,20539.78,20411.03,20484.59,13897.34191
2022-10-28 16:00:00,20483.96,20750.0,20450.5,20702.73,21396.68888
2022-10-28 17:00:00,20703.85,20735.85,20627.35,20629.63,12600.85748
2022-10-28 18:00:00,20629.63,20667.0,20582.05,20628.83,9390.12122
2022-10-28 19:00:00,20629.97,20634.49,20542.0,20609.21,8734.8896
2022-10-28 20:00:00,20609.21,20735.86,20603.56,20629.96,10097.64243
2022-10-28 21:00:00,20630.7,20664.99,20566.0,20596.44,4755.40063
2022-10-28 22:00:00,20595.67,20638.07,20575.77,20630.03,5116.78776
2022-10-28 23:00:00,20630.94,20637.39,20576.22,20591.84,3867.69189
2022-10-29 00:00:00,20591.84,20627.32,20554.01,20621.49,6239.40858
2022-10-29 01:00:00,20620.73,20642.24,20605.66,20628.57,4401.41286
2022-10-29 02:00:00,20628.31,20782.01,20624.54,20736.78,10610.98136
2022-10-29 03:00:00,20736.16,20823.81,20666.2,20754.27,10615.75251
2022-10-29 04:00:00,20754.27,20771.88,20660.0,20678.91,6366.03692
2022-10-29 05:00:00,20679.6,20752.0,20620.81,20655.56,8904.06665
2022-10-29 06:00:00,20655.56,20715.3,20647.89,20685.97,5420.06418
2022-10-29 07:00:00,20686.82,20777.0,20664.61,20772.27,8976.36848
2022-10-29 08:00:00,20772.27,20985.25,20721.31,20922.87,25050.67595
2022-10-29 09:00:00,20923.45,20970.9,20875.36,20955.25,9796.31485
2022-10-29 10:00:00,20955.25,21085.0,20725.0,20773.86,22260.40294
2022-10-29 11:00:00,20773.86,20805.67,20650.21,20698.89,12423.33941
2022-10-29 12:00:00,20698.06,20776.8,20676.54,20769.57,10642.99443
2022-10-29 13:00:00,20769.57,20785.93,20690.24,20779.75,9276.6098
2022-10-29 14:00:00,20779.75,20939.68,20754.28,20806.78,15773.8368
2022-10-29 15:00:00,20807.48,20947.0,20794.0,20923.33,14689.59843
2022-10-29 16:00:00,20922.25,20970.0,20850.0,20862.06,14677.9967
2022-10-29 17:00:00,20862.06,20982.86,20777.0,20808.78,13905.17819
2022-10-29 18:00:00,20809.7,20873.57,20757.26,20852.82,11679.53208
2022-10-29 19:00:00,20853.7,20861.21,20791.41,20836.96,6609.0801
2022-10-29 20:00:00,20836.96,20877.55,20821.32,20850.71,6051.36067
2022-10-29 21:00:00,20850.71,20899.99,20840.01,20846.18,4655.28797
2022-10-29 22:00:00,20845.62,20865.0,20704.12,20757.79,10283.73244
2022-10-29 23:00:00,20757.79,20817.95,20728.71,20809.67,5571.74525
2022-10-30 00:00:00,20809.68,20841.11,20701.15,20710.57,7632.03366
2022-10-30 01:00:00,20710.57,20782.14,20701.32,20778.35,5567.31251
2022-10-30 02:00:00,20778.35,20797.8,20743.25,20752.51,6072.53164
2022-10-30 03:00:00,20753.4,20804.2,20750.86,20775.5,5625.46449
2022-10-30 04:00:00,20775.5,20788.62,20741.32,20745.67,4808.97518
2022-10-30 05:00:00,20745.52,20808.04,20742.37,20805.06,6372.17703
2022-10-30 06:00:00,20803.86,20910.0,20790.03,20890.93,11045.25456
2022-10-30 07:00:00,20891.52,20931.21,20821.41,20850.85,9610.74126
2022-10-30 08:00:00,20850.84,20887.34,20717.08,20784.05,11666.00465
2022-10-30 09:00:00,20783.18,20823.04,20635.0,20694.58,12042.41306
2022-10-30 10:00:00,20693.32,20719.0,20632.73,20685.62,8702.59934
2022-10-30 11:00:00,20686.76,20788.83,20661.71,20769.84,9475.07449
2022-10-30 12:00:00,20770.81,20781.5,20673.07,20726.05,8571.44606
2022-10-30 13:00:00,20725.23,20734.36,20589.18,20646.61,10192.96691
2022-10-30 14:00:00,20646.61,20742.03,20622.61,20738.44,8522.31529
2022-10-30 15:00:00,20738.44,20745.0,20635.84,20676.7,7663.30997
2022-10-30 16:00:00,20676.72,20700.91,20550.0,20599.62,11028.8215
2022-10-30 17:00:00,20598.46,20669.0,20561.07,20657.96,8711.86813
2022-10-30 18:00:00,20657.96,20700.0,20638.9,20677.48,5559.65279
2022-10-30 19:00:00,20677.48,20696.52,20633.6,20647.49,4914.59693
2022-10-30 20:00:00,20647.77,20739.0,20646.6,20681.73,5987.93121
2022-10-30 21:00:00,20681.17,20707.22,20665.02,20688.82,3553.85175
2022-10-30 22:00:00,20688.83,20695.79,20515.0,20586.67,12746.11693
2022-10-30 23:00:00,20587.75,20638.69,20550.02,20627.48,6722.14952
2022-10-31 00:00:00,20627.48,20675.0,20534.0,20542.43,10339.18383
2022-10-31 01:00:00,20543.04,20573.85,20454.55,20522.89,10906.9233
2022-10-31 02:00:00,20522.89,20542.71,20427.23,20470.93,10087.08134
2022-10-31 03:00:00,20471.11,20528.36,20462.27,20516.07,7504.70156
2022-10-31 04:00:00,20516.07,20577.23,20508.6,20563.04,6638.35283
2022-10-31 05:00:00,20562.72,20593.0,20523.4,20543.51,6975.41692
2022-10-31 06:00:00,20542.58,20564.27,20455.0,20516.6,8871.38402
2022-10-31 07:00:00,20515.55,20548.04,20460.68,20546.65,6986.68158
2022-10-31 08:00:00,20547.08,20549.0,20449.86,20487.76,9866.81142
2022-10-31 09:00:00,20486.77,20736.54,20464.18,20714.01,16180.36836
2022-10-31 10:00:00,20714.89,20845.92,20686.5,20750.56,17482.34809
2022-10-31 11:00:00,20750.56,20822.0,20714.55,20730.54,13191.62127
2022-10-31 12:00:00,20731.53,20749.72,20645.79,20698.27,14519.44764
2022-10-31 13:00:00,20699.23,20755.73,20300.0,20336.29,26694.66317
2022-10-31 14:00:00,20333.74,20430.72,20237.95,20336.22,31619.80297
2022-10-31 15:00:00,20336.22,20465.99,20291.74,20401.53,18928.44019
2022-10-31 16:00:00,20402.6,20533.0,20328.68,20371.87,20988.91618
2022-10-31 17:00:00,20370.92,20425.28,20345.06,20373.64,11827.33569
2022-10-31 18:00:00,20373.64,20468.89,20356.0,20433.9,11550.6096
2022-10-31 19:00:00,20433.9,20438.01,20360.37,20371.72,12193.69642
2022-10-31 20:00:00,20371.4,20441.99,20353.77,20401.49,7588.08696
2022-10-31 21:00:00,20401.49,20430.8,20390.23,20406.58,4043.39784
2022-10-31 22:00:00,20407.46,20501.76,20375.11,20479.48,11124.35235
2022-10-31 23:00:00,20480.45,20524.76,20461.56,20490.74,7457.99275
2022-11-01 00:00:00,20490.74,20505.62,20440.64,20456.57,10863.93121
2022-11-01 01:00:00,20455.8,20559.27,20454.86,20514.66,10940.24231
2022-11-01 02:00:00,20514.66,20589.67,20495.45,20579.0,10602.17836
2022-11-01 03:00:00,20578.75,20586.94,20475.77,20482.57,10123.83554
2022-11-01 04:00:00,20482.57,20521.87,20466.71,20495.53,8905.81588
2022-11-01 05:00:00,20495.99,20555.21,20491.85,20530.41,8071.52908
2022-11-01 06:00:00,20530.41,20662.8,20525.21,20624.57,14020.49773
2022-11-01 07:00:00,20625.53,20657.01,20560.27,20599.51,10699.52674
2022-11-01 08:00:00,20598.74,20644.78,20571.11,20584.63,9606.29616
2022-11-01 09:00:00,20583.63,20700.0,20545.45,20597.4,15556.65255
2022-11-01 10:00:00,20597.4,20655.0,20574.24,20617.76,13584.19733
2022-11-01 11:00:00,20617.76,20623.65,20489.92,20522.79,14621.37958
2022-11-01 12:00:00,20522.23,20570.07,20477.76,20541.12,12341.39523
2022-11-01 13:00:00,20542.52,20557.73,20353.9,20422.02,22032.64534
2022-11-01 14:00:00,20420.54,20483.62,20330.74,20406.45,25972.01751
2022-11-01 15:00:00,20406.45,20462.75,20391.49,20444.0,13379.78561
2022-11-01 16:00:00,20444.0,20517.77,20372.85,20409.01,16378.22204
2022-11-01 17:00:00,20409.01,20455.75,20400.0,20439.83,9786.75719
2022-11-01 18:00:00,20439.83,20475.56,20407.7,20462.68,9245.46764
2022-11-01 19:00:00,20463.55,20501.48,20431.57,20451.45,9708.88729
2022-11-01 20:00:00,20449.29,20493.72,20434.71,20483.34,6601.44783
2022-11-01 21:00:00,20482.14,20495.29,20429.35,20454.78,3352.68267
2022-11-01 22:00:00,20455.92,20486.0,20431.65,20478.5,7541.09471
2022-11-01 23:00:00,20477.53,20503.51,20455.08,20483.62,5995.95218
2022-11-02 00:00:00,20482.81,20540.7,20407.66,20518.48,13224.31791
2022-11-02 01:00:00,20517.46,20536.38,20500.03,20504.94,6173.60183
2022-11-02 02:00:00,20504.24,20531.37,20457.62,20513.38,8399.40833
2022-11-02 03:00:00,20514.02,20558.35,20498.89,20520.34,7938.80272
2022-11-02 04:00:00,20520.34,20555.92,20507.42,20520.28,8292.29384
2022-11-02 05:00:00,20521.16,20563.36,20477.02,20487.39,10158.96586
2022-11-02 06:00:00,20487.39,20493.37,20460.09,20476.59,6500.31771
2022-11-02 07:00:00,20476.96,20487.84,20356.75,20421.64,15255.75064
2022-11-02 08:00:00,20421.64,20506.09,20408.14,20505.37,9289.68199
2022-11-02 09:00:00,20504.59,20539.9,20420.02,20467.76,11967.57353
2022-11-02 10:00:00,20468.06,20472.82,20339.99,20409.77,13846.64268
2022-11-02 11:00:00,20409.77,20466.24,20407.85,20431.33,8323.13939
2022-11-02 12:00:00,20432.38,20447.99,20360.0,20396.49,12514.14385
2022-11-02 13:00:00,20395.82,20424.97,20361.86,20398.99,15134.16367
2022-11-02 14:00:00,20398.99,20457.29,20393.42,20432.44,13326.51305
2022-11-02 15:00:00,20432.44,20438.03,20400.7,20409.03,8114.3206
2022-11-02 16:00:00,20409.03,20548.31,20370.01,20523.33,13555.75639
2022-11-02 17:00:00,20522.5,20532.48,20355.37,20436.67,16637.52966
2022-11-02 18:00:00,20438.28,20800.0,20141.0,20456.26,74150.59231
2022-11-02 19:00:00,20456.23,20610.79,20048.04,20250.68,48023.32034
2022-11-02 20:00:00,20250.68,20282.6,20101.11,20175.6,21687.18612
2022-11-02 21:00:00,20176.52,20188.0,20060.08,20152.03,10709.82971
2022-11-02 22:00:00,20152.03,20173.44,20059.94,20109.83,11162.24325
2022-11-02 23:00:00,20110.98,20168.86,20074.64,20151.84,9330.17761
2022-11-03 00:00:00,20151.84,20222.33,20120.0,20203.49,11725.14694
2022-11-03 01:00:00,20202.69,20339.41,20195.0,20306.0,13798.35391
2022-11-03 02:00:00,20304.95,20339.99,20275.28,20285.67,10485.62653
2022-11-03 03:00:00,20285.67,20337.68,20284.39,20310.63,9277.2359
2022-11-03 04:00:00,20310.63,20393.32,20309.74,20357.95,9456.39875
2022-11-03 05:00:00,20357.95,20390.0,20339.35,20377.49,8522.54001
2022-11-03 06:00:00,20377.49,20386.37,20305.23,20307.25,9199.7432
2022-11-03 07:00:00,20307.55,20363.83,20281.01,20303.09,12457.06053
2022-11-03 08:00:00,20302.35,20333.99,20250.9,20297.22,13019.94277
2022-11-03 09:00:00,20297.99,20335.0,20281.05,20318.94,11721.1073
2022-11-03 10:00:00,20318.96,20338.99,20259.74,20267.65,11407.1344
2022-11-03 11:00:00,20268.53,20281.27,20052.0,20130.64,21083.55478
2022-11-03 12:00:00,20129.8,20178.95,20031.24,20109.8,20447.27768
2022-11-03 13:00:00,20109.8,20217.39,20093.24,20108.92,22546.62996
2022-11-03 14:00:00,20107.87,20339.86,20087.23,20318.59,30712.49137
2022-11-03 15:00:00,20318.59,20330.0,20208.56,20248.62,19408.45026
2022-11-03 16:00:00,20249.18,20315.8,20241.62,20295.37,15077.11354
2022-11-03 17:00:00,20295.37,20303.92,20221.26,20226.18,11386.26896
2022-11-03 18:00:00,20226.18,20267.71,20177.1,20242.65,12009.78042
2022-11-03 19:00:00,20242.65,20279.0,20231.69,20262.53,9906.08632
2022-11-03 20:00:00,20262.53,20269.76,20218.02,20237.25,7840.49057
2022-11-03 21:00:00,20237.54,20267.93,20230.0,20259.36,4562.53204
2022-11-03 22:00:00,20259.57,20271.0,20157.86,20195.41,13516.60692
2022-11-03 23:00:00,20195.41,20220.72,20161.36,20207.82,9617.58134
2022-11-04 00:00:00,20207.12,20309.65,20180.96,20280.23,14798.08192
2022-11-04 01:00:00,20280.85,20319.33,20245.0,20287.09,8990.96482
2022-11-04 02:00:00,20287.46,20326.09,20273.52,20312.3,9749.56612
2022-11-04 03:00:00,20312.3,20330.87,20279.75,20321.79,9534.15706
2022-11-04 04:00:00,20321.79,20355.37,20306.58,20329.79,10199.25022
2022-11-04 05:00:00,20329.39,20490.1,20322.01,20444.0,16269.53773
2022-11-04 06:00:00,20444.79,20688.0,20443.75,20606.95,26664.11878
2022-11-04 07:00:00,20606.08,20626.6,20543.05,20611.56,15567.59741
2022-11-04 08:00:00,20611.56,20658.57,20577.57,20583.39,15567.22743
2022-11-04 09:00:00,20583.39,20630.47,20567.33,20569.3,14092.79476
2022-11-04 10:00:00,20570.02,20681.91,20546.0,20655.09,14472.21987
2022-11-04 11:00:00,20655.09,20655.19,20550.0,20558.46,16897.06256
2022-11-04 12:00:00,20558.03,20774.22,20350.0,20757.64,43857.22025
2022-11-04 13:00:00,20757.68,20888.93,20690.49,20760.25,35882.12048
2022-11-04 14:00:00,20760.25,21302.05,20742.52,21218.29,38574.91766
2022-11-04 15:00:00,21218.29,21253.24,20831.64,20838.7,29217.80547
2022-11-04 16:00:00,20837.54,20903.74,20669.57,20783.3,32987.51601
2022-11-04 17:00:00,20783.99,20825.59,20676.55,20774.22,18318.15676
2022-11-04 18:00:00,20773.94,21054.65,20715.64,20953.13,22604.00269
2022-11-04 19:00:00,20953.13,21115.48,20914.8,21108.54,20986.58265
2022-11-04 20:00:00,21108.54,21149.91,21048.63,21130.15,14493.69344
2022-11-04 21:00:00,21130.65,21200.0,21071.91,21169.95,7070.52333
2022-11-04 22:00:00,21169.95,21209.16,21132.24,21178.03,9479.65724
2022-11-04 23:00:00,21179.06,21202.04,21128.32,21148.52,7419.61699
2022-11-05 00:00:00,21148.52,21460.01,21080.65,21434.33,22685.78516
2022-11-05 01:00:00,21434.33,21450.0,21319.01,21364.81,12642.55524
2022-11-05 02:00:00,21365.92,21413.64,21345.0,21387.53,10563.20159
2022-11-05 03:00:00,21386.94,21480.65,21373.72,21444.61,14126.99636
2022-11-05 04:00:00,21445.19,21467.93,21364.71,21367.24,10940.15774
2022-11-05 05:00:00,21367.24,21430.3,21364.34,21389.9,8409.52996
2022-11-05 06:00:00,21389.9,21443.8,21372.33,21401.4,9087.6348
2022-11-05 07:00:00,21401.93,21414.0,21381.53,21384.42,8030.86543
2022-11-05 08:00:00,21384.92,21391.51,21234.9,21291.0,15857.13627
2022-11-05 09:00:00,21291.0,21326.71,21236.53,21290.65,9403.69792
2022-11-05 10:00:00,21289.82,21321.79,21280.0,21318.14,7646.74153
2022-11-05 11:00:00,21317.47,21427.34,21311.18,21404.63,13279.97188
2022-11-05 12:00:00,21404.63,21420.84,21288.37,21310.59,10962.71704
2022-11-05 13:00:00,21309.71,21325.4,21249.17,21271.45,8454.08147
2022-11-05 14:00:00,21271.94,21331.83,21210.98,21279.35,11664.2357
2022-11-05 15:00:00,21279.35,21354.42,21265.99,21299.22,12729.69102
2022-11-05 16:00:00,21299.22,21345.0,21299.02,21324.73,9704.69665
2022-11-05 17:00:00,21324.73,21333.58,21269.22,21319.29,8879.23499
2022-11-05 18:00:00,21319.29,21330.16,21261.56,21292.57,8055.84134
2022-11-05 19:00:00,21291.79,21345.08,21283.39,21331.11,7078.21851
2022-11-05 20:00:00,21330.58,21380.0,21322.0,21352.42,5867.97227
2022-11-05 21:00:00,21352.42,21358.83,21321.87,21335.35,3138.291
2022-11-05 22:00:00,21335.18,21346.91,21289.29,21296.95,6400.81252
2022-11-05 23:00:00,21296.17,21315.0,21233.33,21299.37,10011.91886
2022-11-06 00:00:00,21299.37,21365.27,21290.8,21325.19,10223.35957
2022-11-06 01:00:00,21325.88,21346.16,21190.0,21197.33,11431.87368
2022-11-06 02:00:00,21197.33,21280.64,21189.44,21238.58,9190.90183
2022-11-06 03:00:00,21238.22,21255.2,21203.51,21233.88,6253.73248
2022-11-06 04:00:00,21234.44,21252.54,21212.99,21227.73,5328.98596
2022-11-06 05:00:00,21228.62,21240.95,21143.27,21155.41,8342.18373
2022-11-06 06:00:00,21154.86,21191.17,21144.92,21171.47,7009.96578
2022-11-06 07:00:00,21171.47,21206.0,21157.23,21194.49,7838.69105
2022-11-06 08:00:00,21193.88,21310.0,21173.03,21253.7,12886.03997
2022-11-06 09:00:00,21253.7,21299.78,21231.46,21241.2,7489.51767
2022-11-06 10:00:00,21240.37,21280.0,21236.4,21263.67,6554.18383
2022-11-06 11:00:00,21263.67,21274.9,21178.01,21255.08,11416.97186
2022-11-06 12:00:00,21254.8,21269.99,21218.4,21227.01,8315.31939
2022-11-06 13:00:00,21227.82,21249.48,21206.62,21220.48,7613.24964
2022-11-06 14:00:00,21219.92,21258.65,21190.81,21225.84,10037.50833
2022-11-06 15:00:00,21226.2,21289.49,21223.78,21241.1,10517.27299
2022-11-06 16:00:00,21241.85,21275.0,21152.46,21257.44,17272.32094
2022-11-06 17:00:00,21257.74,21282.19,21218.56,21247.11,7172.83916
2022-11-06 18:00:00,21247.11,21252.74,21195.04,21223.55,9262.72654
2022-11-06 19:00:00,21223.24,21237.75,21170.0,21194.5,8308.39032
2022-11-06 20:00:00,21194.5,21204.73,21158.0,21203.3,6385.69475
2022-11-06 21:00:00,21204.13,21211.62,21110.56,21127.33,8033.62907
2022-11-06 22:00:00,21126.89,21175.7,21043.92,21139.22,10329.11032
2022-11-06 23:00:00,21138.63,21151.13,20886.13,20905.58,22822.50331
2022-11-07 00:00:00,20905.58,20952.0,20836.74,20899.11,17920.5649
2022-11-07 01:00:00,20899.11,21004.23,20820.0,20985.62,18865.37748
2022-11-07 02:00:00,20986.4,21069.77,20960.53,20987.21,14598.71574
2022-11-07 03:00:00,20987.21,20990.0,20878.0,20913.82,12037.0277
2022-11-07 04:00:00,20913.82,20914.6,20818.65,20892.42,11695.38476
2022-11-07 05:00:00,20891.82,20918.33,20843.75,20858.95,11163.70947
2022-11-07 06:00:00,20858.95,20909.72,20776.87,20861.43,16663.47023
2022-11-07 07:00:00,20861.56,20868.66,20612.67,20635.74,24588.61281
2022-11-07 08:00:00,20635.1,20726.49,20571.52,20716.86,22872.28897
2022-11-07 09:00:00,20716.86,20757.81,20680.54,20681.13,16002.83049
2022-11-07 10:00:00,20682.15,20811.92,20674.0,20757.61,15085.05205
2022-11-07 11:00:00,20757.61,20781.77,20720.09,20733.46,10165.20348
2022-11-07 12:00:00,20733.97,20773.77,20688.28,20761.0,14839.89429
2022-11-07 13:00:00,20761.0,20798.74,20697.58,20721.5,17036.6829
2022-11-07 14:00:00,20720.72,20764.29,20626.25,20654.36,25227.47776
2022-11-07 15:00:00,20655.04,20776.15,20644.29,20764.95,24401.73533
2022-11-07 16:00:00,20764.95,20803.41,20660.0,20662.98,17636.17229
2022-11-07 17:00:00,20662.98,20720.37,20652.52,20703.0,12044.48993
2022-11-07 18:00:00,20702.6,20733.7,20685.02,20711.71,11018.29113
2022-11-07 19:00:00,20711.71,20892.04,20706.63,20847.51,17294.9206
2022-11-07 20:00:00,20848.33,20890.71,20797.29,20804.19,12602.62566
2022-11-07 21:00:00,20802.69,20835.99,20616.34,20681.03,14051.84352
2022-11-07 22:00:00,20681.97,20685.0,20384.89,20461.43,17662.45614
2022-11-07 23:00:00,20460.41,20607.0,20445.58,20591.13,11502.77574
2022-11-08 00:00:00,20590.67,20629.67,20499.22,20514.25,13374.87694
2022-11-08 01:00:00,20515.11,20638.15,20494.53,20628.76,12244.43422
2022-11-08 02:00:00,20628.76,20673.38,20434.12,20444.52,15998.57577
2022-11-08 03:00:00,20443.44,20534.0,20116.13,20148.66,39587.9448
2022-11-08 04:00:00,20147.62,20242.4,19546.7,19637.09,55120.49298
2022-11-08 05:00:00,19636.07,19735.34,19344.0,19704.38,44274.72131
2022-11-08 06:00:00,19704.38,19856.08,19650.0,19783.01,26464.85531
2022-11-08 07:00:00,19782.2,19855.3,19720.0,19796.9,17690.20218
2022-11-08 08:00:00,19796.9,19801.39,19663.03,19729.9,18421.65229
2022-11-08 09:00:00,19729.9,19794.3,19695.46,19776.33,13578.03427
2022-11-08 10:00:00,19775.8,19786.31,19649.14,19690.25,12789.22464
2022-11-08 11:00:00,19690.25,19736.83,19580.33,19699.04,16578.59592
2022-11-08 12:00:00,19699.04,19746.78,19645.66,19722.32,12839.36089
2022-11-08 13:00:00,19723.21,19727.35,19500.01,19554.76,15979.84385
2022-11-08 14:00:00,19554.76,19650.0,19306.12,19412.32,39202.73923
2022-11-08 15:00:00,19416.85,19530.0,19229.0,19520.97,29105.80082
2022-11-08 16:00:00,19522.0,20700.88,19481.14,20371.06,70341.10094
2022-11-08 17:00:00,20369.58,20438.77,19324.99,19342.67,49445.28848
2022-11-08 18:00:00,19342.67,19550.0,18386.0,18600.51,82580.76074
2022-11-08 19:00:00,18600.51,18723.42,17166.83,18256.64,82344.544053
2022-11-08 20:00:00,18255.24,18489.8,17810.49,18159.77,42296.98449
2022-11-08 21:00:00,18159.77,18719.73,18135.0,18702.22,21797.22214
2022-11-08 22:00:00,18700.79,18730.0,18377.4,18459.68,13602.73275
2022-11-08 23:00:00,18459.68,18645.89,18370.0,18547.23,15045.37377
2022-11-09 00:00:00,18545.38,18587.76,18325.0,18335.76,20443.31011
2022-11-09 01:00:00,18334.39,18495.0,18293.36,18322.44,22204.10467
2022-11-09 02:00:00,18321.46,18428.3,18113.73,18127.94,20307.84932
2022-11-09 03:00:00,18127.94,18345.01,18000.0,18313.68,28478.65989
2022-11-09 04:00:00,18313.68,18391.46,18193.74,18256.11,19018.31503
2022-11-09 05:00:00,18256.09,18517.58,18173.09,18401.15,21757.60368
2022-11-09 06:00:00,18401.15,18459.79,18292.62,18304.35,15973.73862
2022-11-09 07:00:00,18304.35,18354.28,18202.59,18240.72,17110.55158
2022-11-09 08:00:00,18239.34,18256.85,18041.17,18150.6,25168.86615
2022-11-09 09:00:00,18152.27,18156.82,17623.04,17763.99,44433.71586
2022-11-09 10:00:00,17763.68,17870.33,17250.33,17689.3,58740.89974
2022-11-09 11:00:00,17689.3,17884.0,17552.39,17818.08,24099.9056
2022-11-09 12:00:00,17817.07,18015.0,17417.79,17619.85,36592.85286
2022-11-09 13:00:00,17617.84,17713.64,17298.9,17582.24,31960.99543
2022-11-09 14:00:00,17582.24,17816.39,17361.51,17649.62,30529.02317
2022-11-09 15:00:00,17649.62,17834.99,16918.83,17116.08,55944.902054
2022-11-09 16:00:00,17119.61,17333.33,16857.0,17084.92,45996.797367
2022-11-09 17:00:00,17084.94,17225.86,16800.0,16957.66,27894.051258
2022-11-09 18:00:00,16954.94,17021.98,16441.53,16602.53,39031.791708
2022-11-09 19:00:00,16602.53,17025.18,16590.0,16784.64,24522.57361
2022-11-09 20:00:00,16784.64,16900.0,16112.0,16237.79,32926.58096
2022-11-09 21:00:00,16237.79,16262.31,15671.0,15751.13,38881.756542
2022-11-09 22:00:00,15747.69,16095.0,15591.0,15874.66,21102.82903
2022-11-09 23:00:00,15875.17,16000.0,15588.0,15922.81,28805.25549
2022-11-10 00:00:00,15922.68,16342.64,15754.26,16272.46,39237.27879
2022-11-10 01:00:00,16270.0,16445.46,16080.0,16140.29,25975.6301
2022-11-10 02:00:00,16140.29,16263.15,16044.67,16211.61,19652.67884
2022-11-10 03:00:00,16210.23,16574.92,16184.1,16369.59,30551.40032
2022-11-10 04:00:00,16370.64,16506.98,16204.36,16499.68,21517.09779
2022-11-10 05:00:00,16498.26,16785.0,16493.06,16726.59,22000.32151
2022-11-10 06:00:00,16726.58,16907.14,16618.87,16706.3,19742.23544
2022-11-10 07:00:00,16705.02,16920.0,16637.37,16752.1,22770.46509
2022-11-10 08:00:00,16752.36,16959.99,16475.02,16844.49,28937.12658
2022-11-10 09:00:00,16846.0,16855.67,16646.49,16694.14,17512.30588
2022-11-10 10:00:00,16694.14,16744.6,16340.0,16403.74,22802.70656
2022-11-10 11:00:00,16403.74,16544.19,16258.74,16397.57,24149.78406
2022-11-10 12:00:00,16399.03,16897.47,16386.66,16672.03,33675.79312
2022-11-10 13:00:00,16675.47,17800.0,16548.14,17650.93,55935.85483
2022-11-10 14:00:00,17653.24,17749.0,17390.45,17636.39,34780.11776
2022-11-10 15:00:00,17636.39,17960.04,17383.62,17554.06,32435.00444
2022-11-10 16:00:00,17556.12,17989.0,17448.36,17786.53,29507.41056
2022-11-10 17:00:00,17788.14,17840.0,17120.94,17197.23,28095.49359
2022-11-10 18:00:00,17197.23,17480.47,17180.0,17360.81,19050.15471
2022-11-10 19:00:00,17362.93,17500.0,17226.42,17455.62,14287.17027
2022-11-10 20:00:00,17456.98,18199.0,17374.81,18108.48,23001.9404
2022-11-10 21:00:00,18105.16,18166.65,17766.91,17858.67,19586.37136
2022-11-10 22:00:00,17856.17,17892.74,17677.53,17823.27,9322.50191
2022-11-10 23:00:00,17825.07,17856.72,17478.0,17601.15,13921.52041
2022-11-11 00:00:00,17602.45,17660.0,17404.87,17553.81,14572.88485
2022-11-11 01:00:00,17553.81,17695.0,17202.38,17269.21,19175.52244
2022-11-11 02:00:00,17269.21,17362.01,17013.76,17204.27,21278.31313
2022-11-11 03:00:00,17203.11,17216.21,16888.76,17064.12,19692.13753
2022-11-11 04:00:00,17064.12,17184.39,17002.97,17084.41,14210.92629
2022-11-11 05:00:00,17083.18,17398.0,17055.82,17357.62,17212.62389
2022-11-11 06:00:00,17359.45,17430.33,17162.99,17268.77,13095.76249
2022-11-11 07:00:00,17268.77,17483.9,17153.84,17404.08,16902.80546
2022-11-11 08:00:00,17404.09,17537.0,17271.21,17397.56,16067.55945
2022-11-11 09:00:00,17398.85,17438.26,17307.64,17392.14,10655.47864
2022-11-11 10:00:00,17392.14,17422.55,17209.2,17336.64,10997.00855
2022-11-11 11:00:00,17334.41,17467.6,17294.01,17350.7,11024.83985
2022-11-11 12:00:00,17349.45,17414.52,17258.23,17400.33,10305.34322
2022-11-11 13:00:00,17399.17,17544.9,17292.38,17303.82,15804.49289
2022-11-11 14:00:00,17303.39,17328.0,16361.6,16916.02,55155.78814
2022-11-11 15:00:00,16916.02,17050.0,16673.06,16871.27,27760.21224
2022-11-11 16:00:00,16871.27,16934.5,16543.95,16836.28,19067.00151
2022-11-11 17:00:00,16836.28,16963.71,16750.1,16909.31,14008.49051
2022-11-11 18:00:00,16909.31,17045.09,16802.07,16837.11,12998.72229
2022-11-11 19:00:00,16838.56,16893.42,16672.29,16849.17,11057.28059
2022-11-11 20:00:00,16849.17,16868.17,16555.77,16626.64,12549.93757
2022-11-11 21:00:00,16626.64,16900.0,16614.21,16803.15,10738.91735
2022-11-11 22:00:00,16804.07,16989.1,16790.0,16920.95,7835.38458
2022-11-11 23:00:00,16922.96,17148.96,16834.37,17070.31,11385.43146
2022-11-12 00:00:00,17069.98,17119.1,16857.86,16901.29,11784.41932
2022-11-12 01:00:00,16901.29,16932.84,16801.17,16894.43,7048.79208
2022-11-12 02:00:00,16893.43,17001.98,16857.13,16890.49,6401.54615
2022-11-12 03:00:00,16889.02,16932.88,16774.0,16907.44,8584.94585
2022-11-12 04:00:00,16907.58,16938.2,16739.29,16766.72,10586.25804
2022-11-12 05:00:00,16766.72,16787.56,16631.39,16703.62,12799.03705
2022-11-12 06:00:00,16701.86,16818.71,16676.72,16760.3,8919.85699
2022-11-12 07:00:00,16760.67,16872.86,16753.73,16822.02,8714.30871
2022-11-12 08:00:00,16822.02,16905.85,16727.13,16842.46,8782.84109
2022-11-12 09:00:00,16841.35,16905.22,16800.0,16863.98,7237.96867
2022-11-12 10:00:00,16864.46,16977.45,16807.13,16843.88,9386.81678
2022-11-12 11:00:00,16842.66,16887.51,16790.3,16866.92,5794.82302
2022-11-12 12:00:00,16866.46,16918.29,16809.83,16862.99,6102.63112
2022-11-12 13:00:00,16863.46,16869.0,16757.0,16840.79,6108.37533
2022-11-12 14:00:00,16839.75,16964.9,16799.28,16900.01,8337.69552
2022-11-12 15:00:00,16901.33,16996.35,16873.84,16935.74,7285.35918
2022-11-12 16:00:00,16935.74,16964.37,16870.01,16888.68,5447.29967
2022-11-12 17:00:00,16889.57,16910.83,16857.47,16891.69,4726.00978
2022-11-12 18:00:00,16891.69,16899.99,16830.0,16871.49,4717.66276
2022-11-12 19:00:00,16871.49,16902.03,16846.82,16891.32,3322.18754
2022-11-12 20:00:00,16892.41,16897.68,16791.71,16820.32,3734.91429
2022-11-12 21:00:00,16820.98,16862.5,16767.73,16819.64,4589.13274
2022-11-12 22:00:00,16818.73,16858.04,16791.0,16835.63,2685.87497
2022-11-12 23:00:00,16835.63,16840.15,16760.0,16812.08,4721.2037
2022-11-13 00:00:00,16813.16,16886.0,16774.07,16842.6,5163.90056
2022-11-13 01:00:00,16841.84,16905.9,16840.1,16879.34,3907.13261
2022-11-13 02:00:00,16878.63,16905.19,16856.99,16895.56,4245.89137
2022-11-13 03:00:00,16894.79,16954.28,16865.08,16914.6,6414.68651
2022-11-13 04:00:00,16915.02,16926.15,16854.16,16863.77,4716.55029
2022-11-13 05:00:00,16864.6,16873.12,16837.18,16853.68,3975.49445
2022-11-13 06:00:00,16853.68,16867.88,16680.0,16684.45,9451.46691
2022-11-13 07:00:00,16684.45,16801.01,16562.82,16774.99,12826.74797
2022-11-13 08:00:00,16774.99,16795.92,16606.05,16650.36,7774.9859
2022-11-13 09:00:00,16650.89,16675.07,16435.23,16538.58,14511.31207
2022-11-13 10:00:00,16538.58,16625.82,16508.01,16585.14,8043.24545
2022-11-13 11:00:00,16585.14,16728.12,16562.43,16659.23,9553.92687
2022-11-13 12:00:00,16659.23,16671.76,16590.1,16609.22,6325.9491
2022-11-13 13:00:00,16609.78,16707.08,16590.02,16669.53,8591.51622
2022-11-13 14:00:00,16669.53,16714.26,16616.92,16632.93,8302.4332
2022-11-13 15:00:00,16633.82,16652.36,16517.85,16580.79,9866.58224
2022-11-13 16:00:00,16579.49,16621.23,16485.32,16586.45,7916.17211
2022-11-13 17:00:00,16586.45,16591.96,16463.68,16551.89,7794.09765
2022-11-13 18:00:00,16551.44,16568.64,16461.16,16527.06,6502.10289
2022-11-13 19:00:00,16527.06,16579.58,16498.0,16554.6,6222.07259
2022-11-13 20:00:00,16553.35,16583.15,16461.8,16488.49,6377.70791
2022-11-13 21:00:00,16488.03,16559.7,16229.0,16390.67,13785.73633
2022-11-13 22:00:00,16391.66,16479.0,16338.78,16438.35,5520.57088
2022-11-13 23:00:00,16440.02,16448.99,16276.2,16329.85,7170.50638
2022-11-14 00:00:00,16331.78,16411.99,16100.0,16259.64,13796.72522
2022-11-14 01:00:00,16260.11,16303.55,16000.0,16090.87,14787.4604
2022-11-14 02:00:00,16090.87,16223.23,15911.61,16177.83,14877.7898
2022-11-14 03:00:00,16178.86,16218.63,16119.73,16139.79,9559.54792
2022-11-14 04:00:00,16140.66,16147.54,15853.66,15988.79,16688.29515
2022-11-14 05:00:00,15988.8,16009.99,15815.21,15863.31,10950.15274
2022-11-14 06:00:00,15863.25,16748.66,15847.54,16635.49,28717.50331
2022-11-14 07:00:00,16639.75,16889.97,16385.11,16824.78,31586.51798
2022-11-14 08:00:00,16822.96,16935.59,16713.75,16764.23,19753.28349
2022-11-14 09:00:00,16764.23,16796.99,16640.01,16752.98,13648.56643
2022-11-14 10:00:00,16752.99,16840.0,16709.42,16781.35,10738.0821
2022-11-14 11:00:00,16781.35,16886.53,16733.68,16749.8,10415.50627
2022-11-14 12:00:00,16748.75,16838.88,16666.5,16823.58,11427.51383
2022-11-14 13:00:00,16821.66,17190.0,16502.0,16729.9,37861.04329
2022-11-14 14:00:00,16729.9,16806.6,16425.67,16605.05,25214.63114
2022-11-14 15:00:00,16606.71,16677.0,16452.67,16595.84,15898.78068
2022-11-14 16:00:00,16593.77,16625.34,16356.71,16470.14,16438.29706
2022-11-14 17:00:00,16470.14,16619.8,16444.3,16582.52,10953.34846
2022-11-14 18:00:00,16582.52,16674.97,16532.06,16613.12,7805.46287
2022-11-14 19:00:00,16614.82,16633.27,16181.0,16258.21,15978.99397
2022-11-14 20:00:00,16258.21,16339.98,16191.58,16274.83,13565.82057
2022-11-14 21:00:00,16276.51,16419.99,16261.81,16406.43,8304.16927
2022-11-14 22:00:00,16407.87,16455.7,16355.98,16410.56,5662.27899
2022-11-14 23:00:00,16412.36,16765.0,16405.0,16619.46,15581.00656
2022-11-15 00:00:00,16617.72,16682.09,16535.0,16565.14,11219.2015
2022-11-15 01:00:00,16564.16,16809.0,16527.72,16716.7,11245.63233
2022-11-15 02:00:00,16716.7,16806.16,16683.0,16765.91,8539.80369
2022-11-15 03:00:00,16765.92,16894.56,16764.11,16823.06,10742.8165
2022-11-15 04:00:00,16823.06,16857.85,16756.34,16768.84,7929.40727
2022-11-15 05:00:00,16768.12,16799.21,16638.59,16657.75,8549.93826
2022-11-15 06:00:00,16657.74,16758.85,16651.85,16750.37,7316.35398
2022-11-15 07:00:00,16751.34,16946.32,16744.77,16844.63,14221.30593
2022-11-15 08:00:00,16845.34,16989.0,16805.89,16921.32,12134.56399
2022-11-15 09:00:00,16920.56,16953.94,16731.58,16797.92,12863.53436
2022-11-15 10:00:00,16797.92,16888.0,16757.0,16883.12,9301.17934
2022-11-15 11:00:00,16883.12,16969.02,16708.31,16781.62,12685.98557
2022-11-15 12:00:00,16783.27,16889.09,16730.0,16835.31,9992.67742
2022-11-15 13:00:00,16835.31,17134.69,16823.0,17012.53,20816.93452
2022-11-15 14:00:00,17014.31,17014.31,16815.08,16937.71,17186.25126
2022-11-15 15:00:00,16936.5,17088.0,16880.0,16987.03,16673.09956
2022-11-15 16:00:00,16988.07,17071.43,16918.71,17009.37,13929.78275
2022-11-15 17:00:00,17010.28,17069.87,16967.04,16999.24,10893.58901
2022-11-15 18:00:00,16999.24,17013.08,16640.21,16734.53,20573.39185
2022-11-15 19:00:00,16733.0,16878.83,16614.61,16858.77,14664.03422
2022-11-15 20:00:00,16858.77,16939.99,16736.47,16839.81,11334.67417
2022-11-15 21:00:00,16839.81,16929.98,16778.21,16911.12,8463.11239
2022-11-15 22:00:00,16911.1,16913.56,16844.39,16880.49,4819.50077
2022-11-15 23:00:00,16880.49,16904.76,16835.58,16900.57,6365.07327
2022-11-16 00:00:00,16900.57,16935.39,16765.64,16786.29,10681.38595
2022-11-16 01:00:00,16787.44,16860.63,16777.0,16859.19,7679.23467
2022-11-16 02:00:00,16859.19,17015.92,16822.43,16941.96,11672.96972
2022-11-16 03:00:00,16943.0,16982.6,16917.15,16969.99,6776.09998
2022-11-16 04:00:00,16970.87,16979.22,16892.0,16909.42,7885.36181
2022-11-16 05:00:00,16910.06,16957.56,16877.04,16922.11,8423.05485
2022-11-16 06:00:00,16922.11,16939.88,16796.2,16866.23,14622.7576
2022-11-16 07:00:00,16866.62,16907.22,16821.89,16824.69,8235.89098
2022-11-16 08:00:00,16824.69,16850.27,16697.15,16789.84,14386.48987
2022-11-16 09:00:00,16789.84,16807.05,16670.43,16744.33,10334.86161
2022-11-16 10:00:00,16744.33,16779.0,16680.54,16731.47,10086.17882
2022-11-16 11:00:00,16731.48,16775.38,16650.29,16707.9,10110.50811
2022-11-16 12:00:00,16706.64,16721.23,16557.01,16659.82,13646.4579
2022-11-16 13:00:00,16659.33,16700.24,16449.41,16513.61,25479.61919
2022-11-16 14:00:00,16512.86,16580.26,16391.03,16484.78,21341.41066
2022-11-16 15:00:00,16484.78,16562.85,16378.61,16431.7,15606.64991
2022-11-16 16:00:00,16431.7,16556.34,16401.0,16498.65,10832.85319
2022-11-16 17:00:00,16498.65,16636.29,16491.99,16577.01,10050.0623
2022-11-16 18:00:00,16577.97,16643.23,16531.6,16549.9,7443.9697
2022-11-16 19:00:00,16549.05,16568.74,16452.07,16556.88,7436.79664
2022-11-16 20:00:00,16558.2,16602.82,16522.24,16582.26,6521.6656
2022-11-16 21:00:00,16582.26,16616.04,16532.1,16549.79,5304.87349
2022-11-16 22:00:00,16549.79,16704.09,16499.46,16669.61,5607.45492
2022-11-16 23:00:00,16669.61,16773.09,16630.0,16662.76,11326.80062
2022-11-17 00:00:00,16661.61,16751.0,16654.0,16702.61,8533.6751
2022-11-17 01:00:00,16702.61,16745.68,16682.38,16694.3,6947.91662
2022-11-17 02:00:00,16694.3,16704.98,16573.2,16577.42,8196.73394
2022-11-17 03:00:00,16577.42,16610.82,16505.0,16526.18,8788.34826
2022-11-17 04:00:00,16526.18,16539.46,16410.74,16504.0,10856.91951
2022-11-17 05:00:00,16503.31,16618.27,16497.62,16578.36,7146.02268
2022-11-17 06:00:00,16579.77,16620.0,16533.95,16570.05,9899.07351
2022-11-17 07:00:00,16571.69,16624.12,16535.7,16611.9,10679.58946
2022-11-17 08:00:00,16611.9,16635.82,16561.66,16570.3,8134.80887
2022-11-17 09:00:00,16571.04,16582.68,16471.36,16522.75,12077.76134
2022-11-17 10:00:00,16522.19,16557.0,16500.16,16526.51,7967.0803
2022-11-17 11:00:00,16526.51,16615.99,16523.45,16595.08,8807.63224
2022-11-17 12:00:00,16594.19,16604.71,16546.39,16577.35,7874.97768
2022-11-17 13:00:00,16577.35,16580.38,16430.0,16492.5,14752.3634
2022-11-17 14:00:00,16492.5,16553.76,16458.09,16511.21,10625.73336
2022-11-17 15:00:00,16511.21,16717.49,16500.01,16536.71,20208.23406
2022-11-17 16:00:00,16534.61,16682.0,16517.36,16655.09,14413.18731
2022-11-17 17:00:00,16655.09,16707.7,16615.8,16693.4,10580.00795
2022-11-17 18:00:00,16693.4,16748.94,16669.03,16703.16,9215.33764
2022-11-17 19:00:00,16702.44,16713.0,16602.41,16620.56,7102.77351
2022-11-17 20:00:00,16620.56,16701.48,16608.98,16694.16,6836.15661
2022-11-17 21:00:00,16694.35,16749.0,16682.05,16694.55,6109.22351
2022-11-17 22:00:00,16694.55,16735.0,16666.23,16710.92,4941.28357
2022-11-17 23:00:00,16710.92,16730.0,16650.49,16692.56,7344.1383
2022-11-18 00:00:00,16692.56,16971.99,16682.06,16950.74,19625.25803
2022-11-18 01:00:00,16950.74,17011.0,16854.37,16889.82,10831.31607
2022-11-18 02:00:00,16889.82,16980.1,16842.68,16920.13,9433.88401
2022-11-18 03:00:00,16919.39,16948.29,16850.0,16854.98,7327.97095
2022-11-18 04:00:00,16855.75,16869.08,16773.49,16808.69,8580.6169
2022-11-18 05:00:00,16808.69,16849.19,16782.47,16805.13,6079.41086
2022-11-18 06:00:00,16805.57,16823.19,16742.49,16794.65,7779.61182
2022-11-18 07:00:00,16794.13,16801.43,16724.32,16745.1,7341.8917
2022-11-18 08:00:00,16745.84,16749.89,16680.0,16737.44,10688.80957
2022-11-18 09:00:00,16737.44,16766.24,16719.45,16739.5,8433.73446
2022-11-18 10:00:00,16740.0,16854.33,16722.31,16767.85,11990.93328
2022-11-18 11:00:00,16767.25,16787.26,16712.04,16749.88,6866.27915
2022-11-18 12:00:00,16750.25,16792.17,16744.9,16777.98,7533.98873
2022-11-18 13:00:00,16778.29,16818.0,16729.23,16752.93,9545.87794
2022-11-18 14:00:00,16752.93,16785.14,16651.8,16700.52,12450.7149
2022-11-18 15:00:00,16699.35,16716.0,16608.8,16696.86,11539.23931
2022-11-18 16:00:00,16695.06,16732.85,16625.18,16654.8,9412.29631
2022-11-18 17:00:00,16654.79,16667.43,16550.19,16597.08,10945.26602
2022-11-18 18:00:00,16596.06,16613.03,16546.04,16587.43,7250.11595
2022-11-18 19:00:00,16588.11,16674.31,16567.28,16656.37,7900.06571
2022-11-18 20:00:00,16656.36,16683.0,16610.0,16639.06,8492.8498
2022-11-18 21:00:00,16639.06,16676.58,16630.05,16651.93,4562.13796
2022-11-18 22:00:00,16651.93,16671.8,16626.83,16665.73,3324.18292
2022-11-18 23:00:00,16665.73,16727.99,16628.94,16700.45,6287.72949
2022-11-19 00:00:00,16699.43,16708.77,16662.26,16664.26,3705.2081
2022-11-19 01:00:00,16664.77,16682.71,16650.72,16664.75,3366.46643
2022-11-19 02:00:00,16665.69,16665.7,16573.94,16624.24,6400.82337
2022-11-19 03:00:00,16624.24,16652.96,16611.89,16628.7,3636.3359
2022-11-19 04:00:00,16628.7,16649.0,16615.11,16635.14,3377.47881
2022-11-19 05:00:00,16635.14,16642.89,16553.53,16597.92,7702.60284
2022-11-19 06:00:00,16598.73,16622.62,16567.95,16609.44,4397.40838
2022-11-19 07:00:00,16609.44,16618.99,16597.05,16599.31,4077.333
2022-11-19 08:00:00,16598.98,16663.27,16580.0,16643.27,5926.78826
2022-11-19 09:00:00,16643.08,16650.3,16626.12,16635.1,3479.41746
2022-11-19 10:00:00,16635.1,16646.92,16622.06,16636.33,3232.06687
2022-11-19 11:00:00,16636.33,16683.01,16636.33,16676.26,3731.05439
2022-11-19 12:00:00,16676.26,16686.86,16640.0,16654.2,4225.22539
2022-11-19 13:00:00,16654.61,16665.11,16634.01,16649.31,3191.40115
2022-11-19 14:00:00,16649.31,16668.97,16641.59,16651.82,4394.15868
2022-11-19 15:00:00,16651.82,16677.93,16646.27,16655.65,5342.09166
2022-11-19 16:00:00,16655.65,16664.0,16644.32,16655.0,3801.94928
2022-11-19 17:00:00,16655.0,16658.99,16608.35,16614.65,5054.50732
2022-11-19 18:00:00,16614.02,16646.84,16611.13,16625.22,3073.38541
2022-11-19 19:00:00,16625.22,16638.61,16621.45,16627.33,2641.60635
2022-11-19 20:00:00,16627.33,16648.73,16625.98,16633.75,2530.18636
2022-11-19 21:00:00,16634.15,16687.25,16633.0,16679.49,3216.93627
2022-11-19 22:00:00,16679.49,16822.41,16678.12,16738.2,9441.12254
2022-11-19 23:00:00,16738.2,16775.5,16691.3,16700.68,5017.60136
2022-11-20 00:00:00,16700.68,16738.77,16686.51,16719.98,4362.93277
2022-11-20 01:00:00,16719.98,16753.33,16669.92,16684.71,4653.08972
2022-11-20 02:00:00,16684.3,16710.12,16667.06,16684.35,3818.0702
2022-11-20 03:00:00,16684.36,16698.82,16666.47,16679.99,3308.38602
2022-11-20 04:00:00,16679.99,16698.0,16671.89,16684.24,2868.30162
2022-11-20 05:00:00,16684.24,16697.63,16671.0,16687.76,3013.10757
2022-11-20 06:00:00,16687.77,16698.0,16675.32,16687.34,2643.36313
2022-11-20 07:00:00,16686.97,16738.76,16681.13,16722.9,4365.41101
2022-11-20 08:00:00,16722.2,16736.41,16561.0,16615.67,10219.03962
2022-11-20 09:00:00,16615.67,16642.0,16596.19,16630.48,4338.07171
2022-11-20 10:00:00,16630.12,16683.0,16597.29,16626.44,7490.20225
2022-11-20 11:00:00,16626.44,16636.57,16462.46,16525.38,13408.35719
2022-11-20 12:00:00,16526.04,16585.22,16461.0,16523.52,10744.00261
2022-11-20 13:00:00,16524.24,16600.0,16517.34,16584.48,8070.82573
2022-11-20 14:00:00,16584.21,16593.4,16542.97,16549.84,4794.93008
2022-11-20 15:00:00,16550.25,16628.49,16533.78,16580.53,6227.08132
2022-11-20 16:00:00,16580.53,16590.49,16552.37,16583.93,4353.78852
2022-11-20 17:00:00,16583.93,16590.21,16530.22,16548.21,4251.84097
2022-11-20 18:00:00,16547.82,16588.47,16533.21,16586.93,4098.98327
2022-11-20 19:00:00,16587.4,16613.35,16552.0,16587.8,4038.44336
2022-11-20 20:00:00,16587.8,16595.85,16448.05,16537.99,9076.70046
2022-11-20 21:00:00,16538.84,16538.85,16212.59,16284.23,13549.80032
2022-11-20 22:00:00,16284.23,16358.0,16180.0,16296.94,11496.02556
2022-11-20 23:00:00,16296.94,16324.58,16222.47,16280.23,9651.37977
2022-11-21 00:00:00,16279.5,16295.0,16123.01,16268.73,14167.43968
2022-11-21 01:00:00,16268.12,16283.06,16191.0,16214.15,7872.39775
2022-11-21 02:00:00,16214.15,16219.99,15905.88,16010.7,23043.32117
2022-11-21 03:00:00,16010.31,16110.55,15897.15,16073.75,17133.0721
2022-11-21 04:00:00,16073.15,16319.0,16064.22,16149.97,18837.79424
2022-11-21 05:00:00,16149.34,16234.66,16138.97,16228.09,8403.74792
2022-11-21 06:00:00,16228.09,16256.16,16082.0,16091.53,11091.7628
2022-11-21 07:00:00,16091.53,16150.0,15955.99,16039.73,12829.28326
2022-11-21 08:00:00,16040.73,16068.13,15992.14,16035.42,9731.71632
2022-11-21 09:00:00,16035.87,16169.52,15964.0,16112.48,16084.11695
2022-11-21 10:00:00,16111.77,16153.9,16058.63,16131.26,9631.50436
2022-11-21 11:00:00,16131.25,16154.99,16055.82,16084.42,8791.26747
2022-11-21 12:00:00,16084.42,16140.95,16025.42,16113.86,8491.57154
2022-11-21 13:00:00,16113.86,16284.0,16098.83,16175.95,14566.23991
2022-11-21 14:00:00,16176.56,16250.0,16146.21,16163.83,10824.2365
2022-11-21 15:00:00,16163.83,16175.23,16109.74,16130.45,8677.70192
2022-11-21 16:00:00,16130.45,16139.19,15906.52,16032.24,19529.3303
2022-11-21 17:00:00,16032.24,16075.59,15977.77,16015.22,10845.23657
2022-11-21 18:00:00,16015.22,16040.53,15930.0,15971.36,12433.72132
2022-11-21 19:00:00,15971.36,16006.38,15589.68,15722.98,23509.49356
2022-11-21 20:00:00,15721.51,15894.74,15709.76,15785.27,15789.22091
2022-11-21 21:00:00,15785.27,15852.24,15476.0,15649.52,17912.033913
2022-11-21 22:00:00,15648.23,15869.41,15614.96,15740.27,15458.33805
2022-11-21 23:00:00,15739.38,15857.07,15726.38,15781.29,8442.44924
2022-11-22 00:00:00,15781.29,15967.76,15746.16,15866.48,12895.32049
2022-11-22 01:00:00,15866.48,15899.92,15800.0,15812.06,7380.93322
2022-11-22 02:00:00,15812.06,15920.33,15770.01,15900.14,9765.2903
2022-11-22 03:00:00,15900.14,15927.37,15833.6,15847.82,7245.21526
2022-11-22 04:00:00,15848.53,15868.0,15800.03,15822.79,5679.00944
2022-11-22 05:00:00,15822.79,15882.87,15773.78,15803.9,7397.45913
2022-11-22 06:00:00,15804.23,15821.71,15661.0,15687.47,11889.32461
2022-11-22 07:00:00,15687.47,15781.34,15616.63,15760.42,9883.54282
2022-11-22 08:00:00,15760.42,15769.99,15660.0,15729.98,10185.45339
2022-11-22 09:00:00,15729.98,15775.69,15669.24,15687.97,7744.25265
2022-11-22 10:00:00,15687.97,15824.16,15661.21,15797.3,8309.59152
2022-11-22 11:00:00,15796.44,15816.09,15701.0,15747.88,8048.25731
2022-11-22 12:00:00,15747.88,15863.2,15683.33,15836.41,12635.59884
2022-11-22 13:00:00,15835.3,16218.0,15827.55,16171.01,27127.36661
2022-11-22 14:00:00,16171.01,16218.0,16039.88,16117.28,14432.79801
2022-11-22 15:00:00,16117.28,16315.0,16113.88,16241.3,15824.169
2022-11-22 16:00:00,16241.3,16290.27,16153.71,16171.69,10774.90417
2022-11-22 17:00:00,16171.69,16209.88,16060.01,16081.97,9054.79582
2022-11-22 18:00:00,16080.84,16174.23,16049.87,16140.29,9163.17157
2022-11-22 19:00:00,16139.44,16246.34,16100.82,16168.38,9022.86922
2022-11-22 20:00:00,16167.49,16193.07,16128.0,16135.92,5643.54363
2022-11-22 21:00:00,16134.85,16180.0,16085.54,16147.13,6442.72592
2022-11-22 22:00:00,16145.77,16254.99,16100.68,16184.9,6424.96746
2022-11-22 23:00:00,16186.0,16235.61,16156.5,16226.94,6577.50584
2022-11-23 00:00:00,16227.96,16261.58,16168.26,16183.16,7944.06412
2022-11-23 01:00:00,16183.16,16234.6,16160.2,16220.74,6708.24993
2022-11-23 02:00:00,16220.74,16570.02,16213.04,16512.44,23413.55565
2022-11-23 03:00:00,16512.44,16593.8,16462.2,16586.55,12227.50795
2022-11-23 04:00:00,16584.66,16589.99,16484.95,16508.13,8840.03896
2022-11-23 05:00:00,16508.13,16536.99,16444.0,16464.07,8429.29027
2022-11-23 06:00:00,16463.54,16522.2,16445.94,16499.8,9322.68789
2022-11-23 07:00:00,16499.81,16662.1,16461.93,16583.84,13769.51937
2022-11-23 08:00:00,16583.84,16637.0,16500.0,16541.86,11344.95982
2022-11-23 09:00:00,16541.86,16600.0,16519.71,16566.38,10104.88056
2022-11-23 10:00:00,16565.77,16677.25,16531.0,16611.45,12523.60081
2022-11-23 11:00:00,16610.97,16642.6,16566.66,16585.77,9879.55772
2022-11-23 12:00:00,16585.21,16604.1,16485.14,16513.59,10783.60526
2022-11-23 13:00:00,16514.03,16546.0,16382.9,16394.33,12626.26709
2022-11-23 14:00:00,16395.48,16488.25,16342.98,16464.98,14821.68313
2022-11-23 15:00:00,16464.98,16511.03,16401.97,16427.11,10308.55999
2022-11-23 16:00:00,16427.09,16465.63,16320.02,16334.35,9300.33001
2022-11-23 17:00:00,16335.33,16400.86,16328.11,16391.62,8216.33447
2022-11-23 18:00:00,16390.51,16582.22,16380.0,16527.81,10423.80667
2022-11-23 19:00:00,16527.81,16706.0,16395.16,16473.32,22319.91082
2022-11-23 20:00:00,16473.32,16625.0,16426.42,16617.47,9704.29413
2022-11-23 21:00:00,16617.47,16620.76,16478.57,16488.41,7312.38584
2022-11-23 22:00:00,16488.41,16541.5,16459.43,16512.51,4884.73057
2022-11-23 23:00:00,16511.59,16676.72,16497.21,16603.11,9717.88305
2022-11-24 00:00:00,16603.11,16627.06,16533.65,16564.07,8239.06493
2022-11-24 01:00:00,16562.99,16799.99,16537.44,16747.83,13006.15028
2022-11-24 02:00:00,16747.83,16812.63,16678.67,16695.18,11395.93178
2022-11-24 03:00:00,16695.18,16772.46,16685.0,16712.07,8405.99513
2022-11-24 04:00:00,16711.41,16740.01,16656.8,16697.69,8038.87223
2022-11-24 05:00:00,16697.27,16704.7,16645.08,16655.8,7982.0176
2022-11-24 06:00:00,16655.55,16726.0,16635.66,16710.5,10381.87754
2022-11-24 07:00:00,16710.5,16719.03,16614.75,16623.9,11368.51516
2022-11-24 08:00:00,16622.38,16642.18,16520.26,16590.98,13285.87074
2022-11-24 09:00:00,16590.97,16619.62,16553.55,16601.53,8854.80948
2022-11-24 10:00:00,16601.53,16615.0,16493.81,16558.61,10808.96915
2022-11-24 11:00:00,16557.81,16582.0,16530.89,16572.11,6911.90953
2022-11-24 12:00:00,16572.11,16588.94,16493.01,16538.45,9526.48023
2022-11-24 13:00:00,16538.45,16606.52,16531.51,16586.23,8062.26689
2022-11-24 14:00:00,16586.23,16592.0,16458.05,16532.59,9685.63421
2022-11-24 15:00:00,16532.59,16580.01,16497.57,16558.11,6937.14748
2022-11-24 16:00:00,16559.01,16676.0,16517.99,16622.53,12911.51358
2022-11-24 17:00:00,16622.52,16669.0,16581.53,16586.73,7597.96884
2022-11-24 18:00:00,16587.67,16604.48,16542.22,16583.31,6161.63307
2022-11-24 19:00:00,16583.31,16602.29,16554.0,16577.41,4381.79719
2022-11-24 20:00:00,16577.05,16595.48,16553.0,16567.36,4960.72797
2022-11-24 21:00:00,16567.36,16577.86,16535.01,16551.95,5135.77254
2022-11-24 22:00:00,16552.74,16639.0,16542.2,16612.48,4402.72097
2022-11-24 23:00:00,16612.48,16625.0,16560.27,16598.95,8122.27694
2022-11-25 00:00:00,16599.55,16622.64,16510.46,16528.79,10622.54512
2022-11-25 01:00:00,16529.37,16556.58,16511.47,16526.84,5010.84404
2022-11-25 02:00:00,16526.84,16532.32,16470.6,16525.78,8876.302
2022-11-25 03:00:00,16525.78,16527.72,16470.0,16485.45,5921.99795
2022-11-25 04:00:00,16485.45,16502.19,16354.24,16391.26,10133.82587
2022-11-25 05:00:00,16391.93,16421.27,16360.63,16362.8,8014.73872
2022-11-25 06:00:00,16363.43,16444.99,16342.81,16424.4,8209.16864
2022-11-25 07:00:00,16424.94,16474.88,16415.07,16461.66,6751.84462
2022-11-25 08:00:00,16462.22,16495.59,16420.3,16449.37,6653.60103
2022-11-25 09:00:00,16449.37,16480.41,16430.12,16441.79,5756.1375
2022-11-25 10:00:00,16442.28,16521.62,16407.72,16477.5,8371.31784
2022-11-25 11:00:00,16477.93,16591.43,16470.03,16531.64,11662.04076
2022-11-25 12:00:00,16531.64,16584.48,16500.25,16507.19,9545.69471
2022-11-25 13:00:00,16507.18,16519.82,16472.13,16491.33,7493.67179
2022-11-25 14:00:00,16491.82,16549.66,16435.11,16538.89,10489.99469
2022-11-25 15:00:00,16538.89,16570.0,16477.0,16513.0,10610.00789
2022-11-25 16:00:00,16513.0,16516.98,16458.46,16485.66,7095.21116
2022-11-25 17:00:00,16485.14,16536.35,16474.29,16510.38,7262.26297
2022-11-25 18:00:00,16509.52,16528.6,16477.13,16495.43,4967.00543
2022-11-25 19:00:00,16495.43,16553.88,16494.01,16523.21,5276.79401
2022-11-25 20:00:00,16523.67,16666.0,16516.97,16526.13,8058.9607
2022-11-25 21:00:00,16526.13,16539.77,16492.57,16501.6,4796.70034
2022-11-25 22:00:00,16502.19,16539.1,16482.87,16529.17,4333.86269
2022-11-25 23:00:00,16529.02,16577.6,16494.06,16522.14,6174.96486
2022-11-26 00:00:00,16521.35,16591.03,16509.6,16579.5,8474.38887
2022-11-26 01:00:00,16579.27,16701.99,16573.52,16633.87,13822.50028
2022-11-26 02:00:00,16634.33,16670.0,16617.33,16627.9,7856.63396
2022-11-26 03:00:00,16628.17,16644.06,16602.78,16625.79,6699.54834
2022-11-26 04:00:00,16625.79,16644.72,16602.12,16630.32,9009.75508
2022-11-26 05:00:00,16630.32,16651.84,16619.2,16625.48,6968.00812
2022-11-26 06:00:00,16625.0,16626.35,16532.5,16559.5,10166.51669
2022-11-26 07:00:00,16559.0,16600.0,16530.0,16583.75,7375.87768
2022-11-26 08:00:00,16584.13,16596.36,16567.0,16573.03,4756.14843
2022-11-26 09:00:00,16573.01,16600.0,16571.57,16590.86,6184.40397
2022-11-26 10:00:00,16590.86,16638.23,16582.03,16596.56,8456.36954
2022-11-26 11:00:00,16595.82,16606.54,16556.66,16580.31,6746.6491
2022-11-26 12:00:00,16580.58,16598.5,16558.32,16580.59,5600.70998
2022-11-26 13:00:00,16580.59,16613.21,16577.05,16596.89,7821.52261
2022-11-26 14:00:00,16596.22,16680.57,16536.56,16567.05,13700.35639
2022-11-26 15:00:00,16566.95,16582.53,16483.25,16512.86,11100.82159
2022-11-26 16:00:00,16512.35,16532.91,16496.26,16508.22,5734.22673
2022-11-26 17:00:00,16507.75,16530.0,16490.76,16516.05,4920.19708
2022-11-26 18:00:00,16516.63,16526.39,16458.38,16477.77,4837.58069
2022-11-26 19:00:00,16477.73,16497.43,16420.45,16488.43,6863.97031
2022-11-26 20:00:00,16488.44,16514.98,16484.91,16500.9,3335.81205
2022-11-26 21:00:00,16500.95,16549.66,16495.61,16516.25,6386.34059
2022-11-26 22:00:00,16516.25,16520.0,16385.0,16425.29,7287.10999
2022-11-26 23:00:00,16425.29,16483.69,16416.2,16458.57,7699.36859
2022-11-27 00:00:00,16457.61,16503.91,16446.59,16462.67,8047.14353
2022-11-27 01:00:00,16462.67,16510.37,16461.13,16485.56,7376.21904
2022-11-27 02:00:00,16484.95,16536.86,16482.01,16528.2,8215.48285
2022-11-27 03:00:00,16528.48,16575.31,16517.08,16527.22,6851.48755
2022-11-27 04:00:00,16527.22,16600.0,16522.23,16565.7,11663.03527
2022-11-27 05:00:00,16565.7,16580.0,16531.11,16537.01,7191.99695
2022-11-27 06:00:00,16537.01,16594.97,16536.43,16554.51,7044.74526
2022-11-27 07:00:00,16554.52,16572.0,16548.04,16562.98,4910.18091
2022-11-27 08:00:00,16562.98,16583.43,16522.14,16531.75,7100.16843
2022-11-27 09:00:00,16531.75,16547.72,16514.01,16522.92,5532.96599
2022-11-27 10:00:00,16522.97,16593.91,16513.0,16541.82,8702.04811
2022-11-27 11:00:00,16541.82,16562.98,16527.57,16550.91,5660.22416
2022-11-27 12:00:00,16550.57,16578.66,16537.48,16559.55,6262.17506
2022-11-27 13:00:00,16559.86,16565.3,16524.0,16539.51,5547.98822
2022-11-27 14:00:00,16539.51,16557.05,16520.0,16539.48,5605.54866
2022-11-27 15:00:00,16539.48,16586.74,16520.26,16574.28,7570.14707
2022-11-27 16:00:00,16573.76,16581.6,16533.53,16537.55,6276.82933
2022-11-27 17:00:00,16537.55,16548.31,16520.88,16534.2,5403.4057
2022-11-27 18:00:00,16534.2,16567.23,16532.0,16564.77,4436.92318
2022-11-27 19:00:00,16564.77,16567.63,16531.75,16555.39,3313.92696
2022-11-27 20:00:00,16555.39,16573.6,16546.83,16558.87,3501.70724
2022-11-27 21:00:00,16558.87,16595.0,16555.41,16578.17,4333.05439
2022-11-27 22:00:00,16578.17,16597.36,16559.02,16573.03,4080.13384
2022-11-27 23:00:00,16573.03,16575.4,16401.0,16428.78,17397.93837
2022-11-28 00:00:00,16428.77,16487.04,16417.0,16446.79,8075.56504
2022-11-28 01:00:00,16446.79,16470.0,16090.0,16144.12,29041.48446
2022-11-28 02:00:00,16143.4,16191.58,16051.9,16117.63,17314.62529
2022-11-28 03:00:00,16118.22,16206.59,16104.62,16178.22,9630.79702
2022-11-28 04:00:00,16177.49,16246.98,16167.71,16209.96,7739.89125
2022-11-28 05:00:00,16210.3,16226.96,16146.04,16159.31,7852.92899
2022-11-28 06:00:00,16158.82,16217.71,16136.0,16212.45,7355.75701
2022-11-28 07:00:00,16213.36,16235.2,16190.24,16222.06,7070.23679
2022-11-28 08:00:00,16224.14,16270.59,16193.08,16235.26,8788.41433
2022-11-28 09:00:00,16235.26,16248.0,16187.01,16218.07,7590.61203
2022-11-28 10:00:00,16218.07,16225.62,16178.24,16196.75,7883.34883
2022-11-28 11:00:00,16197.21,16230.77,16190.97,16213.29,6850.56846
2022-11-28 12:00:00,16213.29,16239.31,16162.04,16185.77,10036.67174
2022-11-28 13:00:00,16185.77,16213.48,16150.35,16179.27,8784.82894
2022-11-28 14:00:00,16179.46,16310.43,16170.22,16216.4,14437.51627
2022-11-28 15:00:00,16216.47,16238.05,16120.38,16146.26,13952.75698
2022-11-28 16:00:00,16146.26,16399.69,15995.27,16311.56,26270.82545
2022-11-28 17:00:00,16310.53,16388.99,16192.55,16207.12,17411.33569
2022-11-28 18:00:00,16207.12,16232.83,16145.0,16158.71,8422.67949
2022-11-28 19:00:00,16159.59,16257.85,16150.0,16224.75,6655.63319
2022-11-28 20:00:00,16225.53,16271.09,16211.26,16256.33,6080.60912
2022-11-28 21:00:00,16256.33,16262.77,16186.0,16199.59,6780.81367
2022-11-28 22:00:00,16200.56,16235.21,16195.72,16220.76,3742.40807
2022-11-28 23:00:00,16220.36,16245.92,16195.63,16212.91,4925.09556
2022-11-29 00:00:00,16212.18,16224.83,16100.0,16179.02,11394.99817
2022-11-29 01:00:00,16178.74,16309.03,16171.17,16250.77,9098.01403
2022-11-29 02:00:00,16250.77,16306.13,16246.86,16265.83,9732.36819
2022-11-29 03:00:00,16265.83,16305.0,16259.51,16287.66,7299.42953
2022-11-29 04:00:00,16287.53,16491.99,16278.9,16432.98,18178.2818
2022-11-29 05:00:00,16432.22,16541.59,16432.19,16484.85,12930.90519
2022-11-29 06:00:00,16484.85,16515.37,16450.23,16462.91,8901.527
2022-11-29 07:00:00,16462.91,16506.47,16458.95,16463.31,9933.4284
2022-11-29 08:00:00,16463.95,16548.71,16430.0,16498.61,16872.15937
2022-11-29 09:00:00,16498.03,16527.51,16480.59,16516.64,10409.67184
2022-11-29 10:00:00,16516.64,16534.18,16484.77,16504.35,9502.02805
2022-11-29 11:00:00,16505.01,16541.86,16488.47,16497.64,9801.41445
2022-11-29 12:00:00,16496.73,16508.04,16468.08,16486.66,9032.65754
2022-11-29 13:00:00,16486.67,16489.0,16380.89,16412.54,14822.12014
2022-11-29 14:00:00,16412.54,16463.0,16328.84,16361.78,18622.45093
2022-11-29 15:00:00,16362.64,16457.3,16343.47,16393.48,13665.80722
2022-11-29 16:00:00,16394.34,16429.28,16342.59,16410.67,10859.64402
2022-11-29 17:00:00,16410.67,16427.59,16358.87,16379.72,7310.75506
2022-11-29 18:00:00,16379.72,16438.99,16357.19,16419.68,7314.43476
2022-11-29 19:00:00,16419.68,16479.84,16417.54,16426.56,7256.7447
2022-11-29 20:00:00,16426.56,16512.39,16423.19,16496.48,8232.14992
2022-11-29 21:00:00,16495.74,16499.99,16453.12,16465.95,5349.85972
2022-11-29 22:00:00,16465.36,16500.39,16452.39,16495.59,4822.51684
2022-11-29 23:00:00,16494.61,16526.91,16426.24,16442.53,6762.88322
2022-11-30 00:00:00,16442.91,16899.1,16428.3,16845.72,25348.71369
2022-11-30 01:00:00,16846.85,16950.82,16825.16,16880.19,18139.63055
2022-11-30 02:00:00,16879.22,17162.2,16879.0,16961.35,19145.0937
2022-11-30 03:00:00,16961.35,16979.23,16840.02,16845.25,10913.45109
2022-11-30 04:00:00,16845.25,16891.02,16794.16,16879.53,10298.56792
2022-11-30 05:00:00,16879.53,16914.58,16861.39,16864.1,8355.997
2022-11-30 06:00:00,16863.45,16870.77,16830.38,16860.61,8424.53584
2022-11-30 07:00:00,16860.61,16920.16,16858.9,16884.18,8956.14794
2022-11-30 08:00:00,16883.87,16930.66,16874.02,16890.65,7960.12284
2022-11-30 09:00:00,16890.65,16906.0,16835.75,16879.49,9376.39741
2022-11-30 10:00:00,16879.83,16899.56,16863.99,16865.06,6610.87018
2022-11-30 11:00:00,16865.49,16898.86,16864.29,16879.32,7103.43272
2022-11-30 12:00:00,16879.32,16888.0,16768.72,16777.24,11156.93737
2022-11-30 13:00:00,16777.24,16897.0,16766.68,16810.12,16334.82183
2022-11-30 14:00:00,16810.12,16888.0,16805.53,16847.01,10295.79743
2022-11-30 15:00:00,16847.01,16870.06,16796.89,16865.64,9430.64236
2022-11-30 16:00:00,16865.64,16907.9,16828.55,16861.98,11276.57361
2022-11-30 17:00:00,16861.98,16876.52,16720.56,16789.66,12003.12758
2022-11-30 18:00:00,16789.66,16986.0,16705.0,16921.44,20627.65732
2022-11-30 19:00:00,16920.45,17147.16,16917.3,17062.85,23959.6417
2022-11-30 20:00:00,17061.14,17103.52,17030.21,17097.19,10883.0417
2022-11-30 21:00:00,17098.37,17111.7,17028.37,17106.65,10824.19286
2022-11-30 22:00:00,17106.64,17249.0,17069.04,17148.29,10013.79086
2022-11-30 23:00:00,17148.29,17227.23,17109.98,17163.64,15580.62169
2022-12-01 00:00:00,17165.53,17236.29,17122.65,17161.55,14452.68614
2022-12-01 01:00:00,17161.55,17170.32,17105.37,17117.13,8649.60607
2022-12-01 02:00:00,17117.13,17142.99,17088.01,17123.98,7980.58514
2022-12-01 03:00:00,17124.53,17169.73,17122.18,17150.98,7343.39472
2022-12-01 04:00:00,17150.98,17168.0,17129.27,17142.23,6733.99332
2022-12-01 05:00:00,17142.23,17151.75,17059.58,17110.11,7903.84454
2022-12-01 06:00:00,17110.95,17130.0,17084.49,17120.89,6388.70353
2022-12-01 07:00:00,17120.35,17124.67,17064.11,17070.21,7932.97989
2022-12-01 08:00:00,17070.21,17137.75,17058.51,17110.79,9765.40835
2022-12-01 09:00:00,17110.79,17119.25,17086.01,17111.7,8415.12523
2022-12-01 10:00:00,17111.4,17113.98,17086.01,17096.31,6516.33488
2022-12-01 11:00:00,17096.31,17107.74,17042.37,17102.47,8940.59919
2022-12-01 12:00:00,17102.47,17156.33,17100.0,17136.27,10225.42078
2022-12-01 13:00:00,17136.27,17324.0,16974.44,17088.86,23716.00747
2022-12-01 14:00:00,17089.84,17143.78,17027.66,17104.27,17194.74213
2022-12-01 15:00:00,17104.27,17145.58,16895.02,16977.67,21844.50807
2022-12-01 16:00:00,16977.6,17000.0,16919.4,16981.76,10916.80757
2022-12-01 17:00:00,16981.76,16990.0,16928.2,16967.67,8552.5107
2022-12-01 18:00:00,16967.67,16976.33,16908.05,16931.04,7326.21353
2022-12-01 19:00:00,16931.74,16961.32,16897.15,16951.8,6439.38749
2022-12-01 20:00:00,16952.49,16967.79,16909.11,16916.12,5505.08568
2022-12-01 21:00:00,16917.05,16939.27,16855.01,16924.08,7159.06387
2022-12-01 22:00:00,16924.08,16987.29,16917.42,16965.24,6016.75879
2022-12-01 23:00:00,16965.9,16980.24,16940.83,16977.37,6898.4151
2022-12-02 00:00:00,16978.0,17046.45,16951.46,17037.82,10772.38556
2022-12-02 01:00:00,17037.82,17048.99,16869.57,16925.79,11946.92301
2022-12-02 02:00:00,16925.25,16942.22,16857.89,16920.59,10805.05307
2022-12-02 03:00:00,16920.59,16930.35,16890.05,16902.03,5728.58439
2022-12-02 04:00:00,16902.03,16934.1,16879.08,16927.78,6408.52407
2022-12-02 05:00:00,16927.78,16944.84,16922.73,16934.84,4958.8652
2022-12-02 06:00:00,16935.46,16953.55,16907.21,16910.53,5383.49179
2022-12-02 07:00:00,16910.82,16973.72,16906.99,16955.82,7343.94084
2022-12-02 08:00:00,16955.42,16972.0,16936.15,16964.56,5905.38487
2022-12-02 09:00:00,16964.56,16989.57,16956.0,16962.17,6427.60143
2022-12-02 10:00:00,16962.17,16976.15,16946.13,16969.21,6323.80651
2022-12-02 11:00:00,16969.21,17065.0,16954.45,16996.92,13932.95192
2022-12-02 12:00:00,16996.92,17047.28,16985.79,17031.5,8840.89962
2022-12-02 13:00:00,17031.5,17105.73,16787.85,16889.18,26581.99282
2022-12-02 14:00:00,16889.18,16989.23,16853.52,16909.54,12697.6951
2022-12-02 15:00:00,16909.01,16979.87,16892.59,16938.94,8556.40549
2022-12-02 16:00:00,16938.94,16948.75,16902.1,16936.51,7018.72118
2022-12-02 17:00:00,16936.75,16973.43,16930.21,16936.33,6043.21737
2022-12-02 18:00:00,16935.68,16967.55,16933.08,16953.93,4565.80809
2022-12-02 19:00:00,16954.63,16997.19,16930.03,16987.01,5889.85229
2022-12-02 20:00:00,16987.01,17057.42,16977.49,17029.59,7148.02645
2022-12-02 21:00:00,17029.59,17050.64,16994.59,17012.38,6011.02548
2022-12-02 22:00:00,17012.38,17079.0,17010.14,17041.94,5389.56665
2022-12-02 23:00:00,17041.26,17099.0,17041.18,17092.74,7691.483
2022-12-03 00:00:00,17092.13,17188.98,17038.0,17047.93,10277.28688
2022-12-03 01:00:00,17047.93,17056.25,17012.34,17051.11,6536.55904
2022-12-03 02:00:00,17051.11,17058.95,17012.65,17028.46,5758.11669
2022-12-03 03:00:00,17028.46,17032.52,17011.0,17020.89,5561.03094
2022-12-03 04:00:00,17021.16,17036.24,17008.41,17015.45,5713.74967
2022-12-03 05:00:00,17015.45,17026.47,17011.0,17016.31,4728.22708
2022-12-03 06:00:00,17016.31,17018.49,16943.73,16976.72,8393.02897
2022-12-03 07:00:00,16976.11,16984.33,16925.55,16964.51,6985.41897
2022-12-03 08:00:00,16964.51,16967.38,16918.0,16947.09,7254.24542
2022-12-03 09:00:00,16947.09,16987.0,16929.81,16979.13,6663.92205
2022-12-03 10:00:00,16979.13,16984.5,16951.47,16963.51,5058.47007
2022-12-03 11:00:00,16963.51,16965.66,16880.88,16943.43,10092.93622
2022-12-03 12:00:00,16943.43,16968.99,16930.42,16965.71,6800.76735
2022-12-03 13:00:00,16966.19,16966.64,16942.56,16952.53,6445.50154
2022-12-03 14:00:00,16953.24,16955.31,16921.07,16947.15,6735.83911
2022-12-03 15:00:00,16947.15,16983.77,16940.54,16961.49,6109.85622
2022-12-03 16:00:00,16961.04,16967.54,16945.01,16954.6,4502.3845
2022-12-03 17:00:00,16954.6,16982.01,16938.88,16971.08,6042.18882
2022-12-03 18:00:00,16971.08,16983.65,16950.52,16969.45,3528.553
2022-12-03 19:00:00,16969.36,16972.93,16937.84,16953.4,4184.58027
2022-12-03 20:00:00,16953.88,16959.61,16911.94,16934.23,4195.86613
2022-12-03 21:00:00,16934.16,16952.12,16875.0,16947.76,8390.14394
2022-12-03 22:00:00,16947.76,16952.36,16858.74,16901.27,8065.12666
2022-12-03 23:00:00,16901.27,16917.01,16870.69,16885.2,6518.77352
2022-12-04 00:00:00,16885.2,16967.53,16878.25,16948.14,8391.06666
2022-12-04 01:00:00,16948.56,17049.45,16935.0,16967.26,9367.08765
2022-12-04 02:00:00,16967.26,16986.85,16945.61,16973.96,4720.46881
2022-12-04 03:00:00,16973.7,16979.28,16948.0,16959.64,5203.89141
2022-12-04 04:00:00,16959.64,17020.9,16958.15,17007.7,7350.96256
2022-12-04 05:00:00,17007.7,17068.0,17000.11,17015.09,9863.0093
2022-12-04 06:00:00,17015.68,17047.0,16993.0,16999.02,7027.88642
2022-12-04 07:00:00,16999.02,17016.22,16989.0,16996.39,5915.36877
2022-12-04 08:00:00,16996.39,17050.0,16976.05,17012.1,7408.40801
2022-12-04 09:00:00,17012.1,17033.77,17000.0,17000.65,4930.56396
2022-12-04 10:00:00,17000.17,17008.99,16991.54,17001.95,5842.89202
2022-12-04 11:00:00,17001.43,17006.23,16905.01,16948.64,8543.1966
2022-12-04 12:00:00,16948.64,16962.89,16926.54,16956.92,6501.11355
2022-12-04 13:00:00,16957.33,16959.0,16915.0,16946.81,5984.64738
2022-12-04 14:00:00,16946.66,17014.18,16930.89,17006.96,9953.42889
2022-12-04 15:00:00,17007.72,17067.45,17006.99,17029.88,11022.03358
2022-12-04 16:00:00,17029.88,17100.0,17003.79,17016.6,8742.87354
2022-12-04 17:00:00,17016.6,17058.64,16972.36,17052.24,6213.8087
2022-12-04 18:00:00,17052.21,17159.0,17034.73,17064.6,14783.9708
2022-12-04 19:00:00,17064.61,17104.96,17047.41,17085.53,7980.61817
2022-12-04 20:00:00,17085.53,17127.88,17069.01,17091.76,4985.69776
2022-12-04 21:00:00,17091.18,17120.0,17072.38,17110.25,4070.85903
2022-12-04 22:00:00,17110.25,17133.4,17075.55,17103.53,3590.32678
2022-12-04 23:00:00,17103.29,17202.84,17080.0,17105.7,10224.95352
2022-12-05 00:00:00,17106.65,17268.38,17076.85,17216.15,15110.64538
2022-12-05 01:00:00,17216.15,17300.0,17196.19,17268.49,10509.74507
2022-12-05 02:00:00,17269.05,17349.99,17234.04,17245.12,12360.97746
2022-12-05 03:00:00,17245.12,17277.96,17185.78,17196.88,11773.83934
2022-12-05 04:00:00,17197.22,17424.25,17191.74,17354.32,14816.10155
2022-12-05 05:00:00,17354.32,17407.38,17303.02,17340.42,14087.26383
2022-12-05 06:00:00,17340.42,17347.0,17284.19,17308.88,7269.44626
2022-12-05 07:00:00,17308.28,17364.68,17293.87,17313.93,7766.18218
2022-12-05 08:00:00,17313.34,17386.0,17300.0,17359.53,15195.21734
2022-12-05 09:00:00,17359.21,17363.2,17281.42,17303.76,8323.06413
2022-12-05 10:00:00,17303.76,17327.83,17282.2,17299.28,5063.97221
2022-12-05 11:00:00,17298.85,17315.0,17282.95,17310.51,5934.78845
2022-12-05 12:00:00,17310.08,17313.48,17230.01,17254.05,6468.86567
2022-12-05 13:00:00,17254.63,17285.57,17211.0,17232.41,6464.26317
2022-12-05 14:00:00,17232.4,17238.76,17171.45,17206.82,7964.92573
2022-12-05 15:00:00,17206.82,17207.27,17015.32,17083.92,17669.84391
2022-12-05 16:00:00,17083.92,17106.14,16980.28,17043.22,10450.7954
2022-12-05 17:00:00,17043.22,17087.84,16999.84,17055.01,8750.24204
2022-12-05 18:00:00,17055.01,17129.72,17035.99,17048.07,7716.10948
2022-12-05 19:00:00,17048.98,17061.41,16867.0,16926.65,14925.92374
2022-12-05 20:00:00,16926.65,16951.4,16899.09,16938.55,5828.54394
2022-12-05 21:00:00,16938.55,16979.01,16931.0,16973.42,5099.54647
2022-12-05 22:00:00,16973.93,16975.0,16930.0,16944.0,5710.94457
2022-12-05 23:00:00,16944.0,16989.59,16917.35,16966.35,8442.04493
2022-12-06 00:00:00,16966.35,17050.61,16965.98,17043.86,8861.21844
2022-12-06 01:00:00,17044.26,17102.97,17025.46,17031.22,10592.09756
2022-12-06 02:00:00,17031.68,17083.37,17010.01,17033.74,7956.46953
2022-12-06 03:00:00,17034.34,17059.35,16996.51,17003.88,6470.31008
2022-12-06 04:00:00,17003.84,17015.59,16966.34,17003.9,7975.63606
2022-12-06 05:00:00,17003.33,17009.13,16962.18,16976.06,6517.01555
2022-12-06 06:00:00,16976.21,17023.41,16955.13,17001.51,6778.71328
2022-12-06 07:00:00,17001.51,17019.46,16988.2,17001.17,5756.85147
2022-12-06 08:00:00,17001.17,17041.96,16970.03,17034.17,9950.56921
2022-12-06 09:00:00,17034.31,17037.55,16972.0,16974.34,7305.8206
2022-12-06 10:00:00,16974.41,16985.64,16938.52,16966.84,10139.97476
2022-12-06 11:00:00,16967.47,16992.19,16906.37,16983.9,9639.76038
2022-12-06 12:00:00,16983.42,17022.33,16976.27,16996.9,9055.12859
2022-12-06 13:00:00,16996.9,17032.95,16975.13,16984.94,7699.13115
2022-12-06 14:00:00,16984.94,17018.67,16958.0,16972.26,14127.53521
2022-12-06 15:00:00,16972.26,17024.67,16930.0,16985.27,18345.01013
2022-12-06 16:00:00,16985.27,17021.56,16965.64,16986.4,12027.42753
2022-12-06 17:00:00,16986.91,17006.44,16944.77,16959.77,9768.5157
2022-12-06 18:00:00,16959.77,16998.42,16912.24,16971.71,10537.82754
2022-12-06 19:00:00,16972.49,16986.87,16925.0,16970.93,8166.99176
2022-12-06 20:00:00,16970.52,16997.9,16951.75,16989.6,7941.09567
2022-12-06 21:00:00,16988.99,17010.85,16974.73,16993.5,4908.89381
2022-12-06 22:00:00,16993.69,16997.99,16958.98,16973.83,3228.53697
2022-12-06 23:00:00,16973.83,17107.01,16972.36,17088.96,14980.23785
2022-12-07 00:00:00,17088.96,17142.21,17046.43,17064.79,11344.99112
2022-12-07 01:00:00,17065.32,17073.73,17018.94,17041.01,9734.43019
2022-12-07 02:00:00,17041.0,17067.64,17032.86,17055.11,5979.7007
2022-12-07 03:00:00,17055.11,17055.54,17020.02,17025.03,5613.31275
2022-12-07 04:00:00,17024.97,17043.76,17012.79,17040.56,6412.12172
2022-12-07 05:00:00,17040.56,17046.48,16973.26,17004.51,8568.33591
2022-12-07 06:00:00,17004.2,17006.58,16932.84,16956.03,10689.66403
2022-12-07 07:00:00,16956.03,16959.54,16729.35,16763.03,23060.62168
2022-12-07 08:00:00,16763.03,16816.0,16678.83,16793.36,14526.29084
2022-12-07 09:00:00,16792.46,16836.69,16788.24,16834.76,9678.54225
2022-12-07 10:00:00,16834.76,16835.38,16787.4,16825.53,8038.41202
2022-12-07 11:00:00,16826.09,16832.85,16780.33,16793.29,8411.21752
2022-12-07 12:00:00,16793.29,16810.81,16765.12,16794.22,8176.75442
2022-12-07 13:00:00,16794.21,16872.0,16793.0,16855.24,12520.8242
2022-12-07 14:00:00,16855.24,16897.38,16821.15,16837.91,11855.93357
2022-12-07 15:00:00,16838.86,16858.88,16810.01,16837.48,13029.04588
2022-12-07 16:00:00,16837.48,16850.24,16778.21,16810.75,11325.1787
2022-12-07 17:00:00,16809.68,16826.47,16798.3,16805.85,7170.13618
2022-12-07 18:00:00,16805.99,16839.38,16783.05,16783.88,6954.47225
2022-12-07 19:00:00,16783.88,16832.0,16783.07,16815.73,5931.73318
2022-12-07 20:00:00,16815.13,16844.5,16801.02,16822.12,5441.98532
2022-12-07 21:00:00,16821.63,16834.0,16807.29,16828.88,4315.61802
2022-12-07 22:00:00,16829.53,16855.0,16793.7,16841.87,5149.95436
2022-12-07 23:00:00,16841.87,16865.81,16825.0,16836.64,6728.13653
2022-12-08 00:00:00,16836.64,16890.01,16810.0,16812.53,9565.38523
2022-12-08 01:00:00,16813.01,16847.41,16780.01,16831.68,10810.82339
2022-12-08 02:00:00,16831.09,16883.51,16808.36,16843.46,7955.01904
2022-12-08 03:00:00,16843.84,16866.86,16823.79,16834.32,7767.40998
2022-12-08 04:00:00,16834.32,16851.0,16811.0,16816.89,8416.77225
2022-12-08 05:00:00,16816.89,16826.53,16801.03,16819.23,5991.89
2022-12-08 06:00:00,16819.03,16819.62,16777.0,16804.77,6541.4953
2022-12-08 07:00:00,16805.18,16844.96,16800.03,16825.55,8163.46826
2022-12-08 08:00:00,16825.55,16839.99,16817.81,16832.77,5567.42517
2022-12-08 09:00:00,16832.0,16846.34,16793.0,16801.58,7654.41318
2022-12-08 10:00:00,16801.18,16834.66,16798.71,16822.91,5895.27037
2022-12-08 11:00:00,16822.91,16863.01,16733.49,16851.02,12875.07375
2022-12-08 12:00:00,16850.88,16879.16,16826.02,16829.14,10011.42837
2022-12-08 13:00:00,16829.14,16870.0,16802.88,16856.57,9436.25434
2022-12-08 14:00:00,16856.57,16939.84,16829.26,16897.41,11431.03294
2022-12-08 15:00:00,16897.98,16957.79,16881.26,16917.4,14275.2599
2022-12-08 16:00:00,16917.39,16957.88,16909.46,16947.8,9295.39462
2022-12-08 17:00:00,16947.8,16977.36,16933.65,16966.57,9924.42546
2022-12-08 18:00:00,16966.57,17282.15,16958.96,17248.03,23809.16576
2022-12-08 19:00:00,17248.03,17299.0,17187.0,17251.62,14227.48382
2022-12-08 20:00:00,17251.32,17297.65,17154.94,17195.91,9895.35777
2022-12-08 21:00:00,17195.91,17204.78,17169.25,17180.93,5355.85575
2022-12-08 22:00:00,17180.93,17246.88,17176.04,17201.83,9248.86114
2022-12-08 23:00:00,17202.36,17279.76,17201.23,17224.1,12303.01225
2022-12-09 00:00:00,17224.1,17259.0,17186.5,17204.52,9103.9291
2022-12-09 01:00:00,17204.52,17300.0,17198.12,17234.84,12465.77057
2022-12-09 02:00:00,17235.43,17255.61,17204.42,17216.38,8334.78355
2022-12-09 03:00:00,17215.82,17234.09,17191.05,17202.66,7762.11205
2022-12-09 04:00:00,17202.01,17229.0,17188.0,17225.41,8902.32223
2022-12-09 05:00:00,17225.41,17225.41,17200.8,17218.24,5980.05497
2022-12-09 06:00:00,17218.24,17220.0,17191.41,17218.0,8749.88274
2022-12-09 07:00:00,17218.0,17235.85,17210.54,17211.93,6651.60519
2022-12-09 08:00:00,17211.65,17216.0,17200.0,17206.31,6630.51867
2022-12-09 09:00:00,17206.31,17263.7,17201.76,17237.4,8762.70288
2022-12-09 10:00:00,17238.06,17269.39,17203.12,17216.21,10247.53562
2022-12-09 11:00:00,17216.21,17257.28,17209.29,17241.44,8751.57561
2022-12-09 12:00:00,17241.16,17360.0,17170.85,17256.24,20501.81159
2022-12-09 13:00:00,17257.31,17275.22,17058.21,17150.7,24062.35206
2022-12-09 14:00:00,17151.55,17173.94,17079.83,17156.25,16801.3379
2022-12-09 15:00:00,17156.25,17199.36,17136.94,17181.5,13206.96108
2022-12-09 16:00:00,17181.5,17187.51,17152.07,17159.9,10109.02569
2022-12-09 17:00:00,17159.12,17171.38,17150.61,17164.34,7041.6104
2022-12-09 18:00:00,17163.99,17164.48,17119.03,17147.42,8798.45318
2022-12-09 19:00:00,17147.42,17165.2,17122.48,17142.67,7842.75708
2022-12-09 20:00:00,17142.67,17151.63,17096.38,17101.31,9091.40119
2022-12-09 21:00:00,17101.31,17124.33,17067.1,17111.1,9176.52778
2022-12-09 22:00:00,17111.1,17132.97,17105.49,17132.97,4016.24743
2022-12-09 23:00:00,17132.87,17158.22,17117.11,17128.56,5430.78609
2022-12-10 00:00:00,17128.56,17169.09,17120.77,17152.88,7644.13824
2022-12-10 01:00:00,17152.44,17166.4,17146.64,17154.43,5509.05579
2022-12-10 02:00:00,17154.1,17159.31,17116.4,17141.04,5406.20072
2022-12-10 03:00:00,17141.37,17159.5,17134.58,17145.08,4987.16189
2022-12-10 04:00:00,17145.08,17163.51,17137.88,17152.17,4677.02456
2022-12-10 05:00:00,17152.09,17157.41,17132.5,17134.12,4668.39502
2022-12-10 06:00:00,17134.12,17163.98,17130.28,17147.21,6204.41202
2022-12-10 07:00:00,17147.18,17178.0,17139.26,17154.06,5658.37999
2022-12-10 08:00:00,17154.06,17157.72,17140.0,17141.82,5014.44718
2022-12-10 09:00:00,17141.82,17147.18,17112.52,17145.29,6683.77254
2022-12-10 10:00:00,17145.29,17173.44,17140.84,17163.94,6511.4848
2022-12-10 11:00:00,17163.54,17173.91,17151.33,17168.61,5967.95162
2022-12-10 12:00:00,17168.17,17178.16,17140.23,17159.01,5309.25822
2022-12-10 13:00:00,17159.12,17194.35,17141.55,17158.24,6648.62536
2022-12-10 14:00:00,17158.24,17175.71,17142.91,17166.34,6634.80197
2022-12-10 15:00:00,17166.16,17225.12,17160.72,17207.7,9868.41547
2022-12-10 16:00:00,17207.69,17227.72,17170.55,17189.29,7782.91862
2022-12-10 17:00:00,17189.81,17201.18,17160.14,17169.18,5794.09154
2022-12-10 18:00:00,17169.18,17194.76,17167.69,17185.62,3555.52314
2022-12-10 19:00:00,17185.23,17191.29,17165.14,17175.8,3758.10142
2022-12-10 20:00:00,17175.5,17183.87,17166.73,17171.31,3150.34459
2022-12-10 21:00:00,17171.31,17177.16,17125.0,17125.43,5614.07046
2022-12-10 22:00:00,17125.43,17159.82,17112.25,17138.24,5380.6975
2022-12-10 23:00:00,17138.24,17149.65,17092.0,17127.49,8144.70671
2022-12-11 00:00:00,17127.49,17146.8,17121.92,17141.07,4326.37555
2022-12-11 01:00:00,17140.78,17170.6,17135.19,17163.92,5071.9218
2022-12-11 02:00:00,17164.4,17166.9,17139.79,17143.85,4924.55731
2022-12-11 03:00:00,17143.85,17175.0,17140.03,17153.61,5851.07724
2022-12-11 04:00:00,17153.81,17172.14,17150.29,17168.54,5026.27517
2022-12-11 05:00:00,17168.74,17190.33,17152.53,17174.82,7429.47896
2022-12-11 06:00:00,17174.82,17200.0,17163.0,17172.22,6189.6323
2022-12-11 07:00:00,17172.22,17194.07,17152.94,17180.88,6637.65285
2022-12-11 08:00:00,17180.88,17187.67,17154.56,17176.67,6605.93618
2022-12-11 09:00:00,17176.67,17177.32,17160.01,17168.21,4272.15763
2022-12-11 10:00:00,17167.86,17174.66,17148.22,17167.04,5947.37164
2022-12-11 11:00:00,17166.81,17171.99,17140.01,17167.43,6358.1779
2022-12-11 12:00:00,17167.12,17169.76,17145.66,17160.19,5107.8125
2022-12-11 13:00:00,17159.9,17169.8,17127.96,17157.5,8757.70736
2022-12-11 14:00:00,17157.21,17159.58,17130.1,17154.75,6906.83371
2022-12-11 15:00:00,17154.94,17157.77,17139.67,17153.52,3715.38231
2022-12-11 16:00:00,17153.52,17169.4,17146.0,17163.97,4498.01201
2022-12-11 17:00:00,17164.13,17177.65,17163.68,17177.19,3309.71121
2022-12-11 18:00:00,17177.18,17214.78,17168.0,17202.15,4521.23881
2022-12-11 19:00:00,17203.0,17270.99,17136.0,17177.43,12992.50986
2022-12-11 20:00:00,17177.88,17179.4,17088.0,17100.97,13600.23343
2022-12-11 21:00:00,17100.97,17148.94,17089.1,17113.2,6548.24029
2022-12-11 22:00:00,17113.2,17129.03,17090.03,17101.41,5778.64246
2022-12-11 23:00:00,17101.41,17129.3,17071.0,17085.05,10909.54023
2022-12-12 00:00:00,17085.05,17087.67,16929.65,16950.25,22100.65014
2022-12-12 01:00:00,16949.76,16979.11,16921.0,16951.26,9785.86957
2022-12-12 02:00:00,16951.26,16959.42,16871.85,16902.51,16561.34114
2022-12-12 03:00:00,16902.51,16921.12,16875.73,16918.97,11136.04447
2022-12-12 04:00:00,16918.69,16938.21,16903.64,16932.45,8696.39782
2022-12-12 05:00:00,16933.01,16948.66,16923.91,16945.12,7241.20513
2022-12-12 06:00:00,16945.12,16945.31,16926.01,16939.47,6426.18601
2022-12-12 07:00:00,16939.34,16943.94,16906.05,16923.94,7726.99233
2022-12-12 08:00:00,16923.61,16941.31,16903.49,16935.11,8252.68972
2022-12-12 09:00:00,16935.11,16975.0,16930.69,16961.21,8652.58713
2022-12-12 10:00:00,16961.41,17008.4,16959.54,16987.47,7987.91202
2022-12-12 11:00:00,16987.47,16993.54,16978.74,16988.62,5444.78096
2022-12-12 12:00:00,16989.45,17010.0,16920.61,16961.55,15946.57531
2022-12-12 13:00:00,16962.13,17002.89,16960.0,16970.47,8429.23425
2022-12-12 14:00:00,16970.49,17054.79,16967.93,17018.29,13930.23128
2022-12-12 15:00:00,17017.89,17043.63,17003.8,17010.81,8815.74906
2022-12-12 16:00:00,17010.19,17022.02,16988.01,17002.49,7324.25017
2022-12-12 17:00:00,17002.5,17015.0,16981.03,17010.09,5600.61991
2022-12-12 18:00:00,17010.5,17032.0,17005.0,17023.15,4720.95726
2022-12-12 19:00:00,17023.15,17046.43,17005.7,17043.22,5117.96568
2022-12-12 20:00:00,17043.22,17124.99,17042.48,17123.19,9656.20815
2022-12-12 21:00:00,17123.57,17219.72,17118.0,17175.67,13707.27824
2022-12-12 22:00:00,17175.67,17193.04,17141.44,17157.98,4711.64419
2022-12-12 23:00:00,17157.98,17241.89,17153.6,17209.83,8254.127
2022-12-13 00:00:00,17208.93,17238.7,17145.0,17159.1,8415.219
2022-12-13 01:00:00,17159.1,17166.98,17140.09,17146.05,5687.76196
2022-12-13 02:00:00,17146.05,17158.99,17119.02,17151.39,6908.67626
2022-12-13 03:00:00,17151.74,17167.85,17135.0,17152.37,6998.11626
2022-12-13 04:00:00,17152.37,17189.42,17135.34,17168.95,7923.39932
2022-12-13 05:00:00,17169.31,17196.5,17161.32,17186.44,6492.57626
2022-12-13 06:00:00,17185.59,17208.47,17141.0,17151.56,10916.40746
2022-12-13 07:00:00,17151.56,17179.41,17080.14,17165.17,16319.70051
2022-12-13 08:00:00,17164.82,17187.18,17155.0,17160.16,9039.25545
2022-12-13 09:00:00,17160.14,17500.0,17155.5,17427.82,14334.83903
2022-12-13 10:00:00,17427.82,17477.06,17357.74,17392.26,20353.5382
2022-12-13 11:00:00,17392.63,17482.59,17387.02,17444.63,12566.81469
2022-12-13 12:00:00,17444.32,17500.0,17404.11,17426.84,12535.71593
2022-12-13 13:00:00,17427.02,18000.0,17395.0,17897.86,40724.68266
2022-12-13 14:00:00,17899.26,17951.83,17832.16,17871.78,19732.32768
2022-12-13 15:00:00,17871.78,17887.41,17731.0,17752.94,17326.49078
2022-12-13 16:00:00,17753.54,17840.0,17722.09,17757.07,12717.23033
2022-12-13 17:00:00,17758.27,17792.55,17618.38,17643.73,15474.39612
2022-12-13 18:00:00,17644.6,17732.0,17631.17,17713.69,9501.92016
2022-12-13 19:00:00,17713.69,17787.18,17695.3,17740.86,6646.92518
2022-12-13 20:00:00,17741.83,17781.97,17705.7,17747.22,6567.1098
2022-12-13 21:00:00,17748.32,17779.12,17730.23,17767.73,4833.20689
2022-12-13 22:00:00,17767.73,17788.2,17705.01,17776.88,5594.70744
2022-12-13 23:00:00,17776.88,17818.99,17741.47,17774.7,6851.89653
2022-12-14 00:00:00,17775.82,17834.05,17750.0,17818.88,8037.97438
2022-12-14 01:00:00,17818.4,17845.0,17771.92,17780.99,5888.33049
2022-12-14 02:00:00,17781.44,17810.7,17751.51,17794.93,5828.99283
2022-12-14 03:00:00,17794.44,17838.28,17780.21,17781.68,6849.37877
2022-12-14 04:00:00,17781.68,17789.65,17750.0,17769.29,5220.72602
2022-12-14 05:00:00,17769.29,17790.67,17734.19,17784.86,5885.33644
2022-12-14 06:00:00,17785.28,17796.79,17761.74,17783.33,5025.96668
2022-12-14 07:00:00,17784.13,17817.46,17777.73,17806.01,5726.47811
2022-12-14 08:00:00,17805.54,17878.5,17793.35,17840.19,9866.97281
2022-12-14 09:00:00,17840.71,17847.78,17785.0,17815.22,6760.98321
2022-12-14 10:00:00,17815.22,17838.33,17795.06,17828.13,5121.59077
2022-12-14 11:00:00,17827.67,17859.38,17807.24,17824.93,7252.40972
2022-12-14 12:00:00,17824.93,17934.78,17815.75,17914.27,12833.15904
2022-12-14 13:00:00,17913.65,17963.93,17861.59,17894.86,11724.04334
2022-12-14 14:00:00,17894.85,18095.0,17892.97,18062.07,19954.72081
2022-12-14 15:00:00,18062.82,18116.0,18019.32,18061.83,13111.59567
2022-12-14 16:00:00,18061.83,18157.4,18054.51,18103.26,14579.139
2022-12-14 17:00:00,18102.44,18150.0,18074.94,18096.48,7742.90107
2022-12-14 18:00:00,18096.48,18387.95,17915.31,18213.47,26836.84881
2022-12-14 19:00:00,18222.21,18350.0,17709.62,17792.9,44075.08286
2022-12-14 20:00:00,17792.9,17947.33,17660.94,17765.97,19888.61507
2022-12-14 21:00:00,17765.98,17849.83,17764.41,17832.65,6708.93385
2022-12-14 22:00:00,17831.61,17878.73,17791.09,17837.0,6000.42858
2022-12-14 23:00:00,17837.0,17846.63,17775.0,17803.15,5760.61376
2022-12-15 00:00:00,17804.01,17854.82,17783.03,17792.15,6716.73147
2022-12-15 01:00:00,17791.53,17822.16,17605.01,17631.6,11794.50245
2022-12-15 02:00:00,17631.77,17726.35,17561.0,17716.77,10715.22329
2022-12-15 03:00:00,17716.77,17754.97,17696.17,17729.56,4986.1695
2022-12-15 04:00:00,17729.57,17732.46,17681.3,17708.01,4286.55273
2022-12-15 05:00:00,17708.14,17738.22,17691.1,17714.01,4099.48589
2022-12-15 06:00:00,17714.01,17746.0,17707.29,17718.95,4251.81453
2022-12-15 07:00:00,17719.38,17738.86,17683.32,17691.45,5399.79905
2022-12-15 08:00:00,17690.84,17713.24,17620.01,17627.85,7662.88401
2022-12-15 09:00:00,17628.47,17697.56,17610.22,17695.53,6733.77451
2022-12-15 10:00:00,17696.2,17698.29,17646.19,17665.84,5694.11244
2022-12-15 11:00:00,17665.21,17726.0,17651.0,17720.33,6290.77417
2022-12-15 12:00:00,17720.33,17725.93,17660.01,17683.43,7148.82073
2022-12-15 13:00:00,17683.89,17692.87,17454.39,17506.34,22663.86838
2022-12-15 14:00:00,17505.46,17550.11,17401.8,17454.83,18908.30119
2022-12-15 15:00:00,17454.85,17492.37,17374.89,17429.05,18444.11974
2022-12-15 16:00:00,17428.43,17446.37,17341.77,17398.61,13971.33454
2022-12-15 17:00:00,17399.54,17443.36,17375.29,17399.32,8914.0052
2022-12-15 18:00:00,17398.6,17422.43,17314.0,17401.02,11478.59005
2022-12-15 19:00:00,17401.02,17474.38,17390.0,17442.25,9123.34469
2022-12-15 20:00:00,17442.8,17457.44,17410.43,17417.57,6908.98827
2022-12-15 21:00:00,17417.57,17430.34,17340.26,17396.01,8848.71522
2022-12-15 22:00:00,17396.76,17409.0,17275.51,17339.91,9773.04493
2022-12-15 23:00:00,17339.91,17378.96,17289.07,17356.34,8887.01184
2022-12-16 00:00:00,17356.96,17428.0,17345.15,17427.46,8981.49304
2022-12-16 01:00:00,17426.66,17428.55,17375.25,17386.82,5210.67748
2022-12-16 02:00:00,17386.82,17427.37,17385.78,17402.69,4287.1254
2022-12-16 03:00:00,17403.2,17428.22,17400.0,17425.76,4052.03825
2022-12-16 04:00:00,17425.76,17427.6,17389.0,17390.0,3395.37142
2022-12-16 05:00:00,17390.0,17413.08,17372.7,17408.96,3822.21167
2022-12-16 06:00:00,17408.5,17426.0,17381.54,17422.45,3901.56488
2022-12-16 07:00:00,17422.45,17531.73,17421.02,17503.35,8757.39344
2022-12-16 08:00:00,17503.36,17519.64,17180.01,17221.25,15163.14372
2022-12-16 09:00:00,17221.25,17223.34,16950.81,17038.97,27515.39364
2022-12-16 10:00:00,17038.97,17039.8,16918.97,16994.06,12130.73669
2022-12-16 11:00:00,16994.84,17044.45,16970.0,17027.09,6767.54345
2022-12-16 12:00:00,17027.09,17037.76,16979.36,17035.14,7694.79111
2022-12-16 13:00:00,17035.14,17035.14,16935.57,16946.22,9936.59981
2022-12-16 14:00:00,16946.22,17085.0,16890.46,17029.59,18410.54329
2022-12-16 15:00:00,17030.34,17032.16,16910.13,16972.34,10787.72197
2022-12-16 16:00:00,16972.33,16979.02,16732.36,16811.67,21297.53718
2022-12-16 17:00:00,16810.64,16837.97,16757.3,16796.29,11694.02179
2022-12-16 18:00:00,16796.94,16835.92,16774.84,16809.16,6522.23875
2022-12-16 19:00:00,16809.16,16880.56,16798.17,16864.81,6082.95697
2022-12-16 20:00:00,16865.22,16956.55,16853.61,16872.58,9664.17416
2022-12-16 21:00:00,16873.4,16890.0,16809.01,16831.24,9341.28738
2022-12-16 22:00:00,16831.25,16871.98,16690.34,16723.5,12605.81441
2022-12-16 23:00:00,16723.5,16737.19,16527.32,16632.12,25356.66126
2022-12-17 00:00:00,16631.5,16729.32,16600.31,16705.54,10866.95287
2022-12-17 01:00:00,16705.54,16724.55,16657.7,16669.4,7149.29657
2022-12-17 02:00:00,16669.4,16682.59,16579.85,16657.11,11278.76011
2022-12-17 03:00:00,16657.88,16704.65,16643.49,16676.85,6567.92056
2022-12-17 04:00:00,16676.85,16721.45,16653.53,16705.53,8143.94529
2022-12-17 05:00:00,16706.05,16735.66,16675.01,16688.98,6505.87278
2022-12-17 06:00:00,16688.98,16772.0,16670.08,16711.7,9277.57088
2022-12-17 07:00:00,16711.07,16749.27,16676.91,16745.54,7488.61769
2022-12-17 08:00:00,16746.15,16755.38,16708.38,16719.91,4909.38644
2022-12-17 09:00:00,16719.91,16735.32,16676.11,16694.68,5291.85431
2022-12-17 10:00:00,16695.26,16757.42,16661.71,16730.38,7729.71029
2022-12-17 11:00:00,16730.38,16752.03,16688.0,16708.22,5287.23672
2022-12-17 12:00:00,16707.55,16729.18,16667.0,16694.13,4691.73514
2022-12-17 13:00:00,16694.6,16707.73,16650.0,16668.41,7248.73393
2022-12-17 14:00:00,16667.6,16712.28,16642.0,16648.79,7343.57502
2022-12-17 15:00:00,16648.79,16707.99,16645.23,16700.26,5303.81534
2022-12-17 16:00:00,16700.78,16701.96,16675.79,16693.79,3315.18558
2022-12-17 17:00:00,16694.09,16700.36,16647.15,16672.81,4185.77908
2022-12-17 18:00:00,16672.8,16721.77,16664.18,16702.21,3377.82915
2022-12-17 19:00:00,16701.69,16718.66,16685.0,16691.63,2647.37125
2022-12-17 20:00:00,16692.16,16709.98,16685.03,16701.48,2372.48396
2022-12-17 21:00:00,16701.46,16737.1,16691.31,16709.53,4037.6127
2022-12-17 22:00:00,16709.53,16766.0,16700.0,16739.34,3213.42263
2022-12-17 23:00:00,16739.77,16796.82,16720.0,16776.52,6590.99855
2022-12-18 00:00:00,16777.54,16784.8,16721.74,16747.07,4432.82634
2022-12-18 01:00:00,16747.07,16747.71,16702.23,16713.55,3756.52986
2022-12-18 02:00:00,16714.0,16736.86,16708.0,16731.19,2560.92977
2022-12-18 03:00:00,16731.19,16744.13,16724.88,16741.02,2752.49001
2022-12-18 04:00:00,16741.02,16804.7,16735.74,16764.79,7545.32367
2022-12-18 05:00:00,16764.79,16768.66,16735.0,16739.58,3575.06476
2022-12-18 06:00:00,16739.06,16746.7,16718.01,16736.02,4453.39629
2022-12-18 07:00:00,16736.5,16761.17,16733.95,16750.83,5009.11298
2022-12-18 08:00:00,16750.83,16767.58,16737.48,16753.46,4813.98465
2022-12-18 09:00:00,16752.46,16754.76,16663.07,16696.88,8615.83054
2022-12-18 10:00:00,16696.32,16717.37,16687.24,16705.17,5356.68822
2022-12-18 11:00:00,16705.17,16725.82,16697.77,16711.35,4667.13225
2022-12-18 12:00:00,16711.35,16738.0,16701.28,16719.91,4332.43827
2022-12-18 13:00:00,16719.91,16730.54,16691.33,16710.05,4245.89476
2022-12-18 14:00:00,16709.99,16727.0,16680.33,16686.69,4568.61636
2022-12-18 15:00:00,16686.69,16700.92,16673.63,16683.84,3899.18589
2022-12-18 16:00:00,16683.83,16705.83,16676.15,16694.85,4013.48285
2022-12-18 17:00:00,16694.98,16716.96,16677.0,16712.58,4359.6679
2022-12-18 18:00:00,16711.88,16794.99,16710.04,16746.22,9113.59739
2022-12-18 19:00:00,16746.93,16768.42,16722.83,16750.82,3631.56675
2022-12-18 20:00:00,16751.52,16773.04,16746.51,16758.16,3109.04942
2022-12-18 21:00:00,16758.16,16783.22,16737.01,16746.51,3054.13085
2022-12-18 22:00:00,16746.94,16863.26,16723.4,16761.68,5766.61335
2022-12-18 23:00:00,16761.68,16819.21,16731.01,16738.21,4985.76333
2022-12-19 00:00:00,16739.0,16815.99,16715.44,16775.24,6453.74056
2022-12-19 01:00:00,16774.25,16804.15,16750.27,16785.69,4941.9163
2022-12-19 02:00:00,16785.15,16788.25,16720.0,16723.73,5190.43958
2022-12-19 03:00:00,16723.72,16732.15,16627.35,16681.47,9213.20928
2022-12-19 04:00:00,16681.43,16735.98,16672.88,16713.66,5272.81034
2022-12-19 05:00:00,16713.66,16731.32,16693.94,16706.21,5120.3716
2022-12-19 06:00:00,16705.87,16750.0,16697.01,16739.36,7012.00829
2022-12-19 07:00:00,16738.84,16750.0,16697.03,16722.23,6158.72295
2022-12-19 08:00:00,16722.23,16763.66,16707.1,16757.42,5994.16156
2022-12-19 09:00:00,16757.91,16770.0,16732.52,16752.25,5950.20458
2022-12-19 10:00:00,16752.25,16784.0,16746.81,16767.49,4708.69588
2022-12-19 11:00:00,16767.88,16771.71,16725.65,16734.46,4711.7343
2022-12-19 12:00:00,16734.46,16756.31,16716.0,16743.68,5817.23971
2022-12-19 13:00:00,16743.68,16757.5,16710.0,16710.18,6021.80434
2022-12-19 14:00:00,16710.05,16765.71,16666.79,16733.92,10826.19193
2022-12-19 15:00:00,16734.57,16742.63,16665.03,16669.08,7349.86307
2022-12-19 16:00:00,16668.23,16702.83,16584.0,16635.86,11448.93477
2022-12-19 17:00:00,16635.49,16650.0,16505.0,16599.79,12889.10493
2022-12-19 18:00:00,16599.78,16637.46,16527.38,16545.44,8251.38139
2022-12-19 19:00:00,16544.08,16588.82,16525.6,16555.74,7836.75649
2022-12-19 20:00:00,16555.74,16615.48,16538.44,16599.71,5611.2236
2022-12-19 21:00:00,16599.71,16649.0,16584.94,16590.32,6376.11568
2022-12-19 22:00:00,16590.31,16609.78,16256.3,16416.82,16288.10136
2022-12-19 23:00:00,16416.82,16459.18,16373.14,16438.88,9649.55056
2022-12-20 00:00:00,16438.88,16480.0,16397.2,16462.01,8851.22522
2022-12-20 01:00:00,16461.81,16607.94,16444.0,16580.23,14905.59185
2022-12-20 02:00:00,16580.25,16856.5,16550.15,16721.05,19730.52812
2022-12-20 03:00:00,16721.93,16829.0,16673.69,16727.24,15691.52487
2022-12-20 04:00:00,16727.25,16880.58,16689.1,16792.03,17943.00862
2022-12-20 05:00:00,16792.03,16814.03,16753.19,16785.78,8453.34504
2022-12-20 06:00:00,16786.37,16841.53,16748.18,16837.51,8063.71733
2022-12-20 07:00:00,16837.51,16849.0,16780.08,16802.83,7082.3434
2022-12-20 08:00:00,16802.23,16840.49,16769.25,16824.94,8547.60939
2022-12-20 09:00:00,16824.34,16858.42,16798.59,16811.83,6769.94139
2022-12-20 10:00:00,16811.15,16829.79,16766.0,16778.26,7379.88062
2022-12-20 11:00:00,16777.69,16846.25,16763.78,16814.25,7448.83667
2022-12-20 12:00:00,16814.71,16856.66,16800.31,16817.23,7267.6141
2022-12-20 13:00:00,16816.44,16830.82,16782.13,16795.62,6999.27699
2022-12-20 14:00:00,16795.05,16984.15,16710.12,16901.93,17879.74509
2022-12-20 15:00:00,16899.35,17061.27,16897.85,16918.83,21874.46038
2022-12-20 16:00:00,16918.15,16936.32,16770.01,16834.4,13596.72485
2022-12-20 17:00:00,16833.62,16857.74,16783.6,16815.83,7905.38456
2022-12-20 18:00:00,16815.83,16868.0,16767.0,16835.76,7837.47776
2022-12-20 19:00:00,16835.75,16915.92,16834.83,16900.3,8048.24599
2022-12-20 20:00:00,16900.93,16926.99,16838.56,16859.3,8066.1745
2022-12-20 21:00:00,16858.86,16894.73,16833.51,16877.19,6018.54394
2022-12-20 22:00:00,16877.21,16911.06,16847.19,16869.24,6385.94198
2022-12-20 23:00:00,16869.0,16925.49,16867.88,16895.56,6061.78058
2022-12-21 00:00:00,16896.15,16925.0,16815.26,16841.07,8529.76448
2022-12-21 01:00:00,16840.59,16879.29,16828.3,16867.05,6308.6784
2022-12-21 02:00:00,16867.33,16880.91,16840.71,16850.25,4518.62209
2022-12-21 03:00:00,16850.87,16852.88,16794.84,16837.1,6261.75135
2022-12-21 04:00:00,16836.44,16838.29,16782.07,16794.25,6245.10891
2022-12-21 05:00:00,16795.44,16847.91,16767.53,16833.49,6827.36793
2022-12-21 06:00:00,16833.49,16856.84,16819.01,16837.8,4849.93291
2022-12-21 07:00:00,16837.3,16854.72,16813.44,16816.18,4598.15087
2022-12-21 08:00:00,16816.18,16894.75,16795.69,16864.08,8253.23529
2022-12-21 09:00:00,16863.87,16882.01,16845.22,16868.72,5493.28277
2022-12-21 10:00:00,16868.15,16882.0,16851.43,16861.69,4125.14189
2022-12-21 11:00:00,16861.69,16894.91,16852.97,16878.47,4560.68446
2022-12-21 12:00:00,16878.47,16886.47,16834.0,16834.03,5684.06445
2022-12-21 13:00:00,16834.03,16853.52,16811.0,16847.57,6731.28304
2022-12-21 14:00:00,16847.57,16914.72,16723.0,16796.34,13977.67634
2022-12-21 15:00:00,16794.28,16872.0,16765.89,16861.13,11451.70124
2022-12-21 16:00:00,16860.51,16866.4,16779.13,16780.84,8269.21449
2022-12-21 17:00:00,16780.76,16820.53,16770.55,16815.52,6572.8599
2022-12-21 18:00:00,16814.72,16832.99,16775.13,16789.15,5538.46614
2022-12-21 19:00:00,16788.64,16806.6,16728.09,16756.2,6630.79658
2022-12-21 20:00:00,16756.2,16782.6,16729.22,16781.46,6424.12527
2022-12-21 21:00:00,16781.46,16802.27,16753.12,16793.07,5057.37685
2022-12-21 22:00:00,16793.59,16794.18,16757.2,16764.88,3385.34503
2022-12-21 23:00:00,16764.88,16835.11,16749.64,16824.67,6516.33294
2022-12-22 00:00:00,16824.68,16858.98,16809.78,16856.85,6190.06475
2022-12-22 01:00:00,16857.61,16860.77,16815.22,16818.02,4863.20735
2022-12-22 02:00:00,16818.02,16853.97,16812.15,16853.47,4122.22415
2022-12-22 03:00:00,16853.86,16858.19,16832.47,16852.8,4194.41707
2022-12-22 04:00:00,16852.44,16859.54,16832.24,16836.95,3894.193
2022-12-22 05:00:00,16836.95,16840.83,16815.07,16823.38,4368.4949
2022-12-22 06:00:00,16823.43,16827.27,16793.5,16808.09,6408.91435
2022-12-22 07:00:00,16808.09,16831.45,16783.43,16826.87,5272.59743
2022-12-22 08:00:00,16826.23,16857.0,16801.3,16837.02,6969.93077
2022-12-22 09:00:00,16837.01,16868.52,16823.43,16847.66,7225.40579
2022-12-22 10:00:00,16847.66,16860.87,16819.0,16823.07,4959.34803
2022-12-22 11:00:00,16823.07,16846.08,16812.0,16834.8,4988.41766
2022-12-22 12:00:00,16834.2,16845.45,16812.16,16815.24,5323.34969
2022-12-22 13:00:00,16815.66,16822.99,16761.28,16780.04,9873.53848
2022-12-22 14:00:00,16780.48,16792.13,16629.26,16675.03,16265.52152
2022-12-22 15:00:00,16674.53,16714.23,16610.92,16636.54,12809.81664
2022-12-22 16:00:00,16636.54,16669.5,16620.07,16662.08,7824.33541
2022-12-22 17:00:00,16661.67,16665.7,16566.0,16591.96,11938.09706
2022-12-22 18:00:00,16592.79,16624.69,16559.85,16616.01,7966.3301
2022-12-22 19:00:00,16616.49,16664.65,16607.72,16662.13,6423.91333
2022-12-22 20:00:00,16662.72,16852.79,16647.01,16781.42,17743.46756
2022-12-22 21:00:00,16780.24,16826.13,16771.09,16796.47,6072.19123
2022-12-22 22:00:00,16796.47,16847.49,16781.95,16798.41,4833.73953
2022-12-22 23:00:00,16797.86,16829.85,16797.63,16821.43,5512.75655
2022-12-23 00:00:00,16821.9,16832.76,16770.0,16781.5,6076.53214
2022-12-23 01:00:00,16781.5,16807.87,16771.97,16799.2,4437.81685
2022-12-23 02:00:00,16799.2,16869.0,16778.9,16848.03,6559.04099
2022-12-23 03:00:00,16848.03,16893.9,16822.92,16828.23,7317.79258
2022-12-23 04:00:00,16828.54,16841.59,16808.54,16837.13,4731.71043
2022-12-23 05:00:00,16837.72,16847.82,16817.73,16821.85,4367.31524
2022-12-23 06:00:00,16822.26,16849.35,16805.53,16840.74,5298.58986
2022-12-23 07:00:00,16840.74,16856.54,16833.86,16848.01,4808.91063
2022-12-23 08:00:00,16848.45,16860.06,16810.23,16835.61,6233.58822
2022-12-23 09:00:00,16835.25,16846.66,16817.44,16837.45,4784.04925
2022-12-23 10:00:00,16837.45,16890.89,16832.41,16856.4,6894.76577
2022-12-23 11:00:00,16856.4,16861.7,16842.06,16844.02,4485.53955
2022-12-23 12:00:00,16844.02,16877.06,16840.0,16872.39,4719.78392
2022-12-23 13:00:00,16872.39,16955.14,16731.13,16841.76,21135.09664
2022-12-23 14:00:00,16842.48,16855.31,16762.05,16789.75,13322.75295
2022-12-23 15:00:00,16790.48,16891.81,16781.0,16832.16,12365.98176
2022-12-23 16:00:00,16832.15,16847.52,16816.0,16827.49,6378.91032
2022-12-23 17:00:00,16827.14,16855.55,16823.68,16841.85,5482.97406
2022-12-23 18:00:00,16842.05,16856.84,16821.0,16836.49,5375.73662
2022-12-23 19:00:00,16836.26,16860.07,16830.01,16844.79,4822.63062
2022-12-23 20:00:00,16844.79,16851.57,16786.72,16812.25,7259.92506
2022-12-23 21:00:00,16812.26,16825.0,16788.28,16812.4,5032.8396
2022-12-23 22:00:00,16812.4,16812.4,16765.67,16792.92,5242.8793
2022-12-23 23:00:00,16792.92,16799.27,16772.44,16778.5,4476.84711
2022-12-24 00:00:00,16778.52,16816.62,16776.62,16805.92,3572.43796
2022-12-24 01:00:00,16806.24,16827.0,16798.03,16814.05,4394.43182
2022-12-24 02:00:00,16813.67,16831.0,16801.29,16828.14,5381.91021
2022-12-24 03:00:00,16827.79,16844.08,16823.3,16840.65,3552.98794
2022-12-24 04:00:00,16840.8,16846.8,16822.26,16828.35,3753.96034
2022-12-24 05:00:00,16828.02,16828.79,16805.01,16823.1,5045.55314
2022-12-24 06:00:00,16822.74,16823.9,16807.19,16816.27,3675.75532
2022-12-24 07:00:00,16815.97,16857.37,16808.01,16848.26,5968.24941
2022-12-24 08:00:00,16848.26,16859.44,16825.63,16827.89,4440.48514
2022-12-24 09:00:00,16827.58,16849.77,16817.99,16830.62,5914.79808
2022-12-24 10:00:00,16830.97,16836.5,16825.75,16828.79,3003.09646
2022-12-24 11:00:00,16828.54,16837.28,16821.79,16824.41,4413.70382
2022-12-24 12:00:00,16824.42,16833.0,16820.0,16821.25,3736.17227
2022-12-24 13:00:00,16821.6,16830.26,16815.09,16818.3,3256.73464
2022-12-24 14:00:00,16818.44,16838.91,16816.02,16832.41,3200.84937
2022-12-24 15:00:00,16832.1,16840.0,16830.31,16836.35,3217.25347
2022-12-24 16:00:00,16835.93,16841.42,16823.0,16836.15,3468.62188
2022-12-24 17:00:00,16836.35,16844.9,16830.4,16841.67,3539.13728
2022-12-24 18:00:00,16841.98,16847.54,16828.01,16842.36,3112.79265
2022-12-24 19:00:00,16842.36,16865.0,16833.57,16843.59,4612.53438
2022-12-24 20:00:00,16843.92,16846.49,16835.74,16840.5,2952.35108
2022-12-24 21:00:00,16840.25,16869.99,16821.01,16823.97,5385.72774
2022-12-24 22:00:00,16823.97,16841.57,16814.0,16825.85,4557.31583
2022-12-24 23:00:00,16826.22,16853.72,16808.15,16836.12,6067.43073
2022-12-25 00:00:00,16835.73,16847.97,16830.61,16843.95,3576.71411
2022-12-25 01:00:00,16843.95,16852.95,16840.57,16845.01,3481.91113
2022-12-25 02:00:00,16844.66,16848.1,16823.02,16827.29,3321.7
2022-12-25 03:00:00,16826.93,16838.84,16825.0,16832.14,2789.13719
2022-12-25 04:00:00,16832.14,16833.35,16815.03,16822.38,4120.28942
2022-12-25 05:00:00,16822.27,16843.0,16802.0,16831.74,7570.43335
2022-12-25 06:00:00,16832.27,16833.92,16816.76,16829.88,4193.8365
2022-12-25 07:00:00,16829.88,16832.22,16818.25,16821.97,4158.7746
2022-12-25 08:00:00,16821.97,16834.41,16821.71,16830.22,3922.19394
2022-12-25 09:00:00,16830.22,16835.93,16826.46,16832.5,3969.82377
2022-12-25 10:00:00,16832.25,16834.16,16821.0,16825.29,4217.28062
2022-12-25 11:00:00,16825.29,16827.54,16815.4,16821.51,4282.39136
2022-12-25 12:00:00,16821.51,16824.99,16815.44,16818.25,4262.45293
2022-12-25 13:00:00,16818.68,16823.04,16800.0,16811.53,4904.57322
2022-12-25 14:00:00,16811.82,16832.99,16721.0,16828.68,12101.14696
2022-12-25 15:00:00,16828.68,16857.96,16787.0,16793.09,10881.02046
2022-12-25 16:00:00,16793.49,16821.82,16771.7,16815.96,6529.9309
2022-12-25 17:00:00,16815.96,16822.27,16792.12,16796.35,4802.22204
2022-12-25 18:00:00,16796.17,16803.75,16774.5,16779.47,3485.71545
2022-12-25 19:00:00,16779.75,16795.96,16727.0,16794.07,8228.6417
2022-12-25 20:00:00,16794.07,16795.25,16753.44,16768.64,4004.34299
2022-12-25 21:00:00,16769.01,16845.63,16761.23,16830.88,6943.43368
2022-12-25 22:00:00,16830.3,16846.0,16804.45,16821.83,5402.16404
2022-12-25 23:00:00,16821.65,16838.32,16811.5,16832.11,4290.94166
2022-12-26 00:00:00,16832.11,16837.48,16820.75,16831.48,3849.75517
2022-12-26 01:00:00,16831.49,16875.28,16827.13,16856.36,5332.03323
2022-12-26 02:00:00,16856.36,16900.0,16853.46,16889.69,7076.28237
2022-12-26 03:00:00,16889.77,16897.46,16872.44,16894.19,4786.80984
2022-12-26 04:00:00,16894.54,16924.0,16865.67,16877.15,6472.35355
2022-12-26 05:00:00,16877.15,16890.98,16852.5,16853.3,4542.71623
2022-12-26 06:00:00,16853.3,16868.63,16848.16,16853.88,3854.10576
2022-12-26 07:00:00,16853.88,16856.0,16835.0,16843.65,4971.13523
2022-12-26 08:00:00,16843.76,16847.02,16818.0,16839.35,4269.90494
2022-12-26 09:00:00,16839.35,16852.94,16832.16,16832.98,4103.15157
2022-12-26 10:00:00,16832.98,16865.62,16828.58,16847.65,5485.99772
2022-12-26 11:00:00,16847.65,16873.15,16844.56,16864.04,5747.35934
2022-12-26 12:00:00,16864.64,16868.34,16850.27,16858.93,4670.4439
2022-12-26 13:00:00,16858.65,16860.66,16831.85,16838.13,6763.40798
2022-12-26 14:00:00,16838.13,16845.5,16826.13,16832.9,4740.96363
