time,open,high,low,close,volume
2018-03-20 03:15:00,8588.84,8599.99,8584.35,8595.0,70.401812
2018-03-20 03:20:00,8594.0,8667.0,8585.26,8635.0,445.521396
2018-03-20 03:25:00,8635.0,8635.18,8570.07,8595.0,207.33639
2018-03-20 03:30:00,8592.01,8599.0,8532.01,8566.0,208.372503
2018-03-20 03:35:00,8569.97,8580.1,8540.0,8561.7,132.872238
2018-03-20 03:40:00,8567.01,8607.78,8559.99,8607.78,154.231389
2018-03-20 03:45:00,8607.78,8616.0,8575.01,8580.01,142.000907
2018-03-20 03:50:00,8580.01,8614.53,8570.07,8591.98,150.410175
2018-03-20 03:55:00,8591.87,8601.0,8580.49,8599.97,69.906363
2018-03-20 04:00:00,8600.0,8600.0,8548.28,8570.0,140.464816
2018-03-20 04:05:00,8570.0,8579.88,8554.98,8560.5,74.043657
2018-03-20 04:10:00,8560.5,8568.01,8540.3,8540.3,76.754729
2018-03-20 04:15:00,8546.05,8564.99,8530.63,8539.97,119.836209
2018-03-20 04:20:00,8530.68,8547.36,8495.0,8530.99,183.876738
2018-03-20 04:25:00,8530.99,8564.99,8523.0,8561.15,89.460534
2018-03-20 04:30:00,8552.11,8564.99,8540.0,8540.01,70.374379
2018-03-20 04:35:00,8542.3,8556.42,8510.0,8521.44,61.224638
2018-03-20 04:40:00,8522.63,8532.68,8490.0,8490.0,85.747898
2018-03-20 04:45:00,8490.03,8529.27,8489.0,8499.91,114.593055
2018-03-20 04:50:00,8499.9,8499.9,8430.0,8433.99,365.846638
2018-03-20 04:55:00,8430.01,8470.0,8405.0,8456.0,283.607307
2018-03-20 05:00:00,8457.73,8459.0,8378.0,8378.0,272.310325
2018-03-20 05:05:00,8378.0,8420.0,8372.0,8408.86,251.53384
2018-03-20 05:10:00,8408.86,8439.88,8401.06,8419.14,127.111911
2018-03-20 05:15:00,8419.14,8466.1,8404.0,8449.95,147.815435
2018-03-20 05:20:00,8449.95,8465.45,8435.0,8435.0,149.611398
2018-03-20 05:25:00,8444.72,8447.0,8420.07,8428.99,80.141322
2018-03-20 05:30:00,8428.97,8491.43,8421.34,8480.0,101.934221
2018-03-20 05:35:00,8479.99,8488.0,8456.01,8470.0,109.94623
2018-03-20 05:40:00,8474.99,8490.0,8469.25,8490.0,69.786219
2018-03-20 05:45:00,8485.0,8497.0,8465.0,8465.0,59.867987
2018-03-20 05:50:00,8465.0,8473.0,8460.01,8467.99,62.94092
2018-03-20 05:55:00,8467.99,8490.0,8467.96,8475.95,48.177517
2018-03-20 06:00:00,8475.95,8497.0,8475.6,8481.85,96.498769
2018-03-20 06:05:00,8481.85,8489.0,8435.0,8435.0,118.051979
2018-03-20 06:10:00,8440.0,8474.97,8430.99,8469.42,126.15137
2018-03-20 06:15:00,8469.14,8494.0,8453.94,8493.9,105.260103
2018-03-20 06:20:00,8478.81,8540.07,8478.81,8530.89,196.979195
2018-03-20 06:25:00,8538.99,8544.0,8507.27,8510.3,128.156467
2018-03-20 06:30:00,8511.08,8523.97,8494.02,8494.02,85.969452
2018-03-20 06:35:00,8494.05,8518.4,8480.07,8514.5,57.866328
2018-03-20 06:40:00,8509.1,8515.36,8505.05,8510.14,34.288778
2018-03-20 06:45:00,8512.0,8525.0,8487.02,8497.22,68.715507
2018-03-20 06:50:00,8494.61,8503.54,8465.0,8466.9,59.062124
2018-03-20 06:55:00,8471.74,8489.99,8465.11,8489.99,67.478159
2018-03-20 07:00:00,8489.99,8494.99,8476.04,8480.82,61.09763
2018-03-20 07:05:00,8480.0,8510.0,8476.14,8503.99,69.981279
2018-03-20 07:10:00,8501.0,8508.99,8480.0,8491.08,50.12525
2018-03-20 07:15:00,8491.05,8510.0,8470.46,8471.41,129.249998
2018-03-20 07:20:00,8479.12,8488.99,8440.0,8450.2,120.081624
2018-03-20 07:25:00,8450.21,8473.65,8433.02,8440.16,114.213133
2018-03-20 07:30:00,8440.16,8478.47,8430.99,8467.0,83.166347
2018-03-20 07:35:00,8468.81,8468.81,8450.0,8451.0,40.02651
2018-03-20 07:40:00,8451.0,8470.0,8436.06,8460.28,73.51887
2018-03-20 07:45:00,8460.27,8468.0,8440.0,8442.72,47.392891
2018-03-20 07:50:00,8449.83,8449.83,8410.0,8413.38,137.575059
2018-03-20 07:55:00,8413.38,8413.51,8340.0,8385.12,293.948127
2018-03-20 08:00:00,8385.12,8402.85,8339.02,8340.0,411.191654
2018-03-20 08:05:00,8349.0,8349.0,8302.0,8338.0,617.422285
2018-03-20 08:10:00,8335.0,8376.88,8330.01,8362.67,139.451767
2018-03-20 08:15:00,8362.0,8375.0,8324.0,8374.0,225.24335
2018-03-20 08:20:00,8374.0,8376.88,8350.0,8351.74,118.652916
2018-03-20 08:25:00,8351.0,8370.0,8340.0,8359.93,188.380976
2018-03-20 08:30:00,8359.85,8410.0,8359.0,8380.0,199.521067
2018-03-20 08:35:00,8379.99,8390.01,8356.0,8356.01,116.955878
2018-03-20 08:40:00,8356.08,8365.0,8328.4,8334.45,263.516986
2018-03-20 08:45:00,8337.28,8369.99,8331.1,8366.49,305.67688
2018-03-20 08:50:00,8366.49,8377.99,8340.1,8363.42,85.009168
2018-03-20 08:55:00,8364.0,8369.99,8331.1,8331.25,65.209861
2018-03-20 09:00:00,8331.25,8360.07,8315.0,8334.55,159.696603
2018-03-20 09:05:00,8334.58,8345.29,8312.0,8312.0,92.998675
2018-03-20 09:10:00,8312.1,8359.99,8280.0,8343.54,360.239287
2018-03-20 09:15:00,8343.54,8354.0,8292.0,8325.0,249.407051
2018-03-20 09:20:00,8320.52,8380.0,8320.02,8367.1,291.328363
2018-03-20 09:25:00,8367.1,8391.41,8359.95,8374.0,154.897987
2018-03-20 09:30:00,8373.01,8397.54,8370.0,8390.07,74.926789
2018-03-20 09:35:00,8390.07,8400.0,8360.08,8383.01,108.369201
2018-03-20 09:40:00,8385.33,8460.0,8380.0,8430.0,224.711593
2018-03-20 09:45:00,8429.0,8467.0,8420.79,8447.0,128.557046
2018-03-20 09:50:00,8447.0,8450.0,8436.16,8449.0,53.083929
2018-03-20 09:55:00,8449.0,8459.0,8400.94,8436.83,88.390864
2018-03-20 10:00:00,8436.74,8443.03,8426.0,8430.02,38.912353
2018-03-20 10:05:00,8430.02,8495.01,8430.02,8488.89,141.104801
2018-03-20 10:10:00,8494.98,8496.0,8435.0,8451.05,126.768431
2018-03-20 10:15:00,8451.04,8484.0,8450.07,8460.0,83.545373
2018-03-20 10:20:00,8460.0,8471.0,8430.0,8448.8,123.618867
2018-03-20 10:25:00,8448.8,8449.45,8422.54,8424.25,63.226436
2018-03-20 10:30:00,8429.0,8439.97,8412.36,8433.49,89.888681
2018-03-20 10:35:00,8433.49,8457.96,8410.0,8449.03,80.679166
2018-03-20 10:40:00,8449.02,8485.0,8439.02,8469.0,85.608905
2018-03-20 10:45:00,8469.0,8481.31,8450.09,8477.97,93.342121
2018-03-20 10:50:00,8477.96,8477.97,8441.01,8459.91,135.841732
2018-03-20 10:55:00,8459.9,8488.0,8450.0,8473.99,58.741237
2018-03-20 11:00:00,8468.68,8490.0,8468.68,8470.0,55.582532
2018-03-20 11:05:00,8470.0,8473.49,8450.0,8451.04,99.818897
2018-03-20 11:10:00,8455.13,8467.15,8430.0,8442.78,55.431722
2018-03-20 11:15:00,8431.39,8458.0,8431.03,8450.19,54.457582
2018-03-20 11:20:00,8450.19,8494.6,8439.0,8490.01,96.207695
2018-03-20 11:25:00,8490.01,8555.0,8490.0,8535.86,328.071584
2018-03-20 11:30:00,8535.85,8546.0,8510.09,8529.88,115.256883
2018-03-20 11:35:00,8525.5,8539.99,8516.0,8523.61,79.797858
2018-03-20 11:40:00,8523.52,8524.0,8513.0,8520.0,87.188202
2018-03-20 11:45:00,8520.0,8523.99,8475.06,8494.98,122.150045
2018-03-20 11:50:00,8494.0,8528.27,8485.72,8528.2,147.532295
2018-03-20 11:55:00,8527.99,8528.2,8500.0,8516.0,92.617721
2018-03-20 12:00:00,8517.44,8518.9,8453.77,8481.01,102.83083
2018-03-20 12:05:00,8481.01,8485.0,8450.01,8474.91,78.258755
2018-03-20 12:10:00,8466.04,8489.99,8450.57,8479.99,93.075568
2018-03-20 12:15:00,8488.99,8495.14,8470.0,8495.08,41.791067
2018-03-20 12:20:00,8495.14,8510.64,8462.0,8479.77,100.202542
2018-03-20 12:25:00,8481.8,8518.99,8472.52,8513.07,52.620001
2018-03-20 12:30:00,8513.07,8525.51,8500.04,8514.99,101.234126
2018-03-20 12:35:00,8514.99,8530.36,8505.0,8520.6,85.447929
2018-03-20 12:40:00,8523.56,8539.99,8508.0,8526.11,111.932872
2018-03-20 12:45:00,8526.11,8562.62,8525.16,8548.0,165.257035
2018-03-20 12:50:00,8548.0,8588.03,8540.0,8558.08,272.00895
2018-03-20 12:55:00,8554.53,8578.29,8530.99,8539.0,156.055827
2018-03-20 13:00:00,8538.99,8559.02,8525.0,8550.0,75.161502
2018-03-20 13:05:00,8550.01,8551.0,8524.36,8548.0,80.46968
2018-03-20 13:10:00,8548.0,8570.0,8528.01,8539.89,138.282422
2018-03-20 13:15:00,8539.88,8539.92,8492.44,8510.0,142.663427
2018-03-20 13:20:00,8510.0,8528.99,8505.43,8515.04,76.209764
2018-03-20 13:25:00,8518.98,8520.0,8460.0,8506.01,143.266327
2018-03-20 13:30:00,8506.01,8510.08,8481.02,8500.0,66.30923
2018-03-20 13:35:00,8500.0,8535.06,8494.99,8530.0,77.166712
2018-03-20 13:40:00,8530.99,8530.99,8505.29,8520.01,71.563717
2018-03-20 13:45:00,8520.0,8521.0,8490.0,8495.0,84.005852
2018-03-20 13:50:00,8495.1,8504.78,8479.8,8494.03,79.213522
2018-03-20 13:55:00,8493.95,8500.0,8444.0,8462.0,176.5034
2018-03-20 14:00:00,8468.88,8486.0,8450.0,8466.0,175.363021
2018-03-20 14:05:00,8466.0,8495.0,8450.01,8495.0,168.324237
2018-03-20 14:10:00,8495.0,8510.0,8482.0,8482.3,80.177561
2018-03-20 14:15:00,8482.3,8493.4,8460.1,8466.03,74.660287
2018-03-20 14:20:00,8466.02,8482.0,8465.0,8480.0,42.581436
2018-03-20 14:25:00,8480.01,8486.71,8470.0,8477.99,41.404197
2018-03-20 14:30:00,8477.99,8478.0,8429.0,8452.78,141.047127
2018-03-20 14:35:00,8452.78,8470.88,8440.0,8454.99,81.460641
2018-03-20 14:40:00,8454.99,8490.0,8450.0,8472.84,89.405714
2018-03-20 14:45:00,8470.01,8501.88,8464.84,8489.0,201.525932
2018-03-20 14:50:00,8480.01,8512.0,8480.0,8511.02,129.50032
2018-03-20 14:55:00,8512.0,8515.05,8492.0,8493.07,83.207345
2018-03-20 15:00:00,8493.08,8522.0,8493.08,8507.88,80.244229
2018-03-20 15:05:00,8518.0,8525.09,8501.0,8512.64,72.634246
2018-03-20 15:10:00,8512.64,8525.09,8485.99,8500.0,128.222555
2018-03-20 15:15:00,8501.75,8509.82,8490.01,8505.0,40.820117
2018-03-20 15:20:00,8505.0,8599.05,8490.2,8545.07,241.434341
2018-03-20 15:25:00,8545.07,8596.25,8545.07,8580.0,274.514143
2018-03-20 15:30:00,8579.07,8600.0,8533.14,8545.01,224.989899
2018-03-20 15:35:00,8546.0,8550.0,8528.03,8540.16,84.951476
2018-03-20 15:40:00,8542.1,8556.0,8538.0,8553.0,111.940368
2018-03-20 15:45:00,8552.01,8560.0,8536.0,8537.01,80.998987
2018-03-20 15:50:00,8540.01,8545.0,8500.0,8520.0,223.546374
2018-03-20 15:55:00,8520.0,8529.95,8505.99,8513.97,54.977361
2018-03-20 16:00:00,8513.97,8550.0,8513.88,8549.0,104.292883
2018-03-20 16:05:00,8549.0,8560.0,8541.5,8553.01,65.301924
2018-03-20 16:10:00,8556.75,8558.89,8532.0,8540.02,61.706889
2018-03-20 16:15:00,8540.01,8701.0,8535.95,8686.05,724.131878
2018-03-20 16:20:00,8683.7,8815.24,8661.4,8815.24,855.777146
2018-03-20 16:25:00,8814.0,8817.0,8739.39,8770.0,647.063479
2018-03-20 16:30:00,8774.96,8825.01,8755.0,8784.15,457.673771
2018-03-20 16:35:00,8784.15,8833.81,8768.35,8800.0,470.395162
2018-03-20 16:40:00,8793.54,8801.0,8760.0,8784.99,290.258609
2018-03-20 16:45:00,8782.26,8792.93,8755.01,8760.0,199.232528
2018-03-20 16:50:00,8760.0,8799.0,8725.82,8795.89,317.75667
2018-03-20 16:55:00,8795.0,8833.81,8750.0,8810.13,354.307739
2018-03-20 17:00:00,8810.13,8830.97,8765.0,8789.13,282.170014
2018-03-20 17:05:00,8789.12,8810.0,8787.0,8801.0,156.69235
2018-03-20 17:10:00,8801.0,8810.01,8771.0,8797.97,233.778931
2018-03-20 17:15:00,8795.0,8818.0,8785.15,8811.0,136.275623
2018-03-20 17:20:00,8818.0,8828.0,8805.0,8811.03,199.447234
2018-03-20 17:25:00,8816.98,8817.99,8773.0,8786.13,157.410991
2018-03-20 17:30:00,8780.62,8813.8,8760.01,8813.8,439.253699
2018-03-20 17:35:00,8813.8,8842.0,8811.0,8841.63,379.05777
2018-03-20 17:40:00,8842.0,8887.0,8816.0,8883.01,297.318448
2018-03-20 17:45:00,8886.0,8891.3,8830.21,8850.02,398.769702
2018-03-20 17:50:00,8853.99,8875.6,8832.01,8839.0,188.778891
2018-03-20 17:55:00,8839.0,8879.11,8835.88,8870.0,126.730011
2018-03-20 18:00:00,8870.01,8875.0,8836.0,8859.99,213.142343
2018-03-20 18:05:00,8859.98,8870.0,8850.1,8867.43,103.087277
2018-03-20 18:10:00,8867.43,8890.13,8851.0,8855.06,156.764265
2018-03-20 18:15:00,8855.06,8866.0,8850.0,8856.3,109.259977
2018-03-20 18:20:00,8856.3,8859.0,8800.0,8802.01,357.27767
2018-03-20 18:25:00,8800.01,8830.0,8784.01,8814.78,195.137146
2018-03-20 18:30:00,8814.78,8820.0,8790.0,8802.0,141.505019
2018-03-20 18:35:00,8802.0,8830.0,8800.0,8829.99,137.080726
2018-03-20 18:40:00,8825.01,8840.07,8811.91,8828.86,122.140166
2018-03-20 18:45:00,8829.99,8849.0,8825.0,8834.0,85.346759
2018-03-20 18:50:00,8833.67,8850.0,8825.0,8830.0,101.899736
2018-03-20 18:55:00,8827.03,8832.75,8810.0,8820.0,112.86833
2018-03-20 19:00:00,8820.0,8842.65,8813.86,8840.01,111.286553
2018-03-20 19:05:00,8840.01,8855.61,8840.0,8850.0,73.641479
2018-03-20 19:10:00,8853.36,8855.61,8831.8,8836.0,117.168139
2018-03-20 19:15:00,8836.0,8838.99,8813.87,8830.31,99.700028
2018-03-20 19:20:00,8819.87,8872.65,8819.87,8860.03,84.180414
2018-03-20 19:25:00,8860.07,8870.02,8842.6,8849.85,83.959082
2018-03-20 19:30:00,8849.85,8859.95,8844.99,8858.98,64.414138
2018-03-20 19:35:00,8855.08,8950.0,8853.0,8927.0,563.463236
2018-03-20 19:40:00,8927.0,8968.95,8920.0,8959.97,306.463346
2018-03-20 19:45:00,8954.02,8960.41,8911.0,8959.0,256.391856
2018-03-20 19:50:00,8957.0,8959.99,8940.0,8957.0,199.628647
2018-03-20 19:55:00,8957.0,8958.9,8927.88,8950.0,192.104882
2018-03-20 20:00:00,8950.0,8953.0,8930.0,8942.01,137.163625
2018-03-20 20:05:00,8943.0,9050.0,8942.0,9000.0,676.997722
2018-03-20 20:10:00,9001.26,9029.51,8985.78,9013.01,335.467611
2018-03-20 20:15:00,9013.0,9039.0,9012.04,9013.26,211.255757
2018-03-20 20:20:00,9013.26,9018.5,8955.64,8985.0,266.619392
2018-03-20 20:25:00,8981.0,8990.0,8925.0,8960.0,262.281849
2018-03-20 20:30:00,8955.01,8965.98,8940.01,8949.01,196.232404
2018-03-20 20:35:00,8949.01,8964.99,8925.92,8928.93,134.233548
2018-03-20 20:40:00,8928.0,8930.0,8822.24,8888.93,512.329289
2018-03-20 20:45:00,8878.02,8940.0,8878.01,8940.0,206.150844
2018-03-20 20:50:00,8939.99,8940.0,8886.51,8899.98,171.421331
2018-03-20 20:55:00,8899.24,8916.52,8899.24,8903.48,96.513678
2018-03-20 21:00:00,8903.48,8910.0,8859.0,8882.0,208.962257
2018-03-20 21:05:00,8891.34,8900.0,8882.01,8900.0,87.690457
2018-03-20 21:10:00,8900.0,8918.0,8872.65,8916.25,118.080112
2018-03-20 21:15:00,8911.9,8941.99,8911.1,8941.99,116.445249
2018-03-20 21:20:00,8941.25,8951.0,8920.0,8933.89,158.171553
2018-03-20 21:25:00,8931.94,8940.0,8920.0,8920.0,78.830522
2018-03-20 21:30:00,8920.0,8925.0,8902.65,8919.01,77.377634
2018-03-20 21:35:00,8919.01,8969.0,8918.0,8951.04,154.018884
2018-03-20 21:40:00,8955.0,8999.0,8951.0,8985.99,223.308378
2018-03-20 21:45:00,8981.02,8988.91,8951.02,8955.01,142.883282
2018-03-20 21:50:00,8960.0,8992.65,8960.0,8992.0,142.712542
2018-03-20 21:55:00,8990.0,9010.0,8977.01,8987.01,166.250392
2018-03-20 22:00:00,8989.0,8989.0,8960.0,8970.0,141.024715
2018-03-20 22:05:00,8970.0,8975.0,8950.0,8960.0,114.337938
2018-03-20 22:10:00,8962.59,8978.0,8951.73,8977.9,98.18112
2018-03-20 22:15:00,8971.1,8986.0,8960.0,8986.0,114.148217
2018-03-20 22:20:00,8984.97,8997.96,8969.16,8984.99,106.04844
2018-03-20 22:25:00,8975.01,8987.0,8951.0,8970.75,114.807219
2018-03-20 22:30:00,8970.75,8970.75,8918.01,8918.02,177.24595
2018-03-20 22:35:00,8918.01,8957.53,8910.39,8956.0,145.150438
2018-03-20 22:40:00,8952.05,8959.5,8891.37,8917.99,230.04563
2018-03-20 22:45:00,8910.0,8932.65,8900.77,8932.65,128.571512
2018-03-20 22:50:00,8932.65,8935.0,8915.08,8925.0,86.210914
2018-03-20 22:55:00,8925.01,8957.0,8925.0,8945.0,105.009876
2018-03-20 23:00:00,8949.96,8951.0,8916.04,8934.74,83.072497
2018-03-20 23:05:00,8934.74,8939.66,8917.97,8927.99,66.44865
2018-03-20 23:10:00,8928.0,8946.49,8925.5,8933.23,61.258283
2018-03-20 23:15:00,8935.0,8942.9,8933.13,8940.69,52.535515
2018-03-20 23:20:00,8943.0,8948.13,8907.0,8907.81,98.045309
2018-03-20 23:25:00,8913.47,8916.69,8851.01,8859.98,372.408609
2018-03-20 23:30:00,8859.0,8898.0,8851.09,8870.05,185.507437
2018-03-20 23:35:00,8870.05,8900.0,8866.3,8874.9,113.64394
2018-03-20 23:40:00,8875.0,8880.78,8812.65,8813.86,254.974098
2018-03-20 23:45:00,8813.86,8863.33,8810.96,8840.04,216.15135
2018-03-20 23:50:00,8842.08,8879.96,8830.0,8877.12,89.903066
2018-03-20 23:55:00,8877.12,8914.99,8876.18,8909.98,159.739766
2018-03-21 00:00:00,8909.96,8932.65,8887.0,8887.81,217.361443
2018-03-21 00:05:00,8887.81,8919.89,8885.0,8915.17,120.458831
2018-03-21 00:10:00,8917.97,8923.86,8900.0,8910.16,192.205046
2018-03-21 00:15:00,8911.77,8913.87,8873.02,8882.89,132.414699
2018-03-21 00:20:00,8882.89,8905.65,8860.01,8892.01,76.88037
2018-03-21 00:25:00,8892.01,8900.0,8871.02,8876.0,119.235599
2018-03-21 00:30:00,8876.0,8890.0,8876.0,8889.96,49.930933
2018-03-21 00:35:00,8888.0,8932.65,8886.0,8912.86,118.857415
2018-03-21 00:40:00,8912.87,8921.64,8907.05,8908.0,105.220451
2018-03-21 00:45:00,8908.0,8915.0,8888.01,8910.0,62.81261
2018-03-21 00:50:00,8908.07,8968.94,8901.69,8940.98,159.015542
2018-03-21 00:55:00,8940.97,8958.52,8920.89,8958.52,103.851615
2018-03-21 01:00:00,8949.12,8983.95,8949.12,8961.35,176.647837
2018-03-21 01:05:00,8951.54,8965.0,8935.92,8965.0,82.437555
2018-03-21 01:10:00,8965.0,8984.0,8951.83,8969.75,151.799706
2018-03-21 01:15:00,8969.66,8976.85,8935.0,8936.0,107.300696
2018-03-21 01:20:00,8936.0,8956.96,8932.65,8936.59,99.015291
2018-03-21 01:25:00,8936.59,8965.0,8936.59,8959.99,89.189244
2018-03-21 01:30:00,8960.0,8964.5,8936.74,8949.01,58.726084
2018-03-21 01:35:00,8949.04,8966.35,8947.55,8953.25,41.567511
2018-03-21 01:40:00,8954.99,8960.0,8948.0,8949.0,58.293252
2018-03-21 01:45:00,8949.0,8983.0,8948.0,8967.06,110.647422
2018-03-21 01:50:00,8967.05,8983.45,8960.41,8970.1,64.499827
2018-03-21 01:55:00,8977.0,8980.0,8972.0,8972.0,67.521667
2018-03-21 02:00:00,8974.0,8974.0,8966.99,8970.0,68.009868
2018-03-21 02:05:00,8969.0,9005.43,8960.0,9000.86,160.549228
2018-03-21 02:10:00,9000.87,9008.1,8972.5,8989.0,124.656584
2018-03-21 02:15:00,8984.5,8998.99,8982.97,8988.89,93.874203
2018-03-21 02:20:00,8988.89,8988.99,8935.21,8950.0,172.335525
2018-03-21 02:25:00,8947.0,8966.9,8940.01,8956.01,55.631938
2018-03-21 02:30:00,8956.01,8960.99,8948.0,8948.35,77.397292
2018-03-21 02:35:00,8955.98,8956.01,8939.8,8947.03,71.075698
2018-03-21 02:40:00,8947.03,8959.12,8929.0,8935.0,110.441404
2018-03-21 02:45:00,8935.0,8941.01,8923.0,8934.01,60.315382
2018-03-21 02:50:00,8930.46,8950.0,8929.0,8949.98,58.026128
2018-03-21 02:55:00,8949.98,8955.0,8936.27,8936.27,59.578837
2018-03-21 03:00:00,8948.09,8948.11,8933.01,8936.01,46.262199
2018-03-21 03:05:00,8936.5,8947.84,8933.0,8946.0,51.100406
2018-03-21 03:10:00,8946.0,8978.34,8945.49,8951.2,90.85091
2018-03-21 03:15:00,8952.0,8952.0,8938.0,8949.94,55.69645
2018-03-21 03:20:00,8949.95,8959.97,8945.0,8959.97,47.2129
2018-03-21 03:25:00,8956.88,8965.0,8956.88,8960.71,52.069116
2018-03-21 03:30:00,8962.0,8971.49,8962.0,8964.99,65.123546
2018-03-21 03:35:00,8963.03,8976.0,8963.02,8970.26,54.53746
2018-03-21 03:40:00,8970.27,8990.0,8969.0,8983.99,86.977013
2018-03-21 03:45:00,8984.0,8992.0,8980.0,8986.01,81.309947
2018-03-21 03:50:00,8986.0,9063.55,8986.0,9044.99,242.37206
2018-03-21 03:55:00,9043.1,9078.0,9021.41,9042.23,243.139848
2018-03-21 04:00:00,9042.23,9064.57,9040.0,9057.89,179.465209
2018-03-21 04:05:00,9057.89,9057.89,9025.76,9033.77,151.197896
2018-03-21 04:10:00,9033.08,9067.0,9033.08,9057.0,146.940773
2018-03-21 04:15:00,9055.0,9067.0,9050.0,9058.99,130.148148
2018-03-21 04:20:00,9058.1,9120.0,9058.01,9120.0,290.244411
2018-03-21 04:25:00,9119.99,9145.3,9105.11,9140.0,438.483069
2018-03-21 04:30:00,9138.01,9144.0,9067.1,9106.98,288.504233
2018-03-21 04:35:00,9106.98,9118.0,9070.0,9085.13,205.70801
2018-03-21 04:40:00,9085.13,9091.0,9052.93,9060.0,196.442529
2018-03-21 04:45:00,9060.0,9097.56,9053.0,9087.97,182.346266
2018-03-21 04:50:00,9089.0,9102.0,9087.0,9101.08,72.983109
2018-03-21 04:55:00,9101.08,9102.99,9060.0,9073.83,121.636003
2018-03-21 05:00:00,9065.09,9080.0,9060.0,9067.89,76.059495
2018-03-21 05:05:00,9062.0,9070.01,9054.87,9060.02,61.683621
2018-03-21 05:10:00,9060.0,9100.0,9056.0,9090.0,92.167711
2018-03-21 05:15:00,9090.03,9116.0,9090.0,9107.0,132.854222
2018-03-21 05:20:00,9107.0,9112.0,9085.0,9095.01,59.514862
2018-03-21 05:25:00,9095.01,9112.65,9075.38,9110.86,84.477678
2018-03-21 05:30:00,9106.0,9110.0,9080.27,9081.0,78.014421
2018-03-21 05:35:00,9081.0,9087.96,9040.3,9069.5,158.186729
2018-03-21 05:40:00,9069.88,9074.83,9053.24,9060.96,61.318136
2018-03-21 05:45:00,9066.0,9080.0,9058.0,9077.0,47.509872
2018-03-21 05:50:00,9076.79,9087.0,9076.79,9080.0,39.174529
2018-03-21 05:55:00,9079.99,9080.0,9025.17,9041.84,139.461468
2018-03-21 06:00:00,9047.93,9060.0,9001.0,9007.45,140.040827
2018-03-21 06:05:00,9007.45,9032.59,8990.01,9001.0,250.758553
2018-03-21 06:10:00,9009.01,9019.99,8991.9,9014.99,133.583206
2018-03-21 06:15:00,9014.99,9030.0,9014.99,9025.01,86.218912
2018-03-21 06:20:00,9025.01,9060.81,9025.0,9060.8,84.480283
2018-03-21 06:25:00,9060.8,9060.8,9035.0,9045.62,72.353973
2018-03-21 06:30:00,9045.62,9060.0,9042.03,9056.99,75.943645
2018-03-21 06:35:00,9059.96,9070.0,9030.0,9067.79,81.606368
2018-03-21 06:40:00,9067.0,9067.0,9030.1,9056.99,59.445781
2018-03-21 06:45:00,9056.0,9070.0,9050.04,9067.0,48.800782
2018-03-21 06:50:00,9070.0,9089.0,9063.0,9080.01,99.778918
2018-03-21 06:55:00,9080.01,9085.0,9060.22,9066.8,71.42317
2018-03-21 07:00:00,9074.99,9096.02,9066.8,9088.0,85.429855
2018-03-21 07:05:00,9088.0,9096.02,9056.89,9058.0,128.619629
2018-03-21 07:10:00,9058.0,9067.82,9043.59,9055.0,105.110682
2018-03-21 07:15:00,9055.0,9055.0,9015.0,9024.2,90.724285
2018-03-21 07:20:00,9023.18,9030.0,8999.79,9010.01,142.099257
2018-03-21 07:25:00,9010.01,9035.0,9004.2,9030.0,98.372177
2018-03-21 07:30:00,9030.0,9048.89,9023.15,9023.15,87.323886
2018-03-21 07:35:00,9023.15,9037.97,9009.0,9027.5,81.669423
2018-03-21 07:40:00,9027.5,9028.99,8900.0,8926.02,500.459361
2018-03-21 07:45:00,8927.99,8950.98,8915.8,8950.98,214.378307
2018-03-21 07:50:00,8940.04,8975.5,8938.0,8960.0,183.245324
2018-03-21 07:55:00,8960.0,8968.0,8930.01,8931.01,157.198679
2018-03-21 08:00:00,8931.0,8939.98,8880.0,8929.73,412.966149
2018-03-21 08:05:00,8920.0,8945.0,8911.91,8918.0,132.120185
2018-03-21 08:10:00,8920.0,8929.99,8894.0,8920.0,209.157625
2018-03-21 08:15:00,8920.0,8945.0,8916.98,8939.0,112.028105
2018-03-21 08:20:00,8939.0,8976.52,8926.0,8960.0,152.42725
2018-03-21 08:25:00,8968.43,8975.0,8950.0,8961.01,89.297145
2018-03-21 08:30:00,8969.22,8974.0,8941.0,8942.3,96.626869
2018-03-21 08:35:00,8942.3,8967.97,8940.0,8957.93,112.283129
2018-03-21 08:40:00,8957.94,8998.0,8955.96,8989.0,154.230562
2018-03-21 08:45:00,8989.0,8993.96,8971.01,8989.88,99.889254
2018-03-21 08:50:00,8989.87,8989.99,8962.65,8968.95,102.779044
2018-03-21 08:55:00,8962.9,8979.31,8950.0,8965.0,104.916037
2018-03-21 09:00:00,8959.0,8966.0,8951.26,8951.26,65.180555
2018-03-21 09:05:00,8951.27,8979.14,8950.2,8967.0,59.876338
2018-03-21 09:10:00,8967.0,8972.98,8960.0,8966.26,38.550696
2018-03-21 09:15:00,8966.26,8982.97,8950.0,8970.99,96.462105
2018-03-21 09:20:00,8970.99,8986.06,8967.0,8986.06,138.501991
2018-03-21 09:25:00,8986.06,9050.2,8984.11,9045.0,214.097132
2018-03-21 09:30:00,9045.0,9050.0,9035.1,9039.78,101.24887
2018-03-21 09:35:00,9039.78,9065.89,9029.0,9064.0,92.66292
2018-03-21 09:40:00,9063.0,9064.8,9050.0,9058.99,91.497165
2018-03-21 09:45:00,9058.99,9077.89,9058.0,9077.89,111.568771
2018-03-21 09:50:00,9077.89,9079.99,9059.0,9059.97,90.034884
2018-03-21 09:55:00,9059.97,9059.97,9033.0,9040.0,127.600053
2018-03-21 10:00:00,9035.6,9070.0,9035.3,9065.0,78.33901
2018-03-21 10:05:00,9066.28,9088.1,9063.01,9067.0,101.099459
2018-03-21 10:10:00,9070.01,9085.0,9066.77,9080.59,72.902755
2018-03-21 10:15:00,9081.0,9093.0,9080.0,9090.91,72.10403
2018-03-21 10:20:00,9093.0,9099.0,9054.0,9054.0,104.073893
2018-03-21 10:25:00,9057.76,9080.0,9053.0,9069.78,94.49206
2018-03-21 10:30:00,9065.0,9069.84,9050.0,9051.02,76.426906
2018-03-21 10:35:00,9052.01,9062.71,9051.01,9059.9,41.10973
2018-03-21 10:40:00,9059.9,9074.87,9055.63,9065.02,49.21252
2018-03-21 10:45:00,9067.0,9068.03,9057.0,9061.88,45.222183
2018-03-21 10:50:00,9057.51,9061.89,9035.3,9050.0,86.05629
2018-03-21 10:55:00,9050.0,9055.99,9043.94,9050.01,38.238352
2018-03-21 11:00:00,9051.0,9071.53,9050.01,9070.0,46.027966
2018-03-21 11:05:00,9070.0,9070.21,9063.1,9068.97,33.810453
2018-03-21 11:10:00,9068.97,9071.0,9063.19,9066.0,48.122069
2018-03-21 11:15:00,9068.01,9069.99,9051.0,9061.0,65.58381
2018-03-21 11:20:00,9061.0,9122.02,9059.87,9115.37,307.531688
2018-03-21 11:25:00,9109.02,9115.39,9082.65,9088.8,113.274667
2018-03-21 11:30:00,9088.0,9103.9,9088.0,9096.82,73.598027
2018-03-21 11:35:00,9096.82,9116.3,9088.0,9110.0,126.066505
2018-03-21 11:40:00,9110.0,9125.0,9106.0,9112.0,113.946029
2018-03-21 11:45:00,9112.0,9112.0,9085.0,9086.0,87.857913
2018-03-21 11:50:00,9085.54,9090.0,9060.0,9073.0,160.829428
2018-03-21 11:55:00,9073.0,9078.0,9060.0,9063.0,117.96242
2018-03-21 12:00:00,9063.0,9086.69,9055.01,9082.0,84.313232
2018-03-21 12:05:00,9082.0,9088.0,9068.99,9075.01,72.180522
2018-03-21 12:10:00,9075.01,9089.0,9074.0,9080.01,36.938554
2018-03-21 12:15:00,9080.01,9093.0,9069.99,9071.0,51.316249
2018-03-21 12:20:00,9071.0,9080.0,9061.01,9061.01,60.219406
2018-03-21 12:25:00,9063.7,9068.68,9040.0,9055.01,117.405103
2018-03-21 12:30:00,9050.0,9070.0,9047.01,9070.0,50.487509
2018-03-21 12:35:00,9070.0,9074.98,9061.1,9061.1,54.857422
2018-03-21 12:40:00,9069.95,9073.5,9005.0,9010.06,189.531373
2018-03-21 12:45:00,9010.06,9016.75,8956.0,8984.0,371.039623
2018-03-21 12:50:00,8984.0,9005.0,8973.1,8989.0,141.002216
2018-03-21 12:55:00,8989.82,9034.89,8989.0,9030.0,137.381721
2018-03-21 13:00:00,9033.99,9038.0,9020.1,9030.0,99.984253
2018-03-21 13:05:00,9030.0,9050.0,9030.0,9040.0,96.29357
2018-03-21 13:10:00,9040.0,9072.0,9035.11,9070.0,134.289989
2018-03-21 13:15:00,9070.0,9081.0,9061.94,9071.0,138.816365
2018-03-21 13:20:00,9074.95,9075.0,9055.3,9056.16,85.159386
2018-03-21 13:25:00,9060.0,9060.0,9025.41,9036.13,100.26011
2018-03-21 13:30:00,9039.72,9059.0,9035.0,9037.98,98.093056
2018-03-21 13:35:00,9035.15,9061.16,9025.0,9039.95,103.706875
2018-03-21 13:40:00,9039.98,9039.98,9028.66,9028.99,54.342314
2018-03-21 13:45:00,9030.32,9035.0,9010.0,9010.0,104.600136
2018-03-21 13:50:00,9010.0,9030.0,8978.0,8981.0,199.352594
2018-03-21 13:55:00,8985.0,9027.39,8976.0,9016.07,77.179395
2018-03-21 14:00:00,9020.0,9030.42,9016.0,9026.98,106.426207
2018-03-21 14:05:00,9026.98,9068.0,9024.99,9057.9,84.0405
2018-03-21 14:10:00,9057.9,9072.44,9028.01,9030.89,105.079824
2018-03-21 14:15:00,9030.89,9039.01,9010.0,9013.88,97.013936
2018-03-21 14:20:00,9013.88,9045.71,9001.0,9031.1,101.352803
2018-03-21 14:25:00,9033.05,9041.82,9026.91,9040.96,49.444041
2018-03-21 14:30:00,9040.96,9099.86,9033.01,9096.0,143.661108
2018-03-21 14:35:00,9096.0,9100.05,9062.18,9077.35,149.044775
2018-03-21 14:40:00,9079.62,9084.99,9064.99,9084.0,70.428808
2018-03-21 14:45:00,9084.0,9084.99,9034.25,9048.99,111.375936
2018-03-21 14:50:00,9048.99,9077.22,9037.07,9058.01,97.61878
2018-03-21 14:55:00,9058.01,9064.67,9028.0,9050.0,88.120452
2018-03-21 15:00:00,9050.0,9110.0,9043.02,9078.01,265.023455
2018-03-21 15:05:00,9078.01,9088.9,9061.03,9070.0,83.215285
2018-03-21 15:10:00,9070.0,9098.0,9066.66,9091.24,82.995973
2018-03-21 15:15:00,9091.24,9103.93,9080.0,9103.93,150.93628
2018-03-21 15:20:00,9103.93,9177.01,9100.0,9150.99,567.63493
2018-03-21 15:25:00,9150.0,9162.4,9121.12,9157.03,199.767094
2018-03-21 15:30:00,9157.03,9160.86,9116.33,9136.98,147.769963
2018-03-21 15:35:00,9136.97,9150.0,9116.32,9150.0,93.398828
2018-03-21 15:40:00,9149.93,9162.64,9142.51,9151.97,109.840983
2018-03-21 15:45:00,9151.97,9152.82,9145.1,9152.0,87.105284
2018-03-21 15:50:00,9150.0,9156.55,9114.01,9116.0,135.592829
2018-03-21 15:55:00,9116.01,9127.98,9036.0,9039.99,433.993153
2018-03-21 16:00:00,9039.99,9069.99,8950.14,8951.35,442.677924
2018-03-21 16:05:00,8951.35,8987.87,8928.0,8951.02,554.206209
2018-03-21 16:10:00,8951.02,8973.25,8915.0,8934.66,446.021209
2018-03-21 16:15:00,8934.55,8939.99,8820.0,8888.0,803.89081
2018-03-21 16:20:00,8888.0,8902.65,8850.0,8897.98,442.441298
2018-03-21 16:25:00,8897.98,8919.12,8867.92,8919.0,357.950313
2018-03-21 16:30:00,8915.01,8950.0,8891.12,8905.0,391.896528
2018-03-21 16:35:00,8906.0,8920.01,8838.72,8894.0,309.288958
2018-03-21 16:40:00,8893.98,8899.84,8865.0,8888.64,220.29038
2018-03-21 16:45:00,8888.64,8949.0,8883.21,8901.0,250.624787
2018-03-21 16:50:00,8885.31,8903.12,8803.0,8849.19,391.962643
2018-03-21 16:55:00,8849.18,8879.99,8830.0,8846.72,251.792835
2018-03-21 17:00:00,8850.0,8899.0,8847.0,8875.73,208.38026
2018-03-21 17:05:00,8876.0,8905.12,8866.2,8905.12,159.703986
2018-03-21 17:10:00,8905.0,8907.0,8860.16,8868.35,144.059554
2018-03-21 17:15:00,8868.35,8872.49,8800.01,8802.08,291.47488
2018-03-21 17:20:00,8802.08,8834.77,8751.0,8801.0,765.567773
2018-03-21 17:25:00,8800.95,8800.95,8750.6,8771.99,422.070243
2018-03-21 17:30:00,8771.0,8825.15,8771.0,8810.0,384.545908
2018-03-21 17:35:00,8810.0,8814.0,8752.0,8761.87,333.994703
2018-03-21 17:40:00,8761.87,8789.99,8752.0,8788.0,210.378172
2018-03-21 17:45:00,8786.5,8825.94,8785.99,8808.0,264.185358
2018-03-21 17:50:00,8808.0,8849.0,8803.5,8840.0,277.869787
2018-03-21 17:55:00,8840.0,8877.99,8830.01,8832.26,312.306687
2018-03-21 18:00:00,8832.26,8839.99,8780.0,8780.5,220.279022
2018-03-21 18:05:00,8780.5,8835.0,8777.57,8830.0,339.430903
2018-03-21 18:10:00,8830.0,8880.74,8828.0,8865.91,226.10125
2018-03-21 18:15:00,8866.0,8866.0,8845.27,8856.89,161.346856
2018-03-21 18:20:00,8855.99,8875.0,8850.0,8872.0,102.658623
2018-03-21 18:25:00,8872.0,8910.0,8872.0,8903.0,268.579161
2018-03-21 18:30:00,8905.0,8939.89,8903.0,8920.0,316.940761
2018-03-21 18:35:00,8920.0,8925.3,8880.8,8902.01,262.120138
2018-03-21 18:40:00,8902.01,8924.89,8902.01,8916.49,91.887959
2018-03-21 18:45:00,8916.49,8922.48,8881.0,8910.0,139.014066
2018-03-21 18:50:00,8910.0,8910.0,8869.0,8877.97,115.448649
2018-03-21 18:55:00,8877.97,8880.0,8856.0,8879.0,85.484403
2018-03-21 19:00:00,8880.0,8925.99,8873.7,8912.54,140.363117
2018-03-21 19:05:00,8913.03,8930.0,8913.03,8916.23,74.670006
2018-03-21 19:10:00,8916.23,8950.13,8916.23,8935.4,146.161829
2018-03-21 19:15:00,8934.04,8935.4,8890.01,8926.03,90.6081
2018-03-21 19:20:00,8926.04,8947.0,8908.98,8943.82,94.794615
2018-03-21 19:25:00,8943.83,8965.0,8935.04,8941.0,224.507331
2018-03-21 19:30:00,8941.0,8947.95,8902.65,8917.95,127.185381
2018-03-21 19:35:00,8915.01,8920.0,8888.88,8892.8,140.954773
2018-03-21 19:40:00,8892.8,8920.0,8883.03,8889.98,91.322037
2018-03-21 19:45:00,8889.98,8905.71,8870.87,8891.0,91.965064
2018-03-21 19:50:00,8885.19,8920.0,8884.4,8885.0,89.44197
2018-03-21 19:55:00,8885.98,8895.03,8854.03,8862.92,120.249803
2018-03-21 20:00:00,8862.78,8874.12,8820.02,8838.93,212.147814
2018-03-21 20:05:00,8838.93,8860.0,8829.93,8855.15,93.718665
2018-03-21 20:10:00,8860.0,8889.0,8855.36,8880.0,80.024818
2018-03-21 20:15:00,8880.0,8900.0,8873.0,8890.0,91.478611
2018-03-21 20:20:00,8890.99,8905.0,8873.0,8892.09,77.756255
2018-03-21 20:25:00,8892.09,8899.83,8866.0,8869.99,73.60764
2018-03-21 20:30:00,8870.0,8892.0,8869.99,8885.0,64.342335
2018-03-21 20:35:00,8882.07,8916.0,8881.48,8906.85,150.125071
2018-03-21 20:40:00,8908.79,8908.8,8881.0,8881.02,65.952071
2018-03-21 20:45:00,8881.01,8889.99,8861.2,8869.98,65.603035
2018-03-21 20:50:00,8863.04,8870.0,8830.0,8857.02,110.706177
2018-03-21 20:55:00,8857.03,8877.0,8856.0,8872.0,73.443241
2018-03-21 21:00:00,8872.0,8880.0,8865.0,8875.02,64.958306
2018-03-21 21:05:00,8880.0,8910.0,8875.05,8896.0,106.357882
2018-03-21 21:10:00,8896.0,8920.0,8893.0,8913.29,91.273609
2018-03-21 21:15:00,8915.0,8940.0,8915.0,8931.0,144.263896
2018-03-21 21:20:00,8933.0,8945.0,8909.1,8935.05,86.195558
2018-03-21 21:25:00,8935.05,8950.0,8925.0,8935.0,120.348274
2018-03-21 21:30:00,8937.0,8944.0,8914.11,8927.0,65.573264
2018-03-21 21:35:00,8924.99,8930.0,8872.78,8900.0,132.688741
2018-03-21 21:40:00,8900.04,8923.49,8899.67,8919.73,64.049226
2018-03-21 21:45:00,8911.0,8915.0,8885.01,8886.03,54.287892
2018-03-21 21:50:00,8886.02,8920.0,8886.01,8912.26,53.488698
2018-03-21 21:55:00,8912.26,8914.98,8900.0,8908.0,53.238026
2018-03-21 22:00:00,8908.03,8920.82,8888.0,8900.13,56.736747
2018-03-21 22:05:00,8900.14,8934.22,8900.13,8934.0,66.646286
2018-03-21 22:10:00,8926.0,8933.0,8920.0,8924.98,49.082186
2018-03-21 22:15:00,8922.5,8924.98,8912.0,8916.0,47.74027
2018-03-21 22:20:00,8916.01,8930.78,8890.0,8911.99,106.813237
2018-03-21 22:25:00,8911.99,8923.6,8891.72,8917.53,81.614476
2018-03-21 22:30:00,8917.46,8920.0,8841.0,8870.0,197.207931
2018-03-21 22:35:00,8870.0,8875.0,8853.5,8868.0,101.498728
2018-03-21 22:40:00,8866.0,8896.98,8855.0,8890.0,102.976873
2018-03-21 22:45:00,8893.98,8893.99,8861.0,8869.08,72.21795
2018-03-21 22:50:00,8869.08,8869.8,8855.0,8862.97,69.8725
2018-03-21 22:55:00,8862.98,8866.42,8810.0,8813.5,185.079436
2018-03-21 23:00:00,8813.51,8839.99,8777.0,8787.9,305.054309
2018-03-21 23:05:00,8787.9,8829.99,8777.0,8820.0,197.909101
2018-03-21 23:10:00,8825.0,8852.0,8825.0,8829.01,107.052318
2018-03-21 23:15:00,8834.91,8834.91,8815.0,8819.81,57.811167
2018-03-21 23:20:00,8817.41,8830.0,8790.02,8816.0,163.440178
2018-03-21 23:25:00,8816.0,8865.0,8815.3,8865.0,127.364681
2018-03-21 23:30:00,8865.0,8893.97,8853.12,8887.99,115.334283
2018-03-21 23:35:00,8888.0,8895.0,8866.83,8886.88,95.968158
2018-03-21 23:40:00,8885.9,8930.0,8867.5,8895.04,154.644657
2018-03-21 23:45:00,8895.04,8902.0,8870.01,8870.14,61.70242
2018-03-21 23:50:00,8874.99,8920.83,8870.14,8914.55,92.46988
2018-03-21 23:55:00,8914.55,8916.0,8880.91,8885.0,73.896004
2018-03-22 00:00:00,8884.82,8900.0,8871.0,8890.01,73.041217
2018-03-22 00:05:00,8890.02,8899.0,8865.0,8879.12,90.001373
2018-03-22 00:10:00,8879.12,8894.99,8860.0,8888.0,48.432926
2018-03-22 00:15:00,8888.01,8904.32,8888.0,8899.56,46.158769
2018-03-22 00:20:00,8899.56,8900.0,8888.0,8897.0,66.982567
2018-03-22 00:25:00,8899.56,8925.01,8899.56,8924.99,124.690833
2018-03-22 00:30:00,8917.0,8938.36,8906.3,8932.0,72.026369
2018-03-22 00:35:00,8932.0,8981.0,8932.0,8955.0,258.937764
2018-03-22 00:40:00,8957.33,8985.0,8953.11,8970.9,128.31315
2018-03-22 00:45:00,8970.89,8976.6,8925.18,8961.08,103.347493
2018-03-22 00:50:00,8961.09,8985.0,8950.0,8976.0,66.734129
2018-03-22 00:55:00,8984.0,9050.0,8976.0,9023.07,293.657061
2018-03-22 01:00:00,9034.83,9050.0,9023.13,9041.33,101.140699
2018-03-22 01:05:00,9041.33,9049.99,9015.9,9030.0,143.381006
2018-03-22 01:10:00,9029.99,9030.0,8976.16,9006.0,147.335257
2018-03-22 01:15:00,9006.0,9042.58,9002.0,9015.67,82.372844
2018-03-22 01:20:00,9019.99,9025.86,9010.0,9014.03,53.773673
2018-03-22 01:25:00,9014.02,9030.0,9013.04,9014.9,130.381124
2018-03-22 01:30:00,9014.9,9047.0,9013.03,9045.99,84.226816
2018-03-22 01:35:00,9045.0,9052.52,9019.97,9019.97,90.500242
2018-03-22 01:40:00,9019.97,9048.99,9015.98,9045.0,68.250643
2018-03-22 01:45:00,9045.0,9090.0,9044.91,9069.87,227.165705
2018-03-22 01:50:00,9069.87,9078.98,9060.04,9065.0,85.290667
2018-03-22 01:55:00,9065.0,9071.97,9031.31,9067.43,96.201801
2018-03-22 02:00:00,9067.43,9068.44,9050.0,9050.0,54.590733
2018-03-22 02:05:00,9050.05,9080.0,9044.37,9069.0,111.673011
2018-03-22 02:10:00,9069.0,9071.98,9040.02,9050.01,72.128235
2018-03-22 02:15:00,9050.94,9055.0,9030.02,9038.03,61.395943
2018-03-22 02:20:00,9038.03,9064.25,9035.0,9056.07,54.253305
2018-03-22 02:25:00,9060.0,9061.0,9044.96,9045.13,64.562237
2018-03-22 02:30:00,9045.13,9079.67,9044.96,9064.99,101.32988
2018-03-22 02:35:00,9064.99,9069.09,9046.03,9056.0,94.442159
2018-03-22 02:40:00,9056.0,9064.08,9034.98,9046.85,83.623511
2018-03-22 02:45:00,9038.2,9048.0,9031.0,9039.0,80.713366
2018-03-22 02:50:00,9035.13,9050.2,9035.1,9044.02,115.862795
2018-03-22 02:55:00,9045.01,9050.0,9040.02,9049.96,38.484858
2018-03-22 03:00:00,9049.96,9058.26,9041.0,9055.0,54.062377
2018-03-22 03:05:00,9055.0,9080.0,9055.0,9072.0,134.509498
2018-03-22 03:10:00,9072.0,9088.88,9070.0,9086.0,95.988053
2018-03-22 03:15:00,9086.0,9100.0,9070.05,9080.0,154.948889
2018-03-22 03:20:00,9072.79,9084.3,9050.58,9062.01,53.046376
2018-03-22 03:25:00,9066.87,9066.87,9051.2,9058.0,54.884025
2018-03-22 03:30:00,9058.0,9061.0,9000.0,9016.01,239.103052
2018-03-22 03:35:00,9016.0,9036.25,9011.0,9014.99,76.916263
2018-03-22 03:40:00,9011.21,9015.0,8980.0,8987.39,137.819917
2018-03-22 03:45:00,8996.9,9010.0,8980.0,8998.97,108.317787
2018-03-22 03:50:00,8999.99,9011.0,8990.0,9005.0,93.386959
2018-03-22 03:55:00,9002.0,9030.01,9001.7,9017.01,77.359202
2018-03-22 04:00:00,9019.0,9030.0,9001.7,9015.0,78.456596
2018-03-22 04:05:00,9009.8,9015.0,8985.0,8991.0,105.793865
2018-03-22 04:10:00,8991.0,9000.0,8988.08,8997.95,69.407228
2018-03-22 04:15:00,8991.01,9015.0,8991.01,9012.49,52.583017
2018-03-22 04:20:00,9013.99,9018.49,8995.0,8998.87,72.705929
2018-03-22 04:25:00,8995.0,9000.04,8968.08,8981.11,78.438098
2018-03-22 04:30:00,8988.0,8989.68,8969.08,8982.01,55.125666
2018-03-22 04:35:00,8982.01,8999.44,8982.01,8988.01,51.82932
2018-03-22 04:40:00,8988.01,9013.99,8987.98,8999.88,50.785064
2018-03-22 04:45:00,8999.86,9012.41,8990.15,9006.0,79.546098
2018-03-22 04:50:00,9009.95,9025.0,9006.03,9022.01,53.870593
2018-03-22 04:55:00,9024.97,9037.0,9014.86,9030.0,90.935982
2018-03-22 05:00:00,9030.01,9036.74,9020.0,9033.42,56.344199
2018-03-22 05:05:00,9033.42,9050.0,9033.42,9049.99,107.02235
2018-03-22 05:10:00,9049.99,9052.9,9025.03,9036.0,59.492557
2018-03-22 05:15:00,9036.0,9040.8,9031.01,9034.64,44.906144
2018-03-22 05:20:00,9034.64,9037.0,9016.0,9019.27,43.340634
2018-03-22 05:25:00,9030.0,9030.0,9012.03,9028.9,44.09281
2018-03-22 05:30:00,9020.4,9028.9,9018.08,9018.99,33.621207
2018-03-22 05:35:00,9018.99,9018.99,9000.03,9005.52,83.461192
2018-03-22 05:40:00,9005.52,9020.0,8982.0,8990.79,73.428048
2018-03-22 05:45:00,8990.79,8999.76,8976.72,8977.0,48.774992
2018-03-22 05:50:00,8977.0,9000.0,8971.0,9000.0,80.508879
2018-03-22 05:55:00,9000.0,9006.03,8991.0,9004.99,51.94118
2018-03-22 06:00:00,9002.25,9020.91,9000.0,9015.03,63.518494
2018-03-22 06:05:00,9015.06,9042.12,9015.0,9020.01,110.417865
2018-03-22 06:10:00,9026.65,9030.0,9000.0,9004.0,75.648553
2018-03-22 06:15:00,9004.03,9021.93,9000.01,9000.01,36.576929
2018-03-22 06:20:00,9000.25,9014.0,8987.32,9008.0,94.863652
2018-03-22 06:25:00,9008.0,9020.0,9000.0,9016.96,135.92324
2018-03-22 06:30:00,9016.96,9027.76,9013.0,9025.01,92.094562
2018-03-22 06:35:00,9025.01,9028.0,9000.0,9020.01,93.85838
2018-03-22 06:40:00,9021.99,9031.0,9021.0,9030.02,55.465908
2018-03-22 06:45:00,9030.03,9035.0,9000.0,9005.98,120.498843
2018-03-22 06:50:00,9005.97,9031.05,9002.0,9010.81,78.080303
2018-03-22 06:55:00,9010.78,9010.81,8990.0,8994.99,60.227615
2018-03-22 07:00:00,8991.0,8999.98,8975.03,8982.15,92.215834
2018-03-22 07:05:00,8989.52,8999.96,8979.44,8998.87,44.988935
2018-03-22 07:10:00,8998.04,9016.0,8985.05,9007.95,94.062853
2018-03-22 07:15:00,8995.11,9013.99,8911.5,8929.97,336.522446
2018-03-22 07:20:00,8928.95,8955.94,8915.0,8915.5,164.222775
2018-03-22 07:25:00,8919.97,8942.84,8901.5,8930.04,192.581457
2018-03-22 07:30:00,8930.04,8948.04,8917.31,8923.04,108.664965
2018-03-22 07:35:00,8927.99,8938.82,8921.11,8921.11,45.619327
2018-03-22 07:40:00,8921.11,8924.0,8889.0,8912.0,157.049538
2018-03-22 07:45:00,8915.0,8953.88,8911.0,8935.0,90.530506
2018-03-22 07:50:00,8932.5,8961.8,8930.0,8949.98,86.198937
2018-03-22 07:55:00,8942.55,8963.0,8942.55,8955.09,43.666266
2018-03-22 08:00:00,8955.0,8979.0,8947.03,8970.0,83.812849
2018-03-22 08:05:00,8968.9,8975.0,8950.0,8967.83,55.577194
2018-03-22 08:10:00,8968.03,8973.83,8954.0,8958.8,62.276884
2018-03-22 08:15:00,8958.8,8959.8,8948.0,8950.0,49.02305
2018-03-22 08:20:00,8950.02,8967.9,8948.0,8964.0,32.717218
2018-03-22 08:25:00,8961.06,8989.05,8961.06,8975.21,45.568807
2018-03-22 08:30:00,8988.88,8988.92,8970.0,8976.0,67.934421
2018-03-22 08:35:00,8984.8,8985.83,8970.0,8973.03,20.322587
2018-03-22 08:40:00,8973.03,8981.7,8970.0,8970.02,33.804155
2018-03-22 08:45:00,8970.02,8978.0,8959.83,8971.0,37.742746
2018-03-22 08:50:00,8971.0,8974.55,8961.53,8974.0,31.282064
2018-03-22 08:55:00,8974.0,9000.0,8969.99,9000.0,78.54871
2018-03-22 09:00:00,8995.01,9018.9,8985.02,9014.95,90.973378
2018-03-22 09:05:00,9018.37,9020.0,9000.0,9014.98,66.143723
2018-03-22 09:10:00,9013.0,9017.53,8977.21,8986.0,67.595977
2018-03-22 09:15:00,8986.0,8986.0,8967.35,8974.98,79.258474
2018-03-22 09:20:00,8974.99,8989.84,8964.53,8975.0,85.138803
2018-03-22 09:25:00,8975.0,8975.0,8821.0,8822.51,532.88888
2018-03-22 09:30:00,8822.51,8830.77,8724.68,8780.01,1053.33083
2018-03-22 09:35:00,8780.01,8818.63,8756.03,8768.0,292.56356
2018-03-22 09:40:00,8769.0,8807.98,8750.11,8750.11,287.323797
2018-03-22 09:45:00,8750.11,8800.0,8749.0,8759.77,308.169393
2018-03-22 09:50:00,8750.29,8799.0,8726.0,8792.01,296.563724
2018-03-22 09:55:00,8792.01,8844.0,8778.05,8785.01,312.602916
2018-03-22 10:00:00,8785.31,8799.86,8702.18,8715.0,442.793499
2018-03-22 10:05:00,8702.19,8728.0,8675.0,8710.0,563.613227
2018-03-22 10:10:00,8711.0,8747.0,8706.0,8724.65,219.63985
2018-03-22 10:15:00,8724.65,8730.0,8688.03,8690.0,289.621807
2018-03-22 10:20:00,8695.74,8710.0,8666.1,8681.24,390.259719
2018-03-22 10:25:00,8692.17,8693.0,8645.91,8670.0,465.515005
2018-03-22 10:30:00,8670.12,8729.0,8666.71,8718.34,338.37811
2018-03-22 10:35:00,8718.34,8729.15,8684.0,8701.04,181.585761
2018-03-22 10:40:00,8709.0,8719.94,8690.3,8700.0,157.901146
2018-03-22 10:45:00,8695.29,8787.98,8695.26,8738.04,297.656404
2018-03-22 10:50:00,8745.0,8767.86,8722.29,8736.89,286.464757
2018-03-22 10:55:00,8726.12,8740.0,8712.0,8724.0,152.212913
2018-03-22 11:00:00,8725.0,8741.0,8718.87,8736.01,102.45428
2018-03-22 11:05:00,8741.0,8766.58,8716.95,8724.97,233.418075
2018-03-22 11:10:00,8724.95,8734.0,8668.34,8680.01,275.167677
2018-03-22 11:15:00,8680.02,8718.36,8675.0,8680.02,131.794122
2018-03-22 11:20:00,8680.02,8707.0,8665.0,8690.0,160.028894
2018-03-22 11:25:00,8685.0,8718.0,8681.0,8717.8,140.054167
2018-03-22 11:30:00,8715.0,8715.0,8690.04,8715.0,77.857293
2018-03-22 11:35:00,8715.0,8749.85,8705.03,8720.0,187.869395
2018-03-22 11:40:00,8720.0,8728.92,8680.85,8702.0,105.138828
2018-03-22 11:45:00,8704.98,8710.0,8665.01,8679.85,115.877437
2018-03-22 11:50:00,8675.0,8699.99,8665.02,8674.0,121.574642
2018-03-22 11:55:00,8674.0,8679.99,8620.0,8642.01,440.318783
2018-03-22 12:00:00,8645.0,8695.0,8632.74,8670.0,193.708303
2018-03-22 12:05:00,8670.0,8705.15,8665.53,8684.94,159.345195
2018-03-22 12:10:00,8684.93,8723.0,8670.0,8723.0,200.860781
2018-03-22 12:15:00,8723.0,8723.0,8694.43,8713.56,185.99723
2018-03-22 12:20:00,8713.56,8713.56,8689.0,8689.0,166.691846
2018-03-22 12:25:00,8689.0,8713.93,8679.8,8710.0,131.50818
2018-03-22 12:30:00,8710.0,8734.0,8708.0,8725.03,141.251939
2018-03-22 12:35:00,8725.98,8753.54,8717.41,8720.35,174.451938
2018-03-22 12:40:00,8724.0,8750.2,8708.0,8750.0,142.835433
2018-03-22 12:45:00,8750.0,8750.19,8725.0,8738.0,100.979109
2018-03-22 12:50:00,8740.0,8745.0,8719.0,8724.92,59.570004
2018-03-22 12:55:00,8724.92,8724.93,8692.78,8715.0,113.503766
2018-03-22 13:00:00,8715.0,8724.92,8670.0,8690.04,134.730915
2018-03-22 13:05:00,8689.97,8697.0,8666.0,8692.22,110.631232
2018-03-22 13:10:00,8692.0,8713.0,8686.0,8700.64,106.497977
2018-03-22 13:15:00,8700.72,8712.0,8692.0,8704.0,71.29263
2018-03-22 13:20:00,8704.95,8711.0,8668.88,8679.86,80.343329
2018-03-22 13:25:00,8679.0,8700.0,8668.88,8680.0,83.928548
2018-03-22 13:30:00,8680.14,8700.0,8669.01,8699.21,96.515288
2018-03-22 13:35:00,8695.74,8710.0,8690.0,8708.01,81.130972
2018-03-22 13:40:00,8708.01,8714.0,8659.99,8665.0,196.235884
2018-03-22 13:45:00,8660.01,8666.0,8600.01,8615.0,484.922132
2018-03-22 13:50:00,8618.99,8618.99,8556.98,8586.0,598.553489
2018-03-22 13:55:00,8586.0,8599.0,8573.0,8588.14,264.238588
2018-03-22 14:00:00,8588.15,8650.0,8580.44,8599.99,349.561195
2018-03-22 14:05:00,8598.66,8600.0,8542.0,8542.0,305.115073
2018-03-22 14:10:00,8550.0,8580.0,8540.89,8562.0,247.499668
2018-03-22 14:15:00,8560.02,8595.59,8549.49,8585.0,201.364225
2018-03-22 14:20:00,8590.99,8590.99,8530.0,8555.0,226.662454
2018-03-22 14:25:00,8555.0,8584.0,8546.0,8577.0,151.060573
2018-03-22 14:30:00,8577.0,8583.0,8555.0,8559.99,133.831624
2018-03-22 14:35:00,8555.0,8560.0,8526.0,8530.03,200.872262
2018-03-22 14:40:00,8534.57,8534.58,8500.0,8520.0,471.297235
2018-03-22 14:45:00,8522.51,8528.0,8488.0,8520.97,551.708783
2018-03-22 14:50:00,8521.0,8547.51,8500.06,8505.12,500.751635
2018-03-22 14:55:00,8517.99,8525.0,8465.1,8471.0,374.271447
2018-03-22 15:00:00,8470.0,8562.49,8467.01,8543.77,485.165411
2018-03-22 15:05:00,8543.77,8558.63,8517.0,8541.09,226.247447
2018-03-22 15:10:00,8541.0,8550.0,8477.0,8490.0,354.273823
2018-03-22 15:15:00,8485.13,8530.43,8484.0,8518.36,182.192446
2018-03-22 15:20:00,8518.0,8555.79,8516.0,8534.99,180.678423
2018-03-22 15:25:00,8532.0,8578.23,8531.0,8570.0,221.774082
2018-03-22 15:30:00,8569.85,8598.0,8559.97,8585.0,253.376685
2018-03-22 15:35:00,8592.13,8620.0,8584.34,8600.0,377.787884
2018-03-22 15:40:00,8600.0,8604.99,8554.01,8580.0,209.005809
2018-03-22 15:45:00,8580.0,8615.0,8580.0,8601.01,153.104178
2018-03-22 15:50:00,8600.0,8606.41,8589.32,8599.96,157.981474
2018-03-22 15:55:00,8599.95,8620.0,8589.35,8611.51,243.6718
2018-03-22 16:00:00,8611.51,8655.0,8599.98,8653.0,270.833123
2018-03-22 16:05:00,8653.0,8669.26,8614.78,8669.26,361.717879
2018-03-22 16:10:00,8669.26,8673.0,8620.03,8630.0,241.663456
2018-03-22 16:15:00,8633.84,8635.01,8614.01,8620.0,225.605923
2018-03-22 16:20:00,8620.0,8657.01,8611.64,8640.15,139.548203
2018-03-22 16:25:00,8640.14,8651.85,8630.0,8640.0,133.121206
2018-03-22 16:30:00,8638.0,8640.0,8580.5,8589.93,228.731016
2018-03-22 16:35:00,8589.93,8595.0,8553.0,8590.0,253.224921
2018-03-22 16:40:00,8581.0,8620.86,8566.6,8600.0,164.922249
2018-03-22 16:45:00,8604.99,8605.0,8580.0,8585.89,107.220928
2018-03-22 16:50:00,8590.0,8605.0,8580.0,8589.99,99.902026
2018-03-22 16:55:00,8580.01,8609.3,8579.5,8608.99,90.254365
2018-03-22 17:00:00,8608.99,8628.68,8608.0,8610.0,169.703872
2018-03-22 17:05:00,8608.0,8617.0,8571.78,8590.0,111.552432
2018-03-22 17:10:00,8590.0,8607.91,8564.65,8564.65,69.403205
2018-03-22 17:15:00,8564.65,8579.37,8550.01,8572.19,116.807346
2018-03-22 17:20:00,8572.19,8602.45,8572.19,8601.18,119.91917
2018-03-22 17:25:00,8601.81,8618.04,8591.02,8591.7,86.511446
2018-03-22 17:30:00,8591.75,8624.11,8585.0,8624.1,117.094333
2018-03-22 17:35:00,8624.1,8625.0,8600.0,8605.03,85.564845
2018-03-22 17:40:00,8605.02,8645.0,8595.0,8644.0,108.726321
2018-03-22 17:45:00,8644.0,8691.0,8639.99,8666.93,291.090953
2018-03-22 17:50:00,8655.08,8694.7,8642.64,8675.53,178.320935
2018-03-22 17:55:00,8675.53,8678.75,8655.0,8672.89,82.917556
2018-03-22 18:00:00,8672.9,8695.28,8655.0,8660.0,162.164744
2018-03-22 18:05:00,8660.0,8690.0,8654.0,8679.44,112.621554
2018-03-22 18:10:00,8670.45,8694.22,8670.0,8678.44,97.276741
2018-03-22 18:15:00,8678.44,8680.0,8624.25,8639.98,145.783469
2018-03-22 18:20:00,8634.99,8660.0,8621.1,8659.91,148.219922
2018-03-22 18:25:00,8659.29,8675.01,8650.04,8659.0,80.518153
2018-03-22 18:30:00,8659.0,8673.64,8630.0,8630.0,106.611551
2018-03-22 18:35:00,8642.98,8650.0,8630.0,8644.99,27.656
2018-03-22 18:40:00,8643.21,8649.5,8622.01,8628.0,62.288487
2018-03-22 18:45:00,8628.15,8654.77,8625.0,8645.0,61.364303
2018-03-22 18:50:00,8645.0,8650.02,8628.0,8640.0,51.113012
2018-03-22 18:55:00,8640.0,8676.96,8634.99,8661.0,125.654313
2018-03-22 19:00:00,8648.26,8684.02,8642.98,8660.01,138.545151
2018-03-22 19:05:00,8660.01,8668.0,8650.0,8665.0,67.976151
2018-03-22 19:10:00,8665.0,8675.0,8656.0,8662.0,82.124597
2018-03-22 19:15:00,8663.09,8685.0,8656.0,8680.74,63.595434
2018-03-22 19:20:00,8676.01,8680.94,8665.95,8666.0,37.485762
2018-03-22 19:25:00,8670.64,8674.0,8644.0,8645.0,45.437447
2018-03-22 19:30:00,8645.0,8645.0,8534.0,8579.87,473.375022
2018-03-22 19:35:00,8579.36,8600.0,8553.0,8570.5,94.001055
2018-03-22 19:40:00,8570.69,8608.3,8567.0,8600.94,115.147903
2018-03-22 19:45:00,8606.85,8608.0,8560.81,8580.39,86.074007
2018-03-22 19:50:00,8580.39,8603.31,8580.39,8600.0,77.171847
2018-03-22 19:55:00,8600.01,8629.98,8595.57,8610.99,88.946366
2018-03-22 20:00:00,8610.0,8611.0,8566.37,8580.0,90.422251
2018-03-22 20:05:00,8579.99,8597.58,8562.7,8573.0,132.697451
2018-03-22 20:10:00,8574.93,8591.0,8568.55,8570.48,37.951337
2018-03-22 20:15:00,8570.48,8579.9,8550.0,8563.0,87.899548
2018-03-22 20:20:00,8563.0,8599.0,8561.5,8568.02,97.247122
2018-03-22 20:25:00,8570.0,8600.0,8568.01,8583.54,58.325781
2018-03-22 20:30:00,8586.11,8610.0,8578.24,8595.0,66.59843
2018-03-22 20:35:00,8595.11,8595.11,8563.0,8565.21,47.132906
2018-03-22 20:40:00,8565.22,8592.95,8561.25,8588.35,48.101059
2018-03-22 20:45:00,8583.99,8610.0,8578.0,8594.0,38.47226
2018-03-22 20:50:00,8597.57,8600.99,8564.0,8580.9,78.583639
2018-03-22 20:55:00,8580.93,8595.67,8580.0,8586.97,33.910707
2018-03-22 21:00:00,8586.96,8596.0,8555.0,8565.71,118.346678
2018-03-22 21:05:00,8556.71,8570.0,8510.2,8534.01,213.965576
2018-03-22 21:10:00,8540.13,8555.01,8528.09,8543.89,120.504697
2018-03-22 21:15:00,8543.89,8576.71,8537.01,8567.19,118.415401
2018-03-22 21:20:00,8567.19,8609.85,8556.0,8600.0,88.253978
2018-03-22 21:25:00,8600.04,8620.0,8595.26,8615.11,70.689764
2018-03-22 21:30:00,8619.31,8640.0,8606.04,8613.0,83.437549
2018-03-22 21:35:00,8613.0,8624.57,8589.72,8619.85,88.516351
2018-03-22 21:40:00,8619.82,8625.02,8608.07,8625.02,45.030492
2018-03-22 21:45:00,8625.01,8631.1,8590.0,8600.0,68.637943
2018-03-22 21:50:00,8600.07,8620.0,8594.08,8600.54,31.506946
2018-03-22 21:55:00,8600.54,8618.11,8578.87,8600.12,53.503285
2018-03-22 22:00:00,8607.6,8609.0,8598.0,8605.07,29.19036
2018-03-22 22:05:00,8605.07,8661.01,8605.01,8653.04,123.812164
2018-03-22 22:10:00,8657.0,8664.99,8641.17,8657.0,111.212061
2018-03-22 22:15:00,8657.9,8699.0,8653.98,8686.0,157.205043
2018-03-22 22:20:00,8686.0,8690.0,8657.1,8668.92,108.418674
2018-03-22 22:25:00,8668.94,8674.98,8657.72,8665.02,72.097437
2018-03-22 22:30:00,8666.0,8676.17,8640.0,8664.66,87.063027
2018-03-22 22:35:00,8664.65,8675.36,8660.91,8667.01,43.5386
2018-03-22 22:40:00,8667.01,8695.0,8666.11,8695.0,51.231058
2018-03-22 22:45:00,8693.0,8695.0,8678.28,8689.0,32.687619
2018-03-22 22:50:00,8688.99,8689.0,8666.02,8674.8,67.002285
2018-03-22 22:55:00,8674.98,8709.99,8674.98,8706.98,194.580871
2018-03-22 23:00:00,8709.49,8725.99,8695.0,8719.0,209.756252
2018-03-22 23:05:00,8712.51,8770.0,8710.0,8756.99,247.608636
2018-03-22 23:10:00,8756.99,8766.5,8749.0,8750.0,161.980521
2018-03-22 23:15:00,8750.0,8750.0,8708.11,8734.93,131.791264
2018-03-22 23:20:00,8734.93,8741.06,8706.8,8730.01,86.826274
2018-03-22 23:25:00,8730.01,8757.94,8730.0,8757.91,64.12719
2018-03-22 23:30:00,8757.91,8757.91,8706.15,8707.0,95.106657
2018-03-22 23:35:00,8709.98,8720.0,8690.0,8715.01,107.511945
2018-03-22 23:40:00,8715.01,8718.0,8673.86,8684.17,116.580741
2018-03-22 23:45:00,8684.17,8690.0,8660.0,8681.0,105.478564
2018-03-22 23:50:00,8681.02,8712.0,8681.0,8701.89,91.712516
2018-03-22 23:55:00,8701.89,8729.5,8701.0,8722.9,74.378534
2018-03-23 00:00:00,8720.0,8729.5,8670.0,8688.55,81.680605
2018-03-23 00:05:00,8677.16,8704.99,8654.92,8662.07,134.466494
2018-03-23 00:10:00,8674.32,8696.09,8662.08,8688.51,52.904961
2018-03-23 00:15:00,8689.0,8700.0,8687.52,8690.0,45.000289
2018-03-23 00:20:00,8697.0,8698.0,8661.41,8668.98,68.037429
2018-03-23 00:25:00,8662.25,8683.81,8662.25,8676.0,56.037306
2018-03-23 00:30:00,8676.0,8690.02,8654.93,8683.0,86.077739
2018-03-23 00:35:00,8683.0,8720.9,8663.47,8720.08,80.216164
2018-03-23 00:40:00,8720.08,8728.98,8700.9,8704.02,94.565337
2018-03-23 00:45:00,8704.02,8709.98,8682.86,8688.3,44.059774
2018-03-23 00:50:00,8696.81,8696.83,8675.01,8679.86,48.608247
2018-03-23 00:55:00,8679.93,8684.0,8625.01,8630.8,131.921948
2018-03-23 01:00:00,8630.8,8645.0,8570.0,8594.0,307.024891
2018-03-23 01:05:00,8590.0,8619.0,8570.0,8619.0,158.861554
2018-03-23 01:10:00,8619.0,8625.0,8588.0,8610.0,142.811249
2018-03-23 01:15:00,8610.0,8614.75,8589.0,8605.01,96.605867
2018-03-23 01:20:00,8605.01,8605.01,8593.51,8599.0,99.246662
2018-03-23 01:25:00,8596.0,8605.0,8545.94,8552.0,146.268064
2018-03-23 01:30:00,8550.0,8610.0,8546.87,8578.0,137.033472
2018-03-23 01:35:00,8582.96,8600.0,8578.0,8585.93,60.339546
2018-03-23 01:40:00,8599.5,8599.5,8578.0,8578.0,60.362771
2018-03-23 01:45:00,8580.01,8608.99,8575.7,8600.2,110.296906
2018-03-23 01:50:00,8604.6,8611.64,8589.0,8594.08,54.013414
2018-03-23 01:55:00,8594.09,8604.0,8575.92,8580.0,79.727649
2018-03-23 02:00:00,8580.0,8599.98,8575.47,8589.99,64.033738
2018-03-23 02:05:00,8589.99,8599.98,8571.05,8572.18,62.646115
2018-03-23 02:10:00,8572.1,8585.85,8480.12,8485.0,357.086183
2018-03-23 02:15:00,8480.15,8491.28,8422.04,8440.0,603.826272
2018-03-23 02:20:00,8435.0,8441.0,8380.0,8418.98,705.059474
2018-03-23 02:25:00,8414.37,8430.0,8389.0,8416.02,449.858747
2018-03-23 02:30:00,8416.02,8429.98,8383.0,8390.0,287.736905
2018-03-23 02:35:00,8390.0,8403.67,8367.0,8394.99,301.335852
2018-03-23 02:40:00,8387.03,8409.96,8380.0,8401.68,156.570256
2018-03-23 02:45:00,8401.69,8407.5,8367.0,8395.85,205.98767
2018-03-23 02:50:00,8395.85,8410.2,8380.89,8410.2,146.35025
2018-03-23 02:55:00,8408.79,8437.22,8408.79,8431.0,244.906041
2018-03-23 03:00:00,8430.15,8431.0,8380.2,8394.99,215.28095
2018-03-23 03:05:00,8391.0,8406.45,8366.0,8366.0,162.551923
2018-03-23 03:10:00,8366.14,8388.0,8364.99,8377.04,118.695287
2018-03-23 03:15:00,8380.0,8400.0,8350.0,8364.3,187.288359
2018-03-23 03:20:00,8364.07,8376.52,8330.0,8365.0,293.158658
2018-03-23 03:25:00,8370.0,8412.0,8351.94,8395.0,182.585732
2018-03-23 03:30:00,8399.99,8410.0,8384.59,8395.31,132.470945
2018-03-23 03:35:00,8399.97,8400.0,8385.0,8392.0,50.141019
2018-03-23 03:40:00,8392.0,8425.0,8385.13,8400.0,99.400065
2018-03-23 03:45:00,8399.26,8410.53,8380.0,8382.15,101.514517
2018-03-23 03:50:00,8382.17,8390.57,8370.0,8390.57,84.971206
2018-03-23 03:55:00,8389.0,8415.0,8380.65,8410.05,97.724991
2018-03-23 04:00:00,8400.65,8419.0,8390.0,8401.0,79.954738
2018-03-23 04:05:00,8401.02,8444.46,8396.0,8440.0,177.524681
2018-03-23 04:10:00,8440.0,8466.52,8439.0,8455.3,234.096183
2018-03-23 04:15:00,8457.03,8485.0,8455.3,8467.0,201.018997
2018-03-23 04:20:00,8468.99,8475.0,8432.0,8437.01,109.196202
2018-03-23 04:25:00,8432.26,8446.6,8415.12,8441.0,119.593012
2018-03-23 04:30:00,8434.99,8459.26,8419.0,8429.93,82.414509
2018-03-23 04:35:00,8429.93,8439.39,8423.0,8437.09,46.974741
2018-03-23 04:40:00,8437.09,8456.96,8427.99,8441.0,86.097493
2018-03-23 04:45:00,8442.0,8448.01,8385.38,8399.81,182.346949
2018-03-23 04:50:00,8399.81,8421.89,8378.95,8415.0,168.893681
2018-03-23 04:55:00,8414.98,8414.98,8400.0,8403.14,57.45614
2018-03-23 05:00:00,8400.18,8404.99,8365.5,8372.31,129.278159
2018-03-23 05:05:00,8372.31,8405.0,8358.8,8395.0,126.590271
2018-03-23 05:10:00,8395.0,8409.0,8377.5,8390.36,111.285607
2018-03-23 05:15:00,8390.25,8392.72,8356.32,8378.12,132.259188
2018-03-23 05:20:00,8378.11,8378.29,8353.5,8365.0,141.154612
2018-03-23 05:25:00,8365.0,8379.46,8351.0,8362.51,99.31221
2018-03-23 05:30:00,8362.33,8395.0,8362.09,8389.37,59.452059
2018-03-23 05:35:00,8382.01,8410.0,8382.01,8398.99,128.002286
2018-03-23 05:40:00,8398.98,8410.72,8375.11,8385.0,109.053622
2018-03-23 05:45:00,8385.0,8410.0,8375.01,8403.0,45.586841
2018-03-23 05:50:00,8403.0,8408.0,8385.07,8392.0,60.757271
2018-03-23 05:55:00,8392.17,8429.3,8392.0,8429.07,134.367337
2018-03-23 06:00:00,8429.07,8505.0,8429.07,8434.0,474.223058
2018-03-23 06:05:00,8438.07,8471.94,8430.01,8462.98,144.556555
2018-03-23 06:10:00,8460.01,8462.99,8414.6,8416.02,143.549451
2018-03-23 06:15:00,8423.0,8425.0,8382.95,8393.0,197.218481
2018-03-23 06:20:00,8409.75,8409.76,8380.12,8385.01,135.622626
2018-03-23 06:25:00,8385.01,8410.0,8382.01,8402.13,115.778345
2018-03-23 06:30:00,8402.13,8414.49,8390.0,8390.0,90.352001
2018-03-23 06:35:00,8390.0,8400.5,8381.0,8389.56,101.090144
2018-03-23 06:40:00,8388.26,8403.0,8345.0,8370.0,385.521094
2018-03-23 06:45:00,8370.0,8399.99,8345.16,8374.68,122.116941
2018-03-23 06:50:00,8384.23,8391.54,8370.03,8371.28,58.985583
2018-03-23 06:55:00,8379.96,8391.74,8372.0,8380.0,67.299556
2018-03-23 07:00:00,8380.0,8400.0,8375.29,8392.0,60.889322
2018-03-23 07:05:00,8393.0,8440.0,8391.01,8412.14,124.937633
2018-03-23 07:10:00,8412.14,8420.0,8403.76,8411.11,60.297728
2018-03-23 07:15:00,8412.0,8427.9,8406.9,8425.0,86.814012
2018-03-23 07:20:00,8422.05,8425.0,8375.3,8385.12,107.045026
2018-03-23 07:25:00,8388.0,8403.88,8375.25,8396.95,60.012949
2018-03-23 07:30:00,8390.0,8396.88,8371.64,8385.0,60.438068
2018-03-23 07:35:00,8384.01,8420.0,8377.06,8415.0,73.558282
2018-03-23 07:40:00,8420.0,8420.0,8388.14,8393.01,67.838875
2018-03-23 07:45:00,8400.0,8404.0,8389.99,8399.0,54.800417
2018-03-23 07:50:00,8390.5,8404.6,8380.0,8390.0,72.288462
2018-03-23 07:55:00,8390.0,8403.82,8366.0,8398.65,144.547714
2018-03-23 08:00:00,8398.58,8415.0,8378.03,8413.01,125.320378
2018-03-23 08:05:00,8415.0,8428.0,8400.0,8426.86,93.951371
2018-03-23 08:10:00,8426.86,8495.0,8420.0,8484.0,310.482694
2018-03-23 08:15:00,8480.02,8498.04,8452.68,8482.0,311.906744
2018-03-23 08:20:00,8484.0,8519.0,8465.4,8490.8,313.214702
2018-03-23 08:25:00,8487.89,8522.37,8487.89,8499.0,221.781933
2018-03-23 08:30:00,8499.0,8501.0,8470.0,8479.98,174.770857
2018-03-23 08:35:00,8479.85,8493.74,8467.61,8484.98,86.507367
2018-03-23 08:40:00,8484.99,8509.96,8484.1,8505.17,98.849057
2018-03-23 08:45:00,8509.89,8530.0,8483.12,8500.0,174.089963
2018-03-23 08:50:00,8500.0,8505.0,8470.26,8484.88,83.430945
2018-03-23 08:55:00,8484.02,8493.0,8472.36,8481.0,83.586477
2018-03-23 09:00:00,8481.0,8489.99,8472.26,8477.0,60.298963
2018-03-23 09:05:00,8477.0,8478.0,8466.0,8472.03,77.237539
2018-03-23 09:10:00,8474.99,8495.0,8472.28,8495.0,68.840446
2018-03-23 09:15:00,8495.0,8515.04,8479.96,8515.04,90.916785
2018-03-23 09:20:00,8510.81,8527.96,8510.79,8518.23,168.244875
2018-03-23 09:25:00,8518.91,8550.12,8518.0,8550.0,152.258254
2018-03-23 09:30:00,8550.0,8554.0,8505.14,8522.99,121.098134
2018-03-23 09:35:00,8516.01,8524.99,8503.08,8508.0,83.664676
2018-03-23 09:40:00,8509.0,8514.95,8500.1,8509.12,51.953141
2018-03-23 09:45:00,8509.12,8538.0,8506.0,8520.0,88.325809
2018-03-23 09:50:00,8515.01,8520.04,8503.2,8517.0,59.569776
2018-03-23 09:55:00,8520.0,8528.0,8475.24,8481.51,135.881524
2018-03-23 10:00:00,8488.25,8508.0,8481.51,8490.2,52.531579
2018-03-23 10:05:00,8490.2,8492.8,8456.0,8474.0,126.637578
2018-03-23 10:10:00,8473.99,8473.99,8459.1,8468.76,118.954142
2018-03-23 10:15:00,8462.0,8470.0,8419.0,8430.0,284.754416
2018-03-23 10:20:00,8430.0,8457.66,8401.0,8451.51,174.651359
2018-03-23 10:25:00,8453.96,8453.96,8434.0,8444.99,71.552022
2018-03-23 10:30:00,8444.99,8479.4,8437.47,8455.0,82.985847
2018-03-23 10:35:00,8455.0,8464.69,8432.01,8450.1,87.459495
2018-03-23 10:40:00,8455.03,8489.98,8454.41,8480.0,94.459315
2018-03-23 10:45:00,8474.16,8490.23,8470.0,8475.1,41.976508
2018-03-23 10:50:00,8467.47,8475.0,8452.46,8465.24,56.318027
2018-03-23 10:55:00,8465.24,8474.0,8460.0,8471.0,27.180175
2018-03-23 11:00:00,8474.0,8480.0,8471.0,8475.01,41.190917
2018-03-23 11:05:00,8475.01,8475.01,8441.11,8447.0,75.884118
2018-03-23 11:10:00,8447.0,8453.67,8439.0,8449.0,51.905034
2018-03-23 11:15:00,8449.0,8461.93,8443.0,8459.99,45.32695
2018-03-23 11:20:00,8461.93,8478.5,8450.0,8456.87,54.072144
2018-03-23 11:25:00,8456.87,8460.0,8398.0,8427.97,262.713648
2018-03-23 11:30:00,8427.85,8462.98,8420.0,8462.94,60.250261
2018-03-23 11:35:00,8460.04,8469.7,8450.0,8460.0,56.295728
2018-03-23 11:40:00,8460.0,8469.71,8450.0,8469.71,32.822328
2018-03-23 11:45:00,8469.0,8471.99,8450.0,8463.98,60.495797
2018-03-23 11:50:00,8463.99,8494.9,8447.03,8482.99,95.077892
2018-03-23 11:55:00,8487.83,8523.0,8475.42,8510.0,132.348189
2018-03-23 12:00:00,8509.99,8510.71,8465.05,8480.0,75.069327
2018-03-23 12:05:00,8480.0,8505.0,8479.93,8496.01,68.588935
2018-03-23 12:10:00,8500.0,8505.0,8472.0,8480.0,93.234849
2018-03-23 12:15:00,8485.18,8491.82,8467.0,8483.0,70.40113
2018-03-23 12:20:00,8475.89,8483.0,8420.0,8446.99,126.65316
2018-03-23 12:25:00,8440.01,8447.9,8430.0,8435.0,170.97811
2018-03-23 12:30:00,8435.0,8450.0,8402.0,8413.54,109.40602
2018-03-23 12:35:00,8412.0,8436.21,8402.0,8434.52,90.760162
2018-03-23 12:40:00,8434.52,8441.11,8380.0,8393.49,247.83263
2018-03-23 12:45:00,8407.67,8409.85,8368.0,8387.1,183.879756
2018-03-23 12:50:00,8387.1,8390.0,8321.26,8324.97,334.118452
2018-03-23 12:55:00,8322.0,8325.0,8279.99,8299.0,592.636447
2018-03-23 13:00:00,8299.0,8350.0,8290.15,8327.79,302.059833
2018-03-23 13:05:00,8327.79,8335.23,8301.67,8319.88,155.399892
2018-03-23 13:10:00,8319.78,8330.0,8311.1,8324.0,79.407842
2018-03-23 13:15:00,8327.31,8334.08,8323.0,8332.0,80.131173
2018-03-23 13:20:00,8327.0,8332.0,8269.0,8290.0,323.69481
2018-03-23 13:25:00,8290.04,8314.97,8288.0,8292.0,128.245943
2018-03-23 13:30:00,8292.02,8330.0,8292.02,8329.62,110.947006
2018-03-23 13:35:00,8329.61,8329.61,8293.32,8321.0,114.897224
2018-03-23 13:40:00,8321.0,8321.0,8300.0,8312.97,51.312738
2018-03-23 13:45:00,8311.0,8319.99,8291.0,8311.0,106.528981
2018-03-23 13:50:00,8313.97,8368.77,8293.97,8352.62,149.578596
2018-03-23 13:55:00,8352.5,8372.98,8336.01,8369.0,153.221571
2018-03-23 14:00:00,8369.0,8377.98,8360.0,8375.02,128.505373
2018-03-23 14:05:00,8375.02,8434.8,8375.02,8411.95,230.324469
2018-03-23 14:10:00,8414.97,8430.0,8405.99,8428.0,140.495266
2018-03-23 14:15:00,8425.07,8428.0,8383.0,8384.76,171.235469
2018-03-23 14:20:00,8392.99,8464.5,8378.01,8460.0,189.997122
2018-03-23 14:25:00,8454.42,8466.0,8420.48,8427.99,157.816755
2018-03-23 14:30:00,8427.99,8459.34,8417.0,8451.01,105.79155
2018-03-23 14:35:00,8451.01,8513.84,8425.08,8504.99,329.75509
2018-03-23 14:40:00,8504.99,8586.23,8470.97,8584.0,276.359127
2018-03-23 14:45:00,8582.69,8593.99,8555.6,8592.0,416.717222
2018-03-23 14:50:00,8587.0,8605.0,8566.0,8569.99,372.487407
2018-03-23 14:55:00,8570.0,8584.0,8551.09,8566.97,242.731252
2018-03-23 15:00:00,8566.98,8590.0,8560.2,8573.01,179.857936
2018-03-23 15:05:00,8578.83,8590.0,8570.23,8585.28,198.033002
2018-03-23 15:10:00,8589.03,8687.98,8589.0,8665.0,456.205073
2018-03-23 15:15:00,8662.28,8664.0,8630.01,8640.0,231.862116
2018-03-23 15:20:00,8640.0,8645.88,8605.07,8620.0,174.511475
2018-03-23 15:25:00,8620.0,8624.0,8582.0,8614.92,253.431471
2018-03-23 15:30:00,8602.13,8632.44,8585.0,8619.94,179.335129
2018-03-23 15:35:00,8619.94,8636.88,8590.02,8592.33,115.667213
2018-03-23 15:40:00,8592.33,8600.0,8579.3,8585.0,144.844125
2018-03-23 15:45:00,8585.0,8612.85,8553.63,8600.21,251.545519
2018-03-23 15:50:00,8600.21,8634.9,8600.0,8618.99,125.457959
2018-03-23 15:55:00,8618.99,8635.07,8609.57,8613.0,113.778312
2018-03-23 16:00:00,8618.0,8663.78,8610.0,8640.0,133.188831
2018-03-23 16:05:00,8640.0,8640.64,8591.44,8610.0,114.217317
2018-03-23 16:10:00,8610.0,8631.4,8580.72,8580.72,92.511362
2018-03-23 16:15:00,8589.87,8599.0,8580.0,8585.33,105.980114
2018-03-23 16:20:00,8585.01,8598.0,8570.0,8588.0,112.691337
2018-03-23 16:25:00,8585.0,8600.0,8571.36,8590.06,63.174493
2018-03-23 16:30:00,8599.73,8605.07,8590.05,8596.05,56.447893
2018-03-23 16:35:00,8605.0,8609.0,8576.0,8578.01,78.247978
2018-03-23 16:40:00,8584.0,8606.58,8572.05,8604.79,127.941728
2018-03-23 16:45:00,8604.82,8615.49,8585.52,8609.99,110.548602
2018-03-23 16:50:00,8609.99,8661.23,8602.0,8649.26,256.965071
2018-03-23 16:55:00,8649.25,8659.98,8622.0,8640.0,166.229658
2018-03-23 17:00:00,8640.0,8645.0,8607.2,8612.0,89.665031
2018-03-23 17:05:00,8612.0,8630.66,8612.0,8630.0,63.642513
2018-03-23 17:10:00,8626.0,8645.0,8625.5,8644.9,116.436776
2018-03-23 17:15:00,8644.9,8685.0,8605.93,8606.09,280.110889
2018-03-23 17:20:00,8612.0,8639.0,8606.09,8629.17,205.578629
2018-03-23 17:25:00,8629.17,8639.0,8610.0,8626.06,139.327666
2018-03-23 17:30:00,8628.23,8650.85,8621.01,8650.81,84.883308
2018-03-23 17:35:00,8650.81,8660.0,8637.0,8657.2,145.336759
2018-03-23 17:40:00,8659.99,8667.99,8645.0,8654.29,93.896476
2018-03-23 17:45:00,8654.28,8655.0,8635.07,8638.91,85.190657
2018-03-23 17:50:00,8638.88,8655.67,8638.88,8650.0,96.447141
2018-03-23 17:55:00,8652.99,8652.99,8621.0,8639.79,84.005303
2018-03-23 18:00:00,8639.79,8640.07,8623.09,8625.19,80.398164
2018-03-23 18:05:00,8625.19,8638.99,8615.0,8638.0,107.798084
2018-03-23 18:10:00,8638.0,8728.99,8634.6,8722.86,344.146051
2018-03-23 18:15:00,8714.86,8730.0,8686.38,8725.07,262.329487
2018-03-23 18:20:00,8721.78,8749.5,8680.0,8690.0,282.398517
2018-03-23 18:25:00,8689.8,8700.03,8674.93,8685.0,244.259865
2018-03-23 18:30:00,8681.17,8715.98,8681.16,8708.0,142.125251
2018-03-23 18:35:00,8705.0,8708.0,8638.0,8643.65,321.22892
2018-03-23 18:40:00,8643.65,8655.59,8617.17,8617.17,277.39988
2018-03-23 18:45:00,8617.96,8620.0,8559.25,8597.18,315.66923
2018-03-23 18:50:00,8599.99,8614.56,8575.07,8588.18,212.184032
2018-03-23 18:55:00,8588.18,8640.0,8588.0,8622.01,139.968293
2018-03-23 19:00:00,8618.02,8627.99,8605.0,8610.47,105.930444
2018-03-23 19:05:00,8620.0,8626.0,8585.0,8606.48,105.658961
2018-03-23 19:10:00,8604.42,8609.0,8584.27,8595.28,82.841885
2018-03-23 19:15:00,8595.97,8625.0,8595.97,8610.0,55.217164
2018-03-23 19:20:00,8610.0,8622.99,8603.0,8612.55,54.037196
2018-03-23 19:25:00,8608.91,8629.72,8583.0,8610.16,87.673248
2018-03-23 19:30:00,8610.17,8650.89,8601.64,8635.07,102.833364
2018-03-23 19:35:00,8633.34,8644.64,8600.0,8619.0,80.495371
2018-03-23 19:40:00,8618.32,8635.0,8618.0,8629.21,66.906855
2018-03-23 19:45:00,8629.21,8638.9,8622.0,8630.0,80.499324
2018-03-23 19:50:00,8625.01,8632.0,8615.17,8630.0,91.530877
2018-03-23 19:55:00,8630.0,8649.99,8616.0,8623.99,61.938129
2018-03-23 20:00:00,8623.99,8625.0,8563.2,8580.0,182.071082
2018-03-23 20:05:00,8580.0,8598.96,8565.42,8588.86,110.569751
2018-03-23 20:10:00,8588.86,8611.64,8587.13,8587.18,62.199883
2018-03-23 20:15:00,8589.0,8604.86,8575.07,8581.03,94.83787
2018-03-23 20:20:00,8580.27,8600.0,8570.0,8575.0,61.069835
2018-03-23 20:25:00,8574.99,8584.79,8559.25,8578.99,72.102336
2018-03-23 20:30:00,8578.99,8604.5,8575.0,8576.28,83.939273
2018-03-23 20:35:00,8587.31,8635.0,8575.0,8611.01,132.820416
2018-03-23 20:40:00,8611.01,8615.0,8594.03,8602.0,97.119178
2018-03-23 20:45:00,8602.0,8625.2,8590.0,8625.0,73.143973
2018-03-23 20:50:00,8623.05,8713.13,8610.17,8629.99,209.657883
2018-03-23 20:55:00,8629.98,8632.0,8606.99,8611.0,77.771466
2018-03-23 21:00:00,8619.92,8650.73,8610.0,8649.97,100.287543
2018-03-23 21:05:00,8648.0,8653.88,8613.07,8624.97,56.974493
2018-03-23 21:10:00,8624.75,8640.0,8615.0,8627.67,46.830047
2018-03-23 21:15:00,8627.67,8650.0,8623.09,8649.0,120.54144
2018-03-23 21:20:00,8649.99,8650.0,8622.0,8648.98,98.826215
2018-03-23 21:25:00,8640.23,8650.0,8630.4,8647.0,96.308271
2018-03-23 21:30:00,8647.0,8665.07,8637.04,8652.68,111.081688
2018-03-23 21:35:00,8662.16,8663.98,8632.28,8634.0,92.103624
2018-03-23 21:40:00,8640.0,8646.0,8633.0,8644.99,51.164094
2018-03-23 21:45:00,8644.99,8659.0,8644.23,8649.99,69.515583
2018-03-23 21:50:00,8648.99,8658.99,8648.99,8655.11,65.405632
2018-03-23 21:55:00,8655.11,8731.97,8650.04,8677.0,142.593871
2018-03-23 22:00:00,8677.15,8709.16,8672.17,8696.94,212.847395
2018-03-23 22:05:00,8696.94,8698.0,8680.0,8684.99,53.645875
2018-03-23 22:10:00,8680.02,8697.0,8651.0,8669.77,102.497173
2018-03-23 22:15:00,8674.98,8676.48,8620.21,8640.5,83.712702
2018-03-23 22:20:00,8640.5,8665.07,8631.01,8664.01,70.809569
2018-03-23 22:25:00,8664.01,8664.01,8631.27,8646.0,54.560298
2018-03-23 22:30:00,8646.0,8650.5,8631.27,8650.5,102.37313
2018-03-23 22:35:00,8650.5,8665.07,8640.0,8665.06,38.909473
2018-03-23 22:40:00,8662.0,8674.99,8650.19,8668.97,81.665019
2018-03-23 22:45:00,8668.96,8672.13,8653.01,8660.0,66.125323
2018-03-23 22:50:00,8653.0,8666.15,8650.02,8665.99,63.155223
2018-03-23 22:55:00,8665.99,8665.99,8640.0,8660.0,56.049604
2018-03-23 23:00:00,8660.0,8660.0,8641.3,8657.89,55.151545
2018-03-23 23:05:00,8657.91,8689.65,8657.89,8689.0,63.875505
2018-03-23 23:10:00,8682.86,8695.07,8673.0,8695.07,75.134466
2018-03-23 23:15:00,8695.07,8733.5,8690.02,8729.0,189.917815
2018-03-23 23:20:00,8729.29,8729.96,8688.44,8713.0,120.563075
2018-03-23 23:25:00,8711.43,8750.0,8710.01,8737.02,138.64235
2018-03-23 23:30:00,8737.03,8749.0,8707.67,8724.93,120.633371
2018-03-23 23:35:00,8720.09,8747.61,8720.0,8727.0,85.140963
2018-03-23 23:40:00,8727.51,8746.0,8712.04,8740.36,69.506902
2018-03-23 23:45:00,8740.36,8755.96,8740.36,8753.86,102.505407
2018-03-23 23:50:00,8753.87,8860.0,8753.65,8850.0,447.92934
2018-03-23 23:55:00,8845.71,8909.0,8831.18,8898.03,569.032069
2018-03-24 00:00:00,8898.04,8939.98,8847.07,8884.99,495.252194
2018-03-24 00:05:00,8890.0,8920.0,8879.56,8897.7,222.716297
2018-03-24 00:10:00,8890.39,8897.6,8869.02,8888.0,110.180421
2018-03-24 00:15:00,8888.0,8969.0,8878.21,8960.0,291.682201
2018-03-24 00:20:00,8960.0,8960.0,8906.86,8919.0,242.659984
2018-03-24 00:25:00,8919.0,8919.99,8890.5,8890.51,142.845285
2018-03-24 00:30:00,8899.96,8939.0,8881.0,8908.0,181.827097
2018-03-24 00:35:00,8908.0,8922.6,8898.0,8915.0,130.225294
2018-03-24 00:40:00,8912.0,8918.35,8867.0,8873.61,214.202444
2018-03-24 00:45:00,8873.51,8890.0,8870.02,8881.98,136.486888
2018-03-24 00:50:00,8881.98,8904.8,8880.0,8900.99,162.107439
2018-03-24 00:55:00,8890.03,8915.97,8885.04,8911.01,123.13638
2018-03-24 01:00:00,8911.01,8920.0,8902.01,8911.0,88.549936
2018-03-24 01:05:00,8912.04,8915.0,8888.0,8895.0,146.027552
2018-03-24 01:10:00,8895.0,8896.91,8848.03,8866.01,196.473517
2018-03-24 01:15:00,8866.01,8888.2,8858.33,8886.92,90.085845
2018-03-24 01:20:00,8877.05,8887.84,8875.02,8882.0,44.033469
2018-03-24 01:25:00,8881.0,8887.5,8861.0,8869.98,74.333572
2018-03-24 01:30:00,8869.98,8869.99,8832.03,8850.0,172.616037
2018-03-24 01:35:00,8850.0,8870.0,8845.01,8861.98,68.128702
2018-03-24 01:40:00,8861.98,8874.55,8857.7,8863.0,53.061758
2018-03-24 01:45:00,8863.0,8868.01,8837.1,8854.86,67.844111
2018-03-24 01:50:00,8850.0,8851.0,8830.0,8836.03,103.356065
2018-03-24 01:55:00,8836.0,8850.0,8815.07,8817.99,144.016292
2018-03-24 02:00:00,8817.99,8848.97,8805.01,8821.0,170.760821
2018-03-24 02:05:00,8827.08,8844.31,8825.0,8844.0,156.266081
2018-03-24 02:10:00,8843.99,8865.0,8835.0,8863.54,94.47507
2018-03-24 02:15:00,8863.54,8872.01,8850.02,8872.01,125.382711
2018-03-24 02:20:00,8872.01,8887.99,8860.16,8874.0,147.641894
2018-03-24 02:25:00,8884.99,8887.98,8870.56,8887.5,85.410997
2018-03-24 02:30:00,8887.5,8893.05,8865.14,8870.0,101.927161
2018-03-24 02:35:00,8870.0,8899.0,8865.99,8899.0,72.77948
2018-03-24 02:40:00,8899.21,8904.0,8873.95,8889.02,120.157086
2018-03-24 02:45:00,8897.98,8899.0,8864.15,8868.0,61.598172
2018-03-24 02:50:00,8869.99,8888.1,8862.0,8877.08,79.784329
2018-03-24 02:55:00,8872.64,8903.8,8871.0,8897.08,82.508553
2018-03-24 03:00:00,8881.01,8898.0,8878.11,8897.02,58.509008
2018-03-24 03:05:00,8897.01,8919.0,8890.0,8896.78,82.793027
2018-03-24 03:10:00,8896.78,8900.0,8869.02,8880.08,56.178927
2018-03-24 03:15:00,8880.08,8925.99,8872.0,8903.72,82.156768
2018-03-24 03:20:00,8903.73,8911.89,8892.01,8892.01,65.676573
2018-03-24 03:25:00,8892.01,8900.0,8878.5,8894.85,107.287829
2018-03-24 03:30:00,8894.99,8900.0,8862.74,8870.98,63.316426
2018-03-24 03:35:00,8870.98,8892.3,8860.93,8888.96,49.425111
2018-03-24 03:40:00,8888.0,8891.14,8880.09,8889.0,35.668098
2018-03-24 03:45:00,8889.0,8899.0,8875.0,8884.98,51.912064
2018-03-24 03:50:00,8883.0,8884.99,8875.0,8883.05,43.037033
2018-03-24 03:55:00,8884.97,8886.0,8876.0,8880.02,70.744863
2018-03-24 04:00:00,8885.95,8899.0,8865.01,8868.67,106.969238
2018-03-24 04:05:00,8868.67,8874.99,8854.25,8871.03,117.720275
2018-03-24 04:10:00,8866.88,8886.84,8866.58,8886.02,36.073549
2018-03-24 04:15:00,8886.01,8890.11,8870.01,8877.99,75.879658
2018-03-24 04:20:00,8877.0,8883.3,8870.18,8879.98,73.630677
2018-03-24 04:25:00,8879.99,8903.0,8874.43,8903.0,222.459607
2018-03-24 04:30:00,8903.0,8939.01,8900.0,8931.0,157.614462
2018-03-24 04:35:00,8934.66,8939.99,8915.18,8928.99,137.641421
2018-03-24 04:40:00,8928.99,8929.0,8916.0,8925.02,68.229586
2018-03-24 04:45:00,8925.0,8987.97,8920.06,8962.0,444.695295
2018-03-24 04:50:00,8961.98,8980.0,8951.0,8957.99,222.608138
2018-03-24 04:55:00,8962.04,8974.99,8951.0,8974.99,89.50746
2018-03-24 05:00:00,8967.3,8982.1,8951.0,8951.0,208.732621
2018-03-24 05:05:00,8951.0,8957.01,8927.36,8944.95,106.24232
2018-03-24 05:10:00,8931.0,8947.0,8913.12,8941.0,95.098937
2018-03-24 05:15:00,8941.0,8946.0,8915.56,8922.03,81.040263
2018-03-24 05:20:00,8922.04,8939.99,8922.03,8935.0,33.824473
2018-03-24 05:25:00,8937.0,8945.99,8928.0,8931.99,51.688798
2018-03-24 05:30:00,8930.29,8933.0,8920.01,8930.0,51.178317
2018-03-24 05:35:00,8930.0,8945.0,8928.0,8945.0,76.551208
2018-03-24 05:40:00,8940.22,8965.82,8932.15,8951.48,69.868563
2018-03-24 05:45:00,8951.5,8959.0,8922.01,8927.52,81.235827
2018-03-24 05:50:00,8931.28,8933.0,8834.29,8860.08,337.029892
2018-03-24 05:55:00,8865.19,8873.58,8840.0,8845.0,135.947221
2018-03-24 06:00:00,8841.5,8874.4,8841.5,8872.27,70.952099
2018-03-24 06:05:00,8872.27,8893.46,8872.17,8883.0,94.145279
2018-03-24 06:10:00,8883.0,8900.0,8874.56,8880.02,79.742558
2018-03-24 06:15:00,8889.8,8910.3,8880.03,8909.41,84.155009
2018-03-24 06:20:00,8905.98,8909.4,8893.4,8902.88,61.616306
2018-03-24 06:25:00,8905.58,8907.02,8869.11,8870.0,102.766767
2018-03-24 06:30:00,8870.0,8890.0,8868.0,8884.0,91.662301
2018-03-24 06:35:00,8884.0,8906.0,8883.99,8906.0,84.148714
2018-03-24 06:40:00,8906.0,8908.5,8894.1,8900.42,71.616736
2018-03-24 06:45:00,8900.8,8905.1,8882.1,8885.36,76.04232
2018-03-24 06:50:00,8885.36,8895.0,8860.33,8874.37,118.006492
2018-03-24 06:55:00,8874.37,8913.0,8860.0,8900.05,142.645113
2018-03-24 07:00:00,8900.04,8925.0,8894.23,8916.05,76.347919
2018-03-24 07:05:00,8916.04,8940.0,8900.0,8931.08,107.630218
2018-03-24 07:10:00,8931.08,8960.01,8917.0,8949.93,194.96808
2018-03-24 07:15:00,8949.93,8960.37,8914.93,8925.0,94.996886
2018-03-24 07:20:00,8925.0,8947.62,8920.0,8932.17,56.028675
2018-03-24 07:25:00,8932.57,8938.24,8920.0,8926.0,66.539173
2018-03-24 07:30:00,8927.01,8960.0,8926.0,8945.0,97.057556
2018-03-24 07:35:00,8949.5,8949.5,8920.02,8930.0,72.812719
2018-03-24 07:40:00,8926.04,8938.95,8923.34,8923.34,43.342376
2018-03-24 07:45:00,8923.35,8930.02,8882.0,8900.82,134.938899
2018-03-24 07:50:00,8914.78,8914.79,8901.0,8910.01,71.961017
2018-03-24 07:55:00,8910.02,8936.0,8903.02,8930.0,44.505475
2018-03-24 08:00:00,8931.7,8931.89,8870.17,8870.2,81.15581
2018-03-24 08:05:00,8872.17,8900.0,8865.42,8891.02,101.932721
2018-03-24 08:10:00,8891.01,8899.85,8867.0,8889.91,85.94692
2018-03-24 08:15:00,8891.0,8904.43,8885.57,8903.99,69.10852
2018-03-24 08:20:00,8904.0,8917.0,8900.0,8912.89,55.744582
2018-03-24 08:25:00,8912.89,8915.16,8901.37,8910.0,44.639676
2018-03-24 08:30:00,8910.0,8924.15,8870.0,8893.68,84.427694
2018-03-24 08:35:00,8893.57,8896.99,8866.09,8866.09,82.016608
2018-03-24 08:40:00,8870.0,8906.29,8870.0,8896.99,51.11478
2018-03-24 08:45:00,8896.99,8897.49,8870.0,8877.0,35.286598
2018-03-24 08:50:00,8877.05,8887.99,8870.0,8874.86,56.485
2018-03-24 08:55:00,8877.79,8879.0,8871.85,8873.29,36.217702
2018-03-24 09:00:00,8873.28,8875.44,8840.0,8862.03,161.006544
2018-03-24 09:05:00,8858.0,8869.0,8845.0,8850.58,121.209407
2018-03-24 09:10:00,8857.0,8886.68,8851.08,8882.0,82.822867
2018-03-24 09:15:00,8882.0,8887.0,8861.2,8871.0,87.016232
2018-03-24 09:20:00,8874.0,8874.77,8861.2,8862.56,47.246267
2018-03-24 09:25:00,8861.21,8889.0,8848.04,8887.99,149.63484
2018-03-24 09:30:00,8887.98,8910.0,8887.98,8900.0,137.146063
2018-03-24 09:35:00,8900.0,8900.16,8882.0,8883.55,65.38219
2018-03-24 09:40:00,8883.55,8899.99,8882.0,8890.0,61.630645
2018-03-24 09:45:00,8889.32,8895.8,8860.0,8868.58,93.970783
2018-03-24 09:50:00,8868.58,8888.0,8860.06,8879.98,81.998337
2018-03-24 09:55:00,8879.85,8888.0,8871.79,8887.99,44.814044
2018-03-24 10:00:00,8887.99,8887.99,8777.0,8778.0,252.426068
2018-03-24 10:05:00,8778.0,8800.0,8724.0,8732.0,524.847867
2018-03-24 10:10:00,8732.0,8769.88,8724.0,8750.0,247.848368
2018-03-24 10:15:00,8750.0,8774.14,8740.0,8759.0,156.925218
2018-03-24 10:20:00,8758.91,8769.69,8709.55,8744.01,252.776563
2018-03-24 10:25:00,8738.5,8744.02,8683.0,8719.5,315.687953
2018-03-24 10:30:00,8718.0,8740.0,8686.02,8730.0,189.667101
2018-03-24 10:35:00,8730.0,8750.0,8715.0,8741.0,123.508432
2018-03-24 10:40:00,8741.0,8754.63,8722.29,8725.95,107.987142
2018-03-24 10:45:00,8725.95,8742.0,8705.99,8716.58,70.523584
2018-03-24 10:50:00,8716.58,8763.61,8713.08,8750.0,227.170107
2018-03-24 10:55:00,8752.19,8788.0,8745.34,8767.59,156.918801
2018-03-24 11:00:00,8769.75,8778.0,8731.19,8735.03,87.184443
2018-03-24 11:05:00,8740.0,8800.61,8740.0,8772.82,112.332794
2018-03-24 11:10:00,8772.82,8791.59,8768.52,8784.75,85.141322
2018-03-24 11:15:00,8784.75,8784.75,8760.11,8760.5,52.904861
2018-03-24 11:20:00,8764.12,8764.12,8735.52,8750.51,76.67346
2018-03-24 11:25:00,8755.0,8759.2,8745.95,8751.49,43.889604
2018-03-24 11:30:00,8751.49,8751.49,8735.08,8740.0,37.059248
2018-03-24 11:35:00,8740.0,8760.0,8735.5,8757.5,53.250304
2018-03-24 11:40:00,8756.01,8769.99,8755.35,8755.35,49.374585
2018-03-24 11:45:00,8751.23,8756.31,8700.29,8725.01,223.755958
2018-03-24 11:50:00,8725.01,8735.0,8708.0,8721.98,123.747034
2018-03-24 11:55:00,8721.98,8734.0,8721.98,8723.0,41.06111
2018-03-24 12:00:00,8723.0,8723.0,8680.0,8680.53,178.96537
2018-03-24 12:05:00,8680.0,8705.89,8680.0,8700.01,96.162408
2018-03-24 12:10:00,8700.01,8715.0,8666.3,8684.0,182.842877
2018-03-24 12:15:00,8687.66,8710.0,8677.47,8700.0,172.769416
2018-03-24 12:20:00,8699.0,8746.08,8684.0,8741.0,151.419913
2018-03-24 12:25:00,8741.0,8763.01,8727.48,8738.42,125.885333
2018-03-24 12:30:00,8738.42,8783.0,8738.42,8775.45,108.637802
2018-03-24 12:35:00,8780.68,8782.99,8748.0,8767.24,115.384931
2018-03-24 12:40:00,8769.0,8828.0,8755.7,8799.14,138.789639
2018-03-24 12:45:00,8799.15,8850.97,8793.18,8844.99,221.762589
2018-03-24 12:50:00,8844.99,8857.78,8823.11,8856.08,144.542708
2018-03-24 12:55:00,8856.08,8890.0,8835.89,8860.26,161.638454
2018-03-24 13:00:00,8851.07,8880.0,8842.11,8879.0,150.500343
2018-03-24 13:05:00,8872.05,8879.87,8860.0,8871.0,100.675587
2018-03-24 13:10:00,8871.0,8873.0,8844.99,8848.0,104.301558
2018-03-24 13:15:00,8848.0,8879.0,8846.6,8878.0,104.238128
2018-03-24 13:20:00,8875.0,8875.53,8856.0,8871.99,72.459969
2018-03-24 13:25:00,8871.99,8890.0,8860.01,8872.99,119.424821
2018-03-24 13:30:00,8865.0,8903.5,8865.0,8900.0,154.895192
2018-03-24 13:35:00,8900.0,8905.35,8856.63,8859.04,99.398009
2018-03-24 13:40:00,8859.04,8869.0,8823.84,8865.95,183.32681
2018-03-24 13:45:00,8852.02,8868.19,8841.42,8845.0,102.068032
2018-03-24 13:50:00,8845.0,8849.91,8841.42,8846.2,65.072479
2018-03-24 13:55:00,8846.21,8884.07,8846.01,8870.0,92.601159
2018-03-24 14:00:00,8865.6,8870.0,8850.0,8850.02,77.249723
2018-03-24 14:05:00,8850.02,8860.0,8850.01,8856.0,38.849761
2018-03-24 14:10:00,8856.1,8858.99,8829.86,8839.0,122.027536
2018-03-24 14:15:00,8840.03,8840.99,8830.31,8840.99,100.706702
2018-03-24 14:20:00,8840.99,8860.0,8840.99,8858.0,57.843777
2018-03-24 14:25:00,8859.9,8868.0,8858.0,8864.0,63.230096
2018-03-24 14:30:00,8865.0,8892.4,8864.0,8883.0,96.030707
2018-03-24 14:35:00,8882.99,8950.0,8865.01,8941.12,235.345242
2018-03-24 14:40:00,8948.98,8998.12,8940.0,8989.92,376.505399
2018-03-24 14:45:00,8989.92,8999.95,8955.11,8980.0,272.327595
2018-03-24 14:50:00,8980.0,8987.48,8945.01,8969.44,206.395178
2018-03-24 14:55:00,8979.97,8980.0,8965.0,8973.08,93.10525
2018-03-24 15:00:00,8973.08,8980.0,8944.88,8944.88,119.076746
2018-03-24 15:05:00,8944.88,8972.69,8931.28,8960.0,144.683671
2018-03-24 15:10:00,8960.0,8982.88,8947.01,8978.23,132.715239
2018-03-24 15:15:00,8965.76,8977.81,8951.31,8956.0,77.267479
2018-03-24 15:20:00,8956.0,8963.35,8940.68,8946.9,58.922352
2018-03-24 15:25:00,8944.99,8945.0,8917.97,8918.04,110.727325
2018-03-24 15:30:00,8924.98,8967.46,8924.98,8945.0,134.541368
2018-03-24 15:35:00,8945.0,8949.98,8910.25,8915.0,143.944568
2018-03-24 15:40:00,8915.0,8925.0,8900.0,8918.0,136.458859
2018-03-24 15:45:00,8918.1,8940.0,8918.0,8937.47,61.659723
2018-03-24 15:50:00,8937.47,8944.0,8935.0,8937.04,46.625796
2018-03-24 15:55:00,8936.09,8954.63,8931.0,8950.0,55.894406
2018-03-24 16:00:00,8950.0,8954.63,8880.0,8912.95,224.324497
2018-03-24 16:05:00,8914.9,8920.83,8888.89,8915.83,95.213663
2018-03-24 16:10:00,8915.83,8940.0,8915.0,8938.92,66.746375
2018-03-24 16:15:00,8936.0,8939.99,8901.28,8928.94,149.64001
2018-03-24 16:20:00,8906.03,8945.37,8905.7,8930.01,88.699722
2018-03-24 16:25:00,8943.12,8943.12,8920.0,8923.45,55.057237
2018-03-24 16:30:00,8923.45,8948.0,8923.45,8942.01,80.879828
2018-03-24 16:35:00,8943.98,8950.0,8907.0,8920.0,78.451677
2018-03-24 16:40:00,8917.04,8923.91,8884.02,8915.09,193.68512
2018-03-24 16:45:00,8906.89,8932.65,8900.0,8919.09,89.374091
2018-03-24 16:50:00,8919.05,8939.02,8915.35,8920.0,91.525871
2018-03-24 16:55:00,8920.0,8926.5,8910.0,8925.0,69.719744
2018-03-24 17:00:00,8925.21,8935.0,8901.0,8903.0,62.431096
2018-03-24 17:05:00,8909.0,8910.0,8822.91,8864.08,299.309223
2018-03-24 17:10:00,8864.08,8886.4,8851.0,8858.04,147.422836
2018-03-24 17:15:00,8862.69,8880.75,8852.0,8868.2,107.227579
2018-03-24 17:20:00,8868.2,8900.0,8860.0,8868.98,103.125485
2018-03-24 17:25:00,8878.45,8893.06,8868.0,8889.99,74.180766
2018-03-24 17:30:00,8890.0,8919.0,8878.1,8883.06,94.252223
2018-03-24 17:35:00,8888.0,8896.63,8871.28,8882.85,88.733376
2018-03-24 17:40:00,8882.85,8886.0,8872.74,8880.08,47.9593
2018-03-24 17:45:00,8884.0,8892.67,8880.08,8885.25,46.480372
2018-03-24 17:50:00,8885.25,8888.99,8852.0,8857.0,75.8373
2018-03-24 17:55:00,8858.01,8875.0,8856.01,8860.04,44.912574
2018-03-24 18:00:00,8867.0,8888.0,8860.0,8888.0,55.556561
2018-03-24 18:05:00,8883.63,8920.0,8883.63,8909.99,102.570221
2018-03-24 18:10:00,8909.0,8919.0,8903.0,8905.01,77.905463
2018-03-24 18:15:00,8912.84,8920.0,8906.0,8916.0,56.352252
2018-03-24 18:20:00,8910.72,8927.0,8910.0,8918.75,74.114637
2018-03-24 18:25:00,8916.49,8920.0,8840.27,8858.24,103.790768
2018-03-24 18:30:00,8856.48,8901.64,8856.48,8901.64,70.535927
2018-03-24 18:35:00,8901.64,8905.0,8886.99,8889.99,58.282787
2018-03-24 18:40:00,8889.99,8890.0,8869.8,8878.4,68.078381
2018-03-24 18:45:00,8876.46,8897.0,8874.96,8896.66,52.821082
2018-03-24 18:50:00,8896.66,8919.1,8885.0,8909.88,85.079632
2018-03-24 18:55:00,8905.01,8923.0,8891.91,8916.01,56.48476
2018-03-24 19:00:00,8916.01,8916.01,8873.2,8882.0,54.591849
2018-03-24 19:05:00,8888.0,8911.01,8882.0,8908.21,106.592243
2018-03-24 19:10:00,8908.21,8916.53,8903.0,8910.1,121.488317
2018-03-24 19:15:00,8916.53,8935.0,8909.98,8918.0,106.057057
2018-03-24 19:20:00,8918.0,8942.0,8910.37,8939.77,111.595949
2018-03-24 19:25:00,8939.69,8940.0,8910.0,8925.0,72.411725
2018-03-24 19:30:00,8925.03,8931.98,8880.0,8905.01,117.019487
2018-03-24 19:35:00,8905.01,8920.83,8900.0,8906.0,83.103277
2018-03-24 19:40:00,8906.02,8910.0,8894.77,8909.96,66.80749
2018-03-24 19:45:00,8909.96,8918.99,8880.85,8897.58,80.714053
2018-03-24 19:50:00,8897.58,8909.96,8870.0,8896.99,92.750031
2018-03-24 19:55:00,8883.05,8905.1,8883.05,8892.56,59.678225
2018-03-24 20:00:00,8884.08,8915.0,8884.08,8915.0,74.639645
2018-03-24 20:05:00,8914.75,8949.0,8908.01,8941.49,182.930039
2018-03-24 20:10:00,8944.0,8950.0,8927.01,8935.99,93.613714
2018-03-24 20:15:00,8935.0,8943.88,8927.0,8940.0,63.521871
2018-03-24 20:20:00,8940.0,8955.0,8931.49,8955.0,169.77297
2018-03-24 20:25:00,8955.0,8968.0,8950.0,8961.0,144.591084
2018-03-24 20:30:00,8961.6,8963.0,8927.0,8956.98,201.577202
2018-03-24 20:35:00,8956.98,8957.0,8922.02,8937.98,92.725679
2018-03-24 20:40:00,8930.12,8937.98,8918.46,8930.0,87.392317
2018-03-24 20:45:00,8930.0,8943.0,8913.0,8915.03,69.468626
2018-03-24 20:50:00,8915.04,8942.0,8915.04,8933.9,47.733487
2018-03-24 20:55:00,8926.0,8950.0,8925.02,8937.02,50.562046
2018-03-24 21:00:00,8937.02,8942.8,8870.3,8888.91,136.292185
2018-03-24 21:05:00,8890.0,8908.0,8885.05,8885.05,68.782865
2018-03-24 21:10:00,8885.05,8899.84,8785.36,8785.36,350.343271
2018-03-24 21:15:00,8785.36,8818.94,8762.0,8767.26,246.092653
2018-03-24 21:20:00,8767.26,8775.0,8700.0,8701.11,377.35312
2018-03-24 21:25:00,8701.11,8752.35,8683.39,8715.0,358.36072
2018-03-24 21:30:00,8715.0,8735.56,8661.0,8718.43,337.526231
2018-03-24 21:35:00,8715.0,8718.42,8687.0,8689.76,152.782501
2018-03-24 21:40:00,8688.0,8689.76,8607.23,8657.18,432.430262
2018-03-24 21:45:00,8667.0,8706.12,8657.16,8701.92,180.416568
2018-03-24 21:50:00,8705.82,8705.83,8672.0,8678.01,151.042331
2018-03-24 21:55:00,8678.01,8689.35,8657.0,8663.36,256.057983
2018-03-24 22:00:00,8663.36,8663.36,8559.0,8598.99,441.019755
2018-03-24 22:05:00,8598.99,8667.01,8556.01,8640.14,371.599998
2018-03-24 22:10:00,8640.14,8653.56,8611.45,8630.0,196.459248
2018-03-24 22:15:00,8620.0,8630.72,8585.0,8619.97,122.174012
2018-03-24 22:20:00,8615.03,8706.6,8612.0,8679.99,306.17819
2018-03-24 22:25:00,8679.99,8688.94,8651.95,8676.07,102.697094
2018-03-24 22:30:00,8686.97,8718.0,8649.0,8657.95,235.640519
2018-03-24 22:35:00,8657.95,8678.17,8638.13,8662.59,84.319107
2018-03-24 22:40:00,8665.01,8685.5,8639.85,8665.99,93.547153
2018-03-24 22:45:00,8666.0,8675.02,8639.0,8641.95,95.189913
2018-03-24 22:50:00,8641.95,8645.0,8606.35,8631.39,122.274582
2018-03-24 22:55:00,8638.0,8646.29,8620.03,8625.0,68.049785
2018-03-24 23:00:00,8624.0,8634.94,8586.1,8631.28,214.418325
2018-03-24 23:05:00,8631.0,8652.29,8612.1,8643.02,90.388913
2018-03-24 23:10:00,8643.24,8650.0,8635.0,8648.99,39.755809
2018-03-24 23:15:00,8648.99,8672.0,8642.0,8655.01,82.793765
2018-03-24 23:20:00,8660.0,8660.0,8649.63,8659.13,75.024943
2018-03-24 23:25:00,8659.13,8661.0,8611.09,8632.51,138.505284
2018-03-24 23:30:00,8630.01,8635.0,8605.6,8615.01,103.537075
2018-03-24 23:35:00,8615.0,8655.99,8611.52,8646.97,143.284883
2018-03-24 23:40:00,8645.99,8654.0,8624.49,8634.0,101.922004
2018-03-24 23:45:00,8634.0,8647.99,8629.0,8640.01,48.770069
2018-03-24 23:50:00,8640.99,8649.99,8577.97,8577.97,214.970601
2018-03-24 23:55:00,8577.97,8596.32,8491.0,8546.86,610.648899
2018-03-25 00:00:00,8531.25,8546.98,8491.16,8514.49,252.584585
2018-03-25 00:05:00,8513.99,8522.7,8461.0,8495.0,391.379908
2018-03-25 00:10:00,8498.0,8530.0,8483.55,8524.93,177.707811
2018-03-25 00:15:00,8524.97,8540.0,8504.35,8540.0,126.4722
2018-03-25 00:20:00,8535.01,8557.0,8501.0,8510.98,123.771571
2018-03-25 00:25:00,8504.01,8533.0,8501.0,8531.0,157.291719
2018-03-25 00:30:00,8531.0,8552.73,8525.1,8549.0,114.185309
2018-03-25 00:35:00,8546.15,8549.62,8526.0,8530.0,92.077516
2018-03-25 00:40:00,8526.0,8547.5,8524.8,8543.0,68.571658
2018-03-25 00:45:00,8542.98,8544.0,8531.0,8533.0,114.352706
2018-03-25 00:50:00,8531.04,8537.92,8510.62,8515.32,143.927299
2018-03-25 00:55:00,8515.32,8546.5,8502.18,8539.98,100.246867
2018-03-25 01:00:00,8539.49,8544.99,8531.01,8540.37,81.681523
2018-03-25 01:05:00,8544.0,8585.0,8540.16,8559.96,175.210006
2018-03-25 01:10:00,8559.96,8575.0,8528.03,8539.79,113.179362
2018-03-25 01:15:00,8539.79,8555.0,8526.35,8547.0,41.622378
2018-03-25 01:20:00,8538.07,8555.58,8538.07,8550.0,39.661959
2018-03-25 01:25:00,8550.0,8570.0,8545.13,8556.0,57.522365
2018-03-25 01:30:00,8556.44,8579.19,8550.1,8573.0,95.469019
2018-03-25 01:35:00,8572.99,8599.0,8562.21,8595.99,134.090533
2018-03-25 01:40:00,8595.99,8598.97,8563.53,8568.02,89.959133
2018-03-25 01:45:00,8568.2,8570.44,8516.0,8516.0,192.106493
2018-03-25 01:50:00,8516.0,8521.68,8490.0,8509.97,251.081146
2018-03-25 01:55:00,8502.23,8541.28,8500.01,8518.0,170.439344
2018-03-25 02:00:00,8519.99,8529.99,8491.49,8520.61,147.048716
2018-03-25 02:05:00,8507.01,8556.77,8498.03,8544.0,99.32531
2018-03-25 02:10:00,8540.74,8550.0,8540.1,8540.12,36.649778
2018-03-25 02:15:00,8542.5,8548.0,8518.0,8528.9,91.423081
2018-03-25 02:20:00,8528.9,8534.99,8518.0,8527.77,50.189861
2018-03-25 02:25:00,8530.01,8540.0,8530.01,8537.9,62.579697
2018-03-25 02:30:00,8531.19,8543.99,8512.92,8519.99,66.882384
2018-03-25 02:35:00,8512.95,8519.95,8490.0,8508.0,138.146865
2018-03-25 02:40:00,8504.99,8538.95,8502.02,8523.01,84.331226
2018-03-25 02:45:00,8523.01,8530.0,8515.0,8528.99,68.194217
2018-03-25 02:50:00,8528.99,8529.0,8502.21,8516.9,92.881176
2018-03-25 02:55:00,8516.9,8516.9,8450.0,8465.03,285.94744
2018-03-25 03:00:00,8464.93,8503.4,8433.93,8490.01,284.690172
2018-03-25 03:05:00,8490.01,8500.0,8470.07,8474.8,102.639549
2018-03-25 03:10:00,8474.8,8489.0,8470.0,8476.23,84.798355
2018-03-25 03:15:00,8476.32,8519.94,8476.0,8510.99,83.982638
2018-03-25 03:20:00,8510.0,8525.74,8501.0,8502.72,127.165457
2018-03-25 03:25:00,8502.75,8515.0,8485.94,8500.0,72.474592
2018-03-25 03:30:00,8510.97,8532.9,8500.0,8532.0,56.657154
2018-03-25 03:35:00,8532.0,8540.0,8529.33,8539.0,97.769827
2018-03-25 03:40:00,8539.0,8550.0,8529.34,8545.0,98.237209
2018-03-25 03:45:00,8545.0,8570.0,8539.0,8549.98,115.257583
2018-03-25 03:50:00,8549.97,8563.99,8535.04,8550.0,74.849158
2018-03-25 03:55:00,8550.0,8560.0,8520.0,8555.58,142.216624
2018-03-25 04:00:00,8550.0,8558.1,8518.01,8536.0,42.849156
2018-03-25 04:05:00,8544.97,8546.66,8535.06,8538.0,40.4047
2018-03-25 04:10:00,8538.0,8550.0,8512.32,8524.99,55.906471
2018-03-25 04:15:00,8524.99,8525.0,8512.0,8513.0,50.658817
2018-03-25 04:20:00,8513.0,8524.99,8480.01,8485.74,82.269146
2018-03-25 04:25:00,8500.0,8518.04,8487.37,8511.0,41.233807
2018-03-25 04:30:00,8516.99,8535.19,8510.13,8529.5,35.444009
2018-03-25 04:35:00,8529.5,8534.98,8517.97,8517.97,25.154984
2018-03-25 04:40:00,8522.07,8550.0,8517.97,8549.13,32.793974
2018-03-25 04:45:00,8542.3,8550.36,8530.06,8547.21,42.643071
2018-03-25 04:50:00,8545.0,8551.88,8525.0,8540.95,57.300939
2018-03-25 04:55:00,8525.37,8540.93,8508.89,8524.59,68.663028
2018-03-25 05:00:00,8524.52,8544.51,8510.44,8533.0,97.540944
2018-03-25 05:05:00,8534.98,8571.28,8533.0,8553.49,69.808857
2018-03-25 05:10:00,8558.06,8562.39,8549.72,8562.39,35.706891
2018-03-25 05:15:00,8561.2,8566.58,8558.0,8561.11,47.971837
2018-03-25 05:20:00,8562.9,8571.93,8560.0,8571.88,78.099741
2018-03-25 05:25:00,8570.98,8588.9,8562.0,8563.09,57.709414
2018-03-25 05:30:00,8563.09,8592.59,8558.02,8590.0,102.179987
2018-03-25 05:35:00,8590.01,8592.0,8563.53,8570.0,106.714143
2018-03-25 05:40:00,8570.0,8570.0,8551.02,8553.6,38.008349
2018-03-25 05:45:00,8553.6,8568.27,8545.0,8560.0,41.991527
2018-03-25 05:50:00,8557.75,8560.0,8538.57,8548.99,37.406056
2018-03-25 05:55:00,8539.26,8548.99,8507.25,8521.0,86.677162
2018-03-25 06:00:00,8521.0,8550.07,8520.99,8549.16,44.74025
2018-03-25 06:05:00,8549.97,8560.0,8549.0,8558.9,28.290359
2018-03-25 06:10:00,8555.6,8560.0,8549.04,8550.65,48.461104
2018-03-25 06:15:00,8555.0,8560.3,8537.83,8560.3,41.942223
2018-03-25 06:20:00,8560.3,8587.52,8550.0,8555.02,96.492916
2018-03-25 06:25:00,8555.55,8560.0,8538.48,8547.45,87.648082
2018-03-25 06:30:00,8547.45,8555.05,8538.47,8540.93,47.65937
2018-03-25 06:35:00,8540.93,8549.1,8515.29,8519.8,84.794895
2018-03-25 06:40:00,8519.8,8540.84,8514.0,8527.01,68.934763
2018-03-25 06:45:00,8525.0,8537.34,8478.0,8478.0,111.357872
2018-03-25 06:50:00,8478.0,8514.99,8469.18,8504.0,171.515042
2018-03-25 06:55:00,8502.05,8515.0,8491.08,8497.32,48.386791
2018-03-25 07:00:00,8499.69,8515.0,8491.04,8500.01,76.836419
2018-03-25 07:05:00,8500.0,8500.01,8480.0,8498.0,50.3317
2018-03-25 07:10:00,8497.0,8499.98,8429.0,8440.0,247.045064
2018-03-25 07:15:00,8440.01,8478.0,8379.23,8400.0,327.11508
2018-03-25 07:20:00,8409.5,8440.0,8400.15,8430.5,168.803641
2018-03-25 07:25:00,8430.5,8437.95,8411.0,8417.0,66.464101
2018-03-25 07:30:00,8411.15,8460.07,8411.01,8453.95,124.132333
2018-03-25 07:35:00,8453.9,8460.07,8440.0,8458.0,82.14839
2018-03-25 07:40:00,8458.0,8477.57,8441.2,8464.78,104.30891
2018-03-25 07:45:00,8463.66,8498.49,8453.0,8490.0,81.549414
2018-03-25 07:50:00,8490.01,8498.75,8476.23,8493.57,114.754044
2018-03-25 07:55:00,8493.57,8495.62,8461.29,8466.53,71.325838
2018-03-25 08:00:00,8468.85,8474.78,8445.51,8474.78,123.364024
2018-03-25 08:05:00,8470.68,8548.72,8466.59,8529.46,134.09962
2018-03-25 08:10:00,8529.46,8563.52,8502.62,8544.96,188.09631
2018-03-25 08:15:00,8540.04,8562.59,8537.01,8548.67,71.854256
2018-03-25 08:20:00,8545.84,8548.67,8539.22,8544.0,43.895922
2018-03-25 08:25:00,8544.0,8575.0,8530.72,8547.01,99.261525
2018-03-25 08:30:00,8547.01,8558.3,8530.0,8540.01,37.623705
2018-03-25 08:35:00,8540.0,8542.09,8520.07,8533.99,58.818692
2018-03-25 08:40:00,8533.99,8533.99,8515.0,8529.28,26.449266
2018-03-25 08:45:00,8529.28,8555.3,8520.01,8549.0,109.854914
2018-03-25 08:50:00,8551.93,8555.97,8520.07,8526.0,67.84403
2018-03-25 08:55:00,8525.98,8528.0,8516.37,8524.0,35.911324
2018-03-25 09:00:00,8523.99,8539.99,8515.29,8526.33,82.518473
2018-03-25 09:05:00,8528.25,8530.0,8480.0,8480.55,91.817191
2018-03-25 09:10:00,8490.0,8515.0,8480.0,8497.2,81.420771
2018-03-25 09:15:00,8496.13,8511.3,8480.0,8505.0,67.853472
2018-03-25 09:20:00,8506.0,8529.23,8502.5,8526.99,40.699089
2018-03-25 09:25:00,8526.99,8526.99,8495.14,8495.57,27.295402
2018-03-25 09:30:00,8495.54,8548.32,8495.2,8543.03,66.878166
2018-03-25 09:35:00,8532.56,8542.38,8520.0,8525.01,79.075063
2018-03-25 09:40:00,8526.01,8533.89,8525.02,8532.8,87.85409
2018-03-25 09:45:00,8533.0,8533.0,8508.0,8515.01,63.501598
2018-03-25 09:50:00,8515.0,8529.98,8490.07,8500.25,52.717258
2018-03-25 09:55:00,8501.99,8520.0,8491.0,8503.0,86.169906
2018-03-25 10:00:00,8508.0,8531.54,8502.15,8502.15,56.657455
2018-03-25 10:05:00,8502.3,8531.46,8502.24,8517.23,59.427477
2018-03-25 10:10:00,8525.99,8529.39,8490.07,8500.0,83.120753
2018-03-25 10:15:00,8495.09,8500.0,8450.0,8468.0,146.793929
2018-03-25 10:20:00,8459.0,8474.04,8410.0,8447.45,234.112511
2018-03-25 10:25:00,8438.0,8476.02,8432.86,8438.3,122.632913
2018-03-25 10:30:00,8445.51,8459.99,8438.31,8454.96,99.289477
2018-03-25 10:35:00,8454.96,8482.16,8450.0,8465.45,62.69701
2018-03-25 10:40:00,8477.57,8481.5,8455.45,8456.71,42.427421
2018-03-25 10:45:00,8456.71,8459.0,8421.01,8449.12,146.520296
2018-03-25 10:50:00,8449.18,8482.15,8449.17,8469.01,80.135231
2018-03-25 10:55:00,8469.01,8484.31,8460.42,8470.0,100.754356
2018-03-25 11:00:00,8471.0,8475.01,8449.29,8449.29,57.19764
2018-03-25 11:05:00,8449.29,8460.11,8434.6,8460.11,43.211754
2018-03-25 11:10:00,8460.11,8465.37,8445.0,8451.93,53.045855
2018-03-25 11:15:00,8451.92,8460.0,8391.1,8397.82,163.975229
2018-03-25 11:20:00,8403.03,8434.0,8381.0,8429.65,182.000709
2018-03-25 11:25:00,8429.6,8449.28,8416.0,8428.0,65.732501
2018-03-25 11:30:00,8427.96,8434.88,8403.52,8413.0,106.427971
2018-03-25 11:35:00,8413.0,8421.0,8395.74,8410.0,83.196296
2018-03-25 11:40:00,8400.0,8408.13,8365.77,8380.45,193.942576
2018-03-25 11:45:00,8381.02,8422.0,8366.77,8390.11,199.712315
2018-03-25 11:50:00,8395.99,8411.0,8385.51,8386.1,107.076749
2018-03-25 11:55:00,8386.1,8421.9,8375.0,8407.0,242.545756
2018-03-25 12:00:00,8408.0,8449.0,8407.0,8448.0,121.483404
2018-03-25 12:05:00,8448.02,8450.0,8427.81,8441.02,120.877324
2018-03-25 12:10:00,8443.89,8444.87,8419.66,8425.0,66.188459
2018-03-25 12:15:00,8427.98,8440.0,8420.04,8434.97,48.021638
2018-03-25 12:20:00,8434.98,8434.99,8392.5,8418.01,105.54523
2018-03-25 12:25:00,8418.01,8424.85,8399.57,8411.13,42.39849
2018-03-25 12:30:00,8419.0,8424.39,8380.41,8400.0,90.983159
2018-03-25 12:35:00,8399.99,8515.0,8389.0,8494.97,255.862088
2018-03-25 12:40:00,8488.91,8520.0,8472.0,8495.01,173.779119
2018-03-25 12:45:00,8499.28,8514.98,8480.0,8495.07,138.228296
2018-03-25 12:50:00,8488.08,8499.97,8483.0,8499.49,88.876825
2018-03-25 12:55:00,8499.49,8510.51,8490.0,8505.0,99.3676
2018-03-25 13:00:00,8505.0,8506.64,8460.07,8481.0,115.313914
2018-03-25 13:05:00,8481.0,8499.82,8477.49,8495.98,97.674979
2018-03-25 13:10:00,8496.0,8497.89,8470.78,8478.0,107.924633
2018-03-25 13:15:00,8478.0,8519.95,8475.13,8516.29,105.779161
2018-03-25 13:20:00,8512.0,8518.5,8485.03,8498.0,129.717177
2018-03-25 13:25:00,8498.0,8502.99,8485.02,8499.99,62.036691
2018-03-25 13:30:00,8498.1,8525.5,8497.34,8525.27,91.322624
2018-03-25 13:35:00,8525.27,8533.31,8500.0,8513.75,104.159385
2018-03-25 13:40:00,8513.74,8520.0,8507.0,8513.61,56.690954
2018-03-25 13:45:00,8516.6,8575.64,8511.02,8575.64,186.230022
2018-03-25 13:50:00,8575.62,8580.07,8555.0,8567.26,146.789057
2018-03-25 13:55:00,8565.93,8580.07,8556.07,8574.58,125.2261
2018-03-25 14:00:00,8574.58,8585.1,8532.0,8538.11,193.881444
2018-03-25 14:05:00,8540.0,8545.25,8534.18,8539.31,87.8035
2018-03-25 14:10:00,8540.0,8575.0,8539.3,8570.0,78.950098
2018-03-25 14:15:00,8570.0,8574.87,8550.0,8558.96,71.523599
2018-03-25 14:20:00,8558.96,8562.84,8539.0,8550.0,60.125915
2018-03-25 14:25:00,8555.0,8579.13,8546.02,8574.74,63.877052
2018-03-25 14:30:00,8573.0,8643.0,8573.0,8630.0,285.383103
2018-03-25 14:35:00,8629.85,8640.14,8594.0,8595.02,213.689469
2018-03-25 14:40:00,8609.91,8609.91,8591.0,8596.04,91.7669
2018-03-25 14:45:00,8599.0,8605.0,8570.0,8582.05,136.927151
2018-03-25 14:50:00,8582.05,8590.0,8566.63,8570.78,81.00765
2018-03-25 14:55:00,8570.78,8578.75,8538.48,8560.0,181.331228
2018-03-25 15:00:00,8560.01,8582.0,8560.0,8574.02,87.562065
2018-03-25 15:05:00,8577.0,8577.0,8555.02,8565.24,88.066757
2018-03-25 15:10:00,8569.49,8581.85,8520.07,8534.94,183.640548
2018-03-25 15:15:00,8529.01,8539.0,8480.0,8488.99,202.062971
2018-03-25 15:20:00,8487.45,8526.0,8481.0,8509.0,105.241295
2018-03-25 15:25:00,8508.0,8514.94,8490.07,8502.0,108.43668
2018-03-25 15:30:00,8502.0,8515.0,8492.12,8510.21,58.897807
2018-03-25 15:35:00,8509.98,8510.39,8460.0,8485.0,162.126173
2018-03-25 15:40:00,8485.0,8487.33,8454.26,8474.17,86.0728
2018-03-25 15:45:00,8472.79,8509.67,8465.01,8507.99,109.413118
2018-03-25 15:50:00,8499.99,8509.0,8490.08,8495.0,65.842038
2018-03-25 15:55:00,8495.0,8507.81,8475.0,8480.0,118.572644
2018-03-25 16:00:00,8480.0,8505.0,8475.0,8504.95,64.409531
2018-03-25 16:05:00,8500.0,8557.9,8500.0,8538.0,159.55063
2018-03-25 16:10:00,8538.01,8568.0,8537.9,8566.03,101.436344
2018-03-25 16:15:00,8566.03,8566.03,8500.01,8547.12,178.466501
2018-03-25 16:20:00,8547.07,8547.07,8520.09,8530.99,63.135846
2018-03-25 16:25:00,8530.01,8537.92,8500.01,8510.0,73.688126
2018-03-25 16:30:00,8510.0,8540.0,8505.01,8530.0,62.618828
2018-03-25 16:35:00,8536.9,8538.96,8511.01,8518.02,79.819529
2018-03-25 16:40:00,8518.02,8539.0,8518.02,8539.0,68.506484
2018-03-25 16:45:00,8539.0,8579.01,8529.2,8560.99,150.256646
2018-03-25 16:50:00,8560.99,8572.55,8540.94,8549.99,81.21105
2018-03-25 16:55:00,8545.01,8564.01,8540.0,8554.81,66.990813
2018-03-25 17:00:00,8554.81,8559.97,8524.0,8528.44,69.13719
2018-03-25 17:05:00,8527.21,8556.0,8520.0,8547.5,85.898711
2018-03-25 17:10:00,8555.92,8555.92,8531.35,8555.0,80.554517
2018-03-25 17:15:00,8554.99,8555.8,8546.13,8547.04,59.690553
2018-03-25 17:20:00,8547.02,8556.97,8547.02,8553.49,57.463675
2018-03-25 17:25:00,8553.49,8560.0,8540.0,8540.01,73.447462
2018-03-25 17:30:00,8541.0,8542.0,8506.99,8532.84,84.993761
2018-03-25 17:35:00,8529.95,8535.0,8518.96,8535.0,68.177733
2018-03-25 17:40:00,8535.09,8538.0,8519.1,8528.87,51.307427
2018-03-25 17:45:00,8528.84,8528.84,8470.99,8503.26,158.78314
2018-03-25 17:50:00,8503.28,8506.0,8475.0,8488.06,63.342487
2018-03-25 17:55:00,8491.0,8531.88,8488.02,8529.0,79.202742
2018-03-25 18:00:00,8529.0,8618.11,8517.64,8591.11,422.325155
2018-03-25 18:05:00,8591.12,8630.78,8575.47,8589.05,161.440771
2018-03-25 18:10:00,8589.06,8600.0,8575.0,8585.0,78.554474
2018-03-25 18:15:00,8583.34,8623.32,8583.34,8606.21,134.808451
2018-03-25 18:20:00,8590.02,8619.0,8563.52,8589.99,137.708622
2018-03-25 18:25:00,8589.99,8610.07,8580.06,8597.0,88.48486
2018-03-25 18:30:00,8596.04,8610.07,8593.03,8609.03,66.332812
2018-03-25 18:35:00,8609.99,8637.77,8600.02,8626.69,138.030746
2018-03-25 18:40:00,8626.69,8634.92,8600.0,8607.0,108.582769
2018-03-25 18:45:00,8607.0,8624.99,8601.01,8624.99,73.11267
2018-03-25 18:50:00,8624.99,8624.99,8607.46,8616.99,72.161333
2018-03-25 18:55:00,8608.02,8625.01,8607.47,8610.47,42.790278
2018-03-25 19:00:00,8610.0,8620.0,8593.0,8620.0,81.516372
2018-03-25 19:05:00,8619.99,8634.97,8610.0,8622.01,50.502916
2018-03-25 19:10:00,8622.01,8669.85,8616.08,8657.99,184.585006
2018-03-25 19:15:00,8658.0,8659.0,8611.0,8621.39,114.052557
2018-03-25 19:20:00,8624.8,8640.0,8615.0,8632.03,64.826397
2018-03-25 19:25:00,8632.03,8634.97,8562.85,8567.01,150.80951
2018-03-25 19:30:00,8562.85,8610.07,8555.0,8602.73,156.907305
2018-03-25 19:35:00,8604.96,8625.0,8596.81,8624.9,42.867828
2018-03-25 19:40:00,8611.12,8625.79,8611.12,8612.0,38.633826
2018-03-25 19:45:00,8613.5,8613.5,8589.21,8601.02,99.34025
2018-03-25 19:50:00,8604.98,8604.99,8581.0,8599.99,58.343148
2018-03-25 19:55:00,8599.99,8622.27,8595.0,8612.09,59.959519
2018-03-25 20:00:00,8620.97,8622.79,8605.04,8609.94,53.905698
2018-03-25 20:05:00,8607.0,8617.43,8600.0,8600.04,68.172924
2018-03-25 20:10:00,8600.05,8608.99,8590.0,8601.9,38.075247
2018-03-25 20:15:00,8601.9,8611.99,8595.42,8605.05,74.894395
2018-03-25 20:20:00,8600.0,8605.03,8520.07,8541.92,137.144468
2018-03-25 20:25:00,8545.0,8568.54,8523.0,8528.99,92.920033
2018-03-25 20:30:00,8523.05,8558.37,8523.04,8555.54,66.026688
2018-03-25 20:35:00,8555.54,8555.58,8525.98,8550.0,89.371087
2018-03-25 20:40:00,8550.01,8572.0,8543.02,8555.02,70.723732
2018-03-25 20:45:00,8555.01,8586.49,8541.54,8575.0,69.674559
2018-03-25 20:50:00,8575.0,8614.03,8559.14,8610.01,106.863964
2018-03-25 20:55:00,8610.0,8610.0,8575.67,8593.93,58.733101
2018-03-25 21:00:00,8593.8,8610.07,8580.03,8606.0,64.973318
2018-03-25 21:05:00,8601.97,8606.0,8589.56,8595.0,48.081615
2018-03-25 21:10:00,8598.81,8604.58,8567.66,8581.98,40.84381
2018-03-25 21:15:00,8581.95,8585.98,8573.73,8578.1,56.793409
2018-03-25 21:20:00,8585.97,8598.97,8578.1,8590.33,36.97987
2018-03-25 21:25:00,8591.0,8600.0,8580.01,8590.0,69.603914
2018-03-25 21:30:00,8590.0,8599.77,8570.0,8575.0,57.597373
2018-03-25 21:35:00,8584.71,8606.97,8575.0,8603.8,53.286714
2018-03-25 21:40:00,8603.8,8630.0,8603.56,8620.12,62.471289
2018-03-25 21:45:00,8620.12,8630.0,8600.0,8610.0,67.471645
2018-03-25 21:50:00,8609.92,8620.0,8596.01,8619.93,52.688478
2018-03-25 21:55:00,8620.0,8625.01,8604.16,8625.0,46.060114
2018-03-25 22:00:00,8625.0,8645.53,8613.08,8633.37,68.819326
2018-03-25 22:05:00,8633.35,8638.52,8586.88,8601.04,70.414884
2018-03-25 22:10:00,8600.0,8613.59,8581.05,8601.06,69.71307
2018-03-25 22:15:00,8601.2,8608.99,8575.0,8589.86,61.820982
2018-03-25 22:20:00,8587.99,8608.0,8585.0,8599.0,67.781354
2018-03-25 22:25:00,8595.0,8620.0,8593.0,8619.94,55.549288
2018-03-25 22:30:00,8614.97,8628.0,8592.0,8594.0,50.90102
2018-03-25 22:35:00,8599.68,8608.5,8589.01,8590.05,27.221704
2018-03-25 22:40:00,8590.05,8609.97,8585.0,8585.0,50.800125
2018-03-25 22:45:00,8585.02,8602.92,8476.0,8480.12,344.223289
2018-03-25 22:50:00,8480.14,8513.9,8420.85,8423.0,362.694415
2018-03-25 22:55:00,8434.09,8449.84,8401.03,8448.95,283.201084
2018-03-25 23:00:00,8448.95,8448.95,8392.0,8392.02,224.970804
2018-03-25 23:05:00,8392.53,8445.21,8390.01,8433.0,215.447093
2018-03-25 23:10:00,8433.0,8439.87,8409.0,8426.99,72.237007
2018-03-25 23:15:00,8426.99,8427.0,8388.0,8405.0,182.451322
2018-03-25 23:20:00,8405.0,8490.09,8402.08,8448.91,195.565648
2018-03-25 23:25:00,8441.0,8447.99,8409.58,8425.01,103.306189
2018-03-25 23:30:00,8429.0,8435.04,8403.0,8403.0,52.855032
2018-03-25 23:35:00,8403.01,8438.99,8402.0,8432.0,46.602002
2018-03-25 23:40:00,8432.0,8463.01,8430.0,8456.93,85.439399
2018-03-25 23:45:00,8456.93,8494.67,8450.0,8470.35,102.591962
2018-03-25 23:50:00,8470.35,8472.72,8447.9,8470.27,73.247789
2018-03-25 23:55:00,8472.72,8472.72,8445.56,8470.15,42.497111
2018-03-26 00:00:00,8470.14,8494.41,8458.43,8468.0,75.748878
2018-03-26 00:05:00,8462.3,8483.88,8462.3,8479.01,36.535017
2018-03-26 00:10:00,8479.01,8510.93,8464.53,8501.54,92.69484
2018-03-26 00:15:00,8500.13,8514.89,8464.01,8464.76,77.880821
2018-03-26 00:20:00,8465.11,8479.99,8436.3,8459.0,73.130324
2018-03-26 00:25:00,8456.03,8492.0,8447.0,8477.84,44.061397
2018-03-26 00:30:00,8477.72,8480.88,8460.07,8460.12,44.16979
2018-03-26 00:35:00,8460.12,8460.12,8420.72,8425.0,61.046803
2018-03-26 00:40:00,8425.09,8446.99,8425.0,8440.03,38.458757
2018-03-26 00:45:00,8440.03,8457.9,8435.84,8435.84,71.988232
2018-03-26 00:50:00,8435.84,8436.87,8419.91,8424.96,131.15751
2018-03-26 00:55:00,8424.96,8439.98,8366.0,8369.79,306.295257
2018-03-26 01:00:00,8369.73,8397.9,8353.18,8388.38,221.129219
2018-03-26 01:05:00,8388.98,8414.82,8381.26,8411.99,111.198052
2018-03-26 01:10:00,8409.77,8420.0,8394.92,8414.6,63.749304
2018-03-26 01:15:00,8414.13,8434.68,8405.0,8417.02,89.268247
2018-03-26 01:20:00,8417.03,8443.0,8417.0,8417.0,82.740693
2018-03-26 01:25:00,8417.0,8434.93,8393.4,8410.99,69.69814
2018-03-26 01:30:00,8419.63,8422.97,8409.12,8422.97,25.375953
2018-03-26 01:35:00,8425.0,8430.0,8385.0,8419.0,119.25796
2018-03-26 01:40:00,8419.0,8424.03,8402.0,8402.13,36.235778
2018-03-26 01:45:00,8403.0,8412.03,8392.0,8407.95,60.560155
2018-03-26 01:50:00,8407.95,8420.0,8399.0,8417.75,49.546698
2018-03-26 01:55:00,8417.76,8420.0,8411.03,8417.0,21.646664
2018-03-26 02:00:00,8417.0,8446.53,8415.1,8436.02,55.089624
2018-03-26 02:05:00,8435.56,8455.77,8433.21,8434.82,88.03223
2018-03-26 02:10:00,8434.82,8450.0,8400.0,8406.33,92.565067
2018-03-26 02:15:00,8409.6,8425.0,8403.66,8423.99,30.21566
2018-03-26 02:20:00,8423.99,8444.0,8420.0,8430.04,73.742249
2018-03-26 02:25:00,8430.04,8439.76,8412.2,8418.99,46.554015
2018-03-26 02:30:00,8418.99,8427.98,8406.48,8414.92,36.610323
2018-03-26 02:35:00,8414.89,8420.24,8402.0,8405.42,41.615559
2018-03-26 02:40:00,8404.45,8421.52,8399.97,8405.01,90.257226
2018-03-26 02:45:00,8409.97,8415.0,8400.01,8404.99,52.06063
2018-03-26 02:50:00,8404.99,8412.98,8394.88,8404.99,48.229882
2018-03-26 02:55:00,8411.96,8463.66,8404.99,8433.0,164.718873
2018-03-26 03:00:00,8435.01,8465.0,8433.0,8465.0,124.256616
2018-03-26 03:05:00,8464.99,8483.8,8445.26,8468.96,97.30509
2018-03-26 03:10:00,8468.96,8470.0,8451.0,8452.15,76.813659
2018-03-26 03:15:00,8452.15,8470.0,8436.53,8468.73,106.999603
2018-03-26 03:20:00,8454.99,8468.72,8440.0,8465.98,76.685887
2018-03-26 03:25:00,8465.99,8475.29,8440.0,8454.69,60.529217
2018-03-26 03:30:00,8448.34,8454.69,8440.01,8450.0,36.396856
2018-03-26 03:35:00,8450.0,8454.0,8443.17,8448.69,45.945831
2018-03-26 03:40:00,8449.0,8453.46,8411.53,8420.0,126.441459
2018-03-26 03:45:00,8420.0,8447.87,8419.97,8442.5,39.580568
2018-03-26 03:50:00,8442.5,8442.73,8420.0,8426.99,60.390852
2018-03-26 03:55:00,8426.99,8447.76,8420.0,8440.92,36.69197
2018-03-26 04:00:00,8440.92,8450.0,8420.0,8450.0,64.292049
2018-03-26 04:05:00,8440.94,8467.42,8440.94,8450.41,43.73442
2018-03-26 04:10:00,8453.99,8459.56,8445.55,8456.0,56.529796
2018-03-26 04:15:00,8453.99,8470.0,8450.0,8469.99,28.786376
2018-03-26 04:20:00,8470.0,8471.0,8460.01,8466.29,30.896978
2018-03-26 04:25:00,8466.28,8477.0,8460.15,8465.03,76.975149
2018-03-26 04:30:00,8465.04,8474.62,8450.0,8452.08,53.13495
2018-03-26 04:35:00,8451.0,8468.31,8435.0,8445.0,66.920709
2018-03-26 04:40:00,8445.0,8464.93,8430.92,8449.33,51.189595
2018-03-26 04:45:00,8449.32,8456.0,8440.7,8454.95,26.317174
2018-03-26 04:50:00,8454.95,8460.02,8428.0,8449.48,75.784991
2018-03-26 04:55:00,8447.8,8451.4,8434.55,8445.0,47.946963
2018-03-26 05:00:00,8449.94,8451.64,8440.1,8443.0,51.284622
2018-03-26 05:05:00,8443.0,8455.51,8442.04,8450.03,71.571713
2018-03-26 05:10:00,8454.97,8454.99,8445.0,8450.32,26.164181
2018-03-26 05:15:00,8450.29,8459.55,8446.02,8458.97,31.99968
2018-03-26 05:20:00,8458.42,8458.42,8445.0,8445.05,31.464979
2018-03-26 05:25:00,8445.05,8457.11,8445.05,8450.01,26.745383
2018-03-26 05:30:00,8450.0,8474.58,8447.01,8469.9,50.162261
2018-03-26 05:35:00,8468.01,8490.98,8453.72,8487.39,101.192126
2018-03-26 05:40:00,8489.97,8490.98,8469.0,8474.65,83.204915
2018-03-26 05:45:00,8475.78,8491.25,8469.6,8486.7,81.945146
2018-03-26 05:50:00,8486.7,8490.0,8471.0,8479.69,70.593695
2018-03-26 05:55:00,8479.67,8480.0,8461.0,8461.0,47.336084
2018-03-26 06:00:00,8461.0,8480.0,8425.0,8443.99,152.550315
2018-03-26 06:05:00,8443.99,8446.93,8432.18,8436.3,67.67369
2018-03-26 06:10:00,8436.31,8453.43,8436.0,8453.42,77.822277
2018-03-26 06:15:00,8451.71,8467.0,8431.0,8450.0,66.113205
2018-03-26 06:20:00,8450.0,8454.97,8432.67,8433.52,48.741601
2018-03-26 06:25:00,8440.84,8450.0,8430.07,8447.79,41.050453
2018-03-26 06:30:00,8447.79,8457.97,8436.0,8449.99,75.770471
2018-03-26 06:35:00,8449.0,8450.0,8437.61,8447.98,84.816545
2018-03-26 06:40:00,8448.97,8448.97,8436.0,8436.02,78.101801
2018-03-26 06:45:00,8436.03,8445.0,8421.2,8437.0,39.523329
2018-03-26 06:50:00,8437.0,8444.98,8426.12,8441.0,42.517529
2018-03-26 06:55:00,8440.02,8449.0,8440.02,8444.24,56.515509
2018-03-26 07:00:00,8446.53,8449.0,8440.01,8448.76,17.231604
2018-03-26 07:05:00,8448.76,8448.77,8411.0,8420.45,105.493161
2018-03-26 07:10:00,8420.45,8429.0,8413.01,8426.0,82.42937
2018-03-26 07:15:00,8427.37,8427.37,8415.02,8415.99,21.064632
2018-03-26 07:20:00,8415.02,8432.81,8364.57,8371.99,317.647437
2018-03-26 07:25:00,8371.99,8410.0,8371.99,8391.0,103.095578
2018-03-26 07:30:00,8399.79,8401.9,8381.01,8401.9,59.186858
2018-03-26 07:35:00,8401.9,8410.58,8386.03,8400.15,71.295096
2018-03-26 07:40:00,8400.15,8405.04,8370.0,8391.07,105.044699
2018-03-26 07:45:00,8391.07,8423.89,8386.0,8409.12,94.477284
2018-03-26 07:50:00,8409.12,8434.0,8403.13,8410.2,86.508067
2018-03-26 07:55:00,8415.0,8416.0,8400.0,8405.88,39.04311
2018-03-26 08:00:00,8400.5,8423.89,8400.02,8411.03,37.201071
2018-03-26 08:05:00,8411.03,8423.0,8411.03,8423.0,28.77015
2018-03-26 08:10:00,8422.99,8426.99,8398.5,8398.51,155.820167
2018-03-26 08:15:00,8398.5,8406.92,8391.0,8404.0,49.54623
2018-03-26 08:20:00,8404.0,8419.02,8386.01,8392.86,106.690039
2018-03-26 08:25:00,8390.0,8393.0,8380.0,8387.99,74.634095
2018-03-26 08:30:00,8387.99,8420.0,8382.0,8411.06,55.531856
2018-03-26 08:35:00,8411.07,8418.91,8400.0,8411.07,37.160507
2018-03-26 08:40:00,8411.07,8416.0,8406.2,8415.0,46.604252
2018-03-26 08:45:00,8411.03,8415.0,8399.2,8408.99,43.469343
2018-03-26 08:50:00,8408.99,8409.0,8374.02,8385.0,49.794189
2018-03-26 08:55:00,8376.0,8389.0,8374.0,8380.06,91.299291
2018-03-26 09:00:00,8380.06,8385.76,8350.02,8350.02,208.034503
2018-03-26 09:05:00,8350.02,8359.21,8315.0,8334.99,381.011018
2018-03-26 09:10:00,8335.04,8350.0,8318.11,8340.06,169.430714
2018-03-26 09:15:00,8340.06,8350.01,8321.17,8336.87,123.994056
2018-03-26 09:20:00,8332.0,8336.87,8279.8,8290.25,363.649662
2018-03-26 09:25:00,8290.26,8307.0,8271.35,8295.94,302.726591
2018-03-26 09:30:00,8292.0,8295.98,8230.88,8260.54,384.74763
2018-03-26 09:35:00,8260.54,8300.0,8250.0,8287.4,301.256763
2018-03-26 09:40:00,8287.4,8325.0,8280.1,8312.57,272.553779
2018-03-26 09:45:00,8314.48,8315.06,8290.01,8305.0,136.252471
2018-03-26 09:50:00,8306.01,8318.9,8296.0,8310.0,101.551991
2018-03-26 09:55:00,8310.0,8310.53,8261.0,8290.04,192.436183
2018-03-26 10:00:00,8290.02,8298.91,8270.0,8280.01,132.935248
2018-03-26 10:05:00,8280.01,8291.0,8250.0,8254.0,199.974196
2018-03-26 10:10:00,8255.0,8287.99,8250.0,8284.0,170.332099
2018-03-26 10:15:00,8283.99,8327.0,8283.99,8301.01,186.844267
2018-03-26 10:20:00,8301.0,8309.99,8295.0,8309.99,94.723551
2018-03-26 10:25:00,8309.99,8315.0,8293.01,8315.0,76.583826
2018-03-26 10:30:00,8315.0,8330.47,8310.0,8310.77,112.386019
2018-03-26 10:35:00,8310.4,8314.0,8293.67,8299.0,98.604978
2018-03-26 10:40:00,8299.0,8299.95,8270.05,8285.01,100.144563
2018-03-26 10:45:00,8289.13,8298.2,8263.4,8276.96,96.176931
2018-03-26 10:50:00,8276.96,8277.0,8235.0,8235.0,233.931165
2018-03-26 10:55:00,8244.97,8250.0,8188.11,8190.09,537.081738
2018-03-26 11:00:00,8190.09,8216.81,8175.0,8190.09,536.012909
2018-03-26 11:05:00,8190.09,8213.02,8188.0,8207.31,234.103626
2018-03-26 11:10:00,8208.0,8210.0,8191.0,8191.0,227.216049
2018-03-26 11:15:00,8193.0,8193.74,8101.0,8104.99,757.786796
2018-03-26 11:20:00,8101.0,8149.51,8069.01,8141.01,613.004467
2018-03-26 11:25:00,8147.99,8148.0,8079.16,8088.03,453.12951
2018-03-26 11:30:00,8080.98,8107.99,8050.0,8067.0,477.89557
2018-03-26 11:35:00,8070.03,8125.01,8060.23,8117.26,384.992509
2018-03-26 11:40:00,8125.01,8142.0,8090.19,8096.99,259.223714
2018-03-26 11:45:00,8096.99,8128.72,8080.01,8120.0,345.377349
2018-03-26 11:50:00,8119.21,8124.88,8078.08,8081.99,244.456086
2018-03-26 11:55:00,8080.0,8099.0,8050.0,8089.0,228.420547
2018-03-26 12:00:00,8089.0,8099.0,8060.65,8078.91,189.391742
2018-03-26 12:05:00,8074.22,8075.0,8011.0,8011.0,360.139322
2018-03-26 12:10:00,8011.32,8053.0,8000.01,8025.0,369.319803
2018-03-26 12:15:00,8023.53,8107.52,8015.22,8107.0,279.231436
2018-03-26 12:20:00,8092.67,8110.77,8060.0,8110.0,211.625411
2018-03-26 12:25:00,8110.0,8130.0,8082.01,8123.9,266.25177
2018-03-26 12:30:00,8123.8,8136.0,8087.0,8100.0,341.584958
2018-03-26 12:35:00,8100.01,8135.0,8100.0,8109.0,156.204327
2018-03-26 12:40:00,8110.05,8165.0,8109.0,8152.19,233.47268
2018-03-26 12:45:00,8152.13,8160.07,8130.0,8139.0,173.993879
2018-03-26 12:50:00,8140.0,8145.0,8081.0,8120.0,294.522614
2018-03-26 12:55:00,8120.0,8134.97,8100.01,8106.99,194.529868
2018-03-26 13:00:00,8106.99,8118.0,8085.0,8109.99,180.972388
2018-03-26 13:05:00,8109.98,8113.0,8090.66,8094.45,103.60195
2018-03-26 13:10:00,8094.93,8095.0,8060.0,8073.0,236.556156
2018-03-26 13:15:00,8073.26,8109.98,8056.0,8100.0,233.538161
2018-03-26 13:20:00,8100.0,8116.03,8089.18,8115.0,134.594613
2018-03-26 13:25:00,8115.2,8118.31,8092.77,8108.0,144.664149
2018-03-26 13:30:00,8105.03,8111.31,8100.0,8103.0,82.592251
2018-03-26 13:35:00,8103.0,8152.47,8100.99,8151.11,141.163325
2018-03-26 13:40:00,8151.11,8162.0,8123.97,8130.0,191.966238
2018-03-26 13:45:00,8130.0,8144.85,8121.93,8138.01,108.464124
2018-03-26 13:50:00,8137.99,8140.01,8115.96,8128.96,124.082176
2018-03-26 13:55:00,8120.03,8128.96,8083.0,8095.0,178.422135
2018-03-26 14:00:00,8095.0,8115.68,8075.0,8075.0,243.281875
2018-03-26 14:05:00,8074.77,8090.17,8050.02,8052.02,198.531982
2018-03-26 14:10:00,8052.01,8092.0,8051.05,8092.0,125.695742
2018-03-26 14:15:00,8087.01,8110.0,8080.02,8098.0,134.89773
2018-03-26 14:20:00,8099.0,8107.32,8067.52,8083.9,155.679019
2018-03-26 14:25:00,8083.88,8084.0,8061.0,8065.01,126.228931
2018-03-26 14:30:00,8065.0,8084.0,8046.02,8055.98,160.834645
2018-03-26 14:35:00,8050.05,8056.01,8012.02,8034.93,239.376973
2018-03-26 14:40:00,8034.93,8054.0,8020.8,8054.0,167.969832
2018-03-26 14:45:00,8050.0,8070.07,8040.0,8047.0,120.395891
2018-03-26 14:50:00,8048.0,8086.0,8038.33,8086.0,184.967489
2018-03-26 14:55:00,8086.0,8113.88,8076.91,8081.0,161.67922
2018-03-26 15:00:00,8080.91,8100.56,8076.81,8085.05,139.776088
2018-03-26 15:05:00,8087.44,8116.0,8080.0,8087.44,132.959684
2018-03-26 15:10:00,8090.11,8100.0,8075.02,8081.01,60.663675
2018-03-26 15:15:00,8081.01,8089.0,8070.07,8083.04,69.783602
2018-03-26 15:20:00,8083.04,8083.08,8052.0,8065.83,167.238441
2018-03-26 15:25:00,8065.62,8087.94,8060.0,8080.02,122.240224
2018-03-26 15:30:00,8087.91,8095.01,8075.0,8075.0,80.413025
2018-03-26 15:35:00,8075.0,8088.0,8075.0,8079.91,78.196269
2018-03-26 15:40:00,8077.0,8079.92,8052.0,8056.0,116.893212
2018-03-26 15:45:00,8055.99,8065.08,8031.54,8045.91,193.06611
2018-03-26 15:50:00,8045.91,8077.0,8040.1,8072.99,101.282503
2018-03-26 15:55:00,8074.99,8074.99,8056.99,8057.16,50.793069
2018-03-26 16:00:00,8057.16,8063.0,8021.92,8040.3,172.498932
2018-03-26 16:05:00,8037.83,8049.99,8030.0,8042.99,91.48118
2018-03-26 16:10:00,8041.01,8062.48,8040.01,8049.64,116.49649
2018-03-26 16:15:00,8049.0,8056.41,8048.0,8055.99,133.599056
2018-03-26 16:20:00,8055.99,8075.01,8050.0,8075.0,87.101486
2018-03-26 16:25:00,8075.0,8089.55,8074.72,8088.0,139.855398
2018-03-26 16:30:00,8088.0,8099.04,8071.0,8080.46,245.276662
2018-03-26 16:35:00,8080.47,8088.0,8071.0,8076.01,54.658765
2018-03-26 16:40:00,8079.17,8088.0,8056.0,8087.97,127.057198
2018-03-26 16:45:00,8087.97,8088.0,8065.65,8080.0,96.152688
2018-03-26 16:50:00,8080.01,8085.01,8070.0,8080.0,54.834169
2018-03-26 16:55:00,8079.16,8090.54,8079.1,8079.1,103.307529
2018-03-26 17:00:00,8079.1,8080.0,8046.99,8073.91,100.49944
2018-03-26 17:05:00,8065.21,8080.0,8015.0,8015.0,158.377992
2018-03-26 17:10:00,8016.11,8016.34,7921.1,7921.21,1168.745846
2018-03-26 17:15:00,7921.14,7949.99,7901.1,7926.0,645.862318
2018-03-26 17:20:00,7926.0,7926.8,7860.0,7903.47,792.404442
2018-03-26 17:25:00,7903.47,7945.0,7875.99,7934.0,296.626686
2018-03-26 17:30:00,7937.87,7980.0,7922.89,7927.0,395.44391
2018-03-26 17:35:00,7923.13,7930.96,7873.43,7888.0,330.759143
2018-03-26 17:40:00,7885.01,7915.0,7885.0,7900.0,255.694702
2018-03-26 17:45:00,7900.0,7915.0,7880.6,7914.5,132.213288
2018-03-26 17:50:00,7910.01,7937.0,7910.0,7910.0,125.651097
2018-03-26 17:55:00,7910.12,7910.13,7881.11,7905.0,189.640648
2018-03-26 18:00:00,7900.21,7935.0,7890.0,7928.0,214.976102
2018-03-26 18:05:00,7918.72,7929.99,7910.0,7910.0,101.183851
2018-03-26 18:10:00,7911.01,7916.98,7862.0,7889.77,172.775456
2018-03-26 18:15:00,7883.01,7911.32,7883.01,7907.98,133.765941
2018-03-26 18:20:00,7905.0,7909.75,7868.66,7870.0,137.189559
2018-03-26 18:25:00,7870.0,7889.0,7861.7,7887.0,146.96649
2018-03-26 18:30:00,7889.0,7923.97,7875.07,7901.56,158.956584
2018-03-26 18:35:00,7910.93,7911.77,7875.07,7905.0,123.752888
2018-03-26 18:40:00,7905.0,7911.61,7892.72,7894.07,54.359507
2018-03-26 18:45:00,7894.07,7904.5,7892.79,7892.79,61.972214
2018-03-26 18:50:00,7892.8,7900.0,7890.0,7894.0,54.927647
2018-03-26 18:55:00,7894.0,7910.0,7881.0,7883.0,130.76905
2018-03-26 19:00:00,7883.06,7888.94,7850.01,7867.0,346.825579
2018-03-26 19:05:00,7873.0,7954.74,7860.11,7954.74,201.650491
2018-03-26 19:10:00,7953.0,7971.65,7925.66,7935.08,239.089023
2018-03-26 19:15:00,7940.0,7960.0,7918.45,7929.98,166.773656
2018-03-26 19:20:00,7929.97,7929.98,7905.0,7919.35,120.120959
2018-03-26 19:25:00,7919.35,7953.6,7918.56,7939.77,139.008759
2018-03-26 19:30:00,7939.77,7967.9,7934.79,7950.0,149.620009
2018-03-26 19:35:00,7950.02,7959.0,7937.0,7945.0,104.075394
2018-03-26 19:40:00,7945.0,7946.99,7920.07,7934.0,133.579515
2018-03-26 19:45:00,7931.03,7934.0,7881.11,7900.0,131.870871
2018-03-26 19:50:00,7898.65,7940.0,7898.65,7933.0,72.517175
2018-03-26 19:55:00,7932.99,7940.0,7909.0,7910.03,59.08145
2018-03-26 20:00:00,7910.04,7941.0,7910.01,7938.43,85.106482
2018-03-26 20:05:00,7938.0,7938.95,7920.01,7934.0,59.933756
2018-03-26 20:10:00,7933.01,7937.0,7921.0,7921.01,80.772626
2018-03-26 20:15:00,7921.92,7924.99,7901.66,7910.34,92.606778
2018-03-26 20:20:00,7910.34,7929.98,7885.0,7924.71,146.377332
2018-03-26 20:25:00,7924.71,7925.0,7910.46,7925.0,71.349734
2018-03-26 20:30:00,7925.2,7929.22,7890.98,7901.35,67.956876
2018-03-26 20:35:00,7908.0,7912.98,7895.1,7896.49,62.774235
2018-03-26 20:40:00,7896.51,7907.99,7850.0,7890.0,358.06507
2018-03-26 20:45:00,7885.76,7912.99,7869.76,7889.99,119.745508
2018-03-26 20:50:00,7886.0,7900.0,7885.0,7890.0,71.44442
2018-03-26 20:55:00,7887.07,7890.01,7870.0,7875.0,92.628836
2018-03-26 21:00:00,7875.04,7918.0,7872.0,7915.81,107.969795
2018-03-26 21:05:00,7915.66,7915.69,7887.0,7887.0,88.504383
2018-03-26 21:10:00,7888.0,7904.0,7832.0,7876.66,237.232252
2018-03-26 21:15:00,7876.66,7900.0,7860.0,7892.37,145.511328
2018-03-26 21:20:00,7892.36,7892.36,7870.67,7884.9,98.457655
2018-03-26 21:25:00,7883.0,7897.9,7882.0,7897.9,95.850829
2018-03-26 21:30:00,7897.89,7897.9,7860.06,7876.63,120.357696
2018-03-26 21:35:00,7876.64,7888.44,7870.4,7879.89,65.810291
2018-03-26 21:40:00,7879.9,7880.0,7864.01,7874.99,55.871834
2018-03-26 21:45:00,7871.28,7874.98,7831.0,7850.48,114.149858
2018-03-26 21:50:00,7850.48,7875.0,7850.41,7868.0,52.382346
2018-03-26 21:55:00,7866.06,7883.39,7866.05,7880.0,72.043991
2018-03-26 22:00:00,7880.01,7920.0,7866.05,7913.39,149.240661
2018-03-26 22:05:00,7915.0,8115.0,7899.44,8111.54,574.961908
2018-03-26 22:10:00,8100.01,8181.93,8056.4,8170.0,756.468352
2018-03-26 22:15:00,8170.0,8190.0,8108.3,8161.0,614.920178
2018-03-26 22:20:00,8169.99,8249.0,8155.56,8230.0,537.330752
2018-03-26 22:25:00,8227.7,8227.7,8150.09,8172.0,418.135066
2018-03-26 22:30:00,8181.0,8207.97,8147.31,8207.84,309.93902
2018-03-26 22:35:00,8202.99,8207.95,8170.0,8188.0,230.562985
2018-03-26 22:40:00,8188.0,8188.0,8138.0,8171.0,303.234042
2018-03-26 22:45:00,8171.0,8207.95,8163.11,8198.83,169.850603
2018-03-26 22:50:00,8198.82,8198.82,8175.01,8185.22,116.072569
2018-03-26 22:55:00,8185.22,8195.69,8180.0,8195.65,112.56933
2018-03-26 23:00:00,8195.65,8195.69,8162.24,8166.01,122.952556
2018-03-26 23:05:00,8166.0,8186.0,8162.01,8178.0,98.965456
2018-03-26 23:10:00,8178.0,8205.04,8170.0,8198.0,188.246838
2018-03-26 23:15:00,8197.95,8199.98,8181.01,8190.0,110.328485
2018-03-26 23:20:00,8190.0,8268.5,8189.01,8251.0,325.508557
2018-03-26 23:25:00,8253.37,8253.37,8205.0,8209.78,259.659891
2018-03-26 23:30:00,8213.0,8213.0,8177.01,8189.98,158.78087
2018-03-26 23:35:00,8192.0,8200.0,8100.9,8150.03,395.761075
2018-03-26 23:40:00,8150.03,8168.24,8132.93,8141.09,124.705073
2018-03-26 23:45:00,8141.09,8168.16,8137.91,8144.9,91.6711
2018-03-26 23:50:00,8144.9,8154.04,8139.73,8150.0,79.256901
2018-03-26 23:55:00,8150.2,8153.97,8121.0,8134.23,131.096284
2018-03-27 00:00:00,8134.22,8158.99,8124.01,8156.0,223.040428
2018-03-27 00:05:00,8158.0,8206.8,8158.0,8170.2,166.026911
2018-03-27 00:10:00,8167.15,8185.0,8166.0,8184.88,114.126475
2018-03-27 00:15:00,8181.0,8184.99,8135.77,8166.75,144.358569
2018-03-27 00:20:00,8163.39,8178.99,8140.72,8159.16,62.588858
2018-03-27 00:25:00,8158.0,8167.74,8154.25,8155.02,99.895755
2018-03-27 00:30:00,8159.99,8164.96,8155.0,8155.03,60.887995
2018-03-27 00:35:00,8159.95,8201.0,8155.0,8199.98,131.38256
2018-03-27 00:40:00,8195.51,8200.99,8174.4,8184.64,84.791282
2018-03-27 00:45:00,8184.64,8199.0,8174.44,8199.0,90.775079
2018-03-27 00:50:00,8199.0,8215.94,8186.01,8195.0,112.41726
2018-03-27 00:55:00,8194.99,8198.0,8177.0,8177.0,66.91623
2018-03-27 01:00:00,8177.0,8190.0,8170.24,8180.23,68.279763
2018-03-27 01:05:00,8180.19,8196.0,8180.19,8189.0,64.14115
2018-03-27 01:10:00,8190.0,8190.0,8176.57,8177.0,52.643832
2018-03-27 01:15:00,8176.57,8176.68,8150.1,8150.11,133.40571
2018-03-27 01:20:00,8150.11,8177.1,8150.0,8170.0,93.150401
2018-03-27 01:25:00,8169.99,8177.07,8162.0,8170.1,100.979354
2018-03-27 01:30:00,8170.11,8181.28,8166.96,8166.96,41.519248
2018-03-27 01:35:00,8170.0,8182.0,8160.5,8175.0,61.880596
2018-03-27 01:40:00,8178.36,8182.0,8175.0,8180.02,67.731361
2018-03-27 01:45:00,8180.03,8190.0,8175.0,8186.73,52.847995
2018-03-27 01:50:00,8186.72,8186.87,8044.47,8091.62,331.927714
2018-03-27 01:55:00,8097.85,8099.99,8012.24,8016.45,367.141449
2018-03-27 02:00:00,8016.42,8030.0,7965.0,7978.1,530.689303
2018-03-27 02:05:00,7982.81,7997.52,7910.0,7910.0,353.497006
2018-03-27 02:10:00,7913.01,7966.93,7905.0,7960.04,303.124591
2018-03-27 02:15:00,7965.0,7988.99,7865.0,7918.03,462.022776
2018-03-27 02:20:00,7918.02,7918.02,7891.0,7905.05,124.137778
2018-03-27 02:25:00,7905.05,7912.96,7872.21,7890.0,182.269457
2018-03-27 02:30:00,7890.0,7900.0,7872.63,7885.0,99.973361
2018-03-27 02:35:00,7896.62,7922.23,7880.0,7896.21,91.342353
2018-03-27 02:40:00,7896.21,7896.21,7873.71,7875.07,115.156663
2018-03-27 02:45:00,7875.07,7925.0,7875.0,7899.06,139.523573
2018-03-27 02:50:00,7899.06,7909.0,7887.07,7898.14,125.285708
2018-03-27 02:55:00,7898.14,7900.78,7831.1,7845.99,376.989397
2018-03-27 03:00:00,7845.99,7878.48,7835.0,7869.92,108.018694
2018-03-27 03:05:00,7869.88,7922.23,7853.57,7900.0,193.310167
2018-03-27 03:10:00,7903.87,7908.82,7865.0,7890.07,95.276182
2018-03-27 03:15:00,7898.8,7899.0,7870.99,7884.99,88.763266
2018-03-27 03:20:00,7884.0,7889.99,7862.24,7866.13,52.857421
2018-03-27 03:25:00,7866.13,7873.52,7836.18,7866.45,135.150332
2018-03-27 03:30:00,7866.45,7885.0,7855.61,7868.95,62.185176
2018-03-27 03:35:00,7868.95,7883.84,7861.0,7865.02,50.782575
2018-03-27 03:40:00,7865.03,7874.62,7845.02,7846.63,81.868802
2018-03-27 03:45:00,7854.97,7854.97,7823.0,7824.2,297.277975
2018-03-27 03:50:00,7826.0,7839.28,7820.0,7829.0,146.936302
2018-03-27 03:55:00,7831.0,7866.52,7824.0,7866.42,149.588877
2018-03-27 04:00:00,7866.42,7882.0,7835.14,7850.0,168.955484
2018-03-27 04:05:00,7842.01,7849.94,7826.25,7830.0,87.22715
2018-03-27 04:10:00,7826.25,7872.0,7826.24,7850.2,127.598151
2018-03-27 04:15:00,7850.19,7922.24,7833.02,7869.65,209.245567
2018-03-27 04:20:00,7869.65,7885.0,7851.15,7880.0,75.753971
2018-03-27 04:25:00,7880.0,7885.0,7860.0,7864.99,69.235416
2018-03-27 04:30:00,7864.99,7865.8,7835.0,7857.97,123.396932
2018-03-27 04:35:00,7855.0,7858.0,7841.98,7852.0,58.923914
2018-03-27 04:40:00,7855.99,7858.0,7839.44,7841.0,50.38507
2018-03-27 04:45:00,7841.01,7847.76,7771.5,7771.99,528.038072
2018-03-27 04:50:00,7772.0,7787.76,7730.0,7743.67,436.098638
2018-03-27 04:55:00,7749.0,7781.3,7743.67,7755.41,198.61257
2018-03-27 05:00:00,7755.42,7785.0,7750.06,7771.57,135.113251
2018-03-27 05:05:00,7771.37,7787.75,7766.02,7774.01,78.361357
2018-03-27 05:10:00,7776.99,7776.99,7747.92,7755.0,98.018204
2018-03-27 05:15:00,7761.99,7783.0,7752.01,7759.01,122.601011
2018-03-27 05:20:00,7759.0,7774.0,7736.2,7753.94,82.324443
2018-03-27 05:25:00,7753.94,7765.0,7736.0,7757.27,168.334645
2018-03-27 05:30:00,7757.27,7765.0,7730.0,7746.23,196.296345
2018-03-27 05:35:00,7746.23,7915.73,7745.49,7898.85,491.963267
2018-03-27 05:40:00,7898.85,7949.8,7888.0,7892.24,337.08289
2018-03-27 05:45:00,7890.19,7930.0,7869.0,7881.14,220.251588
2018-03-27 05:50:00,7869.56,7893.01,7862.24,7882.99,121.944445
2018-03-27 05:55:00,7879.94,7929.0,7871.11,7920.03,151.990725
2018-03-27 06:00:00,7920.66,7926.92,7886.01,7915.0,106.194713
2018-03-27 06:05:00,7912.97,7912.98,7860.0,7869.91,93.345403
2018-03-27 06:10:00,7869.91,7892.24,7860.1,7885.0,79.281851
2018-03-27 06:15:00,7885.0,7911.99,7854.81,7889.0,96.753729
2018-03-27 06:20:00,7888.99,7929.0,7888.98,7929.0,103.574818
2018-03-27 06:25:00,7926.0,7930.0,7904.66,7926.98,153.94513
2018-03-27 06:30:00,7926.98,8050.05,7926.94,8024.99,401.116002
2018-03-27 06:35:00,8021.01,8024.99,7966.0,7968.0,165.750999
2018-03-27 06:40:00,7968.0,7976.94,7940.0,7966.97,123.292266
2018-03-27 06:45:00,7960.02,7974.0,7953.68,7961.99,74.810632
2018-03-27 06:50:00,7961.99,7962.0,7908.0,7953.68,176.052932
2018-03-27 06:55:00,7942.72,7969.0,7937.91,7963.96,80.349326
2018-03-27 07:00:00,7963.97,7970.0,7928.35,7932.97,68.261903
2018-03-27 07:05:00,7929.61,7932.97,7858.85,7860.0,220.591806
2018-03-27 07:10:00,7861.01,7875.0,7832.88,7873.01,203.441664
2018-03-27 07:15:00,7873.01,7898.0,7873.01,7889.28,89.779125
2018-03-27 07:20:00,7890.0,7892.0,7845.67,7857.8,118.427618
2018-03-27 07:25:00,7870.0,7912.98,7869.26,7899.99,93.714477
2018-03-27 07:30:00,7899.99,7900.0,7868.0,7892.02,69.023965
2018-03-27 07:35:00,7892.02,7941.69,7892.0,7941.32,130.720741
2018-03-27 07:40:00,7941.32,7950.7,7921.27,7931.02,87.9697
2018-03-27 07:45:00,7938.79,7938.79,7921.28,7935.01,59.4424
2018-03-27 07:50:00,7937.0,7937.0,7885.22,7910.1,72.372011
2018-03-27 07:55:00,7915.0,7939.5,7904.99,7917.09,87.5439
2018-03-27 08:00:00,7917.09,7930.74,7905.0,7905.0,80.613375
2018-03-27 08:05:00,7915.59,7915.59,7820.0,7849.22,232.821413
2018-03-27 08:10:00,7849.22,7879.0,7835.0,7875.0,115.539031
2018-03-27 08:15:00,7870.01,7920.0,7865.01,7895.89,186.645309
2018-03-27 08:20:00,7895.88,7982.24,7881.9,7975.0,178.814181
2018-03-27 08:25:00,7975.0,7997.0,7938.74,7938.86,210.225219
2018-03-27 08:30:00,7940.92,7955.0,7912.01,7941.99,119.497647
2018-03-27 08:35:00,7941.99,7949.44,7910.93,7921.0,166.339539
2018-03-27 08:40:00,7921.94,7943.0,7911.93,7934.0,56.852177
2018-03-27 08:45:00,7933.24,7992.06,7911.06,7992.0,114.694626
2018-03-27 08:50:00,7992.0,7993.0,7950.72,7950.72,73.770908
2018-03-27 08:55:00,7950.72,7956.98,7902.0,7930.0,98.136086
2018-03-27 09:00:00,7930.0,7949.76,7877.01,7924.9,147.985546
2018-03-27 09:05:00,7924.92,7949.0,7919.94,7935.33,54.499406
2018-03-27 09:10:00,7935.33,7953.57,7935.33,7942.48,59.815251
2018-03-27 09:15:00,7942.47,7942.48,7914.33,7932.0,63.761022
2018-03-27 09:20:00,7933.31,7950.8,7922.0,7950.0,63.111601
2018-03-27 09:25:00,7948.97,7982.87,7935.76,7944.78,111.035553
2018-03-27 09:30:00,7936.61,7942.81,7888.14,7893.88,110.983088
2018-03-27 09:35:00,7901.31,7930.0,7890.49,7917.98,101.175186
2018-03-27 09:40:00,7917.98,7929.85,7873.0,7874.99,123.864376
2018-03-27 09:45:00,7874.79,7910.0,7855.0,7901.9,74.067347
2018-03-27 09:50:00,7888.91,7924.97,7888.91,7908.73,38.031443
2018-03-27 09:55:00,7902.39,7940.0,7892.24,7900.0,74.796431
2018-03-27 10:00:00,7900.0,7920.0,7900.0,7920.0,44.644313
2018-03-27 10:05:00,7915.01,7953.85,7915.01,7932.71,134.280576
2018-03-27 10:10:00,7934.79,7950.0,7923.93,7948.88,71.474971
2018-03-27 10:15:00,7948.87,7954.75,7917.17,7938.0,87.365668
2018-03-27 10:20:00,7938.0,7950.0,7933.01,7950.0,124.268161
2018-03-27 10:25:00,7950.0,7960.01,7934.43,7939.44,110.85858
2018-03-27 10:30:00,7940.0,7948.98,7930.0,7931.27,56.922503
2018-03-27 10:35:00,7938.89,7939.96,7925.31,7934.98,51.336276
2018-03-27 10:40:00,7934.99,7939.99,7925.02,7926.43,50.532787
2018-03-27 10:45:00,7926.44,7948.98,7925.01,7946.46,99.021335
2018-03-27 10:50:00,7946.46,7982.0,7933.0,7982.0,163.278576
2018-03-27 10:55:00,7979.0,8040.0,7972.03,7982.45,286.645127
2018-03-27 11:00:00,7980.45,8000.09,7952.24,7960.16,115.864858
2018-03-27 11:05:00,7965.47,7965.51,7908.0,7933.99,153.733903
2018-03-27 11:10:00,7933.92,7960.01,7923.97,7933.77,112.310427
2018-03-27 11:15:00,7933.77,7947.0,7916.62,7945.99,87.923401
2018-03-27 11:20:00,7934.79,7947.0,7929.17,7942.0,45.55673
2018-03-27 11:25:00,7941.0,7942.0,7922.86,7934.0,48.378855
2018-03-27 11:30:00,7934.0,7934.0,7855.0,7896.95,279.366957
2018-03-27 11:35:00,7889.24,7922.24,7880.0,7915.0,111.93927
2018-03-27 11:40:00,7909.01,7923.0,7895.0,7910.0,68.844431
2018-03-27 11:45:00,7904.94,7947.0,7904.92,7917.28,116.948624
2018-03-27 11:50:00,7917.28,7935.0,7903.71,7920.0,79.261317
2018-03-27 11:55:00,7920.0,7939.99,7913.5,7934.22,55.784569
2018-03-27 12:00:00,7932.2,7938.99,7878.58,7898.0,99.84862
2018-03-27 12:05:00,7898.0,7941.92,7893.11,7934.77,88.640286
2018-03-27 12:10:00,7922.46,7940.19,7911.69,7923.0,61.104234
2018-03-27 12:15:00,7923.0,7956.45,7921.0,7948.63,64.9492
2018-03-27 12:20:00,7947.12,7950.0,7909.01,7910.0,79.670007
2018-03-27 12:25:00,7919.99,7938.45,7903.8,7933.52,69.867274
2018-03-27 12:30:00,7933.51,7982.24,7933.51,7975.44,108.176629
2018-03-27 12:35:00,7973.6,7987.72,7952.25,7954.0,78.953464
2018-03-27 12:40:00,7954.0,7958.5,7941.83,7948.01,50.489044
2018-03-27 12:45:00,7948.01,7963.42,7920.0,7931.31,70.862683
2018-03-27 12:50:00,7932.16,7942.0,7906.38,7914.03,84.70571
2018-03-27 12:55:00,7914.03,7949.31,7906.5,7940.96,74.610739
2018-03-27 13:00:00,7940.97,7940.99,7921.6,7933.83,62.571156
2018-03-27 13:05:00,7933.83,7971.13,7923.3,7965.7,82.562869
2018-03-27 13:10:00,7962.0,7975.0,7940.01,7968.5,114.148832
2018-03-27 13:15:00,7968.5,7990.05,7952.24,7965.99,139.657653
2018-03-27 13:20:00,7965.0,7965.99,7950.0,7950.01,37.79597
2018-03-27 13:25:00,7950.02,7965.13,7941.01,7963.0,63.646143
2018-03-27 13:30:00,7960.0,7972.04,7938.1,7954.75,158.06499
2018-03-27 13:35:00,7958.49,7978.08,7958.46,7970.0,103.831069
2018-03-27 13:40:00,7969.07,8040.0,7968.01,7987.96,325.540898
2018-03-27 13:45:00,7985.0,7987.96,7963.0,7982.92,138.640324
2018-03-27 13:50:00,7982.92,8072.24,7975.04,8072.24,368.995245
2018-03-27 13:55:00,8069.9,8150.0,8066.81,8088.01,563.281313
2018-03-27 14:00:00,8094.9,8130.0,8061.06,8061.17,286.592177
2018-03-27 14:05:00,8061.17,8096.86,8061.17,8076.0,131.864104
2018-03-27 14:10:00,8076.0,8082.0,8071.72,8078.48,128.470735
2018-03-27 14:15:00,8078.44,8078.44,8038.02,8045.02,249.041222
2018-03-27 14:20:00,8045.02,8088.94,8045.02,8065.48,156.758703
2018-03-27 14:25:00,8070.99,8080.0,8052.02,8052.02,59.547165
2018-03-27 14:30:00,8055.0,8087.45,8036.27,8040.54,130.865992
2018-03-27 14:35:00,8046.41,8054.3,8036.0,8049.84,74.155974
2018-03-27 14:40:00,8049.8,8085.0,8049.01,8079.01,99.969462
2018-03-27 14:45:00,8079.01,8085.0,8049.99,8068.0,132.868276
2018-03-27 14:50:00,8068.49,8087.46,8067.0,8080.0,119.207104
2018-03-27 14:55:00,8078.99,8087.86,8068.01,8071.0,113.192085
2018-03-27 15:00:00,8068.01,8088.27,8060.0,8084.99,68.110349
2018-03-27 15:05:00,8085.0,8140.0,8077.01,8112.69,185.937254
2018-03-27 15:10:00,8112.69,8129.61,8087.0,8103.0,196.323031
2018-03-27 15:15:00,8103.0,8128.32,8103.0,8118.0,152.964072
2018-03-27 15:20:00,8115.01,8150.17,8111.01,8117.93,199.750159
2018-03-27 15:25:00,8117.93,8123.99,8043.69,8067.1,229.703457
2018-03-27 15:30:00,8051.24,8102.24,8044.67,8069.99,155.04474
2018-03-27 15:35:00,8064.99,8084.8,8050.0,8075.32,81.962391
2018-03-27 15:40:00,8075.32,8080.01,8055.89,8072.99,72.73364
2018-03-27 15:45:00,8072.51,8085.0,8051.33,8080.06,142.641458
2018-03-27 15:50:00,8078.66,8083.38,8052.0,8069.0,106.26935
2018-03-27 15:55:00,8069.0,8075.0,8050.0,8066.87,90.36262
2018-03-27 16:00:00,8066.5,8105.0,8066.49,8102.0,137.166001
2018-03-27 16:05:00,8100.24,8115.64,8073.84,8115.0,168.531614
2018-03-27 16:10:00,8110.01,8117.05,8093.03,8097.0,121.449554
2018-03-27 16:15:00,8098.46,8120.0,8093.04,8101.08,134.996903
2018-03-27 16:20:00,8101.08,8110.98,8080.0,8087.0,109.053114
2018-03-27 16:25:00,8097.1,8105.0,8083.13,8088.21,86.61929
2018-03-27 16:30:00,8088.21,8099.84,8069.97,8075.01,77.551777
2018-03-27 16:35:00,8075.01,8079.99,8071.0,8076.0,59.721863
2018-03-27 16:40:00,8076.0,8110.0,8071.01,8094.01,96.1641
2018-03-27 16:45:00,8094.0,8101.77,8078.72,8082.0,53.993407
2018-03-27 16:50:00,8081.5,8100.84,8081.5,8095.03,43.656888
2018-03-27 16:55:00,8095.04,8126.03,8088.0,8098.62,100.333186
2018-03-27 17:00:00,8098.62,8109.0,8076.47,8086.81,93.56615
2018-03-27 17:05:00,8086.81,8099.61,8083.25,8087.57,39.32439
2018-03-27 17:10:00,8087.57,8087.57,8072.24,8075.0,87.057552
2018-03-27 17:15:00,8075.0,8075.01,7980.0,8006.44,468.397117
2018-03-27 17:20:00,8006.06,8035.0,8006.06,8016.03,116.754769
2018-03-27 17:25:00,8016.04,8039.75,8014.01,8039.75,87.759068
2018-03-27 17:30:00,8035.04,8040.0,7911.11,7934.19,388.549444
2018-03-27 17:35:00,7925.25,7950.0,7880.0,7920.35,360.365226
2018-03-27 17:40:00,7920.0,7936.76,7910.0,7935.0,113.553743
2018-03-27 17:45:00,7931.19,7945.0,7900.01,7911.01,173.005329
2018-03-27 17:50:00,7911.01,7925.0,7860.0,7896.0,301.547313
2018-03-27 17:55:00,7896.0,7926.0,7883.09,7892.86,134.079383
2018-03-27 18:00:00,7895.0,7920.0,7881.28,7901.0,164.075965
2018-03-27 18:05:00,7906.99,7908.0,7881.74,7890.09,130.91663
2018-03-27 18:10:00,7890.24,7928.71,7888.0,7905.09,307.791721
2018-03-27 18:15:00,7904.01,7939.5,7904.01,7905.57,120.430199
2018-03-27 18:20:00,7919.76,7935.03,7905.0,7913.34,106.323836
2018-03-27 18:25:00,7924.41,7926.11,7895.01,7900.0,81.864934
2018-03-27 18:30:00,7900.0,7900.25,7875.56,7883.5,107.60817
2018-03-27 18:35:00,7886.0,7893.0,7825.31,7850.0,237.665857
2018-03-27 18:40:00,7852.0,7868.0,7841.01,7848.68,94.073716
2018-03-27 18:45:00,7848.68,7880.0,7848.68,7879.88,72.21295
2018-03-27 18:50:00,7879.89,7880.81,7850.0,7860.01,66.632515
2018-03-27 18:55:00,7860.01,7870.29,7847.05,7870.01,93.84761
2018-03-27 19:00:00,7870.01,7916.99,7862.38,7900.0,164.766913
2018-03-27 19:05:00,7903.99,7916.38,7880.0,7890.0,87.629425
2018-03-27 19:10:00,7889.99,7890.0,7859.0,7867.03,89.352922
2018-03-27 19:15:00,7867.0,7897.28,7859.0,7890.0,71.404804
2018-03-27 19:20:00,7889.99,7900.0,7885.0,7891.6,64.245926
2018-03-27 19:25:00,7891.6,7896.0,7885.0,7892.0,42.651014
2018-03-27 19:30:00,7890.04,7897.51,7874.0,7874.0,55.138794
2018-03-27 19:35:00,7878.99,7890.0,7862.66,7880.0,69.681372
2018-03-27 19:40:00,7870.74,7883.98,7860.0,7867.98,35.790636
2018-03-27 19:45:00,7867.99,7875.47,7820.0,7846.35,204.252014
2018-03-27 19:50:00,7846.35,7896.0,7844.99,7875.0,87.093118
2018-03-27 19:55:00,7875.0,7893.68,7870.16,7886.0,69.993451
2018-03-27 20:00:00,7886.0,7939.03,7880.22,7915.0,146.151328
2018-03-27 20:05:00,7911.0,7915.0,7882.1,7905.0,67.142133
2018-03-27 20:10:00,7904.0,7905.04,7880.0,7881.01,65.45313
2018-03-27 20:15:00,7892.22,7903.0,7881.0,7903.0,38.64723
2018-03-27 20:20:00,7901.86,7915.0,7891.02,7900.0,52.402465
2018-03-27 20:25:00,7900.0,7900.0,7880.0,7882.24,50.228261
2018-03-27 20:30:00,7882.84,7922.24,7875.0,7918.0,85.901508
2018-03-27 20:35:00,7915.94,7936.0,7899.04,7925.03,129.921947
2018-03-27 20:40:00,7921.41,7939.0,7920.0,7936.0,53.889182
2018-03-27 20:45:00,7936.0,7993.0,7935.0,7993.0,188.706638
2018-03-27 20:50:00,7993.0,8050.0,7966.5,8025.0,295.435814
2018-03-27 20:55:00,8016.17,8025.0,7982.24,7982.65,248.086795
2018-03-27 21:00:00,7995.98,7999.0,7963.03,7972.79,143.475694
2018-03-27 21:05:00,7980.0,8011.01,7972.76,7994.85,60.891504
2018-03-27 21:10:00,7994.85,8008.0,7980.0,8005.0,53.189151
2018-03-27 21:15:00,8005.0,8035.0,7982.24,7982.24,156.952736
2018-03-27 21:20:00,7986.99,7986.99,7948.55,7960.0,80.26559
2018-03-27 21:25:00,7960.0,7989.51,7950.05,7975.0,57.519726
2018-03-27 21:30:00,7975.0,7989.0,7968.0,7981.01,43.688956
2018-03-27 21:35:00,7981.01,7984.09,7957.93,7978.0,42.484817
2018-03-27 21:40:00,7966.37,8003.0,7966.37,8000.0,49.78047
2018-03-27 21:45:00,8000.0,8029.87,7998.0,8026.0,164.794901
2018-03-27 21:50:00,8026.02,8026.02,7990.02,7991.0,120.640638
2018-03-27 21:55:00,7991.0,8006.73,7990.02,8005.97,24.951974
2018-03-27 22:00:00,8000.52,8011.0,7965.0,7974.96,67.996481
2018-03-27 22:05:00,7974.96,7989.42,7911.01,7945.68,159.325283
2018-03-27 22:10:00,7935.03,7945.69,7900.0,7912.0,120.179999
2018-03-27 22:15:00,7913.11,7948.0,7907.14,7935.0,56.75873
2018-03-27 22:20:00,7935.0,7935.0,7916.0,7923.0,31.360552
2018-03-27 22:25:00,7922.99,7954.5,7914.0,7954.0,61.416023
2018-03-27 22:30:00,7950.01,7978.17,7944.25,7944.45,52.653266
2018-03-27 22:35:00,7963.39,7963.39,7931.7,7946.82,22.995823
2018-03-27 22:40:00,7946.69,7946.97,7917.22,7919.02,30.602211
2018-03-27 22:45:00,7920.0,7941.04,7917.23,7938.99,58.377515
2018-03-27 22:50:00,7926.1,7939.01,7918.3,7935.37,36.980393
2018-03-27 22:55:00,7935.37,7985.0,7930.21,7970.17,104.71488
2018-03-27 23:00:00,7970.17,7979.9,7943.16,7964.58,65.109046
2018-03-27 23:05:00,7944.8,7958.21,7931.0,7940.0,28.450019
2018-03-27 23:10:00,7940.0,7940.01,7900.0,7916.01,91.990042
2018-03-27 23:15:00,7916.16,7926.58,7865.01,7890.0,298.5653
2018-03-27 23:20:00,7890.35,7920.91,7888.15,7906.15,71.565517
2018-03-27 23:25:00,7906.04,7930.0,7905.0,7906.0,43.976764
2018-03-27 23:30:00,7907.0,7910.0,7850.0,7872.0,165.598095
2018-03-27 23:35:00,7872.0,7884.74,7830.0,7850.0,165.631466
2018-03-27 23:40:00,7840.42,7853.74,7777.77,7777.77,443.398906
2018-03-27 23:45:00,7779.99,7808.56,7760.0,7802.99,267.706305
2018-03-27 23:50:00,7804.14,7819.99,7780.15,7790.09,127.648215
2018-03-27 23:55:00,7790.09,7800.0,7755.58,7795.51,134.441183
2018-03-28 00:00:00,7795.51,7821.91,7760.0,7806.95,142.932554
2018-03-28 00:05:00,7795.76,7802.7,7774.66,7800.0,137.086318
2018-03-28 00:10:00,7799.06,7827.52,7797.27,7803.85,105.949816
2018-03-28 00:15:00,7803.85,7803.85,7789.1,7797.92,111.093916
2018-03-28 00:20:00,7797.92,7797.93,7740.0,7757.37,307.235426
2018-03-28 00:25:00,7757.31,7772.24,7740.11,7765.0,122.922886
2018-03-28 00:30:00,7760.0,7765.0,7741.05,7747.01,115.154011
2018-03-28 00:35:00,7747.01,7822.0,7744.0,7805.33,187.078102
2018-03-28 00:40:00,7788.17,7817.22,7777.02,7784.01,81.770107
2018-03-28 00:45:00,7793.81,7800.2,7784.0,7797.09,65.551862
2018-03-28 00:50:00,7799.0,7810.0,7790.01,7791.0,76.445812
2018-03-28 00:55:00,7798.85,7800.0,7760.0,7792.22,76.855326
2018-03-28 01:00:00,7772.89,7815.58,7770.0,7801.2,72.038741
2018-03-28 01:05:00,7810.0,7843.12,7799.0,7831.98,82.065976
2018-03-28 01:10:00,7832.0,7834.8,7785.0,7800.01,84.240259
2018-03-28 01:15:00,7797.9,7813.5,7790.28,7813.5,43.646621
2018-03-28 01:20:00,7812.0,7821.0,7800.95,7813.0,35.466809
2018-03-28 01:25:00,7813.0,7814.0,7790.09,7797.0,44.937636
2018-03-28 01:30:00,7796.0,7798.15,7765.0,7774.96,79.666134
2018-03-28 01:35:00,7775.0,7827.24,7775.0,7807.2,89.127741
2018-03-28 01:40:00,7807.21,7817.89,7800.0,7800.0,54.047672
2018-03-28 01:45:00,7811.56,7811.56,7797.01,7808.83,69.633743
2018-03-28 01:50:00,7806.99,7825.93,7802.36,7820.0,97.054464
2018-03-28 01:55:00,7816.0,7828.0,7801.11,7815.52,52.883085
2018-03-28 02:00:00,7815.51,7829.57,7800.01,7806.01,54.002264
2018-03-28 02:05:00,7809.99,7823.39,7806.0,7823.39,45.926903
2018-03-28 02:10:00,7823.39,7839.0,7822.0,7837.99,100.492013
2018-03-28 02:15:00,7838.0,7838.39,7812.01,7834.49,67.082649
2018-03-28 02:20:00,7834.49,7839.03,7825.06,7839.03,98.875627
2018-03-28 02:25:00,7834.98,7840.0,7806.34,7816.0,110.251085
2018-03-28 02:30:00,7815.79,7816.0,7777.77,7784.96,106.92824
2018-03-28 02:35:00,7784.95,7788.63,7728.0,7751.02,267.007858
2018-03-28 02:40:00,7751.18,7810.0,7740.03,7800.01,111.96322
2018-03-28 02:45:00,7800.0,7807.97,7780.0,7786.94,61.878245
2018-03-28 02:50:00,7786.94,7806.99,7780.0,7802.0,79.608678
2018-03-28 02:55:00,7801.47,7820.0,7801.47,7815.0,36.906522
2018-03-28 03:00:00,7811.01,7885.0,7811.01,7854.99,193.152053
2018-03-28 03:05:00,7850.88,7860.32,7828.74,7849.72,124.290615
2018-03-28 03:10:00,7842.02,7859.94,7830.27,7832.52,69.036322
2018-03-28 03:15:00,7839.9,7839.9,7813.05,7834.82,45.675383
2018-03-28 03:20:00,7825.03,7858.85,7825.03,7845.08,91.601753
2018-03-28 03:25:00,7845.08,7854.88,7830.08,7830.08,45.600144
2018-03-28 03:30:00,7842.8,7855.0,7830.11,7849.95,45.596343
2018-03-28 03:35:00,7849.95,7855.0,7833.0,7841.0,53.085614
2018-03-28 03:40:00,7841.77,7854.78,7832.0,7854.78,34.445242
2018-03-28 03:45:00,7853.82,7858.42,7833.23,7858.41,78.786336
2018-03-28 03:50:00,7857.0,7862.24,7835.01,7857.0,59.457712
2018-03-28 03:55:00,7857.0,7875.03,7857.0,7874.98,42.218792
2018-03-28 04:00:00,7870.05,7875.0,7840.0,7853.84,82.762188
2018-03-28 04:05:00,7853.84,7866.0,7849.99,7857.0,27.294046
2018-03-28 04:10:00,7857.0,7857.97,7811.02,7842.22,81.533567
2018-03-28 04:15:00,7830.05,7846.98,7815.51,7836.03,28.661096
2018-03-28 04:20:00,7844.99,7865.87,7833.33,7838.41,59.10299
2018-03-28 04:25:00,7843.9,7858.0,7832.24,7832.24,49.911896
2018-03-28 04:30:00,7832.29,7856.06,7832.27,7834.16,41.461433
2018-03-28 04:35:00,7840.0,7850.0,7834.3,7843.0,18.819691
2018-03-28 04:40:00,7843.01,7860.0,7840.11,7847.13,67.811135
2018-03-28 04:45:00,7847.13,7860.49,7840.4,7852.2,30.209219
2018-03-28 04:50:00,7852.2,7860.0,7840.11,7849.98,61.512906
2018-03-28 04:55:00,7849.98,7851.0,7814.82,7838.93,77.264179
2018-03-28 05:00:00,7834.24,7844.6,7812.0,7838.06,56.103906
2018-03-28 05:05:00,7836.73,7859.0,7819.01,7849.0,88.361617
2018-03-28 05:10:00,7849.0,7862.24,7840.06,7860.0,69.435256
2018-03-28 05:15:00,7860.0,7861.98,7842.85,7842.85,68.036725
2018-03-28 05:20:00,7842.85,7868.02,7830.07,7852.33,41.675969
2018-03-28 05:25:00,7852.31,7872.0,7852.31,7853.2,62.74223
2018-03-28 05:30:00,7859.79,7860.0,7850.0,7858.55,15.221832
2018-03-28 05:35:00,7858.54,7858.55,7843.76,7849.04,58.847257
2018-03-28 05:40:00,7849.06,7858.55,7848.0,7855.53,70.297049
2018-03-28 05:45:00,7855.56,7867.0,7854.25,7860.09,32.060931
2018-03-28 05:50:00,7860.09,7861.99,7845.16,7856.84,53.778278
2018-03-28 05:55:00,7856.82,7863.0,7840.0,7860.01,109.656898
2018-03-28 06:00:00,7860.01,7884.82,7860.0,7879.9,108.226666
2018-03-28 06:05:00,7879.95,7925.6,7876.8,7905.15,201.952771
2018-03-28 06:10:00,7905.24,7926.24,7874.98,7889.0,336.279469
2018-03-28 06:15:00,7889.0,7900.0,7860.0,7888.0,118.572124
2018-03-28 06:20:00,7888.0,7898.99,7873.22,7881.33,67.945785
2018-03-28 06:25:00,7881.37,7884.06,7870.0,7884.06,34.284115
2018-03-28 06:30:00,7884.06,7898.0,7875.99,7895.06,78.335769
2018-03-28 06:35:00,7895.06,7912.0,7893.18,7894.99,60.341444
2018-03-28 06:40:00,7896.5,7910.0,7894.0,7895.29,34.000243
2018-03-28 06:45:00,7895.29,7915.0,7895.0,7905.0,64.654702
2018-03-28 06:50:00,7905.0,7909.0,7900.0,7907.16,47.778757
2018-03-28 06:55:00,7907.15,7920.0,7904.0,7910.0,39.036716
2018-03-28 07:00:00,7908.99,7926.63,7900.0,7926.63,104.948332
2018-03-28 07:05:00,7926.64,7938.3,7913.46,7930.04,90.934717
2018-03-28 07:10:00,7930.01,7965.6,7920.17,7956.59,169.405954
2018-03-28 07:15:00,7950.0,7965.3,7910.65,7920.91,163.951116
2018-03-28 07:20:00,7916.71,7930.0,7893.18,7902.02,150.78478
2018-03-28 07:25:00,7909.9,7917.94,7886.24,7898.35,94.344818
2018-03-28 07:30:00,7886.28,7911.0,7886.15,7887.21,63.276723
2018-03-28 07:35:00,7897.08,7901.51,7879.99,7899.99,123.195486
2018-03-28 07:40:00,7897.74,7907.68,7895.01,7896.8,37.503895
2018-03-28 07:45:00,7895.09,7910.0,7895.0,7901.99,39.072557
2018-03-28 07:50:00,7901.99,7902.0,7882.01,7887.25,55.567002
2018-03-28 07:55:00,7885.0,7899.9,7850.1,7873.99,139.123273
2018-03-28 08:00:00,7865.0,7875.99,7852.0,7858.02,78.954498
2018-03-28 08:05:00,7858.02,7890.0,7858.01,7885.5,69.591658
2018-03-28 08:10:00,7884.0,7890.0,7874.01,7880.0,65.005383
2018-03-28 08:15:00,7886.0,7896.52,7880.0,7890.0,45.145485
2018-03-28 08:20:00,7893.83,7900.0,7880.1,7888.0,48.129301
2018-03-28 08:25:00,7886.01,7890.0,7885.0,7889.0,44.741757
2018-03-28 08:30:00,7889.0,7919.22,7885.3,7907.0,95.58906
2018-03-28 08:35:00,7907.05,7914.99,7890.07,7895.92,75.147386
2018-03-28 08:40:00,7895.92,7910.0,7890.08,7907.99,59.499003
2018-03-28 08:45:00,7907.99,7908.0,7890.07,7897.28,47.707594
2018-03-28 08:50:00,7891.2,7914.44,7890.08,7914.44,60.878176
2018-03-28 08:55:00,7912.95,7930.0,7902.06,7910.04,96.489886
2018-03-28 09:00:00,7910.04,7990.0,7910.04,7980.0,240.883939
2018-03-28 09:05:00,7988.0,8040.0,7962.01,8005.01,441.170768
2018-03-28 09:10:00,8005.01,8015.36,7974.94,7991.12,165.051857
2018-03-28 09:15:00,7994.89,8001.64,7980.19,7997.99,91.464991
2018-03-28 09:20:00,7992.0,8034.0,7991.0,8005.21,122.275029
2018-03-28 09:25:00,8005.21,8025.98,7992.26,8010.01,210.085227
2018-03-28 09:30:00,8013.31,8040.0,8008.0,8031.51,119.624417
2018-03-28 09:35:00,8029.02,8035.74,8008.0,8020.0,82.752529
2018-03-28 09:40:00,8020.0,8072.24,8020.0,8054.0,196.170531
2018-03-28 09:45:00,8048.0,8080.72,8039.0,8054.03,199.328085
2018-03-28 09:50:00,8055.0,8095.0,8054.01,8095.0,137.365129
2018-03-28 09:55:00,8095.0,8100.0,8072.33,8079.0,193.304298
2018-03-28 10:00:00,8079.0,8100.0,8057.81,8057.86,223.258092
2018-03-28 10:05:00,8060.2,8074.6,8055.0,8064.87,127.338748
2018-03-28 10:10:00,8064.88,8068.75,8051.0,8059.99,72.218748
2018-03-28 10:15:00,8059.99,8070.29,8044.02,8069.0,105.366516
2018-03-28 10:20:00,8069.0,8072.12,8050.02,8062.79,83.398102
2018-03-28 10:25:00,8062.79,8075.0,8056.0,8066.8,62.128101
2018-03-28 10:30:00,8066.8,8069.76,8046.0,8050.94,83.083648
2018-03-28 10:35:00,8050.94,8056.0,8017.48,8028.99,157.047923
2018-03-28 10:40:00,8028.98,8041.99,8020.02,8041.99,71.119688
2018-03-28 10:45:00,8041.98,8060.0,8040.0,8055.97,58.963825
2018-03-28 10:50:00,8056.0,8062.19,8028.99,8028.99,108.980736
2018-03-28 10:55:00,8033.01,8045.91,8025.92,8043.89,99.671816
2018-03-28 11:00:00,8038.0,8060.0,8037.02,8050.05,63.463186
2018-03-28 11:05:00,8055.99,8064.0,8048.74,8060.0,87.451045
2018-03-28 11:10:00,8061.99,8095.0,8060.0,8095.0,117.267586
2018-03-28 11:15:00,8095.0,8109.0,8058.07,8064.99,181.109566
2018-03-28 11:20:00,8064.96,8067.67,8049.02,8060.0,95.342905
2018-03-28 11:25:00,8060.0,8074.55,8050.19,8064.59,90.026047
2018-03-28 11:30:00,8064.59,8064.59,8037.94,8040.0,91.511282
2018-03-28 11:35:00,8042.53,8056.08,8039.35,8045.01,45.270636
2018-03-28 11:40:00,8045.09,8047.99,8013.01,8028.95,120.703115
2018-03-28 11:45:00,8028.95,8029.0,8003.01,8019.0,159.904871
2018-03-28 11:50:00,8011.48,8019.0,8009.18,8018.07,71.773324
2018-03-28 11:55:00,8015.02,8049.52,8015.0,8040.0,125.237797
2018-03-28 12:00:00,8040.0,8040.48,8018.21,8035.0,97.296638
2018-03-28 12:05:00,8034.0,8051.0,8029.94,8049.9,109.50245
2018-03-28 12:10:00,8049.9,8055.99,8039.0,8044.99,48.946758
2018-03-28 12:15:00,8044.99,8054.9,8022.0,8036.0,59.933574
2018-03-28 12:20:00,8036.0,8041.97,8029.99,8033.1,67.12934
2018-03-28 12:25:00,8033.1,8039.96,7975.16,7991.01,256.440069
2018-03-28 12:30:00,7991.01,8000.0,7970.1,7995.0,138.425338
2018-03-28 12:35:00,7995.0,8023.77,7990.78,8000.0,125.95902
2018-03-28 12:40:00,8001.0,8028.0,7994.48,8019.08,75.691515
2018-03-28 12:45:00,8019.07,8028.0,8009.0,8009.0,131.349144
2018-03-28 12:50:00,8012.05,8025.0,8000.08,8009.94,137.38107
2018-03-28 12:55:00,8009.97,8024.9,8001.0,8012.45,96.665109
2018-03-28 13:00:00,8012.45,8049.99,8012.22,8049.53,130.000097
2018-03-28 13:05:00,8049.52,8050.0,8031.63,8048.99,96.178121
2018-03-28 13:10:00,8044.98,8049.0,8019.01,8019.97,97.894521
2018-03-28 13:15:00,8020.0,8028.83,8012.24,8019.98,79.101055
2018-03-28 13:20:00,8019.54,8028.81,8007.52,8018.8,59.797482
2018-03-28 13:25:00,8018.8,8024.9,8011.02,8024.9,69.292515
2018-03-28 13:30:00,8024.47,8024.9,8001.21,8005.11,88.488435
2018-03-28 13:35:00,8003.74,8010.0,7991.55,7999.81,169.993772
2018-03-28 13:40:00,7999.0,8020.0,7982.24,8020.0,181.367882
2018-03-28 13:45:00,8020.0,8039.77,8014.99,8037.08,98.286197
2018-03-28 13:50:00,8032.11,8037.09,8017.25,8029.01,75.992955
2018-03-28 13:55:00,8029.01,8045.0,8029.0,8029.18,61.508778
2018-03-28 14:00:00,8029.18,8042.64,8029.18,8037.0,59.23733
2018-03-28 14:05:00,8033.05,8035.0,8000.01,8001.38,76.564666
2018-03-28 14:10:00,8001.38,8002.0,7901.0,7925.0,624.674818
2018-03-28 14:15:00,7925.0,7931.87,7905.01,7905.01,182.985395
2018-03-28 14:20:00,7905.0,7909.7,7876.0,7888.0,368.414069
2018-03-28 14:25:00,7888.1,7915.0,7885.19,7909.4,191.374666
2018-03-28 14:30:00,7909.4,7930.0,7904.24,7930.0,137.798213
2018-03-28 14:35:00,7927.0,7933.98,7901.0,7901.0,109.4611
2018-03-28 14:40:00,7901.0,7915.79,7890.14,7890.14,94.678219
2018-03-28 14:45:00,7892.23,7910.0,7886.0,7900.0,89.298645
2018-03-28 14:50:00,7900.29,7915.25,7900.0,7907.03,54.249076
2018-03-28 14:55:00,7907.03,7912.0,7887.36,7890.14,127.45211
2018-03-28 15:00:00,7890.14,7910.0,7887.6,7899.0,84.603063
2018-03-28 15:05:00,7899.0,7911.64,7891.0,7910.97,57.856767
2018-03-28 15:10:00,7910.97,7930.0,7905.0,7924.0,71.989344
2018-03-28 15:15:00,7924.0,7939.95,7901.0,7911.0,160.923905
2018-03-28 15:20:00,7915.0,7927.7,7888.0,7899.99,122.30331
2018-03-28 15:25:00,7895.0,7916.09,7895.0,7902.37,51.31715
2018-03-28 15:30:00,7905.0,7915.68,7887.75,7906.01,109.158247
2018-03-28 15:35:00,7911.86,7911.86,7898.98,7906.0,69.172144
2018-03-28 15:40:00,7906.0,7909.0,7839.95,7852.04,289.894668
2018-03-28 15:45:00,7848.56,7869.0,7825.0,7850.0,147.682251
2018-03-28 15:50:00,7848.02,7874.59,7840.0,7874.0,125.768847
2018-03-28 15:55:00,7873.0,7874.59,7850.0,7860.01,106.611795
2018-03-28 16:00:00,7860.21,7892.24,7853.0,7892.23,107.307029
2018-03-28 16:05:00,7891.97,7895.0,7843.5,7852.0,117.880072
2018-03-28 16:10:00,7864.89,7885.0,7852.0,7874.99,79.38101
2018-03-28 16:15:00,7874.97,7890.0,7870.04,7880.0,83.715472
2018-03-28 16:20:00,7880.0,7887.0,7873.0,7886.9,93.187353
2018-03-28 16:25:00,7885.0,7911.81,7875.0,7910.0,183.577303
2018-03-28 16:30:00,7909.14,7941.03,7898.97,7908.96,127.692712
2018-03-28 16:35:00,7908.97,7915.0,7898.97,7899.99,44.792722
2018-03-28 16:40:00,7899.98,7903.74,7885.2,7897.86,46.55822
2018-03-28 16:45:00,7888.71,7897.86,7888.0,7895.0,25.694003
2018-03-28 16:50:00,7895.0,7899.9,7860.0,7878.0,112.599718
2018-03-28 16:55:00,7878.0,7892.23,7875.51,7880.01,63.324556
2018-03-28 17:00:00,7880.0,7898.2,7872.94,7873.65,38.641024
2018-03-28 17:05:00,7886.03,7886.03,7862.24,7875.35,41.045968
2018-03-28 17:10:00,7870.04,7917.0,7870.02,7912.0,57.520629
2018-03-28 17:15:00,7912.0,7917.0,7905.41,7907.16,42.82974
2018-03-28 17:20:00,7912.48,7918.0,7894.08,7895.0,59.407822
2018-03-28 17:25:00,7895.64,7916.3,7895.0,7904.94,41.936968
2018-03-28 17:30:00,7904.95,7916.18,7900.95,7916.07,46.471768
2018-03-28 17:35:00,7916.07,7930.0,7910.0,7926.92,58.894242
2018-03-28 17:40:00,7915.07,7947.0,7915.01,7943.68,180.200924
2018-03-28 17:45:00,7940.0,7947.0,7920.0,7930.78,93.879087
2018-03-28 17:50:00,7931.0,7935.0,7925.0,7927.24,54.950332
2018-03-28 17:55:00,7925.01,7946.2,7925.0,7935.99,68.395515
2018-03-28 18:00:00,7935.47,7944.89,7920.0,7929.88,43.142104
2018-03-28 18:05:00,7930.45,7930.87,7883.37,7900.42,90.422048
2018-03-28 18:10:00,7900.41,7905.77,7885.0,7899.98,49.004925
2018-03-28 18:15:00,7899.99,7912.81,7885.0,7890.18,42.558087
2018-03-28 18:20:00,7900.09,7905.93,7884.03,7897.99,48.962927
2018-03-28 18:25:00,7893.97,7920.0,7886.66,7904.96,69.622939
2018-03-28 18:30:00,7904.96,7929.0,7904.91,7920.99,70.961339
2018-03-28 18:35:00,7921.0,7938.0,7907.11,7926.99,46.145993
2018-03-28 18:40:00,7926.98,7930.0,7920.01,7929.0,75.547846
2018-03-28 18:45:00,7929.0,7950.02,7925.0,7946.0,137.834306
2018-03-28 18:50:00,7946.0,7947.01,7930.0,7930.01,55.947144
2018-03-28 18:55:00,7930.01,7949.0,7930.0,7944.69,48.050857
2018-03-28 19:00:00,7940.12,7952.44,7930.0,7940.22,52.266812
2018-03-28 19:05:00,7937.95,7940.86,7922.24,7925.8,59.234132
2018-03-28 19:10:00,7928.0,7947.76,7925.0,7930.0,38.144742
2018-03-28 19:15:00,7929.99,7929.99,7907.16,7925.0,54.075339
2018-03-28 19:20:00,7925.0,7942.07,7925.0,7927.71,46.366442
2018-03-28 19:25:00,7931.99,7932.0,7912.03,7920.05,53.843145
2018-03-28 19:30:00,7920.06,7931.98,7880.0,7894.92,138.785225
2018-03-28 19:35:00,7887.01,7922.82,7887.01,7913.01,46.043061
2018-03-28 19:40:00,7914.0,7917.01,7903.29,7916.0,82.814249
2018-03-28 19:45:00,7916.0,7930.0,7902.1,7903.48,61.97655
2018-03-28 19:50:00,7903.49,7919.0,7901.86,7914.99,35.17801
2018-03-28 19:55:00,7914.99,7915.0,7890.0,7899.94,42.552547
2018-03-28 20:00:00,7890.63,7919.0,7888.8,7905.0,30.324263
2018-03-28 20:05:00,7914.99,7919.08,7899.0,7916.0,42.254295
2018-03-28 20:10:00,7916.0,7921.03,7910.0,7916.89,35.216792
2018-03-28 20:15:00,7916.01,7920.01,7900.0,7905.54,38.615432
2018-03-28 20:20:00,7905.54,7939.0,7901.25,7928.99,68.202374
2018-03-28 20:25:00,7925.01,7929.99,7918.8,7928.02,44.101751
2018-03-28 20:30:00,7928.02,7934.01,7909.0,7934.01,44.576556
2018-03-28 20:35:00,7927.23,7941.21,7911.1,7917.01,33.751714
2018-03-28 20:40:00,7921.02,7923.0,7883.01,7889.7,68.064049
2018-03-28 20:45:00,7884.01,7909.02,7881.0,7894.99,51.168214
2018-03-28 20:50:00,7895.0,7907.7,7889.97,7891.7,30.63607
2018-03-28 20:55:00,7890.63,7907.0,7888.0,7899.99,29.315937
2018-03-28 21:00:00,7899.97,7909.93,7889.91,7905.0,57.407194
2018-03-28 21:05:00,7905.0,7920.0,7901.99,7910.05,42.517734
2018-03-28 21:10:00,7910.05,7920.98,7897.74,7908.26,34.784627
2018-03-28 21:15:00,7908.26,7914.96,7890.0,7900.0,39.923522
2018-03-28 21:20:00,7900.0,7901.97,7890.0,7897.02,27.64105
2018-03-28 21:25:00,7897.02,7900.0,7885.12,7896.99,37.853455
2018-03-28 21:30:00,7896.99,7907.02,7836.01,7847.08,179.70075
2018-03-28 21:35:00,7846.97,7870.88,7836.0,7857.0,75.495246
2018-03-28 21:40:00,7859.0,7868.23,7839.0,7852.0,61.075676
2018-03-28 21:45:00,7854.99,7856.79,7850.0,7855.81,73.683891
2018-03-28 21:50:00,7855.81,7881.08,7851.04,7872.3,63.222478
2018-03-28 21:55:00,7879.8,7880.0,7860.12,7876.95,29.239223
2018-03-28 22:00:00,7875.0,7922.24,7864.06,7922.13,92.313513
2018-03-28 22:05:00,7922.0,8001.75,7922.0,7957.0,406.452992
2018-03-28 22:10:00,7957.0,7972.27,7945.01,7955.0,95.252195
2018-03-28 22:15:00,7955.01,7994.81,7955.0,7965.94,125.736571
2018-03-28 22:20:00,7973.99,7984.99,7948.18,7977.5,135.281952
2018-03-28 22:25:00,7977.5,7985.0,7974.99,7984.88,54.852935
2018-03-28 22:30:00,7980.02,8009.0,7975.0,7984.99,147.198503
2018-03-28 22:35:00,7981.2,7985.0,7942.84,7959.88,80.998838
2018-03-28 22:40:00,7959.84,7961.37,7940.0,7956.2,65.362867
2018-03-28 22:45:00,7956.2,7979.99,7951.0,7969.0,51.605421
2018-03-28 22:50:00,7969.0,7973.98,7946.45,7960.34,52.995393
2018-03-28 22:55:00,7960.0,7960.0,7928.37,7942.57,72.100556
2018-03-28 23:00:00,7942.6,7950.0,7933.01,7941.0,69.730893
2018-03-28 23:05:00,7941.0,7944.96,7933.11,7940.0,52.305601
2018-03-28 23:10:00,7940.0,7970.3,7938.55,7960.02,77.266591
2018-03-28 23:15:00,7969.74,7980.0,7951.53,7980.0,60.405318
2018-03-28 23:20:00,7978.0,7980.0,7956.02,7978.0,61.547785
2018-03-28 23:25:00,7966.78,7978.0,7956.24,7966.34,44.111006
2018-03-28 23:30:00,7966.38,7977.9,7923.33,7923.87,56.780463
2018-03-28 23:35:00,7937.75,7952.2,7922.24,7952.19,55.4609
2018-03-28 23:40:00,7945.04,7957.32,7936.5,7937.81,72.499215
2018-03-28 23:45:00,7937.8,7938.79,7906.03,7921.0,59.347873
2018-03-28 23:50:00,7921.88,7934.7,7916.0,7930.31,44.468454
2018-03-28 23:55:00,7930.31,7954.67,7930.08,7949.3,80.199523
2018-03-29 00:00:00,7949.3,7957.0,7939.92,7950.01,65.331142
2018-03-29 00:05:00,7952.0,7952.0,7930.0,7939.0,54.988111
2018-03-29 00:10:00,7939.0,7961.8,7930.85,7947.0,96.991489
2018-03-29 00:15:00,7947.0,7947.0,7922.24,7937.95,82.772111
2018-03-29 00:20:00,7922.95,7944.0,7896.6,7924.99,80.540209
2018-03-29 00:25:00,7924.98,7924.99,7892.24,7905.99,61.550394
2018-03-29 00:30:00,7908.0,7933.62,7903.0,7930.0,50.670399
2018-03-29 00:35:00,7928.57,7942.48,7927.16,7932.67,56.320227
2018-03-29 00:40:00,7932.59,7940.0,7925.05,7925.11,40.247193
2018-03-29 00:45:00,7937.86,7940.06,7906.39,7929.89,32.0226
2018-03-29 00:50:00,7931.96,7955.89,7923.89,7955.88,50.528752
2018-03-29 00:55:00,7956.06,7968.0,7936.1,7958.99,58.518014
2018-03-29 01:00:00,7946.1,7959.0,7943.21,7945.0,31.982704
2018-03-29 01:05:00,7947.0,7969.99,7936.0,7969.77,33.5932
2018-03-29 01:10:00,7947.24,7975.0,7947.24,7964.0,56.490857
2018-03-29 01:15:00,7971.48,7974.56,7939.58,7959.85,57.103471
2018-03-29 01:20:00,7959.85,7968.86,7951.0,7960.0,81.796315
2018-03-29 01:25:00,7960.0,7968.0,7955.0,7955.02,55.34355
2018-03-29 01:30:00,7961.96,7961.99,7922.24,7938.05,43.387226
2018-03-29 01:35:00,7938.53,7949.1,7935.01,7948.75,34.479179
2018-03-29 01:40:00,7940.0,7948.71,7934.97,7935.01,78.803213
2018-03-29 01:45:00,7935.01,7938.4,7878.86,7896.57,159.750353
2018-03-29 01:50:00,7897.32,7915.86,7888.0,7906.47,60.905053
2018-03-29 01:55:00,7906.42,7906.43,7871.01,7885.87,99.244157
2018-03-29 02:00:00,7885.65,7893.06,7867.18,7881.02,67.716772
2018-03-29 02:05:00,7881.02,7897.78,7870.0,7894.94,72.257861
2018-03-29 02:10:00,7891.41,7897.0,7882.13,7897.0,62.237588
2018-03-29 02:15:00,7897.0,7908.38,7888.12,7891.65,35.649862
2018-03-29 02:20:00,7900.0,7909.04,7890.01,7902.0,26.127855
2018-03-29 02:25:00,7909.1,7919.63,7892.0,7915.0,28.786713
2018-03-29 02:30:00,7915.0,7919.74,7858.0,7873.0,106.94222
2018-03-29 02:35:00,7877.0,7896.15,7873.0,7895.0,41.844528
2018-03-29 02:40:00,7895.0,7907.75,7880.0,7906.13,54.241901
2018-03-29 02:45:00,7906.12,7913.69,7901.09,7910.0,47.212711
2018-03-29 02:50:00,7909.84,7911.0,7888.22,7903.69,94.592996
2018-03-29 02:55:00,7903.99,7913.0,7900.01,7910.01,41.767806
2018-03-29 03:00:00,7910.01,7917.0,7894.21,7900.9,118.873319
2018-03-29 03:05:00,7900.9,7909.0,7892.89,7893.0,94.893997
2018-03-29 03:10:00,7892.89,7893.0,7855.0,7861.81,192.712594
2018-03-29 03:15:00,7869.97,7894.0,7856.0,7870.48,76.962577
2018-03-29 03:20:00,7876.44,7890.17,7870.63,7880.0,48.654862
2018-03-29 03:25:00,7882.87,7884.99,7875.0,7884.97,39.476314
2018-03-29 03:30:00,7884.99,7889.0,7879.94,7880.0,31.453688
2018-03-29 03:35:00,7880.0,7883.1,7860.1,7860.1,67.106046
2018-03-29 03:40:00,7861.98,7875.0,7860.0,7866.0,43.506545
2018-03-29 03:45:00,7866.01,7866.01,7855.0,7858.89,137.854034
2018-03-29 03:50:00,7859.0,7884.9,7855.0,7883.87,93.003482
2018-03-29 03:55:00,7882.66,7887.95,7868.15,7880.94,50.526422
2018-03-29 04:00:00,7870.12,7880.95,7858.0,7858.2,50.391861
2018-03-29 04:05:00,7860.0,7870.0,7825.0,7825.0,198.348773
2018-03-29 04:10:00,7826.5,7826.5,7751.0,7751.0,488.978827
2018-03-29 04:15:00,7751.0,7753.99,7688.88,7691.0,810.095384
2018-03-29 04:20:00,7691.0,7745.0,7688.22,7716.0,471.223437
2018-03-29 04:25:00,7715.04,7742.24,7713.51,7726.04,180.853592
2018-03-29 04:30:00,7726.04,7730.71,7706.0,7713.72,310.907083
2018-03-29 04:35:00,7718.0,7726.0,7686.0,7686.0,448.920856
2018-03-29 04:40:00,7686.0,7687.49,7627.0,7643.61,913.840012
2018-03-29 04:45:00,7643.61,7678.2,7630.0,7640.0,469.723981
2018-03-29 04:50:00,7639.51,7660.0,7600.0,7648.7,546.225402
2018-03-29 04:55:00,7648.7,7655.79,7595.0,7596.0,317.815489
2018-03-29 05:00:00,7595.0,7650.0,7585.0,7644.99,347.895888
2018-03-29 05:05:00,7644.99,7648.3,7620.0,7644.98,113.078821
2018-03-29 05:10:00,7637.07,7690.34,7636.3,7660.0,286.052739
2018-03-29 05:15:00,7660.01,7685.94,7652.24,7655.0,177.148159
2018-03-29 05:20:00,7652.57,7652.57,7625.03,7648.96,197.389902
2018-03-29 05:25:00,7648.95,7655.0,7622.24,7633.0,95.908772
2018-03-29 05:30:00,7630.73,7659.59,7620.0,7647.01,104.778546
2018-03-29 05:35:00,7649.98,7658.77,7630.54,7638.84,81.196313
2018-03-29 05:40:00,7638.84,7638.84,7560.0,7571.0,430.789567
2018-03-29 05:45:00,7570.1,7600.0,7565.6,7575.0,243.042286
2018-03-29 05:50:00,7574.82,7591.2,7568.01,7575.0,129.708584
2018-03-29 05:55:00,7578.95,7578.99,7550.0,7565.0,274.201661
2018-03-29 06:00:00,7567.99,7590.0,7539.11,7572.41,401.35917
2018-03-29 06:05:00,7572.41,7599.0,7572.41,7575.04,181.52562
2018-03-29 06:10:00,7584.03,7590.0,7573.0,7578.35,169.285793
2018-03-29 06:15:00,7578.35,7589.0,7564.85,7581.03,148.740768
2018-03-29 06:20:00,7583.01,7607.11,7572.0,7584.84,159.82601
2018-03-29 06:25:00,7584.99,7629.0,7584.99,7610.0,156.194982
2018-03-29 06:30:00,7610.0,7619.0,7592.24,7592.38,94.099875
2018-03-29 06:35:00,7592.38,7598.4,7562.24,7589.39,140.984003
2018-03-29 06:40:00,7589.39,7650.0,7583.0,7615.84,141.837258
2018-03-29 06:45:00,7621.15,7639.81,7603.86,7635.0,126.692104
2018-03-29 06:50:00,7639.8,7640.0,7602.0,7615.0,108.546974
2018-03-29 06:55:00,7615.0,7633.27,7611.03,7632.31,74.934999
2018-03-29 07:00:00,7631.99,7634.19,7580.65,7598.23,138.444608
2018-03-29 07:05:00,7592.12,7613.5,7585.28,7597.0,70.193973
2018-03-29 07:10:00,7597.32,7598.0,7575.0,7596.98,103.342857
2018-03-29 07:15:00,7596.99,7597.73,7580.0,7587.97,71.714101
2018-03-29 07:20:00,7585.13,7590.35,7575.53,7581.05,59.186865
2018-03-29 07:25:00,7581.05,7588.69,7553.85,7555.0,146.870776
2018-03-29 07:30:00,7555.0,7571.1,7514.0,7532.72,223.329883
2018-03-29 07:35:00,7532.72,7555.15,7520.0,7520.0,147.786076
2018-03-29 07:40:00,7520.0,7540.0,7500.0,7526.73,429.658301
2018-03-29 07:45:00,7526.73,7554.0,7522.68,7529.87,121.565525
2018-03-29 07:50:00,7524.37,7534.6,7507.88,7526.38,188.284214
2018-03-29 07:55:00,7526.38,7547.52,7526.34,7541.98,125.742652
2018-03-29 08:00:00,7541.98,7546.0,7510.0,7513.0,183.25574
2018-03-29 08:05:00,7513.0,7522.0,7470.11,7476.37,291.680639
2018-03-29 08:10:00,7479.99,7506.01,7461.0,7505.0,358.103967
2018-03-29 08:15:00,7504.99,7541.99,7472.24,7528.0,259.805713
2018-03-29 08:20:00,7521.79,7538.0,7451.98,7535.0,203.292889
2018-03-29 08:25:00,7534.99,7548.3,7528.0,7538.0,125.804975
2018-03-29 08:30:00,7537.94,7538.0,7516.79,7519.55,96.221577
2018-03-29 08:35:00,7523.25,7534.97,7512.21,7532.46,76.294903
2018-03-29 08:40:00,7530.9,7530.97,7511.0,7524.01,84.51645
2018-03-29 08:45:00,7524.0,7587.0,7524.0,7573.2,247.877681
2018-03-29 08:50:00,7565.61,7574.88,7539.57,7566.07,104.766893
2018-03-29 08:55:00,7566.07,7567.99,7538.0,7538.99,116.931947
2018-03-29 09:00:00,7538.99,7575.83,7537.28,7540.03,92.036886
2018-03-29 09:05:00,7545.03,7569.98,7537.9,7569.0,60.344201
2018-03-29 09:10:00,7565.58,7569.0,7550.37,7556.51,86.108785
2018-03-29 09:15:00,7556.51,7561.35,7543.2,7546.0,70.16322
2018-03-29 09:20:00,7549.0,7549.99,7538.52,7543.0,48.480603
2018-03-29 09:25:00,7541.02,7545.28,7490.01,7502.0,223.931193
2018-03-29 09:30:00,7503.0,7510.0,7468.99,7500.97,204.856345
2018-03-29 09:35:00,7496.99,7518.28,7492.75,7500.01,131.658004
2018-03-29 09:40:00,7500.0,7504.78,7463.43,7497.95,167.227677
2018-03-29 09:45:00,7497.94,7510.0,7475.77,7509.99,96.693326
2018-03-29 09:50:00,7508.0,7524.99,7492.13,7511.7,88.626661
2018-03-29 09:55:00,7511.7,7524.96,7500.0,7517.01,151.779544
2018-03-29 10:00:00,7517.0,7531.0,7509.03,7521.75,117.746202
2018-03-29 10:05:00,7528.86,7540.0,7521.75,7526.0,111.065511
2018-03-29 10:10:00,7526.0,7531.0,7505.89,7526.99,72.399131
2018-03-29 10:15:00,7523.79,7529.0,7514.27,7517.0,38.862863
2018-03-29 10:20:00,7517.0,7517.0,7478.83,7485.61,101.945712
2018-03-29 10:25:00,7477.0,7499.0,7432.0,7440.17,289.694291
2018-03-29 10:30:00,7450.0,7495.0,7440.18,7485.86,167.354435
2018-03-29 10:35:00,7485.86,7487.97,7452.94,7468.13,132.773043
2018-03-29 10:40:00,7468.44,7472.99,7439.97,7455.05,143.745819
2018-03-29 10:45:00,7458.77,7505.0,7450.0,7489.86,151.824049
2018-03-29 10:50:00,7487.87,7495.0,7468.64,7476.34,100.963612
2018-03-29 10:55:00,7482.34,7482.34,7470.0,7473.89,70.30295
2018-03-29 11:00:00,7476.47,7509.97,7472.68,7488.01,209.931572
2018-03-29 11:05:00,7482.18,7495.3,7472.24,7487.8,122.153039
2018-03-29 11:10:00,7485.0,7495.3,7477.16,7491.59,75.718889
2018-03-29 11:15:00,7491.59,7491.79,7460.0,7478.31,145.609733
2018-03-29 11:20:00,7478.3,7478.3,7459.31,7465.0,101.623287
2018-03-29 11:25:00,7465.0,7470.89,7440.27,7450.0,151.404725
2018-03-29 11:30:00,7449.72,7450.0,7425.4,7448.99,276.507058
2018-03-29 11:35:00,7445.18,7459.82,7435.6,7440.0,152.030571
2018-03-29 11:40:00,7441.16,7470.3,7440.0,7450.01,140.082437
2018-03-29 11:45:00,7452.0,7488.0,7446.65,7484.2,162.272865
2018-03-29 11:50:00,7484.2,7486.96,7452.64,7453.08,106.638731
2018-03-29 11:55:00,7453.08,7469.28,7452.52,7466.97,113.421432
2018-03-29 12:00:00,7466.89,7559.1,7461.16,7556.89,418.836464
2018-03-29 12:05:00,7556.89,7566.0,7510.85,7527.92,235.098359
2018-03-29 12:10:00,7525.1,7533.88,7515.23,7515.23,120.322343
2018-03-29 12:15:00,7518.0,7530.01,7505.23,7515.0,142.420549
2018-03-29 12:20:00,7523.84,7523.84,7482.12,7500.0,134.103189
2018-03-29 12:25:00,7500.0,7519.98,7495.38,7500.89,117.135822
2018-03-29 12:30:00,7508.71,7511.96,7474.0,7485.0,111.975574
2018-03-29 12:35:00,7480.29,7496.15,7461.0,7481.01,128.472704
2018-03-29 12:40:00,7481.01,7511.96,7481.0,7508.8,109.135492
2018-03-29 12:45:00,7508.0,7509.8,7487.67,7502.94,85.199468
2018-03-29 12:50:00,7502.99,7518.0,7466.02,7481.6,129.425128
2018-03-29 12:55:00,7482.78,7500.0,7473.51,7500.0,72.384676
2018-03-29 13:00:00,7493.71,7519.52,7493.69,7511.45,80.809458
2018-03-29 13:05:00,7511.45,7519.68,7502.68,7510.59,75.049531
2018-03-29 13:10:00,7510.59,7519.68,7502.79,7509.5,63.676994
2018-03-29 13:15:00,7505.51,7537.0,7501.76,7525.0,112.037618
2018-03-29 13:20:00,7524.61,7533.48,7511.02,7518.01,91.649698
2018-03-29 13:25:00,7518.0,7521.15,7500.0,7513.0,88.314894
2018-03-29 13:30:00,7510.37,7513.53,7481.38,7498.0,98.793741
2018-03-29 13:35:00,7498.0,7500.0,7475.0,7494.98,118.194396
2018-03-29 13:40:00,7486.01,7494.99,7441.01,7456.33,231.260484
2018-03-29 13:45:00,7456.33,7470.0,7450.24,7452.99,108.349101
2018-03-29 13:50:00,7450.24,7495.0,7441.01,7476.71,141.948672
2018-03-29 13:55:00,7492.02,7493.93,7460.01,7470.0,93.505824
2018-03-29 14:00:00,7464.99,7480.0,7464.99,7468.0,96.270216
2018-03-29 14:05:00,7471.08,7478.9,7430.0,7439.0,167.329622
2018-03-29 14:10:00,7445.97,7445.97,7370.0,7385.0,554.872612
2018-03-29 14:15:00,7391.97,7400.0,7350.0,7365.98,476.059057
2018-03-29 14:20:00,7365.98,7400.0,7360.11,7385.19,324.143253
2018-03-29 14:25:00,7380.12,7385.19,7344.0,7351.0,221.741547
2018-03-29 14:30:00,7351.0,7378.99,7339.63,7341.32,249.032484
2018-03-29 14:35:00,7341.32,7371.98,7334.0,7371.98,199.753648
2018-03-29 14:40:00,7370.0,7382.0,7360.01,7363.6,152.283925
2018-03-29 14:45:00,7368.0,7419.9,7363.58,7410.0,238.88094
2018-03-29 14:50:00,7417.0,7447.0,7410.0,7421.0,390.256318
2018-03-29 14:55:00,7421.0,7429.86,7378.0,7405.01,249.365804
2018-03-29 15:00:00,7400.1,7425.0,7400.01,7417.07,126.437558
2018-03-29 15:05:00,7417.07,7434.84,7402.02,7412.0,117.510277
2018-03-29 15:10:00,7412.0,7415.07,7400.0,7408.0,115.855552
2018-03-29 15:15:00,7403.0,7460.41,7403.0,7447.0,158.215308
2018-03-29 15:20:00,7435.01,7447.99,7421.28,7434.98,68.652996
2018-03-29 15:25:00,7435.03,7439.0,7410.25,7417.1,81.844288
2018-03-29 15:30:00,7419.99,7422.0,7386.0,7399.0,146.508158
2018-03-29 15:35:00,7395.6,7405.21,7390.29,7393.47,73.422675
2018-03-29 15:40:00,7399.0,7433.92,7393.47,7420.83,83.616985
2018-03-29 15:45:00,7419.99,7423.0,7404.05,7405.9,56.866402
2018-03-29 15:50:00,7405.9,7412.72,7390.01,7408.0,113.620421
2018-03-29 15:55:00,7400.0,7484.56,7400.0,7474.01,193.959497
2018-03-29 16:00:00,7481.94,7545.46,7474.01,7519.99,474.358301
2018-03-29 16:05:00,7519.07,7525.0,7480.01,7490.09,186.246023
2018-03-29 16:10:00,7490.09,7536.94,7481.85,7510.0,230.418635
2018-03-29 16:15:00,7507.35,7576.71,7504.23,7556.0,334.24758
2018-03-29 16:20:00,7556.02,7580.0,7551.1,7568.0,283.855903
2018-03-29 16:25:00,7568.0,7570.0,7512.68,7512.68,333.200948
2018-03-29 16:30:00,7524.97,7548.0,7511.0,7539.91,147.837844
2018-03-29 16:35:00,7544.79,7551.0,7534.95,7539.99,192.245506
2018-03-29 16:40:00,7535.0,7542.23,7508.3,7512.09,122.916204
2018-03-29 16:45:00,7512.14,7519.99,7490.13,7495.02,186.322973
2018-03-29 16:50:00,7495.02,7499.59,7472.6,7472.62,154.895301
2018-03-29 16:55:00,7472.62,7502.24,7462.0,7499.0,145.92281
2018-03-29 17:00:00,7499.0,7499.0,7460.0,7460.0,98.895845
2018-03-29 17:05:00,7460.0,7477.0,7452.39,7475.98,136.568829
2018-03-29 17:10:00,7475.98,7477.0,7463.9,7466.09,120.044919
2018-03-29 17:15:00,7466.09,7520.0,7462.11,7520.0,207.049945
2018-03-29 17:20:00,7516.17,7525.6,7485.0,7489.46,135.04589
2018-03-29 17:25:00,7489.99,7500.0,7485.13,7495.0,72.958019
2018-03-29 17:30:00,7495.0,7510.0,7471.45,7482.0,100.646934
2018-03-29 17:35:00,7481.0,7500.0,7456.0,7479.89,119.864843
2018-03-29 17:40:00,7477.0,7492.48,7470.0,7483.8,99.825535
2018-03-29 17:45:00,7483.79,7484.62,7425.0,7449.18,180.93035
2018-03-29 17:50:00,7449.17,7460.01,7402.89,7425.4,192.549512
2018-03-29 17:55:00,7425.4,7445.23,7422.21,7433.0,68.9411
2018-03-29 18:00:00,7433.09,7435.0,7410.0,7421.62,120.420584
2018-03-29 18:05:00,7421.62,7440.0,7410.02,7439.0,160.118767
2018-03-29 18:10:00,7438.13,7458.99,7432.14,7434.28,71.904588
2018-03-29 18:15:00,7434.27,7439.93,7424.94,7425.0,49.973293
2018-03-29 18:20:00,7432.0,7434.99,7414.88,7433.54,70.530338
2018-03-29 18:25:00,7433.54,7441.0,7418.95,7429.89,63.991229
2018-03-29 18:30:00,7424.09,7432.62,7394.65,7414.0,147.181157
2018-03-29 18:35:00,7414.0,7430.96,7400.9,7415.38,90.359835
2018-03-29 18:40:00,7419.94,7443.96,7415.38,7431.0,53.993497
2018-03-29 18:45:00,7435.0,7443.96,7426.61,7433.45,60.642518
2018-03-29 18:50:00,7433.44,7459.28,7430.28,7450.13,98.454653
2018-03-29 18:55:00,7459.28,7459.36,7426.45,7435.01,75.307226
2018-03-29 19:00:00,7435.01,7455.97,7425.36,7446.53,77.125521
2018-03-29 19:05:00,7446.53,7449.13,7433.03,7443.08,61.635204
2018-03-29 19:10:00,7442.91,7458.0,7435.13,7455.0,36.41653
2018-03-29 19:15:00,7455.0,7478.94,7448.61,7450.0,114.649823
2018-03-29 19:20:00,7448.69,7450.0,7415.72,7440.98,92.615239
2018-03-29 19:25:00,7436.13,7446.0,7425.91,7428.59,43.753128
2018-03-29 19:30:00,7428.73,7448.45,7412.25,7438.99,63.143286
2018-03-29 19:35:00,7438.26,7439.0,7415.11,7419.08,33.255476
2018-03-29 19:40:00,7420.28,7420.28,7370.0,7370.0,254.880622
2018-03-29 19:45:00,7370.0,7387.08,7352.4,7360.0,163.058592
2018-03-29 19:50:00,7361.0,7387.98,7356.68,7374.85,75.441046
2018-03-29 19:55:00,7374.85,7374.85,7338.0,7341.0,208.36954
2018-03-29 20:00:00,7341.0,7380.0,7339.0,7355.63,141.665259
2018-03-29 20:05:00,7355.64,7367.53,7306.0,7312.0,217.482241
2018-03-29 20:10:00,7307.0,7313.0,7250.0,7259.83,769.802466
2018-03-29 20:15:00,7259.81,7307.99,7255.01,7270.0,300.768252
2018-03-29 20:20:00,7270.0,7298.87,7250.01,7289.08,213.227599
2018-03-29 20:25:00,7298.83,7339.66,7275.0,7299.95,305.88657
2018-03-29 20:30:00,7299.95,7300.9,7255.55,7279.97,242.42524
2018-03-29 20:35:00,7279.97,7290.0,7249.6,7252.06,212.998356
2018-03-29 20:40:00,7252.06,7268.52,7201.0,7201.0,382.18881
2018-03-29 20:45:00,7201.0,7239.96,7189.29,7228.99,432.87915
2018-03-29 20:50:00,7228.99,7236.98,7173.0,7173.0,364.339764
2018-03-29 20:55:00,7172.99,7175.23,7115.97,7116.0,585.674824
2018-03-29 21:00:00,7115.97,7205.51,7100.0,7100.0,844.031092
2018-03-29 21:05:00,7101.0,7101.0,7020.0,7025.0,766.595838
2018-03-29 21:10:00,7035.0,7297.86,7025.0,7159.89,1144.946965
2018-03-29 21:15:00,7159.89,7291.0,7141.26,7190.0,738.962708
2018-03-29 21:20:00,7193.93,7262.0,7151.0,7157.0,459.755664
2018-03-29 21:25:00,7162.0,7215.0,7151.11,7178.0,267.66074
2018-03-29 21:30:00,7178.0,7183.0,7159.01,7165.0,184.187409
2018-03-29 21:35:00,7165.0,7166.84,7066.01,7080.12,620.660235
2018-03-29 21:40:00,7080.12,7099.1,7052.0,7053.02,252.097896
2018-03-29 21:45:00,7060.0,7087.23,7008.0,7011.5,468.428597
2018-03-29 21:50:00,7011.5,7020.0,6941.11,6949.8,1133.777831
2018-03-29 21:55:00,6943.12,7147.19,6942.44,7095.0,939.988384
2018-03-29 22:00:00,7081.34,7120.0,7064.97,7072.38,346.051175
2018-03-29 22:05:00,7072.41,7207.0,7057.81,7198.98,551.017529
2018-03-29 22:10:00,7198.98,7210.0,7119.07,7139.98,419.06604
2018-03-29 22:15:00,7149.87,7220.93,7126.85,7220.3,362.735754
2018-03-29 22:20:00,7220.3,7296.95,7210.01,7296.95,552.339012
2018-03-29 22:25:00,7296.94,7388.33,7250.0,7255.9,684.08427
2018-03-29 22:30:00,7255.9,7284.93,7157.1,7281.11,505.125391
2018-03-29 22:35:00,7283.75,7294.79,7191.01,7232.68,274.852457
2018-03-29 22:40:00,7232.68,7280.0,7220.31,7233.05,216.1352
2018-03-29 22:45:00,7233.04,7270.75,7230.01,7245.0,222.036684
2018-03-29 22:50:00,7245.0,7250.0,7144.41,7188.98,331.799359
2018-03-29 22:55:00,7176.35,7199.49,7130.0,7199.49,302.983247
2018-03-29 23:00:00,7186.17,7243.83,7182.93,7225.0,205.446743
2018-03-29 23:05:00,7221.99,7225.0,7146.04,7179.18,152.51084
2018-03-29 23:10:00,7165.33,7178.3,7128.0,7142.0,172.632797
2018-03-29 23:15:00,7142.0,7150.0,7100.0,7113.75,224.931407
2018-03-29 23:20:00,7123.17,7155.7,7099.99,7111.13,218.258579
2018-03-29 23:25:00,7111.14,7169.92,7110.03,7140.0,134.566966
2018-03-29 23:30:00,7140.0,7188.72,7136.65,7156.08,165.325734
2018-03-29 23:35:00,7157.82,7167.98,7142.67,7142.67,63.367535
2018-03-29 23:40:00,7147.01,7150.0,7084.01,7101.0,166.091029
2018-03-29 23:45:00,7101.0,7123.46,7066.0,7106.14,203.888335
2018-03-29 23:50:00,7103.05,7112.99,7081.43,7082.01,126.541022
2018-03-29 23:55:00,7085.01,7100.0,7060.0,7090.14,208.127257
2018-03-30 00:00:00,7090.16,7165.08,7065.5,7126.72,491.698278
2018-03-30 00:05:00,7126.71,7130.61,7085.0,7101.01,137.992559
2018-03-30 00:10:00,7101.0,7107.0,7050.0,7052.97,257.768853
2018-03-30 00:15:00,7052.14,7059.93,7006.2,7049.87,311.036049
2018-03-30 00:20:00,7044.67,7098.79,7031.26,7033.55,223.056479
2018-03-30 00:25:00,7033.55,7066.68,6970.0,7009.88,467.545109
2018-03-30 00:30:00,7009.88,7012.98,6851.0,6863.17,853.239075
2018-03-30 00:35:00,6863.17,6910.0,6850.0,6874.02,587.664848
2018-03-30 00:40:00,6871.02,6879.94,6812.0,6862.76,602.216672
2018-03-30 00:45:00,6862.74,6889.28,6821.0,6889.28,402.565946
2018-03-30 00:50:00,6887.4,6946.51,6861.49,6866.0,492.246027
2018-03-30 00:55:00,6871.97,6873.45,6815.0,6835.35,318.35645
2018-03-30 01:00:00,6835.36,6849.78,6800.0,6810.03,452.615165
2018-03-30 01:05:00,6810.03,6826.3,6760.0,6777.97,531.898268
2018-03-30 01:10:00,6772.12,6818.88,6765.02,6780.0,415.365565
2018-03-30 01:15:00,6784.83,6799.98,6741.0,6753.76,562.934362
2018-03-30 01:20:00,6756.89,6888.6,6752.0,6830.0,515.31069
2018-03-30 01:25:00,6829.92,6840.01,6774.28,6799.95,326.186468
2018-03-30 01:30:00,6798.99,6865.0,6776.07,6851.02,332.023886
2018-03-30 01:35:00,6851.02,6951.33,6851.02,6909.96,550.886304
2018-03-30 01:40:00,6909.95,6941.0,6836.06,6857.11,447.014894
2018-03-30 01:45:00,6856.97,6914.99,6842.09,6900.01,263.407807
2018-03-30 01:50:00,6900.0,6948.55,6900.0,6907.92,326.08387
2018-03-30 01:55:00,6900.56,6950.0,6889.96,6950.0,225.889434
2018-03-30 02:00:00,6950.0,6980.0,6900.0,6930.02,320.775565
2018-03-30 02:05:00,6930.02,6979.0,6930.02,6946.7,289.834894
2018-03-30 02:10:00,6946.71,6976.7,6880.0,6880.01,382.702832
2018-03-30 02:15:00,6885.61,6902.28,6844.0,6867.36,413.623482
2018-03-30 02:20:00,6874.98,6897.94,6848.0,6873.99,198.471887
2018-03-30 02:25:00,6862.08,6873.99,6840.0,6864.39,163.328087
2018-03-30 02:30:00,6864.5,6900.0,6860.0,6880.01,188.512699
2018-03-30 02:35:00,6880.0,6880.0,6740.0,6791.55,350.41708
2018-03-30 02:40:00,6800.0,6810.0,6768.7,6786.93,258.934968
2018-03-30 02:45:00,6786.93,6836.0,6770.33,6825.25,147.743035
2018-03-30 02:50:00,6825.29,6846.98,6815.79,6821.0,118.773762
2018-03-30 02:55:00,6817.07,6864.56,6815.0,6860.0,118.860538
2018-03-30 03:00:00,6865.0,6915.0,6849.34,6878.0,322.017705
2018-03-30 03:05:00,6879.9,6889.98,6835.2,6835.27,183.50652
2018-03-30 03:10:00,6852.62,6866.7,6801.0,6826.82,181.994056
2018-03-30 03:15:00,6820.08,6844.5,6816.0,6829.99,131.686551
2018-03-30 03:20:00,6833.57,6859.5,6822.28,6848.9,111.52271
2018-03-30 03:25:00,6848.9,6866.21,6838.64,6859.0,135.106265
2018-03-30 03:30:00,6866.0,6890.0,6856.86,6879.43,123.571505
2018-03-30 03:35:00,6879.42,6930.0,6879.04,6888.04,260.474658
2018-03-30 03:40:00,6888.03,6892.85,6859.04,6868.2,96.521585
2018-03-30 03:45:00,6870.0,6894.6,6859.05,6885.0,145.866132
2018-03-30 03:50:00,6889.85,6894.44,6822.29,6851.91,141.954947
2018-03-30 03:55:00,6841.29,6867.19,6825.7,6861.01,143.713101
2018-03-30 04:00:00,6867.19,6877.0,6830.01,6835.0,150.154999
2018-03-30 04:05:00,6835.93,6841.0,6794.24,6797.61,272.931274
2018-03-30 04:10:00,6797.62,6814.5,6777.0,6795.0,267.723754
2018-03-30 04:15:00,6795.01,6799.0,6711.67,6719.0,614.557062
2018-03-30 04:20:00,6719.0,6740.01,6701.0,6701.0,368.293749
2018-03-30 04:25:00,6701.0,6722.0,6666.66,6720.0,426.638715
2018-03-30 04:30:00,6720.0,6731.0,6686.7,6712.97,245.87976
2018-03-30 04:35:00,6716.31,6761.67,6700.12,6728.05,228.161303
2018-03-30 04:40:00,6729.0,6737.87,6701.07,6717.0,180.883757
2018-03-30 04:45:00,6715.39,6724.69,6687.04,6694.0,139.143446
2018-03-30 04:50:00,6694.0,6739.99,6687.15,6708.84,118.813718
2018-03-30 04:55:00,6708.84,6730.0,6687.04,6730.0,150.266443
2018-03-30 05:00:00,6721.18,6780.0,6721.18,6780.0,196.357294
2018-03-30 05:05:00,6780.01,6789.99,6755.01,6770.01,163.168246
2018-03-30 05:10:00,6770.19,6813.01,6770.0,6787.98,195.029497
2018-03-30 05:15:00,6787.5,6790.48,6762.06,6773.5,141.645489
2018-03-30 05:20:00,6772.78,6835.0,6762.06,6830.0,119.345943
2018-03-30 05:25:00,6830.0,6949.9,6830.0,6917.36,582.466624
2018-03-30 05:30:00,6917.36,6925.01,6842.13,6923.0,290.217837
2018-03-30 05:35:00,6923.0,7090.99,6911.8,7050.0,588.771183
2018-03-30 05:40:00,7069.79,7074.71,6984.5,7017.14,515.584474
2018-03-30 05:45:00,7019.1,7121.67,7015.0,7081.43,450.242833
2018-03-30 05:50:00,7081.43,7150.0,7065.62,7130.0,609.56229
2018-03-30 05:55:00,7128.61,7210.0,7100.5,7103.07,726.626559
2018-03-30 06:00:00,7103.07,7130.0,7045.4,7084.87,619.461013
2018-03-30 06:05:00,7069.73,7189.9,7065.01,7150.21,386.85163
2018-03-30 06:10:00,7150.22,7169.54,7112.01,7137.11,270.789136
2018-03-30 06:15:00,7132.01,7163.22,7075.01,7127.96,275.539662
2018-03-30 06:20:00,7127.96,7176.65,7116.71,7159.35,226.014742
2018-03-30 06:25:00,7159.36,7171.22,7120.0,7130.0,235.527066
2018-03-30 06:30:00,7134.0,7151.69,7105.4,7110.0,134.159701
2018-03-30 06:35:00,7110.0,7119.96,7062.6,7095.0,272.418325
2018-03-30 06:40:00,7090.0,7119.03,7075.16,7097.92,170.07561
2018-03-30 06:45:00,7094.15,7095.0,7063.01,7063.01,135.620692
2018-03-30 06:50:00,7065.0,7079.0,6955.92,7003.99,480.772874
2018-03-30 06:55:00,7001.0,7082.28,6992.0,7048.93,376.415989
2018-03-30 07:00:00,7048.93,7048.93,6971.69,6979.88,244.332379
2018-03-30 07:05:00,6979.81,7043.0,6955.92,7020.0,444.059517
2018-03-30 07:10:00,7019.93,7088.57,6991.06,7086.0,206.121107
2018-03-30 07:15:00,7086.0,7088.97,7029.0,7051.0,169.525776
2018-03-30 07:20:00,7052.0,7140.0,7050.01,7128.84,268.956449
2018-03-30 07:25:00,7119.59,7150.1,7116.8,7121.0,209.072671
2018-03-30 07:30:00,7121.0,7151.4,7087.0,7101.11,182.020117
2018-03-30 07:35:00,7101.11,7150.0,7101.0,7128.0,130.072903
2018-03-30 07:40:00,7127.67,7181.27,7121.04,7156.39,203.180707
2018-03-30 07:45:00,7158.0,7258.0,7156.56,7247.0,442.634218
2018-03-30 07:50:00,7250.14,7272.78,7205.6,7239.96,352.209997
2018-03-30 07:55:00,7239.96,7249.78,7187.0,7222.25,221.362673
2018-03-30 08:00:00,7222.29,7278.0,7221.0,7277.7,340.067197
2018-03-30 08:05:00,7278.0,7292.43,7242.38,7269.97,332.399023
2018-03-30 08:10:00,7261.67,7269.99,7176.54,7195.76,281.74456
2018-03-30 08:15:00,7195.66,7221.8,7164.3,7217.6,248.734448
2018-03-30 08:20:00,7213.11,7225.0,7180.0,7203.6,176.494397
2018-03-30 08:25:00,7209.92,7214.99,7182.0,7198.97,107.12066
2018-03-30 08:30:00,7195.01,7212.0,7195.0,7200.0,79.783514
2018-03-30 08:35:00,7202.48,7204.98,7165.0,7167.0,170.203265
2018-03-30 08:40:00,7167.01,7195.0,7133.0,7182.01,195.369012
2018-03-30 08:45:00,7182.01,7192.1,7157.41,7162.15,82.621845
2018-03-30 08:50:00,7162.16,7172.52,7132.59,7147.0,109.411136
2018-03-30 08:55:00,7147.0,7155.45,7101.99,7106.16,290.346753
2018-03-30 09:00:00,7106.17,7153.71,7105.0,7121.7,150.642836
2018-03-30 09:05:00,7121.05,7170.0,7104.4,7160.0,125.255086
2018-03-30 09:10:00,7161.0,7180.0,7160.02,7166.34,116.800963
2018-03-30 09:15:00,7166.35,7193.0,7166.28,7167.38,133.968314
2018-03-30 09:20:00,7167.16,7167.38,7125.0,7136.93,84.2192
2018-03-30 09:25:00,7139.99,7150.0,7122.0,7124.0,77.370935
2018-03-30 09:30:00,7129.8,7147.0,7123.6,7130.0,63.308159
2018-03-30 09:35:00,7130.0,7140.72,7085.0,7090.05,157.090395
2018-03-30 09:40:00,7093.0,7115.99,7050.01,7060.0,351.98575
2018-03-30 09:45:00,7061.5,7090.0,7055.54,7080.0,153.552395
2018-03-30 09:50:00,7070.76,7108.98,7055.0,7055.0,173.249145
2018-03-30 09:55:00,7055.0,7067.15,7031.0,7031.69,145.515506
2018-03-30 10:00:00,7032.0,7065.57,7020.0,7065.0,178.439821
2018-03-30 10:05:00,7065.0,7090.0,7038.11,7073.04,149.292683
2018-03-30 10:10:00,7083.57,7083.57,7068.0,7080.99,79.371584
2018-03-30 10:15:00,7080.99,7114.14,7080.15,7099.12,177.187884
2018-03-30 10:20:00,7104.61,7114.61,7065.0,7065.0,96.17963
2018-03-30 10:25:00,7065.0,7089.99,7050.88,7085.09,84.126878
2018-03-30 10:30:00,7084.83,7114.0,7055.49,7055.49,142.800058
2018-03-30 10:35:00,7055.43,7069.99,7040.05,7055.0,68.452883
2018-03-30 10:40:00,7055.0,7063.08,7031.0,7032.32,63.369784
2018-03-30 10:45:00,7031.13,7041.23,6911.0,6939.99,677.346995
2018-03-30 10:50:00,6934.14,6958.91,6925.02,6941.0,311.526893
2018-03-30 10:55:00,6941.0,6948.0,6880.0,6900.0,294.429868
2018-03-30 11:00:00,6900.0,6965.06,6887.92,6931.01,239.093671
2018-03-30 11:05:00,6935.0,6988.0,6931.0,6984.0,148.867722
2018-03-30 11:10:00,6984.0,7012.99,6947.6,6952.08,239.121254
2018-03-30 11:15:00,6952.08,6982.9,6950.0,6953.22,85.751876
2018-03-30 11:20:00,6953.24,6990.0,6948.15,6972.83,104.535723
2018-03-30 11:25:00,6964.4,6996.72,6962.0,6968.0,95.052068
2018-03-30 11:30:00,6966.03,6976.83,6932.2,6952.0,167.0095
2018-03-30 11:35:00,6952.0,6964.71,6935.0,6946.01,92.203539
2018-03-30 11:40:00,6950.99,6984.75,6940.09,6970.0,74.301893
2018-03-30 11:45:00,6970.0,6995.0,6965.0,6995.0,95.353029
2018-03-30 11:50:00,6995.0,7066.9,6993.03,7026.16,243.650731
2018-03-30 11:55:00,7026.17,7039.0,7015.0,7027.72,98.598856
2018-03-30 12:00:00,7027.73,7032.33,6925.91,6950.76,300.697001
2018-03-30 12:05:00,6954.91,6985.34,6942.29,6968.23,86.093895
2018-03-30 12:10:00,6971.68,6971.69,6941.69,6944.98,78.33917
2018-03-30 12:15:00,6944.97,6965.75,6938.33,6950.0,65.248338
2018-03-30 12:20:00,6950.0,7033.0,6943.0,7010.04,317.415113
2018-03-30 12:25:00,7014.79,7019.99,6980.0,6982.01,86.518675
2018-03-30 12:30:00,6982.01,7019.82,6982.0,6998.0,114.695571
2018-03-30 12:35:00,6997.18,7022.01,6997.11,7018.98,83.018414
2018-03-30 12:40:00,7018.97,7019.99,6961.64,6968.94,121.555583
2018-03-30 12:45:00,6967.21,6993.43,6959.1,6993.43,88.017615
2018-03-30 12:50:00,6993.43,6995.0,6974.05,6985.0,67.788614
2018-03-30 12:55:00,6985.0,7030.99,6974.71,7030.99,120.586239
2018-03-30 13:00:00,7030.99,7040.01,7001.87,7026.0,186.348858
2018-03-30 13:05:00,7026.65,7039.0,6995.0,7003.16,113.510584
2018-03-30 13:10:00,7001.2,7003.73,6950.01,6975.0,178.706592
2018-03-30 13:15:00,6975.0,7000.0,6955.0,6988.31,103.904805
2018-03-30 13:20:00,6980.01,6988.31,6930.01,6940.0,206.300393
2018-03-30 13:25:00,6933.67,6954.85,6893.0,6936.0,219.899413
2018-03-30 13:30:00,6932.25,6954.93,6860.0,6865.01,227.05309
2018-03-30 13:35:00,6865.0,6872.72,6832.12,6862.89,266.390298
2018-03-30 13:40:00,6862.89,6909.9,6862.89,6890.16,204.880591
2018-03-30 13:45:00,6899.98,6927.6,6874.23,6881.69,204.540921
2018-03-30 13:50:00,6881.75,6900.0,6847.99,6897.86,203.542868
2018-03-30 13:55:00,6897.75,6910.0,6881.0,6881.13,116.434695
2018-03-30 14:00:00,6881.13,6898.0,6860.0,6880.2,250.036078
2018-03-30 14:05:00,6881.41,6905.0,6880.0,6890.0,141.242883
2018-03-30 14:10:00,6890.0,6890.0,6849.0,6882.94,207.243445
2018-03-30 14:15:00,6878.13,6901.99,6853.35,6901.99,133.260924
2018-03-30 14:20:00,6901.99,6922.98,6881.69,6893.17,149.785093
2018-03-30 14:25:00,6893.17,6905.88,6856.01,6882.8,111.95606
2018-03-30 14:30:00,6882.81,6899.0,6861.35,6890.02,114.323475
2018-03-30 14:35:00,6898.87,6902.32,6880.0,6880.91,89.572243
2018-03-30 14:40:00,6880.91,6882.99,6818.11,6837.72,343.302695
2018-03-30 14:45:00,6837.72,6866.42,6825.0,6862.95,196.829952
2018-03-30 14:50:00,6856.0,6874.99,6841.0,6844.2,117.679341
2018-03-30 14:55:00,6852.99,6852.99,6825.0,6832.29,143.285707
2018-03-30 15:00:00,6827.01,6832.29,6757.0,6770.9,425.011772
2018-03-30 15:05:00,6770.9,6815.99,6745.0,6745.0,310.765181
2018-03-30 15:10:00,6745.0,6770.0,6703.0,6744.47,466.218205
2018-03-30 15:15:00,6744.99,6750.11,6703.02,6711.07,272.856948
2018-03-30 15:20:00,6711.0,6769.99,6709.0,6729.0,309.781355
2018-03-30 15:25:00,6729.0,6740.05,6679.01,6684.0,468.460601
2018-03-30 15:30:00,6684.75,6797.41,6684.01,6754.0,503.927998
2018-03-30 15:35:00,6753.49,6766.0,6722.01,6735.03,255.062386
2018-03-30 15:40:00,6740.0,6785.0,6735.0,6760.38,218.269528
2018-03-30 15:45:00,6760.38,6784.0,6731.0,6745.18,272.009263
2018-03-30 15:50:00,6749.73,6785.0,6740.0,6770.05,161.972976
2018-03-30 15:55:00,6770.04,6903.92,6762.49,6839.98,313.876303
2018-03-30 16:00:00,6839.97,6839.98,6765.11,6770.01,295.635682
2018-03-30 16:05:00,6770.01,6781.37,6750.05,6772.92,168.57981
2018-03-30 16:10:00,6769.92,6774.05,6705.0,6732.83,288.107104
2018-03-30 16:15:00,6732.0,6749.97,6707.01,6724.41,200.2386
2018-03-30 16:20:00,6731.49,6749.99,6716.0,6749.97,91.37538
2018-03-30 16:25:00,6748.99,6869.99,6737.0,6851.43,299.132927
2018-03-30 16:30:00,6851.43,6911.69,6761.69,6785.09,692.551994
2018-03-30 16:35:00,6785.17,6807.34,6750.0,6760.01,255.53896
2018-03-30 16:40:00,6760.01,6768.6,6690.0,6719.09,581.439193
2018-03-30 16:45:00,6719.17,6766.0,6623.0,6634.93,634.434111
2018-03-30 16:50:00,6640.0,6687.0,6600.1,6684.99,618.594048
2018-03-30 16:55:00,6680.0,6749.0,6661.0,6694.09,435.316881
2018-03-30 17:00:00,6694.93,6721.6,6651.0,6718.99,262.351971
2018-03-30 17:05:00,6721.6,6740.12,6670.0,6699.91,268.150334
2018-03-30 17:10:00,6699.91,6721.0,6630.0,6680.0,374.179686
2018-03-30 17:15:00,6672.6,6688.0,6620.0,6644.91,305.344444
2018-03-30 17:20:00,6644.91,6676.92,6611.69,6668.98,262.608004
2018-03-30 17:25:00,6674.93,6677.5,6615.46,6630.0,191.328627
2018-03-30 17:30:00,6630.0,6721.0,6626.47,6667.86,315.000873
2018-03-30 17:35:00,6660.08,6701.69,6660.02,6689.99,147.409104
2018-03-30 17:40:00,6690.0,6713.01,6670.98,6679.26,132.32992
2018-03-30 17:45:00,6679.26,6689.42,6650.0,6654.0,134.122564
2018-03-30 17:50:00,6658.57,6725.01,6655.25,6710.0,169.655216
2018-03-30 17:55:00,6710.0,6755.01,6705.0,6720.08,284.122494
2018-03-30 18:00:00,6720.08,6725.0,6679.07,6708.99,146.794569
2018-03-30 18:05:00,6702.23,6740.1,6690.84,6699.43,139.558696
2018-03-30 18:10:00,6699.43,6718.53,6686.06,6717.39,97.463141
2018-03-30 18:15:00,6717.39,6735.0,6673.62,6675.16,151.809698
2018-03-30 18:20:00,6680.0,6699.98,6660.1,6665.0,122.211564
2018-03-30 18:25:00,6665.0,6690.0,6652.6,6690.0,148.770608
2018-03-30 18:30:00,6689.06,6700.0,6667.17,6684.72,87.028957
2018-03-30 18:35:00,6690.14,6720.0,6690.11,6700.0,137.062652
2018-03-30 18:40:00,6699.55,6709.04,6691.0,6707.9,72.131837
2018-03-30 18:45:00,6707.88,6749.0,6691.62,6705.0,195.412092
2018-03-30 18:50:00,6705.0,6752.74,6705.0,6726.56,163.410979
2018-03-30 18:55:00,6736.27,6746.99,6711.72,6738.58,108.893379
2018-03-30 19:00:00,6738.58,6820.0,6732.0,6780.53,375.629604
2018-03-30 19:05:00,6789.81,6820.0,6748.36,6772.94,293.359367
2018-03-30 19:10:00,6761.81,6794.24,6755.24,6775.05,176.52119
2018-03-30 19:15:00,6766.62,6775.03,6710.0,6728.08,133.201659
2018-03-30 19:20:00,6728.08,6764.89,6724.12,6725.0,94.713762
2018-03-30 19:25:00,6729.99,6751.75,6715.23,6751.75,104.706055
2018-03-30 19:30:00,6751.75,6819.0,6742.06,6795.66,169.750799
2018-03-30 19:35:00,6786.19,6870.45,6780.0,6815.02,308.574072
2018-03-30 19:40:00,6824.56,6849.98,6800.04,6833.0,178.562875
2018-03-30 19:45:00,6834.74,6848.99,6810.0,6834.54,170.182038
2018-03-30 19:50:00,6834.54,6839.96,6780.89,6800.05,151.943889
2018-03-30 19:55:00,6800.05,6840.0,6783.0,6800.63,156.498015
2018-03-30 20:00:00,6816.58,6816.58,6740.0,6773.59,280.573832
2018-03-30 20:05:00,6773.6,6807.99,6770.0,6807.99,93.741752
2018-03-30 20:10:00,6807.99,6818.24,6781.16,6798.83,111.707901
2018-03-30 20:15:00,6794.97,6818.0,6780.0,6807.13,99.369821
2018-03-30 20:20:00,6808.89,6815.01,6753.88,6753.89,97.600303
2018-03-30 20:25:00,6758.54,6799.0,6735.0,6762.1,132.937585
2018-03-30 20:30:00,6762.11,6790.0,6753.0,6772.0,80.766671
2018-03-30 20:35:00,6772.0,6825.0,6760.13,6815.61,194.634398
2018-03-30 20:40:00,6820.01,6888.0,6813.94,6885.5,235.084998
2018-03-30 20:45:00,6887.99,6910.0,6857.0,6861.0,332.832431
2018-03-30 20:50:00,6866.48,6879.99,6828.6,6849.99,185.330932
2018-03-30 20:55:00,6850.0,6876.88,6840.0,6840.0,161.740502
2018-03-30 21:00:00,6840.0,6870.0,6828.0,6852.99,131.962384
2018-03-30 21:05:00,6850.86,6865.0,6830.0,6853.37,101.620716
2018-03-30 21:10:00,6858.99,6858.99,6830.0,6857.64,106.877252
2018-03-30 21:15:00,6855.09,6897.96,6832.57,6884.99,93.661487
2018-03-30 21:20:00,6884.0,6884.0,6869.55,6878.0,82.647111
2018-03-30 21:25:00,6881.0,6884.0,6865.0,6880.01,92.159391
2018-03-30 21:30:00,6884.02,6927.89,6880.0,6915.0,214.946599
2018-03-30 21:35:00,6915.05,6920.0,6870.0,6880.46,129.985205
2018-03-30 21:40:00,6875.03,6900.0,6865.0,6891.36,96.525732
2018-03-30 21:45:00,6891.59,6942.01,6891.59,6923.94,193.205365
2018-03-30 21:50:00,6937.68,6951.0,6910.0,6932.87,213.733515
2018-03-30 21:55:00,6930.01,6942.0,6909.18,6928.17,158.722174
2018-03-30 22:00:00,6928.17,6928.19,6858.0,6860.02,135.713304
2018-03-30 22:05:00,6859.01,6909.92,6853.0,6905.0,134.10444
2018-03-30 22:10:00,6900.0,6905.0,6849.5,6864.55,103.920185
2018-03-30 22:15:00,6864.55,6885.0,6857.82,6865.79,63.607993
2018-03-30 22:20:00,6865.8,6883.0,6860.91,6873.99,58.175411
2018-03-30 22:25:00,6874.0,6904.99,6853.58,6860.01,121.753119
2018-03-30 22:30:00,6860.0,6860.0,6757.16,6775.0,316.133526
2018-03-30 22:35:00,6775.0,6808.02,6735.0,6790.23,247.64366
2018-03-30 22:40:00,6789.86,6799.01,6764.62,6778.11,60.502142
2018-03-30 22:45:00,6778.1,6789.11,6757.58,6765.43,113.004194
2018-03-30 22:50:00,6765.46,6777.02,6750.0,6770.0,126.787772
2018-03-30 22:55:00,6769.96,6787.99,6768.6,6784.5,90.520002
2018-03-30 23:00:00,6781.03,6841.86,6750.0,6818.0,269.535983
2018-03-30 23:05:00,6817.19,6826.0,6766.23,6780.87,79.795254
2018-03-30 23:10:00,6780.87,6790.0,6756.03,6785.76,84.469488
2018-03-30 23:15:00,6789.5,6820.0,6781.06,6797.01,111.834169
2018-03-30 23:20:00,6801.64,6809.0,6790.11,6796.99,90.02
2018-03-30 23:25:00,6792.16,6828.36,6792.0,6820.3,79.926906
2018-03-30 23:30:00,6820.29,6866.0,6819.01,6823.99,186.347482
2018-03-30 23:35:00,6820.05,6870.0,6811.11,6860.0,124.525263
2018-03-30 23:40:00,6868.22,6898.0,6841.01,6880.0,195.584898
2018-03-30 23:45:00,6887.91,6887.91,6849.13,6849.46,107.660371
2018-03-30 23:50:00,6849.46,6861.0,6840.88,6854.53,88.770644
2018-03-30 23:55:00,6854.53,6858.43,6837.71,6840.23,85.472399
2018-03-31 00:00:00,6840.24,6888.0,6837.71,6880.21,108.662753
2018-03-31 00:05:00,6884.81,6943.39,6868.23,6941.63,175.572967
2018-03-31 00:10:00,6941.63,6977.5,6924.1,6972.98,245.05831
2018-03-31 00:15:00,6972.98,7028.72,6955.09,6995.54,434.048271
2018-03-31 00:20:00,7000.0,7000.0,6960.7,6967.0,171.567521
2018-03-31 00:25:00,6967.01,6980.0,6951.01,6959.2,121.182224
2018-03-31 00:30:00,6964.83,6977.99,6959.25,6969.01,87.4059
2018-03-31 00:35:00,6969.01,6988.78,6961.46,6970.12,133.76726
2018-03-31 00:40:00,6969.05,7047.77,6968.99,7011.13,254.078907
2018-03-31 00:45:00,7015.03,7054.0,7011.09,7023.46,172.650889
2018-03-31 00:50:00,7023.46,7030.0,6965.0,6981.0,209.716912
2018-03-31 00:55:00,6981.05,6995.0,6973.67,6995.0,76.754584
2018-03-31 01:00:00,6995.0,6995.0,6935.0,6961.43,132.422692
2018-03-31 01:05:00,6961.43,6969.0,6945.0,6965.03,83.602049
2018-03-31 01:10:00,6960.01,6989.0,6960.0,6977.9,74.448613
2018-03-31 01:15:00,6975.01,7030.0,6974.0,7011.2,133.441239
2018-03-31 01:20:00,7011.18,7035.11,7000.0,7020.0,91.74498
2018-03-31 01:25:00,7020.0,7082.42,7018.09,7057.23,181.325917
2018-03-31 01:30:00,7059.93,7080.0,7014.97,7024.17,172.839504
2018-03-31 01:35:00,7024.17,7061.99,7016.02,7053.76,112.672529
2018-03-31 01:40:00,7053.76,7070.13,7035.0,7043.14,139.800685
2018-03-31 01:45:00,7045.43,7050.0,7018.13,7045.0,114.50019
2018-03-31 01:50:00,7043.87,7120.0,7042.74,7109.52,327.059124
2018-03-31 01:55:00,7109.54,7120.0,7061.01,7082.0,174.392942
2018-03-31 02:00:00,7082.0,7094.59,7058.6,7072.21,136.718473
2018-03-31 02:05:00,7074.0,7117.07,7072.11,7103.9,162.812647
2018-03-31 02:10:00,7109.99,7110.0,7068.21,7069.49,153.00656
2018-03-31 02:15:00,7069.99,7076.41,7030.0,7031.0,224.006603
2018-03-31 02:20:00,7031.0,7058.66,7020.0,7040.0,153.812498
2018-03-31 02:25:00,7030.48,7039.99,6991.0,7012.35,252.735731
2018-03-31 02:30:00,7022.0,7054.98,7005.75,7030.99,94.797497
2018-03-31 02:35:00,7034.89,7038.96,7000.0,7024.0,108.0247
2018-03-31 02:40:00,7024.0,7037.69,7013.22,7030.0,102.02473
2018-03-31 02:45:00,7030.0,7035.06,7008.67,7014.89,103.221829
2018-03-31 02:50:00,7011.26,7077.68,7011.24,7046.32,187.209718
2018-03-31 02:55:00,7046.4,7071.29,7035.06,7041.0,105.267992
2018-03-31 03:00:00,7035.19,7040.0,6970.0,6982.68,271.646782
2018-03-31 03:05:00,6982.59,6994.02,6966.0,6989.97,144.634104
2018-03-31 03:10:00,6986.5,6993.92,6970.28,6975.0,114.191844
2018-03-31 03:15:00,6980.0,7020.0,6975.0,7019.0,168.199221
2018-03-31 03:20:00,7019.0,7022.0,6993.11,7000.01,63.264242
2018-03-31 03:25:00,7000.01,7018.0,6993.13,7007.19,52.031576
2018-03-31 03:30:00,7007.06,7020.08,7003.0,7020.08,55.548566
2018-03-31 03:35:00,7020.01,7039.99,7020.01,7029.98,106.5765
2018-03-31 03:40:00,7023.99,7029.9,7010.01,7016.99,53.066857
2018-03-31 03:45:00,7012.32,7016.99,6968.92,6973.88,111.719393
2018-03-31 03:50:00,6977.98,6999.0,6963.03,6978.62,227.358047
2018-03-31 03:55:00,6975.76,6994.69,6950.07,6959.02,209.582456
2018-03-31 04:00:00,6954.06,6989.0,6930.0,6984.0,170.34478
2018-03-31 04:05:00,6984.0,7015.16,6940.54,7003.98,161.946228
2018-03-31 04:10:00,7004.99,7016.0,7000.84,7007.96,92.281816
2018-03-31 04:15:00,7004.05,7012.22,6988.99,6991.25,95.678441
2018-03-31 04:20:00,6998.89,7003.01,6979.52,6996.05,124.45806
2018-03-31 04:25:00,6999.53,7040.0,6988.4,7021.9,110.853497
2018-03-31 04:30:00,7026.98,7040.52,7021.9,7038.85,110.704624
2018-03-31 04:35:00,7038.85,7039.83,7007.09,7030.14,81.66744
2018-03-31 04:40:00,7033.0,7050.0,7030.0,7037.01,122.292453
2018-03-31 04:45:00,7037.77,7037.77,7013.86,7020.89,107.850256
2018-03-31 04:50:00,7020.9,7033.57,7015.04,7018.0,49.593413
2018-03-31 04:55:00,7020.0,7024.11,6993.42,7012.99,133.673244
2018-03-31 05:00:00,7005.59,7012.69,6969.69,6978.83,105.821891
2018-03-31 05:05:00,6978.83,6986.0,6961.0,6970.8,128.225392
2018-03-31 05:10:00,6970.76,6999.78,6953.0,6992.67,103.583593
2018-03-31 05:15:00,6992.67,6999.0,6970.05,6979.9,62.311372
2018-03-31 05:20:00,6979.9,6980.0,6936.0,6954.61,103.111065
2018-03-31 05:25:00,6950.0,6970.07,6947.0,6957.98,160.752185
2018-03-31 05:30:00,6958.47,6958.98,6905.07,6905.14,115.477256
2018-03-31 05:35:00,6917.99,6919.02,6884.57,6900.0,239.960834
2018-03-31 05:40:00,6900.0,6939.45,6900.0,6916.14,151.870365
2018-03-31 05:45:00,6916.1,6916.14,6881.56,6885.52,85.183905
2018-03-31 05:50:00,6885.52,6905.01,6850.0,6863.39,227.24422
2018-03-31 05:55:00,6861.64,6909.39,6855.4,6905.96,108.718608
2018-03-31 06:00:00,6898.26,6909.39,6865.29,6893.61,117.402791
2018-03-31 06:05:00,6894.01,6900.0,6855.0,6860.0,97.77601
2018-03-31 06:10:00,6859.72,6887.48,6855.0,6865.0,124.385632
2018-03-31 06:15:00,6871.15,6891.0,6859.97,6870.67,108.468589
2018-03-31 06:20:00,6873.38,6907.99,6873.37,6892.5,102.081889
2018-03-31 06:25:00,6894.0,6920.0,6892.5,6898.19,134.047768
2018-03-31 06:30:00,6895.62,6898.1,6872.66,6883.0,61.060329
2018-03-31 06:35:00,6883.0,6905.0,6862.52,6893.75,82.030613
2018-03-31 06:40:00,6904.48,6910.7,6885.0,6894.97,72.58707
2018-03-31 06:45:00,6888.43,6894.96,6802.0,6820.0,326.079147
2018-03-31 06:50:00,6828.41,6828.41,6787.0,6810.0,250.307531
2018-03-31 06:55:00,6809.99,6820.07,6789.89,6797.7,107.686828
2018-03-31 07:00:00,6799.92,6828.0,6792.55,6820.0,112.211364
2018-03-31 07:05:00,6820.0,6820.0,6777.0,6788.35,219.41835
2018-03-31 07:10:00,6788.99,6830.0,6780.58,6820.01,136.472989
2018-03-31 07:15:00,6821.9,6821.9,6805.58,6812.12,77.364873
2018-03-31 07:20:00,6809.22,6817.83,6779.24,6790.01,78.47452
2018-03-31 07:25:00,6795.46,6807.98,6790.01,6805.0,60.03406
2018-03-31 07:30:00,6806.0,6838.52,6794.0,6819.0,136.879723
2018-03-31 07:35:00,6819.0,6838.53,6811.4,6830.0,78.3024
2018-03-31 07:40:00,6830.0,6845.0,6820.0,6827.2,87.748584
2018-03-31 07:45:00,6836.0,6842.66,6827.18,6837.89,71.655258
2018-03-31 07:50:00,6842.66,6843.22,6793.0,6805.38,87.600239
2018-03-31 07:55:00,6805.36,6824.99,6796.09,6805.76,58.475589
2018-03-31 08:00:00,6810.0,6836.42,6805.77,6836.4,53.103265
2018-03-31 08:05:00,6836.4,6845.0,6833.0,6839.93,89.711741
2018-03-31 08:10:00,6839.93,6843.93,6834.1,6843.76,75.143568
2018-03-31 08:15:00,6843.67,6890.3,6836.34,6884.0,243.313704
2018-03-31 08:20:00,6884.88,6950.0,6852.45,6913.57,323.638892
2018-03-31 08:25:00,6925.29,6947.94,6907.78,6927.0,113.846698
2018-03-31 08:30:00,6927.0,6937.0,6893.75,6929.0,130.476749
2018-03-31 08:35:00,6928.98,6929.92,6885.4,6906.0,70.944903
2018-03-31 08:40:00,6910.0,6927.55,6883.24,6920.94,109.750347
2018-03-31 08:45:00,6920.94,6930.0,6906.0,6919.9,68.131252
2018-03-31 08:50:00,6919.9,6919.9,6886.0,6895.66,104.51215
2018-03-31 08:55:00,6895.67,6898.0,6867.0,6889.22,104.73609
2018-03-31 09:00:00,6889.22,6889.23,6861.01,6877.26,68.923212
2018-03-31 09:05:00,6877.27,6906.92,6877.27,6906.0,53.995444
2018-03-31 09:10:00,6905.0,6920.0,6880.07,6892.87,97.955527
2018-03-31 09:15:00,6887.59,6892.82,6860.0,6868.31,77.806908
2018-03-31 09:20:00,6860.2,6887.0,6860.18,6881.97,59.877642
2018-03-31 09:25:00,6881.97,6904.13,6869.59,6891.01,57.215512
2018-03-31 09:30:00,6896.99,6906.01,6888.0,6888.0,46.537731
2018-03-31 09:35:00,6897.35,6965.0,6879.0,6951.8,248.429181
2018-03-31 09:40:00,6954.79,6975.0,6930.63,6939.88,141.219755
2018-03-31 09:45:00,6936.94,6955.98,6931.13,6951.41,58.989914
2018-03-31 09:50:00,6953.66,6999.0,6951.43,6986.17,168.062322
2018-03-31 09:55:00,6986.16,7014.99,6960.0,6997.16,216.440584
2018-03-31 10:00:00,6996.99,7018.77,6986.02,6993.03,164.215191
2018-03-31 10:05:00,7000.0,7003.0,6970.07,6989.99,94.58074
2018-03-31 10:10:00,6990.57,6995.0,6950.0,6950.0,96.985354
2018-03-31 10:15:00,6959.77,6972.33,6950.0,6960.02,88.328375
2018-03-31 10:20:00,6968.07,6999.0,6968.07,6997.0,150.467894
2018-03-31 10:25:00,6997.86,7095.07,6985.35,7088.88,519.081896
2018-03-31 10:30:00,7080.0,7119.45,7045.0,7090.0,456.675985
2018-03-31 10:35:00,7097.91,7099.4,7050.0,7090.5,236.598453
2018-03-31 10:40:00,7090.5,7100.0,7057.78,7070.01,167.835988
2018-03-31 10:45:00,7070.0,7148.2,7065.47,7139.98,406.312462
2018-03-31 10:50:00,7136.95,7143.88,7102.0,7112.1,254.283566
2018-03-31 10:55:00,7112.1,7118.89,7065.47,7070.07,224.517347
2018-03-31 11:00:00,7073.9,7099.94,7070.07,7098.0,125.065516
2018-03-31 11:05:00,7098.86,7125.0,7090.07,7094.18,139.17147
2018-03-31 11:10:00,7100.0,7100.85,7061.2,7070.0,91.319912
2018-03-31 11:15:00,7071.98,7079.98,7020.99,7048.99,262.643743
2018-03-31 11:20:00,7048.99,7074.99,7040.0,7068.0,106.048017
2018-03-31 11:25:00,7068.0,7082.51,7055.23,7067.6,89.993459
2018-03-31 11:30:00,7067.6,7104.9,7043.57,7090.0,278.476531
2018-03-31 11:35:00,7089.99,7092.63,7064.0,7087.18,76.501447
2018-03-31 11:40:00,7087.18,7110.25,7087.17,7102.22,165.781369
2018-03-31 11:45:00,7108.87,7108.99,7080.02,7103.01,93.167568
2018-03-31 11:50:00,7105.0,7109.0,7077.0,7094.67,79.242342
2018-03-31 11:55:00,7094.62,7100.01,7055.0,7073.63,81.09848
2018-03-31 12:00:00,7079.72,7092.66,7035.03,7074.99,316.842859
2018-03-31 12:05:00,7074.97,7138.24,7063.29,7119.48,282.469541
2018-03-31 12:10:00,7119.48,7136.99,7108.75,7110.06,142.622498
2018-03-31 12:15:00,7115.02,7119.93,7091.44,7099.0,93.342228
2018-03-31 12:20:00,7101.99,7119.34,7098.0,7114.0,101.27546
2018-03-31 12:25:00,7108.82,7119.0,7087.5,7087.56,117.278021
2018-03-31 12:30:00,7094.09,7129.24,7094.09,7118.24,131.562132
2018-03-31 12:35:00,7124.0,7167.48,7100.0,7161.63,262.643268
2018-03-31 12:40:00,7152.01,7196.0,7151.71,7185.0,281.937018
2018-03-31 12:45:00,7184.0,7223.36,7163.22,7189.91,371.679826
2018-03-31 12:50:00,7180.53,7190.25,7151.11,7169.67,168.715452
2018-03-31 12:55:00,7169.68,7192.78,7142.0,7170.0,170.365177
2018-03-31 13:00:00,7170.19,7170.2,7116.87,7140.97,226.202228
2018-03-31 13:05:00,7140.98,7150.07,7125.0,7137.3,155.814281
2018-03-31 13:10:00,7139.99,7146.87,7105.03,7110.0,141.935865
2018-03-31 13:15:00,7110.18,7133.02,7105.03,7108.01,99.889446
2018-03-31 13:20:00,7108.01,7109.89,7062.0,7079.96,206.062248
2018-03-31 13:25:00,7082.81,7098.63,7066.0,7066.05,128.399313
2018-03-31 13:30:00,7066.05,7089.83,7046.01,7086.87,153.841171
2018-03-31 13:35:00,7075.26,7107.0,7075.26,7103.68,105.884147
2018-03-31 13:40:00,7105.01,7105.21,7080.82,7085.0,65.222228
2018-03-31 13:45:00,7089.79,7099.98,7056.11,7077.4,93.365852
2018-03-31 13:50:00,7077.42,7087.0,7020.0,7028.99,221.84956
2018-03-31 13:55:00,7030.31,7038.0,7024.5,7033.8,70.899673
2018-03-31 14:00:00,7033.8,7070.0,7030.0,7050.76,92.138765
2018-03-31 14:05:00,7050.77,7074.99,7050.76,7060.99,75.271841
2018-03-31 14:10:00,7060.97,7060.97,7001.0,7007.0,157.536135
2018-03-31 14:15:00,7009.99,7023.0,6987.48,7000.0,213.683327
2018-03-31 14:20:00,7008.0,7028.18,7001.75,7011.2,100.181548
2018-03-31 14:25:00,7011.2,7013.54,6987.3,7009.99,98.373479
2018-03-31 14:30:00,7009.98,7013.52,6978.98,6984.0,95.628005
2018-03-31 14:35:00,6983.99,7028.0,6979.01,7023.0,124.986471
2018-03-31 14:40:00,7025.97,7056.0,7020.01,7050.0,135.455563
2018-03-31 14:45:00,7050.0,7052.0,7026.0,7028.0,58.984418
2018-03-31 14:50:00,7028.0,7074.96,7022.0,7065.47,145.964137
2018-03-31 14:55:00,7065.47,7085.25,7050.0,7065.94,144.921917
2018-03-31 15:00:00,7062.84,7069.86,7047.33,7062.9,78.172558
2018-03-31 15:05:00,7062.9,7065.0,7013.84,7041.52,117.706099
2018-03-31 15:10:00,7041.51,7061.0,7036.01,7058.71,109.068937
2018-03-31 15:15:00,7056.0,7061.0,7034.94,7049.77,116.868868
2018-03-31 15:20:00,7056.97,7075.75,7050.0,7074.95,149.12649
2018-03-31 15:25:00,7074.93,7077.34,7066.29,7075.74,80.312491
2018-03-31 15:30:00,7075.74,7080.0,7070.0,7080.0,101.551128
2018-03-31 15:35:00,7080.0,7085.12,7070.95,7079.82,92.82581
2018-03-31 15:40:00,7074.51,7079.58,7041.0,7055.6,100.658514
2018-03-31 15:45:00,7055.6,7072.0,7055.0,7072.0,84.975637
2018-03-31 15:50:00,7066.8,7072.1,7052.99,7055.04,65.546288
2018-03-31 15:55:00,7060.0,7064.99,7050.03,7064.98,48.068426
2018-03-31 16:00:00,7063.83,7138.88,7060.0,7111.18,192.347457
2018-03-31 16:05:00,7110.0,7119.0,7098.64,7101.05,109.232411
2018-03-31 16:10:00,7108.83,7140.0,7087.0,7135.59,138.703575
2018-03-31 16:15:00,7135.59,7160.0,7121.36,7150.0,177.422343
2018-03-31 16:20:00,7140.03,7149.97,7113.0,7123.0,107.344088
2018-03-31 16:25:00,7123.0,7130.0,7113.5,7113.87,78.701008
2018-03-31 16:30:00,7117.99,7136.31,7107.65,7117.11,122.64553
2018-03-31 16:35:00,7117.11,7128.89,7114.05,7128.89,100.927487
2018-03-31 16:40:00,7128.89,7170.0,7125.02,7169.99,129.15984
2018-03-31 16:45:00,7169.9,7169.9,7138.02,7144.99,92.320421
2018-03-31 16:50:00,7144.0,7169.0,7131.17,7160.2,84.774263
2018-03-31 16:55:00,7160.2,7169.0,7135.0,7137.0,112.721747
2018-03-31 17:00:00,7137.01,7157.57,7135.0,7157.14,116.635778
2018-03-31 17:05:00,7157.14,7163.0,7134.37,7148.0,93.45556
2018-03-31 17:10:00,7148.0,7172.0,7091.37,7105.04,203.103232
2018-03-31 17:15:00,7104.27,7119.0,7071.91,7080.12,121.369283
2018-03-31 17:20:00,7081.09,7113.67,7080.22,7108.92,111.414487
2018-03-31 17:25:00,7100.32,7118.99,7080.22,7085.03,66.146426
2018-03-31 17:30:00,7085.03,7094.72,7056.36,7057.01,155.420742
2018-03-31 17:35:00,7059.69,7090.63,7055.1,7090.63,76.230015
2018-03-31 17:40:00,7082.85,7093.04,7073.61,7086.04,38.4521
2018-03-31 17:45:00,7086.03,7086.04,7070.0,7072.8,38.202839
2018-03-31 17:50:00,7072.0,7127.94,7069.47,7101.01,94.968539
2018-03-31 17:55:00,7102.92,7127.94,7091.37,7114.21,67.607969
2018-03-31 18:00:00,7114.22,7125.0,7093.18,7093.18,85.346916
2018-03-31 18:05:00,7098.91,7120.0,7093.18,7120.0,93.087981
2018-03-31 18:10:00,7120.0,7137.0,7114.0,7129.12,104.995585
2018-03-31 18:15:00,7129.09,7132.0,7086.0,7094.21,85.395853
2018-03-31 18:20:00,7094.21,7119.79,7070.01,7089.45,132.620199
2018-03-31 18:25:00,7085.63,7098.64,7080.01,7085.31,55.244909
2018-03-31 18:30:00,7085.31,7095.0,7060.0,7065.33,88.067874
2018-03-31 18:35:00,7065.33,7078.32,7060.15,7078.24,63.217372
2018-03-31 18:40:00,7078.24,7091.37,7061.05,7068.55,50.315125
2018-03-31 18:45:00,7070.0,7070.74,7058.0,7060.02,51.38743
2018-03-31 18:50:00,7060.02,7061.42,7030.0,7030.0,160.119034
2018-03-31 18:55:00,7030.0,7033.93,7018.0,7021.0,73.311221
2018-03-31 19:00:00,7021.0,7063.73,7020.01,7051.0,112.75393
2018-03-31 19:05:00,7051.0,7054.59,7033.0,7035.0,47.359382
2018-03-31 19:10:00,7037.92,7037.95,6985.0,6994.91,193.054857
2018-03-31 19:15:00,6993.98,7030.0,6985.15,7020.0,198.181599
2018-03-31 19:20:00,7020.0,7028.99,7005.87,7015.0,59.420923
2018-03-31 19:25:00,7010.21,7034.94,7010.06,7020.0,81.120227
2018-03-31 19:30:00,7019.99,7038.79,7007.11,7034.0,103.528467
2018-03-31 19:35:00,7030.41,7050.0,7030.31,7050.0,70.692302
2018-03-31 19:40:00,7050.0,7052.7,7035.0,7046.99,75.809294
2018-03-31 19:45:00,7045.59,7050.0,7023.97,7034.7,97.85865
2018-03-31 19:50:00,7035.0,7042.0,7026.0,7041.96,32.977369
2018-03-31 19:55:00,7041.96,7068.9,7040.22,7048.23,73.177717
2018-03-31 20:00:00,7054.99,7054.99,7038.0,7040.1,35.179515
2018-03-31 20:05:00,7047.0,7059.01,7025.03,7041.94,85.153322
2018-03-31 20:10:00,7041.95,7050.0,7023.97,7025.24,58.365794
2018-03-31 20:15:00,7025.23,7042.37,7013.84,7014.01,59.351175
2018-03-31 20:20:00,7018.83,7018.83,6940.0,6956.36,407.758366
2018-03-31 20:25:00,6956.35,6964.03,6871.77,6921.87,545.449009
2018-03-31 20:30:00,6922.0,6945.0,6885.23,6890.0,217.568221
2018-03-31 20:35:00,6890.0,6926.38,6889.22,6911.03,165.561587
2018-03-31 20:40:00,6911.28,6920.81,6905.11,6908.91,64.169175
2018-03-31 20:45:00,6909.88,6931.0,6891.39,6929.98,154.780158
2018-03-31 20:50:00,6923.6,6971.82,6917.0,6943.94,146.364383
2018-03-31 20:55:00,6936.0,6943.95,6899.01,6906.0,149.532048
2018-03-31 21:00:00,6905.94,6905.95,6842.97,6870.0,312.865271
2018-03-31 21:05:00,6865.0,6939.88,6856.09,6896.41,232.482155
2018-03-31 21:10:00,6897.85,6906.82,6878.53,6878.53,109.780717
2018-03-31 21:15:00,6878.0,6920.48,6877.1,6893.99,96.170838
2018-03-31 21:20:00,6889.54,6909.26,6882.33,6909.26,111.030871
2018-03-31 21:25:00,6909.26,6929.0,6885.07,6912.71,110.690548
2018-03-31 21:30:00,6904.1,6913.0,6900.0,6908.75,65.289715
2018-03-31 21:35:00,6908.75,6930.0,6905.01,6919.81,110.410127
2018-03-31 21:40:00,6919.91,6930.66,6911.74,6915.98,57.330779
2018-03-31 21:45:00,6915.98,6930.05,6898.72,6920.04,73.628691
2018-03-31 21:50:00,6920.13,6944.0,6920.13,6921.64,47.873938
2018-03-31 21:55:00,6928.87,6933.93,6909.88,6932.79,52.845249
2018-03-31 22:00:00,6923.02,6935.0,6920.05,6929.99,46.596501
2018-03-31 22:05:00,6929.99,6935.0,6918.02,6932.21,52.716363
2018-03-31 22:10:00,6932.21,6939.0,6889.71,6905.69,108.830002
2018-03-31 22:15:00,6909.47,6929.0,6899.35,6927.97,36.381072
2018-03-31 22:20:00,6927.97,6948.1,6918.05,6939.97,78.165933
2018-03-31 22:25:00,6939.97,6940.0,6920.99,6930.02,101.135698
2018-03-31 22:30:00,6930.04,6949.0,6930.02,6948.94,58.646121
2018-03-31 22:35:00,6948.94,6987.71,6948.94,6981.0,130.120771
2018-03-31 22:40:00,6981.96,6986.27,6952.04,6966.02,54.079331
2018-03-31 22:45:00,6967.0,6969.0,6950.89,6950.89,64.467404
2018-03-31 22:50:00,6950.89,6960.9,6950.88,6955.7,56.417237
2018-03-31 22:55:00,6960.85,6974.39,6955.6,6974.39,64.194364
2018-03-31 23:00:00,6962.91,6990.84,6953.03,6960.0,99.978466
2018-03-31 23:05:00,6964.85,6973.0,6949.0,6949.0,53.206321
2018-03-31 23:10:00,6948.8,6948.8,6919.0,6919.03,66.37417
2018-03-31 23:15:00,6922.31,6923.73,6888.7,6890.17,124.913249
2018-03-31 23:20:00,6890.17,6929.93,6888.53,6910.81,129.325416
2018-03-31 23:25:00,6910.81,6918.95,6901.46,6907.37,54.654747
2018-03-31 23:30:00,6907.36,6920.0,6900.02,6915.0,48.994195
2018-03-31 23:35:00,6915.0,6931.6,6915.0,6929.96,48.270813
2018-03-31 23:40:00,6927.97,6938.35,6921.21,6935.33,37.941653
2018-03-31 23:45:00,6930.98,6938.0,6909.26,6912.49,47.004054
2018-03-31 23:50:00,6919.0,6930.0,6912.54,6929.44,32.897405
2018-03-31 23:55:00,6922.0,6929.46,6922.0,6923.91,23.649641
2018-04-01 00:00:00,6922.0,7013.84,6922.0,6990.0,221.883044
2018-04-01 00:05:00,6989.97,7030.0,6977.17,6993.98,195.468411
2018-04-01 00:10:00,6999.99,6999.99,6975.31,6991.97,64.952846
2018-04-01 00:15:00,6991.98,7014.99,6981.32,7008.6,106.441556
2018-04-01 00:20:00,7008.59,7020.3,7005.63,7014.2,51.859421
2018-04-01 00:25:00,7018.88,7040.0,7014.0,7032.0,100.216694
2018-04-01 00:30:00,7032.0,7032.0,7008.0,7008.0,50.155042
2018-04-01 00:35:00,7007.99,7009.01,6993.9,6997.01,107.150104
2018-04-01 00:40:00,6997.01,7017.92,6975.0,6987.07,82.9875
2018-04-01 00:45:00,6987.07,7000.0,6965.0,6987.85,85.155891
2018-04-01 00:50:00,6973.3,7007.0,6970.07,7001.96,65.604936
2018-04-01 00:55:00,6999.92,7005.84,6970.07,6971.11,51.40075
2018-04-01 01:00:00,6980.01,6988.97,6968.26,6986.7,30.497583
2018-04-01 01:05:00,6986.48,7003.47,6976.93,7001.0,32.765064
2018-04-01 01:10:00,7001.01,7008.25,6996.89,7000.0,32.742661
2018-04-01 01:15:00,7000.0,7000.0,6979.99,6994.21,42.429452
2018-04-01 01:20:00,7000.0,7010.0,6994.18,7009.97,60.736013
2018-04-01 01:25:00,7007.0,7020.17,7005.05,7020.0,38.586999
2018-04-01 01:30:00,7015.07,7020.0,7007.0,7010.01,32.708576
2018-04-01 01:35:00,7010.01,7033.0,7010.01,7028.47,34.330406
2018-04-01 01:40:00,7028.47,7049.98,7010.01,7046.49,94.48621
2018-04-01 01:45:00,7046.49,7049.98,7017.21,7030.79,67.536914
2018-04-01 01:50:00,7030.79,7035.69,7005.0,7005.01,57.412948
2018-04-01 01:55:00,7005.02,7011.0,6992.8,7000.01,56.472612
2018-04-01 02:00:00,7001.01,7005.01,6980.0,6985.06,65.484444
2018-04-01 02:05:00,6982.01,7001.0,6982.01,6993.0,49.110262
2018-04-01 02:10:00,7000.0,7014.0,7000.0,7012.0,44.432463
2018-04-01 02:15:00,7012.0,7014.0,6986.06,6992.0,31.834293
2018-04-01 02:20:00,6992.0,6999.0,6985.53,6991.0,22.575136
2018-04-01 02:25:00,6991.99,6995.92,6978.01,6988.74,54.177608
2018-04-01 02:30:00,6988.72,6989.08,6950.03,6964.81,91.748096
2018-04-01 02:35:00,6964.81,6969.0,6940.0,6952.13,103.265989
2018-04-01 02:40:00,6951.99,6951.99,6892.0,6904.95,235.730082
2018-04-01 02:45:00,6904.95,6932.22,6897.12,6929.0,55.716025
2018-04-01 02:50:00,6929.0,6939.17,6924.0,6929.02,59.320013
2018-04-01 02:55:00,6929.02,6932.02,6916.01,6924.79,60.003367
2018-04-01 03:00:00,6929.0,6940.0,6916.0,6933.0,33.343154
2018-04-01 03:05:00,6929.99,6943.5,6929.99,6930.03,34.768154
2018-04-01 03:10:00,6930.02,6937.78,6918.17,6918.18,34.410017
2018-04-01 03:15:00,6918.18,6923.09,6895.12,6908.96,94.892525
2018-04-01 03:20:00,6908.96,6948.19,6905.0,6943.09,67.764031
2018-04-01 03:25:00,6943.06,6950.0,6928.21,6938.53,45.32684
2018-04-01 03:30:00,6938.44,6950.0,6934.57,6941.84,33.696762
2018-04-01 03:35:00,6949.73,6949.99,6934.57,6943.99,71.205394
2018-04-01 03:40:00,6943.99,6943.99,6936.68,6939.9,40.290644
2018-04-01 03:45:00,6939.9,6944.84,6922.28,6936.35,34.621667
2018-04-01 03:50:00,6936.36,6947.0,6930.68,6946.37,32.087274
2018-04-01 03:55:00,6946.37,6947.0,6913.36,6922.12,69.524025
2018-04-01 04:00:00,6926.0,6933.26,6913.57,6933.06,44.326569
2018-04-01 04:05:00,6925.93,6935.97,6922.81,6935.0,37.988399
2018-04-01 04:10:00,6935.0,6940.0,6927.28,6935.23,24.508763
2018-04-01 04:15:00,6937.5,6960.0,6935.23,6956.47,73.639999
2018-04-01 04:20:00,6956.47,6969.0,6940.1,6945.31,35.860747
2018-04-01 04:25:00,6952.25,6953.0,6942.33,6949.87,29.743415
2018-04-01 04:30:00,6949.87,6957.0,6939.8,6956.85,44.926781
2018-04-01 04:35:00,6947.02,6960.0,6943.0,6949.88,19.308386
2018-04-01 04:40:00,6950.0,6958.96,6948.99,6950.96,23.261404
2018-04-01 04:45:00,6950.96,6957.6,6932.22,6933.0,49.941097
2018-04-01 04:50:00,6933.0,6949.46,6918.0,6925.05,75.308574
2018-04-01 04:55:00,6939.48,6939.48,6926.52,6927.12,41.033125
2018-04-01 05:00:00,6927.01,6940.0,6924.01,6940.0,46.106451
2018-04-01 05:05:00,6931.39,6941.0,6931.13,6931.15,32.611318
2018-04-01 05:10:00,6931.15,6945.99,6931.15,6945.01,29.193065
2018-04-01 05:15:00,6944.96,6960.0,6940.03,6945.05,50.212807
2018-04-01 05:20:00,6951.57,6951.57,6932.22,6944.74,34.869626
2018-04-01 05:25:00,6937.0,6943.0,6929.0,6930.26,85.808934
2018-04-01 05:30:00,6930.26,6943.89,6929.0,6929.99,57.360486
2018-04-01 05:35:00,6938.0,6940.0,6907.0,6921.78,82.690594
2018-04-01 05:40:00,6921.78,6929.98,6907.0,6912.05,66.973942
2018-04-01 05:45:00,6919.99,6929.98,6912.05,6922.35,40.257935
2018-04-01 05:50:00,6922.36,6928.59,6913.18,6925.01,21.316202
2018-04-01 05:55:00,6925.0,6928.56,6912.5,6914.99,55.902193
2018-04-01 06:00:00,6914.99,6918.16,6880.0,6880.0,205.901287
2018-04-01 06:05:00,6880.01,6880.38,6853.26,6859.0,139.575643
2018-04-01 06:10:00,6859.06,6890.69,6858.0,6889.88,222.763705
2018-04-01 06:15:00,6886.05,6889.85,6858.0,6864.03,72.082492
2018-04-01 06:20:00,6869.64,6874.95,6850.88,6855.47,127.93148
2018-04-01 06:25:00,6853.28,6855.5,6812.3,6819.72,237.830136
2018-04-01 06:30:00,6819.72,6841.0,6810.0,6832.07,232.919416
2018-04-01 06:35:00,6831.02,6848.0,6831.01,6839.99,101.407726
2018-04-01 06:40:00,6840.87,6841.08,6816.5,6819.59,74.924897
2018-04-01 06:45:00,6816.51,6848.0,6816.5,6842.0,89.748219
2018-04-01 06:50:00,6836.01,6842.12,6823.52,6836.35,50.588124
2018-04-01 06:55:00,6830.0,6839.01,6828.0,6831.31,33.629305
2018-04-01 07:00:00,6831.31,6835.06,6823.22,6823.22,86.314295
2018-04-01 07:05:00,6823.22,6831.48,6817.9,6819.0,46.741544
2018-04-01 07:10:00,6818.1,6820.0,6752.0,6760.0,526.503575
2018-04-01 07:15:00,6766.88,6784.95,6755.0,6761.29,200.224176
2018-04-01 07:20:00,6761.29,6774.0,6735.67,6756.46,338.88115
2018-04-01 07:25:00,6740.63,6768.02,6732.0,6761.29,178.271753
2018-04-01 07:30:00,6761.29,6764.98,6715.44,6715.44,210.41574
2018-04-01 07:35:00,6715.44,6715.44,6670.0,6694.5,452.402741
2018-04-01 07:40:00,6694.5,6733.12,6688.85,6711.89,251.2288
2018-04-01 07:45:00,6703.91,6720.0,6681.39,6715.34,178.324022
2018-04-01 07:50:00,6715.34,6715.34,6670.0,6687.88,282.155393
2018-04-01 07:55:00,6682.0,6715.44,6682.0,6713.81,142.326968
2018-04-01 08:00:00,6713.81,6728.0,6693.95,6727.89,144.697606
2018-04-01 08:05:00,6723.0,6743.31,6723.0,6741.0,154.239128
2018-04-01 08:10:00,6741.0,6745.43,6701.11,6706.0,142.902084
2018-04-01 08:15:00,6706.0,6714.0,6690.12,6701.07,104.135561
2018-04-01 08:20:00,6701.18,6725.72,6700.0,6720.1,116.454636
2018-04-01 08:25:00,6720.1,6740.99,6720.0,6722.35,125.363669
2018-04-01 08:30:00,6720.0,6722.35,6692.52,6696.76,131.687299
2018-04-01 08:35:00,6696.75,6712.4,6695.0,6698.22,93.301856
2018-04-01 08:40:00,6698.22,6708.0,6693.62,6704.0,87.146581
2018-04-01 08:45:00,6703.5,6728.0,6700.0,6718.79,72.344575
2018-04-01 08:50:00,6718.79,6725.99,6702.0,6705.63,95.614785
2018-04-01 08:55:00,6712.93,6713.0,6700.48,6702.01,38.609054
2018-04-01 09:00:00,6702.0,6705.93,6652.58,6660.46,348.817335
2018-04-01 09:05:00,6655.0,6660.56,6625.0,6632.99,283.784926
2018-04-01 09:10:00,6632.99,6670.64,6623.97,6660.0,232.708355
2018-04-01 09:15:00,6669.56,6670.2,6638.19,6661.32,182.931567
2018-04-01 09:20:00,6664.0,6705.0,6660.0,6700.01,144.754416
2018-04-01 09:25:00,6700.01,6708.01,6685.25,6695.33,202.213075
2018-04-01 09:30:00,6695.38,6707.96,6666.66,6680.04,122.941731
2018-04-01 09:35:00,6680.04,6699.89,6675.0,6685.29,113.153127
2018-04-01 09:40:00,6685.35,6729.5,6678.2,6728.21,174.309503
2018-04-01 09:45:00,6728.21,6736.38,6713.31,6714.03,136.583081
2018-04-01 09:50:00,6714.03,6738.61,6709.5,6737.77,92.501993
2018-04-01 09:55:00,6737.79,6775.0,6737.79,6763.86,223.576522
2018-04-01 10:00:00,6763.84,6770.0,6733.64,6735.01,109.178077
2018-04-01 10:05:00,6735.0,6744.13,6730.0,6732.0,77.507865
2018-04-01 10:10:00,6730.01,6731.53,6703.63,6710.57,136.926941
2018-04-01 10:15:00,6721.97,6725.0,6710.0,6710.05,55.118091
2018-04-01 10:20:00,6715.0,6715.0,6676.0,6684.98,127.436949
2018-04-01 10:25:00,6680.0,6690.0,6657.02,6669.15,191.439129
2018-04-01 10:30:00,6660.0,6693.36,6659.05,6682.0,101.832355
2018-04-01 10:35:00,6682.0,6690.13,6669.0,6682.0,93.303588
2018-04-01 10:40:00,6683.06,6712.99,6680.0,6699.12,121.598604
2018-04-01 10:45:00,6699.55,6699.56,6684.01,6689.99,53.566855
2018-04-01 10:50:00,6689.99,6715.0,6686.01,6700.01,59.012151
2018-04-01 10:55:00,6700.01,6710.0,6690.03,6707.03,47.086449
2018-04-01 11:00:00,6703.0,6710.0,6676.0,6681.46,115.250022
2018-04-01 11:05:00,6684.89,6690.0,6660.1,6668.55,115.691997
2018-04-01 11:10:00,6662.1,6690.0,6662.1,6688.99,102.525582
2018-04-01 11:15:00,6689.0,6700.0,6676.96,6681.09,82.815305
2018-04-01 11:20:00,6687.0,6687.0,6666.0,6680.0,44.025274
2018-04-01 11:25:00,6680.0,6680.47,6643.7,6650.0,142.045704
2018-04-01 11:30:00,6650.0,6666.41,6643.71,6662.99,82.07314
2018-04-01 11:35:00,6662.99,6688.78,6658.01,6665.1,77.036237
2018-04-01 11:40:00,6665.1,6708.0,6658.01,6699.99,93.347533
2018-04-01 11:45:00,6699.0,6711.72,6686.19,6688.52,76.020347
2018-04-01 11:50:00,6688.52,6707.0,6688.52,6700.0,49.192061
2018-04-01 11:55:00,6705.0,6707.15,6685.0,6685.1,44.482815
2018-04-01 12:00:00,6688.53,6697.99,6675.0,6686.01,112.497672
2018-04-01 12:05:00,6687.06,6718.89,6686.01,6718.0,151.209344
2018-04-01 12:10:00,6718.0,6735.0,6702.0,6727.0,223.02906
2018-04-01 12:15:00,6725.0,6735.0,6705.0,6710.1,160.712618
2018-04-01 12:20:00,6710.1,6725.0,6705.43,6720.87,58.391009
2018-04-01 12:25:00,6720.0,6721.12,6690.0,6696.0,91.394923
2018-04-01 12:30:00,6698.49,6700.94,6654.99,6673.31,111.835631
2018-04-01 12:35:00,6673.31,6698.0,6673.31,6695.99,114.115808
2018-04-01 12:40:00,6695.99,6699.97,6686.11,6691.0,58.611243
2018-04-01 12:45:00,6691.2,6699.91,6685.0,6690.91,58.625796
2018-04-01 12:50:00,6690.91,6712.0,6677.8,6699.99,88.582628
2018-04-01 12:55:00,6695.0,6699.91,6678.2,6684.99,117.846362
2018-04-01 13:00:00,6684.99,6685.9,6666.0,6674.81,106.00537
2018-04-01 13:05:00,6672.5,6685.0,6671.0,6674.25,52.772485
2018-04-01 13:10:00,6674.29,6683.52,6646.0,6660.99,156.013228
2018-04-01 13:15:00,6660.98,6670.08,6645.12,6649.97,104.811765
2018-04-01 13:20:00,6649.97,6654.97,6562.01,6580.0,644.124585
2018-04-01 13:25:00,6580.0,6583.95,6529.23,6537.04,364.958715
2018-04-01 13:30:00,6537.0,6570.07,6525.0,6558.0,375.375666
2018-04-01 13:35:00,6555.99,6588.0,6547.7,6559.8,364.802629
2018-04-01 13:40:00,6559.8,6560.0,6550.0,6558.72,137.77997
2018-04-01 13:45:00,6558.99,6596.0,6557.96,6578.71,247.018228
2018-04-01 13:50:00,6578.71,6594.66,6560.09,6565.21,152.400461
2018-04-01 13:55:00,6569.99,6570.0,6536.01,6543.97,148.136145
2018-04-01 14:00:00,6543.97,6543.97,6501.0,6501.61,379.040288
2018-04-01 14:05:00,6501.61,6534.99,6465.0,6505.03,560.075916
2018-04-01 14:10:00,6505.16,6520.0,6470.0,6510.0,323.526661
2018-04-01 14:15:00,6509.94,6524.0,6475.0,6479.0,260.711022
2018-04-01 14:20:00,6476.63,6490.57,6451.0,6485.0,311.773531
2018-04-01 14:25:00,6489.0,6498.07,6451.0,6460.05,218.701215
2018-04-01 14:30:00,6460.05,6478.0,6430.0,6446.99,319.112007
2018-04-01 14:35:00,6445.0,6478.0,6439.0,6463.99,233.662679
2018-04-01 14:40:00,6467.99,6525.0,6465.0,6521.37,313.121841
2018-04-01 14:45:00,6521.37,6525.0,6475.57,6476.12,215.92465
2018-04-01 14:50:00,6476.12,6510.0,6472.71,6503.87,173.581445
2018-04-01 14:55:00,6503.87,6517.74,6492.24,6500.0,146.843914
2018-04-01 15:00:00,6500.0,6504.0,6483.01,6503.87,163.445126
2018-04-01 15:05:00,6500.99,6542.0,6491.0,6515.0,233.969288
2018-04-01 15:10:00,6510.67,6515.0,6487.0,6499.99,159.859595
2018-04-01 15:15:00,6491.76,6515.16,6490.57,6505.14,76.714015
2018-04-01 15:20:00,6507.93,6520.0,6480.0,6489.9,139.907535
2018-04-01 15:25:00,6489.91,6498.25,6470.0,6470.0,148.101284
2018-04-01 15:30:00,6476.84,6495.68,6468.04,6481.52,119.200185
2018-04-01 15:35:00,6481.53,6493.99,6481.0,6485.23,80.057416
2018-04-01 15:40:00,6485.14,6490.94,6450.0,6453.44,152.367813
2018-04-01 15:45:00,6459.49,6486.61,6450.0,6486.49,128.42071
2018-04-01 15:50:00,6486.38,6502.97,6465.15,6496.25,115.93979
2018-04-01 15:55:00,6500.0,6500.55,6445.0,6445.0,245.712255
2018-04-01 16:00:00,6445.0,6513.45,6432.65,6493.62,252.250051
2018-04-01 16:05:00,6493.62,6689.99,6473.64,6660.09,573.773109
2018-04-01 16:10:00,6660.11,6800.0,6611.46,6797.3,1176.905784
2018-04-01 16:15:00,6792.0,6805.0,6680.0,6734.95,800.45457
2018-04-01 16:20:00,6730.5,6753.29,6687.87,6688.46,567.068853
2018-04-01 16:25:00,6696.94,6780.83,6688.19,6766.9,610.924879
2018-04-01 16:30:00,6763.38,6869.0,6751.8,6802.36,777.932816
2018-04-01 16:35:00,6800.0,6861.62,6792.1,6819.98,679.686357
2018-04-01 16:40:00,6819.98,6839.05,6758.96,6784.02,461.371478
2018-04-01 16:45:00,6784.17,6809.97,6770.64,6789.05,295.516113
2018-04-01 16:50:00,6789.05,6869.0,6789.05,6810.15,459.696407
2018-04-01 16:55:00,6815.0,6836.43,6780.0,6783.71,261.942403
2018-04-01 17:00:00,6783.7,6807.99,6752.0,6778.52,347.643789
2018-04-01 17:05:00,6779.02,6831.0,6777.0,6804.15,326.323371
2018-04-01 17:10:00,6804.11,6844.83,6770.11,6814.4,406.331175
2018-04-01 17:15:00,6813.57,6838.8,6804.92,6820.1,298.649449
2018-04-01 17:20:00,6821.02,6839.81,6790.1,6790.1,270.650569
2018-04-01 17:25:00,6794.0,6813.52,6770.0,6788.0,301.635592
2018-04-01 17:30:00,6788.01,6806.0,6778.0,6780.0,119.506371
2018-04-01 17:35:00,6780.0,6810.53,6778.0,6805.0,168.053911
2018-04-01 17:40:00,6800.02,6816.64,6786.01,6802.01,120.127196
2018-04-01 17:45:00,6802.02,6850.0,6794.01,6845.13,217.752534
2018-04-01 17:50:00,6845.14,6865.0,6818.0,6818.07,185.4065
2018-04-01 17:55:00,6818.15,6840.0,6810.14,6824.99,115.149331
2018-04-01 18:00:00,6824.99,6865.0,6818.3,6849.99,98.843916
2018-04-01 18:05:00,6849.98,6856.94,6800.89,6804.9,153.578558
2018-04-01 18:10:00,6805.0,6832.24,6804.01,6825.91,147.364248
2018-04-01 18:15:00,6826.0,6835.47,6793.0,6826.55,195.356267
2018-04-01 18:20:00,6826.55,6834.73,6785.01,6789.79,136.651946
2018-04-01 18:25:00,6789.79,6791.72,6768.05,6768.05,259.527643
2018-04-01 18:30:00,6768.05,6780.32,6750.0,6751.0,306.019415
2018-04-01 18:35:00,6751.0,6790.0,6738.0,6778.0,210.7416
2018-04-01 18:40:00,6776.72,6788.0,6758.0,6758.0,92.801125
2018-04-01 18:45:00,6763.0,6778.0,6737.47,6750.19,153.490272
2018-04-01 18:50:00,6750.0,6775.0,6741.0,6775.0,94.429735
2018-04-01 18:55:00,6775.0,6830.0,6775.0,6815.0,233.449859
2018-04-01 19:00:00,6815.27,6820.38,6798.0,6798.04,136.764433
2018-04-01 19:05:00,6796.83,6845.0,6791.05,6845.0,230.294514
2018-04-01 19:10:00,6845.0,6945.0,6844.13,6926.27,871.409805
2018-04-01 19:15:00,6929.89,6961.83,6900.0,6915.0,458.732928
2018-04-01 19:20:00,6915.0,6938.0,6900.0,6920.94,223.493966
2018-04-01 19:25:00,6920.04,6938.0,6895.52,6919.32,192.04421
2018-04-01 19:30:00,6919.0,6949.92,6912.61,6938.13,187.298852
2018-04-01 19:35:00,6938.15,6960.0,6934.69,6943.48,143.149573
2018-04-01 19:40:00,6946.92,6956.05,6908.99,6922.82,149.513638
2018-04-01 19:45:00,6923.22,6950.0,6923.0,6930.0,99.824708
2018-04-01 19:50:00,6933.5,6933.86,6900.1,6910.01,87.061898
2018-04-01 19:55:00,6918.31,6918.31,6870.14,6900.99,207.638267
2018-04-01 20:00:00,6900.98,6910.0,6870.14,6887.0,128.556003
2018-04-01 20:05:00,6887.0,6887.0,6846.92,6860.3,143.34096
2018-04-01 20:10:00,6865.0,6907.0,6857.13,6904.8,159.073181
2018-04-01 20:15:00,6895.05,6916.28,6880.0,6893.19,150.831117
2018-04-01 20:20:00,6893.19,6910.0,6877.22,6899.89,138.545949
2018-04-01 20:25:00,6899.72,6955.0,6875.0,6939.33,378.412879
2018-04-01 20:30:00,6939.33,6940.31,6901.01,6920.0,102.397963
2018-04-01 20:35:00,6913.42,6930.0,6913.22,6915.14,42.748975
2018-04-01 20:40:00,6919.91,6924.8,6882.21,6900.01,91.55551
2018-04-01 20:45:00,6900.01,6904.0,6882.19,6899.97,93.734157
2018-04-01 20:50:00,6899.97,6921.34,6896.01,6905.01,82.215106
2018-04-01 20:55:00,6905.85,6909.92,6875.69,6875.84,167.19648
2018-04-01 21:00:00,6883.88,6897.7,6870.89,6871.0,73.762264
2018-04-01 21:05:00,6871.11,6888.3,6859.36,6872.01,59.818062
2018-04-01 21:10:00,6872.05,6910.0,6872.01,6904.88,105.824502
2018-04-01 21:15:00,6904.86,6904.86,6875.0,6883.0,130.402154
2018-04-01 21:20:00,6883.0,6910.0,6877.0,6895.0,98.028104
2018-04-01 21:25:00,6895.0,6910.0,6875.0,6879.68,66.435952
2018-04-01 21:30:00,6879.68,6880.96,6821.81,6828.05,147.776951
2018-04-01 21:35:00,6830.9,6833.75,6797.81,6808.0,220.378965
2018-04-01 21:40:00,6808.0,6820.1,6792.0,6807.06,114.618413
2018-04-01 21:45:00,6807.05,6836.0,6804.0,6804.06,64.408383
2018-04-01 21:50:00,6804.06,6824.29,6802.09,6823.9,100.36474
2018-04-01 21:55:00,6823.86,6825.0,6818.05,6819.0,52.309848
2018-04-01 22:00:00,6819.0,6841.0,6815.0,6829.99,91.447861
2018-04-01 22:05:00,6828.01,6833.22,6812.0,6818.92,52.609087
2018-04-01 22:10:00,6818.92,6818.97,6786.0,6806.0,102.416908
2018-04-01 22:15:00,6806.0,6810.13,6792.68,6797.99,80.16367
2018-04-01 22:20:00,6797.99,6809.98,6792.79,6793.96,50.502495
2018-04-01 22:25:00,6792.0,6798.3,6782.0,6792.0,64.516652
2018-04-01 22:30:00,6792.0,6794.22,6755.02,6758.34,356.752365
2018-04-01 22:35:00,6763.0,6763.0,6755.02,6755.02,109.484327
2018-04-01 22:40:00,6755.53,6782.88,6753.0,6774.29,136.705788
2018-04-01 22:45:00,6766.5,6800.45,6766.02,6800.01,76.985351
2018-04-01 22:50:00,6800.46,6809.97,6780.01,6805.0,76.969237
2018-04-01 22:55:00,6805.95,6811.99,6791.92,6800.95,58.043407
2018-04-01 23:00:00,6800.95,6801.8,6777.0,6777.0,65.390279
2018-04-01 23:05:00,6780.0,6791.37,6765.05,6784.0,81.77469
2018-04-01 23:10:00,6778.69,6822.68,6778.69,6818.12,130.187931
2018-04-01 23:15:00,6818.18,6820.18,6801.0,6813.01,35.617696
2018-04-01 23:20:00,6813.0,6828.58,6807.31,6813.84,116.11049
2018-04-01 23:25:00,6813.83,6817.07,6801.05,6801.14,53.992851
2018-04-01 23:30:00,6801.13,6805.0,6780.14,6782.1,63.871537
2018-04-01 23:35:00,6782.1,6787.99,6765.06,6771.94,118.81596
2018-04-01 23:40:00,6770.98,6814.99,6766.06,6803.0,130.179122
2018-04-01 23:45:00,6802.79,6829.0,6797.58,6810.61,65.859939
2018-04-01 23:50:00,6810.61,6817.97,6779.98,6790.02,115.330944
2018-04-01 23:55:00,6790.02,6823.2,6790.0,6813.01,61.070919
2018-04-02 00:00:00,6813.01,6819.02,6780.14,6783.2,83.717749
2018-04-02 00:05:00,6783.3,6793.5,6765.0,6784.29,68.309534
2018-04-02 00:10:00,6784.29,6793.9,6770.0,6771.0,60.816282
2018-04-02 00:15:00,6770.1,6786.06,6767.0,6773.44,78.296107
2018-04-02 00:20:00,6770.01,6783.14,6765.0,6780.07,36.348257
2018-04-02 00:25:00,6782.99,6789.0,6769.24,6786.11,72.835688
2018-04-02 00:30:00,6786.11,6790.3,6774.47,6787.93,60.768091
2018-04-02 00:35:00,6781.12,6897.0,6780.0,6892.67,311.113403
2018-04-02 00:40:00,6880.36,6980.0,6866.0,6951.16,539.93401
2018-04-02 00:45:00,6960.13,7012.09,6935.0,6989.0,465.967912
2018-04-02 00:50:00,6988.97,7018.0,6953.0,6997.98,240.723119
2018-04-02 00:55:00,6997.98,7000.0,6960.14,6983.36,113.266243
2018-04-02 01:00:00,6983.36,6999.0,6931.0,6940.02,200.261326
2018-04-02 01:05:00,6940.01,6962.0,6935.0,6942.01,129.845442
2018-04-02 01:10:00,6942.02,6993.84,6940.0,6981.0,210.568093
2018-04-02 01:15:00,6981.0,6986.97,6950.03,6986.87,90.61418
2018-04-02 01:20:00,6985.0,6985.0,6945.77,6965.0,161.466842
2018-04-02 01:25:00,6965.0,6973.0,6954.0,6965.0,65.352728
2018-04-02 01:30:00,6964.99,6979.0,6949.01,6967.66,155.793839
2018-04-02 01:35:00,6972.99,6985.5,6946.72,6968.37,82.2201
2018-04-02 01:40:00,6965.94,6965.94,6946.93,6964.5,77.393249
2018-04-02 01:45:00,6957.98,6965.02,6940.62,6948.69,42.429374
2018-04-02 01:50:00,6948.69,6953.32,6921.02,6934.88,113.162115
2018-04-02 01:55:00,6936.38,6937.2,6892.0,6919.92,149.006501
2018-04-02 02:00:00,6918.0,6930.14,6908.39,6930.14,62.970575
2018-04-02 02:05:00,6930.3,6939.32,6917.0,6928.22,55.36189
2018-04-02 02:10:00,6926.98,6929.99,6900.0,6904.0,62.616326
2018-04-02 02:15:00,6900.0,6935.24,6900.0,6932.37,93.4639
2018-04-02 02:20:00,6932.43,6944.29,6923.99,6928.0,60.895789
2018-04-02 02:25:00,6926.03,6951.0,6926.03,6950.0,63.727699
2018-04-02 02:30:00,6950.0,6959.65,6937.86,6951.11,47.721457
2018-04-02 02:35:00,6954.99,6967.99,6932.0,6946.21,83.666258
2018-04-02 02:40:00,6950.59,6965.89,6946.3,6965.89,77.845228
2018-04-02 02:45:00,6965.87,6968.0,6945.0,6947.02,85.20189
2018-04-02 02:50:00,6950.0,6969.0,6940.41,6967.98,83.003396
2018-04-02 02:55:00,6959.57,6977.0,6959.57,6969.0,80.566112
2018-04-02 03:00:00,6974.94,6974.94,6958.0,6969.96,60.770284
2018-04-02 03:05:00,6963.35,6975.01,6955.0,6975.01,69.816856
2018-04-02 03:10:00,6975.01,6978.0,6930.14,6945.0,168.47475
2018-04-02 03:15:00,6945.0,6959.0,6937.38,6957.21,49.605599
2018-04-02 03:20:00,6951.01,6957.22,6938.6,6938.6,51.096858
2018-04-02 03:25:00,6938.6,6950.0,6938.6,6948.0,43.83347
2018-04-02 03:30:00,6946.16,6958.0,6940.26,6957.98,122.64358
2018-04-02 03:35:00,6957.99,6965.0,6937.8,6954.91,46.66905
2018-04-02 03:40:00,6956.58,6960.88,6936.24,6937.29,67.850281
2018-04-02 03:45:00,6942.9,6943.0,6935.96,6941.0,82.66344
2018-04-02 03:50:00,6942.0,7018.0,6932.04,7011.99,277.325446
2018-04-02 03:55:00,7010.0,7020.0,6974.28,6980.72,215.203661
2018-04-02 04:00:00,6982.44,7016.0,6974.28,6987.14,153.068004
2018-04-02 04:05:00,6986.63,7005.0,6973.49,6983.0,111.676822
2018-04-02 04:10:00,6982.0,6986.29,6955.0,6961.0,119.874215
2018-04-02 04:15:00,6955.06,6968.0,6932.01,6943.22,108.112215
2018-04-02 04:20:00,6949.99,6956.6,6943.22,6949.0,40.174692
2018-04-02 04:25:00,6949.0,6966.1,6936.9,6954.34,53.781789
2018-04-02 04:30:00,6950.88,6960.0,6931.0,6941.12,65.035878
2018-04-02 04:35:00,6943.93,6946.78,6921.0,6946.76,161.287316
2018-04-02 04:40:00,6946.76,6946.76,6924.28,6930.11,59.919845
2018-04-02 04:45:00,6932.05,6934.0,6892.0,6899.78,139.451357
2018-04-02 04:50:00,6899.78,6902.46,6865.0,6880.0,200.499176
2018-04-02 04:55:00,6880.0,6889.0,6860.04,6882.18,71.856886
2018-04-02 05:00:00,6877.99,6882.32,6833.0,6836.75,102.553571
2018-04-02 05:05:00,6836.75,6869.93,6833.0,6862.0,118.559987
2018-04-02 05:10:00,6860.0,6879.0,6850.82,6874.4,66.825312
2018-04-02 05:15:00,6873.9,6880.32,6857.0,6878.99,56.394396
2018-04-02 05:20:00,6878.98,6888.0,6865.05,6878.86,56.134328
2018-04-02 05:25:00,6875.0,6881.41,6860.0,6881.4,65.197771
2018-04-02 05:30:00,6881.41,6923.37,6880.0,6901.76,118.177289
2018-04-02 05:35:00,6913.74,6913.75,6883.2,6888.58,48.090579
2018-04-02 05:40:00,6894.0,6908.0,6888.51,6900.0,101.524504
2018-04-02 05:45:00,6895.25,6922.82,6895.24,6916.02,70.582568
2018-04-02 05:50:00,6916.02,6920.98,6890.0,6899.0,68.37677
2018-04-02 05:55:00,6890.42,6900.0,6890.42,6892.0,83.841009
2018-04-02 06:00:00,6892.0,6910.21,6882.8,6910.21,69.22212
2018-04-02 06:05:00,6907.14,6920.0,6880.0,6901.41,109.780256
2018-04-02 06:10:00,6913.09,6918.0,6901.51,6913.99,54.690345
2018-04-02 06:15:00,6914.0,6956.21,6914.0,6951.0,174.183995
2018-04-02 06:20:00,6951.0,6955.96,6930.36,6934.01,98.530467
2018-04-02 06:25:00,6934.01,6940.23,6921.0,6931.0,79.600163
2018-04-02 06:30:00,6931.0,6948.03,6921.0,6934.03,63.380743
2018-04-02 06:35:00,6935.52,6940.0,6913.09,6934.48,91.399085
2018-04-02 06:40:00,6933.97,6933.97,6897.26,6901.15,137.928963
2018-04-02 06:45:00,6901.17,6922.32,6880.0,6894.0,106.471838
2018-04-02 06:50:00,6894.0,6907.95,6890.0,6903.99,93.395277
2018-04-02 06:55:00,6900.0,6900.0,6879.67,6880.0,53.55748
2018-04-02 07:00:00,6879.67,6885.0,6862.57,6866.0,150.840016
2018-04-02 07:05:00,6866.0,6904.0,6865.68,6904.0,83.895694
2018-04-02 07:10:00,6904.0,6924.74,6902.42,6914.0,81.886019
2018-04-02 07:15:00,6918.99,6919.0,6892.35,6909.0,76.832647
2018-04-02 07:20:00,6908.99,6930.99,6901.91,6920.01,94.00438
2018-04-02 07:25:00,6920.03,6946.67,6916.98,6941.68,86.81925
2018-04-02 07:30:00,6939.99,6947.84,6931.06,6941.99,106.273697
2018-04-02 07:35:00,6937.99,6947.83,6931.62,6934.0,85.356629
2018-04-02 07:40:00,6934.01,6949.0,6920.56,6935.0,61.343351
2018-04-02 07:45:00,6938.82,6999.99,6934.0,6991.72,163.833821
2018-04-02 07:50:00,6984.1,7090.0,6980.24,7080.41,610.333562
2018-04-02 07:55:00,7080.41,7102.02,7050.14,7060.22,566.599792
2018-04-02 08:00:00,7065.01,7099.0,7051.35,7070.99,233.0335
2018-04-02 08:05:00,7070.0,7099.0,7050.0,7055.0,129.488355
2018-04-02 08:10:00,7064.85,7071.19,7037.07,7040.0,128.753672
2018-04-02 08:15:00,7039.97,7050.13,7028.0,7039.15,174.145051
2018-04-02 08:20:00,7039.12,7056.54,7030.0,7048.33,103.608747
2018-04-02 08:25:00,7048.33,7060.53,7030.18,7047.0,157.439218
2018-04-02 08:30:00,7045.87,7047.0,7027.87,7027.87,92.428556
2018-04-02 08:35:00,7027.87,7042.44,7022.0,7035.0,81.497276
2018-04-02 08:40:00,7035.0,7049.0,7032.01,7041.0,105.035218
2018-04-02 08:45:00,7042.0,7054.98,7040.02,7047.0,114.676114
2018-04-02 08:50:00,7047.0,7055.0,7044.05,7050.03,121.821273
2018-04-02 08:55:00,7051.0,7068.0,7049.83,7060.04,78.823142
2018-04-02 09:00:00,7060.04,7079.0,7055.0,7068.0,99.584517
2018-04-02 09:05:00,7070.0,7071.5,7028.81,7037.52,151.539483
2018-04-02 09:10:00,7037.49,7050.0,7028.56,7044.99,74.373313
2018-04-02 09:15:00,7045.0,7085.25,7044.99,7073.67,141.951741
2018-04-02 09:20:00,7073.67,7085.97,7058.06,7060.52,87.516313
2018-04-02 09:25:00,7060.53,7075.0,7058.08,7064.76,72.303135
2018-04-02 09:30:00,7064.77,7067.0,7051.02,7056.57,48.549131
2018-04-02 09:35:00,7056.57,7059.93,7041.44,7051.01,71.805312
2018-04-02 09:40:00,7056.07,7056.07,7045.77,7047.99,38.901897
2018-04-02 09:45:00,7048.0,7064.98,7045.77,7059.87,48.922324
2018-04-02 09:50:00,7055.31,7068.26,7055.0,7062.99,142.956967
2018-04-02 09:55:00,7062.99,7067.0,7056.08,7062.96,77.62199
2018-04-02 10:00:00,7062.96,7067.0,7045.2,7062.63,108.84841
2018-04-02 10:05:00,7057.0,7064.32,7056.6,7062.16,88.460611
2018-04-02 10:10:00,7062.0,7064.58,7051.0,7055.08,56.281528
2018-04-02 10:15:00,7055.07,7055.14,7025.1,7030.53,125.878825
2018-04-02 10:20:00,7025.1,7036.66,7007.72,7021.0,170.013645
2018-04-02 10:25:00,7021.0,7047.0,7021.0,7046.98,67.048762
2018-04-02 10:30:00,7046.95,7049.96,7039.0,7045.0,54.071105
2018-04-02 10:35:00,7046.1,7049.38,7035.0,7046.71,82.928309
2018-04-02 10:40:00,7046.71,7071.4,7035.34,7069.96,169.658699
2018-04-02 10:45:00,7069.0,7070.0,7057.91,7069.2,71.986163
2018-04-02 10:50:00,7069.21,7085.05,7069.2,7073.01,166.304622
2018-04-02 10:55:00,7074.75,7080.0,7059.99,7065.96,125.191251
2018-04-02 11:00:00,7064.0,7070.16,7042.24,7042.26,85.760486
2018-04-02 11:05:00,7049.0,7057.12,7037.99,7055.43,70.25405
2018-04-02 11:10:00,7055.44,7125.0,7055.43,7110.01,323.153585
2018-04-02 11:15:00,7110.02,7110.27,7074.79,7083.03,174.901
2018-04-02 11:20:00,7083.03,7099.99,7083.02,7098.93,115.918549
2018-04-02 11:25:00,7098.93,7119.69,7086.48,7103.97,232.311373
2018-04-02 11:30:00,7103.97,7105.99,7083.0,7083.0,138.426552
2018-04-02 11:35:00,7083.0,7095.15,7055.06,7066.04,128.702475
2018-04-02 11:40:00,7066.04,7080.99,7062.02,7064.0,62.851602
2018-04-02 11:45:00,7064.0,7069.96,7050.0,7064.9,72.598564
2018-04-02 11:50:00,7063.97,7074.18,7040.37,7051.0,117.222565
2018-04-02 11:55:00,7051.0,7056.0,7036.0,7046.01,113.483455
2018-04-02 12:00:00,7046.0,7061.4,7035.0,7039.84,77.485092
2018-04-02 12:05:00,7039.84,7041.0,6990.5,7016.07,212.899345
2018-04-02 12:10:00,7003.52,7040.9,7002.81,7035.01,89.917313
2018-04-02 12:15:00,7035.0,7048.55,7021.25,7022.01,69.479439
2018-04-02 12:20:00,7022.02,7030.0,7011.0,7012.01,140.350832
2018-04-02 12:25:00,7013.63,7013.63,6961.0,6985.0,296.187664
2018-04-02 12:30:00,6984.99,6999.2,6976.21,6993.01,111.18212
2018-04-02 12:35:00,6993.0,7019.0,6993.0,7004.53,124.405961
2018-04-02 12:40:00,7004.26,7010.0,7003.22,7004.99,54.560035
2018-04-02 12:45:00,7004.61,7022.53,7004.5,7016.97,78.784273
2018-04-02 12:50:00,7013.62,7019.99,7000.0,7000.0,74.972707
2018-04-02 12:55:00,7005.43,7005.43,6988.0,6990.26,72.751494
2018-04-02 13:00:00,6990.28,7009.96,6990.0,7001.89,68.047657
2018-04-02 13:05:00,7001.9,7015.0,6993.93,7012.0,91.113255
2018-04-02 13:10:00,7012.0,7018.0,6995.24,7007.98,109.037014
2018-04-02 13:15:00,7007.98,7021.0,7001.0,7020.0,125.412486
2018-04-02 13:20:00,7020.0,7030.82,7001.58,7021.87,117.552393
2018-04-02 13:25:00,7024.64,7045.7,7021.97,7025.01,74.127543
2018-04-02 13:30:00,7025.01,7038.0,7024.04,7028.99,89.407882
2018-04-02 13:35:00,7025.37,7030.0,7010.01,7024.99,114.450383
2018-04-02 13:40:00,7022.0,7024.99,6981.12,6988.99,143.962313
2018-04-02 13:45:00,6989.0,7003.99,6981.0,6996.62,137.183695
2018-04-02 13:50:00,6996.62,7017.72,6991.75,7015.0,70.190627
2018-04-02 13:55:00,7011.01,7040.0,7003.0,7011.0,187.265181
2018-04-02 14:00:00,7011.0,7017.0,6983.0,6987.34,103.654126
2018-04-02 14:05:00,6987.34,6994.9,6981.38,6983.7,68.792597
2018-04-02 14:10:00,6983.79,6996.79,6951.02,6955.0,153.940144
2018-04-02 14:15:00,6955.0,6955.0,6924.0,6930.0,260.149802
2018-04-02 14:20:00,6929.99,6934.0,6897.99,6913.46,272.850041
2018-04-02 14:25:00,6913.46,6930.14,6903.01,6909.47,121.795525
2018-04-02 14:30:00,6910.0,6913.0,6873.32,6887.92,282.476402
2018-04-02 14:35:00,6880.9,6923.89,6880.0,6919.0,130.44899
2018-04-02 14:40:00,6915.72,6919.0,6891.97,6914.48,82.887369
2018-04-02 14:45:00,6912.7,6930.14,6907.0,6920.1,112.958297
2018-04-02 14:50:00,6920.1,6920.32,6890.13,6893.73,94.716846
2018-04-02 14:55:00,6893.73,6907.14,6893.73,6906.0,96.377553
2018-04-02 15:00:00,6907.0,6934.13,6906.0,6934.13,84.300368
2018-04-02 15:05:00,6933.01,6936.89,6914.84,6934.99,143.828879
2018-04-02 15:10:00,6932.08,6953.43,6920.0,6935.0,135.747833
2018-04-02 15:15:00,6935.0,6944.33,6924.06,6939.3,61.621806
2018-04-02 15:20:00,6939.31,6941.87,6920.0,6928.99,76.324028
2018-04-02 15:25:00,6925.0,6950.79,6921.44,6944.97,117.24732
2018-04-02 15:30:00,6944.97,7015.0,6944.97,7001.09,343.115879
2018-04-02 15:35:00,7006.0,7050.0,6985.72,7041.52,265.085861
2018-04-02 15:40:00,7041.52,7044.99,7018.14,7028.89,165.960697
2018-04-02 15:45:00,7030.0,7042.56,7011.0,7014.88,140.969687
2018-04-02 15:50:00,7012.01,7030.0,7012.0,7025.51,131.907687
2018-04-02 15:55:00,7025.5,7026.0,6991.4,7020.72,187.212016
2018-04-02 16:00:00,7020.72,7045.0,7020.72,7023.0,96.214934
2018-04-02 16:05:00,7022.8,7030.45,7002.0,7009.99,88.584316
2018-04-02 16:10:00,7009.99,7020.0,7000.0,7000.46,123.515846
2018-04-02 16:15:00,7000.46,7010.99,6993.0,7000.0,148.538846
2018-04-02 16:20:00,7001.5,7021.99,6997.0,7019.23,84.691238
2018-04-02 16:25:00,7019.23,7048.89,7019.0,7035.86,122.541695
2018-04-02 16:30:00,7035.91,7038.86,7000.02,7009.99,73.804502
2018-04-02 16:35:00,7009.99,7014.0,6980.88,6998.74,144.939978
2018-04-02 16:40:00,6998.0,6998.75,6969.82,6994.87,126.110611
2018-04-02 16:45:00,6994.85,7013.4,6985.25,6994.98,110.58256
2018-04-02 16:50:00,6994.98,6995.0,6979.41,6991.01,96.286334
2018-04-02 16:55:00,6991.0,7020.0,6990.7,7014.25,100.874925
2018-04-02 17:00:00,7012.6,7017.0,6988.0,7001.11,74.464612
2018-04-02 17:05:00,7000.0,7009.34,6990.0,6991.1,93.918009
2018-04-02 17:10:00,6991.12,6997.0,6951.0,6981.99,202.315648
2018-04-02 17:15:00,6981.98,6981.98,6941.0,6959.95,152.537101
2018-04-02 17:20:00,6959.95,6964.99,6952.03,6964.62,41.81578
2018-04-02 17:25:00,6964.59,6987.54,6960.11,6986.05,73.085103
2018-04-02 17:30:00,6987.51,6989.78,6971.0,6974.99,72.582751
2018-04-02 17:35:00,6973.66,6980.79,6969.45,6978.76,79.337403
2018-04-02 17:40:00,6974.81,6985.0,6970.81,6979.99,66.23968
2018-04-02 17:45:00,6980.0,7002.1,6979.05,7000.0,115.47026
2018-04-02 17:50:00,6997.1,7024.17,6985.01,6985.5,119.832048
2018-04-02 17:55:00,6986.12,6998.0,6970.81,6977.75,108.064071
2018-04-02 18:00:00,6981.43,6990.0,6951.0,6960.0,149.091976
2018-04-02 18:05:00,6960.0,6969.8,6945.38,6969.67,109.300116
2018-04-02 18:10:00,6965.79,6977.77,6956.0,6956.0,93.990851
2018-04-02 18:15:00,6956.0,6974.39,6950.73,6966.02,108.532811
2018-04-02 18:20:00,6971.89,6982.3,6963.25,6977.27,67.356432
2018-04-02 18:25:00,6977.28,6982.13,6965.72,6973.99,45.043834
2018-04-02 18:30:00,6973.99,6982.53,6962.01,6975.08,47.309999
2018-04-02 18:35:00,6975.08,6995.0,6975.08,6995.0,73.958435
2018-04-02 18:40:00,6995.0,6999.7,6970.01,6976.91,58.953242
2018-04-02 18:45:00,6976.92,7000.0,6976.91,7000.0,85.869325
2018-04-02 18:50:00,7000.0,7020.0,6980.79,6982.0,123.253914
2018-04-02 18:55:00,6982.01,6993.63,6963.04,6979.89,72.284591
2018-04-02 19:00:00,6974.07,6990.0,6974.0,6979.97,57.203052
2018-04-02 19:05:00,6975.89,6979.92,6960.0,6969.97,66.245971
2018-04-02 19:10:00,6964.0,7004.52,6964.0,6980.0,95.186396
2018-04-02 19:15:00,6984.0,6999.0,6980.0,6990.01,74.443734
2018-04-02 19:20:00,6990.01,7014.91,6986.0,6999.0,93.481476
2018-04-02 19:25:00,6999.0,7001.6,6982.0,6991.18,58.911307
2018-04-02 19:30:00,6992.25,7008.49,6991.88,6999.99,103.775198
2018-04-02 19:35:00,6999.99,7009.01,6960.14,6975.83,145.271128
2018-04-02 19:40:00,6975.83,6988.12,6968.0,6979.89,79.504301
2018-04-02 19:45:00,6978.0,6988.0,6975.0,6985.99,61.815806
2018-04-02 19:50:00,6985.9,6989.0,6970.03,6980.01,49.76336
2018-04-02 19:55:00,6980.01,7000.0,6980.0,6989.8,47.74282
2018-04-02 20:00:00,6989.8,6998.9,6971.64,6982.0,79.010965
2018-04-02 20:05:00,6982.0,6990.99,6978.01,6989.99,25.08982
2018-04-02 20:10:00,6990.0,6990.0,6977.26,6985.12,44.122413
2018-04-02 20:15:00,6985.12,6989.99,6911.0,6920.91,238.193365
2018-04-02 20:20:00,6920.97,6932.0,6900.0,6917.92,234.558959
2018-04-02 20:25:00,6910.02,6938.51,6910.0,6928.16,68.366652
2018-04-02 20:30:00,6928.85,6937.0,6901.96,6914.89,91.5336
2018-04-02 20:35:00,6914.89,6925.0,6911.0,6913.0,69.731748
2018-04-02 20:40:00,6913.01,6925.0,6913.0,6916.32,47.997242
2018-04-02 20:45:00,6916.32,6922.0,6905.0,6907.07,78.62387
2018-04-02 20:50:00,6907.07,6930.14,6890.0,6930.13,195.602111
2018-04-02 20:55:00,6929.99,6950.0,6904.0,6947.87,121.654903
2018-04-02 21:00:00,6947.87,6959.99,6921.23,6945.31,71.996338
2018-04-02 21:05:00,6945.07,6952.0,6930.01,6939.0,54.858691
2018-04-02 21:10:00,6938.99,6960.0,6925.0,6957.0,73.383294
2018-04-02 21:15:00,6955.0,6968.49,6955.0,6958.01,45.223249
2018-04-02 21:20:00,6958.02,7005.99,6955.0,6999.07,148.158627
2018-04-02 21:25:00,7005.38,7007.01,6975.94,6975.94,119.088376
2018-04-02 21:30:00,6975.94,6994.16,6950.0,6979.49,130.476048
2018-04-02 21:35:00,6971.93,6995.0,6963.14,6985.01,50.865786
2018-04-02 21:40:00,6987.0,6987.01,6972.25,6973.3,32.567533
2018-04-02 21:45:00,6973.3,6984.0,6967.0,6979.0,48.427725
2018-04-02 21:50:00,6978.92,7000.0,6978.91,6981.13,89.544583
2018-04-02 21:55:00,6981.16,6989.99,6970.74,6981.36,59.434024
2018-04-02 22:00:00,6981.36,6981.42,6968.0,6979.98,65.375972
2018-04-02 22:05:00,6979.97,6998.56,6972.13,6984.0,86.413984
2018-04-02 22:10:00,6983.99,6994.0,6973.85,6993.0,40.114419
2018-04-02 22:15:00,6993.0,7010.38,6991.63,7010.0,119.035112
2018-04-02 22:20:00,7010.0,7050.08,7009.01,7029.0,248.954651
2018-04-02 22:25:00,7027.3,7033.0,7002.29,7010.21,84.134065
2018-04-02 22:30:00,7017.65,7032.0,7010.22,7032.0,66.010802
2018-04-02 22:35:00,7032.0,7040.0,6998.42,7010.94,124.737552
2018-04-02 22:40:00,7010.94,7021.0,6998.77,7001.75,52.190539
2018-04-02 22:45:00,7004.82,7043.15,7004.82,7020.01,92.066242
2018-04-02 22:50:00,7028.98,7033.0,7015.0,7025.2,78.180224
2018-04-02 22:55:00,7025.2,7043.0,7025.2,7031.0,80.135344
2018-04-02 23:00:00,7031.01,7046.03,7016.35,7040.0,52.907304
2018-04-02 23:05:00,7038.99,7050.14,7031.99,7049.5,77.341102
2018-04-02 23:10:00,7050.12,7070.0,7045.03,7060.0,138.793794
2018-04-02 23:15:00,7060.0,7069.0,7041.0,7058.74,162.473607
2018-04-02 23:20:00,7049.72,7058.7,7011.0,7027.87,133.714815
2018-04-02 23:25:00,7027.83,7055.0,7013.36,7026.8,130.779106
2018-04-02 23:30:00,7026.8,7032.95,7016.0,7019.99,60.057791
2018-04-02 23:35:00,7016.4,7033.0,6999.77,7027.0,131.197951
2018-04-02 23:40:00,7026.4,7039.0,7020.0,7036.14,41.232116
2018-04-02 23:45:00,7036.14,7047.95,7025.0,7043.09,56.294009
2018-04-02 23:50:00,7043.0,7065.0,7036.96,7055.0,80.191319
2018-04-02 23:55:00,7055.0,7065.0,7038.94,7056.0,89.591268
2018-04-03 00:00:00,7063.97,7098.98,7056.08,7095.96,225.335451
2018-04-03 00:05:00,7094.49,7099.0,7056.94,7056.99,117.155588
2018-04-03 00:10:00,7056.98,7085.0,7056.98,7083.0,109.093106
2018-04-03 00:15:00,7071.97,7082.84,7070.0,7071.01,73.314622
2018-04-03 00:20:00,7071.01,7074.89,7050.75,7070.0,126.741933
2018-04-03 00:25:00,7070.0,7073.0,7051.34,7060.02,55.685264
2018-04-03 00:30:00,7060.03,7063.0,7037.91,7050.0,69.676951
2018-04-03 00:35:00,7049.91,7049.91,7029.0,7036.5,52.131553
2018-04-03 00:40:00,7037.0,7047.99,7027.0,7037.5,62.846256
2018-04-03 00:45:00,7037.5,7047.99,7030.69,7040.14,102.674164
2018-04-03 00:50:00,7042.99,7046.86,7016.5,7020.0,90.184426
2018-04-03 00:55:00,7020.0,7037.05,7011.01,7028.01,69.477439
2018-04-03 01:00:00,7034.07,7040.0,7027.39,7036.27,23.825534
2018-04-03 01:05:00,7038.0,7042.82,7028.0,7039.83,46.239514
2018-04-03 01:10:00,7039.83,7062.36,7031.21,7049.87,57.237109
2018-04-03 01:15:00,7041.08,7045.99,7020.0,7026.05,60.156373
2018-04-03 01:20:00,7032.82,7042.62,7017.42,7030.87,75.872213
2018-04-03 01:25:00,7039.37,7049.0,7030.94,7040.01,37.825837
2018-04-03 01:30:00,7038.01,7046.5,7031.87,7037.95,54.317251
2018-04-03 01:35:00,7037.49,7040.0,7020.0,7029.99,69.18394
2018-04-03 01:40:00,7029.94,7035.96,7022.23,7023.21,32.881557
2018-04-03 01:45:00,7023.21,7037.55,7012.1,7028.91,68.939081
2018-04-03 01:50:00,7028.91,7040.2,7018.86,7019.07,77.530084
2018-04-03 01:55:00,7019.07,7028.0,7019.07,7026.0,70.457551
2018-04-03 02:00:00,7026.0,7045.0,7023.1,7037.99,42.800886
2018-04-03 02:05:00,7038.0,7051.39,7038.0,7041.14,93.147307
2018-04-03 02:10:00,7049.0,7067.62,7042.01,7065.98,95.98561
2018-04-03 02:15:00,7064.0,7069.0,7046.1,7061.01,87.732044
2018-04-03 02:20:00,7061.01,7080.0,7061.0,7071.0,76.180164
2018-04-03 02:25:00,7071.0,7075.45,7061.51,7063.2,75.146135
2018-04-03 02:30:00,7070.77,7071.9,7052.05,7052.05,82.481704
2018-04-03 02:35:00,7059.98,7065.66,7050.0,7060.0,72.491756
2018-04-03 02:40:00,7061.0,7061.0,7045.72,7055.9,47.192015
2018-04-03 02:45:00,7055.0,7072.0,7050.0,7070.86,70.388641
2018-04-03 02:50:00,7062.96,7075.15,7061.12,7075.0,53.722767
2018-04-03 02:55:00,7075.0,7175.0,7071.24,7169.99,655.228201
2018-04-03 03:00:00,7169.99,7178.0,7123.98,7138.37,435.653404
2018-04-03 03:05:00,7144.92,7160.0,7140.0,7159.0,251.198317
2018-04-03 03:10:00,7159.0,7171.0,7148.0,7159.85,208.161265
2018-04-03 03:15:00,7156.01,7165.9,7134.01,7152.57,135.904025
2018-04-03 03:20:00,7152.58,7165.0,7152.44,7156.84,87.069274
2018-04-03 03:25:00,7156.84,7163.0,7156.83,7162.03,86.798856
2018-04-03 03:30:00,7162.29,7165.55,7140.0,7150.0,144.369071
2018-04-03 03:35:00,7150.0,7164.0,7135.0,7153.0,112.743784
2018-04-03 03:40:00,7153.21,7170.0,7153.0,7159.98,81.450991
2018-04-03 03:45:00,7159.98,7174.0,7152.3,7174.0,70.490526
2018-04-03 03:50:00,7173.0,7185.91,7170.0,7184.73,143.451118
2018-04-03 03:55:00,7185.0,7188.99,7173.02,7180.01,151.303187
2018-04-03 04:00:00,7183.01,7227.18,7180.01,7205.0,392.78273
2018-04-03 04:05:00,7205.0,7277.73,7205.0,7271.93,447.745044
2018-04-03 04:10:00,7271.93,7303.0,7271.0,7295.02,446.042183
2018-04-03 04:15:00,7297.0,7298.0,7245.5,7268.02,345.184688
2018-04-03 04:20:00,7270.0,7273.99,7250.01,7265.0,139.005998
2018-04-03 04:25:00,7264.26,7277.0,7260.04,7277.0,113.496065
2018-04-03 04:30:00,7277.0,7290.14,7265.0,7274.46,107.206868
2018-04-03 04:35:00,7275.01,7275.31,7250.0,7265.0,144.067223
2018-04-03 04:40:00,7268.79,7329.9,7258.98,7314.99,272.227037
2018-04-03 04:45:00,7314.99,7360.0,7310.99,7338.3,412.750833
2018-04-03 04:50:00,7340.15,7380.0,7330.0,7351.01,265.878512
2018-04-03 04:55:00,7353.0,7373.28,7334.98,7360.0,176.280641
2018-04-03 05:00:00,7364.82,7390.08,7345.0,7372.05,264.250815
2018-04-03 05:05:00,7375.02,7388.55,7340.0,7345.17,182.17226
2018-04-03 05:10:00,7349.99,7359.88,7322.15,7350.0,225.940826
2018-04-03 05:15:00,7348.0,7360.42,7271.99,7290.0,340.570397
2018-04-03 05:20:00,7280.11,7320.0,7277.1,7295.59,365.369423
2018-04-03 05:25:00,7300.0,7316.0,7295.61,7314.0,133.501842
2018-04-03 05:30:00,7314.0,7339.98,7313.56,7329.76,146.059462
2018-04-03 05:35:00,7329.81,7341.0,7316.01,7331.02,187.271913
2018-04-03 05:40:00,7335.0,7337.0,7303.33,7314.01,106.029666
2018-04-03 05:45:00,7314.01,7320.0,7270.11,7292.99,180.539023
2018-04-03 05:50:00,7292.99,7329.99,7285.0,7317.82,92.984486
2018-04-03 05:55:00,7317.81,7327.75,7309.0,7320.8,100.883945
2018-04-03 06:00:00,7321.01,7337.0,7320.0,7337.0,107.876926
2018-04-03 06:05:00,7334.2,7345.33,7325.0,7327.99,110.713751
2018-04-03 06:10:00,7327.26,7330.0,7321.55,7326.8,96.467795
2018-04-03 06:15:00,7326.79,7330.0,7312.0,7317.29,108.004802
2018-04-03 06:20:00,7317.29,7317.3,7310.0,7312.0,61.496265
2018-04-03 06:25:00,7312.01,7345.33,7310.0,7340.09,128.829841
2018-04-03 06:30:00,7340.09,7350.14,7338.86,7348.0,174.301639
2018-04-03 06:35:00,7344.74,7356.0,7330.01,7337.03,145.93593
2018-04-03 06:40:00,7337.03,7360.0,7337.03,7355.87,93.183409
2018-04-03 06:45:00,7355.87,7355.99,7311.68,7314.07,160.582054
2018-04-03 06:50:00,7317.15,7325.2,7311.52,7325.2,104.904085
2018-04-03 06:55:00,7325.2,7342.13,7321.01,7330.0,66.180829
2018-04-03 07:00:00,7334.0,7345.0,7330.39,7336.01,71.576128
2018-04-03 07:05:00,7336.01,7339.5,7322.48,7327.63,89.853804
2018-04-03 07:10:00,7327.63,7335.0,7319.0,7331.01,76.88777
2018-04-03 07:15:00,7331.02,7345.66,7329.25,7333.02,137.143323
2018-04-03 07:20:00,7333.0,7334.59,7321.12,7330.0,59.549227
2018-04-03 07:25:00,7330.0,7345.67,7325.76,7336.0,116.768361
2018-04-03 07:30:00,7336.0,7345.0,7336.0,7342.99,79.337737
2018-04-03 07:35:00,7342.98,7375.0,7342.0,7369.04,221.270264
2018-04-03 07:40:00,7370.0,7374.0,7343.02,7354.5,128.037715
2018-04-03 07:45:00,7350.0,7386.06,7343.0,7380.0,196.640791
2018-04-03 07:50:00,7384.0,7447.99,7380.01,7405.0,445.864778
2018-04-03 07:55:00,7404.99,7409.78,7388.0,7395.0,151.456753
2018-04-03 08:00:00,7396.94,7400.2,7362.52,7380.0,176.953685
2018-04-03 08:05:00,7380.02,7390.0,7371.72,7375.1,113.639535
2018-04-03 08:10:00,7375.91,7387.95,7370.0,7382.0,84.875863
2018-04-03 08:15:00,7382.01,7399.0,7382.01,7398.95,96.662693
2018-04-03 08:20:00,7394.02,7412.5,7390.01,7399.01,222.914592
2018-04-03 08:25:00,7400.09,7422.63,7400.0,7406.0,144.05404
2018-04-03 08:30:00,7406.0,7407.91,7351.15,7369.94,231.626686
2018-04-03 08:35:00,7365.0,7379.99,7348.11,7369.0,154.520238
2018-04-03 08:40:00,7367.0,7379.98,7351.0,7360.0,103.598802
2018-04-03 08:45:00,7360.0,7360.0,7345.01,7346.6,110.520644
2018-04-03 08:50:00,7350.0,7369.95,7346.57,7358.9,105.721125
2018-04-03 08:55:00,7358.9,7363.7,7330.67,7345.91,173.937942
2018-04-03 09:00:00,7345.91,7364.0,7321.1,7321.1,143.596336
2018-04-03 09:05:00,7321.1,7350.14,7315.66,7339.64,156.721903
2018-04-03 09:10:00,7336.91,7359.97,7330.11,7349.99,92.288822
2018-04-03 09:15:00,7347.0,7370.0,7343.63,7363.0,130.588684
2018-04-03 09:20:00,7361.0,7376.0,7360.0,7370.05,168.15641
2018-04-03 09:25:00,7370.09,7375.79,7365.15,7365.15,61.339344
2018-04-03 09:30:00,7369.47,7378.23,7365.15,7374.51,51.750326
2018-04-03 09:35:00,7374.51,7385.87,7370.0,7370.11,136.849196
2018-04-03 09:40:00,7374.93,7380.0,7370.0,7370.0,64.017598
2018-04-03 09:45:00,7370.01,7385.29,7365.15,7367.99,156.697411
2018-04-03 09:50:00,7367.99,7374.61,7350.95,7364.91,130.800862
2018-04-03 09:55:00,7368.33,7373.98,7355.0,7359.7,82.608606
2018-04-03 10:00:00,7359.69,7382.0,7355.79,7376.65,128.034136
2018-04-03 10:05:00,7375.0,7388.43,7372.0,7384.99,163.155782
2018-04-03 10:10:00,7381.01,7395.64,7380.0,7395.0,101.868035
2018-04-03 10:15:00,7395.0,7397.98,7380.21,7392.01,86.085773
2018-04-03 10:20:00,7392.86,7396.88,7385.84,7392.89,119.571298
2018-04-03 10:25:00,7392.89,7393.99,7370.33,7381.0,99.285177
2018-04-03 10:30:00,7379.49,7384.0,7274.34,7290.92,542.394611
2018-04-03 10:35:00,7290.92,7320.0,7290.0,7300.0,187.685805
2018-04-03 10:40:00,7300.0,7309.84,7282.83,7290.0,141.38192
2018-04-03 10:45:00,7287.68,7295.86,7252.0,7280.0,309.515731
2018-04-03 10:50:00,7280.0,7309.8,7270.69,7302.01,154.436376
2018-04-03 10:55:00,7302.01,7310.91,7295.0,7306.0,136.30686
2018-04-03 11:00:00,7306.0,7327.27,7300.0,7327.26,125.420222
2018-04-03 11:05:00,7326.13,7339.0,7325.0,7335.0,84.949224
2018-04-03 11:10:00,7335.0,7340.0,7315.0,7321.08,64.282595
2018-04-03 11:15:00,7328.0,7330.0,7313.01,7327.94,73.393061
2018-04-03 11:20:00,7323.01,7336.93,7310.5,7311.0,56.448478
2018-04-03 11:25:00,7311.0,7319.77,7306.98,7310.0,65.441046
2018-04-03 11:30:00,7310.0,7318.6,7303.0,7308.34,93.97341
2018-04-03 11:35:00,7303.26,7310.0,7295.0,7300.0,93.439657
2018-04-03 11:40:00,7302.81,7307.01,7272.02,7295.21,152.416646
2018-04-03 11:45:00,7299.97,7309.0,7295.01,7306.0,99.636939
2018-04-03 11:50:00,7306.99,7327.9,7306.99,7312.52,71.210165
2018-04-03 11:55:00,7315.01,7319.0,7285.0,7307.48,91.633075
2018-04-03 12:00:00,7302.03,7309.83,7287.25,7308.99,52.160899
2018-04-03 12:05:00,7308.99,7358.0,7306.01,7350.0,175.33189
2018-04-03 12:10:00,7346.01,7358.0,7335.69,7345.09,99.902582
2018-04-03 12:15:00,7346.01,7346.01,7331.96,7339.0,67.476028
2018-04-03 12:20:00,7339.0,7355.0,7333.04,7348.5,67.963436
2018-04-03 12:25:00,7348.49,7373.0,7347.03,7370.0,131.978318
2018-04-03 12:30:00,7372.0,7375.0,7350.45,7357.53,132.746004
2018-04-03 12:35:00,7357.53,7369.0,7349.0,7363.39,104.429096
2018-04-03 12:40:00,7363.39,7379.98,7363.0,7374.87,141.926199
2018-04-03 12:45:00,7374.87,7379.0,7365.0,7368.27,99.575245
2018-04-03 12:50:00,7368.27,7372.0,7355.0,7360.1,129.840333
2018-04-03 12:55:00,7362.9,7362.91,7355.01,7362.91,78.765848
2018-04-03 13:00:00,7362.91,7369.97,7359.0,7367.86,62.338127
2018-04-03 13:05:00,7367.85,7432.4,7360.0,7415.02,267.188484
2018-04-03 13:10:00,7417.72,7425.0,7328.0,7404.6,254.640755
2018-04-03 13:15:00,7404.61,7410.0,7380.15,7391.11,92.800092
2018-04-03 13:20:00,7395.0,7400.0,7385.0,7395.0,97.764019
2018-04-03 13:25:00,7395.0,7405.0,7377.96,7386.0,119.423442
2018-04-03 13:30:00,7388.59,7390.98,7370.01,7387.48,66.694572
2018-04-03 13:35:00,7387.48,7389.75,7356.0,7356.0,124.702452
2018-04-03 13:40:00,7356.0,7364.97,7310.0,7328.0,243.330032
2018-04-03 13:45:00,7328.4,7356.0,7317.06,7355.0,132.164905
2018-04-03 13:50:00,7352.41,7355.0,7331.02,7344.52,74.896965
2018-04-03 13:55:00,7344.51,7346.0,7332.05,7335.91,71.18802
2018-04-03 14:00:00,7335.9,7359.96,7329.08,7346.82,93.468069
2018-04-03 14:05:00,7346.85,7346.85,7328.0,7336.99,113.518302
2018-04-03 14:10:00,7336.98,7340.0,7330.33,7338.99,67.404674
2018-04-03 14:15:00,7335.01,7339.0,7278.87,7278.88,377.515976
2018-04-03 14:20:00,7278.88,7334.99,7277.0,7308.0,183.738644
2018-04-03 14:25:00,7310.99,7313.0,7292.88,7309.98,205.491694
2018-04-03 14:30:00,7309.98,7330.0,7309.98,7319.35,72.162499
2018-04-03 14:35:00,7319.35,7324.99,7310.01,7321.51,73.242734
2018-04-03 14:40:00,7320.02,7339.0,7320.0,7325.0,78.54397
2018-04-03 14:45:00,7325.01,7350.0,7325.0,7349.9,74.836294
2018-04-03 14:50:00,7350.0,7350.0,7327.98,7338.61,154.734857
2018-04-03 14:55:00,7338.53,7359.0,7334.0,7354.7,100.52173
2018-04-03 15:00:00,7354.0,7368.18,7344.99,7355.0,85.536743
2018-04-03 15:05:00,7353.95,7369.17,7353.95,7364.74,74.772433
2018-04-03 15:10:00,7364.74,7365.0,7342.0,7343.01,87.314146
2018-04-03 15:15:00,7345.0,7358.0,7342.2,7348.0,62.69121
2018-04-03 15:20:00,7348.0,7355.46,7340.2,7349.96,60.308667
2018-04-03 15:25:00,7346.0,7382.0,7345.99,7369.74,184.627174
2018-04-03 15:30:00,7369.0,7395.0,7350.14,7380.0,165.453284
2018-04-03 15:35:00,7380.0,7391.32,7367.0,7373.4,117.546958
2018-04-03 15:40:00,7374.0,7380.0,7357.03,7377.0,88.992645
2018-04-03 15:45:00,7380.0,7405.92,7377.02,7405.92,219.006638
2018-04-03 15:50:00,7405.0,7417.0,7392.0,7395.0,210.31806
2018-04-03 15:55:00,7395.0,7398.49,7366.18,7370.01,152.227616
2018-04-03 16:00:00,7370.01,7386.83,7353.0,7365.89,131.591337
2018-04-03 16:05:00,7365.89,7396.5,7363.17,7388.07,139.386587
2018-04-03 16:10:00,7394.99,7395.0,7365.0,7369.0,109.913255
2018-04-03 16:15:00,7369.73,7394.47,7365.0,7392.99,166.051139
2018-04-03 16:20:00,7391.0,7439.99,7381.36,7416.33,318.72757
2018-04-03 16:25:00,7419.55,7437.52,7401.0,7420.01,194.929896
2018-04-03 16:30:00,7420.01,7437.52,7414.29,7429.81,94.18604
2018-04-03 16:35:00,7428.99,7429.0,7401.0,7404.49,210.185263
2018-04-03 16:40:00,7409.99,7420.0,7390.0,7410.0,158.856195
2018-04-03 16:45:00,7411.0,7420.0,7391.0,7400.0,78.368335
2018-04-03 16:50:00,7400.0,7415.0,7398.12,7414.0,135.391688
2018-04-03 16:55:00,7410.0,7414.14,7401.0,7405.8,87.742532
2018-04-03 17:00:00,7406.3,7406.79,7366.1,7383.87,122.95557
2018-04-03 17:05:00,7385.18,7399.99,7382.0,7397.06,56.259718
2018-04-03 17:10:00,7397.06,7397.06,7367.0,7385.47,135.333323
2018-04-03 17:15:00,7387.73,7390.0,7380.0,7382.39,49.792127
2018-04-03 17:20:00,7382.41,7392.39,7376.0,7382.2,66.731788
2018-04-03 17:25:00,7382.15,7396.99,7381.88,7387.39,116.446758
2018-04-03 17:30:00,7390.99,7398.38,7385.21,7393.98,42.144756
2018-04-03 17:35:00,7391.01,7413.0,7391.01,7401.2,69.645579
2018-04-03 17:40:00,7401.21,7406.64,7395.0,7400.01,69.680281
2018-04-03 17:45:00,7401.91,7403.8,7399.99,7403.48,54.881497
2018-04-03 17:50:00,7403.48,7419.0,7400.0,7418.9,140.092981
2018-04-03 17:55:00,7418.99,7429.0,7409.83,7426.01,106.963748
2018-04-03 18:00:00,7426.01,7445.0,7426.0,7437.22,121.151694
2018-04-03 18:05:00,7438.0,7445.0,7407.76,7418.0,202.239783
2018-04-03 18:10:00,7418.0,7435.99,7412.0,7430.0,73.464848
2018-04-03 18:15:00,7430.01,7440.14,7424.0,7424.0,67.513961
2018-04-03 18:20:00,7428.98,7430.0,7411.16,7420.02,86.508498
2018-04-03 18:25:00,7422.53,7444.0,7415.0,7430.3,103.321671
2018-04-03 18:30:00,7430.39,7469.0,7427.0,7455.0,172.00064
2018-04-03 18:35:00,7455.0,7484.0,7455.0,7478.19,327.973177
2018-04-03 18:40:00,7478.19,7478.19,7454.21,7456.02,166.514171
2018-04-03 18:45:00,7456.03,7476.9,7456.03,7476.02,111.561501
2018-04-03 18:50:00,7476.88,7484.83,7470.0,7483.0,124.348235
2018-04-03 18:55:00,7483.99,7499.99,7460.0,7466.0,335.866283
2018-04-03 19:00:00,7466.85,7485.24,7453.0,7475.01,192.043363
2018-04-03 19:05:00,7475.01,7480.0,7455.0,7467.16,170.249554
2018-04-03 19:10:00,7467.16,7489.54,7467.0,7487.66,151.983924
2018-04-03 19:15:00,7487.66,7489.39,7475.0,7477.96,119.615103
2018-04-03 19:20:00,7477.97,7490.0,7460.41,7487.96,127.937564
2018-04-03 19:25:00,7487.96,7497.99,7485.0,7494.0,119.648391
2018-04-03 19:30:00,7494.0,7496.0,7484.11,7492.94,108.221173
2018-04-03 19:35:00,7492.94,7519.0,7490.0,7515.0,182.589165
2018-04-03 19:40:00,7511.17,7520.0,7476.88,7478.58,244.784377
2018-04-03 19:45:00,7479.0,7488.0,7460.25,7465.51,153.461883
2018-04-03 19:50:00,7465.7,7492.0,7453.0,7477.11,166.524685
2018-04-03 19:55:00,7477.09,7479.99,7452.0,7467.11,104.868547
2018-04-03 20:00:00,7467.12,7484.0,7453.01,7466.07,83.315274
2018-04-03 20:05:00,7466.07,7477.85,7465.9,7470.76,73.178706
2018-04-03 20:10:00,7470.0,7484.64,7461.7,7481.0,87.213267
2018-04-03 20:15:00,7481.01,7499.0,7480.0,7491.33,84.39834
2018-04-03 20:20:00,7496.79,7496.79,7480.0,7480.0,57.047536
2018-04-03 20:25:00,7480.0,7484.99,7475.0,7479.97,43.822562
2018-04-03 20:30:00,7479.97,7489.95,7425.0,7426.0,206.165754
2018-04-03 20:35:00,7430.0,7447.99,7378.99,7395.77,382.13484
2018-04-03 20:40:00,7393.97,7410.0,7379.0,7398.54,277.586236
2018-04-03 20:45:00,7397.68,7430.0,7381.41,7411.0,103.388332
2018-04-03 20:50:00,7410.5,7414.86,7399.0,7406.3,109.587175
2018-04-03 20:55:00,7408.98,7409.5,7388.02,7388.02,139.678002
2018-04-03 21:00:00,7391.68,7405.0,7385.31,7396.56,130.985586
2018-04-03 21:05:00,7395.79,7403.0,7356.0,7369.99,169.21074
2018-04-03 21:10:00,7366.2,7389.0,7362.02,7378.05,134.318019
2018-04-03 21:15:00,7378.05,7399.99,7376.18,7399.99,85.410688
2018-04-03 21:20:00,7399.99,7402.0,7385.0,7389.98,80.925687
2018-04-03 21:25:00,7389.98,7410.14,7388.0,7410.0,106.557202
2018-04-03 21:30:00,7410.14,7429.96,7405.95,7428.41,156.918835
2018-04-03 21:35:00,7428.41,7445.0,7428.41,7436.0,123.379511
2018-04-03 21:40:00,7436.0,7440.0,7415.0,7426.9,100.362682
2018-04-03 21:45:00,7425.03,7430.86,7420.0,7421.01,49.27952
2018-04-03 21:50:00,7421.01,7443.88,7420.0,7436.38,80.309618
2018-04-03 21:55:00,7436.38,7440.0,7430.99,7431.0,47.351713
2018-04-03 22:00:00,7431.0,7433.1,7395.0,7409.98,115.588191
2018-04-03 22:05:00,7409.98,7417.99,7383.0,7390.05,79.69866
2018-04-03 22:10:00,7390.05,7402.62,7375.0,7392.9,133.012245
2018-04-03 22:15:00,7393.9,7394.9,7345.0,7370.0,224.094084
2018-04-03 22:20:00,7370.0,7390.0,7345.0,7375.09,121.925751
2018-04-03 22:25:00,7380.05,7400.0,7375.0,7397.04,64.929566
2018-04-03 22:30:00,7399.0,7400.0,7382.11,7397.0,68.083444
2018-04-03 22:35:00,7397.0,7397.01,7381.0,7384.0,56.794952
2018-04-03 22:40:00,7384.0,7409.39,7381.81,7409.3,123.471518
2018-04-03 22:45:00,7407.0,7410.14,7389.0,7398.0,71.137388
2018-04-03 22:50:00,7400.95,7404.65,7385.08,7386.0,42.512038
2018-04-03 22:55:00,7386.01,7397.0,7385.0,7390.0,46.295532
2018-04-03 23:00:00,7389.99,7400.0,7353.01,7365.18,128.216633
2018-04-03 23:05:00,7365.29,7398.0,7365.23,7385.31,52.499771
2018-04-03 23:10:00,7394.95,7420.0,7383.22,7410.89,117.174138
2018-04-03 23:15:00,7401.07,7439.78,7401.07,7433.89,104.474088
2018-04-03 23:20:00,7433.75,7433.75,7413.0,7415.0,51.566361
2018-04-03 23:25:00,7415.0,7420.04,7410.0,7419.0,76.722063
2018-04-03 23:30:00,7415.07,7435.0,7400.0,7408.89,92.287411
2018-04-03 23:35:00,7402.01,7422.93,7402.01,7414.01,38.261217
2018-04-03 23:40:00,7414.01,7432.99,7409.09,7420.93,107.23019
2018-04-03 23:45:00,7422.99,7429.0,7411.0,7414.05,42.042677
2018-04-03 23:50:00,7414.05,7417.99,7411.0,7411.9,33.179339
2018-04-03 23:55:00,7411.9,7415.8,7401.13,7405.21,52.368748
2018-04-04 00:00:00,7405.21,7411.98,7365.12,7394.91,116.46017
2018-04-04 00:05:00,7394.93,7404.99,7388.02,7404.82,54.775239
2018-04-04 00:10:00,7399.64,7404.63,7396.25,7403.0,72.13116
2018-04-04 00:15:00,7400.0,7420.0,7399.0,7414.46,72.220657
2018-04-04 00:20:00,7411.0,7419.9,7390.03,7394.0,84.710809
2018-04-04 00:25:00,7395.0,7400.0,7389.0,7392.01,91.481639
2018-04-04 00:30:00,7395.0,7410.0,7378.0,7404.16,111.787273
2018-04-04 00:35:00,7395.2,7410.0,7395.01,7408.98,49.070598
2018-04-04 00:40:00,7408.98,7424.82,7403.0,7416.0,83.667665
2018-04-04 00:45:00,7415.85,7423.0,7408.5,7418.0,81.240358
2018-04-04 00:50:00,7415.0,7422.02,7409.0,7415.64,61.103899
2018-04-04 00:55:00,7415.64,7418.63,7409.03,7410.66,38.522708
2018-04-04 01:00:00,7410.66,7420.03,7403.0,7417.97,73.736354
2018-04-04 01:05:00,7410.57,7422.99,7410.5,7420.0,35.907868
2018-04-04 01:10:00,7420.0,7427.52,7406.26,7407.12,87.877252
2018-04-04 01:15:00,7407.12,7407.12,7389.0,7391.06,70.441398
2018-04-04 01:20:00,7391.99,7397.0,7371.02,7381.0,142.049236
2018-04-04 01:25:00,7381.02,7383.0,7319.0,7340.02,456.285983
2018-04-04 01:30:00,7337.72,7340.04,7306.0,7310.03,247.137683
2018-04-04 01:35:00,7313.0,7340.43,7292.02,7323.25,457.479656
2018-04-04 01:40:00,7323.24,7328.99,7294.0,7298.0,190.563546
2018-04-04 01:45:00,7295.01,7315.0,7294.0,7304.0,163.841213
2018-04-04 01:50:00,7304.0,7315.01,7299.4,7307.6,154.178328
2018-04-04 01:55:00,7307.6,7337.28,7305.99,7322.27,83.915572
2018-04-04 02:00:00,7322.0,7322.27,7310.03,7313.96,72.527937
2018-04-04 02:05:00,7310.51,7320.0,7295.0,7305.84,196.335643
2018-04-04 02:10:00,7303.0,7305.83,7288.01,7288.89,202.60854
2018-04-04 02:15:00,7288.89,7315.0,7288.89,7308.36,119.558651
2018-04-04 02:20:00,7307.66,7323.3,7303.01,7317.99,89.037657
2018-04-04 02:25:00,7310.0,7319.09,7295.0,7306.86,101.457169
2018-04-04 02:30:00,7306.84,7314.76,7271.0,7271.0,185.236101
2018-04-04 02:35:00,7271.0,7278.91,7257.01,7260.0,234.979017
2018-04-04 02:40:00,7259.99,7265.92,7223.0,7265.92,383.358653
2018-04-04 02:45:00,7265.92,7275.0,7252.17,7270.0,253.189268
2018-04-04 02:50:00,7270.0,7295.33,7259.89,7283.06,152.067637
2018-04-04 02:55:00,7276.94,7290.07,7266.07,7270.0,130.43692
2018-04-04 03:00:00,7270.0,7270.0,7260.0,7264.93,105.9534
2018-04-04 03:05:00,7264.96,7295.0,7261.0,7292.01,194.509119
2018-04-04 03:10:00,7294.99,7305.0,7285.08,7298.0,117.673775
2018-04-04 03:15:00,7298.0,7300.3,7290.0,7293.95,52.990042
2018-04-04 03:20:00,7293.95,7327.5,7290.01,7323.36,168.179278
2018-04-04 03:25:00,7319.29,7337.88,7310.45,7320.0,181.677808
2018-04-04 03:30:00,7320.0,7320.06,7315.0,7319.0,53.797354
2018-04-04 03:35:00,7316.73,7335.0,7316.73,7332.42,186.880341
2018-04-04 03:40:00,7332.42,7333.85,7315.0,7325.0,159.719379
2018-04-04 03:45:00,7324.99,7325.0,7310.71,7310.89,70.893089
2018-04-04 03:50:00,7317.94,7317.96,7290.14,7304.0,91.067797
2018-04-04 03:55:00,7300.0,7305.0,7281.09,7295.71,75.989921
2018-04-04 04:00:00,7295.72,7300.0,7275.19,7287.0,137.925472
2018-04-04 04:05:00,7287.0,7307.98,7275.27,7302.99,100.065662
2018-04-04 04:10:00,7302.99,7319.0,7285.95,7293.0,149.407487
2018-04-04 04:15:00,7293.0,7299.0,7272.0,7285.0,108.853269
2018-04-04 04:20:00,7285.02,7294.99,7276.01,7286.0,87.897381
2018-04-04 04:25:00,7286.0,7290.0,7276.0,7279.98,54.203264
2018-04-04 04:30:00,7276.0,7280.0,7262.0,7268.0,134.936537
2018-04-04 04:35:00,7265.01,7285.0,7261.41,7261.5,141.764399
2018-04-04 04:40:00,7266.52,7285.98,7261.5,7270.0,109.860284
2018-04-04 04:45:00,7274.95,7298.29,7267.76,7297.98,97.740927
2018-04-04 04:50:00,7297.98,7308.25,7275.0,7291.96,114.155183
2018-04-04 04:55:00,7291.96,7309.63,7286.39,7297.0,63.538214
2018-04-04 05:00:00,7297.0,7331.99,7291.95,7320.0,139.410017
2018-04-04 05:05:00,7325.38,7330.0,7311.07,7329.98,102.180532
2018-04-04 05:10:00,7329.98,7369.0,7329.97,7360.01,189.511871
2018-04-04 05:15:00,7360.01,7371.64,7353.0,7364.01,100.404839
2018-04-04 05:20:00,7364.01,7371.64,7353.0,7355.51,74.879997
2018-04-04 05:25:00,7355.51,7371.07,7355.5,7370.99,61.643405
2018-04-04 05:30:00,7370.99,7382.31,7370.99,7374.03,103.238752
2018-04-04 05:35:00,7378.11,7380.0,7353.0,7354.0,65.952167
2018-04-04 05:40:00,7355.0,7364.23,7350.14,7354.0,80.854528
2018-04-04 05:45:00,7355.98,7363.78,7354.0,7362.0,39.442563
2018-04-04 05:50:00,7362.0,7362.0,7343.39,7346.05,50.985887
2018-04-04 05:55:00,7353.95,7354.0,7338.11,7345.0,91.643875
2018-04-04 06:00:00,7344.99,7350.0,7337.88,7348.7,59.404914
2018-04-04 06:05:00,7347.86,7348.7,7325.0,7328.0,94.82841
2018-04-04 06:10:00,7325.0,7341.0,7320.51,7338.0,40.518503
2018-04-04 06:15:00,7337.99,7356.7,7335.0,7356.69,76.916744
2018-04-04 06:20:00,7356.7,7369.9,7350.0,7366.0,59.162593
2018-04-04 06:25:00,7366.0,7380.14,7356.05,7360.1,61.599933
2018-04-04 06:30:00,7361.0,7371.01,7348.0,7359.97,121.67026
2018-04-04 06:35:00,7354.22,7371.0,7348.0,7368.18,49.078287
2018-04-04 06:40:00,7365.01,7368.31,7337.88,7337.88,47.890616
2018-04-04 06:45:00,7339.8,7351.53,7331.7,7342.99,61.451417
2018-04-04 06:50:00,7343.0,7364.24,7340.01,7350.0,57.770215
2018-04-04 06:55:00,7349.99,7357.34,7343.0,7350.0,24.401195
2018-04-04 07:00:00,7350.0,7359.05,7345.03,7351.05,55.22114
2018-04-04 07:05:00,7346.03,7365.01,7346.03,7359.4,65.356777
2018-04-04 07:10:00,7359.41,7375.0,7359.41,7373.96,104.511852
2018-04-04 07:15:00,7373.96,7377.96,7369.0,7374.93,87.836021
2018-04-04 07:20:00,7374.88,7376.75,7350.99,7353.01,51.242991
2018-04-04 07:25:00,7355.0,7376.55,7353.01,7370.0,81.261078
2018-04-04 07:30:00,7370.03,7371.0,7353.02,7353.02,63.323973
2018-04-04 07:35:00,7354.99,7367.79,7353.02,7365.0,41.461963
2018-04-04 07:40:00,7365.0,7365.0,7350.0,7358.75,52.435886
2018-04-04 07:45:00,7358.74,7359.25,7304.0,7315.0,148.525147
2018-04-04 07:50:00,7318.0,7324.9,7314.42,7315.1,78.701095
2018-04-04 07:55:00,7315.02,7327.08,7304.31,7304.31,89.849148
2018-04-04 08:00:00,7304.26,7316.99,7290.0,7300.0,173.250194
2018-04-04 08:05:00,7296.25,7316.99,7294.0,7311.99,70.443851
2018-04-04 08:10:00,7311.65,7317.1,7294.15,7316.0,78.162702
2018-04-04 08:15:00,7316.0,7318.0,7310.0,7315.0,51.008594
2018-04-04 08:20:00,7315.0,7337.83,7310.43,7335.91,80.522614
2018-04-04 08:25:00,7336.86,7338.0,7319.05,7325.98,65.382059
2018-04-04 08:30:00,7325.99,7334.92,7321.0,7331.48,70.904125
2018-04-04 08:35:00,7331.48,7334.0,7322.1,7323.38,55.989659
2018-04-04 08:40:00,7323.38,7328.5,7311.0,7318.88,42.793949
2018-04-04 08:45:00,7312.04,7323.36,7304.0,7307.65,62.607965
2018-04-04 08:50:00,7307.09,7307.65,7278.0,7287.57,170.020179
2018-04-04 08:55:00,7287.57,7300.0,7281.52,7290.01,64.328196
2018-04-04 09:00:00,7295.45,7298.57,7280.21,7281.85,76.175906
2018-04-04 09:05:00,7281.84,7295.39,7280.0,7290.08,62.621643
2018-04-04 09:10:00,7290.08,7295.0,7261.02,7261.04,123.159482
2018-04-04 09:15:00,7261.04,7265.0,7203.7,7203.91,367.653743
2018-04-04 09:20:00,7203.91,7210.0,7150.0,7164.72,775.914674
2018-04-04 09:25:00,7164.72,7174.59,7119.98,7134.56,483.242681
2018-04-04 09:30:00,7133.01,7182.99,7130.0,7160.05,455.279967
2018-04-04 09:35:00,7160.05,7175.93,7119.0,7123.22,188.313451
2018-04-04 09:40:00,7123.22,7145.0,7105.0,7144.29,355.882993
2018-04-04 09:45:00,7142.0,7144.29,7053.0,7080.0,742.912231
2018-04-04 09:50:00,7079.96,7101.04,7074.0,7086.21,222.821146
2018-04-04 09:55:00,7088.0,7098.0,7076.5,7085.12,213.897352
2018-04-04 10:00:00,7085.12,7115.0,7065.13,7065.57,300.632572
2018-04-04 10:05:00,7065.57,7085.0,7060.0,7072.28,124.600145
2018-04-04 10:10:00,7074.0,7075.08,7036.0,7063.0,380.830378
2018-04-04 10:15:00,7064.0,7093.0,7056.0,7093.0,160.222229
2018-04-04 10:20:00,7093.0,7130.0,7080.0,7114.0,309.121503
2018-04-04 10:25:00,7114.0,7119.0,7107.0,7115.09,177.796111
2018-04-04 10:30:00,7117.99,7119.99,7078.0,7081.0,160.365545
2018-04-04 10:35:00,7080.1,7115.0,7076.0,7103.84,108.285932
2018-04-04 10:40:00,7103.84,7106.99,7090.75,7097.9,62.193152
2018-04-04 10:45:00,7097.9,7108.0,7071.21,7072.02,198.552011
2018-04-04 10:50:00,7079.47,7084.81,7065.0,7074.0,113.899285
2018-04-04 10:55:00,7080.0,7100.0,7078.26,7087.94,65.363105
2018-04-04 11:00:00,7087.99,7088.0,7043.0,7065.93,196.036871
2018-04-04 11:05:00,7065.0,7079.03,7021.0,7042.99,179.102961
2018-04-04 11:10:00,7042.99,7063.0,7040.1,7050.36,88.819192
2018-04-04 11:15:00,7050.49,7058.0,7011.1,7024.99,243.558459
2018-04-04 11:20:00,7017.1,7030.0,7015.0,7021.71,125.942734
2018-04-04 11:25:00,7024.0,7050.0,7020.0,7045.0,131.002263
2018-04-04 11:30:00,7045.0,7048.0,7001.02,7015.38,328.93167
2018-04-04 11:35:00,7010.01,7020.0,7001.0,7008.97,211.965263
2018-04-04 11:40:00,7008.0,7039.8,7005.0,7023.72,216.845495
2018-04-04 11:45:00,7016.72,7040.0,7015.03,7033.45,177.336802
2018-04-04 11:50:00,7033.45,7075.0,7029.0,7068.0,164.0485
2018-04-04 11:55:00,7068.0,7068.95,7046.64,7058.0,124.953084
2018-04-04 12:00:00,7055.0,7058.0,7029.0,7040.02,125.554947
2018-04-04 12:05:00,7044.81,7055.0,7037.28,7040.23,78.781372
2018-04-04 12:10:00,7040.21,7074.99,7040.0,7061.87,117.410084
2018-04-04 12:15:00,7069.92,7069.92,7046.64,7058.01,115.216865
2018-04-04 12:20:00,7058.0,7060.0,7042.1,7054.98,130.90539
2018-04-04 12:25:00,7054.97,7055.0,7023.7,7025.39,176.859456
2018-04-04 12:30:00,7025.39,7025.4,7003.0,7013.0,229.633715
2018-04-04 12:35:00,7014.92,7036.0,7006.01,7027.53,106.974692
2018-04-04 12:40:00,7027.53,7027.53,7014.74,7027.0,74.761916
2018-04-04 12:45:00,7023.15,7062.99,7021.28,7061.74,191.818653
2018-04-04 12:50:00,7062.77,7067.78,7050.29,7067.78,83.081011
2018-04-04 12:55:00,7067.63,7070.0,7046.64,7049.0,114.084248
2018-04-04 13:00:00,7049.0,7070.19,7046.0,7068.0,185.621923
2018-04-04 13:05:00,7068.0,7090.99,7058.55,7090.01,105.06722
2018-04-04 13:10:00,7090.99,7098.0,7071.0,7072.0,122.46934
2018-04-04 13:15:00,7074.98,7077.5,7064.0,7077.5,77.437778
2018-04-04 13:20:00,7074.21,7083.0,7067.23,7082.9,107.537644
2018-04-04 13:25:00,7082.9,7085.0,7075.3,7085.0,117.710209
2018-04-04 13:30:00,7084.0,7095.0,7076.0,7093.91,77.912055
2018-04-04 13:35:00,7092.01,7121.23,7090.0,7112.01,255.405115
2018-04-04 13:40:00,7112.01,7123.98,7092.0,7092.98,237.688089
2018-04-04 13:45:00,7093.02,7100.0,7079.0,7086.98,154.246517
2018-04-04 13:50:00,7086.98,7089.0,7061.55,7069.54,109.499582
2018-04-04 13:55:00,7069.51,7081.62,7061.55,7071.0,87.170003
2018-04-04 14:00:00,7075.0,7075.0,6942.0,6947.0,605.813257
2018-04-04 14:05:00,6947.0,6961.05,6891.0,6911.7,758.919933
2018-04-04 14:10:00,6911.51,6926.1,6894.02,6909.07,324.000207
2018-04-04 14:15:00,6910.35,6910.44,6864.98,6884.0,437.680566
2018-04-04 14:20:00,6884.0,6886.44,6835.0,6860.1,504.854004
2018-04-04 14:25:00,6871.94,6907.89,6856.98,6876.01,277.803408
2018-04-04 14:30:00,6876.01,6914.0,6870.0,6899.92,391.903892
2018-04-04 14:35:00,6899.97,6900.0,6850.0,6853.55,227.509078
2018-04-04 14:40:00,6853.55,6879.0,6842.01,6873.02,255.836592
2018-04-04 14:45:00,6875.0,6895.45,6870.0,6886.98,189.299536
2018-04-04 14:50:00,6886.99,6905.74,6870.14,6875.01,196.540156
2018-04-04 14:55:00,6875.0,6879.99,6852.82,6870.5,132.195323
2018-04-04 15:00:00,6870.11,6895.97,6866.01,6891.0,146.217965
2018-04-04 15:05:00,6890.02,6900.0,6883.0,6890.0,116.474632
2018-04-04 15:10:00,6896.63,6896.69,6860.0,6865.0,119.224279
2018-04-04 15:15:00,6865.0,6870.46,6855.2,6866.0,98.707953
2018-04-04 15:20:00,6866.0,6907.99,6860.0,6900.01,207.807312
2018-04-04 15:25:00,6901.0,6907.99,6867.87,6882.01,160.855682
2018-04-04 15:30:00,6882.01,6909.14,6882.0,6901.0,123.894606
2018-04-04 15:35:00,6900.99,6903.94,6875.0,6878.99,139.703076
2018-04-04 15:40:00,6875.0,6899.77,6860.0,6877.95,168.769894
2018-04-04 15:45:00,6879.0,6888.9,6866.99,6871.01,86.976235
2018-04-04 15:50:00,6871.01,6880.0,6867.9,6870.0,96.581959
2018-04-04 15:55:00,6870.0,6870.36,6766.0,6785.0,781.450449
2018-04-04 16:00:00,6785.0,6842.66,6785.0,6813.99,280.44621
2018-04-04 16:05:00,6813.99,6849.0,6804.5,6819.06,217.288061
2018-04-04 16:10:00,6819.06,6864.0,6819.06,6850.25,224.949938
2018-04-04 16:15:00,6850.25,6855.36,6817.03,6838.83,160.894279
2018-04-04 16:20:00,6835.03,6852.29,6812.39,6848.61,135.925664
2018-04-04 16:25:00,6840.27,6877.01,6840.0,6862.81,190.425377
2018-04-04 16:30:00,6862.81,6868.0,6835.0,6840.0,149.632305
2018-04-04 16:35:00,6835.0,6865.0,6835.0,6862.0,85.984384
2018-04-04 16:40:00,6862.0,6917.7,6860.03,6916.99,189.384084
2018-04-04 16:45:00,6917.68,6918.0,6882.2,6888.99,148.031204
2018-04-04 16:50:00,6888.98,6890.0,6870.0,6882.09,141.795157
2018-04-04 16:55:00,6884.0,6898.35,6870.04,6889.99,77.638077
2018-04-04 17:00:00,6889.99,6890.0,6855.61,6878.58,104.799262
2018-04-04 17:05:00,6874.4,6880.0,6860.0,6872.89,85.958001
2018-04-04 17:10:00,6872.89,6884.99,6864.56,6871.98,75.492162
2018-04-04 17:15:00,6871.99,6887.99,6870.01,6885.0,67.170803
2018-04-04 17:20:00,6885.0,6886.0,6813.0,6826.98,207.856056
2018-04-04 17:25:00,6826.98,6849.99,6826.01,6830.89,109.969463
2018-04-04 17:30:00,6830.89,6863.0,6815.17,6849.26,170.293274
2018-04-04 17:35:00,6849.25,6849.99,6825.01,6848.9,59.364594
2018-04-04 17:40:00,6848.9,6869.34,6847.39,6861.01,77.252375
2018-04-04 17:45:00,6861.0,6869.0,6860.0,6863.05,63.854433
2018-04-04 17:50:00,6866.03,6866.04,6825.99,6840.01,110.901284
2018-04-04 17:55:00,6839.96,6850.0,6820.0,6838.23,136.633483
2018-04-04 18:00:00,6843.96,6866.04,6838.22,6850.43,84.596961
2018-04-04 18:05:00,6847.51,6850.0,6770.28,6781.66,363.78475
2018-04-04 18:10:00,6781.66,6806.88,6721.0,6737.83,520.86135
2018-04-04 18:15:00,6737.82,6770.0,6737.82,6769.98,238.543899
2018-04-04 18:20:00,6765.5,6783.9,6754.21,6768.95,149.654151
2018-04-04 18:25:00,6761.2,6790.29,6757.03,6780.0,107.543372
2018-04-04 18:30:00,6780.0,6780.02,6755.0,6768.98,79.541142
2018-04-04 18:35:00,6768.98,6813.62,6755.0,6788.0,178.796155
2018-04-04 18:40:00,6790.0,6827.58,6788.0,6810.0,146.197103
2018-04-04 18:45:00,6810.0,6836.56,6800.0,6833.69,157.241007
2018-04-04 18:50:00,6830.0,6833.99,6795.76,6828.0,128.15263
2018-04-04 18:55:00,6828.01,6850.0,6810.88,6850.0,131.756837
2018-04-04 19:00:00,6850.0,6856.98,6830.07,6840.0,193.827011
2018-04-04 19:05:00,6840.0,6844.09,6805.0,6830.01,187.633242
2018-04-04 19:10:00,6830.01,6839.34,6802.0,6808.02,132.937495
2018-04-04 19:15:00,6808.02,6809.89,6775.99,6789.96,146.415642
2018-04-04 19:20:00,6784.89,6790.0,6760.3,6775.47,143.624633
2018-04-04 19:25:00,6779.0,6805.0,6775.47,6800.0,108.446104
2018-04-04 19:30:00,6800.0,6803.95,6780.0,6781.01,57.051821
2018-04-04 19:35:00,6781.0,6809.06,6772.9,6809.0,210.364579
2018-04-04 19:40:00,6803.26,6865.25,6797.92,6856.99,268.402798
2018-04-04 19:45:00,6856.99,6886.52,6851.57,6859.96,213.97991
2018-04-04 19:50:00,6857.03,6875.04,6836.47,6859.78,148.16758
2018-04-04 19:55:00,6859.77,6878.98,6854.41,6854.41,80.937051
2018-04-04 20:00:00,6857.86,6895.0,6846.34,6889.0,109.627805
2018-04-04 20:05:00,6888.01,6899.6,6865.0,6892.55,156.3785
2018-04-04 20:10:00,6892.55,6900.0,6885.12,6892.6,127.960445
2018-04-04 20:15:00,6892.6,6898.0,6850.0,6866.29,154.449837
2018-04-04 20:20:00,6866.28,6890.0,6853.77,6885.95,60.829542
2018-04-04 20:25:00,6885.95,6898.0,6860.0,6891.03,84.757323
2018-04-04 20:30:00,6891.09,6897.95,6881.81,6893.0,80.273749
2018-04-04 20:35:00,6893.0,6894.52,6861.01,6862.87,111.998381
2018-04-04 20:40:00,6861.21,6877.0,6848.37,6874.89,108.014967
2018-04-04 20:45:00,6874.89,6880.0,6865.49,6872.5,67.675902
2018-04-04 20:50:00,6872.5,6872.5,6824.3,6849.65,113.491696
2018-04-04 20:55:00,6850.0,6860.0,6826.17,6826.17,85.5651
2018-04-04 21:00:00,6826.17,6850.55,6825.12,6848.01,76.28719
2018-04-04 21:05:00,6850.0,6853.97,6827.99,6841.96,41.039051
2018-04-04 21:10:00,6841.96,6862.97,6840.0,6849.94,44.348958
2018-04-04 21:15:00,6847.3,6853.0,6841.0,6842.17,32.482546
2018-04-04 21:20:00,6842.16,6842.16,6821.0,6824.0,90.46363
2018-04-04 21:25:00,6824.52,6828.76,6775.0,6790.05,169.128098
2018-04-04 21:30:00,6792.46,6813.34,6775.0,6775.0,137.49364
2018-04-04 21:35:00,6775.0,6778.83,6750.0,6762.97,172.0643
2018-04-04 21:40:00,6762.96,6793.43,6758.01,6792.99,61.493628
2018-04-04 21:45:00,6793.0,6798.99,6777.77,6782.0,101.242876
2018-04-04 21:50:00,6788.42,6821.41,6770.0,6807.38,109.562028
2018-04-04 21:55:00,6807.38,6845.05,6807.38,6818.78,102.673974
2018-04-04 22:00:00,6818.78,6818.79,6782.5,6793.13,87.937123
2018-04-04 22:05:00,6798.0,6824.97,6793.12,6809.29,68.985524
2018-04-04 22:10:00,6809.27,6818.78,6800.01,6813.21,64.005022
2018-04-04 22:15:00,6813.22,6815.05,6809.35,6813.04,36.453311
2018-04-04 22:20:00,6813.05,6818.43,6775.97,6799.7,124.058867
2018-04-04 22:25:00,6796.01,6800.0,6787.0,6798.27,32.302129
2018-04-04 22:30:00,6798.28,6809.8,6744.0,6765.41,164.42406
2018-04-04 22:35:00,6765.43,6783.43,6710.37,6715.0,215.634953
2018-04-04 22:40:00,6719.01,6768.69,6710.37,6751.4,253.055704
2018-04-04 22:45:00,6745.85,6761.39,6734.91,6749.98,98.392092
2018-04-04 22:50:00,6749.97,6800.23,6736.0,6764.22,146.505395
2018-04-04 22:55:00,6764.2,6783.67,6760.39,6764.08,69.138309
2018-04-04 23:00:00,6764.06,6780.99,6760.39,6772.99,48.778541
2018-04-04 23:05:00,6772.99,6777.99,6753.0,6753.04,70.47385
2018-04-04 23:10:00,6763.77,6763.79,6731.91,6737.37,63.795343
2018-04-04 23:15:00,6737.37,6756.25,6707.0,6744.93,173.036382
2018-04-04 23:20:00,6744.93,6750.0,6722.5,6734.02,59.066509
2018-04-04 23:25:00,6734.02,6800.0,6734.0,6770.02,186.457451
2018-04-04 23:30:00,6770.05,6797.99,6770.0,6785.06,56.847735
2018-04-04 23:35:00,6786.0,6786.0,6762.89,6775.0,74.393811
2018-04-04 23:40:00,6770.02,6823.0,6761.52,6818.0,134.317523
2018-04-04 23:45:00,6822.41,6830.0,6799.0,6800.0,114.753004
2018-04-04 23:50:00,6800.0,6808.93,6787.0,6790.0,82.858114
2018-04-04 23:55:00,6789.99,6804.49,6783.6,6796.1,80.622867
2018-04-05 00:00:00,6796.1,6799.88,6773.0,6785.99,57.604737
2018-04-05 00:05:00,6785.98,6809.0,6777.9,6809.0,70.239215
2018-04-05 00:10:00,6809.0,6819.55,6780.0,6780.77,61.88459
2018-04-05 00:15:00,6781.06,6805.0,6780.77,6795.0,40.297442
2018-04-05 00:20:00,6798.0,6804.98,6790.01,6800.0,34.449854
2018-04-05 00:25:00,6803.98,6825.0,6790.0,6824.87,64.801855
2018-04-05 00:30:00,6824.0,6824.88,6801.85,6803.56,82.849023
2018-04-05 00:35:00,6810.88,6810.88,6750.0,6779.26,152.97418
2018-04-05 00:40:00,6777.68,6777.68,6744.23,6758.0,109.95502
2018-04-05 00:45:00,6758.0,6784.69,6750.25,6758.06,103.785971
2018-04-05 00:50:00,6758.06,6758.06,6686.92,6732.24,396.081455
2018-04-05 00:55:00,6734.16,6748.9,6680.0,6705.73,281.09029
2018-04-05 01:00:00,6695.05,6718.05,6685.0,6700.0,155.323178
2018-04-05 01:05:00,6700.0,6710.0,6680.0,6694.92,130.180302
2018-04-05 01:10:00,6694.92,6705.0,6682.87,6685.74,74.629499
2018-04-05 01:15:00,6692.0,6695.99,6670.0,6680.51,327.389085
2018-04-05 01:20:00,6680.39,6692.0,6640.0,6657.97,332.536782
2018-04-05 01:25:00,6657.98,6657.98,6580.0,6589.94,671.156791
2018-04-05 01:30:00,6583.52,6619.99,6570.0,6600.0,323.799591
2018-04-05 01:35:00,6600.0,6631.03,6590.0,6599.9,194.100626
2018-04-05 01:40:00,6599.83,6611.0,6579.13,6609.95,116.979503
2018-04-05 01:45:00,6609.94,6609.94,6585.0,6599.0,113.657766
2018-04-05 01:50:00,6594.0,6612.0,6589.18,6593.01,73.006863
2018-04-05 01:55:00,6598.51,6611.99,6566.69,6609.91,193.518324
2018-04-05 02:00:00,6603.01,6658.0,6592.0,6657.99,211.512775
2018-04-05 02:05:00,6650.09,6663.54,6616.0,6617.0,141.319551
2018-04-05 02:10:00,6617.0,6634.0,6612.41,6620.77,101.71874
2018-04-05 02:15:00,6620.77,6663.51,6620.75,6639.93,135.951235
2018-04-05 02:20:00,6639.9,6649.0,6630.19,6639.95,74.956143
2018-04-05 02:25:00,6635.6,6648.98,6625.41,6645.75,149.747068
2018-04-05 02:30:00,6645.51,6658.0,6620.0,6645.94,166.210815
2018-04-05 02:35:00,6645.94,6651.99,6617.71,6633.01,143.133528
2018-04-05 02:40:00,6634.99,6635.0,6585.01,6599.95,192.887292
2018-04-05 02:45:00,6599.0,6627.0,6591.13,6610.0,79.486736
2018-04-05 02:50:00,6610.0,6620.95,6596.29,6600.0,61.181631
2018-04-05 02:55:00,6600.0,6619.0,6596.54,6616.13,63.856049
2018-04-05 03:00:00,6616.13,6641.88,6610.09,6638.55,154.259811
2018-04-05 03:05:00,6638.99,6639.0,6630.0,6634.02,63.314361
2018-04-05 03:10:00,6634.01,6641.88,6610.02,6619.0,111.996185
2018-04-05 03:15:00,6619.0,6622.79,6614.0,6619.79,44.577601
2018-04-05 03:20:00,6616.0,6629.23,6612.16,6625.08,63.282285
2018-04-05 03:25:00,6625.08,6630.0,6598.11,6598.99,174.294478
2018-04-05 03:30:00,6598.99,6629.85,6589.0,6620.0,133.951899
2018-04-05 03:35:00,6620.0,6620.76,6610.0,6619.49,80.395659
2018-04-05 03:40:00,6619.49,6655.55,6605.1,6641.0,152.810255
2018-04-05 03:45:00,6643.49,6723.36,6641.0,6716.48,250.372154
2018-04-05 03:50:00,6716.47,6800.0,6706.11,6750.02,433.38216
2018-04-05 03:55:00,6751.99,6807.99,6745.09,6776.99,292.250762
2018-04-05 04:00:00,6776.99,6800.0,6747.0,6800.0,224.413711
2018-04-05 04:05:00,6798.0,6864.0,6795.32,6803.24,413.136178
2018-04-05 04:10:00,6804.0,6835.0,6795.0,6819.78,199.56676
2018-04-05 04:15:00,6822.01,6833.36,6770.0,6793.6,201.260532
2018-04-05 04:20:00,6794.0,6815.77,6782.78,6808.09,94.988598
2018-04-05 04:25:00,6809.99,6823.0,6803.03,6823.0,90.43537
2018-04-05 04:30:00,6822.95,6850.0,6820.01,6820.02,366.777674
2018-04-05 04:35:00,6825.0,6825.0,6794.45,6809.96,182.320578
2018-04-05 04:40:00,6807.04,6832.0,6803.11,6814.97,91.420474
2018-04-05 04:45:00,6814.81,6816.0,6771.61,6774.1,117.989557
2018-04-05 04:50:00,6775.0,6776.06,6745.0,6758.96,276.482868
2018-04-05 04:55:00,6753.28,6787.0,6753.28,6785.57,80.844655
2018-04-05 05:00:00,6780.4,6800.0,6770.0,6800.0,111.720288
2018-04-05 05:05:00,6800.0,6827.65,6775.02,6786.99,149.168675
2018-04-05 05:10:00,6778.0,6782.68,6763.0,6774.94,85.654711
2018-04-05 05:15:00,6770.03,6794.95,6770.0,6791.0,85.579806
2018-04-05 05:20:00,6791.0,6810.0,6790.17,6795.01,92.193593
2018-04-05 05:25:00,6796.99,6815.0,6795.0,6806.02,86.064965
2018-04-05 05:30:00,6806.02,6819.8,6800.15,6816.99,112.937037
2018-04-05 05:35:00,6816.99,6830.0,6790.0,6792.98,109.477068
2018-04-05 05:40:00,6792.98,6799.99,6770.01,6778.0,108.220559
2018-04-05 05:45:00,6778.0,6813.77,6773.89,6811.0,120.506511
2018-04-05 05:50:00,6811.0,6818.01,6791.39,6818.01,154.475726
2018-04-05 05:55:00,6818.01,6870.0,6818.01,6865.0,276.363822
2018-04-05 06:00:00,6857.99,6865.0,6813.09,6816.16,406.774458
2018-04-05 06:05:00,6827.69,6830.0,6812.01,6812.02,122.258725
2018-04-05 06:10:00,6812.01,6840.0,6812.01,6828.27,127.487703
2018-04-05 06:15:00,6835.0,6840.0,6781.0,6793.11,156.378483
2018-04-05 06:20:00,6793.11,6801.6,6778.58,6799.96,108.263867
2018-04-05 06:25:00,6799.96,6807.96,6780.01,6782.0,82.484864
2018-04-05 06:30:00,6789.7,6804.61,6776.04,6800.0,64.095036
2018-04-05 06:35:00,6800.0,6818.88,6795.0,6801.01,83.623689
2018-04-05 06:40:00,6801.01,6818.0,6791.63,6800.0,89.466796
2018-04-05 06:45:00,6800.0,6808.0,6740.62,6755.0,215.663539
2018-04-05 06:50:00,6755.0,6763.55,6720.0,6744.01,150.152101
2018-04-05 06:55:00,6744.0,6767.0,6721.12,6748.89,167.00091
2018-04-05 07:00:00,6740.32,6748.89,6709.0,6721.42,163.952575
2018-04-05 07:05:00,6727.32,6758.0,6723.1,6758.0,95.633129
2018-04-05 07:10:00,6750.0,6776.08,6743.55,6765.65,160.870947
2018-04-05 07:15:00,6765.63,6788.01,6760.0,6787.08,108.640303
2018-04-05 07:20:00,6783.92,6808.0,6781.0,6794.69,188.678882
2018-04-05 07:25:00,6793.09,6795.6,6781.97,6794.97,93.586093
2018-04-05 07:30:00,6795.6,6827.17,6790.0,6823.0,159.22262
2018-04-05 07:35:00,6823.0,6837.0,6802.76,6810.0,148.631655
2018-04-05 07:40:00,6812.98,6819.29,6796.11,6809.01,122.536492
2018-04-05 07:45:00,6809.0,6828.77,6807.44,6815.0,129.127379
2018-04-05 07:50:00,6815.0,6822.1,6787.0,6796.92,216.311257
2018-04-05 07:55:00,6793.47,6797.0,6775.07,6792.52,87.240184
2018-04-05 08:00:00,6792.49,6807.68,6785.27,6790.23,137.379733
2018-04-05 08:05:00,6790.23,6800.62,6761.0,6782.18,239.952511
2018-04-05 08:10:00,6782.18,6850.0,6775.05,6840.0,301.81715
2018-04-05 08:15:00,6844.63,6848.88,6803.0,6811.96,153.636947
2018-04-05 08:20:00,6811.95,6823.0,6804.0,6822.0,108.992499
2018-04-05 08:25:00,6815.0,6833.36,6813.0,6833.34,87.538045
2018-04-05 08:30:00,6834.0,6850.0,6820.6,6837.01,135.971109
2018-04-05 08:35:00,6832.79,6881.0,6830.01,6871.99,267.61006
2018-04-05 08:40:00,6870.0,6900.22,6864.99,6890.01,215.152898
2018-04-05 08:45:00,6897.86,6897.94,6866.0,6874.99,181.357789
2018-04-05 08:50:00,6880.0,6902.0,6875.83,6895.0,156.97563
2018-04-05 08:55:00,6894.98,6895.0,6855.0,6866.0,142.92928
2018-04-05 09:00:00,6863.27,6888.08,6860.0,6880.96,93.122233
2018-04-05 09:05:00,6880.0,6880.96,6842.62,6854.96,141.968405
2018-04-05 09:10:00,6850.01,6859.99,6815.0,6839.96,183.99554
2018-04-05 09:15:00,6839.95,6847.93,6833.09,6837.0,70.555003
2018-04-05 09:20:00,6836.99,6859.99,6836.23,6849.45,97.669476
2018-04-05 09:25:00,6849.45,6849.45,6820.01,6835.96,137.158565
2018-04-05 09:30:00,6833.03,6835.96,6820.01,6828.99,51.29584
2018-04-05 09:35:00,6828.98,6857.68,6827.0,6848.99,99.184035
2018-04-05 09:40:00,6844.01,6865.0,6843.0,6855.96,96.342111
2018-04-05 09:45:00,6857.65,6872.09,6851.0,6851.02,93.760916
2018-04-05 09:50:00,6851.08,6862.0,6836.7,6840.01,115.607107
2018-04-05 09:55:00,6840.04,6855.57,6815.0,6837.99,108.001948
2018-04-05 10:00:00,6833.36,6838.36,6800.0,6800.0,122.049033
2018-04-05 10:05:00,6800.1,6801.88,6763.51,6775.22,200.276606
2018-04-05 10:10:00,6783.24,6789.53,6775.0,6780.01,76.994389
2018-04-05 10:15:00,6782.97,6814.0,6780.06,6805.98,179.583363
2018-04-05 10:20:00,6806.0,6806.0,6779.03,6780.08,82.199539
2018-04-05 10:25:00,6782.38,6784.7,6750.0,6760.94,163.708964
2018-04-05 10:30:00,6760.0,6779.0,6750.0,6770.0,91.243461
2018-04-05 10:35:00,6769.52,6790.08,6769.52,6785.0,98.659045
2018-04-05 10:40:00,6784.99,6805.0,6764.03,6799.66,122.424954
2018-04-05 10:45:00,6793.21,6813.0,6783.79,6805.99,98.200831
2018-04-05 10:50:00,6805.99,6808.0,6790.06,6792.52,59.04081
2018-04-05 10:55:00,6796.22,6799.99,6770.0,6787.0,67.455812
2018-04-05 11:00:00,6789.0,6796.0,6754.0,6761.03,74.742745
2018-04-05 11:05:00,6761.03,6774.0,6753.99,6771.58,98.596821
2018-04-05 11:10:00,6771.59,6785.0,6761.55,6779.38,43.936315
2018-04-05 11:15:00,6779.38,6788.5,6772.0,6787.0,55.652228
2018-04-05 11:20:00,6788.49,6814.0,6784.0,6800.08,117.884347
2018-04-05 11:25:00,6800.12,6809.0,6780.0,6780.0,102.241917
2018-04-05 11:30:00,6783.0,6803.99,6771.5,6793.58,68.471808
2018-04-05 11:35:00,6799.82,6800.01,6782.55,6796.0,86.652558
2018-04-05 11:40:00,6796.0,6799.0,6771.0,6771.0,115.072919
2018-04-05 11:45:00,6771.08,6798.98,6771.08,6798.6,68.689494
2018-04-05 11:50:00,6793.15,6799.81,6790.0,6794.99,59.614002
2018-04-05 11:55:00,6791.04,6794.96,6773.02,6779.0,68.24269
2018-04-05 12:00:00,6778.99,6780.0,6708.5,6720.01,257.758556
2018-04-05 12:05:00,6722.99,6749.0,6680.5,6701.0,565.864857
2018-04-05 12:10:00,6701.0,6705.01,6660.26,6677.96,290.815006
2018-04-05 12:15:00,6677.0,6694.73,6653.0,6655.0,198.46867
2018-04-05 12:20:00,6654.0,6674.65,6640.21,6670.0,220.231372
2018-04-05 12:25:00,6670.0,6686.0,6662.93,6670.0,144.715335
2018-04-05 12:30:00,6670.0,6705.99,6666.0,6676.29,256.756249
2018-04-05 12:35:00,6676.29,6679.86,6665.07,6678.77,77.751936
2018-04-05 12:40:00,6678.77,6690.27,6666.01,6668.0,139.497486
2018-04-05 12:45:00,6669.49,6671.0,6612.11,6636.0,243.61795
2018-04-05 12:50:00,6635.99,6670.16,6630.0,6654.99,137.942743
2018-04-05 12:55:00,6654.99,6671.0,6640.14,6652.98,97.227291
2018-04-05 13:00:00,6652.0,6681.27,6645.0,6652.69,96.915447
2018-04-05 13:05:00,6652.69,6668.99,6640.99,6650.0,103.866084
2018-04-05 13:10:00,6655.12,6657.93,6618.02,6631.03,241.229035
2018-04-05 13:15:00,6631.04,6659.9,6630.1,6654.99,82.700982
2018-04-05 13:20:00,6653.0,6667.0,6636.0,6667.0,216.782934
2018-04-05 13:25:00,6660.01,6669.0,6647.0,6655.99,66.133576
2018-04-05 13:30:00,6655.0,6678.98,6648.0,6675.0,81.835715
2018-04-05 13:35:00,6675.0,6676.7,6655.0,6660.76,80.462727
2018-04-05 13:40:00,6665.74,6805.07,6660.71,6794.97,385.922644
2018-04-05 13:45:00,6794.96,6850.0,6794.94,6831.0,523.619882
2018-04-05 13:50:00,6831.0,6837.77,6801.84,6837.74,242.532616
2018-04-05 13:55:00,6834.99,6841.0,6817.0,6823.73,160.009549
2018-04-05 14:00:00,6834.94,6836.0,6807.09,6808.87,131.126249
2018-04-05 14:05:00,6807.81,6825.0,6797.99,6814.99,227.116286
2018-04-05 14:10:00,6815.0,6899.0,6812.82,6899.0,413.208559
2018-04-05 14:15:00,6899.0,6899.0,6851.01,6854.26,286.746862
2018-04-05 14:20:00,6854.26,6874.0,6844.05,6859.0,187.912345
2018-04-05 14:25:00,6859.0,6860.0,6822.14,6836.59,139.695147
2018-04-05 14:30:00,6836.59,6850.0,6820.0,6825.0,137.454456
2018-04-05 14:35:00,6825.0,6829.0,6801.0,6828.78,174.962909
2018-04-05 14:40:00,6828.78,6836.89,6811.0,6811.24,130.626221
2018-04-05 14:45:00,6811.11,6835.0,6810.0,6811.04,115.516093
2018-04-05 14:50:00,6811.17,6830.0,6809.44,6815.0,106.607531
2018-04-05 14:55:00,6815.44,6822.0,6733.0,6750.64,290.994782
2018-04-05 15:00:00,6750.08,6755.0,6700.0,6710.67,285.561363
2018-04-05 15:05:00,6710.06,6744.94,6705.36,6718.02,223.453142
2018-04-05 15:10:00,6719.99,6752.98,6711.0,6750.0,112.375636
2018-04-05 15:15:00,6750.72,6765.27,6725.0,6733.95,117.333659
2018-04-05 15:20:00,6733.92,6733.99,6680.0,6723.29,244.503875
2018-04-05 15:25:00,6723.29,6744.01,6718.0,6733.21,87.767333
2018-04-05 15:30:00,6733.21,6749.08,6720.0,6730.05,107.69882
2018-04-05 15:35:00,6731.98,6739.0,6721.13,6728.02,107.300343
2018-04-05 15:40:00,6729.01,6776.4,6724.05,6756.04,123.859902
2018-04-05 15:45:00,6762.91,6770.5,6740.0,6758.36,140.396327
2018-04-05 15:50:00,6758.0,6772.55,6721.13,6731.56,78.978243
2018-04-05 15:55:00,6721.54,6750.0,6721.46,6749.53,82.680127
2018-04-05 16:00:00,6747.99,6763.23,6740.0,6758.08,61.690446
2018-04-05 16:05:00,6757.4,6758.0,6725.0,6726.17,66.87412
2018-04-05 16:10:00,6726.16,6735.98,6676.45,6688.89,275.835838
2018-04-05 16:15:00,6688.88,6697.74,6660.0,6668.0,263.132328
2018-04-05 16:20:00,6661.13,6695.0,6661.13,6681.0,122.851835
2018-04-05 16:25:00,6684.13,6700.0,6675.38,6696.62,69.107805
2018-04-05 16:30:00,6696.61,6705.25,6675.39,6699.56,121.982367
2018-04-05 16:35:00,6699.56,6765.0,6699.56,6745.0,239.367646
2018-04-05 16:40:00,6743.0,6750.0,6722.1,6738.0,89.439171
2018-04-05 16:45:00,6738.0,6744.49,6716.93,6734.0,61.527507
2018-04-05 16:50:00,6734.0,6750.0,6700.86,6730.0,154.144274
2018-04-05 16:55:00,6730.0,6740.0,6691.5,6715.0,104.287282
2018-04-05 17:00:00,6715.0,6733.05,6706.28,6721.12,84.388945
2018-04-05 17:05:00,6721.12,6739.89,6715.01,6731.72,79.473982
2018-04-05 17:10:00,6731.87,6732.0,6690.5,6692.0,83.991819
2018-04-05 17:15:00,6692.38,6723.63,6685.01,6723.63,84.339644
2018-04-05 17:20:00,6720.0,6790.0,6711.0,6745.69,211.731665
2018-04-05 17:25:00,6745.7,6763.36,6714.19,6750.88,138.425477
2018-04-05 17:30:00,6758.0,6763.0,6712.63,6716.05,98.125398
2018-04-05 17:35:00,6727.25,6736.99,6713.01,6725.18,47.401492
2018-04-05 17:40:00,6723.31,6739.99,6672.0,6679.85,178.081395
2018-04-05 17:45:00,6679.85,6709.74,6675.6,6704.99,100.612999
2018-04-05 17:50:00,6704.99,6739.5,6700.0,6711.0,201.83454
2018-04-05 17:55:00,6715.95,6722.0,6686.73,6695.0,68.25996
2018-04-05 18:00:00,6694.99,6716.88,6694.99,6702.0,65.285475
2018-04-05 18:05:00,6704.99,6730.77,6675.02,6730.77,103.168216
2018-04-05 18:10:00,6730.77,6733.37,6695.12,6709.99,92.025811
2018-04-05 18:15:00,6708.0,6741.0,6706.13,6726.01,88.548534
2018-04-05 18:20:00,6726.01,6733.96,6714.24,6723.03,110.001913
2018-04-05 18:25:00,6723.02,6733.0,6713.01,6729.9,49.257129
2018-04-05 18:30:00,6725.02,6754.95,6723.04,6732.01,111.782203
2018-04-05 18:35:00,6732.01,6732.01,6701.07,6715.0,76.199543
2018-04-05 18:40:00,6715.0,6740.0,6701.0,6721.0,71.426952
2018-04-05 18:45:00,6724.2,6739.34,6715.0,6715.05,40.596116
2018-04-05 18:50:00,6720.0,6722.39,6701.1,6717.89,49.199896
2018-04-05 18:55:00,6711.08,6717.89,6676.01,6700.0,132.371518
2018-04-05 19:00:00,6708.71,6720.35,6700.15,6709.85,61.794156
2018-04-05 19:05:00,6702.5,6747.99,6700.0,6730.0,120.827149
2018-04-05 19:10:00,6729.96,6730.0,6710.74,6719.79,45.463553
2018-04-05 19:15:00,6718.83,6722.66,6704.82,6712.0,68.462477
2018-04-05 19:20:00,6712.5,6722.66,6700.0,6722.53,149.275252
2018-04-05 19:25:00,6722.53,6743.5,6718.01,6730.0,105.123254
2018-04-05 19:30:00,6730.0,6788.0,6720.0,6781.87,149.210468
2018-04-05 19:35:00,6787.97,6798.5,6756.0,6798.5,174.431253
2018-04-05 19:40:00,6798.5,6800.0,6760.69,6763.19,84.857299
2018-04-05 19:45:00,6763.19,6770.5,6740.77,6749.11,99.599616
2018-04-05 19:50:00,6749.11,6778.9,6745.0,6778.9,54.545747
2018-04-05 19:55:00,6778.9,6780.0,6751.12,6760.96,73.942963
2018-04-05 20:00:00,6760.96,6773.99,6736.55,6763.74,98.472843
2018-04-05 20:05:00,6773.99,6773.99,6744.89,6750.0,58.866564
2018-04-05 20:10:00,6749.99,6783.0,6745.61,6767.82,108.442112
2018-04-05 20:15:00,6767.82,6783.0,6754.27,6769.79,80.580748
2018-04-05 20:20:00,6769.8,6771.21,6745.2,6763.39,43.827081
2018-04-05 20:25:00,6763.39,6778.67,6758.01,6776.74,39.42262
2018-04-05 20:30:00,6776.74,6780.03,6724.52,6740.0,132.146954
2018-04-05 20:35:00,6740.0,6753.49,6732.49,6742.0,54.551715
2018-04-05 20:40:00,6734.32,6759.06,6730.0,6759.06,57.349897
2018-04-05 20:45:00,6759.44,6765.03,6736.17,6750.0,74.949891
2018-04-05 20:50:00,6750.0,6755.28,6745.1,6749.05,79.922092
2018-04-05 20:55:00,6755.17,6770.85,6745.25,6752.01,70.161686
2018-04-05 21:00:00,6759.13,6764.99,6717.0,6726.5,116.920615
2018-04-05 21:05:00,6732.0,6734.98,6696.36,6708.87,158.237454
2018-04-05 21:10:00,6699.81,6708.76,6671.0,6695.0,209.050812
2018-04-05 21:15:00,6699.97,6723.36,6690.01,6714.1,83.846951
2018-04-05 21:20:00,6717.98,6727.48,6711.0,6716.0,77.580086
2018-04-05 21:25:00,6717.0,6730.0,6710.1,6723.99,76.995976
2018-04-05 21:30:00,6721.01,6725.0,6710.21,6712.0,48.325255
2018-04-05 21:35:00,6711.96,6719.82,6699.24,6716.23,127.455094
2018-04-05 21:40:00,6716.23,6733.98,6702.0,6718.01,61.766472
2018-04-05 21:45:00,6720.0,6724.74,6700.64,6708.01,64.570796
2018-04-05 21:50:00,6708.01,6723.0,6708.01,6721.87,45.761277
2018-04-05 21:55:00,6721.87,6723.99,6713.0,6713.0,29.299572
2018-04-05 22:00:00,6713.0,6748.3,6710.0,6735.07,91.092219
2018-04-05 22:05:00,6735.07,6765.0,6735.03,6750.77,91.660132
2018-04-05 22:10:00,6750.77,6780.0,6750.66,6765.15,55.854675
2018-04-05 22:15:00,6765.15,6771.99,6752.0,6757.12,38.961286
2018-04-05 22:20:00,6758.99,6771.99,6740.0,6746.69,65.220145
2018-04-05 22:25:00,6750.27,6761.0,6738.66,6747.88,80.110675
2018-04-05 22:30:00,6745.01,6770.0,6745.0,6770.0,92.745912
2018-04-05 22:35:00,6770.0,6806.55,6766.48,6806.0,196.33392
2018-04-05 22:40:00,6804.99,6806.0,6767.0,6785.51,89.669537
2018-04-05 22:45:00,6780.13,6793.65,6760.56,6781.2,111.94821
2018-04-05 22:50:00,6781.2,6838.8,6772.04,6822.44,183.170603
2018-04-05 22:55:00,6822.44,6829.0,6801.01,6816.0,114.224027
2018-04-05 23:00:00,6815.99,6823.9,6797.84,6809.99,89.704531
2018-04-05 23:05:00,6810.0,6840.0,6807.87,6826.98,123.585909
2018-04-05 23:10:00,6826.0,6826.99,6790.5,6800.0,108.857397
2018-04-05 23:15:00,6800.0,6814.99,6792.0,6800.0,78.61613
2018-04-05 23:20:00,6800.0,6801.0,6776.02,6777.47,95.032132
2018-04-05 23:25:00,6785.88,6810.37,6778.04,6793.0,79.87885
2018-04-05 23:30:00,6793.0,6803.9,6783.96,6784.0,59.949852
2018-04-05 23:35:00,6784.0,6795.0,6775.07,6792.0,71.216732
2018-04-05 23:40:00,6792.0,6799.98,6786.48,6798.64,108.177091
2018-04-05 23:45:00,6798.77,6809.32,6792.34,6806.5,48.660795
2018-04-05 23:50:00,6806.5,6812.57,6796.0,6805.47,51.769758
2018-04-05 23:55:00,6802.73,6805.47,6750.0,6770.76,95.1151
2018-04-06 00:00:00,6770.0,6790.0,6763.0,6790.0,62.302095
2018-04-06 00:05:00,6789.98,6797.77,6768.78,6789.99,42.304776
2018-04-06 00:10:00,6790.0,6797.19,6775.0,6787.56,51.34766
2018-04-06 00:15:00,6797.0,6820.0,6787.56,6810.0,85.889541
2018-04-06 00:20:00,6805.18,6820.05,6799.8,6814.93,71.100664
2018-04-06 00:25:00,6814.91,6818.99,6802.0,6818.0,45.718778
2018-04-06 00:30:00,6817.99,6820.0,6801.21,6805.0,64.24506
2018-04-06 00:35:00,6805.04,6813.66,6794.74,6799.12,41.499081
2018-04-06 00:40:00,6799.16,6821.31,6792.0,6812.22,48.860645
2018-04-06 00:45:00,6817.83,6850.0,6810.04,6828.93,136.530407
2018-04-06 00:50:00,6829.95,6835.0,6804.9,6820.47,67.035966
2018-04-06 00:55:00,6820.0,6833.84,6791.1,6807.05,96.454732
2018-04-06 01:00:00,6810.54,6835.0,6790.69,6831.31,73.761185
2018-04-06 01:05:00,6831.31,6834.71,6810.53,6828.29,44.143328
2018-04-06 01:10:00,6825.0,6830.0,6802.01,6802.01,42.277977
2018-04-06 01:15:00,6802.11,6807.98,6760.5,6776.0,127.90159
2018-04-06 01:20:00,6776.0,6783.99,6754.12,6775.0,82.543325
2018-04-06 01:25:00,6773.02,6794.35,6773.02,6783.01,44.86388
2018-04-06 01:30:00,6789.98,6793.57,6770.0,6790.09,49.584193
2018-04-06 01:35:00,6793.55,6793.56,6780.05,6786.0,24.014965
2018-04-06 01:40:00,6790.86,6805.15,6780.0,6801.01,90.069434
2018-04-06 01:45:00,6801.01,6805.99,6788.13,6793.42,112.21657
2018-04-06 01:50:00,6798.98,6799.0,6782.0,6789.98,105.084318
2018-04-06 01:55:00,6789.97,6822.96,6789.97,6800.0,88.783912
2018-04-06 02:00:00,6800.01,6823.62,6791.06,6811.49,61.904553
2018-04-06 02:05:00,6814.23,6827.98,6811.49,6813.75,50.748243
2018-04-06 02:10:00,6810.02,6813.43,6790.64,6795.01,68.803039
2018-04-06 02:15:00,6795.01,6800.0,6770.0,6781.01,74.360244
2018-04-06 02:20:00,6788.99,6788.99,6760.0,6769.98,161.997722
2018-04-06 02:25:00,6767.0,6778.52,6718.0,6739.42,191.716867
2018-04-06 02:30:00,6739.43,6755.0,6730.0,6750.09,98.090769
2018-04-06 02:35:00,6750.09,6778.02,6739.0,6752.81,87.564312
2018-04-06 02:40:00,6752.82,6770.75,6741.2,6765.02,60.682532
2018-04-06 02:45:00,6765.02,6790.0,6760.5,6763.48,79.211724
2018-04-06 02:50:00,6765.87,6777.99,6758.07,6769.99,75.307769
2018-04-06 02:55:00,6762.06,6774.0,6758.07,6768.97,69.842155
2018-04-06 03:00:00,6758.09,6768.91,6746.87,6751.91,92.952464
2018-04-06 03:05:00,6745.71,6764.99,6721.23,6752.98,390.620196
2018-04-06 03:10:00,6752.98,6755.01,6725.5,6750.89,190.970042
2018-04-06 03:15:00,6745.14,6755.58,6734.5,6754.98,78.08573
2018-04-06 03:20:00,6749.06,6757.58,6747.8,6753.86,55.352081
2018-04-06 03:25:00,6753.86,6753.93,6724.01,6737.08,116.491435
2018-04-06 03:30:00,6743.37,6753.93,6737.08,6746.99,44.712132
2018-04-06 03:35:00,6747.0,6769.9,6746.0,6763.04,69.748893
2018-04-06 03:40:00,6769.89,6780.0,6762.18,6774.91,95.598528
2018-04-06 03:45:00,6774.92,6780.99,6754.51,6767.94,87.677005
2018-04-06 03:50:00,6774.14,6779.98,6745.0,6751.07,60.24879
2018-04-06 03:55:00,6758.82,6768.99,6749.71,6760.0,58.626373
2018-04-06 04:00:00,6755.24,6793.8,6745.0,6774.02,128.323186
2018-04-06 04:05:00,6777.0,6792.59,6772.77,6783.02,57.522481
2018-04-06 04:10:00,6783.62,6805.0,6780.25,6786.91,106.208756
2018-04-06 04:15:00,6789.14,6789.15,6770.0,6780.08,53.261269
2018-04-06 04:20:00,6780.09,6798.0,6779.1,6794.52,45.686417
2018-04-06 04:25:00,6794.52,6807.99,6789.0,6791.04,76.58581
2018-04-06 04:30:00,6799.74,6799.74,6775.6,6785.0,137.833686
2018-04-06 04:35:00,6787.18,6806.99,6780.0,6790.6,103.869457
2018-04-06 04:40:00,6788.22,6795.0,6781.08,6785.15,48.82036
2018-04-06 04:45:00,6785.13,6803.0,6781.61,6786.88,55.248992
2018-04-06 04:50:00,6799.79,6810.0,6787.07,6793.99,64.224463
2018-04-06 04:55:00,6793.99,6805.39,6791.0,6797.02,61.273719
2018-04-06 05:00:00,6798.8,6806.81,6792.1,6797.01,91.201239
2018-04-06 05:05:00,6800.0,6848.0,6797.01,6810.5,284.292819
2018-04-06 05:10:00,6810.5,6826.0,6790.16,6790.85,93.795935
2018-04-06 05:15:00,6790.85,6809.0,6790.84,6800.0,39.000795
2018-04-06 05:20:00,6800.15,6820.0,6791.01,6813.45,76.197261
2018-04-06 05:25:00,6813.47,6814.42,6792.0,6800.48,91.053816
2018-04-06 05:30:00,6800.44,6800.44,6760.0,6777.23,157.400106
2018-04-06 05:35:00,6777.25,6785.04,6766.01,6771.08,56.079159
2018-04-06 05:40:00,6780.3,6781.97,6773.53,6780.06,47.930703
2018-04-06 05:45:00,6780.07,6794.99,6775.2,6781.01,44.362559
2018-04-06 05:50:00,6782.99,6793.92,6768.17,6779.97,59.963145
2018-04-06 05:55:00,6779.95,6782.19,6751.0,6754.09,86.514094
2018-04-06 06:00:00,6753.99,6755.08,6639.42,6649.1,687.149397
2018-04-06 06:05:00,6641.83,6665.33,6633.0,6644.0,366.601996
2018-04-06 06:10:00,6644.0,6648.45,6622.0,6644.97,320.526476
2018-04-06 06:15:00,6644.97,6663.07,6634.75,6640.11,182.118501
2018-04-06 06:20:00,6642.0,6654.0,6575.5,6575.5,534.488854
2018-04-06 06:25:00,6575.5,6580.91,6529.99,6530.36,566.6739
2018-04-06 06:30:00,6530.36,6580.74,6529.68,6561.0,475.930699
2018-04-06 06:35:00,6561.0,6574.0,6530.36,6555.46,296.836652
2018-04-06 06:40:00,6555.46,6568.64,6533.2,6566.98,158.213133
2018-04-06 06:45:00,6566.97,6590.0,6559.8,6569.99,238.621229
2018-04-06 06:50:00,6569.99,6579.6,6551.0,6564.07,123.559232
2018-04-06 06:55:00,6561.39,6593.93,6549.79,6593.93,188.366098
2018-04-06 07:00:00,6586.03,6617.0,6586.0,6608.0,181.934897
2018-04-06 07:05:00,6605.03,6607.97,6585.0,6594.0,105.189703
2018-04-06 07:10:00,6593.96,6595.0,6561.04,6563.01,106.735646
2018-04-06 07:15:00,6563.01,6584.8,6555.21,6578.0,90.082289
2018-04-06 07:20:00,6578.0,6586.94,6569.16,6579.99,79.5102
2018-04-06 07:25:00,6579.98,6599.0,6577.04,6594.01,97.99606
2018-04-06 07:30:00,6591.06,6598.0,6574.36,6574.36,98.816382
2018-04-06 07:35:00,6580.77,6581.48,6555.2,6574.04,90.881321
2018-04-06 07:40:00,6570.0,6577.5,6556.05,6576.43,132.7622
2018-04-06 07:45:00,6570.01,6604.91,6567.21,6590.0,118.942681
2018-04-06 07:50:00,6588.09,6660.0,6588.09,6640.64,230.524977
2018-04-06 07:55:00,6635.02,6640.68,6620.08,6622.05,67.065985
2018-04-06 08:00:00,6621.04,6622.05,6597.99,6598.01,184.071448
2018-04-06 08:05:00,6598.04,6605.97,6589.66,6605.93,113.318063
2018-04-06 08:10:00,6605.92,6620.0,6600.2,6615.98,95.405704
2018-04-06 08:15:00,6617.78,6618.85,6588.88,6602.0,117.169087
2018-04-06 08:20:00,6602.0,6606.09,6581.3,6587.04,135.907279
2018-04-06 08:25:00,6585.0,6594.98,6570.49,6586.83,144.341984
2018-04-06 08:30:00,6585.39,6594.9,6579.0,6594.0,123.152531
2018-04-06 08:35:00,6594.0,6610.01,6591.55,6602.84,161.137342
2018-04-06 08:40:00,6595.0,6602.82,6580.61,6590.0,75.729409
2018-04-06 08:45:00,6589.96,6590.0,6561.41,6579.0,190.872784
2018-04-06 08:50:00,6575.0,6596.09,6570.74,6582.98,74.52878
2018-04-06 08:55:00,6595.87,6600.0,6577.58,6595.01,62.127059
2018-04-06 09:00:00,6595.8,6599.67,6586.79,6589.79,24.95148
2018-04-06 09:05:00,6589.79,6597.88,6580.0,6580.0,107.873624
2018-04-06 09:10:00,6587.93,6595.0,6572.92,6576.04,94.12142
2018-04-06 09:15:00,6576.04,6591.95,6575.1,6575.1,83.288664
2018-04-06 09:20:00,6576.21,6582.66,6565.0,6574.9,130.862576
2018-04-06 09:25:00,6569.08,6574.89,6545.0,6548.0,146.624058
2018-04-06 09:30:00,6548.0,6566.53,6545.1,6561.97,71.975537
2018-04-06 09:35:00,6561.98,6588.94,6561.98,6570.21,68.582029
2018-04-06 09:40:00,6570.21,6575.5,6557.01,6570.69,57.33741
2018-04-06 09:45:00,6570.0,6595.0,6566.57,6585.0,92.066198
2018-04-06 09:50:00,6589.99,6594.0,6570.0,6570.73,64.741476
2018-04-06 09:55:00,6572.22,6580.01,6560.0,6571.98,90.336525
2018-04-06 10:00:00,6571.69,6584.99,6565.0,6569.0,73.77365
2018-04-06 10:05:00,6567.5,6588.86,6567.1,6577.99,73.582246
2018-04-06 10:10:00,6578.0,6578.5,6560.0,6575.64,104.143387
2018-04-06 10:15:00,6574.97,6585.0,6565.11,6579.0,74.991892
2018-04-06 10:20:00,6579.0,6584.94,6564.4,6575.01,87.097719
2018-04-06 10:25:00,6575.01,6580.0,6567.94,6569.51,45.603793
2018-04-06 10:30:00,6569.51,6574.8,6558.03,6573.86,70.565002
2018-04-06 10:35:00,6573.87,6579.98,6566.05,6579.97,70.598026
2018-04-06 10:40:00,6573.98,6581.0,6558.91,6563.7,47.868803
2018-04-06 10:45:00,6562.98,6574.0,6550.0,6550.0,110.40097
2018-04-06 10:50:00,6553.94,6570.0,6550.0,6560.0,55.477215
2018-04-06 10:55:00,6560.5,6564.6,6500.0,6502.0,371.09307
2018-04-06 11:00:00,6502.01,6544.84,6500.0,6544.84,265.187112
2018-04-06 11:05:00,6540.07,6623.0,6536.02,6591.89,401.602517
2018-04-06 11:10:00,6595.76,6657.86,6582.36,6627.25,289.819191
2018-04-06 11:15:00,6633.97,6635.8,6585.04,6612.12,259.462644
2018-04-06 11:20:00,6612.12,6619.89,6600.0,6606.0,110.554789
2018-04-06 11:25:00,6606.0,6618.0,6602.0,6605.03,87.946576
2018-04-06 11:30:00,6605.03,6629.22,6605.03,6620.78,93.972019
2018-04-06 11:35:00,6617.5,6620.78,6589.0,6604.97,111.834393
2018-04-06 11:40:00,6604.97,6605.4,6588.0,6589.03,61.23601
2018-04-06 11:45:00,6588.0,6619.99,6582.36,6602.89,108.263869
2018-04-06 11:50:00,6605.0,6611.91,6601.0,6601.99,41.416101
2018-04-06 11:55:00,6602.0,6613.8,6596.18,6600.0,46.366634
2018-04-06 12:00:00,6600.0,6605.09,6596.18,6602.98,41.251541
2018-04-06 12:05:00,6602.0,6603.0,6540.0,6549.04,247.299319
2018-04-06 12:10:00,6549.13,6576.5,6540.0,6570.08,142.74674
2018-04-06 12:15:00,6571.0,6575.9,6560.6,6570.0,41.805288
2018-04-06 12:20:00,6570.01,6573.49,6548.0,6551.38,84.668228
2018-04-06 12:25:00,6551.38,6562.64,6540.0,6554.0,78.83206
2018-04-06 12:30:00,6554.0,6597.0,6550.0,6575.62,92.323848
2018-04-06 12:35:00,6575.61,6584.98,6561.23,6572.25,38.522549
2018-04-06 12:40:00,6573.2,6587.86,6555.88,6577.94,61.541951
2018-04-06 12:45:00,6570.4,6585.98,6569.13,6585.94,80.571262
2018-04-06 12:50:00,6585.95,6603.0,6580.29,6600.03,76.611183
2018-04-06 12:55:00,6603.0,6619.21,6587.01,6598.97,115.722907
2018-04-06 13:00:00,6598.97,6599.0,6570.77,6579.0,96.920337
2018-04-06 13:05:00,6579.0,6589.81,6569.0,6586.0,78.111762
2018-04-06 13:10:00,6579.71,6600.0,6579.69,6588.24,112.951281
2018-04-06 13:15:00,6583.45,6589.0,6572.0,6575.34,77.091913
2018-04-06 13:20:00,6583.99,6590.92,6575.3,6590.0,38.834415
2018-04-06 13:25:00,6587.98,6600.0,6558.09,6562.79,75.40714
2018-04-06 13:30:00,6577.18,6586.85,6563.15,6576.01,80.412202
2018-04-06 13:35:00,6576.01,6586.0,6566.01,6584.85,52.955214
2018-04-06 13:40:00,6584.84,6591.08,6575.0,6579.99,60.313357
2018-04-06 13:45:00,6579.99,6609.63,6567.11,6588.0,112.365532
2018-04-06 13:50:00,6594.99,6599.9,6587.4,6588.99,40.905152
2018-04-06 13:55:00,6592.8,6634.88,6592.8,6608.0,179.890128
2018-04-06 14:00:00,6607.0,6608.0,6591.1,6598.03,98.917379
2018-04-06 14:05:00,6598.03,6599.0,6585.0,6588.0,59.64268
2018-04-06 14:10:00,6592.99,6610.0,6588.0,6610.0,72.412603
2018-04-06 14:15:00,6609.95,6610.0,6595.0,6597.0,86.801034
2018-04-06 14:20:00,6599.98,6608.72,6588.06,6598.09,76.514765
2018-04-06 14:25:00,6600.0,6619.94,6598.1,6612.0,75.274149
2018-04-06 14:30:00,6612.0,6629.0,6605.41,6616.08,106.778797
2018-04-06 14:35:00,6616.08,6623.99,6608.0,6614.67,80.795747
2018-04-06 14:40:00,6616.07,6616.08,6600.0,6604.0,78.706169
2018-04-06 14:45:00,6608.89,6610.0,6592.15,6606.47,71.765327
2018-04-06 14:50:00,6600.22,6606.44,6593.98,6595.85,86.772198
2018-04-06 14:55:00,6595.85,6603.99,6582.01,6590.0,70.610092
2018-04-06 15:00:00,6585.04,6599.0,6577.38,6595.0,129.6969
2018-04-06 15:05:00,6595.0,6603.0,6580.0,6582.92,63.767988
2018-04-06 15:10:00,6586.01,6597.04,6580.01,6582.07,45.495422
2018-04-06 15:15:00,6588.98,6597.45,6575.79,6578.04,69.070603
2018-04-06 15:20:00,6580.66,6592.0,6577.37,6588.98,56.70404
2018-04-06 15:25:00,6588.99,6589.0,6576.3,6587.95,37.482858
2018-04-06 15:30:00,6588.0,6588.0,6579.22,6587.0,66.032885
2018-04-06 15:35:00,6587.0,6587.0,6575.0,6580.0,61.97931
2018-04-06 15:40:00,6580.0,6590.98,6575.0,6589.99,81.199669
2018-04-06 15:45:00,6589.99,6590.0,6580.11,6583.92,50.497403
2018-04-06 15:50:00,6583.92,6585.0,6551.0,6559.99,148.354277
2018-04-06 15:55:00,6559.99,6585.0,6559.97,6580.01,86.497928
2018-04-06 16:00:00,6583.0,6602.0,6579.7,6587.19,122.647022
2018-04-06 16:05:00,6587.23,6594.8,6578.0,6578.0,57.621209
2018-04-06 16:10:00,6578.01,6592.0,6575.28,6589.98,46.401722
2018-04-06 16:15:00,6585.01,6589.98,6576.02,6580.02,55.083766
2018-04-06 16:20:00,6580.02,6591.0,6576.02,6591.0,52.656543
2018-04-06 16:25:00,6591.0,6600.0,6583.83,6591.01,50.805686
2018-04-06 16:30:00,6592.5,6604.99,6586.02,6594.63,52.891677
2018-04-06 16:35:00,6596.0,6623.94,6594.63,6603.45,190.813329
2018-04-06 16:40:00,6602.2,6603.45,6579.18,6584.04,108.8007
2018-04-06 16:45:00,6584.03,6595.96,6582.96,6595.95,46.662501
2018-04-06 16:50:00,6595.94,6597.87,6585.89,6593.99,66.687036
2018-04-06 16:55:00,6591.52,6609.69,6591.52,6601.0,56.822277
2018-04-06 17:00:00,6601.59,6619.86,6600.02,6609.74,53.104313
2018-04-06 17:05:00,6606.31,6615.43,6605.01,6612.96,34.829317
2018-04-06 17:10:00,6613.86,6620.99,6593.8,6598.03,135.021525
2018-04-06 17:15:00,6606.0,6606.0,6584.0,6590.99,57.329323
2018-04-06 17:20:00,6590.98,6600.0,6587.15,6594.97,38.98372
2018-04-06 17:25:00,6591.67,6598.0,6586.0,6586.66,38.861217
2018-04-06 17:30:00,6586.67,6609.0,6585.9,6595.32,83.510609
2018-04-06 17:35:00,6595.32,6602.62,6590.0,6593.02,50.191358
2018-04-06 17:40:00,6596.55,6596.55,6580.86,6592.0,84.675534
2018-04-06 17:45:00,6591.96,6600.0,6586.03,6591.69,44.764049
2018-04-06 17:50:00,6591.69,6615.0,6591.69,6601.0,94.256272
2018-04-06 17:55:00,6601.99,6612.0,6595.0,6609.75,48.590522
2018-04-06 18:00:00,6609.75,6613.0,6594.0,6609.0,69.414676
2018-04-06 18:05:00,6606.0,6610.99,6600.06,6608.99,69.522234
2018-04-06 18:10:00,6608.99,6615.0,6605.0,6609.08,58.780184
2018-04-06 18:15:00,6609.08,6620.99,6609.05,6619.94,69.036431
2018-04-06 18:20:00,6619.91,6627.0,6610.05,6614.76,97.869709
2018-04-06 18:25:00,6616.05,6619.0,6603.16,6614.0,56.008849
2018-04-06 18:30:00,6613.33,6614.43,6590.01,6592.0,77.340259
2018-04-06 18:35:00,6592.0,6598.3,6581.48,6585.95,99.680027
2018-04-06 18:40:00,6597.78,6605.38,6592.0,6595.0,43.384698
2018-04-06 18:45:00,6595.0,6600.01,6581.1,6590.58,77.056556
2018-04-06 18:50:00,6599.88,6600.0,6589.54,6590.64,50.079302
2018-04-06 18:55:00,6593.37,6593.37,6585.0,6589.0,31.417247
2018-04-06 19:00:00,6589.99,6592.97,6565.83,6581.0,157.765456
2018-04-06 19:05:00,6581.01,6599.84,6580.02,6594.84,65.281866
2018-04-06 19:10:00,6594.84,6605.0,6589.97,6597.31,40.887774
2018-04-06 19:15:00,6597.34,6604.12,6592.06,6595.01,74.024278
2018-04-06 19:20:00,6595.01,6603.0,6588.98,6596.97,32.881057
2018-04-06 19:25:00,6590.0,6607.03,6590.0,6604.63,63.076164
2018-04-06 19:30:00,6604.63,6606.0,6592.0,6592.0,41.762235
2018-04-06 19:35:00,6593.01,6610.0,6593.01,6610.0,46.936589
2018-04-06 19:40:00,6610.0,6614.98,6593.02,6608.02,45.749251
2018-04-06 19:45:00,6608.04,6614.0,6597.89,6609.0,83.996946
2018-04-06 19:50:00,6609.0,6610.5,6605.0,6609.01,52.958787
2018-04-06 19:55:00,6609.01,6623.0,6609.0,6618.39,88.268127
2018-04-06 20:00:00,6618.37,6622.72,6601.0,6606.98,85.316871
2018-04-06 20:05:00,6606.98,6609.99,6592.02,6596.01,49.469458
2018-04-06 20:10:00,6600.0,6608.99,6595.01,6596.01,50.255032
2018-04-06 20:15:00,6596.01,6618.4,6595.0,6610.0,68.793764
2018-04-06 20:20:00,6607.88,6609.67,6595.25,6596.17,24.826776
2018-04-06 20:25:00,6600.09,6609.0,6586.65,6589.82,80.436959
2018-04-06 20:30:00,6589.82,6595.98,6572.0,6581.01,79.444466
2018-04-06 20:35:00,6581.71,6599.9,6577.23,6585.24,58.836041
2018-04-06 20:40:00,6585.16,6598.34,6579.01,6597.84,45.161063
2018-04-06 20:45:00,6588.7,6597.84,6588.16,6591.01,18.308917
2018-04-06 20:50:00,6591.01,6594.11,6575.0,6583.28,33.331164
2018-04-06 20:55:00,6583.28,6595.0,6582.0,6589.73,18.198255
2018-04-06 21:00:00,6589.58,6600.0,6589.58,6595.91,44.639616
2018-04-06 21:05:00,6589.71,6597.0,6589.27,6597.0,33.455107
2018-04-06 21:10:00,6597.0,6600.0,6593.82,6596.91,37.33622
2018-04-06 21:15:00,6596.9,6609.67,6594.99,6599.0,77.916537
2018-04-06 21:20:00,6599.0,6600.0,6594.0,6597.73,23.134192
2018-04-06 21:25:00,6597.74,6607.99,6590.0,6590.06,50.276201
2018-04-06 21:30:00,6590.07,6607.0,6590.0,6596.0,30.143952
2018-04-06 21:35:00,6598.0,6607.0,6598.0,6603.99,33.065675
2018-04-06 21:40:00,6601.51,6606.98,6591.35,6595.01,41.639995
2018-04-06 21:45:00,6595.01,6619.24,6592.57,6609.98,62.845308
2018-04-06 21:50:00,6609.98,6612.35,6596.01,6605.0,58.078856
2018-04-06 21:55:00,6600.25,6607.97,6590.0,6590.97,17.706044
2018-04-06 22:00:00,6591.74,6600.11,6590.01,6600.01,56.146091
2018-04-06 22:05:00,6600.01,6604.98,6591.02,6594.11,13.26308
2018-04-06 22:10:00,6594.11,6599.0,6590.8,6594.99,33.615699
2018-04-06 22:15:00,6593.5,6605.25,6592.0,6602.0,52.234876
2018-04-06 22:20:00,6602.0,6608.0,6585.0,6605.24,65.188296
2018-04-06 22:25:00,6608.1,6609.0,6595.09,6600.01,31.199524
2018-04-06 22:30:00,6605.0,6609.94,6599.36,6606.28,63.939595
2018-04-06 22:35:00,6601.05,6607.0,6595.9,6597.0,37.934713
2018-04-06 22:40:00,6599.99,6604.89,6587.21,6591.46,41.273773
2018-04-06 22:45:00,6591.45,6600.06,6581.38,6581.76,66.723048
2018-04-06 22:50:00,6581.76,6590.0,6580.0,6584.97,70.635055
2018-04-06 22:55:00,6585.0,6585.0,6525.0,6525.26,363.934317
2018-04-06 23:00:00,6525.26,6567.38,6516.67,6559.95,213.726636
2018-04-06 23:05:00,6562.53,6570.68,6547.73,6569.0,107.785889
2018-04-06 23:10:00,6569.0,6607.51,6562.77,6596.32,167.373861
2018-04-06 23:15:00,6590.08,6600.0,6580.15,6595.0,51.04171
2018-04-06 23:20:00,6595.01,6600.62,6587.99,6588.09,38.044841
2018-04-06 23:25:00,6591.36,6597.0,6587.99,6590.07,23.035511
2018-04-06 23:30:00,6590.07,6596.0,6590.06,6595.98,22.222316
2018-04-06 23:35:00,6594.0,6595.99,6583.01,6593.0,43.04693
2018-04-06 23:40:00,6593.0,6600.0,6588.25,6594.9,85.155317
2018-04-06 23:45:00,6594.9,6595.0,6589.0,6593.0,37.904028
2018-04-06 23:50:00,6593.0,6595.96,6589.35,6595.96,40.725201
2018-04-06 23:55:00,6595.96,6610.0,6594.19,6601.39,71.823173
2018-04-07 00:00:00,6601.39,6607.44,6586.31,6586.41,86.821483
2018-04-07 00:05:00,6587.35,6602.0,6587.33,6601.09,32.738228
2018-04-07 00:10:00,6601.1,6602.0,6592.0,6600.81,60.8785
2018-04-07 00:15:00,6600.82,6600.89,6592.3,6594.99,64.536636
2018-04-07 00:20:00,6595.0,6606.7,6592.05,6604.38,55.366886
2018-04-07 00:25:00,6604.38,6610.0,6598.42,6600.0,59.080709
2018-04-07 00:30:00,6600.03,6615.93,6586.28,6604.82,105.224239
2018-04-07 00:35:00,6604.48,6609.99,6592.66,6594.0,56.549164
2018-04-07 00:40:00,6602.84,6602.84,6594.0,6597.9,49.489916
2018-04-07 00:45:00,6595.02,6609.0,6595.02,6604.99,56.89122
2018-04-07 00:50:00,6604.0,6610.0,6601.0,6607.97,41.503781
2018-04-07 00:55:00,6603.74,6633.85,6603.74,6625.0,151.992695
2018-04-07 01:00:00,6625.0,6789.0,6625.0,6758.14,973.592464
2018-04-07 01:05:00,6758.14,6790.77,6750.0,6775.98,393.91596
2018-04-07 01:10:00,6775.97,6799.0,6740.4,6782.72,255.977275
2018-04-07 01:15:00,6784.99,6789.85,6766.05,6777.0,103.476575
2018-04-07 01:20:00,6777.0,6782.99,6743.74,6752.92,136.528338
2018-04-07 01:25:00,6752.92,6775.6,6750.26,6775.25,82.980172
2018-04-07 01:30:00,6775.25,6817.0,6775.0,6794.0,340.51598
2018-04-07 01:35:00,6794.0,6796.0,6776.51,6785.0,120.989311
2018-04-07 01:40:00,6785.0,6878.9,6779.06,6850.01,631.515519
2018-04-07 01:45:00,6856.07,6875.0,6845.01,6845.13,181.962012
2018-04-07 01:50:00,6853.0,6854.0,6815.39,6836.02,176.56671
2018-04-07 01:55:00,6836.02,6840.01,6815.0,6830.0,158.153611
2018-04-07 02:00:00,6824.5,6845.0,6821.33,6824.0,94.751902
2018-04-07 02:05:00,6822.11,6824.97,6745.73,6800.0,276.248152
2018-04-07 02:10:00,6798.0,6836.99,6798.0,6823.02,193.609229
2018-04-07 02:15:00,6829.93,6831.0,6811.01,6817.77,125.533012
2018-04-07 02:20:00,6817.77,6820.0,6808.79,6818.0,80.454114
2018-04-07 02:25:00,6820.0,6849.0,6820.0,6835.99,154.592358
2018-04-07 02:30:00,6836.0,6849.86,6823.64,6834.0,70.492952
2018-04-07 02:35:00,6834.99,6835.0,6811.02,6820.0,35.366891
2018-04-07 02:40:00,6819.85,6820.0,6802.0,6817.95,93.080111
2018-04-07 02:45:00,6817.81,6827.0,6817.01,6821.8,31.005651
2018-04-07 02:50:00,6821.8,6843.48,6819.0,6831.0,78.756977
2018-04-07 02:55:00,6832.49,6835.0,6820.0,6823.02,41.853054
2018-04-07 03:00:00,6823.0,6833.0,6820.1,6830.0,106.26628
2018-04-07 03:05:00,6830.0,6830.66,6803.7,6811.2,109.134298
2018-04-07 03:10:00,6816.01,6829.99,6814.0,6819.0,65.09182
2018-04-07 03:15:00,6823.0,6825.32,6817.0,6819.0,38.219965
2018-04-07 03:20:00,6817.66,6835.11,6817.21,6827.3,95.294644
2018-04-07 03:25:00,6829.0,6835.0,6806.02,6812.0,131.084128
2018-04-07 03:30:00,6812.0,6827.4,6810.4,6822.17,91.243775
2018-04-07 03:35:00,6823.25,6837.0,6822.0,6830.0,59.783043
2018-04-07 03:40:00,6828.61,6840.86,6821.5,6829.98,160.271197
2018-04-07 03:45:00,6829.03,6840.0,6829.03,6834.99,92.477642
2018-04-07 03:50:00,6835.0,6874.49,6832.0,6862.87,242.098003
2018-04-07 03:55:00,6870.24,6880.0,6835.0,6864.32,241.599181
2018-04-07 04:00:00,6866.52,6866.52,6839.25,6850.02,160.20444
2018-04-07 04:05:00,6850.01,6864.0,6839.45,6851.19,88.885974
2018-04-07 04:10:00,6851.22,6860.0,6845.0,6851.25,98.421843
2018-04-07 04:15:00,6851.25,6858.29,6841.0,6847.7,96.725946
2018-04-07 04:20:00,6849.9,6849.9,6821.0,6822.05,149.683576
2018-04-07 04:25:00,6822.05,6840.0,6821.03,6838.0,61.805483
2018-04-07 04:30:00,6838.0,6840.0,6832.09,6832.09,88.991561
2018-04-07 04:35:00,6834.2,6834.25,6820.0,6822.58,97.721587
2018-04-07 04:40:00,6824.99,6848.21,6818.0,6835.0,104.628363
2018-04-07 04:45:00,6835.0,6845.0,6830.42,6839.04,43.161338
2018-04-07 04:50:00,6839.04,6851.01,6833.0,6845.09,83.135541
2018-04-07 04:55:00,6833.09,6850.0,6833.08,6849.99,56.810969
2018-04-07 05:00:00,6849.99,6855.66,6840.0,6842.01,65.820342
2018-04-07 05:05:00,6842.0,6849.25,6836.0,6841.19,57.518432
2018-04-07 05:10:00,6843.08,6844.99,6830.0,6844.99,97.962321
2018-04-07 05:15:00,6844.0,6848.0,6839.2,6847.96,27.809302
2018-04-07 05:20:00,6847.96,6848.94,6829.01,6829.01,40.760704
2018-04-07 05:25:00,6829.01,6840.74,6828.01,6832.0,40.549994
2018-04-07 05:30:00,6832.01,6837.32,6826.0,6836.94,84.408717
2018-04-07 05:35:00,6837.3,6844.0,6827.02,6838.99,125.61024
2018-04-07 05:40:00,6839.02,6880.79,6839.02,6854.03,241.408167
2018-04-07 05:45:00,6858.77,6860.99,6838.01,6842.02,80.484741
2018-04-07 05:50:00,6849.02,6855.17,6835.99,6855.17,137.854685
2018-04-07 05:55:00,6850.0,6850.0,6832.01,6839.03,77.780176
2018-04-07 06:00:00,6835.05,6857.77,6834.01,6853.0,131.097575
2018-04-07 06:05:00,6853.01,6858.99,6842.66,6850.1,80.626477
2018-04-07 06:10:00,6852.03,6870.0,6850.99,6866.0,95.155214
2018-04-07 06:15:00,6865.99,6867.96,6854.86,6861.0,83.134566
2018-04-07 06:20:00,6863.0,6873.12,6855.12,6869.12,104.798629
2018-04-07 06:25:00,6869.12,6875.0,6860.0,6868.0,78.503329
2018-04-07 06:30:00,6868.79,6888.0,6868.0,6881.0,174.784023
2018-04-07 06:35:00,6881.0,6883.0,6870.0,6874.0,59.532905
2018-04-07 06:40:00,6874.0,6878.55,6859.0,6869.08,48.798905
2018-04-07 06:45:00,6869.09,6880.0,6860.03,6866.2,70.646096
2018-04-07 06:50:00,6867.0,6870.99,6857.27,6869.72,69.126636
2018-04-07 06:55:00,6869.99,6870.0,6860.99,6866.28,47.94842
2018-04-07 07:00:00,6866.28,6869.99,6853.0,6863.34,38.03502
2018-04-07 07:05:00,6855.4,6860.0,6841.06,6847.94,74.306737
2018-04-07 07:10:00,6843.29,6867.42,6843.26,6858.0,117.206848
2018-04-07 07:15:00,6858.0,6867.42,6850.05,6860.0,131.209892
2018-04-07 07:20:00,6860.0,6867.37,6851.5,6863.81,205.717208
2018-04-07 07:25:00,6863.8,6877.08,6859.84,6862.27,179.991913
2018-04-07 07:30:00,6862.27,6873.0,6861.03,6871.0,134.238977
2018-04-07 07:35:00,6871.0,6875.1,6867.01,6872.0,48.558758
2018-04-07 07:40:00,6872.0,6872.9,6865.18,6870.01,77.257272
2018-04-07 07:45:00,6870.0,6872.0,6860.0,6862.0,56.020089
2018-04-07 07:50:00,6862.12,6880.57,6860.0,6873.06,136.12723
2018-04-07 07:55:00,6873.06,6881.0,6864.08,6864.08,100.607948
2018-04-07 08:00:00,6864.08,6876.0,6864.08,6874.28,38.398716
2018-04-07 08:05:00,6874.28,6897.76,6871.01,6872.51,160.798841
2018-04-07 08:10:00,6874.78,6899.0,6872.54,6895.0,198.940846
2018-04-07 08:15:00,6895.0,6899.02,6879.61,6899.0,201.850026
2018-04-07 08:20:00,6899.01,6929.86,6879.0,6894.76,325.818695
2018-04-07 08:25:00,6894.76,6909.5,6884.6,6896.05,84.88698
2018-04-07 08:30:00,6896.06,6919.54,6896.01,6915.0,224.938554
2018-04-07 08:35:00,6911.35,6929.0,6909.72,6920.0,146.740367
2018-04-07 08:40:00,6920.46,6920.46,6883.21,6890.01,139.181363
2018-04-07 08:45:00,6894.94,6906.89,6883.07,6903.0,131.093108
2018-04-07 08:50:00,6900.0,6909.26,6887.94,6887.94,92.605005
2018-04-07 08:55:00,6890.0,6899.01,6882.0,6882.02,63.487455
2018-04-07 09:00:00,6886.99,6887.79,6864.01,6872.0,109.939171
2018-04-07 09:05:00,6872.0,6872.0,6843.23,6857.33,179.195266
2018-04-07 09:10:00,6858.0,6867.0,6856.58,6865.0,70.773322
2018-04-07 09:15:00,6865.0,6870.98,6858.09,6865.0,66.35758
2018-04-07 09:20:00,6865.03,6865.07,6840.06,6850.0,156.250778
2018-04-07 09:25:00,6850.0,6857.28,6821.0,6825.04,153.993425
2018-04-07 09:30:00,6830.0,6848.99,6825.04,6838.0,98.60387
2018-04-07 09:35:00,6838.99,6860.0,6838.0,6841.01,75.468041
2018-04-07 09:40:00,6848.46,6860.0,6844.85,6850.06,64.374151
2018-04-07 09:45:00,6850.06,6865.08,6847.01,6847.01,70.831011
2018-04-07 09:50:00,6847.51,6849.99,6830.0,6840.0,75.192835
2018-04-07 09:55:00,6840.0,6849.85,6830.0,6849.85,90.605638
2018-04-07 10:00:00,6848.56,6857.98,6843.0,6845.01,78.261096
2018-04-07 10:05:00,6845.1,6848.96,6837.0,6842.01,54.057089
2018-04-07 10:10:00,6842.01,6847.92,6840.56,6846.0,49.403142
2018-04-07 10:15:00,6844.16,6867.12,6844.16,6864.9,70.590288
2018-04-07 10:20:00,6864.89,6876.0,6852.54,6852.61,140.31751
2018-04-07 10:25:00,6858.15,6863.19,6853.03,6863.0,23.299263
2018-04-07 10:30:00,6862.5,6866.02,6858.0,6861.05,43.524629
2018-04-07 10:35:00,6864.76,6877.15,6861.05,6875.83,75.519385
2018-04-07 10:40:00,6871.53,6875.82,6862.35,6867.01,73.723251
2018-04-07 10:45:00,6872.98,6873.15,6866.77,6871.99,57.299996
2018-04-07 10:50:00,6871.5,6879.0,6860.42,6872.0,93.705881
2018-04-07 10:55:00,6870.0,6872.21,6860.0,6860.0,77.958901
2018-04-07 11:00:00,6860.0,6869.86,6860.0,6867.88,36.49513
2018-04-07 11:05:00,6867.87,6867.87,6862.05,6865.99,38.613541
2018-04-07 11:10:00,6865.99,6867.82,6841.06,6850.82,65.657368
2018-04-07 11:15:00,6842.17,6860.86,6842.05,6852.99,40.135981
2018-04-07 11:20:00,6852.99,6863.29,6842.02,6854.0,53.354352
2018-04-07 11:25:00,6855.0,6857.93,6841.3,6848.8,48.222709
2018-04-07 11:30:00,6848.81,6860.0,6841.28,6859.97,78.685059
2018-04-07 11:35:00,6859.97,6860.0,6846.43,6852.22,67.387065
2018-04-07 11:40:00,6854.6,6857.0,6850.01,6854.02,33.626686
2018-04-07 11:45:00,6854.01,6855.0,6846.0,6849.99,77.585422
2018-04-07 11:50:00,6849.97,6866.63,6844.0,6863.85,91.43052
2018-04-07 11:55:00,6860.04,6863.93,6849.01,6862.04,97.575811
2018-04-07 12:00:00,6862.04,6870.03,6852.05,6870.03,106.618934
2018-04-07 12:05:00,6870.03,6872.55,6862.0,6869.02,75.022751
2018-04-07 12:10:00,6870.74,6878.0,6865.6,6870.03,58.712199
2018-04-07 12:15:00,6874.82,6877.76,6866.0,6868.5,43.249142
2018-04-07 12:20:00,6865.51,6869.95,6858.0,6864.0,43.607862
2018-04-07 12:25:00,6864.98,6865.55,6861.21,6865.01,39.388323
2018-04-07 12:30:00,6865.01,6872.4,6865.0,6865.05,48.33007
2018-04-07 12:35:00,6865.05,6879.22,6865.04,6878.99,111.352065
2018-04-07 12:40:00,6879.21,6884.0,6866.28,6873.01,118.758984
2018-04-07 12:45:00,6873.01,6874.0,6866.01,6869.99,45.301411
2018-04-07 12:50:00,6869.97,6884.72,6866.0,6881.98,97.482989
2018-04-07 12:55:00,6875.61,6888.0,6875.54,6887.99,88.163661
2018-04-07 13:00:00,6880.03,6888.0,6867.0,6872.0,117.867438
2018-04-07 13:05:00,6872.0,6879.99,6866.0,6869.26,50.515157
2018-04-07 13:10:00,6870.0,6880.0,6865.11,6880.0,107.850396
2018-04-07 13:15:00,6878.98,6880.12,6865.0,6869.67,64.010674
2018-04-07 13:20:00,6869.67,6876.55,6865.0,6875.0,95.980428
2018-04-07 13:25:00,6875.01,6880.0,6852.0,6861.0,87.618616
2018-04-07 13:30:00,6860.0,6860.0,6829.01,6840.0,150.496049
2018-04-07 13:35:00,6831.57,6853.0,6826.03,6847.0,129.098619
2018-04-07 13:40:00,6846.99,6850.0,6833.77,6839.97,104.166516
2018-04-07 13:45:00,6835.4,6842.96,6760.0,6781.77,549.081217
2018-04-07 13:50:00,6781.77,6848.98,6771.42,6838.0,262.726659
2018-04-07 13:55:00,6837.94,6851.98,6817.99,6840.0,131.998504
2018-04-07 14:00:00,6840.0,6862.99,6839.0,6849.87,125.056538
2018-04-07 14:05:00,6849.84,6854.93,6828.33,6844.99,117.756071
2018-04-07 14:10:00,6844.99,6850.0,6833.47,6848.44,42.080123
2018-04-07 14:15:00,6848.44,6850.0,6837.01,6844.94,52.274085
2018-04-07 14:20:00,6848.43,6854.0,6844.94,6850.0,45.579905
2018-04-07 14:25:00,6850.99,6855.9,6850.01,6855.9,75.40786
2018-04-07 14:30:00,6855.9,6869.01,6845.0,6850.01,94.747253
2018-04-07 14:35:00,6850.01,6868.93,6841.49,6860.01,43.417341
2018-04-07 14:40:00,6861.98,6865.0,6848.22,6850.01,49.182424
2018-04-07 14:45:00,6857.01,6868.93,6850.0,6868.93,36.768105
2018-04-07 14:50:00,6868.0,6869.0,6860.0,6860.12,36.795817
2018-04-07 14:55:00,6860.11,6860.11,6854.0,6859.0,26.347728
2018-04-07 15:00:00,6858.99,6864.01,6857.28,6861.01,55.904542
2018-04-07 15:05:00,6861.02,6868.0,6853.65,6863.98,68.012819
2018-04-07 15:10:00,6863.03,6867.96,6852.03,6860.0,43.323631
2018-04-07 15:15:00,6859.66,6860.37,6852.35,6859.99,64.693986
2018-04-07 15:20:00,6859.99,6875.0,6852.35,6872.85,58.057154
2018-04-07 15:25:00,6871.13,6985.0,6870.0,6974.01,691.9284
2018-04-07 15:30:00,6978.78,7014.01,6954.33,6961.46,703.895681
2018-04-07 15:35:00,6964.99,6993.37,6961.0,6975.01,186.542224
2018-04-07 15:40:00,6975.01,6978.0,6967.0,6976.9,130.332529
2018-04-07 15:45:00,6976.88,7030.55,6972.9,6990.0,493.640566
2018-04-07 15:50:00,6998.21,7022.11,6982.09,7008.44,269.140516
2018-04-07 15:55:00,7008.48,7033.99,7001.1,7010.0,240.004432
2018-04-07 16:00:00,7003.98,7070.0,6990.11,7046.36,463.312652
2018-04-07 16:05:00,7039.39,7050.0,7030.11,7044.0,207.690287
2018-04-07 16:10:00,7044.0,7066.13,7041.04,7052.99,249.446209
2018-04-07 16:15:00,7052.99,7054.99,7032.0,7040.23,183.795144
2018-04-07 16:20:00,7040.93,7053.0,7040.0,7051.55,118.476747
2018-04-07 16:25:00,7050.03,7061.04,7046.01,7046.06,183.823093
2018-04-07 16:30:00,7046.06,7050.01,7025.0,7031.05,180.234137
2018-04-07 16:35:00,7031.09,7045.94,7030.11,7044.99,74.666394
2018-04-07 16:40:00,7045.0,7045.0,7012.45,7016.99,123.972266
2018-04-07 16:45:00,7016.99,7029.9,6993.0,7017.99,299.773314
2018-04-07 16:50:00,7015.01,7022.0,7002.0,7010.05,155.056588
2018-04-07 16:55:00,7019.99,7039.0,7008.0,7030.0,104.272356
2018-04-07 17:00:00,7034.99,7039.0,7019.51,7023.0,102.234227
2018-04-07 17:05:00,7023.0,7033.87,7023.0,7030.0,134.649962
2018-04-07 17:10:00,7030.01,7038.5,7023.0,7035.0,148.315816
2018-04-07 17:15:00,7035.0,7041.47,7030.0,7030.0,93.198886
2018-04-07 17:20:00,7030.12,7031.09,7007.05,7011.01,103.535587
2018-04-07 17:25:00,7011.0,7020.0,7010.14,7013.01,88.203214
2018-04-07 17:30:00,7011.01,7015.0,7005.0,7005.5,106.313431
2018-04-07 17:35:00,7007.78,7011.0,6991.0,7006.0,216.303839
2018-04-07 17:40:00,7006.0,7010.0,6996.0,6996.11,100.690105
2018-04-07 17:45:00,6996.11,7003.0,6976.01,6991.03,208.211231
2018-04-07 17:50:00,6991.01,7018.99,6987.09,7010.15,130.120968
2018-04-07 17:55:00,7010.16,7020.78,7001.0,7004.96,89.638328
2018-04-07 18:00:00,7003.0,7017.0,7001.2,7013.5,101.444971
2018-04-07 18:05:00,7013.52,7014.95,6990.76,6990.76,99.593547
2018-04-07 18:10:00,6990.76,7007.92,6983.0,7000.77,130.305471
2018-04-07 18:15:00,7000.75,7007.0,6991.33,6996.34,61.213504
2018-04-07 18:20:00,6996.14,7000.0,6991.33,6993.98,80.265801
2018-04-07 18:25:00,6993.98,6994.99,6980.98,6983.0,61.553479
2018-04-07 18:30:00,6983.0,6997.97,6974.89,6980.99,101.872596
2018-04-07 18:35:00,6980.99,6995.99,6974.89,6981.79,103.1118
2018-04-07 18:40:00,6981.8,6985.53,6952.05,6970.01,134.18418
2018-04-07 18:45:00,6973.0,6978.0,6958.38,6962.02,101.405906
2018-04-07 18:50:00,6964.0,6985.0,6958.96,6980.01,85.085053
2018-04-07 18:55:00,6983.91,6990.0,6975.01,6985.71,69.757131
2018-04-07 19:00:00,6985.73,6989.0,6963.51,6966.02,76.214284
2018-04-07 19:05:00,6974.75,6985.0,6965.08,6983.0,47.073546
2018-04-07 19:10:00,6982.99,6990.9,6972.18,6975.15,144.995718
2018-04-07 19:15:00,6975.14,6987.0,6975.0,6985.0,44.84796
2018-04-07 19:20:00,6982.0,6984.92,6967.0,6972.0,94.951361
2018-04-07 19:25:00,6972.0,6984.98,6968.0,6979.01,76.516988
2018-04-07 19:30:00,6976.06,6981.05,6967.0,6972.0,58.122233
2018-04-07 19:35:00,6974.01,6980.0,6965.96,6965.96,61.275163
2018-04-07 19:40:00,6965.96,6983.0,6961.0,6975.01,61.33456
2018-04-07 19:45:00,6976.0,6980.93,6966.25,6974.98,79.585686
2018-04-07 19:50:00,6974.98,6986.0,6966.0,6980.01,47.442828
2018-04-07 19:55:00,6986.99,6989.0,6980.06,6988.99,32.366967
2018-04-07 20:00:00,6988.99,6990.0,6972.0,6974.98,43.632918
2018-04-07 20:05:00,6973.99,6991.39,6973.0,6991.39,64.049297
2018-04-07 20:10:00,6990.02,7015.44,6986.0,7006.06,171.293831
2018-04-07 20:15:00,7004.07,7006.06,6986.0,6989.99,70.19748
2018-04-07 20:20:00,6986.3,7019.56,6986.02,7009.23,75.008703
2018-04-07 20:25:00,7000.64,7019.56,6997.0,7011.5,74.185825
2018-04-07 20:30:00,7011.5,7019.55,7000.99,7001.26,106.977049
2018-04-07 20:35:00,7001.26,7010.0,7000.0,7005.02,81.421854
2018-04-07 20:40:00,7009.0,7009.0,6980.97,6986.29,64.013385
2018-04-07 20:45:00,6994.97,7000.0,6985.97,6998.04,37.814522
2018-04-07 20:50:00,6998.05,7006.01,6998.05,7005.0,55.98432
2018-04-07 20:55:00,7005.01,7018.0,7002.0,7009.0,80.628721
2018-04-07 21:00:00,7009.0,7009.0,6994.04,6998.98,23.616651
2018-04-07 21:05:00,6998.98,7002.22,6994.04,6997.0,38.593403
2018-04-07 21:10:00,6999.99,6999.99,6988.0,6992.57,69.515561
2018-04-07 21:15:00,6993.0,6993.0,6980.74,6982.84,44.286654
2018-04-07 21:20:00,6982.84,6994.0,6970.07,6985.58,79.341861
2018-04-07 21:25:00,6980.6,6990.0,6975.0,6987.94,36.141187
2018-04-07 21:30:00,6987.94,6993.0,6975.0,6975.0,43.971727
2018-04-07 21:35:00,6975.0,6979.99,6961.0,6970.08,67.58009
2018-04-07 21:40:00,6977.45,6980.0,6950.0,6953.0,122.115104
2018-04-07 21:45:00,6953.0,6973.0,6950.0,6971.9,36.967148
2018-04-07 21:50:00,6971.9,6973.0,6961.0,6971.0,68.223908
2018-04-07 21:55:00,6970.99,6984.01,6970.0,6975.0,81.43073
2018-04-07 22:00:00,6975.0,6980.0,6965.69,6970.01,26.683487
2018-04-07 22:05:00,6970.01,6979.99,6965.71,6979.0,35.989691
2018-04-07 22:10:00,6979.0,6980.01,6974.23,6978.8,33.78004
2018-04-07 22:15:00,6978.81,6980.0,6966.1,6979.98,48.837716
2018-04-07 22:20:00,6979.99,6990.0,6974.0,6974.52,63.04256
2018-04-07 22:25:00,6974.53,6980.0,6962.15,6963.01,59.773607
2018-04-07 22:30:00,6963.0,6971.01,6950.0,6963.19,88.636111
2018-04-07 22:35:00,6963.19,6964.96,6953.0,6957.01,62.853836
2018-04-07 22:40:00,6956.01,6959.99,6924.0,6937.02,207.468912
2018-04-07 22:45:00,6930.14,6946.56,6930.01,6943.99,45.905113
2018-04-07 22:50:00,6938.03,6952.69,6870.0,6919.82,232.361263
2018-04-07 22:55:00,6913.97,6930.0,6903.72,6923.99,127.685802
2018-04-07 23:00:00,6923.99,6938.23,6920.0,6934.92,73.67446
2018-04-07 23:05:00,6934.92,6935.96,6892.0,6899.95,166.109031
2018-04-07 23:10:00,6899.95,6915.19,6896.42,6900.0,82.170559
2018-04-07 23:15:00,6899.41,6900.0,6862.17,6878.0,198.922199
2018-04-07 23:20:00,6878.0,6879.99,6850.01,6876.73,163.388191
2018-04-07 23:25:00,6868.02,6885.0,6862.64,6879.0,76.815921
2018-04-07 23:30:00,6879.99,6887.53,6860.01,6862.26,56.528706
2018-04-07 23:35:00,6868.97,6874.0,6855.59,6863.95,40.632196
2018-04-07 23:40:00,6860.71,6893.31,6857.48,6890.95,76.518678
2018-04-07 23:45:00,6890.95,6893.31,6860.61,6879.99,51.624791
2018-04-07 23:50:00,6879.99,6897.27,6863.49,6897.22,52.048523
2018-04-07 23:55:00,6897.22,6898.0,6888.0,6895.8,38.505046
2018-04-08 00:00:00,6895.81,6909.66,6880.0,6908.99,67.562284
2018-04-08 00:05:00,6908.96,6943.74,6900.04,6920.16,127.749017
2018-04-08 00:10:00,6920.16,6927.82,6911.0,6919.99,61.307922
2018-04-08 00:15:00,6920.0,6927.74,6906.31,6927.74,46.042354
2018-04-08 00:20:00,6927.74,6987.15,6927.74,6950.06,184.113249
2018-04-08 00:25:00,6958.22,6958.22,6934.84,6946.89,55.647316
2018-04-08 00:30:00,6948.27,6951.88,6940.41,6943.31,50.142333
2018-04-08 00:35:00,6943.32,6950.99,6936.56,6945.0,63.924631
2018-04-08 00:40:00,6945.0,6961.35,6944.0,6961.35,54.364271
2018-04-08 00:45:00,6961.35,6975.0,6951.98,6964.94,71.617004
2018-04-08 00:50:00,6966.19,6975.01,6951.3,6959.98,60.41029
2018-04-08 00:55:00,6958.9,6972.7,6944.43,6949.99,63.630216
2018-04-08 01:00:00,6950.0,6965.0,6949.78,6961.0,30.926475
2018-04-08 01:05:00,6960.0,6980.45,6950.54,6961.44,59.325633
2018-04-08 01:10:00,6961.43,6961.43,6919.0,6938.03,117.807522
2018-04-08 01:15:00,6938.03,6938.05,6892.95,6918.62,152.429685
2018-04-08 01:20:00,6915.17,6931.24,6910.03,6921.2,67.033731
2018-04-08 01:25:00,6921.2,6926.5,6910.08,6925.0,42.38188
2018-04-08 01:30:00,6920.04,6927.86,6920.01,6920.03,35.915887
2018-04-08 01:35:00,6920.1,6929.9,6915.0,6918.92,59.786725
2018-04-08 01:40:00,6917.0,6926.96,6915.0,6919.01,26.2718
2018-04-08 01:45:00,6919.92,6940.0,6919.01,6936.0,39.843954
2018-04-08 01:50:00,6931.04,6942.3,6928.99,6934.04,42.688752
2018-04-08 01:55:00,6934.03,6942.1,6928.61,6930.09,31.960869
2018-04-08 02:00:00,6930.09,6937.0,6914.11,6923.01,83.468574
2018-04-08 02:05:00,6929.66,6930.38,6919.0,6926.0,41.85632
2018-04-08 02:10:00,6926.0,6930.71,6919.21,6930.02,31.980948
2018-04-08 02:15:00,6930.01,6941.86,6930.0,6933.22,45.786409
2018-04-08 02:20:00,6941.85,6958.98,6933.22,6952.82,67.810883
2018-04-08 02:25:00,6946.07,6955.99,6935.63,6948.96,46.095685
2018-04-08 02:30:00,6947.0,6948.97,6933.06,6948.97,54.795141
2018-04-08 02:35:00,6948.97,6965.0,6948.02,6950.16,61.004489
2018-04-08 02:40:00,6953.56,6958.84,6940.98,6957.83,38.545832
2018-04-08 02:45:00,6957.0,6957.96,6935.0,6939.99,53.386184
2018-04-08 02:50:00,6935.0,6939.99,6921.4,6924.79,75.793186
2018-04-08 02:55:00,6924.83,6940.99,6924.0,6935.01,26.200652
2018-04-08 03:00:00,6938.5,6948.65,6935.0,6948.65,28.28719
2018-04-08 03:05:00,6948.64,6949.0,6928.09,6938.56,42.655931
2018-04-08 03:10:00,6940.0,6944.42,6925.01,6925.01,49.11605
2018-04-08 03:15:00,6930.01,6956.85,6925.01,6948.0,78.557657
2018-04-08 03:20:00,6956.85,6956.97,6945.17,6950.02,35.063191
2018-04-08 03:25:00,6951.18,6955.0,6950.01,6950.21,29.66335
2018-04-08 03:30:00,6950.21,6955.99,6949.0,6953.96,50.644732
2018-04-08 03:35:00,6952.55,6956.0,6945.11,6949.98,37.995669
2018-04-08 03:40:00,6949.0,6949.99,6941.0,6948.7,34.740651
2018-04-08 03:45:00,6946.84,6949.01,6942.31,6949.01,19.58678
2018-04-08 03:50:00,6949.0,6955.0,6943.0,6954.96,34.825817
2018-04-08 03:55:00,6954.95,6965.0,6950.01,6964.98,62.849827
2018-04-08 04:00:00,6960.11,6966.0,6956.02,6964.04,42.261222
2018-04-08 04:05:00,6964.04,6966.0,6943.54,6963.5,44.352962
2018-04-08 04:10:00,6964.0,6964.0,6955.0,6956.01,34.361745
2018-04-08 04:15:00,6958.07,6970.0,6956.0,6970.0,36.80593
2018-04-08 04:20:00,6969.99,6985.0,6967.5,6984.57,101.147236
2018-04-08 04:25:00,6984.58,6995.02,6976.0,6986.86,115.210792
2018-04-08 04:30:00,6986.86,7010.0,6985.0,6994.05,143.169459
2018-04-08 04:35:00,6995.05,7010.0,6995.05,7002.99,92.366738
2018-04-08 04:40:00,7002.99,7007.06,6996.0,7001.0,103.180251
2018-04-08 04:45:00,7000.0,7003.0,6970.0,6977.99,61.082681
2018-04-08 04:50:00,6975.0,6984.75,6973.19,6979.95,35.864306
2018-04-08 04:55:00,6979.98,6981.49,6971.59,6971.6,74.746933
2018-04-08 05:00:00,6975.97,6988.15,6970.0,6985.02,32.453719
2018-04-08 05:05:00,6985.02,7050.0,6985.02,7005.01,204.070935
2018-04-08 05:10:00,7009.89,7015.0,6990.0,6992.14,90.564746
2018-04-08 05:15:00,6990.0,6994.89,6972.0,6982.21,35.30872
2018-04-08 05:20:00,6982.2,6984.0,6971.0,6972.03,76.335783
2018-04-08 05:25:00,6971.0,6971.0,6940.03,6946.99,124.968481
2018-04-08 05:30:00,6945.3,6960.0,6945.0,6951.99,92.694449
2018-04-08 05:35:00,6952.95,6953.9,6925.73,6943.0,78.321203
2018-04-08 05:40:00,6943.01,6944.58,6925.73,6939.88,71.960019
2018-04-08 05:45:00,6939.88,6946.78,6934.0,6946.78,49.520391
2018-04-08 05:50:00,6946.77,6960.0,6938.8,6952.02,55.015627
2018-04-08 05:55:00,6952.01,6953.5,6944.47,6952.0,49.564569
2018-04-08 06:00:00,6952.0,6962.98,6946.0,6946.02,32.600237
2018-04-08 06:05:00,6949.0,6949.0,6924.0,6942.87,63.360879
2018-04-08 06:10:00,6942.88,6955.0,6936.06,6950.0,59.948609
2018-04-08 06:15:00,6950.0,6953.5,6933.01,6943.99,41.119041
2018-04-08 06:20:00,6939.91,6957.13,6939.91,6942.29,39.434042
2018-04-08 06:25:00,6953.95,6955.0,6942.0,6950.34,22.274359
2018-04-08 06:30:00,6950.33,6952.97,6938.58,6941.97,53.256484
2018-04-08 06:35:00,6937.5,6943.75,6933.0,6933.0,46.817879
2018-04-08 06:40:00,6933.0,6935.01,6891.79,6900.0,170.245273
2018-04-08 06:45:00,6898.0,6931.27,6892.01,6917.97,82.547273
2018-04-08 06:50:00,6917.97,6938.97,6917.96,6930.0,34.868273
2018-04-08 06:55:00,6930.0,6934.5,6922.66,6926.01,51.773194
2018-04-08 07:00:00,6926.0,6946.0,6922.66,6944.0,36.904254
2018-04-08 07:05:00,6944.0,6952.32,6931.52,6944.98,51.880779
2018-04-08 07:10:00,6944.98,6948.4,6928.83,6940.0,72.509084
2018-04-08 07:15:00,6940.0,6941.92,6929.01,6938.99,48.247837
2018-04-08 07:20:00,6936.0,6952.0,6921.01,6947.93,82.252613
2018-04-08 07:25:00,6947.93,6957.0,6940.78,6951.0,88.790405
2018-04-08 07:30:00,6951.0,6954.95,6932.31,6945.0,35.387873
2018-04-08 07:35:00,6944.99,6946.98,6932.35,6944.99,22.315014
2018-04-08 07:40:00,6944.99,6949.0,6937.16,6942.06,33.562898
2018-04-08 07:45:00,6948.96,6950.0,6932.2,6935.58,22.804918
2018-04-08 07:50:00,6935.59,6940.0,6935.01,6939.94,29.389928
2018-04-08 07:55:00,6935.03,6944.99,6934.99,6939.0,30.802648
2018-04-08 08:00:00,6939.0,6944.98,6929.0,6929.23,86.319831
2018-04-08 08:05:00,6931.62,6950.0,6929.24,6946.0,37.631656
2018-04-08 08:10:00,6946.01,6950.0,6945.0,6946.0,51.15429
2018-04-08 08:15:00,6946.0,6953.2,6941.0,6942.02,46.508201
2018-04-08 08:20:00,6949.97,6953.66,6941.0,6945.4,19.813072
2018-04-08 08:25:00,6945.4,6952.45,6945.38,6947.12,31.792881
2018-04-08 08:30:00,6947.12,6955.0,6945.31,6948.01,46.843087
2018-04-08 08:35:00,6948.99,6954.0,6945.33,6948.49,41.272462
2018-04-08 08:40:00,6947.01,6948.48,6924.3,6937.51,91.103016
2018-04-08 08:45:00,6937.51,6952.06,6937.5,6948.03,25.37812
2018-04-08 08:50:00,6949.03,6975.5,6944.72,6970.0,73.154301
2018-04-08 08:55:00,6970.0,6976.99,6952.32,6962.98,69.169751
2018-04-08 09:00:00,6962.87,6966.98,6953.1,6965.0,53.073502
2018-04-08 09:05:00,6965.01,6981.0,6965.0,6979.8,55.578284
2018-04-08 09:10:00,6979.8,6979.8,6966.39,6975.99,48.203349
2018-04-08 09:15:00,6975.99,6980.47,6967.0,6980.02,95.188835
2018-04-08 09:20:00,6980.02,6987.41,6979.92,6987.11,68.263674
2018-04-08 09:25:00,6987.41,6993.0,6983.15,6990.79,80.717093
2018-04-08 09:30:00,6990.72,6994.3,6983.5,6990.88,69.485464
2018-04-08 09:35:00,6990.88,6990.9,6983.52,6988.01,62.365916
2018-04-08 09:40:00,6988.99,6996.0,6983.51,6986.5,60.219904
2018-04-08 09:45:00,6986.01,6997.0,6983.51,6994.96,52.895737
2018-04-08 09:50:00,6995.96,7028.0,6991.47,7013.25,286.939776
2018-04-08 09:55:00,7013.26,7015.0,6987.95,6999.0,136.913927
2018-04-08 10:00:00,6999.0,7003.0,6985.0,6991.0,55.994914
2018-04-08 10:05:00,6991.0,6997.56,6982.66,6994.97,40.502936
2018-04-08 10:10:00,6994.95,6995.01,6989.16,6995.0,40.793805
2018-04-08 10:15:00,6995.0,7019.38,6991.02,7012.94,140.459065
2018-04-08 10:20:00,7001.0,7025.29,7000.42,7016.69,175.978336
2018-04-08 10:25:00,7024.84,7027.02,7001.0,7015.64,277.683222
2018-04-08 10:30:00,7004.08,7020.0,7000.86,7007.98,99.156588
2018-04-08 10:35:00,7007.98,7022.27,7002.0,7011.01,77.537943
2018-04-08 10:40:00,7011.0,7025.01,7005.0,7016.37,161.358329
2018-04-08 10:45:00,7015.89,7016.54,6995.26,7003.0,93.1064
2018-04-08 10:50:00,7010.98,7020.0,6995.0,7000.0,102.66833
2018-04-08 10:55:00,7002.59,7006.94,6990.0,6994.15,143.641214
2018-04-08 11:00:00,6996.89,7003.0,6976.02,6999.46,195.053245
2018-04-08 11:05:00,6999.46,7011.0,6996.0,7006.77,74.590766
2018-04-08 11:10:00,7006.77,7009.0,6999.01,7005.0,69.197069
2018-04-08 11:15:00,7000.0,7005.0,6996.48,7004.96,64.477463
2018-04-08 11:20:00,7004.96,7010.0,6998.95,7005.0,60.595772
2018-04-08 11:25:00,7010.0,7012.93,7001.0,7009.65,53.705219
2018-04-08 11:30:00,7009.65,7033.39,7001.0,7028.07,149.618539
2018-04-08 11:35:00,7028.07,7032.95,7008.92,7015.0,151.308063
2018-04-08 11:40:00,7012.1,7030.0,7012.0,7030.0,143.42706
2018-04-08 11:45:00,7024.87,7034.0,7018.21,7025.4,124.468564
2018-04-08 11:50:00,7025.4,7049.99,7025.0,7048.91,96.40016
2018-04-08 11:55:00,7045.0,7100.0,7040.0,7099.85,526.057988
2018-04-08 12:00:00,7100.0,7100.02,7060.0,7073.09,348.292264
2018-04-08 12:05:00,7075.02,7080.66,7065.0,7074.99,95.14483
2018-04-08 12:10:00,7070.02,7109.13,7070.01,7093.98,224.961993
2018-04-08 12:15:00,7093.99,7107.7,7085.0,7095.07,146.865254
2018-04-08 12:20:00,7103.82,7108.9,7089.99,7096.74,139.22717
2018-04-08 12:25:00,7096.74,7104.0,7090.02,7100.56,79.782437
2018-04-08 12:30:00,7100.56,7102.0,7093.89,7095.0,61.670563
2018-04-08 12:35:00,7099.0,7099.96,7071.0,7079.97,93.410927
2018-04-08 12:40:00,7075.03,7094.0,7074.97,7085.0,86.978094
2018-04-08 12:45:00,7084.93,7085.1,7070.0,7075.0,75.588599
2018-04-08 12:50:00,7074.73,7079.98,7065.0,7072.68,91.330849
2018-04-08 12:55:00,7071.2,7086.74,7069.9,7084.97,55.454151
2018-04-08 13:00:00,7084.98,7084.99,7077.3,7082.02,67.017239
2018-04-08 13:05:00,7081.05,7084.0,7070.0,7075.0,61.798349
2018-04-08 13:10:00,7075.0,7078.99,7051.0,7059.0,85.702475
2018-04-08 13:15:00,7059.0,7070.0,7059.0,7064.98,51.067434
2018-04-08 13:20:00,7064.9,7064.99,7049.0,7053.0,77.275915
2018-04-08 13:25:00,7052.0,7069.87,7048.0,7069.82,61.180581
2018-04-08 13:30:00,7069.83,7078.01,7062.0,7077.96,67.239247
2018-04-08 13:35:00,7077.96,7078.0,7062.11,7067.87,52.754853
2018-04-08 13:40:00,7062.13,7072.0,7055.0,7059.49,47.341255
2018-04-08 13:45:00,7059.5,7071.0,7059.01,7065.99,28.840683
2018-04-08 13:50:00,7069.01,7077.75,7065.99,7068.99,53.875258
2018-04-08 13:55:00,7069.0,7072.8,7056.02,7060.01,69.217724
2018-04-08 14:00:00,7060.01,7070.0,7059.0,7063.01,48.672726
2018-04-08 14:05:00,7063.01,7076.98,7063.01,7075.02,63.02688
2018-04-08 14:10:00,7075.01,7076.0,7067.01,7072.97,66.991761
2018-04-08 14:15:00,7072.99,7076.0,7072.0,7073.97,60.714649
2018-04-08 14:20:00,7073.97,7073.97,7066.0,7066.06,61.080581
2018-04-08 14:25:00,7066.26,7071.0,7066.0,7068.99,73.745578
2018-04-08 14:30:00,7070.0,7071.01,7065.05,7065.09,80.260952
2018-04-08 14:35:00,7065.1,7068.44,7055.0,7055.0,85.85061
2018-04-08 14:40:00,7055.0,7060.0,7050.0,7050.27,82.765206
2018-04-08 14:45:00,7050.23,7050.27,7031.0,7042.0,163.66972
2018-04-08 14:50:00,7042.01,7051.7,7037.23,7044.0,100.587304
2018-04-08 14:55:00,7045.0,7045.0,7020.01,7024.0,73.569801
2018-04-08 15:00:00,7024.0,7038.0,7019.09,7031.06,83.372755
2018-04-08 15:05:00,7031.07,7049.9,7031.06,7038.02,72.126703
2018-04-08 15:10:00,7041.03,7045.0,7036.21,7038.0,42.919316
2018-04-08 15:15:00,7038.11,7050.24,7038.0,7047.01,109.881175
2018-04-08 15:20:00,7047.01,7067.67,7047.0,7063.01,104.849226
2018-04-08 15:25:00,7067.59,7070.01,7060.0,7067.0,91.658892
2018-04-08 15:30:00,7067.0,7075.0,7061.0,7061.01,145.167387
2018-04-08 15:35:00,7060.01,7062.0,7047.0,7061.46,40.11843
2018-04-08 15:40:00,7062.0,7069.31,7053.09,7061.0,38.193771
2018-04-08 15:45:00,7061.0,7061.0,7054.4,7059.99,73.289017
2018-04-08 15:50:00,7055.11,7060.0,7054.0,7055.1,46.499707
2018-04-08 15:55:00,7055.0,7058.01,7047.01,7049.93,93.276177
2018-04-08 16:00:00,7047.01,7049.93,7020.0,7021.87,128.873546
2018-04-08 16:05:00,7020.0,7021.87,6989.17,7014.94,367.636525
2018-04-08 16:10:00,7010.0,7015.0,7005.0,7010.01,91.846639
2018-04-08 16:15:00,7010.0,7011.31,6981.7,6982.02,158.990663
2018-04-08 16:20:00,6982.0,6991.0,6976.33,6990.0,170.311156
2018-04-08 16:25:00,6986.75,7000.03,6986.25,6998.98,86.969289
2018-04-08 16:30:00,6998.98,7015.06,6998.9,7008.0,70.877576
2018-04-08 16:35:00,7008.0,7015.0,6993.01,6995.0,68.035435
2018-04-08 16:40:00,6995.0,7000.0,6995.0,6997.05,50.51592
2018-04-08 16:45:00,6997.05,7007.34,6994.01,7000.65,61.040729
2018-04-08 16:50:00,7000.65,7006.99,6979.42,6985.0,77.497331
2018-04-08 16:55:00,6984.14,6992.88,6974.75,6980.0,97.25766
2018-04-08 17:00:00,6980.0,6988.98,6950.14,6953.0,149.933519
2018-04-08 17:05:00,6953.0,6959.0,6937.03,6957.0,204.747356
2018-04-08 17:10:00,6957.51,6969.06,6945.0,6962.01,95.195165
2018-04-08 17:15:00,6962.0,6984.0,6962.0,6975.84,58.400269
2018-04-08 17:20:00,6975.09,6986.6,6975.09,6977.0,45.802154
2018-04-08 17:25:00,6977.06,6987.0,6975.5,6976.27,58.487563
2018-04-08 17:30:00,6976.27,6998.9,6976.27,6997.99,40.3309
2018-04-08 17:35:00,6997.99,7006.96,6993.0,7006.95,84.971239
2018-04-08 17:40:00,7006.96,7014.73,7000.0,7003.0,78.595126
2018-04-08 17:45:00,7003.0,7005.59,6995.01,6999.99,44.677264
2018-04-08 17:50:00,6999.98,6999.98,6973.0,6988.79,64.319279
2018-04-08 17:55:00,6988.8,6999.99,6981.51,6999.0,69.945014
2018-04-08 18:00:00,6995.02,7007.0,6990.0,6999.96,133.577631
2018-04-08 18:05:00,6995.49,6999.97,6980.0,6990.15,166.45248
2018-04-08 18:10:00,6992.04,6993.96,6952.0,6963.99,83.916166
2018-04-08 18:15:00,6964.0,6982.0,6954.84,6970.4,82.883155
2018-04-08 18:20:00,6970.6,6999.0,6968.8,6999.0,61.861968
2018-04-08 18:25:00,6999.0,6999.98,6975.31,6993.0,71.955768
2018-04-08 18:30:00,6992.99,7000.0,6978.84,6995.1,77.115411
2018-04-08 18:35:00,6995.1,7014.86,6991.08,6991.08,67.26165
2018-04-08 18:40:00,6991.11,7002.42,6990.02,7001.0,31.632282
2018-04-08 18:45:00,7001.0,7011.01,7000.01,7009.0,41.492142
2018-04-08 18:50:00,7009.01,7009.01,6979.01,6999.0,80.35131
2018-04-08 18:55:00,6999.0,7005.0,6980.54,6999.99,49.403912
2018-04-08 19:00:00,6999.99,7009.49,6980.56,6987.97,106.735164
2018-04-08 19:05:00,6987.97,7005.43,6980.0,6992.0,63.900501
2018-04-08 19:10:00,6992.0,7010.6,6980.01,7005.01,60.712601
2018-04-08 19:15:00,7007.0,7010.2,6993.5,7002.99,36.300474
2018-04-08 19:20:00,6999.0,7003.0,6990.0,6999.75,34.92217
2018-04-08 19:25:00,6990.02,7002.0,6990.01,7002.0,32.320239
2018-04-08 19:30:00,7002.0,7005.0,6990.0,6997.89,27.972235
2018-04-08 19:35:00,6997.99,7009.99,6996.9,7003.0,90.1105
2018-04-08 19:40:00,7003.0,7003.0,6995.13,6998.0,49.49032
2018-04-08 19:45:00,6997.02,7000.0,6984.0,6992.49,58.507214
2018-04-08 19:50:00,6989.97,6990.0,6970.0,6970.45,87.770487
2018-04-08 19:55:00,6975.23,7000.4,6971.01,6994.42,74.518258
2018-04-08 20:00:00,6989.97,6997.99,6971.01,6979.0,56.988483
2018-04-08 20:05:00,6975.53,6979.0,6965.0,6978.0,75.643921
2018-04-08 20:10:00,6975.15,6984.7,6975.0,6983.96,36.998887
2018-04-08 20:15:00,6983.96,6983.97,6970.0,6971.23,56.552168
2018-04-08 20:20:00,6973.66,6982.01,6966.0,6970.73,50.84721
2018-04-08 20:25:00,6970.73,6970.76,6955.12,6963.99,36.011698
2018-04-08 20:30:00,6958.14,6975.96,6958.14,6969.95,41.130409
2018-04-08 20:35:00,6968.02,6979.0,6968.01,6976.0,29.935876
2018-04-08 20:40:00,6976.0,6978.0,6960.0,6965.63,35.451778
2018-04-08 20:45:00,6960.01,6965.67,6950.0,6958.19,59.860814
2018-04-08 20:50:00,6958.19,6970.0,6950.0,6950.01,42.932434
2018-04-08 20:55:00,6950.01,6956.0,6945.68,6947.01,64.352897
2018-04-08 21:00:00,6953.0,6964.0,6942.84,6959.98,63.114341
2018-04-08 21:05:00,6963.8,6969.93,6954.07,6958.0,46.443945
2018-04-08 21:10:00,6957.99,6970.0,6953.88,6964.99,65.859313
2018-04-08 21:15:00,6965.0,6970.0,6956.45,6959.97,23.729112
2018-04-08 21:20:00,6959.97,6970.0,6956.0,6964.99,40.069468
2018-04-08 21:25:00,6964.99,6970.0,6957.03,6968.0,29.31133
2018-04-08 21:30:00,6967.5,6978.03,6967.01,6977.99,29.204908
2018-04-08 21:35:00,6977.0,6980.0,6974.13,6978.89,41.718277
2018-04-08 21:40:00,6975.19,6992.0,6974.19,6986.83,78.934115
2018-04-08 21:45:00,6986.83,6990.84,6979.0,6980.04,40.814403
2018-04-08 21:50:00,6983.74,6986.0,6974.13,6982.01,74.931767
2018-04-08 21:55:00,6982.86,6994.0,6982.0,6992.0,48.627588
2018-04-08 22:00:00,6993.99,7035.0,6990.01,7030.0,155.614665
2018-04-08 22:05:00,7029.99,7035.0,7024.0,7031.68,60.949844
2018-04-08 22:10:00,7031.0,7040.99,7016.35,7024.0,75.003653
2018-04-08 22:15:00,7024.0,7025.51,7011.5,7025.51,40.008477
2018-04-08 22:20:00,7025.52,7035.0,7014.25,7024.99,57.044651
2018-04-08 22:25:00,7018.0,7032.99,7017.65,7032.0,22.585193
2018-04-08 22:30:00,7032.0,7032.97,7026.0,7026.01,22.780965
2018-04-08 22:35:00,7031.01,7038.0,7026.0,7038.0,42.443979
2018-04-08 22:40:00,7035.51,7050.0,7035.5,7045.13,70.732806
2018-04-08 22:45:00,7045.13,7053.09,7033.58,7046.0,73.8229
2018-04-08 22:50:00,7046.0,7046.0,7019.47,7029.73,76.738199
2018-04-08 22:55:00,7021.01,7029.7,7017.68,7027.0,38.05948
2018-04-08 23:00:00,7026.99,7028.95,6995.07,7007.85,96.231435
2018-04-08 23:05:00,7011.99,7029.1,7007.85,7027.89,79.941945
2018-04-08 23:10:00,7027.89,7029.07,7020.0,7024.9,57.413631
2018-04-08 23:15:00,7029.0,7029.0,7020.04,7021.06,19.829234
2018-04-08 23:20:00,7022.99,7024.01,6992.0,6995.0,47.104406
2018-04-08 23:25:00,6995.0,7018.79,6992.01,7006.0,33.849464
2018-04-08 23:30:00,7006.0,7022.14,7006.0,7018.7,47.949296
2018-04-08 23:35:00,7018.0,7018.7,7011.01,7011.7,21.853006
2018-04-08 23:40:00,7014.01,7017.0,7001.04,7005.0,20.39933
2018-04-08 23:45:00,7005.0,7011.0,6992.0,6996.03,77.618532
2018-04-08 23:50:00,6996.06,7013.62,6996.05,7012.99,78.138354
2018-04-08 23:55:00,7012.99,7030.0,7008.01,7018.0,71.581997
2018-04-09 00:00:00,7011.04,7041.55,7011.02,7041.55,94.942669
2018-04-09 00:05:00,7041.55,7044.85,7025.0,7025.0,95.336487
2018-04-09 00:10:00,7025.01,7059.99,7022.01,7057.0,181.57755
2018-04-09 00:15:00,7057.0,7059.99,7042.01,7049.9,63.096048
2018-04-09 00:20:00,7049.9,7064.89,7043.01,7061.01,70.142091
2018-04-09 00:25:00,7061.01,7064.84,7042.97,7054.01,77.101981
2018-04-09 00:30:00,7054.98,7074.0,7054.0,7074.0,102.923625
2018-04-09 00:35:00,7074.0,7090.0,7069.11,7089.0,124.687356
2018-04-09 00:40:00,7089.0,7090.0,7070.0,7089.9,141.533123
2018-04-09 00:45:00,7089.9,7098.17,7071.0,7071.01,179.609645
2018-04-09 00:50:00,7071.01,7090.0,7071.0,7085.0,87.41905
2018-04-09 00:55:00,7088.98,7095.0,7050.77,7060.0,144.79416
2018-04-09 01:00:00,7062.0,7094.0,7057.06,7081.01,91.440087
2018-04-09 01:05:00,7085.09,7092.0,7060.08,7084.97,102.737105
2018-04-09 01:10:00,7084.97,7090.0,7073.17,7077.65,44.930669
2018-04-09 01:15:00,7083.99,7094.0,7077.66,7092.11,75.846175
2018-04-09 01:20:00,7093.99,7095.0,7075.16,7082.98,67.28245
2018-04-09 01:25:00,7082.0,7095.01,7072.8,7093.31,83.590569
2018-04-09 01:30:00,7093.31,7131.0,7088.51,7121.54,285.630821
2018-04-09 01:35:00,7121.54,7139.0,7111.0,7111.24,175.914543
2018-04-09 01:40:00,7111.26,7125.42,7111.01,7120.0,107.605618
2018-04-09 01:45:00,7124.9,7131.09,7114.0,7127.01,121.200662
2018-04-09 01:50:00,7127.01,7130.56,7113.01,7113.01,127.831767
2018-04-09 01:55:00,7113.01,7120.0,7094.66,7120.0,104.968159
2018-04-09 02:00:00,7120.0,7157.87,7119.99,7153.08,216.096729
2018-04-09 02:05:00,7145.02,7154.0,7137.0,7140.0,101.718099
2018-04-09 02:10:00,7141.01,7146.99,7125.0,7142.24,103.905604
2018-04-09 02:15:00,7145.0,7145.0,7125.0,7140.87,113.544306
2018-04-09 02:20:00,7140.87,7163.0,7140.0,7161.86,194.132259
2018-04-09 02:25:00,7161.86,7163.0,7150.0,7150.1,88.422516
2018-04-09 02:30:00,7156.0,7163.84,7150.0,7162.99,91.830266
2018-04-09 02:35:00,7162.99,7165.21,7140.26,7143.43,198.256949
2018-04-09 02:40:00,7143.43,7156.53,7113.42,7124.15,166.295471
2018-04-09 02:45:00,7130.01,7140.0,7120.76,7134.0,109.327202
2018-04-09 02:50:00,7134.0,7137.98,7097.31,7120.0,142.068746
2018-04-09 02:55:00,7111.53,7120.72,7098.88,7104.66,137.232062
2018-04-09 03:00:00,7104.66,7119.99,7100.19,7115.02,94.204108
2018-04-09 03:05:00,7116.0,7120.0,7103.58,7106.99,63.699864
2018-04-09 03:10:00,7106.03,7110.0,7070.02,7070.15,109.340811
2018-04-09 03:15:00,7072.29,7084.0,7061.01,7064.02,147.154602
2018-04-09 03:20:00,7068.0,7070.05,7055.0,7060.0,140.845164
2018-04-09 03:25:00,7060.01,7119.96,7060.0,7101.99,104.822192
2018-04-09 03:30:00,7100.0,7110.08,7080.0,7085.77,73.656704
2018-04-09 03:35:00,7097.92,7110.0,7085.33,7109.01,69.183098
2018-04-09 03:40:00,7109.01,7110.0,7090.22,7098.01,66.943253
2018-04-09 03:45:00,7098.02,7102.83,7092.34,7098.0,78.991245
2018-04-09 03:50:00,7098.0,7115.0,7093.01,7113.99,103.000761
2018-04-09 03:55:00,7113.98,7133.99,7113.98,7131.85,87.592247
2018-04-09 04:00:00,7131.78,7132.99,7109.15,7119.03,60.902656
2018-04-09 04:05:00,7119.51,7125.99,7113.99,7125.0,77.292044
2018-04-09 04:10:00,7125.0,7125.98,7117.29,7121.99,64.637511
2018-04-09 04:15:00,7121.99,7131.75,7113.0,7125.8,64.771095
2018-04-09 04:20:00,7125.8,7145.89,7125.8,7138.36,123.879252
2018-04-09 04:25:00,7138.51,7160.0,7138.51,7153.23,188.506421
2018-04-09 04:30:00,7153.23,7155.0,7130.43,7148.97,126.741762
2018-04-09 04:35:00,7143.94,7149.99,7132.77,7139.05,96.232986
2018-04-09 04:40:00,7143.51,7145.0,7109.52,7123.01,120.223608
2018-04-09 04:45:00,7132.0,7132.01,7107.17,7110.0,77.094252
2018-04-09 04:50:00,7107.17,7137.79,7093.69,7130.0,94.303092
2018-04-09 04:55:00,7136.0,7147.86,7125.57,7139.92,123.69495
2018-04-09 05:00:00,7136.7,7142.99,7112.49,7122.0,74.72142
2018-04-09 05:05:00,7115.13,7125.99,7112.44,7121.0,37.03543
2018-04-09 05:10:00,7121.01,7127.79,7112.4,7127.78,62.711611
2018-04-09 05:15:00,7127.75,7127.76,7117.01,7124.0,44.65692
2018-04-09 05:20:00,7124.98,7127.59,7112.05,7112.05,72.85616
2018-04-09 05:25:00,7113.0,7117.01,7104.99,7115.0,42.502216
2018-04-09 05:30:00,7115.0,7125.0,7109.11,7120.01,50.290732
2018-04-09 05:35:00,7120.01,7124.0,7113.67,7121.99,39.969436
2018-04-09 05:40:00,7121.99,7124.65,7110.57,7111.23,56.192418
2018-04-09 05:45:00,7111.84,7120.92,7107.0,7120.0,30.870885
2018-04-09 05:50:00,7115.2,7126.05,7113.74,7121.0,39.928996
2018-04-09 05:55:00,7121.0,7121.5,7105.0,7113.94,48.54672
2018-04-09 06:00:00,7115.0,7121.0,7102.56,7105.0,86.063554
2018-04-09 06:05:00,7113.99,7113.99,7090.0,7102.97,126.518297
2018-04-09 06:10:00,7102.97,7111.0,7086.14,7089.0,75.498806
2018-04-09 06:15:00,7089.0,7102.9,7084.0,7091.21,83.041841
2018-04-09 06:20:00,7091.21,7102.35,7088.1,7090.0,70.12761
2018-04-09 06:25:00,7090.0,7098.0,7089.0,7093.21,92.526879
2018-04-09 06:30:00,7093.21,7113.89,7090.0,7109.21,66.129673
2018-04-09 06:35:00,7109.21,7122.0,7091.57,7122.0,78.099332
2018-04-09 06:40:00,7122.01,7132.0,7115.0,7120.86,53.232436
2018-04-09 06:45:00,7128.0,7131.95,7110.01,7120.99,106.312299
2018-04-09 06:50:00,7118.04,7120.99,7104.14,7113.0,32.301209
2018-04-09 06:55:00,7110.0,7127.77,7110.0,7120.0,20.844529
2018-04-09 07:00:00,7116.16,7124.9,7116.16,7120.0,30.8061
2018-04-09 07:05:00,7120.0,7134.97,7119.99,7124.01,107.887109
2018-04-09 07:10:00,7124.01,7130.97,7120.0,7127.86,48.90327
2018-04-09 07:15:00,7127.86,7140.0,7122.0,7136.99,56.404328
2018-04-09 07:20:00,7136.0,7145.0,7133.25,7135.0,67.12093
2018-04-09 07:25:00,7135.0,7144.9,7133.25,7135.99,108.672085
2018-04-09 07:30:00,7135.99,7139.92,7131.25,7137.76,67.041568
2018-04-09 07:35:00,7137.76,7141.99,7124.1,7125.02,69.62797
2018-04-09 07:40:00,7124.11,7129.98,7112.0,7119.99,93.437228
2018-04-09 07:45:00,7119.99,7129.0,7115.0,7122.0,31.132547
2018-04-09 07:50:00,7125.34,7130.99,7122.0,7128.99,42.755776
2018-04-09 07:55:00,7129.0,7135.19,7125.0,7125.0,47.878918
2018-04-09 08:00:00,7129.79,7148.0,7125.01,7146.73,94.291425
2018-04-09 08:05:00,7146.73,7170.0,7140.17,7146.25,243.383229
2018-04-09 08:10:00,7149.41,7156.5,7137.01,7150.0,97.780277
2018-04-09 08:15:00,7150.0,7166.66,7144.03,7160.1,60.361901
2018-04-09 08:20:00,7166.65,7170.02,7151.0,7158.0,131.722698
2018-04-09 08:25:00,7158.0,7158.98,7133.0,7144.0,67.129698
2018-04-09 08:30:00,7141.0,7154.72,7140.04,7145.0,70.349497
2018-04-09 08:35:00,7148.0,7150.0,7136.22,7136.99,55.589045
2018-04-09 08:40:00,7136.99,7149.08,7135.11,7145.14,68.549591
2018-04-09 08:45:00,7145.13,7164.99,7145.01,7158.9,52.157891
2018-04-09 08:50:00,7158.9,7170.92,7152.01,7161.01,96.88957
2018-04-09 08:55:00,7161.01,7169.99,7161.0,7167.0,57.205305
2018-04-09 09:00:00,7167.0,7185.0,7146.0,7154.99,218.594841
2018-04-09 09:05:00,7155.5,7168.73,7150.0,7152.03,73.470097
2018-04-09 09:10:00,7152.02,7152.03,7132.0,7137.03,99.358321
2018-04-09 09:15:00,7137.03,7143.99,7133.0,7133.0,59.065334
2018-04-09 09:20:00,7134.36,7145.0,7127.87,7137.01,58.68762
2018-04-09 09:25:00,7140.0,7140.0,7084.48,7107.0,204.407819
2018-04-09 09:30:00,7107.0,7120.0,7089.94,7101.0,105.958559
2018-04-09 09:35:00,7092.43,7101.0,7072.0,7083.9,133.057356
2018-04-09 09:40:00,7083.9,7093.97,7072.0,7091.01,122.293305
2018-04-09 09:45:00,7091.01,7098.96,7080.23,7094.0,86.815517
2018-04-09 09:50:00,7094.0,7108.71,7090.01,7098.0,58.516106
2018-04-09 09:55:00,7098.0,7099.99,7075.1,7076.0,51.160647
2018-04-09 10:00:00,7076.0,7083.0,7058.0,7060.02,177.051846
2018-04-09 10:05:00,7060.02,7070.0,7041.99,7066.56,186.807262
2018-04-09 10:10:00,7060.9,7066.6,7018.0,7027.2,161.016691
2018-04-09 10:15:00,7026.44,7027.33,6862.07,6870.0,960.038789
2018-04-09 10:20:00,6863.07,6877.17,6783.61,6840.37,1024.901393
2018-04-09 10:25:00,6841.0,6872.93,6765.81,6780.0,600.677846
2018-04-09 10:30:00,6780.0,6839.69,6780.0,6800.0,581.480436
2018-04-09 10:35:00,6799.0,6836.99,6794.0,6814.8,446.273533
2018-04-09 10:40:00,6814.8,6833.0,6805.02,6816.21,186.249727
2018-04-09 10:45:00,6819.98,6825.0,6773.01,6823.99,471.590396
2018-04-09 10:50:00,6822.01,6833.0,6810.0,6811.0,171.57851
2018-04-09 10:55:00,6811.55,6812.7,6779.66,6782.0,262.852916
2018-04-09 11:00:00,6782.99,6782.99,6707.0,6745.97,619.81876
2018-04-09 11:05:00,6745.96,6799.5,6738.0,6765.0,320.990878
2018-04-09 11:10:00,6761.22,6772.0,6734.49,6747.0,183.95832
2018-04-09 11:15:00,6747.0,6751.0,6691.18,6694.86,396.937515
2018-04-09 11:20:00,6699.33,6767.43,6691.18,6748.26,379.254498
2018-04-09 11:25:00,6749.99,6765.43,6732.71,6762.0,169.312599
2018-04-09 11:30:00,6764.85,6767.0,6741.0,6745.0,177.55636
2018-04-09 11:35:00,6741.01,6769.42,6735.01,6757.01,134.939516
2018-04-09 11:40:00,6764.0,6770.0,6734.0,6760.0,215.649579
2018-04-09 11:45:00,6768.39,6775.9,6746.58,6760.0,81.069497
2018-04-09 11:50:00,6760.0,6766.46,6746.57,6764.89,95.621923
2018-04-09 11:55:00,6764.89,6765.72,6740.0,6745.0,99.989756
2018-04-09 12:00:00,6740.0,6774.0,6726.77,6760.0,145.006382
2018-04-09 12:05:00,6753.24,6792.0,6753.24,6778.0,101.762715
2018-04-09 12:10:00,6778.01,6788.99,6743.26,6746.51,236.283129
2018-04-09 12:15:00,6745.0,6750.39,6697.09,6742.1,555.215183
2018-04-09 12:20:00,6742.0,6761.13,6735.0,6752.98,124.595112
2018-04-09 12:25:00,6752.98,6765.7,6696.3,6734.23,503.892391
2018-04-09 12:30:00,6734.23,6749.5,6728.4,6743.0,131.980398
2018-04-09 12:35:00,6743.01,6747.0,6676.5,6723.99,393.59941
2018-04-09 12:40:00,6723.99,6724.0,6705.0,6710.0,110.998926
2018-04-09 12:45:00,6705.0,6723.22,6697.0,6709.99,167.604406
2018-04-09 12:50:00,6709.01,6748.0,6709.0,6738.45,106.858359
2018-04-09 12:55:00,6738.46,6762.09,6729.34,6740.0,163.013386
2018-04-09 13:00:00,6739.99,6750.03,6722.46,6723.03,73.947059
2018-04-09 13:05:00,6723.03,6759.0,6723.03,6752.0,92.956353
2018-04-09 13:10:00,6754.0,6754.0,6736.06,6745.0,66.449255
2018-04-09 13:15:00,6744.99,6744.99,6723.0,6728.96,65.883614
2018-04-09 13:20:00,6728.96,6745.0,6714.03,6744.98,108.011932
2018-04-09 13:25:00,6744.22,6764.0,6744.0,6760.0,115.301281
2018-04-09 13:30:00,6760.0,6763.99,6740.0,6740.0,128.886273
2018-04-09 13:35:00,6740.0,6742.98,6727.0,6732.98,87.046674
2018-04-09 13:40:00,6731.3,6756.97,6727.0,6745.12,110.936758
2018-04-09 13:45:00,6746.05,6746.05,6735.39,6743.99,70.787585
2018-04-09 13:50:00,6740.01,6746.0,6714.0,6721.0,200.802229
2018-04-09 13:55:00,6721.01,6734.98,6720.41,6730.88,76.510466
2018-04-09 14:00:00,6730.9,6732.01,6686.5,6686.53,269.516202
2018-04-09 14:05:00,6686.53,6716.98,6680.0,6685.0,304.032355
2018-04-09 14:10:00,6689.99,6715.99,6680.0,6700.0,241.395297
2018-04-09 14:15:00,6700.0,6718.51,6694.9,6718.51,128.242576
2018-04-09 14:20:00,6718.4,6723.05,6708.22,6721.65,109.665929
2018-04-09 14:25:00,6721.01,6723.04,6702.0,6702.27,121.734342
2018-04-09 14:30:00,6702.27,6725.0,6702.26,6719.97,115.545583
2018-04-09 14:35:00,6719.97,6732.81,6711.63,6729.57,117.201658
2018-04-09 14:40:00,6729.57,6735.09,6711.58,6718.0,67.299982
2018-04-09 14:45:00,6718.0,6725.0,6712.44,6723.49,108.076095
2018-04-09 14:50:00,6722.96,6734.0,6714.98,6732.0,90.09017
2018-04-09 14:55:00,6732.0,6738.94,6726.85,6731.27,80.639104
2018-04-09 15:00:00,6738.0,6748.0,6731.08,6738.0,126.998337
2018-04-09 15:05:00,6737.98,6739.49,6725.0,6731.0,83.361849
2018-04-09 15:10:00,6730.99,6730.99,6717.01,6730.0,52.955949
2018-04-09 15:15:00,6726.01,6750.0,6724.01,6749.99,100.265948
2018-04-09 15:20:00,6749.99,6768.86,6740.04,6767.0,131.118056
2018-04-09 15:25:00,6768.86,6783.0,6758.33,6765.9,161.341488
2018-04-09 15:30:00,6765.9,6768.0,6750.0,6762.0,109.788809
2018-04-09 15:35:00,6762.0,6767.78,6750.0,6766.0,48.386467
2018-04-09 15:40:00,6766.0,6774.89,6763.0,6771.99,75.128676
2018-04-09 15:45:00,6771.99,6774.8,6733.06,6736.99,134.960938
2018-04-09 15:50:00,6735.2,6740.0,6719.89,6720.0,118.554963
2018-04-09 15:55:00,6720.01,6740.1,6720.01,6738.98,63.168839
2018-04-09 16:00:00,6738.98,6740.0,6720.01,6731.98,72.713165
2018-04-09 16:05:00,6731.97,6743.83,6723.2,6739.99,103.302064
2018-04-09 16:10:00,6740.36,6758.22,6739.99,6756.98,80.177618
2018-04-09 16:15:00,6750.14,6759.9,6750.09,6753.99,68.989983
2018-04-09 16:20:00,6753.99,6758.0,6750.15,6754.97,51.22209
2018-04-09 16:25:00,6757.01,6758.0,6745.0,6751.2,57.861956
2018-04-09 16:30:00,6747.01,6757.26,6747.0,6747.3,63.219114
2018-04-09 16:35:00,6747.3,6752.42,6733.0,6738.06,61.631712
2018-04-09 16:40:00,6735.0,6740.17,6727.11,6737.17,74.156747
2018-04-09 16:45:00,6737.01,6748.0,6732.0,6747.99,52.860719
2018-04-09 16:50:00,6747.99,6748.0,6738.0,6747.01,40.596635
2018-04-09 16:55:00,6747.0,6759.0,6746.98,6754.97,78.877516
2018-04-09 17:00:00,6754.99,6755.0,6749.0,6752.99,51.080674
2018-04-09 17:05:00,6753.0,6753.0,6745.0,6746.0,39.222114
2018-04-09 17:10:00,6746.0,6752.99,6746.0,6748.01,34.928533
2018-04-09 17:15:00,6748.01,6753.0,6746.0,6750.0,47.136079
2018-04-09 17:20:00,6750.01,6751.98,6740.66,6742.49,37.117108
2018-04-09 17:25:00,6746.0,6746.97,6722.56,6722.56,93.966354
2018-04-09 17:30:00,6722.56,6740.0,6722.56,6738.0,55.334157
2018-04-09 17:35:00,6738.0,6750.0,6738.0,6742.23,67.569947
2018-04-09 17:40:00,6745.06,6749.98,6740.01,6740.01,49.30981
2018-04-09 17:45:00,6741.0,6753.01,6740.01,6750.21,56.370967
2018-04-09 17:50:00,6750.2,6754.0,6745.0,6745.02,50.953834
2018-04-09 17:55:00,6745.01,6749.05,6745.0,6746.0,54.066765
2018-04-09 18:00:00,6745.99,6748.0,6730.0,6740.09,60.135752
2018-04-09 18:05:00,6740.09,6750.0,6740.02,6750.0,28.668869
2018-04-09 18:10:00,6747.1,6767.24,6746.63,6766.0,125.605109
2018-04-09 18:15:00,6766.0,6767.99,6747.0,6751.99,52.113792
2018-04-09 18:20:00,6751.99,6762.0,6751.99,6760.0,40.547859
2018-04-09 18:25:00,6760.94,6761.98,6754.0,6757.99,46.146212
2018-04-09 18:30:00,6757.0,6759.0,6741.0,6755.02,55.126319
2018-04-09 18:35:00,6756.04,6761.98,6741.0,6758.88,33.130209
2018-04-09 18:40:00,6758.88,6760.53,6755.0,6755.04,62.840981
2018-04-09 18:45:00,6759.99,6766.99,6755.04,6765.98,65.001249
2018-04-09 18:50:00,6765.98,6765.98,6755.01,6755.01,59.129292
2018-04-09 18:55:00,6758.94,6758.96,6750.0,6750.01,26.612417
2018-04-09 19:00:00,6750.01,6755.03,6742.3,6748.28,72.694936
2018-04-09 19:05:00,6748.28,6755.03,6745.25,6753.2,53.18991
2018-04-09 19:10:00,6750.0,6758.0,6741.0,6753.11,58.998979
2018-04-09 19:15:00,6753.11,6757.97,6743.0,6743.0,47.35248
2018-04-09 19:20:00,6745.44,6754.01,6740.3,6749.97,50.780866
2018-04-09 19:25:00,6749.97,6750.0,6730.0,6730.0,66.533957
2018-04-09 19:30:00,6731.99,6750.0,6730.0,6740.0,71.84386
2018-04-09 19:35:00,6736.16,6740.0,6650.01,6652.11,544.761832
2018-04-09 19:40:00,6652.11,6706.19,6652.0,6680.0,215.659212
2018-04-09 19:45:00,6680.0,6699.0,6674.43,6679.72,118.618078
2018-04-09 19:50:00,6679.02,6687.99,6674.33,6686.0,87.306207
2018-04-09 19:55:00,6683.51,6686.0,6668.18,6672.08,99.588908
2018-04-09 20:00:00,6677.04,6678.0,6624.0,6641.57,389.680794
2018-04-09 20:05:00,6637.52,6666.0,6633.36,6650.0,138.813322
2018-04-09 20:10:00,6645.83,6650.0,6625.33,6627.98,112.316989
2018-04-09 20:15:00,6628.99,6666.0,6625.33,6644.01,160.282192
2018-04-09 20:20:00,6643.99,6644.01,6611.0,6626.02,221.704216
2018-04-09 20:25:00,6626.03,6683.0,6620.08,6652.22,186.247367
2018-04-09 20:30:00,6652.22,6660.0,6640.0,6642.0,59.392832
2018-04-09 20:35:00,6647.99,6679.03,6642.0,6660.11,79.666856
2018-04-09 20:40:00,6660.09,6675.09,6653.28,6674.0,95.600999
2018-04-09 20:45:00,6674.0,6684.0,6669.0,6670.0,55.29886
2018-04-09 20:50:00,6670.99,6685.79,6670.0,6681.01,55.627286
2018-04-09 20:55:00,6678.0,6682.53,6671.0,6671.09,42.905015
2018-04-09 21:00:00,6671.97,6689.0,6671.09,6685.0,53.542002
2018-04-09 21:05:00,6685.0,6702.88,6675.0,6681.96,127.763486
2018-04-09 21:10:00,6682.0,6694.0,6675.0,6684.0,44.059843
2018-04-09 21:15:00,6684.0,6694.2,6679.1,6694.19,48.305109
2018-04-09 21:20:00,6694.0,6707.02,6688.57,6691.18,88.260878
2018-04-09 21:25:00,6691.18,6694.01,6680.01,6694.0,55.884415
2018-04-09 21:30:00,6690.02,6709.1,6687.23,6709.1,48.985834
2018-04-09 21:35:00,6709.12,6740.0,6708.0,6738.97,137.834678
2018-04-09 21:40:00,6738.97,6741.62,6712.75,6726.5,103.590506
2018-04-09 21:45:00,6725.87,6732.0,6725.86,6729.0,59.006043
2018-04-09 21:50:00,6729.0,6730.99,6708.0,6724.92,111.943143
2018-04-09 21:55:00,6724.92,6732.0,6712.55,6723.67,37.546009
2018-04-09 22:00:00,6723.67,6723.67,6715.0,6719.95,52.303382
2018-04-09 22:05:00,6719.0,6719.95,6710.0,6710.0,65.501579
2018-04-09 22:10:00,6719.56,6719.95,6710.0,6719.0,49.325458
2018-04-09 22:15:00,6719.0,6719.0,6687.43,6692.18,73.046197
2018-04-09 22:20:00,6692.71,6709.46,6692.71,6700.0,29.133503
2018-04-09 22:25:00,6700.0,6700.0,6683.03,6696.99,57.846428
2018-04-09 22:30:00,6696.0,6706.08,6696.0,6703.0,41.546878
2018-04-09 22:35:00,6702.99,6722.99,6694.01,6708.22,114.93169
2018-04-09 22:40:00,6707.89,6714.59,6692.88,6705.0,35.077387
2018-04-09 22:45:00,6703.06,6712.9,6703.06,6703.11,35.314785
2018-04-09 22:50:00,6703.11,6711.73,6695.5,6700.67,53.240652
2018-04-09 22:55:00,6708.35,6710.99,6692.86,6693.0,38.83235
2018-04-09 23:00:00,6694.34,6710.0,6692.86,6706.0,42.948132
2018-04-09 23:05:00,6706.0,6719.99,6699.0,6718.55,73.227557
2018-04-09 23:10:00,6718.04,6730.0,6710.06,6726.0,32.431574
2018-04-09 23:15:00,6725.95,6730.0,6710.0,6710.11,39.972135
2018-04-09 23:20:00,6710.12,6730.0,6710.12,6727.03,60.80061
2018-04-09 23:25:00,6728.02,6730.0,6721.01,6724.99,42.469552
2018-04-09 23:30:00,6725.0,6729.0,6721.01,6724.99,26.416708
2018-04-09 23:35:00,6722.01,6735.49,6711.55,6730.0,119.694178
2018-04-09 23:40:00,6735.49,6745.99,6728.02,6730.34,91.558869
2018-04-09 23:45:00,6730.33,6742.06,6730.07,6742.0,34.454613
2018-04-09 23:50:00,6742.0,6795.0,6737.0,6780.27,265.77414
2018-04-09 23:55:00,6780.27,6790.0,6760.0,6782.72,97.590611
2018-04-10 00:00:00,6781.55,6790.0,6759.45,6773.82,154.678919
2018-04-10 00:05:00,6761.86,6789.0,6761.86,6772.0,53.251399
2018-04-10 00:10:00,6772.0,6772.0,6747.93,6754.03,58.692518
2018-04-10 00:15:00,6759.98,6778.0,6756.24,6772.62,44.260342
2018-04-10 00:20:00,6772.62,6782.0,6758.5,6765.0,30.648176
2018-04-10 00:25:00,6764.99,6776.99,6755.0,6770.79,54.044928
2018-04-10 00:30:00,6762.62,6778.0,6753.06,6756.98,60.827987
2018-04-10 00:35:00,6756.98,6773.7,6752.0,6763.99,38.672751
2018-04-10 00:40:00,6763.97,6775.0,6760.0,6773.75,40.879519
2018-04-10 00:45:00,6773.75,6779.98,6763.99,6768.98,32.92228
2018-04-10 00:50:00,6768.98,6769.99,6755.0,6762.99,32.897771
2018-04-10 00:55:00,6762.99,6771.0,6759.0,6765.61,65.555624
2018-04-10 01:00:00,6768.99,6769.0,6740.54,6752.98,48.656705
2018-04-10 01:05:00,6752.89,6752.89,6720.0,6729.16,72.925976
2018-04-10 01:10:00,6729.16,6740.0,6722.0,6733.57,44.526418
2018-04-10 01:15:00,6736.78,6740.11,6727.66,6734.97,31.734001
2018-04-10 01:20:00,6734.97,6734.97,6707.65,6708.01,45.651454
2018-04-10 01:25:00,6708.01,6730.95,6706.02,6729.99,74.367733
2018-04-10 01:30:00,6730.0,6732.14,6720.0,6725.06,40.25587
2018-04-10 01:35:00,6726.01,6745.0,6725.05,6737.93,88.601369
2018-04-10 01:40:00,6737.93,6753.8,6737.92,6752.0,47.845869
2018-04-10 01:45:00,6752.0,6752.01,6723.99,6738.0,55.663174
2018-04-10 01:50:00,6737.99,6749.45,6734.85,6741.89,33.964168
2018-04-10 01:55:00,6741.89,6748.9,6735.02,6740.11,89.121497
2018-04-10 02:00:00,6740.05,6757.79,6735.03,6752.01,54.933404
2018-04-10 02:05:00,6753.0,6758.0,6740.72,6752.56,56.744282
2018-04-10 02:10:00,6752.56,6759.98,6750.0,6757.88,74.91315
2018-04-10 02:15:00,6757.87,6759.0,6755.0,6758.0,75.958538
2018-04-10 02:20:00,6756.01,6772.14,6755.12,6770.33,132.676917
2018-04-10 02:25:00,6770.01,6776.0,6760.0,6767.98,63.937577
2018-04-10 02:30:00,6767.98,6769.98,6755.0,6765.0,50.816819
2018-04-10 02:35:00,6764.99,6771.38,6755.0,6755.0,63.705877
2018-04-10 02:40:00,6755.0,6765.01,6750.01,6765.01,52.416409
2018-04-10 02:45:00,6765.01,6770.0,6754.0,6755.0,58.784157
2018-04-10 02:50:00,6754.99,6762.02,6750.0,6756.01,33.982142
2018-04-10 02:55:00,6759.17,6761.82,6750.02,6750.17,33.84222
2018-04-10 03:00:00,6750.17,6758.71,6747.0,6747.06,84.952402
2018-04-10 03:05:00,6747.06,6758.0,6745.0,6746.14,69.023247
2018-04-10 03:10:00,6746.13,6759.99,6746.13,6757.99,33.585483
2018-04-10 03:15:00,6757.99,6772.18,6757.0,6764.01,61.102994
2018-04-10 03:20:00,6764.01,6771.8,6750.24,6763.01,80.642488
2018-04-10 03:25:00,6763.02,6772.0,6758.25,6760.0,57.643527
2018-04-10 03:30:00,6760.0,6789.49,6756.7,6788.55,129.232462
2018-04-10 03:35:00,6788.55,6790.0,6767.41,6768.02,82.460515
2018-04-10 03:40:00,6768.02,6781.84,6768.0,6776.02,45.741294
2018-04-10 03:45:00,6774.68,6792.34,6774.68,6785.2,72.548325
2018-04-10 03:50:00,6790.11,6790.11,6784.0,6784.03,62.434824
2018-04-10 03:55:00,6784.03,6809.55,6776.05,6805.63,139.838852
2018-04-10 04:00:00,6808.68,6809.55,6780.0,6792.0,99.594595
2018-04-10 04:05:00,6792.99,6817.0,6792.0,6816.82,103.483349
2018-04-10 04:10:00,6808.85,6820.0,6782.0,6786.02,141.767065
2018-04-10 04:15:00,6787.01,6800.0,6784.0,6785.0,62.055316
2018-04-10 04:20:00,6784.0,6799.92,6782.0,6795.0,75.419654
2018-04-10 04:25:00,6795.0,6799.71,6777.0,6791.96,59.05426
2018-04-10 04:30:00,6791.96,6793.0,6766.0,6774.83,69.43245
2018-04-10 04:35:00,6774.83,6774.83,6758.12,6765.0,56.855289
2018-04-10 04:40:00,6765.0,6779.0,6765.0,6776.99,52.36245
2018-04-10 04:45:00,6775.99,6788.82,6774.0,6779.99,55.512714
2018-04-10 04:50:00,6779.99,6789.46,6776.98,6779.88,32.185141
2018-04-10 04:55:00,6777.05,6779.87,6770.2,6778.0,44.186099
2018-04-10 05:00:00,6778.0,6786.54,6774.0,6780.03,39.990176
2018-04-10 05:05:00,6780.03,6780.12,6775.0,6775.0,27.650186
2018-04-10 05:10:00,6776.01,6777.01,6753.0,6760.0,145.051246
2018-04-10 05:15:00,6760.0,6769.0,6740.42,6755.03,114.968404
2018-04-10 05:20:00,6755.03,6758.89,6738.81,6746.78,61.007965
2018-04-10 05:25:00,6746.77,6753.83,6735.02,6741.99,113.763211
2018-04-10 05:30:00,6742.98,6742.98,6735.02,6735.1,77.39058
2018-04-10 05:35:00,6739.93,6782.98,6724.68,6779.04,262.037317
2018-04-10 05:40:00,6778.72,6780.08,6754.22,6755.0,116.611697
2018-04-10 05:45:00,6755.04,6776.45,6747.9,6768.7,96.302803
2018-04-10 05:50:00,6768.69,6768.7,6750.79,6760.99,49.784923
2018-04-10 05:55:00,6760.96,6760.99,6753.01,6759.92,71.440484
2018-04-10 06:00:00,6759.93,6773.26,6752.44,6752.45,54.854322
2018-04-10 06:05:00,6754.31,6765.0,6752.45,6762.99,51.728309
2018-04-10 06:10:00,6761.1,6772.39,6760.03,6767.25,83.049246
2018-04-10 06:15:00,6772.39,6774.71,6750.03,6751.77,51.790293
2018-04-10 06:20:00,6750.88,6751.77,6737.94,6741.97,66.904279
2018-04-10 06:25:00,6743.0,6750.0,6736.0,6750.0,45.319186
2018-04-10 06:30:00,6749.89,6759.99,6740.0,6740.0,54.123262
2018-04-10 06:35:00,6740.99,6750.0,6730.0,6732.87,84.065122
2018-04-10 06:40:00,6739.6,6743.48,6722.04,6740.4,180.717193
2018-04-10 06:45:00,6740.01,6741.75,6721.0,6724.32,78.57151
2018-04-10 06:50:00,6721.0,6724.31,6670.25,6707.02,384.621721
2018-04-10 06:55:00,6700.11,6707.82,6680.05,6696.0,112.087134
2018-04-10 07:00:00,6692.16,6720.1,6680.0,6717.36,113.147186
2018-04-10 07:05:00,6706.95,6730.0,6706.95,6717.99,92.334039
2018-04-10 07:10:00,6717.98,6736.0,6707.46,6721.0,75.574072
2018-04-10 07:15:00,6729.99,6731.99,6714.61,6729.92,61.732062
2018-04-10 07:20:00,6729.92,6737.87,6716.0,6717.0,55.222849
2018-04-10 07:25:00,6726.57,6731.55,6716.99,6724.0,36.227198
2018-04-10 07:30:00,6723.01,6725.0,6701.65,6701.65,59.599164
2018-04-10 07:35:00,6702.0,6721.0,6700.39,6718.0,43.633795
2018-04-10 07:40:00,6715.68,6719.96,6708.0,6714.0,66.432207
2018-04-10 07:45:00,6714.0,6715.0,6686.0,6708.05,118.534584
2018-04-10 07:50:00,6708.05,6710.13,6700.0,6710.0,46.625677
2018-04-10 07:55:00,6710.0,6729.41,6709.64,6715.51,78.000114
2018-04-10 08:00:00,6717.32,6727.0,6708.0,6717.89,54.135203
2018-04-10 08:05:00,6717.88,6720.0,6710.0,6714.99,42.085777
2018-04-10 08:10:00,6714.99,6715.0,6703.86,6703.86,39.162158
2018-04-10 08:15:00,6703.86,6710.0,6697.09,6710.0,61.734141
2018-04-10 08:20:00,6709.9,6711.99,6702.02,6709.99,55.062743
2018-04-10 08:25:00,6706.0,6723.88,6683.0,6683.0,105.264102
2018-04-10 08:30:00,6684.0,6685.34,6656.0,6674.33,209.61294
2018-04-10 08:35:00,6674.24,6708.06,6674.24,6693.01,139.16706
2018-04-10 08:40:00,6693.01,6729.99,6692.5,6720.0,141.5772
2018-04-10 08:45:00,6720.0,6736.0,6720.0,6729.0,77.25552
2018-04-10 08:50:00,6727.0,6727.0,6719.11,6720.0,43.731615
2018-04-10 08:55:00,6720.0,6733.11,6719.99,6733.11,71.36802
2018-04-10 09:00:00,6731.56,6737.86,6721.0,6721.0,77.933878
2018-04-10 09:05:00,6724.78,6735.84,6721.01,6730.0,39.774045
2018-04-10 09:10:00,6730.0,6752.99,6727.53,6738.01,128.994473
2018-04-10 09:15:00,6738.1,6759.0,6738.0,6745.0,89.425119
2018-04-10 09:20:00,6745.0,6759.0,6742.69,6744.27,61.454906
2018-04-10 09:25:00,6742.69,6753.0,6738.25,6738.31,53.953147
2018-04-10 09:30:00,6740.02,6750.0,6738.01,6738.28,57.687879
2018-04-10 09:35:00,6738.27,6746.85,6730.39,6740.0,44.587828
2018-04-10 09:40:00,6740.0,6750.55,6736.61,6744.0,43.610001
2018-04-10 09:45:00,6744.0,6744.99,6729.99,6739.86,49.980233
2018-04-10 09:50:00,6739.87,6759.0,6738.0,6746.97,67.153353
2018-04-10 09:55:00,6747.0,6785.0,6747.0,6785.0,112.24468
2018-04-10 10:00:00,6773.93,6788.62,6753.0,6760.21,76.457771
2018-04-10 10:05:00,6760.0,6773.27,6723.0,6734.93,160.603067
2018-04-10 10:10:00,6731.0,6746.72,6712.09,6721.0,138.850467
2018-04-10 10:15:00,6721.0,6750.0,6715.19,6733.95,106.343221
2018-04-10 10:20:00,6734.99,6741.37,6729.0,6732.0,58.734828
2018-04-10 10:25:00,6732.0,6738.95,6711.8,6725.0,90.805893
2018-04-10 10:30:00,6722.0,6730.0,6715.3,6723.0,73.181481
2018-04-10 10:35:00,6723.0,6740.0,6721.04,6730.0,84.213348
2018-04-10 10:40:00,6736.74,6737.47,6725.0,6732.67,52.389659
2018-04-10 10:45:00,6732.67,6737.11,6725.0,6728.02,65.005356
2018-04-10 10:50:00,6735.86,6735.86,6723.15,6733.35,41.357771
2018-04-10 10:55:00,6723.17,6740.0,6723.17,6730.02,73.53129
2018-04-10 11:00:00,6731.0,6735.67,6702.0,6706.01,117.763964
2018-04-10 11:05:00,6706.0,6730.0,6705.35,6721.99,63.5286
2018-04-10 11:10:00,6717.17,6724.5,6714.0,6716.29,37.053147
2018-04-10 11:15:00,6716.29,6740.0,6714.06,6728.03,115.326224
2018-04-10 11:20:00,6737.82,6737.85,6723.15,6736.46,54.040667
2018-04-10 11:25:00,6737.73,6737.74,6728.12,6737.43,48.126678
2018-04-10 11:30:00,6737.3,6748.83,6733.62,6742.0,69.530598
2018-04-10 11:35:00,6741.99,6742.33,6734.0,6735.0,40.161446
2018-04-10 11:40:00,6735.0,6738.01,6730.0,6730.12,54.863669
2018-04-10 11:45:00,6730.12,6749.04,6730.12,6747.86,66.282997
2018-04-10 11:50:00,6747.86,6749.04,6734.21,6735.01,27.859798
2018-04-10 11:55:00,6735.0,6749.5,6730.03,6735.0,90.000636
2018-04-10 12:00:00,6735.0,6740.0,6723.0,6737.77,58.703487
2018-04-10 12:05:00,6734.51,6741.0,6719.91,6729.99,92.516946
2018-04-10 12:10:00,6729.0,6731.0,6720.0,6726.7,58.546676
2018-04-10 12:15:00,6725.0,6735.01,6720.62,6734.98,41.138444
2018-04-10 12:20:00,6732.0,6740.0,6731.16,6732.05,22.523821
2018-04-10 12:25:00,6737.08,6737.08,6720.03,6728.45,73.234051
2018-04-10 12:30:00,6728.45,6748.0,6728.44,6748.0,57.994082
2018-04-10 12:35:00,6747.12,6762.46,6740.38,6747.13,118.898219
2018-04-10 12:40:00,6747.13,6755.83,6742.34,6746.01,40.799791
2018-04-10 12:45:00,6749.98,6750.03,6743.0,6744.99,53.178571
2018-04-10 12:50:00,6744.99,6760.0,6743.04,6758.39,53.650682
2018-04-10 12:55:00,6758.39,6760.0,6742.24,6758.0,75.850855
2018-04-10 13:00:00,6755.01,6772.0,6752.62,6755.21,82.354254
2018-04-10 13:05:00,6755.22,6772.99,6752.01,6759.38,86.503445
2018-04-10 13:10:00,6759.38,6768.64,6755.15,6766.0,62.120245
2018-04-10 13:15:00,6766.0,6770.95,6756.11,6767.98,53.967004
2018-04-10 13:20:00,6767.97,6770.0,6762.01,6765.01,35.919564
2018-04-10 13:25:00,6765.02,6770.99,6754.23,6755.0,52.447397
2018-04-10 13:30:00,6757.99,6758.97,6743.0,6752.01,56.698891
2018-04-10 13:35:00,6753.29,6762.99,6746.01,6762.99,102.694093
2018-04-10 13:40:00,6762.99,6763.12,6755.05,6762.82,69.306249
2018-04-10 13:45:00,6762.81,6762.94,6755.25,6762.93,37.005624
2018-04-10 13:50:00,6760.0,6762.99,6755.2,6762.93,76.468102
2018-04-10 13:55:00,6762.93,6763.12,6755.25,6761.99,42.22028
2018-04-10 14:00:00,6761.99,6770.0,6755.05,6765.0,69.272766
2018-04-10 14:05:00,6765.0,6771.99,6758.0,6763.63,55.422644
2018-04-10 14:10:00,6765.01,6771.0,6761.66,6767.79,50.357648
2018-04-10 14:15:00,6767.01,6767.99,6751.0,6754.99,67.453196
2018-04-10 14:20:00,6754.99,6755.0,6738.02,6742.0,70.436989
2018-04-10 14:25:00,6745.95,6746.0,6733.0,6742.97,84.07296
2018-04-10 14:30:00,6742.96,6760.1,6742.0,6755.0,70.901032
2018-04-10 14:35:00,6755.0,6759.99,6738.02,6754.16,70.755958
2018-04-10 14:40:00,6751.43,6754.98,6736.1,6753.89,51.380353
2018-04-10 14:45:00,6753.9,6758.04,6748.0,6754.0,55.128433
2018-04-10 14:50:00,6758.02,6761.0,6748.0,6754.05,47.872723
2018-04-10 14:55:00,6759.97,6770.0,6754.0,6765.0,67.837362
2018-04-10 15:00:00,6765.0,6870.99,6761.0,6833.57,711.495234
2018-04-10 15:05:00,6833.56,6835.73,6810.01,6833.71,155.695031
2018-04-10 15:10:00,6833.71,6845.66,6815.01,6823.0,204.528843
2018-04-10 15:15:00,6820.01,6842.1,6820.01,6837.0,172.36273
2018-04-10 15:20:00,6833.01,6849.97,6831.01,6841.0,172.591899
2018-04-10 15:25:00,6840.01,6858.0,6840.0,6857.0,131.316651
2018-04-10 15:30:00,6853.01,6856.89,6836.22,6838.99,101.218376
2018-04-10 15:35:00,6836.74,6837.0,6812.0,6826.0,107.557977
2018-04-10 15:40:00,6827.82,6843.0,6826.0,6839.0,70.87016
2018-04-10 15:45:00,6839.01,6845.03,6826.1,6826.1,69.608889
2018-04-10 15:50:00,6826.1,6851.0,6819.01,6835.66,264.905569
2018-04-10 15:55:00,6835.67,6850.0,6835.65,6837.54,97.789611
2018-04-10 16:00:00,6835.65,6851.0,6835.65,6840.0,130.821068
2018-04-10 16:05:00,6848.96,6849.9,6827.5,6827.54,118.197048
2018-04-10 16:10:00,6836.69,6836.69,6827.51,6830.12,55.471448
2018-04-10 16:15:00,6830.12,6838.99,6830.05,6838.89,53.046515
2018-04-10 16:20:00,6838.89,6839.0,6814.0,6820.0,105.460837
2018-04-10 16:25:00,6820.0,6831.0,6809.6,6828.0,77.054848
2018-04-10 16:30:00,6828.0,6833.01,6821.27,6827.02,55.577842
2018-04-10 16:35:00,6827.01,6834.9,6810.0,6817.71,57.788375
2018-04-10 16:40:00,6818.0,6833.91,6815.0,6832.0,57.162147
2018-04-10 16:45:00,6830.23,6833.97,6825.0,6833.97,45.251896
2018-04-10 16:50:00,6833.97,6847.0,6832.54,6840.0,68.852497
2018-04-10 16:55:00,6840.01,6844.83,6829.0,6837.87,60.195672
2018-04-10 17:00:00,6837.9,6840.49,6831.0,6837.0,48.142555
2018-04-10 17:05:00,6837.0,6840.49,6831.07,6834.01,76.876904
2018-04-10 17:10:00,6834.01,6865.01,6832.08,6855.0,225.692017
2018-04-10 17:15:00,6858.0,6869.98,6842.5,6848.54,130.126452
2018-04-10 17:20:00,6848.54,6860.0,6842.03,6855.01,69.706216
2018-04-10 17:25:00,6855.0,6860.0,6851.01,6856.0,65.338587
2018-04-10 17:30:00,6858.79,6858.8,6842.01,6847.94,73.921003
2018-04-10 17:35:00,6847.94,6859.0,6843.0,6845.04,85.316165
2018-04-10 17:40:00,6845.03,6850.0,6844.01,6849.99,43.881582
2018-04-10 17:45:00,6850.0,6852.0,6847.01,6848.03,55.494057
2018-04-10 17:50:00,6848.74,6863.11,6848.05,6863.1,55.089507
2018-04-10 17:55:00,6863.1,6870.0,6851.0,6867.48,102.631586
2018-04-10 18:00:00,6867.49,6874.0,6852.04,6860.09,142.4625
2018-04-10 18:05:00,6860.0,6860.0,6847.01,6848.98,145.066401
2018-04-10 18:10:00,6848.99,6855.0,6845.0,6850.99,48.297925
2018-04-10 18:15:00,6851.0,6854.0,6849.99,6852.0,73.238842
2018-04-10 18:20:00,6851.98,6852.0,6833.01,6833.36,104.594614
2018-04-10 18:25:00,6833.36,6857.28,6833.36,6850.0,54.654065
2018-04-10 18:30:00,6849.8,6859.49,6840.0,6840.99,41.179204
2018-04-10 18:35:00,6840.99,6847.0,6840.99,6844.0,48.780416
2018-04-10 18:40:00,6844.91,6859.01,6844.91,6855.0,74.329778
2018-04-10 18:45:00,6855.01,6859.0,6850.0,6858.51,88.950377
2018-04-10 18:50:00,6858.51,6858.97,6834.0,6838.0,70.170783
2018-04-10 18:55:00,6839.44,6853.0,6836.94,6853.0,64.171931
2018-04-10 19:00:00,6853.0,6855.0,6840.0,6848.01,55.452044
2018-04-10 19:05:00,6848.0,6850.0,6838.16,6839.03,44.17147
2018-04-10 19:10:00,6839.03,6839.52,6833.55,6837.0,70.284276
2018-04-10 19:15:00,6837.0,6837.01,6832.0,6833.02,43.052433
2018-04-10 19:20:00,6833.03,6837.01,6832.0,6833.42,47.679523
2018-04-10 19:25:00,6835.0,6837.01,6830.01,6830.06,40.151864
2018-04-10 19:30:00,6831.0,6833.0,6825.0,6832.04,94.634095
2018-04-10 19:35:00,6832.52,6839.0,6832.05,6838.0,54.35995
2018-04-10 19:40:00,6837.99,6838.0,6831.78,6833.76,39.651022
2018-04-10 19:45:00,6833.75,6847.0,6829.07,6844.99,49.239832
2018-04-10 19:50:00,6844.69,6847.98,6832.57,6840.0,86.697308
2018-04-10 19:55:00,6842.49,6849.98,6840.0,6844.93,55.969647
2018-04-10 20:00:00,6844.93,6847.85,6831.0,6835.01,70.048156
2018-04-10 20:05:00,6835.0,6836.0,6812.07,6819.99,89.991292
2018-04-10 20:10:00,6820.0,6824.99,6805.52,6805.54,72.862957
2018-04-10 20:15:00,6805.59,6825.99,6805.59,6825.0,47.860069
2018-04-10 20:20:00,6825.02,6836.89,6810.02,6836.89,64.144134
2018-04-10 20:25:00,6835.99,6836.88,6825.0,6827.99,82.009875
2018-04-10 20:30:00,6827.98,6828.99,6823.0,6828.98,45.958374
2018-04-10 20:35:00,6828.98,6837.44,6826.0,6827.99,37.087535
2018-04-10 20:40:00,6828.0,6835.0,6823.03,6831.61,38.971017
2018-04-10 20:45:00,6834.0,6840.65,6830.0,6838.8,38.133232
2018-04-10 20:50:00,6838.79,6840.0,6830.0,6836.99,24.968445
2018-04-10 20:55:00,6837.0,6847.03,6832.2,6847.03,60.276459
2018-04-10 21:00:00,6845.18,6847.06,6836.0,6838.01,23.294942
2018-04-10 21:05:00,6838.01,6844.0,6838.01,6844.0,44.020622
2018-04-10 21:10:00,6840.01,6846.65,6833.01,6844.0,51.070612
2018-04-10 21:15:00,6840.01,6846.65,6838.1,6842.26,43.609373
2018-04-10 21:20:00,6842.25,6863.0,6841.0,6859.88,100.045357
2018-04-10 21:25:00,6859.88,6860.0,6846.0,6854.0,89.766622
2018-04-10 21:30:00,6852.32,6855.82,6845.8,6845.8,33.407158
2018-04-10 21:35:00,6845.81,6855.0,6845.0,6851.01,44.366366
2018-04-10 21:40:00,6855.0,6855.0,6846.0,6852.02,24.831154
2018-04-10 21:45:00,6852.02,6860.0,6852.0,6859.0,44.286491
2018-04-10 21:50:00,6860.0,6864.79,6858.99,6863.0,59.458826
2018-04-10 21:55:00,6862.01,6865.0,6860.0,6860.0,64.883195
2018-04-10 22:00:00,6860.0,6864.99,6850.02,6852.99,39.265885
2018-04-10 22:05:00,6850.12,6855.0,6849.93,6854.01,71.690791
2018-04-10 22:10:00,6855.0,6858.0,6850.0,6850.13,62.952926
2018-04-10 22:15:00,6850.26,6855.0,6821.22,6855.0,110.032312
2018-04-10 22:20:00,6855.0,6859.15,6846.0,6856.0,47.511068
2018-04-10 22:25:00,6856.87,6865.0,6850.0,6865.0,56.35823
2018-04-10 22:30:00,6860.04,6890.0,6860.04,6869.84,138.523148
2018-04-10 22:35:00,6870.04,6875.0,6841.1,6858.96,91.124738
2018-04-10 22:40:00,6860.0,6862.4,6840.01,6847.98,52.237745
2018-04-10 22:45:00,6840.29,6847.99,6775.0,6786.0,307.911532
2018-04-10 22:50:00,6786.0,6805.0,6775.0,6805.0,216.033314
2018-04-10 22:55:00,6805.0,6805.03,6768.01,6792.6,160.695564
2018-04-10 23:00:00,6792.46,6800.0,6775.0,6778.84,118.970925
2018-04-10 23:05:00,6778.84,6794.99,6770.0,6790.0,73.126143
2018-04-10 23:10:00,6793.0,6805.0,6786.11,6804.99,58.088542
2018-04-10 23:15:00,6805.0,6810.0,6795.0,6795.5,57.990245
2018-04-10 23:20:00,6797.95,6805.0,6790.0,6804.22,66.368046
2018-04-10 23:25:00,6796.06,6810.0,6796.06,6801.0,53.072005
2018-04-10 23:30:00,6801.0,6803.54,6791.12,6803.53,43.754279
2018-04-10 23:35:00,6803.54,6830.33,6803.54,6828.01,91.204218
2018-04-10 23:40:00,6830.01,6840.0,6824.05,6825.3,59.146537
2018-04-10 23:45:00,6825.3,6831.86,6822.32,6827.02,71.796785
2018-04-10 23:50:00,6827.0,6827.02,6813.19,6827.0,43.571993
2018-04-10 23:55:00,6827.0,6845.0,6827.0,6843.9,51.703082
2018-04-11 00:00:00,6839.56,6854.6,6839.56,6851.0,88.250889
2018-04-11 00:05:00,6854.0,6854.57,6843.92,6850.0,98.095914
2018-04-11 00:10:00,6850.0,6857.1,6846.51,6852.99,53.976169
2018-04-11 00:15:00,6852.99,6858.95,6827.69,6836.29,172.028417
2018-04-11 00:20:00,6847.59,6860.0,6833.56,6851.0,98.617359
2018-04-11 00:25:00,6856.0,6860.26,6840.0,6859.48,45.746184
2018-04-11 00:30:00,6860.27,6860.27,6848.01,6853.0,76.352643
2018-04-11 00:35:00,6853.0,6870.0,6848.06,6868.0,77.569496
2018-04-11 00:40:00,6869.0,6872.71,6850.01,6867.38,99.127455
2018-04-11 00:45:00,6857.58,6868.49,6845.0,6855.96,59.740834
2018-04-11 00:50:00,6856.0,6861.38,6848.0,6852.89,63.409766
2018-04-11 00:55:00,6850.0,6864.86,6848.0,6860.2,48.86675
2018-04-11 01:00:00,6860.2,6866.98,6846.57,6853.99,102.267965
2018-04-11 01:05:00,6853.0,6854.0,6834.6,6834.61,47.849477
2018-04-11 01:10:00,6834.6,6847.0,6831.12,6844.94,53.693078
2018-04-11 01:15:00,6844.94,6844.96,6833.4,6833.42,88.955028
2018-04-11 01:20:00,6838.0,6838.0,6830.55,6834.99,58.761883
2018-04-11 01:25:00,6834.99,6844.95,6830.01,6840.95,63.491191
2018-04-11 01:30:00,6840.0,6844.78,6836.01,6844.0,73.661488
2018-04-11 01:35:00,6844.01,6844.96,6830.15,6839.99,101.185494
2018-04-11 01:40:00,6839.99,6839.99,6830.0,6835.99,43.320922
2018-04-11 01:45:00,6834.7,6839.01,6830.0,6835.01,50.635593
2018-04-11 01:50:00,6838.01,6860.0,6834.99,6859.0,71.235418
2018-04-11 01:55:00,6860.0,6860.0,6832.09,6840.0,115.888222
2018-04-11 02:00:00,6840.0,6860.0,6840.0,6852.84,63.63361
2018-04-11 02:05:00,6852.85,6855.0,6843.85,6849.96,34.623183
2018-04-11 02:10:00,6849.96,6852.98,6845.0,6850.17,55.301106
2018-04-11 02:15:00,6850.19,6853.99,6845.27,6848.78,45.968579
2018-04-11 02:20:00,6848.04,6852.12,6840.0,6850.0,55.196302
2018-04-11 02:25:00,6850.0,6857.97,6845.01,6850.04,44.371131
2018-04-11 02:30:00,6850.04,6854.99,6845.02,6850.95,30.952991
2018-04-11 02:35:00,6849.5,6860.3,6847.24,6851.3,125.282462
2018-04-11 02:40:00,6848.0,6851.19,6835.0,6835.01,113.190082
2018-04-11 02:45:00,6841.99,6847.52,6835.01,6840.42,64.69036
2018-04-11 02:50:00,6843.22,6850.0,6840.42,6848.89,57.58795
2018-04-11 02:55:00,6841.08,6848.98,6840.52,6847.99,41.919591
2018-04-11 03:00:00,6847.99,6848.0,6835.0,6839.97,33.332588
2018-04-11 03:05:00,6836.01,6847.0,6835.0,6835.41,71.497642
2018-04-11 03:10:00,6834.01,6844.99,6831.0,6840.0,69.41807
2018-04-11 03:15:00,6843.94,6844.9,6821.59,6829.0,69.797399
2018-04-11 03:20:00,6828.0,6829.0,6821.02,6826.89,67.619823
2018-04-11 03:25:00,6826.0,6834.14,6815.68,6819.53,74.896113
2018-04-11 03:30:00,6819.53,6830.0,6813.01,6824.99,122.073765
2018-04-11 03:35:00,6827.43,6829.38,6820.01,6826.99,23.150946
2018-04-11 03:40:00,6826.99,6827.0,6814.0,6818.0,41.321674
2018-04-11 03:45:00,6818.0,6822.99,6802.1,6815.0,100.309318
2018-04-11 03:50:00,6815.0,6821.34,6800.0,6821.0,92.428507
2018-04-11 03:55:00,6821.0,6826.0,6814.44,6818.79,28.140599
2018-04-11 04:00:00,6818.79,6825.0,6807.0,6819.79,71.189246
2018-04-11 04:05:00,6816.0,6826.0,6816.0,6822.94,51.451224
2018-04-11 04:10:00,6822.94,6832.05,6816.13,6830.95,71.609693
2018-04-11 04:15:00,6829.0,6830.95,6806.44,6816.93,53.362091
2018-04-11 04:20:00,6817.46,6830.0,6815.1,6819.06,25.152268
2018-04-11 04:25:00,6819.06,6826.0,6819.06,6824.0,18.375984
2018-04-11 04:30:00,6825.0,6830.99,6821.5,6829.98,40.869276
2018-04-11 04:35:00,6829.98,6835.16,6825.0,6834.0,47.143557
2018-04-11 04:40:00,6834.0,6835.0,6827.0,6831.98,50.758352
2018-04-11 04:45:00,6831.97,6833.97,6828.05,6832.99,31.589582
2018-04-11 04:50:00,6832.0,6840.03,6826.68,6838.0,96.864319
2018-04-11 04:55:00,6838.0,6840.03,6829.12,6830.86,42.225749
2018-04-11 05:00:00,6830.86,6864.56,6830.86,6857.12,119.856578
2018-04-11 05:05:00,6859.41,6867.4,6855.0,6858.82,87.642273
2018-04-11 05:10:00,6858.82,6860.24,6845.95,6848.01,50.640465
2018-04-11 05:15:00,6848.01,6857.34,6842.23,6850.18,79.401938
2018-04-11 05:20:00,6857.0,6860.06,6850.0,6860.0,40.964157
2018-04-11 05:25:00,6859.9,6860.0,6838.39,6855.49,49.383064
2018-04-11 05:30:00,6853.84,6866.54,6848.0,6853.0,84.610241
2018-04-11 05:35:00,6863.12,6865.3,6850.46,6851.1,48.206164
2018-04-11 05:40:00,6853.83,6854.98,6845.0,6845.0,63.913035
2018-04-11 05:45:00,6845.0,6845.7,6832.09,6835.99,61.303857
2018-04-11 05:50:00,6836.01,6837.0,6828.0,6835.85,76.526895
2018-04-11 05:55:00,6835.86,6838.0,6813.0,6817.71,93.142099
2018-04-11 06:00:00,6817.71,6830.0,6810.95,6828.11,63.874805
2018-04-11 06:05:00,6827.13,6828.11,6809.0,6816.48,89.255064
2018-04-11 06:10:00,6816.48,6816.49,6787.0,6800.0,176.989193
2018-04-11 06:15:00,6800.0,6818.0,6793.26,6815.0,70.529847
2018-04-11 06:20:00,6817.98,6823.02,6815.0,6823.02,31.159427
2018-04-11 06:25:00,6823.02,6829.27,6808.0,6809.99,42.00122
2018-04-11 06:30:00,6810.0,6817.49,6792.37,6817.49,154.772235
2018-04-11 06:35:00,6817.49,6835.97,6814.0,6825.08,60.779555
2018-04-11 06:40:00,6831.73,6838.0,6825.5,6838.0,44.558284
2018-04-11 06:45:00,6836.0,6845.25,6831.01,6838.0,125.122884
2018-04-11 06:50:00,6838.0,6840.0,6810.0,6828.96,40.648852
2018-04-11 06:55:00,6827.0,6846.02,6825.0,6833.07,61.4355
2018-04-11 07:00:00,6833.08,6848.0,6833.06,6846.98,67.899358
2018-04-11 07:05:00,6846.99,6847.0,6833.06,6833.14,89.100057
2018-04-11 07:10:00,6837.0,6845.0,6833.1,6844.02,38.513593
2018-04-11 07:15:00,6843.94,6845.99,6835.0,6835.0,75.970527
2018-04-11 07:20:00,6835.01,6842.0,6835.0,6840.98,50.980322
2018-04-11 07:25:00,6841.01,6842.0,6835.03,6837.01,35.731447
2018-04-11 07:30:00,6838.99,6839.97,6820.01,6834.96,62.224317
2018-04-11 07:35:00,6835.0,6835.0,6820.18,6831.9,33.70846
2018-04-11 07:40:00,6831.9,6840.99,6818.96,6840.0,128.234393
2018-04-11 07:45:00,6840.0,6844.0,6831.8,6843.0,34.090912
2018-04-11 07:50:00,6843.0,6845.0,6839.0,6839.98,55.545986
2018-04-11 07:55:00,6839.98,6847.0,6839.98,6846.89,42.402018
2018-04-11 08:00:00,6846.89,6846.9,6841.0,6843.01,66.140865
2018-04-11 08:05:00,6843.01,6847.33,6843.0,6847.32,50.438703
2018-04-11 08:10:00,6847.33,6849.66,6833.0,6833.52,74.673056
2018-04-11 08:15:00,6841.47,6843.99,6830.51,6837.45,56.271518
2018-04-11 08:20:00,6839.84,6850.0,6835.04,6846.81,55.948983
2018-04-11 08:25:00,6847.0,6849.99,6841.01,6846.49,67.212539
2018-04-11 08:30:00,6846.49,6847.99,6840.0,6844.87,64.260545
2018-04-11 08:35:00,6844.86,6851.0,6840.0,6850.01,56.014552
2018-04-11 08:40:00,6851.0,6860.68,6845.0,6860.68,121.781588
2018-04-11 08:45:00,6859.0,6860.7,6850.98,6855.98,47.108636
2018-04-11 08:50:00,6855.98,6864.7,6850.99,6856.08,82.882397
2018-04-11 08:55:00,6860.92,6861.8,6852.0,6857.93,57.692926
2018-04-11 09:00:00,6857.93,6869.34,6855.0,6855.3,107.755598
2018-04-11 09:05:00,6865.0,6865.67,6840.0,6849.85,87.196635
2018-04-11 09:10:00,6849.87,6853.72,6834.02,6845.0,106.268093
2018-04-11 09:15:00,6845.0,6850.0,6839.07,6850.0,110.70913
2018-04-11 09:20:00,6850.0,6853.45,6841.54,6849.02,87.121092
2018-04-11 09:25:00,6849.02,6849.02,6838.01,6847.99,107.696547
2018-04-11 09:30:00,6847.99,6865.0,6845.14,6855.0,71.244743
2018-04-11 09:35:00,6855.0,6860.0,6849.02,6856.02,82.067763
2018-04-11 09:40:00,6856.01,6862.35,6850.36,6851.01,114.067126
2018-04-11 09:45:00,6857.36,6863.0,6851.0,6858.0,79.905989
2018-04-11 09:50:00,6859.99,6860.56,6853.05,6853.06,53.116111
2018-04-11 09:55:00,6857.0,6860.56,6852.01,6854.12,32.327195
2018-04-11 10:00:00,6856.99,6857.97,6840.0,6847.5,130.672191
2018-04-11 10:05:00,6847.49,6855.3,6843.3,6849.0,64.628837
2018-04-11 10:10:00,6849.0,6849.0,6834.0,6845.9,97.785472
2018-04-11 10:15:00,6840.0,6845.8,6830.0,6830.0,72.969053
2018-04-11 10:20:00,6834.0,6840.0,6830.01,6840.0,39.738643
2018-04-11 10:25:00,6836.0,6857.09,6836.0,6839.0,126.193276
2018-04-11 10:30:00,6844.0,6851.68,6836.31,6841.0,60.593093
2018-04-11 10:35:00,6841.0,6843.8,6835.0,6835.0,43.592495
2018-04-11 10:40:00,6835.0,6851.9,6835.0,6843.14,60.165863
2018-04-11 10:45:00,6843.14,6845.98,6824.0,6827.0,97.152357
2018-04-11 10:50:00,6827.11,6839.05,6826.0,6830.0,65.812136
2018-04-11 10:55:00,6826.43,6834.13,6820.0,6820.03,86.53411
2018-04-11 11:00:00,6820.2,6822.65,6800.0,6807.94,161.954658
2018-04-11 11:05:00,6807.95,6839.02,6800.0,6839.02,139.704664
2018-04-11 11:10:00,6834.01,6854.99,6834.01,6847.73,95.877545
2018-04-11 11:15:00,6842.75,6847.73,6836.63,6837.01,37.802997
2018-04-11 11:20:00,6837.01,6848.0,6835.0,6839.0,52.453995
2018-04-11 11:25:00,6839.0,6842.99,6833.17,6840.0,76.595725
2018-04-11 11:30:00,6841.27,6847.95,6838.0,6846.0,72.34569
2018-04-11 11:35:00,6847.49,6852.87,6843.98,6851.99,94.30213
2018-04-11 11:40:00,6849.02,6855.0,6843.0,6843.01,74.312277
2018-04-11 11:45:00,6843.01,6855.0,6842.0,6853.01,58.494637
2018-04-11 11:50:00,6853.01,6857.0,6851.52,6855.0,57.705485
2018-04-11 11:55:00,6855.0,6857.92,6851.56,6851.97,36.742395
2018-04-11 12:00:00,6851.53,6857.91,6845.03,6853.01,38.646848
2018-04-11 12:05:00,6854.32,6855.8,6850.0,6852.0,37.112866
2018-04-11 12:10:00,6852.0,6855.0,6850.0,6851.0,37.063483
2018-04-11 12:15:00,6852.4,6853.99,6840.01,6851.97,59.938174
2018-04-11 12:20:00,6851.0,6854.59,6840.0,6842.0,49.055643
2018-04-11 12:25:00,6841.94,6846.0,6840.0,6845.98,30.169927
2018-04-11 12:30:00,6843.96,6850.04,6840.0,6849.89,34.819568
2018-04-11 12:35:00,6849.0,6858.75,6848.0,6857.01,49.695155
2018-04-11 12:40:00,6855.01,6860.0,6853.4,6859.4,44.953105
2018-04-11 12:45:00,6859.4,6859.41,6855.02,6857.0,60.790335
2018-04-11 12:50:00,6857.0,6864.0,6850.0,6850.0,70.370786
2018-04-11 12:55:00,6850.0,6857.98,6845.2,6855.0,33.550919
2018-04-11 13:00:00,6855.0,6860.0,6849.29,6859.93,29.743048
2018-04-11 13:05:00,6859.92,6928.9,6859.0,6923.85,460.694106
2018-04-11 13:10:00,6923.86,6925.0,6900.15,6908.0,220.302174
2018-04-11 13:15:00,6908.0,6938.4,6907.0,6935.99,170.863647
2018-04-11 13:20:00,6936.0,6944.0,6927.0,6932.7,199.507038
2018-04-11 13:25:00,6940.08,6945.0,6921.02,6932.0,206.181351
2018-04-11 13:30:00,6933.0,6949.23,6932.0,6944.54,130.088246
2018-04-11 13:35:00,6944.54,6976.0,6944.46,6971.47,325.511788
2018-04-11 13:40:00,6961.14,6990.0,6950.0,6960.0,272.579739
2018-04-11 13:45:00,6960.52,6969.99,6925.0,6938.0,209.895591
2018-04-11 13:50:00,6938.0,6949.0,6930.0,6937.0,103.973852
2018-04-11 13:55:00,6940.0,6955.0,6936.11,6944.89,135.767106
2018-04-11 14:00:00,6944.89,6959.0,6940.01,6955.99,113.874905
2018-04-11 14:05:00,6955.99,6956.0,6935.78,6940.0,81.521038
2018-04-11 14:10:00,6940.0,6950.0,6931.01,6947.85,101.946448
2018-04-11 14:15:00,6944.0,6959.81,6940.0,6950.0,96.983675
2018-04-11 14:20:00,6950.0,6966.14,6940.5,6940.97,105.386765
2018-04-11 14:25:00,6944.99,6968.02,6940.53,6943.11,119.584961
2018-04-11 14:30:00,6952.51,6962.99,6943.11,6962.99,74.578148
2018-04-11 14:35:00,6959.88,6962.88,6950.0,6953.87,69.134468
2018-04-11 14:40:00,6954.99,6958.0,6943.25,6946.0,120.154221
2018-04-11 14:45:00,6946.0,6947.61,6935.62,6945.98,124.582888
2018-04-11 14:50:00,6945.98,6949.9,6940.0,6940.0,75.071415
2018-04-11 14:55:00,6940.0,6947.61,6931.0,6934.99,85.133895
2018-04-11 15:00:00,6932.48,6939.0,6906.2,6920.99,218.514669
2018-04-11 15:05:00,6910.0,6929.99,6901.0,6924.99,159.479937
2018-04-11 15:10:00,6924.99,6933.1,6920.74,6927.08,102.431774
2018-04-11 15:15:00,6927.08,6932.98,6920.05,6931.98,65.411199
2018-04-11 15:20:00,6927.03,6933.1,6923.52,6924.01,81.476249
2018-04-11 15:25:00,6924.01,6929.95,6922.7,6923.94,82.713079
2018-04-11 15:30:00,6923.93,6936.88,6922.0,6935.0,113.554717
2018-04-11 15:35:00,6935.0,6939.0,6925.8,6925.97,72.570409
2018-04-11 15:40:00,6925.97,6934.99,6925.97,6930.99,104.129824
2018-04-11 15:45:00,6929.5,6943.0,6927.98,6936.06,77.870626
2018-04-11 15:50:00,6936.05,6950.0,6929.61,6936.01,104.097205
2018-04-11 15:55:00,6936.01,6940.0,6927.0,6927.06,126.479914
2018-04-11 16:00:00,6927.06,6936.0,6924.02,6931.98,88.524061
2018-04-11 16:05:00,6931.99,6932.56,6913.0,6929.0,107.042187
2018-04-11 16:10:00,6929.0,6929.0,6912.0,6912.69,82.368389
2018-04-11 16:15:00,6912.01,6925.04,6905.03,6920.0,147.351769
2018-04-11 16:20:00,6922.0,6924.87,6911.84,6923.5,103.156972
2018-04-11 16:25:00,6923.5,6924.48,6905.4,6919.99,217.551476
2018-04-11 16:30:00,6919.99,6920.19,6892.67,6894.99,277.887856
2018-04-11 16:35:00,6894.99,6919.75,6889.42,6914.07,195.200336
2018-04-11 16:40:00,6914.07,6914.07,6902.37,6904.01,61.027438
2018-04-11 16:45:00,6904.01,6914.07,6901.0,6911.0,75.508271
2018-04-11 16:50:00,6911.0,6912.57,6904.56,6905.03,52.918254
2018-04-11 16:55:00,6908.99,6914.0,6905.05,6914.0,95.514219
2018-04-11 17:00:00,6913.98,6923.0,6908.0,6910.99,85.266855
2018-04-11 17:05:00,6911.0,6916.97,6905.56,6910.99,98.341267
2018-04-11 17:10:00,6910.99,6914.99,6905.56,6907.07,73.715394
2018-04-11 17:15:00,6907.06,6914.99,6907.06,6914.98,40.517814
2018-04-11 17:20:00,6914.98,6915.0,6906.39,6915.0,88.533494
2018-04-11 17:25:00,6915.0,6918.0,6906.02,6910.61,88.988753
2018-04-11 17:30:00,6910.61,6917.0,6905.06,6909.24,58.48708
2018-04-11 17:35:00,6909.24,6909.25,6872.95,6875.13,210.640431
2018-04-11 17:40:00,6873.52,6898.2,6862.6,6884.97,171.880276
2018-04-11 17:45:00,6882.76,6900.0,6882.76,6893.1,62.361441
2018-04-11 17:50:00,6898.92,6900.0,6890.0,6895.0,73.085931
2018-04-11 17:55:00,6892.12,6905.58,6892.01,6904.99,75.910061
2018-04-11 18:00:00,6904.99,6910.13,6904.01,6909.0,90.213057
2018-04-11 18:05:00,6908.96,6910.0,6890.98,6899.0,92.692305
2018-04-11 18:10:00,6899.97,6906.03,6890.98,6898.61,57.133021
2018-04-11 18:15:00,6898.99,6902.84,6895.01,6899.11,73.345387
2018-04-11 18:20:00,6899.11,6900.0,6891.0,6893.0,48.253873
2018-04-11 18:25:00,6892.47,6899.96,6891.09,6893.01,57.019135
2018-04-11 18:30:00,6893.02,6912.03,6891.09,6912.03,157.267086
2018-04-11 18:35:00,6912.01,6913.34,6901.0,6904.9,86.504109
2018-04-11 18:40:00,6903.0,6910.39,6902.0,6907.11,58.816264
2018-04-11 18:45:00,6909.99,6910.28,6902.0,6906.02,65.912164
2018-04-11 18:50:00,6906.02,6909.0,6890.13,6895.99,57.08117
2018-04-11 18:55:00,6895.99,6906.0,6890.03,6899.75,71.537167
2018-04-11 19:00:00,6899.75,6901.79,6892.11,6897.99,42.893802
2018-04-11 19:05:00,6897.98,6900.0,6894.98,6899.02,38.326253
2018-04-11 19:10:00,6899.01,6925.99,6896.01,6925.98,105.387194
2018-04-11 19:15:00,6925.98,6926.06,6903.0,6915.0,71.757698
2018-04-11 19:20:00,6914.1,6917.0,6910.0,6913.01,56.527329
2018-04-11 19:25:00,6913.99,6924.01,6908.01,6918.21,64.518957
2018-04-11 19:30:00,6919.01,6923.0,6919.0,6922.93,68.914295
2018-04-11 19:35:00,6922.99,6925.0,6922.0,6924.5,99.447954
2018-04-11 19:40:00,6924.5,6924.97,6911.54,6920.78,125.401041
2018-04-11 19:45:00,6924.01,6927.48,6921.0,6922.0,87.951081
2018-04-11 19:50:00,6926.0,6927.42,6920.0,6921.0,40.205525
2018-04-11 19:55:00,6922.75,6925.99,6910.61,6910.63,79.652381
2018-04-11 20:00:00,6914.97,6922.98,6909.15,6915.05,127.409133
2018-04-11 20:05:00,6919.99,6925.0,6917.03,6918.22,93.725651
2018-04-11 20:10:00,6920.61,6924.4,6912.86,6920.91,72.979224
2018-04-11 20:15:00,6920.92,6926.95,6894.98,6894.98,123.389868
2018-04-11 20:20:00,6894.0,6907.57,6887.0,6907.56,84.718986
2018-04-11 20:25:00,6907.57,6907.57,6900.11,6905.51,28.201701
2018-04-11 20:30:00,6905.5,6907.56,6897.0,6899.99,81.439119
2018-04-11 20:35:00,6897.0,6909.99,6897.0,6907.56,54.76177
2018-04-11 20:40:00,6907.57,6908.01,6890.0,6897.16,70.869286
2018-04-11 20:45:00,6894.61,6899.97,6889.0,6891.63,52.693039
2018-04-11 20:50:00,6891.62,6894.98,6881.97,6892.0,109.197112
2018-04-11 20:55:00,6890.02,6893.2,6884.01,6888.0,45.653786
2018-04-11 21:00:00,6886.0,6896.98,6883.0,6894.0,72.922335
2018-04-11 21:05:00,6894.0,6896.98,6886.0,6895.0,36.682713
2018-04-11 21:10:00,6895.8,6897.0,6878.14,6882.79,55.224783
2018-04-11 21:15:00,6882.86,6896.99,6880.0,6896.13,38.30203
2018-04-11 21:20:00,6896.13,6897.0,6889.0,6897.0,53.033241
2018-04-11 21:25:00,6897.0,6897.0,6895.0,6895.87,30.089037
2018-04-11 21:30:00,6895.29,6895.89,6890.02,6895.89,59.257081
2018-04-11 21:35:00,6895.45,6905.0,6895.01,6900.01,44.744057
2018-04-11 21:40:00,6900.01,6905.0,6899.01,6900.05,39.400228
2018-04-11 21:45:00,6900.99,6906.22,6900.02,6904.1,56.763536
2018-04-11 21:50:00,6904.11,6906.22,6900.01,6903.99,49.51271
2018-04-11 21:55:00,6903.99,6910.0,6900.14,6909.0,36.700339
2018-04-11 22:00:00,6908.53,6910.22,6906.53,6907.0,29.669016
2018-04-11 22:05:00,6910.0,6920.99,6904.61,6920.99,51.698675
2018-04-11 22:10:00,6920.5,6925.99,6910.34,6916.79,53.735553
2018-04-11 22:15:00,6916.79,6920.0,6913.89,6920.0,29.411865
2018-04-11 22:20:00,6920.0,6926.96,6914.0,6920.0,59.30925
2018-04-11 22:25:00,6920.29,6926.94,6915.03,6925.97,122.463539
2018-04-11 22:30:00,6918.01,6929.0,6917.0,6925.12,69.905318
2018-04-11 22:35:00,6925.12,6933.0,6921.0,6929.8,73.950543
2018-04-11 22:40:00,6925.0,6928.98,6915.03,6925.03,62.906828
2018-04-11 22:45:00,6928.97,6934.97,6923.9,6930.0,79.982799
2018-04-11 22:50:00,6930.0,6934.5,6925.99,6929.95,50.611934
2018-04-11 22:55:00,6925.99,6932.14,6920.0,6931.0,58.306568
2018-04-11 23:00:00,6931.05,6938.99,6931.0,6938.08,77.282677
2018-04-11 23:05:00,6938.07,6940.22,6934.51,6935.0,96.28436
2018-04-11 23:10:00,6939.0,6951.68,6938.21,6949.67,190.233816
2018-04-11 23:15:00,6938.24,6947.16,6931.21,6937.96,85.940402
2018-04-11 23:20:00,6937.91,6950.0,6932.58,6943.69,84.764683
2018-04-11 23:25:00,6949.13,6970.38,6943.69,6950.46,217.820261
2018-04-11 23:30:00,6950.47,6968.18,6943.7,6950.0,136.055656
2018-04-11 23:35:00,6953.25,6958.99,6938.5,6956.43,112.084241
2018-04-11 23:40:00,6956.42,6970.0,6952.01,6967.79,112.681973
2018-04-11 23:45:00,6960.38,6980.0,6960.38,6973.09,157.68407
2018-04-11 23:50:00,6973.09,6987.4,6957.61,6970.71,186.231702
2018-04-11 23:55:00,6970.0,6987.41,6945.0,6953.79,109.515643
2018-04-12 00:00:00,6953.78,6965.0,6946.0,6955.0,139.744456
2018-04-12 00:05:00,6947.45,6965.99,6947.45,6960.26,76.784096
2018-04-12 00:10:00,6960.26,6966.0,6941.01,6942.1,167.485766
2018-04-12 00:15:00,6943.0,6956.36,6931.74,6937.84,131.353571
2018-04-12 00:20:00,6941.0,6963.65,6933.41,6940.0,104.673977
2018-04-12 00:25:00,6938.01,6960.95,6933.52,6952.68,95.597212
2018-04-12 00:30:00,6950.0,6960.0,6945.02,6951.67,100.593953
2018-04-12 00:35:00,6951.67,6959.96,6945.04,6952.03,47.488848
2018-04-12 00:40:00,6952.03,6970.0,6945.0,6945.0,117.933765
2018-04-12 00:45:00,6946.0,6949.18,6930.0,6935.0,90.367882
2018-04-12 00:50:00,6935.0,6966.0,6918.0,6932.05,119.494272
2018-04-12 00:55:00,6935.92,6975.0,6931.0,6931.0,51.788503
2018-04-12 01:00:00,6933.49,6934.98,6885.0,6899.88,177.114147
2018-04-12 01:05:00,6899.88,6917.0,6894.13,6915.0,139.291611
2018-04-12 01:10:00,6917.0,6920.0,6908.82,6915.01,61.852425
2018-04-12 01:15:00,6916.99,6930.0,6915.0,6927.57,43.587386
2018-04-12 01:20:00,6926.28,6927.56,6913.0,6919.98,64.529293
2018-04-12 01:25:00,6919.99,6927.6,6913.0,6913.0,90.460432
2018-04-12 01:30:00,6913.0,6923.4,6905.0,6916.03,97.84077
2018-04-12 01:35:00,6916.03,6926.07,6909.07,6923.01,67.516293
2018-04-12 01:40:00,6923.0,6927.69,6915.0,6915.11,64.459717
2018-04-12 01:45:00,6926.43,6930.0,6915.0,6927.97,77.180798
2018-04-12 01:50:00,6927.98,6942.41,6920.0,6942.41,57.382109
2018-04-12 01:55:00,6942.41,6949.9,6929.76,6939.99,132.644886
2018-04-12 02:00:00,6939.98,6942.0,6934.14,6939.0,58.035863
2018-04-12 02:05:00,6938.99,6944.64,6930.92,6938.28,60.151343
2018-04-12 02:10:00,6938.28,6946.28,6930.0,6943.0,74.873341
2018-04-12 02:15:00,6944.99,6945.0,6937.07,6944.96,30.437262
2018-04-12 02:20:00,6944.9,6945.33,6932.32,6940.0,42.455458
2018-04-12 02:25:00,6944.9,6960.0,6939.0,6958.89,76.393408
2018-04-12 02:30:00,6952.12,6960.0,6940.01,6952.41,80.19981
2018-04-12 02:35:00,6952.43,6959.0,6941.54,6955.0,82.097435
2018-04-12 02:40:00,6946.03,6955.0,6946.03,6952.0,40.021598
2018-04-12 02:45:00,6952.0,6954.0,6947.0,6953.88,62.382638
2018-04-12 02:50:00,6953.88,6965.0,6953.87,6963.91,119.260371
2018-04-12 02:55:00,6963.9,6972.24,6959.06,6964.0,142.913135
2018-04-12 03:00:00,6965.0,6975.4,6958.02,6972.99,119.670414
2018-04-12 03:05:00,6970.0,6972.99,6956.0,6958.0,77.146657
2018-04-12 03:10:00,6958.0,6977.0,6957.0,6976.55,90.871679
2018-04-12 03:15:00,6976.55,6980.0,6953.7,6953.7,125.019562
2018-04-12 03:20:00,6956.0,6959.96,6950.0,6958.31,118.341979
2018-04-12 03:25:00,6958.31,6970.0,6954.0,6967.99,128.676067
2018-04-12 03:30:00,6967.98,6971.99,6955.01,6960.34,33.765932
2018-04-12 03:35:00,6960.35,6967.38,6942.24,6950.0,109.71913
2018-04-12 03:40:00,6949.99,6953.7,6942.0,6950.0,92.667737
2018-04-12 03:45:00,6942.12,6966.99,6936.92,6964.99,77.349715
2018-04-12 03:50:00,6964.97,6969.0,6957.0,6957.0,127.705457
2018-04-12 03:55:00,6958.0,6967.6,6950.0,6965.2,76.969911
2018-04-12 04:00:00,6965.21,6969.0,6957.03,6958.02,80.549601
2018-04-12 04:05:00,6958.03,6962.99,6950.23,6958.0,41.199047
2018-04-12 04:10:00,6958.0,6966.0,6950.0,6961.0,66.613139
2018-04-12 04:15:00,6958.99,6968.0,6950.0,6960.89,68.247725
2018-04-12 04:20:00,6960.89,6965.98,6955.52,6955.6,60.645148
2018-04-12 04:25:00,6955.6,6964.62,6935.0,6962.0,110.411423
2018-04-12 04:30:00,6962.0,6977.0,6960.0,6975.89,155.856191
2018-04-12 04:35:00,6967.84,6977.0,6965.01,6968.02,52.981515
2018-04-12 04:40:00,6967.99,6979.01,6963.79,6967.0,72.080046
2018-04-12 04:45:00,6967.0,6980.0,6963.79,6973.52,75.555961
2018-04-12 04:50:00,6973.52,6979.89,6963.8,6967.5,77.477957
2018-04-12 04:55:00,6977.0,6979.9,6967.34,6979.0,52.706514
2018-04-12 05:00:00,6979.89,6985.0,6968.0,6976.0,84.517298
2018-04-12 05:05:00,6972.92,6979.0,6963.0,6969.51,77.970154
2018-04-12 05:10:00,6963.8,6974.31,6953.0,6973.99,93.834958
2018-04-12 05:15:00,6973.0,6975.0,6956.12,6959.07,79.921076
2018-04-12 05:20:00,6959.07,6966.0,6945.0,6945.0,82.355844
2018-04-12 05:25:00,6949.0,6956.0,6928.0,6945.0,119.212946
2018-04-12 05:30:00,6945.0,6949.91,6932.17,6943.98,64.616952
2018-04-12 05:35:00,6942.0,6958.99,6928.12,6952.3,104.285419
2018-04-12 05:40:00,6953.79,6958.25,6950.0,6952.01,41.345587
2018-04-12 05:45:00,6952.01,6963.68,6952.0,6953.0,52.227897
2018-04-12 05:50:00,6959.0,6959.99,6948.53,6948.53,50.86566
2018-04-12 05:55:00,6947.1,6952.74,6937.52,6940.0,41.181754
2018-04-12 06:00:00,6940.01,6965.0,6940.0,6960.0,124.792087
2018-04-12 06:05:00,6960.0,6967.02,6952.39,6958.14,91.626564
2018-04-12 06:10:00,6958.12,6959.0,6943.63,6945.11,73.136144
2018-04-12 06:15:00,6945.11,6950.02,6938.06,6941.19,53.75418
2018-04-12 06:20:00,6941.2,6952.02,6940.0,6952.0,46.070168
2018-04-12 06:25:00,6952.0,6952.02,6938.78,6942.0,48.659546
2018-04-12 06:30:00,6940.0,6942.98,6917.2,6918.0,153.041457
2018-04-12 06:35:00,6919.0,6929.99,6915.01,6925.98,120.592627
2018-04-12 06:40:00,6925.98,6925.98,6895.0,6903.0,237.87215
2018-04-12 06:45:00,6905.0,6918.52,6893.09,6914.89,172.680703
2018-04-12 06:50:00,6909.32,6914.89,6894.42,6900.1,149.65936
2018-04-12 06:55:00,6900.1,6900.11,6765.0,6776.4,1079.154578
2018-04-12 07:00:00,6767.17,6792.0,6743.2,6760.2,739.621286
2018-04-12 07:05:00,6760.38,6829.38,6760.0,6790.02,519.181605
2018-04-12 07:10:00,6795.98,6819.8,6780.04,6813.01,257.103296
2018-04-12 07:15:00,6818.0,6819.67,6792.98,6800.0,182.193034
2018-04-12 07:20:00,6805.0,6809.99,6785.0,6790.04,163.114833
2018-04-12 07:25:00,6790.01,6820.92,6785.12,6798.28,239.091704
2018-04-12 07:30:00,6795.05,6824.28,6792.22,6820.0,107.808258
2018-04-12 07:35:00,6820.0,6839.99,6810.08,6837.93,189.733786
2018-04-12 07:40:00,6835.0,6850.85,6833.48,6848.0,164.170409
2018-04-12 07:45:00,6848.0,6848.0,6825.11,6831.98,130.389897
2018-04-12 07:50:00,6831.98,6839.88,6820.01,6834.0,67.877827
2018-04-12 07:55:00,6834.01,6834.01,6807.32,6826.61,127.79566
2018-04-12 08:00:00,6826.62,6828.0,6804.03,6804.04,126.996845
2018-04-12 08:05:00,6808.97,6823.92,6802.7,6805.0,161.399292
2018-04-12 08:10:00,6805.0,6832.84,6803.02,6831.56,89.882493
2018-04-12 08:15:00,6831.56,6833.0,6815.14,6823.99,64.947015
2018-04-12 08:20:00,6820.0,6833.0,6815.01,6825.05,117.921175
2018-04-12 08:25:00,6825.05,6838.99,6821.1,6835.2,69.372176
2018-04-12 08:30:00,6835.22,6840.72,6833.69,6839.01,50.697386
2018-04-12 08:35:00,6839.5,6846.96,6835.0,6842.99,91.530665
2018-04-12 08:40:00,6842.97,6845.89,6825.0,6834.0,109.379231
2018-04-12 08:45:00,6829.51,6843.99,6825.0,6841.99,58.495075
2018-04-12 08:50:00,6842.0,6860.0,6838.12,6860.0,123.829448
2018-04-12 08:55:00,6860.0,6860.01,6840.01,6843.0,114.956754
2018-04-12 09:00:00,6842.99,6851.3,6836.05,6847.36,105.884178
2018-04-12 09:05:00,6847.36,6852.99,6840.0,6844.0,126.021966
2018-04-12 09:10:00,6844.0,6849.92,6825.0,6827.02,116.646791
2018-04-12 09:15:00,6839.89,6839.99,6818.8,6825.0,173.4073
2018-04-12 09:20:00,6825.01,6837.35,6822.01,6823.03,87.847928
2018-04-12 09:25:00,6827.0,6844.8,6822.0,6835.0,67.887392
2018-04-12 09:30:00,6834.99,6840.0,6830.2,6836.01,127.779103
2018-04-12 09:35:00,6836.0,6839.52,6822.12,6825.23,150.209709
2018-04-12 09:40:00,6825.23,6836.52,6825.1,6836.47,94.383765
2018-04-12 09:45:00,6825.19,6844.58,6825.1,6837.99,64.942099
2018-04-12 09:50:00,6837.99,6849.35,6835.0,6845.11,54.311327
2018-04-12 09:55:00,6845.11,6865.71,6840.0,6850.99,136.208813
2018-04-12 10:00:00,6850.99,6860.0,6840.01,6852.0,65.250392
2018-04-12 10:05:00,6852.0,6855.0,6847.01,6849.86,66.320898
2018-04-12 10:10:00,6849.85,6864.59,6845.27,6864.4,54.183819
2018-04-12 10:15:00,6860.0,6866.0,6859.33,6864.99,78.388934
2018-04-12 10:20:00,6864.99,6866.0,6850.0,6857.97,78.75073
2018-04-12 10:25:00,6853.03,6866.46,6851.01,6866.46,52.332201
2018-04-12 10:30:00,6862.31,6872.0,6862.31,6869.0,87.162007
2018-04-12 10:35:00,6869.0,6877.79,6867.0,6875.0,86.594458
2018-04-12 10:40:00,6875.0,6911.98,6871.81,6907.99,171.585471
2018-04-12 10:45:00,6907.99,6945.15,6900.0,6932.0,226.904215
2018-04-12 10:50:00,6931.99,6951.89,6930.0,6949.99,165.094949
2018-04-12 10:55:00,6949.99,6950.0,6934.1,6935.1,138.345463
2018-04-12 11:00:00,6935.11,6966.0,6935.02,6952.03,159.294233
2018-04-12 11:05:00,6952.03,7198.0,6952.03,7180.0,1460.155883
2018-04-12 11:10:00,7179.98,7301.0,7160.62,7290.0,1139.214247
2018-04-12 11:15:00,7300.76,7401.0,7290.0,7400.0,1218.537391
2018-04-12 11:20:00,7400.0,7666.0,7393.61,7660.0,1396.560591
2018-04-12 11:25:00,7640.27,7706.0,7310.0,7520.0,1839.48782
2018-04-12 11:30:00,7520.0,7682.3,7424.01,7629.93,1585.836757
2018-04-12 11:35:00,7629.93,8012.23,7624.92,7966.44,1900.495447
2018-04-12 11:40:00,7966.44,7999.0,7655.91,7687.87,1721.596296
2018-04-12 11:45:00,7687.88,7781.2,7652.0,7680.0,1433.900039
2018-04-12 11:50:00,7666.07,7808.78,7630.01,7730.0,1501.3097
2018-04-12 11:55:00,7725.16,7740.0,7650.0,7690.0,1124.504729
2018-04-12 12:00:00,7685.55,7780.0,7679.75,7739.98,944.819356
2018-04-12 12:05:00,7739.98,7750.0,7651.07,7682.0,879.213355
2018-04-12 12:10:00,7675.32,7686.1,7605.0,7610.0,773.10127
2018-04-12 12:15:00,7612.05,7650.01,7569.83,7575.0,828.509065
2018-04-12 12:20:00,7573.99,7674.04,7569.83,7620.1,698.625272
2018-04-12 12:25:00,7620.0,7675.0,7606.47,7673.47,490.233516
2018-04-12 12:30:00,7673.47,7730.0,7650.1,7670.0,718.938471
2018-04-12 12:35:00,7670.0,7670.03,7625.57,7634.9,435.933753
2018-04-12 12:40:00,7630.0,7715.68,7630.0,7685.0,460.062453
2018-04-12 12:45:00,7690.0,7750.03,7648.0,7714.99,589.764671
2018-04-12 12:50:00,7714.99,7732.34,7685.0,7715.0,345.30611
2018-04-12 12:55:00,7715.93,7722.99,7672.0,7686.93,336.810808
2018-04-12 13:00:00,7686.93,7715.54,7680.0,7680.08,305.628432
2018-04-12 13:05:00,7680.08,7699.5,7650.0,7650.0,331.139003
2018-04-12 13:10:00,7650.99,7667.76,7627.0,7665.0,398.26834
2018-04-12 13:15:00,7665.0,7710.0,7651.02,7680.56,345.4498
2018-04-12 13:20:00,7680.57,7694.99,7660.95,7671.99,154.349939
2018-04-12 13:25:00,7671.99,7707.96,7667.06,7690.03,314.44899
2018-04-12 13:30:00,7690.03,7700.0,7660.48,7677.48,271.245313
2018-04-12 13:35:00,7672.95,7695.0,7672.95,7676.77,219.692664
2018-04-12 13:40:00,7679.89,7719.05,7676.0,7714.18,426.402571
2018-04-12 13:45:00,7718.85,7739.8,7701.0,7709.98,321.796649
2018-04-12 13:50:00,7709.96,7710.0,7680.0,7693.98,221.953279
2018-04-12 13:55:00,7691.99,7695.0,7679.0,7683.18,215.410129
2018-04-12 14:00:00,7683.18,7714.99,7679.0,7708.99,251.70548
2018-04-12 14:05:00,7706.98,7710.01,7690.0,7710.01,211.010507
2018-04-12 14:10:00,7710.01,7735.94,7710.0,7718.0,293.219308
2018-04-12 14:15:00,7718.0,7725.0,7690.02,7707.99,189.117073
2018-04-12 14:20:00,7707.99,7713.99,7694.0,7700.03,147.187288
2018-04-12 14:25:00,7700.03,7704.99,7696.01,7698.0,105.212198
2018-04-12 14:30:00,7698.0,7698.0,7641.0,7660.2,445.16137
2018-04-12 14:35:00,7660.2,7689.2,7660.0,7670.01,186.552619
2018-04-12 14:40:00,7670.01,7678.0,7651.0,7654.0,166.543811
2018-04-12 14:45:00,7653.04,7654.0,7601.51,7614.87,343.966886
2018-04-12 14:50:00,7615.97,7650.0,7577.0,7635.08,454.903416
2018-04-12 14:55:00,7635.1,7651.95,7619.87,7644.0,169.996302
2018-04-12 15:00:00,7644.0,7650.0,7628.73,7631.58,208.592218
2018-04-12 15:05:00,7640.35,7641.0,7602.05,7628.1,205.969269
2018-04-12 15:10:00,7629.0,7630.36,7622.27,7626.96,93.821708
2018-04-12 15:15:00,7626.96,7640.0,7620.0,7639.98,129.89845
2018-04-12 15:20:00,7639.98,7650.0,7618.22,7623.99,188.858214
2018-04-12 15:25:00,7624.0,7639.99,7590.01,7603.0,243.524836
2018-04-12 15:30:00,7602.99,7627.0,7582.31,7622.45,277.382565
2018-04-12 15:35:00,7623.01,7635.97,7610.98,7631.99,149.466748
2018-04-12 15:40:00,7631.98,7639.9,7622.0,7629.99,110.674686
2018-04-12 15:45:00,7629.98,7634.97,7622.02,7630.0,114.319064
2018-04-12 15:50:00,7629.99,7630.0,7610.0,7619.0,123.904442
2018-04-12 15:55:00,7619.0,7620.0,7594.12,7614.21,286.221389
2018-04-12 16:00:00,7618.0,7620.0,7590.01,7599.0,151.560604
2018-04-12 16:05:00,7594.0,7620.19,7592.01,7609.98,141.988022
2018-04-12 16:10:00,7609.98,7620.0,7603.0,7618.0,166.39804
2018-04-12 16:15:00,7617.99,7619.0,7610.16,7618.99,100.735007
2018-04-12 16:20:00,7618.98,7625.0,7615.55,7620.05,138.687557
2018-04-12 16:25:00,7620.0,7622.0,7602.06,7604.0,189.957527
2018-04-12 16:30:00,7605.0,7617.88,7604.0,7609.03,82.06221
2018-04-12 16:35:00,7609.99,7616.0,7593.69,7601.01,176.731625
2018-04-12 16:40:00,7600.99,7600.99,7572.1,7588.0,359.756656
2018-04-12 16:45:00,7592.8,7596.0,7580.0,7580.0,145.586245
2018-04-12 16:50:00,7581.01,7586.8,7576.0,7578.52,131.4446
2018-04-12 16:55:00,7578.52,7620.0,7542.0,7619.0,529.692566
2018-04-12 17:00:00,7619.0,7775.0,7607.36,7704.81,965.363312
2018-04-12 17:05:00,7704.81,7746.9,7665.0,7698.17,640.04587
2018-04-12 17:10:00,7699.82,7714.39,7670.0,7683.01,269.850992
2018-04-12 17:15:00,7690.0,7721.97,7680.0,7700.0,202.928199
2018-04-12 17:20:00,7706.02,7706.02,7670.0,7686.85,240.358818
2018-04-12 17:25:00,7673.03,7699.0,7673.03,7693.0,96.249214
2018-04-12 17:30:00,7693.0,7693.0,7681.0,7682.23,71.191754
2018-04-12 17:35:00,7682.4,7687.18,7660.0,7680.05,162.782257
2018-04-12 17:40:00,7687.03,7687.18,7672.05,7683.0,144.091647
2018-04-12 17:45:00,7687.94,7695.0,7681.0,7691.0,66.730411
2018-04-12 17:50:00,7693.98,7695.0,7677.0,7680.0,100.179464
2018-04-12 17:55:00,7679.99,7690.0,7675.0,7688.0,74.411832
2018-04-12 18:00:00,7688.0,7697.18,7688.0,7691.41,90.16424
2018-04-12 18:05:00,7690.5,7691.41,7686.0,7688.0,55.462983
2018-04-12 18:10:00,7688.0,7698.0,7678.04,7695.0,105.721656
2018-04-12 18:15:00,7694.0,7697.99,7690.0,7691.11,92.426717
2018-04-12 18:20:00,7691.55,7692.87,7680.0,7683.0,111.156441
2018-04-12 18:25:00,7683.0,7689.99,7680.0,7685.5,93.846447
2018-04-12 18:30:00,7681.15,7686.99,7659.0,7672.0,114.472049
2018-04-12 18:35:00,7669.99,7669.99,7643.0,7652.38,106.172066
2018-04-12 18:40:00,7642.01,7670.0,7642.01,7664.0,95.663564
2018-04-12 18:45:00,7669.91,7685.33,7660.01,7676.0,93.423407
2018-04-12 18:50:00,7675.01,7684.94,7663.1,7681.51,79.635734
2018-04-12 18:55:00,7684.89,7709.95,7674.08,7689.89,334.922318
2018-04-12 19:00:00,7688.67,7701.0,7680.01,7696.17,94.70285
2018-04-12 19:05:00,7696.0,7698.98,7691.0,7696.49,76.122183
2018-04-12 19:10:00,7696.49,7707.83,7696.1,7706.88,88.611274
2018-04-12 19:15:00,7705.0,7710.0,7690.0,7700.0,144.244733
2018-04-12 19:20:00,7696.0,7706.84,7693.0,7700.08,65.837333
2018-04-12 19:25:00,7700.08,7719.96,7700.08,7719.83,123.268708
2018-04-12 19:30:00,7719.01,7768.0,7719.0,7735.0,340.125552
2018-04-12 19:35:00,7733.0,7736.2,7700.08,7701.03,139.654896
2018-04-12 19:40:00,7708.95,7713.51,7680.0,7699.99,180.390604
2018-04-12 19:45:00,7699.99,7715.0,7687.61,7709.89,93.002506
2018-04-12 19:50:00,7709.89,7718.68,7701.1,7701.1,114.218942
2018-04-12 19:55:00,7701.1,7706.01,7688.0,7700.0,65.442969
2018-04-12 20:00:00,7699.97,7700.0,7694.05,7697.01,77.448722
2018-04-12 20:05:00,7700.0,7709.99,7695.0,7701.2,78.044415
2018-04-12 20:10:00,7701.2,7736.75,7701.2,7728.99,92.607681
2018-04-12 20:15:00,7728.98,7730.0,7712.04,7725.0,98.603988
2018-04-12 20:20:00,7725.0,7729.22,7707.19,7725.01,69.621615
2018-04-12 20:25:00,7725.02,7730.0,7712.24,7721.91,104.712179
2018-04-12 20:30:00,7715.03,7737.77,7715.0,7734.98,85.086277
2018-04-12 20:35:00,7733.01,7743.88,7725.01,7741.52,109.787925
2018-04-12 20:40:00,7741.51,7778.0,7729.0,7750.01,234.307747
2018-04-12 20:45:00,7750.01,7754.0,7740.1,7749.0,93.246064
2018-04-12 20:50:00,7748.99,7750.0,7720.0,7735.0,98.766799
2018-04-12 20:55:00,7737.99,7746.0,7731.21,7738.01,59.033057
2018-04-12 21:00:00,7739.0,7750.0,7737.77,7737.77,96.331271
2018-04-12 21:05:00,7741.0,7746.0,7720.0,7727.0,130.437057
2018-04-12 21:10:00,7726.0,7734.89,7720.0,7731.0,73.819275
2018-04-12 21:15:00,7731.0,7746.0,7725.01,7745.01,78.930801
2018-04-12 21:20:00,7745.88,7772.23,7745.01,7770.0,80.70798
2018-04-12 21:25:00,7770.0,7900.0,7758.0,7900.0,533.040569
2018-04-12 21:30:00,7890.01,7945.0,7836.0,7862.0,605.404212
2018-04-12 21:35:00,7869.97,7892.21,7860.11,7885.25,287.12479
2018-04-12 21:40:00,7885.27,7895.0,7869.0,7874.97,219.808338
2018-04-12 21:45:00,7874.0,7887.15,7869.99,7884.99,208.035147
2018-04-12 21:50:00,7884.98,7887.14,7810.18,7834.23,287.960184
2018-04-12 21:55:00,7834.22,7854.77,7820.02,7851.0,231.952253
2018-04-12 22:00:00,7853.0,7857.58,7802.1,7825.01,217.253015
2018-04-12 22:05:00,7821.76,7829.83,7716.19,7780.31,392.901382
2018-04-12 22:10:00,7773.01,7830.33,7770.0,7809.32,208.726785
2018-04-12 22:15:00,7809.32,7824.65,7770.0,7773.38,144.804456
2018-04-12 22:20:00,7773.38,7795.99,7755.96,7786.17,118.068163
2018-04-12 22:25:00,7786.17,7828.0,7778.07,7805.0,184.138973
2018-04-12 22:30:00,7805.0,7841.69,7783.0,7818.78,236.381649
2018-04-12 22:35:00,7826.91,7841.69,7817.92,7831.0,77.42675
2018-04-12 22:40:00,7840.96,7840.96,7810.37,7836.03,107.08088
2018-04-12 22:45:00,7827.12,7839.0,7815.0,7833.0,162.478764
2018-04-12 22:50:00,7833.11,7871.82,7830.0,7860.01,236.515043
2018-04-12 22:55:00,7865.66,7890.3,7860.0,7890.0,186.679008
2018-04-12 23:00:00,7890.0,7895.7,7851.2,7853.04,202.651638
2018-04-12 23:05:00,7860.0,7890.0,7853.04,7865.02,181.414197
2018-04-12 23:10:00,7865.03,7879.9,7855.67,7865.0,117.670703
2018-04-12 23:15:00,7861.28,7873.99,7855.69,7870.0,122.666267
2018-04-12 23:20:00,7866.0,7900.0,7866.0,7893.52,155.356835
2018-04-12 23:25:00,7893.52,7919.0,7873.52,7886.0,229.274613
2018-04-12 23:30:00,7893.99,7941.13,7886.49,7935.0,160.9042
2018-04-12 23:35:00,7931.25,7986.1,7909.0,7930.95,587.715385
2018-04-12 23:40:00,7930.99,7955.96,7876.0,7912.03,322.425158
2018-04-12 23:45:00,7912.03,7944.84,7901.12,7912.51,187.6755
2018-04-12 23:50:00,7917.22,7934.51,7912.55,7933.0,115.497343
2018-04-12 23:55:00,7921.8,7939.25,7915.26,7923.0,152.46564
2018-04-13 00:00:00,7922.99,7979.0,7919.84,7978.89,254.364292
2018-04-13 00:05:00,7979.0,7994.96,7955.37,7990.0,290.296142
2018-04-13 00:10:00,7982.58,7990.0,7929.08,7941.2,215.843339
2018-04-13 00:15:00,7943.0,7991.0,7943.0,7968.8,173.934953
2018-04-13 00:20:00,7968.8,7968.8,7923.0,7943.98,215.149949
2018-04-13 00:25:00,7938.27,7965.0,7938.0,7959.46,112.589803
2018-04-13 00:30:00,7954.0,7959.46,7919.08,7919.08,258.662919
2018-04-13 00:35:00,7919.08,7919.08,7825.98,7879.97,553.507792
2018-04-13 00:40:00,7879.97,7890.0,7840.05,7844.99,206.679804
2018-04-13 00:45:00,7840.05,7865.0,7790.0,7865.0,377.845668
2018-04-13 00:50:00,7865.0,7911.51,7864.0,7889.99,193.224703
2018-04-13 00:55:00,7888.9,7909.0,7873.06,7900.94,100.368081
2018-04-13 01:00:00,7900.0,7909.0,7874.01,7884.0,125.41902
2018-04-13 01:05:00,7885.16,7891.0,7850.1,7851.69,118.927008
2018-04-13 01:10:00,7851.69,7884.9,7851.69,7884.9,99.810722
2018-04-13 01:15:00,7884.9,7884.99,7863.2,7863.31,113.28069
2018-04-13 01:20:00,7870.02,7878.65,7846.01,7846.01,81.44269
2018-04-13 01:25:00,7850.0,7869.33,7830.0,7831.63,100.251646
2018-04-13 01:30:00,7831.63,7869.99,7818.8,7856.0,155.449903
2018-04-13 01:35:00,7856.7,7870.0,7850.0,7857.03,110.712408
2018-04-13 01:40:00,7861.14,7863.0,7761.35,7765.7,217.715839
2018-04-13 01:45:00,7765.7,7815.36,7732.0,7747.44,314.553054
2018-04-13 01:50:00,7747.44,7820.0,7733.0,7816.75,272.740194
2018-04-13 01:55:00,7815.77,7819.76,7771.0,7793.22,118.176865
2018-04-13 02:00:00,7793.22,7826.82,7791.68,7808.0,147.222878
2018-04-13 02:05:00,7805.02,7821.01,7800.37,7814.99,123.244625
2018-04-13 02:10:00,7814.99,7861.14,7810.01,7861.14,207.292001
2018-04-13 02:15:00,7849.77,7861.14,7840.0,7859.98,179.553968
2018-04-13 02:20:00,7856.72,7874.99,7826.19,7844.52,176.024345
2018-04-13 02:25:00,7844.51,7849.02,7834.11,7845.0,118.501198
2018-04-13 02:30:00,7845.0,7868.99,7829.0,7843.98,143.887654
2018-04-13 02:35:00,7842.75,7863.24,7824.16,7857.6,120.600447
2018-04-13 02:40:00,7854.99,7890.0,7854.99,7882.52,133.535284
2018-04-13 02:45:00,7885.98,7913.42,7875.0,7886.99,236.531332
2018-04-13 02:50:00,7887.03,7916.01,7880.19,7910.16,152.854401
2018-04-13 02:55:00,7910.16,7916.87,7888.0,7895.0,108.647208
2018-04-13 03:00:00,7895.0,7932.0,7892.1,7906.02,173.829415
2018-04-13 03:05:00,7909.99,7915.81,7862.0,7887.85,135.029019
2018-04-13 03:10:00,7885.0,7887.85,7862.0,7865.34,123.123623
2018-04-13 03:15:00,7865.34,7870.0,7862.04,7864.88,96.142939
2018-04-13 03:20:00,7864.63,7877.06,7861.0,7867.0,94.252777
2018-04-13 03:25:00,7867.0,7871.0,7845.0,7855.0,91.646805
2018-04-13 03:30:00,7854.98,7884.99,7845.0,7880.0,103.232271
2018-04-13 03:35:00,7880.0,7882.63,7866.63,7870.0,75.135648
2018-04-13 03:40:00,7870.2,7873.43,7861.97,7873.43,50.037637
2018-04-13 03:45:00,7873.4,7880.16,7835.26,7850.0,159.140743
2018-04-13 03:50:00,7848.0,7850.0,7836.02,7846.0,79.536831
2018-04-13 03:55:00,7846.0,7858.77,7832.78,7832.99,98.476244
2018-04-13 04:00:00,7832.99,7843.01,7815.7,7825.0,102.214893
2018-04-13 04:05:00,7821.0,7836.55,7810.84,7826.61,140.291548
2018-04-13 04:10:00,7822.89,7835.76,7800.0,7812.0,153.090928
2018-04-13 04:15:00,7806.09,7823.0,7790.87,7820.88,141.748535
2018-04-13 04:20:00,7820.59,7829.0,7814.0,7823.89,98.098015
2018-04-13 04:25:00,7826.5,7828.41,7816.0,7818.03,99.638047
2018-04-13 04:30:00,7819.95,7824.0,7808.01,7823.66,102.030776
2018-04-13 04:35:00,7823.64,7828.51,7818.51,7828.0,113.58661
2018-04-13 04:40:00,7827.0,7845.0,7825.0,7844.98,88.552399
2018-04-13 04:45:00,7844.98,7846.62,7835.06,7843.78,93.267074
2018-04-13 04:50:00,7843.78,7843.78,7830.11,7830.11,53.873616
2018-04-13 04:55:00,7834.08,7838.01,7819.01,7827.41,117.764071
2018-04-13 05:00:00,7827.4,7835.0,7819.01,7829.03,81.028347
2018-04-13 05:05:00,7832.4,7833.0,7794.05,7815.99,138.537954
2018-04-13 05:10:00,7813.0,7820.0,7807.62,7814.2,70.159701
2018-04-13 05:15:00,7816.0,7818.0,7790.0,7793.8,213.409729
2018-04-13 05:20:00,7793.8,7800.0,7790.01,7795.93,248.352392
2018-04-13 05:25:00,7795.8,7795.96,7751.0,7775.01,219.806405
2018-04-13 05:30:00,7775.01,7795.99,7768.65,7795.99,237.202128
2018-04-13 05:35:00,7795.99,7813.0,7784.0,7805.0,228.91642
2018-04-13 05:40:00,7805.0,7815.0,7800.0,7810.0,51.23209
2018-04-13 05:45:00,7811.9,7811.98,7802.0,7809.71,78.931389
2018-04-13 05:50:00,7809.49,7809.9,7799.9,7804.93,96.426807
2018-04-13 05:55:00,7800.0,7800.0,7780.0,7783.4,98.818637
2018-04-13 06:00:00,7788.96,7835.0,7779.99,7834.93,167.847872
2018-04-13 06:05:00,7830.01,7870.0,7812.45,7867.0,249.310338
2018-04-13 06:10:00,7867.0,7880.51,7845.0,7858.98,163.388295
2018-04-13 06:15:00,7858.98,7860.0,7820.01,7828.0,122.176753
2018-04-13 06:20:00,7833.12,7845.0,7826.22,7832.0,81.08572
2018-04-13 06:25:00,7832.0,7840.02,7822.0,7833.88,70.485622
2018-04-13 06:30:00,7833.0,7834.49,7820.05,7833.12,61.279441
2018-04-13 06:35:00,7833.13,7859.75,7833.13,7836.0,121.210489
2018-04-13 06:40:00,7836.01,7843.0,7833.0,7836.56,91.078319
2018-04-13 06:45:00,7834.98,7836.56,7820.0,7821.01,119.150002
2018-04-13 06:50:00,7821.02,7828.18,7805.0,7825.0,95.513791
2018-04-13 06:55:00,7824.9,7833.0,7810.0,7829.73,31.916617
2018-04-13 07:00:00,7825.34,7850.0,7820.97,7850.0,137.778571
2018-04-13 07:05:00,7850.0,7875.74,7847.89,7875.74,134.947735
2018-04-13 07:10:00,7870.54,7889.0,7850.0,7852.5,161.819198
2018-04-13 07:15:00,7854.98,7876.25,7851.0,7874.0,87.474219
2018-04-13 07:20:00,7874.93,7936.0,7874.0,7930.47,279.11286
2018-04-13 07:25:00,7935.94,7955.0,7900.15,7924.18,356.165411
2018-04-13 07:30:00,7924.18,7935.14,7888.01,7905.0,190.00251
2018-04-13 07:35:00,7905.0,7922.0,7900.58,7919.99,176.313701
2018-04-13 07:40:00,7919.99,7943.99,7906.94,7943.98,195.686827
2018-04-13 07:45:00,7943.91,8059.0,7940.0,7991.0,898.6122
2018-04-13 07:50:00,7991.02,8122.01,7960.02,8121.97,499.002806
2018-04-13 07:55:00,8107.14,8195.84,8093.0,8093.01,927.376081
2018-04-13 08:00:00,8100.0,8160.0,8085.02,8097.0,523.820749
2018-04-13 08:05:00,8097.0,8133.0,8080.0,8080.0,411.68387
2018-04-13 08:10:00,8084.99,8129.0,8033.0,8111.99,417.537574
2018-04-13 08:15:00,8110.0,8112.0,8080.0,8090.99,198.926715
2018-04-13 08:20:00,8090.99,8104.0,8070.0,8080.61,184.117274
2018-04-13 08:25:00,8080.61,8109.0,8065.0,8095.0,212.995566
2018-04-13 08:30:00,8090.07,8109.46,8080.99,8103.93,199.143337
2018-04-13 08:35:00,8103.93,8148.0,8103.93,8142.98,381.42466
2018-04-13 08:40:00,8142.98,8143.18,8101.99,8118.85,327.162409
2018-04-13 08:45:00,8118.97,8123.59,8110.2,8114.98,217.048196
2018-04-13 08:50:00,8114.98,8123.13,8095.99,8096.86,274.907348
2018-04-13 08:55:00,8096.01,8150.0,8095.99,8133.01,318.192793
2018-04-13 09:00:00,8133.0,8170.0,8122.0,8168.0,261.415144
2018-04-13 09:05:00,8158.0,8169.0,8119.0,8119.0,322.406987
2018-04-13 09:10:00,8119.01,8125.0,8119.0,8123.0,146.143235
2018-04-13 09:15:00,8122.49,8150.0,8122.49,8140.75,264.632827
2018-04-13 09:20:00,8140.75,8163.0,8135.0,8146.99,233.832883
2018-04-13 09:25:00,8150.0,8150.02,8130.1,8135.99,220.915635
2018-04-13 09:30:00,8135.0,8150.0,8100.42,8105.0,350.894778
2018-04-13 09:35:00,8106.0,8121.03,8095.0,8109.9,124.812858
2018-04-13 09:40:00,8109.9,8140.0,8098.0,8124.0,136.076193
2018-04-13 09:45:00,8124.0,8127.79,8087.0,8090.6,212.807271
2018-04-13 09:50:00,8090.6,8110.0,8064.0,8064.0,276.849064
2018-04-13 09:55:00,8062.41,8093.96,8055.0,8066.96,197.060503
2018-04-13 10:00:00,8066.96,8108.0,8055.0,8091.0,186.761813
2018-04-13 10:05:00,8097.0,8097.0,8056.21,8056.21,120.324072
2018-04-13 10:10:00,8056.21,8060.0,8005.0,8050.19,398.566433
2018-04-13 10:15:00,8050.18,8055.0,8016.61,8045.43,270.595269
2018-04-13 10:20:00,8055.0,8060.0,8031.38,8052.61,129.12325
2018-04-13 10:25:00,8052.61,8059.0,8030.04,8044.43,126.621215
2018-04-13 10:30:00,8044.43,8083.7,8037.0,8070.0,143.984031
2018-04-13 10:35:00,8065.33,8091.0,8065.01,8069.19,133.089102
2018-04-13 10:40:00,8066.22,8096.0,8055.0,8089.24,120.968048
2018-04-13 10:45:00,8090.0,8096.0,8057.05,8080.38,158.448338
2018-04-13 10:50:00,8081.93,8083.0,8054.0,8078.32,90.016787
2018-04-13 10:55:00,8078.33,8083.0,8061.01,8062.09,82.218248
2018-04-13 11:00:00,8062.01,8092.0,8052.54,8062.0,155.395449
2018-04-13 11:05:00,8062.0,8110.0,8061.19,8092.0,155.773922
2018-04-13 11:10:00,8094.0,8128.0,8092.0,8114.99,231.317407
2018-04-13 11:15:00,8113.0,8141.0,8101.0,8133.0,325.618005
2018-04-13 11:20:00,8132.02,8133.0,8107.73,8117.0,249.375432
2018-04-13 11:25:00,8117.0,8130.0,8114.0,8117.6,262.055928
2018-04-13 11:30:00,8118.98,8119.99,8090.02,8114.07,228.595655
2018-04-13 11:35:00,8114.07,8117.95,8104.89,8110.98,113.958402
2018-04-13 11:40:00,8110.01,8116.99,8100.01,8116.99,97.624658
2018-04-13 11:45:00,8117.0,8125.6,8103.78,8115.13,211.603267
2018-04-13 11:50:00,8113.0,8116.84,8094.53,8094.53,106.973999
2018-04-13 11:55:00,8094.57,8100.04,8071.0,8091.0,114.71932
2018-04-13 12:00:00,8091.4,8125.6,8088.0,8100.0,257.291692
2018-04-13 12:05:00,8100.04,8118.98,8092.0,8106.62,127.345214
2018-04-13 12:10:00,8100.01,8119.16,8100.0,8115.82,108.749407
2018-04-13 12:15:00,8115.82,8129.9,8115.82,8125.93,219.357852
2018-04-13 12:20:00,8125.93,8126.07,8110.0,8117.09,93.04453
2018-04-13 12:25:00,8117.09,8124.96,8115.01,8124.96,97.822244
2018-04-13 12:30:00,8120.04,8138.09,8117.07,8138.09,154.380547
2018-04-13 12:35:00,8138.33,8180.0,8136.37,8140.0,319.474248
2018-04-13 12:40:00,8140.0,8183.05,8134.16,8180.09,208.464852
2018-04-13 12:45:00,8180.0,8184.57,8158.16,8177.0,148.965829
2018-04-13 12:50:00,8177.0,8233.39,8170.93,8220.0,426.561343
2018-04-13 12:55:00,8220.0,8227.7,8190.09,8193.49,217.971916
2018-04-13 13:00:00,8194.0,8212.66,8149.0,8160.0,383.306573
2018-04-13 13:05:00,8159.36,8179.73,8159.36,8179.73,122.517392
2018-04-13 13:10:00,8175.0,8186.26,8160.0,8170.01,114.353964
2018-04-13 13:15:00,8164.74,8197.0,8163.01,8187.16,132.672339
2018-04-13 13:20:00,8189.99,8220.67,8175.3,8185.04,374.063165
2018-04-13 13:25:00,8185.04,8198.1,8160.02,8197.0,208.177192
2018-04-13 13:30:00,8194.73,8214.15,8179.0,8208.05,171.860656
2018-04-13 13:35:00,8208.15,8210.0,8170.01,8172.03,193.695048
2018-04-13 13:40:00,8172.4,8187.34,8134.13,8135.03,427.081491
2018-04-13 13:45:00,8134.13,8135.03,8020.0,8043.0,915.032023
2018-04-13 13:50:00,8043.0,8088.16,8037.46,8077.75,365.209445
2018-04-13 13:55:00,8077.73,8102.0,8065.01,8096.0,264.967519
2018-04-13 14:00:00,8096.51,8124.63,8090.0,8091.21,319.127589
2018-04-13 14:05:00,8097.83,8102.5,8060.0,8066.0,301.134128
2018-04-13 14:10:00,8065.75,8109.0,8050.0,8075.92,277.708377
2018-04-13 14:15:00,8071.02,8110.3,8060.08,8086.0,144.907202
2018-04-13 14:20:00,8086.0,8086.01,8051.09,8058.94,192.828636
2018-04-13 14:25:00,8052.01,8084.92,8047.75,8058.98,187.276275
2018-04-13 14:30:00,8056.0,8088.57,8013.27,8070.16,366.376559
2018-04-13 14:35:00,8070.16,8083.23,8055.09,8078.0,109.525737
2018-04-13 14:40:00,8078.0,8122.02,8073.0,8107.09,229.126994
2018-04-13 14:45:00,8107.09,8117.0,8087.92,8104.77,128.22136
2018-04-13 14:50:00,8096.52,8106.21,8087.81,8100.14,140.145772
2018-04-13 14:55:00,8106.19,8107.07,8091.69,8099.0,151.81934
2018-04-13 15:00:00,8100.0,8102.0,8075.09,8088.79,114.818334
2018-04-13 15:05:00,8085.94,8115.0,8076.13,8094.51,181.27098
2018-04-13 15:10:00,8094.01,8095.93,8076.13,8082.04,95.5194
2018-04-13 15:15:00,8089.56,8104.69,8068.46,8098.84,302.535328
2018-04-13 15:20:00,8093.0,8109.69,8085.73,8090.97,117.408192
2018-04-13 15:25:00,8090.97,8103.66,8090.0,8100.0,78.962678
2018-04-13 15:30:00,8100.0,8121.13,8100.0,8121.13,112.363542
2018-04-13 15:35:00,8121.13,8121.13,8103.0,8109.39,95.287933
2018-04-13 15:40:00,8109.38,8110.0,8075.5,8079.29,181.099455
2018-04-13 15:45:00,8079.29,8109.0,8078.0,8100.02,140.469395
2018-04-13 15:50:00,8100.01,8115.34,8100.0,8106.98,121.522334
2018-04-13 15:55:00,8106.99,8133.0,8105.0,8125.0,176.466194
2018-04-13 16:00:00,8125.41,8127.0,8103.34,8108.29,105.661681
2018-04-13 16:05:00,8106.01,8114.28,8101.34,8103.9,133.621716
2018-04-13 16:10:00,8103.9,8117.0,8103.9,8116.99,151.485771
2018-04-13 16:15:00,8112.03,8149.0,8104.0,8148.98,154.20026
2018-04-13 16:20:00,8147.0,8157.0,8110.0,8120.0,185.532474
2018-04-13 16:25:00,8117.26,8121.64,8083.99,8093.01,165.254823
2018-04-13 16:30:00,8098.73,8119.93,8093.0,8111.02,94.50811
2018-04-13 16:35:00,8113.61,8132.0,8110.92,8115.77,111.628614
2018-04-13 16:40:00,8115.77,8129.0,8110.69,8117.0,82.000464
2018-04-13 16:45:00,8117.99,8127.0,8110.95,8120.0,73.417588
2018-04-13 16:50:00,8120.0,8135.0,8113.39,8134.86,78.623008
2018-04-13 16:55:00,8125.11,8136.0,8120.02,8130.0,91.533001
2018-04-13 17:00:00,8132.41,8133.26,8116.0,8118.0,93.607304
2018-04-13 17:05:00,8122.4,8126.81,8100.0,8101.08,129.520386
2018-04-13 17:10:00,8102.01,8103.99,8065.05,8089.99,291.690624
2018-04-13 17:15:00,8088.7,8094.68,8069.0,8072.0,168.278876
2018-04-13 17:20:00,8078.82,8108.96,8060.0,8099.77,196.096641
2018-04-13 17:25:00,8100.01,8116.0,8087.85,8112.97,108.839394
2018-04-13 17:30:00,8108.92,8168.0,8106.0,8129.0,294.193159
2018-04-13 17:35:00,8129.41,8137.62,8104.0,8105.57,69.51283
2018-04-13 17:40:00,8107.67,8126.86,8107.67,8121.99,57.330324
2018-04-13 17:45:00,8121.99,8136.43,8121.99,8130.93,103.595457
2018-04-13 17:50:00,8130.93,8135.77,8090.0,8110.0,150.091951
2018-04-13 17:55:00,8109.99,8124.98,8104.44,8114.79,74.856257
2018-04-13 18:00:00,8115.0,8118.0,8092.45,8100.87,91.621503
2018-04-13 18:05:00,8102.98,8115.02,8092.0,8100.01,74.703354
2018-04-13 18:10:00,8100.01,8110.0,8088.0,8100.0,94.280216
2018-04-13 18:15:00,8100.0,8110.0,8100.0,8106.94,63.06718
2018-04-13 18:20:00,8102.66,8106.96,8079.0,8080.5,159.196181
2018-04-13 18:25:00,8080.5,8105.0,8080.5,8103.08,93.34622
2018-04-13 18:30:00,8103.08,8109.02,8092.01,8092.01,68.358494
2018-04-13 18:35:00,8092.01,8100.27,8085.0,8100.0,92.27117
2018-04-13 18:40:00,8100.27,8103.1,8086.0,8103.1,61.351718
2018-04-13 18:45:00,8103.67,8112.0,8094.0,8109.99,90.534126
2018-04-13 18:50:00,8109.97,8115.02,8108.77,8110.0,51.405703
2018-04-13 18:55:00,8110.0,8124.49,8108.0,8117.84,57.723071
2018-04-13 19:00:00,8117.93,8130.0,8091.06,8113.66,115.467673
2018-04-13 19:05:00,8113.66,8120.0,8100.96,8117.0,57.586143
2018-04-13 19:10:00,8120.0,8120.0,8106.01,8111.99,62.609068
2018-04-13 19:15:00,8112.0,8115.0,8100.01,8104.0,62.860176
2018-04-13 19:20:00,8105.0,8110.0,8099.82,8103.0,86.976896
2018-04-13 19:25:00,8103.0,8104.0,8075.02,8086.52,174.758553
2018-04-13 19:30:00,8086.18,8090.0,8070.0,8080.26,142.827567
2018-04-13 19:35:00,8080.26,8095.0,8050.0,8087.98,183.018225
2018-04-13 19:40:00,8095.0,8098.83,8063.1,8068.04,96.847766
2018-04-13 19:45:00,8075.99,8088.01,8068.03,8081.04,66.345059
2018-04-13 19:50:00,8081.04,8108.36,8075.0,8092.09,81.287475
2018-04-13 19:55:00,8094.93,8099.8,8090.02,8094.0,46.695418
2018-04-13 20:00:00,8093.82,8094.0,8080.0,8080.02,66.651039
2018-04-13 20:05:00,8081.04,8109.9,8075.0,8104.92,84.929674
2018-04-13 20:10:00,8104.9,8104.9,8078.37,8085.0,78.116333
2018-04-13 20:15:00,8085.0,8095.0,8061.0,8063.21,103.191458
2018-04-13 20:20:00,8063.21,8078.02,8037.86,8065.09,187.146533
2018-04-13 20:25:00,8074.21,8074.21,8053.61,8053.83,112.791765
2018-04-13 20:30:00,8053.83,8059.0,8030.13,8033.01,176.867744
2018-04-13 20:35:00,8033.01,8033.01,7840.0,7930.0,1529.034434
2018-04-13 20:40:00,7930.0,7950.78,7845.0,7865.53,754.568919
2018-04-13 20:45:00,7870.0,7895.0,7849.0,7880.95,573.143108
2018-04-13 20:50:00,7880.0,7880.95,7823.05,7827.0,539.665517
2018-04-13 20:55:00,7827.0,7885.0,7822.0,7885.0,374.944853
2018-04-13 21:00:00,7885.0,7903.58,7850.85,7860.0,384.972627
2018-04-13 21:05:00,7860.1,7868.0,7801.0,7850.0,439.04493
2018-04-13 21:10:00,7850.0,7855.0,7813.0,7820.0,290.477296
2018-04-13 21:15:00,7829.95,7872.53,7815.53,7859.99,263.305441
2018-04-13 21:20:00,7859.99,7890.0,7851.0,7885.79,169.636045
2018-04-13 21:25:00,7890.0,7897.98,7857.96,7873.0,203.201088
2018-04-13 21:30:00,7873.0,7876.0,7827.02,7849.0,170.454942
2018-04-13 21:35:00,7849.0,7864.98,7846.03,7858.99,131.141357
2018-04-13 21:40:00,7864.88,7864.9,7852.93,7863.99,69.276272
2018-04-13 21:45:00,7863.94,7864.98,7841.47,7850.5,128.700295
2018-04-13 21:50:00,7847.73,7869.0,7838.77,7856.09,132.091543
2018-04-13 21:55:00,7853.84,7866.78,7846.0,7859.74,81.011005
2018-04-13 22:00:00,7864.57,7867.98,7840.92,7849.91,78.810085
2018-04-13 22:05:00,7849.91,7851.0,7780.03,7790.0,455.500614
2018-04-13 22:10:00,7790.0,7802.0,7775.0,7794.99,397.342448
2018-04-13 22:15:00,7791.0,7795.0,7768.47,7780.02,411.026745
2018-04-13 22:20:00,7780.02,7829.89,7774.0,7821.0,258.793148
2018-04-13 22:25:00,7822.11,7825.0,7793.01,7793.2,136.023084
2018-04-13 22:30:00,7793.2,7799.79,7780.0,7787.82,141.691119
2018-04-13 22:35:00,7783.75,7794.0,7781.12,7782.29,140.899286
2018-04-13 22:40:00,7783.0,7819.0,7782.29,7809.9,252.913017
2018-04-13 22:45:00,7803.0,7843.93,7802.29,7833.43,312.799742
2018-04-13 22:50:00,7833.43,7836.0,7820.42,7833.0,140.447646
2018-04-13 22:55:00,7833.0,7899.0,7825.99,7899.0,356.531796
2018-04-13 23:00:00,7895.39,7916.68,7860.0,7896.82,300.24582
2018-04-13 23:05:00,7895.87,7961.42,7885.0,7950.0,316.12582
2018-04-13 23:10:00,7950.0,7967.26,7913.71,7955.0,257.643756
2018-04-13 23:15:00,7955.0,7959.55,7900.0,7930.01,229.046571
2018-04-13 23:20:00,7930.01,7930.01,7900.26,7920.0,149.23171
2018-04-13 23:25:00,7920.01,7960.0,7920.01,7946.0,178.510238
2018-04-13 23:30:00,7950.0,7952.5,7920.01,7943.6,108.020096
2018-04-13 23:35:00,7940.0,7940.0,7920.41,7938.6,141.932459
2018-04-13 23:40:00,7927.45,7934.99,7916.43,7923.01,80.350875
2018-04-13 23:45:00,7923.01,7924.0,7903.0,7903.14,91.816892
2018-04-13 23:50:00,7909.14,7910.0,7846.0,7861.03,181.174083
2018-04-13 23:55:00,7861.02,7888.98,7844.42,7877.41,202.097412
2018-04-14 00:00:00,7877.48,7885.43,7837.0,7849.99,142.737885
2018-04-14 00:05:00,7849.99,7852.23,7825.76,7828.02,138.431528
2018-04-14 00:10:00,7828.02,7838.98,7810.0,7837.0,189.300084
2018-04-14 00:15:00,7837.0,7870.0,7836.99,7864.0,147.482017
2018-04-14 00:20:00,7864.0,7896.38,7854.0,7870.18,173.09219
2018-04-14 00:25:00,7870.18,7877.86,7838.09,7861.05,150.37596
2018-04-14 00:30:00,7862.0,7882.99,7852.07,7852.07,71.511456
2018-04-14 00:35:00,7854.76,7860.0,7840.0,7860.0,111.928401
2018-04-14 00:40:00,7860.0,7874.31,7855.43,7860.0,96.956266
2018-04-14 00:45:00,7859.0,7909.9,7855.44,7898.0,135.336511
2018-04-14 00:50:00,7906.21,7924.92,7881.21,7916.89,180.448366
2018-04-14 00:55:00,7915.69,7916.9,7887.47,7910.21,115.890187
2018-04-14 01:00:00,7910.21,7916.91,7900.0,7903.02,122.330674
2018-04-14 01:05:00,7903.0,7925.0,7900.01,7916.91,60.361551
2018-04-14 01:10:00,7918.98,7924.0,7910.0,7922.95,99.170568
2018-04-14 01:15:00,7923.0,7949.99,7922.0,7941.96,150.409484
2018-04-14 01:20:00,7941.96,8048.0,7940.0,8038.0,459.348038
2018-04-14 01:25:00,8040.0,8049.99,7979.21,7985.65,238.01507
2018-04-14 01:30:00,7985.33,8030.0,7984.01,8020.99,179.755255
2018-04-14 01:35:00,8020.0,8030.0,7987.36,8000.0,229.602172
2018-04-14 01:40:00,8002.0,8059.71,8000.0,8045.81,175.717485
2018-04-14 01:45:00,8045.81,8095.0,8035.0,8060.0,266.100668
2018-04-14 01:50:00,8059.98,8076.23,8030.0,8072.4,147.728418
2018-04-14 01:55:00,8069.73,8072.4,8040.05,8065.24,128.508326
2018-04-14 02:00:00,8069.43,8075.23,8041.0,8041.02,107.565119
2018-04-14 02:05:00,8042.01,8052.34,8024.39,8045.0,128.627721
2018-04-14 02:10:00,8045.0,8047.65,8030.05,8035.02,71.206114
2018-04-14 02:15:00,8035.51,8044.0,8002.95,8018.99,120.324892
2018-04-14 02:20:00,8018.99,8040.71,8012.68,8039.16,91.132242
2018-04-14 02:25:00,8039.16,8066.66,8039.16,8064.23,123.55183
2018-04-14 02:30:00,8064.42,8070.0,8049.29,8065.05,85.482403
2018-04-14 02:35:00,8070.0,8090.0,8058.0,8058.32,113.887951
2018-04-14 02:40:00,8060.0,8068.35,8053.15,8064.98,92.609645
2018-04-14 02:45:00,8067.23,8074.0,8063.99,8067.87,71.598507
2018-04-14 02:50:00,8067.87,8068.44,8026.0,8047.48,103.611012
2018-04-14 02:55:00,8047.48,8047.48,8026.6,8033.59,58.728934
2018-04-14 03:00:00,8033.58,8036.0,8008.0,8009.95,101.498267
2018-04-14 03:05:00,8009.97,8044.04,8009.95,8040.34,76.476045
2018-04-14 03:10:00,8040.0,8042.95,8005.0,8005.98,100.414701
2018-04-14 03:15:00,8005.0,8030.0,8000.01,8022.5,64.020968
2018-04-14 03:20:00,8022.49,8032.0,8016.0,8019.98,91.109965
2018-04-14 03:25:00,8019.97,8025.47,8016.01,8017.69,108.881918
2018-04-14 03:30:00,8017.57,8024.85,8016.68,8018.79,51.764191
2018-04-14 03:35:00,8019.99,8056.0,8017.0,8046.96,230.026798
2018-04-14 03:40:00,8043.19,8047.69,8021.0,8024.0,84.312166
2018-04-14 03:45:00,8024.0,8031.34,8021.03,8024.99,69.614193
2018-04-14 03:50:00,8023.63,8060.0,8022.27,8043.01,131.766632
2018-04-14 03:55:00,8043.96,8049.31,8033.65,8044.66,46.356757
2018-04-14 04:00:00,8044.67,8045.0,8021.99,8029.42,69.087145
2018-04-14 04:05:00,8025.0,8033.44,8024.0,8030.99,49.196153
2018-04-14 04:10:00,8031.0,8031.3,8025.0,8030.02,33.818639
2018-04-14 04:15:00,8031.0,8033.0,8022.68,8022.9,86.804283
2018-04-14 04:20:00,8028.0,8046.76,8025.91,8035.01,144.365376
2018-04-14 04:25:00,8035.01,8040.78,8032.0,8033.01,50.86388
2018-04-14 04:30:00,8034.9,8039.9,8025.07,8031.45,61.39104
2018-04-14 04:35:00,8031.45,8031.51,7960.0,7969.6,309.674991
2018-04-14 04:40:00,7969.38,8005.09,7935.15,8000.01,269.682202
2018-04-14 04:45:00,8000.28,8000.29,7972.69,7985.64,113.823399
2018-04-14 04:50:00,7988.45,7993.0,7938.72,7956.0,184.664084
2018-04-14 04:55:00,7956.0,7965.0,7940.14,7960.01,112.495472
2018-04-14 05:00:00,7960.01,7997.74,7960.0,7977.32,114.400198
2018-04-14 05:05:00,7984.99,7985.0,7959.0,7972.02,120.126598
2018-04-14 05:10:00,7972.07,8009.72,7972.03,7998.34,89.134022
2018-04-14 05:15:00,8003.3,8025.13,8000.0,8012.19,88.098808
2018-04-14 05:20:00,8010.0,8017.0,8004.0,8015.0,62.105629
2018-04-14 05:25:00,8015.88,8017.0,7983.39,7999.89,80.021368
2018-04-14 05:30:00,7996.0,8007.0,7972.02,8000.0,59.305267
2018-04-14 05:35:00,8000.0,8003.82,7968.34,7985.9,75.764221
2018-04-14 05:40:00,7985.9,7990.03,7980.08,7980.1,34.692625
2018-04-14 05:45:00,7980.08,7984.95,7970.01,7980.01,59.001336
2018-04-14 05:50:00,7980.01,7992.9,7949.07,7975.81,98.349032
2018-04-14 05:55:00,7977.72,7980.0,7955.02,7957.36,70.324168
2018-04-14 06:00:00,7963.99,7967.0,7955.0,7963.74,70.617416
2018-04-14 06:05:00,7960.0,7982.0,7959.33,7978.39,60.698861
2018-04-14 06:10:00,7975.44,7982.02,7960.0,7972.01,65.726211
2018-04-14 06:15:00,7974.99,7979.85,7960.0,7974.15,57.499984
2018-04-14 06:20:00,7974.01,8013.57,7974.01,7995.3,136.381592
2018-04-14 06:25:00,7991.99,7995.3,7983.03,7984.12,58.029039
2018-04-14 06:30:00,7984.53,8000.0,7984.1,7995.82,163.174462
2018-04-14 06:35:00,7995.82,7999.99,7988.0,7991.01,44.356672
2018-04-14 06:40:00,7991.02,8018.73,7988.01,8000.23,177.293655
2018-04-14 06:45:00,8007.41,8016.97,8001.0,8016.34,149.876584
2018-04-14 06:50:00,8016.34,8020.0,8009.01,8016.99,128.1026
2018-04-14 06:55:00,8016.99,8023.28,8009.01,8018.0,96.952909
2018-04-14 07:00:00,8019.88,8019.9,7986.13,7993.22,113.529421
2018-04-14 07:05:00,7993.2,8016.8,7990.0,8004.0,65.895474
2018-04-14 07:10:00,8004.98,8012.98,8001.01,8006.02,45.526911
2018-04-14 07:15:00,8007.35,8040.0,8004.03,8032.74,94.700492
2018-04-14 07:20:00,8040.0,8130.3,8036.7,8113.65,554.276261
2018-04-14 07:25:00,8113.92,8150.0,8107.44,8125.16,232.109674
2018-04-14 07:30:00,8125.16,8186.0,8125.0,8149.79,399.738197
2018-04-14 07:35:00,8144.02,8155.0,8125.16,8131.0,162.613861
2018-04-14 07:40:00,8133.29,8161.46,8132.0,8143.39,142.789112
2018-04-14 07:45:00,8144.92,8151.0,8133.0,8141.22,115.257475
2018-04-14 07:50:00,8144.84,8151.0,8125.2,8125.2,96.550497
2018-04-14 07:55:00,8125.16,8135.0,8112.91,8127.74,118.868311
2018-04-14 08:00:00,8129.99,8132.0,8113.05,8117.27,122.586391
2018-04-14 08:05:00,8119.44,8175.0,8100.0,8150.05,211.283742
2018-04-14 08:10:00,8150.88,8161.8,8141.01,8147.0,89.237309
2018-04-14 08:15:00,8146.99,8158.0,8138.19,8143.14,114.101338
2018-04-14 08:20:00,8146.05,8150.0,8130.54,8139.99,93.91518
2018-04-14 08:25:00,8139.99,8146.0,8113.15,8126.01,84.12189
2018-04-14 08:30:00,8126.01,8130.0,8071.01,8090.0,231.077178
2018-04-14 08:35:00,8088.83,8115.0,8085.03,8087.63,78.540634
2018-04-14 08:40:00,8087.63,8145.11,8085.03,8110.0,121.579424
2018-04-14 08:45:00,8110.0,8127.0,8083.52,8116.99,136.455575
2018-04-14 08:50:00,8118.16,8128.0,8090.6,8121.8,57.953851
2018-04-14 08:55:00,8118.99,8122.0,8095.68,8100.07,46.381281
2018-04-14 09:00:00,8100.12,8118.0,8098.53,8109.22,59.138323
2018-04-14 09:05:00,8109.21,8119.98,8105.0,8112.11,43.260234
2018-04-14 09:10:00,8112.0,8114.66,8075.0,8075.0,153.10033
2018-04-14 09:15:00,8080.0,8097.29,8061.0,8082.0,120.37028
2018-04-14 09:20:00,8082.0,8091.99,8070.0,8088.62,81.438808
2018-04-14 09:25:00,8088.62,8108.9,8088.62,8091.03,73.169172
2018-04-14 09:30:00,8099.96,8107.88,8091.03,8099.0,104.645145
2018-04-14 09:35:00,8098.0,8105.0,8085.0,8093.0,46.293758
2018-04-14 09:40:00,8093.92,8095.0,7992.9,8019.19,470.403433
2018-04-14 09:45:00,8019.19,8043.31,8005.1,8013.0,154.039982
2018-04-14 09:50:00,8014.0,8050.07,8011.49,8027.0,127.811112
2018-04-14 09:55:00,8029.69,8040.0,8015.0,8040.0,88.093412
2018-04-14 10:00:00,8035.22,8040.0,8025.0,8026.0,28.244624
2018-04-14 10:05:00,8026.74,8026.74,8000.33,8017.06,98.353364
2018-04-14 10:10:00,8017.06,8047.69,8015.86,8030.26,83.546113
2018-04-14 10:15:00,8035.58,8065.9,8030.0,8052.99,168.132655
2018-04-14 10:20:00,8052.99,8053.0,8020.59,8026.0,58.060474
2018-04-14 10:25:00,8026.0,8042.39,8015.91,8025.0,45.221686
2018-04-14 10:30:00,8025.0,8041.99,7967.0,7970.87,250.555603
2018-04-14 10:35:00,7983.51,7996.99,7957.0,7979.23,218.981418
2018-04-14 10:40:00,7987.0,7991.01,7970.05,7980.82,85.674803
2018-04-14 10:45:00,7979.99,7979.99,7930.0,7930.46,191.789507
2018-04-14 10:50:00,7930.46,7958.8,7915.0,7944.04,229.587632
2018-04-14 10:55:00,7944.04,7954.94,7932.75,7936.34,120.945729
2018-04-14 11:00:00,7940.0,7979.99,7920.81,7950.0,127.910892
2018-04-14 11:05:00,7950.0,7987.0,7950.0,7984.84,78.406515
2018-04-14 11:10:00,7981.0,7987.0,7952.02,7986.96,71.790193
2018-04-14 11:15:00,7986.07,7988.0,7965.04,7974.8,68.28102
2018-04-14 11:20:00,7971.59,7987.0,7966.87,7978.07,75.978862
2018-04-14 11:25:00,7978.71,8010.2,7973.04,7999.0,99.59134
2018-04-14 11:30:00,7999.0,8015.0,7984.47,7987.48,246.60511
2018-04-14 11:35:00,7987.3,8000.0,7970.0,7979.0,86.690176
2018-04-14 11:40:00,7973.16,7998.0,7966.87,7973.22,85.938202
2018-04-14 11:45:00,7977.14,7991.88,7935.0,7977.4,116.379924
2018-04-14 11:50:00,7977.4,7978.65,7947.61,7951.92,66.83025
2018-04-14 11:55:00,7951.92,7965.32,7933.11,7965.32,86.304887
2018-04-14 12:00:00,7965.0,7987.83,7959.03,7963.06,79.00378
2018-04-14 12:05:00,7963.06,7970.02,7954.73,7963.0,61.002023
2018-04-14 12:10:00,7957.0,7962.99,7933.0,7946.06,108.683825
2018-04-14 12:15:00,7948.59,7959.89,7943.0,7951.0,71.221713
2018-04-14 12:20:00,7951.07,7970.51,7946.01,7951.01,120.127086
2018-04-14 12:25:00,7951.01,7955.44,7921.19,7927.0,162.13967
2018-04-14 12:30:00,7927.0,7932.35,7850.0,7870.01,509.037544
2018-04-14 12:35:00,7870.01,7907.0,7864.02,7884.92,226.327425
2018-04-14 12:40:00,7880.01,7895.0,7849.46,7870.69,206.671351
2018-04-14 12:45:00,7870.69,7876.98,7850.03,7871.59,188.666686
2018-04-14 12:50:00,7871.84,7895.0,7871.59,7892.1,197.588079
2018-04-14 12:55:00,7892.1,7893.09,7852.1,7878.0,251.737405
2018-04-14 13:00:00,7878.0,7944.0,7867.11,7922.71,251.815848
2018-04-14 13:05:00,7924.46,7934.69,7903.91,7908.88,116.150834
2018-04-14 13:10:00,7909.0,7926.0,7900.0,7911.0,158.359194
2018-04-14 13:15:00,7911.0,7925.0,7911.0,7919.44,130.028615
2018-04-14 13:20:00,7916.15,7918.98,7881.11,7916.0,222.219628
2018-04-14 13:25:00,7916.0,7948.51,7895.0,7944.23,165.007111
2018-04-14 13:30:00,7938.0,7948.52,7916.0,7935.11,152.714463
2018-04-14 13:35:00,7931.01,7948.52,7917.39,7922.95,103.206997
2018-04-14 13:40:00,7922.96,7933.01,7920.91,7928.0,55.751125
2018-04-14 13:45:00,7925.58,7939.64,7925.58,7936.01,102.598065
2018-04-14 13:50:00,7937.02,7970.0,7930.12,7969.87,162.79118
2018-04-14 13:55:00,7969.87,7969.87,7957.0,7965.18,123.854886
2018-04-14 14:00:00,7964.0,7976.9,7957.19,7959.0,120.87627
2018-04-14 14:05:00,7959.01,7971.0,7940.5,7947.0,136.268087
2018-04-14 14:10:00,7946.85,7952.99,7934.0,7940.87,117.137823
2018-04-14 14:15:00,7946.0,7949.1,7937.0,7939.49,98.605394
2018-04-14 14:20:00,7939.35,7942.08,7937.0,7937.01,50.914875
2018-04-14 14:25:00,7937.01,7937.01,7905.63,7924.01,120.937645
2018-04-14 14:30:00,7927.84,7942.1,7921.1,7934.01,66.568711
2018-04-14 14:35:00,7934.01,7939.74,7930.0,7932.75,80.17097
2018-04-14 14:40:00,7935.74,7940.0,7910.01,7915.41,110.813877
2018-04-14 14:45:00,7915.41,7946.41,7915.41,7937.0,112.69254
2018-04-14 14:50:00,7937.0,7965.0,7926.55,7953.48,116.497187
2018-04-14 14:55:00,7953.49,7978.51,7947.47,7975.01,131.837472
2018-04-14 15:00:00,7975.08,7983.5,7945.24,7961.0,216.348691
2018-04-14 15:05:00,7965.0,7969.99,7953.31,7967.61,79.152862
2018-04-14 15:10:00,7967.43,7972.28,7960.0,7961.0,34.811446
2018-04-14 15:15:00,7961.0,7983.0,7953.3,7971.0,101.623041
2018-04-14 15:20:00,7971.01,7993.99,7962.89,7990.99,102.133497
2018-04-14 15:25:00,7990.99,7990.99,7959.0,7971.99,107.216975
2018-04-14 15:30:00,7966.32,7978.0,7966.32,7971.9,163.242612
2018-04-14 15:35:00,7971.91,7977.3,7960.5,7966.52,95.283325
2018-04-14 15:40:00,7966.51,7974.98,7960.3,7968.1,56.989204
2018-04-14 15:45:00,7965.48,7972.97,7962.5,7970.02,38.992973
2018-04-14 15:50:00,7971.5,7972.97,7960.46,7966.41,74.552702
2018-04-14 15:55:00,7967.26,7969.98,7951.0,7955.01,87.298756
2018-04-14 16:00:00,7955.02,7958.97,7917.0,7939.55,127.332795
2018-04-14 16:05:00,7939.55,7944.99,7917.56,7929.0,88.640557
2018-04-14 16:10:00,7935.0,7943.0,7921.0,7922.02,64.395221
2018-04-14 16:15:00,7925.27,7960.0,7921.03,7957.89,111.92518
2018-04-14 16:20:00,7952.81,7969.9,7950.01,7961.0,61.939761
2018-04-14 16:25:00,7961.0,7964.01,7950.0,7957.77,61.674607
2018-04-14 16:30:00,7955.72,7979.9,7955.72,7977.0,131.372398
2018-04-14 16:35:00,7977.0,7978.9,7970.9,7973.02,75.05082
2018-04-14 16:40:00,7973.1,7987.22,7972.7,7983.0,133.9063
2018-04-14 16:45:00,7980.21,7983.0,7950.0,7965.86,130.311243
2018-04-14 16:50:00,7965.88,7983.2,7965.0,7978.0,149.117739
2018-04-14 16:55:00,7978.27,8010.0,7970.52,8000.0,198.378736
2018-04-14 17:00:00,8004.28,8004.28,7985.01,7994.73,89.564065
2018-04-14 17:05:00,7994.73,7994.73,7975.0,7975.93,94.678865
2018-04-14 17:10:00,7975.95,7983.98,7975.94,7980.94,52.643531
2018-04-14 17:15:00,7976.03,7982.0,7936.02,7964.48,192.505421
2018-04-14 17:20:00,7964.48,7970.0,7942.12,7962.0,59.962502
2018-04-14 17:25:00,7962.0,7971.68,7945.01,7961.29,73.21429
2018-04-14 17:30:00,7963.29,7974.76,7957.0,7971.0,64.491451
2018-04-14 17:35:00,7971.0,7974.0,7957.17,7970.0,54.531477
2018-04-14 17:40:00,7961.12,7967.74,7940.0,7940.77,55.04845
2018-04-14 17:45:00,7949.52,7958.39,7941.02,7945.11,41.812109
2018-04-14 17:50:00,7955.0,7955.0,7945.11,7954.0,38.789558
2018-04-14 17:55:00,7954.0,7980.0,7951.01,7972.55,104.554874
2018-04-14 18:00:00,7972.55,7980.0,7952.85,7955.02,79.850588
2018-04-14 18:05:00,7956.0,7963.31,7944.02,7945.0,84.42702
2018-04-14 18:10:00,7945.0,7979.0,7943.4,7970.48,70.557736
2018-04-14 18:15:00,7971.81,7993.0,7963.61,7992.95,80.363509
2018-04-14 18:20:00,7987.18,7995.0,7959.49,7969.48,75.19449
2018-04-14 18:25:00,7964.97,7975.51,7952.5,7967.09,56.861036
2018-04-14 18:30:00,7967.08,7977.78,7960.51,7962.0,32.760945
2018-04-14 18:35:00,7971.78,7974.0,7961.29,7967.01,33.073008
2018-04-14 18:40:00,7967.01,7980.0,7957.58,7980.0,40.498797
2018-04-14 18:45:00,7980.0,7992.7,7976.0,7979.0,46.279311
2018-04-14 18:50:00,7978.99,7984.0,7968.65,7983.07,40.814014
2018-04-14 18:55:00,7984.0,8046.63,7983.4,8028.0,232.866745
2018-04-14 19:00:00,8028.0,8045.0,7994.23,8013.44,130.40407
2018-04-14 19:05:00,8013.43,8020.0,8009.71,8013.0,58.225589
2018-04-14 19:10:00,8013.0,8023.76,8010.02,8022.0,47.173955
2018-04-14 19:15:00,8022.0,8040.0,8012.0,8035.01,43.529695
2018-04-14 19:20:00,8039.98,8042.27,8030.47,8036.01,51.332641
2018-04-14 19:25:00,8036.32,8036.32,8006.01,8015.03,77.167504
2018-04-14 19:30:00,8020.87,8021.0,7986.03,7989.97,90.945655
2018-04-14 19:35:00,7989.82,8014.48,7978.0,8004.0,75.418519
2018-04-14 19:40:00,8006.99,8013.0,7988.12,8000.0,53.373438
2018-04-14 19:45:00,8000.0,8009.89,8000.0,8006.0,28.943202
2018-04-14 19:50:00,8005.01,8021.0,7999.8,8021.0,47.473812
2018-04-14 19:55:00,8021.2,8023.0,8018.01,8022.0,35.242281
2018-04-14 20:00:00,8022.0,8024.0,8015.0,8017.26,54.325718
2018-04-14 20:05:00,8017.28,8022.5,8006.19,8014.99,46.228008
2018-04-14 20:10:00,8014.99,8022.88,8014.99,8017.0,48.858572
2018-04-14 20:15:00,8017.0,8031.5,8016.23,8030.96,49.365748
2018-04-14 20:20:00,8030.96,8031.31,8006.19,8010.0,36.020241
2018-04-14 20:25:00,8010.0,8060.01,8000.0,8059.99,187.567046
2018-04-14 20:30:00,8059.99,8065.0,8040.11,8050.0,108.743799
2018-04-14 20:35:00,8050.0,8087.0,8046.01,8075.0,119.901452
2018-04-14 20:40:00,8073.03,8076.44,8062.89,8070.67,57.014265
2018-04-14 20:45:00,8072.94,8075.02,8046.0,8062.39,76.973125
2018-04-14 20:50:00,8065.0,8079.86,8056.02,8074.99,54.963704
2018-04-14 20:55:00,8079.56,8079.56,8067.16,8077.96,72.824324
2018-04-14 21:00:00,8077.96,8087.53,8067.16,8085.98,75.897871
2018-04-14 21:05:00,8086.77,8090.23,8085.98,8086.78,74.301847
2018-04-14 21:10:00,8087.0,8087.0,8062.0,8071.98,65.361485
2018-04-14 21:15:00,8067.22,8072.32,8056.0,8064.89,39.976697
2018-04-14 21:20:00,8064.89,8080.0,8064.0,8074.0,39.116363
2018-04-14 21:25:00,8074.0,8080.0,8035.29,8063.95,90.988602
2018-04-14 21:30:00,8060.53,8063.96,8054.0,8062.5,41.875131
2018-04-14 21:35:00,8060.0,8062.88,8045.03,8053.84,42.603703
2018-04-14 21:40:00,8053.85,8053.85,8030.01,8040.0,59.175265
2018-04-14 21:45:00,8035.51,8040.0,8030.0,8038.0,54.915464
2018-04-14 21:50:00,8033.04,8052.0,8033.0,8046.0,76.372593
2018-04-14 21:55:00,8049.99,8063.7,8046.0,8058.47,89.734377
2018-04-14 22:00:00,8058.48,8069.47,8052.9,8063.0,66.134467
2018-04-14 22:05:00,8068.33,8068.33,8061.12,8068.3,22.013774
2018-04-14 22:10:00,8067.96,8068.43,8050.0,8058.0,69.751246
2018-04-14 22:15:00,8058.0,8058.0,8050.11,8054.81,70.589163
2018-04-14 22:20:00,8050.3,8069.01,8045.01,8066.72,72.838075
2018-04-14 22:25:00,8066.72,8084.0,8057.59,8071.0,107.522433
2018-04-14 22:30:00,8077.45,8077.47,8050.75,8064.5,32.801865
2018-04-14 22:35:00,8064.5,8066.5,8056.1,8064.0,43.947082
2018-04-14 22:40:00,8064.0,8079.49,8061.0,8070.0,110.733063
2018-04-14 22:45:00,8068.0,8077.0,8060.0,8072.01,78.177062
2018-04-14 22:50:00,8072.01,8078.44,8060.01,8068.61,78.121416
2018-04-14 22:55:00,8064.99,8068.61,8060.01,8060.22,48.32555
2018-04-14 23:00:00,8060.14,8063.99,8041.41,8044.01,69.928082
2018-04-14 23:05:00,8042.0,8044.01,8007.52,8028.91,123.755947
2018-04-14 23:10:00,8028.91,8045.0,8023.08,8040.5,64.192269
2018-04-14 23:15:00,8040.5,8046.75,8027.51,8041.01,66.159449
2018-04-14 23:20:00,8035.9,8043.0,8025.0,8030.0,47.457141
2018-04-14 23:25:00,8030.0,8040.0,8023.09,8038.33,59.377816
2018-04-14 23:30:00,8038.32,8038.38,7941.0,7964.97,273.203322
2018-04-14 23:35:00,7964.97,7991.86,7950.32,7978.98,123.535779
2018-04-14 23:40:00,7978.96,8015.0,7970.0,8000.0,185.702773
2018-04-14 23:45:00,7990.12,8003.58,7984.05,7997.06,86.730512
2018-04-14 23:50:00,7997.07,7999.0,7984.27,7986.05,40.298857
2018-04-14 23:55:00,7987.05,8005.0,7984.25,7999.01,78.930937
2018-04-15 00:00:00,8004.0,8100.0,7999.02,8071.53,343.748475
2018-04-15 00:05:00,8079.71,8082.0,8051.41,8060.06,148.834149
2018-04-15 00:10:00,8066.97,8120.0,8064.99,8105.65,243.719276
2018-04-15 00:15:00,8105.59,8106.93,8050.0,8084.04,216.097549
2018-04-15 00:20:00,8084.05,8085.0,8043.14,8072.0,133.785365
2018-04-15 00:25:00,8070.71,8084.13,8065.01,8077.72,74.030455
2018-04-15 00:30:00,8077.72,8133.0,8076.04,8105.12,253.852236
2018-04-15 00:35:00,8103.0,8109.0,8070.9,8087.73,115.316071
2018-04-15 00:40:00,8087.73,8088.56,8060.49,8077.0,75.521179
2018-04-15 00:45:00,8077.0,8081.66,8060.48,8068.0,65.725811
2018-04-15 00:50:00,8074.0,8075.59,8032.0,8061.42,91.073383
2018-04-15 00:55:00,8061.42,8078.12,8055.0,8067.87,57.742979
2018-04-15 01:00:00,8067.86,8075.49,8037.94,8055.2,127.800303
2018-04-15 01:05:00,8055.2,8105.68,8055.2,8098.17,130.904445
2018-04-15 01:10:00,8098.17,8101.49,8072.59,8076.55,63.618587
2018-04-15 01:15:00,8075.02,8095.79,8075.0,8080.3,38.324024
2018-04-15 01:20:00,8083.15,8100.09,8080.32,8100.09,58.871321
2018-04-15 01:25:00,8100.0,8116.24,8087.11,8095.05,101.894267
2018-04-15 01:30:00,8095.05,8100.0,8080.0,8100.0,63.157872
2018-04-15 01:35:00,8098.0,8103.52,8077.0,8089.03,54.429134
2018-04-15 01:40:00,8092.79,8099.0,8089.85,8099.0,28.412232
2018-04-15 01:45:00,8097.0,8103.52,8083.03,8095.01,66.578449
2018-04-15 01:50:00,8096.0,8131.0,8095.07,8113.0,174.113656
2018-04-15 01:55:00,8118.69,8124.6,8107.0,8113.02,84.989004
2018-04-15 02:00:00,8113.2,8118.45,8092.51,8092.52,105.439511
2018-04-15 02:05:00,8092.52,8109.99,8080.71,8094.0,75.681631
2018-04-15 02:10:00,8094.01,8100.0,8090.11,8097.78,53.515262
2018-04-15 02:15:00,8097.39,8105.0,8092.03,8098.0,54.473987
2018-04-15 02:20:00,8099.99,8130.0,8098.18,8122.98,134.953943
2018-04-15 02:25:00,8123.02,8126.98,8102.33,8104.05,70.845152
2018-04-15 02:30:00,8104.05,8118.98,8104.04,8114.5,51.770254
2018-04-15 02:35:00,8114.06,8115.11,8100.0,8100.54,89.219907
2018-04-15 02:40:00,8100.55,8104.0,8091.0,8091.08,45.302965
2018-04-15 02:45:00,8091.0,8091.08,8077.0,8077.0,67.114806
2018-04-15 02:50:00,8077.0,8094.9,8071.51,8089.98,93.203416
2018-04-15 02:55:00,8089.98,8098.01,8080.21,8095.03,58.157895
2018-04-15 03:00:00,8097.55,8097.78,8081.33,8087.06,73.891187
2018-04-15 03:05:00,8090.0,8092.0,8059.47,8078.99,89.193343
2018-04-15 03:10:00,8078.0,8105.37,8073.27,8099.0,39.382327
2018-04-15 03:15:00,8095.2,8105.0,8080.43,8085.0,30.930921
2018-04-15 03:20:00,8085.0,8099.0,8082.02,8092.65,39.150185
2018-04-15 03:25:00,8092.54,8100.2,8085.18,8088.25,26.119823
2018-04-15 03:30:00,8088.25,8099.99,8083.01,8086.53,50.829538
2018-04-15 03:35:00,8088.0,8092.09,8073.0,8073.0,70.676743
2018-04-15 03:40:00,8075.95,8098.8,8073.0,8086.99,55.274527
2018-04-15 03:45:00,8087.0,8097.57,8075.62,8079.86,54.980378
2018-04-15 03:50:00,8084.2,8084.2,8076.0,8078.19,26.73794
2018-04-15 03:55:00,8078.0,8085.0,8078.0,8083.99,26.112902
2018-04-15 04:00:00,8084.0,8099.99,8081.0,8090.15,75.093443
2018-04-15 04:05:00,8090.14,8105.37,8086.0,8103.0,71.625483
2018-04-15 04:10:00,8103.0,8103.09,8094.28,8098.55,51.463825
2018-04-15 04:15:00,8098.33,8116.4,8095.56,8109.87,66.473117
2018-04-15 04:20:00,8108.0,8149.0,8100.01,8148.01,142.015774
2018-04-15 04:25:00,8137.1,8150.0,8114.49,8116.98,198.060336
2018-04-15 04:30:00,8115.95,8130.45,8090.63,8104.67,82.590489
2018-04-15 04:35:00,8103.09,8125.0,8102.01,8120.0,42.662153
2018-04-15 04:40:00,8120.01,8120.12,8103.0,8106.99,94.335825
2018-04-15 04:45:00,8106.0,8115.15,8102.12,8110.0,38.604814
2018-04-15 04:50:00,8108.09,8119.0,8106.0,8114.65,52.31238
2018-04-15 04:55:00,8114.0,8122.98,8110.0,8116.0,42.712003
2018-04-15 05:00:00,8116.14,8130.0,8101.03,8110.0,100.457767
2018-04-15 05:05:00,8110.0,8120.0,8050.0,8080.0,203.107902
2018-04-15 05:10:00,8080.02,8115.0,8080.0,8096.29,72.498176
2018-04-15 05:15:00,8096.0,8115.0,8096.0,8101.34,65.570907
2018-04-15 05:20:00,8101.34,8112.99,8096.0,8106.0,33.957534
2018-04-15 05:25:00,8106.09,8110.0,8100.52,8105.11,58.125982
2018-04-15 05:30:00,8105.11,8125.0,8100.53,8113.9,66.802176
2018-04-15 05:35:00,8109.03,8122.54,8105.7,8117.0,35.399842
2018-04-15 05:40:00,8117.01,8119.24,8101.0,8115.0,58.167019
2018-04-15 05:45:00,8114.99,8129.0,8114.99,8123.0,56.409361
2018-04-15 05:50:00,8122.01,8122.75,8114.9,8120.04,28.559891
2018-04-15 05:55:00,8120.04,8128.0,8111.0,8128.0,34.577586
2018-04-15 06:00:00,8127.02,8128.0,8111.61,8117.15,68.498865
2018-04-15 06:05:00,8116.96,8125.0,8114.83,8124.94,121.567881
2018-04-15 06:10:00,8120.06,8130.0,8120.06,8129.36,73.38719
2018-04-15 06:15:00,8129.36,8129.72,8115.01,8119.46,41.520271
2018-04-15 06:20:00,8120.0,8125.0,8115.37,8117.7,35.17524
2018-04-15 06:25:00,8117.7,8122.0,8089.0,8089.0,141.983837
2018-04-15 06:30:00,8088.19,8117.75,8081.0,8108.01,107.299935
2018-04-15 06:35:00,8108.01,8113.0,8099.0,8100.0,64.587336
2018-04-15 06:40:00,8103.97,8112.0,8100.0,8104.9,37.009037
2018-04-15 06:45:00,8104.76,8113.89,8100.5,8113.0,26.188986
2018-04-15 06:50:00,8113.0,8117.99,8106.0,8116.57,52.321427
2018-04-15 06:55:00,8116.58,8128.0,8111.0,8111.15,50.53539
2018-04-15 07:00:00,8118.84,8120.86,8101.9,8101.9,64.051542
2018-04-15 07:05:00,8101.9,8109.45,8093.98,8099.97,63.14138
2018-04-15 07:10:00,8099.97,8100.0,8081.0,8092.0,62.579226
2018-04-15 07:15:00,8092.0,8094.99,8083.08,8087.05,66.885894
2018-04-15 07:20:00,8087.05,8092.0,8075.38,8090.0,51.540378
2018-04-15 07:25:00,8090.46,8102.23,8088.63,8095.0,52.703396
2018-04-15 07:30:00,8095.0,8099.56,8086.0,8091.13,55.624058
2018-04-15 07:35:00,8092.0,8100.0,8086.2,8090.01,29.308742
2018-04-15 07:40:00,8090.01,8097.79,8085.05,8085.06,30.150593
2018-04-15 07:45:00,8085.05,8090.0,8072.97,8076.89,69.625941
2018-04-15 07:50:00,8078.32,8083.34,8066.39,8066.39,46.972343
2018-04-15 07:55:00,8067.0,8088.56,8066.39,8074.99,63.176589
2018-04-15 08:00:00,8074.91,8080.02,8072.1,8078.87,57.077882
2018-04-15 08:05:00,8080.0,8088.0,8076.54,8086.55,44.66094
2018-04-15 08:10:00,8086.55,8094.0,8080.35,8083.55,49.987516
2018-04-15 08:15:00,8086.05,8100.0,8085.0,8088.0,57.928708
2018-04-15 08:20:00,8088.0,8106.0,8082.17,8090.01,116.05292
2018-04-15 08:25:00,8090.0,8095.0,8085.0,8085.95,54.340719
2018-04-15 08:30:00,8085.96,8110.0,8085.95,8100.0,49.772873
2018-04-15 08:35:00,8100.0,8104.0,8093.88,8100.75,44.744656
2018-04-15 08:40:00,8102.0,8154.0,8100.5,8145.99,260.269375
2018-04-15 08:45:00,8148.99,8154.0,8118.31,8126.99,120.801754
2018-04-15 08:50:00,8126.0,8138.0,8111.02,8125.0,63.410147
2018-04-15 08:55:00,8129.42,8140.0,8115.0,8130.0,45.176715
2018-04-15 09:00:00,8135.88,8142.64,8104.01,8117.47,80.44483
2018-04-15 09:05:00,8117.47,8120.0,8105.0,8115.05,41.323884
2018-04-15 09:10:00,8115.01,8115.01,8080.1,8092.97,130.393032
2018-04-15 09:15:00,8092.97,8101.0,8083.0,8101.0,53.295794
2018-04-15 09:20:00,8101.0,8119.0,8100.25,8112.32,41.890744
2018-04-15 09:25:00,8112.31,8119.0,8110.0,8115.99,47.280464
2018-04-15 09:30:00,8115.8,8125.06,8113.0,8117.32,33.902626
2018-04-15 09:35:00,8119.0,8125.06,8115.0,8115.0,29.283256
2018-04-15 09:40:00,8115.0,8125.0,8113.0,8116.4,50.753198
2018-04-15 09:45:00,8116.33,8116.4,8100.0,8107.01,78.389183
2018-04-15 09:50:00,8107.01,8113.24,8090.0,8101.64,65.409819
2018-04-15 09:55:00,8113.14,8120.12,8101.88,8116.23,59.915331
2018-04-15 10:00:00,8118.0,8130.61,8111.01,8122.96,77.673199
2018-04-15 10:05:00,8122.96,8130.61,8110.99,8117.92,38.827988
2018-04-15 10:10:00,8112.32,8125.0,8112.32,8120.02,54.622495
2018-04-15 10:15:00,8120.03,8125.0,8116.0,8120.1,56.8041
2018-04-15 10:20:00,8118.01,8123.97,8110.69,8122.7,84.707963
2018-04-15 10:25:00,8122.7,8125.0,8117.0,8120.1,72.048086
2018-04-15 10:30:00,8120.11,8124.0,8111.57,8114.39,40.858719
2018-04-15 10:35:00,8114.39,8124.0,8110.79,8122.0,34.484591
2018-04-15 10:40:00,8121.98,8125.0,8115.14,8124.93,48.075499
2018-04-15 10:45:00,8124.98,8125.0,8119.01,8122.1,88.384634
2018-04-15 10:50:00,8122.11,8125.0,8110.79,8116.0,63.284555
2018-04-15 10:55:00,8115.99,8122.9,8110.79,8117.29,53.897242
2018-04-15 11:00:00,8120.8,8286.0,8117.29,8255.84,783.897316
2018-04-15 11:05:00,8247.44,8370.0,8243.87,8299.87,1088.674879
2018-04-15 11:10:00,8299.87,8340.0,8288.0,8322.37,301.086884
2018-04-15 11:15:00,8322.37,8380.0,8307.1,8340.1,542.914007
2018-04-15 11:20:00,8340.03,8429.54,8340.02,8361.11,781.20646
2018-04-15 11:25:00,8361.14,8397.19,8343.93,8345.0,292.155715
2018-04-15 11:30:00,8345.03,8365.0,8330.03,8334.99,254.444851
2018-04-15 11:35:00,8330.06,8345.0,8310.1,8339.0,220.87907
2018-04-15 11:40:00,8338.98,8368.99,8334.01,8342.0,213.67547
2018-04-15 11:45:00,8342.0,8365.0,8337.0,8355.5,180.725158
2018-04-15 11:50:00,8355.51,8365.14,8342.98,8347.64,181.660622
2018-04-15 11:55:00,8347.47,8347.47,8316.96,8330.0,174.215293
2018-04-15 12:00:00,8330.0,8340.0,8323.34,8332.0,138.728166
2018-04-15 12:05:00,8331.03,8356.7,8325.15,8343.02,125.955234
2018-04-15 12:10:00,8345.0,8350.0,8335.0,8345.0,153.630835
2018-04-15 12:15:00,8345.0,8348.44,8335.85,8339.04,131.075303
2018-04-15 12:20:00,8339.09,8348.0,8286.0,8320.0,333.653188
2018-04-15 12:25:00,8320.0,8342.0,8314.95,8333.05,119.892746
2018-04-15 12:30:00,8339.0,8344.0,8332.0,8339.37,82.609741
2018-04-15 12:35:00,8339.37,8339.37,8310.0,8325.08,163.417035
2018-04-15 12:40:00,8325.0,8346.44,8324.02,8345.38,154.946986
2018-04-15 12:45:00,8345.36,8345.38,8335.9,8341.0,60.350308
2018-04-15 12:50:00,8341.0,8345.73,8339.12,8345.72,89.975658
2018-04-15 12:55:00,8345.73,8359.76,8340.5,8350.53,219.705782
2018-04-15 13:00:00,8350.53,8352.0,8339.01,8349.0,114.010133
2018-04-15 13:05:00,8348.89,8357.49,8345.03,8352.97,172.930793
2018-04-15 13:10:00,8352.96,8353.1,8342.01,8346.0,91.052
2018-04-15 13:15:00,8346.0,8349.98,8341.22,8345.0,97.683521
2018-04-15 13:20:00,8345.87,8347.98,8337.71,8339.99,86.072691
2018-04-15 13:25:00,8338.38,8342.0,8330.0,8339.99,109.086117
2018-04-15 13:30:00,8340.0,8344.91,8338.78,8344.91,131.966806
2018-04-15 13:35:00,8344.91,8350.0,8342.02,8350.0,70.250922
2018-04-15 13:40:00,8350.0,8370.0,8348.01,8358.0,151.134081
2018-04-15 13:45:00,8358.0,8380.0,8350.64,8360.21,155.847849
2018-04-15 13:50:00,8355.04,8359.98,8340.0,8351.8,108.910134
2018-04-15 13:55:00,8351.8,8354.8,8350.0,8353.0,74.816093
2018-04-15 14:00:00,8352.01,8366.0,8352.0,8362.0,152.582944
2018-04-15 14:05:00,8362.01,8375.96,8362.0,8375.96,90.835666
2018-04-15 14:10:00,8375.39,8375.96,8352.0,8362.71,78.153682
2018-04-15 14:15:00,8358.68,8360.0,8350.0,8355.23,80.978837
2018-04-15 14:20:00,8358.0,8365.99,8355.23,8361.0,114.49796
2018-04-15 14:25:00,8361.0,8365.0,8339.91,8339.91,140.695769
2018-04-15 14:30:00,8339.0,8347.04,8328.0,8329.0,101.601313
2018-04-15 14:35:00,8329.0,8345.0,8326.99,8333.58,89.712915
2018-04-15 14:40:00,8334.0,8335.0,8316.0,8326.0,127.781463
2018-04-15 14:45:00,8326.01,8338.99,8325.0,8338.0,68.864879
2018-04-15 14:50:00,8338.0,8340.0,8327.0,8327.0,57.128386
2018-04-15 14:55:00,8327.0,8339.99,8325.0,8337.71,72.863124
2018-04-15 15:00:00,8337.71,8337.72,8326.01,8326.5,57.702392
2018-04-15 15:05:00,8326.33,8327.87,8323.0,8325.0,76.88367
2018-04-15 15:10:00,8325.0,8329.0,8319.63,8320.0,85.032283
2018-04-15 15:15:00,8319.63,8320.0,8288.21,8317.63,247.874361
2018-04-15 15:20:00,8317.0,8319.98,8230.0,8260.0,579.412098
2018-04-15 15:25:00,8256.82,8289.52,8250.0,8283.57,262.363712
2018-04-15 15:30:00,8285.0,8298.0,8275.65,8286.31,123.965326
2018-04-15 15:35:00,8285.03,8287.01,8258.0,8276.72,128.318539
2018-04-15 15:40:00,8276.69,8276.7,8258.0,8258.0,107.727477
2018-04-15 15:45:00,8257.99,8289.0,8253.0,8283.0,157.423074
2018-04-15 15:50:00,8283.0,8284.0,8267.5,8279.79,91.349036
2018-04-15 15:55:00,8279.78,8279.79,8264.0,8269.99,73.360635
2018-04-15 16:00:00,8269.0,8287.0,8267.22,8281.62,81.304228
2018-04-15 16:05:00,8282.98,8349.0,8280.1,8315.1,233.681549
2018-04-15 16:10:00,8304.25,8315.07,8290.33,8310.99,107.030601
2018-04-15 16:15:00,8311.99,8315.0,8280.5,8287.99,111.864234
2018-04-15 16:20:00,8288.0,8300.26,8281.11,8292.63,88.173966
2018-04-15 16:25:00,8292.64,8301.92,8280.11,8282.01,89.98485
2018-04-15 16:30:00,8280.11,8286.89,8275.0,8281.21,105.382892
2018-04-15 16:35:00,8279.0,8287.0,8278.0,8285.06,57.501406
2018-04-15 16:40:00,8285.32,8287.78,8279.01,8279.9,41.800048
2018-04-15 16:45:00,8279.9,8280.0,8273.0,8273.99,60.131343
2018-04-15 16:50:00,8273.0,8274.5,8254.95,8273.0,95.705668
2018-04-15 16:55:00,8274.01,8279.0,8261.0,8261.0,37.359517
2018-04-15 17:00:00,8269.48,8281.02,8260.54,8280.0,80.741935
2018-04-15 17:05:00,8279.94,8280.0,8270.0,8275.0,45.437335
2018-04-15 17:10:00,8272.1,8275.0,8258.59,8262.77,66.643851
2018-04-15 17:15:00,8262.77,8280.01,8260.0,8279.02,61.166996
2018-04-15 17:20:00,8279.01,8284.0,8271.0,8284.0,96.725715
2018-04-15 17:25:00,8279.0,8284.0,8273.25,8275.01,127.601859
2018-04-15 17:30:00,8275.01,8283.54,8275.01,8280.05,86.929557
2018-04-15 17:35:00,8282.98,8321.9,8280.05,8289.41,176.573516
2018-04-15 17:40:00,8291.85,8307.87,8285.83,8292.51,79.190431
2018-04-15 17:45:00,8292.04,8300.0,8292.04,8297.7,83.559402
2018-04-15 17:50:00,8297.7,8297.98,8282.0,8291.47,43.124364
2018-04-15 17:55:00,8288.27,8300.0,8285.41,8300.0,39.008436
2018-04-15 18:00:00,8296.01,8308.0,8294.0,8305.07,66.431192
2018-04-15 18:05:00,8305.06,8315.0,8303.0,8308.0,70.821073
2018-04-15 18:10:00,8308.0,8313.0,8295.0,8305.29,45.45747
2018-04-15 18:15:00,8306.12,8313.94,8293.01,8296.0,68.281932
2018-04-15 18:20:00,8295.99,8307.85,8280.0,8305.23,83.220369
2018-04-15 18:25:00,8305.25,8320.0,8303.0,8310.0,75.418726
2018-04-15 18:30:00,8310.0,8333.78,8309.03,8319.29,88.807299
2018-04-15 18:35:00,8327.76,8334.21,8319.0,8329.0,74.476485
2018-04-15 18:40:00,8329.0,8330.0,8307.01,8315.02,52.043269
2018-04-15 18:45:00,8315.02,8327.91,8307.0,8319.04,43.140376
2018-04-15 18:50:00,8320.0,8329.0,8310.0,8312.12,50.70782
2018-04-15 18:55:00,8312.53,8321.99,8311.46,8321.02,44.959278
2018-04-15 19:00:00,8321.5,8326.63,8302.1,8302.1,74.796901
2018-04-15 19:05:00,8305.0,8315.0,8285.0,8290.0,110.791365
2018-04-15 19:10:00,8285.0,8298.97,8285.0,8291.5,58.484548
2018-04-15 19:15:00,8291.51,8298.82,8273.25,8279.0,114.900672
2018-04-15 19:20:00,8282.99,8297.93,8272.57,8287.99,52.450603
2018-04-15 19:25:00,8288.0,8296.0,8285.0,8290.01,52.448521
2018-04-15 19:30:00,8290.01,8297.93,8285.05,8296.95,35.142398
2018-04-15 19:35:00,8296.95,8305.0,8291.0,8297.03,62.764207
2018-04-15 19:40:00,8297.03,8308.45,8290.0,8301.38,79.835032
2018-04-15 19:45:00,8296.0,8308.0,8292.0,8308.0,35.109739
2018-04-15 19:50:00,8307.51,8313.0,8302.0,8302.11,43.425058
2018-04-15 19:55:00,8302.11,8310.0,8300.0,8300.01,34.050983
2018-04-15 20:00:00,8305.55,8326.0,8300.01,8313.5,95.111504
2018-04-15 20:05:00,8313.5,8319.24,8297.0,8301.99,80.263905
2018-04-15 20:10:00,8300.0,8305.17,8300.0,8304.01,23.957265
2018-04-15 20:15:00,8304.06,8305.17,8291.1,8292.55,67.807085
2018-04-15 20:20:00,8291.11,8304.04,8291.1,8296.31,45.930121
2018-04-15 20:25:00,8296.31,8314.99,8291.21,8313.81,54.577972
2018-04-15 20:30:00,8312.91,8314.0,8305.0,8310.98,34.228334
2018-04-15 20:35:00,8310.98,8312.06,8305.02,8307.0,48.053799
2018-04-15 20:40:00,8306.49,8307.0,8288.0,8291.0,89.944037
2018-04-15 20:45:00,8290.0,8294.0,8288.0,8288.02,47.645614
2018-04-15 20:50:00,8288.02,8289.24,8280.0,8288.0,71.569201
2018-04-15 20:55:00,8288.0,8301.95,8287.93,8293.0,64.660125
2018-04-15 21:00:00,8293.0,8300.0,8290.31,8294.0,45.371328
2018-04-15 21:05:00,8294.0,8296.99,8291.27,8296.9,31.548614
2018-04-15 21:10:00,8296.89,8308.0,8291.37,8299.02,54.705065
2018-04-15 21:15:00,8299.01,8304.63,8292.0,8294.1,46.912352
2018-04-15 21:20:00,8298.0,8302.0,8294.09,8296.99,47.944647
2018-04-15 21:25:00,8295.13,8300.96,8295.1,8300.0,43.013191
2018-04-15 21:30:00,8299.89,8300.01,8296.47,8299.01,94.85973
2018-04-15 21:35:00,8299.0,8300.94,8298.0,8298.03,45.816108
2018-04-15 21:40:00,8299.98,8300.5,8298.0,8298.99,66.560134
2018-04-15 21:45:00,8298.99,8300.0,8297.0,8297.0,43.409867
2018-04-15 21:50:00,8298.07,8300.0,8287.1,8292.98,58.476437
2018-04-15 21:55:00,8292.99,8299.0,8291.0,8295.99,44.37398
2018-04-15 22:00:00,8295.99,8299.5,8291.01,8291.01,37.529747
2018-04-15 22:05:00,8291.01,8296.83,8277.57,8293.99,56.434162
2018-04-15 22:10:00,8292.0,8294.0,8289.1,8290.13,29.110783
2018-04-15 22:15:00,8292.8,8311.84,8282.15,8310.0,87.916384
2018-04-15 22:20:00,8306.49,8324.0,8298.98,8322.01,80.031789
2018-04-15 22:25:00,8322.01,8345.9,8315.0,8324.0,134.773812
2018-04-15 22:30:00,8324.0,8324.78,8311.25,8319.0,42.051281
2018-04-15 22:35:00,8318.99,8334.0,8318.99,8330.0,64.787146
2018-04-15 22:40:00,8329.22,8345.0,8321.1,8328.07,64.759646
2018-04-15 22:45:00,8329.78,8331.0,8320.87,8330.02,29.595708
2018-04-15 22:50:00,8330.01,8364.81,8330.0,8337.41,204.19489
2018-04-15 22:55:00,8337.4,8352.0,8337.4,8350.0,69.493277
2018-04-15 23:00:00,8350.0,8351.9,8337.4,8340.97,44.642544
2018-04-15 23:05:00,8340.98,8349.0,8310.01,8319.78,56.113339
2018-04-15 23:10:00,8321.89,8335.76,8319.79,8329.04,49.868207
2018-04-15 23:15:00,8329.99,8330.0,8306.52,8314.18,59.678577
2018-04-15 23:20:00,8315.0,8326.87,8315.0,8319.0,37.006525
2018-04-15 23:25:00,8319.01,8332.13,8319.0,8325.94,44.51074
2018-04-15 23:30:00,8325.94,8330.0,8314.1,8328.61,117.017873
2018-04-15 23:35:00,8328.61,8328.61,8315.0,8326.02,55.07347
2018-04-15 23:40:00,8326.02,8349.0,8325.0,8344.0,84.04798
2018-04-15 23:45:00,8344.0,8346.9,8335.0,8346.89,117.218267
2018-04-15 23:50:00,8345.0,8365.0,8340.0,8365.0,71.236146
2018-04-15 23:55:00,8365.0,8365.87,8350.0,8355.0,94.857869
2018-04-16 00:00:00,8355.07,8357.88,8340.02,8352.57,65.829131
2018-04-16 00:05:00,8352.58,8352.67,8338.96,8339.99,39.318442
2018-04-16 00:10:00,8339.33,8345.01,8320.0,8338.0,95.597931
2018-04-16 00:15:00,8334.99,8376.0,8333.39,8371.0,139.525486
2018-04-16 00:20:00,8371.0,8385.86,8360.0,8373.91,162.665549
2018-04-16 00:25:00,8375.44,8406.82,8373.91,8404.41,343.326057
2018-04-16 00:30:00,8400.02,8419.0,8370.0,8390.89,362.136752
2018-04-16 00:35:00,8393.73,8408.89,8385.01,8393.99,92.917196
2018-04-16 00:40:00,8390.0,8393.99,8373.0,8389.0,76.518883
2018-04-16 00:45:00,8389.0,8389.0,8380.0,8382.02,49.321762
2018-04-16 00:50:00,8382.02,8383.52,8363.05,8380.43,90.748839
2018-04-16 00:55:00,8380.0,8390.0,8363.0,8389.0,55.911596
2018-04-16 01:00:00,8390.0,8412.32,8388.8,8395.0,120.484349
2018-04-16 01:05:00,8395.01,8405.0,8384.01,8386.01,100.892987
2018-04-16 01:10:00,8386.01,8387.6,8380.02,8387.6,72.122895
2018-04-16 01:15:00,8387.6,8390.0,8326.42,8364.38,292.399912
2018-04-16 01:20:00,8364.29,8367.41,8346.96,8362.0,72.800041
2018-04-16 01:25:00,8362.0,8383.0,8358.72,8360.23,53.948869
2018-04-16 01:30:00,8364.0,8364.0,8335.02,8338.02,92.12404
2018-04-16 01:35:00,8338.01,8366.28,8337.0,8362.99,70.62051
2018-04-16 01:40:00,8363.0,8363.0,8346.0,8346.21,52.583896
2018-04-16 01:45:00,8346.2,8355.0,8346.06,8354.5,85.101857
2018-04-16 01:50:00,8354.49,8354.5,8320.2,8337.29,127.660816
2018-04-16 01:55:00,8335.0,8338.5,8318.42,8321.37,97.704975
2018-04-16 02:00:00,8325.0,8348.0,8321.38,8335.99,78.301656
2018-04-16 02:05:00,8332.0,8335.0,8321.38,8321.75,61.73302
2018-04-16 02:10:00,8321.75,8324.02,8128.14,8130.66,1324.665831
2018-04-16 02:15:00,8131.51,8184.26,8125.0,8149.98,498.568096
2018-04-16 02:20:00,8149.98,8149.98,8076.19,8125.0,684.966801
2018-04-16 02:25:00,8125.0,8155.2,8112.0,8151.0,341.835527
2018-04-16 02:30:00,8152.55,8154.89,8125.0,8151.5,177.793899
2018-04-16 02:35:00,8154.63,8183.99,8150.0,8173.24,179.422492
2018-04-16 02:40:00,8179.99,8182.0,8133.26,8142.23,181.799967
2018-04-16 02:45:00,8142.26,8174.12,8129.0,8163.0,171.351931
2018-04-16 02:50:00,8163.0,8165.0,8131.0,8138.9,109.312626
2018-04-16 02:55:00,8138.9,8140.0,8106.59,8119.0,170.507001
2018-04-16 03:00:00,8119.0,8143.0,8095.0,8120.0,346.513578
2018-04-16 03:05:00,8117.0,8158.08,8111.0,8145.98,194.96742
2018-04-16 03:10:00,8145.79,8152.0,8137.18,8144.5,107.757133
2018-04-16 03:15:00,8143.0,8174.0,8142.01,8157.11,144.104632
2018-04-16 03:20:00,8157.11,8165.0,8135.11,8159.0,92.900026
2018-04-16 03:25:00,8159.0,8159.95,8140.1,8150.0,131.597867
2018-04-16 03:30:00,8150.0,8153.0,8120.18,8135.0,163.639935
2018-04-16 03:35:00,8135.0,8160.0,8130.39,8152.01,143.233973
2018-04-16 03:40:00,8153.0,8158.9,8134.0,8144.41,66.73185
2018-04-16 03:45:00,8143.99,8157.0,8138.0,8147.52,122.138426
2018-04-16 03:50:00,8148.0,8156.96,8130.03,8139.23,87.820039
2018-04-16 03:55:00,8140.0,8164.02,8136.0,8146.9,115.225708
2018-04-16 04:00:00,8144.73,8151.0,8141.22,8147.6,41.763318
2018-04-16 04:05:00,8147.6,8149.99,8143.02,8149.87,58.988896
2018-04-16 04:10:00,8149.87,8149.89,8124.14,8133.79,108.935053
2018-04-16 04:15:00,8133.78,8138.99,8130.66,8130.66,73.23623
2018-04-16 04:20:00,8130.66,8132.14,8101.0,8110.0,152.550606
2018-04-16 04:25:00,8110.0,8133.17,8101.2,8127.0,114.314701
2018-04-16 04:30:00,8129.47,8135.0,8112.0,8125.01,78.740451
2018-04-16 04:35:00,8125.61,8132.14,8118.8,8130.0,61.575361
2018-04-16 04:40:00,8124.07,8130.0,8102.0,8110.71,82.455139
2018-04-16 04:45:00,8110.7,8140.0,8108.71,8121.21,100.311691
2018-04-16 04:50:00,8121.21,8140.79,8121.0,8128.72,69.798433
2018-04-16 04:55:00,8128.71,8133.29,8122.01,8127.99,60.244676
2018-04-16 05:00:00,8127.99,8128.01,8080.0,8098.66,269.939867
2018-04-16 05:05:00,8098.8,8131.97,8091.01,8113.0,138.270417
2018-04-16 05:10:00,8109.99,8113.99,8082.53,8082.53,114.473519
2018-04-16 05:15:00,8093.46,8093.46,8000.0,8022.03,889.741746
2018-04-16 05:20:00,8022.17,8066.07,8010.0,8056.97,219.514901
2018-04-16 05:25:00,8056.97,8067.25,8025.0,8045.21,275.584406
2018-04-16 05:30:00,8045.21,8050.52,8017.0,8020.01,269.7867
2018-04-16 05:35:00,8020.01,8040.0,8002.99,8030.16,292.658833
2018-04-16 05:40:00,8039.92,8071.96,8031.67,8068.4,184.997013
2018-04-16 05:45:00,8053.18,8069.25,8041.01,8051.46,89.195763
2018-04-16 05:50:00,8051.46,8070.17,8040.3,8057.31,81.321589
2018-04-16 05:55:00,8044.07,8053.83,8031.99,8036.43,66.590349
2018-04-16 06:00:00,8035.0,8039.33,8025.0,8025.0,174.187426
2018-04-16 06:05:00,8024.16,8040.0,8020.0,8035.01,146.275357
2018-04-16 06:10:00,8035.02,8058.89,8035.0,8045.69,183.006328
2018-04-16 06:15:00,8058.48,8058.48,8035.0,8036.0,97.162619
2018-04-16 06:20:00,8036.0,8057.0,8036.0,8054.77,101.050422
2018-04-16 06:25:00,8045.03,8064.5,8040.0,8050.0,102.334004
2018-04-16 06:30:00,8050.01,8072.0,8050.01,8070.05,137.327224
2018-04-16 06:35:00,8071.99,8109.99,8060.0,8091.96,314.041858
2018-04-16 06:40:00,8091.99,8110.1,8085.0,8100.0,225.964071
2018-04-16 06:45:00,8099.89,8104.85,8083.0,8093.93,85.299077
2018-04-16 06:50:00,8093.0,8100.0,8086.0,8086.0,74.744703
2018-04-16 06:55:00,8085.9,8097.89,8076.0,8089.87,106.454297
2018-04-16 07:00:00,8090.03,8097.11,8085.0,8095.99,91.672766
2018-04-16 07:05:00,8095.99,8096.0,8075.47,8082.01,82.322856
2018-04-16 07:10:00,8086.0,8089.0,8076.0,8087.0,57.255417
2018-04-16 07:15:00,8086.99,8090.0,8076.0,8079.99,91.519257
2018-04-16 07:20:00,8076.0,8085.97,8066.99,8069.0,98.853771
2018-04-16 07:25:00,8069.0,8084.16,8064.61,8068.99,94.090258
2018-04-16 07:30:00,8068.99,8094.66,8068.98,8090.0,73.756582
2018-04-16 07:35:00,8088.4,8104.59,8085.59,8103.0,93.388207
2018-04-16 07:40:00,8103.0,8103.0,8087.26,8096.0,92.373203
2018-04-16 07:45:00,8100.96,8130.47,8096.0,8119.7,165.354914
2018-04-16 07:50:00,8114.43,8129.8,8101.0,8115.97,92.536605
2018-04-16 07:55:00,8115.97,8116.95,8104.99,8110.0,75.317726
2018-04-16 08:00:00,8110.21,8123.99,8105.19,8110.0,78.191378
2018-04-16 08:05:00,8108.98,8121.38,8100.29,8121.0,60.562267
2018-04-16 08:10:00,8120.99,8135.0,8100.46,8103.67,121.648666
2018-04-16 08:15:00,8103.0,8115.01,8083.91,8091.99,121.977467
2018-04-16 08:20:00,8087.01,8098.88,8077.89,8092.0,65.726517
2018-04-16 08:25:00,8093.55,8108.61,8089.59,8096.11,57.925883
2018-04-16 08:30:00,8096.11,8120.0,8096.01,8115.02,57.090163
2018-04-16 08:35:00,8117.09,8120.0,8100.34,8100.34,45.489896
2018-04-16 08:40:00,8100.34,8116.88,8100.34,8107.99,66.50308
2018-04-16 08:45:00,8104.25,8135.0,8100.5,8126.01,83.083647
2018-04-16 08:50:00,8126.02,8132.85,8120.03,8125.61,64.491999
2018-04-16 08:55:00,8126.33,8138.53,8120.07,8131.0,90.965078
2018-04-16 09:00:00,8129.23,8134.98,8122.62,8125.01,74.355733
2018-04-16 09:05:00,8125.03,8134.99,8112.47,8130.63,92.281043
2018-04-16 09:10:00,8129.0,8129.0,8090.0,8109.0,113.979853
2018-04-16 09:15:00,8101.01,8112.31,8030.0,8061.98,345.922206
2018-04-16 09:20:00,8055.15,8086.8,8040.0,8060.0,171.191758
2018-04-16 09:25:00,8056.0,8075.0,8055.0,8065.0,83.229522
2018-04-16 09:30:00,8065.01,8074.77,8044.36,8048.0,190.24372
2018-04-16 09:35:00,8048.0,8079.99,8039.0,8062.51,144.968387
2018-04-16 09:40:00,8062.22,8077.73,8052.29,8059.77,76.14063
2018-04-16 09:45:00,8059.77,8085.23,8052.98,8081.0,112.975104
2018-04-16 09:50:00,8081.0,8102.0,8077.22,8100.0,72.04885
2018-04-16 09:55:00,8100.0,8105.0,8081.07,8096.83,106.419209
2018-04-16 10:00:00,8096.83,8096.83,8075.02,8089.99,73.725863
2018-04-16 10:05:00,8087.0,8092.37,8085.0,8089.0,42.363874
2018-04-16 10:10:00,8089.0,8115.0,8085.06,8110.59,89.805739
2018-04-16 10:15:00,8109.68,8118.02,8080.0,8112.79,114.808954
2018-04-16 10:20:00,8115.0,8119.29,8100.0,8108.46,86.590199
2018-04-16 10:25:00,8108.46,8119.85,8100.1,8116.99,102.303293
2018-04-16 10:30:00,8116.99,8117.0,8102.0,8111.01,84.414217
2018-04-16 10:35:00,8110.02,8116.0,8090.0,8098.0,273.713436
2018-04-16 10:40:00,8093.76,8105.0,8080.0,8090.0,61.093271
2018-04-16 10:45:00,8095.01,8100.0,8048.0,8058.0,158.856848
2018-04-16 10:50:00,8060.0,8080.04,8051.98,8067.03,71.865591
2018-04-16 10:55:00,8067.02,8086.37,8066.04,8074.44,75.105631
2018-04-16 11:00:00,8074.44,8076.21,8062.0,8062.0,90.419872
2018-04-16 11:05:00,8065.0,8065.0,8016.33,8059.18,220.766066
2018-04-16 11:10:00,8059.19,8075.0,8046.01,8074.99,63.157483
2018-04-16 11:15:00,8074.98,8097.28,8067.23,8077.22,119.397249
2018-04-16 11:20:00,8077.22,8079.99,8062.01,8070.08,60.516391
2018-04-16 11:25:00,8070.08,8080.0,8060.1,8064.99,90.982797
2018-04-16 11:30:00,8065.0,8092.96,8060.61,8088.01,135.91476
2018-04-16 11:35:00,8083.25,8088.65,8070.01,8080.01,56.866655
2018-04-16 11:40:00,8083.93,8085.0,8070.02,8075.0,48.504105
2018-04-16 11:45:00,8079.94,8083.98,8070.02,8080.01,60.16785
2018-04-16 11:50:00,8080.93,8086.9,8078.02,8083.01,64.247602
2018-04-16 11:55:00,8083.01,8086.9,8073.98,8086.0,73.139604
2018-04-16 12:00:00,8086.0,8087.11,8072.0,8075.23,55.312927
2018-04-16 12:05:00,8075.21,8077.5,8068.01,8071.01,56.195632
2018-04-16 12:10:00,8072.96,8075.0,8038.35,8040.73,112.875797
2018-04-16 12:15:00,8040.73,8061.68,8023.0,8023.0,197.703837
2018-04-16 12:20:00,8025.16,8050.0,8015.32,8044.05,167.222782
2018-04-16 12:25:00,8044.05,8066.44,8040.01,8047.0,151.584465
2018-04-16 12:30:00,8047.0,8056.0,8042.0,8045.01,93.73007
2018-04-16 12:35:00,8045.0,8046.97,7927.01,7964.19,699.989173
2018-04-16 12:40:00,7967.47,7985.0,7950.0,7964.2,433.939119
2018-04-16 12:45:00,7964.2,7980.07,7940.0,7940.02,318.358828
2018-04-16 12:50:00,7940.25,7946.95,7888.0,7919.24,714.855077
2018-04-16 12:55:00,7919.01,7954.99,7910.41,7935.37,379.042859
2018-04-16 13:00:00,7930.06,7959.91,7919.0,7950.0,201.542921
2018-04-16 13:05:00,7950.0,7950.0,7921.5,7925.17,230.396709
2018-04-16 13:10:00,7925.22,7940.09,7925.17,7927.13,145.329349
2018-04-16 13:15:00,7927.13,7930.02,7890.01,7909.99,431.444586
2018-04-16 13:20:00,7905.04,7919.9,7867.0,7898.24,345.453538
2018-04-16 13:25:00,7898.24,7916.0,7875.03,7915.99,313.237358
2018-04-16 13:30:00,7915.0,7929.99,7897.0,7920.0,211.236896
2018-04-16 13:35:00,7920.0,7949.0,7908.6,7944.75,215.725754
2018-04-16 13:40:00,7944.75,7949.0,7917.39,7939.23,218.360602
2018-04-16 13:45:00,7931.71,7957.1,7931.71,7941.98,167.751011
2018-04-16 13:50:00,7941.95,7954.81,7933.11,7940.06,115.596853
2018-04-16 13:55:00,7944.0,7965.0,7940.0,7964.34,108.788263
2018-04-16 14:00:00,7964.34,7965.81,7955.0,7958.85,101.763465
2018-04-16 14:05:00,7958.98,7964.0,7942.0,7945.61,105.832884
2018-04-16 14:10:00,7945.61,7951.37,7923.0,7925.01,145.264687
2018-04-16 14:15:00,7925.01,7945.0,7907.0,7929.6,141.15781
2018-04-16 14:20:00,7929.6,7949.98,7928.0,7949.98,78.675257
2018-04-16 14:25:00,7940.48,7961.0,7940.47,7959.02,120.138569
2018-04-16 14:30:00,7959.91,7960.0,7948.99,7955.0,69.478462
2018-04-16 14:35:00,7955.0,7967.06,7954.99,7967.0,83.393687
2018-04-16 14:40:00,7967.0,7999.0,7966.9,7985.0,236.356659
2018-04-16 14:45:00,7985.0,7989.52,7960.51,7984.78,127.069772
2018-04-16 14:50:00,7981.01,7984.27,7967.11,7967.11,107.972715
2018-04-16 14:55:00,7967.11,7979.06,7962.0,7973.98,84.685623
2018-04-16 15:00:00,7973.98,7978.8,7963.0,7975.0,90.542206
2018-04-16 15:05:00,7975.01,7988.0,7968.01,7968.05,84.962995
2018-04-16 15:10:00,7969.0,7979.86,7968.01,7970.13,51.558479
2018-04-16 15:15:00,7969.99,7980.0,7963.13,7968.74,96.228951
2018-04-16 15:20:00,7968.74,7970.65,7950.0,7964.08,121.848651
2018-04-16 15:25:00,7964.08,7979.68,7962.88,7973.0,87.122399
2018-04-16 15:30:00,7972.01,7985.0,7972.0,7980.98,112.611685
2018-04-16 15:35:00,7980.98,7999.0,7980.97,7984.98,163.293274
2018-04-16 15:40:00,7984.98,7995.0,7975.15,7989.44,78.251549
2018-04-16 15:45:00,7989.44,7994.56,7981.97,7981.97,55.339463
2018-04-16 15:50:00,7981.97,7989.97,7980.12,7988.0,56.238138
2018-04-16 15:55:00,7988.0,7988.0,7964.0,7971.99,100.632752
2018-04-16 16:00:00,7971.98,7974.94,7950.0,7959.08,94.36329
2018-04-16 16:05:00,7955.49,7959.5,7932.19,7939.99,124.201539
2018-04-16 16:10:00,7935.0,7939.99,7925.0,7929.99,129.929749
2018-04-16 16:15:00,7928.19,7955.83,7924.65,7949.97,122.035367
2018-04-16 16:20:00,7949.97,7952.99,7931.0,7943.98,43.752982
2018-04-16 16:25:00,7942.0,7960.0,7937.89,7958.65,85.788507
2018-04-16 16:30:00,7958.66,7958.69,7939.71,7950.0,46.141299
2018-04-16 16:35:00,7944.01,7951.74,7940.01,7951.67,62.73628
2018-04-16 16:40:00,7948.33,7958.1,7940.01,7956.17,68.463569
2018-04-16 16:45:00,7956.16,7969.95,7949.55,7965.12,59.325208
2018-04-16 16:50:00,7965.12,7965.12,7952.93,7955.44,58.049104
2018-04-16 16:55:00,7955.5,7961.0,7952.95,7957.07,24.662488
2018-04-16 17:00:00,7957.85,7959.87,7953.33,7959.87,37.81706
2018-04-16 17:05:00,7959.87,7986.17,7953.0,7980.88,103.727466
2018-04-16 17:10:00,7979.0,7983.93,7970.0,7980.01,69.061146
2018-04-16 17:15:00,7980.01,7988.0,7978.0,7981.0,93.18747
2018-04-16 17:20:00,7981.02,7988.0,7980.99,7987.99,37.365393
2018-04-16 17:25:00,7987.99,7998.97,7987.98,7993.01,79.632234
2018-04-16 17:30:00,7991.02,8056.0,7988.0,8030.59,366.967772
2018-04-16 17:35:00,8035.03,8037.9,8010.12,8025.03,116.122525
2018-04-16 17:40:00,8029.9,8054.6,8025.02,8039.9,304.614038
2018-04-16 17:45:00,8040.0,8042.99,8020.0,8020.27,98.937631
2018-04-16 17:50:00,8032.76,8039.0,8020.31,8033.0,90.550548
2018-04-16 17:55:00,8032.51,8037.01,8010.29,8031.02,74.498849
2018-04-16 18:00:00,8031.02,8034.37,8005.0,8020.93,113.927518
2018-04-16 18:05:00,8020.81,8025.54,8010.01,8024.98,94.489713
2018-04-16 18:10:00,8024.0,8025.0,8004.99,8015.21,99.021025
2018-04-16 18:15:00,8018.0,8026.86,8011.0,8020.47,103.71438
2018-04-16 18:20:00,8021.0,8026.63,7994.41,8005.99,72.635543
2018-04-16 18:25:00,8005.99,8013.0,7998.02,8010.01,54.569676
2018-04-16 18:30:00,8010.02,8023.8,8009.99,8020.0,152.040953
2018-04-16 18:35:00,8017.0,8040.76,8016.82,8032.9,108.17484
2018-04-16 18:40:00,8028.68,8033.83,8015.0,8026.0,77.10204
2018-04-16 18:45:00,8021.04,8031.0,8021.0,8021.0,56.024869
2018-04-16 18:50:00,8023.46,8026.99,8000.0,8017.01,83.472526
2018-04-16 18:55:00,8017.01,8024.99,8015.01,8020.0,77.305983
2018-04-16 19:00:00,8020.0,8022.44,8015.0,8020.1,37.444581
2018-04-16 19:05:00,8020.47,8029.98,8016.03,8028.34,68.396854
2018-04-16 19:10:00,8026.45,8050.0,8017.56,8035.01,120.284019
2018-04-16 19:15:00,8035.01,8044.25,8025.0,8029.98,64.532935
2018-04-16 19:20:00,8025.25,8046.0,8025.25,8042.0,70.520115
2018-04-16 19:25:00,8045.0,8047.0,8020.0,8047.0,180.39551
2018-04-16 19:30:00,8042.93,8047.01,8010.0,8024.0,86.715959
2018-04-16 19:35:00,8024.0,8036.07,8006.02,8021.69,60.045736
2018-04-16 19:40:00,8022.0,8029.0,8014.94,8020.0,75.62158
2018-04-16 19:45:00,8024.97,8034.46,8000.0,8010.0,78.578001
2018-04-16 19:50:00,8007.97,8020.0,8003.0,8010.0,97.73583
2018-04-16 19:55:00,8005.03,8010.0,7953.0,7983.99,247.452393
2018-04-16 20:00:00,7983.97,7983.98,7953.0,7954.01,84.915758
2018-04-16 20:05:00,7954.08,7966.99,7935.99,7951.0,146.737851
2018-04-16 20:10:00,7951.0,7967.59,7940.0,7960.0,79.196736
2018-04-16 20:15:00,7960.0,7977.0,7960.0,7975.38,59.462346
2018-04-16 20:20:00,7975.38,7982.98,7960.0,7982.98,71.231011
2018-04-16 20:25:00,7979.01,7986.0,7967.59,7979.39,41.916105
2018-04-16 20:30:00,7979.39,7980.0,7960.0,7975.02,40.229705
2018-04-16 20:35:00,7974.66,7985.99,7966.0,7980.04,41.48453
2018-04-16 20:40:00,7980.01,8000.0,7972.0,7984.97,64.635302
2018-04-16 20:45:00,7983.98,7984.96,7969.0,7973.99,36.836815
2018-04-16 20:50:00,7970.2,7988.2,7970.2,7986.53,37.550783
2018-04-16 20:55:00,7986.99,7987.0,7974.44,7975.02,37.551754
2018-04-16 21:00:00,7973.9,8011.28,7973.9,7995.07,75.24958
2018-04-16 21:05:00,7999.98,8012.07,7995.07,8005.0,44.584475
2018-04-16 21:10:00,8005.0,8013.57,8000.0,8002.88,48.007728
2018-04-16 21:15:00,8002.88,8020.0,7995.08,8010.05,58.898158
2018-04-16 21:20:00,8015.59,8024.55,8009.64,8011.68,58.161373
2018-04-16 21:25:00,8011.68,8021.8,8011.53,8020.0,57.037308
2018-04-16 21:30:00,8018.36,8025.99,8016.72,8025.99,94.230309
2018-04-16 21:35:00,8025.99,8036.5,8011.0,8011.01,100.183225
2018-04-16 21:40:00,8021.18,8034.05,8015.01,8030.0,75.244258
2018-04-16 21:45:00,8030.0,8033.76,8005.99,8014.01,57.863407
2018-04-16 21:50:00,8014.01,8020.0,7980.9,7985.0,110.033627
2018-04-16 21:55:00,7994.93,8019.5,7985.01,8018.98,111.474238
2018-04-16 22:00:00,8015.0,8022.0,8014.8,8020.49,59.03803
2018-04-16 22:05:00,8020.49,8020.99,8015.0,8020.88,49.626434
2018-04-16 22:10:00,8020.88,8021.89,7993.56,8011.98,77.149232
2018-04-16 22:15:00,8011.8,8012.49,7969.0,7983.6,102.342844
2018-04-16 22:20:00,7983.61,8010.0,7969.0,8010.0,52.864847
2018-04-16 22:25:00,8005.1,8010.2,7980.01,7992.99,61.627885
2018-04-16 22:30:00,7993.0,8008.98,7992.99,8003.0,66.898917
2018-04-16 22:35:00,8008.97,8010.16,7990.0,8003.51,56.819706
2018-04-16 22:40:00,8003.52,8023.47,8003.51,8014.76,53.221958
2018-04-16 22:45:00,8012.0,8025.6,8005.98,8021.06,43.920911
2018-04-16 22:50:00,8022.86,8024.0,8003.53,8015.38,56.333086
2018-04-16 22:55:00,8015.39,8020.0,8003.53,8017.0,47.166142
2018-04-16 23:00:00,8018.0,8086.01,8014.2,8058.0,262.530142
2018-04-16 23:05:00,8058.0,8062.32,8036.0,8052.49,91.376824
2018-04-16 23:10:00,8052.98,8052.99,8039.57,8040.0,71.316647
2018-04-16 23:15:00,8040.0,8055.89,8036.38,8044.1,65.222731
2018-04-16 23:20:00,8044.1,8050.7,8040.1,8050.7,43.530795
2018-04-16 23:25:00,8050.35,8068.01,8040.0,8050.1,105.094647
2018-04-16 23:30:00,8050.95,8060.03,8040.01,8051.68,90.39649
2018-04-16 23:35:00,8048.0,8065.0,8045.0,8061.31,75.179488
2018-04-16 23:40:00,8061.31,8063.5,8045.03,8060.06,38.767119
2018-04-16 23:45:00,8063.0,8063.5,8053.95,8053.95,33.698819
2018-04-16 23:50:00,8053.95,8062.9,8051.62,8062.9,34.270739
2018-04-16 23:55:00,8062.15,8070.0,8059.0,8064.92,58.160052
2018-04-17 00:00:00,8064.92,8083.61,8059.0,8059.15,166.804658
2018-04-17 00:05:00,8059.15,8070.13,8015.0,8024.7,124.886465
2018-04-17 00:10:00,8034.48,8039.17,8014.08,8032.25,56.561363
2018-04-17 00:15:00,8032.25,8044.85,8019.0,8030.39,75.580156
2018-04-17 00:20:00,8033.0,8051.95,8033.0,8046.01,57.975299
2018-04-17 00:25:00,8046.0,8066.15,8030.35,8060.0,98.065854
2018-04-17 00:30:00,8060.0,8069.86,8041.17,8051.98,73.436432
2018-04-17 00:35:00,8050.0,8062.99,8050.0,8062.39,47.40054
2018-04-17 00:40:00,8062.39,8069.64,8050.0,8052.66,43.809034
2018-04-17 00:45:00,8051.1,8055.99,8040.01,8042.0,50.7749
2018-04-17 00:50:00,8046.0,8047.91,8040.02,8040.15,62.829682
2018-04-17 00:55:00,8040.15,8055.74,8040.15,8054.97,58.857003
2018-04-17 01:00:00,8052.56,8060.0,8047.0,8047.99,49.438891
2018-04-17 01:05:00,8047.54,8069.99,8047.1,8065.01,116.927562
2018-04-17 01:10:00,8066.0,8070.12,8060.0,8070.12,90.053632
2018-04-17 01:15:00,8069.91,8075.0,8064.0,8073.02,60.045532
2018-04-17 01:20:00,8073.02,8073.28,8059.0,8063.98,50.645665
2018-04-17 01:25:00,8063.97,8064.99,8055.0,8059.34,55.228995
2018-04-17 01:30:00,8059.34,8065.13,8054.85,8063.28,91.070727
2018-04-17 01:35:00,8063.28,8065.0,8046.0,8046.3,57.396083
2018-04-17 01:40:00,8046.35,8046.35,8015.0,8035.0,217.09893
2018-04-17 01:45:00,8034.0,8045.0,8029.8,8039.97,62.891054
2018-04-17 01:50:00,8039.54,8045.0,8032.02,8039.25,43.456717
2018-04-17 01:55:00,8039.13,8042.0,8038.0,8041.0,100.546638
2018-04-17 02:00:00,8041.99,8049.48,8030.1,8033.54,73.992524
2018-04-17 02:05:00,8030.1,8035.79,8021.6,8032.01,50.7181
2018-04-17 02:10:00,8032.02,8035.0,8026.03,8033.01,64.858773
2018-04-17 02:15:00,8033.0,8035.0,8000.0,8005.97,139.813594
2018-04-17 02:20:00,8002.22,8007.0,7956.17,7988.0,271.649026
2018-04-17 02:25:00,7988.0,7994.94,7977.01,7980.0,112.895586
2018-04-17 02:30:00,7980.49,8000.04,7976.0,7992.75,138.800426
2018-04-17 02:35:00,7989.23,8007.98,7978.72,7999.4,83.229128
2018-04-17 02:40:00,7999.4,8021.2,7998.93,8018.0,77.402429
2018-04-17 02:45:00,8018.0,8032.9,8013.0,8013.0,87.78715
2018-04-17 02:50:00,8016.05,8035.0,8012.8,8028.03,65.813924
2018-04-17 02:55:00,8028.03,8045.8,8028.03,8034.36,59.488525
2018-04-17 03:00:00,8040.0,8049.0,8034.48,8035.41,80.648735
2018-04-17 03:05:00,8035.41,8049.99,8035.41,8044.01,58.203006
2018-04-17 03:10:00,8044.01,8050.73,8035.1,8048.98,99.692675
2018-04-17 03:15:00,8048.98,8054.0,8040.0,8040.0,92.512861
2018-04-17 03:20:00,8040.84,8041.01,8020.28,8028.97,83.686731
2018-04-17 03:25:00,8028.0,8030.38,8026.1,8026.12,39.202385
2018-04-17 03:30:00,8029.99,8044.01,8026.1,8044.01,47.170861
2018-04-17 03:35:00,8044.01,8050.0,8036.31,8040.05,41.230054
2018-04-17 03:40:00,8044.06,8044.06,8018.15,8023.0,91.943223
2018-04-17 03:45:00,8018.44,8044.84,8018.44,8038.33,44.431544
2018-04-17 03:50:00,8038.31,8045.01,8028.35,8028.98,81.038414
2018-04-17 03:55:00,8028.35,8055.93,8028.35,8045.78,136.372429
2018-04-17 04:00:00,8049.9,8049.9,8024.0,8032.99,148.245567
2018-04-17 04:05:00,8033.0,8034.8,8024.21,8032.95,60.944816
2018-04-17 04:10:00,8032.95,8032.95,8010.01,8015.0,79.428218
2018-04-17 04:15:00,8015.0,8024.8,8000.0,8007.0,134.520342
2018-04-17 04:20:00,8007.01,8019.99,8001.37,8010.99,51.748348
2018-04-17 04:25:00,8009.49,8015.04,7993.0,8013.31,110.14555
2018-04-17 04:30:00,8013.31,8017.69,8007.0,8012.2,64.057884
2018-04-17 04:35:00,8014.8,8021.69,8005.0,8019.9,46.449968
2018-04-17 04:40:00,8017.88,8027.0,8017.46,8023.41,53.435249
2018-04-17 04:45:00,8020.04,8023.79,8000.0,8012.38,48.421248
2018-04-17 04:50:00,8014.0,8031.59,8010.67,8028.35,55.636558
2018-04-17 04:55:00,8028.04,8032.98,8016.41,8030.0,90.537937
2018-04-17 05:00:00,8030.0,8036.8,8005.95,8014.42,83.823441
2018-04-17 05:05:00,8007.04,8025.7,7999.48,8016.0,106.254082
2018-04-17 05:10:00,8016.0,8019.97,8000.0,8015.0,59.765146
2018-04-17 05:15:00,8015.99,8030.35,8005.39,8025.0,58.919055
2018-04-17 05:20:00,8025.0,8030.03,8010.5,8018.0,64.177422
2018-04-17 05:25:00,8018.0,8026.44,8007.0,8012.0,130.038453
2018-04-17 05:30:00,8012.0,8013.5,7995.01,8000.01,102.635401
2018-04-17 05:35:00,8000.01,8002.71,7982.0,7998.0,87.809629
2018-04-17 05:40:00,7998.0,8014.99,7990.0,8005.2,62.493565
2018-04-17 05:45:00,8005.2,8010.0,7995.0,7999.0,46.118846
2018-04-17 05:50:00,7999.0,8001.51,7992.01,7999.88,103.658172
2018-04-17 05:55:00,7995.01,7999.96,7975.01,7983.0,103.490898
2018-04-17 06:00:00,7975.01,8000.0,7960.0,7991.83,148.558977
2018-04-17 06:05:00,7991.83,7999.94,7980.0,7980.4,115.342473
2018-04-17 06:10:00,7986.9,7995.2,7970.0,7990.0,79.786795
2018-04-17 06:15:00,7989.66,8008.97,7988.02,8003.38,98.949998
2018-04-17 06:20:00,8002.02,8025.82,8002.02,8019.99,102.615163
2018-04-17 06:25:00,8017.49,8045.0,8015.1,8027.03,148.060728
2018-04-17 06:30:00,8034.32,8045.46,8027.0,8036.9,81.66967
2018-04-17 06:35:00,8036.9,8040.0,8029.03,8031.0,59.538985
2018-04-17 06:40:00,8033.0,8045.0,8031.01,8037.99,84.091831
2018-04-17 06:45:00,8037.99,8045.18,8016.98,8019.23,102.422244
2018-04-17 06:50:00,8019.24,8037.0,8019.24,8031.11,50.081702
2018-04-17 06:55:00,8030.72,8035.0,8020.0,8025.01,63.167819
2018-04-17 07:00:00,8026.02,8069.55,8025.0,8068.96,144.382192
2018-04-17 07:05:00,8068.96,8150.3,8068.55,8140.0,525.060606
2018-04-17 07:10:00,8140.0,8172.76,8125.9,8139.99,263.531143
2018-04-17 07:15:00,8138.99,8150.0,8122.0,8141.02,186.717164
2018-04-17 07:20:00,8147.14,8147.35,8122.0,8127.0,113.698791
2018-04-17 07:25:00,8127.5,8138.62,8123.1,8137.63,129.28631
2018-04-17 07:30:00,8137.64,8150.11,8136.2,8149.98,130.125488
2018-04-17 07:35:00,8149.98,8155.0,8133.0,8136.0,161.356061
2018-04-17 07:40:00,8136.0,8144.9,8127.12,8135.84,128.782129
2018-04-17 07:45:00,8135.84,8144.59,8133.01,8137.96,62.808467
2018-04-17 07:50:00,8137.96,8139.1,8115.86,8130.0,72.714779
2018-04-17 07:55:00,8130.0,8143.76,8124.0,8138.45,65.837335
2018-04-17 08:00:00,8143.72,8162.9,8135.51,8160.0,206.439301
2018-04-17 08:05:00,8160.0,8172.0,8154.0,8162.88,176.280331
2018-04-17 08:10:00,8162.88,8163.68,8141.0,8155.51,95.745266
2018-04-17 08:15:00,8155.51,8163.69,8136.1,8152.98,132.687621
2018-04-17 08:20:00,8150.29,8152.98,8133.0,8139.23,123.533539
2018-04-17 08:25:00,8139.72,8145.54,8125.2,8136.67,105.873341
2018-04-17 08:30:00,8136.67,8145.47,8132.23,8142.7,61.043501
2018-04-17 08:35:00,8142.7,8145.23,8137.1,8141.0,72.033432
2018-04-17 08:40:00,8141.0,8152.0,8138.0,8145.0,97.93012
2018-04-17 08:45:00,8144.99,8145.0,8129.0,8137.0,103.698048
2018-04-17 08:50:00,8135.18,8149.98,8135.18,8146.02,121.285567
2018-04-17 08:55:00,8146.01,8149.0,8129.0,8131.6,80.433654
2018-04-17 09:00:00,8134.0,8141.0,8131.6,8140.0,86.517754
2018-04-17 09:05:00,8140.0,8141.0,8132.0,8140.26,116.023271
2018-04-17 09:10:00,8140.01,8150.27,8139.01,8150.27,117.614963
2018-04-17 09:15:00,8149.0,8155.0,8142.02,8143.63,121.033134
2018-04-17 09:20:00,8143.63,8156.62,8133.02,8150.1,160.10859
2018-04-17 09:25:00,8152.14,8152.65,8135.56,8148.0,135.174656
2018-04-17 09:30:00,8148.0,8155.99,8136.1,8141.0,136.089508
2018-04-17 09:35:00,8145.88,8150.0,8140.0,8150.0,86.741601
2018-04-17 09:40:00,8150.0,8152.97,8141.0,8151.9,120.895642
2018-04-17 09:45:00,8151.06,8173.7,8150.02,8152.29,169.931105
2018-04-17 09:50:00,8157.8,8161.88,8151.0,8155.84,87.270603
2018-04-17 09:55:00,8155.7,8155.83,8141.1,8144.41,110.847367
2018-04-17 10:00:00,8144.41,8155.0,8105.0,8108.97,319.652663
2018-04-17 10:05:00,8108.97,8115.06,8064.52,8095.0,351.36923
2018-04-17 10:10:00,8096.85,8109.24,8086.33,8099.99,125.902339
2018-04-17 10:15:00,8099.99,8109.0,8076.0,8076.0,130.524395
2018-04-17 10:20:00,8077.54,8100.08,8068.0,8091.01,143.186009
2018-04-17 10:25:00,8092.0,8097.0,8075.23,8088.99,147.336997
2018-04-17 10:30:00,8088.99,8102.62,8086.77,8094.33,102.947089
2018-04-17 10:35:00,8096.47,8101.0,8077.21,8088.08,101.271523
2018-04-17 10:40:00,8086.54,8104.97,8085.1,8095.0,63.548989
2018-04-17 10:45:00,8095.01,8105.69,8093.02,8101.0,52.361836
2018-04-17 10:50:00,8101.0,8104.85,8090.0,8094.98,52.727144
2018-04-17 10:55:00,8094.99,8098.16,8077.88,8087.3,104.860041
2018-04-17 11:00:00,8087.3,8105.0,8085.0,8100.0,66.524232
2018-04-17 11:05:00,8100.0,8108.13,8095.0,8108.12,87.561709
2018-04-17 11:10:00,8106.06,8125.0,8104.85,8124.0,109.603277
2018-04-17 11:15:00,8124.94,8125.0,8110.0,8114.97,50.52052
2018-04-17 11:20:00,8114.97,8116.99,8092.41,8104.95,74.601527
2018-04-17 11:25:00,8104.97,8106.67,8095.3,8095.35,61.193563
2018-04-17 11:30:00,8097.99,8119.0,8097.99,8113.21,61.506008
2018-04-17 11:35:00,8113.21,8119.0,8106.0,8114.57,42.163054
2018-04-17 11:40:00,8110.0,8120.35,8109.76,8114.21,62.840892
2018-04-17 11:45:00,8114.21,8127.33,8113.0,8118.37,126.020441
2018-04-17 11:50:00,8126.99,8126.99,8115.17,8115.98,91.64615
2018-04-17 11:55:00,8117.85,8124.99,8115.98,8124.87,71.237825
2018-04-17 12:00:00,8124.87,8136.35,8124.87,8130.1,110.66879
2018-04-17 12:05:00,8134.99,8149.0,8126.1,8130.03,133.899179
2018-04-17 12:10:00,8133.86,8155.0,8124.0,8136.39,140.869673
2018-04-17 12:15:00,8139.61,8144.0,8133.0,8136.63,49.293574
2018-04-17 12:20:00,8136.64,8141.97,8130.86,8130.86,83.098992
2018-04-17 12:25:00,8130.86,8137.59,8115.17,8135.25,77.634125
2018-04-17 12:30:00,8137.53,8149.0,8130.0,8143.71,89.648378
2018-04-17 12:35:00,8137.52,8145.0,8134.0,8137.0,111.457098
2018-04-17 12:40:00,8137.0,8156.0,8129.4,8154.0,130.072944
2018-04-17 12:45:00,8150.4,8154.0,8115.0,8137.0,183.99549
2018-04-17 12:50:00,8137.0,8140.0,8130.11,8135.98,49.56247
2018-04-17 12:55:00,8135.98,8136.92,8090.23,8105.13,240.758678
2018-04-17 13:00:00,8105.13,8125.0,8101.47,8115.0,76.769158
2018-04-17 13:05:00,8115.0,8115.0,8098.68,8113.21,64.349119
2018-04-17 13:10:00,8113.2,8115.02,8088.05,8089.96,110.172589
2018-04-17 13:15:00,8089.94,8090.0,8051.0,8090.0,239.264514
2018-04-17 13:20:00,8091.4,8100.08,8082.0,8094.52,119.13543
2018-04-17 13:25:00,8089.95,8108.3,8087.03,8103.0,43.016157
2018-04-17 13:30:00,8103.0,8103.59,8086.01,8100.0,72.158411
2018-04-17 13:35:00,8100.0,8117.39,8096.87,8098.98,83.059132
2018-04-17 13:40:00,8098.98,8099.98,8090.0,8091.36,61.914289
2018-04-17 13:45:00,8098.99,8105.0,8093.54,8099.7,90.847579
2018-04-17 13:50:00,8099.65,8105.0,8095.12,8104.0,49.310563
2018-04-17 13:55:00,8103.99,8107.77,8099.51,8100.0,66.56011
2018-04-17 14:00:00,8100.0,8110.44,8091.21,8099.37,137.310373
2018-04-17 14:05:00,8099.37,8099.37,8080.0,8085.1,93.874934
2018-04-17 14:10:00,8086.01,8125.0,8082.49,8110.0,208.068328
2018-04-17 14:15:00,8116.0,8119.7,8105.0,8116.02,107.333588
2018-04-17 14:20:00,8116.66,8125.0,8105.02,8117.2,173.411309
2018-04-17 14:25:00,8117.2,8124.5,8102.62,8114.37,137.841177
2018-04-17 14:30:00,8114.37,8116.0,8100.0,8113.03,115.195632
2018-04-17 14:35:00,8110.0,8119.0,8105.01,8117.98,100.55397
2018-04-17 14:40:00,8113.04,8118.0,8098.77,8105.0,131.958118
2018-04-17 14:45:00,8100.04,8113.22,8098.79,8113.21,115.866749
2018-04-17 14:50:00,8112.99,8133.38,8107.46,8123.0,132.671148
2018-04-17 14:55:00,8124.9,8124.9,8110.0,8114.98,123.329761
2018-04-17 15:00:00,8114.98,8117.0,8110.11,8116.0,66.726281
2018-04-17 15:05:00,8111.13,8116.99,8077.25,8092.0,136.646897
2018-04-17 15:10:00,8092.0,8097.2,8080.0,8087.02,85.646018
2018-04-17 15:15:00,8087.02,8087.02,8072.55,8082.95,115.995709
2018-04-17 15:20:00,8082.95,8090.77,8070.0,8087.97,101.274894
2018-04-17 15:25:00,8087.96,8110.0,8087.0,8109.99,66.079451
2018-04-17 15:30:00,8109.99,8110.0,8091.01,8091.8,63.728062
2018-04-17 15:35:00,8095.0,8100.0,8091.04,8098.53,43.43336
2018-04-17 15:40:00,8096.26,8100.0,8092.22,8095.03,40.728096
2018-04-17 15:45:00,8095.03,8104.54,8094.02,8099.84,82.845645
2018-04-17 15:50:00,8101.97,8101.97,8095.82,8100.0,50.537142
2018-04-17 15:55:00,8099.99,8102.0,8075.02,8088.63,96.216288
2018-04-17 16:00:00,8088.63,8097.84,8086.2,8092.0,58.296139
2018-04-17 16:05:00,8092.0,8099.0,8091.91,8095.07,68.960324
2018-04-17 16:10:00,8095.07,8120.0,8093.23,8116.93,101.171753
2018-04-17 16:15:00,8112.97,8120.02,8100.0,8109.0,113.623945
2018-04-17 16:20:00,8109.91,8124.0,8107.88,8121.48,96.934235
2018-04-17 16:25:00,8121.42,8124.0,8110.0,8110.13,113.403215
2018-04-17 16:30:00,8110.13,8118.62,8101.21,8113.54,60.341477
2018-04-17 16:35:00,8110.0,8113.49,8106.65,8111.29,77.483647
2018-04-17 16:40:00,8113.42,8123.89,8111.5,8121.01,134.377776
2018-04-17 16:45:00,8121.01,8134.0,8112.14,8134.0,130.860659
2018-04-17 16:50:00,8134.0,8134.0,8113.13,8118.0,145.492333
2018-04-17 16:55:00,8117.99,8123.59,8115.33,8120.01,58.569529
2018-04-17 17:00:00,8120.01,8128.99,8107.01,8108.11,123.573572
2018-04-17 17:05:00,8111.55,8120.0,8108.08,8113.97,68.014981
2018-04-17 17:10:00,8113.34,8116.72,8108.04,8113.93,50.122578
2018-04-17 17:15:00,8113.93,8120.0,8108.05,8117.98,56.919873
2018-04-17 17:20:00,8117.98,8117.99,8108.08,8108.08,58.629335
2018-04-17 17:25:00,8108.09,8118.78,8100.0,8110.0,61.152346
2018-04-17 17:30:00,8107.0,8114.11,8100.02,8105.01,51.565115
2018-04-17 17:35:00,8102.99,8111.2,8084.97,8110.0,75.264696
2018-04-17 17:40:00,8110.95,8114.1,8105.02,8112.0,51.793276
2018-04-17 17:45:00,8111.99,8119.05,8100.0,8116.01,71.045037
2018-04-17 17:50:00,8118.99,8119.0,8105.11,8107.17,34.861797
2018-04-17 17:55:00,8110.0,8111.99,8100.0,8105.0,58.573649
2018-04-17 18:00:00,8104.47,8105.0,8091.99,8094.97,43.153495
2018-04-17 18:05:00,8092.31,8097.0,8082.0,8083.0,76.866014
2018-04-17 18:10:00,8083.0,8092.99,8070.0,8092.0,106.999705
2018-04-17 18:15:00,8092.0,8095.1,8084.89,8088.01,62.279952
2018-04-17 18:20:00,8087.99,8091.9,8078.02,8091.82,36.997795
2018-04-17 18:25:00,8091.82,8097.67,8085.03,8089.0,55.99346
2018-04-17 18:30:00,8089.0,8106.6,8089.0,8102.99,46.895876
2018-04-17 18:35:00,8102.04,8103.0,8090.0,8094.99,60.467218
2018-04-17 18:40:00,8095.0,8101.96,8093.06,8097.65,48.179512
2018-04-17 18:45:00,8097.76,8097.76,8089.0,8091.95,42.651902
2018-04-17 18:50:00,8090.02,8095.46,7930.01,7960.55,889.488627
2018-04-17 18:55:00,7939.21,7970.0,7912.08,7945.17,509.383616
2018-04-17 19:00:00,7941.97,7947.0,7856.0,7880.0,943.057051
2018-04-17 19:05:00,7899.9,7928.22,7862.18,7900.03,422.593846
2018-04-17 19:10:00,7900.04,7900.82,7865.63,7890.67,282.025117
2018-04-17 19:15:00,7888.0,7890.67,7861.38,7870.0,161.661459
2018-04-17 19:20:00,7870.0,7889.0,7836.4,7881.0,341.828375
2018-04-17 19:25:00,7888.97,7890.0,7870.0,7882.9,122.332992
2018-04-17 19:30:00,7880.94,7918.0,7880.02,7888.88,241.047091
2018-04-17 19:35:00,7888.88,7910.45,7850.02,7859.74,208.250478
2018-04-17 19:40:00,7859.66,7898.01,7851.01,7884.99,148.667052
2018-04-17 19:45:00,7880.0,7894.99,7876.0,7891.07,93.793276
2018-04-17 19:50:00,7891.05,7895.0,7879.0,7888.0,92.823533
2018-04-17 19:55:00,7890.0,7890.0,7861.0,7874.01,154.322544
2018-04-17 20:00:00,7874.0,7878.0,7825.4,7837.55,332.641105
2018-04-17 20:05:00,7849.68,7870.0,7837.68,7867.9,108.417315
2018-04-17 20:10:00,7867.8,7891.99,7864.22,7875.01,137.596815
2018-04-17 20:15:00,7876.28,7910.66,7868.15,7901.01,147.615126
2018-04-17 20:20:00,7901.01,7940.0,7882.83,7900.0,178.511813
2018-04-17 20:25:00,7900.0,7924.81,7883.1,7885.8,91.1731
2018-04-17 20:30:00,7893.06,7935.0,7885.82,7918.0,115.053472
2018-04-17 20:35:00,7918.0,7951.49,7918.0,7928.3,264.414961
2018-04-17 20:40:00,7934.98,7940.0,7915.0,7936.0,109.263412
2018-04-17 20:45:00,7940.0,7940.0,7890.0,7895.0,186.133048
2018-04-17 20:50:00,7898.28,7923.0,7890.0,7919.0,115.694174
2018-04-17 20:55:00,7919.0,7931.9,7914.01,7920.69,81.447752
2018-04-17 21:00:00,7920.69,7925.66,7901.0,7913.0,145.464204
2018-04-17 21:05:00,7913.0,7919.8,7902.0,7905.1,116.908336
2018-04-17 21:10:00,7905.1,7910.87,7903.0,7910.86,56.372031
2018-04-17 21:15:00,7910.01,7913.18,7906.0,7913.18,99.532256
2018-04-17 21:20:00,7911.59,7938.0,7910.01,7933.6,155.10278
2018-04-17 21:25:00,7933.61,7945.73,7932.02,7941.78,108.56563
2018-04-17 21:30:00,7938.05,7941.0,7914.27,7928.94,86.033145
2018-04-17 21:35:00,7928.94,7930.0,7907.28,7924.9,56.565732
2018-04-17 21:40:00,7924.9,7942.0,7913.88,7935.03,81.316813
2018-04-17 21:45:00,7936.0,7945.0,7910.01,7926.18,145.323502
2018-04-17 21:50:00,7921.0,7937.55,7919.01,7933.87,80.028462
2018-04-17 21:55:00,7928.0,7937.79,7915.73,7915.96,135.346519
2018-04-17 22:00:00,7915.97,7926.88,7881.1,7900.0,189.295109
2018-04-17 22:05:00,7895.04,7908.96,7891.0,7899.99,215.578695
2018-04-17 22:10:00,7896.0,7900.0,7873.0,7900.0,154.588198
2018-04-17 22:15:00,7900.0,7905.91,7882.8,7901.02,147.959406
2018-04-17 22:20:00,7901.02,7913.38,7889.23,7897.4,79.646471
2018-04-17 22:25:00,7897.39,7910.0,7889.0,7900.1,72.301248
2018-04-17 22:30:00,7903.77,7903.85,7890.68,7900.8,56.873732
2018-04-17 22:35:00,7900.8,7903.43,7885.02,7895.83,57.197662
2018-04-17 22:40:00,7899.0,7913.21,7891.45,7897.13,111.352731
2018-04-17 22:45:00,7899.99,7911.64,7885.59,7899.0,126.13329
2018-04-17 22:50:00,7899.0,7915.77,7893.78,7911.0,106.875915
2018-04-17 22:55:00,7911.01,7922.8,7900.24,7917.43,50.685415
2018-04-17 23:00:00,7917.43,7923.03,7900.28,7902.22,77.745601
2018-04-17 23:05:00,7903.0,7908.15,7889.7,7896.98,108.212463
2018-04-17 23:10:00,7896.98,7900.0,7889.7,7894.48,66.315262
2018-04-17 23:15:00,7894.46,7900.0,7861.76,7878.04,163.641022
2018-04-17 23:20:00,7878.04,7900.0,7860.0,7891.44,126.351914
2018-04-17 23:25:00,7891.36,7904.7,7871.64,7894.9,85.219631
2018-04-17 23:30:00,7894.9,7899.91,7881.91,7889.82,67.878112
2018-04-17 23:35:00,7889.81,7903.5,7877.73,7878.0,82.64207
2018-04-17 23:40:00,7878.0,7898.0,7875.27,7893.61,60.705037
2018-04-17 23:45:00,7893.61,7898.22,7888.0,7895.0,57.061659
2018-04-17 23:50:00,7895.0,7895.0,7880.12,7889.32,50.846674
2018-04-17 23:55:00,7889.32,7896.0,7885.02,7885.02,53.348174
2018-04-18 00:00:00,7890.96,7910.0,7868.07,7899.99,109.946061
2018-04-18 00:05:00,7899.99,7919.8,7896.99,7919.8,84.803452
2018-04-18 00:10:00,7919.8,7923.2,7900.0,7915.0,115.26564
2018-04-18 00:15:00,7915.0,7935.57,7911.52,7926.84,73.955439
2018-04-18 00:20:00,7926.83,7926.84,7915.01,7926.84,73.736323
2018-04-18 00:25:00,7926.84,7935.0,7912.79,7912.79,48.792619
2018-04-18 00:30:00,7915.98,7924.95,7910.0,7922.97,56.086337
2018-04-18 00:35:00,7922.97,7928.9,7914.5,7921.81,59.938184
2018-04-18 00:40:00,7915.88,7928.0,7914.12,7926.0,43.823187
2018-04-18 00:45:00,7926.0,7928.99,7915.18,7923.81,48.923119
2018-04-18 00:50:00,7921.42,7925.49,7910.0,7915.0,44.16931
2018-04-18 00:55:00,7915.0,7927.8,7915.0,7926.32,47.399266
2018-04-18 01:00:00,7926.0,7938.67,7920.01,7934.99,93.163344
2018-04-18 01:05:00,7928.95,7942.99,7928.94,7938.03,84.357319
2018-04-18 01:10:00,7938.03,7979.0,7938.02,7944.0,168.658229
2018-04-18 01:15:00,7944.0,7949.99,7930.2,7943.01,75.905938
2018-04-18 01:20:00,7945.0,7948.05,7932.46,7946.63,43.111152
2018-04-18 01:25:00,7946.0,7966.0,7940.2,7963.64,76.894496
2018-04-18 01:30:00,7963.98,7964.03,7930.02,7933.5,77.042227
2018-04-18 01:35:00,7933.5,7948.38,7933.5,7943.1,37.648918
2018-04-18 01:40:00,7943.09,7954.0,7942.77,7953.01,31.160218
2018-04-18 01:45:00,7953.01,7954.0,7939.0,7946.99,37.493578
2018-04-18 01:50:00,7947.0,7953.36,7944.01,7950.0,52.834102
2018-04-18 01:55:00,7945.07,7952.42,7935.17,7952.42,33.681153
2018-04-18 02:00:00,7952.42,7958.99,7937.02,7950.14,89.762831
2018-04-18 02:05:00,7950.14,7964.02,7937.42,7964.0,81.340514
2018-04-18 02:10:00,7964.0,7964.21,7955.06,7960.0,33.979874
2018-04-18 02:15:00,7960.0,7966.0,7955.08,7965.77,77.752087
2018-04-18 02:20:00,7965.77,7966.54,7952.01,7963.97,68.952179
2018-04-18 02:25:00,7963.96,7963.97,7945.0,7951.5,51.585305
2018-04-18 02:30:00,7958.05,7963.9,7950.0,7950.0,43.806194
2018-04-18 02:35:00,7949.0,7958.26,7935.0,7944.52,39.365938
2018-04-18 02:40:00,7946.76,7948.99,7935.59,7941.03,57.43094
2018-04-18 02:45:00,7941.03,7949.8,7927.27,7929.97,54.027191
2018-04-18 02:50:00,7929.98,7934.29,7922.1,7922.1,75.87658
2018-04-18 02:55:00,7922.1,7925.62,7901.3,7911.99,98.132137
2018-04-18 03:00:00,7905.69,7925.77,7905.69,7923.0,32.4097
2018-04-18 03:05:00,7923.03,7930.0,7923.0,7927.0,47.642971
2018-04-18 03:10:00,7927.0,7927.0,7920.97,7922.16,48.659672
2018-04-18 03:15:00,7926.0,7927.0,7920.0,7924.46,54.323792
2018-04-18 03:20:00,7924.47,7927.0,7923.0,7926.49,22.003542
2018-04-18 03:25:00,7926.5,7933.0,7922.1,7925.05,23.69555
2018-04-18 03:30:00,7928.56,7932.0,7923.0,7924.04,29.808007
2018-04-18 03:35:00,7924.06,7947.1,7924.06,7930.95,45.677787
2018-04-18 03:40:00,7930.97,7949.82,7930.97,7934.99,51.384513
2018-04-18 03:45:00,7935.0,7948.98,7928.0,7941.86,49.740694
2018-04-18 03:50:00,7941.86,7944.9,7928.0,7940.09,57.316882
2018-04-18 03:55:00,7935.02,7949.0,7935.01,7947.71,42.183889
2018-04-18 04:00:00,7947.74,7949.0,7933.75,7936.79,81.318064
2018-04-18 04:05:00,7936.84,7944.9,7935.0,7938.01,61.170535
2018-04-18 04:10:00,7935.08,7941.99,7920.0,7927.99,98.604445
2018-04-18 04:15:00,7924.0,7941.84,7924.0,7934.01,51.868624
2018-04-18 04:20:00,7934.0,7942.0,7926.02,7932.0,34.33707
2018-04-18 04:25:00,7932.0,7939.0,7926.0,7929.99,22.824059
2018-04-18 04:30:00,7929.99,7937.94,7921.0,7922.28,40.569844
2018-04-18 04:35:00,7925.59,7933.2,7919.99,7920.96,49.989421
2018-04-18 04:40:00,7927.23,7929.99,7918.89,7925.4,54.265458
2018-04-18 04:45:00,7929.0,7936.33,7921.0,7934.99,55.769184
2018-04-18 04:50:00,7934.96,7937.93,7924.72,7925.0,58.133953
2018-04-18 04:55:00,7925.0,7930.0,7915.0,7915.1,108.397264
2018-04-18 05:00:00,7915.1,7921.13,7907.05,7918.0,44.530225
2018-04-18 05:05:00,7917.99,7923.98,7910.13,7920.0,58.180915
2018-04-18 05:10:00,7920.0,7936.0,7918.07,7929.81,87.368629
2018-04-18 05:15:00,7929.8,7937.9,7926.5,7935.84,51.348467
2018-04-18 05:20:00,7935.84,7938.11,7926.7,7937.63,37.35456
2018-04-18 05:25:00,7935.0,7937.64,7927.02,7932.53,56.233286
2018-04-18 05:30:00,7932.54,7937.98,7930.01,7935.0,28.51079
2018-04-18 05:35:00,7934.02,7940.0,7933.05,7940.0,67.898959
2018-04-18 05:40:00,7940.0,7940.0,7931.75,7933.0,37.674953
2018-04-18 05:45:00,7933.0,7949.99,7931.75,7948.0,79.08551
2018-04-18 05:50:00,7948.0,7949.96,7918.0,7920.32,67.921984
2018-04-18 05:55:00,7920.33,7931.6,7915.46,7928.99,46.454503
2018-04-18 06:00:00,7925.83,7935.0,7919.01,7930.01,78.023675
2018-04-18 06:05:00,7930.02,7935.0,7918.0,7918.0,59.650803
2018-04-18 06:10:00,7927.24,7931.99,7905.15,7925.02,94.934679
2018-04-18 06:15:00,7925.61,7929.99,7918.69,7918.69,53.229213
2018-04-18 06:20:00,7918.69,7936.86,7911.03,7930.0,75.258884
2018-04-18 06:25:00,7930.0,7945.51,7924.0,7931.2,81.005287
2018-04-18 06:30:00,7938.46,7939.98,7927.03,7933.0,68.452877
2018-04-18 06:35:00,7929.99,7940.0,7928.36,7931.96,63.68597
2018-04-18 06:40:00,7930.01,7932.94,7868.0,7900.47,302.379717
2018-04-18 06:45:00,7901.99,7944.0,7872.34,7930.0,160.290263
2018-04-18 06:50:00,7930.0,8139.0,7925.66,8121.22,1043.580671
2018-04-18 06:55:00,8121.22,8131.0,8088.0,8125.0,444.374415
2018-04-18 07:00:00,8123.89,8149.89,8103.05,8113.0,383.694771
2018-04-18 07:05:00,8103.79,8135.94,8103.01,8129.27,337.88189
2018-04-18 07:10:00,8129.26,8129.26,8085.03,8109.97,192.611238
2018-04-18 07:15:00,8109.11,8116.68,8090.02,8105.0,123.55955
2018-04-18 07:20:00,8105.0,8115.48,8085.98,8115.18,155.235561
2018-04-18 07:25:00,8115.0,8115.0,8095.02,8107.0,97.631169
2018-04-18 07:30:00,8107.0,8115.9,8103.02,8103.04,64.218213
2018-04-18 07:35:00,8103.04,8107.99,8090.0,8091.54,76.230735
2018-04-18 07:40:00,8091.53,8107.99,8090.0,8100.0,72.945095
2018-04-18 07:45:00,8100.0,8125.0,8100.0,8121.63,111.971214
2018-04-18 07:50:00,8121.63,8123.97,8102.01,8111.0,64.670215
2018-04-18 07:55:00,8110.98,8115.0,8095.0,8107.23,118.489238
2018-04-18 08:00:00,8113.51,8118.0,8107.0,8112.0,81.934463
2018-04-18 08:05:00,8112.0,8115.0,8090.8,8098.0,108.664618
2018-04-18 08:10:00,8098.99,8114.79,8090.8,8108.96,57.575663
2018-04-18 08:15:00,8108.96,8115.0,8095.0,8098.12,87.515379
2018-04-18 08:20:00,8096.09,8109.0,8071.0,8071.86,157.317043
2018-04-18 08:25:00,8081.56,8100.0,8072.23,8083.44,89.768322
2018-04-18 08:30:00,8083.45,8094.33,8072.11,8078.83,108.502006
2018-04-18 08:35:00,8084.64,8094.3,8073.0,8076.01,88.973158
2018-04-18 08:40:00,8078.9,8085.01,8072.0,8080.68,68.818612
2018-04-18 08:45:00,8080.69,8100.0,8078.1,8093.0,109.553603
2018-04-18 08:50:00,8092.99,8100.99,8080.0,8084.01,154.132212
2018-04-18 08:55:00,8088.0,8094.74,8075.0,8086.0,64.415108
2018-04-18 09:00:00,8082.56,8100.0,8074.67,8095.06,126.159673
2018-04-18 09:05:00,8098.0,8099.9,8083.37,8095.0,92.837835
2018-04-18 09:10:00,8095.0,8103.0,8087.28,8090.0,135.260622
2018-04-18 09:15:00,8090.02,8094.01,8075.1,8078.59,75.647001
2018-04-18 09:20:00,8077.08,8101.98,8077.08,8100.59,69.64336
2018-04-18 09:25:00,8086.74,8100.41,8081.01,8084.99,56.456108
2018-04-18 09:30:00,8085.0,8096.99,8082.05,8094.95,72.704232
2018-04-18 09:35:00,8094.99,8103.0,8090.08,8096.02,46.83107
2018-04-18 09:40:00,8096.03,8100.04,8090.0,8091.99,50.74052
2018-04-18 09:45:00,8091.99,8110.0,8090.0,8093.0,72.8607
2018-04-18 09:50:00,8093.01,8101.61,8090.04,8098.99,55.654268
2018-04-18 09:55:00,8099.0,8108.48,8090.14,8092.01,64.21592
2018-04-18 10:00:00,8092.02,8101.0,8092.0,8095.67,86.099163
2018-04-18 10:05:00,8095.67,8109.0,8093.0,8104.99,71.753041
2018-04-18 10:10:00,8104.99,8109.99,8090.32,8094.0,56.574718
2018-04-18 10:15:00,8094.0,8097.0,8077.08,8087.93,88.034785
2018-04-18 10:20:00,8087.93,8100.0,8080.0,8095.0,69.795049
2018-04-18 10:25:00,8095.0,8098.95,8085.99,8085.99,63.967573
2018-04-18 10:30:00,8086.0,8096.43,8085.99,8086.16,83.138407
2018-04-18 10:35:00,8092.5,8096.42,8086.17,8092.67,76.729214
2018-04-18 10:40:00,8088.43,8098.0,8083.04,8090.0,100.62586
2018-04-18 10:45:00,8089.34,8098.0,8081.01,8097.01,66.610935
2018-04-18 10:50:00,8097.01,8120.0,8089.02,8096.67,189.227201
2018-04-18 10:55:00,8096.67,8099.0,8088.27,8095.01,65.57384
2018-04-18 11:00:00,8095.0,8097.0,8067.02,8085.0,100.108
2018-04-18 11:05:00,8085.0,8093.73,8080.85,8089.12,44.84816
2018-04-18 11:10:00,8091.71,8093.73,8070.59,8086.99,84.838935
2018-04-18 11:15:00,8087.0,8090.0,8076.0,8079.99,65.3005
2018-04-18 11:20:00,8080.83,8088.88,8070.0,8082.76,51.272641
2018-04-18 11:25:00,8082.75,8093.98,8081.01,8089.99,68.324118
2018-04-18 11:30:00,8088.0,8100.0,8080.48,8089.99,73.889783
2018-04-18 11:35:00,8089.99,8097.8,8085.82,8090.2,40.963508
2018-04-18 11:40:00,8090.2,8101.27,8085.8,8098.94,73.250717
2018-04-18 11:45:00,8098.88,8100.0,8088.92,8098.99,43.098057
2018-04-18 11:50:00,8098.99,8110.0,8095.0,8099.14,82.096433
2018-04-18 11:55:00,8098.0,8103.99,8090.9,8103.0,89.521315
2018-04-18 12:00:00,8104.0,8117.81,8100.0,8111.01,76.159538
2018-04-18 12:05:00,8114.99,8116.95,8107.9,8109.0,81.635876
2018-04-18 12:10:00,8107.91,8109.0,8098.31,8106.76,31.507083
2018-04-18 12:15:00,8106.76,8106.84,8092.0,8095.08,82.99758
2018-04-18 12:20:00,8100.0,8105.99,8096.01,8105.0,56.549863
2018-04-18 12:25:00,8105.0,8105.8,8085.0,8086.99,74.124145
2018-04-18 12:30:00,8089.99,8098.19,8087.0,8091.01,36.663643
2018-04-18 12:35:00,8091.01,8091.01,8081.79,8082.5,57.215822
2018-04-18 12:40:00,8082.49,8085.94,8080.09,8084.6,72.415643
2018-04-18 12:45:00,8085.94,8098.99,8083.1,8097.0,40.465686
2018-04-18 12:50:00,8098.72,8099.0,8086.0,8094.92,69.97714
2018-04-18 12:55:00,8094.92,8099.0,8089.91,8095.04,42.977652
2018-04-18 13:00:00,8095.03,8099.0,8089.91,8099.0,79.122896
2018-04-18 13:05:00,8099.0,8106.01,8099.0,8100.0,71.669049
2018-04-18 13:10:00,8099.99,8110.0,8097.03,8109.04,118.31394
2018-04-18 13:15:00,8109.04,8114.0,8097.4,8099.52,101.24531
2018-04-18 13:20:00,8099.47,8106.9,8075.06,8079.01,114.364219
2018-04-18 13:25:00,8079.01,8090.87,8075.88,8088.99,51.148174
2018-04-18 13:30:00,8089.0,8100.0,8083.0,8089.03,81.601819
2018-04-18 13:35:00,8089.03,8090.0,8084.1,8085.06,60.666626
2018-04-18 13:40:00,8085.05,8090.0,8083.01,8090.0,67.760633
2018-04-18 13:45:00,8089.99,8091.65,8083.03,8087.0,41.826282
2018-04-18 13:50:00,8087.0,8089.89,8083.04,8087.0,44.342891
2018-04-18 13:55:00,8087.0,8105.0,8083.07,8095.89,75.176212
2018-04-18 14:00:00,8098.45,8100.0,8087.82,8094.75,57.849549
2018-04-18 14:05:00,8094.74,8095.17,8089.01,8095.17,48.441505
2018-04-18 14:10:00,8095.12,8100.0,8090.0,8098.98,74.527193
2018-04-18 14:15:00,8098.56,8099.25,8090.15,8094.0,38.652367
2018-04-18 14:20:00,8095.0,8095.0,8083.06,8088.0,53.264609
2018-04-18 14:25:00,8088.0,8091.99,8083.06,8086.0,36.244322
2018-04-18 14:30:00,8086.02,8094.0,8080.0,8083.2,57.907514
2018-04-18 14:35:00,8083.0,8094.0,8080.0,8086.02,47.905651
2018-04-18 14:40:00,8086.02,8089.9,8084.01,8085.62,49.559662
2018-04-18 14:45:00,8085.62,8089.86,8082.65,8086.01,87.122901
2018-04-18 14:50:00,8086.98,8087.0,8075.06,8077.9,83.928506
2018-04-18 14:55:00,8077.91,8087.0,7937.6,7970.91,711.826394
2018-04-18 15:00:00,7962.27,7995.0,7931.01,7950.01,501.268944
2018-04-18 15:05:00,7954.0,7994.99,7943.03,7983.03,203.059789
2018-04-18 15:10:00,7981.5,7996.0,7960.49,7994.96,173.91542
2018-04-18 15:15:00,7994.89,7995.01,7971.31,7987.98,91.309055
2018-04-18 15:20:00,7986.38,7989.99,7975.0,7975.71,94.913307
2018-04-18 15:25:00,7979.69,7992.9,7975.01,7990.03,56.370958
2018-04-18 15:30:00,7992.9,8036.65,7985.01,8016.47,224.688276
2018-04-18 15:35:00,8020.0,8024.7,8000.0,8005.0,78.23027
2018-04-18 15:40:00,8000.72,8013.69,8000.18,8002.0,85.524603
2018-04-18 15:45:00,8002.01,8018.67,8002.01,8009.0,59.180689
2018-04-18 15:50:00,8009.0,8015.0,8008.0,8014.95,55.98502
2018-04-18 15:55:00,8014.95,8017.0,7988.06,7994.0,108.928537
2018-04-18 16:00:00,7994.0,8023.52,7985.01,8022.89,89.680256
2018-04-18 16:05:00,8017.25,8030.0,8011.3,8030.0,66.34232
2018-04-18 16:10:00,8030.0,8034.05,8016.0,8029.9,50.145023
2018-04-18 16:15:00,8029.9,8041.0,8023.2,8030.0,103.931008
2018-04-18 16:20:00,8034.99,8038.23,8026.0,8032.0,48.849308
2018-04-18 16:25:00,8031.01,8037.9,8026.0,8030.05,73.881931
2018-04-18 16:30:00,8030.06,8034.0,8023.2,8026.97,66.687925
2018-04-18 16:35:00,8026.97,8034.97,8020.03,8026.49,46.97299
2018-04-18 16:40:00,8026.29,8139.0,8021.0,8132.52,383.714411
2018-04-18 16:45:00,8131.8,8149.78,8108.5,8121.09,286.983722
2018-04-18 16:50:00,8123.0,8125.0,8102.52,8124.0,134.75249
2018-04-18 16:55:00,8124.0,8129.25,8085.15,8111.01,157.543783
2018-04-18 17:00:00,8113.93,8125.0,8106.03,8117.0,167.308311
2018-04-18 17:05:00,8117.0,8125.0,8095.5,8111.0,124.13386
2018-04-18 17:10:00,8111.11,8120.0,8095.5,8115.0,70.629679
2018-04-18 17:15:00,8114.51,8128.5,8114.0,8123.13,94.306893
2018-04-18 17:20:00,8123.12,8123.13,8105.0,8115.9,80.766543
2018-04-18 17:25:00,8115.9,8120.0,8108.02,8117.0,70.262633
2018-04-18 17:30:00,8117.01,8128.0,8115.0,8124.1,64.428245
2018-04-18 17:35:00,8124.1,8128.0,8110.0,8120.0,91.022507
2018-04-18 17:40:00,8117.0,8122.22,8110.0,8120.01,57.654231
2018-04-18 17:45:00,8120.0,8123.99,8105.39,8109.0,105.711602
2018-04-18 17:50:00,8117.04,8118.0,8084.0,8084.0,118.244047
2018-04-18 17:55:00,8088.0,8114.0,8078.01,8099.0,98.466329
2018-04-18 18:00:00,8098.79,8115.0,8090.65,8105.0,111.087226
2018-04-18 18:05:00,8105.0,8118.0,8092.02,8114.0,80.682283
2018-04-18 18:10:00,8114.0,8124.0,8112.95,8112.95,95.540981
2018-04-18 18:15:00,8112.96,8119.99,8102.29,8114.95,84.439829
2018-04-18 18:20:00,8114.95,8117.0,8102.29,8110.06,54.689119
2018-04-18 18:25:00,8110.12,8114.0,8095.0,8104.01,59.360371
2018-04-18 18:30:00,8104.11,8117.81,8104.01,8113.0,63.238488
2018-04-18 18:35:00,8113.28,8117.79,8100.0,8110.99,63.654047
2018-04-18 18:40:00,8111.0,8116.88,8101.96,8109.01,57.049438
2018-04-18 18:45:00,8107.72,8109.02,8095.0,8099.99,81.860314
2018-04-18 18:50:00,8096.03,8107.97,8096.01,8103.21,99.910502
2018-04-18 18:55:00,8107.94,8116.02,8101.01,8109.0,29.810386
2018-04-18 19:00:00,8109.0,8119.0,8107.01,8115.0,101.738804
2018-04-18 19:05:00,8115.0,8115.0,8098.01,8101.36,82.658475
2018-04-18 19:10:00,8101.36,8113.0,8095.0,8112.99,53.512393
2018-04-18 19:15:00,8110.07,8114.5,8110.04,8114.0,54.059805
2018-04-18 19:20:00,8112.02,8114.99,8112.02,8114.88,49.430639
2018-04-18 19:25:00,8114.77,8116.62,8112.99,8116.62,82.792843
2018-04-18 19:30:00,8116.63,8123.0,8112.0,8119.08,79.710896
2018-04-18 19:35:00,8119.07,8126.79,8115.0,8115.0,100.651803
2018-04-18 19:40:00,8115.0,8122.65,8109.0,8109.0,61.099002
2018-04-18 19:45:00,8109.0,8125.0,8108.0,8115.05,87.590313
2018-04-18 19:50:00,8119.99,8125.0,8115.04,8124.49,76.20774
2018-04-18 19:55:00,8124.0,8124.49,8115.0,8116.65,81.283307
2018-04-18 20:00:00,8116.01,8119.91,8097.0,8114.64,93.740348
2018-04-18 20:05:00,8119.0,8120.0,8101.81,8118.64,60.720142
2018-04-18 20:10:00,8118.2,8122.0,8109.76,8120.01,49.820776
2018-04-18 20:15:00,8120.01,8236.43,8119.97,8202.93,678.827046
2018-04-18 20:20:00,8210.0,8218.14,8187.12,8192.0,310.100736
2018-04-18 20:25:00,8194.75,8205.0,8185.0,8205.0,145.45471
2018-04-18 20:30:00,8205.0,8235.86,8176.3,8176.55,220.582703
2018-04-18 20:35:00,8184.71,8202.98,8176.0,8183.0,105.895557
2018-04-18 20:40:00,8186.47,8188.89,8171.0,8188.89,107.072953
2018-04-18 20:45:00,8185.0,8194.98,8172.0,8190.02,85.275221
2018-04-18 20:50:00,8193.02,8212.05,8184.99,8185.11,144.834571
2018-04-18 20:55:00,8200.64,8200.64,8180.0,8197.98,49.62
2018-04-18 21:00:00,8187.02,8198.0,8187.0,8194.9,54.050823
2018-04-18 21:05:00,8194.99,8196.97,8174.05,8185.96,77.101451
2018-04-18 21:10:00,8185.96,8188.98,8179.02,8180.0,72.079904
2018-04-18 21:15:00,8179.99,8190.5,8178.64,8188.49,51.148263
2018-04-18 21:20:00,8188.49,8192.5,8180.01,8182.01,51.297182
2018-04-18 21:25:00,8189.18,8192.0,8182.0,8187.99,46.887457
2018-04-18 21:30:00,8187.99,8189.0,8181.0,8189.0,71.763069
2018-04-18 21:35:00,8182.25,8190.12,8182.25,8189.0,37.549831
2018-04-18 21:40:00,8189.0,8192.79,8186.0,8192.79,119.1537
2018-04-18 21:45:00,8192.79,8199.0,8188.0,8190.03,50.31284
2018-04-18 21:50:00,8190.0,8194.99,8187.0,8190.02,66.821265
2018-04-18 21:55:00,8190.02,8202.0,8190.0,8199.0,107.894839
2018-04-18 22:00:00,8199.0,8203.0,8186.0,8195.0,106.000578
2018-04-18 22:05:00,8195.0,8200.88,8187.69,8196.96,60.033944
2018-04-18 22:10:00,8194.0,8196.1,8187.69,8193.99,48.547626
2018-04-18 22:15:00,8194.0,8207.0,8192.6,8206.8,156.560427
2018-04-18 22:20:00,8204.23,8220.1,8195.01,8196.54,185.871053
2018-04-18 22:25:00,8200.83,8209.5,8170.0,8178.03,154.362275
2018-04-18 22:30:00,8172.9,8180.0,8105.0,8150.0,325.995788
2018-04-18 22:35:00,8154.0,8168.0,8144.7,8158.0,108.533062
2018-04-18 22:40:00,8151.89,8174.99,8135.33,8165.99,86.321118
2018-04-18 22:45:00,8163.0,8169.29,8150.01,8157.01,59.609883
2018-04-18 22:50:00,8159.0,8190.6,8156.0,8177.0,94.981399
2018-04-18 22:55:00,8177.0,8182.9,8138.49,8155.01,114.179157
2018-04-18 23:00:00,8156.5,8166.64,8141.01,8159.96,101.627881
2018-04-18 23:05:00,8159.96,8174.0,8147.25,8160.12,80.926673
2018-04-18 23:10:00,8169.0,8175.11,8158.56,8170.0,55.875022
2018-04-18 23:15:00,8164.0,8170.05,8159.0,8164.92,48.04268
2018-04-18 23:20:00,8164.94,8174.89,8145.05,8170.84,107.268263
2018-04-18 23:25:00,8173.48,8179.26,8165.1,8168.0,71.894941
2018-04-18 23:30:00,8166.08,8175.0,8166.08,8171.0,32.793094
2018-04-18 23:35:00,8171.0,8186.59,8170.1,8173.0,58.379078
2018-04-18 23:40:00,8173.01,8178.14,8152.1,8166.3,109.596439
2018-04-18 23:45:00,8166.3,8176.86,8150.86,8153.81,71.151465
2018-04-18 23:50:00,8153.81,8164.0,8150.86,8159.99,76.112392
2018-04-18 23:55:00,8160.0,8177.84,8152.0,8173.0,110.075257
2018-04-19 00:00:00,8173.99,8180.0,8157.0,8166.81,91.840246
2018-04-19 00:05:00,8161.71,8168.99,8155.94,8161.01,77.259624
2018-04-19 00:10:00,8163.98,8168.01,8152.0,8162.96,103.173871
2018-04-19 00:15:00,8156.56,8162.96,8105.94,8120.69,208.097958
2018-04-19 00:20:00,8130.0,8140.0,8100.0,8135.01,155.697734
2018-04-19 00:25:00,8135.01,8156.18,8132.3,8144.99,81.974758
2018-04-19 00:30:00,8144.96,8159.74,8135.0,8149.8,53.725657
2018-04-19 00:35:00,8149.72,8155.0,8138.0,8145.0,45.110706
2018-04-19 00:40:00,8145.0,8147.93,8138.0,8138.01,51.604086
2018-04-19 00:45:00,8139.0,8155.0,8137.0,8146.82,56.510131
2018-04-19 00:50:00,8149.0,8160.01,8146.82,8157.31,59.491885
2018-04-19 00:55:00,8153.99,8160.0,8153.87,8154.0,58.133664
2018-04-19 01:00:00,8158.0,8158.98,8137.0,8140.0,115.68915
2018-04-19 01:05:00,8139.86,8159.08,8137.01,8149.0,87.951049
2018-04-19 01:10:00,8149.0,8157.99,8145.11,8145.11,121.962177
2018-04-19 01:15:00,8145.11,8154.79,8137.0,8154.0,76.330173
2018-04-19 01:20:00,8154.0,8158.9,8141.93,8153.32,93.115772
2018-04-19 01:25:00,8157.99,8158.63,8141.64,8141.78,76.837623
2018-04-19 01:30:00,8146.37,8160.01,8140.01,8146.89,142.621093
2018-04-19 01:35:00,8154.74,8197.0,8146.89,8170.0,407.88193
2018-04-19 01:40:00,8177.7,8200.78,8170.0,8194.01,201.759858
2018-04-19 01:45:00,8194.01,8210.0,8171.99,8194.73,131.008726
2018-04-19 01:50:00,8194.72,8200.11,8180.0,8181.11,57.94571
2018-04-19 01:55:00,8187.99,8192.5,8180.3,8188.88,86.661879
2018-04-19 02:00:00,8188.88,8192.0,8176.0,8178.81,55.701545
2018-04-19 02:05:00,8178.81,8178.81,8150.0,8171.0,114.633824
2018-04-19 02:10:00,8171.01,8198.17,8170.91,8192.24,73.636019
2018-04-19 02:15:00,8190.0,8198.14,8176.17,8190.76,102.260529
2018-04-19 02:20:00,8190.76,8195.98,8178.3,8193.98,102.140859
2018-04-19 02:25:00,8193.98,8200.0,8178.22,8187.72,109.355182
2018-04-19 02:30:00,8187.72,8200.0,8180.0,8200.0,96.901016
2018-04-19 02:35:00,8200.0,8202.39,8180.9,8189.49,98.479569
2018-04-19 02:40:00,8189.49,8214.9,8189.48,8203.36,97.13347
2018-04-19 02:45:00,8214.81,8290.0,8204.17,8240.0,479.536659
2018-04-19 02:50:00,8240.0,8255.8,8196.7,8208.99,179.242223
2018-04-19 02:55:00,8209.0,8226.0,8201.0,8220.01,145.110178
2018-04-19 03:00:00,8220.01,8220.01,8186.25,8192.09,97.851745
2018-04-19 03:05:00,8193.99,8199.0,8168.0,8170.0,130.736204
2018-04-19 03:10:00,8170.04,8199.0,8168.0,8197.0,114.192903
2018-04-19 03:15:00,8197.01,8198.94,8156.0,8169.7,125.650229
2018-04-19 03:20:00,8174.02,8179.99,8162.1,8170.17,87.037557
2018-04-19 03:25:00,8171.0,8195.03,8165.29,8182.01,78.032529
2018-04-19 03:30:00,8182.01,8198.31,8176.16,8190.65,86.260336
2018-04-19 03:35:00,8186.99,8191.38,8178.42,8187.0,73.130524
2018-04-19 03:40:00,8187.0,8191.16,8176.16,8176.26,91.649958
2018-04-19 03:45:00,8179.99,8191.14,8176.26,8185.99,46.129346
2018-04-19 03:50:00,8185.99,8191.15,8180.01,8186.98,46.720701
2018-04-19 03:55:00,8186.98,8191.14,8178.99,8185.0,64.855992
2018-04-19 04:00:00,8184.99,8185.0,8153.99,8161.87,158.088417
2018-04-19 04:05:00,8161.87,8177.96,8158.5,8177.96,63.728876
2018-04-19 04:10:00,8169.66,8181.0,8165.01,8166.0,84.73202
2018-04-19 04:15:00,8166.0,8169.0,8139.76,8152.1,167.551235
2018-04-19 04:20:00,8162.0,8169.85,8152.0,8154.01,85.796185
2018-04-19 04:25:00,8154.01,8158.0,8144.0,8151.99,83.019483
2018-04-19 04:30:00,8151.99,8152.0,8126.1,8140.01,147.287519
2018-04-19 04:35:00,8140.02,8144.04,8120.0,8126.57,131.421112
2018-04-19 04:40:00,8133.85,8155.0,8127.0,8141.24,132.172403
2018-04-19 04:45:00,8141.24,8153.37,8138.06,8147.0,96.852685
2018-04-19 04:50:00,8146.0,8172.38,8144.01,8160.0,111.605438
2018-04-19 04:55:00,8167.0,8187.0,8152.64,8183.0,115.830744
2018-04-19 05:00:00,8183.0,8185.0,8160.01,8182.0,109.175722
2018-04-19 05:05:00,8181.99,8182.97,8161.0,8168.51,75.01779
2018-04-19 05:10:00,8171.99,8186.98,8171.99,8181.63,88.528998
2018-04-19 05:15:00,8179.16,8182.99,8170.0,8176.95,93.301539
2018-04-19 05:20:00,8172.15,8180.77,8145.68,8157.99,109.864786
2018-04-19 05:25:00,8165.99,8180.0,8152.31,8163.4,74.340148
2018-04-19 05:30:00,8164.0,8174.0,8163.4,8172.86,48.688209
2018-04-19 05:35:00,8172.86,8190.07,8168.1,8180.0,117.572752
2018-04-19 05:40:00,8184.98,8198.0,8171.7,8188.0,128.729516
2018-04-19 05:45:00,8188.01,8197.0,8177.55,8185.0,98.856521
2018-04-19 05:50:00,8185.0,8186.0,8177.68,8179.0,49.649655
2018-04-19 05:55:00,8179.01,8184.7,8169.68,8180.0,43.896573
2018-04-19 06:00:00,8180.0,8198.31,8175.18,8183.11,115.224417
2018-04-19 06:05:00,8185.56,8195.0,8177.78,8189.0,56.128893
2018-04-19 06:10:00,8189.0,8189.97,8179.16,8188.95,47.447498
2018-04-19 06:15:00,8187.64,8197.29,8185.0,8196.0,65.869113
2018-04-19 06:20:00,8195.99,8215.45,8191.11,8196.01,102.24989
2018-04-19 06:25:00,8196.02,8214.57,8190.79,8213.14,110.978592
2018-04-19 06:30:00,8213.11,8213.11,8164.46,8179.97,117.04667
2018-04-19 06:35:00,8179.96,8187.04,8170.94,8182.0,37.430675
2018-04-19 06:40:00,8184.98,8185.0,8170.0,8172.11,84.524222
2018-04-19 06:45:00,8184.0,8187.0,8172.11,8182.0,62.622064
2018-04-19 06:50:00,8176.02,8187.0,8163.24,8181.27,90.121282
2018-04-19 06:55:00,8184.99,8185.0,8175.0,8184.9,32.632991
2018-04-19 07:00:00,8184.9,8192.0,8177.51,8180.0,75.337313
2018-04-19 07:05:00,8181.0,8190.0,8165.0,8182.07,84.797848
2018-04-19 07:10:00,8182.0,8198.01,8174.37,8191.99,119.47641
2018-04-19 07:15:00,8191.99,8199.0,8186.03,8188.0,75.629477
2018-04-19 07:20:00,8198.99,8200.0,8186.03,8197.0,66.314141
2018-04-19 07:25:00,8197.0,8249.0,8195.97,8209.36,184.057228
2018-04-19 07:30:00,8209.34,8224.0,8177.96,8186.01,157.246515
2018-04-19 07:35:00,8180.03,8188.45,8173.01,8181.44,110.1397
2018-04-19 07:40:00,8178.14,8183.0,8171.0,8177.87,76.602253
2018-04-19 07:45:00,8177.0,8180.0,8080.0,8130.0,503.222277
2018-04-19 07:50:00,8135.77,8166.48,8123.0,8150.85,147.240127
2018-04-19 07:55:00,8154.47,8175.0,8143.98,8166.97,109.431076
2018-04-19 08:00:00,8166.97,8175.92,8150.52,8173.7,137.963924
2018-04-19 08:05:00,8173.19,8176.21,8154.14,8165.0,70.44264
2018-04-19 08:10:00,8169.98,8174.99,8155.0,8159.55,62.226798
2018-04-19 08:15:00,8168.99,8184.62,8159.58,8179.0,98.691436
2018-04-19 08:20:00,8177.0,8186.0,8170.02,8176.19,60.685717
2018-04-19 08:25:00,8176.19,8188.45,8170.03,8188.2,79.866427
2018-04-19 08:30:00,8185.01,8239.99,8184.17,8205.59,213.000288
2018-04-19 08:35:00,8204.95,8207.07,8180.0,8190.0,164.448543
2018-04-19 08:40:00,8191.01,8197.0,8170.0,8178.0,97.923664
2018-04-19 08:45:00,8178.0,8190.23,8170.9,8188.67,90.959648
2018-04-19 08:50:00,8185.32,8185.32,8169.0,8183.03,47.865693
2018-04-19 08:55:00,8180.0,8191.98,8173.99,8177.98,34.845289
2018-04-19 09:00:00,8175.82,8195.0,8175.03,8194.0,77.555837
2018-04-19 09:05:00,8187.4,8204.83,8185.19,8190.01,94.969438
2018-04-19 09:10:00,8194.0,8194.0,8143.02,8181.47,157.137854
2018-04-19 09:15:00,8181.49,8219.0,8172.01,8202.93,143.185836
2018-04-19 09:20:00,8202.93,8215.0,8191.0,8209.0,58.845326
2018-04-19 09:25:00,8209.0,8219.0,8202.01,8209.96,88.293602
2018-04-19 09:30:00,8209.96,8234.5,8180.0,8231.86,186.706154
2018-04-19 09:35:00,8221.93,8240.0,8213.0,8232.02,133.681597
2018-04-19 09:40:00,8234.01,8235.0,8211.63,8212.09,139.227572
2018-04-19 09:45:00,8210.0,8222.19,8208.56,8213.02,81.411349
2018-04-19 09:50:00,8213.02,8229.99,8208.02,8225.0,160.009114
2018-04-19 09:55:00,8225.0,8232.0,8215.9,8230.89,71.991838
2018-04-19 10:00:00,8231.0,8250.0,8223.28,8230.0,208.475564
2018-04-19 10:05:00,8227.02,8232.0,8202.83,8232.0,90.826338
2018-04-19 10:10:00,8232.0,8239.0,8228.08,8234.0,63.247342
2018-04-19 10:15:00,8233.99,8235.71,8215.0,8226.01,95.315759
2018-04-19 10:20:00,8227.96,8234.0,8225.0,8226.03,83.644555
2018-04-19 10:25:00,8231.97,8250.0,8225.0,8237.01,163.262548
2018-04-19 10:30:00,8237.02,8249.0,8232.14,8239.0,82.364035
2018-04-19 10:35:00,8239.0,8250.0,8232.0,8235.19,165.684863
2018-04-19 10:40:00,8235.19,8248.0,8230.0,8242.0,78.83242
2018-04-19 10:45:00,8242.0,8244.9,8236.45,8236.46,70.543109
2018-04-19 10:50:00,8237.96,8248.5,8236.44,8245.92,77.979421
2018-04-19 10:55:00,8247.46,8247.46,8230.46,8240.63,127.383514
2018-04-19 11:00:00,8240.64,8259.0,8238.97,8243.8,109.858469
2018-04-19 11:05:00,8243.79,8243.79,8221.55,8227.99,163.510755
2018-04-19 11:10:00,8227.99,8239.45,8221.5,8237.42,50.273488
2018-04-19 11:15:00,8237.42,8239.99,8224.33,8224.38,62.4212
2018-04-19 11:20:00,8225.16,8230.0,8191.47,8195.77,142.482678
2018-04-19 11:25:00,8204.98,8225.0,8191.47,8210.49,112.595728
2018-04-19 11:30:00,8211.18,8222.83,8211.18,8213.89,36.444098
2018-04-19 11:35:00,8213.89,8213.9,8192.36,8198.99,71.305806
2018-04-19 11:40:00,8198.99,8217.99,8197.98,8216.95,95.853044
2018-04-19 11:45:00,8215.0,8218.0,8202.0,8207.02,93.189415
2018-04-19 11:50:00,8210.0,8212.03,8200.99,8212.03,40.794989
2018-04-19 11:55:00,8212.02,8214.0,8201.0,8207.01,46.350164
2018-04-19 12:00:00,8207.0,8207.99,8195.0,8195.0,76.391592
2018-04-19 12:05:00,8195.0,8200.0,8181.7,8199.99,114.997758
2018-04-19 12:10:00,8199.02,8218.34,8199.01,8200.11,77.559598
2018-04-19 12:15:00,8208.19,8216.06,8200.0,8216.06,33.078121
2018-04-19 12:20:00,8215.61,8222.44,8208.93,8217.01,95.49734
2018-04-19 12:25:00,8217.01,8220.0,8205.0,8210.65,61.554572
2018-04-19 12:30:00,8210.65,8243.89,8210.64,8238.0,119.775365
2018-04-19 12:35:00,8238.0,8245.0,8228.0,8229.0,93.793043
2018-04-19 12:40:00,8229.12,8248.5,8228.0,8247.27,101.532195
2018-04-19 12:45:00,8246.99,8248.5,8226.0,8233.58,93.091298
2018-04-19 12:50:00,8228.59,8240.24,8226.05,8239.99,82.123132
2018-04-19 12:55:00,8239.98,8243.0,8230.19,8237.68,124.01552
2018-04-19 13:00:00,8235.33,8248.49,8235.29,8238.2,84.226221
2018-04-19 13:05:00,8239.99,8248.0,8238.2,8245.01,33.241948
2018-04-19 13:10:00,8245.02,8246.0,8220.0,8229.97,77.403906
2018-04-19 13:15:00,8224.29,8234.4,8220.0,8221.0,42.767386
2018-04-19 13:20:00,8220.99,8228.99,8220.0,8228.99,45.711011
2018-04-19 13:25:00,8228.98,8234.41,8225.0,8234.01,77.317595
2018-04-19 13:30:00,8234.01,8242.0,8225.02,8233.0,86.424251
2018-04-19 13:35:00,8233.0,8245.01,8230.01,8240.81,74.94429
2018-04-19 13:40:00,8243.81,8243.81,8230.0,8231.0,63.952366
2018-04-19 13:45:00,8231.01,8244.95,8218.0,8227.12,108.757839
2018-04-19 13:50:00,8227.11,8239.99,8221.22,8230.0,89.368362
2018-04-19 13:55:00,8233.0,8238.53,8229.51,8234.84,78.634373
2018-04-19 14:00:00,8236.0,8238.81,8219.51,8230.0,87.044057
2018-04-19 14:05:00,8229.99,8231.81,8196.0,8210.0,195.40121
2018-04-19 14:10:00,8210.0,8225.0,8210.0,8215.0,104.69046
2018-04-19 14:15:00,8217.99,8222.0,8171.56,8210.37,234.637023
2018-04-19 14:20:00,8220.0,8245.0,8210.36,8245.0,117.737377
2018-04-19 14:25:00,8237.84,8270.0,8214.02,8231.04,278.093023
2018-04-19 14:30:00,8231.02,8244.2,8220.0,8227.69,90.1153
2018-04-19 14:35:00,8227.69,8227.74,8217.0,8223.3,60.912732
2018-04-19 14:40:00,8223.54,8237.0,8223.0,8235.0,76.025678
2018-04-19 14:45:00,8234.99,8236.17,8229.0,8235.0,66.219713
2018-04-19 14:50:00,8234.01,8236.17,8216.02,8224.34,94.743968
2018-04-19 14:55:00,8228.0,8235.0,8223.01,8229.97,51.239783
2018-04-19 15:00:00,8229.0,8239.9,8222.15,8231.0,64.531031
2018-04-19 15:05:00,8231.0,8237.93,8222.21,8225.02,49.212145
2018-04-19 15:10:00,8222.31,8227.91,8215.0,8220.26,66.292298
2018-04-19 15:15:00,8218.07,8233.0,8218.07,8220.0,76.872126
2018-04-19 15:20:00,8220.0,8226.76,8214.0,8222.0,47.448524
2018-04-19 15:25:00,8221.14,8234.94,8220.01,8224.62,43.443623
2018-04-19 15:30:00,8224.93,8235.0,8224.93,8230.67,62.199868
2018-04-19 15:35:00,8230.67,8234.47,8225.0,8232.14,73.34325
2018-04-19 15:40:00,8232.0,8232.14,8226.02,8228.53,59.213939
2018-04-19 15:45:00,8226.03,8239.0,8226.03,8233.35,69.520561
2018-04-19 15:50:00,8233.35,8237.83,8222.1,8232.13,104.23685
2018-04-19 15:55:00,8228.07,8239.03,8228.07,8239.02,59.792425
2018-04-19 16:00:00,8235.45,8259.0,8230.01,8240.99,154.07189
2018-04-19 16:05:00,8235.18,8258.0,8235.01,8253.0,116.103144
2018-04-19 16:10:00,8253.0,8270.02,8248.02,8261.67,177.780308
2018-04-19 16:15:00,8261.67,8283.32,8256.0,8281.01,199.434692
2018-04-19 16:20:00,8283.32,8288.37,8234.0,8242.0,247.019503
2018-04-19 16:25:00,8242.0,8262.91,8240.0,8248.0,106.538252
2018-04-19 16:30:00,8248.0,8252.0,8235.61,8249.74,94.665721
2018-04-19 16:35:00,8249.74,8262.27,8245.83,8261.24,54.268852
2018-04-19 16:40:00,8261.24,8261.25,8245.81,8254.99,71.462178
2018-04-19 16:45:00,8253.56,8260.0,8245.81,8246.01,72.908227
2018-04-19 16:50:00,8246.01,8258.0,8239.39,8258.0,76.560504
2018-04-19 16:55:00,8256.98,8258.0,8235.0,8244.99,66.776093
2018-04-19 17:00:00,8244.66,8250.0,8237.9,8238.76,66.692256
2018-04-19 17:05:00,8238.35,8250.0,8237.52,8246.12,57.412187
2018-04-19 17:10:00,8246.12,8253.35,8245.0,8246.01,57.816726
2018-04-19 17:15:00,8246.99,8246.99,8236.0,8236.0,50.752178
2018-04-19 17:20:00,8237.48,8246.01,8236.0,8243.96,40.009908
2018-04-19 17:25:00,8243.48,8260.0,8242.15,8257.03,48.911137
2018-04-19 17:30:00,8260.0,8266.0,8250.0,8250.02,76.567867
2018-04-19 17:35:00,8250.09,8254.87,8240.35,8252.0,91.368849
2018-04-19 17:40:00,8252.0,8270.0,8250.46,8266.92,85.807836
2018-04-19 17:45:00,8263.99,8280.0,8238.66,8265.65,187.085386
2018-04-19 17:50:00,8265.65,8281.22,8255.08,8280.72,120.685484
2018-04-19 17:55:00,8280.8,8296.0,8255.32,8259.08,261.044625
2018-04-19 18:00:00,8257.61,8273.59,8256.01,8272.02,50.080379
2018-04-19 18:05:00,8273.59,8285.0,8273.59,8285.0,62.510167
2018-04-19 18:10:00,8285.0,8290.0,8278.88,8284.0,65.621032
2018-04-19 18:15:00,8280.83,8286.0,8260.0,8274.0,89.519333
2018-04-19 18:20:00,8275.0,8277.73,8263.55,8266.17,54.35153
2018-04-19 18:25:00,8268.99,8270.0,8251.0,8252.03,115.924949
2018-04-19 18:30:00,8252.03,8259.82,8245.02,8256.86,104.132212
2018-04-19 18:35:00,8256.86,8261.2,8252.0,8254.23,44.572271
2018-04-19 18:40:00,8259.95,8270.0,8254.22,8265.0,53.259321
2018-04-19 18:45:00,8264.99,8265.0,8254.24,8255.86,55.027379
2018-04-19 18:50:00,8259.02,8269.09,8254.24,8258.03,48.325506
2018-04-19 18:55:00,8263.0,8275.02,8258.02,8274.57,55.841621
2018-04-19 19:00:00,8274.57,8277.0,8249.86,8250.02,66.314955
2018-04-19 19:05:00,8250.02,8259.74,8234.0,8242.24,138.362509
2018-04-19 19:10:00,8242.25,8255.0,8242.25,8248.2,78.792219
2018-04-19 19:15:00,8248.77,8264.14,8246.02,8264.14,60.892169
2018-04-19 19:20:00,8264.14,8264.61,8253.0,8261.01,41.894242
2018-04-19 19:25:00,8264.1,8267.0,8260.0,8260.4,35.206064
2018-04-19 19:30:00,8262.0,8262.0,8250.88,8252.04,42.48464
2018-04-19 19:35:00,8254.0,8254.01,8240.01,8246.4,69.437322
2018-04-19 19:40:00,8249.99,8253.0,8243.11,8249.99,56.780887
2018-04-19 19:45:00,8245.46,8253.0,8236.34,8237.0,71.688267
2018-04-19 19:50:00,8239.8,8249.98,8233.1,8242.54,66.88947
2018-04-19 19:55:00,8242.54,8256.0,8242.53,8249.95,68.101228
2018-04-19 20:00:00,8249.95,8250.01,8233.09,8238.98,81.207245
2018-04-19 20:05:00,8238.98,8239.0,8189.0,8221.01,415.988488
2018-04-19 20:10:00,8221.01,8231.4,8205.73,8215.1,105.770884
2018-04-19 20:15:00,8216.1,8249.0,8215.1,8238.0,75.998271
2018-04-19 20:20:00,8238.0,8250.0,8231.31,8243.7,61.472232
2018-04-19 20:25:00,8235.03,8247.0,8230.0,8234.16,53.411023
2018-04-19 20:30:00,8236.35,8247.99,8221.14,8245.0,80.667719
2018-04-19 20:35:00,8245.51,8247.95,8225.0,8232.16,66.34484
2018-04-19 20:40:00,8232.02,8238.0,8225.3,8231.12,28.555114
2018-04-19 20:45:00,8231.21,8236.0,8225.31,8225.32,82.136767
2018-04-19 20:50:00,8225.32,8229.0,8220.01,8229.0,55.636592
2018-04-19 20:55:00,8229.0,8229.0,8222.27,8226.7,41.388593
2018-04-19 21:00:00,8226.69,8245.0,8222.0,8232.05,74.029752
2018-04-19 21:05:00,8232.06,8245.0,8223.01,8242.0,83.650006
2018-04-19 21:10:00,8242.0,8258.0,8237.0,8249.99,99.289718
2018-04-19 21:15:00,8249.99,8256.86,8243.0,8252.03,48.93432
2018-04-19 21:20:00,8256.85,8275.0,8252.05,8270.0,112.958308
2018-04-19 21:25:00,8270.0,8270.0,8253.11,8254.08,42.337497
2018-04-19 21:30:00,8259.89,8268.99,8248.58,8262.93,64.077904
2018-04-19 21:35:00,8262.93,8268.99,8257.81,8264.8,36.511069
2018-04-19 21:40:00,8264.8,8269.0,8257.9,8264.8,62.766445
2018-04-19 21:45:00,8264.79,8273.0,8258.07,8273.0,51.336373
2018-04-19 21:50:00,8273.01,8280.0,8263.1,8279.99,82.215989
2018-04-19 21:55:00,8279.99,8279.99,8268.8,8272.28,44.547694
2018-04-19 22:00:00,8272.28,8279.12,8272.01,8278.98,55.599135
2018-04-19 22:05:00,8278.98,8285.0,8265.01,8268.9,81.093644
2018-04-19 22:10:00,8268.89,8274.0,8265.09,8270.99,61.346752
2018-04-19 22:15:00,8270.99,8292.0,8269.04,8279.89,127.476688
2018-04-19 22:20:00,8279.89,8279.99,8270.98,8276.0,36.688244
2018-04-19 22:25:00,8276.99,8283.99,8269.0,8275.92,80.540717
2018-04-19 22:30:00,8275.93,8291.99,8275.93,8288.55,76.320598
2018-04-19 22:35:00,8289.57,8290.0,8270.55,8271.06,66.542436
2018-04-19 22:40:00,8274.79,8281.93,8263.1,8272.01,92.996284
2018-04-19 22:45:00,8272.01,8283.0,8259.0,8259.0,71.590037
2018-04-19 22:50:00,8260.04,8272.14,8260.04,8266.0,26.022928
2018-04-19 22:55:00,8266.01,8269.99,8250.0,8253.0,100.036558
2018-04-19 23:00:00,8259.93,8259.93,8230.0,8248.47,112.475184
2018-04-19 23:05:00,8248.48,8250.99,8240.0,8250.89,37.245011
2018-04-19 23:10:00,8250.8,8262.01,8245.2,8261.74,39.887017
2018-04-19 23:15:00,8261.74,8265.0,8250.59,8258.0,33.215727
2018-04-19 23:20:00,8255.7,8265.25,8252.03,8264.01,41.241785
2018-04-19 23:25:00,8264.01,8264.74,8244.55,8252.13,48.916512
2018-04-19 23:30:00,8257.96,8264.0,8252.01,8264.0,32.445577
2018-04-19 23:35:00,8264.0,8267.0,8260.05,8266.97,43.436999
2018-04-19 23:40:00,8266.97,8275.3,8262.14,8274.32,42.064323
2018-04-19 23:45:00,8273.99,8280.01,8272.3,8276.25,44.917433
2018-04-19 23:50:00,8280.01,8294.99,8272.0,8294.0,87.775067
2018-04-19 23:55:00,8294.0,8294.8,8266.99,8278.0,105.042003
2018-04-20 00:00:00,8273.84,8288.98,8270.32,8280.01,51.932676
2018-04-20 00:05:00,8283.0,8355.0,8280.0,8334.2,464.932832
2018-04-20 00:10:00,8334.16,8360.71,8332.0,8349.0,224.659083
2018-04-20 00:15:00,8345.07,8370.0,8327.71,8359.99,214.622791
2018-04-20 00:20:00,8357.76,8375.0,8341.5,8365.22,142.28984
2018-04-20 00:25:00,8365.0,8375.0,8330.0,8357.37,176.755771
2018-04-20 00:30:00,8357.37,8357.37,8335.0,8355.01,111.510914
2018-04-20 00:35:00,8354.99,8371.0,8347.1,8359.45,114.781263
2018-04-20 00:40:00,8359.45,8359.45,8333.0,8349.0,115.3943
2018-04-20 00:45:00,8349.0,8365.0,8337.0,8364.0,113.148016
2018-04-20 00:50:00,8364.0,8365.06,8344.0,8353.4,95.407685
2018-04-20 00:55:00,8351.2,8359.0,8348.99,8350.56,67.711742
2018-04-20 01:00:00,8350.55,8350.55,8342.31,8346.56,72.087593
2018-04-20 01:05:00,8345.0,8346.56,8327.79,8338.97,97.671642
2018-04-20 01:10:00,8338.98,8338.98,8318.0,8329.98,124.541106
2018-04-20 01:15:00,8329.99,8335.0,8324.0,8325.0,64.102515
2018-04-20 01:20:00,8325.0,8330.0,8312.29,8326.37,92.84659
2018-04-20 01:25:00,8329.98,8335.04,8317.93,8325.0,64.347223
2018-04-20 01:30:00,8325.0,8345.0,8324.0,8343.73,84.545221
2018-04-20 01:35:00,8343.73,8349.0,8335.09,8347.98,75.024342
2018-04-20 01:40:00,8347.98,8365.0,8346.71,8363.01,129.176371
2018-04-20 01:45:00,8363.01,8365.0,8343.51,8361.89,115.953826
2018-04-20 01:50:00,8361.89,8368.0,8343.0,8351.01,94.738399
2018-04-20 01:55:00,8351.01,8367.99,8351.01,8360.0,61.282611
2018-04-20 02:00:00,8359.99,8375.0,8358.0,8375.0,87.841495
2018-04-20 02:05:00,8375.0,8378.09,8336.0,8355.0,172.730956
2018-04-20 02:10:00,8352.0,8370.69,8344.96,8369.0,123.554597
2018-04-20 02:15:00,8365.0,8378.0,8365.0,8377.07,129.426516
2018-04-20 02:20:00,8377.08,8398.0,8362.06,8373.0,229.12582
2018-04-20 02:25:00,8368.0,8380.0,8356.0,8365.02,116.654026
2018-04-20 02:30:00,8365.01,8365.02,8330.02,8344.88,194.786207
2018-04-20 02:35:00,8344.87,8344.92,8325.0,8325.0,148.85817
2018-04-20 02:40:00,8329.81,8338.81,8282.2,8319.99,412.103476
2018-04-20 02:45:00,8319.99,8348.01,8318.0,8342.0,161.878266
2018-04-20 02:50:00,8341.95,8345.0,8323.0,8326.98,120.255903
2018-04-20 02:55:00,8326.98,8327.07,8312.67,8324.89,79.161011
2018-04-20 03:00:00,8324.89,8339.0,8323.65,8333.98,67.244656
2018-04-20 03:05:00,8329.99,8339.93,8325.52,8339.93,68.161422
2018-04-20 03:10:00,8339.9,8341.72,8330.0,8334.99,66.17441
2018-04-20 03:15:00,8334.99,8349.0,8333.5,8343.14,51.548384
2018-04-20 03:20:00,8337.02,8345.79,8335.0,8344.72,51.763707
2018-04-20 03:25:00,8345.77,8355.04,8332.99,8339.85,88.075884
2018-04-20 03:30:00,8343.11,8348.0,8336.21,8336.42,62.190592
2018-04-20 03:35:00,8339.81,8339.81,8325.52,8330.0,66.179059
2018-04-20 03:40:00,8330.0,8341.15,8325.53,8331.0,45.181243
2018-04-20 03:45:00,8341.09,8341.09,8325.52,8338.7,49.831686
2018-04-20 03:50:00,8338.7,8339.2,8321.0,8328.23,78.264894
2018-04-20 03:55:00,8328.23,8332.67,8320.0,8331.03,62.919126
2018-04-20 04:00:00,8331.3,8336.38,8302.09,8314.93,154.407335
2018-04-20 04:05:00,8314.93,8319.34,8288.0,8304.97,386.361652
2018-04-20 04:10:00,8304.97,8314.0,8262.99,8283.95,367.764135
2018-04-20 04:15:00,8274.84,8284.86,8238.0,8251.0,415.219516
2018-04-20 04:20:00,8252.0,8268.0,8229.68,8246.02,546.050948
2018-04-20 04:25:00,8246.02,8280.0,8242.44,8278.96,241.637979
2018-04-20 04:30:00,8278.93,8287.8,8265.67,8269.41,187.801686
2018-04-20 04:35:00,8269.24,8278.87,8249.01,8257.61,146.264842
2018-04-20 04:40:00,8257.61,8275.0,8240.0,8257.11,212.815208
2018-04-20 04:45:00,8261.14,8275.0,8246.0,8249.07,100.270587
2018-04-20 04:50:00,8246.41,8269.0,8245.0,8259.68,125.299994
2018-04-20 04:55:00,8259.68,8259.7,8222.55,8240.99,193.139132
2018-04-20 05:00:00,8240.99,8245.0,8177.09,8229.99,404.708811
2018-04-20 05:05:00,8229.99,8267.98,8213.06,8266.93,249.362193
2018-04-20 05:10:00,8260.01,8265.0,8254.0,8258.97,139.580586
2018-04-20 05:15:00,8258.97,8291.0,8257.94,8290.84,205.219935
2018-04-20 05:20:00,8290.0,8300.0,8270.02,8277.96,215.813607
2018-04-20 05:25:00,8277.0,8278.99,8271.11,8275.99,67.421862
2018-04-20 05:30:00,8275.0,8290.0,8273.0,8290.0,82.449531
2018-04-20 05:35:00,8290.0,8290.0,8281.12,8282.03,68.439206
2018-04-20 05:40:00,8284.0,8285.0,8279.01,8280.0,67.966869
2018-04-20 05:45:00,8280.0,8285.0,8269.63,8278.96,77.383941
2018-04-20 05:50:00,8271.11,8278.96,8257.0,8262.99,91.297654
2018-04-20 05:55:00,8262.99,8273.0,8247.02,8272.99,107.023424
2018-04-20 06:00:00,8272.99,8286.29,8265.22,8282.78,94.119522
2018-04-20 06:05:00,8276.07,8282.8,8267.03,8269.08,74.156654
2018-04-20 06:10:00,8269.08,8270.0,8253.0,8268.01,90.407298
2018-04-20 06:15:00,8268.02,8280.0,8265.89,8278.88,95.125584
2018-04-20 06:20:00,8278.88,8295.0,8275.0,8293.3,103.521843
2018-04-20 06:25:00,8293.3,8295.62,8270.0,8282.97,163.703228
2018-04-20 06:30:00,8283.97,8295.0,8280.0,8295.0,63.483658
2018-04-20 06:35:00,8295.0,8304.0,8294.99,8304.0,82.115691
2018-04-20 06:40:00,8304.0,8306.07,8295.0,8303.99,147.343214
2018-04-20 06:45:00,8303.99,8321.19,8295.43,8300.0,177.239441
2018-04-20 06:50:00,8297.45,8317.0,8295.43,8307.06,116.984182
2018-04-20 06:55:00,8317.0,8320.02,8306.0,8309.89,115.618549
2018-04-20 07:00:00,8309.89,8336.79,8306.01,8327.0,138.024586
2018-04-20 07:05:00,8327.0,8340.0,8324.05,8335.09,128.352705
2018-04-20 07:10:00,8336.2,8346.0,8334.0,8336.05,124.812326
2018-04-20 07:15:00,8336.05,8340.0,8315.0,8320.21,114.860994
2018-04-20 07:20:00,8320.23,8334.98,8320.23,8328.0,72.913405
2018-04-20 07:25:00,8328.0,8335.07,8326.34,8332.99,121.415378
2018-04-20 07:30:00,8332.99,8340.02,8331.43,8334.07,92.37464
2018-04-20 07:35:00,8334.07,8348.98,8334.02,8345.0,84.067669
2018-04-20 07:40:00,8344.98,8347.8,8330.0,8342.75,67.494436
2018-04-20 07:45:00,8341.87,8345.0,8335.01,8343.97,87.987314
2018-04-20 07:50:00,8343.97,8344.9,8317.3,8321.0,101.137978
2018-04-20 07:55:00,8321.0,8323.99,8293.49,8319.97,160.825217
2018-04-20 08:00:00,8319.92,8349.0,8303.89,8338.01,138.246398
2018-04-20 08:05:00,8339.0,8339.0,8321.17,8331.5,69.617749
2018-04-20 08:10:00,8332.01,8349.01,8323.66,8343.78,119.702269
2018-04-20 08:15:00,8340.0,8348.69,8325.0,8325.0,188.761384
2018-04-20 08:20:00,8325.0,8336.84,8325.0,8331.0,73.237949
2018-04-20 08:25:00,8334.95,8338.71,8321.17,8329.0,51.520496
2018-04-20 08:30:00,8329.0,8331.98,8311.82,8324.95,88.300452
2018-04-20 08:35:00,8324.95,8324.95,8281.38,8283.22,169.040384
2018-04-20 08:40:00,8283.22,8315.93,8281.0,8315.0,204.806514
2018-04-20 08:45:00,8309.99,8315.0,8291.01,8299.0,88.326511
2018-04-20 08:50:00,8299.0,8320.94,8297.29,8311.01,88.597072
2018-04-20 08:55:00,8311.02,8317.99,8293.0,8294.1,58.684147
2018-04-20 09:00:00,8294.18,8305.0,8267.01,8289.84,154.923001
2018-04-20 09:05:00,8289.84,8302.8,8284.08,8299.98,80.31589
2018-04-20 09:10:00,8300.0,8317.6,8285.25,8294.17,129.748937
2018-04-20 09:15:00,8294.16,8309.65,8289.0,8294.18,58.297461
2018-04-20 09:20:00,8294.18,8317.6,8294.18,8316.98,44.065044
2018-04-20 09:25:00,8316.98,8320.0,8306.88,8312.1,55.86383
2018-04-20 09:30:00,8311.62,8323.96,8307.1,8315.0,63.007277
2018-04-20 09:35:00,8314.98,8314.98,8307.1,8310.0,23.191482
2018-04-20 09:40:00,8309.99,8311.0,8300.5,8304.99,43.488669
2018-04-20 09:45:00,8301.0,8311.0,8300.65,8305.02,62.180074
2018-04-20 09:50:00,8305.02,8317.0,8301.28,8316.99,118.913725
2018-04-20 09:55:00,8316.98,8317.03,8294.56,8308.87,61.419589
2018-04-20 10:00:00,8305.0,8308.93,8290.0,8300.03,59.333887
2018-04-20 10:05:00,8300.03,8314.7,8295.0,8308.58,36.721882
2018-04-20 10:10:00,8308.58,8314.68,8305.0,8310.0,56.729777
2018-04-20 10:15:00,8309.37,8319.6,8308.0,8319.0,58.909154
2018-04-20 10:20:00,8319.0,8337.0,8315.33,8336.89,75.992123
2018-04-20 10:25:00,8335.01,8344.0,8320.0,8344.0,92.961157
2018-04-20 10:30:00,8343.03,8345.7,8340.0,8345.7,86.703036
2018-04-20 10:35:00,8343.99,8482.0,8343.99,8456.0,1028.360543
2018-04-20 10:40:00,8456.0,8540.37,8450.31,8493.0,824.957318
2018-04-20 10:45:00,8493.0,8516.22,8468.28,8496.0,517.385314
2018-04-20 10:50:00,8496.0,8522.0,8495.02,8508.0,293.325713
2018-04-20 10:55:00,8508.0,8510.0,8479.0,8488.01,334.210943
2018-04-20 11:00:00,8488.89,8518.0,8480.19,8495.15,284.48192
2018-04-20 11:05:00,8498.0,8510.0,8495.14,8505.0,172.254667
2018-04-20 11:10:00,8505.0,8506.5,8488.98,8493.77,153.565471
2018-04-20 11:15:00,8494.0,8530.0,8493.77,8521.9,210.524467
2018-04-20 11:20:00,8521.9,8531.4,8510.0,8529.29,179.723666
2018-04-20 11:25:00,8525.02,8529.41,8501.0,8509.88,178.745996
2018-04-20 11:30:00,8508.0,8510.0,8491.0,8500.83,153.055791
2018-04-20 11:35:00,8503.0,8504.96,8488.88,8489.0,132.721981
2018-04-20 11:40:00,8489.88,8514.99,8489.0,8510.91,128.292007
2018-04-20 11:45:00,8510.0,8512.0,8491.0,8496.98,95.121044
2018-04-20 11:50:00,8496.99,8510.0,8495.0,8508.0,86.397802
2018-04-20 11:55:00,8508.0,8516.58,8500.03,8515.01,86.999114
2018-04-20 12:00:00,8515.0,8521.03,8494.01,8511.14,142.894856
2018-04-20 12:05:00,8511.15,8530.0,8511.03,8524.34,118.59722
2018-04-20 12:10:00,8524.34,8539.99,8522.01,8538.99,151.899541
2018-04-20 12:15:00,8538.99,8577.9,8535.0,8546.01,342.196085
2018-04-20 12:20:00,8546.01,8560.0,8533.93,8554.55,177.262819
2018-04-20 12:25:00,8554.55,8554.97,8541.9,8548.71,99.197072
2018-04-20 12:30:00,8549.98,8550.0,8530.0,8533.04,114.303911
2018-04-20 12:35:00,8533.03,8540.0,8526.0,8526.15,100.649833
2018-04-20 12:40:00,8531.49,8531.57,8518.42,8521.17,227.820748
2018-04-20 12:45:00,8520.0,8524.1,8500.56,8512.6,191.020495
2018-04-20 12:50:00,8512.6,8521.89,8495.0,8498.0,244.003292
2018-04-20 12:55:00,8498.0,8520.0,8490.0,8519.62,144.329468
2018-04-20 13:00:00,8519.66,8521.45,8506.0,8519.95,101.915716
2018-04-20 13:05:00,8519.54,8532.89,8515.0,8523.23,125.52165
2018-04-20 13:10:00,8523.23,8525.01,8507.13,8515.93,111.371184
2018-04-20 13:15:00,8515.93,8520.0,8505.0,8513.29,67.611417
2018-04-20 13:20:00,8513.29,8516.0,8500.0,8505.12,65.55254
2018-04-20 13:25:00,8500.98,8509.68,8487.06,8487.06,138.097349
2018-04-20 13:30:00,8487.06,8509.69,8481.0,8504.0,175.862691
2018-04-20 13:35:00,8504.0,8504.99,8482.2,8487.5,108.100531
2018-04-20 13:40:00,8486.27,8495.0,8455.04,8473.68,318.079772
2018-04-20 13:45:00,8478.95,8500.6,8473.68,8495.0,119.482066
2018-04-20 13:50:00,8491.0,8494.99,8473.0,8485.98,93.299052
2018-04-20 13:55:00,8485.98,8500.0,8484.84,8499.0,106.358838
2018-04-20 14:00:00,8499.01,8503.95,8482.0,8501.0,84.540147
2018-04-20 14:05:00,8501.0,8520.0,8500.99,8518.02,131.692347
2018-04-20 14:10:00,8517.61,8518.02,8502.01,8506.33,79.382365
2018-04-20 14:15:00,8506.33,8506.34,8497.11,8497.11,51.280249
2018-04-20 14:20:00,8500.0,8506.0,8490.0,8499.0,118.005756
2018-04-20 14:25:00,8499.0,8499.99,8489.01,8499.02,65.759638
2018-04-20 14:30:00,8499.02,8499.02,8480.0,8487.2,104.374829
2018-04-20 14:35:00,8487.2,8492.92,8482.01,8485.0,83.850426
2018-04-20 14:40:00,8484.99,8495.99,8475.66,8490.02,139.54094
2018-04-20 14:45:00,8490.01,8506.0,8490.01,8504.9,91.880503
2018-04-20 14:50:00,8504.01,8509.48,8483.47,8504.53,77.325797
2018-04-20 14:55:00,8503.3,8504.93,8490.0,8498.0,61.019941
2018-04-20 15:00:00,8498.0,8498.02,8490.0,8492.35,43.320542
2018-04-20 15:05:00,8495.14,8495.14,8484.92,8485.55,74.853769
2018-04-20 15:10:00,8490.0,8490.0,8470.0,8476.01,109.55415
2018-04-20 15:15:00,8473.0,8489.71,8471.21,8487.11,156.427675
2018-04-20 15:20:00,8487.04,8490.0,8483.77,8487.04,92.883366
2018-04-20 15:25:00,8487.98,8488.7,8474.0,8474.0,69.274428
2018-04-20 15:30:00,8475.0,8478.4,8444.01,8445.52,272.334434
2018-04-20 15:35:00,8445.51,8452.89,8431.86,8450.44,180.403068
2018-04-20 15:40:00,8450.44,8481.48,8448.0,8456.53,144.743725
2018-04-20 15:45:00,8462.98,8476.99,8456.05,8467.01,92.84572
2018-04-20 15:50:00,8467.0,8472.02,8462.1,8463.49,52.304489
2018-04-20 15:55:00,8464.0,8467.15,8451.5,8459.99,92.72311
2018-04-20 16:00:00,8458.0,8464.86,8450.11,8450.24,56.677419
2018-04-20 16:05:00,8450.18,8456.8,8446.0,8452.99,143.464106
2018-04-20 16:10:00,8452.99,8469.93,8451.0,8467.5,75.509438
2018-04-20 16:15:00,8469.93,8498.0,8463.33,8495.02,120.281086
2018-04-20 16:20:00,8495.01,8509.97,8495.01,8503.0,134.416161
2018-04-20 16:25:00,8503.0,8503.0,8498.99,8502.95,73.52917
2018-04-20 16:30:00,8502.95,8510.99,8490.9,8498.92,149.173617
2018-04-20 16:35:00,8495.45,8505.85,8480.0,8484.01,59.714742
2018-04-20 16:40:00,8488.0,8495.0,8484.02,8493.99,42.156075
2018-04-20 16:45:00,8493.99,8516.09,8489.05,8515.0,106.382004
2018-04-20 16:50:00,8515.0,8515.0,8505.06,8511.0,55.819315
2018-04-20 16:55:00,8512.0,8519.94,8505.0,8508.0,65.9894
2018-04-20 17:00:00,8508.0,8520.0,8508.0,8514.91,51.556861
2018-04-20 17:05:00,8515.0,8530.0,8510.0,8525.0,108.652846
2018-04-20 17:10:00,8522.14,8528.99,8518.0,8523.67,78.592727
2018-04-20 17:15:00,8523.65,8524.97,8501.05,8515.0,69.564613
2018-04-20 17:20:00,8515.0,8516.02,8501.05,8509.93,96.948024
2018-04-20 17:25:00,8511.9,8512.0,8497.1,8497.1,95.455837
2018-04-20 17:30:00,8497.1,8503.98,8491.45,8498.0,73.671602
2018-04-20 17:35:00,8498.0,8515.77,8488.99,8497.99,127.182507
2018-04-20 17:40:00,8504.3,8504.3,8488.9,8496.96,60.261829
2018-04-20 17:45:00,8497.01,8505.94,8496.96,8503.97,60.014037
2018-04-20 17:50:00,8503.5,8513.96,8503.0,8506.92,91.952484
2018-04-20 17:55:00,8506.93,8509.94,8491.01,8505.0,54.262561
2018-04-20 18:00:00,8505.0,8509.08,8490.0,8494.99,90.691291
2018-04-20 18:05:00,8494.99,8494.99,8485.0,8490.33,60.590205
2018-04-20 18:10:00,8490.33,8492.0,8488.01,8491.53,52.041912
2018-04-20 18:15:00,8491.54,8497.96,8490.0,8496.51,38.323963
2018-04-20 18:20:00,8496.75,8512.99,8496.5,8503.15,84.206444
2018-04-20 18:25:00,8502.0,8510.0,8496.1,8507.97,77.712976
2018-04-20 18:30:00,8508.99,8522.2,8505.0,8520.17,51.71388
2018-04-20 18:35:00,8522.19,8525.95,8510.72,8516.26,74.764836
2018-04-20 18:40:00,8516.26,8521.0,8515.0,8518.0,97.369754
2018-04-20 18:45:00,8518.0,8518.38,8508.1,8514.19,48.087305
2018-04-20 18:50:00,8514.2,8516.0,8490.33,8498.0,121.652403
2018-04-20 18:55:00,8498.0,8512.96,8496.51,8505.01,64.019999
2018-04-20 19:00:00,8505.04,8510.0,8505.0,8509.0,35.748874
2018-04-20 19:05:00,8510.0,8515.99,8508.04,8514.19,64.524638
2018-04-20 19:10:00,8514.19,8518.49,8512.1,8514.0,37.385975
2018-04-20 19:15:00,8514.37,8524.98,8513.44,8520.46,73.822416
2018-04-20 19:20:00,8520.46,8525.99,8520.46,8525.99,42.338626
2018-04-20 19:25:00,8525.99,8528.98,8513.09,8523.41,96.729952
2018-04-20 19:30:00,8524.0,8525.0,8514.53,8525.0,42.339741
2018-04-20 19:35:00,8524.99,8533.0,8523.95,8532.99,73.200593
2018-04-20 19:40:00,8532.99,8535.0,8515.0,8526.06,98.569515
2018-04-20 19:45:00,8527.02,8539.0,8518.23,8538.53,65.880537
2018-04-20 19:50:00,8538.53,8539.63,8521.42,8530.98,96.44004
2018-04-20 19:55:00,8530.97,8533.61,8518.0,8518.0,82.621081
2018-04-20 20:00:00,8518.0,8518.02,8508.05,8515.01,73.754162
2018-04-20 20:05:00,8515.02,8519.0,8490.0,8490.0,336.08804
2018-04-20 20:10:00,8490.0,8518.84,8490.0,8508.01,109.486722
2018-04-20 20:15:00,8508.02,8519.0,8500.0,8504.67,53.62241
2018-04-20 20:20:00,8504.67,8512.49,8500.0,8504.02,92.963525
2018-04-20 20:25:00,8504.02,8516.99,8504.02,8507.0,41.32934
2018-04-20 20:30:00,8507.0,8519.87,8500.02,8515.0,59.499099
2018-04-20 20:35:00,8515.0,8520.6,8507.36,8520.0,79.111936
2018-04-20 20:40:00,8519.95,8528.03,8516.0,8525.0,66.961468
2018-04-20 20:45:00,8527.0,8527.52,8516.0,8518.0,49.691311
2018-04-20 20:50:00,8520.35,8525.0,8517.71,8521.49,37.404996
2018-04-20 20:55:00,8523.99,8529.0,8515.07,8525.83,53.41127
2018-04-20 21:00:00,8525.85,8533.1,8519.0,8520.6,76.505665
2018-04-20 21:05:00,8520.0,8527.97,8513.2,8517.27,86.350792
2018-04-20 21:10:00,8517.28,8532.84,8517.0,8525.68,85.865767
2018-04-20 21:15:00,8525.68,8533.0,8521.45,8528.09,67.70047
2018-04-20 21:20:00,8528.09,8539.0,8527.0,8535.46,87.612185
2018-04-20 21:25:00,8535.46,8537.97,8525.0,8531.0,56.737381
2018-04-20 21:30:00,8531.0,8532.91,8522.0,8530.71,82.54621
2018-04-20 21:35:00,8530.71,8535.46,8526.0,8532.71,37.713842
2018-04-20 21:40:00,8535.46,8540.53,8532.71,8540.2,60.790861
2018-04-20 21:45:00,8535.01,8544.88,8535.0,8543.42,45.136058
2018-04-20 21:50:00,8542.01,8560.0,8542.01,8555.0,139.970667
2018-04-20 21:55:00,8553.98,8555.0,8508.01,8508.04,117.138103
2018-04-20 22:00:00,8508.04,8551.79,8508.03,8536.0,84.912969
2018-04-20 22:05:00,8535.0,8536.0,8518.4,8524.92,89.660317
2018-04-20 22:10:00,8524.91,8545.0,8520.0,8539.53,76.080461
2018-04-20 22:15:00,8537.49,8565.01,8535.01,8560.18,102.863618
2018-04-20 22:20:00,8560.18,8650.0,8553.0,8650.0,475.035608
2018-04-20 22:25:00,8650.0,8768.0,8649.0,8728.41,858.68144
2018-04-20 22:30:00,8728.41,8768.0,8699.0,8766.24,315.763161
2018-04-20 22:35:00,8751.07,8767.49,8722.3,8744.94,238.438686
2018-04-20 22:40:00,8744.94,8763.0,8726.0,8757.0,215.140282
2018-04-20 22:45:00,8757.0,8880.0,8755.01,8879.0,798.97517
2018-04-20 22:50:00,8879.0,8930.0,8865.05,8867.45,795.09562
2018-04-20 22:55:00,8887.77,8900.0,8805.0,8830.0,618.101053
2018-04-20 23:00:00,8823.5,8845.2,8788.25,8835.1,534.502001
2018-04-20 23:05:00,8838.35,8870.5,8830.99,8870.5,235.274738
2018-04-20 23:10:00,8870.49,8888.0,8803.0,8838.18,318.150485
2018-04-20 23:15:00,8838.18,8838.18,8801.0,8821.0,224.091742
2018-04-20 23:20:00,8828.98,8829.9,8754.0,8797.0,270.473956
2018-04-20 23:25:00,8798.92,8820.0,8797.0,8815.0,114.84113
2018-04-20 23:30:00,8816.1,8816.1,8780.0,8794.98,163.072777
2018-04-20 23:35:00,8794.98,8827.0,8788.32,8824.0,135.034683
2018-04-20 23:40:00,8824.0,8845.58,8824.0,8839.0,171.899085
2018-04-20 23:45:00,8839.0,8840.0,8814.1,8835.72,152.231349
2018-04-20 23:50:00,8833.99,8849.0,8817.11,8845.84,149.513527
2018-04-20 23:55:00,8840.88,8864.4,8833.89,8856.98,145.46329
2018-04-21 00:00:00,8852.12,8864.04,8836.16,8844.94,116.36042
2018-04-21 00:05:00,8844.94,8855.0,8835.83,8840.99,155.871081
2018-04-21 00:10:00,8843.99,8869.23,8825.01,8856.01,301.650849
2018-04-21 00:15:00,8856.61,8867.0,8839.01,8847.0,160.818471
2018-04-21 00:20:00,8855.91,8855.91,8830.0,8838.39,108.179306
2018-04-21 00:25:00,8838.39,8850.89,8835.99,8840.04,120.575064
2018-04-21 00:30:00,8844.8,8857.24,8839.01,8840.02,218.033862
2018-04-21 00:35:00,8847.9,8849.95,8804.86,8804.86,134.805793
2018-04-21 00:40:00,8805.0,8815.0,8780.0,8791.04,424.528145
2018-04-21 00:45:00,8794.32,8839.98,8791.04,8835.0,157.782113
2018-04-21 00:50:00,8835.0,8835.0,8811.65,8819.75,118.218087
2018-04-21 00:55:00,8819.75,8819.95,8803.41,8814.99,99.9621
2018-04-21 01:00:00,8814.99,8815.0,8799.0,8800.01,123.650486
2018-04-21 01:05:00,8800.01,8809.3,8788.46,8788.49,110.446898
2018-04-21 01:10:00,8788.49,8793.32,8730.0,8780.0,500.603022
2018-04-21 01:15:00,8780.0,8803.34,8780.0,8781.02,216.548195
2018-04-21 01:20:00,8781.02,8787.0,8765.0,8765.05,164.209999
2018-04-21 01:25:00,8774.0,8795.0,8760.36,8795.0,162.4179
2018-04-21 01:30:00,8792.97,8799.99,8780.01,8786.0,92.657101
2018-04-21 01:35:00,8786.0,8790.0,8766.43,8774.99,82.817848
2018-04-21 01:40:00,8774.99,8785.0,8760.54,8773.29,104.77346
2018-04-21 01:45:00,8775.0,8811.81,8773.54,8795.0,152.48886
2018-04-21 01:50:00,8795.0,8821.36,8788.58,8809.01,200.189333
2018-04-21 01:55:00,8809.01,8821.99,8804.73,8820.0,93.955858
2018-04-21 02:00:00,8820.0,8825.0,8807.02,8810.03,180.043459
2018-04-21 02:05:00,8810.15,8820.38,8810.0,8819.89,57.412221
2018-04-21 02:10:00,8819.9,8841.94,8813.11,8833.99,113.833381
2018-04-21 02:15:00,8833.01,8840.0,8821.0,8837.99,101.339094
2018-04-21 02:20:00,8838.38,8852.99,8834.98,8850.01,114.020728
2018-04-21 02:25:00,8850.01,8864.56,8830.97,8830.98,120.568962
2018-04-21 02:30:00,8831.0,8844.76,8830.97,8840.26,59.750962
2018-04-21 02:35:00,8844.0,8867.19,8840.0,8858.91,118.770027
2018-04-21 02:40:00,8858.91,8866.0,8837.0,8837.53,121.472674
2018-04-21 02:45:00,8841.74,8851.0,8837.53,8842.2,49.863728
2018-04-21 02:50:00,8842.19,8842.21,8838.01,8841.99,101.135099
2018-04-21 02:55:00,8841.98,8849.98,8839.0,8849.49,97.611092
2018-04-21 03:00:00,8849.0,8855.98,8845.12,8845.12,68.254056
2018-04-21 03:05:00,8849.99,8870.79,8849.37,8867.99,85.651065
2018-04-21 03:10:00,8867.99,8867.99,8855.0,8858.0,133.275361
2018-04-21 03:15:00,8858.0,8899.0,8855.0,8896.34,201.812646
2018-04-21 03:20:00,8899.0,8928.0,8874.62,8888.94,280.992149
2018-04-21 03:25:00,8888.93,8888.93,8859.58,8878.0,101.383084
2018-04-21 03:30:00,8879.65,8879.65,8855.0,8855.0,78.648139
2018-04-21 03:35:00,8855.0,8859.99,8837.53,8851.37,127.232562
2018-04-21 03:40:00,8845.23,8856.51,8844.06,8856.51,61.294398
2018-04-21 03:45:00,8855.04,8862.62,8850.0,8860.0,90.004869
2018-04-21 03:50:00,8860.0,8864.99,8855.99,8860.04,50.769764
2018-04-21 03:55:00,8861.62,8866.0,8857.64,8862.0,84.273604
2018-04-21 04:00:00,8858.0,8872.12,8856.01,8870.0,86.900277
2018-04-21 04:05:00,8872.0,8880.61,8860.09,8879.0,123.540814
2018-04-21 04:10:00,8875.01,8879.0,8860.66,8869.76,84.740844
2018-04-21 04:15:00,8869.76,8869.76,8856.0,8856.0,64.452534
2018-04-21 04:20:00,8856.0,8869.0,8850.0,8869.0,61.891734
2018-04-21 04:25:00,8867.01,8869.0,8843.0,8850.0,103.938416
2018-04-21 04:30:00,8852.0,8854.0,8840.01,8849.99,54.028782
2018-04-21 04:35:00,8844.0,8855.0,8839.99,8840.89,78.434947
2018-04-21 04:40:00,8840.89,8850.0,8840.0,8850.0,48.818182
2018-04-21 04:45:00,8849.99,8866.69,8848.0,8863.73,54.69436
2018-04-21 04:50:00,8862.36,8866.66,8851.1,8853.08,58.582891
2018-04-21 04:55:00,8853.08,8862.0,8847.51,8849.79,58.940012
2018-04-21 05:00:00,8848.39,8853.06,8840.0,8848.0,65.09208
2018-04-21 05:05:00,8848.0,8856.93,8841.01,8856.36,41.89183
2018-04-21 05:10:00,8856.36,8859.9,8854.0,8858.95,24.783903
2018-04-21 05:15:00,8858.95,8859.9,8850.21,8852.01,54.644584
2018-04-21 05:20:00,8852.01,8858.27,8851.99,8858.26,54.964039
2018-04-21 05:25:00,8857.57,8868.0,8856.0,8862.27,67.78107
2018-04-21 05:30:00,8859.0,8865.0,8856.0,8861.01,43.468427
2018-04-21 05:35:00,8861.01,8864.91,8850.0,8863.01,74.835614
2018-04-21 05:40:00,8863.0,8864.92,8854.43,8860.04,34.280529
2018-04-21 05:45:00,8860.03,8868.1,8860.0,8866.0,37.237584
2018-04-21 05:50:00,8866.99,8877.99,8865.99,8866.66,86.523741
2018-04-21 05:55:00,8866.64,8884.9,8866.64,8878.07,52.614799
2018-04-21 06:00:00,8878.07,8891.98,8878.0,8884.0,82.977309
2018-04-21 06:05:00,8884.0,8901.0,8880.9,8886.56,125.461258
2018-04-21 06:10:00,8886.29,8887.02,8877.0,8877.0,101.898001
2018-04-21 06:15:00,8880.0,8903.79,8867.87,8903.78,81.075051
2018-04-21 06:20:00,8903.78,8935.96,8885.0,8889.31,182.54336
2018-04-21 06:25:00,8889.3,8913.98,8885.74,8898.0,119.16768
2018-04-21 06:30:00,8897.03,8916.72,8892.0,8916.71,87.819055
2018-04-21 06:35:00,8916.71,8927.0,8899.42,8912.0,90.986919
2018-04-21 06:40:00,8913.48,8918.67,8912.0,8918.0,73.440363
2018-04-21 06:45:00,8918.0,8934.44,8917.77,8931.33,91.235919
2018-04-21 06:50:00,8933.73,8950.0,8915.01,8928.98,193.780327
2018-04-21 06:55:00,8925.0,8939.03,8910.41,8923.0,88.102956
2018-04-21 07:00:00,8920.02,8925.0,8907.13,8923.88,86.087857
2018-04-21 07:05:00,8923.9,8975.0,8923.0,8973.9,167.125505
2018-04-21 07:10:00,8975.0,8984.99,8931.93,8953.04,201.167666
2018-04-21 07:15:00,8957.0,8970.0,8953.04,8967.03,91.921291
2018-04-21 07:20:00,8967.03,8980.94,8947.0,8970.33,130.899767
2018-04-21 07:25:00,8973.88,9035.0,8963.29,9035.0,385.134735
2018-04-21 07:30:00,9035.0,9035.0,8961.15,8966.15,386.649223
2018-04-21 07:35:00,8968.92,8977.13,8921.0,8946.0,228.887593
2018-04-21 07:40:00,8941.91,8947.0,8875.0,8925.0,420.724458
2018-04-21 07:45:00,8922.0,8945.0,8906.0,8916.15,157.472922
2018-04-21 07:50:00,8916.15,8931.02,8910.81,8913.0,110.788587
2018-04-21 07:55:00,8910.03,8911.49,8854.2,8874.88,294.13606
2018-04-21 08:00:00,8874.87,8888.0,8840.01,8888.0,290.280523
2018-04-21 08:05:00,8887.99,8888.0,8860.0,8870.01,131.397395
2018-04-21 08:10:00,8867.01,8870.0,8822.0,8835.07,271.874578
2018-04-21 08:15:00,8835.07,8835.07,8770.1,8789.22,545.560617
2018-04-21 08:20:00,8780.32,8829.23,8761.0,8820.0,433.205715
2018-04-21 08:25:00,8825.27,8825.3,8783.01,8797.5,354.243079
2018-04-21 08:30:00,8794.0,8817.99,8783.0,8800.0,319.230023
2018-04-21 08:35:00,8800.0,8805.99,8771.0,8771.01,169.503254
2018-04-21 08:40:00,8771.01,8795.0,8765.0,8781.41,283.130074
2018-04-21 08:45:00,8780.5,8781.42,8708.96,8760.0,537.961117
2018-04-21 08:50:00,8760.0,8780.0,8736.0,8777.99,258.786094
2018-04-21 08:55:00,8771.07,8800.0,8770.0,8790.0,214.773004
2018-04-21 09:00:00,8790.92,8795.0,8774.41,8784.97,150.174521
2018-04-21 09:05:00,8784.95,8800.0,8778.7,8789.12,189.911005
2018-04-21 09:10:00,8789.12,8789.12,8769.53,8788.9,162.740945
2018-04-21 09:15:00,8785.0,8788.9,8753.0,8767.0,134.940287
2018-04-21 09:20:00,8758.07,8774.0,8742.01,8747.76,264.731407
2018-04-21 09:25:00,8747.7,8748.0,8714.02,8739.97,271.448947
2018-04-21 09:30:00,8739.98,8757.9,8732.02,8750.0,224.981089
2018-04-21 09:35:00,8750.0,8750.99,8722.11,8740.0,216.033258
2018-04-21 09:40:00,8731.31,8743.0,8677.01,8687.0,486.556001
2018-04-21 09:45:00,8679.0,8689.0,8630.0,8652.03,709.343848
2018-04-21 09:50:00,8650.0,8690.83,8630.02,8690.0,414.769026
2018-04-21 09:55:00,8690.0,8716.24,8669.04,8705.01,429.953802
2018-04-21 10:00:00,8713.35,8720.0,8687.01,8713.2,325.309672
2018-04-21 10:05:00,8713.22,8749.83,8705.0,8729.0,300.035942
2018-04-21 10:10:00,8729.96,8745.23,8694.67,8711.66,231.251998
2018-04-21 10:15:00,8711.66,8730.99,8687.11,8727.98,206.457472
2018-04-21 10:20:00,8728.0,8730.98,8725.0,8728.02,94.079756
2018-04-21 10:25:00,8728.03,8729.0,8709.1,8728.0,96.203533
2018-04-21 10:30:00,8727.99,8728.98,8680.0,8680.1,218.751084
2018-04-21 10:35:00,8686.96,8694.29,8675.0,8692.95,177.739082
2018-04-21 10:40:00,8686.0,8692.99,8666.03,8666.16,191.586099
2018-04-21 10:45:00,8670.0,8686.93,8640.44,8680.0,352.378889
2018-04-21 10:50:00,8680.0,8719.99,8672.05,8709.5,277.095716
2018-04-21 10:55:00,8710.0,8710.0,8642.55,8670.0,196.305329
2018-04-21 11:00:00,8672.02,8684.0,8651.0,8660.0,176.005524
2018-04-21 11:05:00,8659.99,8670.0,8630.0,8659.85,314.249475
2018-04-21 11:10:00,8656.01,8659.99,8605.0,8608.87,353.445007
2018-04-21 11:15:00,8608.87,8630.0,8565.0,8627.0,596.328839
2018-04-21 11:20:00,8630.0,8656.0,8604.92,8617.24,381.164898
2018-04-21 11:25:00,8622.99,8623.97,8575.0,8589.99,323.058417
2018-04-21 11:30:00,8589.99,8635.0,8585.18,8630.24,316.959389
2018-04-21 11:35:00,8630.24,8645.0,8606.45,8617.01,232.93994
2018-04-21 11:40:00,8618.01,8665.0,8615.01,8660.0,231.139828
2018-04-21 11:45:00,8660.0,8720.57,8660.0,8716.0,375.568096
2018-04-21 11:50:00,8716.29,8720.57,8661.0,8698.99,273.502073
2018-04-21 11:55:00,8698.99,8705.0,8669.23,8700.0,133.577431
2018-04-21 12:00:00,8700.01,8758.5,8700.0,8727.0,323.228497
2018-04-21 12:05:00,8727.0,8736.07,8685.03,8695.98,223.529969
2018-04-21 12:10:00,8700.0,8705.04,8680.0,8685.0,121.740648
2018-04-21 12:15:00,8681.38,8721.54,8680.0,8718.0,161.253571
2018-04-21 12:20:00,8718.0,8740.91,8717.0,8739.94,135.087249
2018-04-21 12:25:00,8737.94,8740.8,8700.0,8702.92,113.233933
2018-04-21 12:30:00,8702.92,8728.0,8702.0,8725.0,85.756266
2018-04-21 12:35:00,8726.9,8746.48,8725.01,8744.99,168.226607
2018-04-21 12:40:00,8742.0,8761.91,8740.0,8759.99,154.217495
2018-04-21 12:45:00,8756.0,8765.0,8748.0,8758.0,160.846561
2018-04-21 12:50:00,8758.0,8761.92,8732.86,8740.0,213.582799
2018-04-21 12:55:00,8740.69,8758.0,8731.73,8755.01,113.210837
2018-04-21 13:00:00,8755.0,8765.0,8732.5,8734.0,100.797255
2018-04-21 13:05:00,8734.0,8737.0,8705.46,8711.0,133.208775
2018-04-21 13:10:00,8711.0,8724.99,8707.0,8716.99,78.642458
2018-04-21 13:15:00,8715.0,8721.11,8712.0,8712.0,80.945577
2018-04-21 13:20:00,8713.72,8715.98,8696.0,8696.0,140.023149
2018-04-21 13:25:00,8696.0,8713.9,8680.5,8711.58,188.775478
2018-04-21 13:30:00,8711.0,8711.58,8701.02,8709.97,82.54443
2018-04-21 13:35:00,8709.97,8743.62,8704.55,8743.51,138.753806
2018-04-21 13:40:00,8743.5,8749.69,8725.0,8737.01,138.186757
2018-04-21 13:45:00,8736.14,8756.0,8736.14,8753.36,298.308901
2018-04-21 13:50:00,8753.36,8768.92,8749.32,8768.04,116.422467
2018-04-21 13:55:00,8768.04,8778.46,8745.0,8748.0,147.414436
2018-04-21 14:00:00,8748.0,8767.94,8746.0,8758.01,102.847575
2018-04-21 14:05:00,8758.01,8771.27,8758.0,8764.99,143.837992
2018-04-21 14:10:00,8769.87,8771.5,8761.09,8770.0,76.843721
2018-04-21 14:15:00,8771.5,8789.89,8770.0,8789.89,97.287163
2018-04-21 14:20:00,8789.19,8791.01,8761.93,8764.87,142.943496
2018-04-21 14:25:00,8764.92,8767.0,8737.02,8759.99,144.927951
2018-04-21 14:30:00,8750.21,8769.86,8750.0,8758.96,80.922907
2018-04-21 14:35:00,8752.95,8760.0,8735.99,8753.94,113.195992
2018-04-21 14:40:00,8760.0,8770.0,8754.88,8766.0,61.023089
2018-04-21 14:45:00,8764.98,8782.0,8760.03,8770.06,96.773923
2018-04-21 14:50:00,8770.06,8782.83,8736.0,8751.32,103.712764
2018-04-21 14:55:00,8751.32,8757.0,8742.01,8742.55,85.679824
2018-04-21 15:00:00,8742.56,8758.0,8742.56,8756.0,67.981328
2018-04-21 15:05:00,8756.0,8775.49,8752.99,8772.92,73.250762
2018-04-21 15:10:00,8772.92,8795.0,8770.0,8794.4,137.740054
2018-04-21 15:15:00,8795.0,8813.89,8780.0,8780.32,212.598659
2018-04-21 15:20:00,8780.32,8809.22,8775.77,8802.98,154.148688
2018-04-21 15:25:00,8803.0,8804.0,8785.57,8801.0,155.314006
2018-04-21 15:30:00,8801.0,8821.5,8798.0,8816.79,208.486435
2018-04-21 15:35:00,8816.8,8846.63,8816.79,8839.0,305.298754
2018-04-21 15:40:00,8838.57,8841.0,8795.0,8812.01,252.698232
2018-04-21 15:45:00,8815.81,8825.0,8803.0,8822.38,136.819338
2018-04-21 15:50:00,8820.71,8823.77,8810.09,8817.86,97.556036
2018-04-21 15:55:00,8813.14,8829.58,8811.0,8828.2,111.249272
2018-04-21 16:00:00,8828.13,8874.0,8828.0,8865.05,254.475307
2018-04-21 16:05:00,8865.05,8872.0,8840.0,8841.1,139.516967
2018-04-21 16:10:00,8847.94,8847.94,8825.0,8825.0,106.61853
2018-04-21 16:15:00,8825.0,8833.99,8796.2,8798.5,134.527779
2018-04-21 16:20:00,8796.2,8808.0,8772.0,8805.0,205.93442
2018-04-21 16:25:00,8808.0,8825.0,8803.99,8806.03,132.479394
2018-04-21 16:30:00,8806.04,8817.01,8748.0,8749.64,191.750364
2018-04-21 16:35:00,8750.0,8780.0,8747.68,8778.94,158.923031
2018-04-21 16:40:00,8778.93,8780.0,8768.09,8779.0,69.487703
2018-04-21 16:45:00,8779.01,8795.0,8770.1,8789.6,118.90366
2018-04-21 16:50:00,8783.12,8789.65,8750.68,8750.68,117.421652
2018-04-21 16:55:00,8751.6,8770.0,8737.28,8755.0,127.175805
2018-04-21 17:00:00,8755.0,8779.99,8753.18,8765.3,110.09199
2018-04-21 17:05:00,8765.3,8780.0,8760.0,8776.47,32.495848
2018-04-21 17:10:00,8776.54,8810.16,8776.43,8788.61,155.520054
2018-04-21 17:15:00,8788.62,8800.02,8763.86,8764.77,90.683599
2018-04-21 17:20:00,8764.77,8787.5,8764.77,8777.0,61.703549
2018-04-21 17:25:00,8778.18,8786.89,8765.0,8778.0,53.414755
2018-04-21 17:30:00,8773.59,8780.1,8770.98,8779.0,40.650584
2018-04-21 17:35:00,8778.0,8778.0,8767.0,8767.01,50.772995
2018-04-21 17:40:00,8771.0,8771.0,8743.01,8744.0,117.035758
2018-04-21 17:45:00,8744.0,8747.0,8706.5,8728.0,236.28122
2018-04-21 17:50:00,8721.0,8765.0,8721.0,8765.0,87.401224
2018-04-21 17:55:00,8761.04,8766.01,8747.02,8760.0,73.006984
2018-04-21 18:00:00,8760.05,8760.05,8730.0,8746.99,85.684858
2018-04-21 18:05:00,8746.99,8750.0,8735.0,8740.48,52.179089
2018-04-21 18:10:00,8746.5,8757.01,8740.1,8757.01,45.008504
2018-04-21 18:15:00,8757.01,8757.01,8733.62,8744.98,57.421217
2018-04-21 18:20:00,8737.45,8763.0,8737.45,8761.0,51.716108
2018-04-21 18:25:00,8761.0,8778.0,8760.0,8766.0,77.956438
2018-04-21 18:30:00,8766.0,8780.0,8765.0,8766.1,94.959474
2018-04-21 18:35:00,8770.99,8782.4,8766.0,8782.39,61.928534
2018-04-21 18:40:00,8782.4,8802.16,8777.01,8802.0,66.799322
2018-04-21 18:45:00,8801.99,8810.0,8786.01,8799.99,156.842644
2018-04-21 18:50:00,8797.9,8800.0,8780.0,8791.0,43.068767
2018-04-21 18:55:00,8791.0,8795.98,8774.51,8779.97,48.873932
2018-04-21 19:00:00,8780.0,8794.98,8778.94,8790.0,59.803445
2018-04-21 19:05:00,8787.04,8794.93,8780.0,8789.49,28.150001
2018-04-21 19:10:00,8789.0,8818.16,8784.0,8798.2,78.49625
2018-04-21 19:15:00,8798.2,8806.0,8790.01,8798.0,57.23477
2018-04-21 19:20:00,8797.99,8803.96,8791.41,8800.99,48.728657
2018-04-21 19:25:00,8800.99,8809.98,8792.2,8797.0,60.947766
2018-04-21 19:30:00,8796.97,8798.0,8782.0,8792.59,62.036738
2018-04-21 19:35:00,8792.6,8797.1,8781.1,8796.11,64.822242
2018-04-21 19:40:00,8797.08,8797.1,8789.59,8792.99,24.996668
2018-04-21 19:45:00,8793.0,8796.0,8780.0,8780.08,63.584138
2018-04-21 19:50:00,8780.61,8783.0,8760.0,8765.1,97.667601
2018-04-21 19:55:00,8765.12,8800.0,8765.0,8792.47,72.556097
2018-04-21 20:00:00,8792.47,8800.01,8770.0,8775.12,50.496283
2018-04-21 20:05:00,8775.6,8780.0,8751.0,8768.01,75.063907
2018-04-21 20:10:00,8767.97,8780.0,8745.0,8766.59,124.240948
2018-04-21 20:15:00,8766.65,8769.79,8750.01,8753.21,47.815551
2018-04-21 20:20:00,8754.96,8758.0,8740.1,8746.21,42.564162
2018-04-21 20:25:00,8746.81,8766.0,8735.0,8766.0,68.336167
2018-04-21 20:30:00,8766.0,8772.13,8740.0,8745.0,66.577925
2018-04-21 20:35:00,8745.0,8745.0,8730.51,8736.83,53.386817
2018-04-21 20:40:00,8734.17,8736.84,8707.0,8721.0,164.172395
2018-04-21 20:45:00,8719.16,8749.88,8714.2,8740.15,145.488413
2018-04-21 20:50:00,8747.99,8766.99,8740.19,8759.95,90.997037
2018-04-21 20:55:00,8762.63,8765.0,8745.7,8765.0,87.595039
2018-04-21 21:00:00,8765.0,8765.0,8745.44,8750.11,75.145604
2018-04-21 21:05:00,8750.12,8762.98,8741.76,8745.01,42.419221
2018-04-21 21:10:00,8742.57,8770.0,8740.0,8762.35,33.496713
2018-04-21 21:15:00,8763.01,8778.0,8763.0,8776.88,51.42734
2018-04-21 21:20:00,8776.89,8785.28,8776.5,8785.27,25.342455
2018-04-21 21:25:00,8785.28,8799.0,8783.27,8797.99,55.524458
2018-04-21 21:30:00,8798.0,8798.0,8776.41,8778.12,46.394325
2018-04-21 21:35:00,8784.99,8784.99,8772.0,8772.0,29.745063
2018-04-21 21:40:00,8776.99,8777.96,8760.0,8765.96,39.398632
2018-04-21 21:45:00,8765.97,8771.14,8760.0,8767.0,41.587544
2018-04-21 21:50:00,8767.0,8785.01,8766.98,8780.04,68.683828
2018-04-21 21:55:00,8779.99,8790.0,8762.32,8780.01,49.165634
2018-04-21 22:00:00,8780.01,8790.0,8762.32,8778.98,88.712592
2018-04-21 22:05:00,8772.99,8790.73,8772.99,8784.0,42.519177
2018-04-21 22:10:00,8783.99,8790.36,8781.0,8787.99,38.32776
2018-04-21 22:15:00,8786.99,8800.0,8782.1,8799.99,105.548306
2018-04-21 22:20:00,8799.99,8805.0,8787.0,8789.86,78.144163
2018-04-21 22:25:00,8789.86,8798.96,8770.0,8785.1,71.493481
2018-04-21 22:30:00,8785.1,8792.41,8770.95,8785.05,52.630537
2018-04-21 22:35:00,8783.97,8804.99,8781.97,8796.97,36.074149
2018-04-21 22:40:00,8796.96,8834.99,8791.05,8814.99,111.45353
2018-04-21 22:45:00,8813.0,8826.2,8802.08,8808.0,56.145294
2018-04-21 22:50:00,8808.0,8811.76,8790.0,8792.95,46.692215
2018-04-21 22:55:00,8794.28,8809.98,8792.99,8806.29,27.971595
2018-04-21 23:00:00,8806.35,8807.35,8789.57,8798.7,24.442008
2018-04-21 23:05:00,8798.69,8816.0,8795.01,8810.0,26.15869
2018-04-21 23:10:00,8810.07,8821.46,8806.21,8820.26,61.404154
2018-04-21 23:15:00,8820.25,8825.0,8809.98,8825.0,67.023432
2018-04-21 23:20:00,8825.0,8845.0,8825.0,8844.97,82.811427
2018-04-21 23:25:00,8844.98,8845.0,8826.01,8832.99,74.546875
2018-04-21 23:30:00,8832.99,8849.0,8832.0,8840.04,69.213679
2018-04-21 23:35:00,8840.03,8850.0,8840.03,8843.15,50.872543
2018-04-21 23:40:00,8843.14,8852.11,8841.0,8847.3,99.664278
2018-04-21 23:45:00,8850.46,8882.89,8840.29,8864.49,170.082253
2018-04-21 23:50:00,8867.9,8927.33,8860.01,8885.28,401.849354
2018-04-21 23:55:00,8885.28,8930.0,8878.41,8915.31,146.384314
2018-04-22 00:00:00,8915.31,8915.33,8859.41,8868.0,217.546156
2018-04-22 00:05:00,8865.99,8878.0,8850.0,8870.0,88.931595
2018-04-22 00:10:00,8869.98,8888.04,8866.81,8878.99,59.158978
2018-04-22 00:15:00,8880.0,8880.0,8854.3,8855.03,106.577925
2018-04-22 00:20:00,8855.03,8874.0,8855.0,8865.0,84.249251
2018-04-22 00:25:00,8868.47,8873.99,8856.08,8857.86,79.015377
2018-04-22 00:30:00,8857.85,8863.0,8845.66,8859.98,66.329836
2018-04-22 00:35:00,8859.98,8860.0,8814.61,8828.18,85.104751
2018-04-22 00:40:00,8846.89,8847.43,8815.0,8824.36,103.661021
2018-04-22 00:45:00,8824.36,8837.14,8792.0,8821.93,168.941958
2018-04-22 00:50:00,8821.93,8836.34,8802.04,8828.11,93.846141
2018-04-22 00:55:00,8825.06,8828.13,8811.55,8816.54,58.218341
2018-04-22 01:00:00,8816.54,8837.76,8816.01,8821.01,103.922899
2018-04-22 01:05:00,8822.01,8832.72,8788.7,8795.0,133.39759
2018-04-22 01:10:00,8789.0,8817.0,8786.8,8810.0,74.761991
2018-04-22 01:15:00,8810.0,8816.85,8801.23,8805.01,29.0614
2018-04-22 01:20:00,8811.92,8813.0,8805.01,8811.43,50.469791
2018-04-22 01:25:00,8811.22,8817.88,8799.99,8813.48,57.499592
2018-04-22 01:30:00,8813.47,8840.05,8800.0,8830.0,69.714456
2018-04-22 01:35:00,8836.43,8840.05,8811.39,8816.82,82.649589
2018-04-22 01:40:00,8813.97,8834.0,8805.89,8822.62,67.64458
2018-04-22 01:45:00,8831.06,8838.56,8820.05,8825.02,69.184237
2018-04-22 01:50:00,8825.03,8827.55,8814.11,8825.99,93.139358
2018-04-22 01:55:00,8825.99,8826.0,8815.01,8815.99,75.662614
2018-04-22 02:00:00,8815.99,8830.0,8801.01,8828.0,60.531741
2018-04-22 02:05:00,8828.0,8830.66,8816.0,8825.0,64.570145
2018-04-22 02:10:00,8824.03,8829.94,8816.02,8820.0,36.427359
2018-04-22 02:15:00,8817.01,8828.0,8812.98,8824.46,73.712867
2018-04-22 02:20:00,8824.45,8830.01,8822.88,8830.0,53.61228
2018-04-22 02:25:00,8830.0,8850.0,8827.0,8842.38,50.98206
2018-04-22 02:30:00,8842.38,8864.59,8837.49,8861.7,102.098253
2018-04-22 02:35:00,8863.76,8867.98,8851.99,8864.91,78.597252
2018-04-22 02:40:00,8862.07,8872.01,8860.0,8869.0,114.580704
2018-04-22 02:45:00,8861.57,8874.0,8861.56,8870.1,68.109158
2018-04-22 02:50:00,8872.32,8872.32,8843.57,8850.02,113.563821
2018-04-22 02:55:00,8850.02,8862.8,8850.02,8852.05,43.452835
2018-04-22 03:00:00,8854.99,8872.09,8843.57,8869.0,61.650708
2018-04-22 03:05:00,8869.0,8872.09,8859.99,8859.99,48.092421
2018-04-22 03:10:00,8860.0,8863.99,8842.0,8853.72,85.750665
2018-04-22 03:15:00,8853.72,8868.9,8845.0,8861.72,46.400795
2018-04-22 03:20:00,8861.72,8865.0,8851.62,8860.0,34.870677
2018-04-22 03:25:00,8860.0,8868.51,8850.0,8853.0,36.104349
2018-04-22 03:30:00,8850.01,8858.39,8850.0,8857.0,25.135928
2018-04-22 03:35:00,8855.0,8858.35,8841.75,8844.98,43.770213
2018-04-22 03:40:00,8841.75,8844.98,8817.0,8824.98,57.374673
2018-04-22 03:45:00,8824.99,8830.0,8810.24,8812.0,87.261539
2018-04-22 03:50:00,8812.0,8834.99,8808.6,8808.6,61.165781
2018-04-22 03:55:00,8808.6,8828.56,8802.5,8811.0,85.917689
2018-04-22 04:00:00,8814.0,8822.18,8808.52,8809.05,68.888001
2018-04-22 04:05:00,8808.53,8809.05,8794.62,8804.99,122.651141
2018-04-22 04:10:00,8804.99,8828.99,8801.31,8805.11,37.805365
2018-04-22 04:15:00,8806.55,8826.06,8805.0,8813.0,45.699347
2018-04-22 04:20:00,8813.03,8829.0,8801.4,8804.02,49.887303
2018-04-22 04:25:00,8804.02,8817.37,8801.2,8813.0,39.316467
2018-04-22 04:30:00,8817.31,8826.0,8810.0,8815.01,39.340078
2018-04-22 04:35:00,8811.37,8829.64,8811.07,8813.0,53.248524
2018-04-22 04:40:00,8815.02,8819.0,8810.0,8813.0,39.77767
2018-04-22 04:45:00,8813.0,8840.0,8812.0,8833.15,54.531461
2018-04-22 04:50:00,8829.99,8848.0,8827.0,8843.78,66.168947
2018-04-22 04:55:00,8836.29,8851.0,8836.27,8843.6,61.052715
2018-04-22 05:00:00,8843.6,8855.0,8840.13,8848.01,46.361568
2018-04-22 05:05:00,8848.0,8867.0,8844.51,8860.98,45.492717
2018-04-22 05:10:00,8861.0,8887.96,8851.0,8854.0,100.89506
2018-04-22 05:15:00,8853.99,8875.52,8851.0,8863.99,42.139969
2018-04-22 05:20:00,8863.98,8863.99,8845.0,8847.48,78.510351
2018-04-22 05:25:00,8847.47,8862.99,8845.0,8852.58,50.460728
2018-04-22 05:30:00,8852.69,8868.0,8852.69,8862.02,36.183703
2018-04-22 05:35:00,8867.94,8868.0,8850.5,8853.04,56.859739
2018-04-22 05:40:00,8857.86,8857.86,8850.52,8851.04,36.250496
2018-04-22 05:45:00,8856.41,8859.79,8848.08,8851.05,40.744704
2018-04-22 05:50:00,8856.33,8863.28,8851.08,8852.07,20.477583
2018-04-22 05:55:00,8852.07,8852.08,8833.44,8834.73,41.371236
2018-04-22 06:00:00,8834.73,8855.05,8834.5,8848.0,59.661519
2018-04-22 06:05:00,8847.99,8853.1,8847.99,8848.0,33.166709
2018-04-22 06:10:00,8847.99,8860.0,8847.0,8860.0,45.668499
2018-04-22 06:15:00,8859.01,8868.0,8854.64,8863.21,55.436363
2018-04-22 06:20:00,8863.61,8883.95,8863.21,8878.33,57.305094
2018-04-22 06:25:00,8875.0,8881.8,8860.0,8870.11,34.279444
2018-04-22 06:30:00,8874.43,8877.99,8864.0,8864.69,40.784651
2018-04-22 06:35:00,8864.7,8870.0,8850.78,8857.01,84.496465
2018-04-22 06:40:00,8857.0,8869.99,8852.82,8869.96,64.798382
2018-04-22 06:45:00,8869.96,8879.0,8867.0,8875.0,58.656189
2018-04-22 06:50:00,8875.0,8885.0,8870.0,8880.0,81.650613
2018-04-22 06:55:00,8880.01,8888.0,8867.75,8887.07,64.439054
2018-04-22 07:00:00,8888.0,8904.99,8854.0,8860.0,154.556025
2018-04-22 07:05:00,8862.99,8876.18,8858.03,8872.15,46.784228
2018-04-22 07:10:00,8872.14,8875.94,8860.0,8863.9,50.316101
2018-04-22 07:15:00,8864.0,8875.84,8863.9,8870.11,69.64684
2018-04-22 07:20:00,8874.0,8877.99,8870.0,8871.0,46.09911
2018-04-22 07:25:00,8871.0,8878.0,8860.0,8875.97,127.811548
2018-04-22 07:30:00,8875.97,8878.0,8860.0,8871.0,24.345938
2018-04-22 07:35:00,8874.88,8874.88,8861.03,8866.64,38.26717
2018-04-22 07:40:00,8863.11,8876.12,8845.56,8845.57,110.891777
2018-04-22 07:45:00,8846.32,8860.0,8845.0,8846.03,55.524275
2018-04-22 07:50:00,8850.0,8862.0,8846.01,8853.72,40.564419
2018-04-22 07:55:00,8853.72,8875.0,8853.26,8875.0,49.673817
2018-04-22 08:00:00,8875.0,8879.86,8865.0,8879.86,72.430294
2018-04-22 08:05:00,8879.86,8962.74,8870.01,8953.0,380.241444
2018-04-22 08:10:00,8953.0,8963.0,8902.0,8921.0,159.743149
2018-04-22 08:15:00,8921.0,8927.98,8903.0,8904.67,110.545481
2018-04-22 08:20:00,8904.67,8932.82,8903.0,8910.0,119.772352
2018-04-22 08:25:00,8910.0,8920.0,8906.55,8916.99,46.472534
2018-04-22 08:30:00,8916.99,8930.0,8915.14,8920.05,85.661326
2018-04-22 08:35:00,8920.0,8929.15,8916.02,8929.14,42.15512
2018-04-22 08:40:00,8929.14,8940.0,8920.17,8923.9,151.747317
2018-04-22 08:45:00,8925.0,8940.0,8923.89,8939.9,155.448725
2018-04-22 08:50:00,8936.0,8941.13,8928.19,8937.64,123.037575
2018-04-22 08:55:00,8937.64,8952.0,8935.0,8940.03,146.563514
2018-04-22 09:00:00,8940.0,8968.0,8938.47,8964.0,195.877232
2018-04-22 09:05:00,8961.02,8979.5,8950.0,8959.0,180.185845
2018-04-22 09:10:00,8950.0,8960.0,8929.01,8936.0,148.102116
2018-04-22 09:15:00,8935.0,8944.36,8885.0,8909.99,245.66867
2018-04-22 09:20:00,8909.99,8910.0,8892.22,8900.42,106.328072
2018-04-22 09:25:00,8903.91,8921.93,8895.23,8910.75,107.349137
2018-04-22 09:30:00,8918.0,8923.45,8910.72,8916.97,63.54576
2018-04-22 09:35:00,8915.0,8917.0,8862.22,8887.0,223.780666
2018-04-22 09:40:00,8887.04,8899.34,8875.03,8885.99,71.585285
2018-04-22 09:45:00,8885.99,8909.0,8885.0,8901.01,85.625541
2018-04-22 09:50:00,8901.05,8909.9,8901.0,8908.97,59.456278
2018-04-22 09:55:00,8908.97,8913.8,8901.2,8910.0,48.044031
2018-04-22 10:00:00,8910.0,8919.4,8902.12,8916.0,73.35014
2018-04-22 10:05:00,8916.0,8917.0,8904.99,8915.5,51.780873
2018-04-22 10:10:00,8917.0,8925.0,8910.0,8916.01,88.875386
2018-04-22 10:15:00,8916.01,8920.08,8915.17,8919.49,49.190028
2018-04-22 10:20:00,8919.0,8939.99,8918.0,8939.11,80.248699
2018-04-22 10:25:00,8939.1,8948.0,8931.24,8937.01,76.019426
2018-04-22 10:30:00,8938.0,8949.0,8937.0,8940.21,79.583748
2018-04-22 10:35:00,8940.19,8940.2,8921.84,8933.0,70.460084
2018-04-22 10:40:00,8933.0,8947.0,8931.0,8938.0,88.386051
2018-04-22 10:45:00,8936.02,8940.96,8935.01,8938.01,66.477665
2018-04-22 10:50:00,8938.02,8946.32,8936.2,8943.15,55.032982
2018-04-22 10:55:00,8943.15,8948.99,8941.0,8942.0,88.10567
2018-04-22 11:00:00,8941.0,8946.89,8929.0,8939.02,158.632495
2018-04-22 11:05:00,8939.03,8945.02,8934.22,8941.0,47.942483
2018-04-22 11:10:00,8940.99,8941.0,8925.0,8935.99,76.28666
2018-04-22 11:15:00,8937.99,8950.0,8935.99,8949.99,92.881103
2018-04-22 11:20:00,8949.99,8960.0,8949.23,8959.84,199.117527
2018-04-22 11:25:00,8959.84,8975.0,8956.38,8973.0,121.805215
2018-04-22 11:30:00,8972.15,8973.55,8941.97,8948.0,139.95996
2018-04-22 11:35:00,8948.0,8969.0,8945.0,8967.98,61.796846
2018-04-22 11:40:00,8967.98,9020.0,8964.0,8989.0,448.888405
2018-04-22 11:45:00,8992.1,8994.56,8966.54,8980.01,233.3017
2018-04-22 11:50:00,8980.0,8987.91,8945.26,8949.0,145.812872
2018-04-22 11:55:00,8949.0,8957.83,8912.0,8916.01,223.415187
2018-04-22 12:00:00,8916.01,8952.13,8912.0,8952.0,132.208372
2018-04-22 12:05:00,8951.01,8965.82,8926.0,8930.0,154.507183
2018-04-22 12:10:00,8929.39,8930.48,8768.79,8831.99,872.649727
2018-04-22 12:15:00,8831.99,8850.0,8800.0,8810.0,402.546605
2018-04-22 12:20:00,8800.89,8850.0,8790.05,8828.11,301.707671
2018-04-22 12:25:00,8828.1,8871.43,8820.0,8864.99,171.67771
2018-04-22 12:30:00,8864.99,8866.0,8830.22,8847.49,150.958952
2018-04-22 12:35:00,8850.0,8882.98,8847.49,8882.98,176.839284
2018-04-22 12:40:00,8881.42,8883.0,8832.01,8850.0,122.088291
2018-04-22 12:45:00,8849.69,8860.0,8841.0,8841.0,71.621124
2018-04-22 12:50:00,8841.0,8870.0,8841.0,8864.8,92.271013
2018-04-22 12:55:00,8864.72,8864.8,8847.56,8853.97,73.732717
2018-04-22 13:00:00,8853.97,8860.8,8830.0,8850.0,104.729844
2018-04-22 13:05:00,8850.0,8879.9,8833.73,8870.0,79.910347
2018-04-22 13:10:00,8871.33,8884.0,8860.0,8877.87,74.579072
2018-04-22 13:15:00,8884.0,8886.0,8873.0,8883.99,78.247848
2018-04-22 13:20:00,8883.99,8913.31,8880.0,8899.71,155.518736
2018-04-22 13:25:00,8899.0,8899.71,8880.0,8884.99,85.768253
2018-04-22 13:30:00,8885.0,8901.0,8880.0,8901.0,87.86266
2018-04-22 13:35:00,8895.32,8903.99,8877.82,8885.08,80.074527
2018-04-22 13:40:00,8886.04,8901.47,8881.1,8895.33,96.983992
2018-04-22 13:45:00,8898.0,8903.97,8886.0,8894.74,85.581171
2018-04-22 13:50:00,8894.74,8899.58,8876.0,8876.0,48.369396
2018-04-22 13:55:00,8876.0,8883.94,8870.01,8877.0,62.845398
2018-04-22 14:00:00,8877.0,8885.0,8874.03,8883.32,48.675658
2018-04-22 14:05:00,8883.0,8935.79,8883.0,8923.01,192.52856
2018-04-22 14:10:00,8924.01,8937.01,8909.77,8926.4,152.262857
2018-04-22 14:15:00,8926.4,8939.39,8920.0,8939.3,158.113919
2018-04-22 14:20:00,8939.29,8939.69,8920.0,8935.02,105.576311
2018-04-22 14:25:00,8939.69,8939.69,8925.0,8933.0,70.949738
2018-04-22 14:30:00,8932.54,8973.09,8931.0,8969.93,170.954815
2018-04-22 14:35:00,8968.79,8971.8,8925.0,8928.66,185.129416
2018-04-22 14:40:00,8932.35,8952.0,8928.05,8942.09,84.031901
2018-04-22 14:45:00,8945.0,8954.0,8942.0,8950.01,125.246755
2018-04-22 14:50:00,8950.01,8969.99,8950.0,8969.99,101.383024
2018-04-22 14:55:00,8969.99,8998.0,8929.0,8961.9,338.91134
2018-04-22 15:00:00,8967.78,8967.78,8931.44,8938.0,147.140421
2018-04-22 15:05:00,8938.35,8960.0,8928.23,8955.71,138.153674
2018-04-22 15:10:00,8954.0,8980.0,8940.0,8976.99,145.816776
2018-04-22 15:15:00,8976.99,8984.98,8959.84,8967.0,100.242169
2018-04-22 15:20:00,8967.0,8968.98,8948.44,8959.84,104.876544
2018-04-22 15:25:00,8959.88,8969.85,8957.02,8968.98,57.616831
2018-04-22 15:30:00,8966.0,8969.0,8934.08,8942.1,125.148162
2018-04-22 15:35:00,8942.41,8965.07,8942.09,8965.07,91.33364
2018-04-22 15:40:00,8960.19,8965.07,8950.0,8952.39,45.936321
2018-04-22 15:45:00,8952.39,8953.61,8931.0,8939.77,123.618286
2018-04-22 15:50:00,8941.0,8955.22,8939.75,8950.01,74.974603
2018-04-22 15:55:00,8950.36,8960.0,8936.0,8940.67,46.796893
2018-04-22 16:00:00,8940.67,8960.86,8940.63,8960.86,74.569083
2018-04-22 16:05:00,8960.43,9020.67,8954.01,8962.19,483.431863
2018-04-22 16:10:00,8975.0,8990.0,8962.19,8978.76,112.031565
2018-04-22 16:15:00,8978.77,8978.77,8965.0,8970.99,73.004327
2018-04-22 16:20:00,8970.98,8975.88,8947.32,8954.98,136.267594
2018-04-22 16:25:00,8954.98,8954.99,8860.0,8910.58,401.408736
2018-04-22 16:30:00,8910.58,8924.82,8850.0,8867.67,315.993636
2018-04-22 16:35:00,8867.67,8900.0,8863.0,8880.56,181.653954
2018-04-22 16:40:00,8880.56,8920.0,8870.02,8895.03,122.000727
2018-04-22 16:45:00,8895.03,8915.0,8880.0,8914.96,79.617229
2018-04-22 16:50:00,8910.01,8914.99,8878.54,8891.98,68.835456
2018-04-22 16:55:00,8891.98,8928.09,8887.08,8919.95,171.375254
2018-04-22 17:00:00,8919.95,8934.0,8919.0,8934.0,98.859782
2018-04-22 17:05:00,8934.0,8934.01,8919.0,8920.0,54.420627
2018-04-22 17:10:00,8919.2,8931.0,8919.0,8921.01,80.66159
2018-04-22 17:15:00,8920.79,8942.66,8920.79,8942.66,67.043571
2018-04-22 17:20:00,8940.0,8950.0,8919.09,8936.1,94.881171
2018-04-22 17:25:00,8934.01,8940.0,8930.1,8938.99,38.940516
2018-04-22 17:30:00,8939.0,8944.98,8931.0,8939.45,45.573172
2018-04-22 17:35:00,8939.44,8946.88,8925.0,8946.88,73.214909
2018-04-22 17:40:00,8946.87,8958.0,8946.87,8955.75,74.599966
2018-04-22 17:45:00,8955.76,8974.63,8943.14,8943.15,138.83233
2018-04-22 17:50:00,8943.14,8945.0,8920.98,8928.01,64.250239
2018-04-22 17:55:00,8927.09,8943.21,8920.0,8940.36,75.553667
2018-04-22 18:00:00,8940.36,8947.78,8928.88,8934.01,85.461861
2018-04-22 18:05:00,8934.01,8936.88,8922.0,8928.42,53.928535
2018-04-22 18:10:00,8928.42,8932.99,8921.02,8930.03,37.981493
2018-04-22 18:15:00,8930.04,8949.0,8930.03,8935.68,72.313084
2018-04-22 18:20:00,8935.01,8947.0,8925.52,8942.03,54.178332
2018-04-22 18:25:00,8942.03,8948.01,8937.0,8937.49,58.554297
2018-04-22 18:30:00,8937.5,8937.5,8921.39,8921.4,82.847446
2018-04-22 18:35:00,8924.99,8945.01,8921.51,8940.42,40.127261
2018-04-22 18:40:00,8940.42,8945.0,8932.96,8943.0,60.1434
2018-04-22 18:45:00,8943.0,8955.02,8942.01,8955.02,84.976095
2018-04-22 18:50:00,8951.56,8957.84,8940.0,8949.92,66.511791
2018-04-22 18:55:00,8946.79,8957.84,8946.79,8948.8,36.386614
2018-04-22 19:00:00,8948.8,8948.81,8939.05,8946.89,39.347759
2018-04-22 19:05:00,8946.88,8946.88,8876.32,8893.58,244.034597
2018-04-22 19:10:00,8893.58,8910.97,8860.0,8900.33,223.373545
2018-04-22 19:15:00,8900.96,8920.83,8900.33,8919.17,81.384206
2018-04-22 19:20:00,8919.17,8934.9,8907.11,8924.0,52.80005
2018-04-22 19:25:00,8924.0,8924.09,8911.01,8917.87,62.388413
2018-04-22 19:30:00,8918.0,8918.01,8900.01,8913.96,66.149646
2018-04-22 19:35:00,8913.96,8917.87,8911.1,8917.01,57.949742
2018-04-22 19:40:00,8917.67,8918.0,8870.0,8872.97,178.223059
2018-04-22 19:45:00,8878.7,8908.97,8873.05,8904.99,83.458752
2018-04-22 19:50:00,8905.58,8905.58,8884.0,8884.0,56.71001
2018-04-22 19:55:00,8885.0,8890.0,8865.0,8881.0,128.781314
2018-04-22 20:00:00,8881.0,8884.99,8865.99,8884.99,71.668274
2018-04-22 20:05:00,8884.99,8885.0,8870.01,8880.99,67.016732
2018-04-22 20:10:00,8881.0,8900.04,8880.0,8897.03,55.972928
2018-04-22 20:15:00,8897.03,8901.44,8884.99,8901.01,61.251067
2018-04-22 20:20:00,8901.5,8915.7,8895.0,8903.0,72.563134
2018-04-22 20:25:00,8903.0,8925.0,8890.43,8925.0,84.842525
2018-04-22 20:30:00,8920.0,8925.0,8900.2,8910.88,80.770403
2018-04-22 20:35:00,8910.88,8911.8,8875.12,8876.52,119.725301
2018-04-22 20:40:00,8876.52,8895.0,8874.0,8894.73,36.635771
2018-04-22 20:45:00,8894.73,8894.74,8882.01,8886.01,30.092872
2018-04-22 20:50:00,8890.96,8891.0,8873.25,8878.37,70.931994
2018-04-22 20:55:00,8878.01,8900.0,8876.01,8898.3,58.904453
2018-04-22 21:00:00,8898.3,8904.63,8890.0,8895.0,50.604372
2018-04-22 21:05:00,8898.98,8899.0,8870.0,8884.0,73.505171
2018-04-22 21:10:00,8884.0,8905.0,8884.0,8903.01,46.487551
2018-04-22 21:15:00,8903.01,8915.0,8891.22,8912.86,59.44968
2018-04-22 21:20:00,8905.0,8912.9,8902.09,8911.99,68.277076
2018-04-22 21:25:00,8910.0,8912.43,8893.0,8895.0,63.186923
2018-04-22 21:30:00,8895.49,8911.98,8894.0,8909.94,61.973099
2018-04-22 21:35:00,8905.0,8910.87,8900.0,8903.0,57.511766
2018-04-22 21:40:00,8900.02,8919.9,8900.0,8914.59,77.192401
2018-04-22 21:45:00,8914.58,8917.0,8907.03,8909.0,42.916879
2018-04-22 21:50:00,8910.81,8920.0,8905.0,8918.99,75.141952
2018-04-22 21:55:00,8916.91,8928.0,8915.01,8920.02,58.829083
2018-04-22 22:00:00,8926.8,8926.88,8910.0,8915.01,65.422588
2018-04-22 22:05:00,8912.0,8923.76,8905.03,8923.76,39.758842
2018-04-22 22:10:00,8917.0,8924.97,8905.07,8909.01,122.94775
2018-04-22 22:15:00,8905.07,8911.03,8890.0,8890.0,74.595861
2018-04-22 22:20:00,8891.0,8891.0,8820.0,8880.85,277.196688
2018-04-22 22:25:00,8880.09,8889.0,8849.63,8849.99,98.538275
2018-04-22 22:30:00,8849.99,8870.73,8838.08,8869.64,82.528069
2018-04-22 22:35:00,8869.64,8885.45,8869.64,8872.01,40.720649
2018-04-22 22:40:00,8872.01,8872.02,8841.0,8855.31,64.892409
2018-04-22 22:45:00,8860.0,8860.32,8838.1,8840.12,63.950561
2018-04-22 22:50:00,8840.12,8859.01,8840.0,8855.0,53.676463
2018-04-22 22:55:00,8855.56,8858.19,8843.78,8848.18,40.955457
2018-04-22 23:00:00,8848.18,8848.18,8807.09,8830.09,224.395955
2018-04-22 23:05:00,8829.84,8829.84,8765.93,8780.65,328.564861
2018-04-22 23:10:00,8780.65,8780.65,8727.68,8749.99,460.999633
2018-04-22 23:15:00,8749.99,8811.4,8738.65,8788.98,260.774006
2018-04-22 23:20:00,8788.98,8817.99,8773.0,8798.73,190.935025
2018-04-22 23:25:00,8798.73,8808.1,8761.39,8770.0,123.397659
2018-04-22 23:30:00,8770.0,8770.42,8747.63,8762.0,205.547933
2018-04-22 23:35:00,8762.0,8809.98,8762.0,8808.17,238.113119
2018-04-22 23:40:00,8808.17,8816.94,8766.01,8791.0,171.291416
2018-04-22 23:45:00,8795.0,8795.06,8766.19,8783.0,155.098984
2018-04-22 23:50:00,8780.62,8800.0,8775.1,8783.97,180.337305
2018-04-22 23:55:00,8783.97,8798.0,8775.0,8787.02,146.35068
2018-04-23 00:00:00,8785.7,8786.99,8752.37,8752.37,157.85021
2018-04-23 00:05:00,8759.96,8786.99,8745.0,8764.89,249.635498
2018-04-23 00:10:00,8774.99,8789.99,8764.88,8768.87,143.709335
2018-04-23 00:15:00,8768.87,8796.65,8768.87,8790.4,92.571769
2018-04-23 00:20:00,8790.4,8828.4,8790.4,8825.0,154.208654
2018-04-23 00:25:00,8821.64,8830.0,8815.21,8817.57,87.927145
2018-04-23 00:30:00,8818.0,8820.0,8794.83,8805.0,92.281249
2018-04-23 00:35:00,8805.0,8831.7,8805.0,8826.0,54.24646
2018-04-23 00:40:00,8826.0,8831.7,8819.99,8829.05,70.92228
2018-04-23 00:45:00,8829.05,8848.69,8825.53,8847.45,83.07752
2018-04-23 00:50:00,8848.7,8848.73,8825.0,8830.01,106.339289
2018-04-23 00:55:00,8830.01,8835.96,8808.3,8816.99,66.429848
2018-04-23 01:00:00,8816.99,8837.91,8812.5,8836.47,53.68643
2018-04-23 01:05:00,8836.47,8839.7,8830.0,8836.0,62.702985
2018-04-23 01:10:00,8833.06,8836.0,8820.17,8827.0,91.320661
2018-04-23 01:15:00,8827.0,8831.84,8818.0,8820.02,59.516522
2018-04-23 01:20:00,8820.02,8830.47,8818.08,8822.05,77.600971
2018-04-23 01:25:00,8822.06,8836.94,8822.06,8836.79,68.109565
2018-04-23 01:30:00,8835.07,8836.96,8828.0,8831.32,59.727227
2018-04-23 01:35:00,8830.01,8832.65,8820.01,8820.21,46.436912
2018-04-23 01:40:00,8820.2,8829.05,8820.02,8820.06,35.009069
2018-04-23 01:45:00,8820.06,8823.74,8787.01,8790.0,151.516974
2018-04-23 01:50:00,8789.99,8812.04,8788.9,8810.0,83.116448
2018-04-23 01:55:00,8813.38,8888.0,8810.12,8853.24,176.845469
2018-04-23 02:00:00,8844.24,8861.97,8834.17,8843.91,112.528446
2018-04-23 02:05:00,8841.14,8844.68,8821.83,8831.06,82.922375
2018-04-23 02:10:00,8831.06,8860.29,8830.05,8846.02,152.592726
2018-04-23 02:15:00,8846.0,8860.0,8838.18,8859.97,45.38814
2018-04-23 02:20:00,8855.02,8868.5,8850.0,8857.7,123.587939
2018-04-23 02:25:00,8857.7,8862.42,8850.0,8858.31,73.069104
2018-04-23 02:30:00,8852.35,8858.28,8850.0,8855.97,70.765696
2018-04-23 02:35:00,8857.88,8866.63,8851.13,8865.0,57.532539
2018-04-23 02:40:00,8865.0,8887.0,8864.99,8878.99,108.290631
2018-04-23 02:45:00,8879.0,8888.0,8860.13,8860.44,54.026742
2018-04-23 02:50:00,8860.44,8868.57,8850.0,8850.35,76.571484
2018-04-23 02:55:00,8850.35,8855.0,8830.67,8849.92,89.778098
2018-04-23 03:00:00,8849.91,8865.69,8847.01,8860.36,58.18775
2018-04-23 03:05:00,8860.02,8878.91,8860.01,8866.98,52.812594
2018-04-23 03:10:00,8865.0,8874.99,8861.1,8866.04,79.847942
2018-04-23 03:15:00,8866.05,8872.89,8858.09,8869.98,56.662862
2018-04-23 03:20:00,8861.28,8870.0,8850.0,8855.0,57.618601
2018-04-23 03:25:00,8855.0,8872.89,8851.0,8872.49,61.986517
2018-04-23 03:30:00,8872.49,8875.0,8858.0,8871.51,50.77173
2018-04-23 03:35:00,8871.5,8880.0,8865.01,8865.06,37.689317
2018-04-23 03:40:00,8865.06,8888.0,8865.06,8876.5,122.22452
2018-04-23 03:45:00,8876.5,8880.0,8866.01,8874.0,38.296028
2018-04-23 03:50:00,8874.0,8874.0,8855.5,8861.53,60.051604
2018-04-23 03:55:00,8861.53,8868.68,8861.01,8861.52,65.069802
2018-04-23 04:00:00,8861.52,8875.67,8861.52,8874.2,51.433818
2018-04-23 04:05:00,8872.97,8878.98,8870.0,8872.0,22.693273
2018-04-23 04:10:00,8871.99,8875.0,8856.5,8862.07,28.187938
2018-04-23 04:15:00,8862.07,8862.93,8851.0,8851.69,45.518213
2018-04-23 04:20:00,8851.69,8860.5,8850.0,8860.5,42.542627
2018-04-23 04:25:00,8860.5,8863.6,8840.0,8854.97,136.476447
2018-04-23 04:30:00,8854.97,8854.97,8821.01,8837.0,83.337383
2018-04-23 04:35:00,8840.0,8850.0,8830.58,8830.58,37.432627
2018-04-23 04:40:00,8837.0,8841.71,8831.0,8838.19,30.752734
2018-04-23 04:45:00,8839.69,8846.0,8837.0,8845.99,31.832913
2018-04-23 04:50:00,8845.99,8850.0,8845.5,8850.0,87.819146
2018-04-23 04:55:00,8850.0,8864.48,8849.99,8857.85,55.678235
2018-04-23 05:00:00,8857.84,8860.46,8850.0,8851.02,41.415082
2018-04-23 05:05:00,8851.01,8855.57,8839.01,8839.7,50.347373
2018-04-23 05:10:00,8845.0,8846.0,8827.66,8836.0,60.229232
2018-04-23 05:15:00,8842.34,8842.36,8830.0,8832.99,27.955968
2018-04-23 05:20:00,8832.99,8840.0,8830.34,8833.03,31.320599
2018-04-23 05:25:00,8835.57,8850.0,8830.38,8841.0,63.961058
2018-04-23 05:30:00,8842.23,8855.0,8842.23,8846.0,53.264058
2018-04-23 05:35:00,8846.0,8850.43,8841.08,8841.08,42.892222
2018-04-23 05:40:00,8841.08,8844.99,8831.99,8838.0,41.153629
2018-04-23 05:45:00,8837.99,8865.0,8836.99,8862.63,81.308865
2018-04-23 05:50:00,8862.63,8880.0,8862.62,8870.0,102.310047
2018-04-23 05:55:00,8870.0,8883.0,8870.0,8879.0,110.896954
2018-04-23 06:00:00,8878.04,8879.0,8860.0,8869.98,101.811742
2018-04-23 06:05:00,8867.01,8870.91,8861.0,8862.99,64.03103
2018-04-23 06:10:00,8863.0,8869.0,8853.0,8855.02,64.954518
2018-04-23 06:15:00,8856.01,8864.0,8855.01,8862.97,98.250426
2018-04-23 06:20:00,8860.0,8870.7,8857.0,8862.48,100.811032
2018-04-23 06:25:00,8862.48,8870.0,8857.96,8870.0,72.650798
2018-04-23 06:30:00,8866.0,8872.88,8850.0,8859.87,103.925936
2018-04-23 06:35:00,8859.87,8870.0,8855.81,8865.99,78.176136
2018-04-23 06:40:00,8865.99,8907.45,8865.99,8907.45,219.685251
2018-04-23 06:45:00,8907.45,8920.0,8874.67,8920.0,266.444627
2018-04-23 06:50:00,8920.0,8929.0,8900.0,8905.0,143.241766
2018-04-23 06:55:00,8908.73,8911.06,8885.0,8899.0,87.930384
2018-04-23 07:00:00,8899.0,8928.73,8895.45,8928.0,107.97668
2018-04-23 07:05:00,8928.0,8928.83,8911.0,8919.0,80.672569
2018-04-23 07:10:00,8919.0,8952.88,8911.02,8941.47,342.736633
2018-04-23 07:15:00,8941.47,8951.97,8930.38,8939.03,149.276328
2018-04-23 07:20:00,8941.17,8961.0,8927.58,8960.0,149.450333
2018-04-23 07:25:00,8960.0,8970.01,8935.0,8950.95,320.817182
2018-04-23 07:30:00,8947.42,8955.0,8940.14,8942.0,154.550971
2018-04-23 07:35:00,8942.0,8953.5,8932.0,8940.09,182.540516
2018-04-23 07:40:00,8935.07,8944.77,8932.0,8939.87,58.13829
2018-04-23 07:45:00,8939.83,8950.0,8932.0,8935.0,73.741431
2018-04-23 07:50:00,8932.01,8940.0,8918.31,8936.99,114.646341
2018-04-23 07:55:00,8936.2,8947.0,8930.02,8942.39,95.183017
2018-04-23 08:00:00,8942.0,8948.73,8932.0,8937.12,115.117485
2018-04-23 08:05:00,8937.12,8951.99,8937.1,8945.0,131.641518
2018-04-23 08:10:00,8945.0,8953.89,8940.0,8952.46,89.505839
2018-04-23 08:15:00,8949.04,8952.46,8942.91,8946.0,127.836182
2018-04-23 08:20:00,8945.73,8954.0,8936.01,8954.0,65.676883
2018-04-23 08:25:00,8953.99,8957.04,8940.01,8940.01,71.005398
2018-04-23 08:30:00,8940.02,8949.0,8930.02,8930.09,84.774704
2018-04-23 08:35:00,8930.02,8930.5,8892.98,8905.0,187.691903
2018-04-23 08:40:00,8905.0,8920.04,8901.03,8917.06,93.907055
2018-04-23 08:45:00,8917.06,8933.4,8917.05,8917.07,105.81305
2018-04-23 08:50:00,8918.04,8920.0,8894.52,8898.04,180.348691
2018-04-23 08:55:00,8898.04,8910.34,8894.5,8900.31,91.248058
2018-04-23 09:00:00,8903.0,8910.0,8900.3,8905.51,91.165603
2018-04-23 09:05:00,8905.51,8908.0,8888.64,8889.04,111.441775
2018-04-23 09:10:00,8889.04,8900.66,8886.95,8890.07,119.411293
2018-04-23 09:15:00,8900.55,8901.0,8876.82,8877.0,105.351007
2018-04-23 09:20:00,8877.0,8883.05,8831.0,8836.16,424.940782
2018-04-23 09:25:00,8844.0,8879.0,8836.12,8864.2,210.026877
2018-04-23 09:30:00,8865.04,8884.23,8864.0,8884.23,76.858546
2018-04-23 09:35:00,8884.22,8884.66,8872.13,8878.0,103.170563
2018-04-23 09:40:00,8880.0,8898.77,8873.99,8893.01,114.602504
2018-04-23 09:45:00,8893.01,8901.0,8890.04,8900.0,124.69175
2018-04-23 09:50:00,8900.0,8909.0,8900.0,8908.93,69.373987
2018-04-23 09:55:00,8907.99,8914.57,8900.1,8905.0,108.122973
2018-04-23 10:00:00,8905.0,8905.3,8888.0,8893.0,132.164036
2018-04-23 10:05:00,8893.09,8904.4,8888.88,8902.32,87.614207
2018-04-23 10:10:00,8902.32,8905.0,8890.0,8895.0,55.837357
2018-04-23 10:15:00,8892.83,8896.94,8874.71,8880.01,112.341824
2018-04-23 10:20:00,8880.0,8888.9,8874.74,8888.9,60.191141
2018-04-23 10:25:00,8888.9,8920.0,8884.0,8911.79,188.386146
2018-04-23 10:30:00,8912.34,8922.0,8911.79,8915.0,97.141569
2018-04-23 10:35:00,8915.0,8920.0,8913.0,8913.01,82.669598
2018-04-23 10:40:00,8913.01,8920.0,8899.42,8909.61,57.231898
2018-04-23 10:45:00,8905.35,8912.01,8900.0,8911.79,51.656246
2018-04-23 10:50:00,8905.0,8914.87,8895.06,8904.98,57.971537
2018-04-23 10:55:00,8904.98,8907.0,8885.6,8889.0,62.072112
2018-04-23 11:00:00,8889.0,8894.57,8877.75,8877.81,87.277546
2018-04-23 11:05:00,8877.82,8897.0,8877.82,8896.59,67.617461
2018-04-23 11:10:00,8896.0,8899.99,8888.0,8894.0,51.064221
2018-04-23 11:15:00,8889.05,8897.59,8882.99,8890.0,46.443016
2018-04-23 11:20:00,8892.0,8897.59,8888.01,8895.98,78.522328
2018-04-23 11:25:00,8895.97,8896.0,8883.0,8888.0,45.45565
2018-04-23 11:30:00,8887.98,8920.0,8883.02,8916.65,150.738567
2018-04-23 11:35:00,8919.0,8923.0,8905.04,8917.53,95.52268
2018-04-23 11:40:00,8917.53,8919.94,8897.02,8900.0,95.88089
2018-04-23 11:45:00,8903.0,8915.0,8892.73,8910.0,57.219522
2018-04-23 11:50:00,8907.0,8915.0,8902.52,8903.0,44.83586
2018-04-23 11:55:00,8902.58,8914.58,8901.59,8910.02,56.079383
2018-04-23 12:00:00,8910.02,8928.0,8910.01,8919.0,109.669574
2018-04-23 12:05:00,8918.93,8920.98,8911.95,8918.0,48.587972
2018-04-23 12:10:00,8917.99,8928.0,8911.28,8921.63,91.523922
2018-04-23 12:15:00,8921.63,8934.8,8921.63,8934.8,138.483793
2018-04-23 12:20:00,8932.99,8940.0,8926.0,8937.83,142.291809
2018-04-23 12:25:00,8939.64,8985.0,8938.02,8960.01,406.479249
2018-04-23 12:30:00,8969.99,8970.9,8917.7,8950.0,225.61042
2018-04-23 12:35:00,8942.0,8950.0,8920.34,8920.34,92.959573
2018-04-23 12:40:00,8920.34,8935.01,8911.06,8913.07,103.415426
2018-04-23 12:45:00,8913.07,8932.19,8897.75,8930.0,179.063032
2018-04-23 12:50:00,8923.09,8932.69,8918.0,8925.01,88.504242
2018-04-23 12:55:00,8925.01,8940.74,8925.0,8940.74,49.43434
2018-04-23 13:00:00,8940.0,8944.9,8935.24,8937.0,60.280491
2018-04-23 13:05:00,8937.0,8944.9,8930.0,8936.04,77.78278
2018-04-23 13:10:00,8930.25,8940.0,8920.0,8930.0,48.345332
2018-04-23 13:15:00,8936.91,8936.91,8900.0,8900.88,126.744727
2018-04-23 13:20:00,8919.91,8936.0,8907.79,8930.47,55.700684
2018-04-23 13:25:00,8930.46,8934.93,8925.36,8929.19,58.558798
2018-04-23 13:30:00,8929.18,8932.0,8924.54,8926.99,43.350709
2018-04-23 13:35:00,8930.01,8930.99,8910.0,8919.03,107.460728
2018-04-23 13:40:00,8920.0,8939.0,8919.0,8938.99,61.988721
2018-04-23 13:45:00,8938.99,8941.0,8937.98,8939.48,63.974557
2018-04-23 13:50:00,8939.48,8944.9,8925.0,8939.99,71.210394
2018-04-23 13:55:00,8938.99,8945.0,8922.27,8929.0,114.411977
2018-04-23 14:00:00,8934.39,8935.07,8920.0,8920.5,91.204614
2018-04-23 14:05:00,8920.49,8940.0,8920.16,8931.05,49.587108
2018-04-23 14:10:00,8931.05,8939.99,8895.0,8896.85,123.322231
2018-04-23 14:15:00,8896.85,8927.27,8895.0,8905.22,120.010248
2018-04-23 14:20:00,8909.96,8910.0,8898.0,8905.0,144.110992
2018-04-23 14:25:00,8910.0,8913.83,8895.0,8900.0,113.400796
2018-04-23 14:30:00,8900.0,8905.0,8890.0,8900.01,128.033175
2018-04-23 14:35:00,8903.96,8905.0,8858.08,8870.0,290.660023
2018-04-23 14:40:00,8876.02,8891.0,8870.0,8888.98,103.906074
2018-04-23 14:45:00,8891.0,8906.64,8888.0,8905.0,114.284001
2018-04-23 14:50:00,8905.0,8920.28,8905.0,8910.11,102.283839
2018-04-23 14:55:00,8910.11,8932.69,8910.1,8919.0,95.574898
2018-04-23 15:00:00,8919.0,8935.0,8914.01,8930.0,131.818565
2018-04-23 15:05:00,8930.0,8932.96,8920.3,8920.99,62.894467
2018-04-23 15:10:00,8921.0,8925.1,8917.04,8917.87,97.962553
2018-04-23 15:15:00,8918.01,8919.98,8909.09,8910.01,80.195854
2018-04-23 15:20:00,8910.98,8915.0,8902.13,8907.95,41.951357
2018-04-23 15:25:00,8907.95,8907.99,8901.0,8903.92,43.432489
2018-04-23 15:30:00,8903.92,8914.95,8891.0,8893.05,83.095953
2018-04-23 15:35:00,8898.0,8899.98,8888.0,8889.0,114.416486
2018-04-23 15:40:00,8889.0,8914.95,8888.06,8907.0,83.983917
2018-04-23 15:45:00,8906.08,8916.0,8906.06,8909.0,67.975935
2018-04-23 15:50:00,8909.99,8914.0,8895.45,8909.99,74.039826
2018-04-23 15:55:00,8909.99,8911.77,8888.0,8898.0,61.326746
2018-04-23 16:00:00,8898.0,8918.5,8892.02,8918.46,69.840088
2018-04-23 16:05:00,8916.0,8925.1,8915.0,8919.68,104.866403
2018-04-23 16:10:00,8919.68,8929.35,8905.0,8925.0,111.576546
2018-04-23 16:15:00,8925.99,8935.8,8921.26,8935.0,68.59748
2018-04-23 16:20:00,8930.0,8936.0,8920.0,8920.11,74.82233
2018-04-23 16:25:00,8924.54,8932.67,8920.0,8930.0,57.705824
2018-04-23 16:30:00,8928.1,8938.0,8928.1,8937.53,88.268047
2018-04-23 16:35:00,8934.98,8938.21,8930.01,8936.96,76.922825
2018-04-23 16:40:00,8934.0,8935.5,8928.1,8928.1,85.018356
2018-04-23 16:45:00,8928.1,8930.92,8909.0,8914.63,106.922934
2018-04-23 16:50:00,8916.0,8916.0,8907.5,8909.89,78.017437
2018-04-23 16:55:00,8909.99,8920.0,8907.5,8911.54,75.030524
2018-04-23 17:00:00,8912.77,8917.58,8911.54,8913.0,78.346893
2018-04-23 17:05:00,8913.57,8915.96,8886.42,8890.0,108.808663
2018-04-23 17:10:00,8893.91,8898.76,8874.0,8890.43,119.429909
2018-04-23 17:15:00,8894.99,8897.64,8868.0,8890.99,101.811521
2018-04-23 17:20:00,8891.0,8899.98,8877.26,8882.0,60.676589
2018-04-23 17:25:00,8879.96,8882.0,8861.42,8878.55,118.791698
2018-04-23 17:30:00,8878.55,8888.3,8872.0,8880.08,93.475317
2018-04-23 17:35:00,8880.08,8887.9,8863.48,8874.12,82.30351
2018-04-23 17:40:00,8874.12,8884.8,8870.01,8879.63,56.95171
2018-04-23 17:45:00,8872.0,8880.0,8870.64,8873.0,52.223372
2018-04-23 17:50:00,8873.0,8882.39,8870.0,8873.0,73.071142
2018-04-23 17:55:00,8880.0,8887.67,8873.35,8886.0,40.663708
2018-04-23 18:00:00,8887.67,8900.0,8878.0,8886.98,78.832521
2018-04-23 18:05:00,8886.97,8887.0,8877.01,8879.96,44.605799
2018-04-23 18:10:00,8880.99,8885.0,8878.16,8879.25,50.435883
2018-04-23 18:15:00,8879.5,8888.0,8878.2,8887.97,49.068978
2018-04-23 18:20:00,8887.97,8897.0,8887.94,8890.01,52.748647
2018-04-23 18:25:00,8890.01,8900.0,8889.99,8898.2,61.983272
2018-04-23 18:30:00,8896.0,8915.0,8896.0,8898.0,92.734138
2018-04-23 18:35:00,8896.0,8902.01,8890.0,8897.0,33.778745
2018-04-23 18:40:00,8897.0,8899.99,8892.47,8899.99,42.647667
2018-04-23 18:45:00,8899.99,8908.37,8897.0,8901.5,53.930393
2018-04-23 18:50:00,8903.98,8903.99,8892.4,8895.0,104.595453
2018-04-23 18:55:00,8895.0,8898.97,8892.4,8893.99,46.557759
2018-04-23 19:00:00,8894.0,8896.99,8888.88,8895.03,53.783256
2018-04-23 19:05:00,8895.03,8895.03,8887.99,8891.8,42.280644
2018-04-23 19:10:00,8891.8,8892.0,8884.0,8887.98,100.491054
2018-04-23 19:15:00,8887.98,8900.0,8884.02,8886.0,124.470327
2018-04-23 19:20:00,8888.9,8890.0,8880.02,8882.0,45.280421
2018-04-23 19:25:00,8882.0,8885.0,8870.0,8878.0,82.425654
2018-04-23 19:30:00,8878.0,8888.0,8873.0,8879.01,60.124997
2018-04-23 19:35:00,8879.01,8880.0,8866.89,8867.6,83.607994
2018-04-23 19:40:00,8872.89,8880.0,8867.6,8870.11,53.419278
2018-04-23 19:45:00,8870.11,8872.0,8841.67,8851.95,217.654261
2018-04-23 19:50:00,8847.05,8859.99,8813.16,8820.0,175.374394
2018-04-23 19:55:00,8813.71,8861.5,8800.6,8847.37,274.395704
2018-04-23 20:00:00,8847.37,8847.39,8825.01,8839.99,134.66846
2018-04-23 20:05:00,8839.99,8852.0,8835.98,8841.2,62.763909
2018-04-23 20:10:00,8841.19,8858.99,8838.37,8858.0,48.912498
2018-04-23 20:15:00,8858.0,8870.0,8851.0,8869.27,82.113236
2018-04-23 20:20:00,8869.27,8880.0,8858.0,8868.13,67.240229
2018-04-23 20:25:00,8868.11,8876.01,8858.0,8868.0,42.675075
2018-04-23 20:30:00,8868.0,8875.0,8867.01,8870.0,26.566398
2018-04-23 20:35:00,8870.01,8915.0,8869.98,8915.0,128.165581
2018-04-23 20:40:00,8915.0,8917.33,8889.97,8899.99,77.115323
2018-04-23 20:45:00,8899.99,8920.0,8892.28,8909.02,72.673205
2018-04-23 20:50:00,8912.0,8920.0,8904.01,8919.0,57.577129
2018-04-23 20:55:00,8919.01,8928.0,8911.61,8924.11,116.662775
2018-04-23 21:00:00,8924.11,8924.11,8912.61,8917.31,75.258333
2018-04-23 21:05:00,8915.42,8918.0,8912.0,8914.42,49.309541
2018-04-23 21:10:00,8916.82,8925.04,8914.42,8920.0,41.630996
2018-04-23 21:15:00,8920.0,8924.87,8912.0,8922.0,51.273045
2018-04-23 21:20:00,8922.0,8922.0,8912.0,8915.07,26.863114
2018-04-23 21:25:00,8915.1,8924.68,8915.07,8924.31,57.808107
2018-04-23 21:30:00,8924.31,8924.88,8904.57,8913.98,57.039632
2018-04-23 21:35:00,8913.98,8913.98,8904.57,8906.59,49.223551
2018-04-23 21:40:00,8911.98,8919.0,8903.93,8915.01,48.612615
2018-04-23 21:45:00,8915.02,8924.93,8909.0,8919.0,78.863749
2018-04-23 21:50:00,8909.06,8926.76,8909.06,8919.02,77.301639
2018-04-23 21:55:00,8925.94,8926.0,8912.61,8922.0,89.262397
2018-04-23 22:00:00,8925.8,8945.97,8925.78,8944.99,279.07229
2018-04-23 22:05:00,8945.0,8947.64,8924.15,8939.0,90.612539
2018-04-23 22:10:00,8933.0,8940.0,8924.92,8928.98,76.85318
2018-04-23 22:15:00,8926.95,8933.4,8924.2,8926.0,47.98085
2018-04-23 22:20:00,8926.06,8933.55,8916.48,8925.0,32.402031
2018-04-23 22:25:00,8925.0,8933.53,8923.37,8930.0,42.192757
2018-04-23 22:30:00,8930.53,8933.92,8925.0,8928.0,28.438975
2018-04-23 22:35:00,8926.01,8938.22,8925.8,8933.0,88.831697
2018-04-23 22:40:00,8934.49,8936.99,8929.0,8932.0,28.89345
2018-04-23 22:45:00,8932.0,8932.0,8925.79,8929.09,39.897684
2018-04-23 22:50:00,8930.0,8930.0,8909.59,8917.99,62.265124
2018-04-23 22:55:00,8915.16,8924.12,8910.05,8920.02,48.810481
2018-04-23 23:00:00,8924.12,8924.12,8906.87,8919.99,88.537744
2018-04-23 23:05:00,8919.99,8929.35,8912.0,8923.99,39.572672
2018-04-23 23:10:00,8923.1,8928.01,8916.01,8922.0,41.544726
2018-04-23 23:15:00,8922.0,8929.31,8916.01,8929.3,43.735764
2018-04-23 23:20:00,8929.3,8931.96,8923.0,8923.0,23.434114
2018-04-23 23:25:00,8924.48,8925.98,8890.21,8899.0,101.079216
2018-04-23 23:30:00,8897.84,8914.95,8888.0,8914.0,50.811973
2018-04-23 23:35:00,8913.98,8922.0,8907.0,8920.0,46.135063
2018-04-23 23:40:00,8920.0,8929.01,8917.3,8928.69,69.898715
2018-04-23 23:45:00,8928.69,8929.58,8924.0,8924.11,47.325381
2018-04-23 23:50:00,8925.0,8927.9,8924.1,8926.99,49.122287
2018-04-23 23:55:00,8926.99,8949.98,8926.09,8934.01,125.284721
2018-04-24 00:00:00,8934.0,8949.91,8924.0,8929.99,100.70784
2018-04-24 00:05:00,8930.0,8938.55,8922.0,8938.53,65.100778
2018-04-24 00:10:00,8938.5,8945.0,8928.47,8936.03,97.524476
2018-04-24 00:15:00,8936.04,8957.66,8936.03,8953.0,180.340669
2018-04-24 00:20:00,8953.0,8962.82,8950.21,8960.7,136.608533
2018-04-24 00:25:00,8958.21,8975.0,8951.0,8974.95,153.543818
2018-04-24 00:30:00,8973.02,9140.0,8972.99,9132.99,1068.658621
2018-04-24 00:35:00,9132.01,9189.0,9130.0,9167.45,785.079841
2018-04-24 00:40:00,9167.45,9175.0,9131.1,9174.0,336.427615
2018-04-24 00:45:00,9174.0,9219.0,9159.08,9169.75,594.851392
2018-04-24 00:50:00,9169.0,9184.99,9147.0,9165.01,300.743745
2018-04-24 00:55:00,9165.01,9173.88,9160.2,9169.97,145.355123
2018-04-24 01:00:00,9169.97,9170.0,9139.0,9145.0,241.485068
2018-04-24 01:05:00,9145.0,9154.0,9135.0,9140.04,177.033455
2018-04-24 01:10:00,9140.04,9168.87,9109.81,9160.0,272.975963
2018-04-24 01:15:00,9159.99,9167.77,9144.0,9162.0,107.090063
2018-04-24 01:20:00,9149.0,9165.96,9139.0,9159.6,105.377944
2018-04-24 01:25:00,9155.01,9167.98,9152.0,9167.98,79.34158
2018-04-24 01:30:00,9167.98,9194.0,9124.02,9169.96,269.801913
2018-04-24 01:35:00,9166.0,9180.0,9162.83,9167.0,109.970836
2018-04-24 01:40:00,9167.0,9171.15,9160.51,9166.73,98.352633
2018-04-24 01:45:00,9169.0,9172.92,9156.54,9163.0,69.413828
2018-04-24 01:50:00,9163.0,9188.09,9160.48,9188.0,100.309473
2018-04-24 01:55:00,9186.02,9189.9,9172.01,9186.0,73.269027
2018-04-24 02:00:00,9186.01,9208.85,9178.0,9180.01,217.730094
2018-04-24 02:05:00,9180.0,9205.18,9180.0,9197.0,146.024336
2018-04-24 02:10:00,9197.0,9230.15,9191.33,9224.77,192.165767
2018-04-24 02:15:00,9224.77,9229.0,9180.0,9185.0,170.491537
2018-04-24 02:20:00,9185.0,9198.0,9183.35,9189.0,136.561863
2018-04-24 02:25:00,9189.0,9195.0,9177.0,9177.01,147.803422
2018-04-24 02:30:00,9183.0,9195.5,9150.0,9172.92,214.640305
2018-04-24 02:35:00,9172.92,9174.95,9160.02,9168.0,141.43619
2018-04-24 02:40:00,9169.88,9182.79,9162.94,9177.0,107.467769
2018-04-24 02:45:00,9176.46,9179.0,9156.01,9177.0,132.85255
2018-04-24 02:50:00,9177.0,9200.01,9174.91,9192.21,180.756992
2018-04-24 02:55:00,9192.21,9192.21,9179.0,9189.86,70.451856
2018-04-24 03:00:00,9185.01,9194.0,9180.01,9186.94,121.79726
2018-04-24 03:05:00,9186.94,9186.94,9166.0,9171.0,93.395059
2018-04-24 03:10:00,9171.0,9185.0,9171.0,9183.97,47.917218
2018-04-24 03:15:00,9184.12,9192.71,9177.0,9183.7,142.403301
2018-04-24 03:20:00,9181.03,9195.01,9181.03,9194.52,83.842503
2018-04-24 03:25:00,9194.0,9200.0,9190.0,9194.98,86.969105
2018-04-24 03:30:00,9194.98,9205.17,9188.34,9198.65,199.309383
2018-04-24 03:35:00,9196.83,9202.0,9186.91,9199.0,165.106008
2018-04-24 03:40:00,9200.0,9211.47,9199.0,9201.0,148.811057
2018-04-24 03:45:00,9201.0,9206.46,9192.04,9199.0,107.506947
2018-04-24 03:50:00,9198.0,9209.77,9192.03,9194.25,110.379242
2018-04-24 03:55:00,9194.26,9206.9,9191.87,9192.47,85.342727
2018-04-24 04:00:00,9192.48,9215.52,9192.47,9215.09,147.501421
2018-04-24 04:05:00,9215.1,9225.29,9210.65,9225.29,107.104683
2018-04-24 04:10:00,9225.29,9229.04,9221.99,9225.2,153.695543
2018-04-24 04:15:00,9225.2,9225.45,9190.0,9204.96,225.454754
2018-04-24 04:20:00,9201.89,9220.0,9200.0,9219.0,102.386649
2018-04-24 04:25:00,9219.0,9220.0,9210.01,9220.0,91.563749
2018-04-24 04:30:00,9219.99,9226.97,9216.2,9220.11,133.106098
2018-04-24 04:35:00,9222.0,9234.08,9215.0,9229.44,110.900264
2018-04-24 04:40:00,9225.0,9258.0,9223.0,9235.29,256.179428
2018-04-24 04:45:00,9235.3,9245.97,9233.02,9237.36,138.712421
2018-04-24 04:50:00,9239.0,9254.0,9235.0,9253.0,129.852004
2018-04-24 04:55:00,9250.01,9279.98,9244.6,9266.3,189.672058
2018-04-24 05:00:00,9266.3,9279.4,9254.05,9260.02,129.727919
2018-04-24 05:05:00,9260.02,9260.5,9225.34,9225.99,157.70982
2018-04-24 05:10:00,9228.99,9251.09,9225.0,9250.0,80.927011
2018-04-24 05:15:00,9249.96,9256.01,9230.15,9241.39,141.137667
2018-04-24 05:20:00,9241.39,9248.0,9235.03,9239.0,88.985624
2018-04-24 05:25:00,9243.0,9245.0,9214.0,9224.82,138.536901
2018-04-24 05:30:00,9222.0,9242.9,9220.0,9240.85,105.946826
2018-04-24 05:35:00,9240.76,9284.0,9230.18,9250.2,251.938245
2018-04-24 05:40:00,9260.07,9271.07,9250.1,9262.98,103.61127
2018-04-24 05:45:00,9263.01,9300.0,9263.0,9292.01,156.286502
2018-04-24 05:50:00,9292.0,9300.0,9270.0,9283.61,202.50532
2018-04-24 05:55:00,9283.61,9290.0,9269.0,9271.11,118.141504
2018-04-24 06:00:00,9271.14,9278.81,9251.65,9260.0,100.932708
2018-04-24 06:05:00,9256.01,9274.99,9255.0,9269.0,91.096291
2018-04-24 06:10:00,9268.86,9278.28,9268.71,9271.0,77.204549
2018-04-24 06:15:00,9276.0,9276.9,9251.02,9254.91,92.617884
2018-04-24 06:20:00,9254.91,9264.0,9241.0,9249.99,120.683766
2018-04-24 06:25:00,9249.99,9263.0,9235.01,9236.0,91.46313
2018-04-24 06:30:00,9242.53,9250.0,9236.02,9239.0,92.130668
2018-04-24 06:35:00,9239.0,9239.98,9225.0,9238.0,107.582717
2018-04-24 06:40:00,9238.0,9250.0,9237.0,9245.02,95.6081
2018-04-24 06:45:00,9245.04,9257.99,9237.05,9251.01,106.283686
2018-04-24 06:50:00,9253.5,9255.0,9241.0,9247.0,83.577994
2018-04-24 06:55:00,9247.0,9254.99,9221.01,9227.37,121.742736
2018-04-24 07:00:00,9235.0,9243.27,9203.0,9224.84,181.43687
2018-04-24 07:05:00,9225.0,9225.0,9186.76,9186.79,337.614832
2018-04-24 07:10:00,9186.79,9217.12,9177.0,9196.01,262.970452
2018-04-24 07:15:00,9196.01,9220.99,9196.0,9217.0,66.463667
2018-04-24 07:20:00,9220.99,9224.0,9205.58,9220.0,89.54698
2018-04-24 07:25:00,9220.99,9243.0,9220.99,9225.0,126.389015
2018-04-24 07:30:00,9225.0,9227.25,9208.0,9227.25,74.910083
2018-04-24 07:35:00,9223.71,9233.97,9223.7,9226.47,62.185142
2018-04-24 07:40:00,9226.0,9235.64,9226.0,9235.17,49.96494
2018-04-24 07:45:00,9235.64,9238.68,9215.0,9220.0,83.42357
2018-04-24 07:50:00,9220.0,9220.0,9208.0,9217.0,71.308795
2018-04-24 07:55:00,9217.0,9218.0,9211.0,9216.0,93.644988
2018-04-24 08:00:00,9217.98,9240.0,9216.0,9233.03,127.558342
2018-04-24 08:05:00,9235.0,9239.99,9230.99,9233.0,50.973574
2018-04-24 08:10:00,9233.04,9249.0,9231.01,9238.01,74.023669
2018-04-24 08:15:00,9239.0,9249.25,9239.0,9249.24,50.77114
2018-04-24 08:20:00,9249.2,9263.27,9249.2,9263.25,95.08382
2018-04-24 08:25:00,9257.98,9263.27,9244.0,9254.0,55.865084
2018-04-24 08:30:00,9254.0,9269.02,9252.0,9269.01,63.079991
2018-04-24 08:35:00,9269.03,9270.0,9256.0,9260.0,98.389587
2018-04-24 08:40:00,9258.03,9261.0,9258.0,9258.01,67.738812
2018-04-24 08:45:00,9258.88,9258.88,9251.01,9251.95,50.635141
2018-04-24 08:50:00,9254.98,9265.99,9251.95,9265.0,44.568884
2018-04-24 08:55:00,9261.11,9266.86,9244.0,9249.99,77.84332
2018-04-24 09:00:00,9246.6,9266.86,9246.6,9266.85,72.441539
2018-04-24 09:05:00,9266.82,9279.0,9253.33,9270.41,111.227318
2018-04-24 09:10:00,9279.0,9285.0,9255.01,9265.0,112.380738
2018-04-24 09:15:00,9265.0,9270.97,9218.06,9224.15,188.28112
2018-04-24 09:20:00,9224.15,9245.65,9217.03,9236.26,90.044087
2018-04-24 09:25:00,9238.14,9253.98,9234.0,9245.79,49.265495
2018-04-24 09:30:00,9250.0,9254.05,9243.01,9252.0,58.609387
2018-04-24 09:35:00,9252.0,9258.0,9245.97,9253.01,84.923288
2018-04-24 09:40:00,9253.02,9270.0,9252.88,9267.5,70.045932
2018-04-24 09:45:00,9270.0,9277.0,9265.01,9274.97,100.161034
2018-04-24 09:50:00,9274.97,9285.78,9268.37,9272.98,144.871604
2018-04-24 09:55:00,9269.98,9285.0,9268.37,9285.0,122.500224
2018-04-24 10:00:00,9285.0,9290.99,9279.0,9285.9,107.485497
2018-04-24 10:05:00,9285.9,9289.85,9275.0,9280.4,229.559798
2018-04-24 10:10:00,9280.41,9307.5,9278.0,9307.0,267.029965
2018-04-24 10:15:00,9307.0,9317.0,9286.95,9301.49,282.4404
2018-04-24 10:20:00,9301.49,9312.26,9281.0,9294.01,214.94673
2018-04-24 10:25:00,9294.01,9307.74,9292.0,9301.65,165.096874
2018-04-24 10:30:00,9301.65,9349.0,9301.65,9330.0,292.135951
2018-04-24 10:35:00,9330.0,9338.0,9285.0,9290.01,205.939042
2018-04-24 10:40:00,9295.78,9307.9,9290.01,9295.0,155.346127
2018-04-24 10:45:00,9296.0,9308.9,9280.0,9290.0,206.487287
2018-04-24 10:50:00,9289.86,9297.21,9288.13,9291.86,134.719758
2018-04-24 10:55:00,9293.0,9299.99,9291.87,9292.15,76.472208
2018-04-24 11:00:00,9292.15,9312.91,9292.01,9304.0,104.773126
2018-04-24 11:05:00,9302.58,9324.99,9299.01,9319.16,80.224993
2018-04-24 11:10:00,9323.99,9332.62,9316.36,9332.62,82.212181
2018-04-24 11:15:00,9332.62,9332.79,9309.14,9315.0,91.66369
2018-04-24 11:20:00,9313.02,9329.1,9313.02,9323.0,72.009569
2018-04-24 11:25:00,9323.42,9324.74,9311.0,9314.74,90.56884
2018-04-24 11:30:00,9314.66,9316.01,9301.0,9305.0,91.364155
2018-04-24 11:35:00,9305.6,9317.0,9302.86,9314.0,73.112177
2018-04-24 11:40:00,9314.0,9315.6,9284.98,9300.0,113.69994
2018-04-24 11:45:00,9291.25,9300.0,9291.25,9296.27,94.410032
2018-04-24 11:50:00,9296.26,9299.0,9278.0,9281.0,132.447449
2018-04-24 11:55:00,9281.0,9294.6,9273.22,9294.57,127.479185
2018-04-24 12:00:00,9294.59,9304.75,9290.0,9304.75,100.615022
2018-04-24 12:05:00,9304.75,9316.69,9300.0,9313.95,86.896342
2018-04-24 12:10:00,9313.95,9318.0,9312.0,9315.0,139.724648
2018-04-24 12:15:00,9317.0,9320.05,9313.87,9319.45,85.130084
2018-04-24 12:20:00,9319.0,9329.8,9318.0,9322.99,153.036045
2018-04-24 12:25:00,9322.99,9324.99,9311.0,9324.87,121.690723
2018-04-24 12:30:00,9324.63,9329.0,9319.85,9328.87,66.596551
2018-04-24 12:35:00,9328.87,9345.0,9322.18,9330.03,145.868975
2018-04-24 12:40:00,9333.99,9338.9,9322.18,9335.0,104.056316
2018-04-24 12:45:00,9334.51,9345.73,9320.01,9332.02,109.706493
2018-04-24 12:50:00,9332.21,9346.93,9324.86,9345.99,107.131071
2018-04-24 12:55:00,9346.0,9383.66,9345.0,9380.0,183.297204
2018-04-24 13:00:00,9376.01,9380.0,9327.18,9346.0,210.265271
2018-04-24 13:05:00,9346.0,9347.92,9338.01,9338.01,92.078503
2018-04-24 13:10:00,9338.01,9369.83,9335.0,9369.01,116.672015
2018-04-24 13:15:00,9369.82,9370.2,9356.01,9362.52,187.324134
2018-04-24 13:20:00,9362.52,9366.0,9350.01,9365.0,108.200439
2018-04-24 13:25:00,9360.01,9385.0,9357.0,9380.01,303.064599
2018-04-24 13:30:00,9380.0,9395.52,9366.1,9391.17,162.793107
2018-04-24 13:35:00,9391.17,9420.0,9377.22,9387.0,293.953679
2018-04-24 13:40:00,9391.0,9392.99,9350.61,9374.0,223.955677
2018-04-24 13:45:00,9371.2,9374.0,9327.29,9340.61,297.491853
2018-04-24 13:50:00,9339.99,9340.38,9221.0,9249.99,848.991052
2018-04-24 13:55:00,9249.97,9310.0,9230.2,9259.99,560.301183
2018-04-24 14:00:00,9259.99,9269.93,9155.0,9239.91,1061.135036
2018-04-24 14:05:00,9239.9,9291.0,9220.11,9290.01,413.878159
2018-04-24 14:10:00,9290.01,9291.0,9257.41,9270.0,269.939457
2018-04-24 14:15:00,9270.0,9284.0,9252.0,9253.5,165.193943
2018-04-24 14:20:00,9256.75,9269.79,9232.17,9262.0,326.859147
2018-04-24 14:25:00,9260.47,9280.65,9250.0,9279.0,173.814346
2018-04-24 14:30:00,9280.0,9295.99,9270.15,9295.21,170.295962
2018-04-24 14:35:00,9295.21,9299.9,9280.0,9299.9,120.843678
2018-04-24 14:40:00,9291.07,9323.5,9290.1,9323.5,188.90866
2018-04-24 14:45:00,9323.5,9331.0,9301.5,9302.47,166.594408
2018-04-24 14:50:00,9301.51,9302.47,9287.4,9287.99,109.564725
2018-04-24 14:55:00,9287.69,9296.87,9285.32,9289.69,63.841633
2018-04-24 15:00:00,9289.69,9331.5,9288.21,9320.0,147.682008
2018-04-24 15:05:00,9322.69,9331.48,9317.23,9331.48,101.210647
2018-04-24 15:10:00,9330.0,9331.5,9313.11,9324.0,135.89156
2018-04-24 15:15:00,9324.0,9336.32,9313.11,9334.01,110.833338
2018-04-24 15:20:00,9335.98,9370.0,9334.01,9345.43,167.450915
2018-04-24 15:25:00,9344.93,9348.0,9337.86,9344.01,64.072508
2018-04-24 15:30:00,9344.0,9360.0,9340.15,9359.98,90.365034
2018-04-24 15:35:00,9355.02,9360.0,9326.0,9328.0,183.675893
2018-04-24 15:40:00,9328.0,9331.3,9311.27,9314.8,79.282152
2018-04-24 15:45:00,9314.4,9338.64,9301.0,9336.29,123.451287
2018-04-24 15:50:00,9337.6,9339.8,9325.41,9328.0,113.68175
2018-04-24 15:55:00,9328.0,9347.77,9325.0,9347.77,133.880776
2018-04-24 16:00:00,9347.78,9349.99,9330.0,9342.91,149.202281
2018-04-24 16:05:00,9342.91,9347.0,9339.98,9342.01,83.196023
2018-04-24 16:10:00,9342.37,9347.98,9341.01,9344.8,64.182871
2018-04-24 16:15:00,9344.8,9357.0,9340.0,9355.99,121.46464
2018-04-24 16:20:00,9355.98,9372.04,9350.0,9372.0,145.859044
2018-04-24 16:25:00,9371.0,9380.0,9337.0,9345.99,172.779134
2018-04-24 16:30:00,9345.99,9347.0,9330.0,9333.0,182.012239
2018-04-24 16:35:00,9333.0,9350.0,9309.0,9344.98,158.747369
2018-04-24 16:40:00,9347.0,9350.0,9330.01,9341.99,83.517051
2018-04-24 16:45:00,9341.99,9347.0,9335.0,9338.39,68.62087
2018-04-24 16:50:00,9339.0,9350.81,9329.38,9343.96,159.896616
2018-04-24 16:55:00,9339.98,9368.8,9339.98,9350.19,97.834846
2018-04-24 17:00:00,9350.19,9360.0,9345.01,9356.91,81.45787
2018-04-24 17:05:00,9355.31,9356.91,9339.0,9343.79,60.33817
2018-04-24 17:10:00,9343.78,9347.99,9333.0,9340.0,55.971682
2018-04-24 17:15:00,9338.99,9354.3,9337.0,9353.52,57.163366
2018-04-24 17:20:00,9354.29,9394.88,9350.0,9385.8,164.637292
2018-04-24 17:25:00,9379.87,9398.85,9364.0,9374.0,97.528314
2018-04-24 17:30:00,9374.98,9390.0,9370.87,9376.97,99.677038
2018-04-24 17:35:00,9376.0,9387.12,9370.89,9381.41,65.043205
2018-04-24 17:40:00,9381.41,9395.0,9375.07,9379.0,102.957575
2018-04-24 17:45:00,9378.01,9391.0,9375.0,9390.0,111.139264
2018-04-24 17:50:00,9390.0,9415.95,9389.02,9394.06,182.945785
2018-04-24 17:55:00,9396.0,9414.99,9392.02,9409.97,157.998331
2018-04-24 18:00:00,9410.0,9410.0,9364.3,9379.83,176.503677
2018-04-24 18:05:00,9375.01,9392.0,9356.0,9392.0,128.616053
2018-04-24 18:10:00,9392.11,9393.0,9371.0,9371.01,104.999361
2018-04-24 18:15:00,9371.03,9375.0,9350.0,9366.01,145.829364
2018-04-24 18:20:00,9366.0,9380.0,9365.08,9368.09,82.402901
2018-04-24 18:25:00,9367.05,9379.89,9360.99,9371.01,73.051714
2018-04-24 18:30:00,9371.02,9375.02,9365.0,9372.0,78.717266
2018-04-24 18:35:00,9370.06,9379.81,9370.01,9376.03,103.412242
2018-04-24 18:40:00,9376.03,9390.0,9376.02,9385.01,118.764216
2018-04-24 18:45:00,9384.01,9401.2,9384.01,9386.97,156.635883
2018-04-24 18:50:00,9394.0,9405.0,9385.88,9400.16,148.182225
2018-04-24 18:55:00,9400.0,9411.0,9387.88,9410.99,186.88498
2018-04-24 19:00:00,9410.99,9414.98,9387.94,9402.5,145.208563
2018-04-24 19:05:00,9405.5,9405.5,9384.0,9390.01,88.329368
2018-04-24 19:10:00,9391.21,9410.0,9387.0,9401.0,129.111024
2018-04-24 19:15:00,9400.0,9412.0,9312.0,9331.0,461.949478
2018-04-24 19:20:00,9331.83,9387.32,9293.29,9370.24,394.882904
2018-04-24 19:25:00,9374.98,9387.0,9359.0,9383.98,63.036827
2018-04-24 19:30:00,9383.98,9389.01,9375.01,9387.76,85.994262
2018-04-24 19:35:00,9387.76,9455.0,9362.13,9408.99,397.576186
2018-04-24 19:40:00,9400.69,9448.6,9400.69,9410.13,175.024368
2018-04-24 19:45:00,9416.99,9435.0,9411.0,9420.78,84.27347
2018-04-24 19:50:00,9416.72,9451.55,9416.72,9444.5,139.814409
2018-04-24 19:55:00,9446.0,9452.0,9431.53,9449.9,126.123108
2018-04-24 20:00:00,9452.0,9463.0,9445.0,9454.01,145.920702
2018-04-24 20:05:00,9454.99,9455.0,9400.04,9435.67,232.860829
2018-04-24 20:10:00,9444.91,9445.0,9422.0,9427.21,110.459414
2018-04-24 20:15:00,9426.0,9438.0,9420.0,9424.96,83.75498
2018-04-24 20:20:00,9420.61,9427.95,9405.4,9426.0,102.548103
2018-04-24 20:25:00,9427.95,9443.0,9414.29,9438.0,84.422706
2018-04-24 20:30:00,9438.0,9446.42,9417.15,9420.04,106.309195
2018-04-24 20:35:00,9420.04,9424.0,9409.95,9415.01,87.228589
2018-04-24 20:40:00,9415.01,9446.22,9415.0,9440.0,116.975308
2018-04-24 20:45:00,9439.79,9448.12,9432.97,9440.0,109.245993
2018-04-24 20:50:00,9440.0,9456.23,9435.4,9451.02,154.212436
2018-04-24 20:55:00,9451.02,9459.0,9441.01,9450.79,127.952897
2018-04-24 21:00:00,9450.79,9475.0,9448.99,9466.0,129.534061
2018-04-24 21:05:00,9466.0,9486.0,9463.0,9482.0,148.067885
2018-04-24 21:10:00,9485.11,9495.0,9480.0,9489.86,197.625769
2018-04-24 21:15:00,9489.86,9491.17,9460.0,9468.0,207.577281
2018-04-24 21:20:00,9468.0,9477.09,9460.0,9468.41,223.072981
2018-04-24 21:25:00,9468.4,9468.8,9439.13,9466.89,179.928784
2018-04-24 21:30:00,9466.89,9470.0,9445.03,9466.98,115.350853
2018-04-24 21:35:00,9466.98,9490.5,9465.02,9484.0,133.470162
2018-04-24 21:40:00,9480.01,9488.0,9472.01,9478.9,134.000674
2018-04-24 21:45:00,9478.0,9478.99,9455.92,9469.01,157.345105
2018-04-24 21:50:00,9469.98,9470.0,9450.0,9459.0,72.719468
2018-04-24 21:55:00,9459.0,9470.0,9450.0,9468.0,122.521797
2018-04-24 22:00:00,9469.0,9480.0,9463.1,9480.0,160.62043
2018-04-24 22:05:00,9480.0,9489.98,9477.0,9481.21,171.875243
2018-04-24 22:10:00,9484.0,9485.0,9481.1,9484.0,180.86514
2018-04-24 22:15:00,9483.25,9499.9,9479.02,9499.9,232.077051
2018-04-24 22:20:00,9497.0,9540.0,9496.0,9524.94,425.668334
2018-04-24 22:25:00,9520.0,9559.82,9520.0,9550.89,148.070635
2018-04-24 22:30:00,9552.01,9578.0,9541.11,9566.0,234.212918
2018-04-24 22:35:00,9566.0,9583.61,9544.82,9551.4,213.572721
2018-04-24 22:40:00,9554.97,9554.98,9425.01,9485.97,508.968695
2018-04-24 22:45:00,9475.01,9579.22,9462.0,9531.66,411.844586
2018-04-24 22:50:00,9531.67,9580.0,9522.0,9563.0,185.765491
2018-04-24 22:55:00,9563.0,9568.0,9550.21,9559.75,87.060506
2018-04-24 23:00:00,9559.75,9559.75,9511.0,9540.0,188.789299
2018-04-24 23:05:00,9540.0,9550.0,9513.0,9532.22,123.772586
2018-04-24 23:10:00,9532.09,9550.46,9516.11,9544.98,148.589878
2018-04-24 23:15:00,9544.98,9550.65,9528.0,9546.11,144.487585
2018-04-24 23:20:00,9550.65,9583.61,9546.03,9570.26,187.181699
2018-04-24 23:25:00,9574.98,9636.47,9571.0,9635.05,497.212163
2018-04-24 23:30:00,9635.0,9648.0,9618.35,9628.01,231.144802
2018-04-24 23:35:00,9629.98,9649.99,9623.0,9643.95,178.574724
2018-04-24 23:40:00,9644.0,9700.0,9636.98,9699.0,379.49072
2018-04-24 23:45:00,9699.99,9700.0,9640.0,9664.9,322.363461
2018-04-24 23:50:00,9664.9,9731.01,9657.07,9699.0,555.425042
2018-04-24 23:55:00,9699.96,9699.96,9589.78,9619.99,441.565619
2018-04-25 00:00:00,9618.96,9648.91,9590.0,9597.99,370.434315
2018-04-25 00:05:00,9590.29,9624.0,9566.0,9593.53,493.139183
2018-04-25 00:10:00,9610.99,9678.34,9593.63,9664.99,310.355545
2018-04-25 00:15:00,9649.49,9680.0,9644.01,9656.0,260.931242
2018-04-25 00:20:00,9654.0,9665.95,9605.81,9616.89,183.659679
2018-04-25 00:25:00,9616.0,9616.0,9551.79,9580.01,336.444767
2018-04-25 00:30:00,9584.96,9585.01,9500.2,9509.97,451.741344
2018-04-25 00:35:00,9508.0,9543.84,9440.0,9521.76,710.506315
2018-04-25 00:40:00,9524.98,9589.0,9489.06,9580.02,359.894897
2018-04-25 00:45:00,9580.02,9591.05,9530.02,9566.99,303.139857
2018-04-25 00:50:00,9561.88,9572.89,9531.0,9552.08,190.195391
2018-04-25 00:55:00,9552.08,9565.0,9511.93,9529.94,206.274838
2018-04-25 01:00:00,9529.21,9529.94,9472.61,9505.03,280.990308
2018-04-25 01:05:00,9505.02,9515.0,9466.01,9515.0,239.086122
2018-04-25 01:10:00,9510.0,9550.0,9496.39,9550.0,162.275732
2018-04-25 01:15:00,9550.0,9581.0,9545.02,9554.0,193.239423
2018-04-25 01:20:00,9554.0,9565.0,9547.0,9557.99,94.187053
2018-04-25 01:25:00,9557.99,9593.48,9555.0,9590.0,154.974848
2018-04-25 01:30:00,9590.0,9637.17,9583.59,9622.6,240.404127
2018-04-25 01:35:00,9622.6,9630.0,9585.01,9592.22,236.954312
2018-04-25 01:40:00,9599.01,9621.1,9593.0,9616.09,137.955397
2018-04-25 01:45:00,9619.0,9638.68,9611.47,9626.99,130.617041
2018-04-25 01:50:00,9626.99,9637.15,9593.01,9611.08,163.740807
2018-04-25 01:55:00,9611.08,9629.99,9590.02,9628.0,127.909444
2018-04-25 02:00:00,9628.0,9655.0,9618.65,9655.0,175.625574
2018-04-25 02:05:00,9655.0,9670.0,9651.28,9670.0,145.027086
2018-04-25 02:10:00,9670.27,9673.0,9530.0,9633.0,340.572617
2018-04-25 02:15:00,9638.9,9679.9,9632.0,9677.8,162.025035
2018-04-25 02:20:00,9677.8,9720.0,9660.03,9699.93,300.059999
2018-04-25 02:25:00,9700.0,9714.0,9660.25,9665.99,253.935207
2018-04-25 02:30:00,9665.99,9710.8,9659.04,9708.99,177.259
2018-04-25 02:35:00,9708.99,9754.99,9695.16,9754.97,321.160316
2018-04-25 02:40:00,9754.97,9759.82,9717.77,9739.88,306.811162
2018-04-25 02:45:00,9737.0,9744.0,9700.42,9714.02,210.65696
2018-04-25 02:50:00,9714.02,9732.87,9700.0,9710.61,231.921341
2018-04-25 02:55:00,9710.61,9724.0,9665.96,9687.05,300.988373
2018-04-25 03:00:00,9675.01,9712.0,9670.01,9691.76,177.374541
2018-04-25 03:05:00,9691.76,9729.88,9689.0,9722.0,170.121717
2018-04-25 03:10:00,9715.01,9722.09,9700.0,9702.0,79.369103
2018-04-25 03:15:00,9702.01,9703.02,9624.93,9625.0,242.563708
2018-04-25 03:20:00,9630.0,9675.0,9616.9,9649.62,251.428987
2018-04-25 03:25:00,9645.0,9649.62,9580.96,9624.24,332.649296
2018-04-25 03:30:00,9630.0,9630.0,9592.0,9609.47,342.826512
2018-04-25 03:35:00,9610.08,9649.99,9609.0,9632.01,219.43593
2018-04-25 03:40:00,9632.0,9640.0,9584.0,9591.88,240.892838
2018-04-25 03:45:00,9598.01,9598.01,9538.96,9542.0,415.672755
2018-04-25 03:50:00,9540.0,9545.0,9475.0,9482.0,898.751113
2018-04-25 03:55:00,9481.99,9494.0,9323.02,9347.99,1379.171617
2018-04-25 04:00:00,9349.99,9448.94,9330.01,9425.0,806.500349
2018-04-25 04:05:00,9425.0,9489.0,9410.0,9489.0,419.529727
2018-04-25 04:10:00,9482.0,9500.0,9420.52,9430.08,460.181404
2018-04-25 04:15:00,9433.0,9480.0,9420.0,9449.92,294.979953
2018-04-25 04:20:00,9449.92,9450.0,9379.99,9402.94,384.213861
2018-04-25 04:25:00,9403.26,9424.32,9323.02,9363.0,400.614698
2018-04-25 04:30:00,9365.55,9402.0,9348.0,9352.0,302.581895
2018-04-25 04:35:00,9352.0,9368.96,9225.01,9245.78,1094.149083
2018-04-25 04:40:00,9240.0,9299.88,9223.0,9260.07,604.881748
2018-04-25 04:45:00,9260.08,9298.0,9164.13,9164.16,992.056242
2018-04-25 04:50:00,9168.8,9228.0,9124.0,9169.0,913.358382
2018-04-25 04:55:00,9155.07,9200.22,9110.0,9200.0,676.020272
2018-04-25 05:00:00,9200.22,9287.0,9190.0,9230.12,941.231472
2018-04-25 05:05:00,9222.88,9304.0,9201.0,9303.0,433.449075
2018-04-25 05:10:00,9303.99,9365.07,9279.0,9329.96,597.942817
2018-04-25 05:15:00,9330.07,9349.0,9294.0,9299.0,368.905797
2018-04-25 05:20:00,9300.0,9339.97,9280.66,9339.97,276.542024
2018-04-25 05:25:00,9339.96,9411.0,9337.0,9364.26,458.753063
2018-04-25 05:30:00,9364.23,9393.28,9341.0,9362.0,311.766281
2018-04-25 05:35:00,9364.97,9379.52,9350.11,9379.52,138.379269
2018-04-25 05:40:00,9379.52,9390.0,9316.0,9331.66,253.721373
2018-04-25 05:45:00,9334.0,9351.88,9322.0,9325.09,273.408511
2018-04-25 05:50:00,9339.98,9355.74,9303.0,9350.0,214.768737
2018-04-25 05:55:00,9350.01,9396.0,9345.15,9370.0,202.88225
2018-04-25 06:00:00,9370.0,9420.0,9355.0,9399.0,214.554717
2018-04-25 06:05:00,9398.0,9451.0,9395.08,9440.0,399.849001
2018-04-25 06:10:00,9440.0,9466.0,9410.0,9450.08,191.248198
2018-04-25 06:15:00,9455.0,9476.23,9430.99,9455.0,429.899908
2018-04-25 06:20:00,9455.0,9470.27,9429.0,9440.67,175.924067
2018-04-25 06:25:00,9438.79,9450.0,9428.0,9441.1,100.771029
2018-04-25 06:30:00,9441.1,9449.16,9427.64,9447.5,167.210048
2018-04-25 06:35:00,9449.15,9453.56,9427.0,9431.1,140.335148
2018-04-25 06:40:00,9431.1,9432.0,9377.0,9410.0,211.062102
2018-04-25 06:45:00,9411.29,9445.94,9410.1,9444.0,125.218499
2018-04-25 06:50:00,9444.0,9445.94,9417.3,9426.0,75.974937
2018-04-25 06:55:00,9423.35,9430.0,9402.0,9415.06,76.427096
2018-04-25 07:00:00,9415.06,9435.0,9402.38,9433.21,82.812741
2018-04-25 07:05:00,9433.21,9443.97,9427.72,9441.08,161.971473
2018-04-25 07:10:00,9441.58,9460.01,9433.0,9433.0,131.045879
2018-04-25 07:15:00,9434.95,9443.52,9415.0,9439.19,139.990161
2018-04-25 07:20:00,9432.11,9440.71,9425.7,9440.71,73.302779
2018-04-25 07:25:00,9439.5,9468.0,9439.0,9454.22,160.009363
2018-04-25 07:30:00,9450.02,9460.0,9430.86,9439.01,108.564837
2018-04-25 07:35:00,9439.51,9448.5,9435.86,9439.99,106.609122
2018-04-25 07:40:00,9439.99,9439.99,9420.0,9435.0,130.131356
2018-04-25 07:45:00,9435.0,9440.0,9391.0,9400.0,164.603115
2018-04-25 07:50:00,9395.56,9405.0,9322.0,9380.0,447.472936
2018-04-25 07:55:00,9377.34,9424.34,9370.0,9416.39,99.657302
2018-04-25 08:00:00,9415.0,9438.54,9412.0,9425.0,131.268101
2018-04-25 08:05:00,9425.0,9425.01,9392.65,9420.0,183.937288
2018-04-25 08:10:00,9419.0,9438.19,9405.01,9416.85,175.58902
2018-04-25 08:15:00,9418.01,9428.02,9370.0,9406.36,94.19012
2018-04-25 08:20:00,9406.43,9406.76,9360.0,9386.95,138.934546
2018-04-25 08:25:00,9385.87,9391.9,9338.0,9366.87,237.221041
2018-04-25 08:30:00,9370.0,9383.74,9349.01,9371.99,109.383008
2018-04-25 08:35:00,9371.99,9409.35,9369.99,9380.0,140.262132
2018-04-25 08:40:00,9387.7,9387.82,9355.0,9360.06,78.896303
2018-04-25 08:45:00,9362.72,9364.86,9283.0,9299.86,326.088674
2018-04-25 08:50:00,9299.83,9352.15,9290.0,9318.08,201.552975
2018-04-25 08:55:00,9318.09,9319.9,9251.0,9281.98,245.41327
2018-04-25 09:00:00,9281.98,9327.07,9270.02,9327.07,183.142925
2018-04-25 09:05:00,9326.97,9340.0,9315.34,9334.0,131.417251
2018-04-25 09:10:00,9333.01,9335.0,9310.01,9323.0,175.700906
2018-04-25 09:15:00,9323.0,9329.0,9268.07,9302.54,184.251228
2018-04-25 09:20:00,9296.58,9330.0,9286.15,9326.0,125.542335
2018-04-25 09:25:00,9326.0,9331.28,9290.0,9309.84,107.340304
2018-04-25 09:30:00,9309.1,9310.11,9260.01,9260.01,154.955026
2018-04-25 09:35:00,9260.01,9272.99,9200.1,9211.89,432.271748
2018-04-25 09:40:00,9211.89,9255.0,9202.99,9229.49,249.201011
2018-04-25 09:45:00,9227.07,9280.0,9226.02,9268.09,200.120196
2018-04-25 09:50:00,9266.0,9268.14,9210.5,9245.0,306.24058
2018-04-25 09:55:00,9241.34,9289.8,9241.0,9272.0,182.543907
2018-04-25 10:00:00,9271.09,9276.78,9226.38,9249.09,150.653515
2018-04-25 10:05:00,9240.0,9280.0,9236.5,9258.41,173.260056
2018-04-25 10:10:00,9254.61,9271.6,9225.0,9239.98,202.066449
2018-04-25 10:15:00,9239.98,9244.97,9155.0,9165.0,587.688338
2018-04-25 10:20:00,9170.0,9198.99,9115.0,9115.0,496.095511
2018-04-25 10:25:00,9116.99,9170.0,9086.0,9090.0,879.216551
2018-04-25 10:30:00,9090.0,9160.1,9080.0,9130.02,585.679807
2018-04-25 10:35:00,9130.44,9130.99,9052.0,9077.0,701.394765
2018-04-25 10:40:00,9070.0,9078.0,9035.21,9045.25,613.337612
2018-04-25 10:45:00,9050.0,9066.96,8960.0,8965.02,845.350528
2018-04-25 10:50:00,8965.02,9060.0,8963.21,9001.0,745.935416
2018-04-25 10:55:00,9000.0,9150.0,8985.12,9140.68,833.084064
2018-04-25 11:00:00,9140.0,9154.39,9070.09,9118.16,551.651999
2018-04-25 11:05:00,9118.2,9142.45,9070.0,9070.1,286.607628
2018-04-25 11:10:00,9072.0,9120.35,9070.0,9083.91,283.13266
2018-04-25 11:15:00,9083.9,9083.9,8980.0,9050.0,398.648649
2018-04-25 11:20:00,9050.0,9070.0,9000.0,9050.0,353.291228
2018-04-25 11:25:00,9048.1,9070.0,9010.0,9012.95,363.259693
2018-04-25 11:30:00,9012.98,9106.95,9010.0,9061.19,319.74295
2018-04-25 11:35:00,9060.85,9078.43,9027.89,9058.53,147.471767
2018-04-25 11:40:00,9068.41,9070.0,9028.66,9041.09,213.478086
2018-04-25 11:45:00,9041.09,9088.0,9004.36,9075.16,281.876043
2018-04-25 11:50:00,9072.1,9159.0,9063.0,9137.99,360.189656
2018-04-25 11:55:00,9130.01,9189.39,9121.5,9144.03,543.535494
2018-04-25 12:00:00,9137.0,9188.21,9137.0,9160.0,466.531996
2018-04-25 12:05:00,9153.88,9210.21,9153.86,9203.58,362.76348
2018-04-25 12:10:00,9201.08,9208.96,9122.01,9153.68,464.875022
2018-04-25 12:15:00,9154.0,9172.0,9105.0,9132.44,243.992102
2018-04-25 12:20:00,9132.44,9146.1,9081.0,9081.01,255.226685
2018-04-25 12:25:00,9081.0,9129.99,9071.0,9083.54,355.543711
2018-04-25 12:30:00,9088.12,9156.0,9086.2,9116.44,211.419007
2018-04-25 12:35:00,9116.44,9120.0,9102.46,9106.89,97.4109
2018-04-25 12:40:00,9109.99,9179.0,9106.35,9169.98,191.124503
2018-04-25 12:45:00,9171.06,9205.0,9133.16,9173.85,255.14639
2018-04-25 12:50:00,9173.85,9179.0,9145.01,9165.0,161.582318
2018-04-25 12:55:00,9156.36,9164.87,9115.0,9129.89,208.188392
2018-04-25 13:00:00,9129.84,9130.0,9102.46,9115.0,207.397072
2018-04-25 13:05:00,9115.0,9130.0,9109.88,9130.0,94.429302
2018-04-25 13:10:00,9128.0,9159.03,9125.01,9135.23,146.843326
2018-04-25 13:15:00,9135.23,9158.88,9131.7,9146.0,128.50489
2018-04-25 13:20:00,9143.01,9149.35,9094.03,9104.97,181.853584
2018-04-25 13:25:00,9104.0,9125.55,9020.0,9051.76,441.770724
2018-04-25 13:30:00,9054.98,9100.0,9042.0,9090.01,260.038468
2018-04-25 13:35:00,9087.0,9090.0,9020.02,9030.0,285.27697
2018-04-25 13:40:00,9021.64,9037.2,8925.8,8963.01,692.460565
2018-04-25 13:45:00,8962.99,9025.03,8954.09,9012.61,606.521851
2018-04-25 13:50:00,9015.0,9056.38,8985.02,8990.0,376.495088
2018-04-25 13:55:00,8990.59,9040.0,8985.02,9011.78,243.782168
2018-04-25 14:00:00,9011.79,9042.93,8971.75,9000.76,286.599273
2018-04-25 14:05:00,9000.76,9010.98,8952.0,8977.01,332.780127
2018-04-25 14:10:00,8977.01,8982.02,8860.0,8877.87,666.185824
2018-04-25 14:15:00,8877.88,8950.0,8870.7,8918.74,534.860868
2018-04-25 14:20:00,8910.0,8921.8,8866.0,8909.98,474.619386
2018-04-25 14:25:00,8909.98,8910.0,8840.07,8845.0,594.394412
2018-04-25 14:30:00,8844.66,8916.04,8811.78,8845.99,870.400374
2018-04-25 14:35:00,8849.99,8854.43,8781.62,8817.0,708.347245
2018-04-25 14:40:00,8816.76,8856.0,8785.0,8805.07,663.967608
2018-04-25 14:45:00,8805.07,8830.0,8779.0,8779.53,513.18152
2018-04-25 14:50:00,8779.53,8859.3,8730.0,8850.01,974.134683
2018-04-25 14:55:00,8850.03,8917.0,8823.0,8880.0,734.229273
2018-04-25 15:00:00,8874.33,8900.0,8825.0,8887.0,513.601681
2018-04-25 15:05:00,8895.98,8897.0,8855.02,8875.97,270.366954
2018-04-25 15:10:00,8876.99,8880.0,8831.17,8869.99,322.922814
2018-04-25 15:15:00,8869.99,8929.23,8869.1,8926.32,475.198688
2018-04-25 15:20:00,8926.32,8975.0,8923.0,8942.0,435.980316
2018-04-25 15:25:00,8930.03,8949.97,8875.16,8889.0,317.95754
2018-04-25 15:30:00,8882.79,8935.0,8854.02,8891.96,314.424455
2018-04-25 15:35:00,8899.99,8934.63,8866.0,8918.24,330.570111
2018-04-25 15:40:00,8918.24,8946.4,8893.01,8939.12,210.458302
2018-04-25 15:45:00,8938.94,8950.0,8910.0,8919.92,194.311019
2018-04-25 15:50:00,8919.92,8975.0,8911.7,8949.99,248.814062
2018-04-25 15:55:00,8949.99,8975.0,8939.0,8972.09,249.47611
2018-04-25 16:00:00,8972.09,8977.0,8890.59,8899.67,387.198341
2018-04-25 16:05:00,8907.46,8941.99,8890.59,8920.01,164.015912
2018-04-25 16:10:00,8915.03,8929.66,8860.0,8893.0,416.536633
2018-04-25 16:15:00,8880.31,8900.02,8861.84,8861.84,202.262563
2018-04-25 16:20:00,8861.84,8900.0,8856.5,8870.24,242.572499
2018-04-25 16:25:00,8879.14,8896.23,8846.0,8860.48,225.600995
2018-04-25 16:30:00,8865.22,8885.98,8847.0,8885.0,130.568146
2018-04-25 16:35:00,8880.3,8900.0,8866.05,8883.35,135.040892
2018-04-25 16:40:00,8883.85,8930.75,8876.89,8909.65,206.519403
2018-04-25 16:45:00,8896.16,8909.94,8890.19,8900.0,156.598496
2018-04-25 16:50:00,8900.0,8937.0,8895.26,8935.0,152.6827
2018-04-25 16:55:00,8935.0,8946.0,8899.7,8910.0,177.114561
2018-04-25 17:00:00,8908.32,8945.0,8908.28,8944.8,111.00996
2018-04-25 17:05:00,8944.8,8968.0,8931.87,8941.03,278.37418
2018-04-25 17:10:00,8941.02,8965.99,8935.96,8965.99,144.463051
2018-04-25 17:15:00,8965.99,8983.0,8935.99,8956.0,220.323019
2018-04-25 17:20:00,8958.0,8972.99,8950.0,8969.0,103.949858
2018-04-25 17:25:00,8969.0,9039.73,8969.0,9028.94,498.981296
2018-04-25 17:30:00,9023.81,9049.5,8994.98,9024.98,302.200951
2018-04-25 17:35:00,9024.99,9035.0,9005.0,9035.0,167.082601
2018-04-25 17:40:00,9035.0,9089.0,9035.0,9088.99,443.496056
2018-04-25 17:45:00,9080.84,9088.99,9021.12,9038.87,231.979033
2018-04-25 17:50:00,9038.87,9055.0,9023.01,9055.0,187.483676
2018-04-25 17:55:00,9051.69,9059.99,9040.0,9058.0,115.810468
2018-04-25 18:00:00,9055.1,9063.58,9027.5,9042.1,157.653704
2018-04-25 18:05:00,9042.09,9045.62,8975.36,8976.77,345.823572
2018-04-25 18:10:00,8989.29,9022.77,8975.0,9010.73,146.908796
2018-04-25 18:15:00,9013.0,9013.0,8968.0,8987.87,139.510105
2018-04-25 18:20:00,8987.88,9020.5,8980.0,9020.5,111.870393
2018-04-25 18:25:00,9013.0,9031.4,8992.0,9017.02,156.823596
2018-04-25 18:30:00,9018.0,9020.0,8992.0,9000.19,115.111915
2018-04-25 18:35:00,8998.0,9035.0,8997.77,9035.0,116.11512
2018-04-25 18:40:00,9035.0,9050.0,9023.1,9039.99,113.132031
2018-04-25 18:45:00,9039.99,9042.22,9030.91,9032.0,85.520437
2018-04-25 18:50:00,9032.0,9034.0,8963.78,8980.0,200.8343
2018-04-25 18:55:00,8981.5,9000.0,8951.0,8991.03,127.337617
2018-04-25 19:00:00,8991.04,9020.01,8976.03,9010.0,129.237932
2018-04-25 19:05:00,9014.25,9015.63,8996.0,9002.99,54.731558
2018-04-25 19:10:00,9003.0,9017.87,8999.99,9004.1,77.453192
2018-04-25 19:15:00,9006.99,9022.0,9004.1,9020.0,82.202693
2018-04-25 19:20:00,9020.01,9025.0,8980.97,8991.99,135.636986
2018-04-25 19:25:00,8991.42,8998.49,8966.0,8969.02,75.417021
2018-04-25 19:30:00,8966.11,8978.46,8950.02,8966.01,174.338405
2018-04-25 19:35:00,8966.0,9005.0,8948.05,9005.0,168.448367
2018-04-25 19:40:00,9004.99,9018.49,8975.0,8989.98,136.645258
2018-04-25 19:45:00,8989.99,9000.75,8981.6,8996.92,79.215304
2018-04-25 19:50:00,8987.04,8995.95,8976.0,8976.01,71.144395
2018-04-25 19:55:00,8980.0,8989.97,8950.0,8969.98,126.034805
2018-04-25 20:00:00,8969.55,9049.0,8963.54,9030.0,274.402873
2018-04-25 20:05:00,9030.0,9068.0,9021.01,9066.0,122.011858
2018-04-25 20:10:00,9066.0,9068.85,9039.0,9060.0,128.543871
2018-04-25 20:15:00,9060.0,9062.94,9040.11,9053.0,120.919838
2018-04-25 20:20:00,9053.0,9061.0,9049.0,9052.78,72.263406
2018-04-25 20:25:00,9052.66,9068.85,9044.01,9068.85,81.841533
2018-04-25 20:30:00,9068.0,9084.0,9061.12,9084.0,101.319092
2018-04-25 20:35:00,9082.93,9116.91,9079.0,9097.99,289.171845
2018-04-25 20:40:00,9097.99,9112.0,9090.02,9102.66,141.102652
2018-04-25 20:45:00,9102.66,9109.98,9084.02,9092.84,135.339822
2018-04-25 20:50:00,9086.6,9090.91,9075.0,9087.91,98.844934
2018-04-25 20:55:00,9080.29,9090.0,9076.0,9083.0,102.174534
2018-04-25 21:00:00,9085.16,9100.0,9076.01,9098.99,109.223419
2018-04-25 21:05:00,9099.0,9114.0,9090.02,9111.99,84.200739
2018-04-25 21:10:00,9111.99,9130.0,9106.11,9127.0,168.368211
2018-04-25 21:15:00,9129.0,9141.0,9122.01,9135.0,180.599622
2018-04-25 21:20:00,9135.0,9158.99,9135.0,9150.87,183.841465
2018-04-25 21:25:00,9150.87,9159.9,9120.0,9128.01,203.108531
2018-04-25 21:30:00,9130.01,9143.79,9128.03,9140.1,115.734054
2018-04-25 21:35:00,9140.1,9150.0,9128.23,9130.0,153.617006
2018-04-25 21:40:00,9128.32,9135.0,9116.28,9122.0,103.164416
2018-04-25 21:45:00,9121.5,9151.95,9115.33,9147.96,194.027666
2018-04-25 21:50:00,9147.96,9160.0,9140.02,9153.97,154.991007
2018-04-25 21:55:00,9151.41,9179.0,9151.41,9178.98,183.847334
2018-04-25 22:00:00,9178.98,9185.01,9170.0,9170.08,159.256601
2018-04-25 22:05:00,9170.08,9180.05,9167.0,9175.03,108.816093
2018-04-25 22:10:00,9175.5,9185.0,9102.01,9124.79,326.136967
2018-04-25 22:15:00,9117.64,9130.63,9062.02,9085.0,300.761853
2018-04-25 22:20:00,9085.91,9142.82,9078.09,9086.2,212.35401
2018-04-25 22:25:00,9085.79,9122.0,9080.01,9099.82,138.350374
2018-04-25 22:30:00,9099.8,9101.99,9084.0,9089.61,99.283473
2018-04-25 22:35:00,9089.6,9104.4,9080.0,9098.0,122.566515
2018-04-25 22:40:00,9094.0,9097.99,9064.01,9066.44,127.489827
2018-04-25 22:45:00,9066.01,9066.01,9001.0,9015.05,341.818467
2018-04-25 22:50:00,9024.84,9049.98,9004.97,9004.98,156.117173
2018-04-25 22:55:00,9004.98,9010.0,8926.0,8955.0,495.974172
2018-04-25 23:00:00,8950.0,9007.6,8940.01,8999.99,198.143973
2018-04-25 23:05:00,9000.0,9000.99,8888.0,8902.0,381.008658
2018-04-25 23:10:00,8902.0,8922.99,8875.1,8913.43,247.843249
2018-04-25 23:15:00,8913.44,8918.27,8875.35,8913.44,138.043623
2018-04-25 23:20:00,8912.08,8931.18,8880.25,8900.0,132.056978
2018-04-25 23:25:00,8900.0,8919.99,8820.0,8830.01,285.572914
2018-04-25 23:30:00,8831.57,8889.63,8830.0,8867.0,254.824681
2018-04-25 23:35:00,8867.0,8871.99,8835.0,8852.0,99.278414
2018-04-25 23:40:00,8855.01,8860.0,8800.01,8805.0,294.157836
2018-04-25 23:45:00,8819.98,8854.16,8770.0,8850.21,515.586922
2018-04-25 23:50:00,8845.01,8867.84,8792.06,8860.62,175.734124
2018-04-25 23:55:00,8860.66,8886.68,8838.5,8869.99,227.297782
2018-04-26 00:00:00,8869.99,8869.99,8784.49,8784.49,225.248032
2018-04-26 00:05:00,8784.0,8805.97,8752.04,8772.09,326.48222
2018-04-26 00:10:00,8770.24,8825.0,8769.0,8819.37,197.205409
2018-04-26 00:15:00,8819.34,8830.0,8773.02,8774.33,137.320703
2018-04-26 00:20:00,8774.18,8785.8,8751.0,8752.04,202.479959
2018-04-26 00:25:00,8754.99,8754.99,8667.01,8701.34,804.101303
2018-04-26 00:30:00,8693.55,8719.38,8666.47,8683.16,440.648405
2018-04-26 00:35:00,8685.0,8800.0,8660.0,8762.07,561.442522
2018-04-26 00:40:00,8762.02,8781.47,8728.34,8745.02,329.610681
2018-04-26 00:45:00,8745.02,8769.87,8720.01,8767.92,170.066386
2018-04-26 00:50:00,8762.02,8787.92,8745.0,8780.0,142.384219
2018-04-26 00:55:00,8780.0,8839.0,8775.02,8800.02,320.724505
2018-04-26 01:00:00,8808.17,8808.17,8740.0,8753.51,186.501883
2018-04-26 01:05:00,8768.22,8768.22,8720.13,8750.36,124.119791
2018-04-26 01:10:00,8750.36,8830.0,8750.36,8807.0,231.487574
2018-04-26 01:15:00,8807.0,8835.31,8791.05,8801.13,203.052096
2018-04-26 01:20:00,8807.49,8830.99,8790.0,8830.96,131.711326
2018-04-26 01:25:00,8829.99,8860.0,8803.78,8850.0,201.810047
2018-04-26 01:30:00,8854.66,8863.85,8816.0,8816.01,171.384377
2018-04-26 01:35:00,8817.66,8842.0,8810.0,8820.14,152.808457
2018-04-26 01:40:00,8820.15,8840.0,8820.14,8831.57,124.571945
2018-04-26 01:45:00,8831.54,8834.44,8762.0,8787.28,216.843204
2018-04-26 01:50:00,8795.9,8800.0,8760.0,8770.99,93.229836
2018-04-26 01:55:00,8769.65,8774.98,8750.95,8752.82,135.305257
2018-04-26 02:00:00,8755.06,8800.0,8751.0,8799.0,128.521432
2018-04-26 02:05:00,8800.0,8820.0,8791.0,8805.53,191.222355
2018-04-26 02:10:00,8805.0,8831.0,8805.0,8825.46,174.119425
2018-04-26 02:15:00,8830.61,8852.53,8809.17,8834.99,174.812389
2018-04-26 02:20:00,8830.69,8843.63,8810.12,8835.0,120.663747
2018-04-26 02:25:00,8837.47,8857.01,8831.0,8842.25,118.379944
2018-04-26 02:30:00,8842.25,8842.25,8823.72,8839.89,70.225098
2018-04-26 02:35:00,8839.88,8876.0,8823.0,8865.02,152.637134
2018-04-26 02:40:00,8867.55,8889.94,8865.02,8880.0,145.342632
2018-04-26 02:45:00,8884.53,8890.0,8851.75,8883.73,126.552176
2018-04-26 02:50:00,8882.55,8899.0,8866.0,8866.02,158.679246
2018-04-26 02:55:00,8868.97,8868.98,8849.48,8850.15,75.995862
2018-04-26 03:00:00,8850.22,8864.52,8827.0,8845.97,133.70847
2018-04-26 03:05:00,8845.98,8875.0,8832.0,8865.98,103.500669
2018-04-26 03:10:00,8866.0,8888.0,8859.79,8883.0,113.909773
2018-04-26 03:15:00,8882.13,8888.0,8870.0,8888.0,124.648453
2018-04-26 03:20:00,8886.99,8890.0,8871.82,8877.1,126.035972
2018-04-26 03:25:00,8877.1,8887.9,8849.77,8854.0,125.632274
2018-04-26 03:30:00,8853.99,8859.98,8773.34,8800.0,196.525759
2018-04-26 03:35:00,8800.0,8805.96,8763.14,8788.0,187.839027
2018-04-26 03:40:00,8789.1,8826.58,8788.01,8819.0,90.223994
2018-04-26 03:45:00,8819.0,8829.0,8801.0,8820.0,71.409841
2018-04-26 03:50:00,8820.0,8822.28,8791.0,8800.09,68.055909
2018-04-26 03:55:00,8800.1,8827.47,8795.13,8808.02,88.502377
2018-04-26 04:00:00,8812.7,8871.07,8800.0,8836.0,283.813982
2018-04-26 04:05:00,8839.0,8856.0,8826.18,8849.44,83.685017
2018-04-26 04:10:00,8849.44,8870.95,8841.93,8860.0,108.294684
2018-04-26 04:15:00,8864.0,8885.0,8861.0,8874.9,92.938132
2018-04-26 04:20:00,8874.9,8886.92,8858.02,8866.0,158.162806
2018-04-26 04:25:00,8866.0,8876.0,8852.55,8874.49,70.211856
2018-04-26 04:30:00,8873.8,8877.0,8862.49,8875.01,75.813954
2018-04-26 04:35:00,8877.73,8908.0,8877.73,8905.55,270.179354
2018-04-26 04:40:00,8905.55,8932.69,8904.0,8907.04,303.542376
2018-04-26 04:45:00,8910.72,8927.0,8881.01,8921.99,210.558971
2018-04-26 04:50:00,8924.91,8940.01,8900.0,8927.01,249.399532
2018-04-26 04:55:00,8927.01,8939.85,8915.0,8935.0,231.736449
2018-04-26 05:00:00,8936.0,8936.97,8901.46,8927.0,282.789238
2018-04-26 05:05:00,8927.43,8960.75,8921.01,8959.1,179.902525
2018-04-26 05:10:00,8960.0,8977.0,8941.45,8961.85,254.681493
2018-04-26 05:15:00,8961.85,8965.0,8933.1,8940.0,167.579759
2018-04-26 05:20:00,8948.92,8961.99,8935.12,8945.0,123.766964
2018-04-26 05:25:00,8945.0,8945.0,8902.0,8904.93,105.351946
2018-04-26 05:30:00,8904.9,8930.0,8880.0,8917.34,277.211408
2018-04-26 05:35:00,8922.76,8937.0,8908.87,8932.0,118.688721
2018-04-26 05:40:00,8934.74,8934.74,8885.2,8885.43,142.327272
2018-04-26 05:45:00,8885.16,8913.34,8885.0,8885.0,90.442653
2018-04-26 05:50:00,8887.94,8903.53,8874.0,8885.0,204.856128
2018-04-26 05:55:00,8885.0,8916.56,8874.01,8916.56,102.806295
2018-04-26 06:00:00,8905.88,8920.83,8901.1,8902.97,70.062868
2018-04-26 06:05:00,8902.97,8931.37,8901.1,8931.37,98.5135
2018-04-26 06:10:00,8931.37,8945.34,8924.77,8934.01,102.791165
2018-04-26 06:15:00,8934.0,8943.98,8915.63,8925.7,145.659096
2018-04-26 06:20:00,8925.7,8930.99,8903.9,8908.26,106.166842
2018-04-26 06:25:00,8908.25,8918.0,8888.88,8896.98,99.620837
2018-04-26 06:30:00,8888.91,8906.94,8814.26,8825.0,281.226706
2018-04-26 06:35:00,8821.31,8850.0,8771.0,8781.07,451.497321
2018-04-26 06:40:00,8794.78,8830.93,8780.0,8805.94,266.05953
2018-04-26 06:45:00,8808.0,8838.83,8801.01,8812.01,185.724791
2018-04-26 06:50:00,8815.0,8826.65,8802.0,8810.0,206.833782
2018-04-26 06:55:00,8813.75,8850.0,8807.5,8841.0,128.189568
2018-04-26 07:00:00,8841.04,8853.5,8825.0,8847.75,134.199557
2018-04-26 07:05:00,8847.75,8853.0,8805.12,8820.0,198.33921
2018-04-26 07:10:00,8820.0,8836.91,8803.0,8814.99,120.355789
2018-04-26 07:15:00,8811.11,8835.97,8810.0,8834.0,103.777357
2018-04-26 07:20:00,8834.0,8835.0,8820.0,8822.46,82.990179
2018-04-26 07:25:00,8822.46,8828.0,8812.02,8825.33,69.928152
2018-04-26 07:30:00,8825.21,8840.0,8812.03,8835.0,125.519736
2018-04-26 07:35:00,8836.89,8843.15,8825.0,8839.96,64.46788
2018-04-26 07:40:00,8839.96,8868.99,8839.96,8866.8,124.793323
2018-04-26 07:45:00,8866.8,8888.99,8845.15,8852.82,112.659792
2018-04-26 07:50:00,8855.98,8865.0,8852.82,8861.91,97.946863
2018-04-26 07:55:00,8861.88,8861.88,8838.63,8847.97,126.078202
2018-04-26 08:00:00,8847.97,8887.8,8843.57,8876.91,110.721216
2018-04-26 08:05:00,8871.0,8887.8,8851.0,8859.96,96.2892
2018-04-26 08:10:00,8859.96,8859.98,8820.0,8830.84,155.123633
2018-04-26 08:15:00,8826.7,8848.07,8750.0,8758.07,296.050568
2018-04-26 08:20:00,8758.07,8774.0,8702.29,8728.0,416.863481
2018-04-26 08:25:00,8725.03,8759.0,8701.01,8750.0,220.530973
2018-04-26 08:30:00,8750.0,8772.0,8742.0,8759.89,194.279582
2018-04-26 08:35:00,8752.0,8760.0,8680.0,8683.0,347.021091
2018-04-26 08:40:00,8683.01,8746.18,8680.0,8743.81,303.490574
2018-04-26 08:45:00,8743.8,8755.29,8705.01,8716.08,234.24329
2018-04-26 08:50:00,8716.08,8737.43,8705.0,8720.0,197.543279
2018-04-26 08:55:00,8720.12,8743.74,8715.02,8720.5,191.532751
2018-04-26 09:00:00,8720.58,8755.0,8716.01,8746.7,146.96001
2018-04-26 09:05:00,8746.7,8773.0,8739.69,8748.0,159.744916
2018-04-26 09:10:00,8748.0,8763.5,8736.61,8759.0,139.398249
2018-04-26 09:15:00,8759.0,8770.0,8733.56,8740.0,214.063144
2018-04-26 09:20:00,8739.98,8752.0,8733.55,8747.99,58.148065
2018-04-26 09:25:00,8748.0,8750.0,8720.0,8724.87,142.59695
2018-04-26 09:30:00,8723.0,8726.02,8682.36,8690.0,205.350346
2018-04-26 09:35:00,8690.0,8695.98,8651.62,8695.0,302.338814
2018-04-26 09:40:00,8692.0,8720.02,8680.32,8708.85,219.919115
2018-04-26 09:45:00,8708.86,8742.09,8705.91,8721.66,165.108987
2018-04-26 09:50:00,8722.5,8732.53,8708.6,8730.0,64.575468
2018-04-26 09:55:00,8729.23,8751.09,8711.88,8746.0,199.509433
2018-04-26 10:00:00,8746.0,8785.88,8738.14,8752.0,130.350248
2018-04-26 10:05:00,8752.01,8792.0,8741.0,8776.87,123.379453
2018-04-26 10:10:00,8779.0,8794.43,8778.0,8789.0,113.660502
2018-04-26 10:15:00,8787.89,8800.0,8760.0,8773.6,106.406887
2018-04-26 10:20:00,8773.9,8796.0,8770.0,8795.0,91.760735
2018-04-26 10:25:00,8796.0,8865.0,8780.56,8848.39,296.483138
2018-04-26 10:30:00,8848.39,8870.0,8819.0,8833.79,263.715961
2018-04-26 10:35:00,8833.79,8862.93,8823.2,8851.0,136.382578
2018-04-26 10:40:00,8851.01,8881.0,8850.01,8864.99,143.96883
2018-04-26 10:45:00,8859.01,8874.25,8835.0,8863.99,120.815849
2018-04-26 10:50:00,8863.99,8870.0,8859.99,8864.77,98.151496
2018-04-26 10:55:00,8864.77,8864.77,8816.0,8845.02,192.612277
2018-04-26 11:00:00,8844.98,8848.9,8819.0,8829.98,96.829021
2018-04-26 11:05:00,8826.01,8852.93,8819.0,8852.84,191.118956
2018-04-26 11:10:00,8852.84,8880.0,8840.45,8880.0,89.945293
2018-04-26 11:15:00,8880.0,8917.51,8875.6,8897.94,253.649459
2018-04-26 11:20:00,8897.97,8899.98,8870.01,8882.9,86.114945
2018-04-26 11:25:00,8884.99,8886.0,8835.0,8847.98,93.27273
2018-04-26 11:30:00,8845.04,8867.43,8836.71,8863.99,93.322412
2018-04-26 11:35:00,8860.03,8874.6,8835.01,8838.61,96.854483
2018-04-26 11:40:00,8842.0,8850.51,8838.62,8849.0,106.585448
2018-04-26 11:45:00,8849.0,8869.99,8848.0,8850.81,84.878505
2018-04-26 11:50:00,8848.02,8857.66,8846.66,8846.98,66.805954
2018-04-26 11:55:00,8846.35,8872.08,8846.34,8857.01,160.096758
2018-04-26 12:00:00,8858.51,8900.0,8857.01,8900.0,150.878627
2018-04-26 12:05:00,8899.99,8910.0,8881.01,8897.02,113.770383
2018-04-26 12:10:00,8898.59,8925.0,8890.98,8915.03,111.813547
2018-04-26 12:15:00,8915.04,8945.0,8915.0,8925.05,193.166424
2018-04-26 12:20:00,8925.04,8925.05,8885.0,8899.76,181.657872
2018-04-26 12:25:00,8899.65,8905.92,8865.24,8884.0,119.09101
2018-04-26 12:30:00,8880.2,8892.99,8871.55,8885.0,85.189732
2018-04-26 12:35:00,8885.0,8916.0,8882.0,8908.89,137.713488
2018-04-26 12:40:00,8907.99,8925.04,8904.01,8910.33,121.738415
2018-04-26 12:45:00,8911.73,8924.8,8897.53,8921.7,96.039176
2018-04-26 12:50:00,8920.79,8922.79,8897.03,8906.45,68.812901
2018-04-26 12:55:00,8908.45,8914.05,8894.0,8900.01,78.818352
2018-04-26 13:00:00,8904.78,8904.93,8850.0,8850.0,208.950987
2018-04-26 13:05:00,8850.11,8863.84,8839.0,8854.0,109.144965
2018-04-26 13:10:00,8855.0,8877.24,8850.76,8866.0,92.077541
2018-04-26 13:15:00,8866.0,8870.0,8840.0,8846.0,80.374726
2018-04-26 13:20:00,8845.98,8845.98,8785.0,8817.49,220.25623
2018-04-26 13:25:00,8817.49,8844.99,8809.0,8838.7,114.484491
2018-04-26 13:30:00,8839.0,8849.98,8820.66,8824.0,56.714656
2018-04-26 13:35:00,8824.0,8835.0,8801.0,8832.08,100.99403
2018-04-26 13:40:00,8835.85,8859.98,8832.08,8859.98,65.469152
2018-04-26 13:45:00,8859.98,8875.0,8851.95,8873.0,101.324642
2018-04-26 13:50:00,8872.0,8873.0,8829.79,8838.01,101.518544
2018-04-26 13:55:00,8838.0,8846.65,8810.63,8829.63,79.638428
2018-04-26 14:00:00,8828.27,8855.0,8826.9,8841.76,89.161124
2018-04-26 14:05:00,8841.75,8848.92,8830.01,8848.92,55.331396
2018-04-26 14:10:00,8848.85,8873.0,8842.98,8866.53,87.875584
2018-04-26 14:15:00,8866.53,8885.0,8842.0,8842.01,149.889199
2018-04-26 14:20:00,8840.92,8842.0,8777.77,8779.0,342.017221
2018-04-26 14:25:00,8779.0,8804.94,8764.86,8769.49,121.733029
2018-04-26 14:30:00,8763.99,8790.31,8740.01,8781.0,185.262313
2018-04-26 14:35:00,8785.97,8801.0,8780.07,8800.0,73.541027
2018-04-26 14:40:00,8800.0,8809.0,8750.01,8756.51,169.810517
2018-04-26 14:45:00,8756.51,8799.98,8750.03,8781.03,133.428504
2018-04-26 14:50:00,8784.02,8817.66,8781.0,8800.06,225.021943
2018-04-26 14:55:00,8800.08,8840.0,8800.01,8829.99,120.704212
2018-04-26 15:00:00,8829.99,8830.0,8810.03,8820.0,88.056839
2018-04-26 15:05:00,8820.0,8826.0,8802.0,8802.99,85.803645
2018-04-26 15:10:00,8803.0,8813.0,8787.21,8799.99,106.01166
2018-04-26 15:15:00,8799.99,8800.0,8768.6,8782.05,96.336326
2018-04-26 15:20:00,8788.0,8812.94,8782.34,8807.09,104.010555
2018-04-26 15:25:00,8807.13,8821.97,8792.01,8811.03,98.552564
2018-04-26 15:30:00,8811.03,8831.85,8811.0,8823.27,76.650156
2018-04-26 15:35:00,8819.01,8821.01,8787.0,8795.68,112.079323
2018-04-26 15:40:00,8800.0,8805.52,8782.06,8794.25,137.379483
2018-04-26 15:45:00,8794.25,8815.0,8785.27,8800.0,78.162276
2018-04-26 15:50:00,8797.62,8832.0,8790.0,8810.0,106.40343
2018-04-26 15:55:00,8810.0,8826.77,8800.0,8806.1,68.762722
2018-04-26 16:00:00,8806.1,8809.94,8775.89,8798.0,147.294756
2018-04-26 16:05:00,8797.57,8797.57,8783.2,8795.99,57.687495
2018-04-26 16:10:00,8797.57,8818.7,8795.0,8815.14,92.472521
2018-04-26 16:15:00,8816.66,8843.0,8815.0,8842.99,108.753485
2018-04-26 16:20:00,8842.99,8872.99,8841.64,8867.01,249.821725
2018-04-26 16:25:00,8867.02,8870.01,8833.0,8857.28,139.33501
2018-04-26 16:30:00,8856.22,8857.28,8841.14,8847.03,79.77339
2018-04-26 16:35:00,8849.99,8888.0,8845.02,8880.0,129.512743
2018-04-26 16:40:00,8883.8,8894.0,8855.0,8876.99,123.961977
2018-04-26 16:45:00,8875.98,8900.0,8873.85,8894.71,110.855444
2018-04-26 16:50:00,8894.99,8896.0,8875.02,8884.59,97.548219
2018-04-26 16:55:00,8884.79,8908.53,8884.59,8900.51,134.469739
2018-04-26 17:00:00,8899.0,8902.42,8875.0,8879.98,115.819683
2018-04-26 17:05:00,8879.98,8886.07,8867.5,8876.9,83.479488
2018-04-26 17:10:00,8876.9,8890.0,8872.63,8884.89,92.528381
2018-04-26 17:15:00,8884.0,8920.0,8881.87,8920.0,79.03783
2018-04-26 17:20:00,8918.95,8925.0,8880.0,8898.76,162.32123
2018-04-26 17:25:00,8898.73,8908.78,8860.35,8871.87,84.93392
2018-04-26 17:30:00,8875.0,8898.92,8865.0,8888.91,95.344983
2018-04-26 17:35:00,8890.47,8890.47,8872.86,8879.05,62.663578
2018-04-26 17:40:00,8879.05,8880.0,8846.0,8854.0,99.783039
2018-04-26 17:45:00,8854.0,8879.99,8845.03,8879.99,83.266987
2018-04-26 17:50:00,8875.0,8889.13,8861.0,8870.01,99.420139
2018-04-26 17:55:00,8873.3,8881.04,8847.09,8866.43,63.197393
2018-04-26 18:00:00,8866.43,8876.29,8857.9,8868.45,39.955016
2018-04-26 18:05:00,8868.45,8868.88,8839.53,8851.68,54.858665
2018-04-26 18:10:00,8851.07,8869.74,8851.04,8869.0,53.113307
2018-04-26 18:15:00,8869.73,8870.0,8860.0,8870.0,46.098413
2018-04-26 18:20:00,8869.99,8909.0,8867.01,8893.0,73.927972
2018-04-26 18:25:00,8893.0,8901.0,8873.99,8882.92,100.470018
2018-04-26 18:30:00,8882.92,8893.9,8870.0,8890.99,58.138337
2018-04-26 18:35:00,8890.0,8893.9,8863.0,8867.0,51.122558
2018-04-26 18:40:00,8867.0,8874.98,8852.0,8860.84,31.32591
2018-04-26 18:45:00,8860.83,8860.83,8837.0,8843.09,95.672114
2018-04-26 18:50:00,8847.97,8859.46,8837.0,8840.52,59.635915
2018-04-26 18:55:00,8841.98,8852.9,8834.02,8845.09,45.22609
2018-04-26 19:00:00,8845.1,8868.85,8844.0,8854.99,44.814308
2018-04-26 19:05:00,8854.99,8855.0,8838.35,8853.0,61.13847
2018-04-26 19:10:00,8852.99,8869.99,8845.0,8865.85,59.985308
2018-04-26 19:15:00,8860.99,8865.85,8846.0,8846.01,49.647545
2018-04-26 19:20:00,8849.53,8862.0,8846.0,8850.07,52.534943
2018-04-26 19:25:00,8856.95,8869.99,8850.07,8866.0,100.729798
2018-04-26 19:30:00,8866.0,8870.0,8860.0,8869.99,48.563642
2018-04-26 19:35:00,8869.99,8895.21,8868.02,8882.99,63.578151
2018-04-26 19:40:00,8877.07,8885.0,8865.0,8876.0,86.753097
2018-04-26 19:45:00,8880.0,8881.9,8861.0,8871.99,29.343358
2018-04-26 19:50:00,8871.99,8878.82,8865.01,8878.15,27.14235
2018-04-26 19:55:00,8878.15,8888.88,8871.0,8881.54,36.133915
2018-04-26 20:00:00,8880.0,8893.36,8880.0,8892.0,52.068753
2018-04-26 20:05:00,8892.0,9050.0,8888.0,9048.42,662.35307
2018-04-26 20:10:00,9040.43,9087.0,9032.45,9073.99,383.810985
2018-04-26 20:15:00,9070.21,9087.0,9027.94,9042.0,301.359743
2018-04-26 20:20:00,9043.07,9097.0,9041.99,9096.1,214.62135
2018-04-26 20:25:00,9096.1,9138.0,9075.25,9096.96,402.787079
2018-04-26 20:30:00,9104.96,9124.88,9076.0,9076.2,193.783823
2018-04-26 20:35:00,9078.0,9099.59,9062.72,9070.0,162.972189
2018-04-26 20:40:00,9069.18,9109.0,9067.02,9106.26,120.018059
2018-04-26 20:45:00,9106.26,9124.63,9075.0,9101.0,211.214281
2018-04-26 20:50:00,9101.01,9137.4,9099.99,9109.0,213.159817
2018-04-26 20:55:00,9108.98,9124.0,9101.04,9123.99,86.645325
2018-04-26 21:00:00,9123.99,9133.99,9111.11,9132.0,130.525699
2018-04-26 21:05:00,9130.54,9135.04,9101.04,9105.0,135.259782
2018-04-26 21:10:00,9105.0,9114.99,9090.0,9105.0,154.739433
2018-04-26 21:15:00,9114.81,9114.96,9100.0,9114.0,64.06073
2018-04-26 21:20:00,9110.0,9138.0,9105.99,9134.03,108.325612
2018-04-26 21:25:00,9134.03,9168.98,9134.03,9167.02,172.564819
2018-04-26 21:30:00,9167.02,9169.9,9138.0,9152.78,122.634961
2018-04-26 21:35:00,9149.99,9164.98,9120.0,9127.01,238.538042
2018-04-26 21:40:00,9132.94,9132.94,9066.02,9122.0,231.731446
2018-04-26 21:45:00,9122.01,9130.0,9115.01,9120.0,63.996896
2018-04-26 21:50:00,9119.99,9120.0,9078.02,9082.02,156.465517
2018-04-26 21:55:00,9083.0,9100.0,9080.0,9099.0,86.328364
2018-04-26 22:00:00,9100.0,9120.0,9096.01,9119.0,73.350722
2018-04-26 22:05:00,9119.0,9137.65,9115.5,9127.0,152.81654
2018-04-26 22:10:00,9127.01,9141.99,9120.0,9135.17,106.925352
2018-04-26 22:15:00,9135.17,9155.0,9135.17,9151.02,110.696147
2018-04-26 22:20:00,9150.99,9169.99,9150.99,9169.01,130.845381
2018-04-26 22:25:00,9169.01,9174.11,9141.2,9158.05,136.174179
2018-04-26 22:30:00,9156.72,9158.05,9131.0,9134.99,99.518816
2018-04-26 22:35:00,9134.79,9156.0,9131.55,9150.97,124.364734
2018-04-26 22:40:00,9150.97,9171.0,9147.03,9171.0,113.489857
2018-04-26 22:45:00,9170.08,9178.0,9150.0,9170.0,161.213325
2018-04-26 22:50:00,9170.0,9235.0,9168.97,9225.71,512.64291
2018-04-26 22:55:00,9230.0,9235.99,9211.09,9221.0,245.622654
2018-04-26 23:00:00,9221.0,9288.0,9217.72,9256.28,477.557972
2018-04-26 23:05:00,9257.33,9268.95,9218.9,9230.0,233.665252
2018-04-26 23:10:00,9230.0,9258.19,9215.01,9225.0,131.177354
2018-04-26 23:15:00,9223.73,9250.2,9216.63,9236.01,127.616191
2018-04-26 23:20:00,9238.97,9241.68,9190.0,9195.41,178.115034
2018-04-26 23:25:00,9190.43,9248.06,9188.0,9237.0,208.748687
2018-04-26 23:30:00,9237.0,9269.99,9236.99,9256.3,203.703296
2018-04-26 23:35:00,9256.3,9256.31,9234.99,9239.0,90.791461
2018-04-26 23:40:00,9240.0,9263.24,9230.01,9258.99,139.8284
2018-04-26 23:45:00,9259.01,9307.48,9257.88,9286.0,306.613927
2018-04-26 23:50:00,9287.69,9289.0,9260.0,9268.0,142.643961
2018-04-26 23:55:00,9267.48,9297.99,9261.44,9266.0,149.007887
2018-04-27 00:00:00,9267.03,9297.0,9257.0,9266.78,227.247075
2018-04-27 00:05:00,9266.76,9275.94,9215.0,9231.94,242.496915
2018-04-27 00:10:00,9231.94,9245.92,9216.0,9226.61,137.975458
2018-04-27 00:15:00,9226.94,9251.82,9217.01,9249.0,125.377042
2018-04-27 00:20:00,9248.99,9284.77,9240.39,9242.0,166.979104
2018-04-27 00:25:00,9242.0,9260.94,9240.37,9247.67,87.436529
2018-04-27 00:30:00,9249.01,9249.5,9230.06,9237.97,95.651249
2018-04-27 00:35:00,9237.96,9245.0,9210.1,9213.0,98.200756
2018-04-27 00:40:00,9213.0,9213.0,9177.0,9210.0,318.218943
2018-04-27 00:45:00,9210.0,9245.56,9206.07,9240.41,96.202134
2018-04-27 00:50:00,9240.0,9240.0,9229.0,9233.97,95.493403
2018-04-27 00:55:00,9228.11,9228.11,9200.0,9210.32,117.953264
2018-04-27 01:00:00,9210.29,9261.0,9210.21,9252.29,107.567648
2018-04-27 01:05:00,9260.91,9265.0,9238.8,9242.36,150.016869
2018-04-27 01:10:00,9242.36,9248.33,9229.09,9242.32,93.539777
2018-04-27 01:15:00,9242.3,9292.0,9242.25,9289.9,191.797758
2018-04-27 01:20:00,9285.01,9290.0,9260.01,9270.64,147.668334
2018-04-27 01:25:00,9270.64,9280.88,9242.33,9254.76,121.97824
2018-04-27 01:30:00,9250.0,9265.04,9250.0,9252.01,106.104622
2018-04-27 01:35:00,9252.01,9257.75,9220.0,9239.99,94.607613
2018-04-27 01:40:00,9239.99,9270.0,9239.99,9255.0,65.836641
2018-04-27 01:45:00,9255.0,9255.0,9246.42,9250.08,81.787521
2018-04-27 01:50:00,9250.09,9252.0,9214.0,9228.27,104.680519
2018-04-27 01:55:00,9228.27,9250.0,9218.39,9249.97,89.86277
2018-04-27 02:00:00,9240.0,9257.98,9239.64,9251.04,82.334538
2018-04-27 02:05:00,9251.0,9257.98,9247.01,9249.99,79.374552
2018-04-27 02:10:00,9249.02,9259.99,9239.66,9251.01,150.619092
2018-04-27 02:15:00,9259.35,9275.58,9252.34,9273.54,149.550558
2018-04-27 02:20:00,9273.65,9282.0,9265.0,9268.07,103.453623
2018-04-27 02:25:00,9268.07,9273.5,9265.99,9273.5,49.206054
2018-04-27 02:30:00,9272.32,9277.0,9265.6,9266.04,60.820051
2018-04-27 02:35:00,9266.05,9269.98,9250.0,9252.38,89.13042
2018-04-27 02:40:00,9252.38,9259.99,9237.0,9249.0,101.535796
2018-04-27 02:45:00,9248.0,9260.0,9233.51,9258.0,96.422288
2018-04-27 02:50:00,9258.0,9260.0,9249.99,9259.96,44.399873
2018-04-27 02:55:00,9259.96,9260.0,9244.75,9255.49,49.548735
2018-04-27 03:00:00,9255.5,9258.0,9232.3,9232.63,99.869894
2018-04-27 03:05:00,9240.05,9242.91,9218.0,9218.0,131.116939
2018-04-27 03:10:00,9218.0,9233.6,9213.25,9220.02,114.915528
2018-04-27 03:15:00,9220.01,9228.02,9216.42,9218.89,59.818394
2018-04-27 03:20:00,9218.89,9224.98,9216.42,9224.05,60.559213
2018-04-27 03:25:00,9224.97,9235.0,9218.05,9227.03,83.358238
2018-04-27 03:30:00,9227.03,9232.06,9210.93,9212.01,133.709651
2018-04-27 03:35:00,9212.0,9220.0,9200.01,9215.5,168.392538
2018-04-27 03:40:00,9215.5,9216.0,9130.1,9161.45,394.942802
2018-04-27 03:45:00,9156.81,9190.0,9140.82,9177.76,243.244154
2018-04-27 03:50:00,9177.0,9200.0,9167.89,9174.48,264.018689
2018-04-27 03:55:00,9174.48,9177.55,9123.25,9143.01,296.086166
2018-04-27 04:00:00,9143.01,9149.32,9104.88,9125.42,260.497988
2018-04-27 04:05:00,9125.4,9220.0,9118.0,9189.0,255.968969
2018-04-27 04:10:00,9189.0,9190.0,9162.76,9173.32,71.504378
2018-04-27 04:15:00,9173.31,9190.0,9162.76,9185.04,104.152575
2018-04-27 04:20:00,9185.04,9200.0,9181.51,9198.0,95.839297
2018-04-27 04:25:00,9200.0,9213.67,9194.17,9209.35,110.820657
2018-04-27 04:30:00,9209.35,9211.0,9175.6,9178.97,94.555597
2018-04-27 04:35:00,9178.97,9195.0,9175.59,9191.0,55.056409
2018-04-27 04:40:00,9188.55,9230.0,9186.64,9224.0,152.615689
2018-04-27 04:45:00,9224.0,9235.0,9209.98,9224.99,149.665361
2018-04-27 04:50:00,9213.82,9227.41,9203.08,9218.0,100.807295
2018-04-27 04:55:00,9211.1,9219.74,9203.96,9204.99,53.35839
2018-04-27 05:00:00,9205.0,9213.0,9188.0,9200.0,89.250511
2018-04-27 05:05:00,9196.0,9225.99,9196.0,9219.92,77.715488
2018-04-27 05:10:00,9219.93,9229.59,9203.03,9203.04,54.987886
2018-04-27 05:15:00,9203.04,9217.06,9195.0,9197.44,70.8507
2018-04-27 05:20:00,9195.92,9200.73,9189.8,9194.96,45.91781
2018-04-27 05:25:00,9196.01,9217.54,9194.94,9213.0,60.638973
2018-04-27 05:30:00,9217.54,9229.0,9196.0,9201.01,119.676041
2018-04-27 05:35:00,9200.08,9218.91,9196.1,9215.0,71.641912
2018-04-27 05:40:00,9215.01,9218.91,9200.0,9210.0,93.39838
2018-04-27 05:45:00,9210.0,9212.07,9197.12,9200.0,89.598171
2018-04-27 05:50:00,9200.0,9204.07,9180.0,9181.0,76.93283
2018-04-27 05:55:00,9183.08,9192.0,9160.0,9180.82,104.590462
2018-04-27 06:00:00,9184.99,9199.9,9176.99,9191.91,125.029089
2018-04-27 06:05:00,9191.91,9195.0,9179.0,9195.0,93.307995
2018-04-27 06:10:00,9194.23,9220.33,9194.23,9210.1,120.718172
2018-04-27 06:15:00,9209.97,9252.18,9209.97,9241.88,407.752367
2018-04-27 06:20:00,9240.01,9262.98,9232.0,9238.75,159.121306
2018-04-27 06:25:00,9238.75,9257.53,9220.0,9230.0,123.092003
2018-04-27 06:30:00,9230.0,9249.0,9230.0,9240.93,75.751813
2018-04-27 06:35:00,9242.97,9262.65,9240.92,9261.9,88.419296
2018-04-27 06:40:00,9261.03,9265.7,9226.0,9229.96,204.476528
2018-04-27 06:45:00,9229.96,9246.33,9226.0,9234.24,78.37857
2018-04-27 06:50:00,9235.18,9249.0,9232.16,9239.93,85.968744
2018-04-27 06:55:00,9239.93,9259.0,9233.0,9250.0,91.650666
2018-04-27 07:00:00,9249.99,9250.0,9233.0,9239.99,75.863
2018-04-27 07:05:00,9239.99,9239.99,9229.0,9229.0,56.456352
2018-04-27 07:10:00,9232.81,9235.0,9210.1,9230.01,93.794267
2018-04-27 07:15:00,9225.02,9232.74,9215.1,9229.01,68.536904
2018-04-27 07:20:00,9229.01,9231.5,9210.6,9217.27,100.683255
2018-04-27 07:25:00,9210.6,9217.31,9188.0,9188.0,143.49334
2018-04-27 07:30:00,9196.0,9217.79,9188.0,9211.02,78.52179
2018-04-27 07:35:00,9213.95,9226.0,9206.0,9215.6,71.133841
2018-04-27 07:40:00,9215.6,9220.25,9215.59,9220.24,62.125113
2018-04-27 07:45:00,9220.25,9230.0,9220.01,9225.0,47.995324
2018-04-27 07:50:00,9225.0,9235.0,9222.9,9229.0,89.13032
2018-04-27 07:55:00,9228.01,9250.0,9227.02,9240.97,119.813698
2018-04-27 08:00:00,9240.97,9249.25,9231.01,9242.5,69.056217
2018-04-27 08:05:00,9242.49,9296.0,9239.59,9289.86,288.656321
2018-04-27 08:10:00,9289.86,9296.0,9266.04,9280.0,195.827123
2018-04-27 08:15:00,9280.0,9280.87,9271.21,9275.0,103.143388
2018-04-27 08:20:00,9275.0,9281.99,9260.01,9272.96,116.357958
2018-04-27 08:25:00,9272.96,9279.36,9256.0,9271.0,122.435509
2018-04-27 08:30:00,9274.0,9274.0,9252.11,9252.2,85.700528
2018-04-27 08:35:00,9252.25,9260.99,9252.0,9259.11,58.38907
2018-04-27 08:40:00,9259.99,9259.99,9230.0,9238.79,91.327214
2018-04-27 08:45:00,9238.79,9249.0,9230.0,9247.99,54.025965
2018-04-27 08:50:00,9245.01,9268.98,9245.01,9263.69,71.048191
2018-04-27 08:55:00,9263.69,9269.88,9244.55,9260.0,81.03938
2018-04-27 09:00:00,9260.0,9260.46,9241.2,9251.0,54.184013
2018-04-27 09:05:00,9250.86,9268.78,9248.41,9255.0,57.846958
2018-04-27 09:10:00,9261.99,9268.99,9255.0,9268.0,40.183594
2018-04-27 09:15:00,9261.0,9277.65,9260.34,9270.1,39.555674
2018-04-27 09:20:00,9273.0,9279.88,9251.53,9258.99,100.44939
2018-04-27 09:25:00,9259.99,9274.99,9258.98,9265.0,77.009146
2018-04-27 09:30:00,9266.01,9266.01,9250.01,9260.0,83.219039
2018-04-27 09:35:00,9260.0,9340.0,9260.0,9336.99,477.731075
2018-04-27 09:40:00,9336.99,9361.86,9333.42,9348.83,390.634437
2018-04-27 09:45:00,9345.0,9368.0,9326.81,9360.0,229.552875
2018-04-27 09:50:00,9360.0,9370.82,9351.01,9370.82,129.246381
2018-04-27 09:55:00,9370.81,9387.48,9351.01,9369.0,275.232667
2018-04-27 10:00:00,9369.0,9376.5,9328.05,9328.05,162.364644
2018-04-27 10:05:00,9330.23,9349.99,9328.06,9338.0,132.821868
2018-04-27 10:10:00,9338.0,9367.23,9337.18,9350.0,100.276988
2018-04-27 10:15:00,9350.0,9370.0,9340.0,9369.91,103.947456
2018-04-27 10:20:00,9369.91,9380.0,9341.39,9348.0,175.441961
2018-04-27 10:25:00,9350.0,9375.82,9347.4,9368.99,140.896367
2018-04-27 10:30:00,9368.99,9370.98,9352.17,9355.0,94.570773
2018-04-27 10:35:00,9354.18,9368.0,9352.19,9365.0,85.579199
2018-04-27 10:40:00,9365.0,9395.0,9363.2,9382.01,319.417808
2018-04-27 10:45:00,9382.01,9382.1,9365.96,9370.65,120.700513
2018-04-27 10:50:00,9372.0,9374.0,9355.0,9359.84,110.887549
2018-04-27 10:55:00,9357.74,9372.0,9350.0,9365.0,69.85107
2018-04-27 11:00:00,9363.31,9367.97,9335.93,9342.0,146.086915
2018-04-27 11:05:00,9342.0,9352.03,9337.77,9344.0,78.139554
2018-04-27 11:10:00,9344.0,9354.0,9340.2,9340.21,58.251731
2018-04-27 11:15:00,9340.22,9340.22,9290.03,9316.0,283.34875
2018-04-27 11:20:00,9311.5,9331.72,9306.97,9331.72,94.91112
2018-04-27 11:25:00,9325.7,9345.52,9321.0,9345.52,75.628076
2018-04-27 11:30:00,9343.0,9345.54,9330.01,9334.97,98.755471
2018-04-27 11:35:00,9334.97,9334.97,9320.0,9327.99,45.750598
2018-04-27 11:40:00,9323.19,9327.98,9280.59,9300.0,166.752955
2018-04-27 11:45:00,9305.0,9310.0,9297.2,9309.0,80.3153
2018-04-27 11:50:00,9309.0,9335.18,9305.09,9321.0,66.865214
2018-04-27 11:55:00,9321.49,9323.01,9305.05,9309.0,136.111139
2018-04-27 12:00:00,9308.9,9333.0,9308.9,9331.86,142.225031
2018-04-27 12:05:00,9332.9,9339.0,9326.03,9337.01,103.110212
2018-04-27 12:10:00,9335.0,9355.0,9334.1,9345.0,81.990794
2018-04-27 12:15:00,9342.0,9349.97,9341.17,9348.09,92.862618
2018-04-27 12:20:00,9348.83,9348.83,9325.0,9332.99,88.388625
2018-04-27 12:25:00,9332.99,9349.99,9332.99,9349.9,42.11875
2018-04-27 12:30:00,9349.9,9350.0,9330.0,9333.01,110.780624
2018-04-27 12:35:00,9340.0,9345.0,9326.04,9335.02,106.665888
2018-04-27 12:40:00,9335.02,9347.0,9335.02,9339.01,115.429055
2018-04-27 12:45:00,9339.01,9347.73,9317.79,9320.0,79.737629
2018-04-27 12:50:00,9318.01,9324.99,9253.68,9288.99,248.340953
2018-04-27 12:55:00,9281.79,9291.48,9273.94,9290.07,97.726609
2018-04-27 13:00:00,9290.01,9318.62,9273.97,9298.13,122.731857
2018-04-27 13:05:00,9298.13,9310.72,9280.0,9281.37,170.283163
2018-04-27 13:10:00,9280.0,9295.64,9240.21,9241.01,204.033926
2018-04-27 13:15:00,9241.01,9265.99,9241.01,9252.01,105.307808
2018-04-27 13:20:00,9251.0,9255.0,9150.1,9194.99,726.211121
2018-04-27 13:25:00,9187.19,9220.0,9186.15,9190.01,239.420645
2018-04-27 13:30:00,9190.01,9202.39,9155.46,9190.99,306.559276
2018-04-27 13:35:00,9189.99,9235.29,9181.0,9207.1,184.866383
2018-04-27 13:40:00,9208.0,9250.0,9207.1,9221.0,151.342609
2018-04-27 13:45:00,9220.99,9230.0,9215.0,9229.23,85.788417
2018-04-27 13:50:00,9229.44,9232.0,9199.99,9218.72,161.514444
2018-04-27 13:55:00,9224.98,9231.5,9212.92,9225.0,67.012676
2018-04-27 14:00:00,9226.97,9228.91,9202.0,9215.83,52.827804
2018-04-27 14:05:00,9215.47,9229.0,9204.01,9219.99,67.939979
2018-04-27 14:10:00,9219.0,9249.0,9219.0,9240.0,98.684527
2018-04-27 14:15:00,9239.99,9242.0,9230.0,9235.38,77.203002
2018-04-27 14:20:00,9236.0,9270.36,9231.61,9257.4,181.106565
2018-04-27 14:25:00,9260.0,9266.65,9240.0,9260.15,122.872004
2018-04-27 14:30:00,9260.15,9275.0,9236.58,9243.99,118.552161
2018-04-27 14:35:00,9243.98,9244.0,9219.01,9220.6,94.670888
2018-04-27 14:40:00,9225.0,9259.99,9220.6,9253.04,137.564453
2018-04-27 14:45:00,9253.11,9271.37,9253.04,9263.96,119.602532
2018-04-27 14:50:00,9264.06,9268.61,9250.0,9265.0,144.085103
2018-04-27 14:55:00,9265.0,9290.0,9260.01,9288.88,185.949657
2018-04-27 15:00:00,9280.14,9288.88,9250.0,9257.99,158.696324
2018-04-27 15:05:00,9256.0,9268.02,9250.2,9259.94,73.807592
2018-04-27 15:10:00,9259.02,9264.0,9250.2,9250.21,91.508899
2018-04-27 15:15:00,9250.21,9264.99,9237.01,9248.11,132.790625
2018-04-27 15:20:00,9248.11,9253.5,9213.85,9220.1,199.342245
2018-04-27 15:25:00,9220.0,9247.36,9210.01,9235.0,189.250666
2018-04-27 15:30:00,9235.14,9245.55,9225.0,9245.55,115.549613
2018-04-27 15:35:00,9245.54,9260.0,9239.71,9255.68,97.290195
2018-04-27 15:40:00,9255.68,9260.0,9242.05,9251.01,113.058314
2018-04-27 15:45:00,9251.01,9255.69,9249.99,9250.35,58.597382
2018-04-27 15:50:00,9251.0,9251.0,9240.01,9242.35,63.980855
2018-04-27 15:55:00,9240.02,9250.57,9240.01,9241.21,66.08646
2018-04-27 16:00:00,9241.2,9287.0,9241.0,9281.01,166.531484
2018-04-27 16:05:00,9283.99,9299.37,9281.0,9290.0,151.851976
2018-04-27 16:10:00,9290.0,9310.96,9288.15,9308.87,171.683582
2018-04-27 16:15:00,9306.0,9328.26,9291.01,9323.75,189.693177
2018-04-27 16:20:00,9323.74,9323.74,9280.0,9287.99,174.213149
2018-04-27 16:25:00,9287.99,9298.98,9287.0,9297.0,70.035844
2018-04-27 16:30:00,9296.95,9300.0,9285.05,9295.0,81.619764
2018-04-27 16:35:00,9295.0,9298.57,9269.0,9279.26,82.611593
2018-04-27 16:40:00,9279.26,9290.0,9276.03,9287.0,72.210469
2018-04-27 16:45:00,9290.0,9294.44,9283.0,9285.99,70.874618
2018-04-27 16:50:00,9285.99,9299.46,9275.78,9295.78,81.172624
2018-04-27 16:55:00,9295.78,9299.99,9280.0,9282.1,83.013821
2018-04-27 17:00:00,9286.01,9299.98,9286.0,9296.75,66.179504
2018-04-27 17:05:00,9296.74,9297.0,9290.0,9294.99,37.976429
2018-04-27 17:10:00,9294.99,9294.99,9269.54,9280.97,70.847905
2018-04-27 17:15:00,9280.97,9285.0,9266.0,9280.0,116.746282
2018-04-27 17:20:00,9280.0,9293.48,9270.05,9293.46,113.404238
2018-04-27 17:25:00,9293.47,9319.99,9293.0,9301.33,108.049014
2018-04-27 17:30:00,9301.83,9316.0,9293.0,9310.0,120.941805
2018-04-27 17:35:00,9306.01,9310.0,9282.99,9282.99,101.379306
2018-04-27 17:40:00,9288.06,9299.0,9288.06,9298.0,124.218454
2018-04-27 17:45:00,9294.99,9303.15,9290.02,9293.53,104.858125
2018-04-27 17:50:00,9294.99,9299.0,9292.52,9295.23,71.265381
2018-04-27 17:55:00,9295.23,9305.0,9290.1,9290.1,86.363639
2018-04-27 18:00:00,9290.1,9296.31,9240.0,9247.01,158.371072
2018-04-27 18:05:00,9252.95,9280.0,9249.0,9275.0,78.70798
2018-04-27 18:10:00,9273.03,9280.0,9271.01,9272.47,42.669908
2018-04-27 18:15:00,9272.47,9282.0,9272.46,9278.42,103.029266
2018-04-27 18:20:00,9278.42,9278.42,9230.0,9248.0,132.100252
2018-04-27 18:25:00,9248.0,9262.0,9225.0,9244.93,84.874749
2018-04-27 18:30:00,9244.94,9245.0,9227.04,9228.01,72.198213
2018-04-27 18:35:00,9228.01,9245.0,9213.8,9243.96,105.965098
2018-04-27 18:40:00,9245.0,9271.76,9242.27,9252.0,59.604413
2018-04-27 18:45:00,9252.0,9268.99,9252.0,9252.01,49.968391
2018-04-27 18:50:00,9252.01,9252.13,9240.27,9242.48,38.244825
2018-04-27 18:55:00,9240.28,9242.5,9230.0,9230.89,76.172975
2018-04-27 19:00:00,9230.89,9235.0,9220.0,9233.15,86.352374
2018-04-27 19:05:00,9233.38,9250.56,9226.0,9227.0,71.956221
2018-04-27 19:10:00,9227.0,9235.0,9191.0,9195.04,163.943971
2018-04-27 19:15:00,9195.02,9219.83,9188.0,9204.11,91.711628
2018-04-27 19:20:00,9204.11,9209.38,9168.0,9171.58,152.272147
2018-04-27 19:25:00,9179.25,9215.11,9170.94,9190.0,126.551375
2018-04-27 19:30:00,9189.85,9199.0,9176.2,9176.83,79.900222
2018-04-27 19:35:00,9185.0,9196.22,9170.0,9190.01,139.182029
2018-04-27 19:40:00,9196.21,9210.0,9185.19,9187.97,62.652607
2018-04-27 19:45:00,9185.19,9190.0,9157.01,9157.01,184.917031
2018-04-27 19:50:00,9160.73,9167.09,9092.0,9105.03,632.035225
2018-04-27 19:55:00,9105.03,9125.4,9075.01,9089.0,305.71061
2018-04-27 20:00:00,9089.12,9153.99,9087.02,9137.95,269.377808
2018-04-27 20:05:00,9130.01,9163.38,9127.12,9136.43,133.948809
2018-04-27 20:10:00,9136.43,9150.0,9131.15,9133.42,82.327372
2018-04-27 20:15:00,9133.42,9133.42,9101.0,9105.0,98.706543
2018-04-27 20:20:00,9105.0,9114.99,9073.54,9083.0,124.1464
2018-04-27 20:25:00,9073.67,9110.0,9054.01,9090.55,281.565903
2018-04-27 20:30:00,9090.55,9098.68,9055.44,9063.2,148.877815
2018-04-27 20:35:00,9069.92,9069.99,9005.0,9011.0,418.234429
2018-04-27 20:40:00,9011.0,9017.98,8952.0,8964.99,655.157837
2018-04-27 20:45:00,8955.02,9019.0,8952.0,8976.99,422.783762
2018-04-27 20:50:00,8976.99,9020.0,8970.01,8982.0,203.528156
2018-04-27 20:55:00,8982.0,8987.92,8940.0,8970.0,245.411274
2018-04-27 21:00:00,8969.99,8978.0,8909.83,8927.0,325.097453
2018-04-27 21:05:00,8927.0,8987.0,8922.27,8979.6,206.152679
2018-04-27 21:10:00,8979.6,9040.0,8960.0,9029.92,265.91794
2018-04-27 21:15:00,9024.99,9053.0,9010.01,9015.04,242.214586
2018-04-27 21:20:00,9015.04,9035.0,9008.59,9032.0,108.508298
2018-04-27 21:25:00,9032.0,9032.0,8980.0,8991.0,167.186584
2018-04-27 21:30:00,8991.0,8998.88,8970.01,8987.04,109.505161
2018-04-27 21:35:00,8988.0,9015.33,8987.03,9014.98,108.989248
2018-04-27 21:40:00,9010.02,9019.96,8990.0,8995.17,75.017529
2018-04-27 21:45:00,8995.17,9004.02,8976.05,9004.01,78.460328
2018-04-27 21:50:00,9004.01,9042.09,9002.0,9028.0,89.67987
2018-04-27 21:55:00,9026.5,9029.64,8966.44,8975.35,134.503978
2018-04-27 22:00:00,8975.36,9015.0,8975.36,9005.03,143.708091
2018-04-27 22:05:00,9002.2,9040.76,8985.06,9030.0,84.923131
2018-04-27 22:10:00,9038.61,9045.0,9030.0,9042.67,71.767239
2018-04-27 22:15:00,9042.01,9045.0,9024.96,9033.61,72.794173
2018-04-27 22:20:00,9028.0,9035.39,9025.01,9035.01,35.01155
2018-04-27 22:25:00,9035.01,9073.77,9035.01,9071.0,126.84132
2018-04-27 22:30:00,9071.0,9073.77,9060.0,9070.0,77.519298
2018-04-27 22:35:00,9071.0,9078.0,9066.01,9075.0,63.687313
2018-04-27 22:40:00,9074.0,9093.09,9071.18,9079.01,132.060099
2018-04-27 22:45:00,9085.0,9085.0,9051.02,9064.96,131.800654
2018-04-27 22:50:00,9064.99,9068.99,9056.35,9068.0,55.68689
2018-04-27 22:55:00,9068.99,9068.99,9030.01,9031.0,81.288218
2018-04-27 23:00:00,9032.0,9036.1,9022.0,9033.28,114.693321
2018-04-27 23:05:00,9033.28,9064.97,9032.01,9063.6,74.388156
2018-04-27 23:10:00,9063.6,9073.93,9043.96,9056.95,69.477556
2018-04-27 23:15:00,9058.99,9059.0,9038.0,9040.0,46.975833
2018-04-27 23:20:00,9043.37,9058.99,9040.0,9049.7,64.342176
2018-04-27 23:25:00,9050.49,9058.97,9034.99,9038.0,35.250271
2018-04-27 23:30:00,9038.0,9038.0,8970.0,8991.9,199.180527
2018-04-27 23:35:00,8990.99,8991.9,8970.1,8982.99,88.851302
2018-04-27 23:40:00,8983.0,8996.67,8981.07,8991.0,104.271344
2018-04-27 23:45:00,8990.99,8996.0,8968.45,8979.82,67.370601
2018-04-27 23:50:00,8979.82,8986.94,8911.0,8915.87,197.311027
2018-04-27 23:55:00,8923.62,8929.79,8889.0,8915.35,262.656837
2018-04-28 00:00:00,8915.35,8915.35,8870.0,8887.13,302.432026
2018-04-28 00:05:00,8895.66,8932.8,8884.0,8913.97,197.713596
2018-04-28 00:10:00,8912.0,8938.2,8900.0,8938.2,128.982863
2018-04-28 00:15:00,8938.2,8949.01,8916.14,8943.04,170.248259
2018-04-28 00:20:00,8948.95,8987.0,8930.0,8975.26,96.324512
2018-04-28 00:25:00,8980.0,8982.72,8961.71,8976.98,82.234713
2018-04-28 00:30:00,8976.99,9007.12,8976.04,8990.0,104.88489
2018-04-28 00:35:00,8989.99,9033.82,8981.0,9033.82,87.569231
2018-04-28 00:40:00,9033.82,9049.76,9022.0,9040.0,100.002398
2018-04-28 00:45:00,9040.0,9041.0,9007.2,9040.0,226.321606
2018-04-28 00:50:00,9040.0,9041.0,8998.0,9000.0,148.634432
2018-04-28 00:55:00,8999.8,9011.02,8988.99,9010.11,108.691794
2018-04-28 01:00:00,9005.98,9029.85,9005.97,9019.99,123.034169
2018-04-28 01:05:00,9019.0,9019.0,9000.0,9017.07,88.568039
2018-04-28 01:10:00,9017.07,9031.85,9012.5,9030.01,80.992571
2018-04-28 01:15:00,9030.01,9038.08,9024.0,9038.08,86.63113
2018-04-28 01:20:00,9038.08,9042.79,9012.45,9013.0,98.37722
2018-04-28 01:25:00,9020.5,9035.99,9013.01,9035.0,49.980048
2018-04-28 01:30:00,9036.0,9049.0,9025.01,9049.0,36.898103
2018-04-28 01:35:00,9049.0,9078.64,9042.8,9075.2,132.570753
2018-04-28 01:40:00,9076.0,9097.99,9075.0,9092.0,174.937772
2018-04-28 01:45:00,9095.93,9095.94,9075.0,9090.0,127.264184
2018-04-28 01:50:00,9092.0,9098.0,9084.98,9092.13,123.727975
2018-04-28 01:55:00,9090.01,9126.81,9085.0,9126.81,175.879484
2018-04-28 02:00:00,9126.81,9128.09,9089.98,9110.01,177.008943
2018-04-28 02:05:00,9110.01,9129.17,9100.32,9123.95,121.484369
2018-04-28 02:10:00,9120.57,9129.0,9100.39,9110.01,70.790694
2018-04-28 02:15:00,9108.0,9115.0,9075.19,9085.0,178.394866
2018-04-28 02:20:00,9085.01,9123.03,9080.0,9116.93,125.837923
2018-04-28 02:25:00,9117.99,9117.99,9100.0,9100.33,136.733858
2018-04-28 02:30:00,9100.33,9112.8,9100.33,9112.79,72.770444
2018-04-28 02:35:00,9112.79,9119.0,9105.25,9108.06,65.203598
2018-04-28 02:40:00,9108.06,9112.86,9086.7,9094.98,75.994532
2018-04-28 02:45:00,9094.99,9094.99,9073.68,9084.72,69.426213
2018-04-28 02:50:00,9084.42,9086.99,9055.0,9056.64,117.390593
2018-04-28 02:55:00,9056.64,9072.86,9050.0,9055.78,106.600025
2018-04-28 03:00:00,9053.47,9083.3,9051.0,9082.81,36.921342
2018-04-28 03:05:00,9082.8,9086.0,9075.76,9085.0,62.763055
2018-04-28 03:10:00,9085.0,9100.0,9085.0,9097.51,92.894174
2018-04-28 03:15:00,9096.28,9097.51,9093.0,9095.1,51.695194
2018-04-28 03:20:00,9095.1,9146.99,9095.09,9121.26,154.991284
2018-04-28 03:25:00,9121.26,9130.26,9110.46,9112.27,78.987087
2018-04-28 03:30:00,9112.0,9129.42,9110.0,9124.23,58.328808
2018-04-28 03:35:00,9124.23,9130.0,9108.94,9115.23,60.477084
2018-04-28 03:40:00,9115.23,9124.0,9100.0,9114.0,54.735571
2018-04-28 03:45:00,9114.0,9140.0,9114.0,9137.61,69.353824
2018-04-28 03:50:00,9137.61,9196.32,9137.61,9176.7,272.432961
2018-04-28 03:55:00,9176.7,9181.66,9152.44,9155.0,95.488285
2018-04-28 04:00:00,9155.01,9168.71,9145.0,9151.06,107.200392
2018-04-28 04:05:00,9151.06,9151.11,9137.72,9140.97,69.258449
2018-04-28 04:10:00,9147.85,9149.99,9137.73,9142.99,54.618694
2018-04-28 04:15:00,9142.99,9145.97,9130.01,9140.56,62.824666
2018-04-28 04:20:00,9141.0,9160.0,9139.79,9160.0,74.431934
2018-04-28 04:25:00,9159.99,9162.34,9153.0,9160.95,77.053455
2018-04-28 04:30:00,9160.92,9161.11,9135.0,9136.0,86.896824
2018-04-28 04:35:00,9143.98,9155.0,9131.0,9149.8,62.008718
2018-04-28 04:40:00,9149.8,9165.47,9147.0,9148.01,47.044864
2018-04-28 04:45:00,9148.01,9158.0,9144.36,9148.05,61.75724
2018-04-28 04:50:00,9149.8,9150.0,9111.21,9135.81,78.034383
2018-04-28 04:55:00,9135.74,9149.0,9121.03,9138.53,135.790711
2018-04-28 05:00:00,9138.54,9157.1,9127.64,9145.0,83.922232
2018-04-28 05:05:00,9144.0,9168.2,9142.0,9168.09,88.314886
2018-04-28 05:10:00,9168.01,9184.8,9161.02,9180.02,96.661065
2018-04-28 05:15:00,9180.02,9188.5,9167.06,9172.05,66.298234
2018-04-28 05:20:00,9171.01,9176.93,9170.0,9175.0,55.888688
2018-04-28 05:25:00,9175.0,9177.78,9151.45,9157.1,130.234571
2018-04-28 05:30:00,9157.0,9164.18,9144.01,9152.09,101.157957
2018-04-28 05:35:00,9153.77,9163.57,9141.3,9162.85,44.180913
2018-04-28 05:40:00,9160.14,9162.85,9141.3,9156.99,55.259826
2018-04-28 05:45:00,9150.02,9157.0,9140.67,9153.33,35.944951
2018-04-28 05:50:00,9148.09,9162.0,9148.08,9160.19,57.846459
2018-04-28 05:55:00,9160.19,9169.0,9152.0,9164.49,118.315541
2018-04-28 06:00:00,9164.48,9175.1,9160.01,9165.06,70.473654
2018-04-28 06:05:00,9165.06,9198.61,9165.06,9175.0,214.08311
2018-04-28 06:10:00,9175.0,9199.99,9169.9,9189.93,150.035219
2018-04-28 06:15:00,9189.93,9200.0,9177.08,9196.01,110.445079
2018-04-28 06:20:00,9199.99,9200.0,9170.0,9179.89,101.340406
2018-04-28 06:25:00,9179.79,9185.13,9170.02,9184.0,52.069816
2018-04-28 06:30:00,9184.01,9200.28,9175.0,9200.02,101.820553
2018-04-28 06:35:00,9200.12,9200.89,9180.0,9182.0,81.530433
2018-04-28 06:40:00,9182.0,9209.8,9181.11,9203.0,142.765442
2018-04-28 06:45:00,9203.0,9215.66,9200.0,9215.0,95.501122
2018-04-28 06:50:00,9215.0,9215.0,9178.35,9189.89,118.774562
2018-04-28 06:55:00,9187.0,9189.86,9150.67,9163.03,109.970379
2018-04-28 07:00:00,9163.02,9171.07,9130.02,9135.29,140.211933
2018-04-28 07:05:00,9136.0,9136.01,9128.0,9132.98,179.556117
2018-04-28 07:10:00,9132.99,9160.6,9132.98,9150.99,88.476361
2018-04-28 07:15:00,9151.0,9157.85,9146.0,9147.74,57.872797
2018-04-28 07:20:00,9147.74,9164.19,9147.1,9164.12,51.636585
2018-04-28 07:25:00,9164.18,9165.0,9153.6,9153.67,64.863922
2018-04-28 07:30:00,9153.67,9154.08,9126.01,9136.23,126.890128
2018-04-28 07:35:00,9140.53,9144.97,9108.99,9125.0,140.261038
2018-04-28 07:40:00,9125.86,9142.1,9118.6,9124.92,86.852199
2018-04-28 07:45:00,9129.81,9129.81,9110.0,9125.03,129.483599
2018-04-28 07:50:00,9125.03,9145.0,9125.0,9140.02,77.138868
2018-04-28 07:55:00,9140.02,9140.02,9118.7,9126.22,59.857268
2018-04-28 08:00:00,9121.05,9126.21,9106.1,9114.0,72.431991
2018-04-28 08:05:00,9114.0,9114.93,9084.73,9095.98,173.606325
2018-04-28 08:10:00,9091.11,9102.0,9081.02,9088.99,93.240201
2018-04-28 08:15:00,9089.0,9110.0,9085.02,9106.64,105.319139
2018-04-28 08:20:00,9106.64,9110.0,9088.98,9090.5,124.503822
2018-04-28 08:25:00,9090.5,9098.0,9086.96,9090.0,58.302573
2018-04-28 08:30:00,9090.0,9258.0,9088.96,9246.33,428.46146
2018-04-28 08:35:00,9246.33,9298.72,9246.3,9271.06,481.334723
2018-04-28 08:40:00,9274.97,9330.0,9267.55,9320.0,445.043953
2018-04-28 08:45:00,9315.0,9325.0,9276.82,9294.76,305.81893
2018-04-28 08:50:00,9295.0,9307.0,9281.0,9292.69,126.406359
2018-04-28 08:55:00,9293.98,9312.91,9190.0,9217.48,634.283897
2018-04-28 09:00:00,9227.49,9250.0,9155.55,9191.17,449.975722
2018-04-28 09:05:00,9191.17,9223.78,9155.06,9223.65,236.594436
2018-04-28 09:10:00,9219.0,9223.77,9184.07,9195.61,93.84023
2018-04-28 09:15:00,9195.6,9210.0,9171.02,9195.87,150.555622
2018-04-28 09:20:00,9192.99,9231.87,9188.12,9224.99,139.129652
2018-04-28 09:25:00,9223.02,9288.0,9221.0,9276.13,200.807481
2018-04-28 09:30:00,9270.0,9280.0,9245.0,9248.03,152.868223
2018-04-28 09:35:00,9248.03,9300.4,9224.11,9279.0,257.291229
2018-04-28 09:40:00,9272.63,9286.27,9269.02,9275.0,107.636074
2018-04-28 09:45:00,9275.0,9280.08,9270.12,9276.85,58.185788
2018-04-28 09:50:00,9276.85,9276.85,9242.07,9260.0,80.715601
2018-04-28 09:55:00,9256.05,9275.0,9256.05,9273.0,45.435025
2018-04-28 10:00:00,9273.0,9275.0,9263.12,9272.03,36.344275
2018-04-28 10:05:00,9272.05,9310.0,9257.8,9286.96,323.06135
2018-04-28 10:10:00,9280.75,9309.51,9253.65,9285.65,162.097256
2018-04-28 10:15:00,9293.59,9294.57,9277.0,9284.0,41.04739
2018-04-28 10:20:00,9284.01,9307.0,9284.0,9301.58,109.887216
2018-04-28 10:25:00,9301.6,9308.74,9253.0,9275.39,148.435098
2018-04-28 10:30:00,9284.95,9284.96,9258.09,9263.01,64.318058
2018-04-28 10:35:00,9263.01,9268.84,9229.68,9243.36,126.028007
2018-04-28 10:40:00,9246.01,9254.93,9229.68,9235.52,96.048174
2018-04-28 10:45:00,9235.52,9247.46,9225.0,9239.01,92.117459
2018-04-28 10:50:00,9239.01,9268.81,9237.0,9268.0,72.038453
2018-04-28 10:55:00,9267.49,9283.0,9250.01,9277.29,86.335382
2018-04-28 11:00:00,9277.29,9287.56,9250.0,9255.01,47.911021
2018-04-28 11:05:00,9255.04,9256.0,9233.0,9233.04,59.512052
2018-04-28 11:10:00,9233.03,9248.55,9230.0,9241.03,63.818689
2018-04-28 11:15:00,9241.03,9246.97,9235.0,9240.43,38.285687
2018-04-28 11:20:00,9240.43,9260.0,9236.13,9245.0,47.61733
2018-04-28 11:25:00,9246.0,9259.79,9245.14,9246.55,40.526608
2018-04-28 11:30:00,9246.56,9249.98,9235.0,9245.0,63.404383
2018-04-28 11:35:00,9246.22,9246.22,9201.0,9211.23,154.875137
2018-04-28 11:40:00,9214.69,9225.0,9190.0,9218.2,93.729788
2018-04-28 11:45:00,9217.63,9237.99,9204.99,9218.32,59.81961
2018-04-28 11:50:00,9215.02,9229.1,9215.02,9220.0,36.293673
2018-04-28 11:55:00,9219.99,9220.0,9203.0,9218.57,49.085557
2018-04-28 12:00:00,9218.57,9261.6,9210.0,9258.01,154.48183
2018-04-28 12:05:00,9258.02,9260.0,9244.12,9255.12,77.168792
2018-04-28 12:10:00,9253.01,9272.38,9252.0,9269.99,109.294114
2018-04-28 12:15:00,9266.18,9279.79,9266.02,9274.01,117.654768
2018-04-28 12:20:00,9274.02,9330.0,9272.0,9305.02,328.735264
2018-04-28 12:25:00,9305.02,9364.99,9297.06,9364.98,370.194277
2018-04-28 12:30:00,9364.99,9400.01,9342.69,9375.0,498.992503
2018-04-28 12:35:00,9378.54,9380.0,9350.3,9365.31,165.366181
2018-04-28 12:40:00,9360.01,9378.13,9360.0,9370.09,107.362518
2018-04-28 12:45:00,9370.09,9378.0,9342.03,9346.71,125.340618
2018-04-28 12:50:00,9346.71,9376.9,9335.0,9376.0,161.544847
2018-04-28 12:55:00,9376.0,9379.9,9370.0,9378.07,164.312812
2018-04-28 13:00:00,9378.07,9379.1,9348.7,9360.63,120.292517
2018-04-28 13:05:00,9360.63,9375.0,9334.0,9375.0,115.774551
2018-04-28 13:10:00,9371.07,9391.75,9360.58,9391.2,186.763243
2018-04-28 13:15:00,9391.75,9419.0,9375.71,9376.01,203.272212
2018-04-28 13:20:00,9380.0,9390.0,9360.58,9389.68,128.268352
2018-04-28 13:25:00,9389.67,9390.99,9375.0,9375.01,94.833369
2018-04-28 13:30:00,9375.0,9385.0,9365.0,9377.01,90.795952
2018-04-28 13:35:00,9377.0,9379.99,9366.02,9374.0,93.360285
2018-04-28 13:40:00,9372.94,9372.94,9357.0,9365.92,86.424234
2018-04-28 13:45:00,9365.0,9377.0,9350.64,9377.0,110.950713
2018-04-28 13:50:00,9377.0,9385.1,9363.01,9381.98,99.321621
2018-04-28 13:55:00,9381.98,9391.34,9381.0,9387.99,96.587861
2018-04-28 14:00:00,9387.99,9409.34,9381.06,9407.29,150.807599
2018-04-28 14:05:00,9409.04,9427.48,9403.49,9421.02,228.31697
2018-04-28 14:10:00,9421.02,9425.78,9405.99,9417.0,265.309946
2018-04-28 14:15:00,9418.98,9419.97,9388.84,9390.0,135.120368
2018-04-28 14:20:00,9394.0,9401.48,9377.0,9401.01,112.131478
2018-04-28 14:25:00,9401.0,9405.0,9389.47,9395.13,104.095362
2018-04-28 14:30:00,9395.97,9404.91,9388.0,9388.0,123.484454
2018-04-28 14:35:00,9385.0,9388.99,9307.87,9326.14,285.652093
2018-04-28 14:40:00,9330.0,9339.06,9283.0,9310.01,298.506865
2018-04-28 14:45:00,9310.01,9323.3,9281.01,9300.1,208.56418
2018-04-28 14:50:00,9300.1,9312.0,9280.0,9308.01,380.86287
2018-04-28 14:55:00,9310.0,9314.97,9290.0,9311.02,115.047018
2018-04-28 15:00:00,9310.25,9310.25,9258.0,9273.03,288.809812
2018-04-28 15:05:00,9276.7,9279.61,9239.0,9269.0,239.443888
2018-04-28 15:10:00,9267.65,9287.99,9251.08,9258.24,136.748725
2018-04-28 15:15:00,9258.22,9300.62,9255.06,9300.0,192.569646
2018-04-28 15:20:00,9300.1,9317.49,9282.0,9299.01,151.729041
2018-04-28 15:25:00,9299.51,9302.28,9270.0,9270.0,111.986856
2018-04-28 15:30:00,9272.0,9300.28,9272.0,9300.28,69.831902
2018-04-28 15:35:00,9300.28,9314.0,9297.01,9311.99,72.847298
2018-04-28 15:40:00,9311.99,9347.75,9307.0,9344.0,149.776227
2018-04-28 15:45:00,9344.0,9348.77,9317.89,9342.0,122.487492
2018-04-28 15:50:00,9340.03,9342.01,9330.0,9338.98,72.491804
2018-04-28 15:55:00,9339.63,9361.86,9338.0,9360.0,85.513303
2018-04-28 16:00:00,9360.0,9384.4,9349.98,9374.72,133.792012
2018-04-28 16:05:00,9373.45,9376.87,9340.0,9350.0,115.439329
2018-04-28 16:10:00,9350.0,9354.93,9318.79,9340.06,132.7936
2018-04-28 16:15:00,9340.06,9364.83,9340.0,9358.81,82.753393
2018-04-28 16:20:00,9357.99,9373.67,9350.01,9373.66,121.368294
2018-04-28 16:25:00,9373.01,9375.0,9348.56,9370.01,96.772233
2018-04-28 16:30:00,9361.49,9370.02,9340.65,9352.99,141.980123
2018-04-28 16:35:00,9352.08,9357.59,9260.0,9284.48,252.555076
2018-04-28 16:40:00,9274.5,9317.02,9260.26,9296.97,196.56493
2018-04-28 16:45:00,9296.97,9309.0,9272.88,9275.38,153.058179
2018-04-28 16:50:00,9288.98,9329.91,9271.8,9325.0,115.493727
2018-04-28 16:55:00,9325.01,9339.82,9310.82,9316.29,103.820607
2018-04-28 17:00:00,9316.29,9350.0,9310.82,9335.0,111.984104
2018-04-28 17:05:00,9333.32,9346.75,9321.95,9340.0,79.624045
2018-04-28 17:10:00,9340.0,9346.75,9325.2,9325.2,84.169258
2018-04-28 17:15:00,9327.99,9347.99,9302.1,9346.73,88.209173
2018-04-28 17:20:00,9346.74,9348.99,9327.56,9330.22,116.079681
2018-04-28 17:25:00,9338.99,9339.15,9320.48,9334.0,102.56153
2018-04-28 17:30:00,9334.01,9348.87,9333.99,9348.87,113.49562
2018-04-28 17:35:00,9348.0,9361.12,9343.8,9353.52,126.331742
2018-04-28 17:40:00,9353.51,9365.0,9349.17,9365.0,135.10071
2018-04-28 17:45:00,9359.99,9365.35,9318.79,9345.0,214.32881
2018-04-28 17:50:00,9341.0,9345.0,9303.06,9316.96,135.865302
2018-04-28 17:55:00,9316.96,9329.0,9287.0,9290.0,374.066158
2018-04-28 18:00:00,9291.0,9330.0,9290.0,9325.0,95.079505
2018-04-28 18:05:00,9325.0,9360.0,9318.01,9346.31,80.571858
2018-04-28 18:10:00,9360.0,9375.01,9346.39,9369.71,189.151391
2018-04-28 18:15:00,9366.0,9377.87,9360.0,9377.0,148.966322
2018-04-28 18:20:00,9375.6,9399.0,9361.94,9382.29,207.065262
2018-04-28 18:25:00,9382.29,9386.63,9359.96,9368.02,69.089567
2018-04-28 18:30:00,9370.0,9389.45,9359.96,9378.04,92.724264
2018-04-28 18:35:00,9383.7,9392.2,9378.0,9388.0,87.25559
2018-04-28 18:40:00,9388.01,9394.81,9376.0,9389.9,73.038138
2018-04-28 18:45:00,9390.0,9409.0,9387.06,9397.48,192.91341
2018-04-28 18:50:00,9397.47,9410.0,9379.0,9394.79,147.261442
2018-04-28 18:55:00,9387.42,9404.0,9380.0,9390.52,101.331273
2018-04-28 19:00:00,9398.98,9398.98,9370.0,9387.1,100.612865
2018-04-28 19:05:00,9387.09,9393.99,9379.0,9389.9,36.06919
2018-04-28 19:10:00,9387.38,9404.99,9386.41,9389.02,59.872001
2018-04-28 19:15:00,9389.02,9398.73,9386.43,9391.0,58.170574
2018-04-28 19:20:00,9391.97,9395.97,9361.0,9385.0,109.556485
2018-04-28 19:25:00,9380.0,9399.75,9380.0,9385.7,49.765381
2018-04-28 19:30:00,9385.7,9404.0,9380.01,9403.99,58.485865
2018-04-28 19:35:00,9404.0,9404.0,9353.29,9374.58,122.925843
2018-04-28 19:40:00,9372.0,9391.04,9350.9,9377.04,51.109768
2018-04-28 19:45:00,9377.04,9386.97,9363.01,9384.97,84.189711
2018-04-28 19:50:00,9384.97,9398.77,9384.0,9398.71,53.633888
2018-04-28 19:55:00,9398.71,9398.77,9380.01,9393.0,52.409172
2018-04-28 20:00:00,9393.0,9398.77,9393.0,9395.0,36.335415
2018-04-28 20:05:00,9395.0,9398.0,9388.4,9390.01,64.258446
2018-04-28 20:10:00,9390.01,9395.0,9375.0,9383.99,64.737465
2018-04-28 20:15:00,9383.99,9390.03,9365.69,9390.03,70.346371
2018-04-28 20:20:00,9390.02,9427.48,9390.02,9424.0,258.517647
2018-04-28 20:25:00,9424.16,9426.0,9375.03,9388.6,125.83668
2018-04-28 20:30:00,9393.45,9416.3,9375.0,9387.57,152.779545
2018-04-28 20:35:00,9387.53,9408.0,9375.01,9397.0,59.679316
2018-04-28 20:40:00,9396.99,9402.39,9385.0,9395.91,49.190983
2018-04-28 20:45:00,9395.91,9405.0,9387.02,9400.0,92.444129
2018-04-28 20:50:00,9400.0,9400.0,9385.01,9389.0,56.507214
2018-04-28 20:55:00,9389.0,9390.0,9300.0,9331.58,272.040104
2018-04-28 21:00:00,9313.73,9350.23,9304.84,9338.01,109.029595
2018-04-28 21:05:00,9338.07,9338.99,9290.0,9307.02,162.504422
2018-04-28 21:10:00,9318.38,9341.04,9308.0,9330.0,94.157859
2018-04-28 21:15:00,9330.0,9338.58,9315.0,9326.98,82.72348
2018-04-28 21:20:00,9320.23,9329.98,9320.12,9325.1,48.392955
2018-04-28 21:25:00,9325.1,9330.0,9321.08,9325.03,42.217666
2018-04-28 21:30:00,9325.02,9326.0,9262.0,9270.0,225.815761
2018-04-28 21:35:00,9268.04,9298.36,9258.05,9291.84,130.531518
2018-04-28 21:40:00,9291.84,9293.12,9258.05,9270.05,99.946527
2018-04-28 21:45:00,9270.03,9287.25,9258.0,9265.03,94.466122
2018-04-28 21:50:00,9265.02,9281.49,9260.02,9275.05,62.871395
2018-04-28 21:55:00,9279.88,9306.0,9272.02,9300.0,82.039764
2018-04-28 22:00:00,9300.01,9328.88,9300.0,9323.11,109.387301
2018-04-28 22:05:00,9325.05,9333.93,9325.04,9332.0,75.625041
2018-04-28 22:10:00,9332.0,9364.0,9328.01,9345.14,86.25004
2018-04-28 22:15:00,9345.14,9350.0,9332.04,9337.98,49.33263
2018-04-28 22:20:00,9337.0,9339.99,9315.5,9325.99,70.45704
2018-04-28 22:25:00,9323.64,9348.0,9315.51,9341.77,75.406195
2018-04-28 22:30:00,9347.0,9347.77,9320.19,9340.33,62.302409
2018-04-28 22:35:00,9335.3,9360.2,9334.0,9356.0,67.920072
2018-04-28 22:40:00,9359.0,9359.0,9344.03,9352.9,72.367199
2018-04-28 22:45:00,9344.99,9354.57,9331.06,9343.47,31.92962
2018-04-28 22:50:00,9343.5,9357.0,9330.01,9354.99,47.298883
2018-04-28 22:55:00,9352.51,9362.96,9337.19,9359.01,41.130823
2018-04-28 23:00:00,9359.99,9366.46,9358.99,9365.0,82.109229
2018-04-28 23:05:00,9365.0,9374.7,9363.0,9373.84,65.448826
2018-04-28 23:10:00,9373.84,9374.0,9365.0,9371.58,51.495967
2018-04-28 23:15:00,9365.25,9384.12,9365.14,9370.87,109.796716
2018-04-28 23:20:00,9372.44,9378.84,9362.26,9366.01,63.985624
2018-04-28 23:25:00,9366.01,9368.99,9350.2,9356.89,56.174718
2018-04-28 23:30:00,9356.89,9356.89,9330.01,9349.99,72.595648
2018-04-28 23:35:00,9350.0,9361.43,9349.99,9356.8,89.302749
2018-04-28 23:40:00,9352.0,9357.0,9333.01,9339.9,95.966878
2018-04-28 23:45:00,9333.17,9374.17,9333.0,9365.85,86.06804
2018-04-28 23:50:00,9356.61,9363.61,9333.1,9344.51,55.308789
2018-04-28 23:55:00,9349.94,9360.76,9342.15,9348.0,49.023725
2018-04-29 00:00:00,9348.0,9373.56,9340.0,9359.95,85.532199
2018-04-29 00:05:00,9359.95,9375.0,9355.0,9373.68,72.555171
2018-04-29 00:10:00,9370.19,9398.17,9366.02,9390.0,93.983102
2018-04-29 00:15:00,9389.01,9412.7,9389.01,9406.0,205.936003
2018-04-29 00:20:00,9405.89,9427.48,9405.89,9427.44,124.050647
2018-04-29 00:25:00,9427.0,9427.48,9390.0,9415.04,150.095992
2018-04-29 00:30:00,9419.94,9419.94,9376.06,9387.58,114.114101
2018-04-29 00:35:00,9390.0,9423.57,9379.73,9418.0,90.470018
2018-04-29 00:40:00,9418.0,9425.0,9409.1,9414.99,118.065254
2018-04-29 00:45:00,9414.98,9420.92,9400.03,9410.0,96.478204
2018-04-29 00:50:00,9406.0,9412.22,9395.0,9409.99,93.799876
2018-04-29 00:55:00,9409.99,9415.02,9400.0,9405.0,76.362696
2018-04-29 01:00:00,9405.0,9407.0,9399.99,9400.95,65.122341
2018-04-29 01:05:00,9400.99,9414.6,9395.05,9411.1,62.793069
2018-04-29 01:10:00,9410.99,9413.98,9400.89,9410.6,50.904728
2018-04-29 01:15:00,9410.6,9421.0,9407.0,9420.98,77.645257
2018-04-29 01:20:00,9420.99,9431.0,9420.0,9431.0,171.19742
2018-04-29 01:25:00,9430.52,9450.0,9425.8,9444.47,219.438959
2018-04-29 01:30:00,9444.47,9494.0,9444.47,9491.01,469.520353
2018-04-29 01:35:00,9491.01,9513.9,9470.0,9470.05,367.316171
2018-04-29 01:40:00,9475.5,9512.89,9457.49,9511.0,213.959754
2018-04-29 01:45:00,9511.0,9512.0,9491.01,9504.0,148.361687
2018-04-29 01:50:00,9504.0,9504.98,9463.18,9484.87,121.288926
2018-04-29 01:55:00,9475.1,9499.59,9444.88,9499.5,209.032334
2018-04-29 02:00:00,9499.02,9534.24,9490.0,9524.86,245.846487
2018-04-29 02:05:00,9529.95,9570.0,9524.86,9563.0,427.758016
2018-04-29 02:10:00,9570.0,9570.0,9525.89,9530.54,202.754486
2018-04-29 02:15:00,9534.99,9550.9,9530.52,9549.5,126.449259
2018-04-29 02:20:00,9550.0,9570.51,9515.68,9515.68,212.484746
2018-04-29 02:25:00,9519.74,9530.0,9475.0,9510.0,203.977084
2018-04-29 02:30:00,9510.0,9524.18,9478.01,9484.0,106.004308
2018-04-29 02:35:00,9484.0,9488.98,9477.43,9484.17,95.38185
2018-04-29 02:40:00,9484.16,9489.99,9482.0,9489.98,56.132977
2018-04-29 02:45:00,9485.0,9509.94,9485.0,9501.0,100.861931
2018-04-29 02:50:00,9501.4,9515.98,9500.0,9507.99,78.466041
2018-04-29 02:55:00,9512.99,9544.8,9502.51,9543.96,133.967766
2018-04-29 03:00:00,9540.04,9544.8,9509.0,9521.65,137.25445
2018-04-29 03:05:00,9521.65,9524.99,9481.0,9489.0,115.704367
2018-04-29 03:10:00,9498.72,9504.99,9475.0,9484.0,114.884862
2018-04-29 03:15:00,9475.57,9523.99,9475.52,9488.02,265.963309
2018-04-29 03:20:00,9488.02,9521.0,9488.02,9498.87,151.070672
2018-04-29 03:25:00,9496.0,9515.0,9495.03,9502.03,93.721863
2018-04-29 03:30:00,9509.75,9512.27,9474.2,9476.0,259.079933
2018-04-29 03:35:00,9475.03,9480.0,9441.0,9468.98,300.881213
2018-04-29 03:40:00,9468.98,9493.81,9460.05,9477.0,134.684843
2018-04-29 03:45:00,9475.0,9495.0,9472.0,9480.42,68.408872
2018-04-29 03:50:00,9480.42,9487.53,9465.0,9478.93,60.099038
2018-04-29 03:55:00,9478.93,9495.0,9478.57,9484.26,119.83155
2018-04-29 04:00:00,9484.24,9499.0,9481.0,9495.0,147.478806
2018-04-29 04:05:00,9495.51,9528.04,9495.0,9500.0,192.70388
2018-04-29 04:10:00,9500.0,9520.0,9495.58,9505.0,141.768322
2018-04-29 04:15:00,9507.94,9514.05,9495.74,9505.0,124.905381
2018-04-29 04:20:00,9503.0,9512.0,9495.0,9497.79,101.566693
2018-04-29 04:25:00,9496.05,9533.98,9490.0,9490.0,146.823057
2018-04-29 04:30:00,9492.88,9500.07,9486.0,9500.07,120.207374
2018-04-29 04:35:00,9500.06,9500.06,9478.93,9494.0,99.013604
2018-04-29 04:40:00,9490.04,9494.99,9475.0,9489.0,80.374865
2018-04-29 04:45:00,9488.99,9489.71,9473.0,9475.02,57.577564
2018-04-29 04:50:00,9475.02,9480.64,9460.0,9475.49,87.890844
2018-04-29 04:55:00,9475.49,9480.0,9463.03,9465.18,92.822079
2018-04-29 05:00:00,9467.98,9485.0,9463.02,9469.98,101.421021
2018-04-29 05:05:00,9469.98,9495.48,9467.04,9491.87,90.731313
2018-04-29 05:10:00,9485.0,9495.48,9461.01,9469.0,116.730364
2018-04-29 05:15:00,9469.0,9477.49,9461.01,9472.03,48.627555
2018-04-29 05:20:00,9472.03,9480.01,9472.03,9478.0,71.375839
2018-04-29 05:25:00,9478.0,9479.87,9464.99,9469.83,62.873667
2018-04-29 05:30:00,9469.82,9474.0,9467.0,9472.0,50.192458
2018-04-29 05:35:00,9472.0,9475.01,9465.32,9465.34,110.44769
2018-04-29 05:40:00,9468.0,9473.0,9450.0,9472.5,149.805395
2018-04-29 05:45:00,9473.0,9473.0,9405.0,9415.0,183.790241
2018-04-29 05:50:00,9424.98,9426.89,9400.11,9410.0,171.421049
2018-04-29 05:55:00,9410.0,9451.98,9407.0,9434.19,167.378275
2018-04-29 06:00:00,9434.2,9442.78,9415.01,9420.0,110.709643
2018-04-29 06:05:00,9420.0,9437.0,9414.0,9432.23,66.10104
2018-04-29 06:10:00,9432.24,9475.01,9421.03,9459.41,105.319826
2018-04-29 06:15:00,9459.41,9473.0,9455.52,9465.0,88.910391
2018-04-29 06:20:00,9465.01,9472.98,9455.59,9466.88,81.980574
2018-04-29 06:25:00,9466.88,9468.18,9455.6,9460.01,67.077955
2018-04-29 06:30:00,9464.0,9468.18,9446.88,9458.57,114.192524
2018-04-29 06:35:00,9458.58,9472.0,9446.88,9468.45,50.001105
2018-04-29 06:40:00,9468.45,9485.0,9465.0,9480.0,108.794057
2018-04-29 06:45:00,9485.0,9498.46,9480.0,9498.45,121.952047
2018-04-29 06:50:00,9498.45,9498.46,9480.0,9495.58,84.5841
2018-04-29 06:55:00,9497.97,9498.46,9478.05,9494.01,70.603241
2018-04-29 07:00:00,9494.01,9498.46,9480.0,9491.0,87.291758
2018-04-29 07:05:00,9497.0,9513.97,9490.0,9495.0,97.860913
2018-04-29 07:10:00,9495.01,9510.0,9495.0,9505.12,78.580783
2018-04-29 07:15:00,9506.62,9509.51,9466.0,9466.0,118.316655
2018-04-29 07:20:00,9466.0,9497.0,9465.9,9480.01,60.690679
2018-04-29 07:25:00,9480.01,9489.83,9466.0,9466.11,83.125568
2018-04-29 07:30:00,9466.11,9490.0,9459.41,9470.8,114.266926
2018-04-29 07:35:00,9482.11,9485.0,9450.5,9458.95,138.50663
2018-04-29 07:40:00,9458.97,9473.58,9453.03,9463.0,85.768745
2018-04-29 07:45:00,9463.0,9468.96,9440.0,9440.0,107.770831
2018-04-29 07:50:00,9443.23,9458.0,9430.46,9435.64,135.760427
2018-04-29 07:55:00,9436.49,9454.18,9435.41,9443.2,90.370733
2018-04-29 08:00:00,9443.2,9469.01,9441.0,9461.08,102.20477
2018-04-29 08:05:00,9461.07,9480.0,9450.0,9450.0,152.149113
2018-04-29 08:10:00,9450.0,9470.81,9440.0,9458.0,125.273125
2018-04-29 08:15:00,9458.0,9477.87,9437.0,9446.39,235.507442
2018-04-29 08:20:00,9446.38,9448.95,9420.01,9420.01,156.229216
2018-04-29 08:25:00,9420.01,9430.0,9407.0,9425.99,145.822788
2018-04-29 08:30:00,9425.99,9425.99,9395.0,9400.01,243.39985
2018-04-29 08:35:00,9400.01,9414.0,9383.91,9390.0,154.716011
2018-04-29 08:40:00,9393.77,9406.03,9350.08,9370.0,367.3723
2018-04-29 08:45:00,9369.0,9387.93,9338.0,9341.68,309.1027
2018-04-29 08:50:00,9341.68,9341.68,9260.0,9271.5,909.232033
2018-04-29 08:55:00,9271.5,9323.98,9259.98,9285.47,507.434604
2018-04-29 09:00:00,9285.48,9285.48,9207.0,9217.23,598.741972
2018-04-29 09:05:00,9215.0,9263.85,9207.0,9256.0,507.411892
2018-04-29 09:10:00,9256.99,9298.0,9255.11,9271.0,458.564198
2018-04-29 09:15:00,9267.51,9330.0,9258.81,9320.0,358.392471
2018-04-29 09:20:00,9324.96,9330.71,9277.98,9300.0,312.601202
2018-04-29 09:25:00,9302.49,9310.0,9267.0,9306.15,227.790555
2018-04-29 09:30:00,9302.01,9304.96,9254.22,9267.02,234.766009
2018-04-29 09:35:00,9267.02,9267.02,9219.0,9250.0,249.508409
2018-04-29 09:40:00,9244.0,9284.44,9244.0,9281.0,230.003435
2018-04-29 09:45:00,9283.39,9302.01,9280.0,9286.0,142.676011
2018-04-29 09:50:00,9286.0,9308.08,9280.0,9306.24,216.409276
2018-04-29 09:55:00,9308.08,9312.0,9281.0,9284.99,209.593852
2018-04-29 10:00:00,9284.99,9285.0,9248.12,9274.13,207.680224
2018-04-29 10:05:00,9274.13,9307.79,9271.12,9305.0,130.881993
2018-04-29 10:10:00,9305.96,9307.79,9249.01,9262.0,306.508115
2018-04-29 10:15:00,9254.04,9282.99,9253.21,9276.41,66.434508
2018-04-29 10:20:00,9276.41,9287.41,9268.7,9287.41,88.430182
2018-04-29 10:25:00,9286.81,9289.0,9264.82,9268.7,218.937286
2018-04-29 10:30:00,9268.71,9339.37,9241.38,9256.0,287.948949
2018-04-29 10:35:00,9256.0,9259.0,9200.0,9202.0,280.751719
2018-04-29 10:40:00,9202.0,9244.3,9200.01,9215.66,217.605471
2018-04-29 10:45:00,9209.01,9215.61,9163.74,9186.5,416.386125
2018-04-29 10:50:00,9186.0,9241.58,9184.0,9238.56,274.447227
2018-04-29 10:55:00,9238.02,9241.99,9205.0,9210.03,191.521987
2018-04-29 11:00:00,9210.03,9220.77,9180.0,9200.01,305.507474
2018-04-29 11:05:00,9209.76,9209.77,9171.03,9189.97,339.080181
2018-04-29 11:10:00,9189.1,9206.51,9178.83,9183.84,192.189699
2018-04-29 11:15:00,9184.0,9245.0,9175.76,9230.0,238.939108
2018-04-29 11:20:00,9239.92,9250.01,9220.4,9249.0,204.56651
2018-04-29 11:25:00,9240.02,9249.64,9227.65,9230.1,122.194004
2018-04-29 11:30:00,9230.1,9236.51,9204.0,9215.53,140.86793
2018-04-29 11:35:00,9215.52,9228.99,9210.0,9223.01,94.238781
2018-04-29 11:40:00,9227.89,9236.71,9220.0,9229.26,146.697021
2018-04-29 11:45:00,9224.0,9278.0,9222.0,9266.7,203.710919
2018-04-29 11:50:00,9263.0,9275.0,9231.15,9252.01,201.439407
2018-04-29 11:55:00,9252.01,9269.99,9246.04,9265.0,99.67383
2018-04-29 12:00:00,9265.0,9310.0,9263.51,9310.0,201.173272
2018-04-29 12:05:00,9310.0,9320.0,9240.0,9263.0,345.941768
2018-04-29 12:10:00,9263.0,9275.51,9255.0,9264.03,61.836168
2018-04-29 12:15:00,9262.0,9299.0,9262.0,9292.59,134.668392
2018-04-29 12:20:00,9291.82,9299.0,9260.0,9281.84,143.371497
2018-04-29 12:25:00,9281.84,9301.2,9258.0,9261.35,145.315705
2018-04-29 12:30:00,9261.35,9277.69,9228.22,9230.3,109.600249
2018-04-29 12:35:00,9230.3,9247.29,9205.0,9220.0,165.512503
2018-04-29 12:40:00,9220.01,9242.83,9220.0,9237.2,88.224543
2018-04-29 12:45:00,9237.21,9241.0,9230.02,9236.0,75.435227
2018-04-29 12:50:00,9232.0,9243.88,9230.93,9236.0,107.877138
2018-04-29 12:55:00,9236.0,9255.0,9236.0,9247.48,143.504009
2018-04-29 13:00:00,9247.4,9267.01,9247.4,9258.03,95.865858
2018-04-29 13:05:00,9265.0,9295.0,9258.08,9294.0,153.200856
2018-04-29 13:10:00,9294.0,9300.0,9272.01,9283.02,145.030275
2018-04-29 13:15:00,9285.0,9287.8,9260.01,9264.0,107.255514
2018-04-29 13:20:00,9260.01,9290.0,9260.01,9289.98,74.629648
2018-04-29 13:25:00,9289.98,9290.05,9264.0,9267.99,155.362431
2018-04-29 13:30:00,9267.99,9287.08,9260.0,9273.05,129.860309
2018-04-29 13:35:00,9273.05,9305.0,9269.0,9305.0,99.186671
2018-04-29 13:40:00,9305.0,9310.0,9288.01,9300.0,110.01847
2018-04-29 13:45:00,9300.0,9316.58,9296.04,9314.07,152.886471
2018-04-29 13:50:00,9314.07,9330.0,9308.01,9312.01,168.28481
2018-04-29 13:55:00,9313.51,9320.29,9307.84,9316.0,119.642447
2018-04-29 14:00:00,9318.99,9350.0,9315.0,9321.17,251.142134
2018-04-29 14:05:00,9321.17,9337.44,9319.19,9332.0,155.611507
2018-04-29 14:10:00,9332.0,9332.94,9318.0,9320.01,97.235487
2018-04-29 14:15:00,9320.24,9334.59,9320.24,9332.0,100.436249
2018-04-29 14:20:00,9332.0,9344.7,9325.0,9338.79,93.87666
2018-04-29 14:25:00,9338.79,9344.49,9325.39,9341.01,97.414364
2018-04-29 14:30:00,9341.01,9341.01,9335.87,9338.0,87.512334
2018-04-29 14:35:00,9335.87,9367.99,9331.01,9362.39,162.831855
2018-04-29 14:40:00,9362.39,9382.62,9346.75,9353.77,169.151958
2018-04-29 14:45:00,9355.0,9359.42,9311.0,9320.01,129.275172
2018-04-29 14:50:00,9320.0,9320.0,9286.2,9294.0,147.41692
2018-04-29 14:55:00,9292.02,9294.01,9270.59,9282.01,163.984991
2018-04-29 15:00:00,9290.66,9325.0,9283.38,9312.0,157.686021
2018-04-29 15:05:00,9312.0,9331.72,9290.0,9304.39,176.680364
2018-04-29 15:10:00,9304.39,9323.75,9296.1,9323.74,53.717052
2018-04-29 15:15:00,9323.74,9344.04,9315.05,9324.88,88.040194
2018-04-29 15:20:00,9324.89,9327.8,9300.0,9312.97,75.677949
2018-04-29 15:25:00,9312.97,9330.09,9305.01,9309.0,52.153852
2018-04-29 15:30:00,9314.99,9316.01,9298.0,9310.91,95.532927
2018-04-29 15:35:00,9309.16,9324.99,9307.0,9319.0,66.53035
2018-04-29 15:40:00,9319.0,9334.0,9317.48,9325.03,75.925122
2018-04-29 15:45:00,9326.0,9335.51,9322.1,9335.0,101.058259
2018-04-29 15:50:00,9335.51,9349.37,9335.0,9349.0,105.811084
2018-04-29 15:55:00,9349.0,9356.0,9324.2,9337.06,140.255144
2018-04-29 16:00:00,9331.52,9344.97,9318.8,9323.0,83.15672
2018-04-29 16:05:00,9325.0,9326.19,9302.0,9312.98,118.757934
2018-04-29 16:10:00,9312.98,9325.0,9309.0,9320.01,91.84533
2018-04-29 16:15:00,9320.01,9339.0,9315.51,9329.45,75.282603
2018-04-29 16:20:00,9329.67,9338.98,9320.48,9326.39,79.311281
2018-04-29 16:25:00,9326.39,9326.4,9315.62,9319.0,62.736674
2018-04-29 16:30:00,9319.0,9323.69,9302.0,9319.99,109.518106
2018-04-29 16:35:00,9319.99,9328.21,9316.99,9327.0,69.219266
2018-04-29 16:40:00,9324.36,9328.21,9321.01,9324.0,51.527803
2018-04-29 16:45:00,9324.0,9325.99,9310.6,9317.0,98.618486
2018-04-29 16:50:00,9317.0,9317.0,9304.84,9309.99,71.523093
2018-04-29 16:55:00,9309.99,9315.0,9304.84,9307.0,104.222042
2018-04-29 17:00:00,9307.0,9308.0,9250.0,9268.0,342.680176
2018-04-29 17:05:00,9270.0,9271.68,9230.23,9235.78,169.729236
2018-04-29 17:10:00,9235.78,9279.0,9231.0,9270.01,138.842779
2018-04-29 17:15:00,9270.01,9293.52,9270.0,9282.92,109.832872
2018-04-29 17:20:00,9279.01,9300.01,9278.0,9292.06,80.33746
2018-04-29 17:25:00,9292.06,9297.0,9263.13,9279.55,81.351691
2018-04-29 17:30:00,9279.48,9295.14,9266.19,9282.27,101.512516
2018-04-29 17:35:00,9282.27,9288.84,9277.09,9277.93,54.455415
2018-04-29 17:40:00,9277.94,9350.0,9271.0,9328.32,155.63901
2018-04-29 17:45:00,9330.0,9339.96,9306.89,9328.0,61.478162
2018-04-29 17:50:00,9325.19,9342.5,9325.18,9336.94,91.470225
2018-04-29 17:55:00,9336.92,9345.77,9330.0,9330.0,66.553657
2018-04-29 18:00:00,9330.0,9333.0,9320.0,9323.25,81.331155
2018-04-29 18:05:00,9323.25,9333.01,9310.14,9333.01,48.23641
2018-04-29 18:10:00,9333.01,9339.11,9315.0,9315.79,46.596771
2018-04-29 18:15:00,9319.66,9320.51,9309.02,9310.0,63.084695
2018-04-29 18:20:00,9310.0,9327.0,9300.0,9314.31,54.337929
2018-04-29 18:25:00,9314.31,9320.0,9302.0,9309.02,57.17067
2018-04-29 18:30:00,9305.3,9330.0,9300.0,9329.89,46.188992
2018-04-29 18:35:00,9329.89,9334.0,9312.01,9313.0,42.014315
2018-04-29 18:40:00,9313.0,9326.5,9312.02,9324.49,40.226338
2018-04-29 18:45:00,9321.01,9335.0,9321.01,9330.23,63.093833
2018-04-29 18:50:00,9330.23,9335.0,9320.0,9330.0,55.558884
2018-04-29 18:55:00,9330.0,9348.56,9329.0,9344.0,161.789531
2018-04-29 19:00:00,9344.0,9345.55,9331.12,9333.0,95.086881
2018-04-29 19:05:00,9332.86,9335.0,9331.11,9334.5,65.72348
2018-04-29 19:10:00,9334.5,9349.01,9334.5,9343.0,60.72035
2018-04-29 19:15:00,9343.0,9350.0,9338.0,9347.0,108.823671
2018-04-29 19:20:00,9347.0,9368.0,9347.0,9348.26,89.171789
2018-04-29 19:25:00,9355.45,9360.76,9320.0,9334.0,59.93294
2018-04-29 19:30:00,9335.01,9342.28,9330.0,9330.0,58.145753
2018-04-29 19:35:00,9333.03,9335.91,9315.0,9318.9,65.398222
2018-04-29 19:40:00,9318.02,9341.99,9316.0,9334.49,39.654589
2018-04-29 19:45:00,9333.0,9349.92,9333.0,9349.87,50.999372
2018-04-29 19:50:00,9345.0,9349.0,9332.76,9342.0,39.157025
2018-04-29 19:55:00,9342.01,9349.0,9311.0,9320.07,87.990193
2018-04-29 20:00:00,9326.99,9339.48,9301.2,9335.0,66.026888
2018-04-29 20:05:00,9335.0,9337.0,9320.17,9320.24,36.01049
2018-04-29 20:10:00,9325.0,9329.14,9310.0,9322.01,48.920615
2018-04-29 20:15:00,9322.01,9324.89,9313.01,9324.84,50.087807
2018-04-29 20:20:00,9323.99,9325.0,9302.0,9302.5,84.57665
2018-04-29 20:25:00,9302.51,9306.36,9290.92,9297.0,104.717433
2018-04-29 20:30:00,9298.99,9314.24,9297.0,9309.94,71.772734
2018-04-29 20:35:00,9309.95,9315.87,9300.0,9314.72,65.496743
2018-04-29 20:40:00,9307.54,9315.0,9300.0,9304.0,77.127841
2018-04-29 20:45:00,9304.0,9310.0,9292.03,9298.03,39.461976
2018-04-29 20:50:00,9298.03,9339.0,9293.4,9328.0,116.737415
2018-04-29 20:55:00,9334.76,9334.82,9311.19,9317.99,37.668837
2018-04-29 21:00:00,9316.1,9329.0,9307.0,9320.0,58.324997
2018-04-29 21:05:00,9320.0,9330.0,9320.0,9325.01,41.596874
2018-04-29 21:10:00,9325.01,9340.0,9323.13,9334.99,34.34212
2018-04-29 21:15:00,9331.0,9334.99,9330.01,9334.94,23.081127
2018-04-29 21:20:00,9334.94,9348.73,9329.21,9348.67,54.544077
2018-04-29 21:25:00,9348.65,9352.0,9335.2,9343.2,44.23059
2018-04-29 21:30:00,9347.98,9347.98,9328.01,9339.0,60.704607
2018-04-29 21:35:00,9338.45,9346.98,9335.0,9344.0,50.770189
2018-04-29 21:40:00,9343.99,9345.0,9335.0,9342.0,39.174849
2018-04-29 21:45:00,9342.0,9344.0,9336.08,9340.17,57.982222
2018-04-29 21:50:00,9340.16,9344.0,9332.76,9332.76,75.968225
2018-04-29 21:55:00,9332.65,9344.0,9324.0,9335.1,63.591427
2018-04-29 22:00:00,9336.64,9350.12,9332.0,9346.0,70.858411
2018-04-29 22:05:00,9346.0,9361.21,9338.72,9359.86,89.768625
2018-04-29 22:10:00,9359.0,9380.0,9351.0,9378.0,118.608891
2018-04-29 22:15:00,9380.0,9397.76,9376.0,9388.99,158.435603
2018-04-29 22:20:00,9388.99,9396.99,9369.99,9369.99,84.841967
2018-04-29 22:25:00,9370.0,9384.89,9368.0,9384.8,76.283311
2018-04-29 22:30:00,9384.79,9422.51,9377.77,9421.69,140.881313
2018-04-29 22:35:00,9421.7,9429.99,9374.53,9396.48,221.629072
2018-04-29 22:40:00,9396.48,9416.79,9395.0,9411.66,59.208563
2018-04-29 22:45:00,9411.66,9430.0,9400.0,9425.1,94.05128
2018-04-29 22:50:00,9429.99,9438.0,9392.03,9399.98,132.510509
2018-04-29 22:55:00,9399.98,9417.0,9390.82,9405.45,84.028896
2018-04-29 23:00:00,9407.72,9413.0,9380.0,9394.0,95.897043
2018-04-29 23:05:00,9400.0,9419.0,9393.99,9419.0,48.157706
2018-04-29 23:10:00,9417.0,9427.99,9407.52,9409.82,70.492219
2018-04-29 23:15:00,9409.82,9419.95,9394.1,9412.0,66.595306
2018-04-29 23:20:00,9413.22,9427.7,9400.78,9422.51,53.082769
2018-04-29 23:25:00,9426.49,9426.49,9412.0,9422.46,43.10408
2018-04-29 23:30:00,9422.42,9422.47,9394.0,9400.04,81.808874
2018-04-29 23:35:00,9400.01,9413.2,9398.0,9409.95,62.98668
2018-04-29 23:40:00,9409.94,9421.88,9406.63,9415.0,60.305866
2018-04-29 23:45:00,9413.21,9419.99,9410.03,9419.4,83.703036
2018-04-29 23:50:00,9419.4,9428.99,9412.03,9422.98,99.922299
2018-04-29 23:55:00,9425.0,9428.99,9410.0,9419.0,93.391922
2018-04-30 00:00:00,9417.04,9450.0,9414.48,9435.01,147.591771
2018-04-30 00:05:00,9435.57,9446.07,9421.68,9433.72,111.563262
2018-04-30 00:10:00,9439.97,9439.97,9421.68,9435.0,98.010231
2018-04-30 00:15:00,9435.0,9435.0,9410.0,9420.0,90.239365
2018-04-30 00:20:00,9410.32,9424.01,9383.04,9383.99,202.867175
2018-04-30 00:25:00,9383.99,9385.0,9351.99,9381.96,192.92145
2018-04-30 00:30:00,9381.96,9398.09,9371.02,9373.0,97.235405
2018-04-30 00:35:00,9372.99,9385.68,9368.01,9385.01,107.013687
2018-04-30 00:40:00,9385.01,9390.11,9350.0,9350.0,131.285012
2018-04-30 00:45:00,9350.0,9389.56,9344.02,9375.03,117.131115
2018-04-30 00:50:00,9379.98,9400.0,9370.01,9397.99,82.699828
2018-04-30 00:55:00,9398.0,9429.3,9398.0,9420.0,77.755571
2018-04-30 01:00:00,9420.0,9430.29,9400.29,9413.01,171.440338
2018-04-30 01:05:00,9413.02,9425.0,9413.02,9417.99,88.704911
2018-04-30 01:10:00,9417.0,9418.0,9407.85,9409.5,107.215611
2018-04-30 01:15:00,9416.99,9432.0,9409.5,9417.36,102.120894
2018-04-30 01:20:00,9419.21,9431.0,9417.01,9430.33,77.844819
2018-04-30 01:25:00,9430.31,9430.5,9420.76,9424.89,45.097946
2018-04-30 01:30:00,9424.89,9430.49,9399.0,9401.33,102.418477
2018-04-30 01:35:00,9401.33,9401.33,9381.21,9390.01,128.80847
2018-04-30 01:40:00,9385.54,9400.0,9385.54,9391.82,74.402821
2018-04-30 01:45:00,9394.73,9395.0,9387.61,9387.61,73.653451
2018-04-30 01:50:00,9387.62,9421.02,9387.0,9411.76,121.610671
2018-04-30 01:55:00,9413.99,9419.98,9410.0,9415.0,36.179619
2018-04-30 02:00:00,9416.0,9421.0,9411.05,9416.11,43.540323
2018-04-30 02:05:00,9416.11,9424.89,9407.22,9424.0,73.475743
2018-04-30 02:10:00,9423.97,9439.9,9416.43,9439.9,107.040694
2018-04-30 02:15:00,9439.88,9444.99,9411.21,9418.99,84.231386
2018-04-30 02:20:00,9417.01,9429.0,9405.92,9407.12,65.332415
2018-04-30 02:25:00,9407.12,9430.0,9405.92,9429.99,64.395903
2018-04-30 02:30:00,9418.38,9435.99,9418.38,9425.23,65.334098
2018-04-30 02:35:00,9425.24,9435.36,9415.0,9423.0,79.825941
2018-04-30 02:40:00,9423.0,9430.71,9418.0,9428.02,61.822656
2018-04-30 02:45:00,9430.71,9445.98,9427.06,9437.86,130.733249
2018-04-30 02:50:00,9437.86,9444.0,9430.8,9439.93,77.879032
2018-04-30 02:55:00,9439.0,9450.0,9435.99,9445.01,76.770399
2018-04-30 03:00:00,9439.1,9458.64,9432.0,9451.53,104.8942
2018-04-30 03:05:00,9451.53,9458.64,9430.0,9437.18,165.455249
2018-04-30 03:10:00,9431.0,9437.18,9388.0,9390.99,148.596112
2018-04-30 03:15:00,9390.0,9417.94,9383.47,9397.77,166.137917
2018-04-30 03:20:00,9396.07,9399.99,9365.31,9365.4,126.271658
2018-04-30 03:25:00,9369.13,9385.6,9358.01,9370.0,158.181421
2018-04-30 03:30:00,9370.0,9385.47,9365.36,9370.0,119.452541
2018-04-30 03:35:00,9369.99,9380.0,9360.02,9372.64,122.38956
2018-04-30 03:40:00,9372.64,9385.61,9363.01,9372.99,81.002968
2018-04-30 03:45:00,9363.17,9373.0,9293.1,9297.04,362.256692
2018-04-30 03:50:00,9302.0,9328.83,9275.81,9312.12,389.907681
2018-04-30 03:55:00,9318.6,9320.97,9235.0,9269.85,418.2978
2018-04-30 04:00:00,9274.0,9314.98,9265.0,9275.78,180.538343
2018-04-30 04:05:00,9275.77,9324.88,9250.0,9317.18,305.094864
2018-04-30 04:10:00,9317.18,9317.18,9287.43,9308.86,179.101693
2018-04-30 04:15:00,9308.86,9325.0,9299.0,9304.86,89.099612
2018-04-30 04:20:00,9305.0,9309.0,9270.0,9272.04,159.593935
2018-04-30 04:25:00,9272.04,9296.9,9265.02,9286.04,144.604251
2018-04-30 04:30:00,9286.04,9324.99,9284.0,9320.76,193.637379
2018-04-30 04:35:00,9322.86,9326.3,9278.04,9306.74,237.515615
2018-04-30 04:40:00,9304.13,9306.75,9277.0,9300.98,83.39584
2018-04-30 04:45:00,9304.84,9310.0,9283.52,9293.62,102.106846
2018-04-30 04:50:00,9288.0,9310.0,9288.0,9303.02,90.649324
2018-04-30 04:55:00,9303.02,9310.0,9256.83,9275.0,168.586271
2018-04-30 05:00:00,9275.0,9300.0,9255.01,9295.99,96.900488
2018-04-30 05:05:00,9296.0,9310.0,9284.0,9303.0,145.412094
2018-04-30 05:10:00,9300.69,9331.48,9298.0,9327.65,110.089923
2018-04-30 05:15:00,9327.64,9332.76,9299.0,9310.34,60.061153
2018-04-30 05:20:00,9314.86,9346.0,9310.33,9340.01,276.531837
2018-04-30 05:25:00,9340.01,9358.0,9340.0,9358.0,213.165873
2018-04-30 05:30:00,9356.0,9362.0,9330.0,9335.23,184.048664
2018-04-30 05:35:00,9335.23,9335.23,9320.0,9321.01,73.136278
2018-04-30 05:40:00,9321.01,9329.0,9321.0,9329.0,61.348949
2018-04-30 05:45:00,9329.0,9349.14,9329.0,9345.02,50.015547
2018-04-30 05:50:00,9345.02,9354.8,9327.01,9350.0,69.240985
2018-04-30 05:55:00,9350.01,9365.0,9341.29,9350.8,95.550976
2018-04-30 06:00:00,9354.79,9359.0,9341.3,9355.97,90.564211
2018-04-30 06:05:00,9355.97,9369.21,9328.82,9331.07,173.442535
2018-04-30 06:10:00,9332.01,9339.0,9290.01,9315.0,190.971436
2018-04-30 06:15:00,9315.0,9338.98,9305.3,9313.8,134.003508
2018-04-30 06:20:00,9310.0,9310.0,9286.0,9286.0,143.851845
2018-04-30 06:25:00,9292.95,9305.0,9260.22,9301.29,261.879812
2018-04-30 06:30:00,9301.29,9320.5,9295.84,9319.98,58.272579
2018-04-30 06:35:00,9315.61,9319.83,9281.0,9297.77,93.39555
2018-04-30 06:40:00,9297.77,9325.0,9289.61,9304.87,113.596804
2018-04-30 06:45:00,9310.0,9310.44,9289.86,9290.17,63.07707
2018-04-30 06:50:00,9301.64,9320.0,9288.0,9314.33,72.314033
2018-04-30 06:55:00,9319.98,9323.0,9296.38,9301.0,72.047851
2018-04-30 07:00:00,9301.0,9312.54,9285.0,9289.21,102.034535
2018-04-30 07:05:00,9289.21,9289.21,9231.12,9235.0,311.611543
2018-04-30 07:10:00,9235.0,9243.97,9182.34,9212.0,660.732008
2018-04-30 07:15:00,9212.45,9245.0,9180.0,9245.0,403.00457
2018-04-30 07:20:00,9245.0,9248.98,9205.0,9230.03,190.095769
2018-04-30 07:25:00,9230.04,9259.0,9225.04,9238.51,138.604942
2018-04-30 07:30:00,9238.51,9248.97,9199.37,9201.05,206.97114
2018-04-30 07:35:00,9201.04,9231.0,9201.0,9215.0,123.329331
2018-04-30 07:40:00,9215.43,9241.51,9210.79,9228.0,86.219204
2018-04-30 07:45:00,9227.99,9235.0,9190.0,9193.74,186.957496
2018-04-30 07:50:00,9192.76,9220.0,9180.0,9209.47,202.64569
2018-04-30 07:55:00,9209.47,9248.0,9202.0,9222.01,142.06237
2018-04-30 08:00:00,9222.02,9259.26,9221.0,9250.0,168.118318
2018-04-30 08:05:00,9250.0,9267.47,9236.26,9240.31,147.964772
2018-04-30 08:10:00,9240.99,9253.87,9235.0,9250.79,68.083819
2018-04-30 08:15:00,9250.8,9255.55,9227.99,9236.32,79.30895
2018-04-30 08:20:00,9236.32,9240.0,9170.99,9177.47,362.463398
2018-04-30 08:25:00,9177.47,9177.47,9128.0,9154.99,408.810539
2018-04-30 08:30:00,9151.01,9184.98,9151.01,9166.78,359.770301
2018-04-30 08:35:00,9166.71,9166.8,9128.8,9128.8,178.623279
2018-04-30 08:40:00,9134.93,9165.0,9124.99,9154.02,261.746059
2018-04-30 08:45:00,9154.01,9175.0,9151.0,9169.0,116.050663
2018-04-30 08:50:00,9169.0,9171.0,9153.24,9168.99,97.529406
2018-04-30 08:55:00,9171.0,9204.73,9160.01,9195.01,176.304694
2018-04-30 09:00:00,9195.01,9200.06,9170.0,9185.89,101.310382
2018-04-30 09:05:00,9185.89,9195.0,9175.0,9181.0,86.411667
2018-04-30 09:10:00,9180.99,9182.0,9161.01,9178.0,152.485477
2018-04-30 09:15:00,9176.19,9223.57,9176.19,9223.57,109.103189
2018-04-30 09:20:00,9219.97,9230.0,9216.76,9224.66,196.246962
2018-04-30 09:25:00,9220.84,9228.7,9202.0,9218.33,123.49592
2018-04-30 09:30:00,9218.32,9245.0,9215.0,9243.99,122.175153
2018-04-30 09:35:00,9240.0,9244.0,9210.0,9215.0,124.289303
2018-04-30 09:40:00,9219.64,9236.6,9211.55,9230.0,78.538273
2018-04-30 09:45:00,9235.86,9235.86,9213.0,9219.98,66.011637
2018-04-30 09:50:00,9219.99,9222.99,9183.0,9209.29,104.04049
2018-04-30 09:55:00,9207.0,9219.99,9187.13,9219.97,80.01304
2018-04-30 10:00:00,9219.97,9219.99,9185.0,9205.0,81.183715
2018-04-30 10:05:00,9205.0,9215.46,9196.09,9211.0,46.276212
2018-04-30 10:10:00,9211.99,9215.46,9189.15,9200.01,55.411602
2018-04-30 10:15:00,9200.03,9209.89,9190.0,9204.06,42.210179
2018-04-30 10:20:00,9204.06,9204.06,9175.99,9197.99,81.578514
2018-04-30 10:25:00,9197.99,9210.0,9190.0,9191.39,85.389116
2018-04-30 10:30:00,9191.43,9213.98,9184.09,9210.0,84.903599
2018-04-30 10:35:00,9210.0,9259.99,9210.0,9252.95,186.574126
2018-04-30 10:40:00,9252.95,9281.99,9248.33,9277.0,131.542819
2018-04-30 10:45:00,9277.0,9280.0,9245.15,9267.0,109.731467
2018-04-30 10:50:00,9263.11,9269.0,9249.99,9264.0,83.164318
2018-04-30 10:55:00,9264.0,9280.0,9258.06,9264.8,120.95784
2018-04-30 11:00:00,9260.0,9285.0,9260.0,9272.0,148.440237
2018-04-30 11:05:00,9272.0,9284.13,9258.49,9274.61,110.841649
2018-04-30 11:10:00,9274.55,9282.89,9258.37,9258.37,134.419771
2018-04-30 11:15:00,9263.02,9271.0,9250.21,9257.01,86.6024
2018-04-30 11:20:00,9257.01,9281.2,9257.0,9273.02,93.353839
2018-04-30 11:25:00,9280.0,9280.84,9254.01,9275.0,132.794173
2018-04-30 11:30:00,9266.82,9275.0,9240.9,9253.73,118.037587
2018-04-30 11:35:00,9253.73,9260.22,9243.0,9256.99,48.243623
2018-04-30 11:40:00,9250.11,9271.89,9250.11,9264.0,76.571066
2018-04-30 11:45:00,9264.0,9278.0,9263.3,9274.99,76.26328
2018-04-30 11:50:00,9274.57,9283.0,9258.0,9279.7,104.573081
2018-04-30 11:55:00,9279.7,9285.9,9267.07,9276.0,79.866009
2018-04-30 12:00:00,9276.0,9287.34,9270.0,9281.03,71.189941
2018-04-30 12:05:00,9281.03,9289.38,9273.25,9275.01,70.121008
2018-04-30 12:10:00,9275.01,9280.0,9267.94,9274.61,64.790554
2018-04-30 12:15:00,9272.9,9276.88,9270.0,9271.0,52.348332
2018-04-30 12:20:00,9271.78,9298.0,9270.0,9286.79,86.290042
2018-04-30 12:25:00,9286.8,9318.68,9278.57,9305.0,161.015273
2018-04-30 12:30:00,9300.01,9318.94,9295.0,9296.0,172.22458
2018-04-30 12:35:00,9295.0,9306.98,9291.05,9303.0,82.391451
2018-04-30 12:40:00,9303.0,9316.0,9296.5,9312.79,121.600547
2018-04-30 12:45:00,9312.8,9321.94,9307.24,9319.78,178.434603
2018-04-30 12:50:00,9317.56,9317.56,9306.19,9314.0,83.184092
2018-04-30 12:55:00,9310.05,9316.0,9308.0,9309.98,82.047882
2018-04-30 13:00:00,9311.0,9327.0,9300.0,9316.81,153.228932
2018-04-30 13:05:00,9316.81,9325.01,9290.0,9297.04,170.275736
2018-04-30 13:10:00,9298.99,9314.0,9287.87,9288.04,137.46142
2018-04-30 13:15:00,9288.04,9300.0,9280.0,9288.0,80.294405
2018-04-30 13:20:00,9287.99,9299.0,9276.3,9290.73,110.758637
2018-04-30 13:25:00,9296.99,9299.95,9290.71,9298.99,66.365217
2018-04-30 13:30:00,9298.98,9313.28,9295.05,9304.0,124.600919
2018-04-30 13:35:00,9304.0,9313.19,9302.13,9307.0,92.679452
2018-04-30 13:40:00,9307.01,9312.79,9300.0,9308.95,62.277288
2018-04-30 13:45:00,9308.0,9308.99,9300.0,9304.0,52.558577
2018-04-30 13:50:00,9307.99,9315.53,9277.0,9289.99,79.343207
2018-04-30 13:55:00,9289.99,9294.96,9276.29,9277.0,71.730609
2018-04-30 14:00:00,9276.99,9279.98,9264.5,9269.99,129.973934
2018-04-30 14:05:00,9271.96,9287.0,9250.0,9281.0,167.330278
2018-04-30 14:10:00,9281.01,9290.0,9271.86,9286.01,90.28203
2018-04-30 14:15:00,9285.02,9293.94,9277.0,9287.99,99.198786
2018-04-30 14:20:00,9285.82,9288.0,9267.01,9271.38,60.445119
2018-04-30 14:25:00,9271.38,9281.0,9266.92,9275.0,96.271168
2018-04-30 14:30:00,9275.0,9275.01,9253.51,9255.05,79.083127
2018-04-30 14:35:00,9260.0,9273.0,9246.59,9255.38,137.154889
2018-04-30 14:40:00,9255.38,9263.12,9240.06,9246.98,172.923807
2018-04-30 14:45:00,9246.98,9281.62,9240.0,9280.0,136.798199
2018-04-30 14:50:00,9280.0,9299.0,9271.96,9271.98,172.651926
2018-04-30 14:55:00,9271.98,9280.07,9255.86,9273.11,88.622495
2018-04-30 15:00:00,9264.35,9273.12,9240.0,9255.98,78.261211
2018-04-30 15:05:00,9258.99,9282.83,9256.42,9277.08,86.867817
2018-04-30 15:10:00,9282.79,9290.91,9265.0,9289.0,93.170454
2018-04-30 15:15:00,9288.99,9295.0,9265.13,9280.0,66.459247
2018-04-30 15:20:00,9279.99,9285.0,9271.11,9275.0,46.8346
2018-04-30 15:25:00,9277.0,9289.0,9266.16,9283.77,63.604
2018-04-30 15:30:00,9276.01,9294.98,9275.91,9291.0,57.80316
2018-04-30 15:35:00,9292.83,9297.98,9277.53,9297.0,192.127123
2018-04-30 15:40:00,9297.95,9309.0,9295.0,9308.99,86.435932
2018-04-30 15:45:00,9307.01,9313.6,9293.47,9297.06,73.983124
2018-04-30 15:50:00,9297.06,9308.0,9293.51,9299.92,84.608956
2018-04-30 15:55:00,9299.91,9318.06,9299.91,9318.06,90.668458
2018-04-30 16:00:00,9318.41,9344.0,9308.23,9336.02,249.00271
2018-04-30 16:05:00,9336.02,9354.99,9315.92,9351.0,177.31692
2018-04-30 16:10:00,9351.01,9356.6,9327.27,9340.42,98.303784
2018-04-30 16:15:00,9340.42,9344.0,9320.09,9326.99,142.872668
2018-04-30 16:20:00,9323.0,9326.99,9296.15,9315.0,159.2788
2018-04-30 16:25:00,9302.33,9328.93,9301.5,9308.0,67.564706
2018-04-30 16:30:00,9308.0,9310.0,9290.0,9295.02,113.066367
2018-04-30 16:35:00,9299.54,9315.0,9290.91,9306.0,91.036617
2018-04-30 16:40:00,9306.0,9309.0,9303.0,9305.0,78.261509
2018-04-30 16:45:00,9305.0,9308.0,9277.37,9278.12,159.804126
2018-04-30 16:50:00,9278.13,9298.86,9278.13,9283.16,128.916781
2018-04-30 16:55:00,9289.81,9296.94,9280.12,9287.1,50.508411
2018-04-30 17:00:00,9290.99,9304.0,9287.09,9290.61,105.260111
2018-04-30 17:05:00,9290.62,9312.34,9288.0,9310.0,52.17653
2018-04-30 17:10:00,9310.0,9323.5,9309.0,9323.0,118.867576
2018-04-30 17:15:00,9323.0,9324.0,9308.02,9315.01,81.038444
2018-04-30 17:20:00,9314.99,9319.49,9301.94,9306.12,68.175006
2018-04-30 17:25:00,9306.12,9349.0,9306.0,9330.66,107.396496
2018-04-30 17:30:00,9330.66,9336.17,9320.03,9329.67,95.358388
2018-04-30 17:35:00,9325.32,9334.98,9325.31,9334.51,61.203976
2018-04-30 17:40:00,9334.5,9349.0,9326.0,9346.72,101.168718
2018-04-30 17:45:00,9346.72,9350.0,9335.5,9336.97,113.531194
2018-04-30 17:50:00,9336.87,9344.53,9331.01,9339.9,47.190004
2018-04-30 17:55:00,9339.95,9347.8,9339.9,9340.0,62.388159
2018-04-30 18:00:00,9340.0,9348.8,9339.91,9344.98,93.040835
2018-04-30 18:05:00,9344.98,9347.44,9338.0,9338.0,82.25782
2018-04-30 18:10:00,9338.0,9345.9,9326.0,9345.9,102.037003
2018-04-30 18:15:00,9345.9,9349.8,9335.0,9341.04,115.383428
2018-04-30 18:20:00,9348.02,9359.68,9341.05,9356.24,145.091831
2018-04-30 18:25:00,9356.5,9365.65,9352.99,9365.0,61.5736
2018-04-30 18:30:00,9360.03,9369.18,9347.13,9356.0,106.604767
2018-04-30 18:35:00,9356.0,9360.0,9342.8,9359.58,66.255572
2018-04-30 18:40:00,9357.94,9367.0,9352.2,9357.99,57.67726
2018-04-30 18:45:00,9357.99,9367.93,9352.95,9364.81,73.7541
2018-04-30 18:50:00,9364.81,9368.0,9329.8,9335.51,138.256188
2018-04-30 18:55:00,9335.51,9352.17,9331.01,9350.0,74.110552
2018-04-30 19:00:00,9351.0,9359.48,9315.47,9327.0,104.719942
2018-04-30 19:05:00,9327.0,9327.0,9317.3,9322.98,50.64361
2018-04-30 19:10:00,9322.04,9329.04,9280.0,9301.62,193.207139
2018-04-30 19:15:00,9301.62,9317.19,9284.42,9302.12,83.717926
2018-04-30 19:20:00,9302.14,9320.0,9302.14,9320.0,56.213549
2018-04-30 19:25:00,9320.0,9327.0,9314.01,9315.01,71.467668
2018-04-30 19:30:00,9315.01,9319.01,9301.5,9307.02,77.229628
2018-04-30 19:35:00,9302.26,9329.0,9300.1,9326.0,67.838437
2018-04-30 19:40:00,9326.01,9345.0,9325.0,9334.01,106.998313
2018-04-30 19:45:00,9334.01,9335.09,9315.34,9320.84,58.486477
2018-04-30 19:50:00,9320.84,9327.99,9307.02,9315.99,69.305404
2018-04-30 19:55:00,9315.99,9337.6,9311.01,9337.55,64.589235
2018-04-30 20:00:00,9337.55,9339.99,9327.11,9336.0,29.454089
2018-04-30 20:05:00,9336.0,9343.22,9321.0,9332.99,70.967051
2018-04-30 20:10:00,9332.99,9342.99,9325.08,9341.5,66.895676
2018-04-30 20:15:00,9341.5,9343.57,9331.0,9343.49,42.795243
2018-04-30 20:20:00,9343.49,9345.0,9333.27,9340.0,90.50889
2018-04-30 20:25:00,9335.11,9340.0,9315.0,9319.99,53.325666
2018-04-30 20:30:00,9323.56,9338.79,9319.99,9329.07,55.401048
2018-04-30 20:35:00,9329.05,9329.13,9312.64,9318.73,64.255125
2018-04-30 20:40:00,9323.4,9323.4,9306.75,9317.99,53.417745
2018-04-30 20:45:00,9315.0,9318.02,9306.75,9313.99,34.975499
2018-04-30 20:50:00,9313.99,9324.41,9305.0,9316.7,75.728296
2018-04-30 20:55:00,9305.0,9316.87,9276.61,9281.0,164.866932
2018-04-30 21:00:00,9285.0,9286.98,9241.0,9268.9,185.267825
2018-04-30 21:05:00,9268.9,9269.52,9223.4,9228.06,178.899732
2018-04-30 21:10:00,9228.07,9266.09,9220.7,9266.01,178.264141
2018-04-30 21:15:00,9266.01,9269.0,9240.0,9255.8,133.863834
2018-04-30 21:20:00,9255.8,9266.01,9231.52,9233.0,119.948676
2018-04-30 21:25:00,9233.0,9246.0,9230.0,9230.0,177.735064
2018-04-30 21:30:00,9235.0,9261.95,9227.48,9245.0,152.884837
2018-04-30 21:35:00,9245.0,9248.98,9225.14,9227.66,92.603419
2018-04-30 21:40:00,9234.62,9234.62,9216.0,9220.01,145.20596
2018-04-30 21:45:00,9223.99,9230.0,9216.01,9227.0,125.639837
2018-04-30 21:50:00,9225.0,9227.05,9200.01,9209.99,244.312037
2018-04-30 21:55:00,9209.99,9236.71,9200.01,9218.39,191.893945
2018-04-30 22:00:00,9221.6,9289.62,9212.34,9285.71,294.641619
2018-04-30 22:05:00,9285.71,9291.99,9270.0,9283.01,133.238689
2018-04-30 22:10:00,9283.01,9289.0,9279.18,9279.98,55.929414
2018-04-30 22:15:00,9279.98,9288.98,9251.1,9253.0,89.092156
2018-04-30 22:20:00,9256.15,9271.23,9238.95,9271.21,86.539006
2018-04-30 22:25:00,9271.22,9271.23,9252.08,9253.14,67.224053
2018-04-30 22:30:00,9253.14,9260.06,9240.92,9247.98,72.406273
2018-04-30 22:35:00,9247.99,9250.88,9232.01,9248.35,85.122061
2018-04-30 22:40:00,9248.35,9248.5,9207.0,9221.96,120.295081
2018-04-30 22:45:00,9214.35,9221.97,9168.6,9174.8,415.213037
2018-04-30 22:50:00,9174.8,9188.77,9165.96,9180.0,279.285674
2018-04-30 22:55:00,9176.0,9198.0,9170.0,9186.02,155.126918
2018-04-30 23:00:00,9186.03,9235.0,9186.02,9225.0,188.375473
2018-04-30 23:05:00,9225.0,9226.0,9189.68,9201.15,125.393944
2018-04-30 23:10:00,9201.98,9217.0,9181.33,9212.01,243.814541
2018-04-30 23:15:00,9217.0,9238.0,9200.01,9210.0,92.14996
2018-04-30 23:20:00,9210.0,9223.1,9189.71,9204.99,171.813487
2018-04-30 23:25:00,9204.62,9222.0,9189.72,9218.49,103.287561
2018-04-30 23:30:00,9218.49,9225.25,9218.49,9224.0,58.546254
2018-04-30 23:35:00,9225.0,9232.97,9206.97,9232.87,63.218678
2018-04-30 23:40:00,9232.87,9250.08,9225.62,9239.11,72.350953
2018-04-30 23:45:00,9237.44,9246.9,9220.0,9224.98,72.244842
2018-04-30 23:50:00,9224.98,9243.24,9221.01,9234.4,80.922609
2018-04-30 23:55:00,9235.42,9249.0,9229.16,9246.01,59.794173
2018-05-01 00:00:00,9246.01,9248.99,9205.53,9213.85,108.047743
2018-05-01 00:05:00,9210.04,9213.87,9189.98,9199.0,98.993366
2018-05-01 00:10:00,9195.97,9207.8,9189.98,9195.11,138.837857
2018-05-01 00:15:00,9195.66,9203.41,9165.0,9165.11,131.347197
2018-05-01 00:20:00,9165.11,9167.0,9091.43,9098.0,707.030084
2018-05-01 00:25:00,9098.0,9160.0,9091.44,9110.0,356.578456
2018-05-01 00:30:00,9110.0,9112.99,9100.64,9100.8,237.618045
2018-05-01 00:35:00,9100.8,9102.96,9026.01,9027.13,824.530905
2018-05-01 00:40:00,9026.0,9031.25,8966.0,8966.12,904.229135
2018-05-01 00:45:00,8966.12,9064.77,8960.0,8999.12,838.115268
2018-05-01 00:50:00,9000.0,9043.75,8993.57,9005.0,351.782188
2018-05-01 00:55:00,9007.0,9007.0,8934.44,8955.01,566.689307
2018-05-01 01:00:00,8955.13,9020.99,8953.85,8968.88,414.332254
2018-05-01 01:05:00,8970.5,9015.99,8959.28,8990.0,283.298256
2018-05-01 01:10:00,8990.0,8999.96,8939.01,8951.13,320.107771
2018-05-01 01:15:00,8951.13,8974.55,8882.06,8890.0,724.901015
2018-05-01 01:20:00,8893.33,8952.01,8870.0,8938.49,741.009773
2018-05-01 01:25:00,8938.49,8954.69,8890.01,8929.54,376.536856
2018-05-01 01:30:00,8930.84,8998.74,8930.84,8962.19,337.92622
2018-05-01 01:35:00,8962.19,8965.0,8939.1,8957.0,178.923776
2018-05-01 01:40:00,8956.99,8975.04,8950.57,8960.09,165.773368
2018-05-01 01:45:00,8960.09,8996.0,8955.02,8979.98,367.372151
2018-05-01 01:50:00,8979.98,8985.0,8966.0,8978.0,160.295589
2018-05-01 01:55:00,8978.0,8994.99,8969.8,8994.99,277.399715
2018-05-01 02:00:00,8994.98,9019.51,8978.69,8982.0,343.937477
2018-05-01 02:05:00,8981.05,8987.93,8950.0,8970.0,184.62423
2018-05-01 02:10:00,8969.66,8993.79,8960.26,8992.0,141.995041
2018-05-01 02:15:00,8988.41,8999.97,8985.0,8994.45,172.584798
2018-05-01 02:20:00,8992.74,8992.74,8929.0,8939.14,237.095388
2018-05-01 02:25:00,8939.13,8980.0,8921.89,8979.0,180.292891
2018-05-01 02:30:00,8976.69,8996.68,8970.0,8994.99,148.407703
2018-05-01 02:35:00,8994.96,9011.22,8985.99,8990.71,194.346688
2018-05-01 02:40:00,8990.72,9001.15,8975.0,8988.01,131.76563
2018-05-01 02:45:00,8987.5,9002.22,8974.74,9000.0,117.501217
2018-05-01 02:50:00,9002.21,9038.0,8995.45,9032.86,258.939893
2018-05-01 02:55:00,9030.02,9046.0,9005.34,9009.11,202.52289
2018-05-01 03:00:00,9009.11,9009.38,8975.02,8984.0,129.684604
2018-05-01 03:05:00,8984.0,9019.71,8977.05,8998.0,117.271601
2018-05-01 03:10:00,8997.49,9011.94,8994.1,9010.0,154.449156
2018-05-01 03:15:00,9010.0,9014.99,8980.0,8988.99,145.492419
2018-05-01 03:20:00,8988.99,8994.86,8960.0,8968.58,143.717401
2018-05-01 03:25:00,8968.59,8983.1,8950.0,8979.99,125.46973
2018-05-01 03:30:00,8979.98,8980.0,8963.85,8964.77,94.054558
2018-05-01 03:35:00,8964.77,8974.26,8957.99,8957.99,88.382061
2018-05-01 03:40:00,8957.99,8963.93,8930.19,8950.02,161.03387
2018-05-01 03:45:00,8950.02,8960.0,8918.58,8921.58,134.175761
2018-05-01 03:50:00,8921.57,8948.62,8904.99,8948.61,273.78977
2018-05-01 03:55:00,8948.61,8971.67,8936.07,8938.01,139.926538
2018-05-01 04:00:00,8938.5,8985.0,8938.01,8975.02,128.22607
2018-05-01 04:05:00,8975.11,8995.1,8973.75,8985.0,105.405862
2018-05-01 04:10:00,8984.14,8986.14,8960.75,8965.03,56.615502
2018-05-01 04:15:00,8965.12,8968.0,8951.0,8966.94,51.514438
2018-05-01 04:20:00,8966.94,8994.99,8966.9,8985.61,80.392347
2018-05-01 04:25:00,8993.0,8995.22,8966.93,8970.06,156.420017
2018-05-01 04:30:00,8970.07,8997.77,8966.93,8994.92,124.839343
2018-05-01 04:35:00,8991.27,8997.77,8970.69,8982.99,87.022845
2018-05-01 04:40:00,8982.99,8997.63,8980.0,8991.0,64.863017
2018-05-01 04:45:00,8991.0,9013.22,8985.02,9012.99,183.181135
2018-05-01 04:50:00,9013.22,9014.99,8988.11,8990.1,112.97463
2018-05-01 04:55:00,8990.79,8998.99,8971.02,8975.02,113.584483
2018-05-01 05:00:00,8973.23,8979.0,8940.0,8945.0,148.154773
2018-05-01 05:05:00,8945.0,8950.0,8930.0,8933.47,99.610637
2018-05-01 05:10:00,8930.01,8966.51,8925.47,8948.0,144.26944
2018-05-01 05:15:00,8949.99,8977.53,8940.0,8974.96,106.50853
2018-05-01 05:20:00,8970.01,8974.9,8962.0,8964.04,44.541861
2018-05-01 05:25:00,8964.04,8967.98,8941.73,8941.78,57.125382
2018-05-01 05:30:00,8941.78,8946.89,8912.0,8912.0,131.756817
2018-05-01 05:35:00,8912.0,8950.0,8894.0,8944.73,226.24962
2018-05-01 05:40:00,8945.61,8945.62,8922.94,8926.2,79.43043
2018-05-01 05:45:00,8926.2,8940.0,8898.26,8908.68,147.977192
2018-05-01 05:50:00,8902.07,8930.0,8894.17,8919.01,105.908759
2018-05-01 05:55:00,8920.0,8945.23,8919.0,8930.0,84.775332
2018-05-01 06:00:00,8930.02,8962.86,8930.0,8949.0,117.398141
2018-05-01 06:05:00,8949.0,8970.0,8945.8,8958.97,109.990669
2018-05-01 06:10:00,8958.97,8958.97,8930.0,8949.98,75.403162
2018-05-01 06:15:00,8949.98,8958.96,8943.87,8955.0,58.024574
2018-05-01 06:20:00,8955.0,8981.78,8952.92,8969.38,111.501683
2018-05-01 06:25:00,8965.13,8970.0,8955.0,8965.98,50.515728
2018-05-01 06:30:00,8965.98,8965.98,8930.0,8941.0,77.727168
2018-05-01 06:35:00,8944.35,8959.97,8935.0,8945.19,58.718724
2018-05-01 06:40:00,8946.03,8971.98,8946.03,8971.98,53.434588
2018-05-01 06:45:00,8971.98,8987.78,8960.73,8968.93,138.870821
2018-05-01 06:50:00,8964.98,8974.0,8960.0,8967.5,55.45944
2018-05-01 06:55:00,8973.51,8980.0,8962.22,8975.03,49.885569
2018-05-01 07:00:00,8975.02,9000.1,8973.12,8980.62,227.49029
2018-05-01 07:05:00,8991.97,9000.76,8962.22,8974.0,127.664305
2018-05-01 07:10:00,8974.0,8990.0,8961.0,8964.37,89.535999
2018-05-01 07:15:00,8964.39,8986.0,8961.03,8979.72,77.703718
2018-05-01 07:20:00,8981.0,8989.99,8971.01,8982.18,109.487136
2018-05-01 07:25:00,8982.19,8994.22,8972.11,8994.2,77.209941
2018-05-01 07:30:00,8993.12,9012.63,8986.0,9008.0,216.786
2018-05-01 07:35:00,9009.89,9022.06,9000.11,9002.02,163.726056
2018-05-01 07:40:00,9002.02,9012.16,8980.0,8981.51,92.13833
2018-05-01 07:45:00,8981.55,8990.0,8963.97,8984.01,107.854276
2018-05-01 07:50:00,8984.99,9010.69,8972.0,8996.63,85.869668
2018-05-01 07:55:00,8991.04,9009.99,8971.01,8973.71,110.737997
2018-05-01 08:00:00,8980.98,8993.25,8971.98,8981.58,95.920142
2018-05-01 08:05:00,8981.57,8992.0,8981.02,8986.2,42.100386
2018-05-01 08:10:00,8986.95,9010.0,8985.99,9008.01,167.768542
2018-05-01 08:15:00,9008.01,9019.0,9003.34,9005.44,133.609114
2018-05-01 08:20:00,9008.99,9056.27,9004.02,9047.45,267.235172
2018-05-01 08:25:00,9049.09,9049.09,9020.12,9047.81,122.936577
2018-05-01 08:30:00,9047.0,9063.08,9047.0,9051.01,175.637287
2018-05-01 08:35:00,9051.93,9051.93,9021.33,9048.0,153.383845
2018-05-01 08:40:00,9048.0,9059.99,9040.02,9058.01,137.160448
2018-05-01 08:45:00,9058.01,9064.78,9040.0,9062.6,194.351741
2018-05-01 08:50:00,9062.71,9076.5,9049.49,9063.0,131.554763
2018-05-01 08:55:00,9060.0,9076.25,9045.0,9049.98,150.37323
2018-05-01 09:00:00,9049.97,9069.34,9034.0,9047.47,194.297526
2018-05-01 09:05:00,9047.47,9066.0,9047.47,9057.0,115.520749
2018-05-01 09:10:00,9057.0,9065.8,9032.7,9050.5,134.520925
2018-05-01 09:15:00,9050.5,9065.53,9028.0,9030.8,244.465338
2018-05-01 09:20:00,9030.8,9045.0,9009.0,9040.0,165.876691
2018-05-01 09:25:00,9040.0,9060.79,9031.99,9055.0,90.448135
2018-05-01 09:30:00,9055.0,9059.4,9037.72,9048.78,113.003871
2018-05-01 09:35:00,9048.78,9066.8,9037.73,9055.0,142.866877
2018-05-01 09:40:00,9055.0,9082.08,9051.84,9079.0,127.57698
2018-05-01 09:45:00,9081.0,9081.0,9052.12,9064.58,112.364839
2018-05-01 09:50:00,9068.61,9074.33,9032.0,9032.7,115.944924
2018-05-01 09:55:00,9032.7,9040.49,9010.58,9040.49,112.185789
2018-05-01 10:00:00,9040.49,9045.99,9027.05,9027.07,90.770321
2018-05-01 10:05:00,9028.53,9031.0,9009.0,9011.0,74.314289
2018-05-01 10:10:00,9011.0,9019.99,8975.1,8979.5,197.488685
2018-05-01 10:15:00,8979.5,9008.0,8975.11,9005.7,164.12564
2018-05-01 10:20:00,9005.7,9020.0,8994.01,9015.34,82.31067
2018-05-01 10:25:00,9015.34,9020.0,8992.14,8992.14,63.250931
2018-05-01 10:30:00,8994.99,9034.7,8992.1,9028.97,95.395556
2018-05-01 10:35:00,9028.97,9036.0,9023.98,9025.0,78.166445
2018-05-01 10:40:00,9025.0,9029.99,9023.0,9029.0,40.645595
2018-05-01 10:45:00,9029.24,9036.0,9023.0,9023.16,77.462858
2018-05-01 10:50:00,9023.02,9024.0,9006.86,9023.02,57.354357
2018-05-01 10:55:00,9023.02,9040.0,9016.0,9039.0,79.67491
2018-05-01 11:00:00,9037.83,9060.2,9032.6,9053.0,108.20331
2018-05-01 11:05:00,9053.0,9063.66,9037.71,9048.24,98.788325
2018-05-01 11:10:00,9048.22,9054.69,9037.77,9045.0,79.472273
2018-05-01 11:15:00,9048.0,9054.34,9042.81,9048.48,85.218665
2018-05-01 11:20:00,9048.49,9063.0,9048.48,9062.98,93.689676
2018-05-01 11:25:00,9060.01,9063.0,9028.66,9035.04,101.154082
2018-05-01 11:30:00,9035.0,9043.0,9020.0,9034.85,89.145957
2018-05-01 11:35:00,9030.0,9034.85,9000.7,9016.0,92.545992
2018-05-01 11:40:00,9016.0,9024.13,9011.88,9019.76,85.260033
2018-05-01 11:45:00,9019.76,9022.99,9004.0,9005.0,108.855352
2018-05-01 11:50:00,9004.0,9004.0,8989.75,8992.93,105.47537
2018-05-01 11:55:00,8990.0,8992.9,8960.01,8975.01,158.916126
2018-05-01 12:00:00,8983.94,9000.0,8970.02,8975.0,116.588096
2018-05-01 12:05:00,8975.0,8979.88,8931.14,8954.97,186.241662
2018-05-01 12:10:00,8954.96,8971.88,8943.67,8951.08,283.037358
2018-05-01 12:15:00,8951.08,8967.0,8947.33,8953.46,197.188022
2018-05-01 12:20:00,8953.47,8959.17,8921.0,8923.91,228.224622
2018-05-01 12:25:00,8927.7,8929.0,8896.63,8916.49,368.108335
2018-05-01 12:30:00,8914.41,8914.41,8844.4,8845.0,560.89587
2018-05-01 12:35:00,8845.0,8869.42,8800.49,8848.0,648.390405
2018-05-01 12:40:00,8850.0,8910.99,8844.88,8858.43,327.18707
2018-05-01 12:45:00,8860.95,8882.71,8850.0,8869.41,164.008052
2018-05-01 12:50:00,8869.41,8890.0,8860.0,8883.0,160.449925
2018-05-01 12:55:00,8883.0,8900.0,8874.13,8896.63,113.439218
2018-05-01 13:00:00,8898.0,8900.0,8878.0,8883.99,121.949047
2018-05-01 13:05:00,8892.82,8900.01,8842.9,8842.9,217.048453
2018-05-01 13:10:00,8842.9,8905.0,8841.28,8902.74,188.168372
2018-05-01 13:15:00,8900.02,8929.16,8867.35,8910.15,161.006726
2018-05-01 13:20:00,8903.01,8920.0,8900.0,8915.94,111.933371
2018-05-01 13:25:00,8915.94,8936.07,8900.03,8911.14,115.732198
2018-05-01 13:30:00,8911.14,8919.5,8890.19,8919.12,88.094886
2018-05-01 13:35:00,8913.24,8919.26,8875.01,8892.28,96.269921
2018-05-01 13:40:00,8893.13,8926.02,8889.78,8923.92,130.601929
2018-05-01 13:45:00,8920.02,8932.0,8915.38,8930.87,87.956951
2018-05-01 13:50:00,8931.0,8944.59,8930.87,8937.0,85.657965
2018-05-01 13:55:00,8937.0,8937.0,8905.18,8926.07,90.983051
2018-05-01 14:00:00,8926.07,8930.0,8894.25,8897.68,71.975437
2018-05-01 14:05:00,8897.68,8930.0,8888.0,8897.25,128.717805
2018-05-01 14:10:00,8897.25,8922.12,8895.0,8914.19,80.918041
2018-05-01 14:15:00,8914.19,8939.99,8907.35,8934.0,105.884674
2018-05-01 14:20:00,8929.01,8934.0,8916.0,8920.0,66.76536
2018-05-01 14:25:00,8920.0,8929.93,8911.0,8911.01,115.585245
2018-05-01 14:30:00,8912.0,8917.0,8882.0,8897.31,190.047418
2018-05-01 14:35:00,8897.32,8918.12,8888.88,8894.28,123.598679
2018-05-01 14:40:00,8894.28,8895.11,8871.11,8891.98,220.313439
2018-05-01 14:45:00,8891.98,8909.35,8875.12,8891.16,109.738963
2018-05-01 14:50:00,8891.16,8926.58,8890.29,8915.0,131.521966
2018-05-01 14:55:00,8915.0,8925.11,8909.5,8915.0,98.009613
2018-05-01 15:00:00,8912.0,8932.0,8910.18,8932.0,82.175983
2018-05-01 15:05:00,8932.0,8949.46,8905.0,8918.98,167.90197
2018-05-01 15:10:00,8909.38,8934.99,8909.38,8929.84,93.876068
2018-05-01 15:15:00,8929.83,8936.07,8921.96,8922.01,80.298939
2018-05-01 15:20:00,8922.01,8922.02,8905.11,8905.74,58.366627
2018-05-01 15:25:00,8906.12,8933.99,8902.0,8931.09,96.841774
2018-05-01 15:30:00,8931.09,8932.0,8909.36,8928.83,63.950127
2018-05-01 15:35:00,8928.83,8940.0,8915.62,8927.0,129.842542
2018-05-01 15:40:00,8927.0,8938.0,8911.0,8932.63,80.110834
2018-05-01 15:45:00,8930.0,8952.0,8928.83,8930.03,119.866814
2018-05-01 15:50:00,8937.0,8937.97,8900.0,8900.0,103.688119
2018-05-01 15:55:00,8905.5,8930.0,8900.0,8915.09,77.568674
2018-05-01 16:00:00,8915.08,8928.84,8915.08,8928.7,55.137871
2018-05-01 16:05:00,8928.71,8949.5,8928.0,8946.85,79.155378
2018-05-01 16:10:00,8949.5,8949.5,8926.0,8936.01,109.810279
2018-05-01 16:15:00,8939.0,8948.0,8925.99,8948.0,80.020074
2018-05-01 16:20:00,8939.83,8966.01,8939.82,8963.0,98.047705
2018-05-01 16:25:00,8962.0,8973.0,8950.0,8953.22,201.294159
2018-05-01 16:30:00,8953.04,8961.53,8944.0,8960.49,57.570957
2018-05-01 16:35:00,8955.3,9000.0,8955.29,8986.0,169.42117
2018-05-01 16:40:00,8989.99,9014.73,8982.16,8989.0,193.507984
2018-05-01 16:45:00,8989.0,8995.01,8970.0,8977.0,119.9138
2018-05-01 16:50:00,8983.0,8989.06,8977.0,8983.0,71.066478
2018-05-01 16:55:00,8980.0,9000.0,8980.0,8999.99,127.222314
2018-05-01 17:00:00,8999.99,8999.99,8970.0,8973.52,95.357729
2018-05-01 17:05:00,8973.97,8991.9,8970.39,8980.32,120.622955
2018-05-01 17:10:00,8981.5,8996.08,8964.21,8972.04,138.291006
2018-05-01 17:15:00,8972.06,8978.0,8951.01,8957.99,62.181356
2018-05-01 17:20:00,8957.99,8982.0,8946.99,8980.99,84.674933
2018-05-01 17:25:00,8980.99,8980.99,8963.0,8971.97,54.924453
2018-05-01 17:30:00,8971.97,9000.0,8963.34,8992.0,82.866346
2018-05-01 17:35:00,8992.0,9000.0,8976.3,8990.0,99.314262
2018-05-01 17:40:00,8990.0,8999.14,8989.75,8992.01,70.186923
2018-05-01 17:45:00,8992.0,9014.44,8989.0,9014.29,111.446838
2018-05-01 17:50:00,9011.0,9038.0,9010.88,9023.93,134.228299
2018-05-01 17:55:00,9023.0,9023.02,8990.0,8990.0,255.604004
2018-05-01 18:00:00,8995.88,9010.8,8989.77,9009.85,67.091559
2018-05-01 18:05:00,9005.86,9009.92,8982.0,8999.94,75.231117
2018-05-01 18:10:00,8999.94,8999.94,8974.97,8981.45,72.979524
2018-05-01 18:15:00,8981.45,8989.0,8970.0,8988.98,46.291527
2018-05-01 18:20:00,8988.98,8997.96,8975.12,8980.88,54.299187
2018-05-01 18:25:00,8981.0,8990.17,8978.05,8987.16,57.191504
2018-05-01 18:30:00,8989.99,8998.0,8987.04,8996.01,56.921328
2018-05-01 18:35:00,8996.5,8996.5,8938.0,8940.0,246.014395
2018-05-01 18:40:00,8940.01,8957.71,8930.01,8945.8,114.294134
2018-05-01 18:45:00,8945.8,8982.89,8945.79,8974.63,71.394639
2018-05-01 18:50:00,8974.63,8980.0,8968.79,8976.29,54.359486
2018-05-01 18:55:00,8976.29,8990.0,8975.0,8985.0,66.746619
2018-05-01 19:00:00,8985.0,8995.0,8962.08,8972.9,52.847043
2018-05-01 19:05:00,8972.9,8985.91,8962.87,8981.24,45.047091
2018-05-01 19:10:00,8981.23,8981.24,8962.31,8969.36,30.986382
2018-05-01 19:15:00,8969.36,8980.0,8962.0,8976.14,95.789734
2018-05-01 19:20:00,8976.13,8976.13,8966.0,8975.0,31.153063
2018-05-01 19:25:00,8972.51,8980.0,8970.01,8975.03,41.62287
2018-05-01 19:30:00,8978.91,8990.0,8975.02,8978.08,58.17611
2018-05-01 19:35:00,8978.08,8989.75,8978.07,8989.75,35.525535
2018-05-01 19:40:00,8988.99,8999.41,8988.99,8997.23,74.887437
2018-05-01 19:45:00,8997.23,9000.0,8993.11,8998.0,50.321316
2018-05-01 19:50:00,8998.0,9007.54,8997.0,8998.01,59.38055
2018-05-01 19:55:00,9000.0,9000.0,8979.0,8979.52,48.415416
2018-05-01 20:00:00,8986.97,8994.9,8975.01,8987.0,64.862796
2018-05-01 20:05:00,8987.0,8991.99,8971.01,8982.01,60.83187
2018-05-01 20:10:00,8982.0,8992.5,8982.0,8982.41,37.000826
2018-05-01 20:15:00,8983.92,8996.12,8982.31,8989.0,34.862508
2018-05-01 20:20:00,8987.58,9016.31,8985.28,9006.43,92.38049
2018-05-01 20:25:00,9006.43,9013.56,9000.0,9012.99,56.315669
2018-05-01 20:30:00,9012.99,9025.0,9003.01,9015.19,118.844377
2018-05-01 20:35:00,9015.18,9056.0,9003.22,9003.79,208.633004
2018-05-01 20:40:00,9008.0,9024.57,9008.0,9011.0,42.726478
2018-05-01 20:45:00,9013.96,9014.01,8983.7,8992.01,92.40986
2018-05-01 20:50:00,8992.01,9009.5,8990.0,9009.48,54.818186
2018-05-01 20:55:00,9006.0,9029.0,9006.0,9028.99,54.672382
2018-05-01 21:00:00,9028.98,9042.0,9025.0,9041.01,58.746694
2018-05-01 21:05:00,9040.0,9041.01,9021.96,9040.42,62.697405
2018-05-01 21:10:00,9040.95,9058.0,9039.03,9052.0,77.312459
2018-05-01 21:15:00,9052.51,9085.94,9046.0,9079.34,199.800285
2018-05-01 21:20:00,9079.34,9114.59,9069.0,9093.98,247.690136
2018-05-01 21:25:00,9093.98,9099.96,9068.48,9081.06,102.475805
2018-05-01 21:30:00,9081.06,9099.99,9080.01,9095.04,110.535178
2018-05-01 21:35:00,9095.04,9099.95,9075.19,9080.0,84.310796
2018-05-01 21:40:00,9080.0,9086.0,9076.3,9079.03,54.717286
2018-05-01 21:45:00,9080.0,9090.0,9077.0,9089.01,101.887458
2018-05-01 21:50:00,9089.01,9097.5,9085.9,9090.76,81.336417
2018-05-01 21:55:00,9090.38,9096.99,9075.01,9080.02,61.176115
2018-05-01 22:00:00,9080.02,9097.5,9075.13,9090.01,76.554646
2018-05-01 22:05:00,9090.0,9093.97,9075.92,9080.03,82.674801
2018-05-01 22:10:00,9080.03,9097.5,9080.03,9094.1,169.447337
2018-05-01 22:15:00,9096.11,9103.65,9094.09,9098.06,178.897227
2018-05-01 22:20:00,9098.06,9102.0,9081.0,9094.0,151.004152
2018-05-01 22:25:00,9094.0,9095.89,9080.99,9085.0,124.245677
2018-05-01 22:30:00,9084.09,9089.97,9064.99,9083.4,126.489964
2018-05-01 22:35:00,9085.0,9098.56,9071.0,9071.16,125.253705
2018-05-01 22:40:00,9071.16,9071.99,9048.0,9054.15,92.110892
2018-05-01 22:45:00,9054.16,9076.08,9054.15,9070.0,129.303883
2018-05-01 22:50:00,9070.91,9074.02,9050.06,9050.43,63.831589
2018-05-01 22:55:00,9060.11,9060.23,9032.14,9043.87,98.3437
2018-05-01 23:00:00,9042.46,9057.32,9032.17,9049.4,78.063195
2018-05-01 23:05:00,9053.43,9056.96,9044.0,9045.01,59.271284
2018-05-01 23:10:00,9045.0,9077.0,9044.78,9058.15,104.589212
2018-05-01 23:15:00,9059.89,9080.0,9058.15,9079.99,101.854504
2018-05-01 23:20:00,9080.0,9089.6,9065.33,9073.11,64.600871
2018-05-01 23:25:00,9073.11,9078.97,9060.0,9069.34,86.260481
2018-05-01 23:30:00,9065.73,9071.18,9049.98,9061.29,103.152252
2018-05-01 23:35:00,9062.98,9086.79,9062.61,9083.93,108.678916
2018-05-01 23:40:00,9081.22,9108.83,9077.0,9105.0,176.370427
2018-05-01 23:45:00,9108.84,9112.0,9084.29,9100.5,139.46447
2018-05-01 23:50:00,9100.26,9111.88,9090.2,9099.76,146.924757
2018-05-01 23:55:00,9099.75,9099.77,9066.0,9071.48,78.060392
2018-05-02 00:00:00,9071.48,9099.0,9071.48,9091.09,128.438016
2018-05-02 00:05:00,9096.39,9100.0,9082.06,9100.0,128.369233
2018-05-02 00:10:00,9100.0,9112.28,9090.0,9111.01,119.091208
2018-05-02 00:15:00,9112.28,9115.26,9092.94,9104.0,142.543412
2018-05-02 00:20:00,9104.0,9112.18,9083.56,9094.99,136.091813
2018-05-02 00:25:00,9094.99,9098.0,9073.0,9090.0,131.800273
2018-05-02 00:30:00,9090.0,9097.0,9075.02,9083.62,77.354981
2018-05-02 00:35:00,9080.74,9088.08,9075.94,9079.9,83.099866
2018-05-02 00:40:00,9079.9,9086.73,9054.81,9062.93,145.173124
2018-05-02 00:45:00,9062.93,9066.99,9025.0,9050.0,222.429933
2018-05-02 00:50:00,9036.32,9057.03,9020.0,9026.0,121.452556
2018-05-02 00:55:00,9026.0,9055.32,9026.0,9041.66,106.914657
2018-05-02 01:00:00,9045.9,9045.9,9016.26,9034.46,97.988798
2018-05-02 01:05:00,9034.46,9040.31,9016.26,9021.27,50.883524
2018-05-02 01:10:00,9022.0,9038.84,9016.27,9035.01,37.684053
2018-05-02 01:15:00,9035.01,9035.01,9020.09,9020.41,38.542299
2018-05-02 01:20:00,9022.0,9026.0,8981.07,8994.91,171.418586
2018-05-02 01:25:00,8994.97,9009.0,8970.2,9008.95,171.066029
2018-05-02 01:30:00,9008.95,9014.6,8991.67,9006.4,123.244349
2018-05-02 01:35:00,9006.4,9038.0,9006.4,9035.87,113.280654
2018-05-02 01:40:00,9035.88,9045.55,9003.22,9012.0,139.063728
2018-05-02 01:45:00,9010.99,9038.88,9005.0,9030.01,80.242498
2018-05-02 01:50:00,9030.01,9040.0,9027.01,9035.0,116.909373
2018-05-02 01:55:00,9035.0,9039.37,9020.98,9032.25,73.751655
2018-05-02 02:00:00,9032.25,9055.28,9027.0,9046.92,94.365008
2018-05-02 02:05:00,9046.92,9057.0,9042.01,9055.7,72.095223
2018-05-02 02:10:00,9055.71,9056.35,9030.0,9035.02,103.076631
2018-05-02 02:15:00,9035.02,9040.0,9029.0,9029.02,94.808334
2018-05-02 02:20:00,9029.02,9030.0,9019.51,9023.0,52.300935
2018-05-02 02:25:00,9023.0,9029.85,9019.4,9025.25,45.904516
2018-05-02 02:30:00,9029.85,9039.8,9024.79,9039.79,40.087877
2018-05-02 02:35:00,9030.12,9053.51,9030.12,9052.97,67.474802
2018-05-02 02:40:00,9048.09,9053.51,9042.0,9043.01,82.352526
2018-05-02 02:45:00,9043.43,9049.9,9037.25,9049.9,81.709374
2018-05-02 02:50:00,9044.88,9049.89,9038.8,9047.91,44.976383
2018-05-02 02:55:00,9047.91,9048.0,9040.92,9047.0,38.426181
2018-05-02 03:00:00,9047.0,9047.0,9024.1,9030.91,105.171093
2018-05-02 03:05:00,9030.91,9030.91,9022.87,9027.0,67.938708
2018-05-02 03:10:00,9025.0,9030.0,9013.57,9020.01,75.743367
2018-05-02 03:15:00,9020.01,9029.7,9001.02,9022.0,100.16383
2018-05-02 03:20:00,9022.0,9030.91,9012.98,9025.05,60.132454
2018-05-02 03:25:00,9025.06,9039.89,9025.05,9027.63,92.106832
2018-05-02 03:30:00,9027.63,9043.76,9027.6,9041.01,76.411293
2018-05-02 03:35:00,9041.01,9043.76,9030.4,9030.4,26.934042
2018-05-02 03:40:00,9030.41,9037.84,9030.4,9034.1,31.118176
2018-05-02 03:45:00,9034.1,9040.0,9022.99,9024.8,75.494707
2018-05-02 03:50:00,9022.99,9033.0,9021.01,9027.2,48.139141
2018-05-02 03:55:00,9029.97,9040.0,9027.17,9039.06,94.715837
2018-05-02 04:00:00,9039.05,9069.31,9033.27,9054.68,121.280952
2018-05-02 04:05:00,9055.0,9070.0,9052.0,9064.67,67.490533
2018-05-02 04:10:00,9065.0,9069.0,9056.0,9069.0,45.775317
2018-05-02 04:15:00,9069.0,9070.9,9045.0,9057.92,39.557883
2018-05-02 04:20:00,9053.96,9058.27,9044.6,9057.87,46.883703
2018-05-02 04:25:00,9057.87,9060.0,9044.0,9059.0,70.93922
2018-05-02 04:30:00,9059.0,9077.0,9054.66,9073.01,85.511191
2018-05-02 04:35:00,9073.01,9079.98,9062.01,9070.0,70.581132
2018-05-02 04:40:00,9070.0,9082.49,9067.01,9078.0,61.607936
2018-05-02 04:45:00,9078.0,9092.37,9070.01,9084.48,122.085924
2018-05-02 04:50:00,9078.0,9084.5,9069.99,9080.02,41.677697
2018-05-02 04:55:00,9080.02,9084.5,9073.99,9077.01,39.246367
2018-05-02 05:00:00,9077.01,9083.01,9065.0,9070.0,76.301897
2018-05-02 05:05:00,9070.0,9085.0,9065.0,9084.99,39.554374
2018-05-02 05:10:00,9084.99,9095.46,9075.0,9086.17,176.803248
2018-05-02 05:15:00,9087.66,9095.45,9085.01,9090.45,50.159105
2018-05-02 05:20:00,9090.44,9095.44,9090.17,9091.4,57.491682
2018-05-02 05:25:00,9091.4,9091.72,9072.16,9078.44,41.544318
2018-05-02 05:30:00,9079.98,9104.0,9078.44,9091.61,91.756985
2018-05-02 05:35:00,9090.0,9105.99,9078.45,9078.45,76.483137
2018-05-02 05:40:00,9080.0,9099.1,9074.0,9075.92,67.109065
2018-05-02 05:45:00,9079.0,9094.37,9071.5,9084.0,68.297641
2018-05-02 05:50:00,9079.0,9084.01,9063.98,9070.07,44.878846
2018-05-02 05:55:00,9073.0,9075.0,9060.0,9061.36,52.655206
2018-05-02 06:00:00,9064.99,9085.9,9060.1,9069.99,59.587232
2018-05-02 06:05:00,9070.0,9074.0,9060.1,9065.03,48.807101
2018-05-02 06:10:00,9065.02,9091.99,9060.1,9089.87,76.691303
2018-05-02 06:15:00,9082.12,9090.0,9071.63,9072.36,33.668126
2018-05-02 06:20:00,9072.41,9083.69,9070.9,9081.99,47.684224
2018-05-02 06:25:00,9082.0,9089.0,9078.0,9086.98,53.869233
2018-05-02 06:30:00,9089.0,9097.99,9079.01,9079.01,80.376649
2018-05-02 06:35:00,9080.0,9096.9,9080.0,9090.01,74.488382
2018-05-02 06:40:00,9092.45,9130.0,9088.88,9128.94,258.4861
2018-05-02 06:45:00,9128.94,9153.99,9111.83,9150.0,301.566171
2018-05-02 06:50:00,9149.01,9150.0,9135.95,9138.24,174.229174
2018-05-02 06:55:00,9142.0,9170.0,9112.56,9164.0,222.226882
2018-05-02 07:00:00,9164.0,9170.02,9150.1,9156.01,74.107726
2018-05-02 07:05:00,9156.5,9158.49,9127.53,9149.0,116.49323
2018-05-02 07:10:00,9146.45,9155.0,9133.1,9143.32,78.936211
2018-05-02 07:15:00,9143.31,9151.73,9140.0,9142.61,63.864052
2018-05-02 07:20:00,9142.6,9144.95,9142.52,9143.11,146.004201
2018-05-02 07:25:00,9143.1,9144.0,9120.0,9143.0,170.276562
2018-05-02 07:30:00,9143.0,9165.0,9140.9,9155.0,145.981046
2018-05-02 07:35:00,9155.0,9163.5,9144.17,9149.72,95.782028
2018-05-02 07:40:00,9149.78,9150.0,9141.05,9144.7,44.90599
2018-05-02 07:45:00,9144.7,9148.99,9132.0,9138.0,53.902197
2018-05-02 07:50:00,9135.0,9148.9,9135.0,9143.88,45.903995
2018-05-02 07:55:00,9143.88,9155.0,9143.88,9145.0,59.369509
2018-05-02 08:00:00,9145.0,9155.0,9142.01,9147.0,76.348832
2018-05-02 08:05:00,9147.76,9165.12,9114.31,9140.02,153.460519
2018-05-02 08:10:00,9140.02,9148.0,9125.0,9130.0,112.285617
2018-05-02 08:15:00,9128.21,9136.0,9125.0,9126.98,68.15034
2018-05-02 08:20:00,9126.99,9128.89,9110.1,9122.8,97.859333
2018-05-02 08:25:00,9118.0,9122.87,9110.01,9118.04,75.127666
2018-05-02 08:30:00,9118.04,9133.0,9110.03,9126.01,81.917601
2018-05-02 08:35:00,9126.0,9134.36,9115.1,9116.79,66.198753
2018-05-02 08:40:00,9116.79,9127.94,9115.1,9118.0,65.24254
2018-05-02 08:45:00,9118.0,9123.11,9095.2,9096.01,111.173664
2018-05-02 08:50:00,9096.01,9119.97,9090.3,9118.99,100.199034
2018-05-02 08:55:00,9117.06,9128.0,9115.0,9127.1,89.73709
2018-05-02 09:00:00,9126.0,9145.0,9125.0,9135.0,66.65812
2018-05-02 09:05:00,9135.0,9139.96,9120.0,9125.01,61.620091
2018-05-02 09:10:00,9126.99,9130.86,9116.01,9120.31,115.415098
2018-05-02 09:15:00,9120.31,9129.0,9114.0,9114.0,75.340858
2018-05-02 09:20:00,9114.0,9135.11,9112.04,9130.0,71.882186
2018-05-02 09:25:00,9133.0,9135.01,9125.01,9131.62,65.204739
2018-05-02 09:30:00,9131.62,9139.97,9131.17,9139.97,43.484436
2018-05-02 09:35:00,9139.97,9148.99,9137.87,9145.04,62.440117
2018-05-02 09:40:00,9145.04,9156.41,9134.0,9142.56,65.322286
2018-05-02 09:45:00,9136.0,9150.0,9121.0,9134.88,96.717738
2018-05-02 09:50:00,9134.88,9144.59,9121.75,9135.09,64.168788
2018-05-02 09:55:00,9139.0,9139.06,9125.0,9135.98,73.825546
2018-05-02 10:00:00,9135.97,9144.61,9122.66,9140.04,94.155787
2018-05-02 10:05:00,9140.0,9162.62,9138.89,9158.99,172.391091
2018-05-02 10:10:00,9154.0,9187.85,9152.0,9185.01,169.683466
2018-05-02 10:15:00,9185.01,9217.3,9170.04,9185.76,356.906622
2018-05-02 10:20:00,9185.76,9200.0,9159.35,9179.02,105.844689
2018-05-02 10:25:00,9179.0,9181.1,9159.04,9163.29,84.630527
2018-05-02 10:30:00,9160.9,9181.1,9160.0,9173.0,121.236639
2018-05-02 10:35:00,9177.0,9190.0,9162.0,9180.01,97.545071
2018-05-02 10:40:00,9180.0,9190.0,9167.01,9169.03,73.898687
2018-05-02 10:45:00,9169.03,9173.99,9152.05,9153.51,87.769486
2018-05-02 10:50:00,9153.51,9167.99,9150.0,9160.22,68.087626
2018-05-02 10:55:00,9160.22,9166.9,9150.04,9156.0,47.132765
2018-05-02 11:00:00,9162.0,9171.0,9156.08,9166.01,59.411345
2018-05-02 11:05:00,9170.98,9180.99,9166.01,9180.0,57.242557
2018-05-02 11:10:00,9180.0,9190.22,9168.0,9172.0,66.329923
2018-05-02 11:15:00,9169.0,9173.94,9164.35,9165.44,90.14414
2018-05-02 11:20:00,9165.45,9200.0,9165.45,9182.22,188.856003
2018-05-02 11:25:00,9181.3,9194.93,9176.59,9179.65,54.62055
2018-05-02 11:30:00,9179.75,9182.41,9158.0,9164.2,180.081111
2018-05-02 11:35:00,9164.2,9179.99,9164.2,9169.02,77.687562
2018-05-02 11:40:00,9169.02,9183.83,9168.11,9183.0,92.995677
2018-05-02 11:45:00,9180.38,9184.99,9170.0,9177.99,106.812789
2018-05-02 11:50:00,9177.98,9180.0,9165.0,9170.0,121.201794
2018-05-02 11:55:00,9170.0,9178.1,9164.28,9170.15,146.89445
2018-05-02 12:00:00,9170.15,9180.0,9150.0,9151.0,77.146232
2018-05-02 12:05:00,9151.06,9165.67,9139.07,9156.63,119.371703
2018-05-02 12:10:00,9156.0,9157.99,9138.21,9143.97,80.244258
2018-05-02 12:15:00,9143.97,9149.05,9134.97,9145.01,156.748766
2018-05-02 12:20:00,9145.01,9164.2,9141.28,9146.1,108.759124
2018-05-02 12:25:00,9149.06,9156.24,9135.87,9138.02,88.457374
2018-05-02 12:30:00,9138.91,9149.99,9129.31,9144.0,72.689541
2018-05-02 12:35:00,9141.0,9168.99,9140.0,9158.29,59.833956
2018-05-02 12:40:00,9158.29,9160.0,9144.36,9147.57,44.071911
2018-05-02 12:45:00,9150.0,9155.0,9118.0,9125.0,106.130273
2018-05-02 12:50:00,9122.01,9134.57,9070.0,9095.0,242.295712
2018-05-02 12:55:00,9090.0,9100.0,9076.77,9085.01,180.705657
2018-05-02 13:00:00,9085.0,9098.4,9031.0,9044.0,330.67006
2018-05-02 13:05:00,9040.1,9084.7,9040.1,9071.01,236.391893
2018-05-02 13:10:00,9070.41,9076.0,9050.17,9051.01,137.5752
2018-05-02 13:15:00,9055.0,9084.7,9051.01,9081.0,143.279889
2018-05-02 13:20:00,9081.48,9092.37,9080.0,9087.0,104.18353
2018-05-02 13:25:00,9087.29,9087.4,9067.6,9070.4,65.084479
2018-05-02 13:30:00,9070.42,9085.08,9065.0,9081.0,79.975421
2018-05-02 13:35:00,9080.99,9082.0,9070.01,9075.98,77.918284
2018-05-02 13:40:00,9075.98,9075.98,9061.0,9070.01,83.589511
2018-05-02 13:45:00,9070.03,9075.98,9060.0,9075.98,65.369604
2018-05-02 13:50:00,9075.98,9110.99,9072.02,9093.96,144.506966
2018-05-02 13:55:00,9093.96,9113.01,9092.01,9112.92,86.787697
2018-05-02 14:00:00,9106.01,9112.92,9079.77,9107.0,74.993058
2018-05-02 14:05:00,9100.97,9110.0,9083.1,9088.98,72.486926
2018-05-02 14:10:00,9088.07,9109.0,9080.0,9097.1,104.761597
2018-05-02 14:15:00,9097.1,9107.99,9093.0,9103.01,39.415286
2018-05-02 14:20:00,9103.01,9120.0,9100.0,9115.85,91.990083
2018-05-02 14:25:00,9118.49,9127.46,9117.99,9127.0,70.552377
2018-05-02 14:30:00,9127.0,9129.11,9113.15,9113.15,68.939766
2018-05-02 14:35:00,9113.0,9125.9,9100.0,9118.01,89.325951
2018-05-02 14:40:00,9118.01,9123.0,9106.31,9118.0,85.878555
2018-05-02 14:45:00,9118.0,9121.25,9095.0,9105.97,65.022797
2018-05-02 14:50:00,9105.97,9114.02,9083.75,9085.98,132.509333
2018-05-02 14:55:00,9094.29,9103.54,9086.21,9101.52,89.204533
2018-05-02 15:00:00,9101.52,9105.95,9095.0,9102.0,86.315738
2018-05-02 15:05:00,9102.89,9111.78,9096.7,9110.0,65.277253
2018-05-02 15:10:00,9110.0,9117.99,9107.99,9117.98,91.852848
2018-05-02 15:15:00,9117.99,9124.8,9116.01,9124.78,93.912029
2018-05-02 15:20:00,9124.5,9155.0,9120.11,9140.14,124.842905
2018-05-02 15:25:00,9144.45,9150.0,9127.01,9138.27,77.183125
2018-05-02 15:30:00,9144.99,9149.98,9138.0,9149.02,94.969872
2018-05-02 15:35:00,9149.02,9150.0,9140.0,9149.56,71.1139
2018-05-02 15:40:00,9149.0,9154.0,9144.61,9153.0,76.816509
2018-05-02 15:45:00,9150.01,9153.96,9138.41,9151.12,90.99036
2018-05-02 15:50:00,9151.12,9155.0,9149.0,9153.0,94.108324
2018-05-02 15:55:00,9152.11,9166.44,9150.0,9155.0,80.774685
2018-05-02 16:00:00,9158.18,9169.72,9153.5,9159.0,68.861194
2018-05-02 16:05:00,9158.99,9163.0,9134.02,9140.0,111.905085
2018-05-02 16:10:00,9136.0,9144.66,9126.41,9138.44,101.706012
2018-05-02 16:15:00,9138.44,9149.0,9131.0,9146.54,63.581127
2018-05-02 16:20:00,9146.99,9150.01,9137.03,9141.0,45.29001
2018-05-02 16:25:00,9141.43,9152.0,9131.0,9137.01,70.346723
2018-05-02 16:30:00,9137.01,9148.99,9133.56,9142.08,68.633122
2018-05-02 16:35:00,9142.08,9155.0,9142.08,9152.0,82.671416
2018-05-02 16:40:00,9152.0,9164.86,9145.01,9156.23,70.528533
2018-05-02 16:45:00,9155.02,9170.17,9155.02,9170.01,74.317786
2018-05-02 16:50:00,9170.17,9172.27,9136.0,9149.34,103.057304
2018-05-02 16:55:00,9149.34,9159.0,9128.0,9129.0,51.565459
2018-05-02 17:00:00,9133.99,9148.0,9126.58,9137.95,54.324974
2018-05-02 17:05:00,9136.9,9142.99,9131.0,9134.01,47.140825
2018-05-02 17:10:00,9134.96,9136.0,9130.1,9130.1,49.033294
2018-05-02 17:15:00,9130.83,9133.0,9113.43,9113.43,86.439675
2018-05-02 17:20:00,9113.43,9120.1,9111.01,9115.08,62.040877
2018-05-02 17:25:00,9119.99,9139.23,9115.1,9126.02,111.183479
2018-05-02 17:30:00,9126.03,9139.84,9123.7,9139.84,52.494759
2018-05-02 17:35:00,9136.01,9139.0,9132.0,9133.01,52.932766
2018-05-02 17:40:00,9133.02,9139.84,9122.09,9129.0,90.632362
2018-05-02 17:45:00,9129.5,9132.0,9118.0,9121.96,68.921166
2018-05-02 17:50:00,9121.96,9131.14,9117.0,9121.0,79.717182
2018-05-02 17:55:00,9121.03,9135.0,9121.0,9134.0,43.75176
2018-05-02 18:00:00,9134.0,9134.0,9110.32,9111.41,78.495385
2018-05-02 18:05:00,9111.39,9111.4,9101.32,9105.0,66.632696
2018-05-02 18:10:00,9105.01,9141.0,9102.34,9133.98,89.060967
2018-05-02 18:15:00,9134.0,9140.0,9117.39,9118.36,74.864188
2018-05-02 18:20:00,9118.36,9137.5,9111.0,9129.72,48.029083
2018-05-02 18:25:00,9133.99,9134.99,9120.0,9124.0,61.091229
2018-05-02 18:30:00,9124.0,9132.98,9112.11,9123.65,88.813965
2018-05-02 18:35:00,9127.0,9133.01,9120.0,9128.0,29.770609
2018-05-02 18:40:00,9128.0,9132.99,9114.09,9119.99,41.828701
2018-05-02 18:45:00,9115.97,9134.96,9115.97,9133.99,55.993378
2018-05-02 18:50:00,9134.0,9134.96,9115.0,9130.0,58.433733
2018-05-02 18:55:00,9130.0,9137.53,9118.0,9125.0,55.323947
2018-05-02 19:00:00,9136.68,9136.68,9121.75,9130.0,59.358864
2018-05-02 19:05:00,9129.99,9134.56,9118.5,9127.85,64.940958
2018-05-02 19:10:00,9122.03,9132.46,9103.54,9107.0,51.288158
2018-05-02 19:15:00,9103.54,9110.3,9076.91,9096.16,206.000261
2018-05-02 19:20:00,9096.16,9096.16,9068.5,9070.0,162.753545
2018-05-02 19:25:00,9069.85,9099.99,9068.52,9099.99,55.776156
2018-05-02 19:30:00,9099.99,9110.0,9085.49,9090.0,67.337883
2018-05-02 19:35:00,9089.99,9111.0,9086.47,9100.51,66.143293
2018-05-02 19:40:00,9100.51,9128.27,9100.47,9116.03,83.693083
2018-05-02 19:45:00,9123.57,9123.58,9110.0,9118.99,38.396549
2018-05-02 19:50:00,9119.0,9130.0,9115.97,9129.95,55.666605
2018-05-02 19:55:00,9129.0,9140.0,9121.16,9138.94,38.303304
2018-05-02 20:00:00,9135.0,9141.0,9120.91,9122.0,37.131825
2018-05-02 20:05:00,9122.0,9124.1,9120.01,9121.82,30.624334
2018-05-02 20:10:00,9121.82,9128.0,9120.02,9126.74,35.714593
2018-05-02 20:15:00,9124.69,9129.95,9108.56,9120.0,35.633965
2018-05-02 20:20:00,9119.99,9129.96,9118.0,9129.96,38.317731
2018-05-02 20:25:00,9128.96,9129.91,9108.47,9115.0,64.63541
2018-05-02 20:30:00,9115.0,9119.99,9110.01,9114.0,30.371404
2018-05-02 20:35:00,9114.0,9130.0,9114.0,9129.47,39.833364
2018-05-02 20:40:00,9129.99,9169.0,9122.43,9168.88,149.986982
2018-05-02 20:45:00,9168.99,9192.14,9154.75,9184.98,184.944422
2018-05-02 20:50:00,9184.47,9192.99,9175.0,9179.0,98.550145
2018-05-02 20:55:00,9179.01,9199.0,9167.43,9190.88,100.733736
2018-05-02 21:00:00,9199.0,9222.0,9193.24,9210.0,249.058255
2018-05-02 21:05:00,9200.0,9216.0,9196.77,9215.0,108.787252
2018-05-02 21:10:00,9218.87,9225.66,9180.01,9195.43,237.464863
2018-05-02 21:15:00,9195.43,9198.0,9184.5,9190.35,72.994718
2018-05-02 21:20:00,9191.21,9224.97,9186.01,9214.94,79.988563
2018-05-02 21:25:00,9214.94,9225.53,9209.12,9214.01,71.520849
2018-05-02 21:30:00,9215.01,9250.0,9214.0,9242.0,145.58162
2018-05-02 21:35:00,9236.0,9248.24,9236.0,9248.0,80.595824
2018-05-02 21:40:00,9248.23,9262.4,9240.81,9255.99,130.585425
2018-05-02 21:45:00,9255.99,9257.93,9231.0,9236.85,93.608642
2018-05-02 21:50:00,9236.86,9241.0,9209.17,9226.0,94.530131
2018-05-02 21:55:00,9222.01,9232.98,9208.3,9225.96,68.000352
2018-05-02 22:00:00,9225.96,9232.0,9224.03,9227.0,99.928904
2018-05-02 22:05:00,9225.0,9227.0,9210.97,9225.01,79.57594
2018-05-02 22:10:00,9225.01,9240.97,9217.01,9239.37,58.871434
2018-05-02 22:15:00,9234.0,9240.0,9200.8,9205.0,80.449715
2018-05-02 22:20:00,9211.62,9224.29,9202.0,9217.0,62.947386
2018-05-02 22:25:00,9213.53,9224.22,9213.52,9216.51,34.99319
2018-05-02 22:30:00,9216.51,9250.0,9210.05,9243.14,60.280349
2018-05-02 22:35:00,9243.01,9249.84,9230.0,9230.08,55.781077
2018-05-02 22:40:00,9230.08,9240.0,9230.08,9240.0,48.302947
2018-05-02 22:45:00,9239.99,9248.0,9239.01,9239.09,39.902359
2018-05-02 22:50:00,9241.0,9242.86,9230.0,9238.0,58.378635
2018-05-02 22:55:00,9238.0,9266.0,9234.42,9261.25,148.006009
2018-05-02 23:00:00,9261.25,9268.0,9246.09,9257.21,133.833426
2018-05-02 23:05:00,9257.21,9265.08,9235.0,9239.35,65.409061
2018-05-02 23:10:00,9240.61,9249.38,9235.0,9235.99,41.856129
2018-05-02 23:15:00,9236.0,9240.0,9226.49,9238.0,53.474549
2018-05-02 23:20:00,9238.0,9264.46,9211.1,9261.21,298.129775
2018-05-02 23:25:00,9261.21,9265.0,9238.18,9251.0,134.743163
2018-05-02 23:30:00,9251.0,9262.0,9243.37,9260.07,122.987473
2018-05-02 23:35:00,9260.07,9261.0,9238.18,9240.0,106.060235
2018-05-02 23:40:00,9240.0,9253.17,9210.38,9231.0,180.10151
2018-05-02 23:45:00,9231.0,9244.99,9230.15,9242.76,32.2166
2018-05-02 23:50:00,9242.76,9255.0,9223.86,9254.99,165.48414
2018-05-02 23:55:00,9254.12,9258.05,9239.81,9247.84,55.833349
2018-05-03 00:00:00,9247.81,9257.36,9237.81,9249.7,110.576743
2018-05-03 00:05:00,9249.7,9249.76,9220.0,9220.0,83.743907
2018-05-03 00:10:00,9220.01,9232.34,9214.0,9218.02,114.930337
2018-05-03 00:15:00,9220.0,9220.73,9214.02,9218.8,85.315339
2018-05-03 00:20:00,9215.06,9220.73,9202.0,9202.0,74.257503
2018-05-03 00:25:00,9203.65,9219.74,9202.0,9209.88,67.321672
2018-05-03 00:30:00,9210.84,9219.0,9206.31,9213.88,56.884205
2018-05-03 00:35:00,9213.89,9230.42,9210.93,9223.13,65.711438
2018-05-03 00:40:00,9229.0,9229.84,9215.0,9225.0,36.009186
2018-05-03 00:45:00,9224.43,9229.0,9220.01,9222.7,57.205915
2018-05-03 00:50:00,9221.02,9224.25,9188.02,9218.0,124.559367
2018-05-03 00:55:00,9218.0,9225.71,9205.04,9210.01,53.611759
2018-05-03 01:00:00,9210.01,9229.81,9210.0,9220.01,70.114997
2018-05-03 01:05:00,9219.01,9238.0,9205.7,9215.04,100.406343
2018-05-03 01:10:00,9215.04,9229.58,9205.0,9213.0,64.855657
2018-05-03 01:15:00,9213.84,9222.0,9208.03,9215.42,73.78651
2018-05-03 01:20:00,9215.02,9222.0,9209.12,9215.59,62.672374
2018-05-03 01:25:00,9216.0,9231.0,9212.16,9231.0,78.238932
2018-05-03 01:30:00,9231.0,9244.86,9223.14,9244.85,152.314777
2018-05-03 01:35:00,9244.85,9258.0,9240.0,9255.01,104.549698
2018-05-03 01:40:00,9257.87,9257.9,9242.84,9253.02,72.966839
2018-05-03 01:45:00,9253.6,9259.99,9250.03,9256.17,112.979516
2018-05-03 01:50:00,9259.98,9259.99,9241.12,9245.81,110.465676
2018-05-03 01:55:00,9245.81,9247.99,9226.16,9230.07,121.023649
2018-05-03 02:00:00,9226.17,9239.99,9218.0,9223.04,120.271139
2018-05-03 02:05:00,9223.04,9242.77,9218.0,9242.77,106.325238
2018-05-03 02:10:00,9237.0,9248.71,9222.69,9237.0,135.775665
2018-05-03 02:15:00,9237.0,9237.0,9214.3,9229.59,60.813749
2018-05-03 02:20:00,9229.99,9237.0,9227.38,9237.0,41.316971
2018-05-03 02:25:00,9237.0,9251.5,9236.0,9240.0,94.500661
2018-05-03 02:30:00,9240.0,9251.0,9237.15,9239.92,57.172592
2018-05-03 02:35:00,9239.91,9255.71,9237.0,9255.01,110.724338
2018-05-03 02:40:00,9255.0,9259.47,9242.38,9244.25,73.292686
2018-05-03 02:45:00,9244.25,9255.0,9243.58,9252.8,71.44494
2018-05-03 02:50:00,9252.79,9261.11,9240.99,9260.0,109.390072
2018-05-03 02:55:00,9255.07,9265.0,9249.02,9264.43,57.609309
2018-05-03 03:00:00,9264.43,9281.0,9249.05,9269.98,216.121511
2018-05-03 03:05:00,9269.99,9286.0,9265.96,9273.14,170.398173
2018-05-03 03:10:00,9275.47,9295.0,9273.14,9283.0,151.078064
2018-05-03 03:15:00,9283.0,9293.0,9236.06,9257.99,179.799372
2018-05-03 03:20:00,9257.99,9269.99,9240.0,9269.99,137.560363
2018-05-03 03:25:00,9269.91,9286.82,9250.23,9261.32,85.940522
2018-05-03 03:30:00,9261.32,9264.0,9254.06,9262.96,45.292004
2018-05-03 03:35:00,9257.03,9283.03,9257.03,9280.99,66.737738
2018-05-03 03:40:00,9277.0,9282.99,9270.0,9281.0,89.695063
2018-05-03 03:45:00,9281.0,9283.0,9264.08,9271.0,49.788212
2018-05-03 03:50:00,9274.94,9276.0,9265.03,9266.99,58.460471
2018-05-03 03:55:00,9266.99,9269.97,9250.9,9250.9,115.815478
2018-05-03 04:00:00,9253.92,9280.0,9250.9,9270.78,155.059499
2018-05-03 04:05:00,9265.01,9285.28,9264.27,9285.13,150.609746
2018-05-03 04:10:00,9285.13,9315.68,9278.01,9309.94,224.633772
2018-05-03 04:15:00,9306.75,9315.1,9276.23,9294.88,124.128072
2018-05-03 04:20:00,9294.87,9300.01,9278.02,9279.64,82.671312
2018-05-03 04:25:00,9279.64,9279.64,9257.01,9273.0,111.434162
2018-05-03 04:30:00,9273.0,9287.25,9264.02,9278.11,98.782585
2018-05-03 04:35:00,9285.91,9289.99,9275.02,9279.04,60.944777
2018-05-03 04:40:00,9280.01,9293.0,9279.0,9282.5,83.020174
2018-05-03 04:45:00,9282.51,9291.85,9279.0,9281.0,102.639393
2018-05-03 04:50:00,9281.0,9290.96,9270.5,9289.39,121.881539
2018-05-03 04:55:00,9289.39,9293.0,9272.3,9281.97,65.227752
2018-05-03 05:00:00,9283.92,9296.35,9274.23,9284.51,114.328948
2018-05-03 05:05:00,9292.63,9293.95,9277.0,9283.16,66.114926
2018-05-03 05:10:00,9283.15,9291.99,9280.0,9284.0,74.075206
2018-05-03 05:15:00,9285.91,9288.68,9248.71,9252.51,124.639431
2018-05-03 05:20:00,9255.99,9268.41,9240.05,9263.96,97.95199
2018-05-03 05:25:00,9257.0,9268.87,9256.0,9260.02,62.528447
2018-05-03 05:30:00,9260.02,9268.0,9257.49,9257.49,81.974268
2018-05-03 05:35:00,9257.51,9259.47,9237.0,9242.3,97.562481
2018-05-03 05:40:00,9245.95,9256.2,9225.0,9225.0,133.290458
2018-05-03 05:45:00,9225.0,9232.55,9201.0,9201.01,244.845325
2018-05-03 05:50:00,9201.01,9220.33,9180.21,9209.71,269.705022
2018-05-03 05:55:00,9219.99,9219.99,9194.01,9209.82,129.183083
2018-05-03 06:00:00,9206.76,9209.79,9168.4,9168.4,349.900927
2018-05-03 06:05:00,9168.7,9210.0,9168.4,9208.49,287.657167
2018-05-03 06:10:00,9205.39,9225.11,9196.7,9217.97,158.724105
2018-05-03 06:15:00,9215.01,9221.0,9210.07,9210.13,108.884852
2018-05-03 06:20:00,9213.0,9230.11,9208.04,9208.08,159.917295
2018-05-03 06:25:00,9208.03,9213.01,9192.01,9206.0,136.955178
2018-05-03 06:30:00,9208.69,9211.0,9205.0,9205.0,62.499905
2018-05-03 06:35:00,9205.0,9226.94,9202.0,9225.0,34.013979
2018-05-03 06:40:00,9225.01,9237.77,9223.0,9223.03,79.604087
2018-05-03 06:45:00,9223.03,9232.71,9209.99,9212.0,114.193906
2018-05-03 06:50:00,9213.57,9216.42,9206.0,9216.4,71.81041
2018-05-03 06:55:00,9216.4,9222.0,9195.01,9210.09,128.872253
2018-05-03 07:00:00,9209.0,9215.0,9191.64,9200.04,81.927676
2018-05-03 07:05:00,9200.0,9222.53,9193.0,9218.2,229.682809
2018-05-03 07:10:00,9218.2,9228.63,9212.0,9226.01,49.918246
2018-05-03 07:15:00,9227.0,9229.95,9221.0,9227.0,85.665114
2018-05-03 07:20:00,9227.02,9233.91,9220.0,9229.03,89.780701
2018-05-03 07:25:00,9229.03,9231.41,9221.72,9224.63,51.804009
2018-05-03 07:30:00,9224.63,9239.0,9224.63,9239.0,41.950255
2018-05-03 07:35:00,9239.0,9249.0,9235.03,9239.58,64.120317
2018-05-03 07:40:00,9239.59,9240.0,9225.0,9229.0,63.760311
2018-05-03 07:45:00,9229.0,9250.0,9228.0,9250.0,84.56761
2018-05-03 07:50:00,9242.6,9250.99,9236.15,9250.99,65.828715
2018-05-03 07:55:00,9250.99,9255.0,9240.15,9249.86,78.316241
2018-05-03 08:00:00,9249.43,9264.27,9241.05,9258.97,133.020198
2018-05-03 08:05:00,9258.97,9259.99,9224.63,9248.87,139.630836
2018-05-03 08:10:00,9239.04,9254.06,9216.0,9216.0,167.428432
2018-05-03 08:15:00,9216.0,9224.69,9189.41,9201.98,242.346517
2018-05-03 08:20:00,9201.98,9232.92,9200.03,9222.63,106.054313
2018-05-03 08:25:00,9231.76,9240.99,9222.62,9238.0,106.09314
2018-05-03 08:30:00,9228.52,9237.99,9210.0,9216.99,80.159986
2018-05-03 08:35:00,9216.99,9219.86,9200.0,9209.85,52.681523
2018-05-03 08:40:00,9209.84,9228.0,9192.77,9228.0,99.956498
2018-05-03 08:45:00,9228.0,9244.76,9216.59,9230.0,91.19368
2018-05-03 08:50:00,9230.0,9239.82,9222.52,9236.08,33.341513
2018-05-03 08:55:00,9236.09,9241.81,9230.0,9238.19,78.511816
2018-05-03 09:00:00,9238.19,9240.0,9193.01,9206.98,131.61312
2018-05-03 09:05:00,9206.98,9218.0,9200.24,9210.0,68.73859
2018-05-03 09:10:00,9213.99,9213.99,9184.0,9195.12,90.801937
2018-05-03 09:15:00,9195.12,9220.28,9189.62,9215.0,69.001159
2018-05-03 09:20:00,9215.01,9230.0,9200.69,9223.35,49.744204
2018-05-03 09:25:00,9220.31,9230.0,9199.98,9212.96,100.488317
2018-05-03 09:30:00,9206.82,9226.07,9189.88,9200.0,267.036127
2018-05-03 09:35:00,9200.0,9213.5,9181.3,9187.99,155.55148
2018-05-03 09:40:00,9187.0,9200.0,9183.19,9200.0,97.85971
2018-05-03 09:45:00,9199.02,9200.0,9180.74,9200.0,135.048765
2018-05-03 09:50:00,9199.98,9200.0,9170.0,9191.62,166.168718
2018-05-03 09:55:00,9191.63,9213.9,9185.85,9208.33,93.710077
2018-05-03 10:00:00,9211.54,9232.88,9200.04,9227.3,134.8979
2018-05-03 10:05:00,9227.3,9233.33,9213.34,9230.67,100.647876
2018-05-03 10:10:00,9230.0,9230.67,9210.47,9229.0,57.878946
2018-05-03 10:15:00,9229.0,9231.0,9213.64,9222.83,117.33519
2018-05-03 10:20:00,9222.82,9233.31,9206.03,9216.32,99.710728
2018-05-03 10:25:00,9216.32,9220.0,9197.12,9219.96,104.348528
2018-05-03 10:30:00,9216.6,9229.33,9216.6,9222.01,44.227571
2018-05-03 10:35:00,9224.99,9227.77,9210.0,9224.98,28.384355
2018-05-03 10:40:00,9224.98,9229.25,9221.1,9223.05,21.679221
2018-05-03 10:45:00,9223.06,9228.93,9214.32,9220.0,63.512872
2018-05-03 10:50:00,9220.7,9228.93,9212.0,9222.6,43.816636
2018-05-03 10:55:00,9226.03,9236.06,9222.56,9235.38,71.048886
2018-05-03 11:00:00,9231.0,9235.91,9224.03,9234.99,49.227492
2018-05-03 11:05:00,9234.99,9235.91,9225.53,9227.0,63.853663
2018-05-03 11:10:00,9226.98,9229.41,9222.56,9229.02,44.550129
2018-05-03 11:15:00,9229.02,9229.41,9212.0,9212.0,81.232379
2018-05-03 11:20:00,9212.0,9221.0,9200.0,9200.0,105.170715
2018-05-03 11:25:00,9200.0,9213.0,9190.0,9190.72,112.686572
2018-05-03 11:30:00,9190.72,9207.88,9188.66,9199.0,82.480253
2018-05-03 11:35:00,9194.51,9221.0,9194.51,9221.0,66.159487
2018-05-03 11:40:00,9221.0,9222.0,9210.13,9216.0,84.467871
2018-05-03 11:45:00,9214.0,9219.0,9210.0,9219.0,44.528502
2018-05-03 11:50:00,9219.0,9225.6,9210.99,9210.99,63.395388
2018-05-03 11:55:00,9211.0,9225.0,9210.19,9224.75,48.171315
2018-05-03 12:00:00,9220.0,9230.0,9211.0,9216.01,56.348082
2018-05-03 12:05:00,9216.01,9228.35,9216.01,9217.61,58.124327
2018-05-03 12:10:00,9217.6,9223.13,9207.39,9217.82,72.018017
2018-05-03 12:15:00,9217.82,9229.0,9213.39,9228.99,59.757665
2018-05-03 12:20:00,9228.99,9260.0,9225.0,9252.54,122.114502
2018-05-03 12:25:00,9250.23,9258.97,9240.0,9257.32,118.256608
2018-05-03 12:30:00,9258.03,9276.0,9252.59,9272.23,174.812293
2018-05-03 12:35:00,9272.23,9282.96,9262.01,9280.0,107.652671
2018-05-03 12:40:00,9277.04,9282.0,9248.5,9262.99,145.863671
2018-05-03 12:45:00,9262.99,9300.0,9248.59,9295.0,174.735446
2018-05-03 12:50:00,9296.0,9338.0,9290.0,9335.0,248.264501
2018-05-03 12:55:00,9338.0,9349.99,9319.45,9320.0,274.445921
2018-05-03 13:00:00,9320.0,9345.01,9320.0,9333.98,282.290192
2018-05-03 13:05:00,9334.69,9338.28,9317.79,9320.0,125.46819
2018-05-03 13:10:00,9320.52,9338.0,9316.28,9336.0,164.165667
2018-05-03 13:15:00,9336.0,9350.0,9330.0,9341.0,213.807812
2018-05-03 13:20:00,9341.0,9345.0,9294.0,9300.0,216.750513
2018-05-03 13:25:00,9300.0,9330.0,9294.0,9322.17,134.620308
2018-05-03 13:30:00,9322.17,9344.03,9318.99,9337.98,118.876189
2018-05-03 13:35:00,9337.98,9372.0,9333.18,9371.0,325.906814
2018-05-03 13:40:00,9371.96,9385.85,9350.0,9359.6,227.190364
2018-05-03 13:45:00,9359.6,9369.0,9350.0,9369.0,74.184805
2018-05-03 13:50:00,9369.0,9400.48,9365.01,9397.0,391.032396
2018-05-03 13:55:00,9397.0,9475.0,9378.2,9471.05,502.31711
2018-05-03 14:00:00,9475.0,9490.6,9416.16,9420.57,562.604959
2018-05-03 14:05:00,9423.0,9487.0,9420.56,9449.0,327.904215
2018-05-03 14:10:00,9446.33,9450.1,9428.0,9446.0,209.194058
2018-05-03 14:15:00,9445.54,9459.98,9441.1,9459.98,144.402498
2018-05-03 14:20:00,9459.98,9475.0,9438.0,9438.0,179.147693
2018-05-03 14:25:00,9438.0,9450.34,9434.13,9438.0,183.842893
2018-05-03 14:30:00,9438.0,9440.0,9412.0,9418.0,159.137559
2018-05-03 14:35:00,9418.0,9459.45,9415.0,9459.45,140.496651
2018-05-03 14:40:00,9459.45,9470.7,9440.01,9443.96,171.463021
2018-05-03 14:45:00,9443.95,9449.71,9431.01,9443.84,158.214386
2018-05-03 14:50:00,9443.85,9447.0,9440.01,9442.0,106.918728
2018-05-03 14:55:00,9442.0,9458.0,9441.06,9458.0,169.553405
2018-05-03 15:00:00,9457.99,9469.98,9453.99,9465.01,123.078443
2018-05-03 15:05:00,9465.04,9480.4,9454.0,9455.97,213.782211
2018-05-03 15:10:00,9455.97,9459.99,9434.31,9443.99,104.782755
2018-05-03 15:15:00,9444.0,9451.65,9430.0,9430.01,93.483931
2018-05-03 15:20:00,9430.0,9439.99,9430.0,9433.06,75.31806
2018-05-03 15:25:00,9433.01,9448.48,9433.01,9445.98,76.238808
2018-05-03 15:30:00,9444.0,9445.98,9430.0,9430.01,77.430422
2018-05-03 15:35:00,9430.01,9431.0,9415.0,9415.01,83.738661
2018-05-03 15:40:00,9415.01,9425.0,9406.91,9425.0,134.340582
2018-05-03 15:45:00,9424.21,9428.99,9410.22,9412.0,99.065198
2018-05-03 15:50:00,9412.03,9439.08,9412.03,9439.08,68.796462
2018-05-03 15:55:00,9439.08,9443.03,9432.18,9442.28,76.700816
2018-05-03 16:00:00,9442.0,9445.0,9428.38,9443.0,98.097606
2018-05-03 16:05:00,9444.0,9469.0,9440.0,9465.59,122.826322
2018-05-03 16:10:00,9465.59,9475.0,9462.34,9466.27,109.025434
2018-05-03 16:15:00,9470.82,9474.0,9463.48,9470.0,86.104466
2018-05-03 16:20:00,9470.0,9474.0,9459.0,9466.0,156.583746
2018-05-03 16:25:00,9465.0,9466.0,9444.0,9447.0,100.50199
2018-05-03 16:30:00,9450.98,9450.98,9444.09,9444.99,84.584112
2018-05-03 16:35:00,9447.0,9459.0,9442.0,9447.01,73.637848
2018-05-03 16:40:00,9447.0,9470.89,9445.0,9470.86,79.172772
2018-05-03 16:45:00,9470.89,9480.0,9460.16,9479.98,124.856416
2018-05-03 16:50:00,9479.98,9543.0,9475.0,9543.0,441.495336
2018-05-03 16:55:00,9543.0,9613.12,9541.03,9613.12,593.842802
2018-05-03 17:00:00,9613.0,9619.86,9553.12,9595.0,520.586236
2018-05-03 17:05:00,9591.08,9600.58,9560.0,9577.75,248.657311
2018-05-03 17:10:00,9577.75,9591.1,9573.6,9583.88,140.722616
2018-05-03 17:15:00,9583.8,9609.6,9582.01,9599.8,169.020352
2018-05-03 17:20:00,9599.8,9640.0,9599.8,9634.0,345.007476
2018-05-03 17:25:00,9632.56,9644.0,9580.0,9612.0,311.510033
2018-05-03 17:30:00,9614.01,9615.0,9551.0,9565.21,350.140088
2018-05-03 17:35:00,9568.99,9627.47,9554.0,9600.0,255.421175
2018-05-03 17:40:00,9604.99,9644.0,9591.6,9613.0,330.808797
2018-05-03 17:45:00,9621.04,9647.11,9601.77,9640.0,134.258992
2018-05-03 17:50:00,9640.0,9687.01,9625.0,9675.0,396.448013
2018-05-03 17:55:00,9672.6,9718.0,9670.0,9711.16,481.442601
2018-05-03 18:00:00,9715.0,9779.0,9700.31,9764.22,547.559229
2018-05-03 18:05:00,9761.0,9770.99,9691.9,9730.84,444.58438
2018-05-03 18:10:00,9723.38,9730.84,9631.0,9639.02,524.284589
2018-05-03 18:15:00,9639.02,9700.05,9632.0,9660.02,343.462071
2018-05-03 18:20:00,9666.0,9671.92,9650.0,9650.01,200.119691
2018-05-03 18:25:00,9650.01,9671.93,9620.0,9670.0,271.003453
2018-05-03 18:30:00,9670.0,9695.0,9662.24,9687.0,239.841386
2018-05-03 18:35:00,9687.0,9689.89,9640.0,9663.45,229.776233
2018-05-03 18:40:00,9654.03,9665.86,9640.0,9664.98,148.245992
2018-05-03 18:45:00,9665.86,9686.31,9654.2,9674.0,210.648616
2018-05-03 18:50:00,9672.71,9706.99,9667.0,9702.6,191.725984
2018-05-03 18:55:00,9698.0,9702.61,9674.0,9684.99,131.842041
2018-05-03 19:00:00,9690.0,9713.14,9678.0,9707.75,105.444347
2018-05-03 19:05:00,9701.81,9710.76,9667.0,9698.13,134.767913
2018-05-03 19:10:00,9698.13,9722.03,9684.02,9711.01,122.651864
2018-05-03 19:15:00,9711.01,9730.81,9694.0,9727.02,85.197986
2018-05-03 19:20:00,9726.0,9734.99,9674.0,9689.91,199.583452
2018-05-03 19:25:00,9685.0,9713.59,9685.0,9699.97,77.773658
2018-05-03 19:30:00,9699.96,9700.0,9674.0,9675.0,76.061842
2018-05-03 19:35:00,9677.99,9680.0,9649.62,9669.19,150.318582
2018-05-03 19:40:00,9669.17,9672.66,9655.0,9660.0,87.225029
2018-05-03 19:45:00,9658.89,9660.0,9628.0,9634.0,172.453136
2018-05-03 19:50:00,9639.99,9658.97,9620.93,9637.0,174.180189
2018-05-03 19:55:00,9636.94,9683.99,9629.35,9666.01,142.673794
2018-05-03 20:00:00,9670.0,9682.48,9658.45,9663.04,130.715084
2018-05-03 20:05:00,9665.61,9698.86,9660.0,9685.0,154.930814
2018-05-03 20:10:00,9685.0,9685.0,9658.74,9662.37,119.706268
2018-05-03 20:15:00,9669.01,9669.99,9654.78,9665.0,69.076558
2018-05-03 20:20:00,9665.0,9665.52,9637.25,9645.06,79.670964
2018-05-03 20:25:00,9645.0,9649.0,9614.01,9640.02,180.954844
2018-05-03 20:30:00,9640.01,9649.99,9634.71,9634.72,64.404002
2018-05-03 20:35:00,9635.0,9646.0,9625.95,9642.99,117.955609
2018-05-03 20:40:00,9635.05,9644.0,9627.01,9633.31,90.797235
2018-05-03 20:45:00,9633.31,9663.5,9627.01,9649.03,123.825731
2018-05-03 20:50:00,9649.02,9672.0,9648.01,9664.21,95.667168
2018-05-03 20:55:00,9664.21,9687.35,9664.06,9682.0,98.854193
2018-05-03 21:00:00,9683.39,9689.97,9670.0,9677.0,87.069015
2018-05-03 21:05:00,9677.01,9682.0,9664.06,9672.99,56.747529
2018-05-03 21:10:00,9673.0,9679.7,9664.34,9675.99,107.224653
2018-05-03 21:15:00,9672.02,9679.7,9670.0,9677.99,64.103527
2018-05-03 21:20:00,9678.0,9682.0,9678.0,9681.99,46.601379
2018-05-03 21:25:00,9681.99,9697.0,9680.01,9684.02,215.193337
2018-05-03 21:30:00,9687.51,9695.99,9677.0,9680.02,77.672479
2018-05-03 21:35:00,9684.99,9688.0,9680.01,9681.31,52.286541
2018-05-03 21:40:00,9682.15,9683.4,9661.42,9672.84,70.983066
2018-05-03 21:45:00,9672.84,9682.62,9667.23,9674.99,40.062659
2018-05-03 21:50:00,9674.99,9682.34,9670.1,9677.99,59.596064
2018-05-03 21:55:00,9678.0,9683.0,9675.0,9678.0,67.644257
2018-05-03 22:00:00,9682.0,9683.91,9678.01,9683.91,42.966553
2018-05-03 22:05:00,9683.91,9683.92,9670.58,9674.98,80.086634
2018-05-03 22:10:00,9674.98,9675.0,9656.25,9661.07,77.086976
2018-05-03 22:15:00,9661.85,9680.99,9661.03,9680.99,42.636305
2018-05-03 22:20:00,9680.99,9685.22,9661.86,9663.85,59.33085
2018-05-03 22:25:00,9663.3,9670.0,9653.01,9654.13,89.196035
2018-05-03 22:30:00,9656.36,9665.0,9654.13,9658.99,60.025351
2018-05-03 22:35:00,9659.0,9666.0,9657.03,9665.09,48.242772
2018-05-03 22:40:00,9665.99,9678.32,9661.83,9668.16,85.01859
2018-05-03 22:45:00,9668.21,9678.32,9641.44,9651.13,112.384689
2018-05-03 22:50:00,9651.13,9689.98,9651.12,9685.01,88.785224
2018-05-03 22:55:00,9685.01,9735.0,9675.8,9724.01,254.821295
2018-05-03 23:00:00,9724.01,9744.99,9711.22,9744.92,100.446044
2018-05-03 23:05:00,9744.99,9844.0,9744.99,9800.01,492.615738
2018-05-03 23:10:00,9800.01,9820.8,9782.48,9817.0,277.923843
2018-05-03 23:15:00,9816.01,9821.9,9769.69,9813.51,205.720552
2018-05-03 23:20:00,9819.0,9821.9,9784.63,9797.63,115.147132
2018-05-03 23:25:00,9791.5,9802.96,9759.1,9769.68,206.221842
2018-05-03 23:30:00,9769.62,9788.51,9760.01,9785.22,94.807464
2018-05-03 23:35:00,9785.22,9830.82,9780.49,9818.99,161.784441
2018-05-03 23:40:00,9818.99,9823.48,9779.89,9782.62,115.661158
2018-05-03 23:45:00,9782.62,9798.13,9770.07,9779.95,96.388061
2018-05-03 23:50:00,9775.01,9779.95,9751.7,9774.0,68.54804
2018-05-03 23:55:00,9774.0,9775.96,9740.91,9750.0,118.97301
2018-05-04 00:00:00,9750.0,9750.0,9520.85,9563.42,1077.693968
2018-05-04 00:05:00,9563.41,9622.0,9550.0,9591.47,588.137079
2018-05-04 00:10:00,9579.42,9645.31,9565.0,9620.02,276.93676
2018-05-04 00:15:00,9620.02,9625.01,9573.0,9605.0,166.57987
2018-05-04 00:20:00,9605.02,9650.0,9600.53,9631.66,121.370663
2018-05-04 00:25:00,9625.78,9642.4,9609.98,9610.0,65.495003
2018-05-04 00:30:00,9609.98,9610.0,9578.0,9590.28,106.69843
2018-05-04 00:35:00,9592.0,9593.07,9567.16,9584.58,131.687993
2018-05-04 00:40:00,9584.58,9624.87,9575.0,9619.95,105.302244
2018-05-04 00:45:00,9619.94,9653.68,9615.8,9641.52,120.038912
2018-05-04 00:50:00,9641.48,9646.86,9627.74,9627.74,52.953616
2018-05-04 00:55:00,9630.0,9630.0,9591.58,9599.0,51.839508
2018-05-04 01:00:00,9604.85,9630.78,9593.89,9628.94,67.172665
2018-05-04 01:05:00,9623.0,9644.56,9610.18,9625.64,128.047794
2018-05-04 01:10:00,9625.62,9629.63,9605.73,9626.0,55.938031
2018-05-04 01:15:00,9626.0,9639.61,9626.0,9626.11,44.462298
2018-05-04 01:20:00,9626.12,9635.0,9626.09,9635.0,70.575197
2018-05-04 01:25:00,9635.0,9640.01,9625.5,9639.97,63.362971
2018-05-04 01:30:00,9639.0,9653.0,9637.68,9642.94,128.42772
2018-05-04 01:35:00,9642.93,9666.05,9642.01,9655.26,92.590213
2018-05-04 01:40:00,9665.11,9689.76,9655.35,9680.72,91.371509
2018-05-04 01:45:00,9682.17,9685.07,9637.98,9639.03,112.785687
2018-05-04 01:50:00,9643.02,9643.04,9595.02,9600.0,236.150136
2018-05-04 01:55:00,9600.17,9625.76,9600.0,9615.97,59.012608
2018-05-04 02:00:00,9623.98,9623.99,9600.0,9615.33,92.329074
2018-05-04 02:05:00,9615.33,9645.0,9614.44,9645.0,66.954204
2018-05-04 02:10:00,9640.12,9648.58,9638.0,9643.09,60.530967
2018-05-04 02:15:00,9643.0,9644.0,9616.15,9642.0,110.073528
2018-05-04 02:20:00,9641.0,9644.0,9633.54,9635.0,102.1699
2018-05-04 02:25:00,9635.0,9657.37,9630.07,9654.01,97.896415
2018-05-04 02:30:00,9649.13,9660.0,9641.0,9649.95,72.876534
2018-05-04 02:35:00,9649.95,9664.98,9642.01,9646.72,64.15762
2018-05-04 02:40:00,9646.72,9653.74,9643.0,9649.99,67.650219
2018-05-04 02:45:00,9646.01,9661.0,9642.35,9655.53,61.203464
2018-05-04 02:50:00,9655.77,9679.0,9655.53,9668.6,68.856074
2018-05-04 02:55:00,9670.0,9671.0,9643.0,9649.12,80.63929
2018-05-04 03:00:00,9649.56,9651.81,9643.0,9643.01,22.671447
2018-05-04 03:05:00,9643.0,9650.0,9640.88,9648.47,54.088698
2018-05-04 03:10:00,9648.48,9659.0,9642.0,9643.01,74.003962
2018-05-04 03:15:00,9643.01,9644.0,9615.0,9617.08,85.372454
2018-05-04 03:20:00,9624.87,9624.87,9540.0,9590.96,317.605938
2018-05-04 03:25:00,9590.01,9653.97,9580.27,9615.0,276.642553
2018-05-04 03:30:00,9617.99,9617.99,9579.82,9595.02,178.995069
2018-05-04 03:35:00,9595.02,9596.0,9580.0,9590.0,84.601564
2018-05-04 03:40:00,9590.0,9611.41,9588.5,9604.03,77.325857
2018-05-04 03:45:00,9604.03,9635.7,9601.0,9613.01,82.506769
2018-05-04 03:50:00,9613.0,9618.0,9580.31,9588.63,134.328806
2018-05-04 03:55:00,9587.31,9597.28,9575.0,9580.0,61.597588
2018-05-04 04:00:00,9580.0,9641.93,9572.0,9613.49,117.37903
2018-05-04 04:05:00,9613.48,9630.05,9600.0,9620.96,53.602675
2018-05-04 04:10:00,9620.96,9629.89,9610.51,9624.0,62.204012
2018-05-04 04:15:00,9624.0,9625.0,9620.01,9620.22,43.019783
2018-05-04 04:20:00,9620.12,9638.04,9620.02,9636.0,52.360531
2018-05-04 04:25:00,9635.5,9643.84,9632.15,9643.84,39.010905
2018-05-04 04:30:00,9643.15,9650.03,9633.99,9641.0,69.400225
2018-05-04 04:35:00,9641.0,9641.0,9629.0,9630.06,91.430825
2018-05-04 04:40:00,9634.99,9634.99,9610.51,9612.0,56.961283
2018-05-04 04:45:00,9612.0,9642.0,9611.01,9635.02,47.118749
2018-05-04 04:50:00,9641.99,9649.99,9635.5,9646.05,32.894877
2018-05-04 04:55:00,9649.9,9649.9,9625.04,9638.52,84.170361
2018-05-04 05:00:00,9638.52,9645.23,9638.52,9640.01,34.937955
2018-05-04 05:05:00,9640.02,9644.0,9620.48,9639.99,47.45255
2018-05-04 05:10:00,9639.98,9641.0,9635.0,9635.02,30.380307
2018-05-04 05:15:00,9635.0,9640.0,9622.0,9637.19,86.509932
2018-05-04 05:20:00,9637.19,9639.98,9630.0,9635.0,62.112566
2018-05-04 05:25:00,9634.99,9639.98,9610.51,9624.97,75.987009
2018-05-04 05:30:00,9624.97,9639.98,9623.05,9632.04,66.300058
2018-05-04 05:35:00,9632.04,9635.6,9629.22,9629.22,185.700983
2018-05-04 05:40:00,9626.84,9631.87,9615.0,9627.9,57.981567
2018-05-04 05:45:00,9627.9,9629.0,9613.05,9620.0,83.497731
2018-05-04 05:50:00,9620.0,9639.0,9620.0,9634.99,59.911234
2018-05-04 05:55:00,9634.99,9640.0,9631.05,9635.1,45.595701
2018-05-04 06:00:00,9635.39,9640.01,9625.16,9629.45,37.40202
2018-05-04 06:05:00,9629.45,9631.0,9605.0,9617.99,61.758974
2018-05-04 06:10:00,9612.38,9648.0,9612.38,9645.45,84.251944
2018-05-04 06:15:00,9641.01,9645.46,9625.0,9630.99,74.497325
2018-05-04 06:20:00,9630.99,9643.99,9625.05,9638.42,84.635823
2018-05-04 06:25:00,9638.01,9653.0,9638.0,9643.97,152.405237
2018-05-04 06:30:00,9643.97,9643.99,9634.97,9635.44,29.081045
2018-05-04 06:35:00,9635.0,9653.0,9635.0,9651.01,41.978388
2018-05-04 06:40:00,9651.0,9661.3,9650.0,9657.3,78.991349
2018-05-04 06:45:00,9657.3,9706.33,9653.0,9692.04,140.638646
2018-05-04 06:50:00,9692.04,9728.0,9692.04,9709.08,158.131785
2018-05-04 06:55:00,9709.58,9724.55,9679.9,9689.0,102.197608
2018-05-04 07:00:00,9685.02,9710.47,9684.32,9700.0,111.796776
2018-05-04 07:05:00,9700.0,9708.0,9683.0,9701.05,130.52664
2018-05-04 07:10:00,9708.0,9714.98,9701.0,9702.01,46.665932
2018-05-04 07:15:00,9704.48,9733.0,9696.77,9706.74,97.865724
2018-05-04 07:20:00,9706.74,9712.32,9689.0,9698.93,70.05564
2018-05-04 07:25:00,9698.92,9704.83,9688.65,9694.22,66.419928
2018-05-04 07:30:00,9694.22,9698.87,9673.0,9677.28,140.241574
2018-05-04 07:35:00,9677.29,9680.5,9665.0,9669.0,71.723517
2018-05-04 07:40:00,9669.0,9679.28,9665.0,9673.77,52.131255
2018-05-04 07:45:00,9672.98,9695.0,9669.2,9691.35,90.186112
2018-05-04 07:50:00,9691.98,9697.0,9671.0,9689.99,47.25648
2018-05-04 07:55:00,9689.88,9700.4,9688.67,9697.99,44.31408
2018-05-04 08:00:00,9697.98,9697.98,9690.13,9695.0,73.943295
2018-05-04 08:05:00,9695.0,9715.0,9691.0,9715.0,88.55148
2018-05-04 08:10:00,9714.4,9800.07,9713.0,9780.0,369.440333
2018-05-04 08:15:00,9780.0,9786.2,9749.86,9770.0,195.853094
2018-05-04 08:20:00,9770.0,9810.01,9765.56,9790.38,227.516058
2018-05-04 08:25:00,9790.38,9791.36,9749.44,9763.65,219.992405
2018-05-04 08:30:00,9766.49,9775.98,9748.01,9765.01,91.443443
2018-05-04 08:35:00,9765.0,9778.39,9755.73,9775.0,82.512594
2018-05-04 08:40:00,9775.0,9806.99,9767.73,9795.73,165.70026
2018-05-04 08:45:00,9795.73,9809.0,9780.0,9808.69,131.893745
2018-05-04 08:50:00,9809.0,9830.04,9800.0,9801.28,277.57437
2018-05-04 08:55:00,9801.27,9801.28,9785.05,9798.5,142.836915
2018-05-04 09:00:00,9798.5,9816.76,9791.7,9801.0,110.581381
2018-05-04 09:05:00,9802.32,9802.32,9751.01,9759.03,160.218241
2018-05-04 09:10:00,9756.03,9773.47,9725.02,9755.99,139.350141
2018-05-04 09:15:00,9755.99,9770.0,9672.0,9672.02,230.688629
2018-05-04 09:20:00,9689.91,9748.99,9670.0,9744.99,180.546018
2018-05-04 09:25:00,9742.0,9744.85,9708.0,9717.0,244.480923
2018-05-04 09:30:00,9717.0,9752.06,9711.02,9749.75,75.832681
2018-05-04 09:35:00,9752.02,9755.07,9721.11,9741.51,104.584955
2018-05-04 09:40:00,9744.93,9769.0,9744.93,9759.99,93.641288
2018-05-04 09:45:00,9759.91,9780.13,9759.91,9776.88,62.022203
2018-05-04 09:50:00,9780.0,9795.0,9768.98,9779.99,107.282947
2018-05-04 09:55:00,9774.03,9783.98,9760.56,9761.64,54.645772
2018-05-04 10:00:00,9761.64,9780.0,9760.0,9769.99,58.688124
2018-05-04 10:05:00,9770.0,9770.0,9732.4,9741.55,70.760829
2018-05-04 10:10:00,9741.54,9764.99,9737.83,9745.01,82.923448
2018-05-04 10:15:00,9749.48,9753.46,9720.0,9725.01,68.686918
2018-05-04 10:20:00,9725.01,9732.75,9722.48,9732.0,130.325266
2018-05-04 10:25:00,9732.38,9750.24,9728.06,9736.04,64.596696
2018-05-04 10:30:00,9736.04,9736.66,9722.98,9731.0,78.651892
2018-05-04 10:35:00,9730.97,9738.32,9725.29,9737.87,44.841173
2018-05-04 10:40:00,9737.87,9745.97,9732.82,9740.0,81.016776
2018-05-04 10:45:00,9740.0,9745.88,9732.27,9737.01,55.210053
2018-05-04 10:50:00,9737.01,9740.0,9715.0,9726.12,87.293441
2018-05-04 10:55:00,9728.04,9730.99,9701.69,9711.0,106.591572
2018-05-04 11:00:00,9711.0,9719.09,9692.0,9700.0,82.633974
2018-05-04 11:05:00,9695.0,9700.0,9689.88,9690.02,103.266893
2018-05-04 11:10:00,9690.07,9691.45,9676.45,9685.0,110.355939
2018-05-04 11:15:00,9685.0,9685.0,9656.01,9666.42,123.030299
2018-05-04 11:20:00,9670.0,9705.74,9665.01,9700.5,130.814217
2018-05-04 11:25:00,9700.49,9703.0,9690.0,9699.34,66.610245
2018-05-04 11:30:00,9700.0,9721.88,9692.0,9695.01,91.165452
2018-05-04 11:35:00,9695.01,9707.95,9686.33,9689.1,49.387084
2018-05-04 11:40:00,9689.04,9705.0,9685.12,9704.99,82.359993
2018-05-04 11:45:00,9704.99,9730.0,9704.9,9723.99,90.187423
2018-05-04 11:50:00,9728.0,9805.44,9720.0,9768.0,283.788964
2018-05-04 11:55:00,9765.21,9774.33,9730.0,9765.0,148.051551
2018-05-04 12:00:00,9760.33,9789.3,9745.58,9751.47,130.737723
2018-05-04 12:05:00,9751.57,9763.0,9748.02,9760.0,88.346533
2018-05-04 12:10:00,9761.92,9770.99,9756.09,9769.99,68.936334
2018-05-04 12:15:00,9770.0,9777.72,9755.0,9764.03,69.422728
2018-05-04 12:20:00,9764.03,9764.07,9727.02,9749.0,88.410833
2018-05-04 12:25:00,9749.0,9764.04,9747.0,9759.07,46.606937
2018-05-04 12:30:00,9759.07,9760.0,9732.57,9738.5,81.186615
2018-05-04 12:35:00,9738.5,9757.99,9726.3,9750.98,82.360848
2018-05-04 12:40:00,9750.98,9750.99,9732.0,9737.78,80.696008
2018-05-04 12:45:00,9740.98,9746.24,9718.01,9720.0,97.989535
2018-05-04 12:50:00,9719.02,9723.5,9691.8,9718.47,110.422411
2018-05-04 12:55:00,9718.47,9723.0,9699.03,9717.0,152.186273
2018-05-04 13:00:00,9717.99,9750.33,9717.99,9744.03,86.214796
2018-05-04 13:05:00,9744.04,9747.5,9730.0,9745.0,92.083238
2018-05-04 13:10:00,9745.0,9745.0,9715.38,9728.05,114.220571
2018-05-04 13:15:00,9728.05,9729.98,9692.0,9700.0,150.266806
2018-05-04 13:20:00,9699.99,9720.46,9687.0,9716.0,103.476601
2018-05-04 13:25:00,9716.0,9729.72,9715.1,9728.0,78.871564
2018-05-04 13:30:00,9726.0,9728.0,9707.75,9707.77,103.418614
2018-05-04 13:35:00,9707.99,9729.72,9685.2,9691.0,122.945737
2018-05-04 13:40:00,9691.0,9704.97,9667.98,9667.98,274.207939
2018-05-04 13:45:00,9668.5,9674.86,9650.01,9664.97,182.098725
2018-05-04 13:50:00,9660.0,9664.97,9632.0,9636.0,210.116774
2018-05-04 13:55:00,9636.0,9669.94,9633.0,9654.81,203.453984
2018-05-04 14:00:00,9654.81,9686.0,9634.0,9659.98,283.081161
2018-05-04 14:05:00,9659.98,9692.99,9652.0,9673.5,112.996974
2018-05-04 14:10:00,9673.5,9686.82,9661.87,9676.05,95.801663
2018-05-04 14:15:00,9670.01,9680.0,9664.0,9675.01,73.659318
2018-05-04 14:20:00,9676.0,9680.0,9635.0,9649.98,125.693412
2018-05-04 14:25:00,9648.01,9660.28,9635.0,9658.66,118.538492
2018-05-04 14:30:00,9658.66,9679.99,9653.37,9673.97,75.150986
2018-05-04 14:35:00,9670.01,9675.0,9665.0,9672.32,33.73213
2018-05-04 14:40:00,9672.32,9700.0,9671.0,9699.95,65.686174
2018-05-04 14:45:00,9699.95,9707.0,9690.28,9705.32,69.801888
2018-05-04 14:50:00,9705.33,9709.5,9688.21,9709.0,77.554489
2018-05-04 14:55:00,9709.01,9716.35,9703.01,9706.0,55.538512
2018-05-04 15:00:00,9706.0,9709.99,9689.29,9707.0,60.824207
2018-05-04 15:05:00,9705.0,9708.99,9689.46,9699.0,42.144441
2018-05-04 15:10:00,9699.0,9699.0,9690.0,9695.0,103.635549
2018-05-04 15:15:00,9695.0,9696.92,9637.01,9660.27,150.04573
2018-05-04 15:20:00,9648.88,9664.3,9620.0,9642.29,216.721414
2018-05-04 15:25:00,9641.65,9660.0,9632.98,9643.39,188.202126
2018-05-04 15:30:00,9643.39,9660.17,9633.0,9651.4,141.788004
2018-05-04 15:35:00,9651.4,9659.5,9637.16,9640.0,50.781348
2018-05-04 15:40:00,9641.0,9641.0,9573.3,9600.21,358.135532
2018-05-04 15:45:00,9608.89,9610.1,9570.1,9610.0,209.581791
2018-05-04 15:50:00,9610.0,9617.99,9583.09,9608.9,137.607186
2018-05-04 15:55:00,9608.9,9619.79,9606.9,9614.67,103.243888
2018-05-04 16:00:00,9614.67,9615.95,9575.0,9577.33,184.851284
2018-05-04 16:05:00,9575.27,9637.78,9575.0,9611.0,180.26833
2018-05-04 16:10:00,9610.99,9631.99,9607.43,9623.8,140.023198
2018-05-04 16:15:00,9623.8,9640.35,9621.96,9631.43,86.530449
2018-05-04 16:20:00,9631.43,9649.66,9624.0,9649.56,121.140586
2018-05-04 16:25:00,9649.55,9650.0,9633.42,9648.97,82.578588
2018-05-04 16:30:00,9648.94,9649.98,9618.69,9628.8,83.02669
2018-05-04 16:35:00,9628.8,9647.0,9615.15,9641.68,74.793327
2018-05-04 16:40:00,9647.0,9677.29,9641.0,9674.0,132.528038
2018-05-04 16:45:00,9674.0,9679.0,9647.0,9660.0,59.433258
2018-05-04 16:50:00,9655.57,9673.0,9655.57,9672.59,49.709064
2018-05-04 16:55:00,9672.59,9677.0,9670.95,9677.0,52.819349
2018-05-04 17:00:00,9675.01,9689.28,9675.0,9689.0,99.76602
2018-05-04 17:05:00,9689.0,9705.01,9687.0,9701.06,109.59975
2018-05-04 17:10:00,9703.4,9711.0,9690.0,9690.01,83.025039
2018-05-04 17:15:00,9690.01,9691.02,9648.01,9654.73,122.227105
2018-05-04 17:20:00,9654.73,9691.01,9647.92,9686.92,235.273426
2018-05-04 17:25:00,9686.92,9690.5,9674.75,9680.0,104.778019
2018-05-04 17:30:00,9680.0,9680.0,9660.0,9666.01,31.674212
2018-05-04 17:35:00,9666.01,9675.0,9661.0,9667.01,55.926088
2018-05-04 17:40:00,9670.0,9675.0,9661.0,9672.99,67.292026
2018-05-04 17:45:00,9672.98,9674.96,9658.59,9664.0,54.386193
2018-05-04 17:50:00,9663.99,9668.0,9653.38,9653.38,73.162758
2018-05-04 17:55:00,9653.39,9667.99,9643.06,9665.0,89.829716
2018-05-04 18:00:00,9664.9,9668.0,9650.89,9666.85,44.193947
2018-05-04 18:05:00,9666.85,9668.0,9663.0,9663.03,94.008218
2018-05-04 18:10:00,9664.51,9668.0,9650.89,9657.33,87.314876
2018-05-04 18:15:00,9657.33,9670.0,9650.1,9656.83,109.355432
2018-05-04 18:20:00,9656.84,9668.0,9635.17,9643.99,95.51957
2018-05-04 18:25:00,9640.89,9650.16,9630.0,9633.99,116.574244
2018-05-04 18:30:00,9633.98,9642.04,9626.0,9639.0,69.418093
2018-05-04 18:35:00,9639.99,9642.99,9615.92,9638.98,137.834683
2018-05-04 18:40:00,9631.0,9642.97,9630.57,9639.04,61.794449
2018-05-04 18:45:00,9639.05,9662.99,9639.05,9657.11,60.683068
2018-05-04 18:50:00,9660.0,9661.0,9639.04,9643.5,67.023307
2018-05-04 18:55:00,9650.0,9653.0,9640.2,9649.97,50.506929
2018-05-04 19:00:00,9649.95,9653.45,9643.4,9650.01,44.614106
2018-05-04 19:05:00,9651.0,9657.74,9643.4,9647.3,56.496867
2018-05-04 19:10:00,9647.01,9660.0,9631.03,9659.02,69.080657
2018-05-04 19:15:00,9659.02,9660.0,9651.02,9655.0,56.913849
2018-05-04 19:20:00,9655.0,9665.0,9648.88,9659.02,106.086242
2018-05-04 19:25:00,9664.91,9665.0,9658.0,9660.0,25.450558
2018-05-04 19:30:00,9659.1,9674.99,9659.0,9670.0,60.984983
2018-05-04 19:35:00,9669.03,9674.03,9660.0,9673.98,47.831584
2018-05-04 19:40:00,9673.97,9680.0,9666.21,9678.0,56.772118
2018-05-04 19:45:00,9680.0,9685.0,9678.0,9684.97,46.063972
2018-05-04 19:50:00,9684.91,9685.0,9655.16,9672.0,85.142818
2018-05-04 19:55:00,9672.0,9673.0,9660.0,9671.23,51.829619
2018-05-04 20:00:00,9671.23,9730.0,9671.23,9714.57,173.014674
2018-05-04 20:05:00,9716.98,9723.0,9693.1,9695.0,76.478425
2018-05-04 20:10:00,9697.5,9711.13,9692.02,9710.01,43.529735
2018-05-04 20:15:00,9701.04,9709.99,9685.0,9686.02,64.732879
2018-05-04 20:20:00,9686.01,9693.96,9655.0,9684.0,120.880226
2018-05-04 20:25:00,9684.0,9684.0,9670.0,9678.9,32.009702
2018-05-04 20:30:00,9678.89,9683.0,9669.06,9681.66,39.022369
2018-05-04 20:35:00,9683.0,9683.0,9662.92,9663.5,49.287117
2018-05-04 20:40:00,9663.5,9680.0,9660.0,9679.71,78.736113
2018-05-04 20:45:00,9679.71,9689.35,9675.0,9689.35,31.366345
2018-05-04 20:50:00,9689.35,9700.0,9686.0,9698.31,41.198303
2018-05-04 20:55:00,9698.17,9712.02,9696.03,9710.46,51.054495
2018-05-04 21:00:00,9705.1,9712.95,9691.0,9699.87,92.840291
2018-05-04 21:05:00,9699.86,9715.0,9693.0,9710.0,27.194025
2018-05-04 21:10:00,9713.29,9717.25,9698.0,9717.24,53.73356
2018-05-04 21:15:00,9708.07,9733.0,9708.07,9733.0,100.675829
2018-05-04 21:20:00,9733.0,9750.0,9732.66,9750.0,72.525663
2018-05-04 21:25:00,9748.0,9760.0,9727.45,9735.0,125.196328
2018-05-04 21:30:00,9727.91,9758.8,9727.91,9749.9,59.044901
2018-05-04 21:35:00,9749.9,9749.9,9732.27,9732.27,46.573901
2018-05-04 21:40:00,9731.0,9736.0,9708.76,9730.02,64.227536
2018-05-04 21:45:00,9730.02,9738.5,9719.84,9728.0,70.570456
2018-05-04 21:50:00,9728.0,9735.9,9711.19,9735.45,52.082378
2018-05-04 21:55:00,9735.45,9748.86,9730.07,9748.75,45.69149
2018-05-04 22:00:00,9740.0,9766.68,9740.0,9761.85,78.004556
2018-05-04 22:05:00,9765.99,9774.35,9750.0,9773.47,122.910771
2018-05-04 22:10:00,9773.47,9777.14,9755.0,9760.0,70.310718
2018-05-04 22:15:00,9760.01,9765.0,9730.17,9734.83,71.612865
2018-05-04 22:20:00,9734.83,9738.92,9685.0,9738.92,103.117861
2018-05-04 22:25:00,9737.5,9743.52,9717.72,9727.9,68.85609
2018-05-04 22:30:00,9729.95,9730.03,9718.01,9721.95,41.419046
2018-05-04 22:35:00,9721.95,9750.0,9702.02,9739.6,59.225869
2018-05-04 22:40:00,9739.6,9740.13,9726.24,9738.0,14.550802
2018-05-04 22:45:00,9738.99,9739.0,9731.04,9735.07,25.295765
2018-05-04 22:50:00,9735.05,9751.55,9735.05,9750.99,43.733746
2018-05-04 22:55:00,9746.03,9755.77,9746.02,9755.77,43.643501
2018-05-04 23:00:00,9755.16,9762.73,9747.0,9747.01,64.179738
2018-05-04 23:05:00,9747.01,9759.88,9736.13,9741.56,51.974988
2018-05-04 23:10:00,9742.02,9748.0,9720.7,9733.6,34.201777
2018-05-04 23:15:00,9733.61,9744.49,9718.01,9724.99,22.361498
2018-05-04 23:20:00,9719.01,9729.97,9704.0,9714.0,75.271945
2018-05-04 23:25:00,9714.0,9725.14,9704.0,9718.01,63.618213
2018-05-04 23:30:00,9721.14,9726.56,9716.0,9726.54,24.036108
2018-05-04 23:35:00,9726.53,9744.96,9721.06,9740.51,45.446884
2018-05-04 23:40:00,9740.51,9741.0,9720.02,9722.14,27.150747
2018-05-04 23:45:00,9728.67,9728.67,9702.52,9720.0,68.586535
2018-05-04 23:50:00,9720.0,9721.63,9705.0,9709.04,24.495982
2018-05-04 23:55:00,9709.0,9714.0,9699.91,9713.99,47.999976
2018-05-05 00:00:00,9714.0,9715.0,9682.0,9714.15,95.287169
2018-05-05 00:05:00,9712.36,9740.98,9701.09,9729.9,47.237679
2018-05-05 00:10:00,9729.88,9735.0,9721.02,9727.19,31.573153
2018-05-05 00:15:00,9727.19,9733.99,9723.75,9727.0,17.698368
2018-05-05 00:20:00,9727.02,9740.0,9722.25,9739.9,43.445301
2018-05-05 00:25:00,9739.9,9750.0,9739.9,9747.0,73.807726
2018-05-05 00:30:00,9747.0,9750.0,9741.77,9745.0,43.712018
2018-05-05 00:35:00,9745.0,9767.97,9741.77,9767.97,91.883952
2018-05-05 00:40:00,9767.97,9789.0,9767.0,9776.74,137.164997
2018-05-05 00:45:00,9777.87,9778.98,9745.97,9772.0,54.30976
2018-05-05 00:50:00,9771.99,9775.0,9755.19,9766.84,60.152571
2018-05-05 00:55:00,9766.84,9775.0,9759.01,9770.01,54.051825
2018-05-05 01:00:00,9773.0,9773.95,9750.0,9750.0,85.554328
2018-05-05 01:05:00,9750.94,9750.95,9716.72,9732.01,73.45729
2018-05-05 01:10:00,9737.27,9738.69,9715.36,9733.24,68.167882
2018-05-05 01:15:00,9729.1,9764.99,9729.1,9755.43,180.061407
2018-05-05 01:20:00,9750.89,9769.0,9741.66,9752.01,96.592828
2018-05-05 01:25:00,9755.37,9755.38,9740.08,9744.31,76.361697
2018-05-05 01:30:00,9744.32,9750.0,9742.0,9746.12,32.523826
2018-05-05 01:35:00,9746.12,9761.07,9745.01,9746.81,30.891677
2018-05-05 01:40:00,9752.99,9769.99,9746.0,9761.0,65.68728
2018-05-05 01:45:00,9761.0,9769.99,9755.01,9756.0,24.663408
2018-05-05 01:50:00,9756.0,9768.85,9755.0,9761.25,65.073807
2018-05-05 01:55:00,9761.0,9810.0,9756.0,9809.99,224.034862
2018-05-05 02:00:00,9807.45,9880.0,9807.44,9859.99,494.351379
2018-05-05 02:05:00,9866.99,9888.45,9858.9,9888.25,229.838222
2018-05-05 02:10:00,9888.22,9889.45,9827.71,9860.91,182.832585
2018-05-05 02:15:00,9860.01,9866.96,9830.33,9831.0,157.338257
2018-05-05 02:20:00,9831.01,9849.86,9815.0,9840.0,126.753889
2018-05-05 02:25:00,9840.0,9841.0,9825.99,9829.42,74.920316
2018-05-05 02:30:00,9825.99,9838.68,9801.83,9827.98,87.072334
2018-05-05 02:35:00,9827.96,9827.99,9787.0,9819.0,136.566197
2018-05-05 02:40:00,9815.59,9818.99,9787.0,9806.93,151.452401
2018-05-05 02:45:00,9800.91,9820.0,9799.01,9819.85,108.004614
2018-05-05 02:50:00,9819.85,9830.0,9810.69,9829.82,63.763212
2018-05-05 02:55:00,9829.83,9845.0,9820.0,9839.99,43.138839
2018-05-05 03:00:00,9835.0,9845.0,9786.35,9810.0,74.1368
2018-05-05 03:05:00,9810.0,9820.0,9800.95,9819.07,32.882475
2018-05-05 03:10:00,9819.07,9822.0,9809.03,9819.99,110.204476
2018-05-05 03:15:00,9820.0,9828.39,9818.01,9828.38,37.790156
2018-05-05 03:20:00,9828.39,9834.42,9811.27,9824.0,38.380649
2018-05-05 03:25:00,9820.0,9845.01,9814.35,9845.01,38.697064
2018-05-05 03:30:00,9845.39,9848.0,9819.0,9824.98,51.815874
2018-05-05 03:35:00,9824.98,9847.98,9821.11,9840.0,35.652084
2018-05-05 03:40:00,9847.25,9848.02,9835.02,9845.99,134.805562
2018-05-05 03:45:00,9845.99,9848.0,9807.01,9827.96,87.221622
2018-05-05 03:50:00,9818.95,9836.0,9815.5,9833.78,38.949528
2018-05-05 03:55:00,9833.78,9845.46,9825.0,9830.32,67.339666
2018-05-05 04:00:00,9830.32,9850.0,9830.09,9848.0,113.334496
2018-05-05 04:05:00,9847.99,9857.11,9841.11,9850.0,92.843782
2018-05-05 04:10:00,9849.0,9870.5,9845.01,9870.5,90.619271
2018-05-05 04:15:00,9870.0,9873.06,9847.0,9847.0,124.396229
2018-05-05 04:20:00,9855.86,9862.32,9846.87,9853.08,95.532642
2018-05-05 04:25:00,9858.79,9865.1,9848.66,9860.0,110.247799
2018-05-05 04:30:00,9860.0,9864.99,9848.66,9855.0,90.236923
2018-05-05 04:35:00,9855.0,9874.0,9850.0,9874.0,92.246757
2018-05-05 04:40:00,9872.99,9880.13,9870.0,9870.02,92.85971
2018-05-05 04:45:00,9871.99,9888.3,9870.02,9885.0,57.214405
2018-05-05 04:50:00,9885.99,9888.0,9865.0,9865.0,77.803207
2018-05-05 04:55:00,9868.25,9868.26,9822.56,9845.02,168.067316
2018-05-05 05:00:00,9850.0,9854.67,9830.0,9852.75,72.797878
2018-05-05 05:05:00,9845.03,9857.88,9800.0,9810.0,127.043386
2018-05-05 05:10:00,9810.7,9838.21,9800.0,9826.01,99.262189
2018-05-05 05:15:00,9835.46,9850.0,9826.02,9839.0,47.167314
2018-05-05 05:20:00,9836.01,9840.0,9830.0,9831.0,33.980601
2018-05-05 05:25:00,9836.77,9837.79,9829.0,9830.0,42.549134
2018-05-05 05:30:00,9829.0,9850.0,9820.0,9848.23,61.673345
2018-05-05 05:35:00,9849.99,9860.0,9845.07,9848.0,44.665817
2018-05-05 05:40:00,9848.01,9848.01,9830.0,9839.96,41.042798
2018-05-05 05:45:00,9839.96,9844.99,9830.0,9840.7,39.877954
2018-05-05 05:50:00,9840.06,9853.0,9840.0,9850.0,93.995181
2018-05-05 05:55:00,9850.0,9853.0,9836.0,9843.6,40.546849
2018-05-05 06:00:00,9839.71,9843.6,9829.51,9837.0,59.777741
2018-05-05 06:05:00,9837.0,9839.16,9820.0,9826.01,50.988872
2018-05-05 06:10:00,9829.81,9845.0,9820.23,9833.57,51.593999
2018-05-05 06:15:00,9833.57,9845.72,9830.0,9841.0,40.804514
2018-05-05 06:20:00,9835.0,9843.89,9830.09,9833.02,36.919017
2018-05-05 06:25:00,9833.11,9838.0,9805.0,9805.0,90.244527
2018-05-05 06:30:00,9811.92,9825.72,9808.05,9819.02,55.254734
2018-05-05 06:35:00,9819.5,9820.0,9784.89,9799.02,85.655085
2018-05-05 06:40:00,9799.02,9808.05,9790.17,9795.22,100.149903
2018-05-05 06:45:00,9796.0,9803.61,9794.1,9794.1,50.271442
2018-05-05 06:50:00,9794.94,9800.03,9784.89,9800.01,70.598364
2018-05-05 06:55:00,9800.01,9800.02,9790.99,9798.02,53.05505
2018-05-05 07:00:00,9798.02,9817.0,9792.79,9800.04,79.402847
2018-05-05 07:05:00,9800.04,9817.45,9800.02,9807.53,50.392382
2018-05-05 07:10:00,9807.53,9830.0,9803.36,9828.95,74.809993
2018-05-05 07:15:00,9828.96,9828.96,9818.01,9819.99,47.621398
2018-05-05 07:20:00,9819.99,9819.99,9808.27,9813.0,72.373112
2018-05-05 07:25:00,9808.81,9813.0,9803.36,9806.35,44.360194
2018-05-05 07:30:00,9806.99,9807.0,9803.0,9803.09,32.887664
2018-05-05 07:35:00,9803.09,9818.15,9799.0,9810.7,88.420261
2018-05-05 07:40:00,9810.7,9825.0,9806.04,9811.02,40.963618
2018-05-05 07:45:00,9814.5,9820.49,9808.79,9811.55,23.710882
2018-05-05 07:50:00,9811.54,9814.0,9797.45,9804.0,37.907963
2018-05-05 07:55:00,9800.01,9812.0,9800.0,9811.84,20.434071
2018-05-05 08:00:00,9810.7,9815.7,9802.86,9812.37,29.43237
2018-05-05 08:05:00,9812.37,9817.54,9803.11,9815.8,39.027278
2018-05-05 08:10:00,9817.55,9820.0,9799.01,9816.13,82.550724
2018-05-05 08:15:00,9816.13,9827.25,9816.0,9816.86,40.937107
2018-05-05 08:20:00,9816.86,9835.0,9810.71,9835.0,63.114526
2018-05-05 08:25:00,9834.99,9850.0,9831.06,9836.93,85.133196
2018-05-05 08:30:00,9837.0,9853.63,9832.12,9850.48,74.230425
2018-05-05 08:35:00,9850.62,9864.0,9842.01,9850.76,62.054784
2018-05-05 08:40:00,9850.76,9860.0,9845.01,9859.99,59.987746
2018-05-05 08:45:00,9859.98,9865.0,9855.5,9864.0,168.313436
2018-05-05 08:50:00,9864.0,9864.0,9844.87,9848.0,72.392311
2018-05-05 08:55:00,9850.0,9863.76,9835.17,9837.05,59.581558
2018-05-05 09:00:00,9837.05,9847.9,9836.4,9844.0,32.665214
2018-05-05 09:05:00,9843.76,9846.99,9818.0,9844.99,116.279678
2018-05-05 09:10:00,9844.97,9859.99,9836.04,9837.38,69.322513
2018-05-05 09:15:00,9839.8,9856.68,9837.38,9844.99,21.191621
2018-05-05 09:20:00,9844.99,9845.99,9828.85,9828.86,61.157962
2018-05-05 09:25:00,9828.99,9856.65,9822.07,9854.89,72.684013
2018-05-05 09:30:00,9855.0,9859.0,9840.0,9849.84,53.266988
2018-05-05 09:35:00,9849.84,9862.25,9845.21,9862.25,44.672985
2018-05-05 09:40:00,9862.24,9869.01,9850.34,9866.0,50.217739
2018-05-05 09:45:00,9866.0,9875.0,9850.34,9870.0,97.482751
2018-05-05 09:50:00,9869.99,9875.0,9860.0,9867.99,73.729936
2018-05-05 09:55:00,9861.5,9867.98,9855.0,9862.04,85.772635
2018-05-05 10:00:00,9862.04,9862.4,9855.31,9859.04,72.044893
2018-05-05 10:05:00,9862.0,9925.0,9859.04,9920.04,252.725594
2018-05-05 10:10:00,9925.0,9935.0,9892.0,9901.25,213.900187
2018-05-05 10:15:00,9904.94,9924.82,9900.01,9920.99,95.064709
2018-05-05 10:20:00,9921.91,9937.82,9920.0,9935.0,122.37276
2018-05-05 10:25:00,9935.0,9942.08,9929.02,9932.9,130.962915
2018-05-05 10:30:00,9931.12,9945.0,9921.99,9944.97,159.124196
2018-05-05 10:35:00,9944.97,9952.45,9935.01,9952.45,202.055622
2018-05-05 10:40:00,9952.45,9972.0,9951.0,9965.0,174.847169
2018-05-05 10:45:00,9965.0,9967.99,9922.23,9961.66,141.059661
2018-05-05 10:50:00,9961.66,9968.0,9946.91,9949.99,99.139313
2018-05-05 10:55:00,9946.9,9956.99,9938.89,9941.76,77.615044
2018-05-05 11:00:00,9948.0,9951.7,9924.0,9936.13,130.764427
2018-05-05 11:05:00,9936.13,9937.0,9910.5,9912.51,79.867393
2018-05-05 11:10:00,9912.51,9936.99,9912.0,9934.97,103.099146
2018-05-05 11:15:00,9934.97,9936.01,9915.45,9928.03,78.219302
2018-05-05 11:20:00,9928.03,9928.7,9910.0,9916.99,74.218201
2018-05-05 11:25:00,9916.99,9916.99,9872.01,9881.84,281.548505
2018-05-05 11:30:00,9882.0,9919.94,9881.87,9899.98,120.196958
2018-05-05 11:35:00,9898.35,9899.98,9881.0,9885.0,47.038068
2018-05-05 11:40:00,9881.84,9910.64,9876.34,9900.16,79.51205
2018-05-05 11:45:00,9904.51,9912.0,9899.99,9910.0,53.620906
2018-05-05 11:50:00,9909.53,9914.71,9900.0,9900.46,52.470915
2018-05-05 11:55:00,9900.46,9907.23,9895.0,9900.0,50.83283
2018-05-05 12:00:00,9900.56,9907.23,9890.0,9895.59,53.231353
2018-05-05 12:05:00,9899.99,9905.88,9895.5,9904.97,42.392565
2018-05-05 12:10:00,9904.97,9914.0,9900.0,9913.61,72.861152
2018-05-05 12:15:00,9913.61,9919.0,9900.01,9915.19,53.05331
2018-05-05 12:20:00,9919.0,9950.32,9898.59,9950.0,169.503897
2018-05-05 12:25:00,9950.0,9955.4,9928.0,9950.54,213.511829
2018-05-05 12:30:00,9950.54,9987.2,9931.1,9980.0,447.637397
2018-05-05 12:35:00,9979.1,9990.0,9943.99,9983.09,320.263083
2018-05-05 12:40:00,9983.09,10020.0,9960.0,9964.0,561.632904
2018-05-05 12:45:00,9964.0,9971.69,9931.56,9954.5,145.288563
2018-05-05 12:50:00,9945.38,9960.0,9936.97,9945.0,90.01612
2018-05-05 12:55:00,9941.36,9969.99,9941.36,9952.15,94.427818
2018-05-05 13:00:00,9952.16,9966.79,9950.03,9955.55,83.397574
2018-05-05 13:05:00,9955.56,9984.82,9953.52,9982.0,142.001341
2018-05-05 13:10:00,9982.0,10011.18,9959.38,9975.0,184.5698
2018-05-05 13:15:00,9975.0,9997.99,9966.46,9996.63,74.942915
2018-05-05 13:20:00,9996.63,9998.0,9980.0,9989.87,117.041023
2018-05-05 13:25:00,9989.87,9990.82,9961.01,9964.99,112.402561
2018-05-05 13:30:00,9964.99,9984.06,9960.4,9975.98,144.68949
2018-05-05 13:35:00,9976.06,9990.0,9971.02,9987.92,78.42549
2018-05-05 13:40:00,9987.93,10000.0,9975.0,9997.99,150.265293
2018-05-05 13:45:00,9985.08,9996.99,9961.1,9972.48,151.425992
2018-05-05 13:50:00,9969.07,9972.5,9965.25,9966.02,76.003537
2018-05-05 13:55:00,9966.01,9970.0,9904.0,9904.01,208.513207
2018-05-05 14:00:00,9904.01,9952.39,9904.0,9950.19,186.522243
2018-05-05 14:05:00,9952.39,9958.3,9950.0,9950.0,69.365169
2018-05-05 14:10:00,9950.0,9952.58,9940.0,9950.01,52.479595
2018-05-05 14:15:00,9950.01,9974.01,9948.0,9969.36,71.871425
2018-05-05 14:20:00,9969.36,9972.0,9955.05,9965.0,63.26057
2018-05-05 14:25:00,9969.98,9969.98,9940.45,9945.01,69.014474
2018-05-05 14:30:00,9945.01,9964.91,9937.71,9959.68,113.492424
2018-05-05 14:35:00,9959.68,9966.0,9950.0,9966.0,41.189734
2018-05-05 14:40:00,9964.99,9975.0,9960.0,9973.8,72.249846
2018-05-05 14:45:00,9973.8,9973.8,9962.21,9968.79,70.821546
2018-05-05 14:50:00,9968.79,9975.0,9965.0,9974.0,57.907466
2018-05-05 14:55:00,9973.89,9979.81,9962.11,9966.0,75.695066
2018-05-05 15:00:00,9966.0,9990.1,9965.0,9990.1,63.252892
2018-05-05 15:05:00,9990.1,9990.39,9974.0,9974.0,46.896762
2018-05-05 15:10:00,9978.97,9978.97,9955.0,9955.48,68.321682
2018-05-05 15:15:00,9955.5,9976.81,9950.0,9962.03,78.599203
2018-05-05 15:20:00,9962.03,9973.29,9954.0,9964.12,62.611103
2018-05-05 15:25:00,9964.01,9973.0,9961.58,9968.0,39.953245
2018-05-05 15:30:00,9967.99,9970.18,9938.76,9938.76,81.617382
2018-05-05 15:35:00,9938.76,9953.99,9910.0,9921.98,117.344035
2018-05-05 15:40:00,9921.97,9954.71,9921.96,9954.7,81.349148
2018-05-05 15:45:00,9954.7,9960.94,9947.59,9959.05,48.825387
2018-05-05 15:50:00,9959.05,9959.95,9937.0,9940.0,68.310812
2018-05-05 15:55:00,9939.84,9949.5,9923.23,9929.99,76.794113
2018-05-05 16:00:00,9929.99,9930.58,9870.0,9900.0,355.642756
2018-05-05 16:05:00,9900.0,9922.22,9900.0,9904.92,113.912941
2018-05-05 16:10:00,9900.99,9905.0,9877.98,9893.99,130.561907
2018-05-05 16:15:00,9893.99,9920.21,9887.01,9920.0,95.853089
2018-05-05 16:20:00,9920.0,9940.06,9919.0,9938.38,89.75571
2018-05-05 16:25:00,9938.79,9939.0,9920.0,9924.14,63.993519
2018-05-05 16:30:00,9925.88,9940.72,9913.17,9935.17,66.879145
2018-05-05 16:35:00,9940.0,9946.47,9935.17,9943.87,48.376936
2018-05-05 16:40:00,9943.87,9948.0,9926.0,9930.0,79.577399
2018-05-05 16:45:00,9937.07,9937.07,9926.01,9935.0,46.714971
2018-05-05 16:50:00,9935.0,9936.02,9929.08,9934.71,60.51936
2018-05-05 16:55:00,9931.37,9940.0,9931.03,9939.5,83.98149
2018-05-05 17:00:00,9939.5,9958.0,9937.52,9953.99,81.214408
2018-05-05 17:05:00,9954.0,9960.0,9953.0,9958.69,53.58378
2018-05-05 17:10:00,9958.69,9959.52,9950.0,9955.49,43.383634
2018-05-05 17:15:00,9955.49,9963.6,9953.5,9963.43,51.901224
2018-05-05 17:20:00,9963.01,9970.89,9962.99,9966.13,52.772732
2018-05-05 17:25:00,9967.52,9968.9,9958.99,9959.01,41.05508
2018-05-05 17:30:00,9964.0,9964.73,9952.92,9955.1,54.75895
2018-05-05 17:35:00,9957.98,9957.98,9949.7,9954.59,30.860251
2018-05-05 17:40:00,9950.0,9956.0,9948.02,9951.0,28.532289
2018-05-05 17:45:00,9955.88,9956.0,9944.0,9948.99,36.671957
2018-05-05 17:50:00,9949.0,9949.0,9920.21,9927.0,59.520076
2018-05-05 17:55:00,9926.99,9927.0,9901.0,9902.0,108.513807
2018-05-05 18:00:00,9902.9,9924.07,9850.0,9860.9,410.975021
2018-05-05 18:05:00,9860.9,9908.08,9860.0,9882.02,86.423143
2018-05-05 18:10:00,9882.03,9888.98,9861.1,9863.0,70.715498
2018-05-05 18:15:00,9865.01,9878.0,9850.0,9871.27,164.169955
2018-05-05 18:20:00,9871.27,9888.0,9856.42,9888.0,90.678111
2018-05-05 18:25:00,9887.62,9900.96,9885.0,9885.0,49.924298
2018-05-05 18:30:00,9885.0,9910.0,9885.0,9895.0,71.300855
2018-05-05 18:35:00,9895.0,9896.99,9870.0,9877.0,49.772346
2018-05-05 18:40:00,9874.0,9886.0,9873.99,9878.0,31.08809
2018-05-05 18:45:00,9878.0,9887.0,9870.0,9874.99,87.131107
2018-05-05 18:50:00,9874.99,9884.9,9870.0,9877.01,30.610952
2018-05-05 18:55:00,9879.99,9898.9,9877.0,9888.73,31.771476
2018-05-05 19:00:00,9888.73,9893.7,9879.04,9887.15,35.435069
2018-05-05 19:05:00,9887.15,9898.9,9880.12,9888.91,25.570647
2018-05-05 19:10:00,9887.28,9895.0,9883.02,9887.45,16.758167
2018-05-05 19:15:00,9888.23,9911.0,9883.01,9886.0,94.693881
2018-05-05 19:20:00,9886.01,9888.0,9884.98,9888.0,17.786828
2018-05-05 19:25:00,9887.33,9892.95,9886.56,9886.56,49.855768
2018-05-05 19:30:00,9886.56,9905.0,9885.01,9886.19,38.675035
2018-05-05 19:35:00,9886.19,9900.0,9886.19,9898.94,28.469382
2018-05-05 19:40:00,9896.53,9909.01,9894.1,9900.13,70.68547
2018-05-05 19:45:00,9900.13,9903.97,9865.9,9870.31,101.752338
2018-05-05 19:50:00,9870.32,9890.0,9865.91,9870.73,54.853774
2018-05-05 19:55:00,9870.72,9881.0,9860.67,9870.0,44.16809
2018-05-05 20:00:00,9867.04,9881.0,9867.0,9872.99,55.298389
2018-05-05 20:05:00,9872.99,9880.0,9870.0,9870.79,68.241737
2018-05-05 20:10:00,9870.82,9876.0,9867.11,9867.11,59.879766
2018-05-05 20:15:00,9870.0,9870.0,9861.01,9864.04,34.975073
2018-05-05 20:20:00,9864.03,9864.03,9858.3,9860.46,106.626207
2018-05-05 20:25:00,9860.0,9860.0,9758.0,9777.61,488.561058
2018-05-05 20:30:00,9777.6,9816.58,9768.02,9800.0,155.621603
2018-05-05 20:35:00,9800.0,9821.56,9796.71,9802.12,59.022689
2018-05-05 20:40:00,9802.11,9809.0,9782.01,9793.01,64.44143
2018-05-05 20:45:00,9793.01,9794.85,9762.0,9772.0,68.932629
2018-05-05 20:50:00,9772.95,9807.0,9770.5,9800.01,49.97676
2018-05-05 20:55:00,9800.0,9818.03,9780.0,9780.52,70.590935
2018-05-05 21:00:00,9780.52,9780.53,9765.35,9771.0,70.556543
2018-05-05 21:05:00,9770.51,9771.0,9732.0,9736.01,209.308428
2018-05-05 21:10:00,9736.01,9771.0,9730.01,9760.55,133.571793
2018-05-05 21:15:00,9755.0,9771.0,9750.0,9770.91,77.877586
2018-05-05 21:20:00,9768.29,9818.0,9768.29,9813.0,98.121608
2018-05-05 21:25:00,9813.0,9815.0,9797.16,9805.97,57.329566
2018-05-05 21:30:00,9805.97,9805.99,9788.14,9798.0,54.6036
2018-05-05 21:35:00,9796.1,9798.0,9783.25,9794.99,28.263485
2018-05-05 21:40:00,9795.0,9797.54,9780.06,9783.0,39.681553
2018-05-05 21:45:00,9782.99,9818.0,9780.06,9818.0,67.950362
2018-05-05 21:50:00,9812.3,9830.0,9812.0,9822.01,47.111271
2018-05-05 21:55:00,9822.0,9832.0,9810.5,9826.31,30.792369
2018-05-05 22:00:00,9826.26,9826.32,9790.0,9800.0,34.752556
2018-05-05 22:05:00,9800.0,9806.95,9782.38,9794.99,65.704049
2018-05-05 22:10:00,9794.99,9826.46,9790.34,9817.0,50.48805
2018-05-05 22:15:00,9820.0,9832.78,9817.01,9828.99,47.653194
2018-05-05 22:20:00,9828.99,9843.99,9817.52,9841.0,51.116879
2018-05-05 22:25:00,9841.0,9862.0,9835.0,9860.01,58.248468
2018-05-05 22:30:00,9860.01,9874.99,9845.98,9872.97,100.422023
2018-05-05 22:35:00,9872.97,9872.98,9844.67,9845.11,62.060713
2018-05-05 22:40:00,9850.0,9864.5,9845.0,9858.91,55.172844
2018-05-05 22:45:00,9850.33,9858.89,9850.0,9856.0,30.614969
2018-05-05 22:50:00,9855.09,9864.14,9822.44,9829.97,86.488896
2018-05-05 22:55:00,9824.99,9850.0,9822.45,9841.74,48.056633
2018-05-05 23:00:00,9849.84,9849.99,9840.02,9846.76,44.550032
2018-05-05 23:05:00,9846.76,9888.88,9846.0,9879.83,92.125627
2018-05-05 23:10:00,9879.85,9887.99,9851.0,9858.0,66.367549
2018-05-05 23:15:00,9860.72,9884.99,9860.72,9876.49,67.04739
2018-05-05 23:20:00,9876.48,9878.74,9849.97,9874.21,116.457656
2018-05-05 23:25:00,9874.13,9874.13,9832.0,9840.71,90.043224
2018-05-05 23:30:00,9841.01,9860.93,9834.38,9851.0,38.66952
2018-05-05 23:35:00,9851.0,9855.29,9843.46,9850.0,46.612637
2018-05-05 23:40:00,9844.1,9853.78,9843.0,9853.77,49.819101
2018-05-05 23:45:00,9853.78,9875.0,9849.97,9854.5,31.666032
2018-05-05 23:50:00,9860.0,9863.12,9854.49,9860.99,36.278632
2018-05-05 23:55:00,9857.37,9865.0,9855.61,9864.0,31.813095
2018-05-06 00:00:00,9863.99,9865.0,9855.0,9857.0,38.330574
2018-05-06 00:05:00,9860.4,9864.0,9856.5,9860.0,33.813148
2018-05-06 00:10:00,9860.0,9884.48,9854.0,9884.4,56.725661
2018-05-06 00:15:00,9876.0,9921.0,9876.0,9907.0,107.276843
2018-05-06 00:20:00,9907.0,9925.0,9907.0,9914.99,89.291112
2018-05-06 00:25:00,9914.99,9930.01,9894.41,9929.99,70.938926
2018-05-06 00:30:00,9923.08,9936.71,9912.19,9926.99,119.880488
2018-05-06 00:35:00,9936.99,9943.99,9927.07,9938.02,49.046325
2018-05-06 00:40:00,9939.92,9944.0,9931.3,9941.6,47.023757
2018-05-06 00:45:00,9938.37,9950.0,9931.17,9949.89,85.090823
2018-05-06 00:50:00,9948.79,9950.0,9931.34,9947.73,72.565766
2018-05-06 00:55:00,9948.0,9964.66,9947.01,9956.08,92.894796
2018-05-06 01:00:00,9961.92,9970.0,9955.97,9965.99,88.475923
2018-05-06 01:05:00,9966.0,9966.9,9925.22,9936.0,94.66089
2018-05-06 01:10:00,9935.99,9967.0,9935.99,9944.99,80.87031
2018-05-06 01:15:00,9944.99,9950.01,9940.01,9949.0,41.412387
2018-05-06 01:20:00,9949.0,9949.0,9920.59,9930.0,91.803036
2018-05-06 01:25:00,9930.0,9954.94,9925.0,9950.01,72.803659
2018-05-06 01:30:00,9953.78,9953.93,9920.53,9940.0,73.249358
2018-05-06 01:35:00,9940.0,9949.99,9928.14,9928.14,39.538249
2018-05-06 01:40:00,9928.14,9934.88,9921.98,9929.99,68.066819
2018-05-06 01:45:00,9932.89,9939.96,9925.07,9939.95,45.257174
2018-05-06 01:50:00,9939.96,9961.9,9939.96,9960.01,61.021422
2018-05-06 01:55:00,9960.01,9961.99,9947.0,9955.0,43.816016
2018-05-06 02:00:00,9955.0,9960.0,9947.36,9947.63,34.360228
2018-05-06 02:05:00,9947.64,9954.93,9944.01,9951.65,51.758697
2018-05-06 02:10:00,9953.28,9954.93,9937.21,9942.01,52.054045
2018-05-06 02:15:00,9940.06,9944.46,9918.8,9938.98,83.874107
2018-05-06 02:20:00,9938.99,9947.41,9920.55,9934.99,44.824863
2018-05-06 02:25:00,9934.71,9938.91,9902.0,9902.01,78.491096
2018-05-06 02:30:00,9910.0,9919.98,9875.01,9911.02,160.681275
2018-05-06 02:35:00,9915.95,9915.95,9883.01,9884.08,67.98811
2018-05-06 02:40:00,9884.07,9895.0,9875.05,9885.0,73.027064
2018-05-06 02:45:00,9885.0,9896.89,9875.37,9882.17,107.219297
2018-05-06 02:50:00,9880.05,9888.0,9879.0,9888.0,83.008502
2018-05-06 02:55:00,9886.41,9896.0,9881.02,9892.59,90.209259
2018-05-06 03:00:00,9892.59,9925.0,9888.01,9918.0,100.956543
2018-05-06 03:05:00,9918.01,9921.99,9892.55,9900.0,64.140776
2018-05-06 03:10:00,9900.0,9912.39,9885.11,9888.0,42.574755
2018-05-06 03:15:00,9888.0,9911.83,9886.01,9899.0,50.498063
2018-05-06 03:20:00,9904.0,9918.0,9899.06,9914.62,46.233206
2018-05-06 03:25:00,9914.64,9925.0,9914.61,9917.43,25.503997
2018-05-06 03:30:00,9917.41,9925.21,9914.61,9923.99,58.385695
2018-05-06 03:35:00,9923.99,9934.61,9922.99,9928.99,52.250998
2018-05-06 03:40:00,9922.99,9923.0,9908.21,9916.01,50.35941
2018-05-06 03:45:00,9916.02,9918.5,9900.0,9905.23,48.432143
2018-05-06 03:50:00,9905.22,9905.97,9899.0,9900.01,48.444994
2018-05-06 03:55:00,9901.0,9901.0,9891.11,9895.99,43.768658
2018-05-06 04:00:00,9897.0,9930.76,9892.82,9918.71,79.954227
2018-05-06 04:05:00,9924.56,9924.99,9910.3,9918.01,34.738319
2018-05-06 04:10:00,9918.0,9923.78,9902.36,9908.0,46.796757
2018-05-06 04:15:00,9908.0,9908.0,9892.52,9904.99,42.578765
2018-05-06 04:20:00,9895.15,9905.0,9895.15,9904.96,24.422028
2018-05-06 04:25:00,9900.01,9904.99,9899.99,9904.97,26.92827
2018-05-06 04:30:00,9904.97,9923.0,9903.11,9912.01,47.482498
2018-05-06 04:35:00,9912.01,9919.2,9897.0,9897.02,35.623856
2018-05-06 04:40:00,9897.02,9900.0,9890.06,9900.0,35.804896
2018-05-06 04:45:00,9900.0,9900.0,9892.0,9892.03,19.518554
2018-05-06 04:50:00,9893.01,9893.02,9861.0,9862.59,127.317546
2018-05-06 04:55:00,9862.59,9868.67,9839.17,9853.03,154.740906
2018-05-06 05:00:00,9853.02,9863.6,9810.2,9810.7,88.061056
2018-05-06 05:05:00,9810.7,9839.28,9791.75,9833.41,156.985557
2018-05-06 05:10:00,9833.41,9833.41,9808.0,9809.0,113.263904
2018-05-06 05:15:00,9809.0,9812.99,9763.26,9775.01,197.865875
2018-05-06 05:20:00,9785.95,9810.0,9765.85,9801.0,162.828653
2018-05-06 05:25:00,9802.17,9823.35,9773.17,9785.0,150.442756
2018-05-06 05:30:00,9785.9,9821.56,9780.08,9810.16,68.364715
2018-05-06 05:35:00,9815.63,9815.63,9785.0,9794.99,100.43329
2018-05-06 05:40:00,9794.99,9796.39,9755.04,9760.0,306.207721
2018-05-06 05:45:00,9760.0,9796.29,9759.75,9786.01,110.810401
2018-05-06 05:50:00,9786.01,9798.99,9760.9,9770.14,120.895085
2018-05-06 05:55:00,9772.0,9775.99,9751.0,9751.15,179.077124
2018-05-06 06:00:00,9751.15,9770.83,9690.13,9690.13,424.386726
2018-05-06 06:05:00,9693.84,9727.14,9670.11,9710.09,342.032508
2018-05-06 06:10:00,9710.04,9712.84,9683.73,9688.66,193.326225
2018-05-06 06:15:00,9688.66,9688.86,9605.03,9630.35,503.432793
2018-05-06 06:20:00,9630.36,9684.0,9611.0,9671.0,344.934932
2018-05-06 06:25:00,9679.8,9679.8,9608.0,9608.61,246.026937
2018-05-06 06:30:00,9610.0,9619.03,9576.41,9617.17,574.929196
2018-05-06 06:35:00,9600.09,9648.97,9600.0,9642.01,299.225162
2018-05-06 06:40:00,9645.68,9670.0,9635.0,9660.0,233.695568
2018-05-06 06:45:00,9663.0,9710.0,9659.06,9697.0,234.629242
2018-05-06 06:50:00,9700.0,9700.0,9665.0,9692.0,145.950915
2018-05-06 06:55:00,9688.01,9689.97,9678.04,9685.63,80.52506
2018-05-06 07:00:00,9685.63,9685.63,9650.0,9660.6,164.141141
2018-05-06 07:05:00,9665.0,9674.98,9647.63,9673.24,97.127833
2018-05-06 07:10:00,9673.23,9678.01,9666.02,9675.0,52.465985
2018-05-06 07:15:00,9676.49,9677.99,9657.01,9675.04,104.641049
2018-05-06 07:20:00,9675.0,9710.0,9670.0,9705.0,93.490276
2018-05-06 07:25:00,9707.99,9722.43,9703.0,9722.43,86.38145
2018-05-06 07:30:00,9722.43,9722.43,9685.0,9685.02,152.295083
2018-05-06 07:35:00,9690.01,9698.56,9670.0,9698.56,56.48459
2018-05-06 07:40:00,9693.99,9700.0,9688.0,9690.01,61.158021
2018-05-06 07:45:00,9690.0,9697.0,9675.07,9694.0,47.118448
2018-05-06 07:50:00,9690.0,9718.99,9688.02,9716.05,55.583502
2018-05-06 07:55:00,9716.69,9727.0,9710.01,9724.0,65.619195
2018-05-06 08:00:00,9724.53,9724.53,9701.0,9719.39,100.758958
2018-05-06 08:05:00,9719.39,9722.0,9693.96,9695.7,70.658272
2018-05-06 08:10:00,9700.5,9705.0,9662.4,9675.0,106.396971
2018-05-06 08:15:00,9674.12,9680.0,9654.18,9666.0,142.900044
2018-05-06 08:20:00,9662.01,9666.9,9636.89,9638.24,110.962734
2018-05-06 08:25:00,9638.0,9646.41,9607.0,9630.0,207.18249
2018-05-06 08:30:00,9630.0,9642.01,9625.45,9638.99,87.41116
2018-05-06 08:35:00,9638.99,9656.21,9632.51,9649.76,149.9316
2018-05-06 08:40:00,9642.05,9649.76,9610.0,9618.0,101.894168
2018-05-06 08:45:00,9611.0,9617.98,9569.9,9575.54,312.774601
2018-05-06 08:50:00,9575.54,9597.0,9552.0,9580.0,191.390989
2018-05-06 08:55:00,9575.1,9620.0,9562.0,9615.01,131.37519
2018-05-06 09:00:00,9615.01,9622.0,9578.5,9586.07,185.962895
2018-05-06 09:05:00,9586.02,9612.85,9586.01,9610.0,158.525374
2018-05-06 09:10:00,9610.02,9615.0,9566.09,9587.98,116.370982
2018-05-06 09:15:00,9587.93,9635.0,9580.0,9619.0,184.558813
2018-05-06 09:20:00,9619.0,9641.06,9616.02,9623.46,65.120795
2018-05-06 09:25:00,9623.46,9634.01,9615.02,9621.5,71.16358
2018-05-06 09:30:00,9622.0,9622.0,9604.02,9620.35,84.161125
2018-05-06 09:35:00,9620.35,9625.0,9572.83,9575.25,97.185115
2018-05-06 09:40:00,9575.25,9589.89,9565.0,9587.0,72.283306
2018-05-06 09:45:00,9577.95,9597.0,9577.95,9589.99,98.865646
2018-05-06 09:50:00,9589.01,9615.91,9589.01,9589.21,117.109296
2018-05-06 09:55:00,9589.21,9619.29,9589.12,9605.0,95.798287
2018-05-06 10:00:00,9604.99,9651.07,9604.99,9650.0,90.067673
2018-05-06 10:05:00,9649.0,9657.86,9639.96,9641.01,81.704412
2018-05-06 10:10:00,9641.01,9654.25,9624.94,9636.02,126.470173
2018-05-06 10:15:00,9636.02,9644.53,9630.33,9638.96,91.723582
2018-05-06 10:20:00,9638.96,9638.96,9604.08,9625.85,119.178043
2018-05-06 10:25:00,9625.86,9644.4,9625.84,9637.03,74.581441
2018-05-06 10:30:00,9639.31,9664.99,9635.7,9660.0,144.473341
2018-05-06 10:35:00,9660.0,9665.0,9632.28,9644.99,110.89929
2018-05-06 10:40:00,9644.99,9670.95,9639.62,9666.03,39.528615
2018-05-06 10:45:00,9666.03,9670.37,9615.02,9625.0,104.614441
2018-05-06 10:50:00,9622.39,9629.0,9611.0,9614.94,140.216069
2018-05-06 10:55:00,9614.98,9615.0,9589.12,9610.0,96.814433
2018-05-06 11:00:00,9610.0,9613.64,9561.75,9570.01,109.716307
2018-05-06 11:05:00,9570.01,9574.95,9550.0,9550.0,160.952411
2018-05-06 11:10:00,9550.0,9610.0,9537.01,9579.98,228.537443
2018-05-06 11:15:00,9577.98,9595.0,9567.22,9595.0,47.433116
2018-05-06 11:20:00,9595.0,9617.68,9582.44,9585.0,90.678738
2018-05-06 11:25:00,9585.0,9591.87,9559.66,9572.76,75.961113
2018-05-06 11:30:00,9572.76,9600.0,9563.85,9591.74,39.497989
2018-05-06 11:35:00,9585.07,9613.89,9583.02,9610.0,35.548051
2018-05-06 11:40:00,9610.0,9610.02,9585.0,9585.0,49.70248
2018-05-06 11:45:00,9585.28,9586.0,9568.36,9570.0,73.65969
2018-05-06 11:50:00,9575.0,9575.01,9512.0,9519.99,272.294581
2018-05-06 11:55:00,9519.99,9539.94,9488.88,9539.94,332.248309
2018-05-06 12:00:00,9536.98,9539.94,9520.15,9522.0,89.577543
2018-05-06 12:05:00,9522.0,9528.0,9492.02,9500.0,96.758514
2018-05-06 12:10:00,9500.03,9507.67,9470.0,9478.0,290.545327
2018-05-06 12:15:00,9478.0,9485.01,9417.03,9440.01,462.13545
2018-05-06 12:20:00,9444.0,9493.0,9434.62,9475.01,222.607892
2018-05-06 12:25:00,9482.16,9512.16,9475.0,9500.24,120.283776
2018-05-06 12:30:00,9502.02,9534.89,9500.0,9511.95,151.664183
2018-05-06 12:35:00,9511.95,9560.0,9509.01,9541.1,116.186439
2018-05-06 12:40:00,9550.0,9555.0,9504.07,9526.0,100.677756
2018-05-06 12:45:00,9525.51,9550.0,9525.5,9537.0,55.206459
2018-05-06 12:50:00,9537.0,9553.0,9535.0,9544.3,95.557
2018-05-06 12:55:00,9551.13,9551.13,9530.0,9535.0,65.733989
2018-05-06 13:00:00,9535.0,9538.0,9512.94,9522.84,115.985181
2018-05-06 13:05:00,9527.0,9555.0,9519.0,9553.97,75.902981
2018-05-06 13:10:00,9553.97,9574.0,9553.97,9571.17,151.198251
2018-05-06 13:15:00,9561.01,9574.9,9560.0,9570.0,52.266417
2018-05-06 13:20:00,9569.03,9590.0,9565.01,9586.85,90.217669
2018-05-06 13:25:00,9586.85,9595.0,9571.0,9571.01,292.880763
2018-05-06 13:30:00,9572.65,9579.99,9565.0,9575.99,97.077062
2018-05-06 13:35:00,9575.99,9620.95,9575.21,9615.0,183.657907
2018-05-06 13:40:00,9615.0,9625.45,9581.53,9585.11,150.370669
2018-05-06 13:45:00,9599.38,9599.85,9585.04,9589.0,72.527704
2018-05-06 13:50:00,9590.0,9599.0,9587.0,9595.88,75.896104
2018-05-06 13:55:00,9595.88,9595.89,9555.0,9561.0,157.971097
2018-05-06 14:00:00,9561.0,9577.21,9560.0,9561.1,67.951514
2018-05-06 14:05:00,9561.11,9564.89,9540.01,9542.0,87.17876
2018-05-06 14:10:00,9547.99,9558.56,9527.0,9555.83,163.855284
2018-05-06 14:15:00,9555.83,9590.41,9555.83,9580.45,135.855949
2018-05-06 14:20:00,9572.08,9582.0,9565.65,9572.0,95.17985
2018-05-06 14:25:00,9575.88,9590.98,9570.0,9586.05,78.935609
2018-05-06 14:30:00,9587.99,9588.0,9570.0,9572.71,113.887941
2018-05-06 14:35:00,9572.71,9574.98,9548.96,9574.85,66.875395
2018-05-06 14:40:00,9574.85,9586.74,9562.17,9583.0,80.218296
2018-05-06 14:45:00,9583.0,9605.54,9576.57,9599.99,104.227129
2018-05-06 14:50:00,9599.14,9610.37,9599.13,9599.15,124.562188
2018-05-06 14:55:00,9599.14,9599.14,9565.65,9573.35,73.279445
2018-05-06 15:00:00,9573.35,9591.46,9573.35,9576.0,72.093002
2018-05-06 15:05:00,9576.0,9583.99,9538.12,9550.0,109.537116
2018-05-06 15:10:00,9550.01,9557.17,9533.0,9539.75,56.389005
2018-05-06 15:15:00,9536.0,9544.03,9505.64,9544.03,96.752324
2018-05-06 15:20:00,9536.01,9548.0,9535.05,9542.25,47.254028
2018-05-06 15:25:00,9542.25,9544.0,9516.64,9530.09,94.510095
2018-05-06 15:30:00,9530.1,9535.72,9500.0,9507.67,280.389498
2018-05-06 15:35:00,9507.0,9526.94,9488.0,9524.0,144.281382
2018-05-06 15:40:00,9524.0,9543.0,9523.24,9537.94,47.911271
2018-05-06 15:45:00,9536.0,9538.01,9527.19,9531.02,76.947721
2018-05-06 15:50:00,9531.02,9534.11,9518.02,9520.0,49.704539
2018-05-06 15:55:00,9518.03,9524.0,9505.55,9513.93,61.582977
2018-05-06 16:00:00,9513.93,9534.74,9505.41,9530.01,105.661425
2018-05-06 16:05:00,9530.01,9564.96,9519.17,9562.05,75.826913
2018-05-06 16:10:00,9562.05,9591.45,9555.0,9590.51,118.12207
2018-05-06 16:15:00,9591.45,9618.16,9577.11,9583.0,135.077564
2018-05-06 16:20:00,9583.0,9596.58,9583.0,9595.71,62.222773
2018-05-06 16:25:00,9596.54,9612.0,9592.6,9612.0,86.792502
2018-05-06 16:30:00,9611.99,9620.0,9595.0,9606.71,157.461445
2018-05-06 16:35:00,9606.37,9615.23,9583.0,9590.47,90.463243
2018-05-06 16:40:00,9590.47,9598.59,9583.0,9598.59,86.395724
2018-05-06 16:45:00,9598.55,9620.0,9585.6,9610.0,63.924244
2018-05-06 16:50:00,9613.22,9619.99,9605.0,9608.0,42.365972
2018-05-06 16:55:00,9607.99,9609.0,9590.0,9599.36,41.761897
2018-05-06 17:00:00,9599.36,9606.98,9581.88,9606.33,54.909375
2018-05-06 17:05:00,9606.0,9621.44,9606.0,9615.48,67.959257
2018-05-06 17:10:00,9615.48,9631.42,9600.0,9624.0,76.15847
2018-05-06 17:15:00,9624.0,9632.07,9615.0,9629.98,144.399818
2018-05-06 17:20:00,9629.98,9634.82,9610.82,9627.49,58.46434
2018-05-06 17:25:00,9625.06,9650.0,9614.0,9647.25,73.393205
2018-05-06 17:30:00,9647.0,9650.0,9636.0,9638.88,91.689382
2018-05-06 17:35:00,9638.88,9643.87,9635.01,9637.01,49.67471
2018-05-06 17:40:00,9639.3,9639.65,9601.13,9617.0,108.530255
2018-05-06 17:45:00,9608.42,9625.0,9603.54,9615.99,80.150689
2018-05-06 17:50:00,9616.0,9625.0,9601.13,9610.0,48.643366
2018-05-06 17:55:00,9610.0,9625.43,9606.91,9619.02,82.324509
2018-05-06 18:00:00,9619.02,9627.41,9619.02,9624.6,45.37572
2018-05-06 18:05:00,9621.75,9631.77,9621.75,9630.58,25.262227
2018-05-06 18:10:00,9630.58,9634.99,9628.99,9631.03,52.610033
2018-05-06 18:15:00,9631.07,9634.97,9615.0,9616.0,45.231166
2018-05-06 18:20:00,9616.0,9624.99,9570.11,9581.17,118.182671
2018-05-06 18:25:00,9581.06,9581.16,9562.0,9574.59,78.919102
2018-05-06 18:30:00,9574.99,9590.35,9560.98,9579.0,78.19133
2018-05-06 18:35:00,9578.99,9627.45,9573.12,9613.07,110.307224
2018-05-06 18:40:00,9613.01,9619.0,9590.0,9598.0,32.393254
2018-05-06 18:45:00,9595.03,9610.0,9595.0,9607.2,25.587192
2018-05-06 18:50:00,9603.01,9603.01,9588.46,9594.99,34.335369
2018-05-06 18:55:00,9594.0,9594.32,9550.89,9572.71,138.689854
2018-05-06 19:00:00,9572.71,9588.0,9567.03,9575.12,38.953544
2018-05-06 19:05:00,9575.11,9581.99,9560.01,9561.99,39.638939
2018-05-06 19:10:00,9561.56,9584.91,9543.0,9568.44,94.012942
2018-05-06 19:15:00,9573.0,9594.99,9570.0,9570.0,44.389724
2018-05-06 19:20:00,9570.01,9574.92,9560.11,9570.02,37.89189
2018-05-06 19:25:00,9570.02,9573.41,9546.0,9554.0,53.014143
2018-05-06 19:30:00,9550.05,9564.3,9546.01,9557.23,44.710903
2018-05-06 19:35:00,9557.23,9559.22,9535.2,9539.97,59.716015
2018-05-06 19:40:00,9539.98,9544.99,9516.0,9516.0,94.920035
2018-05-06 19:45:00,9516.01,9550.0,9516.0,9549.0,40.985022
2018-05-06 19:50:00,9549.0,9563.62,9543.0,9558.77,42.596841
2018-05-06 19:55:00,9555.02,9565.0,9540.0,9548.01,35.853698
2018-05-06 20:00:00,9548.01,9578.04,9541.42,9560.4,65.84845
2018-05-06 20:05:00,9565.98,9590.0,9562.0,9579.54,74.452235
2018-05-06 20:10:00,9579.54,9589.0,9566.0,9569.96,46.553408
2018-05-06 20:15:00,9569.97,9570.0,9557.0,9569.97,37.876672
2018-05-06 20:20:00,9570.0,9570.0,9559.21,9559.21,56.103595
2018-05-06 20:25:00,9559.21,9559.76,9537.0,9545.88,53.887819
2018-05-06 20:30:00,9544.0,9583.0,9537.3,9582.72,65.99442
2018-05-06 20:35:00,9580.13,9584.37,9567.68,9582.0,28.388039
2018-05-06 20:40:00,9582.0,9584.37,9573.19,9581.6,20.244184
2018-05-06 20:45:00,9582.0,9595.0,9570.0,9572.12,44.638663
2018-05-06 20:50:00,9574.99,9593.73,9568.0,9582.73,70.921786
2018-05-06 20:55:00,9579.38,9582.76,9548.03,9555.0,51.232764
2018-05-06 21:00:00,9555.0,9571.47,9546.38,9555.0,65.3887
2018-05-06 21:05:00,9555.0,9555.89,9541.1,9546.01,52.30275
2018-05-06 21:10:00,9546.01,9550.0,9531.01,9541.0,56.113799
2018-05-06 21:15:00,9531.32,9568.31,9531.14,9557.04,38.141362
2018-05-06 21:20:00,9564.48,9564.48,9545.0,9557.01,26.945071
2018-05-06 21:25:00,9560.01,9589.0,9557.0,9566.87,39.670833
2018-05-06 21:30:00,9582.66,9582.66,9566.95,9569.21,40.703948
2018-05-06 21:35:00,9569.21,9580.1,9564.48,9572.0,40.202356
2018-05-06 21:40:00,9580.0,9583.0,9566.0,9570.01,30.826474
2018-05-06 21:45:00,9570.02,9577.28,9560.17,9561.05,22.121104
2018-05-06 21:50:00,9563.6,9565.0,9558.64,9560.0,20.443109
2018-05-06 21:55:00,9560.73,9571.97,9557.01,9561.17,28.044603
2018-05-06 22:00:00,9561.18,9593.0,9561.17,9593.0,54.543299
2018-05-06 22:05:00,9588.03,9643.02,9588.03,9620.2,125.800575
2018-05-06 22:10:00,9620.19,9637.6,9616.5,9633.65,62.154578
2018-05-06 22:15:00,9631.95,9635.0,9623.0,9623.0,47.311672
2018-05-06 22:20:00,9629.0,9650.0,9623.0,9645.01,73.614764
2018-05-06 22:25:00,9645.0,9650.0,9626.2,9633.98,49.895882
2018-05-06 22:30:00,9633.71,9650.0,9630.0,9640.36,46.275831
2018-05-06 22:35:00,9649.0,9682.0,9648.97,9670.49,93.418426
2018-05-06 22:40:00,9670.03,9682.28,9635.98,9646.55,128.745823
2018-05-06 22:45:00,9646.55,9655.89,9630.2,9630.88,28.850753
2018-05-06 22:50:00,9630.88,9634.0,9610.15,9620.0,74.940985
2018-05-06 22:55:00,9620.01,9655.23,9620.0,9652.75,25.60648
2018-05-06 23:00:00,9655.0,9655.0,9615.25,9623.02,63.193667
2018-05-06 23:05:00,9623.93,9649.97,9618.0,9640.0,24.510474
2018-05-06 23:10:00,9644.97,9644.99,9625.44,9635.02,40.534626
2018-05-06 23:15:00,9634.07,9654.62,9630.86,9641.92,37.763809
2018-05-06 23:20:00,9641.92,9674.43,9641.92,9666.37,103.559146
2018-05-06 23:25:00,9666.37,9671.97,9650.0,9664.52,32.984011
2018-05-06 23:30:00,9661.59,9664.7,9630.0,9639.91,45.046506
2018-05-06 23:35:00,9636.15,9652.0,9626.95,9645.01,54.062798
2018-05-06 23:40:00,9645.0,9659.67,9641.02,9655.56,39.263727
2018-05-06 23:45:00,9657.51,9681.52,9653.5,9674.64,41.896021
2018-05-06 23:50:00,9672.01,9675.14,9645.0,9657.01,52.261702
2018-05-06 23:55:00,9657.01,9667.8,9650.01,9659.01,29.793452
2018-05-07 00:00:00,9661.02,9689.67,9648.65,9675.0,123.694947
2018-05-07 00:05:00,9675.0,9683.98,9657.55,9675.0,30.611364
2018-05-07 00:10:00,9675.01,9689.54,9670.0,9684.42,88.463802
2018-05-07 00:15:00,9684.42,9687.75,9650.0,9659.66,64.314897
2018-05-07 00:20:00,9654.84,9659.72,9610.0,9615.0,143.857112
2018-05-07 00:25:00,9610.14,9630.0,9603.05,9630.0,105.160622
2018-05-07 00:30:00,9630.75,9632.0,9601.0,9614.83,63.649186
2018-05-07 00:35:00,9614.04,9615.0,9584.0,9588.99,115.768083
2018-05-07 00:40:00,9589.0,9599.66,9565.0,9565.01,110.812914
2018-05-07 00:45:00,9565.01,9566.78,9533.35,9547.0,180.747606
2018-05-07 00:50:00,9547.0,9547.0,9470.0,9500.01,278.26523
2018-05-07 00:55:00,9500.0,9527.68,9473.0,9473.0,162.171807
2018-05-07 01:00:00,9474.0,9477.0,9419.0,9443.84,376.713048
2018-05-07 01:05:00,9443.81,9480.0,9425.0,9455.01,158.056222
2018-05-07 01:10:00,9457.46,9497.08,9451.07,9465.03,140.883709
2018-05-07 01:15:00,9459.98,9468.36,9367.01,9375.0,540.884192
2018-05-07 01:20:00,9379.97,9400.0,9338.0,9341.99,308.77903
2018-05-07 01:25:00,9341.99,9365.0,9317.91,9325.0,362.494745
2018-05-07 01:30:00,9320.63,9380.02,9317.98,9364.33,194.363947
2018-05-07 01:35:00,9361.0,9372.02,9326.86,9330.0,143.547264
2018-05-07 01:40:00,9330.0,9340.0,9318.58,9324.0,191.20582
2018-05-07 01:45:00,9320.0,9340.58,9301.0,9328.0,288.353108
2018-05-07 01:50:00,9337.41,9362.56,9327.85,9340.65,146.366836
2018-05-07 01:55:00,9340.65,9370.0,9340.0,9350.0,121.341442
2018-05-07 02:00:00,9347.49,9351.0,9301.0,9329.86,210.53847
2018-05-07 02:05:00,9329.23,9330.0,9301.0,9323.16,173.736589
2018-05-07 02:10:00,9323.16,9349.39,9316.3,9349.39,122.762079
2018-05-07 02:15:00,9349.39,9373.85,9345.01,9370.0,79.51703
2018-05-07 02:20:00,9369.17,9370.99,9316.31,9336.46,114.464313
2018-05-07 02:25:00,9336.46,9351.98,9329.96,9346.4,81.585925
2018-05-07 02:30:00,9346.0,9351.98,9329.82,9336.99,68.940661
2018-05-07 02:35:00,9336.99,9337.0,9305.0,9308.78,149.316588
2018-05-07 02:40:00,9311.18,9321.52,9265.0,9291.36,427.081708
2018-05-07 02:45:00,9280.62,9319.3,9280.62,9315.0,178.750592
2018-05-07 02:50:00,9315.0,9324.99,9309.51,9320.0,121.005243
2018-05-07 02:55:00,9320.0,9341.56,9315.49,9326.2,195.753935
2018-05-07 03:00:00,9330.0,9330.0,9311.25,9317.7,104.061164
2018-05-07 03:05:00,9317.7,9322.12,9302.0,9309.0,91.752913
2018-05-07 03:10:00,9307.07,9313.98,9285.0,9289.0,120.649249
2018-05-07 03:15:00,9289.99,9299.52,9275.0,9284.07,286.457917
2018-05-07 03:20:00,9281.43,9290.0,9265.0,9266.44,297.337856
2018-05-07 03:25:00,9274.05,9274.05,9252.0,9255.0,254.582113
2018-05-07 03:30:00,9255.0,9290.0,9252.0,9278.94,209.811655
2018-05-07 03:35:00,9272.0,9299.0,9270.0,9296.0,162.288747
2018-05-07 03:40:00,9297.99,9316.14,9281.0,9316.14,199.12502
2018-05-07 03:45:00,9316.14,9331.98,9302.2,9302.2,213.609317
2018-05-07 03:50:00,9305.0,9327.91,9300.0,9325.0,96.255743
2018-05-07 03:55:00,9325.0,9352.6,9323.01,9350.02,168.18657
2018-05-07 04:00:00,9351.77,9390.7,9345.11,9375.0,231.872616
2018-05-07 04:05:00,9375.0,9375.43,9330.12,9360.0,154.244825
2018-05-07 04:10:00,9360.0,9378.0,9343.86,9370.0,103.153584
2018-05-07 04:15:00,9371.32,9385.0,9370.0,9378.01,91.282877
2018-05-07 04:20:00,9378.01,9390.79,9377.0,9378.0,113.096421
2018-05-07 04:25:00,9378.98,9379.0,9343.88,9367.83,89.30229
2018-05-07 04:30:00,9367.0,9367.0,9337.57,9350.03,116.800138
2018-05-07 04:35:00,9350.03,9366.0,9349.59,9355.78,47.98802
2018-05-07 04:40:00,9355.79,9368.99,9340.0,9342.0,103.264929
2018-05-07 04:45:00,9341.41,9351.42,9324.64,9349.46,135.465802
2018-05-07 04:50:00,9343.01,9349.76,9343.0,9343.0,31.745442
2018-05-07 04:55:00,9345.01,9349.0,9335.0,9339.28,55.361032
2018-05-07 05:00:00,9339.28,9347.86,9324.0,9341.9,54.607241
2018-05-07 05:05:00,9341.9,9344.0,9315.0,9315.0,68.60164
2018-05-07 05:10:00,9322.0,9322.0,9275.0,9300.0,213.836128
2018-05-07 05:15:00,9300.0,9329.67,9280.87,9310.2,88.688748
2018-05-07 05:20:00,9319.87,9319.87,9297.09,9302.14,77.703372
2018-05-07 05:25:00,9302.09,9307.99,9292.93,9300.01,100.14177
2018-05-07 05:30:00,9300.0,9320.0,9296.44,9318.58,111.000642
2018-05-07 05:35:00,9318.58,9362.01,9318.02,9362.01,103.832931
2018-05-07 05:40:00,9362.3,9372.3,9349.23,9350.96,100.330496
2018-05-07 05:45:00,9350.95,9370.0,9350.8,9368.01,67.654289
2018-05-07 05:50:00,9368.01,9390.0,9356.95,9360.0,105.403195
2018-05-07 05:55:00,9360.0,9378.8,9356.95,9358.99,35.976198
2018-05-07 06:00:00,9358.99,9359.0,9351.0,9358.0,48.890556
2018-05-07 06:05:00,9358.99,9373.0,9350.0,9370.01,61.761338
2018-05-07 06:10:00,9370.01,9374.61,9350.03,9374.61,79.741386
2018-05-07 06:15:00,9374.61,9374.99,9370.51,9374.62,61.129046
2018-05-07 06:20:00,9374.99,9378.0,9370.0,9376.0,93.173289
2018-05-07 06:25:00,9374.04,9380.0,9364.0,9367.5,80.122602
2018-05-07 06:30:00,9367.5,9367.8,9351.01,9359.99,69.448417
2018-05-07 06:35:00,9360.0,9361.93,9340.7,9350.06,80.716531
2018-05-07 06:40:00,9354.0,9358.96,9340.0,9358.87,61.425323
2018-05-07 06:45:00,9352.0,9369.0,9341.16,9369.0,100.655545
2018-05-07 06:50:00,9369.0,9381.63,9364.01,9377.0,55.526377
2018-05-07 06:55:00,9373.9,9377.01,9371.0,9371.53,32.85917
2018-05-07 07:00:00,9371.53,9372.0,9301.0,9318.05,147.248628
2018-05-07 07:05:00,9319.0,9341.41,9318.0,9323.92,75.875913
2018-05-07 07:10:00,9323.91,9341.0,9313.39,9320.03,71.714118
2018-05-07 07:15:00,9332.71,9341.99,9320.01,9340.7,38.738608
2018-05-07 07:20:00,9338.78,9355.9,9337.86,9355.0,57.03202
2018-05-07 07:25:00,9353.69,9356.34,9333.13,9335.03,101.297335
2018-05-07 07:30:00,9335.03,9344.99,9312.0,9312.01,65.745595
2018-05-07 07:35:00,9312.01,9323.1,9280.0,9297.94,220.105078
2018-05-07 07:40:00,9297.94,9297.95,9258.0,9271.01,254.559349
2018-05-07 07:45:00,9275.01,9299.55,9260.01,9299.54,97.584994
2018-05-07 07:50:00,9299.53,9320.0,9290.09,9304.0,109.473025
2018-05-07 07:55:00,9304.0,9329.58,9289.63,9324.25,80.429409
2018-05-07 08:00:00,9319.99,9324.7,9273.03,9284.81,84.252546
2018-05-07 08:05:00,9284.0,9298.97,9268.88,9275.02,75.19063
2018-05-07 08:10:00,9275.02,9309.97,9275.02,9309.86,42.061397
2018-05-07 08:15:00,9301.01,9344.89,9301.01,9332.0,136.438525
2018-05-07 08:20:00,9340.19,9349.82,9330.0,9335.25,153.915948
2018-05-07 08:25:00,9331.06,9338.39,9302.01,9333.9,251.415822
2018-05-07 08:30:00,9333.9,9365.0,9305.8,9365.0,319.118019
2018-05-07 08:35:00,9365.0,9419.15,9363.03,9417.97,389.219445
2018-05-07 08:40:00,9404.08,9434.8,9382.0,9395.77,269.915733
2018-05-07 08:45:00,9395.77,9422.0,9385.03,9398.0,161.276916
2018-05-07 08:50:00,9398.01,9413.35,9363.18,9409.9,182.17967
2018-05-07 08:55:00,9409.9,9420.08,9394.87,9409.99,93.482655
2018-05-07 09:00:00,9405.22,9410.76,9376.0,9377.12,159.323172
2018-05-07 09:05:00,9377.12,9387.0,9370.0,9385.0,110.277757
2018-05-07 09:10:00,9375.04,9385.72,9360.0,9363.9,73.30249
2018-05-07 09:15:00,9363.85,9365.14,9320.12,9340.88,139.750738
2018-05-07 09:20:00,9340.88,9355.0,9324.02,9337.82,123.34556
2018-05-07 09:25:00,9330.6,9365.67,9330.03,9347.51,76.448483
2018-05-07 09:30:00,9347.5,9359.45,9305.22,9305.28,138.874664
2018-05-07 09:35:00,9309.41,9331.66,9300.0,9310.69,136.674164
2018-05-07 09:40:00,9306.56,9322.0,9275.0,9308.04,179.159363
2018-05-07 09:45:00,9314.99,9328.5,9274.82,9297.32,198.407413
2018-05-07 09:50:00,9297.41,9335.0,9297.32,9301.31,147.378789
2018-05-07 09:55:00,9301.2,9326.01,9271.11,9291.84,136.236218
2018-05-07 10:00:00,9291.85,9320.01,9291.0,9318.98,59.573781
2018-05-07 10:05:00,9315.0,9331.03,9295.1,9307.87,70.563132
2018-05-07 10:10:00,9307.87,9338.64,9295.68,9338.64,107.306748
2018-05-07 10:15:00,9335.0,9349.0,9290.0,9300.0,142.65764
2018-05-07 10:20:00,9298.0,9323.38,9293.37,9299.99,60.508158
2018-05-07 10:25:00,9300.0,9303.0,9290.0,9294.3,46.738114
2018-05-07 10:30:00,9300.0,9305.56,9281.51,9282.0,45.963223
2018-05-07 10:35:00,9285.38,9315.0,9281.51,9313.79,53.39826
2018-05-07 10:40:00,9310.35,9328.99,9308.6,9310.0,73.270168
2018-05-07 10:45:00,9310.0,9314.43,9302.05,9308.62,41.935183
2018-05-07 10:50:00,9308.63,9312.0,9292.6,9298.98,77.298823
2018-05-07 10:55:00,9298.97,9304.95,9293.16,9304.95,45.504497
2018-05-07 11:00:00,9304.38,9322.17,9298.99,9309.99,45.58965
2018-05-07 11:05:00,9305.04,9319.0,9292.7,9302.72,120.660545
2018-05-07 11:10:00,9302.72,9307.0,9277.01,9305.0,135.487732
2018-05-07 11:15:00,9303.05,9345.0,9300.07,9334.51,125.380655
2018-05-07 11:20:00,9334.51,9345.99,9334.0,9345.0,123.630253
2018-05-07 11:25:00,9343.46,9346.5,9310.0,9340.99,67.570091
2018-05-07 11:30:00,9340.0,9340.65,9322.63,9328.98,39.613447
2018-05-07 11:35:00,9328.98,9329.0,9319.98,9326.07,57.522557
2018-05-07 11:40:00,9328.0,9339.81,9319.4,9331.01,48.367686
2018-05-07 11:45:00,9335.52,9335.52,9301.39,9320.64,57.108445
2018-05-07 11:50:00,9320.64,9335.0,9312.01,9328.0,59.718797
2018-05-07 11:55:00,9328.0,9339.0,9321.3,9339.0,52.894195
2018-05-07 12:00:00,9335.88,9370.02,9335.59,9366.41,147.57208
2018-05-07 12:05:00,9361.0,9367.0,9337.0,9339.99,241.869176
2018-05-07 12:10:00,9338.0,9357.07,9337.0,9353.0,81.532958
2018-05-07 12:15:00,9353.0,9370.0,9350.0,9369.0,95.466723
2018-05-07 12:20:00,9369.0,9382.0,9365.62,9366.71,109.342599
2018-05-07 12:25:00,9366.71,9373.0,9350.0,9360.35,163.442868
2018-05-07 12:30:00,9351.04,9360.33,9341.0,9346.26,143.618699
2018-05-07 12:35:00,9345.22,9354.99,9320.0,9346.0,240.951812
2018-05-07 12:40:00,9346.0,9351.07,9330.5,9339.01,100.310393
2018-05-07 12:45:00,9339.99,9352.6,9331.23,9352.13,58.613868
2018-05-07 12:50:00,9352.36,9361.0,9352.13,9360.0,46.870844
2018-05-07 12:55:00,9354.0,9370.0,9353.0,9362.01,83.462299
2018-05-07 13:00:00,9362.01,9362.02,9350.0,9351.51,46.443391
2018-05-07 13:05:00,9351.35,9351.51,9320.13,9338.04,136.266987
2018-05-07 13:10:00,9338.04,9338.04,9315.7,9329.31,108.258492
2018-05-07 13:15:00,9328.9,9338.04,9316.37,9337.0,217.051959
2018-05-07 13:20:00,9337.01,9337.01,9285.0,9285.0,81.163243
2018-05-07 13:25:00,9285.0,9299.98,9280.0,9293.78,143.842666
2018-05-07 13:30:00,9299.97,9315.78,9295.65,9310.0,83.473032
2018-05-07 13:35:00,9307.12,9311.0,9291.04,9293.65,66.655412
2018-05-07 13:40:00,9293.66,9317.72,9292.6,9314.07,70.414864
2018-05-07 13:45:00,9317.72,9334.0,9311.02,9330.0,84.798835
2018-05-07 13:50:00,9330.01,9338.0,9300.0,9311.07,114.846109
2018-05-07 13:55:00,9306.08,9320.0,9279.0,9280.01,104.257201
2018-05-07 14:00:00,9281.57,9281.57,9184.84,9192.92,701.388825
2018-05-07 14:05:00,9198.99,9243.48,9190.31,9224.38,246.758016
2018-05-07 14:10:00,9225.01,9231.0,9186.1,9190.0,218.030842
2018-05-07 14:15:00,9199.0,9241.0,9181.0,9212.78,237.304022
2018-05-07 14:20:00,9219.19,9259.99,9212.33,9241.45,204.560169
2018-05-07 14:25:00,9241.45,9280.0,9241.45,9275.23,201.42322
2018-05-07 14:30:00,9280.0,9315.56,9272.86,9295.0,229.544551
2018-05-07 14:35:00,9295.0,9316.78,9290.05,9302.99,132.028247
2018-05-07 14:40:00,9302.99,9332.41,9301.16,9327.09,164.054785
2018-05-07 14:45:00,9327.1,9338.04,9315.35,9321.98,120.314972
2018-05-07 14:50:00,9321.98,9325.0,9308.13,9308.41,69.278449
2018-05-07 14:55:00,9311.0,9315.79,9305.13,9305.13,54.000763
2018-05-07 15:00:00,9305.13,9340.45,9300.0,9332.0,218.203449
2018-05-07 15:05:00,9330.01,9356.59,9319.41,9319.5,147.449206
2018-05-07 15:10:00,9324.6,9349.23,9319.49,9339.05,108.13965
2018-05-07 15:15:00,9335.05,9352.54,9332.67,9352.53,58.995933
2018-05-07 15:20:00,9352.4,9359.56,9336.18,9336.18,250.682484
2018-05-07 15:25:00,9336.83,9341.0,9321.0,9336.36,95.641946
2018-05-07 15:30:00,9336.37,9346.83,9330.73,9337.0,60.545897
2018-05-07 15:35:00,9337.0,9363.5,9335.0,9355.05,111.559616
2018-05-07 15:40:00,9354.62,9355.3,9350.0,9354.64,63.116808
2018-05-07 15:45:00,9354.63,9357.71,9335.0,9348.44,118.038638
2018-05-07 15:50:00,9348.43,9364.4,9341.05,9359.41,94.7436
2018-05-07 15:55:00,9359.41,9367.0,9356.27,9365.28,76.509752
2018-05-07 16:00:00,9365.7,9403.51,9364.0,9403.51,289.232236
2018-05-07 16:05:00,9402.33,9423.0,9380.0,9383.12,271.864418
2018-05-07 16:10:00,9389.96,9394.99,9363.0,9373.42,129.487051
2018-05-07 16:15:00,9371.02,9390.0,9365.95,9384.0,86.13318
2018-05-07 16:20:00,9385.61,9411.0,9384.0,9401.97,127.02966
2018-05-07 16:25:00,9401.23,9404.98,9357.1,9357.7,188.835049
2018-05-07 16:30:00,9359.99,9377.35,9341.04,9342.12,88.336616
2018-05-07 16:35:00,9342.11,9356.84,9342.11,9356.64,96.636775
2018-05-07 16:40:00,9356.64,9375.0,9342.12,9349.99,85.250426
2018-05-07 16:45:00,9349.99,9374.97,9348.0,9374.97,86.728443
2018-05-07 16:50:00,9374.97,9376.02,9352.0,9353.01,55.361991
2018-05-07 16:55:00,9353.01,9359.99,9350.0,9357.0,47.056611
2018-05-07 17:00:00,9357.0,9367.93,9352.01,9363.0,46.482835
2018-05-07 17:05:00,9363.0,9393.45,9363.0,9372.07,108.011628
2018-05-07 17:10:00,9372.07,9384.99,9366.65,9371.13,76.101449
2018-05-07 17:15:00,9371.13,9389.54,9368.0,9379.0,64.245967
2018-05-07 17:20:00,9379.01,9398.38,9379.0,9395.07,53.683587
2018-05-07 17:25:00,9395.15,9398.0,9364.88,9370.0,208.847433
2018-05-07 17:30:00,9370.6,9390.0,9369.9,9380.03,66.427056
2018-05-07 17:35:00,9380.03,9397.23,9378.49,9396.0,57.282298
2018-05-07 17:40:00,9396.9,9399.99,9370.08,9379.93,101.315805
2018-05-07 17:45:00,9379.92,9388.42,9365.0,9378.0,111.39262
2018-05-07 17:50:00,9376.25,9378.0,9357.02,9364.63,138.736423
2018-05-07 17:55:00,9364.63,9370.0,9348.21,9358.98,79.788183
2018-05-07 18:00:00,9358.99,9373.24,9350.42,9366.0,76.564502
2018-05-07 18:05:00,9369.0,9384.0,9364.86,9372.0,82.824024
2018-05-07 18:10:00,9371.92,9387.0,9371.92,9380.04,56.555131
2018-05-07 18:15:00,9380.04,9390.61,9375.0,9390.2,60.674626
2018-05-07 18:20:00,9390.59,9400.0,9373.8,9381.0,53.991815
2018-05-07 18:25:00,9381.0,9386.15,9361.27,9370.01,57.579008
2018-05-07 18:30:00,9371.0,9380.06,9366.0,9370.0,42.164522
2018-05-07 18:35:00,9370.0,9384.99,9360.64,9374.52,58.155469
2018-05-07 18:40:00,9378.8,9397.0,9370.0,9377.03,85.346276
2018-05-07 18:45:00,9388.89,9389.27,9373.05,9379.64,30.740229
2018-05-07 18:50:00,9380.0,9388.0,9376.46,9377.21,46.309097
2018-05-07 18:55:00,9377.21,9389.3,9375.45,9376.7,36.578994
2018-05-07 19:00:00,9376.66,9386.0,9371.0,9371.03,46.480651
2018-05-07 19:05:00,9376.11,9387.99,9371.0,9384.01,48.338665
2018-05-07 19:10:00,9384.01,9389.17,9384.0,9389.0,72.285889
2018-05-07 19:15:00,9389.0,9390.0,9384.0,9387.43,48.044824
2018-05-07 19:20:00,9387.45,9420.0,9387.45,9409.5,112.846299
2018-05-07 19:25:00,9413.97,9456.39,9409.37,9456.39,220.016477
2018-05-07 19:30:00,9452.04,9457.27,9421.71,9438.0,130.811346
2018-05-07 19:35:00,9438.0,9456.85,9435.93,9453.0,121.284753
2018-05-07 19:40:00,9453.0,9462.5,9451.78,9460.14,62.727058
2018-05-07 19:45:00,9462.5,9465.64,9401.42,9427.01,197.973584
2018-05-07 19:50:00,9424.64,9447.07,9424.64,9432.62,81.026894
2018-05-07 19:55:00,9432.0,9446.94,9411.0,9430.49,98.541369
2018-05-07 20:00:00,9432.79,9450.0,9430.49,9439.99,56.48073
2018-05-07 20:05:00,9439.75,9445.0,9420.0,9427.99,49.864748
2018-05-07 20:10:00,9421.55,9437.54,9421.34,9421.61,94.022416
2018-05-07 20:15:00,9421.72,9421.9,9385.0,9412.0,150.970966
2018-05-07 20:20:00,9406.48,9415.54,9385.0,9395.51,87.198853
2018-05-07 20:25:00,9399.78,9415.0,9390.21,9411.0,67.624233
2018-05-07 20:30:00,9411.0,9428.0,9405.1,9415.33,57.474003
2018-05-07 20:35:00,9415.0,9418.8,9402.85,9405.0,29.102818
2018-05-07 20:40:00,9405.0,9437.99,9404.74,9433.77,43.299306
2018-05-07 20:45:00,9433.77,9455.05,9430.25,9442.0,97.454776
2018-05-07 20:50:00,9440.0,9453.0,9440.0,9448.99,50.497779
2018-05-07 20:55:00,9448.0,9460.0,9447.0,9453.9,176.080225
2018-05-07 21:00:00,9453.9,9462.79,9446.08,9461.0,59.802755
2018-05-07 21:05:00,9459.99,9461.9,9442.56,9447.0,84.389514
2018-05-07 21:10:00,9447.0,9456.82,9446.03,9449.32,45.505872
2018-05-07 21:15:00,9448.02,9454.44,9432.53,9444.0,74.26067
2018-05-07 21:20:00,9446.56,9450.0,9444.0,9447.0,43.526664
2018-05-07 21:25:00,9444.0,9456.59,9444.0,9446.0,64.152566
2018-05-07 21:30:00,9445.0,9451.55,9444.01,9448.99,80.864208
2018-05-07 21:35:00,9445.28,9445.28,9415.98,9420.0,59.285021
2018-05-07 21:40:00,9420.0,9428.21,9406.26,9406.26,107.293796
2018-05-07 21:45:00,9408.3,9409.0,9386.14,9390.1,93.718233
2018-05-07 21:50:00,9394.68,9410.0,9390.16,9406.0,64.879947
2018-05-07 21:55:00,9406.0,9406.0,9395.02,9399.79,51.736704
2018-05-07 22:00:00,9399.2,9400.0,9389.47,9390.98,55.030057
2018-05-07 22:05:00,9390.99,9391.14,9348.33,9360.0,128.02289
2018-05-07 22:10:00,9360.0,9375.0,9360.0,9364.77,64.647401
2018-05-07 22:15:00,9370.0,9385.24,9356.98,9366.01,110.352362
2018-05-07 22:20:00,9375.0,9375.0,9355.2,9356.0,28.021794
2018-05-07 22:25:00,9356.0,9356.0,9300.48,9319.99,222.825208
2018-05-07 22:30:00,9319.99,9321.9,9289.9,9321.87,131.84824
2018-05-07 22:35:00,9321.87,9342.25,9314.03,9333.98,86.246417
2018-05-07 22:40:00,9330.13,9333.99,9310.57,9310.58,66.846537
2018-05-07 22:45:00,9314.0,9326.0,9270.0,9280.0,255.656758
2018-05-07 22:50:00,9281.0,9301.15,9269.46,9292.99,56.129632
2018-05-07 22:55:00,9292.38,9321.0,9286.05,9309.86,72.905935
2018-05-07 23:00:00,9309.86,9336.6,9307.95,9336.0,48.208208
2018-05-07 23:05:00,9335.29,9336.6,9326.08,9326.08,49.28565
2018-05-07 23:10:00,9326.09,9328.74,9297.83,9303.03,90.259862
2018-05-07 23:15:00,9303.04,9326.12,9303.04,9316.94,31.175769
2018-05-07 23:20:00,9316.94,9321.31,9293.08,9304.12,87.377243
2018-05-07 23:25:00,9304.12,9332.99,9304.12,9332.99,28.692317
2018-05-07 23:30:00,9332.98,9376.35,9331.39,9364.95,68.478151
2018-05-07 23:35:00,9362.63,9371.93,9328.0,9360.06,72.241561
2018-05-07 23:40:00,9360.06,9367.61,9356.07,9360.27,51.455678
2018-05-07 23:45:00,9360.27,9361.0,9345.0,9349.99,67.58391
2018-05-07 23:50:00,9345.0,9365.0,9345.0,9365.0,56.659485
2018-05-07 23:55:00,9365.0,9384.04,9358.29,9365.0,72.638047
2018-05-08 00:00:00,9365.0,9395.0,9358.76,9395.0,53.56738
2018-05-08 00:05:00,9395.0,9402.03,9382.0,9385.25,98.917033
2018-05-08 00:10:00,9385.81,9392.16,9365.0,9382.43,47.542446
2018-05-08 00:15:00,9385.51,9390.41,9372.31,9390.41,48.653952
2018-05-08 00:20:00,9391.03,9409.4,9365.26,9379.64,70.454073
2018-05-08 00:25:00,9380.88,9410.99,9371.78,9408.82,75.617491
2018-05-08 00:30:00,9407.2,9413.26,9380.66,9392.2,31.696979
2018-05-08 00:35:00,9392.2,9394.98,9385.21,9390.0,18.746776
2018-05-08 00:40:00,9390.0,9391.7,9359.32,9365.03,40.383529
2018-05-08 00:45:00,9365.03,9390.5,9358.16,9385.38,27.2953
2018-05-08 00:50:00,9380.41,9390.0,9375.08,9389.38,17.568776
2018-05-08 00:55:00,9389.38,9396.0,9387.29,9395.63,39.480504
2018-05-08 01:00:00,9396.0,9417.67,9392.34,9408.8,99.228787
2018-05-08 01:05:00,9408.8,9430.0,9408.8,9428.18,81.609809
2018-05-08 01:10:00,9428.18,9445.1,9421.14,9429.01,81.657796
2018-05-08 01:15:00,9429.01,9435.4,9418.81,9430.0,69.546037
2018-05-08 01:20:00,9429.99,9436.38,9421.0,9429.91,104.711782
2018-05-08 01:25:00,9425.01,9450.77,9425.01,9430.23,117.113467
2018-05-08 01:30:00,9442.63,9442.64,9425.23,9435.16,60.933894
2018-05-08 01:35:00,9433.95,9435.3,9405.02,9413.93,76.665777
2018-05-08 01:40:00,9413.92,9431.9,9398.84,9408.73,94.523256
2018-05-08 01:45:00,9408.73,9415.0,9385.0,9389.0,77.244014
2018-05-08 01:50:00,9388.99,9424.0,9386.68,9424.0,123.000371
2018-05-08 01:55:00,9424.0,9433.0,9401.3,9420.0,52.71091
2018-05-08 02:00:00,9420.0,9438.19,9406.48,9426.33,97.412222
2018-05-08 02:05:00,9426.86,9442.0,9426.33,9440.03,59.787724
2018-05-08 02:10:00,9440.03,9450.0,9434.85,9450.0,87.19185
2018-05-08 02:15:00,9449.0,9452.1,9419.56,9425.55,102.227698
2018-05-08 02:20:00,9425.55,9450.0,9425.55,9436.39,85.380054
2018-05-08 02:25:00,9437.34,9439.97,9427.08,9427.09,70.628366
2018-05-08 02:30:00,9427.09,9453.68,9427.08,9443.41,74.184119
2018-05-08 02:35:00,9443.4,9455.0,9425.0,9455.0,92.075916
2018-05-08 02:40:00,9454.99,9475.7,9438.68,9456.03,171.946862
2018-05-08 02:45:00,9456.05,9473.9,9450.0,9453.0,131.637021
2018-05-08 02:50:00,9453.0,9470.0,9441.58,9459.34,120.017596
2018-05-08 02:55:00,9459.34,9467.47,9430.0,9439.99,74.008699
2018-05-08 03:00:00,9439.99,9463.91,9435.85,9455.0,73.652842
2018-05-08 03:05:00,9459.0,9465.53,9425.0,9425.06,141.913148
2018-05-08 03:10:00,9425.06,9430.0,9395.61,9426.81,95.884402
2018-05-08 03:15:00,9429.99,9430.0,9402.91,9423.81,50.242398
2018-05-08 03:20:00,9423.81,9430.0,9410.0,9421.31,61.526507
2018-05-08 03:25:00,9421.3,9430.01,9414.41,9430.01,80.754571
2018-05-08 03:30:00,9428.0,9430.01,9409.4,9426.99,59.980398
2018-05-08 03:35:00,9426.0,9427.0,9406.47,9424.0,35.995889
2018-05-08 03:40:00,9424.0,9461.55,9423.23,9450.0,93.388769
2018-05-08 03:45:00,9447.07,9463.16,9440.56,9448.98,61.296815
2018-05-08 03:50:00,9448.98,9449.0,9440.56,9444.02,61.137667
2018-05-08 03:55:00,9444.02,9446.81,9440.59,9444.0,59.099462
2018-05-08 04:00:00,9445.6,9445.7,9410.0,9415.0,83.443621
2018-05-08 04:05:00,9411.42,9431.59,9409.46,9425.88,64.633328
2018-05-08 04:10:00,9425.88,9435.0,9420.11,9428.5,38.883253
2018-05-08 04:15:00,9432.99,9442.71,9428.36,9430.0,35.519118
2018-05-08 04:20:00,9431.65,9439.06,9420.0,9428.76,54.135661
2018-05-08 04:25:00,9427.0,9428.71,9400.0,9419.01,94.099677
2018-05-08 04:30:00,9419.01,9435.27,9406.08,9428.0,46.794807
2018-05-08 04:35:00,9430.0,9430.0,9417.8,9424.74,36.669764
2018-05-08 04:40:00,9424.74,9426.0,9417.55,9418.0,85.012813
2018-05-08 04:45:00,9418.0,9425.6,9417.13,9425.0,23.156296
2018-05-08 04:50:00,9424.01,9434.8,9421.71,9423.99,30.757402
2018-05-08 04:55:00,9423.0,9432.71,9421.74,9430.52,43.565244
2018-05-08 05:00:00,9424.94,9430.56,9390.47,9390.47,71.178761
2018-05-08 05:05:00,9390.61,9412.3,9338.0,9356.28,270.683045
2018-05-08 05:10:00,9369.9,9375.0,9349.96,9367.0,74.210987
2018-05-08 05:15:00,9367.01,9390.07,9367.0,9388.97,70.234974
2018-05-08 05:20:00,9388.97,9393.82,9359.01,9361.09,68.571458
2018-05-08 05:25:00,9361.1,9387.01,9356.01,9380.0,78.631037
2018-05-08 05:30:00,9385.93,9390.0,9376.0,9380.03,59.82743
2018-05-08 05:35:00,9378.21,9387.02,9376.41,9377.2,31.171085
2018-05-08 05:40:00,9377.19,9377.19,9333.33,9346.62,73.428868
2018-05-08 05:45:00,9354.97,9354.97,9336.01,9352.68,51.681738
2018-05-08 05:50:00,9352.0,9355.0,9333.14,9333.33,60.035242
2018-05-08 05:55:00,9333.33,9339.33,9318.87,9334.0,121.781608
2018-05-08 06:00:00,9334.02,9340.62,9305.0,9305.0,138.207434
2018-05-08 06:05:00,9305.01,9345.73,9305.0,9345.0,67.016747
2018-05-08 06:10:00,9345.0,9378.06,9340.0,9373.69,121.063269
2018-05-08 06:15:00,9377.18,9377.18,9355.0,9366.81,76.581679
2018-05-08 06:20:00,9361.52,9370.0,9355.0,9366.5,68.364861
2018-05-08 06:25:00,9366.5,9375.29,9360.03,9370.0,69.225291
2018-05-08 06:30:00,9370.0,9382.0,9355.0,9355.0,120.433318
2018-05-08 06:35:00,9355.0,9358.94,9345.0,9347.01,41.757707
2018-05-08 06:40:00,9348.0,9350.0,9322.23,9331.3,80.498777
2018-05-08 06:45:00,9333.7,9339.0,9331.29,9333.02,26.009741
2018-05-08 06:50:00,9332.3,9354.55,9331.0,9349.12,76.895801
2018-05-08 06:55:00,9350.9,9350.9,9340.0,9340.0,64.701279
2018-05-08 07:00:00,9340.22,9349.9,9339.97,9349.9,42.412457
2018-05-08 07:05:00,9349.9,9367.4,9345.25,9365.0,71.894164
2018-05-08 07:10:00,9365.0,9365.0,9352.0,9356.83,63.530015
2018-05-08 07:15:00,9353.0,9359.99,9349.35,9359.99,81.547439
2018-05-08 07:20:00,9358.71,9378.04,9353.01,9365.0,67.622679
2018-05-08 07:25:00,9365.0,9375.0,9353.45,9363.95,82.785747
2018-05-08 07:30:00,9363.95,9368.03,9355.0,9365.0,53.978789
2018-05-08 07:35:00,9365.0,9372.51,9345.31,9354.98,59.784125
2018-05-08 07:40:00,9350.0,9385.0,9350.0,9384.72,72.687299
2018-05-08 07:45:00,9384.72,9387.02,9366.22,9368.56,59.084465
2018-05-08 07:50:00,9368.56,9375.19,9364.49,9368.11,86.617413
2018-05-08 07:55:00,9368.11,9380.0,9368.11,9370.0,60.9502
2018-05-08 08:00:00,9370.0,9378.0,9367.0,9373.86,102.018629
2018-05-08 08:05:00,9373.0,9378.81,9368.6,9377.98,78.333155
2018-05-08 08:10:00,9377.98,9377.99,9368.0,9368.01,67.807778
2018-05-08 08:15:00,9368.01,9369.99,9363.52,9363.52,44.622098
2018-05-08 08:20:00,9364.23,9382.56,9360.0,9376.0,76.223617
2018-05-08 08:25:00,9381.36,9390.84,9375.95,9390.47,57.226353
2018-05-08 08:30:00,9390.47,9408.75,9380.27,9401.5,110.025278
2018-05-08 08:35:00,9404.98,9405.0,9384.73,9397.94,97.173646
2018-05-08 08:40:00,9396.14,9399.66,9386.95,9399.5,72.974834
2018-05-08 08:45:00,9399.5,9399.5,9395.0,9398.89,59.431414
2018-05-08 08:50:00,9399.01,9409.14,9398.89,9409.0,92.543187
2018-05-08 08:55:00,9409.0,9414.4,9390.0,9398.95,89.965807
2018-05-08 09:00:00,9398.95,9399.01,9370.0,9371.13,89.684643
2018-05-08 09:05:00,9382.81,9382.81,9360.0,9364.0,79.28571
2018-05-08 09:10:00,9364.0,9373.92,9326.11,9329.26,117.799888
2018-05-08 09:15:00,9336.8,9355.27,9329.27,9340.18,73.447045
2018-05-08 09:20:00,9342.69,9345.68,9283.7,9308.98,327.740164
2018-05-08 09:25:00,9308.98,9338.15,9299.01,9329.89,184.886663
2018-05-08 09:30:00,9338.14,9338.14,9285.1,9311.0,147.66513
2018-05-08 09:35:00,9310.99,9326.36,9300.01,9315.02,79.298094
2018-05-08 09:40:00,9315.0,9320.54,9283.7,9289.99,138.43397
2018-05-08 09:45:00,9289.99,9290.0,9251.0,9262.0,214.844979
2018-05-08 09:50:00,9262.0,9298.0,9262.0,9282.98,120.749484
2018-05-08 09:55:00,9282.98,9315.0,9276.75,9310.0,158.729865
2018-05-08 10:00:00,9308.0,9329.98,9286.01,9290.0,178.411807
2018-05-08 10:05:00,9286.39,9314.0,9278.69,9305.99,103.543712
2018-05-08 10:10:00,9305.99,9319.95,9300.0,9319.32,80.892715
2018-05-08 10:15:00,9319.32,9343.0,9319.32,9338.31,162.044025
2018-05-08 10:20:00,9338.31,9338.32,9322.7,9338.28,60.115597
2018-05-08 10:25:00,9338.28,9339.89,9312.0,9321.55,76.373199
2018-05-08 10:30:00,9315.0,9321.93,9284.0,9290.0,102.781621
2018-05-08 10:35:00,9289.4,9298.89,9274.13,9284.99,74.539801
2018-05-08 10:40:00,9284.99,9307.81,9277.31,9300.0,82.985201
2018-05-08 10:45:00,9304.73,9317.0,9295.96,9310.93,106.195354
2018-05-08 10:50:00,9310.0,9320.0,9305.01,9310.08,72.931768
2018-05-08 10:55:00,9316.59,9316.59,9290.0,9295.0,114.999013
2018-05-08 11:00:00,9295.0,9305.0,9290.04,9293.89,60.64055
2018-05-08 11:05:00,9293.88,9295.7,9269.08,9269.08,115.631061
2018-05-08 11:10:00,9270.83,9273.39,9260.0,9260.01,79.557002
2018-05-08 11:15:00,9261.05,9267.02,9185.0,9211.91,442.282693
2018-05-08 11:20:00,9211.9,9249.6,9210.03,9220.0,174.847678
2018-05-08 11:25:00,9220.0,9220.09,9203.45,9218.0,182.483747
2018-05-08 11:30:00,9214.0,9230.52,9209.98,9229.99,120.159396
2018-05-08 11:35:00,9229.94,9239.48,9226.63,9230.01,81.903134
2018-05-08 11:40:00,9232.11,9232.11,9192.15,9210.0,187.210963
2018-05-08 11:45:00,9206.0,9228.51,9202.96,9222.0,98.89777
2018-05-08 11:50:00,9226.0,9227.97,9213.92,9221.9,87.498113
2018-05-08 11:55:00,9221.9,9227.3,9198.0,9198.0,149.849887
2018-05-08 12:00:00,9200.0,9200.01,9060.54,9067.53,964.996885
2018-05-08 12:05:00,9067.53,9111.57,9063.29,9091.14,473.688098
2018-05-08 12:10:00,9091.14,9140.38,9083.01,9115.77,265.941876
2018-05-08 12:15:00,9100.23,9119.95,9084.0,9098.0,224.194423
2018-05-08 12:20:00,9106.99,9147.0,9098.0,9145.0,236.277189
2018-05-08 12:25:00,9145.0,9155.0,9104.22,9117.03,127.610439
2018-05-08 12:30:00,9117.02,9128.98,9108.62,9110.0,137.354861
2018-05-08 12:35:00,9114.99,9115.0,9085.0,9105.0,205.407686
2018-05-08 12:40:00,9109.07,9127.99,9100.0,9108.0,94.101325
2018-05-08 12:45:00,9107.87,9149.88,9100.0,9149.88,141.503873
2018-05-08 12:50:00,9145.0,9159.03,9117.59,9141.0,111.671528
2018-05-08 12:55:00,9140.0,9159.09,9130.0,9140.0,124.428878
2018-05-08 13:00:00,9140.0,9150.5,9125.0,9149.99,99.80196
2018-05-08 13:05:00,9149.99,9177.33,9145.13,9170.01,128.944305
2018-05-08 13:10:00,9170.61,9194.08,9165.0,9168.51,175.357818
2018-05-08 13:15:00,9177.54,9177.54,9150.05,9161.94,94.245551
2018-05-08 13:20:00,9164.99,9165.0,9141.0,9150.0,70.52517
2018-05-08 13:25:00,9153.57,9153.57,9115.45,9128.99,133.410098
2018-05-08 13:30:00,9128.99,9141.46,9102.0,9136.09,178.099071
2018-05-08 13:35:00,9136.08,9150.0,9129.0,9149.97,69.348239
2018-05-08 13:40:00,9145.03,9150.0,9139.18,9139.18,59.107102
2018-05-08 13:45:00,9139.18,9157.92,9129.01,9135.0,74.093016
2018-05-08 13:50:00,9137.98,9146.4,9124.0,9129.5,75.504219
2018-05-08 13:55:00,9126.54,9132.0,9120.0,9128.02,55.676164
2018-05-08 14:00:00,9129.99,9159.91,9123.33,9154.58,112.932442
2018-05-08 14:05:00,9157.97,9160.0,9145.74,9152.0,116.915601
2018-05-08 14:10:00,9152.0,9161.74,9142.8,9155.47,75.622221
2018-05-08 14:15:00,9155.55,9173.75,9155.0,9165.01,74.840844
2018-05-08 14:20:00,9168.95,9185.0,9155.0,9182.98,110.768883
2018-05-08 14:25:00,9183.0,9187.0,9170.06,9184.05,82.123385
2018-05-08 14:30:00,9183.03,9186.95,9128.0,9150.1,171.497412
2018-05-08 14:35:00,9150.1,9160.0,9131.0,9145.0,73.807623
2018-05-08 14:40:00,9140.0,9152.99,9135.0,9148.68,72.16398
2018-05-08 14:45:00,9148.68,9153.0,9100.0,9133.82,125.341579
2018-05-08 14:50:00,9127.25,9145.99,9110.34,9133.89,76.669156
2018-05-08 14:55:00,9142.99,9143.0,9133.87,9135.0,41.707107
2018-05-08 15:00:00,9135.0,9152.99,9129.31,9152.01,55.641916
2018-05-08 15:05:00,9152.5,9163.35,9152.0,9163.01,88.558018
2018-05-08 15:10:00,9163.01,9165.0,9140.0,9152.01,116.64291
2018-05-08 15:15:00,9158.99,9163.99,9152.19,9163.0,31.526756
2018-05-08 15:20:00,9163.49,9170.53,9141.18,9153.85,64.714454
2018-05-08 15:25:00,9150.0,9153.85,9140.2,9150.0,55.729102
2018-05-08 15:30:00,9150.0,9160.46,9136.0,9154.01,81.610682
2018-05-08 15:35:00,9159.97,9167.94,9154.01,9160.01,60.945721
2018-05-08 15:40:00,9165.0,9170.32,9160.01,9169.0,51.818142
2018-05-08 15:45:00,9168.99,9194.0,9166.04,9188.0,143.754721
2018-05-08 15:50:00,9189.5,9193.91,9175.0,9183.24,54.617424
2018-05-08 15:55:00,9183.25,9199.99,9180.36,9199.6,67.836679
2018-05-08 16:00:00,9199.64,9199.99,9168.0,9175.01,92.07299
2018-05-08 16:05:00,9176.78,9178.0,9167.05,9178.0,30.159959
2018-05-08 16:10:00,9178.99,9185.0,9175.0,9177.1,42.581081
2018-05-08 16:15:00,9177.09,9184.0,9166.0,9168.51,71.163794
2018-05-08 16:20:00,9166.01,9172.97,9150.12,9158.0,80.651059
2018-05-08 16:25:00,9155.99,9166.0,9153.68,9159.95,56.77267
2018-05-08 16:30:00,9159.77,9159.82,9145.0,9155.0,27.593831
2018-05-08 16:35:00,9155.43,9165.0,9152.09,9156.33,30.010019
2018-05-08 16:40:00,9156.33,9158.99,9136.0,9145.0,60.996947
2018-05-08 16:45:00,9145.01,9150.0,9125.93,9143.0,93.169372
2018-05-08 16:50:00,9143.01,9149.0,9131.0,9138.0,40.915371
2018-05-08 16:55:00,9138.01,9140.01,9120.0,9135.0,99.467736
2018-05-08 17:00:00,9134.0,9155.94,9131.0,9133.02,52.905525
2018-05-08 17:05:00,9133.01,9158.82,9123.78,9143.0,53.370324
2018-05-08 17:10:00,9143.98,9150.0,9143.98,9149.99,25.118838
2018-05-08 17:15:00,9149.99,9172.37,9144.01,9168.15,78.568174
2018-05-08 17:20:00,9168.18,9168.29,9161.06,9168.29,24.833825
2018-05-08 17:25:00,9168.29,9181.0,9161.06,9161.06,86.173325
2018-05-08 17:30:00,9172.97,9172.99,9160.0,9165.03,42.89274
2018-05-08 17:35:00,9165.03,9170.9,9165.0,9166.98,25.449489
2018-05-08 17:40:00,9166.97,9168.95,9151.48,9154.04,32.981967
2018-05-08 17:45:00,9154.03,9165.86,9153.64,9159.0,32.287355
2018-05-08 17:50:00,9159.01,9163.67,9135.0,9140.0,87.536498
2018-05-08 17:55:00,9135.65,9145.21,9128.0,9136.93,73.121694
2018-05-08 18:00:00,9136.95,9160.0,9131.0,9131.73,56.310315
2018-05-08 18:05:00,9134.97,9135.0,9129.0,9130.98,52.285036
2018-05-08 18:10:00,9130.98,9130.99,9080.0,9094.55,272.392875
2018-05-08 18:15:00,9096.55,9160.0,9087.56,9152.67,265.265239
2018-05-08 18:20:00,9153.05,9177.46,9140.0,9174.93,179.00206
2018-05-08 18:25:00,9174.93,9200.0,9159.39,9199.0,204.799683
2018-05-08 18:30:00,9199.01,9235.04,9187.93,9232.53,199.709253
2018-05-08 18:35:00,9232.48,9259.23,9215.05,9225.03,174.694869
2018-05-08 18:40:00,9222.01,9238.98,9216.0,9230.0,42.14862
2018-05-08 18:45:00,9230.0,9233.09,9208.0,9223.0,67.949268
2018-05-08 18:50:00,9224.0,9248.99,9223.0,9229.0,71.089244
2018-05-08 18:55:00,9229.0,9237.11,9214.75,9217.0,66.780603
2018-05-08 19:00:00,9217.0,9242.94,9215.0,9237.51,44.11115
2018-05-08 19:05:00,9237.51,9261.1,9232.01,9258.65,45.909513
2018-05-08 19:10:00,9258.5,9267.0,9235.0,9249.67,110.9139
2018-05-08 19:15:00,9249.67,9249.71,9216.0,9216.37,47.182221
2018-05-08 19:20:00,9216.37,9247.81,9216.37,9231.01,47.912993
2018-05-08 19:25:00,9232.83,9242.94,9230.0,9235.47,47.906791
2018-05-08 19:30:00,9238.0,9256.91,9235.0,9253.0,50.578977
2018-05-08 19:35:00,9253.01,9256.76,9230.0,9234.51,116.185019
2018-05-08 19:40:00,9234.51,9244.0,9206.0,9210.6,65.103643
2018-05-08 19:45:00,9210.6,9237.81,9201.01,9231.43,50.584422
2018-05-08 19:50:00,9231.44,9271.0,9229.3,9245.13,85.49767
2018-05-08 19:55:00,9253.63,9260.0,9245.27,9255.01,45.72156
2018-05-08 20:00:00,9255.0,9255.0,9225.0,9239.0,75.388602
2018-05-08 20:05:00,9239.5,9257.0,9239.0,9249.93,28.449852
2018-05-08 20:10:00,9245.01,9249.93,9238.44,9243.58,30.982424
2018-05-08 20:15:00,9243.58,9250.0,9224.19,9234.83,72.923841
2018-05-08 20:20:00,9234.82,9238.44,9230.19,9230.19,27.730223
2018-05-08 20:25:00,9230.2,9230.2,9209.0,9210.96,101.521087
2018-05-08 20:30:00,9210.96,9225.97,9202.0,9219.86,94.527795
2018-05-08 20:35:00,9211.52,9230.81,9198.21,9223.99,74.907517
2018-05-08 20:40:00,9223.99,9233.0,9200.0,9202.15,52.245681
2018-05-08 20:45:00,9202.15,9202.15,9175.0,9180.05,96.154478
2018-05-08 20:50:00,9188.97,9198.33,9171.0,9171.99,58.211053
2018-05-08 20:55:00,9171.99,9177.84,9163.0,9163.0,65.672201
2018-05-08 21:00:00,9165.0,9199.24,9163.0,9179.0,100.361793
2018-05-08 21:05:00,9183.99,9190.0,9171.23,9182.14,44.723544
2018-05-08 21:10:00,9182.14,9194.93,9175.0,9190.0,37.572952
2018-05-08 21:15:00,9185.03,9185.03,9177.38,9177.38,47.058514
2018-05-08 21:20:00,9177.39,9189.14,9170.07,9189.14,37.116975
2018-05-08 21:25:00,9186.0,9225.59,9186.0,9210.0,49.973435
2018-05-08 21:30:00,9210.0,9215.79,9203.48,9205.01,23.133927
2018-05-08 21:35:00,9205.01,9220.0,9205.01,9210.79,33.412801
2018-05-08 21:40:00,9210.79,9234.99,9207.99,9227.0,70.412184
2018-05-08 21:45:00,9227.0,9247.01,9227.0,9236.48,56.373067
2018-05-08 21:50:00,9236.89,9238.0,9205.0,9216.44,56.822124
2018-05-08 21:55:00,9210.01,9216.38,9179.7,9190.0,80.32473
2018-05-08 22:00:00,9190.0,9230.0,9185.04,9220.09,68.03525
2018-05-08 22:05:00,9221.01,9229.0,9200.0,9212.72,60.694332
2018-05-08 22:10:00,9212.72,9225.96,9212.72,9225.95,53.034335
2018-05-08 22:15:00,9225.47,9232.69,9211.14,9219.0,35.533996
2018-05-08 22:20:00,9216.49,9220.0,9210.0,9218.92,100.664358
2018-05-08 22:25:00,9218.95,9240.0,9211.0,9239.9,41.856369
2018-05-08 22:30:00,9234.28,9240.0,9215.89,9218.13,45.814989
2018-05-08 22:35:00,9218.12,9229.14,9214.0,9226.0,38.462033
2018-05-08 22:40:00,9228.99,9230.0,9220.16,9228.13,36.416844
2018-05-08 22:45:00,9228.0,9250.32,9228.0,9231.01,76.974771
2018-05-08 22:50:00,9231.02,9236.77,9211.0,9211.0,38.333011
2018-05-08 22:55:00,9211.01,9231.46,9197.09,9199.02,83.516149
2018-05-08 23:00:00,9200.0,9216.79,9199.01,9207.0,52.361626
2018-05-08 23:05:00,9207.01,9229.22,9207.01,9229.0,73.0923
2018-05-08 23:10:00,9229.0,9254.0,9223.01,9239.76,73.992039
2018-05-08 23:15:00,9239.76,9249.0,9225.95,9235.96,59.193174
2018-05-08 23:20:00,9235.94,9239.65,9221.3,9225.0,19.20342
2018-05-08 23:25:00,9225.07,9234.97,9222.03,9230.09,18.394069
2018-05-08 23:30:00,9231.29,9240.0,9216.0,9240.0,29.197512
2018-05-08 23:35:00,9240.0,9250.0,9231.0,9231.05,55.523714
2018-05-08 23:40:00,9232.14,9250.0,9231.33,9239.85,22.853651
2018-05-08 23:45:00,9239.85,9246.56,9216.0,9216.0,60.951353
2018-05-08 23:50:00,9216.0,9219.0,9199.0,9209.5,59.288897
2018-05-08 23:55:00,9209.51,9219.66,9170.57,9187.56,84.850573
2018-05-09 00:00:00,9178.0,9199.0,9174.99,9174.99,40.569292
2018-05-09 00:05:00,9174.99,9174.99,9130.0,9169.0,279.280134
2018-05-09 00:10:00,9170.0,9174.06,9138.0,9144.0,71.324237
2018-05-09 00:15:00,9140.0,9145.0,9122.0,9130.0,77.253157
2018-05-09 00:20:00,9130.0,9138.01,9125.0,9129.99,69.56841
2018-05-09 00:25:00,9129.99,9149.11,9129.01,9138.69,177.682937
2018-05-09 00:30:00,9144.94,9181.84,9135.8,9172.14,118.072941
2018-05-09 00:35:00,9172.0,9172.89,9152.0,9152.01,54.360028
2018-05-09 00:40:00,9152.0,9152.01,9140.0,9148.01,64.731249
2018-05-09 00:45:00,9148.01,9155.7,9140.0,9145.06,55.487587
2018-05-09 00:50:00,9149.0,9149.0,9132.0,9135.37,66.846128
2018-05-09 00:55:00,9135.37,9135.37,9109.61,9123.99,104.960344
2018-05-09 01:00:00,9115.1,9153.6,9115.1,9144.76,41.934741
2018-05-09 01:05:00,9145.85,9155.0,9141.0,9153.69,26.791569
2018-05-09 01:10:00,9153.0,9163.0,9144.92,9163.0,60.028969
2018-05-09 01:15:00,9162.72,9166.97,9155.75,9163.91,83.289213
2018-05-09 01:20:00,9163.91,9172.68,9151.9,9172.68,80.201557
2018-05-09 01:25:00,9172.01,9174.89,9163.04,9164.99,67.559087
2018-05-09 01:30:00,9163.04,9172.98,9153.0,9164.99,54.606766
2018-05-09 01:35:00,9164.0,9165.0,9150.35,9159.6,46.365626
2018-05-09 01:40:00,9151.48,9159.61,9149.03,9149.03,49.530021
2018-05-09 01:45:00,9152.08,9162.23,9149.03,9162.23,38.181256
2018-05-09 01:50:00,9162.27,9170.0,9159.97,9169.2,59.045662
2018-05-09 01:55:00,9167.36,9175.0,9163.01,9166.0,58.483975
2018-05-09 02:00:00,9166.0,9177.54,9166.0,9177.53,55.336521
2018-05-09 02:05:00,9169.27,9177.52,9150.0,9168.69,85.465034
2018-05-09 02:10:00,9168.69,9173.99,9152.56,9169.99,117.925892
2018-05-09 02:15:00,9169.98,9169.99,9130.0,9145.6,73.882381
2018-05-09 02:20:00,9139.1,9139.1,9110.0,9111.03,94.886938
2018-05-09 02:25:00,9111.03,9141.99,9105.68,9119.99,109.794884
2018-05-09 02:30:00,9113.06,9120.0,9107.0,9107.0,71.340573
2018-05-09 02:35:00,9110.0,9111.59,9075.36,9078.58,299.219302
2018-05-09 02:40:00,9080.0,9108.72,9075.0,9100.0,162.371546
2018-05-09 02:45:00,9100.0,9100.35,9085.58,9088.54,129.416536
2018-05-09 02:50:00,9088.54,9090.26,9063.01,9069.79,161.437584
2018-05-09 02:55:00,9063.5,9097.0,9060.0,9066.0,213.076092
2018-05-09 03:00:00,9065.99,9077.39,9034.07,9041.0,260.731909
2018-05-09 03:05:00,9041.0,9049.58,8989.0,8990.91,546.466575
2018-05-09 03:10:00,8993.04,9050.06,8984.93,9020.0,377.705535
2018-05-09 03:15:00,9020.0,9030.0,8999.17,9030.0,275.829003
2018-05-09 03:20:00,9029.99,9057.15,9026.01,9038.0,172.177861
2018-05-09 03:25:00,9036.89,9038.0,9013.68,9036.88,133.315906
2018-05-09 03:30:00,9028.04,9055.0,9028.0,9054.97,109.058599
2018-05-09 03:35:00,9054.97,9073.98,9045.2,9063.46,133.833463
2018-05-09 03:40:00,9063.71,9075.23,9055.7,9069.9,101.294094
2018-05-09 03:45:00,9066.0,9069.9,9031.0,9031.0,112.67771
2018-05-09 03:50:00,9037.96,9037.97,9003.58,9021.01,304.684524
2018-05-09 03:55:00,9021.98,9035.0,9011.12,9032.08,141.943949
2018-05-09 04:00:00,9025.81,9036.37,8988.1,8999.96,189.152997
2018-05-09 04:05:00,8993.82,8999.95,8965.0,8973.0,325.257195
2018-05-09 04:10:00,8973.0,9032.98,8965.4,9000.0,315.801182
2018-05-09 04:15:00,9000.0,9039.99,8994.1,9037.87,148.692369
2018-05-09 04:20:00,9037.86,9040.0,8996.0,9024.0,193.017981
2018-05-09 04:25:00,9020.04,9024.0,9000.01,9004.0,79.636209
2018-05-09 04:30:00,9004.49,9038.2,9000.0,9025.86,142.920402
2018-05-09 04:35:00,9030.0,9039.0,9025.82,9038.01,68.393469
2018-05-09 04:40:00,9038.77,9055.02,9038.75,9051.39,89.987438
2018-05-09 04:45:00,9050.08,9072.0,9041.96,9069.99,112.622868
2018-05-09 04:50:00,9069.99,9074.0,9046.0,9066.96,153.674568
2018-05-09 04:55:00,9066.96,9089.65,9062.48,9085.71,62.86557
2018-05-09 05:00:00,9085.71,9099.0,9060.99,9061.0,155.262981
2018-05-09 05:05:00,9060.08,9060.08,9023.0,9030.16,181.627433
2018-05-09 05:10:00,9030.16,9056.49,9022.97,9053.0,99.096581
2018-05-09 05:15:00,9053.0,9053.0,9030.01,9037.35,65.300676
2018-05-09 05:20:00,9037.47,9083.18,9037.46,9072.0,113.868968
2018-05-09 05:25:00,9069.0,9071.51,9043.0,9065.0,64.726462
2018-05-09 05:30:00,9065.0,9066.19,9025.24,9050.26,102.310435
2018-05-09 05:35:00,9050.26,9059.9,9041.75,9048.01,62.917081
2018-05-09 05:40:00,9054.8,9055.0,9045.0,9047.0,51.426552
2018-05-09 05:45:00,9045.57,9054.98,9042.48,9052.38,45.408777
2018-05-09 05:50:00,9053.0,9074.9,9052.4,9066.93,66.019756
2018-05-09 05:55:00,9066.92,9073.72,9061.0,9070.0,83.560931
2018-05-09 06:00:00,9070.0,9099.0,9067.01,9088.2,130.789883
2018-05-09 06:05:00,9088.2,9088.28,9071.5,9073.02,80.699798
2018-05-09 06:10:00,9073.02,9089.09,9068.98,9088.99,58.59321
2018-05-09 06:15:00,9088.97,9092.44,9051.53,9051.54,75.788453
2018-05-09 06:20:00,9051.6,9075.0,9048.28,9072.11,88.97987
2018-05-09 06:25:00,9072.06,9074.81,9038.51,9041.14,115.57663
2018-05-09 06:30:00,9043.14,9070.0,9041.13,9060.0,68.486372
2018-05-09 06:35:00,9066.98,9072.0,9060.01,9072.0,89.128759
2018-05-09 06:40:00,9073.99,9073.99,9068.0,9070.01,46.812714
2018-05-09 06:45:00,9070.01,9085.0,9067.3,9079.98,41.990919
2018-05-09 06:50:00,9079.99,9080.0,9070.0,9072.0,36.625901
2018-05-09 06:55:00,9072.0,9096.98,9070.0,9092.0,39.301123
2018-05-09 07:00:00,9090.0,9093.64,9070.0,9075.0,79.209432
2018-05-09 07:05:00,9075.0,9095.0,9074.99,9088.1,103.310523
2018-05-09 07:10:00,9080.02,9096.97,9075.0,9080.0,27.278099
2018-05-09 07:15:00,9080.0,9098.0,9075.41,9085.01,42.484459
2018-05-09 07:20:00,9075.43,9095.78,9070.0,9075.0,40.44846
2018-05-09 07:25:00,9075.0,9088.89,9073.61,9079.91,46.477348
2018-05-09 07:30:00,9076.14,9082.07,9073.62,9082.07,41.164528
2018-05-09 07:35:00,9076.37,9090.0,9070.02,9076.16,36.494534
2018-05-09 07:40:00,9076.18,9090.0,9069.99,9077.14,66.30356
2018-05-09 07:45:00,9077.13,9079.12,9050.0,9050.0,38.737514
2018-05-09 07:50:00,9050.0,9061.48,9029.01,9037.01,76.528866
2018-05-09 07:55:00,9035.53,9043.84,9025.0,9033.12,70.435544
2018-05-09 08:00:00,9032.0,9052.0,9026.0,9045.0,76.695793
2018-05-09 08:05:00,9051.19,9060.0,9035.02,9059.85,55.484634
2018-05-09 08:10:00,9052.0,9080.04,9050.95,9070.0,58.773674
2018-05-09 08:15:00,9070.0,9088.01,9068.49,9076.06,84.319222
2018-05-09 08:20:00,9076.06,9119.99,9071.83,9097.0,124.809936
2018-05-09 08:25:00,9096.83,9110.0,9095.0,9105.0,80.979253
2018-05-09 08:30:00,9105.0,9138.8,9100.19,9134.27,144.769616
2018-05-09 08:35:00,9138.42,9138.44,9101.65,9107.0,154.181622
2018-05-09 08:40:00,9103.47,9131.0,9103.47,9125.0,92.876027
2018-05-09 08:45:00,9130.0,9141.97,9121.06,9134.13,70.108075
2018-05-09 08:50:00,9128.01,9142.28,9126.19,9140.94,46.278803
2018-05-09 08:55:00,9141.91,9141.95,9110.0,9112.24,97.008432
2018-05-09 09:00:00,9115.0,9130.31,9110.0,9124.99,50.816211
2018-05-09 09:05:00,9124.98,9128.39,9090.02,9094.01,65.911599
2018-05-09 09:10:00,9094.01,9106.09,9086.0,9100.03,51.423341
2018-05-09 09:15:00,9100.03,9120.0,9100.0,9120.0,32.392149
2018-05-09 09:20:00,9119.5,9137.57,9115.0,9126.0,57.589625
2018-05-09 09:25:00,9126.0,9130.0,9118.0,9121.0,44.648576
2018-05-09 09:30:00,9125.55,9125.99,9108.0,9111.07,73.553604
2018-05-09 09:35:00,9111.06,9133.1,9105.09,9132.0,51.640494
2018-05-09 09:40:00,9130.01,9140.0,9122.34,9125.03,58.015158
2018-05-09 09:45:00,9126.99,9151.04,9125.05,9150.58,102.086632
2018-05-09 09:50:00,9149.97,9151.04,9118.23,9120.43,84.336126
2018-05-09 09:55:00,9120.44,9135.0,9120.44,9123.0,85.630823
2018-05-09 10:00:00,9122.21,9134.0,9100.0,9120.07,94.106539
2018-05-09 10:05:00,9120.06,9125.0,9112.66,9115.0,64.939866
2018-05-09 10:10:00,9115.0,9115.0,9101.04,9112.01,66.955792
2018-05-09 10:15:00,9112.4,9112.83,9104.66,9111.0,47.477459
2018-05-09 10:20:00,9111.0,9115.0,9107.0,9110.0,48.101938
2018-05-09 10:25:00,9110.0,9143.33,9107.1,9135.93,122.58875
2018-05-09 10:30:00,9135.95,9141.65,9111.02,9129.0,58.086882
2018-05-09 10:35:00,9129.0,9140.0,9120.14,9132.95,71.108823
2018-05-09 10:40:00,9135.0,9160.0,9121.56,9153.02,132.060469
2018-05-09 10:45:00,9154.81,9159.16,9125.87,9158.91,86.943637
2018-05-09 10:50:00,9154.11,9169.7,9150.1,9165.96,100.542129
2018-05-09 10:55:00,9166.89,9224.0,9166.89,9213.4,255.945999
2018-05-09 11:00:00,9213.0,9221.45,9186.0,9190.0,130.019292
2018-05-09 11:05:00,9186.0,9232.03,9186.0,9225.97,146.861649
2018-05-09 11:10:00,9222.0,9234.98,9203.35,9234.89,134.194179
2018-05-09 11:15:00,9234.02,9239.0,9219.52,9238.99,117.061291
2018-05-09 11:20:00,9238.99,9256.91,9235.0,9256.0,165.819008
2018-05-09 11:25:00,9255.0,9272.0,9239.71,9240.0,212.330611
2018-05-09 11:30:00,9239.86,9250.0,9218.81,9233.0,165.058098
2018-05-09 11:35:00,9233.0,9248.0,9219.8,9235.05,123.283404
2018-05-09 11:40:00,9244.1,9245.48,9235.1,9244.49,49.723154
2018-05-09 11:45:00,9244.0,9244.5,9225.0,9229.1,52.760293
2018-05-09 11:50:00,9229.99,9239.11,9202.0,9235.0,94.210217
2018-05-09 11:55:00,9234.0,9262.5,9222.0,9258.13,92.085183
2018-05-09 12:00:00,9258.65,9338.0,9258.12,9328.22,330.018866
2018-05-09 12:05:00,9320.82,9329.16,9291.98,9299.51,137.939537
2018-05-09 12:10:00,9299.51,9310.0,9280.9,9285.0,99.82472
2018-05-09 12:15:00,9280.92,9297.01,9255.0,9269.0,166.247707
2018-05-09 12:20:00,9269.0,9292.5,9268.98,9278.9,125.923845
2018-05-09 12:25:00,9278.9,9299.91,9275.19,9296.57,101.102622
2018-05-09 12:30:00,9299.0,9308.13,9296.0,9299.99,119.407073
2018-05-09 12:35:00,9299.99,9307.11,9263.72,9275.03,144.343007
2018-05-09 12:40:00,9275.03,9286.23,9275.01,9286.18,36.430101
2018-05-09 12:45:00,9286.18,9294.5,9285.0,9294.02,59.42818
2018-05-09 12:50:00,9294.02,9301.0,9275.11,9277.0,90.468907
2018-05-09 12:55:00,9277.0,9289.0,9275.01,9277.05,63.32095
2018-05-09 13:00:00,9280.0,9280.0,9240.12,9250.0,131.348053
2018-05-09 13:05:00,9250.0,9278.56,9244.0,9269.97,86.656996
2018-05-09 13:10:00,9267.45,9284.41,9267.41,9278.01,42.664897
2018-05-09 13:15:00,9278.01,9279.0,9267.41,9275.0,42.60691
2018-05-09 13:20:00,9275.0,9292.49,9274.14,9287.99,57.847387
2018-05-09 13:25:00,9287.99,9299.43,9285.04,9295.1,118.105233
2018-05-09 13:30:00,9295.11,9311.0,9295.0,9300.01,96.978144
2018-05-09 13:35:00,9308.22,9311.0,9303.0,9304.02,41.125309
2018-05-09 13:40:00,9304.02,9310.98,9291.0,9301.09,88.835878
2018-05-09 13:45:00,9301.09,9305.4,9270.02,9278.92,117.283979
2018-05-09 13:50:00,9278.92,9279.98,9262.19,9270.0,72.10989
2018-05-09 13:55:00,9271.45,9280.11,9260.01,9276.0,54.583001
2018-05-09 14:00:00,9276.0,9285.0,9255.04,9256.0,69.775945
2018-05-09 14:05:00,9256.0,9265.87,9250.88,9264.51,91.10085
2018-05-09 14:10:00,9264.51,9280.0,9259.14,9262.25,61.072494
2018-05-09 14:15:00,9269.99,9281.0,9262.02,9281.0,36.592225
2018-05-09 14:20:00,9280.99,9302.0,9280.99,9286.0,97.348255
2018-05-09 14:25:00,9293.8,9295.0,9286.0,9293.0,45.089836
2018-05-09 14:30:00,9293.0,9294.99,9285.2,9285.51,109.769011
2018-05-09 14:35:00,9285.51,9286.0,9276.02,9280.81,38.562202
2018-05-09 14:40:00,9280.81,9287.0,9276.4,9287.0,46.649577
2018-05-09 14:45:00,9287.0,9302.0,9281.0,9299.4,86.362328
2018-05-09 14:50:00,9300.0,9310.0,9295.96,9299.95,116.648743
2018-05-09 14:55:00,9299.95,9316.7,9295.0,9316.7,89.555517
2018-05-09 15:00:00,9316.7,9325.81,9311.98,9325.8,182.285517
2018-05-09 15:05:00,9325.8,9333.74,9315.0,9315.01,89.472389
2018-05-09 15:10:00,9325.98,9325.99,9288.9,9290.0,64.66987
2018-05-09 15:15:00,9290.0,9308.14,9286.01,9296.0,67.618862
2018-05-09 15:20:00,9296.0,9300.99,9290.0,9291.37,53.883821
2018-05-09 15:25:00,9294.44,9311.75,9292.07,9308.14,30.98173
2018-05-09 15:30:00,9308.14,9330.64,9308.14,9322.01,96.158263
2018-05-09 15:35:00,9322.01,9325.0,9302.0,9307.86,103.210035
2018-05-09 15:40:00,9307.02,9314.97,9300.0,9314.74,69.936417
2018-05-09 15:45:00,9309.0,9320.0,9308.12,9310.65,49.399469
2018-05-09 15:50:00,9311.0,9321.09,9310.99,9314.0,43.83864
2018-05-09 15:55:00,9311.05,9314.06,9285.0,9290.0,45.36144
2018-05-09 16:00:00,9294.0,9299.99,9285.08,9289.0,50.578273
2018-05-09 16:05:00,9289.0,9300.67,9286.0,9296.98,66.338398
2018-05-09 16:10:00,9296.98,9305.7,9293.22,9304.92,59.239943
2018-05-09 16:15:00,9303.5,9309.99,9302.0,9309.99,34.143663
2018-05-09 16:20:00,9309.98,9318.94,9308.58,9318.82,60.18987
2018-05-09 16:25:00,9318.82,9318.95,9300.0,9308.99,42.334789
2018-05-09 16:30:00,9302.0,9310.0,9295.03,9304.49,45.861627
2018-05-09 16:35:00,9304.49,9305.55,9300.0,9303.0,34.535344
2018-05-09 16:40:00,9305.0,9311.78,9301.99,9311.73,39.633382
2018-05-09 16:45:00,9311.73,9330.0,9307.0,9322.0,67.395115
2018-05-09 16:50:00,9322.0,9331.25,9317.88,9321.55,90.57713
2018-05-09 16:55:00,9323.97,9325.0,9315.0,9317.0,61.461272
2018-05-09 17:00:00,9321.96,9333.0,9315.06,9332.75,51.167603
2018-05-09 17:05:00,9329.0,9390.0,9322.01,9366.03,339.183776
2018-05-09 17:10:00,9366.03,9390.0,9360.0,9370.1,147.888386
2018-05-09 17:15:00,9370.08,9385.13,9364.01,9378.0,92.590623
2018-05-09 17:20:00,9373.5,9378.06,9357.0,9362.19,84.22288
2018-05-09 17:25:00,9362.2,9370.0,9330.01,9352.4,111.276731
2018-05-09 17:30:00,9350.75,9359.0,9345.12,9352.0,93.252395
2018-05-09 17:35:00,9351.82,9353.99,9345.56,9346.63,63.500815
2018-05-09 17:40:00,9346.63,9346.63,9315.0,9333.0,103.378856
2018-05-09 17:45:00,9333.0,9345.0,9319.32,9338.76,108.331742
2018-05-09 17:50:00,9338.76,9345.0,9317.77,9320.0,39.110557
2018-05-09 17:55:00,9320.0,9326.0,9307.88,9322.0,57.704854
2018-05-09 18:00:00,9325.99,9330.98,9316.36,9328.0,40.873757
2018-05-09 18:05:00,9328.0,9333.0,9320.0,9320.0,52.529613
2018-05-09 18:10:00,9322.84,9326.03,9320.0,9325.0,31.99619
2018-05-09 18:15:00,9325.0,9349.0,9321.0,9347.0,70.557358
2018-05-09 18:20:00,9347.0,9361.14,9344.03,9350.4,128.161442
2018-05-09 18:25:00,9350.06,9358.98,9340.07,9340.08,96.577972
2018-05-09 18:30:00,9340.07,9346.55,9319.0,9321.95,43.992907
2018-05-09 18:35:00,9321.94,9324.0,9310.18,9312.02,36.224418
2018-05-09 18:40:00,9314.98,9318.0,9277.49,9284.34,143.014683
2018-05-09 18:45:00,9284.34,9301.99,9284.24,9296.4,62.806932
2018-05-09 18:50:00,9296.4,9308.53,9296.4,9301.0,71.497379
2018-05-09 18:55:00,9303.98,9303.99,9273.5,9288.88,100.43883
2018-05-09 19:00:00,9288.88,9307.13,9288.88,9300.06,44.917381
2018-05-09 19:05:00,9300.52,9308.58,9290.0,9295.99,41.272598
2018-05-09 19:10:00,9295.99,9300.0,9290.11,9295.42,42.031183
2018-05-09 19:15:00,9295.42,9300.0,9283.87,9283.87,57.828989
2018-05-09 19:20:00,9283.87,9284.75,9266.45,9268.74,114.339572
2018-05-09 19:25:00,9268.74,9290.59,9264.0,9283.01,67.330079
2018-05-09 19:30:00,9283.01,9283.01,9264.78,9280.09,72.081182
2018-05-09 19:35:00,9280.09,9305.0,9280.09,9301.8,72.708824
2018-05-09 19:40:00,9301.8,9310.0,9301.0,9308.8,42.670293
2018-05-09 19:45:00,9307.0,9312.77,9301.0,9301.0,60.46352
2018-05-09 19:50:00,9301.97,9307.99,9294.66,9305.0,42.571688
2018-05-09 19:55:00,9304.99,9305.0,9286.54,9289.25,53.981163
2018-05-09 20:00:00,9289.29,9300.97,9286.54,9300.67,85.491325
2018-05-09 20:05:00,9297.01,9307.99,9292.0,9307.0,73.899914
2018-05-09 20:10:00,9307.0,9315.9,9307.0,9315.9,44.736006
2018-05-09 20:15:00,9315.79,9321.0,9300.01,9300.03,71.214803
2018-05-09 20:20:00,9300.03,9312.14,9300.01,9305.0,25.947621
2018-05-09 20:25:00,9304.52,9305.0,9290.0,9300.0,37.285255
2018-05-09 20:30:00,9299.01,9300.0,9290.0,9291.98,24.529825
2018-05-09 20:35:00,9291.98,9299.89,9291.63,9299.89,30.266654
2018-05-09 20:40:00,9299.89,9309.0,9295.52,9301.41,24.58197
2018-05-09 20:45:00,9308.34,9309.0,9290.34,9298.33,67.799758
2018-05-09 20:50:00,9295.64,9298.68,9287.14,9290.0,78.030605
2018-05-09 20:55:00,9290.0,9290.0,9268.1,9269.99,79.43309
2018-05-09 21:00:00,9269.99,9276.9,9265.46,9270.99,57.583952
2018-05-09 21:05:00,9272.11,9277.86,9265.46,9267.03,47.731027
2018-05-09 21:10:00,9267.99,9268.29,9256.0,9260.99,65.878137
2018-05-09 21:15:00,9260.98,9270.97,9253.09,9269.82,87.64753
2018-05-09 21:20:00,9263.6,9269.99,9240.0,9241.01,110.06316
2018-05-09 21:25:00,9245.0,9257.0,9240.0,9251.01,56.689006
2018-05-09 21:30:00,9253.88,9260.0,9231.0,9254.81,80.922984
2018-05-09 21:35:00,9260.0,9268.43,9254.0,9259.0,35.758287
2018-05-09 21:40:00,9259.0,9278.52,9255.03,9278.48,33.722104
2018-05-09 21:45:00,9278.48,9278.48,9262.19,9268.01,39.810927
2018-05-09 21:50:00,9268.01,9275.05,9265.0,9273.68,36.520237
2018-05-09 21:55:00,9273.69,9273.69,9265.93,9273.69,43.556942
2018-05-09 22:00:00,9273.69,9283.69,9270.0,9278.0,39.388462
2018-05-09 22:05:00,9278.0,9283.99,9270.08,9277.0,37.372884
2018-05-09 22:10:00,9276.99,9292.79,9274.04,9292.79,62.786211
2018-05-09 22:15:00,9290.0,9320.0,9282.92,9283.99,113.484587
2018-05-09 22:20:00,9288.97,9318.18,9284.0,9314.99,110.760475
2018-05-09 22:25:00,9310.64,9340.0,9308.6,9339.97,129.20847
2018-05-09 22:30:00,9339.99,9344.0,9322.02,9340.0,111.545186
2018-05-09 22:35:00,9339.9,9342.93,9330.0,9336.01,70.330411
2018-05-09 22:40:00,9338.99,9338.99,9317.99,9324.98,60.183215
2018-05-09 22:45:00,9324.99,9338.0,9320.24,9337.96,33.69008
2018-05-09 22:50:00,9337.99,9340.0,9329.99,9335.01,55.88996
2018-05-09 22:55:00,9335.01,9340.0,9315.1,9319.32,49.833437
2018-05-09 23:00:00,9320.01,9330.0,9296.0,9310.04,121.582336
2018-05-09 23:05:00,9310.05,9317.88,9300.5,9307.99,49.014959
2018-05-09 23:10:00,9300.77,9331.21,9299.29,9315.01,34.922276
2018-05-09 23:15:00,9323.38,9324.31,9302.02,9320.94,18.750779
2018-05-09 23:20:00,9312.99,9322.54,9296.38,9314.92,76.698468
2018-05-09 23:25:00,9314.86,9315.0,9282.0,9300.0,63.998049
2018-05-09 23:30:00,9300.0,9301.02,9282.01,9291.0,40.090206
2018-05-09 23:35:00,9291.0,9296.21,9286.35,9290.0,31.457235
2018-05-09 23:40:00,9290.0,9300.0,9289.26,9299.65,35.646115
2018-05-09 23:45:00,9299.65,9315.0,9299.64,9312.72,33.275746
2018-05-09 23:50:00,9312.72,9324.31,9308.73,9318.0,47.079623
2018-05-09 23:55:00,9313.54,9322.45,9305.45,9310.0,80.907241
2018-05-10 00:00:00,9310.0,9339.95,9305.45,9338.99,58.186582
2018-05-10 00:05:00,9338.99,9341.98,9335.0,9337.0,69.942924
2018-05-10 00:10:00,9337.0,9337.25,9330.02,9333.73,45.536126
2018-05-10 00:15:00,9333.74,9372.11,9331.7,9345.02,320.862623
2018-05-10 00:20:00,9352.0,9370.0,9345.01,9361.87,69.518847
2018-05-10 00:25:00,9361.88,9376.0,9350.0,9350.0,187.111669
2018-05-10 00:30:00,9356.01,9372.25,9344.85,9356.34,83.531948
2018-05-10 00:35:00,9356.34,9369.0,9337.42,9346.27,118.309408
2018-05-10 00:40:00,9350.01,9371.59,9340.69,9343.82,105.654686
2018-05-10 00:45:00,9343.82,9346.0,9333.57,9335.01,69.018963
2018-05-10 00:50:00,9335.63,9341.0,9312.71,9340.0,109.380856
2018-05-10 00:55:00,9340.0,9344.97,9322.01,9323.2,52.374919
2018-05-10 01:00:00,9323.2,9343.81,9323.2,9334.71,63.775247
2018-05-10 01:05:00,9326.64,9352.93,9326.63,9346.44,50.765469
2018-05-10 01:10:00,9346.43,9355.0,9336.12,9344.0,48.652549
2018-05-10 01:15:00,9344.0,9358.6,9336.12,9354.61,58.280078
2018-05-10 01:20:00,9354.61,9358.59,9336.12,9347.87,113.071621
2018-05-10 01:25:00,9347.27,9364.99,9343.19,9351.42,85.471155
2018-05-10 01:30:00,9351.42,9359.32,9340.66,9350.0,62.867283
2018-05-10 01:35:00,9345.1,9350.0,9313.56,9329.34,105.482721
2018-05-10 01:40:00,9324.0,9337.0,9314.0,9335.67,41.035811
2018-05-10 01:45:00,9335.68,9338.0,9317.33,9317.38,50.531078
2018-05-10 01:50:00,9322.17,9322.17,9308.58,9314.0,60.253132
2018-05-10 01:55:00,9314.0,9318.0,9306.0,9318.0,50.139585
2018-05-10 02:00:00,9315.01,9325.73,9285.3,9298.43,65.891978
2018-05-10 02:05:00,9298.43,9303.36,9280.89,9281.78,80.22414
2018-05-10 02:10:00,9281.78,9299.0,9280.88,9288.01,75.811666
2018-05-10 02:15:00,9288.01,9300.0,9287.16,9293.68,53.491938
2018-05-10 02:20:00,9294.0,9325.89,9291.51,9325.0,55.615815
2018-05-10 02:25:00,9325.89,9327.14,9312.7,9313.05,68.32242
2018-05-10 02:30:00,9319.65,9322.01,9314.0,9321.01,58.776388
2018-05-10 02:35:00,9321.0,9321.01,9307.01,9307.73,89.679397
2018-05-10 02:40:00,9307.73,9326.0,9303.99,9318.02,49.356925
2018-05-10 02:45:00,9325.99,9330.0,9318.0,9325.98,38.210416
2018-05-10 02:50:00,9325.98,9329.82,9318.85,9329.5,67.801437
2018-05-10 02:55:00,9330.14,9338.0,9326.35,9337.98,79.106546
2018-05-10 03:00:00,9337.98,9349.71,9337.97,9342.01,125.875383
2018-05-10 03:05:00,9342.01,9345.98,9321.35,9323.2,70.449935
2018-05-10 03:10:00,9324.52,9333.0,9319.01,9328.0,35.166191
2018-05-10 03:15:00,9325.08,9333.0,9320.34,9326.0,60.628019
2018-05-10 03:20:00,9326.0,9326.0,9306.0,9320.0,64.700154
2018-05-10 03:25:00,9318.73,9320.0,9310.0,9312.07,56.281288
2018-05-10 03:30:00,9315.25,9321.0,9312.03,9320.79,42.617895
2018-05-10 03:35:00,9320.31,9335.0,9320.31,9333.99,60.37089
2018-05-10 03:40:00,9333.99,9345.73,9327.67,9336.0,70.843271
2018-05-10 03:45:00,9336.0,9339.01,9328.01,9330.14,50.944499
2018-05-10 03:50:00,9330.15,9338.8,9321.47,9328.36,60.550191
2018-05-10 03:55:00,9328.35,9345.62,9322.99,9344.89,92.212661
2018-05-10 04:00:00,9340.49,9345.7,9335.68,9339.2,40.502545
2018-05-10 04:05:00,9343.03,9345.0,9326.37,9344.0,52.513905
2018-05-10 04:10:00,9334.04,9346.0,9331.53,9333.17,68.311156
2018-05-10 04:15:00,9339.99,9350.0,9333.24,9344.8,47.77839
2018-05-10 04:20:00,9348.8,9366.27,9340.0,9362.0,62.487808
2018-05-10 04:25:00,9360.16,9376.0,9349.9,9358.0,173.960322
2018-05-10 04:30:00,9357.99,9359.9,9345.25,9349.02,44.317896
2018-05-10 04:35:00,9349.02,9359.35,9335.0,9358.0,67.159166
2018-05-10 04:40:00,9358.0,9371.79,9356.94,9356.94,65.387026
2018-05-10 04:45:00,9358.0,9361.99,9341.02,9354.9,47.918114
2018-05-10 04:50:00,9354.32,9354.99,9328.92,9340.0,47.253046
2018-05-10 04:55:00,9341.25,9356.9,9333.5,9350.0,48.964968
2018-05-10 05:00:00,9350.0,9357.0,9328.99,9345.0,56.892338
2018-05-10 05:05:00,9345.0,9348.98,9334.54,9345.03,27.637325
2018-05-10 05:10:00,9348.98,9360.0,9345.02,9358.89,34.655399
2018-05-10 05:15:00,9356.28,9371.0,9356.0,9366.31,78.798217
2018-05-10 05:20:00,9366.31,9374.09,9366.0,9366.32,45.631186
2018-05-10 05:25:00,9366.33,9373.05,9340.0,9365.0,107.655769
2018-05-10 05:30:00,9363.36,9366.98,9340.29,9350.0,55.7107
2018-05-10 05:35:00,9350.02,9362.55,9340.0,9360.01,39.5413
2018-05-10 05:40:00,9360.01,9362.81,9351.66,9356.84,26.64089
2018-05-10 05:45:00,9351.66,9362.0,9329.15,9329.15,43.200952
2018-05-10 05:50:00,9329.15,9335.66,9317.06,9323.06,67.107827
2018-05-10 05:55:00,9326.89,9326.89,9310.0,9310.0,69.649921
2018-05-10 06:00:00,9310.0,9337.82,9310.0,9334.01,57.552807
2018-05-10 06:05:00,9335.0,9335.0,9326.0,9327.23,54.483411
2018-05-10 06:10:00,9333.0,9340.0,9326.0,9339.82,42.434054
2018-05-10 06:15:00,9339.83,9345.11,9331.55,9335.0,41.404667
2018-05-10 06:20:00,9334.01,9335.0,9334.0,9334.99,34.683242
2018-05-10 06:25:00,9334.01,9334.36,9321.0,9321.99,34.330908
2018-05-10 06:30:00,9321.9,9322.0,9291.0,9291.0,91.023532
2018-05-10 06:35:00,9291.0,9298.64,9260.0,9264.96,313.841914
2018-05-10 06:40:00,9260.02,9291.96,9260.0,9275.64,84.36892
2018-05-10 06:45:00,9275.6,9288.99,9260.01,9275.51,63.925102
2018-05-10 06:50:00,9278.64,9289.17,9275.39,9287.08,40.117436
2018-05-10 06:55:00,9288.83,9292.17,9275.0,9292.17,66.169553
2018-05-10 07:00:00,9292.02,9318.86,9292.01,9312.0,51.348526
2018-05-10 07:05:00,9312.0,9316.99,9297.0,9311.99,71.31699
2018-05-10 07:10:00,9303.74,9323.98,9303.74,9321.97,58.91471
2018-05-10 07:15:00,9319.42,9323.8,9295.01,9304.0,48.800491
2018-05-10 07:20:00,9304.0,9309.44,9290.0,9302.02,47.171254
2018-05-10 07:25:00,9304.0,9309.44,9302.0,9305.98,46.659098
2018-05-10 07:30:00,9305.98,9324.99,9302.05,9323.4,49.454107
2018-05-10 07:35:00,9323.4,9335.0,9316.99,9331.0,58.759106
2018-05-10 07:40:00,9331.0,9347.44,9325.0,9332.0,104.333687
2018-05-10 07:45:00,9339.99,9365.0,9331.33,9360.0,210.369498
2018-05-10 07:50:00,9360.0,9389.7,9352.03,9380.94,213.807848
2018-05-10 07:55:00,9375.59,9385.88,9360.0,9369.0,161.199403
2018-05-10 08:00:00,9362.47,9382.99,9360.0,9368.72,149.200219
2018-05-10 08:05:00,9368.72,9378.35,9360.0,9364.0,105.506379
2018-05-10 08:10:00,9364.0,9370.0,9347.77,9363.01,140.620295
2018-05-10 08:15:00,9363.01,9370.0,9351.03,9359.38,50.853243
2018-05-10 08:20:00,9359.11,9370.0,9347.04,9359.15,91.226697
2018-05-10 08:25:00,9359.15,9379.0,9351.1,9371.72,77.302961
2018-05-10 08:30:00,9371.72,9377.95,9370.0,9373.9,37.455885
2018-05-10 08:35:00,9373.9,9377.99,9365.0,9369.69,64.819768
2018-05-10 08:40:00,9365.11,9370.01,9347.0,9350.0,114.545204
2018-05-10 08:45:00,9353.93,9355.0,9340.91,9353.79,82.078541
2018-05-10 08:50:00,9353.79,9353.79,9343.32,9352.79,38.978897
2018-05-10 08:55:00,9352.79,9366.45,9348.13,9354.08,39.275689
2018-05-10 09:00:00,9354.08,9354.08,9343.9,9348.14,47.783719
2018-05-10 09:05:00,9348.14,9353.95,9344.02,9352.0,42.446062
2018-05-10 09:10:00,9351.37,9354.08,9330.0,9333.74,63.571447
2018-05-10 09:15:00,9338.0,9348.14,9320.02,9346.37,65.076512
2018-05-10 09:20:00,9348.06,9348.13,9330.01,9343.41,48.816882
2018-05-10 09:25:00,9343.41,9356.46,9340.03,9351.59,45.061531
2018-05-10 09:30:00,9355.0,9359.78,9350.0,9350.0,49.739495
2018-05-10 09:35:00,9350.0,9355.01,9340.05,9353.53,54.538834
2018-05-10 09:40:00,9353.53,9353.99,9341.0,9348.39,49.363868
2018-05-10 09:45:00,9348.4,9355.67,9346.04,9352.61,74.090885
2018-05-10 09:50:00,9352.61,9359.11,9346.04,9352.0,99.421891
2018-05-10 09:55:00,9352.0,9355.0,9348.9,9349.98,62.330965
2018-05-10 10:00:00,9349.98,9352.0,9340.05,9340.51,77.428561
2018-05-10 10:05:00,9340.51,9343.6,9330.0,9330.01,50.421852
2018-05-10 10:10:00,9330.01,9335.0,9318.1,9332.97,86.923632
2018-05-10 10:15:00,9332.99,9348.5,9330.0,9339.83,70.756549
2018-05-10 10:20:00,9339.83,9348.48,9335.09,9348.44,54.800254
2018-05-10 10:25:00,9348.48,9350.0,9346.42,9348.66,37.575963
2018-05-10 10:30:00,9348.95,9370.0,9348.58,9370.0,63.962719
2018-05-10 10:35:00,9369.98,9374.0,9366.3,9373.0,75.840387
2018-05-10 10:40:00,9373.0,9379.0,9368.02,9374.6,60.799972
2018-05-10 10:45:00,9374.61,9385.04,9368.68,9384.71,86.23349
2018-05-10 10:50:00,9385.04,9395.12,9376.68,9376.68,84.607566
2018-05-10 10:55:00,9376.69,9383.35,9370.7,9379.99,44.310472
2018-05-10 11:00:00,9379.3,9379.99,9365.0,9378.0,60.728325
2018-05-10 11:05:00,9377.05,9378.0,9365.6,9374.74,60.233827
2018-05-10 11:10:00,9374.74,9381.0,9370.95,9371.0,48.395394
2018-05-10 11:15:00,9371.0,9373.79,9335.9,9351.53,73.586085
2018-05-10 11:20:00,9351.53,9363.44,9347.77,9349.74,66.500531
2018-05-10 11:25:00,9352.0,9352.0,9345.62,9347.37,48.975259
2018-05-10 11:30:00,9346.03,9347.38,9315.0,9332.0,99.245629
2018-05-10 11:35:00,9330.0,9351.67,9325.5,9345.24,69.225799
2018-05-10 11:40:00,9345.23,9356.53,9336.79,9344.0,61.215695
2018-05-10 11:45:00,9344.74,9352.75,9340.0,9342.0,42.899658
2018-05-10 11:50:00,9342.0,9349.99,9342.0,9348.92,37.25512
2018-05-10 11:55:00,9348.92,9354.82,9342.58,9344.0,52.437211
2018-05-10 12:00:00,9344.0,9353.6,9334.0,9334.0,67.053794
2018-05-10 12:05:00,9335.97,9356.49,9323.0,9350.0,70.388925
2018-05-10 12:10:00,9350.0,9354.97,9335.78,9344.39,89.943948
2018-05-10 12:15:00,9344.93,9352.59,9338.16,9344.02,37.923781
2018-05-10 12:20:00,9344.02,9350.0,9338.21,9343.99,30.479284
2018-05-10 12:25:00,9343.99,9357.0,9343.96,9354.3,50.188264
2018-05-10 12:30:00,9352.15,9360.8,9350.61,9350.61,59.719552
2018-05-10 12:35:00,9350.61,9355.77,9350.0,9350.01,40.228547
2018-05-10 12:40:00,9353.0,9364.2,9350.48,9358.01,34.979625
2018-05-10 12:45:00,9358.01,9369.9,9357.0,9358.3,45.913959
2018-05-10 12:50:00,9358.3,9365.5,9358.15,9365.0,77.458168
2018-05-10 12:55:00,9365.0,9365.5,9358.4,9360.04,46.343649
2018-05-10 13:00:00,9358.4,9360.04,9344.0,9345.0,112.419951
2018-05-10 13:05:00,9345.0,9345.0,9340.92,9342.98,32.886586
2018-05-10 13:10:00,9343.0,9365.0,9343.0,9363.84,30.489392
2018-05-10 13:15:00,9363.84,9395.0,9360.42,9392.5,153.798543
2018-05-10 13:20:00,9392.5,9394.99,9380.0,9381.03,89.481364
2018-05-10 13:25:00,9381.08,9388.0,9369.73,9380.0,133.197185
2018-05-10 13:30:00,9380.0,9386.0,9378.83,9384.49,54.028671
2018-05-10 13:35:00,9384.48,9390.0,9376.01,9383.0,71.190644
2018-05-10 13:40:00,9383.0,9389.99,9377.05,9381.0,63.700096
2018-05-10 13:45:00,9382.0,9384.86,9363.34,9383.0,137.096863
2018-05-10 13:50:00,9380.0,9383.0,9370.63,9373.55,84.308882
2018-05-10 13:55:00,9373.55,9392.9,9371.04,9389.8,95.876565
2018-05-10 14:00:00,9389.6,9389.6,9370.0,9372.31,70.161277
2018-05-10 14:05:00,9372.31,9374.0,9342.0,9358.8,150.126308
2018-05-10 14:10:00,9358.75,9360.09,9350.12,9353.0,54.576137
2018-05-10 14:15:00,9353.0,9359.99,9350.0,9358.65,53.961416
2018-05-10 14:20:00,9354.96,9360.09,9351.11,9357.66,48.154043
2018-05-10 14:25:00,9353.01,9369.06,9353.0,9361.01,53.22423
2018-05-10 14:30:00,9360.0,9369.03,9351.65,9351.66,64.131672
2018-05-10 14:35:00,9351.79,9358.67,9335.0,9353.97,97.286627
2018-05-10 14:40:00,9350.01,9359.33,9346.52,9353.01,55.917874
2018-05-10 14:45:00,9353.01,9360.0,9346.0,9358.99,85.205913
2018-05-10 14:50:00,9358.0,9360.05,9335.2,9359.01,49.111107
2018-05-10 14:55:00,9359.01,9360.05,9335.0,9340.0,81.437232
2018-05-10 15:00:00,9340.0,9343.93,9328.3,9329.99,68.79659
2018-05-10 15:05:00,9329.99,9350.88,9329.64,9343.17,46.138591
2018-05-10 15:10:00,9343.0,9358.9,9343.0,9349.62,65.584302
2018-05-10 15:15:00,9349.61,9360.03,9344.01,9360.01,36.990975
2018-05-10 15:20:00,9360.01,9372.0,9351.01,9353.14,67.244694
2018-05-10 15:25:00,9353.14,9363.7,9351.92,9356.99,28.088408
2018-05-10 15:30:00,9356.99,9362.61,9345.11,9348.0,53.179969
2018-05-10 15:35:00,9357.38,9363.5,9347.56,9355.0,72.844435
2018-05-10 15:40:00,9355.0,9360.0,9346.42,9352.93,82.78242
2018-05-10 15:45:00,9352.93,9352.93,9346.0,9346.0,29.201232
2018-05-10 15:50:00,9345.0,9365.0,9345.0,9360.51,75.829009
2018-05-10 15:55:00,9360.0,9360.0,9348.01,9350.0,40.643862
2018-05-10 16:00:00,9350.04,9368.43,9348.53,9368.43,47.433846
2018-05-10 16:05:00,9368.43,9370.06,9356.5,9356.52,58.246261
2018-05-10 16:10:00,9356.91,9368.97,9350.0,9363.07,52.873227
2018-05-10 16:15:00,9363.07,9373.0,9360.16,9365.02,64.131596
2018-05-10 16:20:00,9365.04,9380.86,9365.04,9378.63,70.586305
2018-05-10 16:25:00,9378.62,9378.64,9365.02,9370.99,50.962888
2018-05-10 16:30:00,9370.99,9373.0,9366.8,9366.8,39.56566
2018-05-10 16:35:00,9368.39,9370.0,9362.0,9366.0,31.937164
2018-05-10 16:40:00,9368.0,9371.18,9362.05,9364.0,43.809192
2018-05-10 16:45:00,9362.08,9378.61,9362.05,9375.5,34.280227
2018-05-10 16:50:00,9375.5,9379.0,9363.05,9366.01,40.705463
2018-05-10 16:55:00,9372.6,9376.21,9362.05,9373.71,59.0556
2018-05-10 17:00:00,9373.0,9376.7,9365.0,9368.17,41.537672
2018-05-10 17:05:00,9368.17,9375.0,9332.0,9339.98,104.470643
2018-05-10 17:10:00,9339.98,9340.0,9200.0,9235.03,545.485227
2018-05-10 17:15:00,9244.95,9248.05,9158.0,9170.0,626.865932
2018-05-10 17:20:00,9169.97,9190.0,9128.33,9167.01,453.79141
2018-05-10 17:25:00,9167.01,9207.99,9150.0,9152.7,375.95974
2018-05-10 17:30:00,9155.37,9170.0,9090.0,9149.44,392.740704
2018-05-10 17:35:00,9153.34,9189.0,9134.0,9146.99,214.961193
2018-05-10 17:40:00,9146.99,9165.11,9095.0,9125.57,197.892663
2018-05-10 17:45:00,9122.16,9155.0,9103.01,9128.78,144.957991
2018-05-10 17:50:00,9128.76,9176.55,9116.52,9151.61,167.03126
2018-05-10 17:55:00,9151.61,9174.97,9148.9,9157.55,132.168416
2018-05-10 18:00:00,9159.55,9159.97,9126.0,9130.0,82.824885
2018-05-10 18:05:00,9130.0,9130.0,9071.74,9089.22,403.544649
2018-05-10 18:10:00,9092.0,9141.91,9077.82,9094.0,247.670711
2018-05-10 18:15:00,9093.99,9115.98,9065.0,9097.0,263.5454
2018-05-10 18:20:00,9099.89,9133.36,9081.8,9130.0,123.90087
2018-05-10 18:25:00,9130.0,9138.46,9108.62,9117.0,82.485773
2018-05-10 18:30:00,9117.0,9128.81,9104.24,9110.0,91.127585
2018-05-10 18:35:00,9107.32,9144.99,9107.32,9144.98,116.300526
2018-05-10 18:40:00,9139.99,9153.59,9128.0,9152.68,57.61948
2018-05-10 18:45:00,9152.68,9168.64,9140.0,9142.83,104.99096
2018-05-10 18:50:00,9142.83,9147.04,9104.0,9120.0,81.262744
2018-05-10 18:55:00,9120.0,9130.0,9102.0,9130.0,77.962998
2018-05-10 19:00:00,9129.99,9134.98,9105.0,9113.9,63.971188
2018-05-10 19:05:00,9105.28,9119.99,9097.31,9117.0,98.536805
2018-05-10 19:10:00,9117.0,9120.0,9101.0,9109.74,51.648932
2018-05-10 19:15:00,9110.75,9116.97,9070.4,9070.7,146.205638
2018-05-10 19:20:00,9070.7,9100.0,9052.96,9100.0,147.224782
2018-05-10 19:25:00,9100.0,9109.95,9097.0,9100.02,66.931287
2018-05-10 19:30:00,9105.0,9119.76,9077.91,9099.97,105.507903
2018-05-10 19:35:00,9099.97,9122.38,9097.29,9119.99,50.622337
2018-05-10 19:40:00,9119.99,9122.94,9100.73,9115.01,81.430241
2018-05-10 19:45:00,9118.86,9118.87,9083.0,9100.84,55.510731
2018-05-10 19:50:00,9100.01,9100.84,9079.8,9089.98,71.111937
2018-05-10 19:55:00,9089.97,9097.96,9055.0,9085.0,100.085424
2018-05-10 20:00:00,9085.0,9088.0,9053.68,9074.98,214.327891
2018-05-10 20:05:00,9074.97,9074.98,9050.0,9053.1,194.588498
2018-05-10 20:10:00,9053.1,9091.99,9041.0,9089.99,141.548749
2018-05-10 20:15:00,9084.32,9100.39,9084.32,9095.98,108.42958
2018-05-10 20:20:00,9095.98,9095.98,9072.2,9082.0,97.829178
2018-05-10 20:25:00,9081.02,9087.07,9061.0,9065.0,93.861956
2018-05-10 20:30:00,9065.0,9089.03,9061.0,9082.28,89.653187
2018-05-10 20:35:00,9082.27,9100.0,9078.66,9095.01,112.784756
2018-05-10 20:40:00,9095.0,9097.09,9065.7,9074.9,71.159294
2018-05-10 20:45:00,9074.48,9078.0,9060.31,9078.0,132.524208
2018-05-10 20:50:00,9079.99,9095.0,9069.0,9090.0,39.432814
2018-05-10 20:55:00,9087.0,9091.99,9073.57,9078.89,63.168586
2018-05-10 21:00:00,9078.89,9086.09,9070.01,9084.95,67.842256
2018-05-10 21:05:00,9084.95,9092.0,9072.45,9089.15,42.201586
2018-05-10 21:10:00,9089.24,9108.99,9079.31,9104.99,85.618031
2018-05-10 21:15:00,9104.99,9105.0,9090.98,9097.01,81.682078
2018-05-10 21:20:00,9097.0,9127.0,9090.97,9125.97,95.370757
2018-05-10 21:25:00,9120.0,9131.0,9115.0,9125.0,62.357763
2018-05-10 21:30:00,9125.0,9125.0,9110.0,9118.99,47.343763
2018-05-10 21:35:00,9112.41,9120.0,9110.01,9115.01,36.947272
2018-05-10 21:40:00,9115.01,9115.01,9090.0,9100.0,80.105403
2018-05-10 21:45:00,9100.0,9115.01,9091.0,9109.0,53.178403
2018-05-10 21:50:00,9109.0,9113.98,9091.02,9102.47,43.249814
2018-05-10 21:55:00,9102.47,9102.48,9090.0,9097.0,48.980624
2018-05-10 22:00:00,9097.0,9105.47,9089.99,9102.02,57.21913
2018-05-10 22:05:00,9102.02,9102.79,9082.29,9089.73,45.344747
2018-05-10 22:10:00,9089.73,9093.0,9078.98,9078.98,61.347156
2018-05-10 22:15:00,9080.01,9081.37,9052.0,9067.49,80.402197
2018-05-10 22:20:00,9067.49,9093.98,9060.07,9078.95,69.502953
2018-05-10 22:25:00,9075.88,9081.14,9039.9,9048.0,145.164433
2018-05-10 22:30:00,9048.0,9085.0,9038.0,9070.0,109.415741
2018-05-10 22:35:00,9070.0,9090.0,9064.0,9075.41,99.941461
2018-05-10 22:40:00,9075.4,9088.0,9063.47,9087.0,50.99524
2018-05-10 22:45:00,9086.96,9088.99,9080.96,9084.09,42.289779
2018-05-10 22:50:00,9085.0,9099.85,9084.09,9098.79,34.329471
2018-05-10 22:55:00,9097.8,9099.98,9088.05,9089.99,39.054498
2018-05-10 23:00:00,9090.0,9096.79,9079.02,9083.99,28.747656
2018-05-10 23:05:00,9079.02,9086.45,9058.46,9063.49,60.127174
2018-05-10 23:10:00,9063.49,9075.57,9050.6,9074.97,84.033578
2018-05-10 23:15:00,9065.15,9090.0,9065.15,9088.48,35.746399
2018-05-10 23:20:00,9090.0,9091.99,9072.36,9080.05,42.169207
2018-05-10 23:25:00,9084.47,9084.47,9070.64,9079.84,31.142847
2018-05-10 23:30:00,9079.84,9079.84,9045.0,9053.0,91.61486
2018-05-10 23:35:00,9053.0,9059.99,8970.0,8997.98,533.822646
2018-05-10 23:40:00,9015.05,9024.98,8980.11,9000.0,269.645726
2018-05-10 23:45:00,9000.0,9048.99,8977.48,9029.81,344.46564
2018-05-10 23:50:00,9022.0,9031.1,8989.58,9000.0,169.159814
2018-05-10 23:55:00,8995.19,9013.33,8994.0,9002.2,94.709319
2018-05-11 00:00:00,9002.21,9006.99,8881.3,8900.53,691.654928
2018-05-11 00:05:00,8900.53,8914.52,8850.99,8870.0,659.455864
2018-05-11 00:10:00,8870.0,8909.98,8850.0,8892.99,380.88233
2018-05-11 00:15:00,8892.99,8907.0,8869.0,8900.0,208.472795
2018-05-11 00:20:00,8895.0,8931.2,8888.69,8900.0,251.995293
2018-05-11 00:25:00,8890.61,8908.57,8864.0,8881.98,153.349697
2018-05-11 00:30:00,8881.98,8900.0,8863.99,8890.32,157.852247
2018-05-11 00:35:00,8888.72,8905.0,8888.72,8890.05,115.069638
2018-05-11 00:40:00,8895.46,8900.0,8890.0,8898.99,66.553055
2018-05-11 00:45:00,8897.28,8907.27,8895.58,8906.84,107.61412
2018-05-11 00:50:00,8901.01,8967.57,8898.99,8938.22,348.727016
2018-05-11 00:55:00,8935.0,8952.66,8927.79,8930.0,99.267891
2018-05-11 01:00:00,8932.82,8940.71,8890.5,8904.57,174.48605
2018-05-11 01:05:00,8904.57,8934.8,8894.03,8909.49,168.218512
2018-05-11 01:10:00,8910.46,8959.0,8910.46,8951.0,98.307684
2018-05-11 01:15:00,8951.01,8951.25,8935.0,8939.99,86.49336
2018-05-11 01:20:00,8939.99,8969.94,8936.0,8960.0,102.441008
2018-05-11 01:25:00,8960.0,8961.8,8935.35,8938.02,90.80312
2018-05-11 01:30:00,8938.02,8955.93,8935.79,8949.15,41.133457
2018-05-11 01:35:00,8950.0,8956.23,8946.01,8949.98,61.108234
2018-05-11 01:40:00,8947.0,8954.63,8936.0,8940.1,83.995653
2018-05-11 01:45:00,8940.1,8941.17,8911.04,8915.0,80.983048
2018-05-11 01:50:00,8915.0,8930.0,8901.13,8920.0,111.656317
2018-05-11 01:55:00,8923.58,8923.58,8906.83,8919.99,89.712122
2018-05-11 02:00:00,8919.99,8941.16,8918.27,8936.0,76.96195
2018-05-11 02:05:00,8936.0,8949.99,8932.99,8932.99,130.292162
2018-05-11 02:10:00,8932.7,8945.0,8925.0,8940.67,88.542445
2018-05-11 02:15:00,8940.69,8950.0,8933.08,8938.68,84.315419
2018-05-11 02:20:00,8938.68,8946.29,8932.7,8938.06,85.432367
2018-05-11 02:25:00,8938.06,8950.43,8938.0,8950.43,75.412292
2018-05-11 02:30:00,8950.44,8961.0,8945.72,8955.53,159.455693
2018-05-11 02:35:00,8955.01,8955.53,8935.01,8938.37,77.727567
2018-05-11 02:40:00,8938.37,8942.01,8917.99,8924.92,73.562429
2018-05-11 02:45:00,8924.92,8939.64,8917.0,8923.83,87.987939
2018-05-11 02:50:00,8923.83,8926.0,8905.02,8909.93,73.673803
2018-05-11 02:55:00,8909.93,8913.82,8890.51,8905.19,160.489751
2018-05-11 03:00:00,8905.19,8921.0,8891.53,8920.94,99.624983
2018-05-11 03:05:00,8920.0,8929.99,8913.09,8924.97,75.85471
2018-05-11 03:10:00,8924.97,8936.88,8924.73,8935.0,56.933185
2018-05-11 03:15:00,8935.86,8936.08,8925.38,8926.0,33.675095
2018-05-11 03:20:00,8926.0,8933.83,8916.09,8930.99,67.1841
2018-05-11 03:25:00,8927.83,8936.68,8925.02,8936.68,33.726656
2018-05-11 03:30:00,8936.7,8940.0,8929.98,8939.47,39.702265
2018-05-11 03:35:00,8939.47,8940.0,8933.0,8933.01,29.739969
2018-05-11 03:40:00,8938.24,8938.99,8916.0,8930.0,31.478455
2018-05-11 03:45:00,8930.0,8930.0,8913.01,8921.99,94.169809
2018-05-11 03:50:00,8921.98,8923.99,8915.0,8921.98,39.69039
2018-05-11 03:55:00,8921.98,8922.49,8915.49,8918.86,51.872727
2018-05-11 04:00:00,8916.23,8932.75,8916.02,8929.98,56.029878
2018-05-11 04:05:00,8925.51,8942.0,8920.06,8941.0,49.4019
2018-05-11 04:10:00,8942.0,8944.9,8929.99,8930.0,96.841248
2018-05-11 04:15:00,8930.0,8934.95,8925.0,8932.0,45.053229
2018-05-11 04:20:00,8932.0,8945.0,8928.73,8940.0,74.625078
2018-05-11 04:25:00,8940.0,8945.0,8935.28,8943.69,51.797065
2018-05-11 04:30:00,8943.69,8944.99,8935.61,8939.01,36.062735
2018-05-11 04:35:00,8939.03,8950.0,8939.03,8945.71,51.799951
2018-05-11 04:40:00,8945.71,8955.98,8945.01,8955.01,51.615608
2018-05-11 04:45:00,8955.01,8968.85,8945.01,8965.0,49.619128
2018-05-11 04:50:00,8966.0,8973.23,8952.05,8970.0,138.333018
2018-05-11 04:55:00,8970.0,8970.0,8946.01,8951.55,123.64598
2018-05-11 05:00:00,8949.27,8960.22,8945.0,8958.42,50.467447
2018-05-11 05:05:00,8960.22,8974.0,8958.42,8974.0,64.831598
2018-05-11 05:10:00,8973.66,8993.62,8960.85,8967.94,135.875674
2018-05-11 05:15:00,8967.94,8975.65,8960.24,8970.97,59.688537
2018-05-11 05:20:00,8970.99,8987.88,8963.77,8980.01,199.264833
2018-05-11 05:25:00,8980.01,8988.02,8971.92,8980.01,49.292999
2018-05-11 05:30:00,8987.0,8988.0,8980.13,8987.0,41.474131
2018-05-11 05:35:00,8985.13,9009.19,8985.0,9007.82,97.025895
2018-05-11 05:40:00,9007.82,9009.19,9003.12,9006.99,66.352205
2018-05-11 05:45:00,9006.98,9007.83,8970.0,8983.6,78.430006
2018-05-11 05:50:00,8983.61,8999.0,8975.0,8996.43,83.148663
2018-05-11 05:55:00,8996.0,9016.8,8984.82,9007.19,53.830062
2018-05-11 06:00:00,9005.07,9010.11,8981.15,8991.04,69.817834
2018-05-11 06:05:00,8992.66,8992.66,8980.64,8990.0,58.913656
2018-05-11 06:10:00,8989.99,8998.0,8986.0,8994.0,36.644336
2018-05-11 06:15:00,8994.03,8995.87,8966.0,8970.72,77.262788
2018-05-11 06:20:00,8973.0,8983.5,8966.02,8977.02,45.417058
2018-05-11 06:25:00,8977.02,8982.24,8965.0,8970.07,37.806869
2018-05-11 06:30:00,8970.07,8975.97,8920.0,8934.93,291.381321
2018-05-11 06:35:00,8934.93,8940.99,8865.61,8869.51,376.045977
2018-05-11 06:40:00,8869.51,8907.45,8850.0,8880.0,616.955129
2018-05-11 06:45:00,8885.45,8885.6,8865.0,8876.99,165.262403
2018-05-11 06:50:00,8876.06,8877.0,8852.0,8860.81,215.525413
2018-05-11 06:55:00,8854.0,8861.0,8801.0,8809.62,780.070817
2018-05-11 07:00:00,8805.01,8830.0,8769.89,8781.0,676.133667
2018-05-11 07:05:00,8781.0,8858.9,8780.0,8845.04,389.302635
2018-05-11 07:10:00,8843.0,8845.03,8800.0,8800.0,342.701629
2018-05-11 07:15:00,8795.0,8824.94,8789.02,8795.13,253.025328
2018-05-11 07:20:00,8800.0,8801.0,8756.0,8765.0,417.738353
2018-05-11 07:25:00,8765.0,8765.0,8702.0,8702.0,714.442296
2018-05-11 07:30:00,8703.0,8763.99,8689.11,8751.02,756.142727
2018-05-11 07:35:00,8754.02,8756.0,8721.0,8728.0,443.810347
2018-05-11 07:40:00,8728.0,8734.0,8690.0,8695.0,437.747212
2018-05-11 07:45:00,8695.0,8699.0,8670.2,8687.12,491.862363
2018-05-11 07:50:00,8687.12,8758.97,8687.1,8748.57,492.277017
2018-05-11 07:55:00,8748.57,8763.99,8708.0,8723.0,381.879771
2018-05-11 08:00:00,8710.34,8764.93,8700.5,8764.93,330.617399
2018-05-11 08:05:00,8764.93,8824.9,8756.0,8760.0,500.832895
2018-05-11 08:10:00,8760.0,8769.98,8742.0,8761.0,313.599591
2018-05-11 08:15:00,8760.07,8820.0,8757.14,8811.0,375.063033
2018-05-11 08:20:00,8811.0,8831.0,8790.09,8798.0,384.626285
2018-05-11 08:25:00,8800.0,8802.17,8769.98,8795.59,221.934039
2018-05-11 08:30:00,8795.59,8826.34,8787.14,8819.01,254.182355
2018-05-11 08:35:00,8819.01,8828.0,8802.64,8807.99,215.065624
2018-05-11 08:40:00,8807.99,8807.99,8766.5,8776.57,190.269084
2018-05-11 08:45:00,8776.57,8779.9,8742.18,8768.0,226.336597
2018-05-11 08:50:00,8765.48,8802.73,8731.9,8761.22,212.293535
2018-05-11 08:55:00,8768.0,8797.0,8753.64,8790.0,111.578786
2018-05-11 09:00:00,8791.58,8792.9,8736.86,8750.0,158.917492
2018-05-11 09:05:00,8754.95,8774.6,8742.0,8760.0,132.143291
2018-05-11 09:10:00,8759.6,8774.99,8749.27,8769.71,144.902839
2018-05-11 09:15:00,8769.71,8781.66,8729.92,8758.25,210.954676
2018-05-11 09:20:00,8747.2,8762.98,8729.72,8742.57,227.226524
2018-05-11 09:25:00,8742.56,8745.86,8725.75,8733.0,136.742293
2018-05-11 09:30:00,8733.0,8735.05,8693.13,8698.86,332.338073
2018-05-11 09:35:00,8695.01,8709.5,8663.1,8670.87,455.530705
2018-05-11 09:40:00,8672.98,8720.15,8663.0,8712.95,251.368034
2018-05-11 09:45:00,8706.02,8721.0,8671.5,8714.0,185.491105
2018-05-11 09:50:00,8715.7,8744.17,8710.0,8724.18,189.944281
2018-05-11 09:55:00,8720.0,8727.16,8710.0,8722.82,155.616859
2018-05-11 10:00:00,8725.69,8781.01,8725.69,8758.0,217.417987
2018-05-11 10:05:00,8754.6,8767.73,8748.22,8750.0,155.619155
2018-05-11 10:10:00,8749.99,8750.0,8721.01,8729.98,95.742349
2018-05-11 10:15:00,8729.98,8760.01,8715.0,8754.04,172.801525
2018-05-11 10:20:00,8761.0,8765.02,8725.88,8739.76,73.660851
2018-05-11 10:25:00,8739.99,8760.0,8734.23,8755.98,64.746745
2018-05-11 10:30:00,8755.98,8769.99,8734.0,8739.99,119.812332
2018-05-11 10:35:00,8736.0,8765.0,8718.0,8753.0,149.985822
2018-05-11 10:40:00,8753.01,8753.01,8720.04,8729.98,150.910371
2018-05-11 10:45:00,8729.96,8748.0,8727.0,8733.39,94.314353
2018-05-11 10:50:00,8731.05,8737.69,8712.01,8717.62,99.1497
2018-05-11 10:55:00,8712.05,8728.56,8687.3,8717.24,235.385563
2018-05-11 11:00:00,8715.84,8733.72,8708.01,8731.99,57.809862
2018-05-11 11:05:00,8732.01,8739.0,8710.48,8710.48,91.840169
2018-05-11 11:10:00,8710.49,8710.49,8668.46,8700.0,236.074886
2018-05-11 11:15:00,8700.62,8709.79,8665.0,8685.97,202.461457
2018-05-11 11:20:00,8685.97,8710.0,8669.0,8683.01,247.809583
2018-05-11 11:25:00,8683.01,8720.0,8680.99,8708.54,144.077374
2018-05-11 11:30:00,8708.54,8719.99,8697.0,8699.0,151.164978
2018-05-11 11:35:00,8699.0,8709.87,8696.97,8707.16,109.581376
2018-05-11 11:40:00,8708.94,8708.94,8668.0,8668.04,174.772577
2018-05-11 11:45:00,8668.04,8689.0,8655.0,8655.03,247.283059
2018-05-11 11:50:00,8659.99,8660.99,8601.1,8624.99,621.684169
2018-05-11 11:55:00,8618.01,8627.0,8582.5,8594.98,473.042221
2018-05-11 12:00:00,8594.98,8597.0,8523.87,8539.85,679.160729
2018-05-11 12:05:00,8539.0,8575.21,8512.18,8512.5,355.668392
2018-05-11 12:10:00,8512.5,8514.0,8470.0,8495.99,622.848753
2018-05-11 12:15:00,8482.06,8495.62,8462.0,8469.9,323.990824
2018-05-11 12:20:00,8468.04,8536.82,8467.5,8505.0,465.614711
2018-05-11 12:25:00,8505.0,8525.72,8478.0,8524.96,259.233727
2018-05-11 12:30:00,8510.03,8565.0,8495.0,8555.0,284.52812
2018-05-11 12:35:00,8560.99,8581.97,8545.0,8550.0,310.70828
2018-05-11 12:40:00,8550.0,8576.75,8533.8,8539.01,211.536914
2018-05-11 12:45:00,8545.78,8550.0,8490.0,8535.99,244.877338
2018-05-11 12:50:00,8536.0,8537.0,8483.56,8495.07,196.444492
2018-05-11 12:55:00,8498.8,8531.0,8498.8,8521.0,177.515237
2018-05-11 13:00:00,8523.0,8532.99,8505.06,8522.99,131.420077
2018-05-11 13:05:00,8515.32,8541.75,8502.0,8524.0,128.16648
2018-05-11 13:10:00,8530.0,8580.0,8524.0,8569.98,170.865281
2018-05-11 13:15:00,8569.98,8615.0,8562.02,8583.16,286.446689
2018-05-11 13:20:00,8584.0,8600.0,8545.78,8569.01,176.070422
2018-05-11 13:25:00,8569.01,8583.99,8532.9,8559.43,162.176396
2018-05-11 13:30:00,8565.53,8579.33,8555.01,8559.99,86.398012
2018-05-11 13:35:00,8560.0,8560.0,8526.0,8535.41,112.582966
2018-05-11 13:40:00,8539.99,8552.9,8535.09,8545.02,92.526613
2018-05-11 13:45:00,8543.07,8544.16,8505.0,8533.21,136.264942
2018-05-11 13:50:00,8535.0,8560.0,8525.0,8552.0,111.025542
2018-05-11 13:55:00,8552.0,8557.99,8520.57,8528.86,106.348341
2018-05-11 14:00:00,8525.01,8557.1,8525.01,8556.0,106.91106
2018-05-11 14:05:00,8556.0,8582.76,8552.9,8560.08,133.07656
2018-05-11 14:10:00,8560.08,8561.1,8545.0,8551.15,152.496742
2018-05-11 14:15:00,8559.51,8610.0,8551.21,8609.0,165.9363
2018-05-11 14:20:00,8609.0,8614.68,8572.9,8577.76,246.495428
2018-05-11 14:25:00,8577.76,8600.0,8576.32,8599.97,130.48634
2018-05-11 14:30:00,8599.97,8619.0,8591.34,8618.84,173.788468
2018-05-11 14:35:00,8619.0,8637.42,8618.84,8633.83,271.991613
2018-05-11 14:40:00,8633.83,8641.66,8602.74,8615.01,229.870868
2018-05-11 14:45:00,8615.01,8630.05,8591.0,8611.48,138.83672
2018-05-11 14:50:00,8611.01,8648.0,8610.49,8645.0,113.204347
2018-05-11 14:55:00,8648.0,8668.14,8627.49,8640.02,270.356416
2018-05-11 15:00:00,8640.02,8660.28,8625.14,8633.54,198.651253
2018-05-11 15:05:00,8633.54,8638.0,8609.0,8616.38,194.153449
2018-05-11 15:10:00,8622.0,8630.0,8600.0,8605.26,138.151241
2018-05-11 15:15:00,8602.0,8625.89,8571.46,8594.5,201.931635
2018-05-11 15:20:00,8594.5,8609.02,8578.59,8600.34,88.347207
2018-05-11 15:25:00,8604.34,8630.0,8600.28,8630.0,74.161884
2018-05-11 15:30:00,8627.02,8630.0,8602.04,8609.98,117.728565
2018-05-11 15:35:00,8606.01,8609.98,8594.36,8596.0,80.770903
2018-05-11 15:40:00,8594.36,8600.11,8571.01,8571.01,96.573309
2018-05-11 15:45:00,8573.0,8574.0,8540.0,8563.47,263.175134
2018-05-11 15:50:00,8563.47,8569.0,8540.9,8569.0,114.329963
2018-05-11 15:55:00,8568.0,8577.42,8565.42,8577.42,50.606452
2018-05-11 16:00:00,8575.21,8628.0,8566.01,8612.0,141.541456
2018-05-11 16:05:00,8611.75,8611.79,8585.76,8586.05,146.918217
2018-05-11 16:10:00,8586.04,8588.02,8566.01,8571.0,67.1995
2018-05-11 16:15:00,8567.89,8599.08,8560.0,8597.0,84.817897
2018-05-11 16:20:00,8597.0,8597.0,8583.3,8590.99,78.383987
2018-05-11 16:25:00,8591.0,8600.0,8586.09,8600.0,64.144366
2018-05-11 16:30:00,8600.0,8608.95,8583.99,8585.0,82.68719
2018-05-11 16:35:00,8585.0,8593.1,8575.0,8588.07,66.206221
2018-05-11 16:40:00,8588.07,8616.0,8585.03,8616.0,213.023575
2018-05-11 16:45:00,8616.01,8643.23,8616.0,8640.0,184.822587
2018-05-11 16:50:00,8640.0,8680.0,8636.03,8649.28,206.440888
2018-05-11 16:55:00,8645.17,8660.0,8641.0,8641.02,142.847912
2018-05-11 17:00:00,8641.02,8648.99,8610.0,8628.79,109.668543
2018-05-11 17:05:00,8628.79,8632.99,8620.02,8622.0,74.08687
2018-05-11 17:10:00,8620.64,8639.88,8620.63,8631.99,66.052668
2018-05-11 17:15:00,8631.99,8660.35,8620.02,8651.71,141.321339
2018-05-11 17:20:00,8651.72,8660.0,8620.02,8620.04,133.445702
2018-05-11 17:25:00,8621.24,8621.82,8605.0,8612.0,85.014386
2018-05-11 17:30:00,8611.09,8625.0,8611.01,8622.3,48.84938
2018-05-11 17:35:00,8625.0,8641.0,8620.0,8622.0,76.96199
2018-05-11 17:40:00,8621.99,8628.21,8612.0,8616.0,58.604942
2018-05-11 17:45:00,8616.0,8620.01,8582.96,8582.97,101.356499
2018-05-11 17:50:00,8582.97,8582.97,8550.0,8557.3,180.127483
2018-05-11 17:55:00,8557.3,8596.51,8540.0,8593.0,149.83328
2018-05-11 18:00:00,8593.0,8594.32,8558.84,8558.84,59.017588
2018-05-11 18:05:00,8561.84,8580.67,8558.84,8560.0,84.928251
2018-05-11 18:10:00,8562.95,8585.0,8559.54,8576.0,71.927697
2018-05-11 18:15:00,8579.97,8588.97,8569.75,8588.01,39.359884
2018-05-11 18:20:00,8588.0,8600.0,8584.0,8590.71,78.933213
2018-05-11 18:25:00,8593.71,8599.99,8590.0,8593.02,29.520324
2018-05-11 18:30:00,8594.01,8599.85,8593.0,8599.0,49.402873
2018-05-11 18:35:00,8599.0,8640.61,8587.4,8639.97,105.551842
2018-05-11 18:40:00,8638.93,8640.0,8597.91,8620.72,81.676855
2018-05-11 18:45:00,8620.71,8638.92,8603.71,8637.09,56.945774
2018-05-11 18:50:00,8631.24,8647.23,8610.0,8614.99,78.331747
2018-05-11 18:55:00,8615.0,8618.98,8600.01,8606.93,81.10222
2018-05-11 19:00:00,8603.85,8625.75,8602.74,8624.87,66.218252
2018-05-11 19:05:00,8619.01,8630.14,8608.02,8619.09,39.879611
2018-05-11 19:10:00,8617.8,8653.52,8611.6,8652.52,65.882978
2018-05-11 19:15:00,8647.15,8684.0,8647.15,8676.0,200.445884
2018-05-11 19:20:00,8676.0,8676.0,8640.11,8651.99,144.629458
2018-05-11 19:25:00,8651.99,8655.98,8640.0,8650.0,74.571836
2018-05-11 19:30:00,8650.0,8674.9,8650.0,8670.14,109.026211
2018-05-11 19:35:00,8670.14,8674.46,8650.7,8662.06,79.527893
2018-05-11 19:40:00,8670.33,8674.62,8617.35,8633.89,99.583633
2018-05-11 19:45:00,8630.0,8634.0,8591.42,8609.95,98.020304
2018-05-11 19:50:00,8610.0,8632.25,8602.01,8602.01,78.903666
2018-05-11 19:55:00,8604.98,8605.0,8580.0,8600.96,84.674188
2018-05-11 20:00:00,8596.56,8634.0,8596.56,8630.01,59.417405
2018-05-11 20:05:00,8630.0,8633.56,8604.36,8614.87,46.910184
2018-05-11 20:10:00,8614.87,8622.0,8589.33,8601.99,52.839153
2018-05-11 20:15:00,8598.49,8614.85,8589.33,8599.99,64.897723
2018-05-11 20:20:00,8599.99,8608.49,8590.0,8598.0,57.798104
2018-05-11 20:25:00,8598.0,8599.98,8569.9,8575.0,117.990868
2018-05-11 20:30:00,8575.0,8580.0,8557.49,8565.3,176.922933
2018-05-11 20:35:00,8565.3,8568.9,8432.16,8432.16,690.002594
2018-05-11 20:40:00,8432.16,8450.0,8390.0,8422.56,712.654101
2018-05-11 20:45:00,8422.56,8458.82,8400.02,8414.21,311.4803
2018-05-11 20:50:00,8414.17,8429.97,8380.0,8404.21,218.162624
2018-05-11 20:55:00,8408.97,8454.0,8404.22,8422.99,118.745639
2018-05-11 21:00:00,8422.99,8445.0,8412.19,8445.0,143.11833
2018-05-11 21:05:00,8438.36,8448.99,8426.09,8445.76,92.131988
2018-05-11 21:10:00,8445.76,8447.65,8392.33,8409.98,79.525228
2018-05-11 21:15:00,8409.98,8412.0,8361.0,8370.0,259.835124
2018-05-11 21:20:00,8374.94,8440.0,8368.99,8409.83,180.98473
2018-05-11 21:25:00,8409.71,8417.91,8370.48,8378.0,121.834876
2018-05-11 21:30:00,8378.0,8400.0,8373.02,8390.0,166.282769
2018-05-11 21:35:00,8390.0,8395.0,8377.92,8391.99,174.731444
2018-05-11 21:40:00,8391.06,8393.0,8352.0,8358.2,201.463824
2018-05-11 21:45:00,8357.97,8363.0,8350.0,8350.01,347.793913
2018-05-11 21:50:00,8350.01,8418.51,8341.0,8395.1,310.830156
2018-05-11 21:55:00,8395.1,8407.91,8372.0,8379.96,94.180797
2018-05-11 22:00:00,8372.01,8400.96,8370.0,8395.0,90.150224
2018-05-11 22:05:00,8392.5,8461.43,8392.02,8417.99,189.511575
2018-05-11 22:10:00,8415.62,8444.01,8410.96,8422.0,117.845979
2018-05-11 22:15:00,8424.99,8468.1,8418.0,8450.01,100.199819
2018-05-11 22:20:00,8461.86,8461.86,8426.01,8429.0,84.225462
2018-05-11 22:25:00,8433.99,8438.5,8426.01,8427.0,61.939577
2018-05-11 22:30:00,8426.02,8442.27,8396.0,8442.27,115.219764
2018-05-11 22:35:00,8442.28,8444.99,8410.01,8436.27,46.881508
2018-05-11 22:40:00,8438.27,8462.6,8420.0,8428.96,136.758025
2018-05-11 22:45:00,8428.96,8428.97,8385.01,8410.0,159.071649
2018-05-11 22:50:00,8410.0,8420.0,8405.25,8415.08,55.325035
2018-05-11 22:55:00,8420.0,8420.0,8410.0,8415.57,32.298814
2018-05-11 23:00:00,8412.16,8454.12,8411.69,8449.99,67.446888
2018-05-11 23:05:00,8447.1,8475.45,8439.93,8466.0,108.713827
2018-05-11 23:10:00,8465.9,8470.67,8449.09,8464.81,67.307578
2018-05-11 23:15:00,8465.05,8465.52,8420.0,8423.37,83.890162
2018-05-11 23:20:00,8434.69,8434.69,8419.83,8427.0,77.954508
2018-05-11 23:25:00,8429.0,8437.0,8424.05,8437.0,43.082357
2018-05-11 23:30:00,8437.0,8437.0,8412.0,8419.99,52.980991
2018-05-11 23:35:00,8419.99,8426.02,8411.69,8425.01,59.15413
2018-05-11 23:40:00,8425.01,8447.0,8412.0,8423.0,47.075765
2018-05-11 23:45:00,8421.0,8423.0,8383.07,8387.4,124.339856
2018-05-11 23:50:00,8390.01,8427.79,8385.62,8400.0,107.286301
2018-05-11 23:55:00,8400.0,8406.35,8350.0,8400.0,215.845992
2018-05-12 00:00:00,8405.94,8425.01,8391.99,8396.88,111.010596
2018-05-12 00:05:00,8396.88,8446.99,8396.88,8440.03,109.962756
2018-05-12 00:10:00,8440.03,8447.0,8423.11,8428.6,83.768291
2018-05-12 00:15:00,8428.6,8442.68,8428.0,8442.67,57.485136
2018-05-12 00:20:00,8442.66,8458.03,8434.08,8454.0,111.501008
2018-05-12 00:25:00,8454.0,8476.36,8450.08,8460.05,151.686708
2018-05-12 00:30:00,8460.03,8475.99,8441.0,8445.98,98.547357
2018-05-12 00:35:00,8446.0,8470.0,8441.48,8469.99,46.954953
2018-05-12 00:40:00,8461.55,8473.12,8428.37,8436.81,113.4597
2018-05-12 00:45:00,8442.35,8442.35,8405.0,8438.01,108.976704
2018-05-12 00:50:00,8438.34,8464.01,8438.0,8457.98,82.51013
2018-05-12 00:55:00,8453.01,8458.0,8450.0,8456.0,50.786035
2018-05-12 01:00:00,8456.0,8456.79,8389.0,8413.63,165.238245
2018-05-12 01:05:00,8412.26,8431.99,8401.44,8412.0,75.192379
2018-05-12 01:10:00,8420.83,8431.97,8412.14,8420.65,51.30569
2018-05-12 01:15:00,8420.65,8422.47,8391.03,8406.07,75.118176
2018-05-12 01:20:00,8406.07,8449.7,8375.0,8441.02,151.346028
2018-05-12 01:25:00,8449.69,8452.0,8415.9,8445.62,90.014009
2018-05-12 01:30:00,8445.62,8469.2,8431.58,8469.2,107.992026
2018-05-12 01:35:00,8463.0,8469.2,8437.0,8437.0,51.180167
2018-05-12 01:40:00,8436.0,8445.0,8409.12,8445.0,101.73512
2018-05-12 01:45:00,8435.42,8456.87,8426.61,8435.2,86.068957
2018-05-12 01:50:00,8443.01,8459.8,8435.14,8450.0,54.066085
2018-05-12 01:55:00,8450.01,8460.31,8450.0,8450.01,73.236114
2018-05-12 02:00:00,8450.99,8465.0,8450.0,8465.0,53.570486
2018-05-12 02:05:00,8463.04,8469.2,8440.44,8459.98,97.648386
2018-05-12 02:10:00,8457.52,8468.74,8420.0,8424.15,106.077128
2018-05-12 02:15:00,8424.15,8467.24,8420.05,8461.75,69.115815
2018-05-12 02:20:00,8461.75,8470.86,8446.0,8455.44,56.316198
2018-05-12 02:25:00,8446.03,8458.91,8443.38,8458.91,45.114731
2018-05-12 02:30:00,8458.91,8460.0,8400.0,8430.0,93.525474
2018-05-12 02:35:00,8430.0,8436.0,8417.35,8436.0,48.579221
2018-05-12 02:40:00,8432.84,8465.0,8410.0,8461.95,76.849236
2018-05-12 02:45:00,8461.95,8461.99,8431.58,8439.92,57.842197
2018-05-12 02:50:00,8439.92,8448.44,8415.19,8431.6,50.060954
2018-05-12 02:55:00,8431.0,8439.93,8415.0,8431.57,56.340033
2018-05-12 03:00:00,8432.19,8449.59,8429.38,8440.0,39.210354
2018-05-12 03:05:00,8440.0,8445.0,8430.05,8436.01,73.791177
2018-05-12 03:10:00,8431.6,8452.0,8429.38,8440.0,90.795545
2018-05-12 03:15:00,8440.05,8445.0,8423.15,8431.98,34.71599
2018-05-12 03:20:00,8431.98,8436.23,8426.13,8427.03,22.777761
2018-05-12 03:25:00,8427.05,8428.0,8414.2,8414.2,77.744059
2018-05-12 03:30:00,8417.99,8418.0,8345.0,8347.97,250.560695
2018-05-12 03:35:00,8346.02,8389.65,8345.12,8377.0,141.871224
2018-05-12 03:40:00,8377.0,8408.0,8376.98,8401.56,68.013275
2018-05-12 03:45:00,8406.31,8408.0,8376.7,8386.0,114.712244
2018-05-12 03:50:00,8380.0,8386.0,8359.8,8361.22,100.235292
2018-05-12 03:55:00,8361.22,8400.0,8361.21,8385.03,161.39718
2018-05-12 04:00:00,8386.68,8428.18,8386.47,8419.82,104.658158
2018-05-12 04:05:00,8419.82,8422.48,8390.0,8401.27,84.562142
2018-05-12 04:10:00,8401.28,8410.0,8401.27,8403.0,60.660192
2018-05-12 04:15:00,8403.0,8438.0,8401.56,8437.0,82.476297
2018-05-12 04:20:00,8437.0,8438.0,8411.01,8418.0,99.118917
2018-05-12 04:25:00,8418.0,8423.87,8411.04,8411.04,36.465472
2018-05-12 04:30:00,8411.04,8417.17,8409.55,8410.01,38.468117
2018-05-12 04:35:00,8410.02,8417.17,8370.02,8389.39,114.146195
2018-05-12 04:40:00,8389.39,8397.6,8379.36,8380.0,54.923796
2018-05-12 04:45:00,8380.0,8399.0,8350.34,8392.0,77.965355
2018-05-12 04:50:00,8391.99,8392.4,8371.87,8376.0,45.508226
2018-05-12 04:55:00,8376.0,8383.22,8356.74,8376.59,84.361689
2018-05-12 05:00:00,8376.59,8379.94,8368.27,8369.0,97.683021
2018-05-12 05:05:00,8368.6,8375.0,8360.74,8360.79,49.910509
2018-05-12 05:10:00,8360.79,8374.84,8317.0,8320.0,212.102107
2018-05-12 05:15:00,8317.2,8342.18,8283.0,8288.39,451.875306
2018-05-12 05:20:00,8284.04,8318.86,8255.96,8297.0,475.757527
2018-05-12 05:25:00,8297.0,8320.98,8273.2,8316.0,178.84761
2018-05-12 05:30:00,8316.0,8330.0,8303.39,8304.0,138.803989
2018-05-12 05:35:00,8304.01,8307.0,8260.94,8260.94,174.136402
2018-05-12 05:40:00,8266.89,8287.9,8255.01,8269.99,230.672323
2018-05-12 05:45:00,8271.0,8295.98,8254.7,8280.0,219.318899
2018-05-12 05:50:00,8280.01,8298.99,8270.0,8288.94,171.864802
2018-05-12 05:55:00,8288.94,8289.0,8266.0,8277.07,233.656065
2018-05-12 06:00:00,8277.06,8285.4,8225.0,8233.38,423.453852
2018-05-12 06:05:00,8230.0,8244.99,8211.0,8216.68,355.774272
2018-05-12 06:10:00,8215.0,8218.98,8180.25,8211.67,547.344942
2018-05-12 06:15:00,8211.67,8215.0,8156.0,8158.33,393.698824
2018-05-12 06:20:00,8158.33,8204.89,8153.0,8200.0,399.25312
2018-05-12 06:25:00,8200.0,8272.0,8193.41,8220.38,342.487728
2018-05-12 06:30:00,8225.47,8241.97,8185.0,8185.68,215.875537
2018-05-12 06:35:00,8185.68,8219.62,8185.0,8189.03,275.949116
2018-05-12 06:40:00,8198.83,8236.9,8160.0,8232.01,226.214117
2018-05-12 06:45:00,8225.0,8275.0,8220.0,8247.23,268.939599
2018-05-12 06:50:00,8247.23,8313.25,8240.01,8308.83,354.153351
2018-05-12 06:55:00,8308.84,8332.25,8263.01,8264.68,408.84683
2018-05-12 07:00:00,8270.0,8302.79,8264.68,8290.0,164.165989
2018-05-12 07:05:00,8290.0,8302.48,8230.31,8243.29,200.018117
2018-05-12 07:10:00,8235.39,8255.0,8230.0,8244.9,132.335192
2018-05-12 07:15:00,8240.0,8268.12,8236.01,8260.0,122.395775
2018-05-12 07:20:00,8260.0,8293.19,8255.17,8286.99,97.160192
2018-05-12 07:25:00,8292.03,8292.19,8270.02,8278.06,137.204872
2018-05-12 07:30:00,8278.6,8313.0,8278.07,8293.07,126.685058
2018-05-12 07:35:00,8293.07,8300.25,8275.0,8291.89,113.414164
2018-05-12 07:40:00,8291.78,8294.06,8280.0,8282.97,87.096893
2018-05-12 07:45:00,8285.0,8299.01,8280.72,8298.88,68.449057
2018-05-12 07:50:00,8296.93,8327.99,8296.54,8319.97,146.90436
2018-05-12 07:55:00,8319.97,8328.36,8310.05,8311.0,109.649983
2018-05-12 08:00:00,8311.0,8318.05,8278.0,8280.99,146.296963
2018-05-12 08:05:00,8278.0,8294.84,8275.0,8277.64,122.939571
2018-05-12 08:10:00,8280.2,8294.99,8275.01,8290.45,120.055012
2018-05-12 08:15:00,8290.0,8290.95,8275.99,8281.0,86.379739
2018-05-12 08:20:00,8281.0,8284.35,8242.01,8250.92,174.634805
2018-05-12 08:25:00,8244.05,8284.0,8244.05,8270.0,182.125269
2018-05-12 08:30:00,8270.0,8270.03,8255.01,8261.0,67.107336
2018-05-12 08:35:00,8261.0,8262.28,8234.55,8246.5,83.887218
2018-05-12 08:40:00,8248.5,8300.0,8247.4,8283.72,177.516044
2018-05-12 08:45:00,8285.0,8289.99,8160.0,8258.0,206.023944
2018-05-12 08:50:00,8255.22,8258.0,8226.06,8234.98,114.722996
2018-05-12 08:55:00,8234.98,8249.97,8190.01,8230.0,211.769818
2018-05-12 09:00:00,8227.73,8250.0,8223.78,8248.0,75.40939
2018-05-12 09:05:00,8246.01,8250.0,8230.0,8235.03,75.480116
2018-05-12 09:10:00,8235.03,8235.03,8212.01,8215.01,72.555975
2018-05-12 09:15:00,8218.0,8218.0,8199.77,8205.04,137.676115
2018-05-12 09:20:00,8205.04,8221.74,8196.0,8211.04,90.301079
2018-05-12 09:25:00,8212.01,8229.99,8202.0,8221.0,135.365857
2018-05-12 09:30:00,8221.0,8243.67,8220.0,8243.67,46.060412
2018-05-12 09:35:00,8243.59,8256.21,8241.65,8252.46,80.756897
2018-05-12 09:40:00,8252.46,8291.88,8251.01,8291.88,100.803831
2018-05-12 09:45:00,8290.0,8445.0,8290.0,8435.05,607.846693
2018-05-12 09:50:00,8435.05,8517.53,8392.62,8500.0,530.892037
2018-05-12 09:55:00,8506.61,8541.29,8469.69,8501.83,628.012645
2018-05-12 10:00:00,8501.83,8528.96,8472.12,8512.12,423.847201
2018-05-12 10:05:00,8512.12,8512.42,8445.0,8488.0,277.948084
2018-05-12 10:10:00,8487.9,8505.93,8356.0,8443.17,379.225995
2018-05-12 10:15:00,8443.17,8515.0,8443.17,8515.0,165.561193
2018-05-12 10:20:00,8514.0,8520.0,8490.0,8512.98,154.904238
2018-05-12 10:25:00,8513.98,8569.0,8510.0,8542.84,414.473381
2018-05-12 10:30:00,8542.86,8559.9,8529.0,8540.0,273.226304
2018-05-12 10:35:00,8539.0,8543.5,8505.32,8526.86,167.069182
2018-05-12 10:40:00,8526.85,8553.56,8519.13,8535.0,146.9012
2018-05-12 10:45:00,8535.0,8555.28,8532.51,8543.58,163.881904
2018-05-12 10:50:00,8543.58,8556.0,8530.0,8556.0,158.968887
2018-05-12 10:55:00,8556.53,8583.35,8543.91,8578.33,242.848625
2018-05-12 11:00:00,8578.33,8588.0,8532.52,8573.87,354.681515
2018-05-12 11:05:00,8573.87,8579.95,8515.49,8517.05,162.838983
2018-05-12 11:10:00,8517.05,8579.0,8501.0,8541.75,189.753412
2018-05-12 11:15:00,8541.74,8541.75,8506.98,8518.16,175.030984
2018-05-12 11:20:00,8520.04,8530.0,8483.36,8516.16,262.990714
2018-05-12 11:25:00,8519.98,8519.99,8471.0,8499.13,175.286683
2018-05-12 11:30:00,8499.41,8539.99,8499.13,8510.19,92.046717
2018-05-12 11:35:00,8510.19,8520.0,8509.0,8517.87,99.326992
2018-05-12 11:40:00,8518.09,8526.39,8510.0,8511.84,67.820684
2018-05-12 11:45:00,8517.0,8540.8,8511.0,8535.0,68.623861
2018-05-12 11:50:00,8535.41,8550.01,8530.0,8535.4,145.627118
2018-05-12 11:55:00,8531.32,8536.99,8518.0,8524.02,92.350092
2018-05-12 12:00:00,8524.02,8562.63,8521.36,8561.92,150.132952
2018-05-12 12:05:00,8561.92,8569.9,8548.48,8567.3,164.131691
2018-05-12 12:10:00,8567.3,8594.0,8559.67,8592.89,206.895248
2018-05-12 12:15:00,8590.01,8592.89,8570.0,8575.0,188.553238
2018-05-12 12:20:00,8579.86,8589.99,8551.0,8582.0,140.727648
2018-05-12 12:25:00,8582.0,8587.99,8571.0,8575.02,116.073895
2018-05-12 12:30:00,8583.59,8583.59,8555.75,8566.56,107.341898
2018-05-12 12:35:00,8574.92,8581.74,8555.88,8563.0,118.024613
2018-05-12 12:40:00,8563.0,8575.0,8560.0,8571.1,108.087259
2018-05-12 12:45:00,8571.1,8619.92,8571.03,8619.91,253.941554
2018-05-12 12:50:00,8619.91,8646.88,8606.61,8630.1,287.523969
2018-05-12 12:55:00,8630.11,8646.73,8611.0,8631.32,301.987921
2018-05-12 13:00:00,8625.01,8633.8,8605.0,8621.0,190.9099
2018-05-12 13:05:00,8620.99,8621.0,8580.0,8581.0,160.964102
2018-05-12 13:10:00,8581.0,8599.77,8580.0,8581.5,128.905948
2018-05-12 13:15:00,8581.5,8585.0,8542.0,8577.0,207.402559
2018-05-12 13:20:00,8577.0,8586.92,8555.57,8579.61,197.717741
2018-05-12 13:25:00,8579.61,8595.2,8570.34,8595.2,102.844412
2018-05-12 13:30:00,8590.2,8595.2,8574.97,8575.02,86.895204
2018-05-12 13:35:00,8575.02,8576.97,8551.9,8555.85,80.845496
2018-05-12 13:40:00,8555.99,8559.99,8530.32,8540.0,162.447961
2018-05-12 13:45:00,8540.0,8555.32,8531.0,8547.51,83.14553
2018-05-12 13:50:00,8547.55,8567.0,8546.1,8554.64,107.852078
2018-05-12 13:55:00,8554.01,8554.01,8511.0,8514.38,122.560378
2018-05-12 14:00:00,8514.37,8520.0,8481.05,8510.86,302.841926
2018-05-12 14:05:00,8510.87,8520.05,8435.0,8469.37,391.724212
2018-05-12 14:10:00,8475.26,8498.49,8454.01,8487.92,218.206514
2018-05-12 14:15:00,8487.92,8505.0,8486.51,8504.6,114.474296
2018-05-12 14:20:00,8504.61,8517.18,8482.02,8492.91,127.746885
2018-05-12 14:25:00,8492.91,8504.83,8490.61,8497.6,77.715159
2018-05-12 14:30:00,8495.0,8498.01,8437.0,8454.14,241.877487
2018-05-12 14:35:00,8450.05,8471.0,8437.0,8465.0,164.777484
2018-05-12 14:40:00,8465.0,8491.74,8465.0,8471.27,129.142356
2018-05-12 14:45:00,8471.27,8507.88,8470.0,8493.0,131.897446
2018-05-12 14:50:00,8493.0,8500.0,8476.01,8480.8,69.636381
2018-05-12 14:55:00,8479.93,8480.8,8465.0,8473.23,102.285838
2018-05-12 15:00:00,8473.23,8480.81,8466.0,8480.81,74.198609
2018-05-12 15:05:00,8480.81,8483.0,8454.15,8462.43,83.119003
2018-05-12 15:10:00,8462.43,8462.47,8402.0,8404.2,258.119608
2018-05-12 15:15:00,8404.2,8415.0,8374.9,8399.72,380.628016
2018-05-12 15:20:00,8399.72,8400.0,8325.02,8341.98,352.86976
2018-05-12 15:25:00,8341.98,8359.72,8313.31,8320.02,377.230067
2018-05-12 15:30:00,8320.02,8359.43,8310.0,8353.0,240.027388
2018-05-12 15:35:00,8353.0,8354.97,8326.0,8326.0,87.084079
2018-05-12 15:40:00,8326.0,8332.0,8281.8,8300.01,269.249993
2018-05-12 15:45:00,8300.01,8325.0,8280.0,8316.01,181.236157
2018-05-12 15:50:00,8317.0,8347.08,8303.49,8339.87,163.570757
2018-05-12 15:55:00,8339.87,8339.99,8312.76,8313.13,142.68912
2018-05-12 16:00:00,8319.97,8377.4,8313.13,8377.4,194.090015
2018-05-12 16:05:00,8377.4,8399.54,8330.05,8380.0,320.576295
2018-05-12 16:10:00,8378.11,8385.51,8340.0,8345.07,187.818822
2018-05-12 16:15:00,8345.0,8357.57,8330.0,8356.05,79.620364
2018-05-12 16:20:00,8350.01,8365.88,8349.82,8356.64,62.777639
2018-05-12 16:25:00,8354.99,8356.65,8301.01,8339.67,105.699438
2018-05-12 16:30:00,8339.66,8345.0,8320.34,8321.96,54.174765
2018-05-12 16:35:00,8321.96,8329.1,8288.0,8309.5,137.376125
2018-05-12 16:40:00,8310.0,8320.02,8251.51,8260.0,157.117594
2018-05-12 16:45:00,8260.0,8299.0,8250.0,8285.64,150.557292
2018-05-12 16:50:00,8285.64,8303.94,8263.8,8270.0,74.419628
2018-05-12 16:55:00,8270.0,8312.0,8255.0,8305.0,91.33052
2018-05-12 17:00:00,8303.02,8344.87,8300.0,8305.0,126.954153
2018-05-12 17:05:00,8305.0,8338.0,8300.06,8330.0,80.232278
2018-05-12 17:10:00,8330.99,8343.03,8309.99,8310.01,69.32301
2018-05-12 17:15:00,8310.0,8310.01,8271.8,8281.98,122.434062
2018-05-12 17:20:00,8281.98,8299.4,8269.7,8282.15,138.250126
2018-05-12 17:25:00,8282.15,8309.57,8277.01,8304.0,271.127368
2018-05-12 17:30:00,8304.0,8327.28,8292.55,8326.99,75.71401
2018-05-12 17:35:00,8326.61,8370.0,8326.6,8358.0,168.238593
2018-05-12 17:40:00,8358.0,8358.0,8327.0,8334.89,77.893193
2018-05-12 17:45:00,8334.9,8353.12,8332.0,8345.21,51.967862
2018-05-12 17:50:00,8345.21,8377.0,8345.0,8376.99,86.446936
2018-05-12 17:55:00,8370.01,8385.0,8357.25,8374.09,145.739585
2018-05-12 18:00:00,8374.9,8379.9,8348.0,8358.0,75.246569
2018-05-12 18:05:00,8351.13,8358.0,8336.1,8344.89,73.679493
2018-05-12 18:10:00,8339.99,8366.69,8333.42,8350.05,93.708571
2018-05-12 18:15:00,8350.05,8352.88,8315.0,8330.89,69.366012
2018-05-12 18:20:00,8330.88,8331.0,8296.12,8315.0,318.707502
2018-05-12 18:25:00,8310.0,8339.3,8310.0,8330.04,98.04966
2018-05-12 18:30:00,8330.04,8341.64,8312.13,8319.0,56.836768
2018-05-12 18:35:00,8319.0,8331.0,8315.0,8325.93,54.609378
2018-05-12 18:40:00,8329.88,8359.7,8319.01,8348.17,52.116499
2018-05-12 18:45:00,8352.23,8362.98,8341.66,8350.0,63.809319
2018-05-12 18:50:00,8345.0,8350.0,8320.4,8321.24,76.721834
2018-05-12 18:55:00,8321.32,8352.34,8321.32,8350.0,41.039595
2018-05-12 19:00:00,8349.0,8352.34,8331.0,8348.98,77.900295
2018-05-12 19:05:00,8347.19,8347.79,8334.31,8342.84,45.910079
2018-05-12 19:10:00,8344.92,8346.99,8335.63,8335.73,32.7178
2018-05-12 19:15:00,8336.0,8441.31,8335.73,8429.99,236.844313
2018-05-12 19:20:00,8430.0,8441.89,8402.1,8440.0,114.737201
2018-05-12 19:25:00,8439.0,8461.92,8428.2,8443.0,133.398935
2018-05-12 19:30:00,8442.98,8460.0,8421.81,8437.53,88.672486
2018-05-12 19:35:00,8431.0,8440.0,8412.22,8429.89,54.382421
2018-05-12 19:40:00,8429.89,8439.92,8420.0,8420.0,40.915602
2018-05-12 19:45:00,8422.01,8459.15,8413.56,8451.18,57.020395
2018-05-12 19:50:00,8459.15,8483.0,8430.58,8482.29,110.176633
2018-05-12 19:55:00,8483.0,8500.03,8464.12,8480.02,337.50287
2018-05-12 20:00:00,8483.4,8510.99,8463.0,8480.0,193.754804
2018-05-12 20:05:00,8475.0,8480.0,8454.53,8465.0,90.823648
2018-05-12 20:10:00,8465.0,8478.92,8452.0,8476.99,68.230992
2018-05-12 20:15:00,8477.0,8479.94,8456.85,8460.78,38.381011
2018-05-12 20:20:00,8460.96,8460.99,8426.74,8446.0,72.406445
2018-05-12 20:25:00,8440.54,8463.0,8440.0,8444.89,80.980803
2018-05-12 20:30:00,8442.44,8463.85,8433.83,8453.87,58.266824
2018-05-12 20:35:00,8453.87,8458.96,8438.99,8453.0,51.073397
2018-05-12 20:40:00,8453.94,8470.0,8447.55,8470.0,74.425711
2018-05-12 20:45:00,8470.0,8480.0,8467.69,8473.11,64.622696
2018-05-12 20:50:00,8474.23,8474.23,8434.06,8445.0,58.382488
2018-05-12 20:55:00,8446.99,8446.99,8411.02,8420.97,81.083789
2018-05-12 21:00:00,8420.0,8421.99,8352.0,8360.23,205.671322
2018-05-12 21:05:00,8352.0,8360.23,8324.01,8335.02,184.005099
2018-05-12 21:10:00,8335.01,8359.85,8324.66,8353.0,89.176939
2018-05-12 21:15:00,8359.43,8359.85,8345.37,8355.0,43.363922
2018-05-12 21:20:00,8355.0,8380.3,8355.0,8357.03,81.986634
2018-05-12 21:25:00,8357.04,8369.95,8344.52,8344.52,49.021776
2018-05-12 21:30:00,8344.98,8380.21,8344.52,8376.78,67.268393
2018-05-12 21:35:00,8375.0,8382.45,8356.49,8364.98,40.973849
2018-05-12 21:40:00,8364.98,8390.0,8361.02,8380.0,35.741003
2018-05-12 21:45:00,8380.0,8400.0,8378.1,8390.01,43.459444
2018-05-12 21:50:00,8394.0,8416.05,8383.0,8410.01,80.609988
2018-05-12 21:55:00,8411.53,8416.05,8389.82,8404.35,41.882776
2018-05-12 22:00:00,8404.4,8424.45,8390.0,8391.0,88.310945
2018-05-12 22:05:00,8390.49,8393.15,8372.0,8383.02,56.071978
2018-05-12 22:10:00,8383.04,8388.0,8376.02,8388.0,39.492037
2018-05-12 22:15:00,8386.73,8416.01,8386.73,8405.05,36.40736
2018-05-12 22:20:00,8408.0,8455.69,8400.01,8449.94,135.230123
2018-05-12 22:25:00,8449.94,8449.99,8412.02,8436.72,59.285851
2018-05-12 22:30:00,8430.63,8437.0,8425.58,8426.33,26.616652
2018-05-12 22:35:00,8426.34,8493.0,8395.77,8487.0,147.766354
2018-05-12 22:40:00,8490.0,8495.0,8454.82,8472.55,92.071577
2018-05-12 22:45:00,8472.56,8495.0,8459.01,8461.79,71.281152
2018-05-12 22:50:00,8461.79,8468.45,8446.63,8454.6,56.036698
2018-05-12 22:55:00,8454.6,8458.17,8430.21,8453.75,30.30259
2018-05-12 23:00:00,8453.91,8481.0,8450.0,8475.02,73.82329
2018-05-12 23:05:00,8478.98,8534.46,8478.0,8524.24,139.929441
2018-05-12 23:10:00,8524.24,8535.0,8520.11,8529.64,108.539183
2018-05-12 23:15:00,8530.0,8540.11,8489.74,8503.88,157.174501
2018-05-12 23:20:00,8506.0,8526.27,8485.1,8487.78,65.574933
2018-05-12 23:25:00,8487.78,8513.67,8482.12,8510.11,49.823092
2018-05-12 23:30:00,8510.12,8532.58,8510.0,8531.58,55.236998
2018-05-12 23:35:00,8527.0,8530.56,8458.02,8458.02,115.137729
2018-05-12 23:40:00,8464.13,8477.28,8420.22,8444.12,163.27613
2018-05-12 23:45:00,8444.18,8469.59,8438.39,8458.02,51.161205
2018-05-12 23:50:00,8459.99,8469.54,8455.0,8462.01,29.191558
2018-05-12 23:55:00,8462.0,8477.96,8435.02,8465.94,44.499249
2018-05-13 00:00:00,8475.44,8490.44,8465.77,8487.0,98.237928
2018-05-13 00:05:00,8487.0,8524.0,8480.62,8494.97,103.75213
2018-05-13 00:10:00,8494.97,8502.95,8473.03,8476.13,46.099628
2018-05-13 00:15:00,8476.9,8512.0,8476.08,8511.45,86.404301
2018-05-13 00:20:00,8509.54,8524.0,8500.01,8500.01,76.220025
2018-05-13 00:25:00,8500.01,8511.0,8481.99,8484.75,39.3755
2018-05-13 00:30:00,8484.81,8484.83,8450.01,8474.41,122.457782
2018-05-13 00:35:00,8474.41,8484.66,8461.01,8472.86,26.295829
2018-05-13 00:40:00,8472.86,8476.48,8439.0,8459.9,77.050304
2018-05-13 00:45:00,8460.0,8472.63,8420.0,8431.06,82.661595
2018-05-13 00:50:00,8435.8,8450.86,8417.4,8429.99,69.419346
2018-05-13 00:55:00,8429.99,8437.97,8386.6,8413.39,113.624617
2018-05-13 01:00:00,8400.52,8432.17,8400.14,8432.04,57.404648
2018-05-13 01:05:00,8432.08,8450.8,8424.71,8448.94,35.883129
2018-05-13 01:10:00,8448.0,8450.0,8424.34,8428.3,60.080542
2018-05-13 01:15:00,8426.7,8446.22,8426.7,8435.98,53.408417
2018-05-13 01:20:00,8436.0,8441.2,8433.03,8436.96,57.755973
2018-05-13 01:25:00,8436.98,8470.0,8436.98,8466.95,43.062433
2018-05-13 01:30:00,8466.95,8473.24,8450.0,8460.0,46.507262
2018-05-13 01:35:00,8460.0,8464.99,8441.62,8450.97,54.286666
2018-05-13 01:40:00,8447.98,8450.99,8437.2,8438.82,56.938835
2018-05-13 01:45:00,8438.81,8453.98,8437.2,8438.21,49.043903
2018-05-13 01:50:00,8438.21,8442.73,8420.0,8430.77,70.188441
2018-05-13 01:55:00,8434.64,8446.61,8420.0,8420.99,74.432235
2018-05-13 02:00:00,8420.99,8420.99,8350.0,8362.0,233.412013
2018-05-13 02:05:00,8369.85,8396.64,8360.0,8391.11,90.133826
2018-05-13 02:10:00,8391.08,8399.49,8375.18,8379.99,45.891124
2018-05-13 02:15:00,8379.98,8398.9,8375.0,8384.99,64.243442
2018-05-13 02:20:00,8380.06,8396.29,8380.06,8390.03,34.58679
2018-05-13 02:25:00,8395.0,8395.0,8375.61,8379.0,22.100666
2018-05-13 02:30:00,8375.6,8380.3,8350.0,8359.98,76.091421
2018-05-13 02:35:00,8359.99,8386.97,8346.51,8380.01,126.584285
2018-05-13 02:40:00,8380.72,8414.48,8370.32,8410.0,55.601876
2018-05-13 02:45:00,8411.76,8424.7,8404.0,8409.7,59.077744
2018-05-13 02:50:00,8409.7,8412.0,8385.99,8394.0,54.176832
2018-05-13 02:55:00,8394.0,8415.0,8383.0,8401.08,43.914157
2018-05-13 03:00:00,8412.77,8412.77,8382.73,8383.56,61.510718
2018-05-13 03:05:00,8383.56,8390.0,8375.0,8379.0,108.093857
2018-05-13 03:10:00,8379.0,8402.0,8377.0,8402.0,44.977371
2018-05-13 03:15:00,8401.99,8411.99,8381.01,8385.0,30.244836
2018-05-13 03:20:00,8385.0,8403.44,8382.01,8390.0,21.950802
2018-05-13 03:25:00,8390.0,8400.0,8387.88,8390.54,35.560582
2018-05-13 03:30:00,8391.08,8429.46,8391.08,8414.03,61.705614
2018-05-13 03:35:00,8414.03,8433.13,8414.03,8428.0,46.569014
2018-05-13 03:40:00,8428.0,8428.0,8418.48,8425.0,33.784371
2018-05-13 03:45:00,8422.02,8447.94,8420.0,8442.09,45.967384
2018-05-13 03:50:00,8442.09,8444.99,8415.0,8420.0,47.789463
2018-05-13 03:55:00,8428.93,8441.43,8420.0,8433.0,17.938045
2018-05-13 04:00:00,8433.0,8438.79,8420.0,8429.01,65.500005
2018-05-13 04:05:00,8429.01,8447.88,8429.01,8442.82,42.122562
2018-05-13 04:10:00,8442.83,8442.83,8396.82,8399.99,132.590737
2018-05-13 04:15:00,8400.89,8437.99,8399.99,8437.52,48.794509
2018-05-13 04:20:00,8437.52,8437.53,8408.01,8418.81,39.085984
2018-05-13 04:25:00,8415.77,8419.0,8396.75,8412.17,32.580269
2018-05-13 04:30:00,8416.75,8416.75,8399.17,8402.32,48.891632
2018-05-13 04:35:00,8402.32,8410.0,8373.65,8387.03,39.757753
2018-05-13 04:40:00,8387.03,8393.44,8354.9,8382.95,67.817463
2018-05-13 04:45:00,8377.39,8381.95,8364.17,8372.66,29.618997
2018-05-13 04:50:00,8372.66,8379.99,8355.35,8358.99,41.02074
2018-05-13 04:55:00,8358.99,8360.18,8298.0,8304.67,344.993664
2018-05-13 05:00:00,8317.95,8349.0,8299.49,8348.89,98.771484
2018-05-13 05:05:00,8348.89,8365.0,8328.0,8356.72,62.317745
2018-05-13 05:10:00,8356.72,8360.0,8330.97,8342.99,82.074225
2018-05-13 05:15:00,8342.99,8342.99,8329.88,8336.99,33.68601
2018-05-13 05:20:00,8337.0,8368.92,8335.63,8354.0,47.273673
2018-05-13 05:25:00,8354.0,8370.01,8345.95,8357.58,45.157649
2018-05-13 05:30:00,8357.58,8377.56,8355.03,8375.71,25.656503
2018-05-13 05:35:00,8367.69,8377.55,8365.0,8375.0,26.018997
2018-05-13 05:40:00,8365.02,8375.0,8359.2,8369.98,37.318245
2018-05-13 05:45:00,8369.58,8393.0,8369.58,8385.0,52.219768
2018-05-13 05:50:00,8385.01,8391.9,8355.2,8363.63,46.232684
2018-05-13 05:55:00,8363.63,8375.15,8356.0,8367.0,16.013484
2018-05-13 06:00:00,8367.0,8387.89,8364.5,8377.07,65.812079
2018-05-13 06:05:00,8377.07,8382.84,8361.13,8369.0,32.260929
2018-05-13 06:10:00,8370.49,8395.79,8367.19,8381.83,51.540422
2018-05-13 06:15:00,8391.5,8391.84,8383.09,8387.0,39.272978
2018-05-13 06:20:00,8387.0,8402.01,8385.01,8402.0,90.690888
2018-05-13 06:25:00,8402.0,8402.32,8393.98,8398.6,44.548238
2018-05-13 06:30:00,8398.6,8486.24,8398.6,8458.5,216.33937
2018-05-13 06:35:00,8464.5,8508.99,8464.0,8490.52,176.810627
2018-05-13 06:40:00,8485.34,8492.23,8465.38,8481.0,80.602389
2018-05-13 06:45:00,8480.02,8485.53,8435.84,8444.99,113.204496
2018-05-13 06:50:00,8445.07,8465.56,8445.0,8449.98,47.824893
2018-05-13 06:55:00,8446.0,8450.77,8433.88,8436.0,50.960095
2018-05-13 07:00:00,8439.65,8490.73,8428.26,8466.36,195.634722
2018-05-13 07:05:00,8466.36,8478.27,8419.59,8428.26,63.571589
2018-05-13 07:10:00,8428.26,8437.87,8390.64,8436.0,186.77157
2018-05-13 07:15:00,8433.0,8458.47,8425.29,8456.01,141.324423
2018-05-13 07:20:00,8458.47,8458.47,8438.1,8441.0,52.849944
2018-05-13 07:25:00,8441.0,8451.93,8441.0,8446.0,19.06949
2018-05-13 07:30:00,8449.97,8470.0,8446.01,8460.04,79.416227
2018-05-13 07:35:00,8459.19,8460.04,8441.01,8454.27,50.724788
2018-05-13 07:40:00,8454.27,8455.85,8420.69,8438.33,133.229614
2018-05-13 07:45:00,8432.7,8455.85,8430.6,8450.0,38.497137
2018-05-13 07:50:00,8449.15,8460.0,8434.11,8454.34,43.264751
2018-05-13 07:55:00,8454.39,8463.81,8450.29,8459.0,37.665848
2018-05-13 08:00:00,8458.0,8469.33,8441.06,8455.81,59.864973
2018-05-13 08:05:00,8454.05,8469.95,8447.11,8456.0,46.206794
2018-05-13 08:10:00,8451.01,8470.0,8450.06,8468.69,59.500215
2018-05-13 08:15:00,8468.69,8470.76,8455.0,8456.26,49.585333
2018-05-13 08:20:00,8456.26,8456.26,8422.4,8422.5,63.951245
2018-05-13 08:25:00,8424.0,8431.8,8409.95,8411.98,70.169568
2018-05-13 08:30:00,8410.0,8412.0,8379.99,8400.41,133.005317
2018-05-13 08:35:00,8400.41,8440.0,8400.04,8439.0,45.171753
2018-05-13 08:40:00,8439.93,8440.24,8410.0,8420.0,62.938701
2018-05-13 08:45:00,8420.0,8434.64,8413.8,8431.63,27.246476
2018-05-13 08:50:00,8431.63,8431.64,8422.39,8425.0,53.055759
2018-05-13 08:55:00,8425.95,8428.39,8392.0,8419.99,52.555068
2018-05-13 09:00:00,8415.08,8425.0,8400.57,8406.01,55.223554
2018-05-13 09:05:00,8406.01,8410.52,8390.0,8398.99,102.83057
2018-05-13 09:10:00,8398.99,8421.57,8396.8,8413.46,62.419421
2018-05-13 09:15:00,8413.58,8419.69,8399.99,8402.01,54.520298
2018-05-13 09:20:00,8408.98,8434.01,8397.0,8434.01,69.380057
2018-05-13 09:25:00,8431.3,8596.0,8421.77,8575.0,565.897607
2018-05-13 09:30:00,8575.02,8600.62,8555.26,8577.13,342.475621
2018-05-13 09:35:00,8577.13,8580.0,8555.48,8564.13,157.110775
2018-05-13 09:40:00,8564.13,8568.42,8555.01,8567.57,85.399711
2018-05-13 09:45:00,8567.57,8610.0,8565.0,8609.0,186.538364
2018-05-13 09:50:00,8606.07,8610.0,8572.9,8595.0,164.643533
2018-05-13 09:55:00,8594.99,8600.0,8566.0,8576.0,87.751834
2018-05-13 10:00:00,8583.0,8591.99,8571.4,8581.61,163.387075
2018-05-13 10:05:00,8573.1,8580.83,8543.47,8553.05,130.206259
2018-05-13 10:10:00,8553.05,8559.98,8551.33,8558.0,46.465347
2018-05-13 10:15:00,8558.0,8564.05,8552.34,8556.12,99.601143
2018-05-13 10:20:00,8556.99,8566.0,8556.01,8558.0,87.006908
2018-05-13 10:25:00,8557.99,8558.06,8550.01,8556.99,121.353046
2018-05-13 10:30:00,8554.99,8559.45,8539.98,8543.18,88.741235
2018-05-13 10:35:00,8539.87,8557.96,8520.0,8543.16,109.680212
2018-05-13 10:40:00,8543.16,8543.16,8510.28,8519.56,95.161982
2018-05-13 10:45:00,8513.03,8524.92,8504.0,8515.1,72.112619
2018-05-13 10:50:00,8518.0,8544.01,8510.0,8540.69,119.381733
2018-05-13 10:55:00,8540.69,8542.33,8530.42,8539.0,25.483796
2018-05-13 11:00:00,8540.0,8541.0,8538.0,8541.0,31.810653
2018-05-13 11:05:00,8540.0,8564.0,8539.59,8563.96,44.522955
2018-05-13 11:10:00,8563.96,8565.33,8545.8,8546.0,90.24654
2018-05-13 11:15:00,8545.61,8554.02,8545.61,8550.99,33.267397
2018-05-13 11:20:00,8551.0,8557.81,8545.0,8546.0,37.262026
2018-05-13 11:25:00,8546.03,8551.0,8546.0,8549.01,50.088045
2018-05-13 11:30:00,8550.0,8564.0,8548.99,8562.0,84.926705
2018-05-13 11:35:00,8562.0,8584.99,8560.0,8576.0,87.727464
2018-05-13 11:40:00,8576.0,8583.0,8560.01,8566.83,70.26418
2018-05-13 11:45:00,8560.01,8566.57,8546.01,8549.98,77.578733
2018-05-13 11:50:00,8555.0,8555.0,8530.42,8540.01,110.991473
2018-05-13 11:55:00,8540.01,8565.0,8539.3,8555.0,58.074533
2018-05-13 12:00:00,8555.0,8559.91,8543.87,8555.0,51.571007
2018-05-13 12:05:00,8555.0,8575.0,8550.44,8560.0,63.24632
2018-05-13 12:10:00,8560.0,8561.74,8542.98,8548.0,50.794196
2018-05-13 12:15:00,8548.0,8570.61,8546.13,8560.4,44.723397
2018-05-13 12:20:00,8569.13,8569.13,8552.04,8554.41,52.078512
2018-05-13 12:25:00,8557.21,8567.89,8554.41,8567.01,67.246791
2018-05-13 12:30:00,8567.31,8625.0,8565.07,8621.98,217.552007
2018-05-13 12:35:00,8621.98,8622.91,8582.0,8582.0,143.976819
2018-05-13 12:40:00,8582.0,8594.0,8540.0,8546.0,116.696957
2018-05-13 12:45:00,8554.96,8568.56,8541.0,8550.03,76.052488
2018-05-13 12:50:00,8550.03,8570.1,8547.68,8563.28,48.984115
2018-05-13 12:55:00,8564.28,8575.0,8555.9,8571.93,83.936971
2018-05-13 13:00:00,8571.93,8575.0,8560.96,8575.0,62.037554
2018-05-13 13:05:00,8574.0,8575.0,8566.99,8571.0,41.56428
2018-05-13 13:10:00,8571.0,8575.0,8555.03,8561.71,36.541636
2018-05-13 13:15:00,8560.27,8564.72,8510.09,8540.01,112.566964
2018-05-13 13:20:00,8540.0,8545.69,8521.45,8524.0,51.497005
2018-05-13 13:25:00,8524.0,8525.0,8505.99,8512.3,62.363929
2018-05-13 13:30:00,8512.31,8540.0,8510.01,8527.03,45.204961
2018-05-13 13:35:00,8527.0,8535.0,8527.0,8535.0,42.778215
2018-05-13 13:40:00,8535.0,8553.0,8532.07,8533.08,106.179962
2018-05-13 13:45:00,8533.8,8542.89,8525.01,8539.0,47.960354
2018-05-13 13:50:00,8539.0,8555.0,8535.0,8555.0,45.073055
2018-05-13 13:55:00,8551.48,8568.56,8534.2,8551.82,52.618333
2018-05-13 14:00:00,8565.99,8577.31,8551.87,8574.45,112.908662
2018-05-13 14:05:00,8574.45,8592.2,8574.01,8587.56,63.400424
2018-05-13 14:10:00,8587.42,8592.2,8557.5,8569.99,81.835507
2018-05-13 14:15:00,8569.99,8588.0,8569.99,8583.29,61.491314
2018-05-13 14:20:00,8583.29,8585.89,8571.09,8575.97,45.014362
2018-05-13 14:25:00,8575.97,8619.0,8575.0,8605.78,120.532615
2018-05-13 14:30:00,8603.58,8614.07,8577.12,8580.0,68.366081
2018-05-13 14:35:00,8580.0,8609.0,8570.0,8600.0,84.406027
2018-05-13 14:40:00,8600.0,8608.42,8587.0,8600.0,125.972227
2018-05-13 14:45:00,8599.0,8626.0,8589.0,8614.41,275.142509
2018-05-13 14:50:00,8614.41,8635.04,8591.18,8629.81,148.653297
2018-05-13 14:55:00,8629.81,8654.41,8620.0,8654.41,180.659325
2018-05-13 15:00:00,8654.4,8657.99,8611.46,8642.99,222.792678
2018-05-13 15:05:00,8642.99,8645.6,8592.02,8606.0,109.657556
2018-05-13 15:10:00,8601.8,8617.53,8580.0,8609.99,134.980518
2018-05-13 15:15:00,8609.99,8625.0,8605.0,8620.01,113.729543
2018-05-13 15:20:00,8620.0,8620.34,8592.92,8593.0,84.749435
2018-05-13 15:25:00,8592.92,8602.86,8585.69,8590.31,94.186508
2018-05-13 15:30:00,8590.31,8613.0,8587.0,8610.0,69.653204
2018-05-13 15:35:00,8610.0,8618.69,8591.97,8615.0,232.269943
2018-05-13 15:40:00,8615.0,8616.5,8600.0,8609.0,119.111587
2018-05-13 15:45:00,8608.71,8645.0,8608.71,8640.0,156.091222
2018-05-13 15:50:00,8640.01,8644.0,8631.23,8633.01,113.885125
2018-05-13 15:55:00,8639.87,8641.0,8618.39,8625.5,89.938962
2018-05-13 16:00:00,8625.5,8631.54,8600.0,8608.05,92.755788
2018-05-13 16:05:00,8608.1,8620.0,8601.0,8615.0,90.853485
2018-05-13 16:10:00,8609.29,8634.64,8609.14,8632.17,67.216658
2018-05-13 16:15:00,8633.78,8669.45,8632.17,8669.45,133.592146
2018-05-13 16:20:00,8669.45,8694.26,8667.0,8670.0,242.682288
2018-05-13 16:25:00,8670.0,8683.01,8654.99,8671.1,146.357666
2018-05-13 16:30:00,8670.1,8675.0,8654.99,8669.0,155.152176
2018-05-13 16:35:00,8668.01,8700.96,8667.19,8686.97,190.006364
2018-05-13 16:40:00,8685.0,8692.63,8665.0,8692.62,153.77768
2018-05-13 16:45:00,8692.62,8697.12,8654.99,8663.87,269.199987
2018-05-13 16:50:00,8654.99,8675.0,8654.99,8675.0,76.807408
2018-05-13 16:55:00,8674.46,8677.24,8661.7,8671.99,88.25874
2018-05-13 17:00:00,8671.98,8672.45,8655.01,8660.0,102.871956
2018-05-13 17:05:00,8660.0,8693.0,8654.99,8677.49,287.81831
2018-05-13 17:10:00,8677.49,8690.0,8660.0,8685.72,163.43226
2018-05-13 17:15:00,8681.0,8686.91,8654.99,8666.54,149.048067
2018-05-13 17:20:00,8669.98,8670.0,8655.0,8658.04,107.352115
2018-05-13 17:25:00,8658.04,8661.88,8633.09,8645.0,150.658203
2018-05-13 17:30:00,8645.0,8653.36,8600.0,8603.0,205.573041
2018-05-13 17:35:00,8604.0,8607.5,8585.0,8585.0,252.164649
2018-05-13 17:40:00,8585.0,8618.11,8567.0,8613.14,224.486491
2018-05-13 17:45:00,8613.14,8614.0,8584.0,8590.03,110.446915
2018-05-13 17:50:00,8590.04,8590.04,8550.0,8575.01,188.218601
2018-05-13 17:55:00,8575.01,8580.74,8547.0,8549.0,162.510055
2018-05-13 18:00:00,8547.0,8589.43,8547.0,8572.05,163.525378
2018-05-13 18:05:00,8572.06,8595.65,8572.0,8593.0,56.393272
2018-05-13 18:10:00,8593.0,8613.11,8576.02,8583.96,117.772019
2018-05-13 18:15:00,8583.72,8618.11,8580.84,8615.0,66.865308
2018-05-13 18:20:00,8618.11,8622.0,8604.88,8605.5,94.754041
2018-05-13 18:25:00,8609.86,8635.0,8604.88,8630.02,71.264799
2018-05-13 18:30:00,8630.02,8654.0,8605.5,8605.51,143.325444
2018-05-13 18:35:00,8605.5,8623.8,8602.69,8613.28,63.164799
2018-05-13 18:40:00,8613.28,8626.0,8607.12,8625.57,70.071505
2018-05-13 18:45:00,8625.56,8655.0,8613.02,8629.97,76.693292
2018-05-13 18:50:00,8629.99,8637.47,8621.99,8623.01,42.416227
2018-05-13 18:55:00,8623.01,8634.5,8613.62,8634.5,25.206467
2018-05-13 19:00:00,8634.48,8651.0,8623.8,8630.02,83.840192
2018-05-13 19:05:00,8630.01,8647.0,8625.06,8635.0,35.232296
2018-05-13 19:10:00,8635.01,8635.02,8615.0,8618.55,79.858718
2018-05-13 19:15:00,8618.55,8619.97,8595.91,8613.99,95.391712
2018-05-13 19:20:00,8613.99,8615.03,8605.0,8615.03,32.544622
2018-05-13 19:25:00,8615.0,8625.0,8610.0,8624.3,51.936192
2018-05-13 19:30:00,8624.29,8625.0,8615.24,8624.0,65.094697
2018-05-13 19:35:00,8624.97,8624.98,8600.0,8606.74,72.418719
2018-05-13 19:40:00,8602.69,8620.34,8600.0,8609.52,47.750565
2018-05-13 19:45:00,8609.52,8630.0,8605.07,8622.01,71.705752
2018-05-13 19:50:00,8622.01,8624.0,8606.99,8618.99,46.972663
2018-05-13 19:55:00,8619.0,8645.0,8615.03,8632.0,50.133272
2018-05-13 20:00:00,8632.0,8634.07,8620.03,8628.64,56.370869
2018-05-13 20:05:00,8628.66,8650.0,8625.01,8645.96,71.278846
2018-05-13 20:10:00,8646.0,8657.6,8645.01,8651.0,90.774249
2018-05-13 20:15:00,8650.02,8668.05,8642.01,8647.3,95.818034
2018-05-13 20:20:00,8647.3,8656.99,8643.31,8647.27,41.723175
2018-05-13 20:25:00,8647.31,8649.0,8641.05,8646.06,53.744197
2018-05-13 20:30:00,8647.0,8650.02,8637.01,8641.44,58.430563
2018-05-13 20:35:00,8646.06,8690.0,8638.04,8683.05,87.880304
2018-05-13 20:40:00,8689.96,8744.08,8680.8,8731.2,305.271754
2018-05-13 20:45:00,8731.2,8746.24,8690.0,8713.19,173.432342
2018-05-13 20:50:00,8713.19,8728.37,8689.38,8718.07,129.010147
2018-05-13 20:55:00,8718.08,8718.08,8693.01,8714.01,66.056183
2018-05-13 21:00:00,8715.99,8724.0,8700.0,8717.98,101.214341
2018-05-13 21:05:00,8717.98,8733.77,8710.0,8732.99,86.819509
2018-05-13 21:10:00,8732.98,8763.36,8728.0,8735.23,197.870178
2018-05-13 21:15:00,8732.73,8740.88,8671.2,8676.02,140.300639
2018-05-13 21:20:00,8674.04,8706.05,8673.04,8693.7,85.502453
2018-05-13 21:25:00,8693.7,8707.04,8693.0,8702.0,58.770717
2018-05-13 21:30:00,8700.21,8701.99,8687.42,8699.0,94.078581
2018-05-13 21:35:00,8696.11,8700.0,8687.42,8688.32,71.809358
2018-05-13 21:40:00,8691.54,8698.62,8684.32,8684.32,41.657405
2018-05-13 21:45:00,8684.31,8690.25,8680.0,8689.87,40.990512
2018-05-13 21:50:00,8686.01,8700.0,8684.0,8691.61,69.411423
2018-05-13 21:55:00,8691.61,8691.64,8633.85,8640.01,111.84102
2018-05-13 22:00:00,8639.03,8683.04,8639.02,8683.02,56.370439
2018-05-13 22:05:00,8683.02,8698.35,8675.0,8684.29,60.680875
2018-05-13 22:10:00,8691.0,8711.99,8684.27,8705.0,63.398682
2018-05-13 22:15:00,8708.0,8708.0,8692.29,8700.0,82.776692
2018-05-13 22:20:00,8699.99,8701.93,8680.93,8692.11,48.806679
2018-05-13 22:25:00,8692.0,8730.0,8689.26,8729.22,56.938785
2018-05-13 22:30:00,8730.0,8736.12,8692.3,8703.0,75.794265
2018-05-13 22:35:00,8708.0,8718.59,8697.73,8702.0,44.213243
2018-05-13 22:40:00,8704.0,8705.14,8692.3,8700.0,43.978422
2018-05-13 22:45:00,8700.0,8720.98,8695.52,8715.01,64.670078
2018-05-13 22:50:00,8715.01,8733.7,8712.01,8724.69,56.158664
2018-05-13 22:55:00,8724.7,8747.68,8724.69,8737.2,60.086141
2018-05-13 23:00:00,8737.2,8737.2,8724.99,8731.99,99.858221
2018-05-13 23:05:00,8731.99,8735.87,8706.0,8706.78,76.180074
2018-05-13 23:10:00,8706.77,8719.1,8698.14,8711.44,78.83238
2018-05-13 23:15:00,8714.09,8729.76,8707.72,8713.99,66.905783
2018-05-13 23:20:00,8713.99,8718.51,8700.0,8706.16,244.8901
2018-05-13 23:25:00,8706.17,8714.67,8690.0,8695.48,189.77714
2018-05-13 23:30:00,8690.01,8696.17,8669.01,8670.0,91.524556
2018-05-13 23:35:00,8671.0,8700.0,8671.0,8700.0,69.784431
2018-05-13 23:40:00,8695.96,8717.23,8694.99,8715.0,49.120016
2018-05-13 23:45:00,8715.0,8717.23,8679.69,8686.01,65.366099
2018-05-13 23:50:00,8686.01,8690.0,8647.96,8647.98,73.404463
2018-05-13 23:55:00,8647.98,8683.3,8640.0,8679.71,102.364279
2018-05-14 00:00:00,8679.71,8685.0,8645.11,8657.01,109.738063
2018-05-14 00:05:00,8657.05,8662.0,8601.1,8641.05,201.429538
2018-05-14 00:10:00,8638.0,8643.91,8564.0,8606.0,340.795936
2018-05-14 00:15:00,8600.3,8629.41,8588.0,8625.0,177.833153
2018-05-14 00:20:00,8624.96,8625.0,8605.0,8610.1,79.36213
2018-05-14 00:25:00,8618.98,8640.0,8598.0,8633.04,101.103227
2018-05-14 00:30:00,8633.16,8665.21,8624.57,8646.0,130.97462
2018-05-14 00:35:00,8640.0,8664.42,8640.0,8650.0,151.498108
2018-05-14 00:40:00,8655.99,8696.66,8645.0,8688.76,124.417638
2018-05-14 00:45:00,8680.21,8695.0,8666.72,8667.87,69.771607
2018-05-14 00:50:00,8674.05,8685.64,8667.11,8679.93,45.194838
2018-05-14 00:55:00,8679.8,8679.8,8665.97,8665.97,19.65876
2018-05-14 01:00:00,8666.98,8676.99,8654.71,8657.01,44.291663
2018-05-14 01:05:00,8657.03,8666.97,8635.34,8645.85,47.184719
2018-05-14 01:10:00,8645.85,8677.0,8635.51,8668.66,65.195216
2018-05-14 01:15:00,8673.67,8678.0,8666.0,8666.0,46.307251
2018-05-14 01:20:00,8666.0,8673.58,8653.81,8673.57,92.75737
2018-05-14 01:25:00,8673.06,8681.99,8673.06,8680.9,50.346568
2018-05-14 01:30:00,8680.0,8709.93,8680.0,8686.98,103.476281
2018-05-14 01:35:00,8683.0,8687.0,8661.0,8668.98,55.013628
2018-05-14 01:40:00,8668.98,8683.98,8661.0,8680.0,123.316229
2018-05-14 01:45:00,8680.83,8686.36,8675.0,8686.21,48.400792
2018-05-14 01:50:00,8686.21,8698.99,8682.08,8694.0,86.693406
2018-05-14 01:55:00,8686.27,8694.0,8679.0,8680.0,59.302999
2018-05-14 02:00:00,8679.49,8680.0,8651.66,8652.7,61.142771
2018-05-14 02:05:00,8651.66,8672.12,8637.0,8659.99,70.026383
2018-05-14 02:10:00,8659.99,8678.38,8640.0,8642.66,118.814651
2018-05-14 02:15:00,8642.66,8661.7,8630.19,8636.56,154.341211
2018-05-14 02:20:00,8646.81,8646.81,8615.0,8623.8,58.969288
2018-05-14 02:25:00,8620.0,8643.0,8614.08,8641.98,72.88829
2018-05-14 02:30:00,8641.98,8643.99,8604.02,8605.24,89.743397
2018-05-14 02:35:00,8612.59,8613.99,8588.0,8594.49,89.776061
2018-05-14 02:40:00,8594.48,8622.81,8585.0,8612.0,243.901413
2018-05-14 02:45:00,8612.0,8614.99,8581.62,8589.98,86.850412
2018-05-14 02:50:00,8587.55,8616.02,8574.09,8604.37,144.75441
2018-05-14 02:55:00,8605.44,8621.7,8603.08,8614.99,112.499288
2018-05-14 03:00:00,8614.98,8633.0,8605.0,8605.0,77.894418
2018-05-14 03:05:00,8610.57,8616.96,8589.0,8589.0,106.030923
2018-05-14 03:10:00,8591.98,8599.99,8511.0,8520.3,321.735852
2018-05-14 03:15:00,8519.0,8544.0,8482.94,8497.73,694.836484
2018-05-14 03:20:00,8494.44,8500.0,8422.56,8470.99,543.581823
2018-05-14 03:25:00,8469.1,8474.89,8422.0,8460.0,267.21494
2018-05-14 03:30:00,8460.0,8465.0,8377.07,8403.58,404.579763
2018-05-14 03:35:00,8403.52,8420.79,8380.01,8381.87,435.519053
2018-05-14 03:40:00,8381.87,8407.0,8365.0,8406.0,186.726793
2018-05-14 03:45:00,8406.98,8442.86,8386.0,8388.85,216.607795
2018-05-14 03:50:00,8386.02,8409.02,8384.91,8387.34,95.007118
2018-05-14 03:55:00,8386.92,8399.0,8370.01,8390.0,162.912481
2018-05-14 04:00:00,8383.26,8419.25,8378.94,8400.0,180.999163
2018-05-14 04:05:00,8400.1,8419.83,8394.72,8419.82,146.894568
2018-05-14 04:10:00,8413.84,8430.0,8400.02,8416.61,149.400476
2018-05-14 04:15:00,8416.8,8416.8,8331.0,8355.89,286.34141
2018-05-14 04:20:00,8355.89,8373.94,8328.0,8328.0,235.820112
2018-05-14 04:25:00,8328.0,8368.88,8325.0,8358.21,162.400946
2018-05-14 04:30:00,8366.01,8369.99,8324.88,8346.01,131.470298
2018-05-14 04:35:00,8350.0,8385.94,8343.46,8368.05,175.968731
2018-05-14 04:40:00,8374.49,8382.69,8350.51,8360.01,134.546227
2018-05-14 04:45:00,8360.01,8371.99,8330.1,8349.0,192.117435
2018-05-14 04:50:00,8357.1,8357.89,8339.83,8355.0,56.519856
2018-05-14 04:55:00,8355.0,8376.07,8354.88,8376.07,70.170788
2018-05-14 05:00:00,8376.07,8378.0,8340.0,8365.76,85.244497
2018-05-14 05:05:00,8364.76,8365.76,8300.0,8302.0,213.03587
2018-05-14 05:10:00,8302.0,8319.99,8277.0,8299.0,309.874092
2018-05-14 05:15:00,8299.73,8322.74,8292.08,8300.91,128.865809
2018-05-14 05:20:00,8302.05,8351.66,8297.56,8342.0,131.24433
2018-05-14 05:25:00,8345.99,8359.44,8334.0,8356.08,82.661124
2018-05-14 05:30:00,8356.09,8362.34,8325.93,8345.81,153.387499
2018-05-14 05:35:00,8345.94,8345.94,8325.0,8340.01,72.826812
2018-05-14 05:40:00,8340.01,8370.0,8335.0,8368.84,117.497615
2018-05-14 05:45:00,8368.84,8378.0,8354.85,8377.99,94.010384
2018-05-14 05:50:00,8375.01,8378.0,8340.61,8364.0,67.297353
2018-05-14 05:55:00,8364.0,8380.0,8358.0,8369.14,109.530066
2018-05-14 06:00:00,8369.14,8369.14,8350.0,8357.87,59.28377
2018-05-14 06:05:00,8355.63,8363.99,8326.76,8334.99,88.057779
2018-05-14 06:10:00,8335.0,8350.0,8335.0,8336.54,65.365165
2018-05-14 06:15:00,8336.54,8363.54,8336.54,8363.39,66.367455
2018-05-14 06:20:00,8363.39,8374.99,8360.17,8369.99,64.467269
2018-05-14 06:25:00,8365.55,8398.0,8365.0,8387.1,110.069211
2018-05-14 06:30:00,8387.09,8396.99,8380.34,8388.0,70.91851
2018-05-14 06:35:00,8387.0,8390.86,8370.77,8387.12,39.022213
2018-05-14 06:40:00,8387.12,8390.86,8365.0,8365.01,77.385057
2018-05-14 06:45:00,8365.0,8376.89,8362.75,8371.98,52.493977
2018-05-14 06:50:00,8371.99,8383.36,8368.06,8381.0,52.824358
2018-05-14 06:55:00,8381.0,8386.91,8377.82,8384.99,37.967903
2018-05-14 07:00:00,8385.0,8385.0,8358.24,8368.08,75.114459
2018-05-14 07:05:00,8378.99,8387.99,8362.63,8372.39,62.188855
2018-05-14 07:10:00,8372.39,8372.39,8344.0,8348.03,76.733067
2018-05-14 07:15:00,8348.03,8349.0,8330.0,8340.1,119.576981
2018-05-14 07:20:00,8340.0,8344.92,8304.83,8318.35,136.98495
2018-05-14 07:25:00,8316.62,8340.27,8304.83,8317.99,261.935817
2018-05-14 07:30:00,8317.98,8348.0,8303.0,8335.79,130.976717
2018-05-14 07:35:00,8338.95,8350.91,8328.33,8343.26,100.245395
2018-05-14 07:40:00,8347.98,8361.0,8338.84,8346.68,85.78547
2018-05-14 07:45:00,8341.92,8365.0,8334.0,8360.66,45.0717
2018-05-14 07:50:00,8360.67,8365.85,8333.0,8346.04,57.617824
2018-05-14 07:55:00,8346.04,8380.0,8344.56,8376.33,88.61382
2018-05-14 08:00:00,8376.33,8385.0,8342.02,8351.0,112.56143
2018-05-14 08:05:00,8351.0,8361.01,8349.0,8358.28,65.802658
2018-05-14 08:10:00,8358.28,8359.85,8339.0,8346.74,61.357739
2018-05-14 08:15:00,8346.74,8374.98,8340.0,8374.98,44.076712
2018-05-14 08:20:00,8365.03,8390.85,8354.19,8362.4,79.938498
2018-05-14 08:25:00,8370.61,8374.61,8352.6,8373.62,74.511958
2018-05-14 08:30:00,8374.65,8420.55,8366.94,8405.0,123.771812
2018-05-14 08:35:00,8405.0,8435.6,8404.14,8435.6,126.064404
2018-05-14 08:40:00,8433.01,8435.0,8415.0,8425.0,68.427744
2018-05-14 08:45:00,8425.0,8426.02,8394.96,8410.01,76.429893
2018-05-14 08:50:00,8411.0,8446.0,8406.47,8436.1,79.046436
2018-05-14 08:55:00,8436.1,8447.66,8428.36,8433.35,111.254395
2018-05-14 09:00:00,8431.67,8439.69,8401.38,8408.92,87.636179
2018-05-14 09:05:00,8408.92,8425.21,8401.01,8425.21,70.239377
2018-05-14 09:10:00,8425.21,8435.24,8401.56,8409.02,57.442056
2018-05-14 09:15:00,8409.01,8424.36,8404.0,8404.15,64.043131
2018-05-14 09:20:00,8404.15,8413.98,8380.1,8386.0,116.754374
2018-05-14 09:25:00,8383.82,8408.4,8380.1,8402.0,58.219593
2018-05-14 09:30:00,8403.23,8405.0,8386.21,8389.57,94.536869
2018-05-14 09:35:00,8389.57,8398.78,8360.8,8374.68,225.147707
2018-05-14 09:40:00,8390.11,8390.12,8313.0,8363.24,148.79
2018-05-14 09:45:00,8363.24,8367.22,8338.74,8350.01,124.080018
2018-05-14 09:50:00,8348.73,8390.68,8342.52,8373.51,118.639369
2018-05-14 09:55:00,8373.51,8390.0,8366.74,8387.0,72.315006
2018-05-14 10:00:00,8387.0,8391.0,8346.95,8350.04,87.654383
2018-05-14 10:05:00,8363.64,8370.0,8354.32,8370.0,41.173547
2018-05-14 10:10:00,8369.64,8384.0,8340.0,8349.99,79.195433
2018-05-14 10:15:00,8349.96,8360.0,8316.07,8357.39,155.380753
2018-05-14 10:20:00,8351.46,8381.5,8339.0,8370.0,116.332837
2018-05-14 10:25:00,8370.0,8382.0,8361.43,8370.01,62.974629
2018-05-14 10:30:00,8370.0,8415.0,8370.0,8409.11,178.387308
2018-05-14 10:35:00,8408.0,8412.0,8382.17,8398.9,64.509534
2018-05-14 10:40:00,8398.86,8420.0,8389.06,8413.0,80.692549
2018-05-14 10:45:00,8413.35,8417.0,8397.01,8404.21,63.432132
2018-05-14 10:50:00,8404.2,8404.2,8380.0,8382.1,130.203462
2018-05-14 10:55:00,8382.1,8400.2,8381.01,8392.2,40.679703
2018-05-14 11:00:00,8393.0,8403.6,8382.0,8403.02,55.166107
2018-05-14 11:05:00,8403.58,8412.4,8396.11,8400.49,71.602951
2018-05-14 11:10:00,8407.99,8415.0,8400.49,8410.0,52.788638
2018-05-14 11:15:00,8409.33,8438.03,8408.67,8420.03,129.92363
2018-05-14 11:20:00,8425.73,8430.0,8406.7,8422.24,78.764174
2018-05-14 11:25:00,8422.25,8448.0,8422.21,8440.28,153.02081
2018-05-14 11:30:00,8443.66,8443.66,8410.01,8419.97,75.557086
2018-05-14 11:35:00,8419.97,8424.54,8393.21,8397.2,82.630955
2018-05-14 11:40:00,8397.2,8400.0,8376.0,8394.98,67.372994
2018-05-14 11:45:00,8388.94,8400.11,8370.0,8400.1,120.266796
2018-05-14 11:50:00,8400.11,8415.1,8397.15,8413.87,130.163281
2018-05-14 11:55:00,8413.87,8422.0,8410.26,8415.01,91.251931
2018-05-14 12:00:00,8415.02,8424.4,8385.0,8393.22,67.56421
2018-05-14 12:05:00,8393.22,8400.0,8368.11,8370.0,86.400062
2018-05-14 12:10:00,8370.0,8411.1,8351.0,8398.7,196.867077
2018-05-14 12:15:00,8398.64,8399.7,8373.0,8375.0,37.266031
2018-05-14 12:20:00,8375.0,8418.41,8373.0,8398.99,87.092144
2018-05-14 12:25:00,8399.0,8400.0,8381.05,8388.97,67.863608
2018-05-14 12:30:00,8384.4,8405.4,8380.0,8391.04,44.209369
2018-05-14 12:35:00,8391.01,8391.04,8376.46,8385.91,41.87985
2018-05-14 12:40:00,8385.91,8410.0,8380.35,8398.0,58.011973
2018-05-14 12:45:00,8398.64,8410.0,8393.08,8393.08,63.176951
2018-05-14 12:50:00,8393.08,8414.0,8381.2,8404.4,116.476044
2018-05-14 12:55:00,8392.72,8425.47,8390.98,8420.01,129.798994
2018-05-14 13:00:00,8425.47,8435.14,8404.44,8414.85,103.028423
2018-05-14 13:05:00,8406.82,8422.0,8360.29,8364.28,162.846935
2018-05-14 13:10:00,8364.28,8380.0,8343.69,8380.0,186.986897
2018-05-14 13:15:00,8373.54,8392.64,8355.87,8372.13,144.862512
2018-05-14 13:20:00,8375.01,8381.56,8351.0,8362.87,75.13358
2018-05-14 13:25:00,8362.88,8362.92,8315.01,8319.0,149.360573
2018-05-14 13:30:00,8319.0,8345.97,8300.0,8333.51,269.539349
2018-05-14 13:35:00,8324.01,8371.98,8324.0,8370.75,109.517251
2018-05-14 13:40:00,8370.75,8384.65,8351.0,8362.28,118.367654
2018-05-14 13:45:00,8354.14,8425.02,8354.14,8425.02,143.703201
2018-05-14 13:50:00,8425.32,8633.94,8417.37,8613.0,990.764616
2018-05-14 13:55:00,8614.43,8734.0,8600.0,8680.0,790.035509
2018-05-14 14:00:00,8680.0,8745.14,8665.43,8668.0,671.744682
2018-05-14 14:05:00,8668.0,8730.0,8651.81,8726.11,426.545126
2018-05-14 14:10:00,8726.75,8770.93,8717.01,8740.0,562.885988
2018-05-14 14:15:00,8743.01,8766.9,8684.0,8713.34,461.345263
2018-05-14 14:20:00,8713.34,8719.98,8672.38,8710.0,297.934676
2018-05-14 14:25:00,8710.0,8719.0,8692.16,8700.2,181.343469
2018-05-14 14:30:00,8700.19,8723.11,8685.0,8717.01,194.767387
2018-05-14 14:35:00,8718.97,8815.0,8715.02,8790.16,684.033267
2018-05-14 14:40:00,8797.53,8797.54,8713.85,8751.13,353.608066
2018-05-14 14:45:00,8750.0,8763.98,8716.8,8747.31,214.48666
2018-05-14 14:50:00,8747.4,8757.63,8731.02,8749.0,133.904629
2018-05-14 14:55:00,8744.97,8750.0,8720.24,8730.43,134.823827
2018-05-14 15:00:00,8730.44,8778.63,8730.35,8767.0,211.557323
2018-05-14 15:05:00,8767.0,8773.0,8751.03,8762.0,164.126621
2018-05-14 15:10:00,8752.02,8766.05,8724.88,8747.94,275.977626
2018-05-14 15:15:00,8747.97,8755.49,8712.0,8718.16,202.153014
2018-05-14 15:20:00,8714.0,8737.49,8691.04,8716.05,247.426909
2018-05-14 15:25:00,8724.0,8767.79,8716.05,8762.0,106.939019
2018-05-14 15:30:00,8762.0,8770.0,8739.9,8739.9,167.240484
2018-05-14 15:35:00,8747.1,8756.2,8735.0,8748.01,104.354
2018-05-14 15:40:00,8742.01,8767.43,8739.99,8765.01,61.402862
2018-05-14 15:45:00,8767.0,8823.99,8756.76,8819.3,322.674353
2018-05-14 15:50:00,8814.96,8819.32,8775.82,8795.99,217.647726
2018-05-14 15:55:00,8792.86,8796.68,8755.0,8789.12,210.831992
2018-05-14 16:00:00,8789.12,8813.53,8780.0,8790.0,196.156481
2018-05-14 16:05:00,8790.01,8796.41,8755.01,8761.15,203.142364
2018-05-14 16:10:00,8756.0,8788.81,8725.09,8774.04,265.817679
2018-05-14 16:15:00,8774.04,8784.64,8737.07,8758.0,114.452318
2018-05-14 16:20:00,8758.0,8775.0,8758.0,8775.0,82.365602
2018-05-14 16:25:00,8775.0,8809.0,8775.0,8794.1,147.124599
2018-05-14 16:30:00,8794.1,8794.1,8775.0,8783.96,101.629295
2018-05-14 16:35:00,8783.96,8784.0,8776.8,8779.0,74.290972
2018-05-14 16:40:00,8779.01,8781.73,8768.91,8775.02,42.820546
2018-05-14 16:45:00,8775.02,8779.97,8746.0,8747.0,79.754292
2018-05-14 16:50:00,8747.0,8758.15,8734.28,8756.0,164.043642
2018-05-14 16:55:00,8756.0,8779.95,8749.36,8770.0,61.472575
2018-05-14 17:00:00,8774.85,8774.88,8760.79,8765.98,73.69903
2018-05-14 17:05:00,8765.98,8772.99,8740.2,8756.2,92.426041
2018-05-14 17:10:00,8756.2,8762.0,8745.0,8758.0,66.351819
2018-05-14 17:15:00,8751.61,8760.0,8739.36,8743.38,80.126317
2018-05-14 17:20:00,8743.38,8750.0,8730.0,8730.0,55.454336
2018-05-14 17:25:00,8731.0,8748.47,8685.74,8729.2,343.423328
2018-05-14 17:30:00,8729.19,8733.87,8700.0,8707.14,89.29029
2018-05-14 17:35:00,8707.13,8740.0,8707.13,8721.91,89.075888
2018-05-14 17:40:00,8720.0,8738.0,8713.02,8731.66,40.799305
2018-05-14 17:45:00,8731.67,8757.06,8730.0,8753.88,95.200782
2018-05-14 17:50:00,8753.88,8757.06,8723.4,8729.87,70.574661
2018-05-14 17:55:00,8723.51,8752.69,8723.5,8747.36,116.957212
2018-05-14 18:00:00,8742.0,8755.0,8739.0,8742.18,51.718365
2018-05-14 18:05:00,8742.1,8751.29,8736.52,8750.01,76.595677
2018-05-14 18:10:00,8750.02,8755.25,8736.52,8740.98,73.823127
2018-05-14 18:15:00,8736.53,8746.0,8713.12,8726.63,49.429152
2018-05-14 18:20:00,8719.8,8742.33,8715.75,8730.0,45.693448
2018-05-14 18:25:00,8730.0,8738.73,8722.0,8730.38,23.705865
2018-05-14 18:30:00,8735.86,8748.19,8731.01,8748.19,56.273984
2018-05-14 18:35:00,8738.73,8746.74,8731.01,8732.01,40.184192
2018-05-14 18:40:00,8730.0,8736.45,8717.81,8719.99,56.795208
2018-05-14 18:45:00,8723.0,8724.9,8715.78,8724.01,64.172464
2018-05-14 18:50:00,8724.01,8729.95,8717.01,8720.89,36.516183
2018-05-14 18:55:00,8720.89,8729.95,8716.0,8729.95,49.185353
2018-05-14 19:00:00,8729.45,8776.0,8726.0,8771.88,180.397792
2018-05-14 19:05:00,8771.88,8773.36,8760.0,8763.01,50.236034
2018-05-14 19:10:00,8763.01,8764.98,8727.77,8747.08,100.309938
2018-05-14 19:15:00,8747.08,8766.16,8747.08,8760.31,42.703256
2018-05-14 19:20:00,8758.65,8760.5,8730.0,8749.44,57.594372
2018-05-14 19:25:00,8749.44,8759.44,8745.03,8751.98,22.433694
2018-05-14 19:30:00,8751.48,8776.97,8745.83,8755.07,100.825646
2018-05-14 19:35:00,8756.54,8768.3,8742.0,8748.07,47.050089
2018-05-14 19:40:00,8755.95,8755.97,8735.0,8746.14,33.881897
2018-05-14 19:45:00,8743.97,8746.3,8716.67,8728.99,49.830659
2018-05-14 19:50:00,8725.91,8747.0,8716.27,8744.89,75.569411
2018-05-14 19:55:00,8744.88,8750.04,8736.0,8747.49,31.094818
2018-05-14 20:00:00,8747.45,8750.04,8726.44,8749.69,37.522249
2018-05-14 20:05:00,8746.36,8750.04,8743.0,8743.0,24.574234
2018-05-14 20:10:00,8744.86,8757.3,8743.0,8743.0,46.194879
2018-05-14 20:15:00,8743.0,8757.23,8741.76,8748.78,31.782532
2018-05-14 20:20:00,8753.0,8753.0,8748.0,8751.06,40.904575
2018-05-14 20:25:00,8751.05,8751.7,8739.0,8744.97,33.32837
2018-05-14 20:30:00,8744.97,8795.0,8740.11,8787.14,93.759138
2018-05-14 20:35:00,8790.57,8870.0,8784.0,8868.99,403.928541
2018-05-14 20:40:00,8868.99,8879.99,8841.61,8865.91,212.733654
2018-05-14 20:45:00,8865.91,8868.0,8829.02,8849.96,144.326629
2018-05-14 20:50:00,8849.98,8850.49,8829.02,8836.01,73.609333
2018-05-14 20:55:00,8830.17,8841.46,8791.22,8805.0,139.648453
2018-05-14 21:00:00,8803.0,8834.93,8778.12,8829.0,107.306501
2018-05-14 21:05:00,8826.0,8834.0,8800.0,8832.49,60.026078
2018-05-14 21:10:00,8832.49,8834.9,8811.0,8819.95,100.263844
2018-05-14 21:15:00,8811.1,8825.0,8801.82,8819.81,36.590573
2018-05-14 21:20:00,8824.99,8830.0,8819.79,8829.98,62.489167
2018-05-14 21:25:00,8829.98,8840.0,8817.65,8817.66,83.797037
2018-05-14 21:30:00,8824.0,8824.0,8812.01,8820.0,38.541565
2018-05-14 21:35:00,8821.0,8829.0,8809.37,8828.83,59.781009
2018-05-14 21:40:00,8828.83,8830.0,8820.0,8824.32,42.806128
2018-05-14 21:45:00,8828.5,8828.93,8760.99,8762.4,72.847579
2018-05-14 21:50:00,8762.4,8795.0,8760.95,8788.0,116.850592
2018-05-14 21:55:00,8784.1,8790.0,8700.0,8721.25,236.900325
2018-05-14 22:00:00,8721.25,8739.8,8628.0,8648.0,462.525073
2018-05-14 22:05:00,8647.98,8700.0,8632.36,8671.15,177.268134
2018-05-14 22:10:00,8671.15,8768.13,8670.0,8685.81,253.993512
2018-05-14 22:15:00,8686.5,8705.33,8667.11,8680.94,147.490836
2018-05-14 22:20:00,8672.58,8693.25,8648.99,8667.02,111.203485
2018-05-14 22:25:00,8667.03,8688.0,8654.05,8664.17,104.377078
2018-05-14 22:30:00,8664.17,8667.0,8623.9,8641.0,161.301678
2018-05-14 22:35:00,8641.0,8649.27,8630.01,8633.1,104.918512
2018-05-14 22:40:00,8633.02,8676.49,8618.0,8640.01,190.866091
2018-05-14 22:45:00,8642.89,8681.1,8636.49,8666.5,87.160625
2018-05-14 22:50:00,8666.51,8680.0,8640.0,8640.0,92.116873
2018-05-14 22:55:00,8645.0,8666.55,8601.01,8601.01,185.025886
2018-05-14 23:00:00,8601.01,8643.22,8593.11,8632.0,236.196421
2018-05-14 23:05:00,8634.59,8640.67,8614.95,8619.0,87.501251
2018-05-14 23:10:00,8619.0,8658.73,8618.88,8647.46,103.110257
2018-05-14 23:15:00,8648.0,8659.47,8625.1,8635.07,42.572212
2018-05-14 23:20:00,8635.07,8684.0,8629.01,8661.0,64.853769
2018-05-14 23:25:00,8661.0,8680.3,8647.55,8647.55,38.032421
2018-05-14 23:30:00,8647.55,8647.97,8640.98,8647.36,40.696633
2018-05-14 23:35:00,8647.35,8679.0,8642.2,8670.31,30.286572
2018-05-14 23:40:00,8671.21,8686.04,8660.87,8673.92,42.315826
2018-05-14 23:45:00,8676.15,8685.57,8670.42,8681.01,41.366429
2018-05-14 23:50:00,8685.06,8687.2,8675.0,8675.01,48.887738
2018-05-14 23:55:00,8677.77,8677.77,8656.0,8663.34,48.283534
2018-05-15 00:00:00,8663.37,8679.3,8657.37,8676.71,103.496943
2018-05-15 00:05:00,8676.7,8762.46,8671.0,8745.0,457.558474
2018-05-15 00:10:00,8745.0,8749.99,8701.0,8719.0,78.694406
2018-05-15 00:15:00,8720.13,8743.0,8711.0,8743.0,54.282721
2018-05-15 00:20:00,8743.0,8743.04,8723.89,8735.02,33.213033
2018-05-15 00:25:00,8735.54,8743.42,8701.09,8710.76,51.075943
2018-05-15 00:30:00,8707.3,8735.33,8692.1,8704.95,62.520951
2018-05-15 00:35:00,8700.23,8715.98,8682.0,8700.0,54.292654
2018-05-15 00:40:00,8700.0,8724.0,8700.0,8716.24,27.341589
2018-05-15 00:45:00,8723.99,8723.99,8701.82,8703.96,52.08458
2018-05-15 00:50:00,8703.96,8710.61,8684.5,8703.23,49.127579
2018-05-15 00:55:00,8703.37,8710.35,8692.02,8693.99,27.114015
2018-05-15 01:00:00,8694.0,8722.0,8691.0,8712.0,78.832511
2018-05-15 01:05:00,8712.0,8713.76,8689.03,8697.36,47.413511
2018-05-15 01:10:00,8699.95,8700.0,8642.2,8679.96,99.9945
2018-05-15 01:15:00,8679.95,8679.96,8654.99,8660.0,62.315625
2018-05-15 01:20:00,8658.98,8659.92,8648.79,8651.03,67.887993
2018-05-15 01:25:00,8657.0,8679.79,8651.07,8675.03,60.675093
2018-05-15 01:30:00,8675.03,8679.73,8660.0,8672.34,68.48836
2018-05-15 01:35:00,8677.0,8683.19,8658.79,8658.79,49.306625
2018-05-15 01:40:00,8660.0,8679.7,8658.9,8667.93,18.495603
2018-05-15 01:45:00,8667.93,8677.0,8662.65,8670.0,40.360158
2018-05-15 01:50:00,8669.99,8670.0,8663.0,8670.0,48.128821
2018-05-15 01:55:00,8670.0,8728.0,8669.01,8704.01,124.034637
2018-05-15 02:00:00,8704.0,8735.33,8704.0,8714.01,112.4978
2018-05-15 02:05:00,8714.01,8720.0,8704.29,8716.0,59.119194
2018-05-15 02:10:00,8718.0,8720.0,8681.1,8691.68,44.938957
2018-05-15 02:15:00,8686.15,8698.08,8680.0,8687.42,34.787395
2018-05-15 02:20:00,8698.01,8698.08,8680.0,8688.0,19.134488
2018-05-15 02:25:00,8690.0,8705.0,8688.68,8700.1,59.579507
2018-05-15 02:30:00,8700.1,8704.61,8666.0,8666.0,53.551306
2018-05-15 02:35:00,8666.0,8688.0,8611.0,8685.0,204.400488
2018-05-15 02:40:00,8685.0,8688.68,8652.0,8674.27,91.798147
2018-05-15 02:45:00,8674.27,8683.04,8663.43,8675.03,38.03983
2018-05-15 02:50:00,8675.03,8685.0,8660.47,8661.51,34.317395
2018-05-15 02:55:00,8661.51,8680.0,8650.0,8657.31,49.733245
2018-05-15 03:00:00,8657.39,8671.82,8653.0,8657.4,25.383159
2018-05-15 03:05:00,8662.48,8670.0,8626.56,8650.58,106.132478
2018-05-15 03:10:00,8650.59,8667.3,8644.05,8665.0,85.800607
