time,open,high,low,close,volume
2017-12-31 15:00:00,13328.28,13346.6,13280.0,13300.0,131.066438
2017-12-31 15:15:00,13300.0,13307.31,13084.63,13130.46,154.996676
2017-12-31 15:30:00,13130.45,13175.0,13064.59,13155.0,93.948942
2017-12-31 15:45:00,13143.31,13301.49,13141.86,13212.68,113.000544
2017-12-31 16:00:00,13226.16,13688.04,13192.02,13670.0,291.606672
2017-12-31 16:15:00,13670.0,13860.0,13620.43,13660.0,330.663507
2017-12-31 16:30:00,13650.0,14030.0,13640.1,13936.32,295.766867
2017-12-31 16:45:00,13936.32,13969.98,13831.0,13836.0,230.171172
2017-12-31 17:00:00,13831.01,13836.0,13676.75,13701.99,238.473342
2017-12-31 17:15:00,13701.99,13850.0,13641.01,13786.99,201.929457
2017-12-31 17:30:00,13799.77,13924.6,13764.0,13919.0,134.047351
2017-12-31 17:45:00,13920.31,13924.6,13730.0,13762.99,119.355792
2017-12-31 18:00:00,13776.02,13950.0,13762.99,13860.43,101.126363
2017-12-31 18:15:00,13860.65,13912.57,13777.52,13813.06,97.077239
2017-12-31 18:30:00,13794.55,13844.0,13700.0,13784.0,85.256785
2017-12-31 18:45:00,13770.0,13800.64,13715.37,13737.1,61.732108
2017-12-31 19:00:00,13745.0,13820.01,13739.59,13820.0,87.426804
2017-12-31 19:15:00,13820.0,13875.0,13758.0,13773.99,87.410433
2017-12-31 19:30:00,13773.99,13820.78,13700.0,13785.05,65.333027
2017-12-31 19:45:00,13785.02,13805.0,13733.35,13780.16,37.871278
2017-12-31 20:00:00,13783.09,13956.57,13780.13,13881.26,95.745017
2017-12-31 20:15:00,13881.26,13960.0,13802.0,13915.75,65.100458
2017-12-31 20:30:00,13915.75,14010.0,13891.2,14010.0,80.422198
2017-12-31 20:45:00,14010.0,14050.11,13926.0,13971.95,106.634661
2017-12-31 21:00:00,13971.95,13976.3,13901.0,13942.27,91.942502
2017-12-31 21:15:00,13942.27,13975.1,13911.6,13920.03,54.117742
2017-12-31 21:30:00,13967.26,14005.0,13901.07,13915.22,60.598319
2017-12-31 21:45:00,13903.0,13976.92,13900.01,13940.99,33.125899
2017-12-31 22:00:00,13930.0,14012.0,13904.0,13911.0,77.166899
2017-12-31 22:15:00,13911.0,13934.12,13869.14,13898.98,53.350776
2017-12-31 22:30:00,13899.0,13978.98,13873.18,13899.93,47.591281
2017-12-31 22:45:00,13900.0,13927.0,13782.0,13820.5,108.175265
2017-12-31 23:00:00,13829.97,13829.99,13700.01,13733.71,56.587183
2017-12-31 23:15:00,13733.71,13733.71,13645.03,13724.0,89.735307
2017-12-31 23:30:00,13721.05,13818.64,13721.05,13755.27,53.22404
2017-12-31 23:45:00,13755.27,13755.27,13651.0,13716.36,46.906576
2018-01-01 00:00:00,13715.65,13715.65,13400.01,13556.15,123.616013
2018-01-01 00:15:00,13533.75,13550.87,13402.0,13521.12,98.13643
2018-01-01 00:30:00,13500.0,13545.37,13450.0,13470.41,79.904037
2018-01-01 00:45:00,13494.65,13690.87,13450.0,13529.01,141.699719
2018-01-01 01:00:00,13528.99,13571.74,13402.28,13445.63,72.537533
2018-01-01 01:15:00,13469.99,13595.89,13445.63,13560.0,87.861758
2018-01-01 01:30:00,13559.99,13559.99,13430.0,13440.01,74.368405
2018-01-01 01:45:00,13440.01,13440.01,13155.38,13203.06,148.92931
2018-01-01 02:00:00,13203.0,13411.76,13202.03,13387.0,108.54247
2018-01-01 02:15:00,13387.0,13388.0,13225.0,13225.0,95.186039
2018-01-01 02:30:00,13247.8,13349.99,13200.0,13321.08,111.719503
2018-01-01 02:45:00,13338.97,13418.43,13260.09,13330.18,113.61656
2018-01-01 03:00:00,13330.26,13450.76,13290.0,13444.99,89.019514
2018-01-01 03:15:00,13440.0,13611.27,13440.0,13562.37,112.273306
2018-01-01 03:30:00,13562.37,13611.01,13400.0,13500.0,105.619306
2018-01-01 03:45:00,13510.0,13510.0,13400.04,13410.03,113.174904
2018-01-01 04:00:00,13434.98,13483.07,13322.15,13351.71,94.759633
2018-01-01 04:15:00,13354.99,13449.89,13323.55,13430.0,70.563137
2018-01-01 04:30:00,13429.99,13550.0,13401.94,13507.41,68.943608
2018-01-01 04:45:00,13507.41,13623.29,13465.41,13601.01,106.540951
2018-01-01 05:00:00,13615.2,13677.83,13552.02,13627.14,185.935937
2018-01-01 05:15:00,13600.0,13699.0,13532.57,13618.51,103.502867
2018-01-01 05:30:00,13618.51,13629.0,13530.0,13580.01,70.523393
2018-01-01 05:45:00,13558.95,13600.0,13526.5,13558.99,44.266849
2018-01-01 06:00:00,13539.0,13571.63,13510.0,13532.32,58.377845
2018-01-01 06:15:00,13532.0,13701.13,13510.51,13687.76,99.588918
2018-01-01 06:30:00,13687.76,13750.0,13620.01,13722.47,52.257108
2018-01-01 06:45:00,13722.48,13800.0,13702.1,13780.41,54.765813
2018-01-01 07:00:00,13780.0,13818.55,13670.0,13775.0,84.038319
2018-01-01 07:15:00,13774.99,13775.99,13600.0,13698.0,74.45332
2018-01-01 07:30:00,13698.0,13775.0,13590.0,13644.95,89.776654
2018-01-01 07:45:00,13644.97,13659.97,13555.02,13570.35,43.920484
2018-01-01 08:00:00,13569.98,13665.0,13520.0,13656.23,58.542067
2018-01-01 08:15:00,13656.23,13735.24,13610.27,13632.89,58.900513
2018-01-01 08:30:00,13614.33,13649.96,13400.0,13434.71,104.766871
2018-01-01 08:45:00,13415.0,13508.69,13414.76,13499.99,49.604102
2018-01-01 09:00:00,13499.97,13599.98,13459.11,13589.83,55.827255
2018-01-01 09:15:00,13556.88,13650.0,13531.19,13549.77,55.580387
2018-01-01 09:30:00,13531.82,13610.0,13510.01,13599.99,50.137197
2018-01-01 09:45:00,13599.99,13670.0,13571.33,13616.99,51.55099
2018-01-01 10:00:00,13632.0,13657.92,13540.33,13550.0,50.432284
2018-01-01 10:15:00,13550.0,13560.98,13497.98,13549.03,47.520692
2018-01-01 10:30:00,13548.35,13603.77,13515.12,13586.51,43.999806
2018-01-01 10:45:00,13585.91,13590.88,13515.14,13570.01,27.559414
2018-01-01 11:00:00,13573.0,13589.89,13150.0,13251.76,214.320181
2018-01-01 11:15:00,13251.76,13270.58,13023.8,13079.98,188.433737
2018-01-01 11:30:00,13050.02,13225.32,13001.13,13132.0,164.858494
2018-01-01 11:45:00,13132.83,13222.86,13100.0,13220.56,97.721941
2018-01-01 12:00:00,13220.56,13300.0,13191.01,13247.41,71.520918
2018-01-01 12:15:00,13247.38,13247.38,13056.23,13146.15,67.242759
2018-01-01 12:30:00,13146.81,13245.55,13146.28,13200.01,66.739212
2018-01-01 12:45:00,13200.01,13225.0,13117.72,13172.42,54.989819
2018-01-01 13:00:00,13150.05,13200.41,12815.7,13041.03,197.110695
2018-01-01 13:15:00,13041.03,13056.88,12932.61,12977.16,90.293549
2018-01-01 13:30:00,12977.16,13104.79,12921.72,13079.97,79.3031
2018-01-01 13:45:00,13072.61,13083.03,12930.38,13017.0,85.193782
2018-01-01 14:00:00,12999.71,13035.32,12750.0,12870.12,210.409411
2018-01-01 14:15:00,12870.12,13245.0,12750.0,12927.0,183.836708
2018-01-01 14:30:00,12927.01,13026.9,12833.04,13000.01,131.318623
2018-01-01 14:45:00,13000.0,13245.0,12999.53,13211.39,166.90262
2018-01-01 15:00:00,13211.39,13231.94,13120.38,13165.78,107.596954
2018-01-01 15:15:00,13179.24,13330.0,13128.0,13312.79,115.077231
2018-01-01 15:30:00,13312.79,13320.0,13220.0,13245.0,140.092013
2018-01-01 15:45:00,13228.31,13302.3,13222.01,13247.0,64.305759
2018-01-01 16:00:00,13247.0,13247.08,13150.0,13188.0,93.75951
2018-01-01 16:15:00,13190.0,13199.99,13020.01,13066.06,95.325962
2018-01-01 16:30:00,13066.1,13149.07,12966.42,13149.07,86.081466
2018-01-01 16:45:00,13149.07,13200.0,13000.0,13018.0,92.226628
2018-01-01 17:00:00,13018.0,13143.09,13000.0,13099.0,67.79713
2018-01-01 17:15:00,13100.0,13198.98,13042.71,13140.0,58.089387
2018-01-01 17:30:00,13149.0,13165.99,13001.0,13080.1,46.581163
2018-01-01 17:45:00,13078.4,13137.96,13000.0,13022.0,56.104348
2018-01-01 18:00:00,13007.87,13100.0,12940.0,13029.72,49.342048
2018-01-01 18:15:00,13045.14,13256.28,13011.51,13180.09,95.697865
2018-01-01 18:30:00,13180.18,13211.17,13138.66,13194.99,46.416964
2018-01-01 18:45:00,13180.05,13195.51,13100.95,13135.0,52.909878
2018-01-01 19:00:00,13135.0,13189.26,13106.61,13149.69,56.822148
2018-01-01 19:15:00,13150.0,13238.0,13123.54,13200.0,57.747865
2018-01-01 19:30:00,13210.0,13280.0,13155.09,13260.31,71.309493
2018-01-01 19:45:00,13260.31,13290.65,13181.21,13240.37,66.125379
2018-01-01 20:00:00,13222.03,13440.38,13222.03,13421.03,133.602363
2018-01-01 20:15:00,13437.11,13455.0,13355.0,13380.0,98.482083
2018-01-01 20:30:00,13382.37,13472.0,13374.48,13466.0,105.85318
2018-01-01 20:45:00,13469.37,13470.04,13360.0,13399.24,74.089242
2018-01-01 21:00:00,13399.23,13551.99,13380.82,13518.46,117.586764
2018-01-01 21:15:00,13514.0,13536.0,13463.0,13516.78,64.669614
2018-01-01 21:30:00,13511.03,13580.67,13475.0,13498.03,81.320123
2018-01-01 21:45:00,13498.03,13545.0,13480.0,13481.01,63.346634
2018-01-01 22:00:00,13494.99,13593.0,13456.0,13580.0,94.150966
2018-01-01 22:15:00,13580.02,13599.7,13515.96,13537.09,67.23308
2018-01-01 22:30:00,13538.4,13560.0,13456.49,13539.9,58.675198
2018-01-01 22:45:00,13539.9,13567.71,13450.96,13452.0,83.242141
2018-01-01 23:00:00,13455.24,13500.0,13357.0,13425.15,125.612322
2018-01-01 23:15:00,13425.15,13441.44,13355.01,13415.0,68.226373
2018-01-01 23:30:00,13426.33,13500.0,13390.0,13427.48,72.797625
2018-01-01 23:45:00,13427.48,13454.47,13365.0,13380.0,78.582175
2018-01-02 00:00:00,13382.16,13539.54,13382.16,13490.42,91.126953
2018-01-02 00:15:00,13480.01,13700.04,13467.22,13700.04,82.646188
2018-01-02 00:30:00,13700.0,13850.0,13689.71,13715.0,189.063763
2018-01-02 00:45:00,13715.0,13770.0,13672.89,13750.01,103.75921
2018-01-02 01:00:00,13769.98,13800.0,13659.45,13662.13,160.355072
2018-01-02 01:15:00,13681.65,13717.52,13662.16,13686.0,89.270882
2018-01-02 01:30:00,13686.0,13700.0,13600.0,13636.41,135.893836
2018-01-02 01:45:00,13648.9,13702.59,13590.0,13600.0,131.942135
2018-01-02 02:00:00,13611.93,13678.33,13538.39,13582.0,205.252396
2018-01-02 02:15:00,13582.0,13635.76,13407.98,13437.17,238.157918
2018-01-02 02:30:00,13437.11,13550.0,13398.0,13504.02,150.339392
2018-01-02 02:45:00,13485.44,13583.0,13480.48,13522.0,120.785075
2018-01-02 03:00:00,13520.32,13539.98,13309.0,13320.06,147.0058
2018-01-02 03:15:00,13313.36,13402.59,13231.96,13400.0,237.960484
2018-01-02 03:30:00,13400.0,13449.76,13326.86,13421.25,144.716881
2018-01-02 03:45:00,13402.73,13447.89,13306.0,13353.78,137.256941
2018-01-02 04:00:00,13353.78,13467.78,13306.0,13435.74,190.165912
2018-01-02 04:15:00,13435.74,13480.84,13012.0,13047.0,265.916575
2018-01-02 04:30:00,13047.0,13130.98,12890.02,13071.0,388.20198
2018-01-02 04:45:00,13071.0,13200.0,13062.12,13127.31,148.13446
2018-01-02 05:00:00,13129.03,13244.99,13107.07,13190.28,164.134921
2018-01-02 05:15:00,13212.25,13239.09,13100.02,13176.2,176.869874
2018-01-02 05:30:00,13176.19,13208.82,13090.7,13167.87,130.342967
2018-01-02 05:45:00,13141.0,13214.02,13135.0,13166.95,128.654949
2018-01-02 06:00:00,13166.95,13187.22,13041.5,13089.98,98.084905
2018-01-02 06:15:00,13089.98,13240.0,13070.8,13220.07,177.501279
2018-01-02 06:30:00,13204.0,13300.0,13150.1,13290.2,272.509484
2018-01-02 06:45:00,13290.2,13338.66,13237.48,13255.98,174.214367
2018-01-02 07:00:00,13256.07,13276.2,13164.03,13213.94,164.716552
2018-01-02 07:15:00,13213.95,13264.93,13150.0,13235.0,183.35416
2018-01-02 07:30:00,13235.0,13332.1,13235.0,13325.31,139.724345
2018-01-02 07:45:00,13300.0,13359.98,13290.11,13343.0,177.789323
2018-01-02 08:00:00,13343.01,13400.0,13316.68,13399.94,147.338814
2018-01-02 08:15:00,13399.94,13440.0,13334.99,13350.0,207.251216
2018-01-02 08:30:00,13350.01,13379.97,13324.27,13345.06,188.664158
2018-01-02 08:45:00,13345.09,13375.06,13302.59,13326.09,202.389475
2018-01-02 09:00:00,13342.97,13518.68,13326.1,13480.0,167.349601
2018-01-02 09:15:00,13486.7,13499.99,13370.03,13451.06,150.976077
2018-01-02 09:30:00,13451.95,13499.98,13379.3,13450.49,112.69591
2018-01-02 09:45:00,13450.49,13523.46,13366.8,13452.0,80.521182
2018-01-02 10:00:00,13460.0,13554.0,13401.6,13539.87,171.949464
2018-01-02 10:15:00,13539.0,13549.0,13520.0,13520.01,172.948797
2018-01-02 10:30:00,13520.01,13587.99,13475.42,13559.99,172.375963
2018-01-02 10:45:00,13542.0,13617.28,13500.21,13560.0,137.180367
2018-01-02 11:00:00,13566.5,13573.0,13480.0,13500.01,213.958235
2018-01-02 11:15:00,13512.89,13538.04,13475.26,13503.8,157.126006
2018-01-02 11:30:00,13506.9,13510.0,13401.05,13420.0,158.055205
2018-01-02 11:45:00,13414.74,13499.0,13408.53,13490.0,155.402204
2018-01-02 12:00:00,13490.0,13589.0,13480.01,13550.98,155.538893
2018-01-02 12:15:00,13550.98,13590.0,13517.44,13566.28,124.752858
2018-01-02 12:30:00,13576.99,13588.98,13500.1,13509.0,196.572268
2018-01-02 12:45:00,13507.01,13537.0,13450.46,13489.04,194.341924
2018-01-02 13:00:00,13489.04,13757.22,13470.41,13712.14,276.98791
2018-01-02 13:15:00,13729.97,13729.98,13553.0,13680.0,300.363626
2018-01-02 13:30:00,13680.0,13822.05,13630.0,13815.01,220.219983
2018-01-02 13:45:00,13815.01,13875.0,13755.34,13864.98,239.264811
2018-01-02 14:00:00,13864.95,13894.86,13695.0,13717.76,189.464869
2018-01-02 14:15:00,13741.1,13798.96,13649.92,13760.0,185.556579
2018-01-02 14:30:00,13760.0,13790.0,13700.0,13730.0,172.624244
2018-01-02 14:45:00,13730.0,13750.0,13630.0,13664.4,157.535035
2018-01-02 15:00:00,13661.21,13739.89,13652.01,13670.03,195.131876
2018-01-02 15:15:00,13678.0,13687.99,13538.74,13589.0,257.539536
2018-01-02 15:30:00,13591.01,13608.98,13510.0,13608.95,250.602706
2018-01-02 15:45:00,13597.65,13738.0,13582.59,13690.03,249.38239
2018-01-02 16:00:00,13690.02,13800.0,13684.02,13768.0,228.608147
2018-01-02 16:15:00,13784.91,13842.88,13769.59,13807.99,291.58196
2018-01-02 16:30:00,13807.99,13824.18,13684.02,13690.02,242.957223
2018-01-02 16:45:00,13711.0,13749.0,13584.99,13590.02,257.709426
2018-01-02 17:00:00,13599.99,13725.0,13584.0,13679.24,259.893699
2018-01-02 17:15:00,13679.24,13793.0,13647.89,13768.02,230.387429
2018-01-02 17:30:00,13785.17,13795.0,13503.0,13697.0,215.187689
2018-01-02 17:45:00,13697.0,13799.65,13690.0,13780.0,112.032288
2018-01-02 18:00:00,13789.98,14067.99,13755.43,14024.99,337.511803
2018-01-02 18:15:00,14005.01,14388.88,13900.04,14370.0,343.775542
2018-01-02 18:30:00,14370.02,14700.0,14370.01,14682.93,482.436951
2018-01-02 18:45:00,14682.92,14750.0,14270.43,14580.0,409.879254
2018-01-02 19:00:00,14576.87,14935.69,14480.0,14930.0,272.987374
2018-01-02 19:15:00,14930.0,15473.49,14873.19,15100.0,506.814852
2018-01-02 19:30:00,15100.0,15187.94,14680.0,14900.0,592.2957
2018-01-02 19:45:00,14900.0,14919.77,14649.5,14732.75,306.214146
2018-01-02 20:00:00,14710.02,15160.31,14710.0,15059.94,300.095213
2018-01-02 20:15:00,15059.94,15150.0,14878.21,15113.09,318.419466
2018-01-02 20:30:00,15113.09,15113.09,14903.0,14955.01,281.97536
2018-01-02 20:45:00,14973.97,14975.0,14723.02,14751.0,250.038453
2018-01-02 21:00:00,14751.0,14944.99,14751.0,14919.99,170.789852
2018-01-02 21:15:00,14919.99,14920.0,14551.03,14600.0,254.393445
2018-01-02 21:30:00,14600.01,14725.09,14571.91,14634.97,254.078279
2018-01-02 21:45:00,14634.97,14755.0,14544.0,14692.4,227.582245
2018-01-02 22:00:00,14700.0,14897.71,14685.01,14897.71,185.831303
2018-01-02 22:15:00,14897.71,15025.0,14850.0,14924.93,229.469833
2018-01-02 22:30:00,14902.57,14925.0,14730.01,14754.83,222.313632
2018-01-02 22:45:00,14769.96,14859.0,14750.82,14799.96,220.570505
2018-01-02 23:00:00,14799.97,14866.51,14694.51,14710.0,178.884232
2018-01-02 23:15:00,14719.99,14759.99,14600.0,14717.02,212.537829
2018-01-02 23:30:00,14717.02,14776.65,14617.19,14735.0,189.579885
2018-01-02 23:45:00,14753.17,14887.08,14675.11,14675.11,183.347935
2018-01-03 00:00:00,14690.0,14773.0,14675.11,14750.01,126.449936
2018-01-03 00:15:00,14750.01,14926.22,14660.0,14835.99,180.649098
2018-01-03 00:30:00,14834.58,14899.98,14727.64,14750.05,182.93515
2018-01-03 00:45:00,14763.21,14798.64,14670.0,14774.53,171.434432
2018-01-03 01:00:00,14758.01,14853.53,14720.0,14816.99,246.924015
2018-01-03 01:15:00,14780.12,14838.96,14689.99,14709.54,199.394236
2018-01-03 01:30:00,14700.0,14772.99,14660.0,14770.0,146.750464
2018-01-03 01:45:00,14779.0,14849.0,14760.4,14820.0,195.248799
2018-01-03 02:00:00,14847.97,14847.97,14744.99,14759.0,152.682541
2018-01-03 02:15:00,14760.0,14863.95,14750.16,14837.17,148.682799
2018-01-03 02:30:00,14861.99,15000.04,14772.04,14988.89,237.579134
2018-01-03 02:45:00,14970.01,15119.9,14947.44,15008.07,283.914378
2018-01-03 03:00:00,15008.07,15200.0,14977.01,15170.02,212.593518
2018-01-03 03:15:00,15172.0,15299.99,15073.03,15093.71,271.525565
2018-01-03 03:30:00,15091.02,15099.99,14906.88,15000.01,267.948739
2018-01-03 03:45:00,15010.0,15020.0,14750.0,14818.49,279.120786
2018-01-03 04:00:00,14805.81,14957.56,14795.05,14879.99,135.334872
2018-01-03 04:15:00,14879.99,15020.0,14855.26,14960.0,143.841923
2018-01-03 04:30:00,14950.06,15056.8,14921.0,15053.39,195.549885
2018-01-03 04:45:00,15053.4,15117.56,14969.36,15019.66,306.294662
2018-01-03 05:00:00,15031.01,15094.0,14900.0,15038.62,240.017596
2018-01-03 05:15:00,15033.87,15095.0,14990.0,15063.0,227.757728
2018-01-03 05:30:00,15063.0,15114.98,15016.05,15016.16,180.635523
2018-01-03 05:45:00,15051.93,15100.0,14980.88,14988.0,211.97233
2018-01-03 06:00:00,14980.89,15000.0,14889.5,14959.9,226.748359
2018-01-03 06:15:00,14959.9,15042.68,14858.01,14884.28,218.198236
2018-01-03 06:30:00,14889.15,15100.0,14880.93,15099.0,213.486769
2018-01-03 06:45:00,15099.0,15276.13,15099.0,15242.63,250.254332
2018-01-03 07:00:00,15242.64,15300.01,15189.09,15280.62,175.723094
2018-01-03 07:15:00,15275.31,15307.56,15165.0,15185.02,166.605
2018-01-03 07:30:00,15185.01,15265.0,15130.24,15160.0,146.291875
2018-01-03 07:45:00,15158.57,15231.51,15135.9,15170.0,172.989883
2018-01-03 08:00:00,15170.0,15172.99,14910.0,14975.0,257.622957
2018-01-03 08:15:00,14974.98,15050.0,14900.0,14950.0,241.666106
2018-01-03 08:30:00,14968.02,15113.49,14950.0,15086.0,201.905635
2018-01-03 08:45:00,15086.0,15113.49,15000.0,15002.59,194.74006
2018-01-03 09:00:00,15002.59,15048.0,14749.54,14808.99,357.76452
2018-01-03 09:15:00,14809.0,14849.23,14620.0,14695.02,323.948661
2018-01-03 09:30:00,14720.0,14836.69,14602.44,14755.08,293.854951
2018-01-03 09:45:00,14755.08,14779.89,14440.0,14519.99,266.336644
2018-01-03 10:00:00,14501.05,14855.0,14150.0,14276.02,465.766359
2018-01-03 10:15:00,14271.24,14426.06,14150.0,14426.06,348.659283
2018-01-03 10:30:00,14430.0,14480.84,14299.98,14401.52,245.850207
2018-01-03 10:45:00,14401.53,14465.99,14360.35,14455.55,210.758169
2018-01-03 11:00:00,14455.55,14638.0,14200.0,14571.77,217.353044
2018-01-03 11:15:00,14571.77,14609.03,14498.27,14548.94,148.156049
2018-01-03 11:30:00,14537.15,14749.65,14537.15,14749.63,164.968149
2018-01-03 11:45:00,14749.63,14771.84,14666.0,14730.05,263.452148
2018-01-03 12:00:00,14764.73,14799.0,14651.0,14691.01,230.415225
2018-01-03 12:15:00,14693.67,14770.59,14670.0,14680.0,113.264682
2018-01-03 12:30:00,14691.88,14717.23,14560.04,14616.0,119.057779
2018-01-03 12:45:00,14616.0,14646.03,14400.04,14450.0,151.797269
2018-01-03 13:00:00,14469.0,14649.98,14401.07,14618.0,100.219765
2018-01-03 13:15:00,14620.0,14693.52,14600.0,14678.98,71.724284
2018-01-03 13:30:00,14678.98,14800.0,14650.95,14775.05,96.508603
2018-01-03 13:45:00,14775.05,14890.0,14759.49,14855.02,112.14028
2018-01-03 14:00:00,14859.98,14940.0,14818.0,14900.97,151.270319
2018-01-03 14:15:00,14910.0,15045.51,14880.0,14957.02,151.09397
2018-01-03 14:30:00,14958.89,14983.82,14758.0,14845.14,139.361078
2018-01-03 14:45:00,14845.14,14879.56,14780.0,14790.11,139.96519
2018-01-03 15:00:00,14812.97,14965.0,14790.13,14956.0,161.550488
2018-01-03 15:15:00,14950.0,14960.02,14870.91,14921.76,130.921744
2018-01-03 15:30:00,14921.76,14935.0,14818.49,14935.0,104.048974
2018-01-03 15:45:00,14935.0,15033.77,14899.98,15033.77,109.394475
2018-01-03 16:00:00,15045.0,15130.0,15000.59,15115.63,119.506886
2018-01-03 16:15:00,15115.63,15127.4,15031.0,15068.48,127.060786
2018-01-03 16:30:00,15068.48,15079.0,14901.93,14983.98,145.877307
2018-01-03 16:45:00,14983.98,15048.0,14922.5,15010.06,85.42198
2018-01-03 17:00:00,15011.0,15057.2,14940.0,14955.99,85.471934
2018-01-03 17:15:00,14955.99,15049.98,14946.05,14997.97,125.080197
2018-01-03 17:30:00,14975.29,14999.0,14946.0,14959.89,72.286645
2018-01-03 17:45:00,14959.0,14966.8,14779.83,14800.0,106.241317
2018-01-03 18:00:00,14800.0,14899.86,14779.98,14820.03,119.505688
2018-01-03 18:15:00,14828.0,14869.65,14720.01,14793.46,102.842893
2018-01-03 18:30:00,14768.55,14830.0,14697.99,14754.9,114.661145
2018-01-03 18:45:00,14755.07,14819.0,14705.12,14749.97,93.98956
2018-01-03 19:00:00,14710.0,14818.97,14671.0,14773.99,122.707023
2018-01-03 19:15:00,14755.11,14828.0,14723.0,14809.98,87.37345
2018-01-03 19:30:00,14810.0,14846.13,14750.98,14810.01,88.19996
2018-01-03 19:45:00,14810.01,14821.99,14700.01,14700.01,63.470582
2018-01-03 20:00:00,14700.01,14767.0,14683.0,14733.48,80.041482
2018-01-03 20:15:00,14747.91,14818.0,14708.23,14716.32,79.483527
2018-01-03 20:30:00,14731.0,14814.0,14720.0,14789.0,65.834016
2018-01-03 20:45:00,14789.0,14950.0,14779.95,14926.01,118.318856
2018-01-03 21:00:00,14939.11,14949.9,14860.0,14870.0,63.815006
2018-01-03 21:15:00,14870.02,14897.98,14831.53,14867.29,22.255306
2018-01-03 21:30:00,14867.29,14949.0,14830.0,14914.08,37.682389
2018-01-03 21:45:00,14942.0,14990.0,14861.61,14926.96,67.883615
2018-01-03 22:00:00,14926.96,14949.0,14853.49,14931.0,66.071929
2018-01-03 22:15:00,14931.0,14943.0,14891.91,14900.0,29.718858
2018-01-03 22:30:00,14900.0,14900.0,14801.0,14888.0,56.757846
2018-01-03 22:45:00,14885.26,14889.0,14799.64,14799.91,108.110532
2018-01-03 23:00:00,14792.32,14850.0,14760.0,14795.0,71.803085
2018-01-03 23:15:00,14799.01,14800.0,14710.0,14771.02,201.652385
2018-01-03 23:30:00,14771.02,14798.98,14715.0,14790.04,182.616475
2018-01-03 23:45:00,14790.04,14940.82,14770.0,14919.51,192.852255
2018-01-04 00:00:00,14919.51,14948.0,14750.0,14810.25,194.505609
2018-01-04 00:15:00,14810.25,14810.25,14750.0,14796.98,320.279636
2018-01-04 00:30:00,14796.98,14804.11,14710.25,14803.11,201.04748
2018-01-04 00:45:00,14804.11,14804.11,14753.0,14753.76,105.014015
2018-01-04 01:00:00,14765.65,14810.24,14649.99,14700.99,249.548482
2018-01-04 01:15:00,14700.99,14731.0,14673.9,14731.0,388.765138
2018-01-04 01:30:00,14728.12,14880.3,14725.23,14869.0,217.011419
2018-01-04 01:45:00,14850.29,15179.0,14850.29,15172.12,326.302224
2018-01-04 02:00:00,15175.0,15280.0,15152.01,15180.01,277.085619
2018-01-04 02:15:00,15179.99,15280.0,15062.49,15251.92,276.445384
2018-01-04 02:30:00,15230.02,15265.99,15200.0,15233.13,259.1988
2018-01-04 02:45:00,15249.95,15249.97,15059.0,15110.9,242.696659
2018-01-04 03:00:00,15110.9,15119.98,15110.9,15119.97,4.635181
2018-01-04 05:00:00,15119.97,15119.97,14850.0,14913.99,225.338747
2018-01-04 05:15:00,14914.0,14919.23,14730.0,14752.02,263.864839
2018-01-04 05:30:00,14752.02,14924.21,14730.01,14885.0,186.632784
2018-01-04 05:45:00,14885.0,14924.22,14865.0,14875.1,213.007581
2018-01-04 06:00:00,14890.0,15099.09,14850.01,15099.09,299.641716
2018-01-04 06:15:00,15068.16,15100.0,15000.01,15050.0,150.324374
2018-01-04 06:30:00,15050.0,15060.0,14892.04,15049.98,200.134947
2018-01-04 06:45:00,15044.48,15060.0,14891.04,14899.01,217.517355
2018-01-04 07:00:00,14899.01,14900.0,14810.98,14815.01,183.068832
2018-01-04 07:15:00,14820.0,14829.99,14685.0,14762.93,332.700671
2018-01-04 07:30:00,14759.62,14800.0,14699.99,14790.0,297.990048
2018-01-04 07:45:00,14790.0,14794.0,14701.0,14748.0,269.678548
2018-01-04 08:00:00,14734.07,14800.0,14734.05,14769.91,202.922113
2018-01-04 08:15:00,14769.91,14781.41,14538.68,14538.68,272.609711
2018-01-04 08:30:00,14550.0,14550.0,14235.0,14318.0,380.781762
2018-01-04 08:45:00,14283.01,14453.28,14211.69,14221.05,351.254456
2018-01-04 09:00:00,14221.05,14350.0,13918.04,14312.54,497.353963
2018-01-04 09:15:00,14310.0,14400.0,14221.08,14399.99,224.451452
2018-01-04 09:30:00,14356.77,14373.55,14233.0,14298.99,181.209003
2018-01-04 09:45:00,14296.99,14410.05,14260.02,14299.01,218.473332
2018-01-04 10:00:00,14299.01,14450.0,14214.8,14329.97,266.048722
2018-01-04 10:15:00,14329.98,14394.95,14219.71,14375.84,185.374628
2018-01-04 10:30:00,14375.83,14500.0,14300.0,14500.0,309.306435
2018-01-04 10:45:00,14499.0,14523.94,14423.94,14429.0,276.310978
2018-01-04 11:00:00,14427.0,14428.99,14280.0,14323.48,272.39561
2018-01-04 11:15:00,14323.47,14418.88,14282.0,14400.01,267.428671
2018-01-04 11:30:00,14400.0,14500.0,14400.0,14499.0,238.098264
2018-01-04 11:45:00,14500.0,14571.78,14490.0,14539.97,195.532951
2018-01-04 12:00:00,14539.99,14653.4,14537.0,14556.43,271.581379
2018-01-04 12:15:00,14572.93,14599.0,14434.33,14434.34,185.723711
2018-01-04 12:30:00,14434.35,14488.45,14181.88,14210.0,224.265678
2018-01-04 12:45:00,14210.0,14439.86,14200.0,14398.97,233.837826
2018-01-04 13:00:00,14398.97,14530.13,14360.01,14431.04,218.044481
2018-01-04 13:15:00,14438.51,14549.99,14429.93,14520.0,189.810835
2018-01-04 13:30:00,14524.98,14600.02,14509.97,14536.47,240.211992
2018-01-04 13:45:00,14536.47,14570.0,14498.9,14518.95,224.751148
2018-01-04 14:00:00,14518.95,14550.01,14450.0,14485.99,190.26971
2018-01-04 14:15:00,14462.94,14486.0,14404.99,14451.86,175.087108
2018-01-04 14:30:00,14451.85,14508.0,14420.0,14459.0,261.353734
2018-01-04 14:45:00,14459.0,14600.8,14454.24,14513.06,336.08832
2018-01-04 15:00:00,14501.05,14534.58,14380.35,14465.01,401.609359
2018-01-04 15:15:00,14465.01,14494.99,14303.0,14321.01,295.398365
2018-01-04 15:30:00,14321.01,14469.97,14270.01,14446.84,233.56012
2018-01-04 15:45:00,14400.02,14446.84,14345.0,14353.01,279.237419
2018-01-04 16:00:00,14367.99,14368.98,14238.01,14270.0,322.855943
2018-01-04 16:15:00,14271.42,14399.99,14270.0,14374.99,236.849272
2018-01-04 16:30:00,14374.99,14459.37,14368.99,14380.01,238.39648
2018-01-04 16:45:00,14380.01,14494.99,14300.0,14469.97,331.628927
2018-01-04 17:00:00,14469.97,14542.97,14400.97,14521.0,259.889964
2018-01-04 17:15:00,14521.0,14582.0,14515.0,14582.0,249.196738
2018-01-04 17:30:00,14580.99,14638.98,14532.05,14585.0,211.59222
2018-01-04 17:45:00,14585.0,14648.89,14579.91,14648.89,144.949352
2018-01-04 18:00:00,14648.0,14864.0,14630.0,14819.84,225.970622
2018-01-04 18:15:00,14830.0,14839.98,14679.5,14744.99,202.439888
2018-01-04 18:30:00,14744.99,14825.0,14704.0,14819.98,168.201304
2018-01-04 18:45:00,14819.98,14849.63,14800.0,14811.0,182.43795
2018-01-04 19:00:00,14805.01,14830.0,14725.0,14805.0,222.280561
2018-01-04 19:15:00,14804.99,14830.0,14720.05,14775.04,197.979648
2018-01-04 19:30:00,14775.04,14897.99,14740.01,14865.11,281.793541
2018-01-04 19:45:00,14865.12,14988.0,14850.0,14895.19,160.153716
2018-01-04 20:00:00,14905.0,14992.0,14867.78,14981.0,226.121271
2018-01-04 20:15:00,14985.0,15005.0,14929.01,15004.99,285.695482
2018-01-04 20:30:00,15000.99,15011.0,14830.0,14946.0,271.305936
2018-01-04 20:45:00,14946.0,14950.0,14722.65,14799.02,344.839597
2018-01-04 21:00:00,14799.01,14864.48,14750.49,14778.49,196.826424
2018-01-04 21:15:00,14778.5,14900.0,14733.03,14898.0,174.083032
2018-01-04 21:30:00,14900.0,14931.58,14798.27,14900.32,150.338371
2018-01-04 21:45:00,14906.67,14944.97,14785.01,14797.88,185.975947
2018-01-04 22:00:00,14797.89,14890.0,14753.03,14753.03,153.810497
2018-01-04 22:15:00,14753.03,14774.0,14601.0,14760.0,260.061081
2018-01-04 22:30:00,14764.03,14900.0,14755.7,14880.58,140.395347
2018-01-04 22:45:00,14857.83,14979.0,14857.82,14939.39,208.026777
2018-01-04 23:00:00,14895.95,14939.36,14774.25,14800.0,249.906361
2018-01-04 23:15:00,14800.0,14925.96,14795.0,14923.19,234.118493
2018-01-04 23:30:00,14925.14,15000.0,14890.02,14999.99,175.907391
2018-01-04 23:45:00,14999.99,15100.08,14963.5,15059.54,232.802117
2018-01-05 00:00:00,15059.56,15096.99,14889.66,14911.02,199.606012
2018-01-05 00:15:00,14911.02,14911.02,14802.0,14884.99,161.356453
2018-01-05 00:30:00,14850.04,14948.0,14833.42,14920.0,171.677411
2018-01-05 00:45:00,14920.0,14960.0,14893.12,14906.01,168.643172
2018-01-05 01:00:00,14908.01,14968.49,14891.69,14938.96,180.900148
2018-01-05 01:15:00,14935.0,15029.71,14847.35,14973.0,237.205605
2018-01-05 01:30:00,14973.01,15100.0,14973.0,15071.4,282.046242
2018-01-05 01:45:00,15074.99,15098.15,15000.0,15040.0,222.570978
2018-01-05 02:00:00,15038.04,15198.0,15038.04,15147.98,252.36915
2018-01-05 02:15:00,15133.0,15200.0,15115.03,15185.98,238.565477
2018-01-05 02:30:00,15130.02,15185.99,15115.03,15132.03,234.440635
2018-01-05 02:45:00,15124.51,15187.86,15098.11,15098.11,260.47545
2018-01-05 03:00:00,15098.12,15180.0,14884.04,14940.0,335.686628
2018-01-05 03:15:00,14945.0,14999.98,14919.45,14957.97,231.181377
2018-01-05 03:30:00,14957.98,14989.97,14642.0,14876.9,254.831484
2018-01-05 03:45:00,14876.88,14998.99,14857.05,14965.37,193.418468
2018-01-05 04:00:00,14970.0,15083.63,14670.0,15020.0,240.826025
2018-01-05 04:15:00,14980.02,15020.0,14600.0,14769.99,291.038117
2018-01-05 04:30:00,14722.97,14867.32,14698.01,14850.0,217.461172
2018-01-05 04:45:00,14839.98,14880.0,14777.0,14820.05,197.991461
2018-01-05 05:00:00,14820.05,14886.55,14756.0,14834.95,200.704915
2018-01-05 05:15:00,14788.8,14877.95,14759.79,14848.98,215.797761
2018-01-05 05:30:00,14848.97,15038.75,14828.03,15000.01,251.834235
2018-01-05 05:45:00,15000.01,15020.0,14939.14,15000.0,195.025923
2018-01-05 06:00:00,14999.0,15020.0,14954.09,14990.02,228.333545
2018-01-05 06:15:00,14995.0,15010.0,14955.78,14998.99,170.067817
2018-01-05 06:30:00,14983.0,15000.0,14898.7,14936.45,172.913405
2018-01-05 06:45:00,14936.45,15000.0,14700.0,14952.34,208.383897
2018-01-05 07:00:00,14952.34,14979.78,14850.02,14867.01,201.500694
2018-01-05 07:15:00,14867.01,14925.0,14822.32,14908.0,165.952279
2018-01-05 07:30:00,14908.0,14940.0,14850.0,14896.11,212.08183
2018-01-05 07:45:00,14896.11,14930.0,14872.78,14920.14,264.585703
2018-01-05 08:00:00,14916.95,15010.0,14880.0,15010.0,202.211071
2018-01-05 08:15:00,15010.0,15180.9,14997.53,15139.99,256.549316
2018-01-05 08:30:00,15140.0,15188.98,15050.13,15188.98,234.040532
2018-01-05 08:45:00,15130.0,15450.0,15130.0,15424.81,256.54623
2018-01-05 09:00:00,15429.6,15809.87,15429.6,15726.0,501.885345
2018-01-05 09:15:00,15749.0,16111.0,15726.0,15851.0,437.719957
2018-01-05 09:30:00,15850.14,16084.24,15850.0,15985.0,268.218417
2018-01-05 09:45:00,15985.01,16000.0,15850.0,15880.39,189.1924
2018-01-05 10:00:00,15873.5,15967.14,15826.37,15900.0,145.290522
2018-01-05 10:15:00,15900.0,15950.0,15840.01,15900.99,137.956776
2018-01-05 10:30:00,15898.98,16240.0,15851.98,16238.66,235.630465
2018-01-05 10:45:00,16237.0,16350.0,16053.23,16138.23,285.254312
2018-01-05 11:00:00,16105.06,16185.65,15900.0,15925.01,348.918406
2018-01-05 11:15:00,15928.41,16056.38,15869.07,15956.18,332.616558
2018-01-05 11:30:00,15956.18,16178.0,15955.04,16119.91,223.193182
2018-01-05 11:45:00,16103.04,16150.0,16008.17,16090.69,180.101273
2018-01-05 12:00:00,16090.7,16140.09,15957.0,15977.56,257.591276
2018-01-05 12:15:00,15977.56,16021.0,15856.16,15889.99,175.958698
2018-01-05 12:30:00,15889.99,15928.89,15856.19,15909.99,212.852209
2018-01-05 12:45:00,15901.0,15919.93,15762.9,15838.0,359.02001
2018-01-05 13:00:00,15838.0,15999.0,15750.0,15969.99,309.524593
2018-01-05 13:15:00,15969.98,16029.49,15898.98,16020.68,252.451264
2018-01-05 13:30:00,16010.12,16110.0,15950.02,16109.01,213.142987
2018-01-05 13:45:00,16109.01,16199.0,16058.8,16093.94,221.201508
2018-01-05 14:00:00,16071.62,16093.95,15901.01,16024.34,218.4895
2018-01-05 14:15:00,16024.34,16169.99,16016.38,16145.89,245.457458
2018-01-05 14:30:00,16145.89,16267.04,16052.02,16089.19,306.45375
2018-01-05 14:45:00,16080.0,16174.99,16020.0,16103.18,221.338462
2018-01-05 15:00:00,16103.18,16121.0,15980.63,16068.91,254.9865
2018-01-05 15:15:00,16068.91,16129.24,16035.0,16101.67,192.229117
2018-01-05 15:30:00,16130.0,16170.0,16048.67,16074.0,211.731904
2018-01-05 15:45:00,16060.18,16095.95,16060.17,16087.72,128.371799
2018-01-05 16:00:00,16094.99,16310.0,16087.73,16300.01,257.557988
2018-01-05 16:15:00,16309.99,16500.0,16299.0,16494.68,303.101086
2018-01-05 16:30:00,16489.99,16498.51,16380.0,16400.03,246.208876
2018-01-05 16:45:00,16400.03,16450.0,16367.99,16449.0,200.747567
2018-01-05 17:00:00,16449.0,16496.16,16420.0,16452.91,204.022183
2018-01-05 17:15:00,16452.91,16695.0,16452.0,16650.01,181.933648
2018-01-05 17:30:00,16650.01,17118.13,16610.0,16786.0,348.510205
2018-01-05 17:45:00,16761.03,16830.0,16540.0,16650.0,203.112086
2018-01-05 18:00:00,16650.0,16890.0,16640.0,16859.99,269.462709
2018-01-05 18:15:00,16859.99,16923.44,16800.0,16871.03,237.192244
2018-01-05 18:30:00,16897.0,16988.0,16600.0,16674.87,272.983262
2018-01-05 18:45:00,16674.86,16674.87,16475.78,16579.0,230.804623
2018-01-05 19:00:00,16579.0,16624.65,16310.0,16381.29,267.562722
2018-01-05 19:15:00,16365.0,16555.0,16310.0,16553.51,382.813392
2018-01-05 19:30:00,16553.51,16673.0,16461.4,16635.01,326.176449
2018-01-05 19:45:00,16635.01,16644.0,16514.73,16593.01,278.925788
2018-01-05 20:00:00,16594.14,16650.0,16475.24,16523.57,286.903965
2018-01-05 20:15:00,16523.58,16555.02,16400.0,16499.48,301.573726
2018-01-05 20:30:00,16499.48,16499.54,16353.0,16450.0,306.332749
2018-01-05 20:45:00,16450.01,16670.0,16450.0,16668.36,173.244294
2018-01-05 21:00:00,16673.0,16870.0,16650.01,16795.0,307.727038
2018-01-05 21:15:00,16794.99,16809.0,16681.54,16720.02,241.905058
2018-01-05 21:30:00,16720.02,16900.0,16712.01,16898.0,294.767574
2018-01-05 21:45:00,16889.15,16950.0,16720.0,16799.95,226.022945
2018-01-05 22:00:00,16799.94,16866.0,16645.24,16813.87,249.819256
2018-01-05 22:15:00,16813.87,16849.99,16723.58,16836.0,208.828665
2018-01-05 22:30:00,16815.03,17040.0,16800.25,16950.0,225.226843
2018-01-05 22:45:00,16950.0,17047.92,16878.0,17021.36,212.66318
2018-01-05 23:00:00,17021.36,17078.12,16916.02,17050.27,275.170036
2018-01-05 23:15:00,17050.27,17176.24,17050.27,17173.97,177.61187
2018-01-05 23:30:00,17173.97,17173.97,16801.02,16806.28,257.783514
2018-01-05 23:45:00,16810.0,17059.63,16806.28,16960.39,219.196318
2018-01-06 00:00:00,16960.39,16984.03,16733.1,16750.0,225.897451
2018-01-06 00:15:00,16750.0,16874.93,16711.12,16720.0,220.835212
2018-01-06 00:30:00,16720.0,16874.53,16677.98,16781.96,189.897476
2018-01-06 00:45:00,16781.02,16999.0,16777.78,16998.0,194.155005
2018-01-06 01:00:00,16998.0,17000.99,16875.0,16982.0,283.077703
2018-01-06 01:15:00,16982.0,17099.99,16964.78,17065.0,242.297656
2018-01-06 01:30:00,17065.0,17088.99,16898.99,16959.97,314.06439
2018-01-06 01:45:00,16959.97,17050.0,16823.0,17025.03,263.952995
2018-01-06 02:00:00,17025.03,17073.26,16951.31,16962.03,222.594275
2018-01-06 02:15:00,16963.0,16998.99,16288.0,16830.0,395.897686
2018-01-06 02:30:00,16830.0,16830.0,16500.0,16649.0,293.635499
2018-01-06 02:45:00,16645.46,16748.65,16500.0,16540.99,260.580814
2018-01-06 03:00:00,16505.04,16746.0,16363.1,16688.13,336.926911
2018-01-06 03:15:00,16699.0,16730.45,16540.06,16681.0,268.916322
2018-01-06 03:30:00,16681.01,16730.41,16610.0,16626.66,221.015684
2018-01-06 03:45:00,16626.67,16649.95,16382.0,16521.59,313.968561
2018-01-06 04:00:00,16521.57,16600.5,16300.0,16359.99,246.434934
2018-01-06 04:15:00,16359.99,16520.0,16300.0,16365.0,264.184901
2018-01-06 04:30:00,16357.0,16550.0,16349.0,16469.99,260.153237
2018-01-06 04:45:00,16499.0,16540.4,16412.58,16470.09,259.878593
2018-01-06 05:00:00,16477.49,16557.7,16462.0,16485.75,205.702675
2018-01-06 05:15:00,16488.2,16597.8,16422.43,16575.96,83.944172
2018-01-06 05:30:00,16566.57,16692.8,16556.0,16650.0,101.53691
2018-01-06 05:45:00,16650.0,16750.0,16609.96,16642.84,80.623097
2018-01-06 06:00:00,16637.82,16719.38,16633.49,16656.01,67.906257
2018-01-06 06:15:00,16670.0,16690.0,16600.0,16679.99,72.694615
2018-01-06 06:30:00,16668.0,16702.32,16640.37,16659.99,54.047222
2018-01-06 06:45:00,16656.74,16699.5,16571.04,16604.99,64.828592
2018-01-06 07:00:00,16600.0,16605.0,16468.0,16480.0,115.447014
2018-01-06 07:15:00,16480.0,16536.99,16415.21,16500.0,90.945567
2018-01-06 07:30:00,16500.0,16598.97,16480.13,16562.02,99.871714
2018-01-06 07:45:00,16562.05,16599.99,16461.98,16518.0,95.780932
2018-01-06 08:00:00,16500.18,16570.0,16480.1,16533.0,112.191867
2018-01-06 08:15:00,16533.0,16600.0,16426.0,16465.01,125.587394
2018-01-06 08:30:00,16465.01,16550.02,16440.33,16512.03,155.187498
2018-01-06 08:45:00,16512.03,16544.49,16414.55,16440.0,134.020656
2018-01-06 09:00:00,16439.99,16538.01,16437.74,16500.01,153.285017
2018-01-06 09:15:00,16520.09,16538.01,16400.68,16469.73,145.300984
2018-01-06 09:30:00,16469.74,16503.89,16433.0,16468.71,149.918998
2018-01-06 09:45:00,16465.54,16499.98,16340.0,16419.96,183.088516
2018-01-06 10:00:00,16419.95,16500.02,16390.0,16478.22,139.677054
2018-01-06 10:15:00,16480.48,16580.0,16473.14,16505.8,146.020282
2018-01-06 10:30:00,16505.8,16700.0,16505.8,16650.0,182.917666
2018-01-06 10:45:00,16651.0,16750.01,16633.91,16690.2,156.170295
2018-01-06 11:00:00,16690.2,16750.01,16574.95,16716.0,244.888724
2018-01-06 11:15:00,16726.99,16728.44,16541.57,16629.86,162.808403
2018-01-06 11:30:00,16610.0,16629.82,16422.63,16544.0,157.057628
2018-01-06 11:45:00,16544.0,16569.99,16500.91,16529.89,221.883881
2018-01-06 12:00:00,16505.16,16557.36,16428.11,16449.93,229.173665
2018-01-06 12:15:00,16430.01,16450.0,16311.01,16400.0,172.226229
2018-01-06 12:30:00,16400.0,16477.08,16340.28,16385.0,204.483358
2018-01-06 12:45:00,16385.0,16439.74,16151.12,16214.91,320.935785
2018-01-06 13:00:00,16214.92,16372.99,16190.1,16330.03,284.764448
2018-01-06 13:15:00,16335.9,16358.28,16223.1,16298.0,198.947332
2018-01-06 13:30:00,16298.0,16333.0,16166.26,16250.06,214.73441
2018-01-06 13:45:00,16250.06,16299.93,16011.21,16168.0,193.526574
2018-01-06 14:00:00,16159.69,16349.99,16145.0,16321.5,287.664327
2018-01-06 14:15:00,16321.5,16400.0,16200.0,16369.8,238.293671
2018-01-06 14:30:00,16369.8,16488.98,16335.01,16391.03,206.342538
2018-01-06 14:45:00,16378.0,16448.93,16369.89,16403.01,157.293156
2018-01-06 15:00:00,16419.99,16486.0,16335.03,16486.0,235.27149
2018-01-06 15:15:00,16486.0,16639.0,16469.98,16612.02,239.902309
2018-01-06 15:30:00,16612.13,16629.95,16488.86,16620.7,265.304523
2018-01-06 15:45:00,16577.14,16630.0,16550.0,16556.22,188.090004
2018-01-06 16:00:00,16550.04,16599.0,16501.75,16525.0,199.810607
2018-01-06 16:15:00,16501.78,16650.0,16501.78,16619.93,229.71873
2018-01-06 16:30:00,16619.93,16800.0,16561.25,16780.0,179.959513
2018-01-06 16:45:00,16780.0,16982.0,16758.96,16892.24,220.178315
2018-01-06 17:00:00,16892.23,16915.75,16805.78,16870.0,207.879808
2018-01-06 17:15:00,16870.0,16878.95,16713.11,16832.02,165.073011
2018-01-06 17:30:00,16832.0,16894.0,16763.28,16894.0,216.980315
2018-01-06 17:45:00,16894.0,16940.0,16810.07,16889.93,168.808974
2018-01-06 18:00:00,16854.03,16889.99,16745.0,16876.72,166.176552
2018-01-06 18:15:00,16876.72,16929.99,16817.4,16882.99,206.255533
2018-01-06 18:30:00,16882.99,16887.16,16582.98,16663.97,193.152411
2018-01-06 18:45:00,16640.0,16792.52,16640.0,16769.89,214.542399
2018-01-06 19:00:00,16775.0,16839.15,16713.02,16775.0,248.227489
2018-01-06 19:15:00,16775.01,16820.0,16612.19,16760.01,195.239896
2018-01-06 19:30:00,16760.01,16804.98,16733.39,16799.99,193.380696
2018-01-06 19:45:00,16794.0,16805.0,16733.35,16770.01,200.303372
2018-01-06 20:00:00,16770.01,16789.87,16707.26,16733.0,82.081826
2018-01-06 20:15:00,16749.99,16806.99,16723.2,16799.99,138.591608
2018-01-06 20:30:00,16800.0,16808.0,16733.09,16784.12,158.260855
2018-01-06 20:45:00,16799.89,16877.18,16775.01,16784.0,158.859465
2018-01-06 21:00:00,16806.99,16840.34,16650.0,16744.62,217.391038
2018-01-06 21:15:00,16744.6,16767.88,16612.18,16680.0,169.021956
2018-01-06 21:30:00,16680.0,16800.52,16650.0,16790.84,198.599219
2018-01-06 21:45:00,16800.02,16810.0,16715.1,16790.99,144.936126
2018-01-06 22:00:00,16790.99,17066.99,16790.0,17050.01,234.039527
2018-01-06 22:15:00,17059.0,17132.18,17000.0,17077.0,237.076704
2018-01-06 22:30:00,17076.99,17090.0,16850.0,16853.32,188.093965
2018-01-06 22:45:00,16889.98,17029.99,16855.0,16975.0,180.299883
2018-01-06 23:00:00,16975.01,17055.03,16975.0,17055.03,140.513329
2018-01-06 23:15:00,17055.03,17125.0,17052.94,17080.0,220.497221
2018-01-06 23:30:00,17080.0,17125.0,17055.02,17100.01,166.169001
2018-01-06 23:45:00,17103.98,17143.13,17050.0,17069.79,112.68541
2018-01-07 00:00:00,17069.79,17099.96,16854.0,16890.02,257.999678
2018-01-07 00:15:00,16890.01,16927.99,16800.0,16877.0,108.508152
2018-01-07 00:30:00,16876.49,17031.46,16876.0,17001.0,180.436246
2018-01-07 00:45:00,17001.0,17086.46,16950.02,17009.09,176.153108
2018-01-07 01:00:00,16950.04,17015.0,16836.02,16869.91,155.816655
2018-01-07 01:15:00,16854.97,16958.98,16792.01,16920.01,206.315824
2018-01-07 01:30:00,16946.98,17017.77,16909.59,16964.9,220.41502
2018-01-07 01:45:00,16955.52,16999.98,16936.0,16951.02,203.995263
2018-01-07 02:00:00,16951.02,16967.97,16855.92,16860.0,169.637058
2018-01-07 02:15:00,16869.99,16910.0,16765.87,16838.59,190.992949
2018-01-07 02:30:00,16838.59,16849.0,16711.0,16718.01,204.384947
2018-01-07 02:45:00,16712.0,16796.84,16711.0,16742.94,246.621814
2018-01-07 03:00:00,16742.94,16786.98,16710.02,16780.0,231.982215
2018-01-07 03:15:00,16765.08,16800.0,16612.18,16629.99,210.287751
2018-01-07 03:30:00,16612.18,16717.09,16605.01,16652.78,237.504781
2018-01-07 03:45:00,16655.76,16742.92,16632.0,16740.68,153.253142
2018-01-07 04:00:00,16727.93,16740.66,16680.0,16700.0,229.967678
2018-01-07 04:15:00,16705.07,16719.0,16535.01,16588.0,179.026078
2018-01-07 04:30:00,16594.94,16595.0,16400.0,16498.0,213.134807
2018-01-07 04:45:00,16468.02,16554.0,16434.21,16546.93,153.782163
2018-01-07 05:00:00,16547.59,16744.94,16520.1,16679.99,186.183839
2018-01-07 05:15:00,16627.12,16689.94,16620.01,16630.62,189.871794
2018-01-07 05:30:00,16654.99,16675.0,16500.0,16569.98,171.161199
2018-01-07 05:45:00,16569.99,16606.5,16500.0,16564.0,151.020626
2018-01-07 06:00:00,16564.0,16683.44,16500.0,16632.99,219.943319
2018-01-07 06:15:00,16666.67,16683.44,16509.67,16581.05,176.688379
2018-01-07 06:30:00,16581.05,16640.0,16570.03,16570.21,155.375449
2018-01-07 06:45:00,16605.96,16605.97,16400.0,16417.05,169.562737
2018-01-07 07:00:00,16418.0,16513.03,16409.71,16499.99,205.094182
2018-01-07 07:15:00,16499.99,16598.99,16455.02,16588.0,139.150548
2018-01-07 07:30:00,16586.0,16603.92,16560.99,16600.01,104.408247
2018-01-07 07:45:00,16600.01,16749.98,16600.01,16746.99,129.192203
2018-01-07 08:00:00,16747.0,16827.0,16747.0,16777.0,174.371686
2018-01-07 08:15:00,16777.0,16886.75,16750.0,16879.99,100.308977
2018-01-07 08:30:00,16883.22,16886.44,16800.0,16800.0,154.781745
2018-01-07 08:45:00,16780.03,16850.0,16695.66,16719.02,211.334181
2018-01-07 09:00:00,16719.01,16788.35,16700.97,16760.0,218.331857
2018-01-07 09:15:00,16742.55,16800.0,16670.02,16739.75,124.833592
2018-01-07 09:30:00,16700.0,16739.82,16626.34,16640.0,42.334081
2018-01-07 09:45:00,16640.0,16690.06,16579.33,16690.06,58.004134
2018-01-07 10:00:00,16690.06,16787.55,16633.16,16749.82,58.85802
2018-01-07 10:15:00,16749.8,16814.72,16725.01,16788.45,60.008634
2018-01-07 10:30:00,16788.45,16810.0,16708.53,16739.96,50.493513
2018-01-07 10:45:00,16739.96,16761.9,16708.54,16739.0,46.283624
2018-01-07 11:00:00,16738.99,16779.57,16719.99,16779.57,52.562437
2018-01-07 11:15:00,16778.96,16780.96,16615.99,16719.97,47.226148
2018-01-07 11:30:00,16651.95,16719.98,16640.51,16640.59,32.136196
2018-01-07 11:45:00,16640.6,16675.04,16560.02,16607.0,43.837695
2018-01-07 12:00:00,16611.0,16645.0,16529.98,16529.98,59.917048
2018-01-07 12:15:00,16540.02,16584.92,16489.5,16583.91,80.493739
2018-01-07 12:30:00,16583.9,16649.0,16518.04,16602.03,50.875403
2018-01-07 12:45:00,16638.51,16649.05,16480.0,16500.0,65.840686
2018-01-07 13:00:00,16537.98,16537.98,16401.01,16459.0,66.06898
2018-01-07 13:15:00,16467.0,16550.98,16459.0,16489.01,75.348367
2018-01-07 13:30:00,16489.0,16489.61,16300.0,16348.0,139.02634
2018-01-07 13:45:00,16369.41,16465.65,16312.45,16386.0,79.333163
2018-01-07 14:00:00,16386.0,16570.0,16376.99,16540.24,80.995811
2018-01-07 14:15:00,16540.25,16567.95,16388.0,16560.0,71.117701
2018-01-07 14:30:00,16560.0,16589.95,16524.05,16549.0,56.48014
2018-01-07 14:45:00,16549.0,16592.0,16500.0,16520.02,63.174817
2018-01-07 15:00:00,16520.02,16568.36,16430.05,16445.0,98.555228
2018-01-07 15:15:00,16430.05,16520.0,16420.0,16454.82,77.153249
2018-01-07 15:30:00,16422.0,16520.0,16400.47,16519.0,70.102647
2018-01-07 15:45:00,16519.0,16548.0,16428.6,16439.65,78.568146
2018-01-07 16:00:00,16439.64,16474.87,16283.32,16315.99,124.051978
2018-01-07 16:15:00,16315.99,16326.09,16201.0,16288.49,175.200876
2018-01-07 16:30:00,16288.48,16299.96,16058.0,16146.91,213.050562
2018-01-07 16:45:00,16145.65,16145.65,15750.0,15999.99,322.291501
2018-01-07 17:00:00,16000.0,16258.99,15999.99,16100.0,220.162998
2018-01-07 17:15:00,16099.99,16287.3,16058.0,16260.0,143.83486
2018-01-07 17:30:00,16260.0,16264.28,15845.05,15885.56,248.510842
2018-01-07 17:45:00,15926.87,16024.6,15715.06,15800.01,301.559553
2018-01-07 18:00:00,15800.01,15944.07,15700.0,15857.0,204.828038
2018-01-07 18:15:00,15857.0,15962.0,15660.01,15681.99,176.336226
2018-01-07 18:30:00,15680.0,15900.0,15610.0,15877.99,187.506563
2018-01-07 18:45:00,15877.98,16099.99,15855.0,16019.25,165.798188
2018-01-07 19:00:00,16020.58,16099.95,15920.0,16068.36,100.82704
2018-01-07 19:15:00,16068.36,16195.0,16066.55,16191.06,77.706079
2018-01-07 19:30:00,16191.05,16199.96,16007.0,16112.0,72.112699
2018-01-07 19:45:00,16112.0,16131.23,16051.1,16100.9,44.67718
2018-01-07 20:00:00,16100.9,16198.99,16051.1,16080.99,79.056932
2018-01-07 20:15:00,16080.99,16096.16,15956.93,15971.75,77.234125
2018-01-07 20:30:00,15971.74,16011.99,15872.07,15971.8,88.311716
2018-01-07 20:45:00,15971.8,16166.5,15969.9,16145.01,67.170854
2018-01-07 21:00:00,16145.01,16267.52,16108.0,16230.0,81.520338
2018-01-07 21:15:00,16248.89,16299.95,16179.92,16249.94,53.795735
2018-01-07 21:30:00,16230.11,16281.9,16135.11,16170.0,53.821969
2018-01-07 21:45:00,16187.99,16247.13,16125.0,16198.99,31.010925
2018-01-07 22:00:00,16198.99,16369.0,16000.94,16352.3,66.45519
2018-01-07 22:15:00,16350.0,16423.89,16321.75,16358.11,68.772955
2018-01-07 22:30:00,16393.0,16476.0,16358.1,16476.0,59.952668
2018-01-07 22:45:00,16476.0,16500.0,16306.0,16446.0,69.861392
2018-01-07 23:00:00,16446.0,16461.28,16350.51,16394.99,62.962899
2018-01-07 23:15:00,16395.0,16425.74,16325.4,16343.99,64.272247
2018-01-07 23:30:00,16344.0,16400.0,16260.0,16318.9,77.546227
2018-01-07 23:45:00,16300.0,16318.9,16126.85,16150.03,96.298367
2018-01-08 00:00:00,16218.85,16285.0,16050.0,16060.02,114.667293
2018-01-08 00:15:00,16093.98,16322.3,16060.0,16280.0,222.523925
2018-01-08 00:30:00,16287.62,16322.27,16114.01,16153.96,114.186313
2018-01-08 00:45:00,16153.97,16157.79,15908.06,15948.96,129.991792
2018-01-08 01:00:00,15941.93,15941.93,15655.0,15820.0,270.162281
2018-01-08 01:15:00,15832.0,16001.8,15752.79,15804.51,228.951093
2018-01-08 01:30:00,15790.01,15900.0,15661.31,15699.99,216.480745
2018-01-08 01:45:00,15710.59,15900.07,15700.0,15850.07,163.209996
2018-01-08 02:00:00,15850.08,16056.03,15838.01,15985.57,237.201096
2018-01-08 02:15:00,15985.57,16100.0,15968.43,15985.76,172.443593
2018-01-08 02:30:00,15985.76,16001.0,15840.0,15888.93,172.311912
2018-01-08 02:45:00,15887.97,16048.0,15830.01,16037.38,183.825315
2018-01-08 03:00:00,16030.01,16031.99,15795.02,15801.17,228.311201
2018-01-08 03:15:00,15801.17,15862.51,15611.01,15679.75,230.688967
2018-01-08 03:30:00,15711.0,15845.0,15636.55,15756.41,214.169193
2018-01-08 03:45:00,15780.0,15783.98,15514.99,15670.37,275.019419
2018-01-08 04:00:00,15632.48,15840.0,15510.0,15821.51,213.462477
2018-01-08 04:15:00,15821.51,15821.51,15701.0,15742.17,132.20519
2018-01-08 04:30:00,15742.17,15767.92,15598.5,15623.02,170.438615
2018-01-08 04:45:00,15636.5,15704.4,15613.36,15641.01,122.800592
2018-01-08 05:00:00,15641.01,15679.97,15476.0,15646.02,209.413567
2018-01-08 05:15:00,15646.02,15819.7,15613.29,15755.0,227.52431
2018-01-08 05:30:00,15746.98,15899.99,15722.14,15845.72,188.911147
2018-01-08 05:45:00,15810.19,15895.07,15728.72,15768.71,195.630909
2018-01-08 06:00:00,15768.71,15768.71,15639.64,15697.0,228.706236
2018-01-08 06:15:00,15697.0,15825.0,15670.97,15792.82,169.614857
2018-01-08 06:30:00,15792.82,15828.5,15742.92,15789.94,249.453946
2018-01-08 06:45:00,15789.94,15810.93,15691.02,15757.27,135.036918
2018-01-08 07:00:00,15752.7,15898.76,15752.69,15833.98,226.376949
2018-01-08 07:15:00,15833.98,15870.0,15800.29,15850.0,227.573776
2018-01-08 07:30:00,15849.99,15921.68,15820.0,15869.02,177.753282
2018-01-08 07:45:00,15869.02,15905.29,15780.72,15865.0,182.529796
2018-01-08 08:00:00,15864.99,15869.97,15675.0,15700.0,187.961599
2018-01-08 08:15:00,15700.0,15772.16,15650.0,15651.0,172.58942
2018-01-08 08:30:00,15650.93,15689.99,15534.99,15579.0,138.377755
2018-01-08 08:45:00,15578.99,15634.82,15355.01,15477.74,277.801712
2018-01-08 09:00:00,15471.0,15520.0,15185.18,15265.0,323.891904
2018-01-08 09:15:00,15265.0,15350.0,14953.0,14974.37,384.90281
2018-01-08 09:30:00,14974.37,15200.0,14806.23,14850.0,550.659536
2018-01-08 09:45:00,14850.0,15132.0,14619.0,14650.0,552.622922
2018-01-08 10:00:00,14650.0,14744.99,14551.0,14700.03,376.267794
2018-01-08 10:15:00,14700.03,15164.78,14650.04,14950.0,495.781956
2018-01-08 10:30:00,14949.99,15081.08,14833.87,15017.97,256.823058
2018-01-08 10:45:00,15016.0,15183.59,15005.0,15183.59,247.37869
2018-01-08 11:00:00,15183.59,15400.01,15160.03,15315.93,256.152911
2018-01-08 11:15:00,15326.49,15342.44,15235.0,15294.87,261.538775
2018-01-08 11:30:00,15294.86,15385.27,15268.5,15300.01,207.716905
2018-01-08 11:45:00,15300.94,15468.12,15290.0,15400.0,213.443509
2018-01-08 12:00:00,15414.0,15499.0,15280.0,15329.87,202.982467
2018-01-08 12:15:00,15325.0,15337.84,15235.0,15258.11,219.335198
2018-01-08 12:30:00,15247.47,15343.98,15235.0,15322.99,211.554138
2018-01-08 12:45:00,15321.99,15357.0,15300.0,15348.0,133.076288
2018-01-08 13:00:00,15348.52,15463.99,15240.0,15280.01,82.186489
2018-01-08 13:15:00,15244.19,15279.94,14833.33,14900.0,393.423314
2018-01-08 13:30:00,14899.99,14900.0,14500.0,14621.88,511.536814
2018-01-08 13:45:00,14658.0,14700.0,14444.0,14609.88,421.598935
2018-01-08 14:00:00,14659.88,14693.01,14105.0,14361.06,543.61296
2018-01-08 14:15:00,14389.95,14549.01,14215.19,14448.98,400.511727
2018-01-08 14:30:00,14448.93,14450.05,13688.0,13972.0,538.914439
2018-01-08 14:45:00,13979.95,13989.0,13155.0,13489.95,1029.321192
2018-01-08 15:00:00,13489.95,13848.0,12812.0,13845.0,1340.290842
2018-01-08 15:15:00,13845.0,14404.0,13800.0,14323.03,1100.475544
2018-01-08 15:30:00,14323.03,14648.44,14200.0,14550.0,904.187988
2018-01-08 15:45:00,14550.0,14700.0,14121.14,14299.98,702.640626
2018-01-08 16:00:00,14297.9,14800.0,14238.32,14771.18,488.985864
2018-01-08 16:15:00,14750.01,14790.0,14500.0,14649.93,337.61805
2018-01-08 16:30:00,14608.58,14750.0,14401.05,14713.03,388.860354
2018-01-08 16:45:00,14749.94,14966.51,14670.05,14839.78,468.689326
2018-01-08 17:00:00,14819.43,14933.0,14701.0,14800.0,521.154255
2018-01-08 17:15:00,14777.0,14890.0,14653.56,14700.0,192.800018
2018-01-08 17:30:00,14680.01,14728.95,14339.78,14523.0,373.711159
2018-01-08 17:45:00,14523.0,14776.0,14500.0,14699.95,132.414743
2018-01-08 18:00:00,14739.8,14948.74,14580.22,14840.69,245.543181
2018-01-08 18:15:00,14887.99,15100.0,14827.21,15059.95,183.173613
2018-01-08 18:30:00,15059.85,15089.99,14907.74,14962.0,162.066863
2018-01-08 18:45:00,14951.12,14990.08,14811.06,14900.0,132.722238
2018-01-08 19:00:00,14900.0,15022.0,14781.99,14933.11,107.335881
2018-01-08 19:15:00,14933.11,15140.11,14933.06,15112.0,103.896206
2018-01-08 19:30:00,15119.89,15140.11,14975.0,15070.0,129.712165
2018-01-08 19:45:00,15070.0,15247.33,15070.0,15196.55,175.590788
2018-01-08 20:00:00,15196.56,15270.99,14699.0,14827.43,300.917305
2018-01-08 20:15:00,14830.9,14997.0,14527.08,14806.73,317.475475
2018-01-08 20:30:00,14806.73,14914.26,14744.82,14914.26,131.388703
2018-01-08 20:45:00,14914.26,14937.59,14797.95,14899.7,85.375874
2018-01-08 21:00:00,14899.7,14920.0,14758.96,14897.25,25.527601
2018-01-08 21:15:00,14896.99,15056.91,14870.7,15042.57,85.009283
2018-01-08 21:30:00,15042.57,15099.0,14932.5,14966.5,111.072217
2018-01-08 21:45:00,14970.0,15060.03,14850.05,14888.97,135.560585
2018-01-08 22:00:00,14889.3,14920.0,14480.0,14516.31,193.68032
2018-01-08 22:15:00,14516.41,14810.0,14481.01,14707.76,185.756856
2018-01-08 22:30:00,14750.01,14820.43,14651.0,14750.44,138.527518
2018-01-08 22:45:00,14750.44,14799.43,14519.48,14580.0,174.093737
2018-01-08 23:00:00,14564.09,14629.0,14392.32,14624.81,231.796387
2018-01-08 23:15:00,14629.0,14854.35,14546.8,14703.0,192.954347
2018-01-08 23:30:00,14703.0,14950.0,14689.58,14932.95,155.163493
2018-01-08 23:45:00,14932.95,15000.0,14900.0,14902.54,120.898589
2018-01-09 00:00:00,14902.54,14958.5,14811.0,14925.0,224.7493
2018-01-09 00:15:00,14925.01,15159.0,14925.0,15100.0,202.605168
2018-01-09 00:30:00,15100.34,15135.0,14975.0,15012.98,87.774542
2018-01-09 00:45:00,15012.98,15290.0,14900.01,15245.89,114.70498
2018-01-09 01:00:00,15245.89,15281.03,15101.77,15131.0,155.694149
2018-01-09 01:15:00,15131.0,15158.98,14701.0,15009.81,192.348137
2018-01-09 01:30:00,15009.81,15256.12,14958.98,15238.13,199.534833
2018-01-09 01:45:00,15238.13,15320.0,15100.0,15240.24,141.941359
2018-01-09 02:00:00,15242.34,15302.0,15119.07,15204.5,102.194828
2018-01-09 02:15:00,15204.5,15276.0,15138.95,15138.95,160.169437
2018-01-09 02:30:00,15137.0,15187.0,15067.62,15126.69,84.629995
2018-01-09 02:45:00,15114.83,15252.51,15106.0,15216.3,104.624004
2018-01-09 03:00:00,15222.11,15379.96,15187.82,15335.99,99.265334
2018-01-09 03:15:00,15335.99,15500.0,15282.15,15397.91,133.788239
2018-01-09 03:30:00,15352.83,15420.0,15053.22,15250.54,162.968813
2018-01-09 03:45:00,15228.74,15371.4,15131.0,15210.0,100.737814
2018-01-09 04:00:00,15186.53,15250.0,15110.46,15194.99,88.443096
2018-01-09 04:15:00,15140.09,15378.29,15137.75,15358.15,106.410602
2018-01-09 04:30:00,15330.01,15368.9,15260.0,15309.99,69.375399
2018-01-09 04:45:00,15305.98,15397.0,15250.62,15349.0,64.276687
2018-01-09 05:00:00,15349.0,15360.0,15290.0,15291.05,65.988004
2018-01-09 05:15:00,15291.05,15329.93,15160.0,15168.0,93.469143
2018-01-09 05:30:00,15168.0,15187.0,14750.02,14817.59,320.569757
2018-01-09 05:45:00,14817.6,14959.99,14670.0,14880.0,265.545335
2018-01-09 06:00:00,14880.0,14993.17,14601.0,14921.05,190.801211
2018-01-09 06:15:00,14968.92,14969.0,14830.0,14846.06,101.140381
2018-01-09 06:30:00,14870.0,14898.07,14609.67,14830.29,251.894771
2018-01-09 06:45:00,14791.09,14912.98,14760.67,14845.27,116.701768
2018-01-09 07:00:00,14845.26,14979.47,14840.29,14932.49,82.482675
2018-01-09 07:15:00,14932.49,15024.75,14899.02,15000.0,96.734246
2018-01-09 07:30:00,15001.46,15098.0,14974.13,15072.0,87.121969
2018-01-09 07:45:00,15073.51,15150.0,15046.81,15062.28,93.74172
2018-01-09 08:00:00,15062.28,15139.18,15000.0,15115.99,101.877333
2018-01-09 08:15:00,15115.98,15156.45,15080.95,15149.16,64.493338
2018-01-09 08:30:00,15135.0,15300.0,15113.06,15251.02,83.945584
2018-01-09 08:45:00,15251.02,15297.96,15167.49,15190.56,80.049105
2018-01-09 09:00:00,15190.56,15199.0,15000.0,15015.0,115.629466
2018-01-09 09:15:00,15015.0,15135.02,15000.02,15119.91,50.83528
2018-01-09 09:30:00,15119.89,15176.1,15066.01,15130.5,53.193153
2018-01-09 09:45:00,15130.5,15147.0,14766.0,14811.0,170.571091
2018-01-09 10:00:00,14802.01,14816.1,14668.78,14748.94,190.217064
2018-01-09 10:15:00,14712.46,14731.44,14456.01,14598.95,317.65639
2018-01-09 10:30:00,14598.94,14606.88,14270.0,14339.92,350.86042
2018-01-09 10:45:00,14339.92,14565.53,14170.33,14500.0,386.079233
2018-01-09 11:00:00,14500.0,14666.0,14451.51,14490.0,174.357597
2018-01-09 11:15:00,14489.99,14591.81,14382.0,14575.02,178.765425
2018-01-09 11:30:00,14591.79,14788.99,14580.0,14778.99,112.197815
2018-01-09 11:45:00,14778.93,14800.0,14659.01,14726.0,122.590349
2018-01-09 12:00:00,14726.0,14829.98,14708.21,14788.67,121.337595
2018-01-09 12:15:00,14788.67,14829.98,14625.34,14630.02,127.251022
2018-01-09 12:30:00,14636.21,14682.6,14401.0,14503.05,198.247744
2018-01-09 12:45:00,14503.04,14670.0,14417.98,14659.57,150.821432
2018-01-09 13:00:00,14650.0,14700.0,14440.0,14448.3,155.463808
2018-01-09 13:15:00,14448.3,14492.71,14238.99,14347.43,304.271407
2018-01-09 13:30:00,14374.72,14434.2,14250.0,14259.62,225.446165
2018-01-09 13:45:00,14259.62,14270.0,14011.05,14041.03,471.60887
2018-01-09 14:00:00,14072.87,14497.06,14064.13,14280.0,435.759142
2018-01-09 14:15:00,14251.77,14370.0,14095.0,14349.0,235.406321
2018-01-09 14:30:00,14369.98,14640.99,14340.0,14522.29,264.641255
2018-01-09 14:45:00,14539.94,14610.08,14450.02,14560.48,152.109513
2018-01-09 15:00:00,14551.42,14800.0,14551.41,14613.0,210.502174
2018-01-09 15:15:00,14613.0,14755.15,14600.0,14749.55,146.943543
2018-01-09 15:30:00,14745.0,14766.2,14546.17,14560.89,164.299007
2018-01-09 15:45:00,14561.08,14674.0,14485.0,14654.96,142.428697
2018-01-09 16:00:00,14655.01,14725.0,14585.01,14633.97,91.921488
2018-01-09 16:15:00,14639.65,14829.0,14620.01,14800.1,102.937477
2018-01-09 16:30:00,14800.1,14984.99,14792.03,14950.01,165.669259
2018-01-09 16:45:00,14950.0,14998.62,14920.85,14951.01,147.599272
2018-01-09 17:00:00,14968.0,14971.0,14778.47,14865.03,130.083418
2018-01-09 17:15:00,14841.04,14982.0,14786.14,14810.0,84.421041
2018-01-09 17:30:00,14810.0,14913.84,14799.95,14900.0,65.434558
2018-01-09 17:45:00,14900.0,14973.49,14877.66,14949.98,79.39552
2018-01-09 18:00:00,14949.98,14989.85,14904.83,14985.16,68.92034
2018-01-09 18:15:00,14985.16,14990.0,14865.49,14916.91,76.654457
2018-01-09 18:30:00,14914.03,14945.01,14888.0,14905.0,56.118941
2018-01-09 18:45:00,14904.02,14914.0,14799.01,14803.44,90.094019
2018-01-09 19:00:00,14803.46,14863.93,14700.44,14811.09,119.424949
2018-01-09 19:15:00,14842.02,14853.16,14701.0,14799.0,70.742633
2018-01-09 19:30:00,14798.99,14798.99,14660.97,14670.0,95.984656
2018-01-09 19:45:00,14670.0,14726.15,14650.0,14717.82,113.55912
2018-01-09 20:00:00,14717.82,14781.56,14600.0,14615.99,92.568751
2018-01-09 20:15:00,14634.98,14693.11,14601.01,14615.9,72.290734
2018-01-09 20:30:00,14647.09,14786.0,14615.4,14751.01,107.515786
2018-01-09 20:45:00,14751.02,14861.56,14751.02,14755.03,120.930057
2018-01-09 21:00:00,14755.33,14777.95,14708.22,14738.0,69.389304
2018-01-09 21:15:00,14716.01,14780.0,14680.0,14702.33,81.39035
2018-01-09 21:30:00,14709.49,14709.49,14499.23,14500.0,131.114177
2018-01-09 21:45:00,14500.0,14623.91,14420.0,14462.81,143.638022
2018-01-09 22:00:00,14452.0,14462.81,14407.77,14462.81,151.702787
2018-01-09 22:15:00,14470.0,14536.36,14414.1,14435.0,127.453765
2018-01-09 22:30:00,14435.0,14459.94,14349.0,14370.0,156.596219
2018-01-09 22:45:00,14350.0,14374.98,14182.84,14254.92,278.454356
2018-01-09 23:00:00,14234.7,14290.56,14160.97,14195.99,238.819875
2018-01-09 23:15:00,14181.01,14260.98,14125.0,14259.98,184.106346
2018-01-09 23:30:00,14259.98,14454.95,14144.13,14410.0,196.915441
2018-01-09 23:45:00,14412.0,14444.0,14300.0,14400.0,180.873101
2018-01-10 00:00:00,14401.0,14480.0,14227.0,14249.45,138.497072
2018-01-10 00:15:00,14237.0,14259.99,13750.0,13972.46,444.424787
2018-01-10 00:30:00,13972.46,14150.0,13907.74,13907.74,263.541436
2018-01-10 00:45:00,13939.17,13989.06,13830.15,13989.04,305.268387
2018-01-10 01:00:00,13989.04,14327.94,13945.9,14243.89,217.536899
2018-01-10 01:15:00,14249.07,14280.0,14123.01,14157.51,167.923518
2018-01-10 01:30:00,14157.51,14238.13,13999.95,14112.04,145.898499
2018-01-10 01:45:00,14112.25,14199.8,14033.0,14121.58,116.546065
2018-01-10 02:00:00,14120.0,14295.0,14101.06,14287.64,119.189134
2018-01-10 02:15:00,14270.03,14300.0,14147.36,14219.85,110.112303
2018-01-10 02:30:00,14201.15,14250.03,14061.42,14106.39,105.463413
2018-01-10 02:45:00,14120.55,14229.05,14100.01,14226.99,86.686458
2018-01-10 03:00:00,14211.0,14298.0,14163.82,14229.51,128.878759
2018-01-10 03:15:00,14229.51,14290.0,14144.39,14160.0,85.641464
2018-01-10 03:30:00,14160.0,14300.01,14111.0,14250.0,136.72862
2018-01-10 03:45:00,14250.0,14265.25,13950.0,13964.05,250.918361
2018-01-10 04:00:00,13980.0,14083.0,13866.66,13950.01,210.99472
2018-01-10 04:15:00,13950.01,14136.48,13932.16,14122.53,171.907392
2018-01-10 04:30:00,14122.53,14322.15,14099.0,14322.15,192.202917
2018-01-10 04:45:00,14323.0,14323.0,14150.0,14240.88,184.082846
2018-01-10 05:00:00,14240.88,14255.32,13950.0,13979.99,236.489973
2018-01-10 05:15:00,13979.99,14099.0,13950.0,14040.11,174.529063
2018-01-10 05:30:00,14051.23,14143.77,14005.0,14008.01,133.091195
2018-01-10 05:45:00,14004.84,14183.51,13924.05,14136.72,186.590898
2018-01-10 06:00:00,14136.77,14308.96,14034.31,14305.17,152.005644
2018-01-10 06:15:00,14308.47,14349.99,14152.0,14250.0,143.944833
2018-01-10 06:30:00,14250.0,14300.0,14180.01,14209.0,94.502852
2018-01-10 06:45:00,14212.07,14274.14,14098.95,14219.61,115.857017
2018-01-10 07:00:00,14219.61,14262.33,14126.65,14127.01,125.479323
2018-01-10 07:15:00,14126.65,14151.0,13855.0,14060.0,252.344431
2018-01-10 07:30:00,14060.0,14260.0,14035.01,14177.15,152.608267
2018-01-10 07:45:00,14177.15,14187.93,13929.8,13979.0,209.886516
2018-01-10 08:00:00,13978.95,13979.0,13525.89,13640.01,574.856833
2018-01-10 08:15:00,13640.01,13659.89,13131.31,13300.0,812.657323
2018-01-10 08:30:00,13300.0,13694.78,13296.4,13547.54,429.479889
2018-01-10 08:45:00,13547.54,13579.96,13261.35,13394.0,314.534399
2018-01-10 09:00:00,13394.0,13676.35,13329.96,13650.01,326.569796
2018-01-10 09:15:00,13650.02,13737.73,13525.48,13706.96,268.033904
2018-01-10 09:30:00,13706.96,13877.67,13521.61,13703.25,279.426962
2018-01-10 09:45:00,13761.01,13799.0,13630.88,13754.38,256.805979
2018-01-10 10:00:00,13750.6,13879.99,13721.7,13774.37,240.307728
2018-01-10 10:15:00,13773.63,13774.43,13485.09,13529.95,304.401045
2018-01-10 10:30:00,13529.94,13857.05,13489.1,13766.3,222.379928
2018-01-10 10:45:00,13770.39,13871.66,13675.42,13692.21,128.375758
2018-01-10 11:00:00,13735.96,13767.0,13650.0,13739.9,146.561596
2018-01-10 11:15:00,13739.9,13888.89,13737.0,13888.88,173.442604
2018-01-10 11:30:00,13875.84,14128.3,13855.54,14000.39,237.444005
2018-01-10 11:45:00,14000.39,14039.0,13845.3,13919.08,205.74404
2018-01-10 12:00:00,13919.09,13943.97,13710.0,13750.0,171.583915
2018-01-10 12:15:00,13750.0,13965.0,13741.23,13800.0,149.679275
2018-01-10 12:30:00,13833.7,13906.01,13735.56,13890.0,172.540172
2018-01-10 12:45:00,13874.96,13896.41,13744.31,13761.15,122.8187
2018-01-10 13:00:00,13761.17,13800.0,13639.06,13785.29,105.86111
2018-01-10 13:15:00,13760.05,13960.0,13695.97,13920.25,109.798561
2018-01-10 13:30:00,13911.13,14100.0,13896.2,13985.0,200.235213
2018-01-10 13:45:00,13985.0,14090.0,13812.94,13861.94,160.366293
2018-01-10 14:00:00,13813.1,13939.43,13726.06,13799.0,181.691191
2018-01-10 14:15:00,13798.99,13799.0,13614.4,13786.19,162.862738
2018-01-10 14:30:00,13786.19,13786.19,13500.0,13502.27,194.205102
2018-01-10 14:45:00,13512.11,13760.09,13500.0,13630.0,272.045331
2018-01-10 15:00:00,13600.56,13950.0,13600.56,13849.95,248.829145
2018-01-10 15:15:00,13849.95,14200.0,13787.68,14160.0,347.095628
2018-01-10 15:30:00,14160.0,14200.0,14022.6,14198.0,266.288092
2018-01-10 15:45:00,14173.0,14490.0,14149.05,14399.95,355.149191
2018-01-10 16:00:00,14399.95,14698.12,14373.56,14449.41,314.057355
2018-01-10 16:15:00,14450.0,14650.0,14402.11,14466.17,236.872687
2018-01-10 16:30:00,14466.17,14535.33,14360.11,14447.88,245.726733
2018-01-10 16:45:00,14478.08,14498.0,14363.95,14412.19,154.135885
2018-01-10 17:00:00,14424.51,14497.72,14270.97,14465.1,159.271115
2018-01-10 17:15:00,14465.1,14479.99,14350.3,14410.0,96.607041
2018-01-10 17:30:00,14410.0,14425.0,14300.83,14398.99,85.515236
2018-01-10 17:45:00,14398.0,14599.91,14380.71,14567.51,149.18281
2018-01-10 18:00:00,14550.0,14735.43,14543.59,14659.99,194.254276
2018-01-10 18:15:00,14659.16,14659.16,14537.86,14546.77,68.045944
2018-01-10 18:30:00,14546.77,14570.0,14439.09,14531.0,83.522709
2018-01-10 18:45:00,14549.98,14573.68,14380.0,14548.32,94.718623
2018-01-10 19:00:00,14548.32,14549.95,14401.0,14416.08,72.678883
2018-01-10 19:15:00,14429.99,14439.62,14300.0,14365.0,81.663079
2018-01-10 19:30:00,14362.34,14400.03,14200.0,14280.0,95.277876
2018-01-10 19:45:00,14280.0,14437.29,14172.95,14349.98,106.642467
2018-01-10 20:00:00,14349.98,14369.9,14245.1,14280.98,67.267152
2018-01-10 20:15:00,14274.99,14325.0,14240.0,14289.36,69.944039
2018-01-10 20:30:00,14313.76,14535.98,14307.81,14498.98,88.753659
2018-01-10 20:45:00,14500.99,14535.99,14420.0,14480.16,70.818243
2018-01-10 21:00:00,14480.16,14545.0,14450.49,14451.02,63.266377
2018-01-10 21:15:00,14451.02,14531.0,14420.03,14483.0,72.421312
2018-01-10 21:30:00,14483.0,14589.99,14429.03,14529.98,94.75505
2018-01-10 21:45:00,14529.98,14559.94,14420.08,14515.0,83.438382
2018-01-10 22:00:00,14500.0,14547.63,14440.03,14457.0,75.444875
2018-01-10 22:15:00,14491.95,14579.99,14449.99,14449.99,106.252959
2018-01-10 22:30:00,14450.0,14490.0,14307.41,14360.02,102.534004
2018-01-10 22:45:00,14360.66,14500.0,14251.0,14500.0,140.777549
2018-01-10 23:00:00,14488.77,14575.0,14404.96,14412.75,102.948045
2018-01-10 23:15:00,14447.0,14579.0,14440.0,14565.0,72.121455
2018-01-10 23:30:00,14560.0,14587.0,14475.0,14550.0,61.870278
2018-01-10 23:45:00,14550.0,14955.66,14521.36,14907.09,198.371049
2018-01-11 00:00:00,14940.0,14968.68,14693.77,14732.07,207.560055
2018-01-11 00:15:00,14732.06,14834.99,14654.0,14790.0,133.142623
2018-01-11 00:30:00,14790.0,14797.0,14529.0,14567.12,107.622864
2018-01-11 00:45:00,14630.0,14713.94,14513.11,14567.04,110.706149
2018-01-11 01:00:00,14573.99,14624.12,14400.27,14480.0,197.248964
2018-01-11 01:15:00,14440.01,14577.15,14401.0,14521.99,96.612658
2018-01-11 01:30:00,14521.99,14549.9,14325.0,14424.99,148.596016
2018-01-11 01:45:00,14424.99,14482.27,14295.0,14427.87,110.450196
2018-01-11 02:00:00,14377.94,14505.02,14377.92,14450.0,70.892258
2018-01-11 02:15:00,14450.01,14499.0,14350.0,14382.04,92.570853
2018-01-11 02:30:00,14396.96,14410.04,14266.61,14368.09,139.321944
2018-01-11 02:45:00,14368.09,14368.09,14065.0,14137.32,184.509746
2018-01-11 03:00:00,14137.32,14147.91,13623.0,13687.01,614.629444
2018-01-11 03:15:00,13687.01,13743.13,13450.0,13555.31,682.462457
2018-01-11 03:30:00,13530.0,13650.07,13028.0,13028.01,664.616894
2018-01-11 03:45:00,13050.02,13299.01,12613.0,12920.0,1419.464476
2018-01-11 04:00:00,12911.92,13480.0,12850.0,12930.0,1016.774574
2018-01-11 04:15:00,12929.99,12930.04,11808.0,11952.2,1637.467101
2018-01-11 04:30:00,11952.2,12570.82,11400.0,12434.18,1786.622168
2018-01-11 04:45:00,12434.18,13400.0,12276.21,13108.2,1644.503473
2018-01-11 05:00:00,13117.99,13579.99,12874.05,13500.0,1054.475329
2018-01-11 05:15:00,13499.99,13613.81,13117.0,13149.99,796.856627
2018-01-11 05:30:00,13157.52,13345.97,13095.97,13195.9,762.092527
2018-01-11 05:45:00,13195.9,13195.9,12602.0,12868.84,910.158357
2018-01-11 06:00:00,12868.84,13355.0,12780.03,13213.68,545.056924
2018-01-11 06:15:00,13199.95,13378.25,13150.43,13365.94,486.458879
2018-01-11 06:30:00,13365.93,13499.99,13310.61,13440.0,476.979269
2018-01-11 06:45:00,13440.0,13459.93,13100.0,13188.02,386.567244
2018-01-11 07:00:00,13228.66,13257.52,13000.81,13237.54,349.161274
2018-01-11 07:15:00,13227.45,13530.0,13200.01,13520.01,410.643769
2018-01-11 07:30:00,13525.78,13631.98,13364.28,13479.63,366.794778
2018-01-11 07:45:00,13486.13,13586.25,13400.0,13530.42,237.813549
2018-01-11 08:00:00,13530.42,13799.0,13530.42,13699.99,321.234693
2018-01-11 08:15:00,13699.98,13799.99,13640.0,13699.98,202.752238
2018-01-11 08:30:00,13699.98,13848.99,13548.01,13839.0,335.673602
2018-01-11 08:45:00,13800.14,13868.37,13600.0,13656.49,168.3365
2018-01-11 09:00:00,13656.0,13718.66,13554.18,13626.69,211.755898
2018-01-11 09:15:00,13612.62,13896.7,13600.01,13660.38,215.510245
2018-01-11 09:30:00,13666.0,13674.36,13350.0,13366.12,180.592661
2018-01-11 09:45:00,13362.36,13503.92,13300.0,13425.24,169.398671
2018-01-11 10:00:00,13425.25,13569.64,13393.94,13418.71,190.380434
2018-01-11 10:15:00,13400.12,13432.98,13257.15,13391.49,169.27985
2018-01-11 10:30:00,13399.98,13536.0,13384.58,13449.87,119.481885
2018-01-11 10:45:00,13449.87,13449.87,13209.99,13254.31,164.107932
2018-01-11 11:00:00,13254.31,13371.45,13128.79,13280.17,267.006365
2018-01-11 11:15:00,13280.17,13326.96,13167.14,13263.31,233.328176
2018-01-11 11:30:00,13263.31,13499.0,13041.0,13400.0,422.184942
2018-01-11 11:45:00,13397.56,13504.85,13300.15,13385.1,309.207679
2018-01-11 12:00:00,13385.1,13679.85,13282.13,13631.55,377.771741
2018-01-11 12:15:00,13644.16,13699.0,13524.0,13572.02,216.887789
2018-01-11 12:30:00,13571.99,13723.97,13489.5,13670.0,203.192199
2018-01-11 12:45:00,13683.19,13942.45,13670.0,13803.0,250.150663
2018-01-11 13:00:00,13803.0,13939.0,13795.73,13858.03,296.785252
2018-01-11 13:15:00,13854.24,13869.79,13736.27,13738.0,223.913041
2018-01-11 13:30:00,13738.0,13836.24,13628.01,13811.34,259.658399
2018-01-11 13:45:00,13811.1,13813.63,13690.09,13754.95,211.917074
2018-01-11 14:00:00,13754.95,13895.0,13735.0,13801.0,199.975697
2018-01-11 14:15:00,13809.82,13868.0,13680.83,13760.0,243.716645
2018-01-11 14:30:00,13773.0,13909.0,13730.0,13890.89,301.434513
2018-01-11 14:45:00,13890.89,14141.0,13860.01,14100.0,358.662349
2018-01-11 15:00:00,14070.07,14400.0,14070.02,14287.94,480.017461
2018-01-11 15:15:00,14280.0,14340.42,14168.0,14182.55,243.782962
2018-01-11 15:30:00,14175.35,14228.99,13996.86,14025.0,274.192631
2018-01-11 15:45:00,14040.9,14081.02,13862.0,13958.08,299.435046
2018-01-11 16:00:00,13950.05,14085.0,13907.0,13969.07,214.709635
2018-01-11 16:15:00,13969.07,14152.0,13969.07,14092.27,159.3049
2018-01-11 16:30:00,14086.03,14190.0,14086.02,14155.0,137.389782
2018-01-11 16:45:00,14155.88,14170.0,13930.0,13949.26,145.085783
2018-01-11 17:00:00,13949.26,13966.63,13767.12,13776.84,267.493205
2018-01-11 17:15:00,13776.84,13850.14,13650.1,13674.99,208.535977
2018-01-11 17:30:00,13656.01,13820.13,13650.0,13704.1,162.126245
2018-01-11 17:45:00,13704.12,13820.13,13609.19,13650.01,145.829726
2018-01-11 18:00:00,13650.01,13740.01,13635.01,13698.22,157.706489
2018-01-11 18:15:00,13700.0,13837.57,13646.18,13800.86,143.194616
2018-01-11 18:30:00,13814.34,13849.99,13747.71,13802.93,145.90301
2018-01-11 18:45:00,13802.92,13802.92,13620.0,13661.5,198.256168
2018-01-11 19:00:00,13661.35,13772.52,13648.52,13704.32,121.230008
2018-01-11 19:15:00,13704.31,13749.0,13667.61,13705.0,76.424363
2018-01-11 19:30:00,13705.0,13750.0,13333.4,13390.74,254.465316
2018-01-11 19:45:00,13356.67,13470.0,13205.58,13430.16,251.873637
2018-01-11 20:00:00,13400.0,13455.14,13220.49,13267.5,221.923547
2018-01-11 20:15:00,13267.5,13468.0,13050.06,13300.0,266.0494
2018-01-11 20:30:00,13300.0,13655.92,13300.0,13487.91,185.453785
2018-01-11 20:45:00,13486.99,13490.0,13299.52,13400.0,178.955655
2018-01-11 21:00:00,13405.0,13434.56,13223.65,13233.0,247.576297
2018-01-11 21:15:00,13233.0,13400.0,13167.36,13259.15,149.263525
2018-01-11 21:30:00,13277.99,13294.0,13008.0,13134.44,295.163562
2018-01-11 21:45:00,13134.44,13400.81,13121.64,13379.51,223.8817
2018-01-11 22:00:00,13379.51,13459.0,13200.0,13251.96,211.094971
2018-01-11 22:15:00,13251.96,13258.69,13157.8,13234.0,148.667223
2018-01-11 22:30:00,13211.79,13322.0,13044.34,13063.04,204.42776
2018-01-11 22:45:00,13044.34,13120.01,12816.94,12975.99,513.295569
2018-01-11 23:00:00,12975.99,12999.0,12516.0,12523.87,666.650725
2018-01-11 23:15:00,12523.87,13200.0,12511.0,13079.0,613.679261
2018-01-11 23:30:00,13079.0,13400.0,12975.42,13133.2,438.429388
2018-01-11 23:45:00,13111.01,13313.15,13004.01,13238.78,230.123851
2018-01-12 00:00:00,13238.76,13238.76,12844.66,12877.65,340.105368
2018-01-12 00:15:00,12877.59,13030.14,12647.27,12733.89,389.13713
2018-01-12 00:30:00,12743.48,12899.01,12500.0,12793.81,487.821207
2018-01-12 00:45:00,12793.75,13009.76,12718.07,12974.12,295.574065
2018-01-12 01:00:00,12964.89,13100.0,12906.27,13088.0,229.009641
2018-01-12 01:15:00,13088.0,13200.0,12911.15,13071.6,198.996365
2018-01-12 01:30:00,13067.99,13435.0,13010.17,13265.11,255.742167
2018-01-12 01:45:00,13278.12,13500.0,13265.14,13392.56,240.944704
2018-01-12 02:00:00,13392.56,13407.97,13241.42,13294.99,137.102291
2018-01-12 02:15:00,13297.0,13549.98,13290.0,13465.26,236.178936
2018-01-12 02:30:00,13465.26,13490.0,13269.43,13286.92,151.819039
2018-01-12 02:45:00,13286.91,13400.97,13228.01,13399.71,116.243888
2018-01-12 03:00:00,13373.0,13462.41,13349.81,13362.7,116.344443
2018-01-12 03:15:00,13358.26,13520.0,13350.01,13520.0,212.881417
2018-01-12 03:30:00,13515.0,13850.0,13501.13,13690.0,463.21576
2018-01-12 03:45:00,13690.0,13855.0,13676.04,13850.0,300.587058
2018-01-12 04:00:00,13854.95,13880.0,13678.7,13730.3,201.787612
2018-01-12 04:15:00,13730.3,13738.99,13524.69,13636.12,226.22964
2018-01-12 04:30:00,13674.37,13674.38,13550.01,13625.67,120.606102
2018-01-12 04:45:00,13635.68,13784.75,13619.99,13770.53,131.803302
2018-01-12 05:00:00,13760.01,13850.0,13601.0,13609.01,161.796545
2018-01-12 05:15:00,13623.72,13623.77,13354.1,13470.0,255.055554
2018-01-12 05:30:00,13469.99,13593.98,13401.0,13569.98,173.890281
2018-01-12 05:45:00,13569.98,13694.0,13515.0,13550.0,118.355409
2018-01-12 06:00:00,13550.0,13796.0,13517.78,13710.01,161.43781
2018-01-12 06:15:00,13749.75,13820.0,13630.34,13737.16,140.992163
2018-01-12 06:30:00,13747.37,13855.11,13700.0,13719.91,182.14577
2018-01-12 06:45:00,13719.91,13875.4,13700.0,13861.0,198.427405
2018-01-12 07:00:00,13861.0,13900.0,13784.93,13795.42,177.402356
2018-01-12 07:15:00,13800.35,13880.0,13734.34,13859.97,151.712152
2018-01-12 07:30:00,13859.99,13966.63,13845.06,13920.93,173.659055
2018-01-12 07:45:00,13920.93,13922.55,13700.0,13722.04,304.16708
2018-01-12 08:00:00,13722.04,13767.73,13520.0,13591.87,228.392332
2018-01-12 08:15:00,13592.01,13770.0,13518.96,13522.95,133.709692
2018-01-12 08:30:00,13518.79,13721.88,13490.0,13676.18,134.917844
2018-01-12 08:45:00,13676.71,13710.0,13600.49,13650.99,103.916468
2018-01-12 09:00:00,13630.07,13670.0,13400.0,13402.45,169.473396
2018-01-12 09:15:00,13402.12,13578.0,13301.99,13465.06,173.560184
2018-01-12 09:30:00,13470.03,13554.99,13460.19,13495.99,92.006406
2018-01-12 09:45:00,13495.99,13582.0,13475.0,13476.03,72.029814
2018-01-12 10:00:00,13496.99,13721.88,13476.03,13721.86,98.462883
2018-01-12 10:15:00,13721.86,13977.0,13721.86,13861.07,252.554943
2018-01-12 10:30:00,13869.73,13920.12,13737.29,13800.18,153.174763
2018-01-12 10:45:00,13800.33,13952.0,13800.33,13941.22,106.015997
2018-01-12 11:00:00,13940.0,13963.88,13846.8,13959.94,115.544791
2018-01-12 11:15:00,13946.23,14109.78,13900.0,13944.99,286.508851
2018-01-12 11:30:00,13944.96,14033.08,13857.63,14003.17,165.862159
2018-01-12 11:45:00,14003.17,14030.0,13832.13,13900.02,146.843292
2018-01-12 12:00:00,13900.02,13904.16,13738.56,13858.0,153.899638
2018-01-12 12:15:00,13850.01,13939.98,13784.12,13886.95,100.330912
2018-01-12 12:30:00,13872.52,13989.08,13870.29,13902.01,113.07396
2018-01-12 12:45:00,13902.01,14059.48,13902.01,14039.63,131.154001
2018-01-12 13:00:00,14013.55,14028.29,13872.98,13955.5,113.339365
2018-01-12 13:15:00,13955.5,14041.87,13930.0,14000.21,123.495262
2018-01-12 13:30:00,14000.21,14047.99,13957.0,13977.08,124.602586
2018-01-12 13:45:00,13977.3,13989.95,13741.35,13811.74,207.374382
2018-01-12 14:00:00,13811.74,13872.99,13736.53,13779.99,146.503386
2018-01-12 14:15:00,13780.01,13823.18,13601.0,13700.0,173.810927
2018-01-12 14:30:00,13700.05,13824.98,13677.72,13799.98,130.909435
2018-01-12 14:45:00,13799.98,13849.99,13775.93,13824.0,140.195352
2018-01-12 15:00:00,13824.0,13850.0,13703.24,13758.06,146.028609
2018-01-12 15:15:00,13750.0,13758.05,13649.99,13662.0,159.367364
2018-01-12 15:30:00,13662.0,13664.98,13530.0,13565.08,260.636744
2018-01-12 15:45:00,13565.08,13565.1,13358.99,13411.79,416.971717
2018-01-12 16:00:00,13411.79,13557.52,13359.0,13421.98,258.677257
2018-01-12 16:15:00,13421.97,13600.0,13222.0,13314.87,432.29693
2018-01-12 16:30:00,13314.86,13500.0,13280.0,13500.0,251.163814
2018-01-12 16:45:00,13499.95,13500.0,13364.84,13365.03,186.802059
2018-01-12 17:00:00,13370.0,13420.0,13275.01,13332.1,300.861273
2018-01-12 17:15:00,13320.02,13593.0,13250.32,13464.9,201.421812
2018-01-12 17:30:00,13464.95,13600.0,13464.95,13563.15,119.676414
2018-01-12 17:45:00,13563.15,13597.99,13502.86,13520.01,143.833376
2018-01-12 18:00:00,13520.06,13520.06,13376.51,13409.86,126.36418
2018-01-12 18:15:00,13400.0,13524.99,13350.0,13490.97,91.84008
2018-01-12 18:30:00,13496.38,13568.99,13390.32,13459.06,82.782367
2018-01-12 18:45:00,13450.0,13500.99,13350.0,13405.28,89.68327
2018-01-12 19:00:00,13379.69,13475.86,13350.0,13470.0,83.543843
2018-01-12 19:15:00,13469.99,13590.0,13403.17,13579.9,125.529459
2018-01-12 19:30:00,13564.95,13749.12,13553.02,13699.98,184.226724
2018-01-12 19:45:00,13699.98,13801.01,13666.34,13717.0,157.150219
2018-01-12 20:00:00,13717.0,13769.99,13625.08,13699.94,81.901006
2018-01-12 20:15:00,13699.94,13880.0,13645.0,13834.95,140.977177
2018-01-12 20:30:00,13834.95,13883.78,13728.04,13799.92,80.652904
2018-01-12 20:45:00,13800.0,13900.0,13734.0,13899.98,126.848467
2018-01-12 21:00:00,13880.01,13899.9,13725.01,13775.0,98.358613
2018-01-12 21:15:00,13777.02,13797.0,13700.0,13730.04,49.886635
2018-01-12 21:30:00,13730.0,13800.0,13701.82,13752.02,80.919896
2018-01-12 21:45:00,13752.02,13795.62,13700.0,13700.81,49.31786
2018-01-12 22:00:00,13714.99,13759.03,13640.0,13670.0,92.693146
2018-01-12 22:15:00,13670.0,13759.85,13510.0,13620.0,83.774948
2018-01-12 22:30:00,13600.13,13687.76,13541.59,13620.0,90.120228
2018-01-12 22:45:00,13633.42,13700.0,13580.0,13646.99,66.256345
2018-01-12 23:00:00,13646.98,13700.0,13600.0,13670.0,72.05829
2018-01-12 23:15:00,13670.0,13770.0,13656.01,13705.0,103.82989
2018-01-12 23:30:00,13719.76,13764.92,13679.96,13727.93,124.311082
2018-01-12 23:45:00,13720.0,13780.05,13636.82,13740.01,113.563403
2018-01-13 00:00:00,13749.95,13848.99,13740.01,13822.99,136.211295
2018-01-13 00:15:00,13810.04,13847.0,13768.56,13768.56,115.197361
2018-01-13 00:30:00,13757.03,13870.0,13706.15,13867.12,108.568345
2018-01-13 00:45:00,13867.12,14149.0,13854.0,14060.01,384.194114
2018-01-13 01:00:00,14033.36,14168.0,13958.95,13977.0,240.619547
2018-01-13 01:15:00,13977.01,14190.7,13963.44,14190.68,230.181659
2018-01-13 01:30:00,14190.66,14250.0,14049.8,14200.0,312.283973
2018-01-13 01:45:00,14200.0,14200.0,14142.8,14170.38,164.367178
2018-01-13 02:00:00,14184.97,14189.01,14077.0,14139.82,186.156918
2018-01-13 02:15:00,14139.82,14180.79,14102.31,14130.16,160.793953
2018-01-13 02:30:00,14129.56,14156.85,14079.99,14088.0,123.345335
2018-01-13 02:45:00,14075.06,14134.0,14059.48,14063.01,100.615629
2018-01-13 03:00:00,14062.99,14089.64,13889.06,13922.95,177.709436
2018-01-13 03:15:00,13923.91,13941.44,13820.0,13864.69,241.444476
2018-01-13 03:30:00,13875.0,14025.88,13820.0,14000.0,157.941226
2018-01-13 03:45:00,14000.0,14092.64,13933.0,14066.0,93.620292
2018-01-13 04:00:00,14065.99,14092.52,14000.0,14032.0,87.49387
2018-01-13 04:15:00,14031.99,14050.0,13950.29,14019.74,88.625875
2018-01-13 04:30:00,13999.99,14043.93,13948.42,14030.01,103.414526
2018-01-13 04:45:00,14030.01,14084.0,13958.98,14016.24,129.811936
2018-01-13 05:00:00,14016.23,14134.98,13999.04,14121.04,116.900798
2018-01-13 05:15:00,14100.0,14133.99,14033.0,14075.77,148.196992
2018-01-13 05:30:00,14075.77,14194.75,14060.64,14166.05,137.668722
2018-01-13 05:45:00,14178.99,14187.4,14100.0,14130.0,234.826573
2018-01-13 06:00:00,14148.81,14148.81,14000.0,14042.23,160.015116
2018-01-13 06:15:00,14034.99,14059.98,13948.41,14021.07,144.315907
2018-01-13 06:30:00,14021.07,14072.08,14000.0,14060.0,72.878287
2018-01-13 06:45:00,14065.38,14123.0,14030.99,14108.57,80.326798
2018-01-13 07:00:00,14102.19,14173.0,14049.99,14139.67,67.83545
2018-01-13 07:15:00,14136.0,14300.0,14112.02,14285.01,132.131534
2018-01-13 07:30:00,14285.01,14289.6,14220.36,14270.0,154.46505
2018-01-13 07:45:00,14270.0,14320.0,14241.29,14255.09,162.062551
2018-01-13 08:00:00,14250.0,14254.0,14071.0,14154.71,155.128261
2018-01-13 08:15:00,14169.98,14200.0,14085.0,14154.97,108.610762
2018-01-13 08:30:00,14154.97,14249.99,14125.0,14171.99,71.314457
2018-01-13 08:45:00,14171.99,14188.0,14105.09,14140.0,69.326199
2018-01-13 09:00:00,14135.02,14161.86,13990.1,14010.2,88.931055
2018-01-13 09:15:00,14010.22,14100.0,13974.94,14098.96,142.044726
2018-01-13 09:30:00,14081.01,14098.9,14010.0,14050.72,77.841654
2018-01-13 09:45:00,14050.72,14172.78,13989.0,14171.05,134.899302
2018-01-13 10:00:00,14150.0,14180.0,14090.0,14155.13,107.246631
2018-01-13 10:15:00,14150.0,14249.5,14150.0,14172.0,159.944678
2018-01-13 10:30:00,14172.7,14215.62,14161.45,14189.96,97.827828
2018-01-13 10:45:00,14181.08,14189.95,13981.07,14129.08,139.007629
2018-01-13 11:00:00,14130.04,14190.0,14070.08,14094.11,98.581705
2018-01-13 11:15:00,14090.0,14144.34,14050.01,14068.97,58.673311
2018-01-13 11:30:00,14068.0,14121.07,14011.36,14093.98,84.062202
2018-01-13 11:45:00,14091.0,14200.0,14091.0,14178.0,87.239132
2018-01-13 12:00:00,14166.0,14220.0,14143.22,14210.01,75.418295
2018-01-13 12:15:00,14210.01,14319.0,14200.0,14299.13,130.013859
2018-01-13 12:30:00,14299.13,14377.99,14273.55,14339.51,150.768047
2018-01-13 12:45:00,14338.72,14346.96,14222.7,14279.0,151.416553
2018-01-13 13:00:00,14279.01,14423.34,14270.0,14383.71,144.079536
2018-01-13 13:15:00,14383.71,14500.0,14350.01,14430.0,114.608595
2018-01-13 13:30:00,14425.47,14560.0,14401.01,14530.02,185.866782
2018-01-13 13:45:00,14530.02,14550.0,14454.95,14527.86,173.823987
2018-01-13 14:00:00,14520.0,14580.0,14448.66,14455.3,141.087362
2018-01-13 14:15:00,14475.94,14475.94,14254.99,14279.86,238.022743
2018-01-13 14:30:00,14279.86,14360.22,14255.0,14285.0,221.767175
2018-01-13 14:45:00,14285.0,14370.01,14256.12,14357.49,197.43449
2018-01-13 15:00:00,14357.49,14370.07,14083.55,14209.89,187.512688
2018-01-13 15:15:00,14179.77,14325.0,14179.77,14274.99,154.985671
2018-01-13 15:30:00,14261.04,14315.05,14170.0,14239.42,151.130429
2018-01-13 15:45:00,14261.72,14265.92,14159.18,14241.26,149.9874
2018-01-13 16:00:00,14257.84,14357.0,14242.29,14331.0,153.648502
2018-01-13 16:15:00,14331.0,14350.0,14260.78,14269.26,99.92396
2018-01-13 16:30:00,14261.06,14300.02,14171.0,14190.0,171.555927
2018-01-13 16:45:00,14190.0,14228.99,14150.0,14209.0,136.45535
2018-01-13 17:00:00,14200.0,14259.0,14186.77,14224.9,121.056796
2018-01-13 17:15:00,14224.9,14237.03,14141.01,14173.04,114.595628
2018-01-13 17:30:00,14189.96,14300.0,14160.0,14296.17,130.085686
2018-01-13 17:45:00,14296.17,14329.92,14240.0,14318.0,87.407789
2018-01-13 18:00:00,14318.0,14350.0,14275.0,14297.92,129.839891
2018-01-13 18:15:00,14275.31,14300.0,14230.14,14299.99,91.275332
2018-01-13 18:30:00,14299.99,14350.0,14224.03,14296.55,126.100019
2018-01-13 18:45:00,14297.57,14299.0,14186.0,14259.37,119.443989
2018-01-13 19:00:00,14259.37,14270.27,14225.28,14254.94,63.177428
2018-01-13 19:15:00,14254.9,14264.98,14092.0,14120.0,81.771395
2018-01-13 19:30:00,14114.81,14126.72,13923.18,14076.23,216.131134
2018-01-13 19:45:00,14070.02,14098.45,14000.03,14089.34,105.987708
2018-01-13 20:00:00,14086.64,14213.32,14062.0,14176.02,69.938347
2018-01-13 20:15:00,14176.01,14208.99,14112.83,14174.97,92.560198
2018-01-13 20:30:00,14146.11,14188.02,14105.01,14136.69,51.425639
2018-01-13 20:45:00,14136.7,14165.64,14101.83,14143.0,52.544266
2018-01-13 21:00:00,14142.99,14179.35,14022.0,14101.67,107.798975
2018-01-13 21:15:00,14114.83,14154.14,14055.28,14126.01,59.504594
2018-01-13 21:30:00,14126.01,14255.0,14126.01,14203.99,88.888842
2018-01-13 21:45:00,14199.99,14199.99,14101.74,14170.2,42.174045
2018-01-13 22:00:00,14162.0,14244.63,14150.0,14198.0,43.579415
2018-01-13 22:15:00,14183.27,14239.38,14180.0,14223.98,47.787543
2018-01-13 22:30:00,14223.98,14300.27,14205.08,14261.05,60.349735
2018-01-13 22:45:00,14261.05,14348.19,14203.79,14329.99,106.450927
2018-01-13 23:00:00,14329.81,14346.0,14201.11,14220.0,74.116633
2018-01-13 23:15:00,14220.17,14249.0,14142.01,14191.27,92.847861
2018-01-13 23:30:00,14209.5,14220.0,14160.8,14172.75,41.581185
2018-01-13 23:45:00,14172.74,14234.99,14172.72,14210.0,38.679923
2018-01-14 00:00:00,14210.0,14220.0,14165.11,14219.99,60.606817
2018-01-14 00:15:00,14219.99,14229.33,14160.01,14218.76,56.103754
2018-01-14 00:30:00,14218.72,14234.96,14109.77,14184.02,69.441282
2018-01-14 00:45:00,14184.02,14274.99,14184.0,14239.79,74.162812
2018-01-14 01:00:00,14239.79,14268.98,14178.26,14260.0,58.607293
2018-01-14 01:15:00,14259.99,14326.3,14234.53,14280.02,87.041333
2018-01-14 01:30:00,14280.02,14339.5,14260.36,14300.0,68.066661
2018-01-14 01:45:00,14300.01,14324.59,14258.03,14300.2,70.182135
2018-01-14 02:00:00,14300.2,14330.0,14261.45,14291.23,58.839285
2018-01-14 02:15:00,14290.91,14324.99,14197.1,14201.91,69.312678
2018-01-14 02:30:00,14202.86,14238.88,14130.01,14180.0,90.519017
2018-01-14 02:45:00,14161.0,14215.86,14159.95,14189.95,84.523335
2018-01-14 03:00:00,14188.99,14189.95,14111.0,14135.0,55.078791
2018-01-14 03:15:00,14135.0,14148.0,14109.08,14125.01,52.094488
2018-01-14 03:30:00,14125.03,14179.96,14088.55,14130.13,75.382966
2018-01-14 03:45:00,14130.12,14172.85,14119.68,14162.0,53.660529
2018-01-14 04:00:00,14165.0,14200.0,14100.0,14125.0,86.48975
2018-01-14 04:15:00,14125.0,14128.7,13950.0,13989.99,229.44231
2018-01-14 04:30:00,14002.0,14002.0,13537.0,13700.0,433.212744
2018-01-14 04:45:00,13694.28,13819.15,13581.9,13644.42,353.428725
2018-01-14 05:00:00,13629.98,13783.49,13511.24,13511.24,189.371607
2018-01-14 05:15:00,13544.16,13671.77,13359.07,13605.01,330.283297
2018-01-14 05:30:00,13605.01,13690.0,13505.0,13530.16,164.649314
2018-01-14 05:45:00,13530.05,13791.51,13467.23,13763.89,180.818301
2018-01-14 06:00:00,13762.88,13789.24,13641.0,13754.99,135.95556
2018-01-14 06:15:00,13750.99,13887.49,13700.0,13785.12,108.71743
2018-01-14 06:30:00,13821.0,13881.0,13783.01,13844.99,81.550014
2018-01-14 06:45:00,13850.0,13863.78,13766.43,13783.32,54.635532
2018-01-14 07:00:00,13819.0,13863.86,13731.43,13755.29,87.653274
2018-01-14 07:15:00,13755.34,13772.01,13600.0,13731.99,79.86816
2018-01-14 07:30:00,13731.99,13731.99,13515.71,13611.99,106.120097
2018-01-14 07:45:00,13596.01,13653.19,13559.21,13590.0,60.521833
2018-01-14 08:00:00,13590.0,13707.44,13575.5,13679.88,102.826218
2018-01-14 08:15:00,13693.81,13720.0,13654.32,13719.99,71.612936
2018-01-14 08:30:00,13719.99,13720.0,13575.5,13575.5,116.291146
2018-01-14 08:45:00,13570.12,13680.52,13550.0,13623.0,81.22959
2018-01-14 09:00:00,13623.0,13623.0,13250.0,13346.33,377.563417
2018-01-14 09:15:00,13330.09,13500.0,13290.0,13377.9,305.409643
2018-01-14 09:30:00,13377.89,13450.0,13250.83,13449.94,189.290359
2018-01-14 09:45:00,13449.94,13489.85,13337.03,13411.06,204.263756
2018-01-14 10:00:00,13411.36,13479.44,13386.59,13460.0,146.77695
2018-01-14 10:15:00,13455.0,13530.0,13452.44,13530.0,103.240169
2018-01-14 10:30:00,13530.0,13588.0,13469.0,13477.0,148.254702
2018-01-14 10:45:00,13481.06,13494.9,13368.0,13410.38,136.628989
2018-01-14 11:00:00,13410.38,13459.98,13375.16,13400.05,147.673436
2018-01-14 11:15:00,13400.01,13400.01,13250.0,13279.0,213.293455
2018-01-14 11:30:00,13279.0,13299.42,13120.0,13259.01,390.705703
2018-01-14 11:45:00,13259.03,13380.0,13259.03,13280.15,229.02268
2018-01-14 12:00:00,13280.16,13307.11,12600.0,12704.7,699.160544
2018-01-14 12:15:00,12704.7,13058.84,12611.0,13037.84,577.129017
2018-01-14 12:30:00,13037.85,13058.82,12580.0,12710.0,606.48959
2018-01-14 12:45:00,12710.0,13032.99,12701.12,12881.32,592.47285
2018-01-14 13:00:00,12881.56,13196.32,12850.0,13188.0,407.71274
2018-01-14 13:15:00,13188.0,13333.0,13112.0,13315.0,272.636482
2018-01-14 13:30:00,13305.03,13323.98,13202.21,13253.0,194.865114
2018-01-14 13:45:00,13253.0,13426.45,13240.28,13398.01,326.61179
2018-01-14 14:00:00,13399.08,13399.08,13267.38,13290.16,215.06521
2018-01-14 14:15:00,13290.16,13344.29,13219.63,13289.59,262.34132
2018-01-14 14:30:00,13289.59,13410.0,13275.82,13371.45,218.647735
2018-01-14 14:45:00,13371.45,13383.95,13285.5,13301.99,150.450332
2018-01-14 15:00:00,13301.99,13310.0,12925.07,13005.62,382.073424
2018-01-14 15:15:00,13005.61,13013.59,12694.85,12695.68,396.784584
2018-01-14 15:30:00,12695.68,12873.68,12569.2,12797.63,639.06278
2018-01-14 15:45:00,12797.62,12977.46,12700.0,12869.89,312.061652
2018-01-14 16:00:00,12869.82,12899.99,12690.01,12887.98,311.153882
2018-01-14 16:15:00,12899.99,13098.65,12871.18,13080.0,250.194887
2018-01-14 16:30:00,13080.0,13080.0,12902.12,12933.1,193.972145
2018-01-14 16:45:00,12932.67,13152.43,12903.03,13065.02,148.649324
2018-01-14 17:00:00,13065.02,13199.25,13051.91,13086.9,125.820242
2018-01-14 17:15:00,13086.95,13189.84,12987.13,13150.0,124.130015
2018-01-14 17:30:00,13138.13,13189.53,13057.0,13149.82,103.468344
2018-01-14 17:45:00,13149.82,13300.0,12901.0,13270.75,164.731668
2018-01-14 18:00:00,13280.22,13420.0,13240.79,13378.84,142.85035
2018-01-14 18:15:00,13378.83,13450.0,13283.86,13346.0,125.178846
2018-01-14 18:30:00,13340.0,13379.99,13150.0,13226.77,112.723479
2018-01-14 18:45:00,13249.99,13292.94,13218.32,13265.0,96.138787
2018-01-14 19:00:00,13265.0,13372.11,13265.0,13312.05,106.446925
2018-01-14 19:15:00,13316.91,13395.31,13237.11,13281.91,89.31325
2018-01-14 19:30:00,13253.63,13332.18,13173.89,13200.0,102.182343
2018-01-14 19:45:00,13188.99,13200.0,13081.0,13109.0,124.465729
2018-01-14 20:00:00,13130.52,13274.99,13109.01,13218.61,158.157182
2018-01-14 20:15:00,13218.61,13274.0,13100.0,13205.0,136.125242
2018-01-14 20:30:00,13236.63,13236.99,13109.45,13236.99,100.490765
2018-01-14 20:45:00,13218.47,13395.0,13218.47,13357.98,108.745977
2018-01-14 21:00:00,13340.03,13395.0,13253.25,13300.0,90.733252
2018-01-14 21:15:00,13342.18,13370.0,13272.81,13368.0,79.508596
2018-01-14 21:30:00,13368.0,13368.0,13275.54,13279.89,85.266492
2018-01-14 21:45:00,13275.0,13340.0,13250.0,13265.0,77.828196
2018-01-14 22:00:00,13250.24,13370.0,13240.81,13343.0,65.536889
2018-01-14 22:15:00,13343.0,13355.79,13247.43,13313.0,87.541575
2018-01-14 22:30:00,13313.0,13367.96,13270.0,13339.91,55.933858
2018-01-14 22:45:00,13325.03,13474.51,13325.03,13452.0,96.977505
2018-01-14 23:00:00,13474.51,13568.0,13407.0,13470.05,157.818878
2018-01-14 23:15:00,13470.08,13592.0,13470.07,13589.71,115.27352
2018-01-14 23:30:00,13589.65,13600.8,13427.3,13501.92,194.573133
2018-01-14 23:45:00,13501.91,13557.99,13459.91,13474.99,101.973616
2018-01-15 00:00:00,13477.98,13624.77,13460.3,13558.24,121.922352
2018-01-15 00:15:00,13586.93,13598.52,13500.0,13568.89,106.880501
2018-01-15 00:30:00,13568.89,13706.91,13556.56,13680.0,115.999258
2018-01-15 00:45:00,13680.01,13733.52,13650.02,13689.94,124.849716
2018-01-15 01:00:00,13689.94,13712.75,13570.12,13589.98,117.89334
2018-01-15 01:15:00,13589.98,13589.98,13425.01,13533.76,251.918317
2018-01-15 01:30:00,13533.76,13650.0,13477.71,13588.98,122.945547
2018-01-15 01:45:00,13588.94,13599.94,13423.85,13460.94,127.375337
2018-01-15 02:00:00,13460.81,13519.89,13300.0,13409.36,158.913377
2018-01-15 02:15:00,13409.35,13414.1,13244.5,13299.89,146.913657
2018-01-15 02:30:00,13299.86,13399.0,13236.21,13379.96,159.223335
2018-01-15 02:45:00,13379.96,13475.8,13307.48,13307.48,147.800836
2018-01-15 03:00:00,13315.01,13369.96,13215.56,13287.22,139.10303
2018-01-15 03:15:00,13287.22,13400.0,13232.99,13333.09,100.005209
2018-01-15 03:30:00,13346.12,13400.0,13276.0,13345.0,84.802303
2018-01-15 03:45:00,13374.97,13448.72,13336.64,13368.43,98.616017
2018-01-15 04:00:00,13367.0,13484.63,13338.21,13460.0,94.180293
2018-01-15 04:15:00,13460.0,13484.63,13423.86,13440.0,82.732108
2018-01-15 04:30:00,13440.0,13571.42,13425.1,13538.86,115.204319
2018-01-15 04:45:00,13510.05,13580.0,13485.52,13550.0,85.510025
2018-01-15 05:00:00,13550.0,13570.06,13503.79,13556.99,69.081238
2018-01-15 05:15:00,13556.99,13557.0,13403.0,13427.95,95.052641
2018-01-15 05:30:00,13427.91,13525.0,13384.58,13485.0,98.111696
2018-01-15 05:45:00,13485.0,13540.0,13470.0,13520.01,84.947179
2018-01-15 06:00:00,13520.03,13599.0,13514.57,13580.0,90.931211
2018-01-15 06:15:00,13580.89,13694.02,13565.23,13665.03,128.436758
2018-01-15 06:30:00,13665.0,13724.0,13640.0,13682.02,124.371037
2018-01-15 06:45:00,13682.02,13736.4,13664.42,13730.01,94.60924
2018-01-15 07:00:00,13730.0,13736.31,13617.15,13676.0,157.399772
2018-01-15 07:15:00,13676.0,13678.98,13515.0,13599.96,134.50569
2018-01-15 07:30:00,13599.96,13629.7,13450.0,13473.0,193.020064
2018-01-15 07:45:00,13470.88,13500.0,13251.0,13355.0,304.306961
2018-01-15 08:00:00,13346.34,13452.68,13290.33,13449.79,239.533817
2018-01-15 08:15:00,13449.8,13480.61,13423.91,13451.96,126.347641
2018-01-15 08:30:00,13443.0,13459.99,13369.92,13378.0,158.691908
2018-01-15 08:45:00,13378.0,13463.01,13316.01,13381.1,158.290841
2018-01-15 09:00:00,13381.1,13464.0,13354.0,13410.05,146.899527
2018-01-15 09:15:00,13400.05,13430.5,13371.23,13394.98,127.284869
2018-01-15 09:30:00,13394.99,13571.43,13380.0,13560.0,194.912018
2018-01-15 09:45:00,13571.43,13619.0,13519.21,13532.01,168.730678
2018-01-15 10:00:00,13532.0,13690.06,13530.12,13664.97,132.806676
2018-01-15 10:15:00,13650.0,13679.0,13618.37,13672.63,125.509924
2018-01-15 10:30:00,13661.0,13670.0,13610.03,13659.99,125.81399
2018-01-15 10:45:00,13659.99,13720.05,13620.21,13650.0,192.791102
2018-01-15 11:00:00,13660.01,13740.27,13582.79,13637.55,192.127353
2018-01-15 11:15:00,13637.55,13670.6,13370.0,13386.88,262.619159
2018-01-15 11:30:00,13390.0,13519.21,13147.79,13511.49,479.290047
2018-01-15 11:45:00,13511.48,13660.79,13398.91,13644.9,255.709017
2018-01-15 12:00:00,13645.0,13663.73,13520.59,13559.95,207.597358
2018-01-15 12:15:00,13559.95,13599.99,13520.17,13570.63,123.966138
2018-01-15 12:30:00,13596.0,13904.0,13570.67,13903.99,271.652571
2018-01-15 12:45:00,13901.17,14200.27,13890.01,14195.0,485.876519
2018-01-15 13:00:00,14190.03,14200.0,13967.51,14100.83,411.812522
2018-01-15 13:15:00,14127.62,14127.63,13914.84,13973.72,263.795845
2018-01-15 13:30:00,13946.75,14100.0,13936.76,14050.0,220.531247
2018-01-15 13:45:00,14049.97,14089.95,13958.69,14085.48,178.775156
2018-01-15 14:00:00,14067.03,14215.9,14067.02,14179.01,230.291659
2018-01-15 14:15:00,14160.01,14227.7,14100.0,14220.92,193.310838
2018-01-15 14:30:00,14220.92,14249.99,14075.04,14083.6,172.119819
2018-01-15 14:45:00,14083.6,14200.0,14038.02,14038.08,159.98061
2018-01-15 15:00:00,14059.99,14073.99,13900.0,14024.01,328.970582
2018-01-15 15:15:00,14040.97,14100.0,14021.13,14072.97,135.849332
2018-01-15 15:30:00,14065.01,14072.97,13931.01,13946.09,170.576829
2018-01-15 15:45:00,13946.09,13999.0,13900.0,13990.01,143.7703
2018-01-15 16:00:00,13990.01,13999.99,13870.61,13915.13,159.891397
2018-01-15 16:15:00,13929.89,13950.0,13825.0,13877.02,154.487533
2018-01-15 16:30:00,13913.46,14050.0,13867.02,14045.03,161.593108
2018-01-15 16:45:00,14050.0,14071.59,13970.0,14069.97,91.746331
2018-01-15 17:00:00,14041.42,14098.48,14000.37,14014.98,109.297256
2018-01-15 17:15:00,14014.98,14100.0,14000.37,14012.99,116.952981
2018-01-15 17:30:00,14000.66,14035.0,13900.0,13966.99,91.650373
2018-01-15 17:45:00,13966.99,13966.99,13770.0,13825.05,130.524425
2018-01-15 18:00:00,13801.05,13873.6,13763.55,13873.6,105.84276
2018-01-15 18:15:00,13835.3,13899.0,13830.0,13853.56,79.120132
2018-01-15 18:30:00,13854.0,13873.79,13755.0,13818.13,101.120358
2018-01-15 18:45:00,13808.11,13880.0,13755.0,13827.95,134.89571
2018-01-15 19:00:00,13811.01,13891.01,13715.78,13777.05,121.039116
2018-01-15 19:15:00,13777.05,13800.97,13655.21,13740.0,147.012531
2018-01-15 19:30:00,13740.0,13774.94,13660.0,13718.56,92.678872
2018-01-15 19:45:00,13701.37,13814.99,13671.27,13760.0,70.947064
2018-01-15 20:00:00,13774.97,13836.81,13682.27,13819.0,115.294677
2018-01-15 20:15:00,13801.15,13829.0,13749.29,13759.04,102.361969
2018-01-15 20:30:00,13770.0,13815.63,13701.01,13765.09,122.660177
2018-01-15 20:45:00,13733.73,13764.84,13556.99,13635.73,157.564842
2018-01-15 21:00:00,13635.73,13741.27,13590.24,13641.99,100.659963
2018-01-15 21:15:00,13634.84,13729.49,13602.66,13642.99,97.775314
2018-01-15 21:30:00,13642.99,13773.0,13642.0,13724.7,96.255751
2018-01-15 21:45:00,13724.68,13841.75,13707.97,13801.2,96.305543
2018-01-15 22:00:00,13801.34,13815.0,13685.0,13736.0,63.454206
2018-01-15 22:15:00,13759.75,13808.16,13726.62,13741.01,81.953263
2018-01-15 22:30:00,13757.98,13760.68,13695.0,13728.76,62.768541
2018-01-15 22:45:00,13699.3,13790.0,13677.33,13736.7,112.065911
2018-01-15 23:00:00,13736.7,13787.82,13658.0,13679.92,93.273664
2018-01-15 23:15:00,13676.99,13679.9,13448.89,13550.08,227.877174
2018-01-15 23:30:00,13550.08,13648.9,13340.64,13400.0,244.730581
2018-01-15 23:45:00,13400.0,13539.93,13354.68,13539.93,144.494926
2018-01-16 00:00:00,13500.0,13542.93,13184.98,13229.92,555.355709
2018-01-16 00:15:00,13209.71,13298.16,13010.0,13108.32,418.759332
2018-01-16 00:30:00,13143.47,13143.47,12900.08,13143.47,598.84482
2018-01-16 00:45:00,13120.0,13338.0,13100.0,13139.86,428.111954
2018-01-16 01:00:00,13143.97,13196.44,12903.0,13079.42,443.863827
2018-01-16 01:15:00,13079.36,13201.52,12921.92,12950.0,337.303003
2018-01-16 01:30:00,12950.0,12951.08,12501.0,12620.0,981.275115
2018-01-16 01:45:00,12646.71,13053.0,12569.06,12973.76,588.901632
2018-01-16 02:00:00,12973.76,12990.01,12764.64,12885.27,446.934014
2018-01-16 02:15:00,12885.27,12939.0,12644.7,12799.99,554.713178
2018-01-16 02:30:00,12784.88,13100.0,12780.01,12958.05,432.597586
2018-01-16 02:45:00,12922.2,13211.1,12905.11,13173.02,307.898065
2018-01-16 03:00:00,13170.0,13174.58,13000.36,13113.38,212.32477
2018-01-16 03:15:00,13113.38,13121.74,12751.98,12827.51,277.176887
2018-01-16 03:30:00,12871.3,12994.92,12764.05,12790.0,296.230419
2018-01-16 03:45:00,12790.2,12958.05,12790.2,12828.99,237.726316
2018-01-16 04:00:00,12829.98,12940.0,12802.05,12929.99,182.447015
2018-01-16 04:15:00,12939.32,12966.0,12820.0,12850.0,234.117113
2018-01-16 04:30:00,12850.0,12975.0,12841.19,12905.12,153.060675
2018-01-16 04:45:00,12914.99,12959.13,12855.08,12880.02,168.087759
2018-01-16 05:00:00,12880.02,12905.0,12820.0,12874.92,151.265133
2018-01-16 05:15:00,12874.92,12917.84,12830.07,12909.01,126.301023
2018-01-16 05:30:00,12909.01,13169.0,12880.01,12999.98,240.785711
2018-01-16 05:45:00,12999.98,13055.0,12974.0,13055.0,119.292008
2018-01-16 06:00:00,13055.0,13111.0,12835.5,12949.87,212.179407
2018-01-16 06:15:00,12949.87,12998.0,12909.88,12912.72,162.941436
2018-01-16 06:30:00,12912.72,12991.22,12909.83,12959.64,109.410207
2018-01-16 06:45:00,12959.63,13054.99,12930.82,13032.24,124.300239
2018-01-16 07:00:00,13030.03,13114.16,13006.7,13067.0,151.739292
2018-01-16 07:15:00,13067.0,13068.34,13024.07,13035.2,104.010872
2018-01-16 07:30:00,13035.2,13045.97,12713.11,12771.99,266.779122
2018-01-16 07:45:00,12771.99,12799.0,12222.0,12347.32,879.808996
2018-01-16 08:00:00,12340.0,12488.0,11650.03,11734.0,1643.334437
2018-01-16 08:15:00,11734.0,12230.0,11350.0,11400.0,1476.448453
2018-01-16 08:30:00,11400.0,11999.99,11041.0,11850.01,2015.729941
2018-01-16 08:45:00,11871.95,12073.49,11531.73,11838.66,1251.853457
2018-01-16 09:00:00,11807.46,11884.81,11301.07,11400.64,1142.393021
2018-01-16 09:15:00,11401.95,11845.85,11318.0,11680.03,918.098704
2018-01-16 09:30:00,11680.05,11779.37,11200.0,11280.87,831.152579
2018-01-16 09:45:00,11250.63,11350.0,10620.88,10900.01,1863.327511
2018-01-16 10:00:00,10900.02,11930.0,10900.02,11628.07,1378.093521
2018-01-16 10:15:00,11628.07,11977.0,11320.0,11750.0,1161.146946
2018-01-16 10:30:00,11799.99,12008.38,11657.25,11750.0,718.515871
2018-01-16 10:45:00,11750.0,11872.86,11400.0,11669.98,748.811815
2018-01-16 11:00:00,11666.01,11869.99,11650.0,11782.96,504.120828
2018-01-16 11:15:00,11782.95,12089.38,11678.0,11700.21,622.085243
2018-01-16 11:30:00,11700.21,11975.0,11571.2,11975.0,430.911712
2018-01-16 11:45:00,11975.0,12250.0,11862.45,12127.16,674.23706
2018-01-16 12:00:00,12140.0,12200.0,11900.0,12039.66,514.559426
2018-01-16 12:15:00,12039.67,12188.0,11564.6,11720.0,736.021593
2018-01-16 12:30:00,11719.99,11719.99,11394.29,11599.0,688.05488
2018-01-16 12:45:00,11599.02,11814.0,11492.63,11760.0,452.353881
2018-01-16 13:00:00,11760.01,11934.63,11696.34,11841.12,458.386687
2018-01-16 13:15:00,11841.12,11869.66,11750.01,11800.0,321.898559
2018-01-16 13:30:00,11779.98,11811.8,11400.0,11460.81,606.877327
2018-01-16 13:45:00,11460.81,11542.66,11000.0,11288.82,969.217603
2018-01-16 14:00:00,11286.97,11600.0,11200.0,11424.93,680.798655
2018-01-16 14:15:00,11411.13,11666.0,11380.23,11574.08,467.516287
2018-01-16 14:30:00,11570.0,11800.0,11503.25,11730.11,393.280554
2018-01-16 14:45:00,11749.0,11750.0,11450.0,11630.01,421.240661
2018-01-16 15:00:00,11630.02,11770.89,11457.0,11605.76,327.562245
2018-01-16 15:15:00,11624.46,11707.5,11539.32,11699.89,216.447613
2018-01-16 15:30:00,11690.06,11960.0,11589.34,11922.0,425.136714
2018-01-16 15:45:00,11922.0,12050.0,11812.98,11964.02,420.508462
2018-01-16 16:00:00,11963.9,11988.47,11684.52,11849.0,365.0581
2018-01-16 16:15:00,11846.02,11928.71,11715.0,11821.56,227.621357
2018-01-16 16:30:00,11810.0,11821.59,11577.0,11711.0,327.863497
2018-01-16 16:45:00,11711.03,11719.19,11455.0,11611.01,318.192264
2018-01-16 17:00:00,11611.02,11704.96,11407.0,11499.99,256.135659
2018-01-16 17:15:00,11479.08,11496.49,11051.0,11260.33,676.33662
2018-01-16 17:30:00,11261.0,11450.54,11200.0,11298.99,417.836317
2018-01-16 17:45:00,11280.15,11280.15,10878.0,10910.88,779.412356
2018-01-16 18:00:00,10898.21,11100.0,10575.35,10866.06,1225.155518
2018-01-16 18:15:00,10890.07,11075.0,10620.0,10878.52,812.516895
2018-01-16 18:30:00,10878.52,10961.06,10671.0,10809.89,632.238002
2018-01-16 18:45:00,10805.0,11300.0,10715.05,10993.18,561.443993
2018-01-16 19:00:00,10993.13,11389.56,10950.0,11334.29,620.779889
2018-01-16 19:15:00,11320.0,11340.0,11129.0,11295.0,358.603493
2018-01-16 19:30:00,11295.0,11523.3,11250.0,11316.17,350.669219
2018-01-16 19:45:00,11345.95,11399.99,11001.0,11064.52,358.60938
2018-01-16 20:00:00,11082.12,11281.13,10924.29,11201.01,392.284862
2018-01-16 20:15:00,11201.01,11213.89,11002.29,11064.48,280.719348
2018-01-16 20:30:00,11064.48,11100.0,10742.35,10742.35,385.003842
2018-01-16 20:45:00,10746.97,10825.91,10548.0,10650.18,665.08522
2018-01-16 21:00:00,10680.27,10944.57,10520.01,10575.0,558.425618
2018-01-16 21:15:00,10575.0,10583.58,10140.0,10179.94,1265.960155
2018-01-16 21:30:00,10150.13,10519.41,9901.0,10200.0,1865.621297
2018-01-16 21:45:00,10179.01,10899.0,9880.0,10049.0,1408.609005
2018-01-16 22:00:00,10040.0,10199.0,9666.0,9777.58,1429.763065
2018-01-16 22:15:00,9777.58,9780.02,9037.13,9100.01,1991.94418
2018-01-16 22:30:00,9100.01,10500.0,9035.0,9965.0,2375.517977
2018-01-16 22:45:00,9960.02,11439.0,9960.01,10674.38,1879.927646
2018-01-16 23:00:00,10690.0,10700.0,10150.0,10408.66,1165.728813
2018-01-16 23:15:00,10408.66,11430.0,10379.19,11070.9,1388.674151
2018-01-16 23:30:00,11100.0,11374.98,10750.01,11374.98,1138.883219
2018-01-16 23:45:00,11370.9,11374.98,10834.09,10900.0,935.883337
2018-01-17 00:00:00,10899.99,11338.6,10823.0,11334.76,960.011393
2018-01-17 00:15:00,11334.76,11488.88,11028.27,11198.99,1031.365933
2018-01-17 00:30:00,11199.0,11218.28,10593.0,10884.07,1414.527612
2018-01-17 00:45:00,10900.0,10940.26,10600.0,10700.07,845.677505
2018-01-17 01:00:00,10700.0,11025.67,10660.39,10832.57,703.824402
2018-01-17 01:15:00,10835.0,10904.81,10635.0,10793.74,581.087934
2018-01-17 01:30:00,10793.74,11126.43,10755.0,11046.25,570.258284
2018-01-17 01:45:00,11049.0,11050.0,10648.29,10670.68,480.611352
2018-01-17 02:00:00,10670.63,10899.99,10625.01,10785.97,539.551992
2018-01-17 02:15:00,10785.95,10958.31,10763.25,10899.99,388.558188
2018-01-17 02:30:00,10899.99,10907.82,10590.01,10615.57,499.406705
2018-01-17 02:45:00,10615.57,10683.8,10280.0,10500.0,874.087027
2018-01-17 03:00:00,10490.0,10562.26,10025.23,10113.65,826.052964
2018-01-17 03:15:00,10113.65,10240.0,9777.0,9987.0,1268.773297
2018-01-17 03:30:00,9987.0,10300.0,9780.0,9849.92,980.053545
2018-01-17 03:45:00,9849.92,10484.06,9780.0,10415.99,907.986833
2018-01-17 04:00:00,10415.99,10484.06,9950.55,10098.87,757.941266
2018-01-17 04:15:00,10098.81,10287.83,10048.79,10266.0,493.695277
2018-01-17 04:30:00,10259.99,10745.0,10250.44,10547.07,768.668484
2018-01-17 04:45:00,10547.07,10915.92,10470.0,10569.89,757.032423
2018-01-17 05:00:00,10538.1,10620.9,10310.47,10399.98,525.69583
2018-01-17 05:15:00,10399.98,10485.92,10111.0,10448.0,589.598083
2018-01-17 05:30:00,10439.98,10596.99,10300.0,10337.36,465.178944
2018-01-17 05:45:00,10366.18,10540.0,10285.0,10539.99,367.055401
2018-01-17 06:00:00,10534.04,10858.88,10517.0,10774.7,547.536802
2018-01-17 06:15:00,10774.69,11025.0,10700.0,10772.72,532.082703
2018-01-17 06:30:00,10762.55,11111.0,10711.02,11020.05,652.152071
2018-01-17 06:45:00,11029.99,11069.0,10772.73,10777.0,472.266738
2018-01-17 07:00:00,10785.56,10950.02,10705.0,10919.0,403.601022
2018-01-17 07:15:00,10919.0,10950.01,10730.02,10809.99,342.969724
2018-01-17 07:30:00,10804.8,10849.98,10660.0,10730.0,314.289914
2018-01-17 07:45:00,10731.26,10816.0,10678.34,10765.01,260.389967
2018-01-17 08:00:00,10777.93,10799.78,10333.52,10374.82,490.888304
2018-01-17 08:15:00,10353.97,10499.0,10250.0,10446.74,650.100721
2018-01-17 08:30:00,10446.74,10670.1,10403.01,10519.01,476.914431
2018-01-17 08:45:00,10578.76,10598.99,10371.0,10522.04,424.039717
2018-01-17 09:00:00,10522.04,10536.21,10253.0,10380.11,449.768226
2018-01-17 09:15:00,10368.16,10500.0,10368.0,10494.0,311.400073
2018-01-17 09:30:00,10495.99,10499.88,10220.0,10289.4,302.219719
2018-01-17 09:45:00,10289.4,10343.63,9910.0,10250.0,947.448784
2018-01-17 10:00:00,10255.01,10299.92,9901.0,10024.99,693.115622
2018-01-17 10:15:00,10024.99,10145.0,9587.99,9802.84,1013.951469
2018-01-17 10:30:00,9802.84,10056.02,9775.01,9989.8,741.708372
2018-01-17 10:45:00,9989.78,9989.78,9666.0,9709.95,519.430022
2018-01-17 11:00:00,9709.95,10360.0,9679.38,10163.45,969.283911
2018-01-17 11:15:00,10166.0,10335.98,9850.0,10068.72,547.990301
2018-01-17 11:30:00,10047.01,10216.0,9850.01,9851.87,413.309847
2018-01-17 11:45:00,9853.39,9996.0,9700.0,9808.14,750.77463
2018-01-17 12:00:00,9850.76,10030.93,9711.95,10028.0,564.278159
2018-01-17 12:15:00,10028.0,10200.0,9882.44,10126.99,500.372385
2018-01-17 12:30:00,10126.98,10333.01,10056.78,10154.83,564.587742
2018-01-17 12:45:00,10154.83,10248.33,9977.0,10030.01,373.48665
2018-01-17 13:00:00,10030.01,10173.25,9940.0,10130.03,388.192504
2018-01-17 13:15:00,10130.03,10155.06,10015.05,10047.04,384.35025
2018-01-17 13:30:00,10047.04,10096.67,9750.0,9897.99,613.271732
2018-01-17 13:45:00,9889.99,9962.6,9720.0,9720.0,519.125735
2018-01-17 14:00:00,9722.0,9856.24,9500.0,9669.95,1041.866554
2018-01-17 14:15:00,9669.95,9688.31,9327.02,9330.0,1024.698704
2018-01-17 14:30:00,9330.0,9572.16,9112.0,9450.0,1781.553043
2018-01-17 14:45:00,9450.01,9450.05,9122.0,9160.02,1360.593976
2018-01-17 15:00:00,9160.03,9503.28,9149.0,9321.92,1386.027159
2018-01-17 15:15:00,9321.92,9400.0,9051.0,9055.03,1044.955995
2018-01-17 15:30:00,9055.03,9525.01,9037.94,9285.01,1515.596523
2018-01-17 15:45:00,9285.01,9500.0,9108.1,9227.47,957.779415
2018-01-17 16:00:00,9227.46,9800.0,9150.01,9740.0,1360.722597
2018-01-17 16:15:00,9772.89,10100.0,9520.02,9859.86,1301.513531
2018-01-17 16:30:00,9859.86,10175.0,9634.15,10108.1,1091.441244
2018-01-17 16:45:00,10108.1,10295.0,9898.96,10287.97,925.906319
2018-01-17 17:00:00,10287.97,10349.95,9800.0,10229.32,993.218479
2018-01-17 17:15:00,10220.0,10299.93,9849.09,9906.43,934.837957
2018-01-17 17:30:00,9906.43,9923.41,9500.45,9739.69,951.524096
2018-01-17 17:45:00,9722.17,9980.0,9670.03,9849.99,654.021008
2018-01-17 18:00:00,9840.01,9896.0,9699.03,9751.0,393.451531
2018-01-17 18:15:00,9755.0,9800.0,9620.03,9630.07,388.419542
2018-01-17 18:30:00,9659.99,9810.0,9625.1,9715.06,348.928156
2018-01-17 18:45:00,9734.92,9769.97,9650.0,9650.0,277.619467
2018-01-17 19:00:00,9651.0,10000.0,9640.0,9961.12,533.621771
2018-01-17 19:15:00,9950.01,9989.0,9804.0,9940.1,325.135857
2018-01-17 19:30:00,9940.11,10200.0,9930.0,10180.0,438.947851
2018-01-17 19:45:00,10175.0,10600.83,10165.01,10390.0,834.459267
2018-01-17 20:00:00,10366.0,10825.0,10181.89,10605.02,909.753409
2018-01-17 20:15:00,10605.03,10997.0,10530.0,10738.0,1069.667869
2018-01-17 20:30:00,10737.99,10845.0,10502.0,10843.93,873.100809
2018-01-17 20:45:00,10820.01,11080.0,10750.85,10901.06,1104.271704
2018-01-17 21:00:00,10901.07,10950.87,10601.19,10749.76,816.091722
2018-01-17 21:15:00,10749.65,10950.0,10570.31,10948.06,826.485041
2018-01-17 21:30:00,10948.06,11487.0,10947.42,11219.98,1107.137625
2018-01-17 21:45:00,11200.01,11460.0,11023.0,11419.0,974.034654
2018-01-17 22:00:00,11419.0,11680.99,11311.02,11462.01,1095.22852
2018-01-17 22:15:00,11475.02,11500.0,10600.0,10875.16,1467.421899
2018-01-17 22:30:00,10899.97,11099.0,10551.0,10625.03,1166.631926
2018-01-17 22:45:00,10676.5,10950.0,10509.75,10650.48,855.657194
2018-01-17 23:00:00,10699.99,10709.99,10351.02,10554.99,1022.265215
2018-01-17 23:15:00,10555.0,11098.87,10540.45,10810.24,954.885033
2018-01-17 23:30:00,10810.24,11150.0,10780.67,11061.73,805.485621
2018-01-17 23:45:00,11050.07,11100.08,10677.74,10988.79,684.839442
2018-01-18 00:00:00,10972.59,11050.07,10650.0,10821.95,655.481593
2018-01-18 00:15:00,10821.94,10947.0,10650.81,10688.34,438.964998
2018-01-18 00:30:00,10688.34,10947.0,10688.33,10839.96,494.368233
2018-01-18 00:45:00,10805.43,11159.0,10762.0,11150.0,524.403771
2018-01-18 01:00:00,11159.0,11350.0,10958.0,11276.58,712.451363
2018-01-18 01:15:00,11276.62,11500.0,11276.61,11332.19,737.568935
2018-01-18 01:30:00,11332.22,11348.98,11081.8,11271.99,679.585818
2018-01-18 01:45:00,11271.99,11382.9,11123.99,11380.01,447.129189
2018-01-18 02:00:00,11377.78,11455.16,11260.0,11449.02,480.112304
2018-01-18 02:15:00,11449.03,11600.0,11351.07,11525.0,619.456066
2018-01-18 02:30:00,11500.08,11580.0,11200.0,11319.91,656.760772
2018-01-18 02:45:00,11319.91,11575.01,11301.01,11547.0,533.626828
2018-01-18 03:00:00,11535.0,11547.0,11418.74,11484.23,407.6298
2018-01-18 03:15:00,11484.23,11575.0,11300.0,11434.98,480.717992
2018-01-18 03:30:00,11430.0,11430.0,11051.0,11099.7,804.057998
2018-01-18 03:45:00,11052.06,11150.36,10902.01,10955.45,779.691746
2018-01-18 04:00:00,10950.01,11325.06,10950.0,11239.36,497.489056
2018-01-18 04:15:00,11221.15,11239.95,10889.0,10949.95,465.602558
2018-01-18 04:30:00,10925.05,10998.0,10700.8,10800.0,750.328217
2018-01-18 04:45:00,10803.68,10962.99,10705.0,10766.99,519.909234
2018-01-18 05:00:00,10755.04,10761.04,10505.98,10532.51,866.761516
2018-01-18 05:15:00,10532.51,10885.0,10500.25,10816.19,734.726608
2018-01-18 05:30:00,10812.14,10968.17,10667.3,10667.37,473.537849
2018-01-18 05:45:00,10667.37,10844.29,10650.0,10800.97,365.655751
2018-01-18 06:00:00,10789.12,11108.93,10789.11,11029.9,532.955679
2018-01-18 06:15:00,11024.95,11085.87,10900.0,11000.0,345.975702
2018-01-18 06:30:00,11000.0,11034.61,10761.71,10847.72,334.606093
2018-01-18 06:45:00,10840.02,11050.0,10806.27,11020.0,357.357922
2018-01-18 07:00:00,11020.0,11021.86,10911.01,10950.96,242.327786
2018-01-18 07:15:00,10950.96,10969.5,10620.0,10718.0,419.56035
2018-01-18 07:30:00,10718.0,10718.24,10521.0,10541.87,605.72563
2018-01-18 07:45:00,10541.87,10652.87,10435.33,10472.97,684.053723
2018-01-18 08:00:00,10461.71,10780.0,10440.01,10623.89,551.683744
2018-01-18 08:15:00,10623.89,10700.0,10517.17,10690.0,363.819014
2018-01-18 08:30:00,10680.56,10780.0,10592.01,10672.55,409.688339
2018-01-18 08:45:00,10699.92,10744.0,10613.05,10690.0,250.138265
2018-01-18 09:00:00,10713.92,11050.0,10691.14,10942.75,462.870187
2018-01-18 09:15:00,10950.0,11100.0,10901.0,11000.36,466.573935
2018-01-18 09:30:00,10990.36,11185.01,10919.3,11149.99,401.755489
2018-01-18 09:45:00,11149.99,11235.0,10995.0,11050.24,473.144537
2018-01-18 10:00:00,11052.29,11152.11,10943.2,11100.0,388.09487
2018-01-18 10:15:00,11100.01,11180.0,11006.0,11016.24,327.50095
2018-01-18 10:30:00,11016.24,11099.99,10898.55,11060.0,355.096447
2018-01-18 10:45:00,11060.0,11294.0,11060.0,11219.98,357.347804
2018-01-18 11:00:00,11220.0,11449.0,11195.76,11298.49,629.317457
2018-01-18 11:15:00,11298.0,11497.0,11220.25,11469.83,469.241896
2018-01-18 11:30:00,11469.94,11499.0,11300.06,11420.0,448.626761
2018-01-18 11:45:00,11401.15,11494.03,11330.04,11413.78,370.763802
2018-01-18 12:00:00,11413.78,11699.96,11399.96,11557.5,707.048669
2018-01-18 12:15:00,11557.49,11850.0,11550.0,11821.88,609.700395
2018-01-18 12:30:00,11821.89,11878.82,11452.0,11613.76,824.359584
2018-01-18 12:45:00,11613.75,11613.75,11230.0,11414.99,884.651439
2018-01-18 13:00:00,11414.99,11547.92,11239.65,11305.0,602.901232
2018-01-18 13:15:00,11310.0,11577.0,11234.0,11535.07,458.963327
2018-01-18 13:30:00,11535.1,11690.0,11500.01,11600.0,548.462769
2018-01-18 13:45:00,11619.97,11625.66,11371.0,11380.0,469.953443
2018-01-18 14:00:00,11371.0,11500.03,11320.0,11333.0,291.297984
2018-01-18 14:15:00,11333.0,11530.0,11315.0,11489.84,356.770114
2018-01-18 14:30:00,11489.82,11650.01,11412.98,11609.0,375.969645
2018-01-18 14:45:00,11609.0,11714.85,11486.0,11665.14,344.178759
2018-01-18 15:00:00,11699.97,11811.0,11660.94,11727.97,617.524109
2018-01-18 15:15:00,11727.0,11752.87,11500.0,11560.0,515.738292
2018-01-18 15:30:00,11537.87,11700.0,11511.0,11600.06,445.238646
2018-01-18 15:45:00,11620.1,11749.0,11600.0,11700.0,404.520997
2018-01-18 16:00:00,11696.99,11700.06,11428.0,11535.02,545.707547
2018-01-18 16:15:00,11548.0,11565.05,11200.0,11260.0,732.661432
2018-01-18 16:30:00,11260.0,11425.0,11111.0,11260.15,766.728899
2018-01-18 16:45:00,11260.15,11357.72,11166.0,11273.98,441.349635
2018-01-18 17:00:00,11273.98,11425.0,11250.0,11319.97,398.745775
2018-01-18 17:15:00,11319.96,11380.0,11231.0,11314.99,439.046617
2018-01-18 17:30:00,11300.02,11348.87,11189.0,11191.11,334.970126
2018-01-18 17:45:00,11207.96,11269.91,10900.0,10910.33,861.000933
2018-01-18 18:00:00,10910.33,11260.03,10888.0,11181.85,742.80298
2018-01-18 18:15:00,11181.85,11269.91,11020.01,11239.63,423.374683
2018-01-18 18:30:00,11222.0,11388.88,11221.41,11270.54,301.743805
2018-01-18 18:45:00,11270.54,11465.0,11239.66,11465.0,340.268688
2018-01-18 19:00:00,11465.0,11498.99,11298.1,11409.75,379.392773
2018-01-18 19:15:00,11409.76,11439.82,11220.0,11274.0,265.134742
2018-01-18 19:30:00,11270.93,11480.68,11249.95,11421.46,268.792966
2018-01-18 19:45:00,11421.46,11551.84,11390.01,11541.94,304.177195
2018-01-18 20:00:00,11535.0,11541.97,11413.0,11472.0,182.533606
2018-01-18 20:15:00,11472.0,11633.98,11472.0,11559.51,314.250093
2018-01-18 20:30:00,11559.39,11670.0,11536.56,11650.87,226.703458
2018-01-18 20:45:00,11650.87,11742.95,11500.0,11510.34,386.564563
2018-01-18 21:00:00,11521.16,11625.0,11501.0,11520.0,333.866666
2018-01-18 21:15:00,11520.0,11530.0,11300.0,11390.0,415.126624
2018-01-18 21:30:00,11377.2,11415.38,11298.64,11301.05,364.997701
2018-01-18 21:45:00,11301.05,11332.03,11131.64,11324.99,517.72034
2018-01-18 22:00:00,11324.99,11333.19,10750.0,10995.0,1035.610457
2018-01-18 22:15:00,10980.03,11069.97,10666.66,10709.66,998.124892
2018-01-18 22:30:00,10685.01,11080.11,10658.98,11079.87,800.207502
2018-01-18 22:45:00,11079.86,11193.98,10870.01,10964.0,530.345419
2018-01-18 23:00:00,10950.92,10995.0,10800.08,10896.94,442.533457
2018-01-18 23:15:00,10880.03,10901.03,10635.3,10699.91,660.346565
2018-01-18 23:30:00,10654.52,10900.0,10654.52,10859.97,412.069413
2018-01-18 23:45:00,10859.97,11172.92,10850.28,10961.97,466.011404
2018-01-19 00:00:00,10960.0,11200.0,10833.0,11095.01,381.209642
2018-01-19 00:15:00,11099.97,11100.0,10970.89,11040.04,247.999459
2018-01-19 00:30:00,11046.99,11098.99,10950.0,11050.12,250.889574
2018-01-19 00:45:00,11098.97,11358.0,11075.0,11280.06,441.737846
2018-01-19 01:00:00,11299.78,11435.0,11240.0,11301.26,409.230792
2018-01-19 01:15:00,11301.26,11350.0,11188.0,11320.19,280.945066
2018-01-19 01:30:00,11320.1,11320.1,11024.95,11138.42,261.636438
2018-01-19 01:45:00,11120.08,11222.0,11050.0,11186.05,341.952469
2018-01-19 02:00:00,11200.0,11230.0,11150.0,11223.48,301.289931
2018-01-19 02:15:00,11215.0,11223.47,10820.9,10828.72,685.224174
2018-01-19 02:30:00,10828.72,10912.16,10598.93,10650.0,789.226866
2018-01-19 02:45:00,10651.38,10845.87,10556.0,10575.14,878.20953
2018-01-19 03:00:00,10575.14,10700.01,10435.0,10471.0,1051.318011
2018-01-19 03:15:00,10471.0,10663.0,10360.0,10545.0,798.998786
2018-01-19 03:30:00,10536.01,10779.98,10536.01,10700.0,609.665628
2018-01-19 03:45:00,10700.0,10972.22,10700.0,10830.52,502.198585
2018-01-19 04:00:00,10830.52,10882.61,10733.01,10814.76,345.425667
2018-01-19 04:15:00,10814.75,10815.0,10677.0,10710.98,320.316567
2018-01-19 04:30:00,10700.04,11022.34,10601.0,11022.34,385.891133
2018-01-19 04:45:00,11022.34,11097.0,10813.0,10979.77,643.491763
2018-01-19 05:00:00,10979.79,11100.0,10922.0,11063.25,389.854764
2018-01-19 05:15:00,11062.98,11201.0,11000.0,11029.62,430.951361
2018-01-19 05:30:00,11029.61,11093.65,10937.51,10988.94,308.917511
2018-01-19 05:45:00,10976.98,11120.05,10900.0,11120.04,307.758132
2018-01-19 06:00:00,11105.01,11119.99,10949.99,11029.64,238.939594
2018-01-19 06:15:00,11028.84,11296.84,11028.84,11280.0,412.925261
2018-01-19 06:30:00,11274.78,11333.0,11173.95,11250.84,380.416023
2018-01-19 06:45:00,11245.88,11273.0,11150.0,11196.0,250.866109
2018-01-19 07:00:00,11196.0,11219.78,11122.02,11185.4,244.933097
2018-01-19 07:15:00,11185.4,11190.0,11063.0,11064.06,244.439093
2018-01-19 07:30:00,11064.06,11098.0,10901.11,11040.02,377.241278
2018-01-19 07:45:00,11040.1,11086.76,10984.0,11069.72,206.014922
2018-01-19 08:00:00,11060.0,11454.97,10950.0,11383.99,679.77284
2018-01-19 08:15:00,11367.91,11460.0,11308.43,11404.09,446.662863
2018-01-19 08:30:00,11424.99,11580.0,11410.47,11549.97,556.532204
2018-01-19 08:45:00,11537.09,11560.17,11335.99,11355.06,629.373796
2018-01-19 09:00:00,11379.3,11519.9,11355.39,11430.0,328.258459
2018-01-19 09:15:00,11429.98,11449.88,11350.0,11368.97,236.172392
2018-01-19 09:30:00,11353.45,11404.1,11268.58,11403.64,306.869836
2018-01-19 09:45:00,11403.63,11415.0,11238.75,11292.75,291.238253
2018-01-19 10:00:00,11301.34,11323.39,11247.71,11281.41,258.708974
2018-01-19 10:15:00,11288.98,11500.0,11260.66,11450.0,456.510253
2018-01-19 10:30:00,11457.96,11510.0,11410.88,11450.58,303.037242
2018-01-19 10:45:00,11451.0,11590.0,11431.74,11570.0,375.801181
2018-01-19 11:00:00,11566.0,11574.0,11400.0,11480.01,254.744243
2018-01-19 11:15:00,11480.05,11511.98,11416.53,11505.86,281.119867
2018-01-19 11:30:00,11505.86,11540.0,11450.01,11540.0,224.443789
2018-01-19 11:45:00,11536.0,11596.0,11524.01,11530.22,269.16872
2018-01-19 12:00:00,11535.18,11739.0,11530.0,11736.02,541.329075
2018-01-19 12:15:00,11736.02,11777.0,11501.0,11589.01,668.626501
2018-01-19 12:30:00,11589.01,11666.0,11509.0,11575.0,296.315929
2018-01-19 12:45:00,11587.88,11750.0,11556.03,11660.2,310.631666
2018-01-19 13:00:00,11660.22,11793.99,11643.03,11740.68,493.498619
2018-01-19 13:15:00,11749.9,11795.0,11666.01,11731.14,376.163795
2018-01-19 13:30:00,11714.03,11740.0,11574.94,11619.0,349.548651
2018-01-19 13:45:00,11602.09,11688.0,11570.0,11570.0,280.050809
2018-01-19 14:00:00,11570.0,11695.0,11551.0,11690.0,284.115124
2018-01-19 14:15:00,11690.0,11690.0,11500.0,11512.0,315.072863
2018-01-19 14:30:00,11513.0,11515.0,11400.0,11440.78,340.121264
2018-01-19 14:45:00,11440.0,11440.77,11123.0,11310.63,758.789026
2018-01-19 15:00:00,11305.12,11415.0,11159.87,11333.59,552.715473
2018-01-19 15:15:00,11327.75,11458.56,11307.0,11450.0,368.756991
2018-01-19 15:30:00,11458.28,11470.0,11307.1,11419.98,276.879632
2018-01-19 15:45:00,11419.91,11445.0,11360.11,11400.0,207.873372
2018-01-19 16:00:00,11383.16,11700.0,11381.0,11580.0,379.268873
2018-01-19 16:15:00,11580.0,11653.04,11500.02,11573.99,276.207487
2018-01-19 16:30:00,11560.47,11700.0,11547.35,11599.0,374.34116
2018-01-19 16:45:00,11599.0,11627.33,11551.1,11551.82,184.338838
2018-01-19 17:00:00,11559.98,11578.07,11383.16,11462.09,270.876454
2018-01-19 17:15:00,11451.7,11499.84,11311.0,11341.28,249.151904
2018-01-19 17:30:00,11327.0,11383.42,11261.0,11374.0,443.771345
2018-01-19 17:45:00,11374.0,11389.0,11180.22,11235.93,422.130687
2018-01-19 18:00:00,11246.0,11339.46,11150.7,11319.9,381.492897
2018-01-19 18:15:00,11319.9,11338.99,11101.0,11101.0,266.386914
2018-01-19 18:30:00,11102.04,11211.84,11003.0,11160.0,554.131298
2018-01-19 18:45:00,11160.0,11246.0,11100.0,11185.1,318.036444
2018-01-19 19:00:00,11185.1,11339.96,11170.0,11298.89,245.928777
2018-01-19 19:15:00,11298.88,11300.0,11161.0,11169.08,252.238081
2018-01-19 19:30:00,11161.0,11211.83,11047.0,11080.0,317.465122
2018-01-19 19:45:00,11084.0,11193.0,11079.0,11160.5,174.830098
2018-01-19 20:00:00,11141.1,11230.95,11100.0,11115.1,137.526808
2018-01-19 20:15:00,11115.07,11212.0,11061.22,11159.96,189.705209
2018-01-19 20:30:00,11150.98,11299.99,11111.0,11290.81,197.136738
2018-01-19 20:45:00,11298.99,11363.99,11224.04,11284.63,268.518084
2018-01-19 21:00:00,11290.35,11350.0,11235.4,11325.0,167.295441
2018-01-19 21:15:00,11325.0,11445.7,11322.29,11390.41,210.600857
2018-01-19 21:30:00,11390.4,11414.74,11300.27,11377.09,142.450645
2018-01-19 21:45:00,11377.08,11414.0,11230.95,11230.97,154.847237
2018-01-19 22:00:00,11245.0,11300.0,11190.0,11220.0,197.304288
2018-01-19 22:15:00,11219.99,11290.0,11170.0,11280.09,201.827704
2018-01-19 22:30:00,11280.09,11350.0,11225.66,11288.13,164.091672
2018-01-19 22:45:00,11299.0,11310.0,11200.0,11222.28,166.49107
2018-01-19 23:00:00,11205.22,11300.0,11172.01,11280.0,221.652226
2018-01-19 23:15:00,11282.0,11373.71,11230.0,11334.0,262.720584
2018-01-19 23:30:00,11334.0,11370.0,11268.0,11329.95,143.152155
2018-01-19 23:45:00,11315.12,11487.39,11315.11,11474.98,154.43955
2018-01-20 00:00:00,11474.98,11586.0,11454.95,11560.14,237.652345
2018-01-20 00:15:00,11559.96,11560.51,11412.45,11485.01,240.571266
2018-01-20 00:30:00,11518.1,11580.0,11456.24,11551.32,172.735137
2018-01-20 00:45:00,11559.9,11579.44,11520.0,11545.78,198.2835
2018-01-20 01:00:00,11554.21,11560.0,11502.93,11517.0,136.02791
2018-01-20 01:15:00,11517.0,11650.93,11516.51,11628.0,272.420719
2018-01-20 01:30:00,11633.0,11642.99,11521.35,11562.0,203.87035
2018-01-20 01:45:00,11568.0,11640.0,11525.0,11639.94,219.291882
2018-01-20 02:00:00,11639.0,11711.97,11587.11,11613.05,325.999818
2018-01-20 02:15:00,11609.9,11625.99,11545.0,11580.0,224.381863
2018-01-20 02:30:00,11586.29,11695.0,11550.01,11660.0,198.572781
2018-01-20 02:45:00,11660.0,11705.0,11620.0,11690.99,147.020842
2018-01-20 03:00:00,11685.0,11795.0,11673.96,11769.89,303.96884
2018-01-20 03:15:00,11769.89,11776.52,11692.02,11720.0,223.169685
2018-01-20 03:30:00,11720.0,11789.92,11719.2,11760.34,316.738682
2018-01-20 03:45:00,11760.35,11795.0,11694.0,11749.93,240.71635
2018-01-20 04:00:00,11749.91,11750.0,11563.02,11599.87,283.067432
2018-01-20 04:15:00,11580.1,11757.67,11545.0,11689.12,255.218747
2018-01-20 04:30:00,11689.12,11794.95,11689.12,11780.0,199.445622
2018-01-20 04:45:00,11762.3,12384.0,11762.25,12340.0,1278.753004
2018-01-20 05:00:00,12344.9,12551.0,12250.02,12537.96,1233.591619
2018-01-20 05:15:00,12535.0,12600.0,12320.0,12443.98,888.881029
2018-01-20 05:30:00,12443.98,12760.0,12360.0,12733.0,893.31184
2018-01-20 05:45:00,12734.0,12869.0,12600.0,12751.01,1013.204668
2018-01-20 06:00:00,12769.93,12844.0,12446.0,12480.01,795.374968
2018-01-20 06:15:00,12480.01,12600.0,12363.46,12469.99,757.120713
2018-01-20 06:30:00,12465.02,12498.99,12312.96,12381.07,438.839432
2018-01-20 06:45:00,12395.01,12591.0,12381.0,12480.0,476.921823
2018-01-20 07:00:00,12480.0,12576.0,12401.8,12558.0,269.595385
2018-01-20 07:15:00,12558.0,12689.0,12519.0,12539.0,477.07187
2018-01-20 07:30:00,12545.0,12673.24,12482.0,12670.03,401.78752
2018-01-20 07:45:00,12670.0,12680.02,12576.29,12660.98,237.275294
2018-01-20 08:00:00,12660.98,12670.0,12565.8,12580.01,223.658972
2018-01-20 08:15:00,12580.01,12650.0,12526.97,12650.0,294.887071
2018-01-20 08:30:00,12631.07,12695.0,12603.12,12670.97,322.49922
2018-01-20 08:45:00,12670.97,12823.0,12632.0,12818.0,427.908992
2018-01-20 09:00:00,12825.0,12835.0,12700.0,12753.0,266.592688
2018-01-20 09:15:00,12750.02,12765.0,12550.0,12564.78,392.213509
2018-01-20 09:30:00,12564.78,12669.61,12550.12,12619.27,272.878641
2018-01-20 09:45:00,12619.26,12649.47,12500.0,12554.55,280.811104
2018-01-20 10:00:00,12554.6,12600.0,12469.0,12476.0,279.912903
2018-01-20 10:15:00,12476.0,12540.0,12440.72,12499.99,244.64819
2018-01-20 10:30:00,12471.32,12507.0,12412.0,12421.44,194.331503
2018-01-20 10:45:00,12441.87,12590.0,12412.01,12585.96,210.380886
2018-01-20 11:00:00,12585.96,12600.0,12451.51,12543.98,198.857264
2018-01-20 11:15:00,12543.97,12600.0,12520.0,12581.17,154.001312
2018-01-20 11:30:00,12582.03,12600.0,12400.0,12410.02,203.641237
2018-01-20 11:45:00,12415.23,12490.0,12300.0,12320.01,299.30423
2018-01-20 12:00:00,12320.05,12419.99,12240.24,12288.11,337.000275
2018-01-20 12:15:00,12288.11,12420.0,12270.82,12379.68,288.708996
2018-01-20 12:30:00,12379.68,12470.0,12360.06,12463.0,176.215547
2018-01-20 12:45:00,12463.0,12485.73,12452.99,12474.95,147.825912
2018-01-20 13:00:00,12474.95,12505.0,12406.0,12419.11,196.116223
2018-01-20 13:15:00,12420.0,12529.99,12406.01,12500.53,147.580579
2018-01-20 13:30:00,12500.33,12655.0,12500.0,12655.0,318.845442
2018-01-20 13:45:00,12655.0,12670.0,12451.02,12451.06,239.015438
2018-01-20 14:00:00,12451.06,12610.17,12444.0,12570.0,220.013472
2018-01-20 14:15:00,12570.2,12610.17,12530.0,12560.57,161.293091
2018-01-20 14:30:00,12577.95,12700.0,12569.22,12658.14,235.221259
2018-01-20 14:45:00,12659.14,12660.0,12554.22,12600.04,233.270914
2018-01-20 15:00:00,12600.04,12663.0,12596.53,12613.63,156.766522
2018-01-20 15:15:00,12611.12,12613.61,12480.01,12498.0,247.049605
2018-01-20 15:30:00,12499.89,12598.03,12475.05,12561.09,187.689799
2018-01-20 15:45:00,12561.09,12600.0,12532.0,12539.05,179.905602
2018-01-20 16:00:00,12539.08,12640.0,12535.0,12607.18,178.565545
2018-01-20 16:15:00,12607.18,12688.0,12585.0,12667.11,184.560824
2018-01-20 16:30:00,12673.99,12740.0,12630.0,12718.02,246.659065
2018-01-20 16:45:00,12734.0,12920.0,12720.01,12889.0,596.414911
2018-01-20 17:00:00,12889.0,12980.0,12797.73,12899.99,429.789339
2018-01-20 17:15:00,12899.99,12985.0,12833.77,12855.05,451.3196
2018-01-20 17:30:00,12855.11,12899.99,12722.0,12789.95,293.185939
2018-01-20 17:45:00,12789.94,12878.72,12722.01,12850.0,292.079135
2018-01-20 18:00:00,12850.0,12900.11,12800.0,12849.98,227.254892
2018-01-20 18:15:00,12849.97,12945.0,12835.0,12920.01,144.480088
2018-01-20 18:30:00,12924.95,13099.0,12900.0,12998.95,437.687925
2018-01-20 18:45:00,12980.0,13050.0,12870.0,13035.0,282.017952
2018-01-20 19:00:00,13035.02,13050.12,12856.81,12858.38,368.624933
2018-01-20 19:15:00,12855.49,12939.32,12839.32,12906.18,239.49
2018-01-20 19:30:00,12906.17,12947.99,12809.1,12849.92,232.933479
2018-01-20 19:45:00,12830.0,12845.0,12680.0,12770.02,317.795704
2018-01-20 20:00:00,12779.53,12806.23,12600.0,12619.74,205.290401
2018-01-20 20:15:00,12619.64,12755.0,12600.0,12680.0,226.930258
2018-01-20 20:30:00,12684.98,12841.37,12650.0,12809.0,185.88319
2018-01-20 20:45:00,12809.0,12839.99,12742.52,12784.81,118.232537
2018-01-20 21:00:00,12779.9,12880.09,12777.65,12863.0,142.861234
2018-01-20 21:15:00,12846.2,12865.0,12760.0,12799.66,108.707202
2018-01-20 21:30:00,12799.61,12898.0,12773.0,12889.98,150.002205
2018-01-20 21:45:00,12877.04,12919.0,12842.51,12875.0,152.587094
2018-01-20 22:00:00,12892.99,12913.99,12806.0,12907.99,216.770773
2018-01-20 22:15:00,12905.0,12929.97,12850.0,12850.0,163.388757
2018-01-20 22:30:00,12855.62,12920.0,12841.0,12888.89,193.74103
2018-01-20 22:45:00,12888.88,12888.89,12810.0,12842.9,119.245186
2018-01-20 23:00:00,12842.9,12843.0,12742.52,12760.0,189.445024
2018-01-20 23:15:00,12766.88,12843.0,12760.0,12809.01,107.599233
2018-01-20 23:30:00,12819.94,12832.99,12709.92,12715.14,125.84583
2018-01-20 23:45:00,12739.9,12810.07,12704.0,12799.94,139.539208
2018-01-21 00:00:00,12799.8,12799.8,12706.0,12731.24,146.921435
2018-01-21 00:15:00,12731.24,12732.07,12500.0,12528.19,461.325381
2018-01-21 00:30:00,12520.61,12632.63,12380.0,12425.07,629.822844
2018-01-21 00:45:00,12425.05,12460.0,12201.16,12205.0,728.791097
2018-01-21 01:00:00,12205.0,12499.0,12201.0,12354.87,663.184492
2018-01-21 01:15:00,12354.74,12538.08,12326.01,12521.01,292.139671
2018-01-21 01:30:00,12521.01,12521.35,12410.0,12462.0,207.391389
2018-01-21 01:45:00,12462.0,12509.0,12450.0,12508.95,135.998295
2018-01-21 02:00:00,12508.96,12650.0,12508.96,12611.0,291.770837
2018-01-21 02:15:00,12611.0,12623.0,12418.45,12431.0,251.216802
2018-01-21 02:30:00,12431.0,12463.63,12330.2,12451.34,232.634746
2018-01-21 02:45:00,12451.34,12517.55,12366.59,12499.96,226.127527
2018-01-21 03:00:00,12486.35,12625.0,12486.34,12549.0,260.052338
2018-01-21 03:15:00,12548.99,12574.55,12447.59,12530.1,185.802943
2018-01-21 03:30:00,12538.99,12579.73,12487.58,12487.58,152.100731
2018-01-21 03:45:00,12486.71,12525.0,12388.95,12400.0,265.344357
2018-01-21 04:00:00,12409.96,12410.0,12269.16,12360.0,409.533661
2018-01-21 04:15:00,12360.0,12401.38,12304.01,12368.96,243.736919
2018-01-21 04:30:00,12368.98,12400.0,12228.0,12235.07,376.14724
2018-01-21 04:45:00,12267.99,12267.99,12002.0,12010.0,810.109774
2018-01-21 05:00:00,12010.0,12175.73,11875.04,12039.86,1225.455934
2018-01-21 05:15:00,12039.86,12235.36,11972.79,12111.09,625.610227
2018-01-21 05:30:00,12111.08,12125.04,11877.0,11988.98,573.888159
2018-01-21 05:45:00,11959.99,12000.0,11854.48,11938.14,518.630221
2018-01-21 06:00:00,11962.44,12100.0,11874.0,11930.0,555.562781
2018-01-21 06:15:00,11920.0,11989.0,11843.07,11946.0,494.283921
2018-01-21 06:30:00,11934.3,12035.03,11934.09,11991.0,334.861115
2018-01-21 06:45:00,11991.95,12007.0,11737.0,11826.99,599.166006
2018-01-21 07:00:00,11826.95,11826.97,11658.66,11760.22,631.592883
2018-01-21 07:15:00,11774.34,11790.49,11609.0,11685.99,584.495402
2018-01-21 07:30:00,11659.05,11725.0,11300.0,11360.0,1093.485566
2018-01-21 07:45:00,11349.98,11775.0,11316.0,11701.14,901.92961
2018-01-21 08:00:00,11721.43,11860.0,11634.0,11840.04,663.223737
2018-01-21 08:15:00,11840.04,11990.0,11768.43,11864.99,679.980553
2018-01-21 08:30:00,11856.01,11869.74,11650.0,11792.63,455.895049
2018-01-21 08:45:00,11789.94,11874.0,11770.96,11780.0,276.128973
2018-01-21 09:00:00,11780.0,11780.0,11520.0,11545.0,505.781501
2018-01-21 09:15:00,11525.11,11667.51,11515.0,11601.0,527.713568
2018-01-21 09:30:00,11613.17,11749.9,11600.0,11730.0,347.649264
2018-01-21 09:45:00,11714.0,11749.0,11567.97,11633.23,358.674444
2018-01-21 10:00:00,11638.5,11744.11,11600.54,11710.99,282.482197
2018-01-21 10:15:00,11700.03,11800.0,11670.11,11760.0,334.429853
2018-01-21 10:30:00,11760.95,11886.0,11729.17,11761.78,300.675764
2018-01-21 10:45:00,11761.78,11812.97,11671.82,11759.51,236.642099
2018-01-21 11:00:00,11745.01,11850.0,11742.01,11848.69,219.23605
2018-01-21 11:15:00,11835.02,11968.83,11789.0,11917.75,343.876724
2018-01-21 11:30:00,11917.73,12147.12,11756.36,12135.11,544.970706
2018-01-21 11:45:00,12146.89,12194.18,12039.9,12194.18,611.05061
2018-01-21 12:00:00,12194.18,12291.35,12049.0,12135.06,584.5493
2018-01-21 12:15:00,12150.0,12200.0,12013.0,12025.29,404.425427
2018-01-21 12:30:00,12050.0,12149.99,12025.44,12087.0,236.691785
2018-01-21 12:45:00,12087.0,12093.93,11883.04,11930.01,295.601183
2018-01-21 13:00:00,11920.06,12079.18,11910.0,11990.0,250.263274
2018-01-21 13:15:00,11980.11,12115.0,11978.11,12110.0,219.67513
2018-01-21 13:30:00,12110.0,12190.0,12040.04,12176.37,246.057837
2018-01-21 13:45:00,12176.37,12189.17,11966.55,11995.96,278.646081
2018-01-21 14:00:00,11995.98,12081.99,11924.98,11926.35,344.235183
2018-01-21 14:15:00,11926.35,11926.35,11750.01,11799.55,529.209575
2018-01-21 14:30:00,11799.55,11839.94,11622.05,11675.07,533.180678
2018-01-21 14:45:00,11656.12,11803.82,11656.0,11679.95,381.316864
2018-01-21 15:00:00,11670.0,11847.96,11667.88,11813.76,265.719361
2018-01-21 15:15:00,11810.86,11813.86,11730.0,11759.99,177.739404
2018-01-21 15:30:00,11752.03,11759.97,11420.0,11538.0,604.561258
2018-01-21 15:45:00,11532.2,11630.0,11403.0,11412.0,490.159557
2018-01-21 16:00:00,11420.99,11436.49,11134.04,11232.35,1198.011554
2018-01-21 16:15:00,11235.02,11307.41,11050.0,11247.56,993.913084
2018-01-21 16:30:00,11212.06,11379.84,11144.98,11257.11,833.251613
2018-01-21 16:45:00,11274.92,11440.0,11163.0,11180.0,613.894122
2018-01-21 17:00:00,11180.0,11288.0,11025.32,11145.0,852.674544
2018-01-21 17:15:00,11145.0,11218.3,11024.0,11154.94,631.461271
2018-01-21 17:30:00,11189.65,11388.0,11154.85,11350.0,549.199415
2018-01-21 17:45:00,11350.0,11366.04,11184.87,11311.43,317.957467
2018-01-21 18:00:00,11311.45,11388.99,11220.0,11283.09,317.359511
2018-01-21 18:15:00,11283.1,11287.95,11100.01,11248.98,277.555884
2018-01-21 18:30:00,11248.88,11317.0,11189.95,11189.99,206.164177
2018-01-21 18:45:00,11190.02,11385.0,11161.13,11344.57,321.271757
2018-01-21 19:00:00,11344.57,11488.0,11321.59,11410.0,455.165733
2018-01-21 19:15:00,11459.73,11548.99,11410.0,11455.86,303.192891
2018-01-21 19:30:00,11455.84,11474.39,11330.0,11455.63,286.961159
2018-01-21 19:45:00,11455.52,11455.52,11299.0,11356.99,240.531775
2018-01-21 20:00:00,11356.99,11400.0,11110.0,11130.0,317.480993
2018-01-21 20:15:00,11130.88,11300.0,11112.02,11129.93,401.690396
2018-01-21 20:30:00,11139.88,11190.0,11031.0,11080.01,319.491407
2018-01-21 20:45:00,11110.0,11116.36,11000.0,11029.96,320.906798
2018-01-21 21:00:00,11015.2,11148.93,10965.0,11148.9,630.606668
2018-01-21 21:15:00,11148.9,11200.0,11038.82,11126.0,409.067886
2018-01-21 21:30:00,11111.15,11141.0,11030.14,11101.19,322.087935
2018-01-21 21:45:00,11124.96,11249.99,11040.82,11238.99,312.641187
2018-01-21 22:00:00,11238.99,11259.0,11140.0,11250.0,289.647107
2018-01-21 22:15:00,11249.99,11399.0,11249.99,11267.17,344.864121
2018-01-21 22:30:00,11279.96,11339.99,11211.0,11220.69,222.068909
2018-01-21 22:45:00,11227.07,11265.0,11079.0,11129.53,276.711084
2018-01-21 23:00:00,11095.33,11300.0,11091.14,11251.99,347.216757
2018-01-21 23:15:00,11250.54,11350.0,11230.53,11271.75,222.403039
2018-01-21 23:30:00,11271.8,11452.0,11271.8,11331.0,305.52762
2018-01-21 23:45:00,11328.0,11542.39,11320.0,11530.0,299.238269
2018-01-22 00:00:00,11530.0,11676.72,11442.67,11642.0,541.769751
2018-01-22 00:15:00,11642.1,11676.72,11453.7,11475.18,461.04975
2018-01-22 00:30:00,11497.84,11630.0,11453.0,11595.13,343.028561
2018-01-22 00:45:00,11595.13,11770.0,11580.01,11750.11,406.692218
2018-01-22 01:00:00,11750.11,11758.0,11508.01,11581.28,355.605212
2018-01-22 01:15:00,11581.18,11602.37,11420.0,11502.25,330.348588
2018-01-22 01:30:00,11528.39,11558.32,11310.0,11393.98,268.910915
2018-01-22 01:45:00,11379.99,11420.0,11339.01,11370.38,206.353112
2018-01-22 02:00:00,11381.01,11381.01,11211.0,11288.39,364.770692
2018-01-22 02:15:00,11288.34,11350.0,11149.0,11191.09,327.986966
2018-01-22 02:30:00,11191.06,11500.0,11156.24,11500.0,417.731029
2018-01-22 02:45:00,11500.0,11561.1,11420.0,11521.85,274.184467
2018-01-22 03:00:00,11515.15,11521.81,11344.23,11440.76,275.848698
2018-01-22 03:15:00,11440.76,11469.0,11323.2,11387.19,162.862759
2018-01-22 03:30:00,11388.94,11532.39,11377.84,11424.88,195.602726
2018-01-22 03:45:00,11424.88,11517.99,11406.73,11502.93,171.227744
2018-01-22 04:00:00,11480.56,11669.99,11441.27,11669.93,338.275808
2018-01-22 04:15:00,11658.26,11765.0,11600.99,11713.76,371.473933
2018-01-22 04:30:00,11713.77,11734.85,11594.84,11642.02,274.187446
2018-01-22 04:45:00,11642.02,11680.0,11561.0,11599.91,261.863626
2018-01-22 05:00:00,11599.96,11639.99,11400.2,11500.0,381.875846
2018-01-22 05:15:00,11500.0,11591.43,11456.31,11500.97,253.440527
2018-01-22 05:30:00,11500.95,11568.93,11456.0,11502.12,249.999701
2018-01-22 05:45:00,11502.12,11542.99,11400.0,11470.0,294.294269
2018-01-22 06:00:00,11470.0,11549.99,11452.0,11528.0,304.440038
2018-01-22 06:15:00,11528.1,11697.99,11519.01,11647.99,382.268182
2018-01-22 06:30:00,11638.95,11690.99,11553.24,11603.79,244.321295
2018-01-22 06:45:00,11580.42,11648.0,11570.0,11633.4,158.728681
2018-01-22 07:00:00,11633.34,11640.0,11498.96,11520.2,208.06324
2018-01-22 07:15:00,11520.21,11600.0,11500.04,11569.76,164.039667
2018-01-22 07:30:00,11569.76,11744.3,11532.29,11744.3,288.207254
2018-01-22 07:45:00,11744.3,11750.0,11680.0,11743.97,316.896511
2018-01-22 08:00:00,11745.0,11926.35,11715.93,11846.34,439.573471
2018-01-22 08:15:00,11846.01,11920.0,11724.92,11817.01,384.61072
2018-01-22 08:30:00,11819.99,11900.0,11675.01,11720.09,341.365694
2018-01-22 08:45:00,11720.15,11784.74,11712.76,11751.15,178.550397
2018-01-22 09:00:00,11751.15,11762.0,11620.0,11710.13,221.554786
2018-01-22 09:15:00,11720.0,11805.0,11710.1,11789.62,218.923003
2018-01-22 09:30:00,11789.57,11848.0,11767.0,11843.0,131.605266
2018-01-22 09:45:00,11843.0,11866.0,11720.0,11767.0,184.106855
2018-01-22 10:00:00,11767.0,11788.96,11682.04,11761.0,161.468657
2018-01-22 10:15:00,11761.01,11786.73,11688.0,11720.0,194.811595
2018-01-22 10:30:00,11720.0,11749.99,11660.08,11733.0,197.595194
2018-01-22 10:45:00,11733.0,11759.11,11665.05,11747.0,166.945442
2018-01-22 11:00:00,11747.0,11758.9,11696.73,11746.08,218.64603
2018-01-22 11:15:00,11746.07,11747.86,11551.0,11630.05,219.233329
2018-01-22 11:30:00,11630.09,11649.81,11325.0,11349.99,612.464382
2018-01-22 11:45:00,11349.88,11440.02,11231.0,11240.0,518.948528
2018-01-22 12:00:00,11240.0,11380.0,11220.11,11300.96,499.849531
2018-01-22 12:15:00,11300.96,11347.91,11148.8,11169.88,398.669861
2018-01-22 12:30:00,11156.1,11280.0,11112.0,11255.18,478.218856
2018-01-22 12:45:00,11270.98,11314.99,11200.0,11285.08,345.670915
2018-01-22 13:00:00,11285.09,11299.74,10900.0,10900.0,872.687614
2018-01-22 13:15:00,10900.74,10971.0,10600.0,10653.0,1845.997796
2018-01-22 13:30:00,10653.0,10810.05,10333.0,10398.98,1654.131068
2018-01-22 13:45:00,10398.98,10775.01,10284.55,10519.97,1620.233225
2018-01-22 14:00:00,10519.96,10747.19,10437.21,10525.0,1079.267749
2018-01-22 14:15:00,10510.0,10772.84,10501.0,10765.16,715.384533
2018-01-22 14:30:00,10750.05,10868.88,10559.48,10677.84,828.065598
2018-01-22 14:45:00,10671.35,10698.0,10530.08,10612.01,672.798873
2018-01-22 15:00:00,10609.84,10611.99,10416.0,10479.97,800.990278
2018-01-22 15:15:00,10479.83,10630.0,10435.0,10600.0,662.202322
2018-01-22 15:30:00,10609.96,10637.0,10383.57,10450.02,550.42285
2018-01-22 15:45:00,10450.02,10463.0,10139.97,10330.0,1084.869031
2018-01-22 16:00:00,10330.06,10450.0,10231.0,10365.07,998.369614
2018-01-22 16:15:00,10365.06,10560.0,10299.99,10399.94,700.554289
2018-01-22 16:30:00,10390.0,10640.01,10374.0,10594.99,659.15044
2018-01-22 16:45:00,10594.98,10634.96,10364.89,10466.73,453.10983
2018-01-22 17:00:00,10466.68,10699.0,10456.44,10621.19,403.524355
2018-01-22 17:15:00,10644.53,10661.45,10555.0,10600.36,346.280805
2018-01-22 17:30:00,10600.36,10750.0,10600.36,10723.0,374.255853
2018-01-22 17:45:00,10723.0,10724.99,10400.0,10540.0,369.341772
2018-01-22 18:00:00,10538.0,10568.5,10400.0,10519.98,375.215292
2018-01-22 18:15:00,10519.98,10650.0,10406.6,10619.96,275.829282
2018-01-22 18:30:00,10619.81,10636.81,10550.0,10599.97,193.761008
2018-01-22 18:45:00,10599.97,10599.97,10320.0,10399.81,397.288053
2018-01-22 19:00:00,10399.82,10498.0,10320.0,10443.0,317.849436
2018-01-22 19:15:00,10443.0,10528.93,10352.05,10465.21,236.494281
2018-01-22 19:30:00,10452.03,10570.99,10365.98,10570.99,425.351484
2018-01-22 19:45:00,10550.14,10580.0,10461.1,10540.71,254.506506
2018-01-22 20:00:00,10507.01,10555.96,10468.62,10519.96,199.177984
2018-01-22 20:15:00,10493.37,10510.99,10242.0,10397.98,410.110767
2018-01-22 20:30:00,10397.95,10446.0,10279.67,10410.29,310.325833
2018-01-22 20:45:00,10425.2,10446.0,10301.0,10349.93,383.286621
2018-01-22 21:00:00,10349.92,10400.0,10111.0,10112.0,659.449563
2018-01-22 21:15:00,10112.0,10187.82,10008.0,10141.01,949.440007
2018-01-22 21:30:00,10141.02,10148.99,9926.76,9969.68,841.677009
2018-01-22 21:45:00,9969.67,10320.74,9900.24,10305.61,1095.755996
2018-01-22 22:00:00,10305.61,10521.82,10224.98,10480.0,797.30095
2018-01-22 22:15:00,10462.0,10498.82,10280.0,10310.93,569.296292
2018-01-22 22:30:00,10300.19,10550.0,10250.0,10480.19,532.212892
2018-01-22 22:45:00,10480.19,10681.0,10410.0,10645.0,521.394905
2018-01-22 23:00:00,10640.55,10725.0,10535.0,10550.0,556.493953
2018-01-22 23:15:00,10570.52,10648.99,10460.0,10565.77,311.306973
2018-01-22 23:30:00,10579.96,10838.0,10565.78,10836.4,401.247564
2018-01-22 23:45:00,10836.4,10849.0,10700.01,10760.05,337.034521
2018-01-23 00:00:00,10760.05,10888.0,10700.0,10849.42,371.459219
2018-01-23 00:15:00,10849.22,10866.91,10525.99,10674.88,393.332582
2018-01-23 00:30:00,10659.99,10784.48,10647.23,10719.94,272.964375
2018-01-23 00:45:00,10719.93,10755.79,10550.0,10748.11,361.283668
2018-01-23 01:00:00,10754.0,10900.07,10688.92,10850.0,441.966532
2018-01-23 01:15:00,10850.0,10870.0,10755.24,10825.0,337.45865
2018-01-23 01:30:00,10838.5,10850.64,10701.0,10790.0,231.093112
2018-01-23 01:45:00,10788.26,10800.0,10502.0,10567.9,415.477596
2018-01-23 02:00:00,10558.2,10698.99,10527.09,10657.26,302.667296
2018-01-23 02:15:00,10635.09,10759.99,10600.0,10750.0,189.900707
2018-01-23 02:30:00,10750.0,10810.0,10671.27,10771.02,216.15219
2018-01-23 02:45:00,10772.07,10799.0,10680.01,10716.96,259.381735
2018-01-23 03:00:00,10744.97,10830.0,10716.45,10802.03,242.674948
2018-01-23 03:15:00,10802.08,10849.0,10770.0,10849.0,196.333902
2018-01-23 03:30:00,10849.0,10932.0,10833.0,10909.96,384.647097
2018-01-23 03:45:00,10927.88,10998.0,10828.0,10835.0,414.741858
2018-01-23 04:00:00,10830.82,10941.54,10810.0,10811.48,364.816282
2018-01-23 04:15:00,10834.75,10857.17,10679.0,10708.01,323.192514
2018-01-23 04:30:00,10708.01,10783.98,10680.0,10775.0,214.977319
2018-01-23 04:45:00,10774.75,10797.18,10520.0,10557.0,332.21255
2018-01-23 05:00:00,10560.84,10572.16,10255.0,10329.63,744.239327
2018-01-23 05:15:00,10329.06,10430.74,10233.01,10369.96,614.479567
2018-01-23 05:30:00,10369.96,10450.0,10280.0,10331.52,523.735903
2018-01-23 05:45:00,10331.52,10385.75,10264.01,10363.27,400.350678
2018-01-23 06:00:00,10363.76,10479.89,10258.72,10473.72,404.73418
2018-01-23 06:15:00,10473.73,10550.0,10424.7,10442.99,309.417546
2018-01-23 06:30:00,10442.99,10473.55,10300.0,10349.98,251.488408
2018-01-23 06:45:00,10334.55,10397.67,10200.0,10299.99,439.066353
2018-01-23 07:00:00,10299.99,10389.98,10158.0,10205.12,498.258335
2018-01-23 07:15:00,10218.62,10265.56,10108.4,10204.0,461.505784
2018-01-23 07:30:00,10220.81,10340.43,10191.16,10250.96,261.206427
2018-01-23 07:45:00,10279.8,10294.75,10210.03,10250.0,263.090896
2018-01-23 08:00:00,10250.85,10456.04,10155.0,10428.68,349.937493
2018-01-23 08:15:00,10428.68,10470.0,10360.0,10388.01,295.647933
2018-01-23 08:30:00,10397.92,10550.0,10388.0,10550.0,356.820973
2018-01-23 08:45:00,10543.17,10645.06,10388.0,10533.01,474.031407
2018-01-23 09:00:00,10559.67,10596.25,10460.05,10526.99,315.009541
2018-01-23 09:15:00,10527.0,10588.96,10472.0,10509.9,210.071538
2018-01-23 09:30:00,10509.9,10530.0,10350.0,10389.5,222.539351
2018-01-23 09:45:00,10380.0,10410.0,10323.0,10373.02,198.931325
2018-01-23 10:00:00,10379.95,10489.99,10373.0,10442.91,184.901479
2018-01-23 10:15:00,10442.96,10485.5,10291.0,10300.55,238.06512
2018-01-23 10:30:00,10300.55,10324.78,10210.0,10280.0,287.275366
2018-01-23 10:45:00,10279.99,10366.34,10211.03,10291.24,205.090657
2018-01-23 11:00:00,10295.95,10380.36,10255.66,10339.96,237.58779
2018-01-23 11:15:00,10325.48,10329.96,10082.0,10099.99,450.189099
2018-01-23 11:30:00,10100.0,10188.13,10021.0,10036.01,674.340956
2018-01-23 11:45:00,10049.96,10156.0,9905.0,10143.1,1117.853408
2018-01-23 12:00:00,10143.01,10194.0,10050.0,10118.01,586.561284
2018-01-23 12:15:00,10118.01,10334.0,9987.02,10300.04,672.854658
2018-01-23 12:30:00,10300.08,10329.69,10201.0,10302.0,410.822377
2018-01-23 12:45:00,10302.0,10355.0,10152.37,10185.0,439.239843
2018-01-23 13:00:00,10199.7,10268.29,10016.87,10120.0,428.095098
2018-01-23 13:15:00,10120.0,10320.99,10105.1,10259.97,379.594572
2018-01-23 13:30:00,10243.98,10344.99,10159.51,10320.0,275.464842
2018-01-23 13:45:00,10325.98,10400.03,10251.04,10300.13,421.429635
2018-01-23 14:00:00,10300.4,10354.98,10228.79,10322.0,236.16364
2018-01-23 14:15:00,10322.0,10352.96,10261.0,10340.0,313.792035
2018-01-23 14:30:00,10340.0,10350.99,10260.0,10331.42,239.005668
2018-01-23 14:45:00,10331.42,10495.0,10330.02,10459.55,420.682226
2018-01-23 15:00:00,10460.05,10580.0,10410.06,10570.03,335.511346
2018-01-23 15:15:00,10570.03,10680.0,10533.0,10670.01,615.335224
2018-01-23 15:30:00,10671.0,10700.0,10505.0,10599.99,477.990582
2018-01-23 15:45:00,10595.0,10770.54,10593.0,10750.0,479.679371
2018-01-23 16:00:00,10750.0,10944.88,10740.0,10874.33,772.260776
2018-01-23 16:15:00,10899.88,11249.0,10852.76,11181.71,955.683087
2018-01-23 16:30:00,11181.71,11350.0,10986.77,11225.52,1127.253203
2018-01-23 16:45:00,11225.52,11399.0,11101.17,11334.96,752.431656
2018-01-23 17:00:00,11335.0,11378.86,11180.0,11180.0,691.319991
2018-01-23 17:15:00,11180.01,11190.06,11054.0,11079.85,631.288294
2018-01-23 17:30:00,11070.4,11181.99,11013.0,11027.03,403.614886
2018-01-23 17:45:00,11027.03,11195.84,11011.11,11129.62,466.309136
2018-01-23 18:00:00,11129.62,11344.95,11116.4,11264.86,535.636284
2018-01-23 18:15:00,11264.86,11288.0,11117.51,11185.0,346.843173
2018-01-23 18:30:00,11185.0,11190.77,11050.0,11173.68,285.197783
2018-01-23 18:45:00,11146.27,11274.99,11146.26,11200.0,281.172684
2018-01-23 19:00:00,11199.13,11209.73,11112.0,11113.14,233.920609
2018-01-23 19:15:00,11125.9,11180.69,11050.0,11090.0,237.478032
2018-01-23 19:30:00,11090.0,11100.83,10884.96,10935.96,297.04832
2018-01-23 19:45:00,10896.54,11017.84,10822.0,10952.98,624.308251
2018-01-23 20:00:00,10952.96,10999.99,10767.0,10791.0,453.796012
2018-01-23 20:15:00,10791.0,11054.21,10766.0,10979.75,475.377368
2018-01-23 20:30:00,10978.71,11086.78,10802.0,11034.9,346.429966
2018-01-23 20:45:00,11019.73,11152.78,11005.0,11100.33,259.782167
2018-01-23 21:00:00,11111.43,11120.0,10962.0,10969.96,239.896688
2018-01-23 21:15:00,10969.96,11077.0,10932.01,10977.57,163.73918
2018-01-23 21:30:00,10977.57,11130.0,10967.34,10998.92,192.147808
2018-01-23 21:45:00,10999.0,11055.96,10948.01,10980.35,231.048723
2018-01-23 22:00:00,10998.93,11150.0,10980.8,11074.78,252.051862
2018-01-23 22:15:00,11074.66,11199.0,11050.01,11179.92,249.425176
2018-01-23 22:30:00,11179.93,11180.0,11056.96,11129.21,289.998622
2018-01-23 22:45:00,11113.89,11148.9,11034.42,11034.42,176.086378
2018-01-23 23:00:00,11049.82,11057.9,10950.0,10975.0,225.555696
2018-01-23 23:15:00,10972.03,10975.0,10802.0,10880.88,401.24453
2018-01-23 23:30:00,10865.52,10920.08,10770.0,10771.0,334.989733
2018-01-23 23:45:00,10780.0,10847.85,10678.0,10799.18,551.763105
2018-01-24 00:00:00,10799.14,10894.08,10725.0,10729.91,250.35031
2018-01-24 00:15:00,10729.91,10790.97,10680.01,10719.51,261.562112
2018-01-24 00:30:00,10728.14,10765.9,10512.0,10565.4,481.467381
2018-01-24 00:45:00,10587.48,10690.16,10520.0,10579.61,316.845016
2018-01-24 01:00:00,10579.61,10700.52,10552.34,10652.0,250.850963
2018-01-24 01:15:00,10652.33,10808.0,10644.05,10700.59,332.669018
2018-01-24 01:30:00,10719.95,10720.02,10621.0,10641.0,189.123116
2018-01-24 01:45:00,10641.0,10720.0,10503.0,10563.85,391.7283
2018-01-24 02:00:00,10557.63,10647.8,10503.01,10570.84,270.511054
2018-01-24 02:15:00,10570.84,10703.27,10543.0,10650.0,186.006319
2018-01-24 02:30:00,10650.0,10690.0,10571.51,10640.77,162.267896
2018-01-24 02:45:00,10649.99,10740.0,10625.0,10715.19,155.383064
2018-01-24 03:00:00,10739.71,10749.0,10650.0,10714.0,209.530718
2018-01-24 03:15:00,10713.99,10866.11,10708.26,10825.0,337.622795
2018-01-24 03:30:00,10824.99,10846.0,10751.0,10751.27,243.442385
2018-01-24 03:45:00,10751.27,10837.0,10750.0,10820.32,165.940889
2018-01-24 04:00:00,10820.32,10823.0,10532.0,10580.58,371.238883
2018-01-24 04:15:00,10590.02,10624.88,10500.0,10580.09,385.699863
2018-01-24 04:30:00,10589.0,10622.28,10570.49,10615.01,203.611896
2018-01-24 04:45:00,10615.01,10680.0,10510.0,10612.1,257.29984
2018-01-24 05:00:00,10629.87,10730.56,10582.49,10624.53,232.077038
2018-01-24 05:15:00,10614.54,10689.0,10560.0,10648.0,144.169353
2018-01-24 05:30:00,10644.99,10710.0,10620.27,10675.37,144.862119
2018-01-24 05:45:00,10675.82,10707.19,10630.0,10640.98,226.04602
2018-01-24 06:00:00,10633.07,10724.0,10630.0,10703.31,184.151645
2018-01-24 06:15:00,10680.73,10715.08,10667.0,10681.69,176.994512
2018-01-24 06:30:00,10681.69,10970.0,10681.22,10964.0,379.587538
2018-01-24 06:45:00,10963.99,10994.0,10871.26,10923.99,435.058118
2018-01-24 07:00:00,10923.0,11100.1,10922.22,11074.97,482.303646
2018-01-24 07:15:00,11072.94,11072.94,10900.0,10920.0,310.306731
2018-01-24 07:30:00,10932.85,10933.0,10787.24,10802.97,227.65754
2018-01-24 07:45:00,10803.03,11013.49,10790.04,10956.0,404.142796
2018-01-24 08:00:00,10955.99,11050.2,10915.39,10996.92,203.855787
2018-01-24 08:15:00,10996.92,11045.0,10900.0,10915.0,179.309734
2018-01-24 08:30:00,10915.04,10929.83,10850.0,10912.0,178.968745
2018-01-24 08:45:00,10924.52,10929.0,10856.11,10875.39,141.617345
2018-01-24 09:00:00,10875.37,10875.37,10755.0,10757.42,151.046959
2018-01-24 09:15:00,10757.42,10879.94,10729.0,10869.93,142.819334
2018-01-24 09:30:00,10879.86,10899.71,10807.42,10822.01,147.07901
2018-01-24 09:45:00,10812.32,10995.0,10800.0,10990.19,193.362918
2018-01-24 10:00:00,10995.0,11119.78,10964.41,10984.94,460.367486
2018-01-24 10:15:00,10984.94,11048.3,10950.0,11000.01,244.864138
2018-01-24 10:30:00,11000.0,11039.7,10951.9,11014.03,250.765848
2018-01-24 10:45:00,11019.36,11091.0,11000.0,11020.0,290.003847
2018-01-24 11:00:00,11019.98,11070.89,11003.9,11056.85,203.87448
2018-01-24 11:15:00,11065.87,11131.67,11050.91,11123.1,343.901535
2018-01-24 11:30:00,11123.11,11234.0,11040.0,11099.96,546.524112
2018-01-24 11:45:00,11091.66,11126.95,11000.0,11111.0,427.433939
2018-01-24 12:00:00,11111.0,11150.3,11022.0,11099.9,346.598445
2018-01-24 12:15:00,11101.65,11297.0,11082.08,11211.16,518.751903
2018-01-24 12:30:00,11211.16,11333.0,11161.54,11310.0,525.446052
2018-01-24 12:45:00,11314.99,11398.0,11287.0,11316.38,616.086169
2018-01-24 13:00:00,11318.52,11341.0,11230.0,11309.87,488.556637
2018-01-24 13:15:00,11309.87,11395.0,11250.0,11261.2,458.891295
2018-01-24 13:30:00,11261.2,11339.99,11200.0,11254.0,357.96312
2018-01-24 13:45:00,11254.0,11380.0,11250.11,11333.77,344.445538
2018-01-24 14:00:00,11333.7,11349.86,11240.0,11325.51,410.785215
2018-01-24 14:15:00,11325.0,11569.95,11302.36,11565.0,717.690584
2018-01-24 14:30:00,11565.0,11570.48,11394.0,11394.0,597.365656
2018-01-24 14:45:00,11394.0,11400.0,11241.01,11280.0,565.898122
2018-01-24 15:00:00,11280.02,11319.98,11122.0,11132.0,420.726448
2018-01-24 15:15:00,11141.99,11260.0,11127.0,11216.07,489.510955
2018-01-24 15:30:00,11217.09,11232.74,11132.02,11190.08,310.415378
2018-01-24 15:45:00,11190.06,11232.74,11040.0,11070.09,412.530241
2018-01-24 16:00:00,11070.09,11111.96,10900.0,10920.01,480.461553
2018-01-24 16:15:00,10924.94,11049.96,10900.0,10991.91,294.743454
2018-01-24 16:30:00,10990.01,11095.6,10930.08,11077.56,266.729132
2018-01-24 16:45:00,11095.46,11150.0,10985.03,11089.0,232.410346
2018-01-24 17:00:00,11076.21,11089.0,10862.08,10900.27,340.828265
2018-01-24 17:15:00,10900.31,11029.99,10881.84,11010.0,213.255431
2018-01-24 17:30:00,11008.0,11084.86,10983.59,11034.71,125.567774
2018-01-24 17:45:00,11034.02,11171.4,11004.26,11124.97,195.140653
2018-01-24 18:00:00,11124.97,11195.0,11100.0,11156.01,239.648433
2018-01-24 18:15:00,11160.0,11185.0,11111.0,11171.0,142.483364
2018-01-24 18:30:00,11171.0,11184.99,11000.0,11015.01,211.263356
2018-01-24 18:45:00,11015.01,11097.0,11010.35,11069.09,237.618936
2018-01-24 19:00:00,11068.79,11088.84,11005.0,11084.9,96.118782
2018-01-24 19:15:00,11080.0,11185.0,11070.21,11138.02,250.276913
2018-01-24 19:30:00,11139.01,11180.69,11135.86,11179.0,146.28596
2018-01-24 19:45:00,11170.07,11285.99,11154.0,11235.28,353.717617
2018-01-24 20:00:00,11235.28,11287.76,11165.84,11226.33,218.752246
2018-01-24 20:15:00,11238.0,11249.98,11135.86,11163.19,151.485696
2018-01-24 20:30:00,11163.19,11250.0,11163.19,11206.05,135.591321
2018-01-24 20:45:00,11206.05,11225.0,11150.0,11190.05,152.351969
2018-01-24 21:00:00,11190.05,11251.15,11167.06,11208.83,203.012028
2018-01-24 21:15:00,11202.56,11280.0,11165.02,11265.77,207.6025
2018-01-24 21:30:00,11277.0,11320.0,11200.0,11238.99,234.574678
2018-01-24 21:45:00,11238.99,11275.0,11200.0,11241.11,124.018809
2018-01-24 22:00:00,11248.93,11260.0,11176.04,11180.03,130.413667
2018-01-24 22:15:00,11180.04,11238.99,11150.0,11172.24,151.952551
2018-01-24 22:30:00,11189.15,11190.99,11101.9,11125.0,154.66567
2018-01-24 22:45:00,11124.0,11169.99,11057.0,11085.0,171.480836
2018-01-24 23:00:00,11089.21,11179.0,11082.0,11149.69,175.630025
2018-01-24 23:15:00,11149.7,11231.43,11116.32,11190.53,235.461955
2018-01-24 23:30:00,11190.19,11255.0,11180.0,11201.46,130.740791
2018-01-24 23:45:00,11201.67,11390.0,11185.01,11349.99,296.337202
2018-01-25 00:00:00,11349.96,11397.0,11275.01,11313.04,251.071921
2018-01-25 00:15:00,11313.04,11387.98,11300.12,11370.01,167.093667
2018-01-25 00:30:00,11370.01,11379.95,11288.0,11342.48,191.990281
2018-01-25 00:45:00,11342.48,11349.95,11280.0,11297.94,173.031548
2018-01-25 01:00:00,11290.0,11390.0,11248.48,11350.51,312.29432
2018-01-25 01:15:00,11350.41,11430.0,11326.94,11424.98,153.6737
2018-01-25 01:30:00,11424.98,11471.61,11361.0,11400.18,299.269412
2018-01-25 01:45:00,11400.2,11400.2,11270.0,11359.69,343.443119
2018-01-25 02:00:00,11379.96,11387.51,11311.0,11335.2,151.432873
2018-01-25 02:15:00,11335.2,11398.0,11335.0,11379.92,133.731043
2018-01-25 02:30:00,11379.92,11544.0,11379.91,11544.0,359.153845
2018-01-25 02:45:00,11543.9,11650.0,11532.51,11552.65,678.768707
2018-01-25 03:00:00,11552.62,11582.0,11484.0,11524.23,306.005314
2018-01-25 03:15:00,11524.23,11666.0,11515.77,11666.0,258.135746
2018-01-25 03:30:00,11650.0,11725.88,11640.05,11695.18,394.142947
2018-01-25 03:45:00,11699.12,11794.05,11677.05,11688.5,331.959857
2018-01-25 04:00:00,11691.28,11691.28,11519.0,11626.33,377.381212
2018-01-25 04:15:00,11626.38,11647.62,11460.0,11470.03,381.670125
2018-01-25 04:30:00,11470.03,11557.0,11430.0,11550.0,386.946022
2018-01-25 04:45:00,11550.12,11557.0,11526.0,11539.98,192.361104
2018-01-25 05:00:00,11540.98,11594.87,11515.86,11544.97,223.004187
2018-01-25 05:15:00,11544.97,11619.99,11526.03,11580.01,204.272543
2018-01-25 05:30:00,11580.01,11672.99,11580.01,11653.02,205.960147
2018-01-25 05:45:00,11653.02,11668.57,11583.09,11624.99,208.726621
2018-01-25 06:00:00,11624.99,11662.79,11570.0,11642.25,184.086591
2018-01-25 06:15:00,11656.2,11675.0,11602.17,11640.33,164.5619
2018-01-25 06:30:00,11635.91,11650.0,11575.0,11580.0,152.298812
2018-01-25 06:45:00,11580.0,11598.0,11501.0,11504.0,246.874906
2018-01-25 07:00:00,11504.0,11580.0,11460.0,11552.56,182.858557
2018-01-25 07:15:00,11552.56,11552.56,11430.59,11482.19,260.842905
2018-01-25 07:30:00,11482.22,11580.0,11469.01,11525.0,196.836015
2018-01-25 07:45:00,11527.98,11528.0,11450.0,11460.0,143.7079
2018-01-25 08:00:00,11465.91,11483.98,11328.0,11328.0,296.467431
2018-01-25 08:15:00,11328.0,11376.7,11300.0,11369.75,297.706405
2018-01-25 08:30:00,11369.75,11394.0,11301.0,11320.0,200.648816
2018-01-25 08:45:00,11320.0,11354.99,11260.0,11275.0,177.769693
2018-01-25 09:00:00,11274.99,11280.0,11147.07,11210.01,438.93295
2018-01-25 09:15:00,11210.01,11251.98,11187.96,11214.0,191.130074
2018-01-25 09:30:00,11214.0,11335.99,11210.01,11270.97,236.035147
2018-01-25 09:45:00,11270.97,11381.47,11263.37,11373.03,159.206374
2018-01-25 10:00:00,11373.04,11419.9,11340.0,11419.9,123.12456
2018-01-25 10:15:00,11419.89,11461.01,11389.88,11439.06,141.915038
2018-01-25 10:30:00,11449.99,11449.99,11352.86,11369.52,116.963094
2018-01-25 10:45:00,11363.21,11380.0,11300.01,11369.56,141.276849
2018-01-25 11:00:00,11366.01,11450.0,11340.0,11370.0,173.883522
2018-01-25 11:15:00,11370.0,11400.0,11335.01,11399.01,146.062941
2018-01-25 11:30:00,11399.01,11400.0,11288.0,11356.0,187.263812
2018-01-25 11:45:00,11356.0,11370.0,11205.0,11215.0,242.8194
2018-01-25 12:00:00,11215.0,11259.98,11111.0,11200.03,314.554283
2018-01-25 12:15:00,11203.29,11284.99,11161.0,11161.0,226.549607
2018-01-25 12:30:00,11169.84,11222.0,11112.0,11136.0,238.691324
2018-01-25 12:45:00,11136.46,11151.18,11028.0,11065.0,291.150995
2018-01-25 13:00:00,11065.0,11200.0,11065.0,11199.06,206.380527
2018-01-25 13:15:00,11199.06,11226.18,11136.01,11191.0,203.792085
2018-01-25 13:30:00,11191.0,11226.0,11150.0,11217.93,156.800492
2018-01-25 13:45:00,11220.0,11293.0,11220.0,11252.35,211.397881
2018-01-25 14:00:00,11250.0,11270.0,11200.69,11244.67,115.629359
2018-01-25 14:15:00,11230.05,11327.73,11230.04,11275.0,225.549267
2018-01-25 14:30:00,11275.0,11300.0,11253.22,11266.99,113.514187
2018-01-25 14:45:00,11266.93,11267.0,11151.6,11208.95,174.236361
2018-01-25 15:00:00,11213.0,11225.0,11150.0,11192.8,169.911261
2018-01-25 15:15:00,11191.99,11250.0,11155.0,11198.75,275.216608
2018-01-25 15:30:00,11179.64,11206.79,11082.94,11100.0,269.570507
2018-01-25 15:45:00,11095.41,11112.98,10959.0,10999.0,662.570222
2018-01-25 16:00:00,10998.99,11133.22,10988.76,11090.0,295.279589
2018-01-25 16:15:00,11084.0,11169.52,11033.14,11160.0,171.892216
2018-01-25 16:30:00,11169.36,11195.0,11100.0,11174.11,139.370212
2018-01-25 16:45:00,11174.12,11178.0,10950.21,10960.01,318.407203
2018-01-25 17:00:00,10960.2,11064.86,10957.0,11049.0,264.384527
2018-01-25 17:15:00,11040.0,11048.87,10951.0,10989.65,210.211555
2018-01-25 17:30:00,10989.65,11048.88,10961.01,11000.01,162.358519
2018-01-25 17:45:00,10990.05,11056.0,10963.0,11056.0,182.671772
2018-01-25 18:00:00,11050.86,11219.9,11050.86,11190.0,380.706186
2018-01-25 18:15:00,11192.99,11214.99,11150.0,11189.01,311.149569
2018-01-25 18:30:00,11199.97,11221.43,11160.0,11185.0,102.896753
2018-01-25 18:45:00,11185.01,11297.0,11176.85,11250.0,195.836845
2018-01-25 19:00:00,11245.0,11303.9,11200.0,11232.99,148.127496
2018-01-25 19:15:00,11218.1,11250.0,11200.0,11245.61,84.556908
2018-01-25 19:30:00,11245.61,11271.41,11185.0,11230.0,105.910272
2018-01-25 19:45:00,11229.88,11242.06,11186.0,11237.57,119.863964
2018-01-25 20:00:00,11230.0,11330.0,11190.0,11310.0,149.361394
2018-01-25 20:15:00,11316.77,11340.63,11214.56,11325.09,198.360157
2018-01-25 20:30:00,11325.09,11393.0,11319.0,11351.0,211.348052
2018-01-25 20:45:00,11351.0,11395.0,11251.0,11251.0,167.618174
2018-01-25 21:00:00,11251.0,11340.0,11244.22,11329.0,148.399842
2018-01-25 21:15:00,11329.0,11349.94,11188.0,11188.0,156.708696
2018-01-25 21:30:00,11188.0,11241.94,11153.36,11237.08,133.907565
2018-01-25 21:45:00,11227.31,11279.0,11153.0,11242.58,129.330441
2018-01-25 22:00:00,11242.98,11330.0,11200.47,11329.88,149.678759
2018-01-25 22:15:00,11316.0,11332.1,11236.64,11268.99,93.254093
2018-01-25 22:30:00,11261.97,11268.0,11200.0,11219.12,93.094309
2018-01-25 22:45:00,11230.85,11270.0,11190.0,11210.0,138.99356
2018-01-25 23:00:00,11199.96,11229.13,11130.0,11201.98,195.596932
2018-01-25 23:15:00,11200.0,11213.9,11166.0,11187.0,70.762747
2018-01-25 23:30:00,11189.47,11199.47,11111.0,11170.0,167.425838
2018-01-25 23:45:00,11160.03,11213.79,11160.0,11175.27,98.181119
2018-01-26 00:00:00,11184.7,11275.0,11160.43,11230.0,141.524443
2018-01-26 00:15:00,11232.0,11269.87,11230.0,11243.25,123.540358
2018-01-26 00:30:00,11243.25,11325.0,11241.03,11313.71,151.196929
2018-01-26 00:45:00,11313.71,11391.0,11303.0,11370.94,220.715056
2018-01-26 01:00:00,11370.89,11386.99,11314.71,11355.0,158.688046
2018-01-26 01:15:00,11355.45,11368.85,11265.66,11361.21,160.868586
2018-01-26 01:30:00,11361.17,11361.21,11280.0,11300.0,135.315842
2018-01-26 01:45:00,11300.0,11331.0,11247.11,11280.0,144.595841
2018-01-26 02:00:00,11280.0,11519.89,11280.0,11460.0,495.832531
2018-01-26 02:15:00,11472.04,11580.0,11466.33,11490.0,425.01729
2018-01-26 02:30:00,11490.0,11537.79,11456.08,11480.0,177.034488
2018-01-26 02:45:00,11480.16,11643.0,11480.16,11581.5,403.110691
2018-01-26 03:00:00,11587.95,11588.0,11501.0,11520.07,189.249782
2018-01-26 03:15:00,11531.01,11570.0,11449.98,11507.93,183.810174
2018-01-26 03:30:00,11507.78,11507.78,11440.0,11494.48,155.956298
2018-01-26 03:45:00,11494.68,11530.0,11475.83,11507.34,110.785609
2018-01-26 04:00:00,11507.36,11555.0,11490.62,11493.01,135.617636
2018-01-26 04:15:00,11493.01,11499.0,11402.0,11438.0,141.138512
2018-01-26 04:30:00,11438.0,11450.01,11353.17,11439.0,159.26171
2018-01-26 04:45:00,11424.1,11490.0,11408.1,11469.94,98.05221
2018-01-26 05:00:00,11460.01,11490.0,11386.09,11428.12,95.004241
2018-01-26 05:15:00,11444.44,11444.65,11385.0,11392.25,116.703421
2018-01-26 05:30:00,11392.25,11433.99,11381.38,11397.43,120.919507
2018-01-26 05:45:00,11397.39,11415.0,11351.68,11360.0,118.146234
2018-01-26 06:00:00,11352.06,11389.0,11300.86,11318.79,145.717703
2018-01-26 06:15:00,11335.51,11389.67,11300.0,11389.67,141.767657
2018-01-26 06:30:00,11380.95,11440.0,11326.0,11422.06,145.040018
2018-01-26 06:45:00,11422.05,11422.07,11356.99,11356.99,124.015162
2018-01-26 07:00:00,11384.35,11384.35,11260.0,11277.24,278.195102
2018-01-26 07:15:00,11275.5,11275.5,11169.69,11244.87,335.437476
2018-01-26 07:30:00,11245.0,11245.0,11101.0,11106.99,412.751541
2018-01-26 07:45:00,11106.91,11127.94,11010.0,11010.0,701.935784
2018-01-26 08:00:00,11010.09,11034.95,10671.0,10810.21,1496.457185
2018-01-26 08:15:00,10828.98,10829.02,10511.01,10550.11,1390.917374
2018-01-26 08:30:00,10531.02,10700.0,10403.3,10616.7,1501.516827
2018-01-26 08:45:00,10616.7,10865.0,10605.01,10769.01,937.397584
2018-01-26 09:00:00,10774.84,10805.43,10588.65,10742.19,639.954235
2018-01-26 09:15:00,10749.93,10772.94,10505.0,10601.57,611.295199
2018-01-26 09:30:00,10579.89,10579.92,10415.0,10500.01,639.493338
2018-01-26 09:45:00,10501.04,10513.93,10311.15,10490.0,758.777465
2018-01-26 10:00:00,10490.0,10600.0,10354.92,10520.0,689.037395
2018-01-26 10:15:00,10520.0,10549.52,10400.0,10520.01,399.561565
2018-01-26 10:30:00,10520.01,10641.91,10502.0,10618.38,443.956206
2018-01-26 10:45:00,10618.38,10687.44,10520.0,10520.0,414.257284
2018-01-26 11:00:00,10520.01,10575.86,10430.0,10497.57,428.218366
2018-01-26 11:15:00,10482.03,10522.09,10450.0,10479.0,283.376945
2018-01-26 11:30:00,10478.99,10499.0,10410.0,10490.0,378.45823
2018-01-26 11:45:00,10490.0,10530.0,10472.0,10513.97,278.18665
2018-01-26 12:00:00,10510.0,10514.98,10410.0,10442.99,426.229936
2018-01-26 12:15:00,10442.99,10526.5,10427.0,10486.85,337.162873
2018-01-26 12:30:00,10499.95,10650.0,10493.44,10649.0,416.103942
2018-01-26 12:45:00,10649.0,10735.98,10620.01,10650.0,474.048436
2018-01-26 13:00:00,10651.01,10810.06,10620.0,10749.78,597.202296
2018-01-26 13:15:00,10750.0,10833.65,10600.0,10647.0,505.308448
2018-01-26 13:30:00,10645.89,10770.08,10535.97,10640.0,403.017851
2018-01-26 13:45:00,10640.0,10650.0,10543.99,10549.09,255.124939
2018-01-26 14:00:00,10549.09,10730.0,10537.85,10695.1,264.961272
2018-01-26 14:15:00,10695.11,10719.0,10620.0,10684.98,352.049236
2018-01-26 14:30:00,10680.0,10800.0,10678.78,10755.89,421.579411
2018-01-26 14:45:00,10755.89,10839.99,10701.39,10829.99,377.473987
2018-01-26 15:00:00,10829.95,11000.0,10800.0,10997.95,584.350903
2018-01-26 15:15:00,10997.95,11090.0,10901.0,10928.94,946.707367
2018-01-26 15:30:00,10928.94,11082.0,10915.0,11000.89,653.515257
2018-01-26 15:45:00,11001.0,11147.85,10927.0,11147.85,706.284933
2018-01-26 16:00:00,11147.84,11399.0,11130.01,11273.05,1229.51055
2018-01-26 16:15:00,11273.05,11290.0,11046.46,11220.0,653.23737
2018-01-26 16:30:00,11216.77,11220.0,11093.37,11119.52,385.448068
2018-01-26 16:45:00,11119.51,11135.5,11070.0,11094.01,277.883775
2018-01-26 17:00:00,11094.01,11129.94,11002.05,11060.0,390.588251
2018-01-26 17:15:00,11055.53,11099.84,11010.97,11017.11,209.846877
2018-01-26 17:30:00,11026.91,11221.59,11010.97,11196.98,327.007229
2018-01-26 17:45:00,11196.98,11203.0,11132.64,11187.01,216.995302
2018-01-26 18:00:00,11187.0,11220.0,11064.35,11088.1,215.080843
2018-01-26 18:15:00,11097.0,11150.0,11055.0,11114.0,140.533743
2018-01-26 18:30:00,11111.25,11139.21,11010.97,11040.0,157.106436
2018-01-26 18:45:00,11040.0,11090.0,11010.97,11033.0,147.922558
2018-01-26 19:00:00,11039.0,11070.0,10961.0,10969.0,228.788144
2018-01-26 19:15:00,10969.0,11050.0,10931.0,10999.65,225.673179
2018-01-26 19:30:00,10987.06,11031.62,10868.8,10885.39,130.736322
2018-01-26 19:45:00,10897.0,10989.99,10884.41,10933.0,186.571573
2018-01-26 20:00:00,10932.99,11080.0,10875.32,11062.14,138.650155
2018-01-26 20:15:00,11062.19,11094.39,11000.0,11029.09,120.249295
2018-01-26 20:30:00,11029.11,11090.52,11001.0,11062.03,133.169117
2018-01-26 20:45:00,11064.02,11089.75,10975.98,11026.32,141.918361
2018-01-26 21:00:00,11026.57,11034.0,10922.24,10924.0,153.534318
2018-01-26 21:15:00,10938.79,10939.04,10848.33,10852.27,149.563895
2018-01-26 21:30:00,10858.89,10914.9,10850.01,10860.03,127.119397
2018-01-26 21:45:00,10859.98,10973.0,10821.0,10921.89,167.037499
2018-01-26 22:00:00,10921.0,10953.14,10872.56,10919.86,103.589098
2018-01-26 22:15:00,10919.81,10945.18,10852.0,10864.74,124.124733
2018-01-26 22:30:00,10864.74,10908.06,10825.0,10831.25,87.990631
2018-01-26 22:45:00,10826.0,10865.38,10800.93,10832.85,141.487605
2018-01-26 23:00:00,10832.85,10950.0,10806.02,10914.98,156.541208
2018-01-26 23:15:00,10919.0,10993.0,10890.0,10967.0,102.70225
2018-01-26 23:30:00,10968.01,11168.0,10968.0,11129.87,235.084663
2018-01-26 23:45:00,11129.84,11148.99,11057.9,11089.0,192.250702
2018-01-27 00:00:00,11089.0,11251.0,11079.19,11150.0,231.034327
2018-01-27 00:15:00,11150.03,11189.99,11054.62,11069.96,183.239059
2018-01-27 00:30:00,11069.96,11189.0,11058.72,11140.97,110.404498
2018-01-27 00:45:00,11140.97,11167.0,11070.01,11109.9,136.876067
2018-01-27 01:00:00,11118.38,11127.84,10942.0,10942.0,247.035402
2018-01-27 01:15:00,10937.2,10994.24,10920.0,10944.06,200.561872
2018-01-27 01:30:00,10944.1,11024.93,10943.0,10968.0,121.454191
2018-01-27 01:45:00,10968.0,11001.98,10926.0,10936.25,129.362199
2018-01-27 02:00:00,10936.16,10975.04,10842.69,10971.28,220.921843
2018-01-27 02:15:00,10968.0,11097.99,10967.89,11035.02,193.965851
2018-01-27 02:30:00,11049.89,11196.27,10966.64,11110.01,189.463193
2018-01-27 02:45:00,11110.01,11188.0,11057.15,11089.76,298.401374
2018-01-27 03:00:00,11096.88,11150.0,11058.0,11065.0,159.802894
2018-01-27 03:15:00,11058.12,11128.99,11058.0,11093.93,105.750514
2018-01-27 03:30:00,11093.93,11128.89,10990.0,11006.02,160.976651
2018-01-27 03:45:00,11021.87,11037.57,10970.0,10985.0,120.12048
2018-01-27 04:00:00,10985.0,11118.86,10963.0,11070.28,171.141933
2018-01-27 04:15:00,11070.28,11100.0,11060.0,11097.01,83.546395
2018-01-27 04:30:00,11097.01,11126.48,11079.0,11090.01,125.695403
2018-01-27 04:45:00,11097.72,11097.8,10989.01,11026.5,145.609306
2018-01-27 05:00:00,11026.5,11091.27,10996.0,11005.0,115.6374
2018-01-27 05:15:00,11005.0,11144.99,11000.0,11140.0,174.605269
2018-01-27 05:30:00,11129.98,11275.0,11108.67,11240.06,286.209144
2018-01-27 05:45:00,11241.0,11289.0,11222.37,11239.9,250.106677
2018-01-27 06:00:00,11232.33,11313.99,11200.01,11305.0,263.343848
2018-01-27 06:15:00,11301.1,11360.0,11230.0,11306.97,343.998975
2018-01-27 06:30:00,11306.97,11400.0,11259.74,11391.87,338.328301
2018-01-27 06:45:00,11391.87,11399.0,11250.0,11288.12,235.154809
2018-01-27 07:00:00,11288.13,11297.96,11150.28,11186.85,264.944234
2018-01-27 07:15:00,11199.87,11240.0,11160.0,11181.36,178.287094
2018-01-27 07:30:00,11181.32,11282.07,11167.42,11210.0,163.22709
2018-01-27 07:45:00,11210.11,11280.0,11201.0,11243.68,87.328791
2018-01-27 08:00:00,11243.68,11349.0,11243.68,11320.0,138.789767
2018-01-27 08:15:00,11319.93,11320.0,11200.0,11200.6,166.74109
2018-01-27 08:30:00,11200.0,11240.0,11145.01,11220.17,192.266265
2018-01-27 08:45:00,11229.99,11240.0,11158.23,11200.86,142.011679
2018-01-27 09:00:00,11205.86,11227.0,11171.0,11201.01,85.479429
2018-01-27 09:15:00,11201.5,11230.03,11168.01,11174.99,114.250368
2018-01-27 09:30:00,11174.98,11216.53,11168.03,11197.18,84.981074
2018-01-27 09:45:00,11196.02,11290.0,11194.16,11278.0,178.735707
2018-01-27 10:00:00,11278.02,11343.33,11241.0,11250.0,191.317987
2018-01-27 10:15:00,11255.0,11268.0,11200.0,11254.83,149.785973
2018-01-27 10:30:00,11254.83,11312.14,11220.01,11253.0,160.154554
2018-01-27 10:45:00,11268.74,11288.0,11229.0,11247.0,132.870942
2018-01-27 11:00:00,11247.0,11289.99,11235.0,11253.6,119.405647
2018-01-27 11:15:00,11263.84,11263.84,11000.01,11041.3,576.944686
2018-01-27 11:30:00,11025.0,11047.98,10900.0,10969.5,451.097424
2018-01-27 11:45:00,10951.14,11098.76,10950.0,11020.0,269.131623
2018-01-27 12:00:00,11018.0,11090.0,10968.18,11071.11,174.239502
2018-01-27 12:15:00,11071.11,11072.0,11020.44,11061.0,102.71156
2018-01-27 12:30:00,11061.0,11118.13,11037.29,11051.06,146.662376
2018-01-27 12:45:00,11051.06,11075.0,10978.0,11008.04,147.991863
2018-01-27 13:00:00,11015.0,11119.0,11008.05,11053.1,131.278203
2018-01-27 13:15:00,11043.23,11090.0,11040.01,11089.59,92.895965
2018-01-27 13:30:00,11089.59,11170.0,11071.59,11133.02,189.508829
2018-01-27 13:45:00,11133.02,11145.0,11062.45,11091.99,127.665397
2018-01-27 14:00:00,11091.99,11104.99,11000.0,11059.0,220.544859
2018-01-27 14:15:00,11059.0,11100.0,11040.0,11081.01,90.010094
2018-01-27 14:30:00,11082.8,11095.0,11041.81,11062.1,149.995682
2018-01-27 14:45:00,11062.1,11107.57,11046.0,11093.11,105.362247
2018-01-27 15:00:00,11093.11,11178.0,11084.68,11147.13,189.749821
2018-01-27 15:15:00,11152.0,11197.19,11125.01,11168.99,142.15894
2018-01-27 15:30:00,11160.85,11285.0,11153.05,11261.0,372.446299
2018-01-27 15:45:00,11252.85,11495.0,11251.01,11464.97,1035.520253
2018-01-27 16:00:00,11452.62,11470.0,11360.0,11402.04,393.213974
2018-01-27 16:15:00,11402.04,11470.0,11360.03,11389.0,320.919419
2018-01-27 16:30:00,11385.07,11467.05,11370.01,11460.0,198.112711
2018-01-27 16:45:00,11459.89,11620.0,11455.99,11610.0,459.968099
2018-01-27 17:00:00,11610.02,11625.0,11462.0,11499.0,436.627972
2018-01-27 17:15:00,11499.0,11584.97,11495.0,11520.0,202.152583
2018-01-27 17:30:00,11525.28,11575.94,11468.99,11471.98,254.05701
2018-01-27 17:45:00,11471.98,11475.88,11382.0,11445.01,290.756426
2018-01-27 18:00:00,11445.01,11449.99,11380.0,11415.05,143.900846
2018-01-27 18:15:00,11415.05,11500.0,11406.0,11488.0,153.706888
2018-01-27 18:30:00,11487.99,11488.8,11444.0,11471.0,92.586049
2018-01-27 18:45:00,11471.17,11485.01,11457.01,11485.0,66.608517
2018-01-27 19:00:00,11484.94,11540.0,11465.03,11520.0,130.904462
2018-01-27 19:15:00,11518.96,11525.0,11480.99,11511.0,107.724965
2018-01-27 19:30:00,11511.0,11511.0,11450.0,11462.68,94.902483
2018-01-27 19:45:00,11465.29,11511.01,11461.3,11505.17,77.855377
2018-01-27 20:00:00,11505.1,11650.0,11499.84,11620.0,438.137444
2018-01-27 20:15:00,11620.0,11645.0,11580.0,11628.02,167.916512
2018-01-27 20:30:00,11628.02,11650.0,11592.06,11614.74,146.168545
2018-01-27 20:45:00,11614.74,11629.84,11475.0,11549.99,187.573608
2018-01-27 21:00:00,11549.99,11557.75,11475.0,11513.72,181.420181
2018-01-27 21:15:00,11513.65,11570.0,11485.01,11513.0,91.818137
2018-01-27 21:30:00,11513.0,11573.11,11504.01,11515.01,142.357967
2018-01-27 21:45:00,11530.0,11609.0,11511.0,11561.0,165.996187
2018-01-27 22:00:00,11560.27,11610.01,11550.0,11600.0,99.385953
2018-01-27 22:15:00,11600.0,11602.4,11540.23,11541.38,81.963153
2018-01-27 22:30:00,11559.47,11559.47,11460.0,11501.0,294.861839
2018-01-27 22:45:00,11500.11,11526.38,11434.0,11526.0,190.079186
2018-01-27 23:00:00,11526.0,11549.99,11475.0,11477.16,159.691197
2018-01-27 23:15:00,11489.92,11530.47,11442.0,11450.0,153.113975
2018-01-27 23:30:00,11442.0,11469.73,11400.0,11422.0,188.737764
2018-01-27 23:45:00,11434.16,11500.11,11400.08,11491.0,138.307727
2018-01-28 00:00:00,11499.98,11520.0,11465.18,11499.12,103.569295
2018-01-28 00:15:00,11518.02,11539.0,11483.03,11539.0,79.896178
2018-01-28 00:30:00,11535.0,11619.41,11531.0,11606.0,134.453037
2018-01-28 00:45:00,11606.0,11620.0,11510.01,11539.96,167.565059
2018-01-28 01:00:00,11539.96,11575.0,11493.0,11501.01,152.217585
2018-01-28 01:15:00,11501.12,11541.52,11430.0,11437.01,168.512861
2018-01-28 01:30:00,11439.0,11496.33,11408.0,11479.63,168.320146
2018-01-28 01:45:00,11480.02,11532.07,11472.09,11502.68,122.363129
2018-01-28 02:00:00,11518.0,11588.47,11486.0,11531.87,141.960086
2018-01-28 02:15:00,11531.88,11559.99,11489.26,11498.98,89.557919
2018-01-28 02:30:00,11498.98,11499.99,11444.01,11478.11,126.143717
2018-01-28 02:45:00,11478.0,11534.0,11478.0,11524.98,104.672289
2018-01-28 03:00:00,11516.11,11587.0,11516.1,11554.99,155.032615
2018-01-28 03:15:00,11554.99,11600.0,11545.0,11580.7,117.630133
2018-01-28 03:30:00,11580.86,11600.0,11571.96,11585.0,122.560864
2018-01-28 03:45:00,11585.0,11599.89,11575.84,11592.93,153.908347
2018-01-28 04:00:00,11592.93,11649.0,11581.85,11649.0,258.747193
2018-01-28 04:15:00,11643.53,11737.72,11622.12,11733.16,312.350097
2018-01-28 04:30:00,11737.72,11740.0,11652.35,11680.0,215.047687
2018-01-28 04:45:00,11680.0,11849.0,11680.0,11838.0,335.185637
2018-01-28 05:00:00,11838.0,11980.0,11832.0,11935.0,449.477259
2018-01-28 05:15:00,11944.95,12100.03,11938.0,12010.04,635.303565
2018-01-28 05:30:00,12010.04,12011.0,11850.0,11885.0,447.585634
2018-01-28 05:45:00,11890.0,11960.02,11840.06,11905.7,203.435954
2018-01-28 06:00:00,11905.7,11928.0,11870.0,11926.99,181.787588
2018-01-28 06:15:00,11926.99,12009.55,11920.0,11987.33,200.021376
2018-01-28 06:30:00,11981.0,12131.43,11960.8,12131.43,208.986705
2018-01-28 06:45:00,12131.43,12244.0,12102.35,12213.06,441.465434
2018-01-28 07:00:00,12213.18,12237.8,12042.66,12139.0,387.45634
2018-01-28 07:15:00,12139.0,12141.0,12081.0,12100.0,269.466286
2018-01-28 07:30:00,12100.0,12140.22,12015.0,12015.0,293.328417
2018-01-28 07:45:00,12015.0,12034.87,11928.0,11969.0,268.071376
2018-01-28 08:00:00,11969.0,12067.99,11960.0,11986.0,286.587649
2018-01-28 08:15:00,11986.0,12050.0,11976.0,12000.15,159.29075
2018-01-28 08:30:00,12000.15,12050.0,11964.0,11979.99,144.243803
2018-01-28 08:45:00,11979.99,11985.99,11886.01,11930.03,172.251541
2018-01-28 09:00:00,11935.0,11935.0,11818.0,11831.98,202.202096
2018-01-28 09:15:00,11831.99,11896.0,11818.0,11845.06,196.642059
2018-01-28 09:30:00,11845.11,11957.69,11818.1,11957.38,206.502863
2018-01-28 09:45:00,11957.38,11987.0,11930.0,11958.01,179.948756
2018-01-28 10:00:00,11960.0,11975.0,11900.0,11949.95,101.844862
2018-01-28 10:15:00,11949.95,12009.99,11940.02,11979.92,175.584294
2018-01-28 10:30:00,11979.88,11999.0,11874.33,11933.78,185.466348
2018-01-28 10:45:00,11912.43,11942.99,11820.0,11889.86,188.399309
2018-01-28 11:00:00,11890.02,11925.0,11860.0,11911.0,148.280759
2018-01-28 11:15:00,11920.0,11970.0,11874.93,11903.54,155.45995
2018-01-28 11:30:00,11889.03,11949.99,11850.0,11895.48,128.508808
2018-01-28 11:45:00,11895.53,12031.41,11895.52,12012.62,213.657519
2018-01-28 12:00:00,12001.94,12079.9,12000.0,12012.55,215.269632
2018-01-28 12:15:00,12013.71,12022.81,11910.5,11950.0,176.685878
2018-01-28 12:30:00,11950.04,11960.94,11860.0,11892.17,185.061057
2018-01-28 12:45:00,11892.0,11899.63,11700.99,11782.99,439.579871
2018-01-28 13:00:00,11782.99,11820.0,11705.0,11720.0,278.680533
2018-01-28 13:15:00,11710.0,11764.1,11652.0,11750.11,248.063201
2018-01-28 13:30:00,11757.98,11847.9,11740.56,11831.98,267.42432
2018-01-28 13:45:00,11831.98,11895.0,11807.03,11850.13,166.223861
2018-01-28 14:00:00,11850.13,11869.0,11711.0,11767.83,204.87603
2018-01-28 14:15:00,11767.83,11860.0,11740.05,11800.0,194.671643
2018-01-28 14:30:00,11787.58,11850.0,11761.12,11799.99,176.389644
2018-01-28 14:45:00,11799.92,11810.0,11730.0,11777.15,107.795775
2018-01-28 15:00:00,11777.18,11850.0,11750.0,11820.28,119.791141
2018-01-28 15:15:00,11820.28,11850.0,11780.0,11844.99,111.252936
2018-01-28 15:30:00,11845.04,11897.05,11825.48,11865.81,138.018829
2018-01-28 15:45:00,11865.81,11870.6,11790.0,11791.12,125.181802
2018-01-28 16:00:00,11793.0,11820.0,11766.0,11809.76,128.756722
2018-01-28 16:15:00,11807.16,11840.0,11750.0,11828.0,115.857121
2018-01-28 16:30:00,11828.0,11898.47,11811.0,11889.86,134.532236
2018-01-28 16:45:00,11889.86,11899.0,11866.0,11878.0,133.278228
2018-01-28 17:00:00,11878.0,11925.0,11825.0,11845.0,114.467209
2018-01-28 17:15:00,11845.0,11849.94,11750.0,11789.91,183.349895
2018-01-28 17:30:00,11787.0,11827.61,11771.04,11785.64,120.936905
2018-01-28 17:45:00,11785.65,11848.0,11750.0,11838.0,103.393677
2018-01-28 18:00:00,11820.08,11862.0,11817.06,11840.0,99.585442
2018-01-28 18:15:00,11849.92,11856.0,11830.0,11830.0,116.943773
2018-01-28 18:30:00,11830.0,11841.0,11800.0,11801.24,69.456315
2018-01-28 18:45:00,11801.24,11820.02,11783.0,11783.0,69.984549
2018-01-28 19:00:00,11783.05,11797.0,11754.54,11780.0,168.605279
2018-01-28 19:15:00,11780.0,11819.99,11760.13,11813.95,101.888936
2018-01-28 19:30:00,11802.35,11829.58,11783.0,11819.48,87.920889
2018-01-28 19:45:00,11817.09,11872.0,11811.0,11870.0,88.932207
2018-01-28 20:00:00,11870.0,11905.0,11804.8,11866.04,143.612795
2018-01-28 20:15:00,11868.02,11872.9,11821.0,11838.65,69.003012
2018-01-28 20:30:00,11838.69,11921.0,11830.0,11903.99,115.702479
2018-01-28 20:45:00,11903.99,11999.98,11902.0,11939.99,149.503214
2018-01-28 21:00:00,11939.99,11960.0,11907.58,11931.0,134.608842
2018-01-28 21:15:00,11931.0,11960.0,11915.0,11942.0,87.281915
2018-01-28 21:30:00,11942.0,11978.99,11920.06,11970.0,126.865853
2018-01-28 21:45:00,11970.0,11990.0,11950.01,11962.38,101.103865
2018-01-28 22:00:00,11962.38,11979.0,11951.48,11960.0,95.759442
2018-01-28 22:15:00,11960.0,11973.79,11905.5,11919.96,107.482002
2018-01-28 22:30:00,11913.85,11936.8,11877.01,11917.99,117.304866
2018-01-28 22:45:00,11918.0,11954.0,11915.02,11945.01,216.527537
2018-01-28 23:00:00,11945.01,11960.0,11915.01,11933.0,107.117453
2018-01-28 23:15:00,11939.19,11944.93,11850.0,11861.23,113.46588
2018-01-28 23:30:00,11856.0,11891.0,11838.03,11852.9,76.911997
2018-01-28 23:45:00,11852.88,11891.0,11851.0,11879.95,71.281662
2018-01-29 00:00:00,11879.95,11915.52,11845.28,11912.96,95.177435
2018-01-29 00:15:00,11912.96,11975.02,11908.0,11935.26,117.944493
2018-01-29 00:30:00,11935.26,11944.05,11900.0,11909.99,81.692448
2018-01-29 00:45:00,11909.99,11923.94,11880.74,11891.73,108.268931
2018-01-29 01:00:00,11895.0,11904.99,11870.02,11870.64,81.449503
2018-01-29 01:15:00,11870.09,11877.38,11560.0,11588.83,643.067691
2018-01-29 01:30:00,11592.66,11720.18,11450.0,11555.0,791.799919
2018-01-29 01:45:00,11555.0,11624.0,11475.07,11499.63,452.720206
2018-01-29 02:00:00,11499.63,11535.0,11440.01,11535.0,385.230323
2018-01-29 02:15:00,11533.0,11662.9,11433.0,11523.26,319.22188
2018-01-29 02:30:00,11539.92,11619.0,11498.0,11583.07,165.518754
2018-01-29 02:45:00,11599.64,11610.1,11545.98,11590.0,106.296417
2018-01-29 03:00:00,11590.0,11599.0,11506.58,11513.0,163.903777
2018-01-29 03:15:00,11513.0,11598.0,11510.0,11549.96,124.714363
2018-01-29 03:30:00,11549.96,11565.0,11500.22,11523.01,166.941022
2018-01-29 03:45:00,11523.01,11600.0,11523.01,11598.98,130.392162
2018-01-29 04:00:00,11598.98,11655.4,11578.85,11655.2,161.146545
2018-01-29 04:15:00,11655.2,11664.72,11620.21,11621.0,95.607275
2018-01-29 04:30:00,11621.09,11725.3,11616.13,11698.58,204.050731
2018-01-29 04:45:00,11698.58,11739.08,11686.02,11701.01,140.901955
2018-01-29 05:00:00,11701.01,11712.94,11635.0,11656.7,105.20668
2018-01-29 05:15:00,11668.72,11680.0,11600.0,11620.11,73.354269
2018-01-29 05:30:00,11620.0,11635.06,11583.68,11595.01,96.917685
2018-01-29 05:45:00,11595.03,11623.35,11580.0,11590.0,84.547987
2018-01-29 06:00:00,11590.0,11627.4,11477.19,11498.0,235.86312
2018-01-29 06:15:00,11498.0,11498.0,11402.56,11458.0,341.923473
2018-01-29 06:30:00,11453.56,11480.0,11273.0,11298.88,374.801135
2018-01-29 06:45:00,11275.06,11436.99,11275.0,11429.95,317.146844
2018-01-29 07:00:00,11427.0,11429.95,11350.02,11366.0,175.960327
2018-01-29 07:15:00,11370.0,11419.99,11365.02,11401.5,134.176691
2018-01-29 07:30:00,11403.41,11418.54,11279.02,11325.46,168.624766
2018-01-29 07:45:00,11325.5,11370.0,11318.0,11318.01,146.731515
2018-01-29 08:00:00,11320.0,11320.0,11201.0,11269.01,279.358109
2018-01-29 08:15:00,11269.01,11381.0,11269.0,11355.0,175.646924
2018-01-29 08:30:00,11355.0,11483.98,11355.0,11468.0,256.810434
2018-01-29 08:45:00,11470.02,11479.57,11381.34,11426.0,101.839829
2018-01-29 09:00:00,11425.96,11448.0,11397.0,11419.0,98.334241
2018-01-29 09:15:00,11419.0,11429.98,11340.0,11347.39,121.87899
2018-01-29 09:30:00,11347.41,11390.1,11332.97,11388.91,81.612421
2018-01-29 09:45:00,11388.86,11435.0,11372.09,11426.89,92.557239
2018-01-29 10:00:00,11409.09,11443.64,11409.0,11435.34,91.584766
2018-01-29 10:15:00,11425.0,11528.0,11420.13,11479.45,170.127345
2018-01-29 10:30:00,11479.0,11494.69,11410.0,11421.0,87.490232
2018-01-29 10:45:00,11438.0,11449.98,11362.0,11429.98,97.094679
2018-01-29 11:00:00,11430.0,11445.14,11400.0,11406.02,50.781965
2018-01-29 11:15:00,11406.02,11412.0,11310.03,11328.18,106.717979
2018-01-29 11:30:00,11328.18,11342.02,11200.0,11261.38,351.185123
2018-01-29 11:45:00,11252.68,11286.56,11139.55,11279.99,304.438758
2018-01-29 12:00:00,11272.01,11312.39,11202.82,11281.92,188.056909
2018-01-29 12:15:00,11281.92,11310.0,11223.0,11227.0,124.029529
2018-01-29 12:30:00,11227.9,11268.75,11220.0,11261.01,97.006934
2018-01-29 12:45:00,11263.0,11281.0,11235.05,11255.21,84.501252
2018-01-29 13:00:00,11255.21,11279.88,11223.43,11263.99,106.530011
2018-01-29 13:15:00,11268.0,11334.94,11255.0,11294.0,99.863938
2018-01-29 13:30:00,11294.0,11300.58,11261.0,11294.9,84.510782
2018-01-29 13:45:00,11294.67,11373.12,11273.17,11359.47,121.650537
2018-01-29 14:00:00,11359.47,11400.0,11359.46,11381.2,113.269847
2018-01-29 14:15:00,11381.2,11420.0,11376.99,11410.01,127.279687
2018-01-29 14:30:00,11410.04,11445.0,11370.1,11379.96,121.80691
2018-01-29 14:45:00,11379.96,11396.97,11312.61,11384.98,175.95669
2018-01-29 15:00:00,11384.98,11408.28,11375.19,11390.02,94.398332
2018-01-29 15:15:00,11390.02,11402.45,11290.0,11321.54,162.062885
2018-01-29 15:30:00,11321.53,11337.64,11259.0,11330.94,103.012557
2018-01-29 15:45:00,11330.94,11399.99,11330.92,11383.91,119.376762
2018-01-29 16:00:00,11383.91,11404.26,11370.0,11385.65,114.285431
2018-01-29 16:15:00,11376.4,11400.0,11362.8,11383.95,69.255967
2018-01-29 16:30:00,11371.19,11399.06,11340.16,11350.0,82.548011
2018-01-29 16:45:00,11350.0,11402.0,11340.0,11396.01,82.117729
2018-01-29 17:00:00,11397.0,11432.0,11380.02,11400.0,89.415098
2018-01-29 17:15:00,11400.01,11435.0,11382.0,11392.37,89.32515
2018-01-29 17:30:00,11392.37,11425.25,11392.37,11420.0,63.206863
2018-01-29 17:45:00,11420.0,11499.0,11414.33,11422.51,164.119991
2018-01-29 18:00:00,11425.0,11447.56,11340.0,11350.0,170.947737
2018-01-29 18:15:00,11350.0,11387.71,11315.0,11368.0,175.792268
2018-01-29 18:30:00,11370.0,11422.81,11353.02,11360.32,79.671448
2018-01-29 18:45:00,11396.79,11415.0,11365.0,11379.02,53.144634
2018-01-29 19:00:00,11394.75,11403.53,11345.0,11366.55,76.58576
2018-01-29 19:15:00,11365.11,11387.96,11343.04,11347.32,44.079966
2018-01-29 19:30:00,11359.67,11370.0,11280.0,11281.39,154.934641
2018-01-29 19:45:00,11282.0,11325.0,11270.01,11283.81,69.076146
2018-01-29 20:00:00,11280.83,11312.0,11267.49,11289.0,78.790751
2018-01-29 20:15:00,11290.03,11330.0,11289.0,11316.02,42.399948
2018-01-29 20:30:00,11320.0,11330.0,11280.0,11326.97,52.336902
2018-01-29 20:45:00,11320.0,11326.97,11280.1,11298.99,50.803211
2018-01-29 21:00:00,11298.99,11336.37,11283.0,11300.0,68.575716
2018-01-29 21:15:00,11300.0,11349.0,11287.0,11331.96,55.901117
2018-01-29 21:30:00,11331.96,11379.23,11326.15,11370.05,69.067026
2018-01-29 21:45:00,11370.05,11410.0,11340.0,11355.0,68.863249
2018-01-29 22:00:00,11354.99,11355.0,11316.0,11330.0,45.362357
2018-01-29 22:15:00,11329.98,11350.0,11296.0,11311.88,61.206007
2018-01-29 22:30:00,11310.11,11315.28,11197.0,11197.0,230.519191
2018-01-29 22:45:00,11197.0,11233.99,11150.0,11162.22,214.922244
2018-01-29 23:00:00,11163.0,11231.92,11162.22,11210.96,112.095554
2018-01-29 23:15:00,11209.0,11233.2,11191.0,11233.2,67.702506
2018-01-29 23:30:00,11232.99,11318.85,11180.0,11274.5,118.352555
2018-01-29 23:45:00,11274.98,11295.0,11187.07,11251.0,72.899446
2018-01-30 00:00:00,11250.11,11280.0,11200.0,11219.99,68.638934
2018-01-30 00:15:00,11209.57,11290.0,11205.01,11290.0,75.019059
2018-01-30 00:30:00,11290.0,11308.42,11240.01,11255.15,57.79841
2018-01-30 00:45:00,11255.15,11299.78,11216.02,11216.02,68.303664
2018-01-30 01:00:00,11216.31,11234.39,11191.0,11200.0,102.665844
2018-01-30 01:15:00,11200.0,11247.64,11136.3,11136.3,132.746424
2018-01-30 01:30:00,11136.31,11147.91,11010.03,11046.04,354.660309
2018-01-30 01:45:00,11046.04,11058.73,10920.89,10956.84,440.525348
2018-01-30 02:00:00,10949.99,11092.0,10930.03,11039.3,264.379513
2018-01-30 02:15:00,11039.3,11094.84,11000.0,11040.0,117.465343
2018-01-30 02:30:00,11040.0,11094.83,11022.01,11032.0,109.619743
2018-01-30 02:45:00,11032.0,11042.18,10955.84,11001.94,124.245861
2018-01-30 03:00:00,11002.97,11004.68,10874.0,10890.01,236.413157
2018-01-30 03:15:00,10890.01,10943.57,10850.0,10880.0,273.247022
2018-01-30 03:30:00,10889.46,11040.0,10875.09,10982.84,257.20489
2018-01-30 03:45:00,10985.13,11040.0,10950.0,10995.06,127.02491
2018-01-30 04:00:00,10993.07,11098.0,10971.0,11040.0,146.084193
2018-01-30 04:15:00,11040.0,11134.0,11032.71,11092.3,177.107038
2018-01-30 04:30:00,11095.0,11135.57,11065.0,11080.75,110.22983
2018-01-30 04:45:00,11080.76,11092.0,11021.0,11032.03,73.727112
2018-01-30 05:00:00,11032.03,11062.0,11001.02,11060.0,78.803049
2018-01-30 05:15:00,11057.48,11129.0,11035.0,11124.98,75.631525
2018-01-30 05:30:00,11129.0,11134.89,11086.0,11120.0,104.944806
2018-01-30 05:45:00,11114.0,11125.23,11060.1,11061.87,70.067204
2018-01-30 06:00:00,11061.0,11085.0,11040.0,11048.99,93.986846
2018-01-30 06:15:00,11048.99,11112.0,11041.21,11098.89,69.398437
2018-01-30 06:30:00,11091.12,11107.95,11062.93,11084.41,80.981779
2018-01-30 06:45:00,11091.65,11099.97,11000.0,11022.29,114.916525
2018-01-30 07:00:00,11022.29,11033.0,10929.06,10981.56,183.822155
2018-01-30 07:15:00,10978.0,11031.99,10950.0,11005.0,110.016994
2018-01-30 07:30:00,11005.0,11089.0,11000.87,11086.0,117.271307
2018-01-30 07:45:00,11083.14,11138.43,11063.0,11118.99,104.55437
2018-01-30 08:00:00,11119.0,11135.0,11093.03,11135.0,89.973255
2018-01-30 08:15:00,11132.52,11210.57,11129.93,11184.79,148.033893
2018-01-30 08:30:00,11172.01,11210.0,11115.44,11137.93,113.864963
2018-01-30 08:45:00,11120.58,11181.0,11100.0,11181.0,90.4219
2018-01-30 09:00:00,11171.08,11183.71,11105.0,11122.67,84.527869
2018-01-30 09:15:00,11131.64,11155.0,11000.0,11044.72,221.70543
2018-01-30 09:30:00,11044.72,11059.81,10950.1,10950.1,183.094537
2018-01-30 09:45:00,10950.1,11023.34,10950.07,10988.15,83.939372
2018-01-30 10:00:00,10988.15,10994.0,10900.0,10969.49,160.996875
2018-01-30 10:15:00,10969.49,10983.01,10910.0,10957.0,108.480786
2018-01-30 10:30:00,10956.11,10975.0,10902.02,10942.88,82.386087
2018-01-30 10:45:00,10943.43,11028.0,10925.2,11000.0,135.760615
2018-01-30 11:00:00,11010.0,11012.0,10909.96,10930.0,120.191603
2018-01-30 11:15:00,10937.96,11045.57,10905.0,11040.7,108.647324
2018-01-30 11:30:00,11040.42,11050.0,10935.36,11000.0,125.251942
2018-01-30 11:45:00,10999.99,11060.0,10972.8,11047.34,81.190309
2018-01-30 12:00:00,11050.34,11096.0,11032.92,11038.0,114.859018
2018-01-30 12:15:00,11038.0,11077.92,11025.0,11032.01,57.287809
2018-01-30 12:30:00,11039.98,11075.01,11008.0,11030.0,78.128358
2018-01-30 12:45:00,11030.0,11047.99,10950.0,11004.99,102.618986
2018-01-30 13:00:00,10998.1,11020.0,10921.0,10937.01,120.422648
2018-01-30 13:15:00,10937.99,10977.0,10867.09,10875.94,177.591385
2018-01-30 13:30:00,10875.93,10883.98,10615.0,10637.95,868.707891
2018-01-30 13:45:00,10637.95,10712.29,10549.8,10620.76,751.324588
2018-01-30 14:00:00,10620.76,10688.0,10550.0,10620.92,336.672191
2018-01-30 14:15:00,10620.95,10663.74,10501.11,10613.46,413.906522
2018-01-30 14:30:00,10624.65,10689.99,10560.0,10599.0,303.037568
2018-01-30 14:45:00,10599.0,10638.0,10560.0,10565.03,323.82246
2018-01-30 15:00:00,10567.0,10621.97,10530.0,10531.95,199.534807
2018-01-30 15:15:00,10540.0,10569.03,10300.0,10357.84,863.095766
2018-01-30 15:30:00,10357.81,10450.0,10206.25,10249.99,934.548458
2018-01-30 15:45:00,10249.99,10367.96,10210.0,10323.02,413.492519
2018-01-30 16:00:00,10323.25,10509.22,10300.0,10400.0,504.415811
2018-01-30 16:15:00,10399.99,10460.96,10322.0,10448.16,306.128629
2018-01-30 16:30:00,10448.16,10515.06,10380.21,10410.0,249.928013
2018-01-30 16:45:00,10410.0,10440.26,10360.66,10435.97,145.398208
2018-01-30 17:00:00,10424.96,10503.76,10400.1,10465.0,160.5755
2018-01-30 17:15:00,10465.0,10515.06,10427.0,10509.01,171.771312
2018-01-30 17:30:00,10510.0,10521.78,10432.56,10444.88,180.27416
2018-01-30 17:45:00,10444.88,10478.72,10220.0,10235.0,378.02717
2018-01-30 18:00:00,10235.0,10256.51,10015.0,10020.4,817.432183
2018-01-30 18:15:00,10024.33,10140.0,9910.0,10035.08,1351.416694
2018-01-30 18:30:00,10035.08,10200.0,9900.0,9900.0,861.518523
2018-01-30 18:45:00,9900.0,10145.19,9900.0,10073.79,658.087693
2018-01-30 19:00:00,10090.0,10097.0,9940.0,10026.88,552.710941
2018-01-30 19:15:00,10026.93,10432.0,10010.0,10338.81,791.491929
2018-01-30 19:30:00,10334.75,10600.0,10210.21,10350.0,799.379792
2018-01-30 19:45:00,10350.0,10475.0,10325.0,10399.99,368.890707
2018-01-30 20:00:00,10380.0,10399.99,10243.08,10350.42,398.619127
2018-01-30 20:15:00,10350.41,10384.0,10166.0,10201.37,315.111935
2018-01-30 20:30:00,10200.02,10345.0,10174.58,10290.0,267.140732
2018-01-30 20:45:00,10295.96,10341.22,10170.0,10174.21,277.625612
2018-01-30 21:00:00,10174.21,10345.0,10150.0,10331.38,351.812345
2018-01-30 21:15:00,10328.36,10418.0,10253.0,10391.04,352.917899
2018-01-30 21:30:00,10402.33,10409.99,10285.0,10315.0,355.640886
2018-01-30 21:45:00,10310.12,10360.0,10254.88,10340.0,286.118031
2018-01-30 22:00:00,10335.03,10476.19,10316.18,10454.99,238.112749
2018-01-30 22:15:00,10450.07,10550.0,10425.03,10542.07,266.484378
2018-01-30 22:30:00,10542.07,10565.84,10480.0,10494.35,282.802239
2018-01-30 22:45:00,10493.99,10509.54,10355.0,10376.12,389.746545
2018-01-30 23:00:00,10376.38,10399.88,10301.0,10340.0,275.824324
2018-01-30 23:15:00,10344.47,10350.03,10201.1,10267.7,236.650172
2018-01-30 23:30:00,10267.7,10300.0,10213.0,10234.95,111.833084
2018-01-30 23:45:00,10226.13,10267.85,10095.31,10237.51,331.466288
2018-01-31 00:00:00,10230.0,10237.51,10079.0,10099.0,296.643234
2018-01-31 00:15:00,10099.0,10236.21,10085.96,10185.0,198.459035
2018-01-31 00:30:00,10185.0,10199.93,9930.0,9931.0,541.813738
2018-01-31 00:45:00,9930.01,9999.0,9768.0,9829.99,850.01996
2018-01-31 01:00:00,9829.99,10030.0,9700.0,9986.0,947.648994
2018-01-31 01:15:00,9982.92,10050.0,9788.0,9935.0,576.929902
2018-01-31 01:30:00,9935.0,9955.49,9790.01,9955.49,396.412627
2018-01-31 01:45:00,9952.74,10080.0,9910.1,9967.48,420.113387
2018-01-31 02:00:00,9967.47,10187.47,9932.46,10055.53,369.839988
2018-01-31 02:15:00,10059.97,10103.37,9972.35,10055.56,224.298719
2018-01-31 02:30:00,10056.0,10140.0,10000.0,10138.78,220.907229
2018-01-31 02:45:00,10138.76,10278.0,10113.62,10229.84,347.728964
2018-01-31 03:00:00,10229.77,10233.99,10126.0,10177.83,245.389844
2018-01-31 03:15:00,10177.83,10185.4,9967.0,9985.07,343.636945
2018-01-31 03:30:00,9977.0,10105.39,9976.12,10066.63,164.439183
2018-01-31 03:45:00,10066.59,10134.01,10050.0,10060.0,166.770037
2018-01-31 04:00:00,10069.96,10089.59,9980.0,10000.0,160.544583
2018-01-31 04:15:00,10000.0,10030.0,9901.0,9955.7,225.167835
2018-01-31 04:30:00,9956.0,10028.6,9888.0,10003.0,185.265075
2018-01-31 04:45:00,10005.0,10021.65,9933.02,9983.76,111.378508
2018-01-31 05:00:00,9985.0,10003.53,9958.0,9975.34,93.923595
2018-01-31 05:15:00,9975.65,9988.0,9810.0,9876.97,270.717004
2018-01-31 05:30:00,9876.97,10177.99,9862.33,10030.79,378.879388
2018-01-31 05:45:00,10030.79,10149.91,10014.0,10097.25,265.086538
2018-01-31 06:00:00,10080.04,10195.0,10078.47,10160.53,227.588168
2018-01-31 06:15:00,10150.35,10190.59,10060.01,10120.49,176.124095
2018-01-31 06:30:00,10120.52,10330.0,10120.49,10280.19,266.770171
2018-01-31 06:45:00,10280.18,10300.0,10200.0,10244.77,193.374529
2018-01-31 07:00:00,10244.77,10275.0,10195.0,10274.99,131.675557
2018-01-31 07:15:00,10270.0,10347.52,10264.86,10269.02,140.758339
2018-01-31 07:30:00,10269.02,10279.98,10195.0,10250.13,127.44512
2018-01-31 07:45:00,10250.13,10334.59,10249.87,10280.0,100.335228
2018-01-31 08:00:00,10280.0,10348.99,10270.0,10287.0,162.470417
2018-01-31 08:15:00,10281.01,10297.0,10247.0,10288.0,104.248546
2018-01-31 08:30:00,10288.38,10344.99,10195.0,10245.86,166.174877
2018-01-31 08:45:00,10240.99,10245.9,10147.55,10239.66,98.569776
2018-01-31 09:00:00,10239.64,10269.99,10156.01,10177.78,100.548364
2018-01-31 09:15:00,10177.88,10194.54,10105.0,10131.0,216.103839
2018-01-31 09:30:00,10131.01,10201.28,10060.0,10180.25,283.186089
2018-01-31 09:45:00,10180.12,10241.57,10120.37,10190.49,163.949138
2018-01-31 10:00:00,10190.51,10284.47,10188.39,10229.08,163.510855
2018-01-31 10:15:00,10235.49,10263.01,10146.49,10249.27,210.222141
2018-01-31 10:30:00,10249.27,10299.98,10194.94,10231.0,180.698416
2018-01-31 10:45:00,10238.98,10271.57,10199.72,10264.46,108.227896
2018-01-31 11:00:00,10244.31,10268.83,10150.0,10199.36,149.245114
2018-01-31 11:15:00,10199.17,10247.13,10160.0,10200.59,98.808753
2018-01-31 11:30:00,10200.59,10350.0,10165.99,10350.0,296.371631
2018-01-31 11:45:00,10350.0,10363.0,10270.0,10290.05,224.006222
2018-01-31 12:00:00,10294.97,10330.0,10283.98,10285.0,125.566346
2018-01-31 12:15:00,10287.01,10332.78,10285.0,10332.45,103.22344
2018-01-31 12:30:00,10332.45,10370.0,10318.28,10355.82,133.631038
2018-01-31 12:45:00,10355.81,10420.0,10330.0,10383.74,148.684075
2018-01-31 13:00:00,10380.02,10387.97,10315.08,10340.0,144.772793
2018-01-31 13:15:00,10340.0,10425.85,10300.0,10315.0,125.729805
2018-01-31 13:30:00,10326.34,10340.0,10175.0,10230.55,195.322115
2018-01-31 13:45:00,10230.55,10252.65,10100.0,10140.0,209.539033
2018-01-31 14:00:00,10139.99,10213.13,10121.0,10179.0,111.659268
2018-01-31 14:15:00,10179.0,10235.0,10100.0,10111.29,140.966445
2018-01-31 14:30:00,10111.29,10165.0,10010.0,10023.98,177.693446
2018-01-31 14:45:00,10018.97,10060.0,9900.0,10015.0,454.684938
2018-01-31 15:00:00,9987.56,10073.7,9956.94,10001.45,217.934367
2018-01-31 15:15:00,10023.06,10052.61,9953.0,10028.87,181.295217
2018-01-31 15:30:00,10040.0,10098.0,10000.0,10025.83,149.469421
2018-01-31 15:45:00,10025.61,10050.0,9960.01,10017.47,155.741472
2018-01-31 16:00:00,10017.51,10029.95,9860.0,9914.99,220.113848
2018-01-31 16:15:00,9921.38,9966.01,9861.01,9962.43,240.514553
2018-01-31 16:30:00,9941.04,10050.0,9940.46,10018.53,198.152292
2018-01-31 16:45:00,10021.15,10100.0,9980.36,10072.58,112.183897
2018-01-31 17:00:00,10072.58,10100.0,10032.95,10045.05,112.05782
2018-01-31 17:15:00,10045.05,10140.0,10040.0,10118.66,89.40845
2018-01-31 17:30:00,10138.32,10190.0,10100.0,10134.0,102.506235
2018-01-31 17:45:00,10133.94,10143.76,10021.26,10044.35,108.879694
2018-01-31 18:00:00,10044.35,10130.0,10025.98,10084.98,96.744925
2018-01-31 18:15:00,10074.83,10150.0,10060.0,10099.89,71.110974
2018-01-31 18:30:00,10094.54,10172.57,10060.01,10093.42,144.085708
2018-01-31 18:45:00,10093.42,10104.42,10025.98,10054.11,74.483408
2018-01-31 19:00:00,10061.19,10098.89,10023.0,10065.29,69.195405
2018-01-31 19:15:00,10064.0,10074.99,10005.0,10051.1,49.02704
2018-01-31 19:30:00,10052.0,10125.0,10041.0,10072.68,79.408067
2018-01-31 19:45:00,10073.05,10141.41,10059.71,10114.27,117.936671
2018-01-31 20:00:00,10114.36,10174.19,10090.0,10147.62,194.625816
2018-01-31 20:15:00,10147.62,10187.02,10101.0,10160.0,95.093921
2018-01-31 20:30:00,10160.0,10180.01,10115.96,10145.0,45.252155
2018-01-31 20:45:00,10145.0,10199.0,10137.04,10185.58,53.919113
2018-01-31 21:00:00,10185.58,10199.0,10119.0,10135.75,71.083329
2018-01-31 21:15:00,10136.0,10150.0,10090.0,10118.81,63.128503
2018-01-31 21:30:00,10120.03,10152.0,10115.4,10135.0,69.149248
2018-01-31 21:45:00,10135.04,10140.09,10116.0,10120.02,51.393485
2018-01-31 22:00:00,10130.39,10165.0,10117.03,10136.0,49.582843
2018-01-31 22:15:00,10135.99,10180.01,10130.23,10160.99,71.967557
2018-01-31 22:30:00,10159.91,10227.99,10140.0,10196.38,158.388966
2018-01-31 22:45:00,10186.0,10196.29,10132.02,10172.88,49.313157
2018-01-31 23:00:00,10172.88,10190.0,10124.69,10165.69,53.494038
2018-01-31 23:15:00,10165.68,10220.0,10136.01,10198.98,57.433025
2018-01-31 23:30:00,10197.99,10227.99,10182.0,10226.21,62.594559
2018-01-31 23:45:00,10227.99,10298.0,10202.63,10285.1,115.387291
2018-02-01 00:00:00,10285.1,10320.03,10250.0,10301.14,194.171332
2018-02-01 00:15:00,10301.14,10335.0,10295.05,10328.98,145.451513
2018-02-01 00:30:00,10329.91,10330.0,10215.07,10243.05,168.708551
2018-02-01 00:45:00,10243.05,10290.0,10243.05,10263.18,86.109894
2018-02-01 01:00:00,10263.18,10282.94,10233.92,10261.97,113.128935
2018-02-01 01:15:00,10272.72,10320.89,10262.0,10311.0,146.30694
2018-02-01 01:30:00,10311.0,10328.98,10236.0,10248.01,152.905202
2018-02-01 01:45:00,10244.62,10267.36,10216.0,10247.49,179.174648
2018-02-01 02:00:00,10249.43,10315.17,10245.03,10315.17,144.02324
2018-02-01 02:15:00,10300.85,10317.73,10275.98,10305.0,96.830946
2018-02-01 02:30:00,10305.0,10314.98,10259.3,10264.39,113.404826
2018-02-01 02:45:00,10264.49,10279.92,10176.89,10199.61,125.15355
2018-02-01 03:00:00,10199.61,10234.08,10181.27,10212.02,78.974868
2018-02-01 03:15:00,10212.03,10250.79,10143.01,10143.29,107.012832
2018-02-01 03:30:00,10143.29,10149.5,9959.04,10050.01,393.007001
2018-02-01 03:45:00,10054.89,10094.99,10025.27,10069.8,160.440608
2018-02-01 04:00:00,10069.77,10140.06,10000.01,10119.83,168.514532
2018-02-01 04:15:00,10119.83,10154.99,10054.57,10088.7,150.202158
2018-02-01 04:30:00,10091.89,10189.96,10052.0,10153.82,154.310536
2018-02-01 04:45:00,10153.82,10256.0,10140.01,10245.79,176.912628
2018-02-01 05:00:00,10245.0,10257.52,10195.39,10220.0,90.011555
2018-02-01 05:15:00,10220.0,10237.01,10193.45,10233.0,88.219766
2018-02-01 05:30:00,10233.0,10275.47,10211.98,10256.76,122.516232
2018-02-01 05:45:00,10257.01,10271.87,10201.0,10238.0,86.926513
2018-02-01 06:00:00,10230.12,10230.12,10130.0,10158.43,109.104737
2018-02-01 06:15:00,10158.69,10235.94,10125.9,10141.87,154.885126
2018-02-01 06:30:00,10141.87,10189.96,10125.9,10151.54,86.017029
2018-02-01 06:45:00,10169.68,10169.68,10080.33,10092.14,97.452275
2018-02-01 07:00:00,10092.14,10140.0,10085.0,10127.15,107.858954
2018-02-01 07:15:00,10125.0,10140.71,10090.0,10113.67,57.95334
2018-02-01 07:30:00,10113.7,10191.73,10093.7,10132.09,134.730875
2018-02-01 07:45:00,10132.08,10132.08,10057.3,10063.75,95.763439
2018-02-01 08:00:00,10063.75,10078.1,9915.0,9955.1,455.28739
2018-02-01 08:15:00,9960.0,10028.07,9900.39,9910.0,384.59449
2018-02-01 08:30:00,9910.0,9930.0,9720.0,9835.0,778.436976
2018-02-01 08:45:00,9835.0,9940.31,9774.5,9940.31,414.684615
2018-02-01 09:00:00,9947.99,9964.91,9820.0,9856.77,284.985247
2018-02-01 09:15:00,9869.99,9899.0,9801.02,9850.07,284.008127
2018-02-01 09:30:00,9851.0,9920.0,9670.0,9685.24,480.199856
2018-02-01 09:45:00,9689.0,9737.99,9554.0,9576.1,802.585416
2018-02-01 10:00:00,9589.92,9679.0,9560.0,9560.11,604.909626
2018-02-01 10:15:00,9579.9,9626.96,9501.0,9523.21,606.874485
2018-02-01 10:30:00,9523.21,9676.66,9506.4,9673.73,495.916625
2018-02-01 10:45:00,9669.86,9676.44,9501.9,9501.9,439.862125
2018-02-01 11:00:00,9502.95,9600.97,9500.0,9552.74,508.619665
2018-02-01 11:15:00,9545.74,9650.0,9535.64,9640.0,272.341478
2018-02-01 11:30:00,9630.0,9725.0,9619.03,9640.28,405.212656
2018-02-01 11:45:00,9640.01,9708.82,9587.65,9591.44,186.277904
2018-02-01 12:00:00,9591.45,9665.58,9570.01,9580.0,225.395762
2018-02-01 12:15:00,9579.01,9580.0,9360.0,9379.04,606.844846
2018-02-01 12:30:00,9380.0,9455.25,9320.0,9389.97,590.675472
2018-02-01 12:45:00,9389.97,9529.15,9379.06,9480.0,355.225842
2018-02-01 13:00:00,9474.0,9490.0,9384.0,9400.05,280.81853
2018-02-01 13:15:00,9422.9,9443.45,9300.0,9400.0,543.198737
2018-02-01 13:30:00,9399.99,9399.99,9250.0,9330.91,531.197741
2018-02-01 13:45:00,9330.17,9355.0,9224.0,9294.95,568.515453
2018-02-01 14:00:00,9295.58,9436.12,9294.96,9384.53,481.194714
2018-02-01 14:15:00,9384.53,9529.29,9340.0,9445.16,473.986255
2018-02-01 14:30:00,9445.16,9580.0,9440.03,9534.99,428.47312
2018-02-01 14:45:00,9525.0,9544.9,9380.0,9430.15,370.368859
2018-02-01 15:00:00,9430.15,9480.0,9383.38,9460.0,217.79239
2018-02-01 15:15:00,9451.2,9460.0,9362.0,9371.16,266.769929
2018-02-01 15:30:00,9371.16,9448.7,9356.0,9356.0,176.657574
2018-02-01 15:45:00,9362.72,9399.91,9240.01,9339.87,495.539415
2018-02-01 16:00:00,9326.23,9340.0,9195.89,9217.0,487.476964
2018-02-01 16:15:00,9208.09,9275.0,9130.0,9145.0,652.169234
2018-02-01 16:30:00,9144.98,9257.4,9020.0,9184.99,1028.146331
2018-02-01 16:45:00,9184.98,9270.0,9011.51,9066.66,770.943401
2018-02-01 17:00:00,9058.78,9156.98,9040.0,9106.22,490.060336
2018-02-01 17:15:00,9115.39,9135.0,9050.0,9113.48,308.526209
2018-02-01 17:30:00,9113.48,9191.3,9072.64,9145.95,540.536194
2018-02-01 17:45:00,9145.95,9189.88,9100.0,9102.33,233.939919
2018-02-01 18:00:00,9102.33,9199.0,9100.01,9190.0,229.219194
2018-02-01 18:15:00,9190.0,9203.88,9138.0,9140.05,234.660379
2018-02-01 18:30:00,9145.0,9171.71,9070.0,9136.18,278.246683
2018-02-01 18:45:00,9144.25,9185.0,9110.0,9130.03,122.887622
2018-02-01 19:00:00,9130.3,9140.0,9081.99,9100.0,190.312617
2018-02-01 19:15:00,9100.0,9125.7,9000.0,9035.7,697.005747
2018-02-01 19:30:00,9035.7,9065.76,8905.0,8961.64,607.386549
2018-02-01 19:45:00,8961.64,8990.68,8900.0,8941.94,533.44771
2018-02-01 20:00:00,8937.86,8960.69,8810.0,8820.0,624.17803
2018-02-01 20:15:00,8819.99,9242.0,8750.99,9230.0,1147.804482
2018-02-01 20:30:00,9238.99,9294.0,9010.0,9243.65,888.392422
2018-02-01 20:45:00,9243.66,9463.0,9141.99,9399.96,942.4433
2018-02-01 21:00:00,9399.92,9399.94,9203.0,9265.0,532.992174
2018-02-01 21:15:00,9269.78,9428.0,9258.45,9358.44,530.092861
2018-02-01 21:30:00,9355.24,9560.01,9343.98,9532.21,545.906031
2018-02-01 21:45:00,9513.03,9530.68,9315.51,9355.89,510.281404
2018-02-01 22:00:00,9355.89,9448.0,9235.0,9340.74,509.194404
2018-02-01 22:15:00,9330.0,9380.0,9253.02,9304.0,202.914905
2018-02-01 22:30:00,9304.0,9369.51,9200.9,9228.96,226.72005
2018-02-01 22:45:00,9220.0,9247.4,9118.9,9120.0,316.528618
2018-02-01 23:00:00,9119.98,9280.0,9100.0,9185.13,316.119193
2018-02-01 23:15:00,9185.13,9349.15,9155.0,9341.4,244.492144
2018-02-01 23:30:00,9330.02,9343.03,9217.06,9342.85,141.667541
2018-02-01 23:45:00,9337.08,9344.99,9201.98,9224.52,176.435762
2018-02-02 00:00:00,9224.52,9250.0,9050.0,9053.02,337.301207
2018-02-02 00:15:00,9053.02,9120.0,8929.81,8949.52,581.430404
2018-02-02 00:30:00,8974.96,9044.0,8875.68,8964.29,455.475075
2018-02-02 00:45:00,8964.29,8979.37,8834.6,8860.03,500.152695
2018-02-02 01:00:00,8879.96,9000.0,8780.0,8969.88,689.304488
2018-02-02 01:15:00,8957.46,8988.38,8823.0,8839.24,338.171404
2018-02-02 01:30:00,8830.0,8846.15,8734.0,8779.56,456.633682
2018-02-02 01:45:00,8779.57,8876.6,8751.0,8765.07,319.701199
2018-02-02 02:00:00,8768.28,8921.79,8760.03,8875.1,305.064152
2018-02-02 02:15:00,8875.1,8880.0,8760.29,8800.0,224.255023
2018-02-02 02:30:00,8799.99,8840.02,8750.01,8799.71,273.295733
2018-02-02 02:45:00,8809.84,9099.85,8790.49,9089.3,360.017471
2018-02-02 03:00:00,9089.3,9089.32,8869.51,8958.28,358.308897
2018-02-02 03:15:00,8958.28,9067.99,8936.0,9017.82,319.580594
2018-02-02 03:30:00,9000.88,9120.0,9000.0,9000.0,295.531931
2018-02-02 03:45:00,9000.0,9012.62,8823.97,8883.11,335.518315
2018-02-02 04:00:00,8878.59,8925.0,8765.43,8840.0,308.817462
2018-02-02 04:15:00,8840.0,8888.0,8751.0,8769.64,224.75865
2018-02-02 04:30:00,8757.27,8827.3,8750.0,8801.0,344.116931
2018-02-02 04:45:00,8810.76,8855.11,8752.9,8855.11,188.825904
2018-02-02 05:00:00,8840.02,8870.34,8752.11,8830.08,240.190268
2018-02-02 05:15:00,8840.0,8864.96,8766.66,8800.0,209.304111
2018-02-02 05:30:00,8800.0,8818.0,8758.84,8783.52,280.440219
2018-02-02 05:45:00,8763.05,8838.0,8750.0,8779.02,260.815154
2018-02-02 06:00:00,8793.49,8820.0,8654.0,8660.0,851.141158
2018-02-02 06:15:00,8660.0,8745.0,8601.0,8616.96,697.844759
2018-02-02 06:30:00,8616.96,8685.2,8505.0,8628.72,842.579813
2018-02-02 06:45:00,8628.72,8797.12,8541.54,8726.67,618.394941
2018-02-02 07:00:00,8749.31,8889.0,8688.34,8857.9,569.000968
2018-02-02 07:15:00,8840.12,8859.0,8656.0,8701.92,306.62998
2018-02-02 07:30:00,8718.92,8748.92,8656.86,8747.11,233.885736
2018-02-02 07:45:00,8748.91,8796.0,8630.4,8673.11,319.80399
2018-02-02 08:00:00,8673.11,8691.09,8540.01,8605.64,432.016251
2018-02-02 08:15:00,8605.64,8641.62,8510.2,8529.99,409.73609
2018-02-02 08:30:00,8529.99,8570.0,8440.51,8484.7,722.181596
2018-02-02 08:45:00,8484.7,8535.0,8456.01,8506.48,396.928547
2018-02-02 09:00:00,8506.47,8522.0,8355.0,8379.11,601.028964
2018-02-02 09:15:00,8379.11,8588.17,8281.0,8479.36,1088.435267
2018-02-02 09:30:00,8479.36,8535.0,8417.89,8511.97,428.975117
2018-02-02 09:45:00,8511.97,8650.0,8505.0,8563.62,423.659105
2018-02-02 10:00:00,8551.81,8560.65,8380.0,8435.01,311.157992
2018-02-02 10:15:00,8433.25,8437.2,8341.41,8348.0,251.138173
2018-02-02 10:30:00,8342.0,8430.07,8340.01,8369.95,279.101204
2018-02-02 10:45:00,8369.95,8462.78,8333.79,8337.21,226.055223
2018-02-02 11:00:00,8337.21,8425.0,8303.99,8375.01,329.547155
2018-02-02 11:15:00,8375.01,8400.63,8301.24,8302.0,260.690459
2018-02-02 11:30:00,8302.0,8350.0,8251.04,8251.04,509.080942
2018-02-02 11:45:00,8251.04,8381.93,8250.92,8299.75,905.778238
2018-02-02 12:00:00,8299.75,8313.43,8200.0,8200.0,505.865709
2018-02-02 12:15:00,8200.02,8228.21,8100.0,8100.0,1048.014062
2018-02-02 12:30:00,8100.99,8200.0,8040.0,8040.0,1174.352684
2018-02-02 12:45:00,8041.01,8650.0,8010.02,8464.75,1762.57831
2018-02-02 13:00:00,8482.1,8880.08,8430.03,8620.0,2155.484915
2018-02-02 13:15:00,8620.0,8799.5,8432.46,8799.5,1227.463193
2018-02-02 13:30:00,8780.0,8840.0,8581.02,8680.11,1253.8453
2018-02-02 13:45:00,8693.01,8878.06,8600.04,8878.06,1259.628452
2018-02-02 14:00:00,8879.41,9120.0,8766.0,8992.5,1527.028415
2018-02-02 14:15:00,8999.98,8999.99,8612.0,8749.98,1669.329181
2018-02-02 14:30:00,8739.46,8850.0,8534.66,8700.0,1197.218294
2018-02-02 14:45:00,8700.0,8868.82,8631.0,8749.99,811.644146
2018-02-02 15:00:00,8749.99,8795.0,8666.03,8738.01,579.642614
2018-02-02 15:15:00,8722.0,8839.99,8710.02,8830.0,480.028762
2018-02-02 15:30:00,8815.06,8979.0,8760.73,8933.07,614.704749
2018-02-02 15:45:00,8948.0,9094.8,8919.0,9070.0,685.964588
2018-02-02 16:00:00,9070.0,9199.0,8844.05,8885.0,854.241566
2018-02-02 16:15:00,8873.09,9047.64,8869.0,8999.98,555.864532
2018-02-02 16:30:00,8999.96,9100.0,8990.42,9099.99,413.901626
2018-02-02 16:45:00,9099.99,9210.0,9059.09,9180.0,612.828879
2018-02-02 17:00:00,9180.0,9247.79,8888.01,8950.0,762.21881
2018-02-02 17:15:00,8942.04,9049.99,8750.06,8770.0,526.968399
2018-02-02 17:30:00,8775.59,8939.0,8750.0,8777.04,432.433127
2018-02-02 17:45:00,8795.89,8869.99,8650.02,8706.65,563.411368
2018-02-02 18:00:00,8706.73,8895.99,8700.01,8737.01,385.177722
2018-02-02 18:15:00,8737.01,8810.0,8636.0,8649.99,397.678883
2018-02-02 18:30:00,8649.99,8801.21,8649.98,8731.86,330.400721
2018-02-02 18:45:00,8730.0,8770.0,8583.0,8647.91,484.454336
2018-02-02 19:00:00,8647.91,8654.96,8501.0,8574.32,575.973006
2018-02-02 19:15:00,8574.32,8674.99,8530.0,8578.0,483.221223
2018-02-02 19:30:00,8578.59,8797.0,8578.0,8765.77,448.241275
2018-02-02 19:45:00,8764.99,8765.0,8640.03,8699.72,291.44758
2018-02-02 20:00:00,8700.0,8827.0,8680.0,8791.16,209.813334
2018-02-02 20:15:00,8791.16,8869.98,8730.07,8771.61,271.588639
2018-02-02 20:30:00,8760.06,8845.0,8670.0,8685.29,292.646014
2018-02-02 20:45:00,8685.29,8750.0,8612.0,8668.0,333.667494
2018-02-02 21:00:00,8662.0,8673.41,8556.93,8600.02,241.157728
2018-02-02 21:15:00,8600.0,8725.0,8588.0,8657.25,180.282353
2018-02-02 21:30:00,8638.08,8716.85,8638.08,8674.15,153.608776
2018-02-02 21:45:00,8682.81,8720.01,8600.0,8618.9,176.773085
2018-02-02 22:00:00,8615.2,8665.92,8575.07,8660.92,228.913765
2018-02-02 22:15:00,8660.92,8859.99,8651.0,8791.34,315.587809
2018-02-02 22:30:00,8782.15,8869.0,8760.0,8768.07,241.657697
2018-02-02 22:45:00,8779.99,8830.0,8761.03,8824.87,145.538422
2018-02-02 23:00:00,8824.99,8960.9,8824.87,8920.01,323.839647
2018-02-02 23:15:00,8920.01,8967.45,8858.9,8930.59,194.931018
2018-02-02 23:30:00,8930.59,8948.0,8789.89,8790.07,192.830097
2018-02-02 23:45:00,8799.97,8924.0,8770.0,8873.03,175.732033
2018-02-03 00:00:00,8873.03,8920.0,8773.0,8800.0,228.810015
2018-02-03 00:15:00,8800.0,8861.69,8730.0,8850.0,195.708322
2018-02-03 00:30:00,8850.0,8888.35,8826.0,8836.01,93.146444
2018-02-03 00:45:00,8836.0,8849.17,8786.02,8826.0,210.584629
2018-02-03 01:00:00,8834.99,8835.0,8679.21,8708.45,284.96558
2018-02-03 01:15:00,8699.94,8729.98,8601.0,8613.07,326.68399
2018-02-03 01:30:00,8613.07,8660.0,8601.0,8623.79,203.179949
2018-02-03 01:45:00,8623.75,8662.41,8569.21,8643.0,381.869858
2018-02-03 02:00:00,8650.01,8710.25,8609.08,8699.91,194.331134
2018-02-03 02:15:00,8688.97,8689.03,8603.0,8679.99,220.680165
2018-02-03 02:30:00,8679.99,8709.97,8637.59,8689.71,124.752501
2018-02-03 02:45:00,8672.38,8687.94,8526.0,8550.65,167.140588
2018-02-03 03:00:00,8550.65,8550.68,8301.0,8316.15,905.660689
2018-02-03 03:15:00,8316.15,8400.0,8300.01,8399.99,536.820427
2018-02-03 03:30:00,8399.35,8430.0,8234.97,8240.0,503.317258
2018-02-03 03:45:00,8240.0,8378.15,8233.0,8344.81,480.877494
2018-02-03 04:00:00,8344.88,8346.82,8229.0,8323.71,332.003059
2018-02-03 04:15:00,8319.79,8482.5,8309.46,8455.0,401.459641
2018-02-03 04:30:00,8456.92,8549.99,8424.17,8522.71,398.784287
2018-02-03 04:45:00,8516.0,8520.0,8398.29,8464.48,266.750536
2018-02-03 05:00:00,8463.74,8505.38,8331.0,8379.94,227.579292
2018-02-03 05:15:00,8378.99,8486.91,8350.0,8469.0,342.763038
2018-02-03 05:30:00,8468.99,8469.69,8351.01,8382.0,177.713416
2018-02-03 05:45:00,8380.03,8571.0,8361.34,8516.3,226.592857
2018-02-03 06:00:00,8519.84,8586.53,8450.63,8461.36,174.521063
2018-02-03 06:15:00,8461.35,8600.0,8450.67,8582.01,144.112359
2018-02-03 06:30:00,8595.5,8658.82,8499.76,8640.11,289.947641
2018-02-03 06:45:00,8648.12,8771.95,8631.99,8715.0,321.886612
2018-02-03 07:00:00,8714.95,8788.0,8640.01,8679.94,302.957721
2018-02-03 07:15:00,8679.98,8719.96,8630.77,8658.71,199.043935
2018-02-03 07:30:00,8658.71,8719.0,8631.1,8685.0,178.034632
2018-02-03 07:45:00,8685.0,8747.13,8675.22,8708.82,174.180109
2018-02-03 08:00:00,8708.82,8713.61,8580.0,8598.42,193.833924
2018-02-03 08:15:00,8615.58,8750.0,8579.0,8749.0,331.309083
2018-02-03 08:30:00,8749.0,8910.0,8720.0,8871.01,590.099761
2018-02-03 08:45:00,8872.0,8989.0,8819.07,8934.0,370.49825
2018-02-03 09:00:00,8934.06,9048.99,8905.19,8919.0,524.906258
2018-02-03 09:15:00,8919.0,8955.95,8863.92,8870.0,262.341411
2018-02-03 09:30:00,8878.96,8981.97,8878.92,8912.19,223.232248
2018-02-03 09:45:00,8912.24,8955.0,8878.23,8928.89,151.534361
2018-02-03 10:00:00,8928.0,8928.0,8825.0,8830.45,279.185754
2018-02-03 10:15:00,8825.03,8850.73,8729.68,8826.25,417.943963
2018-02-03 10:30:00,8826.21,8860.0,8750.8,8850.0,174.726194
2018-02-03 10:45:00,8844.0,8889.27,8800.0,8830.01,257.366112
2018-02-03 11:00:00,8830.01,8872.0,8765.82,8871.97,220.294602
2018-02-03 11:15:00,8871.97,8995.77,8854.52,8967.51,308.498233
2018-02-03 11:30:00,8944.29,9047.98,8944.28,9025.14,351.870786
2018-02-03 11:45:00,9033.94,9123.0,8960.0,9099.87,439.083174
2018-02-03 12:00:00,9099.87,9148.9,9000.0,9065.81,453.908352
2018-02-03 12:15:00,9065.82,9076.11,8970.0,9000.04,240.087623
2018-02-03 12:30:00,9000.05,9060.0,8969.0,9050.03,226.36457
2018-02-03 12:45:00,9050.03,9120.0,9050.0,9056.89,241.246288
2018-02-03 13:00:00,9077.37,9078.97,8969.0,8978.57,211.718275
2018-02-03 13:15:00,8969.04,9099.0,8969.0,9074.99,241.799919
2018-02-03 13:30:00,9074.99,9288.85,9040.0,9267.01,756.720302
2018-02-03 13:45:00,9278.15,9288.08,9205.0,9260.0,446.167399
2018-02-03 14:00:00,9247.92,9389.79,9180.89,9386.82,489.285985
2018-02-03 14:15:00,9380.0,9430.0,9270.0,9345.0,720.278378
2018-02-03 14:30:00,9344.97,9420.0,9280.0,9371.99,372.174669
2018-02-03 14:45:00,9370.0,9384.4,9315.02,9348.0,285.602971
2018-02-03 15:00:00,9348.0,9459.6,9344.28,9435.0,555.966832
2018-02-03 15:15:00,9435.0,9449.0,9191.94,9245.01,748.130994
2018-02-03 15:30:00,9245.01,9314.98,9215.0,9251.0,437.153523
2018-02-03 15:45:00,9251.0,9278.24,9100.0,9173.0,640.33426
2018-02-03 16:00:00,9173.01,9258.93,9055.0,9055.0,522.259978
2018-02-03 16:15:00,9055.0,9200.0,9055.0,9150.7,443.865732
2018-02-03 16:30:00,9150.7,9304.82,9141.63,9244.54,317.782026
2018-02-03 16:45:00,9240.01,9327.19,9186.37,9325.0,228.399539
2018-02-03 17:00:00,9325.0,9349.89,9257.96,9260.0,231.606035
2018-02-03 17:15:00,9260.0,9329.56,9212.0,9311.0,251.281403
2018-02-03 17:30:00,9311.0,9330.0,9244.54,9284.82,155.65046
2018-02-03 17:45:00,9284.83,9285.0,9172.01,9211.31,242.036985
2018-02-03 18:00:00,9203.0,9280.0,9150.0,9219.39,280.084955
2018-02-03 18:15:00,9229.97,9260.0,9180.0,9195.95,184.867731
2018-02-03 18:30:00,9195.95,9310.0,9184.06,9277.19,136.358844
2018-02-03 18:45:00,9277.19,9401.0,9265.0,9399.0,234.791362
2018-02-03 19:00:00,9400.0,9400.0,9348.03,9376.0,230.348076
2018-02-03 19:15:00,9372.0,9390.0,9311.8,9349.43,189.604879
2018-02-03 19:30:00,9367.99,9389.55,9279.0,9304.99,173.437761
2018-02-03 19:45:00,9304.64,9360.0,9290.0,9339.43,183.491254
2018-02-03 20:00:00,9350.0,9399.99,9325.0,9395.99,126.116915
2018-02-03 20:15:00,9395.2,9473.01,9359.0,9368.34,264.593249
2018-02-03 20:30:00,9360.0,9401.04,9310.0,9393.99,211.384457
2018-02-03 20:45:00,9393.99,9400.0,9260.0,9298.75,283.609576
2018-02-03 21:00:00,9298.68,9298.92,9175.0,9175.0,273.865379
2018-02-03 21:15:00,9175.0,9235.0,9155.0,9220.0,245.771421
2018-02-03 21:30:00,9224.89,9278.47,9171.0,9188.0,132.599991
2018-02-03 21:45:00,9188.0,9213.0,9101.0,9154.96,246.714182
2018-02-03 22:00:00,9154.96,9193.55,9077.0,9078.0,216.925501
2018-02-03 22:15:00,9078.0,9166.02,9069.0,9129.98,279.044099
2018-02-03 22:30:00,9127.98,9178.0,9105.01,9156.7,126.562396
2018-02-03 22:45:00,9167.87,9167.87,9069.03,9080.49,128.908165
2018-02-03 23:00:00,9080.49,9089.95,9022.0,9036.0,211.661901
2018-02-03 23:15:00,9036.0,9150.0,9025.0,9056.99,179.017825
2018-02-03 23:30:00,9049.66,9114.41,9046.33,9084.99,169.92956
2018-02-03 23:45:00,9084.0,9218.98,9070.0,9199.96,241.905403
2018-02-04 00:00:00,9199.96,9209.98,9150.1,9199.99,164.992302
2018-02-04 00:15:00,9199.99,9225.0,9129.2,9137.02,122.860581
2018-02-04 00:30:00,9137.0,9152.0,9081.02,9081.12,150.56107
2018-02-04 00:45:00,9090.0,9090.02,9030.39,9057.26,182.205088
2018-02-04 01:00:00,9057.26,9116.99,9040.0,9107.0,154.96645
2018-02-04 01:15:00,9107.0,9120.39,9056.06,9089.03,106.736643
2018-02-04 01:30:00,9098.72,9108.78,9065.63,9095.88,90.509829
2018-02-04 01:45:00,9090.92,9095.88,8901.01,8920.0,447.538897
2018-02-04 02:00:00,8920.0,9018.2,8906.24,8991.44,250.872705
2018-02-04 02:15:00,8990.01,9076.39,8965.39,8965.39,189.447206
2018-02-04 02:30:00,8985.77,9097.0,8967.0,9089.0,180.334751
2018-02-04 02:45:00,9090.0,9095.89,9032.77,9081.18,102.770195
2018-02-04 03:00:00,9081.19,9175.0,9075.24,9130.7,186.895845
2018-02-04 03:15:00,9124.1,9230.78,9100.0,9226.0,207.888194
2018-02-04 03:30:00,9230.77,9250.0,9170.01,9244.0,167.194858
2018-02-04 03:45:00,9244.0,9249.99,9182.89,9219.18,104.524296
2018-02-04 04:00:00,9219.19,9248.0,9130.0,9130.0,169.407448
2018-02-04 04:15:00,9130.01,9205.15,9082.0,9090.0,206.357868
2018-02-04 04:30:00,9080.74,9169.11,9075.01,9145.85,129.044674
2018-02-04 04:45:00,9146.59,9175.73,9100.01,9104.47,103.086164
2018-02-04 05:00:00,9104.47,9162.74,9100.01,9149.0,112.552831
2018-02-04 05:15:00,9151.85,9220.0,9145.0,9218.98,144.471114
2018-02-04 05:30:00,9218.98,9220.03,9175.0,9219.95,115.003704
2018-02-04 05:45:00,9211.0,9260.42,9196.14,9260.42,154.023873
2018-02-04 06:00:00,9260.32,9350.0,9258.0,9295.09,293.001192
2018-02-04 06:15:00,9295.09,9358.0,9267.56,9350.0,223.917314
2018-02-04 06:30:00,9355.03,9368.0,9288.0,9312.0,135.656485
2018-02-04 06:45:00,9312.0,9318.98,9251.0,9270.08,117.969131
2018-02-04 07:00:00,9279.95,9330.0,9270.04,9306.23,106.855231
2018-02-04 07:15:00,9306.23,9311.43,9240.0,9244.45,114.540839
2018-02-04 07:30:00,9244.46,9262.0,9151.0,9186.93,200.043004
2018-02-04 07:45:00,9190.51,9220.02,9150.44,9200.0,105.149524
2018-02-04 08:00:00,9200.0,9216.0,9135.0,9141.82,95.815876
2018-02-04 08:15:00,9141.84,9163.13,9079.01,9087.06,221.882549
2018-02-04 08:30:00,9087.06,9130.06,9060.0,9118.01,153.515858
2018-02-04 08:45:00,9120.0,9140.84,9102.02,9110.0,125.465139
2018-02-04 09:00:00,9110.0,9110.0,8950.01,9007.0,545.481401
2018-02-04 09:15:00,9007.0,9047.62,8850.0,8909.69,548.203034
2018-02-04 09:30:00,8910.0,8924.24,8765.0,8798.74,733.559348
2018-02-04 09:45:00,8787.99,8848.98,8740.0,8829.99,508.689979
2018-02-04 10:00:00,8825.1,8839.77,8750.0,8806.15,297.965912
2018-02-04 10:15:00,8797.88,8806.27,8714.92,8760.0,334.930233
2018-02-04 10:30:00,8759.96,8882.8,8750.04,8831.0,299.49104
2018-02-04 10:45:00,8831.0,8862.0,8731.0,8849.97,303.07575
2018-02-04 11:00:00,8848.53,8999.0,8777.0,8965.54,372.748887
2018-02-04 11:15:00,8960.17,8980.01,8880.0,8928.25,227.934995
2018-02-04 11:30:00,8930.0,8998.99,8880.0,8894.07,207.192938
2018-02-04 11:45:00,8899.99,8910.75,8687.45,8691.99,346.647124
2018-02-04 12:00:00,8691.99,8691.99,8500.0,8557.0,1174.468385
2018-02-04 12:15:00,8557.98,8655.0,8426.01,8430.0,742.371889
2018-02-04 12:30:00,8430.0,8585.13,8419.0,8579.16,583.710081
2018-02-04 12:45:00,8575.91,8750.01,8555.0,8745.93,456.862002
2018-02-04 13:00:00,8745.93,8761.61,8657.0,8666.0,406.721144
2018-02-04 13:15:00,8672.97,8771.95,8555.0,8706.0,349.928766
2018-02-04 13:30:00,8722.73,8722.73,8600.0,8626.84,294.069812
2018-02-04 13:45:00,8618.01,8723.09,8606.36,8681.0,241.641648
2018-02-04 14:00:00,8681.15,8851.0,8680.84,8850.0,377.024071
2018-02-04 14:15:00,8839.86,8894.12,8754.0,8756.09,508.719602
2018-02-04 14:30:00,8756.11,8830.0,8751.09,8751.48,136.106426
2018-02-04 14:45:00,8751.48,8760.08,8604.25,8630.0,306.807588
2018-02-04 15:00:00,8630.0,8749.82,8622.01,8658.31,184.427186
2018-02-04 15:15:00,8673.77,8750.0,8451.0,8566.98,459.303792
2018-02-04 15:30:00,8566.97,8570.0,8357.93,8389.96,588.897009
2018-02-04 15:45:00,8383.0,8482.95,8365.04,8419.96,548.258984
2018-02-04 16:00:00,8419.96,8532.83,8355.88,8386.77,472.122291
2018-02-04 16:15:00,8386.77,8485.24,8300.0,8450.06,682.298603
2018-02-04 16:30:00,8476.38,8495.01,8373.48,8467.62,424.080667
2018-02-04 16:45:00,8441.29,8500.09,8370.02,8500.0,227.783558
2018-02-04 17:00:00,8500.0,8579.0,8440.01,8543.98,322.068486
2018-02-04 17:15:00,8543.98,8555.0,8471.68,8475.36,202.123856
2018-02-04 17:30:00,8487.98,8545.0,8400.0,8527.01,247.540551
2018-02-04 17:45:00,8527.01,8544.99,8450.0,8481.95,131.839017
2018-02-04 18:00:00,8474.68,8585.0,8474.68,8569.78,201.549714
2018-02-04 18:15:00,8568.97,8583.44,8400.0,8400.02,229.424729
2018-02-04 18:30:00,8400.02,8444.99,8300.69,8399.95,385.189394
2018-02-04 18:45:00,8399.94,8399.96,8300.0,8349.04,363.061609
2018-02-04 19:00:00,8359.99,8362.87,8260.0,8280.0,563.917162
2018-02-04 19:15:00,8291.75,8333.0,8188.0,8199.94,541.4615
2018-02-04 19:30:00,8188.01,8368.94,8180.0,8311.88,487.005151
2018-02-04 19:45:00,8311.89,8343.0,8222.0,8264.2,255.541737
2018-02-04 20:00:00,8264.19,8327.25,8032.01,8079.93,1271.778045
2018-02-04 20:15:00,8073.55,8138.84,8035.0,8050.0,607.333732
2018-02-04 20:30:00,8039.04,8172.0,7930.0,8121.66,1531.541661
2018-02-04 20:45:00,8138.63,8259.56,8022.63,8204.02,887.418815
2018-02-04 21:00:00,8217.0,8227.08,8057.0,8199.96,559.573223
2018-02-04 21:15:00,8199.88,8250.0,8162.09,8235.0,389.610665
2018-02-04 21:30:00,8240.0,8250.0,8152.0,8169.0,351.910583
2018-02-04 21:45:00,8170.0,8210.0,8056.45,8081.83,310.983235
2018-02-04 22:00:00,8081.82,8168.0,8060.11,8162.06,224.767024
2018-02-04 22:15:00,8167.91,8310.0,8140.12,8310.0,330.296088
2018-02-04 22:30:00,8310.0,8474.0,8300.0,8355.51,555.469616
2018-02-04 22:45:00,8356.0,8450.0,8285.1,8444.0,271.43823
2018-02-04 23:00:00,8444.25,8461.16,8320.75,8338.0,284.651912
2018-02-04 23:15:00,8338.0,8359.98,8211.91,8330.0,277.512663
2018-02-04 23:30:00,8329.91,8359.91,8263.67,8316.08,209.309114
2018-02-04 23:45:00,8325.9,8330.0,8125.12,8184.81,290.408064
2018-02-05 00:00:00,8179.99,8342.05,8165.03,8313.82,236.932622
2018-02-05 00:15:00,8313.81,8338.99,8220.0,8290.85,275.405635
2018-02-05 00:30:00,8293.65,8330.0,8239.81,8263.76,234.298366
2018-02-05 00:45:00,8264.06,8268.25,8220.0,8229.89,322.806724
2018-02-05 01:00:00,8220.88,8229.87,8100.0,8125.26,382.095463
2018-02-05 01:15:00,8125.26,8138.9,7980.0,8026.98,831.596115
2018-02-05 01:30:00,8029.11,8100.99,7971.08,8040.0,546.340197
2018-02-05 01:45:00,8040.0,8149.12,8006.13,8104.08,322.393601
2018-02-05 02:00:00,8104.07,8188.0,8050.0,8070.47,284.293898
2018-02-05 02:15:00,8054.04,8086.8,8012.0,8037.09,293.629806
2018-02-05 02:30:00,8037.08,8043.44,7910.0,8016.69,676.441157
2018-02-05 02:45:00,8011.25,8084.99,7949.86,8038.62,364.643497
2018-02-05 03:00:00,8047.07,8250.0,8032.4,8190.01,568.958194
2018-02-05 03:15:00,8180.07,8249.99,8103.46,8209.03,333.795857
2018-02-05 03:30:00,8213.55,8221.71,8141.76,8165.01,266.45417
2018-02-05 03:45:00,8165.02,8180.25,8070.29,8137.23,287.582172
2018-02-05 04:00:00,8148.83,8148.83,8000.21,8078.08,257.738221
2018-02-05 04:15:00,8089.08,8182.89,8050.0,8118.24,216.883665
2018-02-05 04:30:00,8118.02,8270.0,8118.0,8244.0,297.263817
2018-02-05 04:45:00,8243.0,8330.0,8171.04,8300.03,318.54734
2018-02-05 05:00:00,8300.03,8373.0,8256.72,8319.74,260.894505
2018-02-05 05:15:00,8319.71,8382.8,8253.0,8290.23,264.463738
2018-02-05 05:30:00,8290.23,8316.76,8220.3,8295.64,190.217925
2018-02-05 05:45:00,8295.45,8310.17,8179.9,8179.93,227.402805
2018-02-05 06:00:00,8179.9,8300.0,8179.0,8289.69,190.248679
2018-02-05 06:15:00,8272.24,8300.0,8210.01,8253.13,130.190655
2018-02-05 06:30:00,8253.13,8270.0,8201.0,8240.92,156.343809
2018-02-05 06:45:00,8240.92,8257.19,8011.0,8069.0,409.935342
2018-02-05 07:00:00,8059.74,8200.0,7959.0,7973.0,528.024101
2018-02-05 07:15:00,7968.0,8061.0,7950.0,8012.61,432.301426
2018-02-05 07:30:00,8012.0,8060.0,7970.2,8038.0,219.440392
2018-02-05 07:45:00,8052.8,8052.8,7915.01,7965.01,511.61507
2018-02-05 08:00:00,7965.01,7990.0,7822.0,7827.23,455.460922
2018-02-05 08:15:00,7827.23,7980.0,7800.12,7975.74,836.060846
2018-02-05 08:30:00,7975.73,7989.0,7837.0,7839.99,379.093701
2018-02-05 08:45:00,7839.99,7875.65,7800.0,7800.0,536.541573
2018-02-05 09:00:00,7801.0,7989.99,7728.0,7887.52,853.495434
2018-02-05 09:15:00,7884.06,8049.99,7863.45,7948.0,609.087321
2018-02-05 09:30:00,7938.64,7978.27,7896.0,7898.47,286.946344
2018-02-05 09:45:00,7898.47,7977.11,7857.18,7857.18,234.547596
2018-02-05 10:00:00,7869.97,7920.14,7818.0,7851.96,243.065068
2018-02-05 10:15:00,7842.36,7911.0,7811.02,7847.2,304.554839
2018-02-05 10:30:00,7845.52,7850.0,7756.0,7810.0,327.83657
2018-02-05 10:45:00,7805.0,7811.87,7680.0,7699.99,727.220385
2018-02-05 11:00:00,7685.05,7787.6,7633.0,7649.99,644.113416
2018-02-05 11:15:00,7649.9,7730.0,7600.1,7660.05,667.485715
2018-02-05 11:30:00,7655.0,7705.0,7567.5,7582.99,735.785187
2018-02-05 11:45:00,7582.98,7590.0,7510.0,7578.0,754.474046
2018-02-05 12:00:00,7572.32,7785.62,7536.9,7600.0,1082.263072
2018-02-05 12:15:00,7600.0,7669.98,7593.87,7629.99,346.232722
2018-02-05 12:30:00,7628.99,7630.0,7535.0,7558.68,415.920152
2018-02-05 12:45:00,7558.6,7788.87,7556.01,7682.05,677.017499
2018-02-05 13:00:00,7682.05,7763.02,7602.0,7650.17,416.290976
2018-02-05 13:15:00,7650.21,7693.39,7605.0,7680.0,297.669648
2018-02-05 13:30:00,7679.99,7750.0,7630.0,7645.0,355.477991
2018-02-05 13:45:00,7645.0,7683.92,7582.0,7636.18,464.629893
2018-02-05 14:00:00,7625.98,7636.19,7450.0,7450.0,952.225445
2018-02-05 14:15:00,7462.79,7482.61,7330.0,7335.05,1412.653425
2018-02-05 14:30:00,7335.05,7498.99,7320.0,7350.0,933.078063
2018-02-05 14:45:00,7359.99,7394.86,7301.1,7310.16,761.414584
2018-02-05 15:00:00,7329.72,7369.0,7238.1,7284.71,1131.998074
2018-02-05 15:15:00,7285.0,7330.0,7167.0,7329.98,1093.907608
2018-02-05 15:30:00,7330.0,7494.99,7212.35,7478.98,1061.651814
2018-02-05 15:45:00,7473.19,7550.0,7331.0,7384.85,951.529768
2018-02-05 16:00:00,7375.49,7475.0,7375.49,7472.57,508.704605
2018-02-05 16:15:00,7451.1,7536.41,7370.59,7370.59,616.299733
2018-02-05 16:30:00,7371.0,7394.73,7270.0,7362.44,510.834795
2018-02-05 16:45:00,7361.1,7369.78,7218.0,7295.01,476.527605
2018-02-05 17:00:00,7296.37,7349.99,7212.0,7241.81,446.306402
2018-02-05 17:15:00,7241.77,7350.0,7199.0,7329.42,473.229381
2018-02-05 17:30:00,7322.0,7333.0,7171.02,7193.94,417.378577
2018-02-05 17:45:00,7193.93,7220.0,7074.0,7089.99,739.952729
2018-02-05 18:00:00,7089.98,7238.07,7020.58,7026.0,1292.294206
2018-02-05 18:15:00,7026.01,7178.57,7000.01,7049.93,1510.439774
2018-02-05 18:30:00,7049.93,7233.71,7010.0,7071.91,939.876761
2018-02-05 18:45:00,7085.0,7114.85,6929.83,6965.13,949.287135
2018-02-05 19:00:00,6966.46,7030.0,6888.0,6947.45,1157.892579
2018-02-05 19:15:00,6947.45,6979.39,6800.0,6869.91,1102.74358
2018-02-05 19:30:00,6861.02,6881.58,6702.0,6712.51,1250.923642
2018-02-05 19:45:00,6720.59,6735.0,6625.0,6698.33,1200.474705
2018-02-05 20:00:00,6680.76,7168.99,6625.0,6811.02,2215.279773
2018-02-05 20:15:00,6795.01,7280.0,6791.02,7250.0,1643.760232
2018-02-05 20:30:00,7242.9,7448.99,7125.0,7280.04,2143.298179
2018-02-05 20:45:00,7289.48,7543.99,7188.38,7188.38,1740.58869
2018-02-05 21:00:00,7199.24,7268.67,6973.39,7070.9,1423.098164
2018-02-05 21:15:00,7053.86,7350.01,7011.07,7338.0,1109.132705
2018-02-05 21:30:00,7346.2,7389.0,7154.0,7231.76,796.750347
2018-02-05 21:45:00,7236.52,7348.99,7135.76,7147.97,619.510016
2018-02-05 22:00:00,7135.76,7283.0,7005.0,7220.75,670.689413
2018-02-05 22:15:00,7233.91,7350.0,7200.0,7248.79,681.629103
2018-02-05 22:30:00,7248.78,7299.99,7050.0,7100.0,651.765488
2018-02-05 22:45:00,7112.86,7112.86,6839.29,6859.98,1133.947713
2018-02-05 23:00:00,6851.05,6990.0,6752.0,6970.0,1193.331006
2018-02-05 23:15:00,6965.19,6980.0,6733.01,6850.1,756.069432
2018-02-05 23:30:00,6850.1,6973.41,6754.24,6910.61,649.534999
2018-02-05 23:45:00,6923.94,6947.95,6808.11,6939.99,592.722449
2018-02-06 00:00:00,6939.63,7150.0,6925.15,7010.03,834.679377
2018-02-06 00:15:00,7010.02,7098.9,6900.0,6928.84,644.438079
2018-02-06 00:30:00,6928.83,7042.0,6860.0,7041.04,507.678241
2018-02-06 00:45:00,7041.04,7100.0,6966.17,6983.17,607.756805
2018-02-06 01:00:00,6983.18,6992.09,6848.0,6868.8,604.695897
2018-02-06 01:15:00,6869.0,6887.98,6667.04,6676.79,998.731006
2018-02-06 01:30:00,6676.79,6758.54,6556.0,6561.0,1154.699079
2018-02-06 01:45:00,6561.0,6594.35,6430.0,6446.17,1180.357152
2018-02-06 02:00:00,6446.16,6661.15,6404.0,6420.0,1038.86996
2018-02-06 02:15:00,6430.87,6496.9,6340.0,6399.98,895.82685
2018-02-06 02:30:00,6399.99,6577.43,6399.98,6555.94,989.48424
2018-02-06 02:45:00,6555.94,6570.0,6351.0,6373.58,856.909856
2018-02-06 03:00:00,6387.95,6415.45,6230.0,6248.0,1148.556997
2018-02-06 03:15:00,6247.9,6400.0,6185.0,6209.0,1431.7555
2018-02-06 03:30:00,6207.67,6300.0,6155.0,6224.77,881.360551
2018-02-06 03:45:00,6224.76,6361.99,6191.97,6327.05,873.167012
2018-02-06 04:00:00,6317.8,6346.53,6210.0,6245.55,681.408893
2018-02-06 04:15:00,6252.06,6269.05,6108.0,6195.0,1406.101278
2018-02-06 04:30:00,6195.0,6227.78,6113.15,6139.22,771.955253
2018-02-06 04:45:00,6126.23,6200.0,6090.07,6109.08,975.38106
2018-02-06 05:00:00,6109.08,6402.0,6022.0,6380.0,1434.985713
2018-02-06 05:15:00,6380.0,6500.0,6219.98,6250.72,2067.21979
2018-02-06 05:30:00,6268.25,6655.0,6232.0,6465.59,1848.254806
2018-02-06 05:45:00,6484.19,6650.0,6414.0,6497.98,1536.762411
2018-02-06 06:00:00,6507.99,6507.99,6268.5,6358.0,1417.166685
2018-02-06 06:15:00,6355.0,6388.0,6140.0,6169.86,1092.328007
2018-02-06 06:30:00,6169.86,6296.33,6131.0,6160.0,808.446403
2018-02-06 06:45:00,6160.0,6284.0,6131.04,6250.79,711.194899
2018-02-06 07:00:00,6250.79,6374.0,6175.38,6282.54,1087.816073
2018-02-06 07:15:00,6279.14,6285.0,6152.2,6169.02,559.668922
2018-02-06 07:30:00,6169.02,6184.0,6043.47,6100.0,1215.673406
2018-02-06 07:45:00,6100.0,6141.15,6000.01,6043.0,967.971772
2018-02-06 08:00:00,6040.98,6280.0,6019.24,6123.4,1458.365769
2018-02-06 08:15:00,6123.34,6276.84,6106.39,6190.03,976.296078
2018-02-06 08:30:00,6209.89,6258.54,6100.01,6100.01,615.435463
2018-02-06 08:45:00,6110.28,6178.0,6101.27,6147.0,522.959624
2018-02-06 09:00:00,6146.98,6483.22,6126.67,6457.68,1239.265694
2018-02-06 09:15:00,6458.07,6585.82,6243.11,6538.98,1426.391297
2018-02-06 09:30:00,6538.98,6899.1,6530.03,6833.0,2021.990554
2018-02-06 09:45:00,6833.0,6960.0,6500.0,6668.77,1888.665267
2018-02-06 10:00:00,6671.08,6888.45,6572.98,6672.28,1334.819192
2018-02-06 10:15:00,6672.29,6767.62,6570.01,6600.01,934.083546
2018-02-06 10:30:00,6600.01,6674.87,6471.0,6481.01,965.514376
2018-02-06 10:45:00,6471.05,6539.99,6402.0,6526.95,867.367042
2018-02-06 11:00:00,6526.88,6586.95,6358.98,6376.45,723.351896
2018-02-06 11:15:00,6381.02,6381.02,6268.75,6350.0,846.460334
2018-02-06 11:30:00,6350.14,6489.0,6274.0,6331.21,761.117679
2018-02-06 11:45:00,6318.13,6559.0,6304.76,6559.0,704.488763
2018-02-06 12:00:00,6559.0,6660.01,6435.99,6474.29,1049.603286
2018-02-06 12:15:00,6474.29,6590.0,6456.08,6554.0,679.433045
2018-02-06 12:30:00,6557.07,6770.0,6544.47,6667.77,1027.389774
2018-02-06 12:45:00,6667.77,6837.93,6667.77,6719.07,985.283526
2018-02-06 13:00:00,6719.07,7100.0,6710.0,7050.0,1330.163664
2018-02-06 13:15:00,7049.99,7075.0,6750.0,6841.88,1461.110194
2018-02-06 13:30:00,6841.88,7050.05,6824.0,7050.0,1151.850278
2018-02-06 13:45:00,7050.0,7231.0,6967.83,7177.13,1851.256342
2018-02-06 14:00:00,7170.8,7340.1,7050.0,7069.98,2142.55039
2018-02-06 14:15:00,7069.98,7188.0,6851.0,6868.51,1342.64444
2018-02-06 14:30:00,6868.51,7070.0,6831.0,6938.1,1332.315619
2018-02-06 14:45:00,6940.93,7198.79,6930.0,7160.08,967.204906
2018-02-06 15:00:00,7167.93,7199.0,7014.61,7181.13,828.54153
2018-02-06 15:15:00,7189.97,7462.0,7181.21,7419.94,1905.077155
2018-02-06 15:30:00,7404.0,7459.99,7222.0,7254.97,1429.820717
2018-02-06 15:45:00,7254.14,7343.0,7100.01,7290.61,1668.495533
2018-02-06 16:00:00,7299.99,7404.99,7228.99,7236.97,957.66793
2018-02-06 16:15:00,7230.01,7245.0,7105.0,7166.0,1102.814951
2018-02-06 16:30:00,7166.2,7170.0,6951.0,7023.4,1352.314903
2018-02-06 16:45:00,7023.41,7156.99,6972.17,7111.78,855.500013
2018-02-06 17:00:00,7111.79,7128.64,6972.25,7003.03,712.658357
2018-02-06 17:15:00,7003.03,7022.6,6888.0,6988.97,842.337474
2018-02-06 17:30:00,6979.99,6988.98,6790.99,6844.96,1003.483782
2018-02-06 17:45:00,6844.97,7013.99,6781.0,7007.03,962.902469
2018-02-06 18:00:00,7009.41,7161.23,7009.41,7110.0,1023.104754
2018-02-06 18:15:00,7110.0,7124.72,6970.0,7003.06,591.547008
2018-02-06 18:30:00,7003.12,7190.02,6990.3,7156.75,615.948101
2018-02-06 18:45:00,7180.37,7190.0,7071.35,7180.01,567.171454
2018-02-06 19:00:00,7180.01,7298.0,7169.05,7210.02,643.315989
2018-02-06 19:15:00,7214.89,7336.69,7194.84,7302.8,642.919537
2018-02-06 19:30:00,7302.8,7420.0,7258.0,7420.0,642.624892
2018-02-06 19:45:00,7419.42,7623.83,7415.9,7544.93,1661.912382
2018-02-06 20:00:00,7543.18,7655.0,7438.0,7655.0,1008.255641
2018-02-06 20:15:00,7655.0,7720.0,7580.0,7670.02,1133.510969
2018-02-06 20:30:00,7672.0,7789.0,7589.81,7621.0,1137.291875
2018-02-06 20:45:00,7612.08,7670.5,7450.0,7486.0,1416.860137
2018-02-06 21:00:00,7477.02,7669.99,7473.69,7606.0,696.993404
2018-02-06 21:15:00,7602.59,7784.99,7592.63,7777.24,676.65932
2018-02-06 21:30:00,7777.24,7878.0,7700.0,7760.0,1257.912649
2018-02-06 21:45:00,7760.0,7849.8,7706.43,7759.47,735.362594
2018-02-06 22:00:00,7757.83,7780.64,7500.0,7539.24,1050.732422
2018-02-06 22:15:00,7539.24,7680.0,7458.28,7677.44,985.632027
2018-02-06 22:30:00,7679.24,7679.24,7425.67,7465.54,748.732747
2018-02-06 22:45:00,7465.55,7630.0,7460.02,7603.39,603.073354
2018-02-06 23:00:00,7603.39,7730.96,7512.0,7650.0,630.450272
2018-02-06 23:15:00,7646.41,7778.15,7619.0,7672.2,741.792751
2018-02-06 23:30:00,7665.36,7834.22,7645.15,7798.59,708.563981
2018-02-06 23:45:00,7798.59,7829.99,7648.0,7652.14,820.837222
2018-02-07 00:00:00,7655.02,7770.0,7560.11,7562.95,714.694957
2018-02-07 00:15:00,7562.95,7633.84,7500.0,7512.01,677.941481
2018-02-07 00:30:00,7512.01,7572.95,7388.0,7528.0,1022.844026
2018-02-07 00:45:00,7528.0,7618.0,7484.0,7541.06,685.930218
2018-02-07 01:00:00,7544.96,7691.59,7481.35,7682.31,557.942572
2018-02-07 01:15:00,7670.16,7719.96,7618.0,7676.0,399.196517
2018-02-07 01:30:00,7676.0,7690.49,7556.71,7578.47,479.40174
2018-02-07 01:45:00,7583.24,7606.19,7540.0,7578.41,338.018139
2018-02-07 02:00:00,7576.33,7691.0,7576.33,7648.94,405.910839
2018-02-07 02:15:00,7632.44,7679.0,7500.0,7500.0,405.72256
2018-02-07 02:30:00,7502.0,7519.64,7314.72,7320.0,952.440986
2018-02-07 02:45:00,7319.72,7394.0,7250.0,7282.02,822.237769
2018-02-07 03:00:00,7282.02,7344.05,7201.0,7260.01,785.842142
2018-02-07 03:15:00,7252.0,7349.0,7229.99,7320.71,668.438577
2018-02-07 03:30:00,7320.67,7424.5,7215.0,7230.0,574.637852
2018-02-07 03:45:00,7230.0,7256.85,7155.0,7200.0,616.505009
2018-02-07 04:00:00,7200.0,7229.99,7150.01,7201.0,354.392274
2018-02-07 04:15:00,7211.07,7350.89,7200.07,7275.1,609.003895
2018-02-07 04:30:00,7275.1,7439.33,7263.53,7439.3,550.901755
2018-02-07 04:45:00,7438.0,7550.0,7415.16,7460.0,602.588491
2018-02-07 05:00:00,7451.01,7480.0,7360.01,7423.5,418.708789
2018-02-07 05:15:00,7430.0,7558.89,7418.0,7527.47,471.661142
2018-02-07 05:30:00,7527.46,7544.0,7300.0,7365.0,564.009416
2018-02-07 05:45:00,7365.56,7439.0,7321.91,7420.01,421.489376
2018-02-07 06:00:00,7420.0,7425.0,7259.0,7264.99,382.631725
2018-02-07 06:15:00,7264.99,7348.79,7242.02,7300.85,421.737214
2018-02-07 06:30:00,7300.88,7436.42,7262.47,7400.0,396.964369
2018-02-07 06:45:00,7412.93,7480.0,7352.32,7460.0,283.001727
2018-02-07 07:00:00,7460.11,7479.99,7374.2,7400.0,292.472038
2018-02-07 07:15:00,7390.25,7420.73,7335.05,7391.99,262.412791
2018-02-07 07:30:00,7392.0,7639.95,7363.76,7638.99,537.609488
2018-02-07 07:45:00,7638.99,7734.52,7569.0,7669.97,959.08399
2018-02-07 08:00:00,7669.97,7733.78,7600.66,7719.0,504.507755
2018-02-07 08:15:00,7719.0,7900.0,7670.0,7765.0,1009.25075
2018-02-07 08:30:00,7772.15,7826.33,7583.24,7584.87,820.966324
2018-02-07 08:45:00,7584.87,7686.83,7580.6,7654.85,384.460503
2018-02-07 09:00:00,7654.92,7811.0,7650.01,7781.56,701.362111
2018-02-07 09:15:00,7788.58,7943.0,7769.01,7935.13,815.032683
2018-02-07 09:30:00,7927.19,7982.88,7843.0,7860.0,785.520892
2018-02-07 09:45:00,7860.0,7987.0,7843.17,7962.89,550.566679
2018-02-07 10:00:00,7962.89,8060.0,7880.0,8051.14,567.688029
2018-02-07 10:15:00,8051.14,8175.0,8022.55,8134.54,1376.167639
2018-02-07 10:30:00,8138.75,8190.99,8060.0,8170.0,822.504464
2018-02-07 10:45:00,8170.0,8195.0,8120.0,8169.0,615.906539
2018-02-07 11:00:00,8169.0,8274.0,8115.14,8129.0,1330.393216
2018-02-07 11:15:00,8126.42,8150.0,7945.09,7960.01,1196.128619
2018-02-07 11:30:00,7960.01,8170.0,7960.0,8095.82,798.931434
2018-02-07 11:45:00,8100.83,8237.0,8100.0,8151.53,518.858405
2018-02-07 12:00:00,8138.05,8160.0,8036.0,8120.0,709.562255
2018-02-07 12:15:00,8113.95,8136.45,8056.0,8082.0,431.672931
2018-02-07 12:30:00,8090.84,8200.0,8090.84,8161.1,495.966588
2018-02-07 12:45:00,8161.17,8325.0,8114.56,8266.0,785.384266
2018-02-07 13:00:00,8266.0,8379.0,8266.0,8330.0,916.420678
2018-02-07 13:15:00,8330.0,8476.0,8328.66,8421.01,967.680918
2018-02-07 13:30:00,8429.83,8450.0,8280.0,8374.68,1000.381964
2018-02-07 13:45:00,8386.96,8400.0,8190.0,8195.48,664.353582
2018-02-07 14:00:00,8190.03,8360.0,8170.0,8293.71,916.470605
2018-02-07 14:15:00,8288.69,8310.91,8050.0,8115.0,959.556779
2018-02-07 14:30:00,8117.22,8160.0,8050.07,8114.78,744.887652
2018-02-07 14:45:00,8114.78,8249.64,8110.0,8200.12,680.865825
2018-02-07 15:00:00,8209.98,8330.0,8200.0,8210.02,591.018273
2018-02-07 15:15:00,8211.0,8262.23,8131.0,8159.0,441.195534
2018-02-07 15:30:00,8159.0,8161.67,8052.0,8074.01,654.191849
2018-02-07 15:45:00,8094.97,8171.52,8074.0,8169.0,406.158737
2018-02-07 16:00:00,8165.0,8200.0,8100.0,8130.04,566.325232
2018-02-07 16:15:00,8131.14,8131.14,8041.58,8053.0,430.229131
2018-02-07 16:30:00,8053.0,8067.37,7867.0,7928.5,1550.37291
2018-02-07 16:45:00,7935.6,8047.88,7885.01,7919.94,941.636267
2018-02-07 17:00:00,7919.94,8055.0,7897.66,8055.0,543.622798
2018-02-07 17:15:00,8055.0,8200.0,8052.62,8113.45,616.236732
2018-02-07 17:30:00,8113.19,8315.02,8100.0,8290.0,684.602458
2018-02-07 17:45:00,8290.0,8315.92,8204.72,8284.29,454.317936
2018-02-07 18:00:00,8284.31,8399.0,8279.0,8321.01,567.57049
2018-02-07 18:15:00,8321.01,8364.25,8240.0,8303.7,425.83397
2018-02-07 18:30:00,8311.8,8320.13,8203.74,8244.93,310.08996
2018-02-07 18:45:00,8244.93,8310.0,8225.0,8225.0,289.831423
2018-02-07 19:00:00,8225.0,8244.99,8112.0,8244.69,329.073683
2018-02-07 19:15:00,8238.36,8244.91,8150.01,8210.0,255.843078
2018-02-07 19:30:00,8210.0,8219.14,8082.22,8082.22,395.29198
2018-02-07 19:45:00,8082.22,8150.0,8031.02,8130.81,384.438145
2018-02-07 20:00:00,8130.81,8142.0,8052.17,8069.99,324.585352
2018-02-07 20:15:00,8065.0,8113.0,7950.0,7959.99,428.476233
2018-02-07 20:30:00,7955.0,8159.9,7931.0,8112.68,714.990283
2018-02-07 20:45:00,8112.67,8218.93,8100.0,8126.84,372.12266
2018-02-07 21:00:00,8126.96,8259.12,8112.34,8202.29,331.496835
2018-02-07 21:15:00,8202.29,8206.19,8060.0,8060.08,216.085572
2018-02-07 21:30:00,8060.06,8125.0,8000.0,8011.64,309.242359
2018-02-07 21:45:00,8011.67,8140.0,8010.05,8080.04,247.15579
2018-02-07 22:00:00,8073.0,8078.26,7964.1,7976.0,327.044458
2018-02-07 22:15:00,7976.0,8030.76,7831.0,7835.02,735.155608
2018-02-07 22:30:00,7835.02,7900.0,7763.56,7806.0,1064.051889
2018-02-07 22:45:00,7809.98,7851.99,7732.35,7781.0,858.071171
2018-02-07 23:00:00,7781.0,7818.06,7600.0,7600.0,1298.113741
2018-02-07 23:15:00,7600.0,7739.99,7580.0,7621.0,1041.962656
2018-02-07 23:30:00,7621.01,7698.0,7531.11,7585.0,1211.971573
2018-02-07 23:45:00,7584.77,7659.0,7551.0,7599.0,752.229782
2018-02-08 00:00:00,7599.0,7790.0,7572.09,7673.67,821.579553
2018-02-08 00:15:00,7677.23,7844.0,7673.67,7784.02,699.957765
2018-02-09 10:00:00,7789.9,8390.0,7789.9,8248.0,1068.486835
2018-02-09 10:15:00,8233.9,8263.0,8166.0,8191.33,416.756437
2018-02-09 10:30:00,8191.33,8320.0,8180.0,8269.01,380.691388
2018-02-09 10:45:00,8269.99,8300.0,8218.0,8269.84,265.66362
2018-02-09 11:00:00,8260.24,8274.89,8227.82,8264.29,256.588371
2018-02-09 11:15:00,8273.0,8339.0,8264.0,8290.66,353.556822
2018-02-09 11:30:00,8297.12,8395.0,8279.78,8350.0,389.111727
2018-02-09 11:45:00,8351.1,8386.81,8250.0,8280.11,352.950039
2018-02-09 12:00:00,8288.03,8300.0,8265.0,8281.31,217.547502
2018-02-09 12:15:00,8281.31,8286.08,8201.95,8230.04,295.259264
2018-02-09 12:30:00,8236.73,8286.06,8227.73,8261.69,198.990938
2018-02-09 12:45:00,8261.69,8265.99,8219.95,8241.0,291.514938
2018-02-09 13:00:00,8241.0,8314.99,8225.0,8295.04,297.966106
2018-02-09 13:15:00,8295.04,8301.0,8253.0,8280.01,279.02696
2018-02-09 13:30:00,8280.01,8340.0,8279.0,8318.13,278.631763
2018-02-09 13:45:00,8318.13,8324.86,8281.95,8309.95,313.390325
2018-02-09 14:00:00,8309.95,8422.5,8285.15,8394.92,599.236479
2018-02-09 14:15:00,8394.9,8450.12,8366.81,8424.81,571.90356
2018-02-09 14:30:00,8412.17,8534.26,8410.0,8533.28,599.011181
2018-02-09 14:45:00,8530.05,8540.0,8421.57,8450.49,629.420441
2018-02-09 15:00:00,8460.97,8510.0,8378.0,8400.0,411.080853
2018-02-09 15:15:00,8400.0,8449.0,8372.0,8399.96,335.554764
2018-02-09 15:30:00,8394.96,8415.26,8355.87,8377.63,319.622655
2018-02-09 15:45:00,8371.41,8422.02,8312.0,8333.91,404.868801
2018-02-09 16:00:00,8333.98,8389.6,8312.0,8360.0,313.843559
2018-02-09 16:15:00,8360.09,8430.0,8360.09,8414.98,328.211501
2018-02-09 16:30:00,8414.92,8432.51,8375.0,8394.86,270.646152
2018-02-09 16:45:00,8394.86,8397.0,8350.0,8383.11,276.950446
2018-02-09 17:00:00,8383.11,8432.77,8372.69,8410.23,283.813908
2018-02-09 17:15:00,8410.23,8518.0,8405.17,8509.0,368.2408
2018-02-09 17:30:00,8509.0,8650.0,8490.97,8632.2,850.130705
2018-02-09 17:45:00,8632.2,8718.0,8606.42,8625.0,584.631672
2018-02-09 18:00:00,8627.0,8738.0,8625.0,8698.0,566.716461
2018-02-09 18:15:00,8700.0,8725.0,8600.62,8617.99,395.06084
2018-02-09 18:30:00,8618.0,8666.56,8565.01,8610.37,362.151961
2018-02-09 18:45:00,8610.29,8650.0,8570.0,8624.6,291.906467
2018-02-09 19:00:00,8624.59,8699.0,8618.68,8670.0,244.507372
2018-02-09 19:15:00,8670.0,8719.99,8645.23,8673.51,365.590955
2018-02-09 19:30:00,8675.38,8699.38,8593.24,8620.1,210.072071
2018-02-09 19:45:00,8624.58,8674.98,8593.25,8633.15,231.597569
2018-02-09 20:00:00,8638.05,8720.04,8630.0,8670.98,282.112049
2018-02-09 20:15:00,8669.91,8674.88,8539.0,8579.99,399.637329
2018-02-09 20:30:00,8572.28,8598.72,8542.69,8552.06,303.988563
2018-02-09 20:45:00,8555.82,8589.99,8509.3,8539.23,330.73921
2018-02-09 21:00:00,8538.96,8650.0,8512.05,8546.13,336.019709
2018-02-09 21:15:00,8546.14,8580.1,8453.0,8462.99,267.113169
2018-02-09 21:30:00,8455.13,8539.96,8403.0,8479.28,479.513873
2018-02-09 21:45:00,8479.28,8577.99,8466.12,8537.98,284.848991
2018-02-09 22:00:00,8537.81,8545.0,8449.79,8457.0,217.028728
2018-02-09 22:15:00,8461.13,8520.0,8447.63,8461.21,249.644034
2018-02-09 22:30:00,8459.92,8530.0,8458.16,8519.0,190.581026
2018-02-09 22:45:00,8522.39,8622.56,8519.0,8566.0,398.981762
2018-02-09 23:00:00,8565.92,8664.29,8550.93,8662.97,305.401378
2018-02-09 23:15:00,8654.87,8663.77,8600.0,8611.22,219.554086
2018-02-09 23:30:00,8611.32,8719.1,8610.0,8691.37,489.214532
2018-02-09 23:45:00,8692.8,8719.0,8667.0,8683.92,257.628178
2018-02-10 00:00:00,8683.93,8688.0,8601.0,8679.96,376.450675
2018-02-10 00:15:00,8675.0,8829.0,8671.21,8791.24,860.245765
2018-02-10 00:30:00,8805.15,8866.0,8781.37,8840.0,757.490386
2018-02-10 00:45:00,8840.04,8897.11,8832.22,8879.6,757.295642
2018-02-10 01:00:00,8878.94,8950.0,8790.0,8905.25,805.756916
2018-02-10 01:15:00,8910.01,8922.97,8824.14,8882.91,472.897337
2018-02-10 01:30:00,8893.66,8934.0,8834.0,8834.29,511.815742
2018-02-10 01:45:00,8834.29,8850.0,8750.0,8780.36,575.130254
2018-02-10 02:00:00,8784.36,8861.41,8761.15,8812.15,354.670037
2018-02-10 02:15:00,8812.1,8899.23,8812.1,8846.95,325.409579
2018-02-10 02:30:00,8846.94,8888.0,8807.07,8882.08,274.410103
2018-02-10 02:45:00,8885.0,8933.0,8848.95,8914.29,385.596814
2018-02-10 03:00:00,8914.29,8970.0,8895.42,8906.93,371.372381
2018-02-10 03:15:00,8906.93,8978.0,8881.47,8938.26,363.777526
2018-02-10 03:30:00,8949.98,8997.0,8938.31,8978.0,334.323432
2018-02-10 03:45:00,8987.87,8990.0,8860.0,8905.84,466.860166
2018-02-10 04:00:00,8905.84,8920.0,8801.0,8804.0,459.235525
2018-02-10 04:15:00,8803.04,8865.35,8763.1,8773.97,508.404442
2018-02-10 04:30:00,8770.0,8825.0,8760.0,8807.26,369.112424
2018-02-10 04:45:00,8809.98,8849.81,8760.0,8774.69,369.335515
2018-02-10 05:00:00,8763.86,8848.8,8763.83,8846.5,195.036425
2018-02-10 05:15:00,8840.49,8888.81,8820.3,8887.0,267.508587
2018-02-10 05:30:00,8887.01,8910.0,8840.0,8853.56,240.753181
2018-02-10 05:45:00,8856.5,8863.0,8831.0,8842.98,175.79278
2018-02-10 06:15:00,8842.98,8947.01,8842.98,8905.0,220.271088
2018-02-10 06:30:00,8903.0,8988.88,8889.99,8957.23,331.038532
2018-02-10 06:45:00,8940.34,9050.0,8940.34,9034.97,464.266933
2018-02-10 07:00:00,9034.97,9065.78,8872.0,8874.99,636.471382
2018-02-10 07:15:00,8872.0,8997.69,8871.89,8970.64,542.771997
2018-02-10 07:30:00,8970.59,9020.0,8922.02,8974.99,370.037372
2018-02-10 07:45:00,8979.99,8985.0,8915.0,8915.15,442.487812
2018-02-10 08:00:00,8915.15,8920.17,8792.1,8815.0,634.065054
2018-02-10 08:15:00,8811.26,8861.28,8760.33,8765.0,541.121506
2018-02-10 08:30:00,8762.14,8772.2,8577.61,8672.92,1230.474916
2018-02-10 08:45:00,8663.5,8747.0,8582.0,8610.47,854.632558
2018-02-10 09:00:00,8610.01,8713.0,8571.5,8709.0,677.129106
2018-02-10 09:15:00,8710.0,8730.09,8612.0,8685.0,492.609374
2018-02-10 09:30:00,8685.0,8761.22,8684.0,8739.75,427.323804
2018-02-10 09:45:00,8739.71,8739.75,8582.41,8601.8,554.259933
2018-02-10 10:00:00,8601.8,8667.66,8590.32,8606.0,384.281814
2018-02-10 10:15:00,8601.87,8659.47,8579.0,8580.0,438.397484
2018-02-10 10:30:00,8580.03,8610.0,8470.0,8520.41,748.150342
2018-02-10 10:45:00,8520.4,8529.11,8470.0,8481.0,674.239845
2018-02-10 11:00:00,8481.0,8586.0,8477.0,8548.0,492.661069
2018-02-10 11:15:00,8548.0,8650.0,8520.0,8640.65,369.731403
2018-02-10 11:30:00,8640.65,8685.99,8586.22,8669.83,436.910183
2018-02-10 11:45:00,8669.79,8670.0,8571.0,8635.99,353.61997
2018-02-10 12:00:00,8626.12,8647.15,8521.86,8529.6,380.77753
2018-02-10 12:15:00,8530.0,8587.51,8480.0,8560.12,580.109056
2018-02-10 12:30:00,8563.51,8649.0,8533.0,8639.99,415.62088
2018-02-10 12:45:00,8639.99,8640.0,8580.0,8600.0,205.526725
2018-02-10 13:00:00,8599.75,8735.0,8587.77,8716.95,549.659267
2018-02-10 13:15:00,8726.95,8739.95,8680.0,8739.95,336.397692
2018-02-10 13:30:00,8739.04,8783.19,8681.0,8692.02,524.08509
2018-02-10 13:45:00,8692.02,8780.0,8681.0,8730.01,374.679661
2018-02-10 14:00:00,8727.97,8800.0,8711.02,8781.64,349.450874
2018-02-10 14:15:00,8789.81,8798.0,8665.01,8685.87,424.856118
2018-02-10 14:30:00,8696.52,8712.0,8571.01,8585.0,765.243246
2018-02-10 14:45:00,8585.0,8645.0,8571.0,8604.92,420.758991
2018-02-10 15:00:00,8599.7,8612.79,8423.0,8435.0,836.228165
2018-02-10 15:15:00,8435.0,8439.85,8325.0,8395.0,1129.805438
2018-02-10 15:30:00,8395.0,8420.0,8270.5,8272.02,962.65916
2018-02-10 15:45:00,8272.04,8337.47,8231.0,8263.51,1413.638371
2018-02-10 16:00:00,8271.0,8420.0,8264.11,8314.39,1011.095137
2018-02-10 16:15:00,8314.39,8365.36,8290.0,8345.0,458.687009
2018-02-10 16:30:00,8345.0,8377.68,8149.92,8219.34,985.789738
2018-02-10 16:45:00,8211.16,8219.34,8120.0,8185.98,936.954077
2018-02-10 17:00:00,8188.0,8287.99,8179.0,8274.0,673.005653
2018-02-10 17:15:00,8274.0,8391.34,8268.02,8309.98,761.701765
2018-02-10 17:30:00,8310.23,8448.0,8306.12,8411.15,547.350006
2018-02-10 17:45:00,8411.05,8411.05,8348.0,8391.92,330.525074
2018-02-10 18:00:00,8388.99,8393.0,8282.15,8310.0,485.250792
2018-02-10 18:15:00,8311.0,8419.0,8304.0,8330.99,435.662162
2018-02-10 18:30:00,8330.99,8330.99,8270.0,8313.16,392.11629
2018-02-10 18:45:00,8313.16,8336.8,8268.01,8272.59,283.946307
2018-02-10 19:00:00,8272.92,8285.49,8212.5,8260.0,428.763747
2018-02-10 19:15:00,8260.0,8330.0,8242.73,8283.08,392.252108
2018-02-10 19:30:00,8283.08,8398.99,8283.08,8397.97,421.365918
2018-02-10 19:45:00,8395.05,8430.89,8372.78,8419.0,343.247122
2018-02-10 20:00:00,8420.0,8422.0,8295.0,8313.73,406.220618
2018-02-10 20:15:00,8329.99,8360.24,8279.16,8280.0,232.705741
2018-02-10 20:30:00,8290.31,8385.0,8284.56,8320.0,268.671439
2018-02-10 20:45:00,8320.0,8337.06,8131.0,8170.98,754.425134
2018-02-10 21:00:00,8170.98,8244.0,8130.0,8228.04,671.969475
2018-02-10 21:15:00,8227.85,8256.57,8125.0,8187.81,645.716135
2018-02-10 21:30:00,8187.72,8294.56,8155.0,8244.73,554.780078
2018-02-10 21:45:00,8244.7,8264.71,8211.0,8241.0,380.732098
2018-02-10 22:00:00,8239.04,8335.0,8230.0,8334.85,471.21617
2018-02-10 22:15:00,8334.85,8530.0,8329.0,8499.96,995.88244
2018-02-10 22:30:00,8508.07,8566.0,8440.0,8440.0,664.701068
2018-02-10 22:45:00,8439.93,8570.0,8403.0,8539.99,551.259731
2018-02-10 23:00:00,8539.98,8554.0,8466.01,8491.62,363.114512
2018-02-10 23:15:00,8507.97,8572.0,8466.01,8480.01,408.810118
2018-02-10 23:30:00,8480.03,8524.99,8451.0,8505.36,314.351628
2018-02-10 23:45:00,8505.27,8545.0,8500.01,8533.98,244.111988
2018-02-11 00:00:00,8533.99,8549.0,8374.79,8393.34,503.710991
2018-02-11 00:15:00,8383.09,8490.0,8330.0,8381.02,588.060887
2018-02-11 00:30:00,8384.98,8385.0,8258.98,8302.55,543.484042
2018-02-11 00:45:00,8317.85,8409.03,8303.06,8378.1,315.976544
2018-02-11 01:00:00,8378.1,8394.55,8212.0,8226.32,441.043117
2018-02-11 01:15:00,8215.31,8250.0,8164.03,8214.98,598.38229
2018-02-11 01:30:00,8210.01,8316.31,8174.04,8280.05,508.349668
2018-02-11 01:45:00,8284.97,8284.97,8201.0,8224.95,304.689692
2018-02-11 02:00:00,8224.94,8224.94,8160.0,8190.0,376.526516
2018-02-11 02:15:00,8185.01,8269.65,8184.07,8250.42,259.339417
2018-02-11 02:30:00,8259.93,8259.94,8185.07,8220.3,229.878124
2018-02-11 02:45:00,8221.01,8240.4,8189.37,8236.81,272.148845
2018-02-11 03:00:00,8227.42,8236.74,8055.6,8082.06,748.986796
2018-02-11 03:15:00,8097.97,8098.08,8021.0,8047.95,659.684835
2018-02-11 03:30:00,8047.9,8101.21,8000.0,8027.7,716.135199
2018-02-11 03:45:00,8027.6,8050.0,7956.0,7969.05,979.929221
2018-02-11 04:00:00,7976.73,7988.21,7960.13,7976.74,7.72176
2018-02-11 04:30:00,7976.74,8098.0,7956.0,7979.95,391.525615
2018-02-11 04:45:00,7979.95,7989.02,7910.01,7925.49,664.339922
2018-02-11 05:00:00,7925.49,8045.0,7911.54,7970.1,500.802694
2018-02-11 05:15:00,7973.98,8012.0,7918.0,7969.97,415.363198
2018-02-11 05:30:00,7969.61,8112.0,7960.0,8100.8,649.962903
2018-02-11 05:45:00,8105.01,8169.13,8049.01,8100.0,717.786841
2018-02-11 06:00:00,8100.0,8105.0,7987.37,8021.99,485.610756
2018-02-11 06:15:00,8019.01,8029.0,7955.0,7979.12,424.442887
2018-02-11 06:30:00,7989.78,7994.88,7916.97,7927.88,568.658788
2018-02-11 06:45:00,7929.09,8027.0,7925.0,8011.35,667.499273
2018-02-11 07:00:00,8011.36,8020.0,7950.15,8006.17,334.8868
2018-02-11 07:15:00,8009.0,8011.5,7971.81,7989.9,216.214061
2018-02-11 07:30:00,7989.96,7989.96,7863.0,7865.0,754.506169
2018-02-11 07:45:00,7865.0,7865.0,7800.0,7850.72,952.2963
2018-02-11 08:00:00,7851.2,7855.97,7726.53,7790.0,865.493766
2018-02-11 08:15:00,7790.0,7862.97,7786.0,7847.96,772.138053
2018-02-11 08:30:00,7847.96,7889.95,7789.69,7813.84,664.230815
2018-02-11 08:45:00,7813.84,7925.0,7800.55,7909.98,452.652529
2018-02-11 09:00:00,7909.98,7918.99,7819.55,7839.86,403.343049
2018-02-11 09:15:00,7849.81,7900.0,7822.16,7868.0,311.325813
2018-02-11 09:30:00,7867.49,8042.02,7853.0,8012.01,1012.798152
2018-02-11 09:45:00,8012.01,8128.0,7972.19,8125.89,750.899235
2018-02-11 10:00:00,8126.0,8128.55,8005.0,8069.0,652.070756
2018-02-11 10:15:00,8072.79,8141.0,8025.0,8040.23,445.960013
2018-02-11 10:30:00,8040.23,8080.0,7950.0,7966.0,474.145964
2018-02-11 10:45:00,7966.0,8047.99,7965.0,7988.1,272.709011
2018-02-11 11:00:00,7989.06,8085.0,7988.1,8036.02,286.677542
2018-02-11 11:15:00,8035.99,8055.0,7950.0,7956.57,254.597745
2018-02-11 11:30:00,7956.57,8070.79,7950.09,8060.0,389.891634
2018-02-11 11:45:00,8060.11,8190.0,8050.0,8140.0,604.857897
2018-02-11 12:00:00,8139.99,8212.85,8110.0,8131.08,561.44631
2018-02-11 12:15:00,8137.47,8308.5,8112.11,8271.76,845.827037
2018-02-11 12:30:00,8271.76,8375.0,8230.0,8300.02,1060.555181
2018-02-11 12:45:00,8309.27,8344.97,8230.17,8281.0,516.806646
2018-02-11 13:00:00,8280.0,8370.0,8270.03,8330.0,430.632748
2018-02-11 13:15:00,8330.0,8360.0,8230.0,8249.84,412.72015
2018-02-11 13:30:00,8249.76,8254.75,8180.34,8235.8,513.276933
2018-02-11 13:45:00,8235.68,8311.0,8223.45,8229.92,713.797071
2018-02-11 14:00:00,8229.87,8237.26,8191.89,8219.75,410.156117
2018-02-11 14:15:00,8219.0,8310.0,8200.5,8309.0,358.189021
2018-02-11 14:30:00,8308.97,8418.0,8260.0,8380.34,725.599105
2018-02-11 14:45:00,8380.34,8438.01,8329.25,8435.0,492.05046
2018-02-11 15:00:00,8435.0,8446.65,8381.0,8410.56,422.834387
2018-02-11 15:15:00,8411.0,8440.0,8370.0,8372.09,382.649154
2018-02-11 15:30:00,8372.15,8400.0,8335.0,8370.0,395.609993
2018-02-11 15:45:00,8374.51,8449.9,8360.0,8449.86,408.245332
2018-02-11 16:00:00,8445.06,8500.11,8398.0,8500.11,599.913947
2018-02-11 16:15:00,8500.0,8500.85,8299.0,8312.69,683.742771
2018-02-11 16:30:00,8323.01,8368.87,8283.95,8300.02,641.641984
2018-02-11 16:45:00,8307.71,8320.0,8230.8,8309.94,575.830378
2018-02-11 17:00:00,8309.94,8380.0,8293.0,8330.64,381.602529
2018-02-11 17:15:00,8330.64,8335.0,8208.0,8220.0,506.250047
2018-02-11 17:30:00,8220.0,8280.0,8180.0,8234.56,480.724005
2018-02-11 17:45:00,8234.52,8235.0,8151.2,8202.84,391.871193
2018-02-11 18:00:00,8209.0,8300.0,8199.62,8256.25,402.634655
2018-02-11 18:15:00,8259.5,8288.0,8187.42,8212.19,370.1058
2018-02-11 18:30:00,8212.17,8283.99,8180.84,8273.87,317.545449
2018-02-11 18:45:00,8273.82,8330.0,8217.51,8313.33,354.036377
2018-02-11 19:00:00,8321.22,8349.82,8259.49,8349.82,349.330487
2018-02-11 19:15:00,8349.3,8387.0,8335.0,8360.25,403.240866
2018-02-11 19:30:00,8364.73,8377.23,8248.23,8280.6,270.018511
2018-02-11 19:45:00,8280.6,8321.0,8230.57,8285.0,267.618265
2018-02-11 20:00:00,8285.0,8294.79,8230.0,8235.07,268.617916
2018-02-11 20:15:00,8234.97,8300.0,8215.0,8270.0,190.351573
2018-02-11 20:30:00,8262.16,8270.59,8224.4,8255.99,235.561289
2018-02-11 20:45:00,8254.73,8299.0,8241.7,8246.92,176.842348
2018-02-11 21:00:00,8246.67,8285.78,8230.16,8285.0,188.548126
2018-02-11 21:15:00,8285.78,8342.21,8268.01,8284.23,275.940772
2018-02-11 21:30:00,8284.24,8340.0,8253.0,8333.0,255.87647
2018-02-11 21:45:00,8332.97,8333.0,8270.0,8315.49,326.017285
2018-02-11 22:00:00,8315.49,8328.0,8286.0,8312.0,165.592908
2018-02-11 22:15:00,8312.0,8313.7,8239.94,8262.91,219.045367
2018-02-11 22:30:00,8262.91,8300.0,8260.0,8296.32,129.195599
2018-02-11 22:45:00,8296.32,8310.65,8266.0,8283.92,216.588457
2018-02-11 23:00:00,8288.57,8298.0,8202.1,8202.1,257.555861
2018-02-11 23:15:00,8219.74,8230.0,8054.0,8080.27,1027.507627
2018-02-11 23:30:00,8080.27,8169.9,8067.79,8093.0,506.750171
2018-02-11 23:45:00,8093.0,8097.71,8015.0,8063.88,526.957149
2018-02-12 00:00:00,8063.82,8154.0,8053.0,8100.0,498.318284
2018-02-12 00:15:00,8100.0,8218.7,8096.01,8174.0,498.83065
2018-02-12 00:30:00,8174.0,8270.42,8140.01,8207.99,485.484184
2018-02-12 00:45:00,8202.06,8229.86,8139.0,8198.42,384.407928
2018-02-12 01:00:00,8198.42,8230.0,8154.68,8180.0,262.336641
2018-02-12 01:15:00,8180.0,8326.59,8180.0,8315.76,439.822628
2018-02-12 01:30:00,8315.76,8417.0,8295.23,8363.96,882.980855
2018-02-12 01:45:00,8355.03,8400.98,8270.0,8345.51,638.920553
2018-02-12 02:00:00,8345.51,8372.77,8281.0,8319.87,332.186569
2018-02-12 02:15:00,8315.0,8425.0,8313.1,8411.09,467.535397
2018-02-12 02:30:00,8411.09,8482.41,8410.52,8440.7,657.966764
2018-02-12 02:45:00,8440.7,8518.0,8430.0,8518.0,500.325686
2018-02-12 03:00:00,8518.0,8570.0,8351.0,8479.09,909.10444
2018-02-12 03:15:00,8462.11,8492.18,8430.01,8451.39,376.524035
2018-02-12 03:30:00,8451.39,8525.0,8445.0,8468.89,400.106243
2018-02-12 03:45:00,8468.89,8507.27,8425.01,8479.99,345.482441
2018-02-12 04:00:00,8479.0,8550.0,8474.01,8517.97,414.110335
2018-02-12 04:15:00,8512.0,8521.0,8430.0,8472.06,319.859245
2018-02-12 04:30:00,8472.06,8500.0,8452.0,8464.96,213.6657
2018-02-12 04:45:00,8461.0,8518.87,8446.01,8489.94,311.996088
2018-02-12 05:00:00,8485.12,8495.0,8381.0,8418.99,258.165862
2018-02-12 05:15:00,8413.02,8470.0,8401.96,8415.0,315.590588
2018-02-12 05:30:00,8415.0,8440.0,8337.0,8364.91,384.848207
2018-02-12 05:45:00,8364.91,8416.94,8362.0,8385.01,240.684087
2018-02-12 06:00:00,8385.01,8464.52,8374.31,8427.99,287.940709
2018-02-12 06:15:00,8427.98,8478.0,8416.33,8430.0,233.83101
2018-02-12 06:30:00,8430.0,8453.0,8407.41,8421.97,176.18678
2018-02-12 06:45:00,8420.56,8440.01,8406.06,8433.0,130.210624
2018-02-12 07:00:00,8433.0,8434.41,8361.0,8417.66,268.401138
2018-02-12 07:15:00,8420.67,8534.0,8419.17,8532.0,571.869727
2018-02-12 07:30:00,8529.98,8535.0,8479.94,8512.01,416.898963
2018-02-12 07:45:00,8512.0,8518.3,8457.0,8473.76,259.986356
2018-02-12 08:00:00,8470.01,8715.0,8457.03,8700.9,1047.690144
2018-02-12 08:15:00,8701.1,8745.0,8631.81,8737.77,950.601222
2018-02-12 08:30:00,8737.76,8796.96,8680.0,8776.1,651.880578
2018-02-12 08:45:00,8783.0,8798.0,8710.0,8758.0,667.191924
2018-02-12 09:00:00,8755.01,8826.83,8732.0,8779.88,694.442747
2018-02-12 09:15:00,8774.0,8785.99,8674.45,8689.0,517.666907
2018-02-12 09:30:00,8689.1,8778.83,8680.0,8751.73,481.241805
2018-02-12 09:45:00,8751.73,8784.0,8710.57,8768.43,409.60346
2018-02-12 10:00:00,8771.0,8789.0,8733.0,8740.0,359.467344
2018-02-12 10:15:00,8735.0,8750.0,8685.0,8729.57,418.90911
2018-02-12 10:30:00,8729.56,8840.82,8720.0,8790.0,638.614582
2018-02-12 10:45:00,8786.27,8823.93,8780.11,8823.93,376.848566
2018-02-12 11:00:00,8823.93,8830.15,8780.0,8811.0,286.941782
2018-02-12 11:15:00,8811.0,8813.91,8650.0,8686.0,691.64798
2018-02-12 11:30:00,8686.07,8725.0,8650.0,8653.97,494.143872
2018-02-12 11:45:00,8650.02,8683.46,8621.11,8640.01,506.958483
2018-02-12 12:00:00,8640.01,8725.0,8640.0,8691.17,500.095254
2018-02-12 12:15:00,8691.18,8710.0,8660.0,8709.99,301.797797
2018-02-12 12:30:00,8709.94,8760.26,8690.0,8710.86,419.519073
2018-02-12 12:45:00,8717.0,8774.9,8710.96,8760.0,351.035592
2018-02-12 13:00:00,8761.7,8772.0,8700.0,8705.14,290.987725
2018-02-12 13:15:00,8705.22,8748.99,8705.22,8735.03,218.620889
2018-02-12 13:30:00,8735.01,8748.0,8657.17,8677.5,389.305917
2018-02-12 13:45:00,8677.5,8700.0,8656.01,8670.75,284.035271
2018-02-12 14:00:00,8668.26,8695.0,8665.23,8683.0,260.463993
2018-02-12 14:15:00,8683.0,8685.0,8532.0,8536.0,1049.724289
2018-02-12 14:30:00,8536.0,8593.0,8510.0,8520.0,619.514514
2018-02-12 14:45:00,8519.99,8559.85,8502.0,8529.59,496.877792
2018-02-12 15:00:00,8529.56,8621.74,8518.89,8615.0,462.213591
2018-02-12 15:15:00,8618.65,8630.0,8556.03,8612.0,375.090246
2018-02-12 15:30:00,8611.02,8619.99,8579.51,8600.6,276.028901
2018-02-12 15:45:00,8601.0,8670.0,8590.0,8670.0,421.102833
2018-02-12 16:00:00,8669.99,8736.34,8631.0,8714.0,492.566868
2018-02-12 16:15:00,8714.0,8720.0,8650.35,8693.0,370.182962
2018-02-12 16:30:00,8693.0,8744.98,8683.0,8716.05,401.470764
2018-02-12 16:45:00,8714.99,8737.0,8656.81,8665.15,302.81926
2018-02-12 17:00:00,8665.23,8717.0,8620.0,8668.42,360.688561
2018-02-12 17:15:00,8670.08,8720.0,8650.02,8692.82,275.539841
2018-02-12 17:30:00,8692.83,8720.0,8666.0,8706.05,213.148402
2018-02-12 17:45:00,8705.03,8780.0,8701.71,8768.07,458.916812
2018-02-12 18:00:00,8768.01,8771.48,8680.01,8700.54,355.915664
2018-02-12 18:15:00,8700.0,8731.4,8647.26,8669.0,371.497111
2018-02-12 18:30:00,8669.42,8710.0,8653.01,8660.0,296.819349
2018-02-12 18:45:00,8660.0,8694.95,8639.24,8685.24,243.518072
2018-02-12 19:00:00,8685.27,8720.0,8665.49,8677.67,251.691294
2018-02-12 19:15:00,8677.64,8738.98,8672.07,8736.55,262.699696
2018-02-12 19:30:00,8736.57,8766.95,8700.0,8725.66,306.946143
2018-02-12 19:45:00,8730.01,8799.42,8720.0,8792.76,384.826635
2018-02-12 20:00:00,8793.0,8890.0,8762.26,8842.0,631.923155
2018-02-12 20:15:00,8842.0,8885.96,8807.0,8868.13,369.239537
2018-02-12 20:30:00,8868.0,8920.01,8840.98,8916.0,566.487897
2018-02-12 20:45:00,8916.0,8927.0,8850.0,8872.02,532.433991
2018-02-12 21:00:00,8872.02,8888.88,8830.0,8869.96,306.110306
2018-02-12 21:15:00,8866.12,8870.0,8779.0,8811.0,474.115586
2018-02-12 21:30:00,8811.7,8860.0,8811.7,8843.3,327.607106
2018-02-12 21:45:00,8837.24,8843.35,8781.01,8830.96,340.669735
2018-02-12 22:00:00,8830.95,8834.45,8788.38,8795.08,173.180786
2018-02-12 22:15:00,8795.08,8799.0,8700.0,8779.98,545.571002
2018-02-12 22:30:00,8779.98,8844.96,8779.98,8825.0,365.404246
2018-02-12 22:45:00,8823.5,8894.98,8816.53,8890.02,467.505908
2018-02-12 23:00:00,8894.98,8987.0,8851.5,8910.42,866.955223
2018-02-12 23:15:00,8910.42,8989.0,8905.0,8939.89,647.280288
2018-02-12 23:30:00,8939.88,8985.0,8925.0,8935.99,465.753
2018-02-12 23:45:00,8935.99,8940.0,8825.0,8903.0,763.52239
2018-02-13 00:00:00,8903.0,8950.0,8885.0,8924.96,446.377248
2018-02-13 00:15:00,8924.95,8928.33,8833.0,8865.32,401.815245
2018-02-13 00:30:00,8872.62,8908.83,8835.0,8853.29,340.04631
2018-02-13 00:45:00,8853.29,8924.0,8835.0,8916.0,397.226313
2018-02-13 01:00:00,8916.03,8923.0,8875.05,8890.06,283.451849
2018-02-13 01:15:00,8899.47,8903.84,8795.0,8830.65,404.850552
2018-02-13 01:30:00,8819.56,8844.03,8785.01,8796.98,411.662343
2018-02-13 01:45:00,8790.17,8796.98,8710.92,8727.16,708.68048
2018-02-13 02:00:00,8727.14,8730.0,8650.0,8664.97,831.353271
2018-02-13 02:15:00,8664.9,8746.94,8655.06,8714.86,498.529871
2018-02-13 02:30:00,8714.77,8736.09,8665.76,8675.0,364.846738
