timestamp,open,high,low,close,volume
2024-04-22 00:00:00,64941.15,64992.75,64915.86,64952.0,46.97941
2024-04-22 00:05:00,64952.0,65111.58,64952.0,65102.8,50.37882
2024-04-22 00:10:00,65102.79,65143.75,65018.75,65110.0,73.13263
2024-04-22 00:15:00,65110.01,65158.08,65090.0,65123.02,55.15872
2024-04-22 00:20:00,65123.02,65125.99,65053.1,65053.11,43.69285
2024-04-22 00:25:00,65053.11,65058.83,64981.77,65029.25,64.84643
2024-04-22 00:30:00,65029.25,65029.25,64801.0,64813.99,98.54952
2024-04-22 00:35:00,64813.99,64887.66,64758.93,64855.35,76.89128
2024-04-22 00:40:00,64855.36,64893.06,64806.7,64862.33,59.44311
2024-04-22 00:45:00,64862.34,64888.51,64826.19,64859.58,47.22045
2024-04-22 00:50:00,64859.59,64885.99,64840.0,64874.01,25.48144
2024-04-22 00:55:00,64874.0,64931.2,64866.01,64908.96,47.52781
2024-04-22 01:00:00,64908.96,64937.65,64874.01,64884.0,48.45685
2024-04-22 01:05:00,64884.0,64884.01,64736.87,64800.0,55.74247
2024-04-22 01:10:00,64800.0,64940.59,64799.99,64917.92,41.46631
2024-04-22 01:15:00,64917.92,65224.0,64912.02,65222.71,179.52534
2024-04-22 01:20:00,65222.71,65640.0,65220.0,65587.98,981.63023
2024-04-22 01:25:00,65587.98,65620.0,64908.39,64913.99,298.5235
2024-04-22 01:30:00,64914.0,64968.75,64604.56,64910.0,589.93893
2024-04-22 01:35:00,64910.01,64944.94,64650.01,64740.0,170.61011
2024-04-22 01:40:00,64740.0,64858.63,64664.22,64792.99,134.46394
2024-04-22 01:45:00,64793.0,64917.65,64706.25,64796.0,71.29653
2024-04-22 01:50:00,64796.0,64819.89,64618.5,64708.0,128.98769
2024-04-22 01:55:00,64708.0,64762.45,64651.29,64658.0,89.82935
2024-04-22 02:00:00,64657.99,64835.52,64657.99,64835.51,102.81926
2024-04-22 02:05:00,64835.51,64852.69,64500.0,64658.95,187.94006
2024-04-22 02:10:00,64658.95,64768.75,64634.01,64754.0,119.05625
2024-04-22 02:15:00,64754.0,64810.23,64712.17,64747.46,137.97884
2024-04-22 02:20:00,64747.47,64779.08,64636.2,64680.43,66.31876
2024-04-22 02:25:00,64680.43,64761.97,64660.01,64761.97,40.17111
2024-04-22 02:30:00,64761.97,64790.03,64670.0,64769.3,64.08307
2024-04-22 02:35:00,64769.31,64862.5,64715.46,64830.0,98.51279
2024-04-22 02:40:00,64830.0,64860.24,64743.11,64743.12,73.11359
2024-04-22 02:45:00,64743.12,64781.25,64720.0,64732.0,41.95988
2024-04-22 02:50:00,64732.01,64813.74,64720.0,64760.0,84.28474
2024-04-22 02:55:00,64760.01,64806.71,64752.0,64806.69,18.62929
2024-04-22 03:00:00,64806.69,64938.63,64754.0,64918.0,81.0195
2024-04-22 03:05:00,64918.01,65093.19,64912.0,65010.8,183.56961
2024-04-22 03:10:00,65010.81,65109.0,64987.18,65099.67,73.86469
2024-04-22 03:15:00,65099.68,65157.63,65005.65,65060.0,123.44822
2024-04-22 03:20:00,65059.99,65114.12,65022.0,65108.01,43.31819
2024-04-22 03:25:00,65108.01,65300.0,65108.01,65287.98,112.45766
2024-04-22 03:30:00,65287.99,65362.49,65200.0,65328.0,180.19261
2024-04-22 03:35:00,65328.0,65489.47,65327.99,65440.0,422.83818
2024-04-22 03:40:00,65439.99,65700.0,65432.72,65688.81,428.37246
2024-04-22 03:45:00,65688.8,65986.41,65688.8,65962.01,945.47034
2024-04-22 03:50:00,65962.0,66090.69,65856.69,65946.01,435.26444
2024-04-22 03:55:00,65946.0,66056.13,65686.4,65703.5,375.50573
2024-04-22 04:00:00,65703.49,65878.17,65624.14,65821.87,276.39474
2024-04-22 04:05:00,65821.87,65860.0,65714.0,65794.0,169.07907
2024-04-22 04:10:00,65794.0,65815.99,65580.01,65596.89,167.95251
2024-04-22 04:15:00,65596.89,65737.17,65509.24,65703.36,163.83069
2024-04-22 04:20:00,65703.35,65769.69,65671.81,65769.69,95.35237
2024-04-22 04:25:00,65769.69,65769.69,65638.79,65680.0,78.36648
2024-04-22 04:30:00,65680.0,65800.0,65594.34,65719.46,208.25589
2024-04-22 04:35:00,65719.45,65719.46,65596.39,65670.86,75.69728
2024-04-22 04:40:00,65670.87,65722.62,65618.14,65684.0,73.47261
2024-04-22 04:45:00,65684.0,65786.97,65634.18,65752.01,122.01074
2024-04-22 04:50:00,65752.01,65849.99,65697.54,65787.02,141.97786
2024-04-22 04:55:00,65787.01,65787.02,65714.22,65738.48,90.93668
2024-04-22 05:00:00,65738.48,65773.33,65701.99,65723.99,85.38317
2024-04-22 05:05:00,65724.0,65864.0,65719.22,65826.01,79.16467
2024-04-22 05:10:00,65826.01,65873.28,65824.26,65825.35,80.77558
2024-04-22 05:15:00,65825.35,65969.29,65807.3,65911.36,164.76625
2024-04-22 05:20:00,65911.35,65999.0,65860.0,65980.01,121.61739
2024-04-22 05:25:00,65980.01,66066.47,65923.38,65958.34,143.84961
2024-04-22 05:30:00,65958.34,65968.74,65866.01,65870.8,92.11663
2024-04-22 05:35:00,65870.8,65897.99,65846.0,65884.6,61.46441
2024-04-22 05:40:00,65884.6,66258.69,65884.59,66137.66,375.03348
2024-04-22 05:45:00,66137.66,66229.45,66064.45,66103.29,143.19819
2024-04-22 05:50:00,66103.29,66245.44,66088.53,66210.01,149.71442
2024-04-22 05:55:00,66210.01,66414.81,66168.0,66377.99,250.49712
2024-04-22 06:00:00,66377.99,66412.6,66250.0,66300.31,165.78693
2024-04-22 06:05:00,66300.31,66350.0,66180.0,66274.22,174.32474
2024-04-22 06:10:00,66274.22,66290.0,66167.09,66187.52,99.84304
2024-04-22 06:15:00,66187.51,66265.5,66150.8,66265.49,103.60274
2024-04-22 06:20:00,66265.49,66323.87,66214.8,66323.86,133.73724
2024-04-22 06:25:00,66323.86,66345.0,66222.0,66272.58,137.1919
2024-04-22 06:30:00,66272.57,66336.24,66222.0,66263.68,114.4423
2024-04-22 06:35:00,66263.67,66318.0,66199.48,66233.99,87.37871
2024-04-22 06:40:00,66233.99,66270.0,66184.0,66269.99,77.15936
2024-04-22 06:45:00,66269.99,66374.6,66230.01,66290.28,146.079
2024-04-22 06:50:00,66290.28,66348.01,66280.0,66345.99,52.05444
2024-04-22 06:55:00,66346.0,66346.0,66299.48,66300.0,49.65141
2024-04-22 07:00:00,66300.01,66386.0,66289.77,66363.83,146.63533
2024-04-22 07:05:00,66363.82,66479.8,66316.05,66359.99,131.67972
2024-04-22 07:10:00,66359.99,66360.0,66097.36,66111.94,184.26009
2024-04-22 07:15:00,66111.93,66181.41,66055.24,66141.99,113.95987
2024-04-22 07:20:00,66142.0,66172.76,66040.26,66046.45,104.66346
2024-04-22 07:25:00,66046.46,66100.0,66011.0,66037.79,108.57207
2024-04-22 07:30:00,66037.78,66111.94,66018.0,66111.93,84.19125
2024-04-22 07:35:00,66111.92,66134.92,66048.0,66048.01,46.89761
2024-04-22 07:40:00,66048.0,66095.54,66013.2,66014.36,98.4969
2024-04-22 07:45:00,66014.36,66117.83,66013.71,66065.7,114.91014
2024-04-22 07:50:00,66065.69,66093.75,66028.58,66028.58,81.86651
2024-04-22 07:55:00,66028.59,66083.25,65979.33,65980.0,130.08281
2024-04-22 08:00:00,65980.01,66120.85,65980.0,66067.98,138.38009
2024-04-22 08:05:00,66067.98,66096.0,65980.88,65994.0,64.16405
2024-04-22 08:10:00,65993.99,66098.55,65937.5,66045.98,128.45353
2024-04-22 08:15:00,66045.99,66109.4,66031.36,66094.2,66.1868
2024-04-22 08:20:00,66094.2,66169.9,66094.2,66150.01,71.96781
2024-04-22 08:25:00,66150.01,66165.38,66105.14,66138.43,55.86375
2024-04-22 08:30:00,66138.42,66204.44,66112.0,66187.78,63.11315
2024-04-22 08:35:00,66187.79,66203.03,66100.0,66111.99,67.01017
2024-04-22 08:40:00,66111.99,66114.0,66035.17,66049.8,65.0493
2024-04-22 08:45:00,66049.8,66075.0,65998.23,66049.98,55.328
2024-04-22 08:50:00,66049.98,66049.99,65913.52,65913.53,70.30314
2024-04-22 08:55:00,65913.53,66027.99,65905.73,65961.59,67.69639
2024-04-22 09:00:00,65961.58,66014.12,65920.01,66010.34,70.07936
2024-04-22 09:05:00,66010.34,66055.17,65956.45,66027.82,88.38368
2024-04-22 09:10:00,66027.82,66033.68,65972.0,65972.01,53.8538
2024-04-22 09:15:00,65972.01,66014.36,65941.47,65942.01,52.12115
2024-04-22 09:20:00,65942.02,66000.0,65916.73,65988.75,42.90209
2024-04-22 09:25:00,65988.74,65994.0,65896.5,65960.0,55.19969
2024-04-22 09:30:00,65960.0,65992.74,65920.79,65934.59,33.778
2024-04-22 09:35:00,65934.58,65955.99,65861.13,65929.77,61.57368
2024-04-22 09:40:00,65929.76,65936.0,65801.76,65900.0,182.90325
2024-04-22 09:45:00,65900.0,65926.01,65855.94,65871.7,72.46696
2024-04-22 09:50:00,65871.7,65900.0,65856.33,65862.0,38.64341
2024-04-22 09:55:00,65862.0,65938.0,65855.94,65938.0,46.5576
2024-04-22 10:00:00,65938.0,65938.0,65890.0,65912.0,39.73709
2024-04-22 10:05:00,65912.0,66064.01,65900.0,66016.0,73.87897
2024-04-22 10:10:00,66016.01,66071.67,65946.33,66008.4,82.39616
2024-04-22 10:15:00,66008.4,66034.7,65970.27,66030.0,54.28536
2024-04-22 10:20:00,66029.99,66099.55,66020.0,66083.98,54.23862
2024-04-22 10:25:00,66083.98,66154.87,65999.66,66015.38,85.3569
2024-04-22 10:30:00,66015.38,66015.39,65980.0,65987.84,53.42555
2024-04-22 10:35:00,65987.84,66025.95,65950.0,65952.01,81.52814
2024-04-22 10:40:00,65952.01,66039.2,65952.0,66019.99,66.60819
2024-04-22 10:45:00,66020.0,66053.92,66002.34,66014.36,54.71688
2024-04-22 10:50:00,66014.36,66090.79,66014.36,66046.9,72.39985
2024-04-22 10:55:00,66046.91,66095.28,66032.41,66048.18,75.11636
2024-04-22 11:00:00,66048.18,66108.0,66033.41,66051.11,58.67136
2024-04-22 11:05:00,66051.1,66051.11,65885.46,65885.47,78.53021
2024-04-22 11:10:00,65885.46,65964.13,65850.27,65930.23,53.88982
2024-04-22 11:15:00,65930.23,66011.55,65930.23,66011.55,42.34803
2024-04-22 11:20:00,66011.55,66020.0,65900.56,65904.0,109.30086
2024-04-22 11:25:00,65904.0,65925.99,65868.37,65913.52,64.69277
2024-04-22 11:30:00,65913.52,65930.24,65862.0,65862.0,40.02265
2024-04-22 11:35:00,65862.0,65879.1,65834.81,65843.82,48.77338
2024-04-22 11:40:00,65843.83,65843.83,65702.0,65842.22,152.85192
2024-04-22 11:45:00,65842.23,65875.0,65793.3,65829.96,73.23156
2024-04-22 11:50:00,65829.97,65923.54,65820.0,65880.6,89.6939
2024-04-22 11:55:00,65880.59,65913.53,65840.0,65877.47,87.89532
2024-04-22 12:00:00,65877.47,65931.28,65870.0,65921.67,69.89708
2024-04-22 12:05:00,65921.68,65921.68,65833.97,65887.63,67.85986
2024-04-22 12:10:00,65887.63,65940.0,65796.0,65825.67,81.91107
2024-04-22 12:15:00,65825.68,65832.0,65626.87,65723.77,236.70659
2024-04-22 12:20:00,65723.77,65905.81,65723.76,65861.08,120.06343
2024-04-22 12:25:00,65861.08,65945.13,65861.07,65927.35,79.84584
2024-04-22 12:30:00,65927.34,65946.0,65858.0,65940.01,55.30663
2024-04-22 12:35:00,65940.0,65940.01,65847.02,65866.16,76.33892
2024-04-22 12:40:00,65866.15,65946.0,65866.15,65896.0,66.57915
2024-04-22 12:45:00,65896.01,65906.25,65819.99,65840.43,70.87555
2024-04-22 12:50:00,65840.43,65922.55,65840.42,65914.94,53.3526
2024-04-22 12:55:00,65914.93,65995.48,65905.02,65995.48,53.91906
2024-04-22 13:00:00,65995.48,66175.0,65995.47,66148.0,180.48522
2024-04-22 13:05:00,66148.0,66260.54,66122.26,66213.2,102.4884
2024-04-22 13:10:00,66213.2,66214.42,66077.71,66131.18,98.37501
2024-04-22 13:15:00,66131.19,66177.11,65995.47,66047.99,101.4499
2024-04-22 13:20:00,66047.99,66068.91,65954.72,66054.1,70.23393
2024-04-22 13:25:00,66054.1,66118.0,66032.6,66075.83,64.58015
2024-04-22 13:30:00,66075.84,66109.4,65736.0,65770.0,245.62297
2024-04-22 13:35:00,65769.99,65895.61,65693.98,65855.87,197.71561
2024-04-22 13:40:00,65855.86,65930.14,65790.97,65924.28,99.98283
2024-04-22 13:45:00,65924.27,66074.43,65902.3,66073.99,148.73613
2024-04-22 13:50:00,66074.0,66096.0,66000.0,66080.0,99.21718
2024-04-22 13:55:00,66080.01,66214.95,66080.0,66114.0,123.66598
2024-04-22 14:00:00,66113.48,66267.81,66064.82,66088.0,121.43564
2024-04-22 14:05:00,66088.0,66250.0,66086.0,66194.63,101.05062
2024-04-22 14:10:00,66194.62,66299.0,66167.64,66273.99,110.11182
2024-04-22 14:15:00,66273.99,66280.0,66160.07,66208.07,80.09637
2024-04-22 14:20:00,66208.08,66299.48,66110.63,66293.07,190.80046
2024-04-22 14:25:00,66293.07,66455.04,66222.53,66455.03,218.10364
2024-04-22 14:30:00,66455.04,66477.53,66280.62,66313.22,291.78663
2024-04-22 14:35:00,66313.23,66343.43,66216.44,66308.0,119.99294
2024-04-22 14:40:00,66308.01,66389.46,66240.0,66259.67,92.30427
2024-04-22 14:45:00,66259.67,66307.83,66204.43,66245.98,103.99312
2024-04-22 14:50:00,66245.99,66293.06,66200.0,66280.97,92.09488
2024-04-22 14:55:00,66280.97,66293.99,65962.16,66031.77,183.67309
2024-04-22 15:00:00,66031.78,66085.46,65828.21,65855.94,178.35128
2024-04-22 15:05:00,65855.95,65878.0,65750.01,65787.01,176.6957
2024-04-22 15:10:00,65787.01,65814.0,65665.86,65762.1,147.67947
2024-04-22 15:15:00,65762.1,65843.75,65706.02,65771.5,141.45397
2024-04-22 15:20:00,65771.5,65850.0,65763.4,65811.99,89.8535
2024-04-22 15:25:00,65811.99,65833.97,65771.43,65807.99,66.76476
2024-04-22 15:30:00,65808.0,65951.0,65800.0,65950.92,85.34205
2024-04-22 15:35:00,65950.93,65987.46,65909.1,65926.95,78.60138
2024-04-22 15:40:00,65926.96,66080.86,65926.95,65962.96,82.10416
2024-04-22 15:45:00,65962.96,66028.97,65937.5,66022.31,52.84153
2024-04-22 15:50:00,66022.32,66028.97,65881.89,65939.58,52.10238
2024-04-22 15:55:00,65939.58,66006.01,65939.58,65994.38,38.97397
2024-04-22 16:00:00,65994.39,66020.43,65942.7,65999.56,55.1887
2024-04-22 16:05:00,65999.55,66077.72,65926.17,66077.72,58.52791
2024-04-22 16:10:00,66077.72,66220.45,66077.71,66187.09,120.26476
2024-04-22 16:15:00,66187.1,66400.0,66141.72,66324.0,184.97483
2024-04-22 16:20:00,66324.01,66419.56,66267.8,66280.87,131.14234
2024-04-22 16:25:00,66280.87,66280.88,66122.31,66211.6,82.19484
2024-04-22 16:30:00,66211.61,66211.61,66077.71,66087.17,67.85065
2024-04-22 16:35:00,66087.17,66105.73,66040.04,66042.2,58.36284
2024-04-22 16:40:00,66042.2,66057.38,65913.52,66030.0,88.66372
2024-04-22 16:45:00,66030.0,66156.25,66029.99,66077.71,61.11245
2024-04-22 16:50:00,66077.72,66103.3,66019.52,66064.39,53.32604
2024-04-22 16:55:00,66064.38,66156.25,66040.03,66154.73,57.99297
2024-04-22 17:00:00,66154.73,66334.9,66133.35,66333.99,81.71675
2024-04-22 17:05:00,66334.0,66365.25,66278.21,66337.94,100.61678
2024-04-22 17:10:00,66337.94,66383.1,66293.05,66364.58,113.68621
2024-04-22 17:15:00,66364.59,66374.0,66293.21,66293.21,64.21297
2024-04-22 17:20:00,66293.21,66380.0,66293.21,66374.0,56.68672
2024-04-22 17:25:00,66374.0,66767.46,66354.0,66734.0,503.73783
2024-04-22 17:30:00,66734.0,66821.0,66547.1,66665.33,309.20149
2024-04-22 17:35:00,66665.33,66693.8,66588.85,66614.0,90.56372
2024-04-22 17:40:00,66614.01,66774.7,66580.0,66705.32,113.78657
2024-04-22 17:45:00,66705.33,66780.0,66647.97,66762.53,151.76018
2024-04-22 17:50:00,66762.52,66824.28,66704.2,66704.2,129.97215
2024-04-22 17:55:00,66704.2,66735.84,66540.0,66540.0,115.42141
2024-04-22 18:00:00,66540.01,66540.01,66466.93,66528.84,91.84586
2024-04-22 18:05:00,66528.85,66682.23,66509.99,66679.18,66.24696
2024-04-22 18:10:00,66679.17,66691.22,66578.0,66578.0,40.88547
2024-04-22 18:15:00,66578.01,66620.0,66535.27,66535.28,59.18475
2024-04-22 18:20:00,66535.28,66617.65,66535.27,66550.01,69.32965
2024-04-22 18:25:00,66550.0,66550.01,66470.0,66473.99,59.1492
2024-04-22 18:30:00,66474.0,66534.66,66473.99,66525.18,63.04131
2024-04-22 18:35:00,66525.19,66532.98,66394.52,66412.28,116.16541
2024-04-22 18:40:00,66412.28,66472.0,66393.24,66437.9,62.39039
2024-04-22 18:45:00,66437.91,66454.0,66392.0,66392.0,50.10034
2024-04-22 18:50:00,66392.01,66406.0,66293.05,66327.54,104.14174
2024-04-22 18:55:00,66327.54,66366.8,66314.35,66331.17,40.42537
2024-04-22 19:00:00,66331.16,66354.0,66292.09,66332.01,45.28876
2024-04-22 19:05:00,66332.0,66446.0,66294.0,66434.02,104.5638
2024-04-22 19:10:00,66434.02,66445.99,66368.0,66368.0,37.13123
2024-04-22 19:15:00,66368.01,66426.21,66261.0,66261.01,72.2528
2024-04-22 19:20:00,66261.0,66261.01,66141.07,66209.19,104.84439
2024-04-22 19:25:00,66209.2,66293.06,66205.2,66272.02,69.49016
2024-04-22 19:30:00,66272.01,66314.98,66248.17,66248.17,38.7665
2024-04-22 19:35:00,66248.17,66310.0,66201.35,66300.0,112.24121
2024-04-22 19:40:00,66300.01,66413.04,66290.0,66374.0,42.79748
2024-04-22 19:45:00,66374.0,66442.9,66362.84,66441.14,35.28934
2024-04-22 19:50:00,66441.13,66441.14,66360.0,66436.58,82.63939
2024-04-22 19:55:00,66436.58,66609.33,66436.57,66524.77,155.43657
2024-04-22 20:00:00,66524.77,66557.99,66461.24,66464.0,66.48804
2024-04-22 20:05:00,66464.01,66664.4,66464.0,66623.8,80.48491
2024-04-22 20:10:00,66623.79,66696.64,66597.23,66672.58,102.35043
2024-04-22 20:15:00,66672.57,66760.56,66641.0,66641.01,106.77347
2024-04-22 20:20:00,66641.01,66728.28,66586.25,66636.61,73.10002
2024-04-22 20:25:00,66636.62,66642.63,66584.61,66594.43,37.34314
2024-04-22 20:30:00,66594.43,66594.44,66502.79,66530.07,50.84764
2024-04-22 20:35:00,66530.07,66540.0,66489.58,66500.0,41.41665
2024-04-22 20:40:00,66499.99,66500.0,66464.01,66483.23,29.17261
2024-04-22 20:45:00,66483.23,66483.23,66451.19,66462.0,44.14304
2024-04-22 20:50:00,66462.0,66462.01,66394.52,66430.82,66.49378
2024-04-22 20:55:00,66430.81,66509.51,66402.43,66509.5,33.36748
2024-04-22 21:00:00,66509.5,66546.0,66451.18,66452.76,74.38385
2024-04-22 21:05:00,66452.75,66499.99,66446.0,66452.89,26.77961
2024-04-22 21:10:00,66452.9,66470.0,66440.12,66440.13,20.88012
2024-04-22 21:15:00,66440.13,66521.25,66440.0,66521.25,30.13179
2024-04-22 21:20:00,66521.25,66524.54,66497.88,66497.88,20.10673
2024-04-22 21:25:00,66497.88,66497.89,66492.0,66492.0,10.05401
2024-04-22 21:30:00,66492.0,66497.89,66476.0,66476.0,22.77725
2024-04-22 21:35:00,66476.0,66507.85,66342.1,66494.72,88.82387
2024-04-22 21:40:00,66494.71,66558.91,66489.56,66489.57,34.79265
2024-04-22 21:45:00,66489.56,66521.25,66489.56,66494.95,24.86809
2024-04-22 21:50:00,66494.95,66545.34,66460.0,66545.34,52.40292
2024-04-22 21:55:00,66545.33,66550.0,66494.0,66526.94,75.11003
2024-04-22 22:00:00,66526.94,66696.0,66526.94,66696.0,214.31725
2024-04-22 22:05:00,66696.0,66725.2,66650.46,66676.32,162.47962
2024-04-22 22:10:00,66676.31,66767.46,66676.31,66767.46,62.90513
2024-04-22 22:15:00,66767.45,66767.46,66654.02,66676.01,93.36037
2024-04-22 22:20:00,66676.0,66691.99,66612.05,66691.99,40.13042
2024-04-22 22:25:00,66691.98,66758.0,66691.98,66696.0,70.33055
2024-04-22 22:30:00,66696.0,66756.0,66696.0,66752.89,49.98843
2024-04-22 22:35:00,66752.88,66796.0,66640.94,66688.8,59.94145
2024-04-22 22:40:00,66688.81,66716.76,66662.2,66684.99,46.56016
2024-04-22 22:45:00,66684.99,66776.87,66670.0,66766.53,86.80966
2024-04-22 22:50:00,66766.53,67200.0,66766.52,67146.98,487.77408
2024-04-22 22:55:00,67146.98,67199.72,67006.51,67027.97,226.95751
2024-04-22 23:00:00,67027.98,67146.0,66920.0,67043.35,238.99411
2024-04-22 23:05:00,67043.35,67190.65,67032.03,67172.51,104.12782
2024-04-22 23:10:00,67172.51,67232.35,67060.0,67195.15,171.72885
2024-04-22 23:15:00,67195.14,67220.0,67136.01,67177.99,91.02823
2024-04-22 23:20:00,67177.99,67186.56,67023.0,67028.0,91.92704
2024-04-22 23:25:00,67028.0,67095.97,67023.01,67028.14,83.14105
2024-04-22 23:30:00,67028.14,67040.0,66847.13,66847.14,107.84864
2024-04-22 23:35:00,66847.14,66900.0,66812.77,66874.01,57.50083
2024-04-22 23:40:00,66874.0,66933.11,66823.58,66844.18,64.68504
2024-04-22 23:45:00,66844.17,66893.96,66820.0,66829.99,50.01687
2024-04-22 23:50:00,66829.99,66862.34,66818.84,66818.85,22.78916
2024-04-22 23:55:00,66818.85,66828.0,66790.0,66819.32,39.62258
2024-04-23 00:00:00,66819.32,66852.54,66747.1,66747.1,108.37982
2024-04-23 00:05:00,66747.1,66828.0,66747.1,66812.0,91.92492
2024-04-23 00:10:00,66812.0,66869.75,66806.38,66808.01,99.17016
2024-04-23 00:15:00,66808.0,66857.18,66743.11,66743.11,55.46613
2024-04-23 00:20:00,66743.11,66840.0,66743.11,66766.27,72.64203
2024-04-23 00:25:00,66766.26,66766.27,66712.96,66763.99,76.54365
2024-04-23 00:30:00,66763.99,66878.0,66758.42,66877.99,71.39561
2024-04-23 00:35:00,66877.99,66964.28,66877.99,66928.01,51.83294
2024-04-23 00:40:00,66928.02,66941.18,66866.29,66867.17,36.78349
2024-04-23 00:45:00,66867.17,66893.97,66827.62,66839.32,34.36789
2024-04-23 00:50:00,66839.32,67032.83,66839.32,67023.54,203.7823
2024-04-23 00:55:00,67023.54,67028.15,66946.0,67028.14,53.48724
2024-04-23 01:00:00,67028.15,67168.0,67008.01,67137.09,96.64435
2024-04-23 01:05:00,67137.09,67137.1,66964.78,67020.47,78.3947
2024-04-23 01:10:00,67020.48,67183.01,67020.47,67156.31,93.39729
2024-04-23 01:15:00,67156.3,67156.31,67005.41,67011.59,65.13335
2024-04-23 01:20:00,67011.58,67059.83,66902.83,66931.99,81.38027
2024-04-23 01:25:00,66931.99,66996.0,66901.42,66980.01,52.04335
2024-04-23 01:30:00,66980.0,67016.51,66930.0,67016.51,148.28719
2024-04-23 01:35:00,67016.5,67058.56,66950.81,66971.99,44.18971
2024-04-23 01:40:00,66972.0,67020.48,66947.5,66947.5,73.36818
2024-04-23 01:45:00,66947.5,66951.98,66855.8,66884.02,55.57833
2024-04-23 01:50:00,66884.02,66893.58,66816.0,66816.0,67.39901
2024-04-23 01:55:00,66816.0,66834.94,66777.4,66780.0,82.40633
2024-04-23 02:00:00,66780.0,66912.0,66780.0,66825.4,89.38727
2024-04-23 02:05:00,66825.41,66869.75,66800.0,66852.02,37.77482
2024-04-23 02:10:00,66852.01,66908.93,66846.0,66884.02,50.39322
2024-04-23 02:15:00,66884.02,66884.02,66817.17,66865.55,39.00616
2024-04-23 02:20:00,66865.55,66865.56,66803.6,66806.95,21.36698
2024-04-23 02:25:00,66806.94,66848.0,66806.94,66828.59,37.79649
2024-04-23 02:30:00,66828.59,66829.91,66788.0,66818.01,40.03659
2024-04-23 02:35:00,66818.01,66846.0,66802.12,66827.6,31.74492
2024-04-23 02:40:00,66827.6,66827.61,66802.0,66806.43,12.48934
2024-04-23 02:45:00,66806.42,66847.99,66740.6,66769.71,96.89483
2024-04-23 02:50:00,66769.72,66770.0,66651.4,66672.0,85.07968
2024-04-23 02:55:00,66671.99,66723.65,66558.31,66615.79,136.87772
2024-04-23 03:00:00,66615.79,66748.82,66593.99,66743.75,78.72103
2024-04-23 03:05:00,66743.75,66743.75,66700.0,66712.79,31.63556
2024-04-23 03:10:00,66712.79,66749.64,66712.78,66741.85,38.49391
2024-04-23 03:15:00,66741.85,66756.0,66738.28,66752.72,30.95106
2024-04-23 03:20:00,66752.72,66756.0,66655.27,66667.99,43.70197
2024-04-23 03:25:00,66668.0,66720.0,66660.78,66719.99,32.13124
2024-04-23 03:30:00,66720.0,66720.0,66542.0,66622.63,109.26007
2024-04-23 03:35:00,66622.63,66639.22,66505.34,66553.98,67.08259
2024-04-23 03:40:00,66553.98,66577.7,66531.61,66571.98,46.67632
2024-04-23 03:45:00,66571.98,66571.99,66460.0,66537.99,96.2159
2024-04-23 03:50:00,66537.99,66537.99,66470.38,66521.25,40.27376
2024-04-23 03:55:00,66521.25,66521.25,66419.55,66435.01,55.04794
2024-04-23 04:00:00,66435.01,66523.0,66398.61,66519.8,141.47465
2024-04-23 04:05:00,66519.8,66537.98,66482.81,66533.22,50.00304
2024-04-23 04:10:00,66533.22,66558.96,66518.67,66535.53,55.62857
2024-04-23 04:15:00,66535.54,66582.67,66469.0,66480.0,72.51146
2024-04-23 04:20:00,66480.0,66490.14,66403.29,66439.99,42.858
2024-04-23 04:25:00,66440.0,66456.92,66332.14,66332.16,55.34132
2024-04-23 04:30:00,66332.17,66399.99,66251.28,66391.25,149.69079
2024-04-23 04:35:00,66391.25,66451.19,66358.2,66451.19,40.07966
2024-04-23 04:40:00,66451.19,66451.19,66400.0,66400.0,33.73358
2024-04-23 04:45:00,66400.0,66400.01,66273.76,66290.01,131.02123
2024-04-23 04:50:00,66290.0,66314.0,66181.1,66258.83,135.27802
2024-04-23 04:55:00,66258.83,66264.45,66196.0,66244.02,93.9439
2024-04-23 05:00:00,66244.02,66359.32,66222.0,66358.0,59.20654
2024-04-23 05:05:00,66358.01,66367.5,66272.38,66328.34,92.84172
2024-04-23 05:10:00,66328.35,66328.35,66246.0,66293.06,59.89974
2024-04-23 05:15:00,66293.05,66299.49,66200.01,66206.0,48.92182
2024-04-23 05:20:00,66206.0,66285.34,66192.0,66261.43,60.83817
2024-04-23 05:25:00,66261.42,66349.97,66261.42,66349.97,44.44971
2024-04-23 05:30:00,66349.97,66543.68,66349.96,66499.99,147.593
2024-04-23 05:35:00,66500.0,66609.31,66462.62,66609.3,110.77855
2024-04-23 05:40:00,66609.31,66609.31,66489.56,66512.01,104.71892
2024-04-23 05:45:00,66512.0,66540.13,66482.81,66482.82,64.52898
2024-04-23 05:50:00,66482.81,66508.72,66461.36,66507.85,27.98266
2024-04-23 05:55:00,66507.86,66528.0,66469.58,66490.01,29.83089
2024-04-23 06:00:00,66490.01,66594.99,66483.48,66594.96,64.58412
2024-04-23 06:05:00,66594.95,66613.76,66530.0,66593.5,72.10743
2024-04-23 06:10:00,66593.5,66593.51,66536.7,66556.0,35.09858
2024-04-23 06:15:00,66555.99,66556.0,66509.13,66548.0,35.10838
2024-04-23 06:20:00,66548.0,66576.17,66526.27,66576.16,31.18058
2024-04-23 06:25:00,66576.16,66646.0,66557.57,66609.33,38.93307
2024-04-23 06:30:00,66609.33,66635.99,66460.0,66490.0,78.48953
2024-04-23 06:35:00,66490.0,66567.58,66488.51,66522.01,28.27443
2024-04-23 06:40:00,66522.0,66562.17,66497.07,66530.38,31.60653
2024-04-23 06:45:00,66530.38,66543.08,66480.0,66480.01,46.12717
2024-04-23 06:50:00,66480.01,66494.45,66334.81,66353.95,61.01997
2024-04-23 06:55:00,66353.96,66378.16,66304.0,66378.16,57.70921
2024-04-23 07:00:00,66378.15,66451.19,66356.32,66418.41,84.23026
2024-04-23 07:05:00,66418.42,66444.0,66394.52,66406.81,44.93979
2024-04-23 07:10:00,66406.8,66406.81,66286.89,66291.76,87.01185
2024-04-23 07:15:00,66291.76,66361.56,66268.13,66310.0,50.62704
2024-04-23 07:20:00,66309.99,66356.03,66309.99,66324.17,36.34884
2024-04-23 07:25:00,66324.16,66362.85,66271.1,66306.96,55.75349
2024-04-23 07:30:00,66306.95,66367.87,66200.0,66220.03,187.54475
2024-04-23 07:35:00,66220.03,66241.88,66020.0,66123.87,213.31527
2024-04-23 07:40:00,66123.87,66172.76,66099.85,66170.0,53.2168
2024-04-23 07:45:00,66170.0,66244.31,66152.0,66240.59,74.18893
2024-04-23 07:50:00,66240.58,66240.59,66150.21,66150.22,83.8764
2024-04-23 07:55:00,66150.21,66154.31,66064.3,66099.79,100.80946
2024-04-23 08:00:00,66099.79,66180.6,66099.78,66148.59,109.4214
2024-04-23 08:05:00,66148.59,66181.92,66084.23,66084.24,70.73295
2024-04-23 08:10:00,66084.23,66084.24,65963.4,65989.66,203.73244
2024-04-23 08:15:00,65989.66,66103.29,65989.66,66093.93,100.0855
2024-04-23 08:20:00,66093.94,66156.65,66054.0,66131.98,92.75773
2024-04-23 08:25:00,66131.98,66190.0,66107.55,66139.99,48.52556
2024-04-23 08:30:00,66140.0,66145.99,66061.7,66064.01,55.96794
2024-04-23 08:35:00,66064.01,66100.0,66050.0,66099.99,37.56271
2024-04-23 08:40:00,66100.0,66141.08,66087.39,66140.96,61.87467
2024-04-23 08:45:00,66140.95,66179.2,66138.01,66144.0,59.28776
2024-04-23 08:50:00,66143.99,66172.0,66103.42,66103.43,51.96404
2024-04-23 08:55:00,66103.43,66260.47,66103.42,66215.07,83.4506
2024-04-23 09:00:00,66215.06,66309.3,66215.06,66243.3,85.84613
2024-04-23 09:05:00,66243.29,66282.98,66213.23,66222.2,114.46893
2024-04-23 09:10:00,66222.19,66280.01,66200.0,66280.01,61.54169
2024-04-23 09:15:00,66280.0,66280.01,66216.44,66232.0,70.97384
2024-04-23 09:20:00,66231.99,66235.23,66150.54,66185.99,39.83344
2024-04-23 09:25:00,66185.99,66234.58,66174.0,66214.0,43.14812
2024-04-23 09:30:00,66214.01,66249.53,66166.54,66166.54,52.44266
2024-04-23 09:35:00,66166.54,66186.58,66112.0,66112.0,64.33386
2024-04-23 09:40:00,66112.01,66155.61,66109.39,66142.74,31.74827
2024-04-23 09:45:00,66142.73,66166.55,66108.47,66111.81,53.31169
2024-04-23 09:50:00,66111.8,66111.81,66057.81,66057.99,63.61052
2024-04-23 09:55:00,66058.0,66088.75,66046.63,66058.99,63.8885
2024-04-23 10:00:00,66059.0,66185.44,66058.99,66156.83,100.7086
2024-04-23 10:05:00,66156.83,66165.29,66103.28,66120.34,47.63859
2024-04-23 10:10:00,66120.35,66144.0,66112.0,66112.0,41.72209
2024-04-23 10:15:00,66112.0,66128.0,66072.62,66100.21,50.51218
2024-04-23 10:20:00,66100.2,66205.45,66094.24,66168.01,117.28158
2024-04-23 10:25:00,66168.01,66204.44,66114.37,66114.37,66.45822
2024-04-23 10:30:00,66114.37,66256.34,66114.37,66254.45,88.75013
2024-04-23 10:35:00,66254.44,66310.44,66227.0,66281.41,120.92479
2024-04-23 10:40:00,66281.4,66300.85,66248.0,66277.0,47.02588
2024-04-23 10:45:00,66277.0,66292.0,66240.0,66240.0,62.53975
2024-04-23 10:50:00,66240.0,66267.81,66221.83,66267.8,43.67109
2024-04-23 10:55:00,66267.81,66279.92,66190.03,66210.74,73.20146
2024-04-23 11:00:00,66210.74,66236.13,66122.0,66153.95,78.6331
2024-04-23 11:05:00,66153.95,66153.95,66000.62,66066.4,174.41108
2024-04-23 11:10:00,66066.39,66186.79,66066.39,66183.99,76.47522
2024-04-23 11:15:00,66183.99,66184.0,66092.05,66121.12,57.72991
2024-04-23 11:20:00,66121.12,66121.12,66071.13,66071.13,40.99735
2024-04-23 11:25:00,66071.13,66086.19,66067.01,66086.18,41.81258
2024-04-23 11:30:00,66086.19,66124.65,66015.45,66050.42,72.45814
2024-04-23 11:35:00,66050.42,66065.56,65852.35,65901.01,219.61532
2024-04-23 11:40:00,65901.0,65972.03,65855.94,65884.19,82.78736
2024-04-23 11:45:00,65884.19,65988.91,65884.18,65958.99,134.28546
2024-04-23 11:50:00,65958.99,66052.62,65958.98,66036.14,63.97592
2024-04-23 11:55:00,66036.13,66044.0,65996.0,66043.99,40.52454
2024-04-23 12:00:00,66043.99,66113.17,66014.35,66113.16,74.72075
2024-04-23 12:05:00,66113.17,66165.0,66099.6,66100.0,120.90728
2024-04-23 12:10:00,66100.0,66126.81,65953.4,66025.63,74.11827
2024-04-23 12:15:00,66025.62,66039.94,65946.0,65960.01,55.49885
2024-04-23 12:20:00,65960.01,66144.0,65954.36,66032.51,91.69109
2024-04-23 12:25:00,66032.51,66080.0,66008.4,66057.68,63.17578
2024-04-23 12:30:00,66057.69,66107.57,66040.03,66043.53,81.62663
2024-04-23 12:35:00,66043.54,66067.18,65980.86,66002.53,84.31835
2024-04-23 12:40:00,66002.53,66019.85,65905.16,65905.17,142.85113
2024-04-23 12:45:00,65905.17,65982.68,65765.81,65954.01,308.02769
2024-04-23 12:50:00,65954.0,66016.0,65922.55,65990.0,44.30578
2024-04-23 12:55:00,65990.0,66134.92,65990.0,66134.91,95.61571
2024-04-23 13:00:00,66134.91,66189.43,66103.69,66109.4,84.44531
2024-04-23 13:05:00,66109.39,66144.97,66055.37,66144.96,58.70003
2024-04-23 13:10:00,66144.97,66145.97,66094.0,66104.0,50.44681
2024-04-23 13:15:00,66104.0,66104.0,66049.4,66070.34,65.29707
2024-04-23 13:20:00,66070.46,66120.0,66068.84,66071.67,41.73251
2024-04-23 13:25:00,66071.67,66125.17,66070.0,66118.01,34.81143
2024-04-23 13:30:00,66118.01,66258.0,66077.71,66190.01,183.8501
2024-04-23 13:35:00,66190.0,66405.17,66161.71,66378.24,149.77931
2024-04-23 13:40:00,66378.24,66480.0,66316.08,66409.36,176.6635
2024-04-23 13:45:00,66409.36,66571.63,66300.28,66348.0,471.14434
2024-04-23 13:50:00,66348.0,66540.41,66285.13,66522.4,222.15589
2024-04-23 13:55:00,66522.39,66590.92,66391.4,66509.29,279.76347
2024-04-23 14:00:00,66509.3,66538.36,66420.0,66503.06,231.18527
2024-04-23 14:05:00,66503.06,66760.0,66493.65,66669.68,306.28939
2024-04-23 14:10:00,66669.68,66949.89,66616.29,66801.05,379.66975
2024-04-23 14:15:00,66801.05,66946.0,66776.0,66784.01,160.35931
2024-04-23 14:20:00,66784.01,66918.01,66784.0,66862.33,149.61862
2024-04-23 14:25:00,66862.33,66862.34,66720.0,66733.46,174.35437
2024-04-23 14:30:00,66733.46,67109.3,66711.33,67042.01,417.18882
2024-04-23 14:35:00,67042.01,67130.0,66829.67,66829.68,246.32696
2024-04-23 14:40:00,66829.68,66901.43,66584.61,66647.91,195.9365
2024-04-23 14:45:00,66647.92,66733.18,66570.5,66707.94,214.72333
2024-04-23 14:50:00,66707.94,66950.0,66707.94,66926.43,172.19707
2024-04-23 14:55:00,66926.44,66988.85,66846.0,66909.78,142.82891
2024-04-23 15:00:00,66909.79,66930.47,66688.0,66739.25,152.87824
2024-04-23 15:05:00,66739.25,66830.72,66723.43,66747.99,106.31802
2024-04-23 15:10:00,66748.0,66808.0,66668.93,66728.01,117.11536
2024-04-23 15:15:00,66728.0,66740.0,66547.17,66589.99,154.32446
2024-04-23 15:20:00,66590.0,66694.03,66577.69,66660.1,89.80229
2024-04-23 15:25:00,66660.11,66767.46,66660.1,66740.0,62.36643
2024-04-23 15:30:00,66740.0,66774.7,66571.0,66616.0,70.4185
2024-04-23 15:35:00,66616.0,66620.0,66462.24,66586.14,260.19223
2024-04-23 15:40:00,66586.13,66609.33,66399.32,66435.14,157.41862
2024-04-23 15:45:00,66435.14,66521.25,66414.0,66516.0,98.88445
2024-04-23 15:50:00,66516.01,66521.25,66476.0,66500.61,51.64866
2024-04-23 15:55:00,66500.6,66550.0,66328.44,66419.56,168.75954
2024-04-23 16:00:00,66419.56,66514.45,66350.91,66499.29,99.68128
2024-04-23 16:05:00,66499.3,66715.63,66499.29,66659.49,159.68177
2024-04-23 16:10:00,66659.48,66684.16,66630.31,66675.91,35.39102
2024-04-23 16:15:00,66675.92,66735.84,66665.08,66719.91,89.11637
2024-04-23 16:20:00,66719.9,66722.8,66616.29,66642.01,51.27777
2024-04-23 16:25:00,66642.0,66646.0,66526.29,66645.99,76.49617
2024-04-23 16:30:00,66645.99,66704.0,66580.0,66610.63,50.53562
2024-04-23 16:35:00,66610.62,66656.0,66580.0,66630.52,34.82496
2024-04-23 16:40:00,66630.52,66703.68,66630.52,66703.6,42.81125
2024-04-23 16:45:00,66703.6,66807.91,66680.0,66743.01,74.09029
2024-04-23 16:50:00,66743.01,66766.85,66717.6,66746.01,47.56252
2024-04-23 16:55:00,66746.0,66760.0,66690.0,66747.36,44.71421
2024-04-23 17:00:00,66747.35,66792.96,66680.12,66687.35,48.29508
2024-04-23 17:05:00,66687.35,66758.3,66670.78,66722.75,31.27122
2024-04-23 17:10:00,66722.75,66730.0,66636.0,66636.0,46.3431
2024-04-23 17:15:00,66636.01,66653.14,66584.61,66653.13,48.73929
2024-04-23 17:20:00,66653.13,66720.0,66632.02,66720.0,35.14869
2024-04-23 17:25:00,66720.0,66722.75,66689.68,66693.4,21.66231
2024-04-23 17:30:00,66693.4,66719.99,66628.52,66670.55,62.21731
2024-04-23 17:35:00,66670.55,66750.0,66670.54,66711.34,37.45944
2024-04-23 17:40:00,66711.33,66774.7,66711.33,66756.82,28.00121
2024-04-23 17:45:00,66756.83,66905.99,66756.82,66788.0,121.28833
2024-04-23 17:50:00,66788.0,66788.86,66715.88,66749.88,48.71133
2024-04-23 17:55:00,66749.87,66763.24,66735.83,66753.71,21.46767
2024-04-23 18:00:00,66753.72,66812.35,66745.84,66761.99,53.56615
2024-04-23 18:05:00,66761.98,66825.95,66725.01,66763.62,63.79177
2024-04-23 18:10:00,66763.61,66765.36,66697.1,66756.65,129.12505
2024-04-23 18:15:00,66756.66,66846.0,66747.96,66815.54,44.4412
2024-04-23 18:20:00,66815.54,66836.01,66780.0,66797.31,34.56978
2024-04-23 18:25:00,66797.31,66804.01,66752.0,66753.5,38.36818
2024-04-23 18:30:00,66753.5,66773.65,66694.2,66694.2,35.13951
2024-04-23 18:35:00,66694.2,66734.05,66688.0,66688.0,40.30321
2024-04-23 18:40:00,66688.0,66688.01,66589.47,66679.65,104.74621
2024-04-23 18:45:00,66679.65,66764.46,66630.94,66693.99,69.57638
2024-04-23 18:50:00,66694.0,66720.0,66668.61,66720.0,27.7492
2024-04-23 18:55:00,66719.99,66783.57,66719.99,66783.56,29.52387
2024-04-23 19:00:00,66783.57,66783.57,66688.0,66704.21,52.37349
2024-04-23 19:05:00,66704.21,66729.7,66679.65,66707.07,47.13305
2024-04-23 19:10:00,66707.07,66738.39,66680.01,66688.01,48.34333
2024-04-23 19:15:00,66688.0,66688.01,66538.0,66577.69,69.55629
2024-04-23 19:20:00,66577.7,66635.58,66573.78,66635.58,31.34542
2024-04-23 19:25:00,66635.58,66635.58,66580.53,66580.53,13.63787
2024-04-23 19:30:00,66580.54,66590.0,66446.0,66528.0,78.81353
2024-04-23 19:35:00,66528.0,66560.0,66486.81,66559.99,49.81545
2024-04-23 19:40:00,66559.99,66577.7,66491.81,66501.98,38.3454
2024-04-23 19:45:00,66501.98,66538.31,66454.03,66482.81,60.05841
2024-04-23 19:50:00,66482.81,66488.01,66450.0,66456.88,35.83354
2024-04-23 19:55:00,66456.87,66485.21,66390.0,66484.43,62.85571
2024-04-23 20:00:00,66484.43,66484.96,66404.75,66411.01,92.01638
2024-04-23 20:05:00,66411.01,66411.02,66220.6,66346.0,151.976
2024-04-23 20:10:00,66346.01,66349.11,66240.0,66240.0,43.88632
2024-04-23 20:15:00,66240.0,66274.0,66073.58,66073.59,199.89592
2024-04-23 20:20:00,66073.59,66166.55,65980.0,66122.07,200.18894
2024-04-23 20:25:00,66122.08,66217.88,66122.07,66174.0,55.62416
2024-04-23 20:30:00,66174.0,66278.2,66114.19,66261.75,62.77446
2024-04-23 20:35:00,66261.75,66291.09,66248.0,66287.5,43.58361
2024-04-23 20:40:00,66287.49,66333.38,66287.49,66293.06,74.53696
2024-04-23 20:45:00,66293.06,66307.99,66274.5,66290.0,26.19429
2024-04-23 20:50:00,66289.99,66290.0,66257.95,66279.99,28.90027
2024-04-23 20:55:00,66279.99,66352.94,66200.73,66352.94,54.75817
2024-04-23 21:00:00,66352.94,66352.94,66304.0,66332.0,19.91899
2024-04-23 21:05:00,66332.01,66387.94,66320.0,66333.99,24.29948
2024-04-23 21:10:00,66333.99,66338.79,66306.37,66338.77,23.94151
2024-04-23 21:15:00,66338.78,66338.78,66286.85,66319.99,19.50999
2024-04-23 21:20:00,66319.99,66322.7,66289.96,66315.0,38.05038
2024-04-23 21:25:00,66314.99,66441.52,66314.99,66441.52,53.00189
2024-04-23 21:30:00,66441.51,66464.0,66369.99,66369.99,53.09816
2024-04-23 21:35:00,66370.0,66374.0,66325.58,66334.84,22.8052
2024-04-23 21:40:00,66334.84,66334.85,66288.06,66297.34,22.4768
2024-04-23 21:45:00,66297.33,66339.2,66297.33,66339.19,17.22909
2024-04-23 21:50:00,66339.2,66339.2,66258.86,66258.87,18.25746
2024-04-23 21:55:00,66258.86,66386.32,66258.86,66352.01,31.60351
2024-04-23 22:00:00,66352.0,66410.0,66278.59,66401.57,72.16268
2024-04-23 22:05:00,66401.57,66424.73,66358.0,66380.01,54.04645
2024-04-23 22:10:00,66380.01,66438.0,66380.0,66419.87,34.5721
2024-04-23 22:15:00,66419.86,66452.88,66403.29,66452.87,28.89453
2024-04-23 22:20:00,66452.88,66455.76,66380.01,66380.02,30.12185
2024-04-23 22:25:00,66380.02,66386.0,66373.19,66385.99,11.57908
2024-04-23 22:30:00,66385.99,66447.42,66385.99,66394.53,27.41375
2024-04-23 22:35:00,66394.53,66434.25,66382.69,66416.01,17.94217
2024-04-23 22:40:00,66416.0,66443.99,66403.3,66443.98,21.23539
2024-04-23 22:45:00,66443.99,66443.99,66382.69,66398.01,31.34456
2024-04-23 22:50:00,66398.01,66402.88,66284.95,66284.96,59.38391
2024-04-23 22:55:00,66284.95,66362.85,66280.0,66362.85,36.74101
2024-04-23 23:00:00,66362.84,66362.85,66163.0,66176.0,58.94236
2024-04-23 23:05:00,66175.99,66252.76,66120.0,66240.02,89.77013
2024-04-23 23:10:00,66240.02,66279.54,66224.0,66250.01,65.0167
2024-04-23 23:15:00,66250.01,66329.14,66205.29,66324.68,32.45468
2024-04-23 23:20:00,66324.67,66332.22,66281.01,66328.49,23.04725
2024-04-23 23:25:00,66328.49,66380.53,66314.83,66350.61,25.80605
2024-04-23 23:30:00,66350.6,66411.08,66350.6,66386.01,34.05371
2024-04-23 23:35:00,66386.01,66433.31,66384.0,66423.99,24.63401
2024-04-23 23:40:00,66423.99,66428.0,66400.0,66412.01,27.76171
2024-04-23 23:45:00,66412.0,66412.01,66367.17,66380.0,16.25021
2024-04-23 23:50:00,66380.0,66406.0,66379.99,66386.6,15.10408
2024-04-23 23:55:00,66386.6,66422.0,66383.76,66414.0,17.89564
2024-04-24 00:00:00,66414.0,66569.86,66390.0,66548.85,107.94812
2024-04-24 00:05:00,66548.85,66655.95,66548.0,66574.0,110.8536
2024-04-24 00:10:00,66573.99,66616.3,66546.06,66602.19,47.37277
2024-04-24 00:15:00,66602.18,66602.19,66451.18,66451.18,45.33067
2024-04-24 00:20:00,66451.19,66550.22,66446.0,66475.62,50.96595
2024-04-24 00:25:00,66475.62,66506.4,66399.9,66506.4,177.04139
2024-04-24 00:30:00,66506.39,66560.01,66464.0,66521.4,77.44973
2024-04-24 00:35:00,66521.39,66683.73,66521.39,66626.0,80.84622
2024-04-24 00:40:00,66626.0,66720.0,66593.99,66719.99,81.36524
2024-04-24 00:45:00,66719.99,66747.73,66684.0,66747.72,48.87326
2024-04-24 00:50:00,66747.71,66747.72,66616.29,66686.32,193.3912
2024-04-24 00:55:00,66686.31,66742.19,66677.53,66742.19,39.90125
2024-04-24 01:00:00,66742.18,66838.0,66722.87,66837.99,105.64056
2024-04-24 01:05:00,66837.98,66837.99,66761.99,66761.99,50.01567
2024-04-24 01:10:00,66761.99,66780.22,66684.71,66714.89,40.44096
2024-04-24 01:15:00,66714.89,66714.9,66682.33,66700.59,33.94835
2024-04-24 01:20:00,66700.6,66734.92,66692.45,66726.48,39.97102
2024-04-24 01:25:00,66726.47,66798.97,66726.47,66785.38,32.0157
2024-04-24 01:30:00,66785.38,66810.0,66733.16,66744.01,56.47635
2024-04-24 01:35:00,66744.0,66800.0,66696.73,66773.99,70.38543
2024-04-24 01:40:00,66773.99,66877.48,66773.99,66876.07,78.6738
2024-04-24 01:45:00,66876.08,66900.0,66806.37,66823.67,58.7422
2024-04-24 01:50:00,66823.67,66823.67,66775.76,66775.77,23.29052
2024-04-24 01:55:00,66775.77,66785.9,66743.24,66743.25,39.88854
2024-04-24 02:00:00,66743.25,66766.0,66661.66,66661.66,68.69434
2024-04-24 02:05:00,66661.66,66703.83,66610.39,66703.82,59.18707
2024-04-24 02:10:00,66703.82,66720.0,66674.23,66710.0,47.07675
2024-04-24 02:15:00,66710.0,66724.67,66630.0,66630.01,48.10038
2024-04-24 02:20:00,66630.01,66678.37,66594.74,66604.79,57.39415
2024-04-24 02:25:00,66604.8,66630.0,66554.28,66557.99,75.82782
2024-04-24 02:30:00,66558.0,66577.7,66441.32,66574.0,102.81736
2024-04-24 02:35:00,66574.01,66626.0,66556.11,66625.23,41.22821
2024-04-24 02:40:00,66625.22,66646.0,66594.0,66639.44,41.35919
2024-04-24 02:45:00,66639.44,66649.7,66585.41,66585.41,78.38543
2024-04-24 02:50:00,66585.41,66604.95,66560.0,66604.94,70.47272
2024-04-24 02:55:00,66604.94,66604.95,66530.0,66530.01,35.42832
2024-04-24 03:00:00,66530.01,66661.49,66514.44,66661.49,78.26761
2024-04-24 03:05:00,66661.48,66686.65,66628.0,66686.64,46.29134
2024-04-24 03:10:00,66686.64,66686.65,66640.94,66653.86,48.36842
2024-04-24 03:15:00,66653.86,66688.0,66611.39,66611.39,37.10457
2024-04-24 03:20:00,66611.4,66639.97,66562.35,66565.65,50.93155
2024-04-24 03:25:00,66565.66,66615.33,66558.05,66609.76,22.12663
2024-04-24 03:30:00,66609.76,66617.98,66574.14,66616.3,75.0415
2024-04-24 03:35:00,66616.29,66665.23,66612.26,66665.22,110.3194
2024-04-24 03:40:00,66665.22,66714.43,66656.69,66656.69,53.29503
2024-04-24 03:45:00,66656.7,66661.94,66596.0,66612.64,49.51847
2024-04-24 03:50:00,66612.65,66629.05,66568.76,66570.98,34.54062
2024-04-24 03:55:00,66570.98,66608.15,66557.29,66608.14,23.75091
2024-04-24 04:00:00,66608.14,66640.95,66589.01,66640.95,54.34416
2024-04-24 04:05:00,66640.95,66645.81,66609.84,66639.99,52.00521
2024-04-24 04:10:00,66639.99,66700.0,66620.02,66696.44,76.4374
2024-04-24 04:15:00,66696.43,66696.44,66670.03,66677.5,36.03821
2024-04-24 04:20:00,66677.5,66760.0,66677.49,66759.99,81.63548
2024-04-24 04:25:00,66760.0,66760.0,66720.16,66726.01,30.62953
2024-04-24 04:30:00,66726.01,66758.0,66674.03,66677.86,88.41597
2024-04-24 04:35:00,66677.85,66723.43,66672.57,66723.42,41.15138
2024-04-24 04:40:00,66723.43,66774.4,66717.91,66774.4,32.18273
2024-04-24 04:45:00,66774.39,67065.0,66774.39,66971.56,265.92867
2024-04-24 04:50:00,66971.56,67058.0,66944.0,66947.51,102.92306
2024-04-24 04:55:00,66947.51,67048.02,66932.14,67008.0,90.71772
2024-04-24 05:00:00,67008.0,67070.43,67008.0,67056.39,140.54728
2024-04-24 05:05:00,67056.39,67056.4,66902.53,66902.53,89.07342
2024-04-24 05:10:00,66902.54,66948.76,66881.82,66940.01,79.24788
2024-04-24 05:15:00,66940.01,66940.01,66838.06,66838.07,75.66717
2024-04-24 05:20:00,66838.07,66855.39,66806.37,66813.33,56.3127
2024-04-24 05:25:00,66813.33,66838.07,66767.45,66767.46,54.78301
2024-04-24 05:30:00,66767.46,66780.0,66650.01,66652.0,97.07587
2024-04-24 05:35:00,66652.0,66748.85,66633.0,66703.62,107.02712
2024-04-24 05:40:00,66703.63,66743.02,66703.62,66729.91,46.77051
2024-04-24 05:45:00,66729.91,66729.92,66658.0,66707.99,79.25378
2024-04-24 05:50:00,66707.99,66757.77,66707.98,66738.46,32.50783
2024-04-24 05:55:00,66738.46,66774.4,66734.0,66735.06,42.76159
2024-04-24 06:00:00,66735.06,66735.07,66650.09,66672.63,55.49939
2024-04-24 06:05:00,66672.62,66672.63,66600.0,66642.0,50.61044
2024-04-24 06:10:00,66642.0,66666.0,66619.33,66631.4,83.44962
2024-04-24 06:15:00,66631.39,66692.25,66570.0,66575.64,52.60093
2024-04-24 06:20:00,66575.65,66650.02,66552.37,66640.01,34.92087
2024-04-24 06:25:00,66640.01,66653.33,66602.68,66637.99,34.17333
2024-04-24 06:30:00,66637.99,66638.0,66581.8,66612.84,20.41718
2024-04-24 06:35:00,66612.84,66767.11,66612.84,66734.0,56.3394
2024-04-24 06:40:00,66734.0,66777.25,66734.0,66764.0,44.55858
2024-04-24 06:45:00,66763.99,66774.7,66704.2,66774.7,110.68385
2024-04-24 06:50:00,66774.7,66792.0,66752.0,66774.0,34.38585
2024-04-24 06:55:00,66773.99,66786.0,66754.0,66778.26,23.09252
2024-04-24 07:00:00,66778.25,66790.0,66705.56,66705.57,42.06515
2024-04-24 07:05:00,66705.56,66799.09,66688.0,66795.64,55.52722
2024-04-24 07:10:00,66795.64,66823.0,66795.64,66818.21,68.24519
2024-04-24 07:15:00,66818.2,66878.0,66806.37,66858.46,107.60076
2024-04-24 07:20:00,66858.46,66883.68,66799.08,66871.67,76.69456
2024-04-24 07:25:00,66871.67,66879.89,66816.79,66816.79,33.16202
2024-04-24 07:30:00,66816.79,66816.8,66743.01,66805.08,78.49723
2024-04-24 07:35:00,66805.09,66812.35,66760.0,66760.0,37.07705
2024-04-24 07:40:00,66760.0,66760.01,66660.01,66663.65,38.22338
2024-04-24 07:45:00,66663.64,66688.0,66597.01,66597.01,46.81746
2024-04-24 07:50:00,66597.01,66679.66,66588.0,66655.59,69.88366
2024-04-24 07:55:00,66655.59,66676.91,66630.89,66630.9,125.91561
2024-04-24 08:00:00,66630.89,66664.0,66595.72,66664.0,88.54563
2024-04-24 08:05:00,66664.0,66681.03,66624.0,66634.38,53.93294
2024-04-24 08:10:00,66634.38,66646.0,66626.0,66626.01,36.61083
2024-04-24 08:15:00,66626.01,66653.05,66485.3,66590.33,150.15007
2024-04-24 08:20:00,66590.33,66660.65,66560.0,66584.0,100.16244
2024-04-24 08:25:00,66584.0,66710.0,66583.99,66692.0,68.77839
2024-04-24 08:30:00,66692.0,66743.01,66692.0,66717.99,37.08735
2024-04-24 08:35:00,66717.99,66717.99,66564.52,66590.0,78.10219
2024-04-24 08:40:00,66589.99,66590.0,66525.54,66583.74,100.25734
2024-04-24 08:45:00,66583.75,66652.03,66574.35,66588.01,34.95053
2024-04-24 08:50:00,66588.0,66588.01,66488.0,66529.99,80.44828
2024-04-24 08:55:00,66529.99,66563.99,66525.54,66533.99,29.89917
2024-04-24 09:00:00,66533.98,66560.51,66377.0,66446.02,100.1383
2024-04-24 09:05:00,66446.01,66446.02,66350.0,66404.0,79.82317
2024-04-24 09:10:00,66404.0,66460.78,66403.99,66460.77,48.68553
2024-04-24 09:15:00,66460.78,66460.78,66368.0,66435.98,54.19961
2024-04-24 09:20:00,66435.98,66509.91,66435.98,66484.01,78.30106
2024-04-24 09:25:00,66484.02,66484.02,66437.69,66437.69,37.19542
2024-04-24 09:30:00,66437.69,66470.37,66395.99,66395.99,38.04788
2024-04-24 09:35:00,66395.99,66416.13,66272.0,66398.02,118.05591
2024-04-24 09:40:00,66398.02,66398.02,66321.54,66360.0,36.85768
2024-04-24 09:45:00,66359.99,66360.0,66273.0,66346.0,77.77899
2024-04-24 09:50:00,66346.01,66363.62,66309.07,66363.62,41.28431
2024-04-24 09:55:00,66363.62,66388.0,66363.61,66366.01,36.16706
2024-04-24 10:00:00,66366.0,66500.53,66332.0,66470.0,64.30447
2024-04-24 10:05:00,66470.0,66517.85,66203.05,66248.01,127.44745
2024-04-24 10:10:00,66248.01,66336.0,66247.63,66286.02,70.09396
2024-04-24 10:15:00,66286.02,66406.0,66286.01,66373.38,53.50273
2024-04-24 10:20:00,66373.38,66380.01,66320.0,66380.01,58.48869
2024-04-24 10:25:00,66380.0,66394.53,66350.0,66350.01,46.91222
2024-04-24 10:30:00,66350.0,66464.0,66340.25,66435.11,60.22746
2024-04-24 10:35:00,66435.11,66449.17,66369.02,66370.0,50.51317
2024-04-24 10:40:00,66370.01,66442.24,66305.0,66355.31,51.66086
2024-04-24 10:45:00,66355.3,66382.65,66307.4,66382.65,58.55766
2024-04-24 10:50:00,66382.64,66457.89,66366.0,66420.43,59.67088
2024-04-24 10:55:00,66420.44,66480.0,66388.0,66432.25,73.47348
2024-04-24 11:00:00,66432.26,66484.72,66407.95,66457.48,56.98432
2024-04-24 11:05:00,66457.48,66486.0,66413.34,66424.0,68.70078
2024-04-24 11:10:00,66424.0,66424.01,66380.07,66413.99,38.3478
2024-04-24 11:15:00,66413.99,66420.0,66384.0,66419.99,25.34993
2024-04-24 11:20:00,66420.0,66432.0,66361.73,66395.65,77.05589
2024-04-24 11:25:00,66395.65,66608.74,66395.65,66590.33,132.37164
2024-04-24 11:30:00,66590.33,66631.01,66532.01,66566.01,62.56081
2024-04-24 11:35:00,66566.0,66604.42,66521.24,66570.0,53.01394
2024-04-24 11:40:00,66570.01,66570.01,66544.06,66567.51,77.84238
2024-04-24 11:45:00,66567.5,66567.51,66448.01,66456.0,44.85042
2024-04-24 11:50:00,66456.0,66502.29,66440.27,66502.28,49.31856
2024-04-24 11:55:00,66502.28,66592.0,66489.56,66571.52,42.67784
2024-04-24 12:00:00,66571.52,66622.71,66515.61,66600.0,98.3195
2024-04-24 12:05:00,66600.01,66724.74,66584.64,66719.99,105.3959
2024-04-24 12:10:00,66720.0,66737.0,66548.08,66592.0,105.4033
2024-04-24 12:15:00,66591.99,66679.66,66554.83,66679.65,66.22197
2024-04-24 12:20:00,66679.65,66685.0,66604.42,66649.99,51.29395
2024-04-24 12:25:00,66649.99,66662.64,66620.0,66659.98,60.82314
2024-04-24 12:30:00,66659.98,66709.58,66616.29,66636.62,76.865
2024-04-24 12:35:00,66636.61,66656.0,66582.0,66593.8,37.3752
2024-04-24 12:40:00,66593.8,66593.8,66461.11,66469.94,107.7861
2024-04-24 12:45:00,66469.94,66469.95,66351.1,66412.18,118.07619
2024-04-24 12:50:00,66412.17,66460.0,66379.66,66441.82,68.48806
2024-04-24 12:55:00,66441.82,66448.7,66352.46,66353.02,68.9295
2024-04-24 13:00:00,66353.01,66355.99,66040.03,66139.13,402.07927
2024-04-24 13:05:00,66139.13,66197.36,66040.03,66045.68,195.57341
2024-04-24 13:10:00,66045.68,66169.3,65970.0,66145.99,215.31237
2024-04-24 13:15:00,66145.98,66192.14,66038.0,66087.99,139.33948
2024-04-24 13:20:00,66087.99,66119.83,66048.0,66059.99,89.13521
2024-04-24 13:25:00,66060.0,66099.01,66010.06,66032.0,117.70823
2024-04-24 13:30:00,66031.99,66038.0,65834.28,65942.59,477.65229
2024-04-24 13:35:00,65942.58,66183.2,65887.63,66160.0,237.33265
2024-04-24 13:40:00,66159.99,66289.0,66136.9,66158.19,141.07637
2024-04-24 13:45:00,66158.2,66182.27,66039.74,66166.55,117.10215
2024-04-24 13:50:00,66166.55,66274.99,66081.39,66121.99,143.88062
2024-04-24 13:55:00,66121.99,66153.95,65904.7,66054.99,132.58102
2024-04-24 14:00:00,66055.0,66163.27,66035.38,66113.82,97.67511
2024-04-24 14:05:00,66113.81,66200.0,66109.39,66119.48,84.12065
2024-04-24 14:10:00,66119.48,66161.58,66042.01,66042.02,108.07575
2024-04-24 14:15:00,66042.02,66109.4,66000.0,66027.99,94.32793
2024-04-24 14:20:00,66028.0,66042.0,65722.89,65866.01,380.3589
2024-04-24 14:25:00,65866.0,65896.62,65233.88,65456.01,909.66601
2024-04-24 14:30:00,65456.01,65456.01,65051.0,65091.99,772.75487
2024-04-24 14:35:00,65091.99,65154.0,64845.5,65060.0,803.77361
2024-04-24 14:40:00,65060.0,65092.02,64732.34,64908.0,562.24764
2024-04-24 14:45:00,64907.99,65249.01,64789.91,65249.01,604.73899
2024-04-24 14:50:00,65249.01,65249.01,65043.16,65088.0,258.82716
2024-04-24 14:55:00,65088.0,65301.16,64964.86,65234.85,414.8418
2024-04-24 15:00:00,65234.86,65243.73,65046.26,65104.76,148.55073
2024-04-24 15:05:00,65104.77,65157.82,65006.49,65128.0,144.52911
2024-04-24 15:10:00,65128.0,65183.96,65010.71,65023.18,124.38017
2024-04-24 15:15:00,65023.17,65095.6,64816.29,64931.33,315.77937
2024-04-24 15:20:00,64931.33,64962.8,64723.52,64834.22,355.01806
2024-04-24 15:25:00,64834.22,64916.11,64750.37,64801.98,200.17726
2024-04-24 15:30:00,64801.99,65044.0,64725.33,65043.99,230.82778
2024-04-24 15:35:00,65043.99,65079.65,64827.81,64975.46,155.23314
2024-04-24 15:40:00,64975.47,64982.45,64519.03,64569.99,343.96474
2024-04-24 15:45:00,64570.0,64785.71,64538.0,64745.7,319.29541
2024-04-24 15:50:00,64745.7,64772.58,64616.88,64744.01,231.76927
2024-04-24 15:55:00,64744.0,64756.0,64532.0,64610.11,283.50448
2024-04-24 16:00:00,64610.1,64959.74,64535.0,64895.98,310.9843
2024-04-24 16:05:00,64895.98,64933.09,64788.0,64846.55,151.44743
2024-04-24 16:10:00,64846.55,64896.0,64657.15,64706.0,181.86808
2024-04-24 16:15:00,64706.0,64774.06,64620.0,64632.99,182.13622
2024-04-24 16:20:00,64632.99,64734.22,64533.89,64620.39,188.23387
2024-04-24 16:25:00,64620.38,64657.15,64368.0,64421.55,438.57616
2024-04-24 16:30:00,64421.54,64616.84,64348.0,64616.84,275.16386
2024-04-24 16:35:00,64616.84,64810.48,64608.0,64784.0,209.606
2024-04-24 16:40:00,64784.01,64784.01,64683.75,64747.04,94.5986
2024-04-24 16:45:00,64747.05,64799.97,64669.96,64710.0,99.85352
2024-04-24 16:50:00,64710.0,64826.55,64607.97,64759.14,107.30971
2024-04-24 16:55:00,64759.15,64824.0,64715.43,64798.0,75.07459
2024-04-24 17:00:00,64797.99,64898.0,64786.01,64820.01,174.87224
2024-04-24 17:05:00,64820.01,64894.82,64766.33,64860.01,158.76035
2024-04-24 17:10:00,64860.0,65022.34,64842.15,64968.56,162.19546
2024-04-24 17:15:00,64968.55,65000.0,64880.0,64923.28,142.84348
2024-04-24 17:20:00,64923.28,64940.0,64840.8,64940.0,100.06086
2024-04-24 17:25:00,64939.99,64989.99,64939.74,64980.05,134.50989
2024-04-24 17:30:00,64980.05,65156.95,64980.0,65032.97,169.86516
2024-04-24 17:35:00,65032.97,65119.4,64990.03,65007.98,134.36743
2024-04-24 17:40:00,65007.99,65063.93,64950.0,64966.0,58.48578
2024-04-24 17:45:00,64966.0,64977.2,64857.87,64893.69,101.64513
2024-04-24 17:50:00,64893.68,64930.65,64842.15,64865.99,136.48959
2024-04-24 17:55:00,64866.0,64911.64,64865.99,64889.47,37.0926
2024-04-24 18:00:00,64889.47,64920.0,64729.37,64781.99,241.29107
2024-04-24 18:05:00,64781.98,64798.14,64652.06,64784.34,114.8407
2024-04-24 18:10:00,64784.34,64794.0,64730.0,64742.87,41.64343
2024-04-24 18:15:00,64742.87,64771.33,64708.53,64740.0,61.04328
2024-04-24 18:20:00,64740.0,64740.0,64689.28,64708.0,37.33368
2024-04-24 18:25:00,64707.99,64790.81,64664.0,64693.77,76.13745
2024-04-24 18:30:00,64693.77,64721.43,64620.38,64674.29,91.65249
2024-04-24 18:35:00,64674.3,64759.99,64674.29,64758.3,60.0641
2024-04-24 18:40:00,64758.3,64778.8,64581.11,64593.66,120.43587
2024-04-24 18:45:00,64593.67,64599.56,64367.11,64413.82,278.53801
2024-04-24 18:50:00,64413.82,64435.22,64070.15,64261.55,440.71682
2024-04-24 18:55:00,64261.56,64313.1,64103.02,64127.04,128.33933
2024-04-24 19:00:00,64127.04,64185.96,63736.7,64017.35,654.62193
2024-04-24 19:05:00,64017.36,64272.81,64011.18,64238.0,222.64589
2024-04-24 19:10:00,64238.01,64303.58,64145.17,64246.42,154.27944
2024-04-24 19:15:00,64246.42,64290.02,64170.19,64288.01,164.94028
2024-04-24 19:20:00,64288.0,64448.2,64251.49,64427.24,154.06647
2024-04-24 19:25:00,64427.25,64459.97,64343.81,64400.89,114.14843
2024-04-24 19:30:00,64400.89,64486.0,64384.92,64485.99,82.07655
2024-04-24 19:35:00,64486.0,64486.0,64375.0,64429.99,84.19033
2024-04-24 19:40:00,64430.0,64430.42,64335.25,64338.0,95.88086
2024-04-24 19:45:00,64338.0,64430.0,64320.01,64402.99,64.98808
2024-04-24 19:50:00,64402.99,64402.99,64266.0,64292.11,63.70601
2024-04-24 19:55:00,64292.11,64303.58,63942.63,63976.06,288.09489
2024-04-24 20:00:00,63976.05,64240.01,63949.89,64224.01,206.40631
2024-04-24 20:05:00,64224.0,64224.01,63958.75,63990.09,202.35566
2024-04-24 20:10:00,63990.08,64125.0,63892.21,63940.46,163.00042
2024-04-24 20:15:00,63940.46,64018.45,63750.0,63770.0,219.71335
2024-04-24 20:20:00,63770.0,63792.46,63606.06,63778.08,534.21378
2024-04-24 20:25:00,63778.09,63975.97,63656.01,63914.54,298.4104
2024-04-24 20:30:00,63914.55,64045.68,63878.01,63893.08,244.63398
2024-04-24 20:35:00,63893.08,64102.74,63893.07,64087.68,123.16722
2024-04-24 20:40:00,64087.68,64200.0,64004.0,64198.65,142.9734
2024-04-24 20:45:00,64198.65,64200.0,64062.5,64099.99,122.84506
2024-04-24 20:50:00,64100.0,64202.44,64038.0,64166.05,106.65632
2024-04-24 20:55:00,64166.05,64190.11,64075.6,64110.0,56.84485
2024-04-24 21:00:00,64110.01,64174.0,64000.0,64154.47,141.36434
2024-04-24 21:05:00,64154.47,64218.75,64081.81,64153.99,93.05359
2024-04-24 21:10:00,64153.99,64170.74,64081.82,64144.79,52.92461
2024-04-24 21:15:00,64144.78,64270.58,64140.33,64260.51,72.13889
2024-04-24 21:20:00,64260.51,64363.8,64100.0,64145.18,125.97234
2024-04-24 21:25:00,64145.18,64341.69,64145.17,64282.69,102.54918
2024-04-24 21:30:00,64282.68,64447.91,64282.68,64368.01,90.0833
2024-04-24 21:35:00,64368.01,64406.24,64312.52,64312.53,43.40196
2024-04-24 21:40:00,64312.52,64384.74,64286.72,64354.33,62.82367
2024-04-24 21:45:00,64354.34,64374.23,64297.56,64350.8,33.99137
2024-04-24 21:50:00,64350.8,64371.38,64279.99,64371.37,35.65821
2024-04-24 21:55:00,64371.38,64412.63,64355.18,64399.37,41.97083
2024-04-24 22:00:00,64399.37,64404.0,64322.34,64403.99,54.7395
2024-04-24 22:05:00,64404.0,64404.0,64307.14,64352.0,56.12732
2024-04-24 22:10:00,64352.01,64385.73,64311.26,64339.4,47.80192
2024-04-24 22:15:00,64339.41,64339.41,64105.0,64137.18,174.88428
2024-04-24 22:20:00,64137.18,64194.96,64113.49,64170.73,66.96131
2024-04-24 22:25:00,64170.74,64270.08,64160.0,64270.07,49.17543
2024-04-24 22:30:00,64270.07,64270.08,64160.1,64193.99,47.24803
2024-04-24 22:35:00,64193.99,64245.69,64156.25,64175.06,55.82339
2024-04-24 22:40:00,64175.06,64240.22,64175.05,64240.22,24.04383
2024-04-24 22:45:00,64240.22,64242.75,64012.19,64075.6,116.48607
2024-04-24 22:50:00,64075.61,64093.75,63956.49,64091.99,140.61927
2024-04-24 22:55:00,64091.99,64145.18,64088.02,64096.0,38.8457
2024-04-24 23:00:00,64096.0,64096.01,63825.72,63878.86,133.73622
2024-04-24 23:05:00,63878.86,64135.79,63850.0,64075.6,99.98748
2024-04-24 23:10:00,64075.61,64206.31,64054.0,64196.0,143.64309
2024-04-24 23:15:00,64196.0,64303.58,64192.0,64254.65,108.88382
2024-04-24 23:20:00,64254.64,64286.0,64113.99,64129.5,87.57364
2024-04-24 23:25:00,64129.5,64129.51,64000.0,64066.46,84.35737
2024-04-24 23:30:00,64066.47,64196.88,64065.78,64196.76,90.44967
2024-04-24 23:35:00,64196.76,64196.77,64143.27,64155.99,39.83207
2024-04-24 23:40:00,64156.0,64317.19,64147.49,64317.19,54.34864
2024-04-24 23:45:00,64317.19,64332.11,64229.11,64254.47,70.89154
2024-04-24 23:50:00,64254.47,64339.83,64243.98,64304.48,70.79957
2024-04-24 23:55:00,64304.47,64329.27,64256.0,64289.59,51.75701
2024-04-25 00:00:00,64289.58,64328.39,64226.6,64324.86,69.75704
2024-04-25 00:05:00,64324.86,64410.0,64312.5,64339.37,109.99016
2024-04-25 00:10:00,64339.38,64392.69,64329.26,64390.18,71.93043
2024-04-25 00:15:00,64390.18,64450.0,64343.75,64407.99,107.02351
2024-04-25 00:20:00,64408.0,64453.22,64380.0,64424.01,109.87837
2024-04-25 00:25:00,64424.01,64486.0,64424.01,64484.39,57.41979
2024-04-25 00:30:00,64484.4,64633.61,64484.39,64597.89,124.76471
2024-04-25 00:35:00,64597.89,64607.1,64544.42,64580.01,94.46433
2024-04-25 00:40:00,64580.01,64741.47,64566.02,64713.09,193.18383
2024-04-25 00:45:00,64713.08,64741.47,64592.86,64592.86,111.17425
2024-04-25 00:50:00,64592.87,64595.06,64560.06,64565.11,60.09822
2024-04-25 00:55:00,64565.11,64592.86,64538.0,64557.25,31.45096
2024-04-25 01:00:00,64557.25,64582.79,64538.94,64558.0,89.66025
2024-04-25 01:05:00,64558.0,64657.15,64464.28,64486.0,86.37025
2024-04-25 01:10:00,64485.99,64550.0,64456.97,64456.98,64.74453
2024-04-25 01:15:00,64456.98,64478.73,64380.0,64468.5,76.14901
2024-04-25 01:20:00,64468.49,64551.22,64440.0,64483.43,39.93675
2024-04-25 01:25:00,64483.44,64525.35,64446.99,64525.35,28.88635
2024-04-25 01:30:00,64525.34,64560.0,64524.0,64559.99,43.44166
2024-04-25 01:35:00,64559.99,64588.0,64329.26,64379.0,88.13116
2024-04-25 01:40:00,64379.0,64379.0,64243.42,64344.01,85.45214
2024-04-25 01:45:00,64344.01,64382.98,64268.89,64327.33,64.97407
2024-04-25 01:50:00,64327.33,64379.46,64102.19,64159.41,150.16361
2024-04-25 01:55:00,64159.4,64174.0,64046.74,64067.98,151.06673
2024-04-25 02:00:00,64067.99,64067.99,63860.0,63998.68,288.23214
2024-04-25 02:05:00,63998.68,64223.41,63955.08,64203.99,126.21465
2024-04-25 02:10:00,64203.99,64237.45,64133.98,64230.01,38.59207
2024-04-25 02:15:00,64230.01,64295.12,64172.0,64250.01,76.94796
2024-04-25 02:20:00,64250.01,64314.0,64180.16,64313.99,78.12244
2024-04-25 02:25:00,64313.99,64338.58,64258.73,64334.01,40.60698
2024-04-25 02:30:00,64334.0,64334.01,64246.54,64287.24,61.5336
2024-04-25 02:35:00,64287.23,64287.24,64177.85,64190.0,57.74134
2024-04-25 02:40:00,64190.0,64260.0,64189.99,64224.47,35.2699
2024-04-25 02:45:00,64224.48,64249.98,64149.44,64176.0,37.60743
2024-04-25 02:50:00,64176.0,64265.7,64175.99,64253.11,32.05674
2024-04-25 02:55:00,64253.11,64299.99,64232.62,64299.98,29.49145
2024-04-25 03:00:00,64299.98,64411.62,64292.0,64391.99,67.95011
2024-04-25 03:05:00,64391.98,64391.99,64244.4,64263.85,59.62977
2024-04-25 03:10:00,64263.85,64263.85,64128.3,64152.0,120.6957
2024-04-25 03:15:00,64151.99,64300.0,64151.99,64299.99,60.30487
2024-04-25 03:20:00,64300.0,64303.58,64204.76,64254.0,33.90227
2024-04-25 03:25:00,64254.0,64372.74,64235.99,64344.02,60.83317
2024-04-25 03:30:00,64344.01,64424.08,64340.0,64382.0,60.98591
2024-04-25 03:35:00,64382.0,64420.0,64320.0,64420.0,51.99171
2024-04-25 03:40:00,64420.0,64464.29,64404.0,64411.99,37.75416
2024-04-25 03:45:00,64411.99,64420.0,64361.95,64396.01,46.32831
2024-04-25 03:50:00,64396.02,64424.4,64315.78,64315.79,62.31394
2024-04-25 03:55:00,64315.79,64320.0,64282.01,64282.01,26.20216
2024-04-25 04:00:00,64282.02,64346.53,64252.13,64265.99,73.86409
2024-04-25 04:05:00,64265.98,64265.99,64107.31,64108.81,72.1002
2024-04-25 04:10:00,64108.81,64170.74,64058.0,64095.74,83.14136
2024-04-25 04:15:00,64095.73,64203.77,64060.0,64142.4,62.84528
2024-04-25 04:20:00,64142.4,64172.64,64107.31,64172.63,57.84301
2024-04-25 04:25:00,64172.63,64218.33,64140.29,64188.02,47.50071
2024-04-25 04:30:00,64188.01,64297.57,64188.01,64297.57,29.69138
2024-04-25 04:35:00,64297.56,64397.78,64284.27,64309.04,91.60811
2024-04-25 04:40:00,64309.05,64309.05,64282.0,64288.01,19.38954
2024-04-25 04:45:00,64288.0,64365.15,64283.71,64338.0,53.84136
2024-04-25 04:50:00,64337.99,64348.72,64319.01,64330.0,23.53067
2024-04-25 04:55:00,64330.01,64347.33,64318.0,64337.99,49.50921
2024-04-25 05:00:00,64338.0,64345.01,64208.55,64232.0,86.86316
2024-04-25 05:05:00,64232.0,64234.28,64184.0,64184.01,23.31179
2024-04-25 05:10:00,64184.0,64194.0,64116.0,64188.7,74.5951
2024-04-25 05:15:00,64188.71,64234.15,64145.17,64145.17,58.60714
2024-04-25 05:20:00,64145.18,64198.0,64025.5,64053.99,112.91787
2024-04-25 05:25:00,64053.99,64102.13,64032.47,64102.12,28.72383
2024-04-25 05:30:00,64102.12,64218.33,64097.22,64218.32,49.37452
2024-04-25 05:35:00,64218.32,64265.86,64218.32,64244.01,25.92597
2024-04-25 05:40:00,64244.01,64311.0,64237.0,64311.0,36.857
2024-04-25 05:45:00,64311.0,64377.6,64298.83,64303.58,93.63217
2024-04-25 05:50:00,64303.58,64303.58,64247.26,64259.97,30.98911
2024-04-25 05:55:00,64259.96,64259.97,64223.35,64223.36,31.32519
2024-04-25 06:00:00,64223.36,64240.22,64195.7,64240.22,34.57206
2024-04-25 06:05:00,64240.21,64297.57,64240.21,64297.57,18.60442
2024-04-25 06:10:00,64297.56,64347.32,64297.56,64311.2,29.54079
2024-04-25 06:15:00,64311.2,64311.21,64281.26,64296.0,32.65302
2024-04-25 06:20:00,64296.0,64309.58,64287.28,64287.29,29.46176
2024-04-25 06:25:00,64287.29,64312.8,64279.15,64312.79,18.47209
2024-04-25 06:30:00,64312.79,64391.99,64312.79,64391.98,53.0942
2024-04-25 06:35:00,64391.99,64391.99,64238.82,64238.82,39.20049
2024-04-25 06:40:00,64238.83,64238.83,64202.46,64220.48,20.92328
2024-04-25 06:45:00,64220.47,64268.33,64220.47,64244.27,39.08651
2024-04-25 06:50:00,64244.28,64281.98,64244.27,64264.0,26.03558
2024-04-25 06:55:00,64264.0,64288.0,64263.99,64288.0,21.96384
2024-04-25 07:00:00,64288.0,64337.22,64271.89,64280.0,51.54508
2024-04-25 07:05:00,64280.0,64312.09,64237.42,64312.08,65.70336
2024-04-25 07:10:00,64312.08,64345.31,64297.56,64345.3,44.16348
2024-04-25 07:15:00,64345.31,64379.85,64331.72,64335.26,32.73641
2024-04-25 07:20:00,64335.26,64335.26,64260.0,64303.59,78.23761
2024-04-25 07:25:00,64303.58,64303.59,64240.71,64246.0,41.47233
2024-04-25 07:30:00,64246.01,64262.7,64220.51,64220.51,63.94438
2024-04-25 07:35:00,64220.52,64220.52,63990.43,63990.99,140.10388
2024-04-25 07:40:00,63990.99,63996.0,63904.0,63921.99,142.4059
2024-04-25 07:45:00,63921.98,64069.61,63824.07,63989.26,159.62725
2024-04-25 07:50:00,63989.25,64060.29,63989.25,64041.99,55.34559
2024-04-25 07:55:00,64042.0,64063.82,63958.0,64017.99,75.88947
2024-04-25 08:00:00,64017.99,64092.57,63990.02,64073.85,93.27191
2024-04-25 08:05:00,64073.86,64075.0,63973.48,64008.88,49.30341
2024-04-25 08:10:00,64008.87,64083.87,63950.0,64083.87,96.41544
2024-04-25 08:15:00,64083.86,64170.27,64083.86,64168.0,62.36164
2024-04-25 08:20:00,64168.0,64176.86,64035.73,64058.0,88.76464
2024-04-25 08:25:00,64058.0,64058.0,63906.0,63948.78,124.50605
2024-04-25 08:30:00,63948.79,64053.15,63854.0,63914.0,133.10491
2024-04-25 08:35:00,63913.99,63914.0,63723.37,63811.0,278.93807
2024-04-25 08:40:00,63810.99,63900.0,63780.47,63819.09,91.04336
2024-04-25 08:45:00,63819.1,63874.39,63708.2,63770.08,116.9754
2024-04-25 08:50:00,63770.08,63853.66,63740.59,63800.01,124.84299
2024-04-25 08:55:00,63800.0,63948.79,63800.0,63948.78,69.74556
2024-04-25 09:00:00,63948.78,64041.94,63894.0,64020.0,65.30942
2024-04-25 09:05:00,64020.0,64192.0,63992.01,64122.06,154.22322
2024-04-25 09:10:00,64122.06,64157.29,64046.46,64144.0,67.26135
2024-04-25 09:15:00,64144.0,64162.0,63986.82,64055.52,114.56729
2024-04-25 09:20:00,64055.52,64120.4,64032.45,64032.46,53.13898
2024-04-25 09:25:00,64032.46,64083.87,64010.83,64022.48,40.26579
2024-04-25 09:30:00,64022.49,64059.08,63973.22,64012.33,54.23952
2024-04-25 09:35:00,64012.34,64057.47,63943.22,63943.23,51.51116
2024-04-25 09:40:00,63943.22,63943.23,63877.47,63915.55,53.18327
2024-04-25 09:45:00,63915.56,63915.56,63809.13,63853.24,74.21541
2024-04-25 09:50:00,63853.24,63939.45,63839.99,63926.0,75.08004
2024-04-25 09:55:00,63926.0,63966.03,63926.0,63966.02,30.86089
2024-04-25 10:00:00,63966.03,63966.03,63897.84,63909.25,36.39237
2024-04-25 10:05:00,63909.25,63935.48,63750.0,63774.0,88.03365
2024-04-25 10:10:00,63774.01,63842.69,63560.0,63810.66,398.19273
2024-04-25 10:15:00,63810.67,63853.66,63656.18,63665.99,135.69544
2024-04-25 10:20:00,63666.0,63676.85,63400.0,63445.17,448.53722
2024-04-25 10:25:00,63445.17,63579.83,63355.0,63447.45,289.77775
2024-04-25 10:30:00,63447.45,63539.96,63337.25,63512.0,266.9548
2024-04-25 10:35:00,63512.0,63562.3,63402.52,63509.56,236.98206
2024-04-25 10:40:00,63509.57,63580.0,63488.0,63547.67,183.08014
2024-04-25 10:45:00,63547.68,63659.0,63547.67,63600.01,110.38389
2024-04-25 10:50:00,63600.01,63622.02,63492.45,63492.46,101.89921
2024-04-25 10:55:00,63492.46,63526.93,63459.62,63462.01,122.94471
2024-04-25 11:00:00,63462.0,63542.79,63447.37,63542.69,136.79643
2024-04-25 11:05:00,63542.69,63649.58,63511.38,63649.58,74.64322
2024-04-25 11:10:00,63649.58,63739.99,63590.89,63660.78,111.3431
2024-04-25 11:15:00,63660.77,63775.96,63656.42,63736.89,100.7162
2024-04-25 11:20:00,63736.88,63819.45,63736.88,63819.45,110.93299
2024-04-25 11:25:00,63819.44,63907.74,63782.58,63907.73,85.53204
2024-04-25 11:30:00,63907.73,63907.74,63754.0,63810.79,103.13293
2024-04-25 11:35:00,63810.8,63864.18,63775.94,63856.0,99.55611
2024-04-25 11:40:00,63856.0,63926.87,63838.0,63926.86,64.6233
2024-04-25 11:45:00,63926.86,63994.23,63915.38,63979.74,102.00713
2024-04-25 11:50:00,63979.73,63979.74,63834.92,63877.92,120.65137
2024-04-25 11:55:00,63877.92,63887.05,63846.0,63861.23,92.43332
2024-04-25 12:00:00,63861.24,63861.24,63708.06,63735.99,113.77315
2024-04-25 12:05:00,63736.0,64017.36,63731.02,64007.5,101.579
2024-04-25 12:10:00,64007.5,64168.71,64007.5,64058.0,246.84973
2024-04-25 12:15:00,64057.99,64095.76,63980.48,64018.45,146.05252
2024-04-25 12:20:00,64018.45,64095.52,63980.68,64004.0,109.14448
2024-04-25 12:25:00,64004.01,64074.0,63977.99,64064.0,58.05764
2024-04-25 12:30:00,64063.99,64302.99,63779.99,63819.93,633.82186
2024-04-25 12:35:00,63819.94,64071.74,63811.83,63869.66,181.99679
2024-04-25 12:40:00,63869.66,63895.53,63676.11,63764.79,196.65909
2024-04-25 12:45:00,63764.79,63817.63,63550.74,63563.46,197.04899
2024-04-25 12:50:00,63563.45,63612.0,63267.03,63378.97,381.69535
2024-04-25 12:55:00,63378.98,63563.8,63378.97,63429.82,227.53424
2024-04-25 13:00:00,63429.83,63571.89,63170.0,63242.0,359.50459
2024-04-25 13:05:00,63242.01,63267.99,63037.05,63049.99,520.25874
2024-04-25 13:10:00,63050.0,63233.35,62900.0,63096.0,532.40047
2024-04-25 13:15:00,63096.0,63176.48,62941.61,62992.0,323.01199
2024-04-25 13:20:00,62992.0,63146.52,62794.0,63146.52,460.18801
2024-04-25 13:25:00,63146.51,63247.85,63133.85,63209.1,209.32226
2024-04-25 13:30:00,63209.09,63216.67,62932.67,63090.2,286.69986
2024-04-25 13:35:00,63090.2,63327.05,63074.33,63266.01,205.26678
2024-04-25 13:40:00,63266.0,63571.95,63256.5,63457.77,355.05679
2024-04-25 13:45:00,63457.76,63523.71,63301.81,63330.0,203.84625
2024-04-25 13:50:00,63330.0,63486.64,63255.55,63290.02,149.41584
2024-04-25 13:55:00,63290.02,63530.0,63241.98,63428.97,117.95948
2024-04-25 14:00:00,63428.97,63473.06,63339.04,63469.64,104.88538
2024-04-25 14:05:00,63469.65,63699.0,63468.84,63562.86,231.80702
2024-04-25 14:10:00,63562.86,63835.82,63562.86,63765.33,219.32146
2024-04-25 14:15:00,63765.33,63867.74,63676.05,63773.3,147.91725
2024-04-25 14:20:00,63773.3,63796.37,63711.91,63759.76,118.11374
2024-04-25 14:25:00,63759.76,63850.0,63643.82,63673.69,128.54001
2024-04-25 14:30:00,63673.7,63717.39,63479.28,63493.74,118.59689
2024-04-25 14:35:00,63493.75,63671.68,63457.44,63595.12,123.45224
2024-04-25 14:40:00,63595.12,63620.71,63421.34,63522.87,80.4331
2024-04-25 14:45:00,63522.86,63578.04,63372.13,63372.14,102.28541
2024-04-25 14:50:00,63372.14,63447.44,63245.55,63257.47,136.25771
2024-04-25 14:55:00,63257.48,63384.97,63215.99,63384.96,100.18848
2024-04-25 15:00:00,63384.96,63487.28,63306.49,63404.01,148.34833
2024-04-25 15:05:00,63404.01,63467.64,63265.95,63393.06,95.61962
2024-04-25 15:10:00,63393.05,63548.2,63380.8,63535.49,95.32381
2024-04-25 15:15:00,63535.49,63600.0,63435.83,63562.96,101.97393
2024-04-25 15:20:00,63562.95,63613.67,63519.47,63580.0,74.12917
2024-04-25 15:25:00,63579.99,63703.64,63579.99,63686.4,91.52506
2024-04-25 15:30:00,63686.41,63757.72,63573.38,63641.82,105.68733
2024-04-25 15:35:00,63641.81,63958.54,63635.08,63871.86,210.37354
2024-04-25 15:40:00,63871.87,63920.0,63753.51,63844.01,141.56801
2024-04-25 15:45:00,63844.01,63883.92,63758.53,63878.25,90.93034
2024-04-25 15:50:00,63878.24,64161.93,63878.23,64142.09,280.35902
2024-04-25 15:55:00,64142.09,64198.4,64014.36,64135.94,176.45512
2024-04-25 16:00:00,64135.93,64270.04,64061.78,64124.55,274.12551
2024-04-25 16:05:00,64124.54,64270.69,64124.54,64136.37,274.20539
2024-04-25 16:10:00,64136.36,64143.65,64012.73,64066.78,109.19943
2024-04-25 16:15:00,64066.78,64104.58,63971.48,64097.62,88.20195
2024-04-25 16:20:00,64097.62,64254.0,64054.0,64147.89,95.78158
2024-04-25 16:25:00,64147.89,64243.38,64107.31,64167.27,68.69999
2024-04-25 16:30:00,64167.27,64189.28,64065.81,64077.33,70.31695
2024-04-25 16:35:00,64077.33,64204.0,64067.27,64107.44,115.67465
2024-04-25 16:40:00,64107.44,64223.31,64081.81,64190.24,80.84007
2024-04-25 16:45:00,64190.23,64442.62,64182.44,64423.99,175.25931
2024-04-25 16:50:00,64423.98,64503.46,64345.34,64424.39,222.82357
2024-04-25 16:55:00,64424.39,64493.67,64383.63,64445.45,169.2699
2024-04-25 17:00:00,64445.45,64694.01,64374.95,64580.0,233.87002
2024-04-25 17:05:00,64580.0,64856.85,64580.0,64796.33,394.05802
2024-04-25 17:10:00,64796.32,64835.29,64624.73,64624.73,347.36766
2024-04-25 17:15:00,64624.73,64709.75,64487.8,64530.65,280.27812
2024-04-25 17:20:00,64530.65,64538.19,64414.54,64456.09,186.19021
2024-04-25 17:25:00,64456.09,64599.99,64424.39,64561.74,128.37454
2024-04-25 17:30:00,64561.74,64561.75,64433.07,64438.89,121.2038
2024-04-25 17:35:00,64438.9,64689.51,64427.05,64670.11,154.71365
2024-04-25 17:40:00,64670.12,64670.12,64508.3,64544.15,83.32068
2024-04-25 17:45:00,64544.15,64624.37,64485.88,64583.59,81.63173
2024-04-25 17:50:00,64583.58,64772.47,64572.45,64715.29,141.0205
2024-04-25 17:55:00,64715.29,64719.66,64631.75,64704.0,64.36181
2024-04-25 18:00:00,64703.99,64747.51,64580.0,64638.2,133.54998
2024-04-25 18:05:00,64638.19,64676.44,64597.12,64640.35,53.87875
2024-04-25 18:10:00,64640.35,64800.0,64633.64,64733.86,83.51863
2024-04-25 18:15:00,64733.85,64820.0,64666.48,64773.18,204.20949
2024-04-25 18:20:00,64773.18,64975.0,64756.44,64842.15,165.42625
2024-04-25 18:25:00,64842.16,64880.0,64649.99,64649.99,63.45883
2024-04-25 18:30:00,64649.99,64678.05,64521.21,64560.0,176.42804
2024-04-25 18:35:00,64559.99,64588.71,64489.7,64550.0,89.0712
2024-04-25 18:40:00,64550.0,64578.51,64480.34,64513.43,81.606
2024-04-25 18:45:00,64513.43,64600.0,64452.21,64563.08,96.56545
2024-04-25 18:50:00,64563.09,64604.0,64528.0,64601.21,56.24191
2024-04-25 18:55:00,64601.22,64729.18,64569.09,64712.1,63.65555
2024-04-25 19:00:00,64712.11,64781.35,64701.18,64781.34,54.03301
2024-04-25 19:05:00,64781.35,64786.0,64590.63,64648.64,82.70824
2024-04-25 19:10:00,64648.64,64694.28,64600.0,64657.73,59.23255
2024-04-25 19:15:00,64657.73,64728.01,64616.55,64728.0,54.56586
2024-04-25 19:20:00,64728.01,64744.86,64678.04,64715.44,43.43222
2024-04-25 19:25:00,64715.43,64752.84,64703.22,64752.83,28.48165
2024-04-25 19:30:00,64752.83,64752.84,64585.77,64613.82,68.45691
2024-04-25 19:35:00,64613.81,64636.15,64579.99,64609.86,44.80254
2024-04-25 19:40:00,64609.86,64621.42,64561.29,64597.76,93.01592
2024-04-25 19:45:00,64597.76,64672.06,64593.65,64651.26,39.45056
2024-04-25 19:50:00,64651.26,64704.0,64631.26,64657.5,44.29431
2024-04-25 19:55:00,64657.49,64747.12,64628.74,64747.11,52.52938
2024-04-25 20:00:00,64747.12,64986.04,64685.18,64986.04,147.41958
2024-04-25 20:05:00,64986.03,64992.0,64610.83,64621.37,218.66599
2024-04-25 20:10:00,64621.37,64666.13,64489.3,64579.86,157.76824
2024-04-25 20:15:00,64579.87,64646.34,64546.21,64627.28,55.64905
2024-04-25 20:20:00,64627.27,64723.8,64627.27,64723.72,63.85997
2024-04-25 20:25:00,64723.72,64741.45,64696.98,64696.98,27.74087
2024-04-25 20:30:00,64696.99,64759.0,64694.91,64737.41,91.44318
2024-04-25 20:35:00,64737.41,64864.45,64737.41,64864.45,88.6439
2024-04-25 20:40:00,64864.44,64889.43,64804.0,64864.66,63.94734
2024-04-25 20:45:00,64864.66,64864.66,64774.62,64817.94,42.02098
2024-04-25 20:50:00,64817.94,64887.23,64817.93,64860.01,35.73097
2024-04-25 20:55:00,64860.01,64860.02,64794.17,64794.29,73.00625
2024-04-25 21:00:00,64794.28,64963.42,64775.19,64958.23,135.54181
2024-04-25 21:05:00,64958.22,64958.23,64870.81,64919.06,94.15581
2024-04-25 21:10:00,64919.06,64999.0,64919.06,64931.7,64.4506
2024-04-25 21:15:00,64931.71,65297.94,64931.7,65024.14,362.3555
2024-04-25 21:20:00,65024.14,65084.18,64975.0,64978.37,93.94595
2024-04-25 21:25:00,64978.37,64998.03,64905.51,64931.65,54.00101
2024-04-25 21:30:00,64931.66,65120.0,64931.65,65119.99,54.15138
2024-04-25 21:35:00,65119.99,65124.42,64916.45,64922.88,165.02946
2024-04-25 21:40:00,64922.87,64922.88,64806.27,64806.27,97.81216
2024-04-25 21:45:00,64806.27,64860.0,64806.27,64820.01,26.14318
2024-04-25 21:50:00,64820.01,64820.01,64709.75,64710.86,103.43448
2024-04-25 21:55:00,64710.87,64766.0,64681.34,64710.01,60.98716
2024-04-25 22:00:00,64710.01,64740.0,64604.0,64618.86,109.93407
2024-04-25 22:05:00,64618.86,64701.11,64600.02,64671.32,83.25251
2024-04-25 22:10:00,64671.32,64691.94,64636.7,64680.17,52.30253
2024-04-25 22:15:00,64680.18,64680.18,64604.0,64604.0,49.06599
2024-04-25 22:20:00,64604.0,64646.35,64582.89,64641.14,68.81722
2024-04-25 22:25:00,64641.14,64729.99,64608.0,64729.98,38.44927
2024-04-25 22:30:00,64729.99,64729.99,64590.9,64612.0,72.46
2024-04-25 22:35:00,64612.0,64653.67,64611.99,64645.73,30.50298
2024-04-25 22:40:00,64645.74,64667.15,64622.15,64641.15,39.98187
2024-04-25 22:45:00,64641.16,64648.45,64594.11,64609.99,36.85627
2024-04-25 22:50:00,64610.0,64626.71,64562.27,64582.0,34.51926
2024-04-25 22:55:00,64581.99,64603.0,64556.0,64602.99,25.75147
2024-04-25 23:00:00,64602.99,64715.44,64581.37,64715.44,82.95569
2024-04-25 23:05:00,64715.44,64747.12,64668.66,64668.67,49.92153
2024-04-25 23:10:00,64668.67,64684.38,64469.99,64581.7,197.42544
2024-04-25 23:15:00,64581.71,64629.49,64570.0,64591.45,76.5522
2024-04-25 23:20:00,64591.45,64600.94,64570.91,64586.95,38.53397
2024-04-25 23:25:00,64586.94,64586.95,64513.02,64520.91,31.66169
2024-04-25 23:30:00,64520.9,64536.18,64461.99,64503.85,36.25281
2024-04-25 23:35:00,64503.85,64574.07,64498.33,64574.06,57.56276
2024-04-25 23:40:00,64574.07,64574.07,64496.09,64496.09,29.54056
2024-04-25 23:45:00,64496.09,64499.0,64447.75,64499.0,42.11293
2024-04-25 23:50:00,64498.99,64500.0,64478.58,64499.0,87.54491
2024-04-25 23:55:00,64499.0,64539.9,64498.33,64498.34,38.39922
2024-04-26 00:00:00,64498.33,64557.03,64498.33,64504.62,52.23001
2024-04-26 00:05:00,64504.63,64515.59,64494.55,64504.01,38.56209
2024-04-26 00:10:00,64504.0,64551.22,64393.53,64424.0,75.57663
2024-04-26 00:15:00,64424.0,64471.86,64336.95,64443.47,122.49257
2024-04-26 00:20:00,64443.47,64484.92,64333.33,64333.33,47.92201
2024-04-26 00:25:00,64333.33,64381.25,64220.2,64381.25,117.16083
2024-04-26 00:30:00,64381.24,64382.92,64131.25,64310.01,213.52427
2024-04-26 00:35:00,64310.0,64354.0,64246.0,64329.09,136.62526
2024-04-26 00:40:00,64329.08,64329.09,64120.0,64162.29,106.22555
2024-04-26 00:45:00,64162.29,64243.97,64111.01,64226.0,100.85256
2024-04-26 00:50:00,64226.01,64308.9,64222.69,64300.0,64.24961
2024-04-26 00:55:00,64300.0,64358.59,64290.01,64307.03,60.05255
2024-04-26 01:00:00,64307.03,64309.55,64055.16,64082.08,123.42008
2024-04-26 01:05:00,64082.08,64107.32,64006.25,64029.99,142.26816
2024-04-26 01:10:00,64029.99,64100.0,63912.5,64099.99,229.54131
2024-04-26 01:15:00,64100.0,64154.0,63932.94,63982.95,189.31628
2024-04-26 01:20:00,63982.94,64100.0,63890.82,64057.99,174.72495
2024-04-26 01:25:00,64057.98,64162.5,64007.0,64152.76,80.92786
2024-04-26 01:30:00,64152.76,64248.62,64100.0,64223.55,109.25777
2024-04-26 01:35:00,64223.55,64340.46,64188.46,64340.46,124.59504
2024-04-26 01:40:00,64340.45,64504.0,64340.45,64447.98,95.83891
2024-04-26 01:45:00,64447.99,64620.0,64426.82,64612.15,120.38262
2024-04-26 01:50:00,64612.15,64662.5,64445.98,64445.98,120.09456
2024-04-26 01:55:00,64445.99,64493.67,64381.25,64402.97,65.71314
2024-04-26 02:00:00,64402.98,64535.39,64363.12,64363.13,134.046
2024-04-26 02:05:00,64363.12,64381.25,64304.88,64355.93,54.65367
2024-04-26 02:10:00,64355.93,64631.25,64346.0,64551.22,116.07265
2024-04-26 02:15:00,64551.22,64662.53,64497.26,64574.44,147.13144
2024-04-26 02:20:00,64574.45,64600.0,64496.09,64496.1,45.78629
2024-04-26 02:25:00,64496.09,64506.3,64475.0,64475.0,35.79751
2024-04-26 02:30:00,64475.01,64475.01,64385.87,64439.71,55.74175
2024-04-26 02:35:00,64439.71,64475.0,64406.0,64414.74,56.94799
2024-04-26 02:40:00,64414.75,64450.02,64413.84,64424.0,47.06017
2024-04-26 02:45:00,64424.01,64434.89,64360.97,64429.99,66.84865
2024-04-26 02:50:00,64430.0,64500.0,64429.99,64491.32,39.45691
2024-04-26 02:55:00,64491.32,64537.5,64490.0,64499.91,100.44317
2024-04-26 03:00:00,64499.92,64506.25,64305.97,64314.28,212.39894
2024-04-26 03:05:00,64315.59,64430.31,64294.78,64409.72,103.77148
2024-04-26 03:10:00,64409.71,64416.0,64371.06,64371.07,68.49438
2024-04-26 03:15:00,64371.07,64461.99,64371.06,64459.35,39.40773
2024-04-26 03:20:00,64459.34,64475.0,64396.0,64431.58,50.43017
2024-04-26 03:25:00,64431.58,64431.58,64312.54,64344.01,64.48691
2024-04-26 03:30:00,64344.0,64426.98,64332.16,64383.25,71.07331
2024-04-26 03:35:00,64383.26,64412.5,64363.79,64367.09,54.20109
2024-04-26 03:40:00,64367.09,64430.31,64367.09,64417.18,50.77047
2024-04-26 03:45:00,64417.19,64425.4,64384.0,64418.93,64.16237
2024-04-26 03:50:00,64418.92,64429.0,64366.0,64366.0,49.08878
2024-04-26 03:55:00,64366.0,64381.25,64332.61,64381.24,61.27744
2024-04-26 04:00:00,64381.25,64389.93,64310.0,64364.0,77.76011
2024-04-26 04:05:00,64364.0,64379.06,64234.88,64241.05,68.53264
2024-04-26 04:10:00,64241.04,64283.08,64215.59,64275.72,46.42702
2024-04-26 04:15:00,64275.71,64295.74,64175.32,64218.0,103.81463
2024-04-26 04:20:00,64217.99,64338.52,64217.99,64338.52,53.71874
2024-04-26 04:25:00,64338.51,64391.37,64334.93,64380.0,44.89638
2024-04-26 04:30:00,64380.0,64380.01,64225.0,64256.25,80.41999
2024-04-26 04:35:00,64256.26,64307.0,64256.25,64300.45,28.13344
2024-04-26 04:40:00,64300.45,64300.46,64263.98,64272.57,29.68066
2024-04-26 04:45:00,64272.56,64327.27,64272.56,64326.3,38.66296
2024-04-26 04:50:00,64326.29,64326.3,64278.52,64290.41,34.7896
2024-04-26 04:55:00,64290.41,64290.42,64202.43,64210.85,44.71194
2024-04-26 05:00:00,64210.84,64210.85,64000.02,64113.49,219.64473
2024-04-26 05:05:00,64113.5,64188.47,64070.58,64179.98,64.32207
2024-04-26 05:10:00,64179.99,64182.98,64141.04,64163.99,40.0514
2024-04-26 05:15:00,64163.99,64268.91,64153.25,64268.9,41.37663
2024-04-26 05:20:00,64268.9,64300.0,64221.65,64238.0,101.62287
2024-04-26 05:25:00,64238.0,64238.0,64200.0,64217.01,26.66223
2024-04-26 05:30:00,64217.01,64330.01,64208.86,64324.6,76.31608
2024-04-26 05:35:00,64324.59,64350.52,64324.59,64327.3,43.1177
2024-04-26 05:40:00,64327.3,64354.0,64327.3,64342.01,25.36664
2024-04-26 05:45:00,64342.01,64412.5,64342.01,64412.49,70.14893
2024-04-26 05:50:00,64412.5,64574.32,64407.48,64486.47,385.40896
2024-04-26 05:55:00,64486.47,64554.0,64486.46,64553.99,65.05038
2024-04-26 06:00:00,64553.99,64576.26,64506.25,64506.26,85.58593
2024-04-26 06:05:00,64506.26,64506.26,64476.39,64486.0,47.71538
2024-04-26 06:10:00,64486.0,64486.0,64455.09,64455.1,29.56468
2024-04-26 06:15:00,64455.09,64467.66,64404.08,64422.78,45.76876
2024-04-26 06:20:00,64422.78,64440.0,64414.0,64439.7,29.50099
2024-04-26 06:25:00,64439.71,64482.55,64409.23,64409.23,45.13611
2024-04-26 06:30:00,64409.24,64446.54,64404.0,64404.01,91.89669
2024-04-26 06:35:00,64404.01,64404.01,64297.55,64318.0,49.30199
2024-04-26 06:40:00,64318.0,64342.42,64256.25,64323.17,44.31239
2024-04-26 06:45:00,64323.17,64475.0,64323.17,64452.61,54.67986
2024-04-26 06:50:00,64452.62,64452.62,64412.5,64419.6,27.21847
2024-04-26 06:55:00,64419.6,64434.88,64375.19,64377.57,36.80031
2024-04-26 07:00:00,64377.56,64377.57,64320.66,64375.99,54.08364
2024-04-26 07:05:00,64375.99,64376.0,64306.98,64313.93,76.92671
2024-04-26 07:10:00,64313.93,64326.0,64272.41,64308.1,71.56641
2024-04-26 07:15:00,64308.1,64370.04,64279.57,64362.01,62.61504
2024-04-26 07:20:00,64362.02,64406.83,64362.01,64400.01,43.50441
2024-04-26 07:25:00,64400.01,64610.82,64400.0,64483.64,203.63735
2024-04-26 07:30:00,64483.64,64535.39,64307.61,64346.0,181.86522
2024-04-26 07:35:00,64346.0,64377.7,64256.26,64267.88,133.55
2024-04-26 07:40:00,64267.88,64366.64,64267.88,64336.0,147.16163
2024-04-26 07:45:00,64336.0,64355.93,64300.54,64344.0,155.60418
2024-04-26 07:50:00,64344.0,64347.54,64279.86,64279.86,146.61133
2024-04-26 07:55:00,64279.86,64292.01,64240.21,64276.95,145.34944
2024-04-26 08:00:00,64276.94,64294.0,64234.19,64265.36,261.93483
2024-04-26 08:05:00,64265.35,64424.4,64265.35,64397.26,123.24247
2024-04-26 08:10:00,64397.25,64439.0,64355.99,64427.44,64.48247
2024-04-26 08:15:00,64427.45,64468.92,64400.0,64400.0,89.83491
2024-04-26 08:20:00,64400.01,64419.0,64332.67,64378.34,50.91873
2024-04-26 08:25:00,64378.35,64381.19,64307.74,64360.0,47.01173
2024-04-26 08:30:00,64359.99,64411.05,64304.01,64366.92,48.31503
2024-04-26 08:35:00,64366.92,64409.23,64366.92,64407.55,42.95091
2024-04-26 08:40:00,64407.55,64419.0,64396.26,64419.0,26.26579
2024-04-26 08:45:00,64418.99,64449.34,64329.27,64370.04,74.34748
2024-04-26 08:50:00,64370.04,64376.1,64328.0,64369.34,29.39159
2024-04-26 08:55:00,64369.33,64412.5,64360.0,64412.5,46.98708
2024-04-26 09:00:00,64412.5,64478.03,64329.42,64396.01,89.38224
2024-04-26 09:05:00,64396.0,64495.05,64368.33,64453.44,87.4063
2024-04-26 09:10:00,64453.44,64453.44,64404.0,64431.99,26.01997
2024-04-26 09:15:00,64432.0,64475.0,64412.63,64444.97,48.90807
2024-04-26 09:20:00,64444.97,64467.62,64429.94,64467.61,48.17686
2024-04-26 09:25:00,64467.62,64532.95,64450.02,64505.72,45.8751
2024-04-26 09:30:00,64505.71,64581.52,64505.71,64555.26,128.99317
2024-04-26 09:35:00,64555.27,64555.27,64458.67,64459.99,50.31067
2024-04-26 09:40:00,64459.99,64516.0,64459.98,64467.18,61.48433
2024-04-26 09:45:00,64467.18,64476.0,64391.28,64398.29,82.22185
2024-04-26 09:50:00,64398.3,64411.76,64378.17,64378.17,68.40719
2024-04-26 09:55:00,64378.17,64475.0,64377.7,64474.99,116.0658
2024-04-26 10:00:00,64474.99,64511.34,64466.0,64506.01,38.38062
2024-04-26 10:05:00,64506.0,64556.45,64475.0,64478.02,34.39908
2024-04-26 10:10:00,64478.02,64482.0,64412.5,64412.5,36.59506
2024-04-26 10:15:00,64412.5,64457.55,64371.66,64457.54,45.27859
2024-04-26 10:20:00,64457.54,64457.55,64394.0,64394.0,25.64872
2024-04-26 10:25:00,64394.01,64394.01,64307.14,64331.61,57.42589
2024-04-26 10:30:00,64331.6,64350.0,64308.01,64320.93,50.60207
2024-04-26 10:35:00,64320.92,64404.0,64314.61,64392.01,32.48681
2024-04-26 10:40:00,64392.0,64392.01,64239.67,64278.46,159.13815
2024-04-26 10:45:00,64278.45,64290.0,64120.61,64186.0,510.25374
2024-04-26 10:50:00,64186.0,64193.74,64059.8,64161.46,158.27892
2024-04-26 10:55:00,64161.46,64161.82,64068.75,64100.01,64.6339
2024-04-26 11:00:00,64100.01,64149.19,64100.0,64124.11,77.6876
2024-04-26 11:05:00,64124.12,64195.92,64124.11,64150.0,79.44175
2024-04-26 11:10:00,64150.0,64204.0,64140.0,64180.9,49.3692
2024-04-26 11:15:00,64180.89,64233.72,64163.43,64211.06,65.23581
2024-04-26 11:20:00,64211.05,64242.0,64188.46,64188.46,33.09903
2024-04-26 11:25:00,64188.47,64211.99,64124.11,64124.11,52.41757
2024-04-26 11:30:00,64124.11,64197.99,64070.0,64190.01,70.98819
2024-04-26 11:35:00,64190.0,64206.25,64146.0,64196.01,44.62293
2024-04-26 11:40:00,64196.0,64196.01,64149.42,64152.51,26.5887
2024-04-26 11:45:00,64152.52,64220.0,64144.28,64212.46,29.71933
2024-04-26 11:50:00,64212.45,64233.86,64200.0,64203.15,23.993
2024-04-26 11:55:00,64203.16,64264.74,64201.99,64244.02,37.35629
2024-04-26 12:00:00,64244.03,64367.81,64156.92,64319.5,93.18187
2024-04-26 12:05:00,64319.51,64346.0,64280.0,64339.99,47.47725
2024-04-26 12:10:00,64339.99,64471.75,64338.0,64373.99,106.54157
2024-04-26 12:15:00,64374.0,64374.0,64298.14,64371.88,43.70722
2024-04-26 12:20:00,64371.87,64380.0,64310.91,64310.91,25.4062
2024-04-26 12:25:00,64310.92,64374.18,64271.89,64271.89,59.21059
2024-04-26 12:30:00,64271.9,64517.99,64269.0,64366.03,249.37981
2024-04-26 12:35:00,64366.03,64460.0,64323.43,64440.78,88.10964
2024-04-26 12:40:00,64440.78,64446.0,64350.0,64399.99,47.39432
2024-04-26 12:45:00,64400.0,64420.0,64228.46,64266.01,68.88117
2024-04-26 12:50:00,64266.0,64303.58,63980.0,63980.01,267.9236
2024-04-26 12:55:00,63980.0,64152.66,63950.0,64142.79,202.07942
2024-04-26 13:00:00,64142.78,64186.0,64098.71,64151.91,58.82474
2024-04-26 13:05:00,64151.92,64188.47,64018.44,64034.01,145.49162
2024-04-26 13:10:00,64034.0,64037.99,63831.29,63928.0,204.58203
2024-04-26 13:15:00,63928.0,63986.77,63824.08,63837.17,223.52914
2024-04-26 13:20:00,63837.18,63872.59,63718.13,63774.49,303.3151
2024-04-26 13:25:00,63774.48,63890.72,63756.25,63816.89,109.26277
2024-04-26 13:30:00,63816.89,63970.16,63685.94,63960.5,296.97441
2024-04-26 13:35:00,63960.5,64068.75,63917.07,64046.02,168.66791
2024-04-26 13:40:00,64046.02,64110.0,63970.0,64109.99,118.97451
2024-04-26 13:45:00,64110.0,64400.0,64092.0,64369.82,345.11415
2024-04-26 13:50:00,64369.82,64461.79,64322.67,64427.14,257.88873
2024-04-26 13:55:00,64427.13,64582.93,64381.25,64500.01,279.42258
2024-04-26 14:00:00,64500.0,64530.65,64371.92,64414.74,204.10503
2024-04-26 14:05:00,64414.73,64482.36,64306.99,64446.01,136.53968
2024-04-26 14:10:00,64446.0,64782.6,64446.0,64725.0,260.19113
2024-04-26 14:15:00,64725.01,64820.01,64601.01,64697.1,363.68347
2024-04-26 14:20:00,64697.1,64718.0,64557.02,64575.17,172.37714
2024-04-26 14:25:00,64575.18,64575.18,64373.92,64377.99,146.87631
2024-04-26 14:30:00,64377.99,64529.42,64340.0,64434.9,117.64338
2024-04-26 14:35:00,64434.9,64496.09,64000.0,64026.0,358.8212
2024-04-26 14:40:00,64026.0,64113.5,63900.0,64047.99,390.32311
2024-04-26 14:45:00,64048.0,64056.0,63872.0,64003.85,294.7537
2024-04-26 14:50:00,64003.85,64003.85,63840.3,63910.34,463.63492
2024-04-26 14:55:00,63910.35,63910.35,63791.91,63854.16,258.85971
2024-04-26 15:00:00,63854.15,64030.0,63837.79,63906.44,183.93407
2024-04-26 15:05:00,63906.44,63920.0,63522.0,63732.62,489.94329
2024-04-26 15:10:00,63732.61,63775.39,63568.75,63713.05,187.06207
2024-04-26 15:15:00,63713.04,63782.28,63621.41,63726.0,256.46092
2024-04-26 15:20:00,63726.0,63757.68,63470.0,63470.82,282.9743
2024-04-26 15:25:00,63470.83,63568.74,63297.48,63432.2,547.88921
2024-04-26 15:30:00,63432.2,63530.08,63372.31,63412.49,233.96129
2024-04-26 15:35:00,63412.49,63466.11,63354.0,63389.23,148.80755
2024-04-26 15:40:00,63389.22,63568.75,63389.22,63568.75,163.08576
2024-04-26 15:45:00,63568.75,63600.0,63482.21,63552.63,103.13718
2024-04-26 15:50:00,63552.62,63562.49,63478.59,63530.93,65.88557
2024-04-26 15:55:00,63530.93,63545.2,63478.03,63503.22,48.47894
2024-04-26 16:00:00,63503.22,63662.5,63458.92,63656.42,125.03382
2024-04-26 16:05:00,63656.41,63656.42,63318.75,63440.06,163.0681
2024-04-26 16:10:00,63440.06,63557.7,63411.37,63463.07,116.26113
2024-04-26 16:15:00,63463.08,63592.09,63443.19,63577.56,212.54109
2024-04-26 16:20:00,63577.57,63707.41,63570.93,63692.27,166.07991
2024-04-26 16:25:00,63692.26,63786.31,63652.3,63710.37,159.14527
2024-04-26 16:30:00,63710.38,63771.25,63710.37,63753.71,94.42458
2024-04-26 16:35:00,63753.71,63770.13,63611.37,63727.74,112.0601
2024-04-26 16:40:00,63727.74,63745.75,63613.66,63620.75,66.84544
2024-04-26 16:45:00,63620.74,63668.6,63560.98,63627.92,43.43841
2024-04-26 16:50:00,63627.92,63724.99,63612.86,63724.99,51.6799
2024-04-26 16:55:00,63724.99,63776.91,63662.5,63662.51,64.09628
2024-04-26 17:00:00,63662.5,63714.8,63571.11,63583.39,74.88673
2024-04-26 17:05:00,63583.39,63619.9,63567.24,63567.25,34.96189
2024-04-26 17:10:00,63567.25,63734.22,63550.97,63714.37,63.35901
2024-04-26 17:15:00,63714.37,63739.73,63645.18,63660.03,58.46898
2024-04-26 17:20:00,63660.04,63800.0,63660.03,63756.61,106.66843
2024-04-26 17:25:00,63756.61,63858.82,63746.92,63824.64,84.01669
2024-04-26 17:30:00,63824.64,64004.25,63751.6,63978.44,306.29698
2024-04-26 17:35:00,63978.45,63993.87,63894.92,63894.93,99.25996
2024-04-26 17:40:00,63894.93,63909.82,63764.85,63870.46,51.17936
2024-04-26 17:45:00,63870.46,64093.84,63870.46,63978.7,150.93862
2024-04-26 17:50:00,63978.7,64115.12,63978.7,64038.59,75.75674
2024-04-26 17:55:00,64038.58,64038.59,63956.73,64008.4,80.09584
2024-04-26 18:00:00,64008.4,64049.82,63960.33,64043.81,96.61457
2024-04-26 18:05:00,64043.81,64098.81,64006.25,64052.22,43.11983
2024-04-26 18:10:00,64052.22,64112.44,64046.19,64089.43,91.73463
2024-04-26 18:15:00,64089.42,64089.43,63962.41,63984.23,47.44422
2024-04-26 18:20:00,63984.23,64033.98,63957.75,63999.23,30.3205
2024-04-26 18:25:00,63999.23,64011.63,63970.55,63996.27,39.02112
2024-04-26 18:30:00,63996.28,63998.07,63943.82,63989.52,18.38351
2024-04-26 18:35:00,63989.52,64162.5,63989.52,64060.0,81.49767
2024-04-26 18:40:00,64060.0,64074.74,63991.73,64000.88,37.08221
2024-04-26 18:45:00,64000.88,64043.91,63947.86,63965.83,29.23306
2024-04-26 18:50:00,63965.83,64037.5,63965.83,64001.01,31.40915
2024-04-26 18:55:00,64001.01,64086.16,64001.01,64060.0,40.27561
2024-04-26 19:00:00,64060.01,64131.25,64034.41,64042.15,62.81709
2024-04-26 19:05:00,64042.15,64042.16,63987.96,64021.61,39.83359
2024-04-26 19:10:00,64021.61,64037.49,63967.68,63967.69,38.24835
2024-04-26 19:15:00,63967.68,64006.25,63870.18,63904.61,84.69448
2024-04-26 19:20:00,63904.61,63943.75,63879.79,63938.96,33.60022
2024-04-26 19:25:00,63938.97,63967.69,63885.36,63914.74,27.43134
2024-04-26 19:30:00,63914.75,63914.75,63850.48,63851.62,27.22952
2024-04-26 19:35:00,63851.62,63903.34,63851.62,63883.95,31.35654
2024-04-26 19:40:00,63883.95,63883.95,63806.61,63820.0,27.46086
2024-04-26 19:45:00,63819.99,63943.75,63804.16,63920.75,69.8655
2024-04-26 19:50:00,63920.75,63920.76,63881.25,63886.43,37.88666
2024-04-26 19:55:00,63886.42,63923.4,63727.89,63742.05,85.82756
2024-04-26 20:00:00,63742.07,63916.13,63742.05,63916.12,65.71651
2024-04-26 20:05:00,63916.12,63990.51,63854.26,63866.95,82.76199
2024-04-26 20:10:00,63866.94,63998.21,63866.94,63970.26,49.04664
2024-04-26 20:15:00,63970.27,64062.31,63943.75,64045.32,74.48655
2024-04-26 20:20:00,64045.32,64107.32,63984.27,63986.77,80.63713
2024-04-26 20:25:00,63986.77,63986.77,63891.72,63915.94,47.1724
2024-04-26 20:30:00,63915.93,63975.0,63895.8,63975.0,31.9024
2024-04-26 20:35:00,63974.99,63993.87,63964.24,63989.25,17.97329
2024-04-26 20:40:00,63989.24,63993.86,63906.74,63926.49,52.87751
2024-04-26 20:45:00,63926.48,63926.49,63892.28,63913.28,28.22869
2024-04-26 20:50:00,63913.29,63943.75,63892.42,63943.74,20.58292
2024-04-26 20:55:00,63943.75,63966.4,63898.66,63966.39,40.36533
2024-04-26 21:00:00,63966.39,64025.77,63953.55,63975.0,55.48395
2024-04-26 21:05:00,63975.01,63975.01,63912.5,63912.5,26.65675
2024-04-26 21:10:00,63912.5,63912.51,63886.48,63886.48,12.29058
2024-04-26 21:15:00,63886.48,63933.64,63886.48,63898.38,27.00536
2024-04-26 21:20:00,63898.39,63898.39,63830.0,63855.38,42.71071
2024-04-26 21:25:00,63855.39,63874.4,63855.38,63866.9,26.83827
2024-04-26 21:30:00,63866.89,63885.37,63866.89,63885.37,17.8944
2024-04-26 21:35:00,63885.37,63986.24,63877.29,63968.82,47.47735
2024-04-26 21:40:00,63968.81,64012.2,63958.07,63991.74,31.86783
2024-04-26 21:45:00,63991.74,64006.23,63949.2,64006.22,21.96266
2024-04-26 21:50:00,64006.22,64060.0,64006.22,64039.88,37.82331
2024-04-26 21:55:00,64039.88,64080.56,64039.87,64059.97,30.64821
2024-04-26 22:00:00,64059.96,64059.97,64006.25,64019.55,37.24496
2024-04-26 22:05:00,64019.54,64019.55,63984.27,63984.28,29.96644
2024-04-26 22:10:00,63984.28,64006.0,63952.73,63992.01,32.20541
2024-04-26 22:15:00,63992.0,63994.01,63954.0,63994.0,33.09837
2024-04-26 22:20:00,63994.0,64012.2,63955.98,63955.99,38.5449
2024-04-26 22:25:00,63955.98,63955.99,63758.62,63821.96,134.79838
2024-04-26 22:30:00,63821.95,63881.25,63758.53,63878.75,45.2028
2024-04-26 22:35:00,63878.76,63881.25,63739.72,63830.0,40.76881
2024-04-26 22:40:00,63830.0,63844.07,63740.73,63755.2,43.33843
2024-04-26 22:45:00,63755.2,63818.26,63689.22,63818.25,70.71014
2024-04-26 22:50:00,63818.25,63818.26,63774.0,63805.51,32.04571
2024-04-26 22:55:00,63805.5,63821.94,63793.35,63821.93,20.77845
2024-04-26 23:00:00,63821.94,63912.5,63821.93,63905.99,49.28851
2024-04-26 23:05:00,63906.0,63913.46,63873.07,63873.08,23.26851
2024-04-26 23:10:00,63873.07,63873.08,63844.37,63844.37,8.42165
2024-04-26 23:15:00,63844.37,63844.38,63765.0,63773.37,40.1324
2024-04-26 23:20:00,63773.37,63818.73,63756.25,63818.71,21.55285
2024-04-26 23:25:00,63818.72,63848.8,63808.0,63846.0,16.34424
2024-04-26 23:30:00,63846.01,63846.01,63792.82,63792.82,15.50991
2024-04-26 23:35:00,63792.82,63838.79,63778.45,63838.79,29.33037
2024-04-26 23:40:00,63838.79,63838.79,63812.0,63812.0,15.32202
2024-04-26 23:45:00,63812.0,63829.68,63796.01,63828.36,21.83448
2024-04-26 23:50:00,63828.37,63828.37,63806.26,63806.26,10.65937
2024-04-26 23:55:00,63806.27,63806.27,63768.88,63770.01,16.42222
2024-04-27 00:00:00,63770.0,63785.3,63765.68,63785.3,38.2242
2024-04-27 00:05:00,63785.3,63785.3,63750.0,63784.47,41.46231
2024-04-27 00:10:00,63784.47,63904.0,63776.96,63904.0,47.5134
2024-04-27 00:15:00,63903.99,63923.41,63804.15,63806.02,45.02698
2024-04-27 00:20:00,63806.01,63808.0,63754.0,63784.85,30.89864
2024-04-27 00:25:00,63784.86,63784.86,63508.0,63528.6,158.08126
2024-04-27 00:30:00,63528.59,63528.6,63343.86,63482.0,275.19483
2024-04-27 00:35:00,63481.99,63537.5,63381.24,63444.38,247.25825
2024-04-27 00:40:00,63444.38,63450.0,62989.44,63007.99,523.94614
2024-04-27 00:45:00,63008.0,63187.76,62919.41,63081.92,275.95931
2024-04-27 00:50:00,63081.91,63118.0,62975.0,62975.0,171.55206
2024-04-27 00:55:00,62975.0,63182.0,62851.0,63181.99,259.01349
2024-04-27 01:00:00,63182.0,63221.64,63071.07,63148.15,345.97141
2024-04-27 01:05:00,63148.16,63272.72,63130.0,63199.12,130.617
2024-04-27 01:10:00,63199.12,63200.0,62992.04,63153.3,193.37198
2024-04-27 01:15:00,63153.3,63180.12,62391.24,62762.6,818.65452
2024-04-27 01:20:00,62762.6,62823.48,62581.55,62698.78,277.35223
2024-04-27 01:25:00,62698.79,62774.26,62574.8,62615.58,168.02425
2024-04-27 01:30:00,62615.58,62783.18,62579.31,62730.0,221.13735
2024-04-27 01:35:00,62730.0,62766.0,62654.0,62718.41,119.56197
2024-04-27 01:40:00,62718.41,62762.35,62643.84,62696.01,107.5528
2024-04-27 01:45:00,62696.02,62760.0,62581.27,62586.0,134.57173
2024-04-27 01:50:00,62585.99,62710.9,62541.27,62630.0,141.00294
2024-04-27 01:55:00,62629.99,62640.0,62547.91,62593.28,127.69117
2024-04-27 02:00:00,62593.28,62748.56,62471.52,62730.01,235.80208
2024-04-27 02:05:00,62730.01,62875.49,62693.75,62855.4,144.14797
2024-04-27 02:10:00,62855.4,62900.0,62786.0,62870.0,95.62531
2024-04-27 02:15:00,62869.99,63000.0,62851.31,62999.99,72.48073
2024-04-27 02:20:00,63000.0,63026.0,62943.76,62984.45,103.73138
2024-04-27 02:25:00,62984.45,63173.57,62984.44,63167.7,97.02596
2024-04-27 02:30:00,63167.69,63325.12,63122.95,63282.01,144.22657
2024-04-27 02:35:00,63282.01,63296.0,63044.82,63065.75,98.80026
2024-04-27 02:40:00,63065.75,63090.0,63015.55,63028.08,49.57107
2024-04-27 02:45:00,63028.08,63056.0,62912.5,62912.51,45.4308
2024-04-27 02:50:00,62912.51,63014.07,62912.5,62996.88,63.16574
2024-04-27 02:55:00,62996.88,63012.0,62929.97,62929.97,29.95879
2024-04-27 03:00:00,62929.98,62970.01,62835.99,62835.99,58.37415
2024-04-27 03:05:00,62836.0,63025.22,62808.0,62992.01,92.45888
2024-04-27 03:10:00,62992.02,63046.65,62980.0,63044.0,54.54986
2024-04-27 03:15:00,63044.0,63074.74,63000.0,63058.06,52.19472
2024-04-27 03:20:00,63058.06,63126.96,63042.49,63121.4,44.93728
2024-04-27 03:25:00,63121.4,63140.0,63076.01,63082.01,37.14741
2024-04-27 03:30:00,63082.01,63108.88,63068.75,63068.77,54.90221
2024-04-27 03:35:00,63068.77,63080.36,63008.51,63041.55,52.11161
2024-04-27 03:40:00,63041.55,63100.0,63041.54,63099.0,18.36337
2024-04-27 03:45:00,63099.01,63153.06,63099.0,63133.99,48.61094
2024-04-27 03:50:00,63133.99,63134.0,63046.66,63046.67,24.31265
2024-04-27 03:55:00,63046.67,63116.0,62975.0,63082.01,40.19907
2024-04-27 04:00:00,63082.0,63082.01,63019.28,63047.9,40.8089
2024-04-27 04:05:00,63047.9,63047.9,62984.44,62994.0,37.20351
2024-04-27 04:10:00,62993.99,62994.0,62958.35,62958.95,28.90709
2024-04-27 04:15:00,62958.95,62990.0,62950.01,62968.06,33.14932
2024-04-27 04:20:00,62968.06,63076.61,62954.0,63076.6,69.04535
2024-04-27 04:25:00,63076.61,63140.01,63076.6,63132.0,42.83253
2024-04-27 04:30:00,63132.0,63175.0,63038.26,63038.27,158.75041
2024-04-27 04:35:00,63038.27,63113.48,63020.28,63077.78,44.56575
2024-04-27 04:40:00,63077.78,63090.99,63039.38,63042.76,46.71497
2024-04-27 04:45:00,63042.77,63077.78,63042.76,63050.01,15.83243
2024-04-27 04:50:00,63050.01,63050.01,62943.75,62967.32,63.44466
2024-04-27 04:55:00,62967.31,63048.58,62967.31,63048.57,53.89427
2024-04-27 05:00:00,63048.57,63054.0,63038.01,63050.11,42.1547
2024-04-27 05:05:00,63050.11,63091.82,62808.0,62875.9,145.50549
2024-04-27 05:10:00,62875.9,62976.08,62859.99,62938.0,77.6423
2024-04-27 05:15:00,62937.99,62990.0,62908.28,62922.22,54.24198
2024-04-27 05:20:00,62922.23,63009.42,62910.49,62986.0,38.60307
2024-04-27 05:25:00,62986.0,63046.68,62986.0,63026.0,29.89404
2024-04-27 05:30:00,63026.01,63046.68,62990.48,62999.98,28.48809
2024-04-27 05:35:00,62999.99,63068.75,62984.44,63062.01,30.39354
2024-04-27 05:40:00,63062.0,63077.78,63048.1,63065.98,22.84988
2024-04-27 05:45:00,63065.98,63065.98,62938.22,62976.0,79.98805
2024-04-27 05:50:00,62976.0,63010.92,62932.59,62954.41,72.56577
2024-04-27 05:55:00,62954.4,63012.75,62944.01,62988.25,39.75825
2024-04-27 06:00:00,62988.25,62992.35,62931.46,62966.22,49.52675
2024-04-27 06:05:00,62966.22,63036.83,62966.21,63023.99,35.43326
2024-04-27 06:10:00,63023.99,63059.99,63004.0,63018.5,31.15744
2024-04-27 06:15:00,63018.5,63068.6,63018.49,63052.21,23.75715
2024-04-27 06:20:00,63052.2,63058.74,62943.75,62968.18,40.3921
2024-04-27 06:25:00,62968.19,63021.9,62910.0,62952.97,65.64806
2024-04-27 06:30:00,62952.97,62962.02,62865.46,62872.8,57.09708
2024-04-27 06:35:00,62872.81,63012.01,62869.54,62998.33,55.95759
2024-04-27 06:40:00,62998.33,63024.51,62968.0,62981.99,44.75304
2024-04-27 06:45:00,62982.0,63060.0,62981.99,63060.0,47.65707
2024-04-27 06:50:00,63059.99,63147.88,63059.99,63065.33,75.02843
2024-04-27 06:55:00,63065.33,63065.33,62999.99,63028.0,21.44554
2024-04-27 07:00:00,63028.0,63108.89,62986.0,63085.97,21.94654
2024-04-27 07:05:00,63085.96,63141.99,63070.0,63082.07,50.00083
2024-04-27 07:10:00,63082.07,63140.0,63082.07,63108.89,18.4803
2024-04-27 07:15:00,63108.88,63108.9,63056.0,63100.0,46.11897
2024-04-27 07:20:00,63100.0,63139.06,63092.15,63094.0,29.025
2024-04-27 07:25:00,63093.99,63139.88,63093.99,63096.66,34.43086
2024-04-27 07:30:00,63096.66,63160.71,63074.72,63092.34,38.98144
2024-04-27 07:35:00,63092.35,63094.0,63033.23,63043.98,28.15441
2024-04-27 07:40:00,63043.98,63068.74,63020.1,63039.66,52.08796
2024-04-27 07:45:00,63039.66,63060.66,63006.25,63006.25,23.54807
2024-04-27 07:50:00,63006.25,63023.56,62975.0,62975.02,31.23148
2024-04-27 07:55:00,62975.02,62977.32,62946.0,62966.83,23.31085
2024-04-27 08:00:00,62966.84,63025.95,62966.83,63002.18,69.71495
2024-04-27 08:05:00,63002.18,63012.7,62945.43,62957.38,76.17641
2024-04-27 08:10:00,62957.39,63000.0,62957.38,62970.8,21.32221
2024-04-27 08:15:00,62970.81,62992.0,62913.48,62982.96,45.68983
2024-04-27 08:20:00,62982.96,62984.14,62936.06,62984.13,33.97088
2024-04-27 08:25:00,62984.14,63015.56,62984.13,63004.64,30.99838
2024-04-27 08:30:00,63004.65,63015.53,62960.63,62967.98,28.32315
2024-04-27 08:35:00,62967.99,62967.99,62933.63,62961.16,32.99221
2024-04-27 08:40:00,62961.16,63015.0,62961.16,63014.99,24.74848
2024-04-27 08:45:00,63015.0,63015.0,62992.01,63002.2,21.79642
2024-04-27 08:50:00,63002.2,63060.0,63002.19,63044.0,39.28132
2024-04-27 08:55:00,63043.99,63044.0,63006.25,63016.01,29.76666
2024-04-27 09:00:00,63016.01,63055.49,62943.75,62943.75,58.13473
2024-04-27 09:05:00,62943.75,62943.76,62891.11,62902.0,61.20802
2024-04-27 09:10:00,62902.01,62922.23,62878.78,62898.85,71.04222
2024-04-27 09:15:00,62898.85,62963.19,62898.85,62946.42,38.68647
2024-04-27 09:20:00,62946.42,62958.0,62914.0,62914.0,31.60024
2024-04-27 09:25:00,62914.01,62973.48,62914.0,62964.72,14.2846
2024-04-27 09:30:00,62964.71,63028.42,62959.63,63012.0,25.80479
2024-04-27 09:35:00,63012.01,63012.01,62944.21,62944.21,27.54529
2024-04-27 09:40:00,62944.22,63004.0,62938.35,62988.0,51.61369
2024-04-27 09:45:00,62987.99,62994.0,62960.0,62984.0,19.57137
2024-04-27 09:50:00,62984.0,63000.0,62960.05,62960.05,20.37334
2024-04-27 09:55:00,62960.05,62984.45,62953.33,62984.45,14.16365
2024-04-27 10:00:00,62984.45,62991.54,62904.0,62922.23,47.7897
2024-04-27 10:05:00,62922.23,62990.86,62922.22,62984.45,24.33088
2024-04-27 10:10:00,62984.44,62984.45,62966.0,62972.0,14.87635
2024-04-27 10:15:00,62972.01,62972.01,62881.64,62950.0,45.22003
2024-04-27 10:20:00,62950.0,62988.0,62950.0,62976.28,30.5995
2024-04-27 10:25:00,62976.28,62976.29,62953.33,62954.67,18.03869
2024-04-27 10:30:00,62954.66,62954.67,62900.0,62900.02,67.22662
2024-04-27 10:35:00,62900.01,62910.0,62832.02,62871.45,92.00351
2024-04-27 10:40:00,62871.45,62871.46,62784.67,62824.0,127.62319
2024-04-27 10:45:00,62824.01,62824.01,62730.0,62751.28,80.35352
2024-04-27 10:50:00,62751.27,62824.01,62750.06,62824.0,90.22168
2024-04-27 10:55:00,62824.0,62824.01,62772.56,62796.0,36.78191
2024-04-27 11:00:00,62795.99,62796.0,62673.37,62709.29,76.69152
2024-04-27 11:05:00,62709.3,62739.5,62674.0,62714.0,45.0056
2024-04-27 11:10:00,62713.99,62857.15,62713.99,62836.0,53.24526
2024-04-27 11:15:00,62836.0,62873.77,62795.82,62795.83,35.65187
2024-04-27 11:20:00,62795.83,62867.99,62786.05,62867.99,31.45237
2024-04-27 11:25:00,62867.98,62902.96,62867.98,62885.74,45.73506
2024-04-27 11:30:00,62885.73,62934.12,62850.0,62851.99,58.42763
2024-04-27 11:35:00,62851.99,62899.46,62850.0,62899.46,35.06354
2024-04-27 11:40:00,62899.46,62915.6,62880.01,62912.85,26.24725
2024-04-27 11:45:00,62912.86,62950.0,62884.47,62884.48,49.3602
2024-04-27 11:50:00,62884.47,62884.48,62850.26,62879.99,25.95247
2024-04-27 11:55:00,62879.99,62880.0,62862.01,62862.14,32.98328
2024-04-27 12:00:00,62862.13,62902.01,62810.29,62902.01,87.10152
2024-04-27 12:05:00,62902.0,63123.11,62902.0,63123.11,699.29668
2024-04-27 12:10:00,63123.1,63174.0,63100.0,63140.0,169.93067
2024-04-27 12:15:00,63140.0,63140.01,63040.0,63111.46,113.4563
2024-04-27 12:20:00,63111.47,63111.47,63052.01,63052.16,66.45992
2024-04-27 12:25:00,63052.16,63052.17,62957.15,62978.02,72.21796
2024-04-27 12:30:00,62978.01,63022.01,62940.02,62964.47,76.99158
2024-04-27 12:35:00,62964.47,63005.0,62956.26,63004.99,27.38565
2024-04-27 12:40:00,63005.0,63054.0,63004.99,63053.99,20.94709
2024-04-27 12:45:00,63053.99,63076.19,62982.36,62982.37,39.38551
2024-04-27 12:50:00,62982.36,63095.18,62971.34,63090.0,43.14028
2024-04-27 12:55:00,63090.01,63090.01,63029.61,63034.62,32.07138
2024-04-27 13:00:00,63034.62,63071.06,63006.21,63008.02,55.40125
2024-04-27 13:05:00,63008.02,63045.54,63008.01,63045.54,37.85496
2024-04-27 13:10:00,63045.54,63067.78,63045.53,63055.73,19.9717
2024-04-27 13:15:00,63055.74,63089.9,63055.73,63084.04,28.96662
2024-04-27 13:20:00,63084.03,63224.49,63084.03,63215.89,82.95883
2024-04-27 13:25:00,63215.88,63250.0,63111.24,63111.24,90.33838
2024-04-27 13:30:00,63111.24,63150.0,63063.82,63150.0,74.88854
2024-04-27 13:35:00,63150.0,63229.81,63138.0,63199.99,52.20072
2024-04-27 13:40:00,63200.0,63271.79,63184.22,63206.0,85.86775
2024-04-27 13:45:00,63206.0,63233.34,63160.0,63207.38,94.31725
2024-04-27 13:50:00,63207.39,63233.32,63190.31,63225.99,52.4755
2024-04-27 13:55:00,63225.99,63227.09,63200.63,63227.09,57.76389
2024-04-27 14:00:00,63227.09,63246.2,63146.0,63177.65,128.65044
2024-04-27 14:05:00,63177.65,63202.23,63177.65,63186.0,43.81837
2024-04-27 14:10:00,63186.01,63381.7,63186.0,63305.58,149.69335
2024-04-27 14:15:00,63305.59,63408.53,63207.15,63228.74,149.42572
2024-04-27 14:20:00,63228.75,63272.01,63204.0,63211.28,52.49523
2024-04-27 14:25:00,63211.28,63211.29,63154.1,63154.1,46.72304
2024-04-27 14:30:00,63154.1,63224.43,63150.0,63175.99,32.74155
2024-04-27 14:35:00,63175.99,63236.19,63175.16,63236.19,29.09505
2024-04-27 14:40:00,63236.19,63264.03,63078.88,63097.31,60.46605
2024-04-27 14:45:00,63097.3,63146.02,63082.2,63140.0,58.13837
2024-04-27 14:50:00,63140.01,63144.0,63071.42,63071.43,39.37825
2024-04-27 14:55:00,63071.43,63131.65,63063.82,63131.65,46.39644
2024-04-27 15:00:00,63131.65,63131.65,63080.54,63101.74,36.8905
2024-04-27 15:05:00,63101.74,63179.17,63101.73,63157.99,33.74973
2024-04-27 15:10:00,63158.0,63212.09,63135.05,63135.05,28.83382
2024-04-27 15:15:00,63135.05,63154.0,63091.8,63154.0,26.29193
2024-04-27 15:20:00,63153.99,63154.0,63015.24,63053.02,53.67318
2024-04-27 15:25:00,63053.01,63057.83,63041.54,63050.01,19.13232
2024-04-27 15:30:00,63050.0,63077.44,62967.4,63003.86,63.83341
2024-04-27 15:35:00,63003.86,63003.86,62964.01,62966.54,31.29997
2024-04-27 15:40:00,62966.53,62984.0,62875.41,62958.01,65.82091
2024-04-27 15:45:00,62958.01,62972.0,62878.85,62886.0,68.0465
2024-04-27 15:50:00,62886.01,62908.23,62860.0,62908.22,29.09095
2024-04-27 15:55:00,62908.22,62951.76,62898.0,62951.75,28.78121
2024-04-27 16:00:00,62951.75,62998.37,62940.01,62967.72,72.60595
2024-04-27 16:05:00,62967.72,63036.0,62967.71,63032.92,41.76177
2024-04-27 16:10:00,63032.92,63057.48,62960.83,62979.29,97.97672
2024-04-27 16:15:00,62979.3,63038.0,62974.0,63030.2,55.81001
2024-04-27 16:20:00,63030.21,63104.0,63030.2,63103.99,66.66162
2024-04-27 16:25:00,63104.0,63111.89,62777.15,62788.01,216.16679
2024-04-27 16:30:00,62788.0,62904.92,62780.88,62851.99,75.32012
2024-04-27 16:35:00,62852.0,62922.23,62839.15,62890.86,51.98622
2024-04-27 16:40:00,62890.85,62903.77,62857.8,62882.0,39.60707
2024-04-27 16:45:00,62882.0,62926.0,62861.28,62861.28,29.64897
2024-04-27 16:50:00,62861.28,62934.0,62861.28,62885.99,68.22083
2024-04-27 16:55:00,62886.0,62886.0,62750.0,62750.0,132.34398
2024-04-27 17:00:00,62750.0,62828.0,62750.0,62828.0,53.74098
2024-04-27 17:05:00,62828.0,62866.52,62816.0,62816.0,28.26206
2024-04-27 17:10:00,62816.0,62840.0,62782.0,62840.0,27.71327
2024-04-27 17:15:00,62839.99,62853.76,62826.43,62833.99,42.623
2024-04-27 17:20:00,62833.98,62904.92,62833.98,62873.78,38.59261
2024-04-27 17:25:00,62873.77,62965.01,62872.3,62930.65,67.51923
2024-04-27 17:30:00,62930.66,62992.0,62879.99,62960.01,60.13019
2024-04-27 17:35:00,62960.0,63051.38,62935.24,63051.38,132.31552
2024-04-27 17:40:00,63051.38,63336.0,63051.37,63278.01,300.99278
2024-04-27 17:45:00,63278.0,63372.14,63180.0,63309.84,169.77419
2024-04-27 17:50:00,63309.83,63616.16,63309.83,63550.01,379.69897
2024-04-27 17:55:00,63550.0,63650.0,63400.01,63416.21,242.17446
2024-04-27 18:00:00,63416.22,63619.96,63408.26,63502.0,437.61665
2024-04-27 18:05:00,63501.99,63534.69,63360.01,63431.28,143.7323
2024-04-27 18:10:00,63431.28,63434.99,63119.74,63203.0,207.69716
2024-04-27 18:15:00,63203.01,63206.44,62821.82,62999.99,367.00191
2024-04-27 18:20:00,62999.99,63122.96,62964.28,63076.01,161.50886
2024-04-27 18:25:00,63076.0,63108.0,63008.0,63054.12,59.59075
2024-04-27 18:30:00,63054.13,63227.19,63050.0,63150.08,94.85156
2024-04-27 18:35:00,63150.08,63240.0,63143.63,63207.78,113.11876
2024-04-27 18:40:00,63207.79,63267.85,63186.46,63224.0,67.38848
2024-04-27 18:45:00,63224.0,63386.77,63223.99,63294.22,102.59048
2024-04-27 18:50:00,63294.22,63424.8,63294.22,63424.79,108.8094
2024-04-27 18:55:00,63424.79,63431.78,63311.31,63339.05,44.77429
2024-04-27 19:00:00,63339.06,63371.47,63192.07,63192.08,54.72512
2024-04-27 19:05:00,63192.07,63340.99,63192.07,63340.99,49.33911
2024-04-27 19:10:00,63340.99,63388.42,63340.98,63351.27,34.48712
2024-04-27 19:15:00,63351.26,63387.87,63295.12,63372.82,105.29373
2024-04-27 19:20:00,63372.83,63372.83,63254.0,63255.57,44.20572
2024-04-27 19:25:00,63255.56,63255.57,63225.71,63249.99,27.05949
2024-04-27 19:30:00,63249.99,63326.22,63233.33,63281.99,43.56843
2024-04-27 19:35:00,63281.99,63311.03,63264.02,63265.41,46.99189
2024-04-27 19:40:00,63265.41,63326.21,63257.2,63303.73,20.64531
2024-04-27 19:45:00,63303.74,63370.0,63298.2,63362.0,41.01933
2024-04-27 19:50:00,63362.01,63366.26,63338.0,63357.99,35.27745
2024-04-27 19:55:00,63357.99,63358.0,63352.1,63352.11,10.9119
2024-04-27 20:00:00,63352.11,63461.53,63352.11,63432.0,69.39467
2024-04-27 20:05:00,63432.01,63437.24,63334.52,63348.0,28.62479
2024-04-27 20:10:00,63347.99,63348.0,63281.89,63281.9,24.10941
2024-04-27 20:15:00,63281.9,63288.0,63171.42,63199.2,62.08895
2024-04-27 20:20:00,63199.21,63255.9,63160.0,63246.0,61.09052
2024-04-27 20:25:00,63246.01,63246.01,63171.11,63171.11,39.87412
2024-04-27 20:30:00,63171.11,63224.62,63171.11,63224.62,18.00184
2024-04-27 20:35:00,63224.62,63258.0,63204.0,63238.0,38.76659
2024-04-27 20:40:00,63238.0,63276.0,63237.99,63273.43,18.44564
2024-04-27 20:45:00,63273.43,63273.43,63222.0,63246.69,21.41986
2024-04-27 20:50:00,63246.7,63264.0,63246.69,63264.0,6.77326
2024-04-27 20:55:00,63263.99,63284.26,63258.0,63277.99,20.82472
2024-04-27 21:00:00,63277.99,63286.04,63260.52,63281.42,22.15002
2024-04-27 21:05:00,63281.41,63295.13,63211.48,63211.48,26.33536
2024-04-27 21:10:00,63211.49,63211.49,63168.52,63168.53,12.27815
2024-04-27 21:15:00,63168.52,63236.0,63157.98,63207.18,29.96756
2024-04-27 21:20:00,63207.18,63235.68,63176.0,63209.37,30.75076
2024-04-27 21:25:00,63209.38,63236.0,63194.96,63194.97,21.24607
2024-04-27 21:30:00,63194.96,63233.34,63188.0,63222.55,16.69925
2024-04-27 21:35:00,63222.56,63300.0,63222.55,63300.0,36.7448
2024-04-27 21:40:00,63299.99,63300.0,63270.01,63270.02,18.48471
2024-04-27 21:45:00,63270.01,63293.64,63270.01,63287.41,17.89647
2024-04-27 21:50:00,63287.41,63357.32,63280.01,63313.24,27.03164
2024-04-27 21:55:00,63313.24,63313.25,63289.56,63289.57,13.39017
2024-04-27 22:00:00,63289.57,63357.32,63286.72,63343.99,52.02129
2024-04-27 22:05:00,63344.0,63474.99,63343.99,63369.24,145.95911
2024-04-27 22:10:00,63369.23,63403.27,63353.05,63375.4,44.34958
2024-04-27 22:15:00,63375.4,63387.48,63342.86,63346.0,44.5606
2024-04-27 22:20:00,63346.01,63346.01,63296.15,63325.99,18.45802
2024-04-27 22:25:00,63326.0,63349.22,63304.89,63321.01,28.18483
2024-04-27 22:30:00,63321.0,63321.01,63286.0,63290.01,14.48071
2024-04-27 22:35:00,63290.0,63312.0,63282.19,63282.2,13.78451
2024-04-27 22:40:00,63282.2,63306.0,63251.59,63264.29,38.27803
2024-04-27 22:45:00,63264.29,63279.52,63233.81,63244.0,34.99991
2024-04-27 22:50:00,63244.0,63262.01,63241.24,63260.01,15.60626
2024-04-27 22:55:00,63260.0,63274.4,63258.62,63259.99,15.792
2024-04-27 23:00:00,63260.0,63330.93,63259.99,63330.92,19.53542
2024-04-27 23:05:00,63330.93,63370.69,63330.92,63348.0,26.22284
2024-04-27 23:10:00,63348.0,63430.0,63348.0,63430.0,67.09741
2024-04-27 23:15:00,63430.0,63465.52,63429.99,63454.0,37.0474
2024-04-27 23:20:00,63454.0,63454.01,63439.0,63443.43,24.56871
2024-04-27 23:25:00,63443.42,63470.0,63442.0,63454.0,19.44328
2024-04-27 23:30:00,63454.01,63458.34,63431.86,63458.34,21.22794
2024-04-27 23:35:00,63458.34,63500.07,63438.17,63493.99,32.74598
2024-04-27 23:40:00,63493.99,63510.0,63438.74,63456.11,40.32986
2024-04-27 23:45:00,63456.11,63523.23,63456.1,63490.02,26.44628
2024-04-27 23:50:00,63490.01,63555.56,63490.01,63535.7,32.00374
2024-04-27 23:55:00,63535.7,63535.71,63426.47,63461.98,39.95421
2024-04-28 00:00:00,63461.98,63530.0,63461.98,63519.99,72.50155
2024-04-28 00:05:00,63520.0,63530.0,63486.91,63508.13,72.99841
2024-04-28 00:10:00,63508.14,63524.22,63481.7,63493.99,35.2785
2024-04-28 00:15:00,63493.99,63498.0,63456.86,63486.24,38.7126
2024-04-28 00:20:00,63486.25,63599.84,63486.24,63567.19,89.87958
2024-04-28 00:25:00,63567.19,63748.55,63562.53,63734.0,150.58635
2024-04-28 00:30:00,63734.01,63734.01,63630.21,63630.21,36.62837
2024-04-28 00:35:00,63630.22,63643.97,63602.59,63613.99,28.03221
2024-04-28 00:40:00,63614.0,63631.12,63574.99,63574.99,24.64311
2024-04-28 00:45:00,63575.0,63630.57,63544.69,63612.01,62.54757
2024-04-28 00:50:00,63612.01,63637.2,63612.0,63636.73,13.35009
2024-04-28 00:55:00,63636.73,63636.74,63613.39,63616.57,12.46075
2024-04-28 01:00:00,63616.58,63668.3,63596.14,63649.99,34.39295
2024-04-28 01:05:00,63649.99,63672.4,63629.2,63637.99,61.20485
2024-04-28 01:10:00,63638.0,63638.0,63614.0,63615.75,20.87838
2024-04-28 01:15:00,63615.75,63615.76,63523.45,63525.25,53.97812
2024-04-28 01:20:00,63525.24,63582.0,63525.24,63566.0,18.43014
2024-04-28 01:25:00,63566.0,63604.0,63566.0,63598.0,21.22095
2024-04-28 01:30:00,63597.99,63598.0,63543.9,63559.82,31.02058
2024-04-28 01:35:00,63559.82,63586.0,63527.86,63571.99,22.86434
2024-04-28 01:40:00,63571.99,63642.0,63571.99,63641.99,52.1731
2024-04-28 01:45:00,63641.99,63645.8,63615.02,63615.03,27.15283
2024-04-28 01:50:00,63615.02,63698.74,63615.02,63643.86,45.05487
2024-04-28 01:55:00,63643.86,63646.76,63603.59,63603.6,17.0505
2024-04-28 02:00:00,63603.6,63603.6,63554.33,63563.13,31.86882
2024-04-28 02:05:00,63563.12,63606.1,63552.68,63606.1,36.8902
2024-04-28 02:10:00,63606.1,63621.32,63598.32,63598.32,12.97346
2024-04-28 02:15:00,63598.33,63605.78,63570.53,63570.53,16.82337
2024-04-28 02:20:00,63570.53,63598.01,63570.01,63587.16,23.38058
2024-04-28 02:25:00,63587.16,63628.0,63574.99,63594.52,36.05455
2024-04-28 02:30:00,63594.52,63622.0,63561.55,63620.0,31.61412
2024-04-28 02:35:00,63620.0,63708.56,63619.99,63708.55,35.38587
2024-04-28 02:40:00,63708.56,63762.25,63682.13,63721.6,70.84352
2024-04-28 02:45:00,63721.61,63787.81,63721.6,63782.76,48.91408
2024-04-28 02:50:00,63782.76,64050.0,63782.76,63956.01,394.84557
2024-04-28 02:55:00,63956.0,64042.0,63950.0,63950.0,128.91485
2024-04-28 03:00:00,63950.01,64025.81,63932.78,63987.35,80.51553
2024-04-28 03:05:00,63987.36,64245.05,63978.0,64244.96,245.57393
2024-04-28 03:10:00,64244.96,64367.96,64196.95,64306.56,351.50995
2024-04-28 03:15:00,64306.56,64370.0,64129.99,64177.75,156.43076
2024-04-28 03:20:00,64177.75,64180.98,64027.19,64045.43,153.25626
2024-04-28 03:25:00,64045.43,64167.5,64026.22,64167.5,115.35385
2024-04-28 03:30:00,64167.5,64172.0,64052.0,64056.48,67.19896
2024-04-28 03:35:00,64056.48,64190.0,64022.0,64107.95,92.2461
2024-04-28 03:40:00,64107.94,64114.0,64060.0,64060.0,99.66838
2024-04-28 03:45:00,64060.0,64091.98,64028.39,64063.14,50.62325
2024-04-28 03:50:00,64063.13,64075.46,64007.7,64075.45,35.66068
2024-04-28 03:55:00,64075.46,64075.46,64012.0,64021.62,26.04928
2024-04-28 04:00:00,64021.62,64049.99,64010.36,64018.23,37.37101
2024-04-28 04:05:00,64018.22,64032.0,63969.68,63970.7,103.59638
2024-04-28 04:10:00,63970.7,64015.24,63936.46,63945.43,60.56571
2024-04-28 04:15:00,63945.43,63999.11,63938.27,63999.1,42.03167
2024-04-28 04:20:00,63999.1,64003.99,63964.0,63994.23,80.12031
2024-04-28 04:25:00,63994.23,64041.47,63994.22,64026.0,61.78009
2024-04-28 04:30:00,64026.01,64026.01,63891.41,63895.41,67.32088
2024-04-28 04:35:00,63895.42,63948.18,63895.41,63937.66,32.69847
2024-04-28 04:40:00,63937.65,63948.0,63913.82,63913.96,31.46323
2024-04-28 04:45:00,63913.96,63933.64,63902.0,63902.0,22.64431
2024-04-28 04:50:00,63902.0,63902.01,63827.88,63840.26,57.7782
2024-04-28 04:55:00,63840.26,63882.0,63840.25,63843.14,48.2549
2024-04-28 05:00:00,63843.14,63878.55,63835.3,63875.54,38.1678
2024-04-28 05:05:00,63875.54,63896.85,63814.96,63815.99,60.66294
2024-04-28 05:10:00,63815.99,63868.07,63815.99,63818.01,39.23248
2024-04-28 05:15:00,63818.0,63826.38,63810.0,63826.38,44.76054
2024-04-28 05:20:00,63826.37,63885.98,63826.37,63885.97,39.51195
2024-04-28 05:25:00,63885.98,63891.15,63832.0,63877.99,39.75666
2024-04-28 05:30:00,63878.0,63888.32,63862.01,63862.02,29.32718
2024-04-28 05:35:00,63862.02,63868.82,63854.87,63854.88,21.98847
2024-04-28 05:40:00,63854.88,63859.92,63854.87,63859.75,16.15923
2024-04-28 05:45:00,63859.76,63937.07,63859.75,63900.0,67.32019
2024-04-28 05:50:00,63900.01,64000.0,63886.66,63935.99,55.71585
2024-04-28 05:55:00,63936.0,63979.27,63935.99,63953.99,45.9537
2024-04-28 06:00:00,63954.0,63964.01,63944.63,63961.99,23.1319
2024-04-28 06:05:00,63962.0,63988.0,63942.41,63942.42,41.59067
2024-04-28 06:10:00,63942.41,63942.42,63910.0,63910.0,27.10259
2024-04-28 06:15:00,63910.01,63948.18,63910.0,63917.0,29.3873
2024-04-28 06:20:00,63917.01,63917.01,63831.73,63831.74,48.88141
2024-04-28 06:25:00,63831.74,63851.99,63800.0,63801.71,53.79467
2024-04-28 06:30:00,63801.72,63893.87,63801.71,63863.72,60.86601
2024-04-28 06:35:00,63863.72,63907.91,63863.72,63907.91,32.55204
2024-04-28 06:40:00,63907.9,63942.0,63905.6,63941.99,24.18095
2024-04-28 06:45:00,63942.0,63959.99,63850.0,63959.98,196.47534
2024-04-28 06:50:00,63959.99,64017.29,63959.98,64005.34,80.86315
2024-04-28 06:55:00,64005.35,64015.44,63967.14,63967.14,24.03785
2024-04-28 07:00:00,63967.14,63979.27,63894.21,63958.57,77.42253
2024-04-28 07:05:00,63958.58,63974.0,63917.07,63921.99,34.75234
2024-04-28 07:10:00,63921.99,64042.0,63917.01,64042.0,50.64095
2024-04-28 07:15:00,64042.0,64060.0,63954.02,63954.59,73.47069
2024-04-28 07:20:00,63954.58,63994.0,63928.0,63944.03,38.97103
2024-04-28 07:25:00,63944.02,63980.0,63944.02,63966.0,26.24674
2024-04-28 07:30:00,63966.0,63976.0,63948.17,63975.05,35.36634
2024-04-28 07:35:00,63975.05,64008.0,63909.45,63909.84,68.06181
2024-04-28 07:40:00,63909.85,63934.0,63900.0,63900.0,25.74737
2024-04-28 07:45:00,63900.0,63946.27,63900.0,63937.99,17.36205
2024-04-28 07:50:00,63937.99,63948.18,63924.0,63930.01,26.82697
2024-04-28 07:55:00,63930.0,63931.7,63904.91,63915.5,43.75941
2024-04-28 08:00:00,63915.5,63979.27,63915.49,63917.77,43.45213
2024-04-28 08:05:00,63917.77,63926.0,63867.07,63874.71,48.00559
2024-04-28 08:10:00,63874.72,63920.59,63843.17,63915.07,59.44287
2024-04-28 08:15:00,63915.08,63941.61,63886.66,63939.99,95.1092
2024-04-28 08:20:00,63939.98,63939.99,63929.97,63932.74,18.80866
2024-04-28 08:25:00,63932.74,63932.74,63884.0,63884.0,37.06788
2024-04-28 08:30:00,63884.0,63899.93,63839.34,63881.53,53.89256
2024-04-28 08:35:00,63881.54,63893.76,63830.0,63830.01,34.14941
2024-04-28 08:40:00,63830.01,63833.53,63668.18,63668.19,206.35607
2024-04-28 08:45:00,63668.19,63740.0,63639.17,63740.0,139.51229
2024-04-28 08:50:00,63740.0,63768.32,63739.99,63752.01,30.07729
2024-04-28 08:55:00,63752.01,63752.01,63700.0,63709.98,55.05915
2024-04-28 09:00:00,63709.99,63740.76,63676.0,63734.43,60.22252
2024-04-28 09:05:00,63734.43,63774.35,63734.43,63774.34,30.05752
2024-04-28 09:10:00,63774.34,63800.0,63762.22,63793.33,37.13701
2024-04-28 09:15:00,63793.33,63823.79,63741.0,63791.35,31.23835
2024-04-28 09:20:00,63791.36,63810.04,63787.12,63793.99,30.07838
2024-04-28 09:25:00,63794.0,63818.14,63782.0,63812.02,35.1387
2024-04-28 09:30:00,63812.01,63812.02,63784.0,63785.35,21.12306
2024-04-28 09:35:00,63785.36,63802.76,63742.74,63802.75,27.88218
2024-04-28 09:40:00,63802.75,63812.0,63770.67,63770.67,17.12624
2024-04-28 09:45:00,63770.67,63770.68,63691.64,63692.01,53.78265
2024-04-28 09:50:00,63692.0,63755.51,63682.96,63755.5,33.45765
2024-04-28 09:55:00,63755.5,63759.34,63750.0,63759.33,26.1563
2024-04-28 10:00:00,63759.34,63792.6,63754.01,63785.24,46.12067
2024-04-28 10:05:00,63785.23,63786.0,63721.24,63724.09,50.93544
2024-04-28 10:10:00,63724.1,63724.1,63583.4,63584.0,104.25749
2024-04-28 10:15:00,63584.01,63645.51,63345.55,63476.89,371.1953
2024-04-28 10:20:00,63476.88,63553.39,63439.54,63553.39,76.96747
2024-04-28 10:25:00,63553.38,63587.82,63550.0,63579.99,62.70338
2024-04-28 10:30:00,63579.99,63625.99,63563.65,63623.78,41.75451
2024-04-28 10:35:00,63623.78,63637.78,63568.65,63637.78,34.64627
2024-04-28 10:40:00,63637.77,63679.14,63637.77,63670.75,29.70277
2024-04-28 10:45:00,63670.76,63693.2,63629.46,63646.0,37.799
2024-04-28 10:50:00,63646.0,63706.0,63645.99,63678.99,46.87849
2024-04-28 10:55:00,63678.99,63694.51,63652.64,63694.5,32.93942
2024-04-28 11:00:00,63694.5,63710.87,63624.19,63674.92,33.21752
2024-04-28 11:05:00,63674.93,63679.02,63655.35,63658.67,15.19208
2024-04-28 11:10:00,63658.67,63658.67,63575.55,63628.83,43.00416
2024-04-28 11:15:00,63628.83,63640.0,63562.68,63637.2,54.21562
2024-04-28 11:20:00,63637.19,63681.87,63485.0,63497.99,92.63042
2024-04-28 11:25:00,63498.0,63537.18,63406.0,63469.99,131.19463
2024-04-28 11:30:00,63469.99,63520.3,63419.99,63506.0,60.82863
2024-04-28 11:35:00,63506.01,63520.3,63460.0,63510.0,37.34271
2024-04-28 11:40:00,63509.99,63523.05,63486.0,63497.99,20.87204
2024-04-28 11:45:00,63497.99,63497.99,63394.68,63446.6,53.46837
2024-04-28 11:50:00,63446.59,63503.7,63416.79,63478.74,37.60773
2024-04-28 11:55:00,63478.74,63488.0,63464.0,63484.01,14.32238
2024-04-28 12:00:00,63484.0,63566.99,63415.6,63554.02,65.99229
2024-04-28 12:05:00,63554.03,63554.03,63503.25,63537.74,25.50926
2024-04-28 12:10:00,63537.73,63596.93,63537.73,63545.29,65.39874
2024-04-28 12:15:00,63545.28,63562.0,63514.45,63547.09,33.26719
2024-04-28 12:20:00,63547.09,63547.1,63500.0,63505.99,71.87255
2024-04-28 12:25:00,63506.0,63588.36,63505.99,63568.01,57.39139
2024-04-28 12:30:00,63568.01,63673.0,63568.0,63608.91,117.05672
2024-04-28 12:35:00,63608.91,63616.0,63591.55,63601.09,24.13644
2024-04-28 12:40:00,63601.1,63601.1,63566.74,63567.62,25.53628
2024-04-28 12:45:00,63567.61,63573.52,63544.44,63573.51,16.49045
2024-04-28 12:50:00,63573.51,63590.0,63573.51,63589.99,25.12734
2024-04-28 12:55:00,63589.99,63605.98,63589.99,63590.03,56.45974
2024-04-28 13:00:00,63590.03,63592.36,63534.0,63536.01,47.72819
2024-04-28 13:05:00,63536.01,63630.48,63536.0,63630.47,37.63582
2024-04-28 13:10:00,63630.47,63790.84,63630.47,63700.01,155.77168
2024-04-28 13:15:00,63700.01,63760.0,63660.0,63759.99,55.34348
2024-04-28 13:20:00,63759.99,63869.09,63751.87,63778.33,147.7084
2024-04-28 13:25:00,63778.34,63778.34,63670.53,63699.99,45.98256
2024-04-28 13:30:00,63700.0,63783.07,63676.89,63734.56,44.25418
2024-04-28 13:35:00,63734.55,63839.35,63734.55,63796.03,65.97373
2024-04-28 13:40:00,63796.02,63819.75,63757.85,63808.0,37.24483
2024-04-28 13:45:00,63808.0,63808.01,63744.0,63771.99,40.56215
2024-04-28 13:50:00,63772.0,63772.0,63738.5,63743.57,21.57457
2024-04-28 13:55:00,63743.57,63799.0,63738.51,63775.43,21.41137
2024-04-28 14:00:00,63775.42,63783.6,63700.0,63700.0,66.63201
2024-04-28 14:05:00,63700.01,63725.5,63642.0,63725.5,85.69854
2024-04-28 14:10:00,63725.5,63725.5,63700.0,63720.0,31.05038
2024-04-28 14:15:00,63719.99,63742.0,63618.0,63618.0,61.47064
2024-04-28 14:20:00,63618.0,63630.0,63550.0,63630.0,67.61708
2024-04-28 14:25:00,63630.0,63649.99,63626.43,63632.38,34.91385
2024-04-28 14:30:00,63632.39,63728.34,63619.39,63679.57,74.89463
2024-04-28 14:35:00,63679.56,63679.57,63563.24,63586.01,72.87249
2024-04-28 14:40:00,63586.0,63586.01,63520.4,63546.85,32.56029
2024-04-28 14:45:00,63546.85,63546.86,63488.0,63517.67,41.21744
2024-04-28 14:50:00,63517.67,63575.0,63510.0,63574.99,22.23947
2024-04-28 14:55:00,63575.0,63610.05,63574.99,63607.19,40.70448
2024-04-28 15:00:00,63607.2,63652.0,63574.99,63578.0,53.39416
2024-04-28 15:05:00,63578.0,63650.0,63527.88,63649.99,52.71013
2024-04-28 15:10:00,63649.99,63650.0,63550.01,63575.92,36.51573
2024-04-28 15:15:00,63575.92,63582.0,63504.83,63539.99,58.17375
2024-04-28 15:20:00,63540.0,63568.44,63530.76,63530.77,30.16058
2024-04-28 15:25:00,63530.77,63532.01,63510.0,63532.0,19.51894
2024-04-28 15:30:00,63532.0,63534.0,63460.0,63461.65,64.14045
2024-04-28 15:35:00,63461.65,63574.33,63461.65,63574.33,40.91563
2024-04-28 15:40:00,63574.32,63580.0,63552.4,63574.01,34.66985
2024-04-28 15:45:00,63574.02,63574.02,63485.0,63504.01,32.75936
2024-04-28 15:50:00,63504.01,63532.0,63500.0,63516.79,32.45052
2024-04-28 15:55:00,63516.79,63575.0,63516.78,63540.0,28.94993
2024-04-28 16:00:00,63540.0,63637.2,63540.0,63616.62,57.3581
2024-04-28 16:05:00,63616.62,63634.01,63592.02,63614.1,31.39257
2024-04-28 16:10:00,63614.09,63646.0,63563.65,63606.09,33.17879
2024-04-28 16:15:00,63606.09,63606.1,63483.18,63533.99,50.67393
2024-04-28 16:20:00,63533.99,63720.0,63526.0,63712.0,74.7073
2024-04-28 16:25:00,63712.01,63718.0,63670.26,63696.0,28.2303
2024-04-28 16:30:00,63696.01,63800.4,63674.34,63792.0,105.769
2024-04-28 16:35:00,63792.0,63798.09,63720.0,63722.01,73.1494
2024-04-28 16:40:00,63722.01,63743.01,63668.88,63668.89,29.30807
2024-04-28 16:45:00,63668.89,63678.56,63606.66,63606.66,40.42748
2024-04-28 16:50:00,63606.66,63652.46,63562.1,63652.45,33.1715
2024-04-28 16:55:00,63652.46,63720.62,63652.45,63705.38,24.18321
2024-04-28 17:00:00,63705.38,63705.39,63660.01,63660.01,27.5366
2024-04-28 17:05:00,63660.01,63710.0,63652.46,63694.1,24.06915
2024-04-28 17:10:00,63694.1,63725.5,63694.09,63712.58,20.60439
2024-04-28 17:15:00,63712.58,63712.59,63640.13,63667.99,31.33544
2024-04-28 17:20:00,63668.0,63668.0,63609.0,63609.01,23.82089
2024-04-28 17:25:00,63609.0,63634.0,63570.3,63604.96,57.23997
2024-04-28 17:30:00,63604.96,63657.26,63604.95,63657.25,14.37428
2024-04-28 17:35:00,63657.26,63714.76,63620.0,63701.69,56.25015
2024-04-28 17:40:00,63701.69,63724.0,63698.0,63724.0,10.16896
2024-04-28 17:45:00,63724.0,63754.34,63723.99,63754.34,14.18213
2024-04-28 17:50:00,63754.33,63786.11,63732.0,63786.0,40.55874
2024-04-28 17:55:00,63785.99,63814.0,63768.47,63768.47,36.48921
2024-04-28 18:00:00,63768.47,63768.48,63727.43,63729.99,41.32363
2024-04-28 18:05:00,63729.98,63776.0,63716.47,63743.54,23.93286
2024-04-28 18:10:00,63743.55,63743.55,63710.57,63710.58,18.85362
2024-04-28 18:15:00,63710.58,63724.9,63694.5,63724.89,18.25078
2024-04-28 18:20:00,63724.89,63736.0,63724.89,63736.0,10.34843
2024-04-28 18:25:00,63736.0,63760.0,63735.99,63760.0,9.98053
2024-04-28 18:30:00,63759.99,63800.0,63740.0,63778.76,69.07732
2024-04-28 18:35:00,63778.76,63789.62,63701.04,63743.91,51.30294
2024-04-28 18:40:00,63743.9,63774.0,63734.01,63773.99,19.24223
2024-04-28 18:45:00,63773.99,63956.0,63762.0,63942.41,160.41391
2024-04-28 18:50:00,63942.42,63976.0,63894.0,63908.0,47.61324
2024-04-28 18:55:00,63908.0,63928.8,63870.66,63923.99,45.80167
2024-04-28 19:00:00,63924.0,63928.0,63871.73,63871.74,62.51586
2024-04-28 19:05:00,63871.73,63871.74,63810.0,63851.23,40.80352
2024-04-28 19:10:00,63851.22,63854.88,63847.99,63854.87,23.25176
2024-04-28 19:15:00,63854.87,63854.88,63800.08,63800.09,22.50862
2024-04-28 19:20:00,63800.09,63844.83,63800.08,63803.37,29.51964
2024-04-28 19:25:00,63803.37,63815.44,63792.68,63800.76,22.44564
2024-04-28 19:30:00,63800.77,63800.77,63740.0,63745.89,43.03003
2024-04-28 19:35:00,63745.89,63762.23,63715.36,63762.22,23.28892
2024-04-28 19:40:00,63762.23,63780.0,63740.0,63769.98,21.41022
2024-04-28 19:45:00,63769.99,63769.99,63737.24,63751.99,11.85895
2024-04-28 19:50:00,63751.99,63798.38,63751.99,63783.02,10.63652
2024-04-28 19:55:00,63783.02,63790.05,63730.48,63730.49,22.39889
2024-04-28 20:00:00,63730.49,63745.91,63680.0,63706.01,34.68038
2024-04-28 20:05:00,63706.0,63718.0,63664.06,63676.9,27.00868
2024-04-28 20:10:00,63676.9,63676.9,63617.95,63626.0,33.88487
2024-04-28 20:15:00,63626.0,63658.0,63593.75,63603.5,29.57134
2024-04-28 20:20:00,63603.49,63630.41,63588.72,63601.63,27.4505
2024-04-28 20:25:00,63601.64,63636.0,63599.52,63605.01,24.3501
2024-04-28 20:30:00,63605.01,63657.06,63605.01,63657.05,40.80013
2024-04-28 20:35:00,63657.04,63657.99,63621.28,63657.99,26.4497
2024-04-28 20:40:00,63657.99,63682.76,63650.62,63650.62,17.73927
2024-04-28 20:45:00,63650.63,63660.78,63650.62,63656.42,14.09335
2024-04-28 20:50:00,63656.41,63688.79,63656.41,63676.0,9.69433
2024-04-28 20:55:00,63676.0,63686.0,63676.0,63686.0,12.16609
2024-04-28 21:00:00,63686.0,63745.86,63622.54,63635.99,81.20532
2024-04-28 21:05:00,63636.0,63680.0,63631.68,63660.35,24.57007
2024-04-28 21:10:00,63660.35,63680.0,63655.77,63680.0,25.0197
2024-04-28 21:15:00,63680.0,63680.0,63674.0,63674.02,8.42911
2024-04-28 21:20:00,63674.01,63681.89,63674.01,63681.89,14.17307
2024-04-28 21:25:00,63681.89,63681.89,63680.49,63680.49,14.84536
2024-04-28 21:30:00,63680.5,63680.5,63640.0,63640.01,28.08781
2024-04-28 21:35:00,63640.0,63656.9,63609.0,63656.9,42.44265
2024-04-28 21:40:00,63656.9,63683.61,63656.89,63665.52,20.75237
2024-04-28 21:45:00,63665.52,63665.53,63665.52,63665.53,5.50842
2024-04-28 21:50:00,63665.53,63665.53,63614.3,63614.31,14.1641
2024-04-28 21:55:00,63614.3,63662.0,63614.3,63661.99,23.56847
2024-04-28 22:00:00,63662.0,63714.76,63612.0,63630.0,82.4086
2024-04-28 22:05:00,63629.99,63630.0,63560.0,63583.39,57.53316
2024-04-28 22:10:00,63583.39,63604.96,63357.31,63450.6,213.93746
2024-04-28 22:15:00,63450.6,63542.71,63444.98,63463.78,72.22402
2024-04-28 22:20:00,63463.79,63526.94,63454.09,63476.3,45.08175
2024-04-28 22:25:00,63476.31,63488.0,63463.98,63480.41,28.53353
2024-04-28 22:30:00,63480.42,63480.42,62870.0,63209.65,911.18973
2024-04-28 22:35:00,63209.65,63261.68,63077.77,63171.64,237.4867
2024-04-28 22:40:00,63171.65,63260.0,63130.0,63247.03,165.57807
2024-04-28 22:45:00,63247.03,63247.04,63105.71,63135.85,209.39041
2024-04-28 22:50:00,63135.85,63201.83,63125.36,63172.41,86.47761
2024-04-28 22:55:00,63172.41,63192.6,63110.0,63151.05,130.81011
2024-04-28 23:00:00,63151.06,63151.06,62900.0,62972.01,165.05219
2024-04-28 23:05:00,62972.0,63021.86,62781.0,63010.0,362.73069
2024-04-28 23:10:00,63010.0,63014.94,62922.22,62961.39,98.15456
2024-04-28 23:15:00,62961.39,62961.4,62802.17,62874.01,161.06986
2024-04-28 23:20:00,62874.01,62981.77,62866.88,62957.55,51.09182
2024-04-28 23:25:00,62957.55,63061.12,62944.51,62967.21,86.48335
2024-04-28 23:30:00,62967.21,63034.83,62890.85,62973.3,82.15395
2024-04-28 23:35:00,62973.3,62973.31,62833.99,62875.31,120.3266
2024-04-28 23:40:00,62875.31,62969.93,62828.65,62930.01,95.62735
2024-04-28 23:45:00,62930.0,63108.8,62891.11,63095.91,99.21062
2024-04-28 23:50:00,63095.9,63095.91,63024.86,63066.0,64.20755
2024-04-28 23:55:00,63065.99,63164.7,63064.76,63118.62,66.69516
2024-04-29 00:00:00,63118.62,63154.1,63002.86,63144.41,124.35949
2024-04-29 00:05:00,63144.42,63255.67,63144.41,63252.0,65.63406
2024-04-29 00:10:00,63251.99,63304.76,63222.81,63304.75,62.13418
2024-04-29 00:15:00,63304.75,63321.9,63226.02,63290.0,77.70183
2024-04-29 00:20:00,63290.0,63290.0,63222.0,63243.58,53.39292
2024-04-29 00:25:00,63243.59,63251.6,63189.99,63217.99,75.98056
2024-04-29 00:30:00,63217.99,63251.6,63160.34,63251.26,39.02635
2024-04-29 00:35:00,63251.26,63251.99,63172.99,63200.0,46.0424
2024-04-29 00:40:00,63200.01,63220.0,63187.5,63217.99,14.31892
2024-04-29 00:45:00,63218.0,63295.13,63217.99,63280.0,35.47158
2024-04-29 00:50:00,63280.01,63280.01,63220.01,63260.65,35.2371
2024-04-29 00:55:00,63260.66,63264.03,63242.44,63257.43,10.53387
2024-04-29 01:00:00,63257.42,63286.27,63122.96,63217.83,77.15945
2024-04-29 01:05:00,63217.83,63241.39,63198.0,63223.78,30.72071
2024-04-29 01:10:00,63223.79,63229.68,63146.86,63188.28,38.04752
2024-04-29 01:15:00,63188.28,63194.0,63136.7,63154.99,39.44567
2024-04-29 01:20:00,63154.99,63155.0,63084.18,63110.0,31.06891
2024-04-29 01:25:00,63110.0,63167.7,63086.26,63167.7,59.06981
2024-04-29 01:30:00,63167.69,63210.0,63167.69,63209.99,25.22257
2024-04-29 01:35:00,63209.99,63367.05,63209.99,63298.0,83.85808
2024-04-29 01:40:00,63298.0,63298.01,63209.26,63230.01,40.32144
2024-04-29 01:45:00,63230.0,63238.56,63184.31,63207.98,44.26048
2024-04-29 01:50:00,63207.98,63259.52,63207.98,63236.4,34.66382
2024-04-29 01:55:00,63236.4,63242.0,63201.82,63232.0,35.08324
2024-04-29 02:00:00,63231.99,63269.5,63231.99,63253.99,23.76155
2024-04-29 02:05:00,63254.0,63285.08,63201.82,63276.01,35.87671
2024-04-29 02:10:00,63276.01,63276.01,63111.9,63159.99,61.34448
2024-04-29 02:15:00,63160.0,63198.69,63122.95,63149.98,42.81473
2024-04-29 02:20:00,63149.98,63149.99,63046.85,63133.38,43.7266
2024-04-29 02:25:00,63133.37,63139.99,63084.0,63127.99,51.77381
2024-04-29 02:30:00,63128.0,63128.0,63077.77,63091.02,30.76115
2024-04-29 02:35:00,63091.03,63091.03,62784.0,62814.0,222.84499
2024-04-29 02:40:00,62814.0,62814.0,62570.0,62744.68,339.07704
2024-04-29 02:45:00,62744.68,62867.7,62690.0,62736.37,168.09086
2024-04-29 02:50:00,62736.37,62803.98,62709.8,62744.76,110.488
2024-04-29 02:55:00,62744.77,62770.0,62626.93,62706.33,137.1721
2024-04-29 03:00:00,62706.34,62764.84,62500.0,62547.92,192.0099
2024-04-29 03:05:00,62547.93,62565.24,62442.5,62505.94,221.67913
2024-04-29 03:10:00,62505.93,62608.0,62480.0,62550.0,118.72395
2024-04-29 03:15:00,62550.0,62650.0,62534.01,62624.0,97.54635
2024-04-29 03:20:00,62624.0,62718.18,62611.11,62718.18,71.63505
2024-04-29 03:25:00,62718.18,62733.4,62517.77,62655.72,106.02153
2024-04-29 03:30:00,62655.71,62684.51,62455.48,62467.47,136.7883
2024-04-29 03:35:00,62467.47,62664.16,62426.89,62655.76,144.09693
2024-04-29 03:40:00,62655.76,62679.99,62616.55,62671.87,54.52786
2024-04-29 03:45:00,62671.87,62671.87,62606.0,62656.0,48.3249
2024-04-29 03:50:00,62656.0,62656.01,62548.88,62613.66,78.04046
2024-04-29 03:55:00,62613.65,62613.66,62150.52,62279.67,466.49048
2024-04-29 04:00:00,62279.68,62410.0,62200.03,62374.01,186.03587
2024-04-29 04:05:00,62374.0,62455.49,62302.4,62445.04,96.81745
2024-04-29 04:10:00,62445.03,62471.91,62406.25,62471.9,45.96063
2024-04-29 04:15:00,62471.91,62517.69,62428.0,62428.01,87.62731
2024-04-29 04:20:00,62428.01,62499.3,62419.38,62488.92,56.06607
2024-04-29 04:25:00,62488.91,62560.74,62470.0,62528.0,62.92787
2024-04-29 04:30:00,62528.01,62560.74,62505.12,62546.52,61.99185
2024-04-29 04:35:00,62546.53,62599.38,62518.96,62570.26,50.17351
2024-04-29 04:40:00,62570.25,62639.4,62570.25,62631.48,67.94753
2024-04-29 04:45:00,62631.48,62631.48,62570.73,62587.99,67.829
2024-04-29 04:50:00,62588.0,62632.31,62550.0,62555.26,98.19872
2024-04-29 04:55:00,62555.26,62561.27,62510.08,62542.0,86.5697
2024-04-29 05:00:00,62542.0,62542.0,62450.0,62504.71,54.68024
2024-04-29 05:05:00,62504.71,62527.72,62504.71,62510.58,24.22019
2024-04-29 05:10:00,62510.59,62517.48,62510.0,62510.0,18.64265
2024-04-29 05:15:00,62510.01,62510.01,62393.29,62450.17,70.98162
2024-04-29 05:20:00,62450.16,62450.17,62331.11,62331.12,44.32648
2024-04-29 05:25:00,62331.12,62392.0,62331.11,62344.01,38.46491
2024-04-29 05:30:00,62344.02,62344.02,62059.27,62143.07,270.97243
2024-04-29 05:35:00,62143.07,62341.02,62063.59,62320.01,103.70474
2024-04-29 05:40:00,62320.02,62403.75,62280.0,62403.74,110.79514
2024-04-29 05:45:00,62403.75,62418.0,62351.78,62405.87,75.39936
2024-04-29 05:50:00,62405.86,62448.57,62310.0,62446.62,76.8154
2024-04-29 05:55:00,62446.62,62453.76,62417.09,62444.88,27.04207
2024-04-29 06:00:00,62444.88,62464.27,62393.29,62400.09,56.05365
2024-04-29 06:05:00,62400.1,62467.88,62400.09,62458.0,57.67276
2024-04-29 06:10:00,62458.01,62473.8,62324.13,62335.99,110.74448
2024-04-29 06:15:00,62335.99,62424.4,62294.93,62299.99,71.54854
2024-04-29 06:20:00,62299.99,62377.81,62271.84,62283.99,56.95892
2024-04-29 06:25:00,62283.99,62310.0,62231.34,62304.24,78.48264
2024-04-29 06:30:00,62304.24,62304.24,62098.35,62123.94,203.16143
2024-04-29 06:35:00,62123.93,62289.47,62070.99,62215.99,172.98183
2024-04-29 06:40:00,62215.99,62228.0,62123.42,62201.99,83.32901
2024-04-29 06:45:00,62202.0,62266.82,61923.13,62067.85,466.11938
2024-04-29 06:50:00,62067.85,62139.91,61939.73,62138.2,236.05419
2024-04-29 06:55:00,62138.2,62207.58,62106.01,62199.69,137.2777
2024-04-29 07:00:00,62199.69,62205.0,62013.57,62014.55,135.46391
2024-04-29 07:05:00,62014.55,62139.62,61982.32,62069.99,153.08833
2024-04-29 07:10:00,62069.99,62154.29,61942.38,62154.29,190.68487
2024-04-29 07:15:00,62154.28,62301.15,62092.57,62264.01,222.34586
2024-04-29 07:20:00,62264.0,62288.22,62215.99,62216.0,84.62255
2024-04-29 07:25:00,62216.0,62294.0,62210.0,62273.2,86.58781
2024-04-29 07:30:00,62273.19,62284.48,62222.98,62256.45,99.52488
2024-04-29 07:35:00,62256.44,62308.58,62256.44,62292.9,29.12632
2024-04-29 07:40:00,62292.9,62330.1,62286.37,62316.0,72.14387
2024-04-29 07:45:00,62316.0,62374.0,62262.93,62343.1,93.01548
2024-04-29 07:50:00,62343.1,62379.99,62322.01,62351.99,75.93979
2024-04-29 07:55:00,62351.99,62417.85,62348.46,62399.98,120.78674
2024-04-29 08:00:00,62399.98,62498.61,62381.09,62434.0,166.75467
2024-04-29 08:05:00,62434.0,62434.01,62316.01,62316.01,86.34339
2024-04-29 08:10:00,62316.02,62393.34,62300.0,62339.43,67.11436
2024-04-29 08:15:00,62339.42,62339.43,62220.01,62294.01,66.41451
2024-04-29 08:20:00,62294.01,62339.14,62272.0,62339.14,41.30025
2024-04-29 08:25:00,62339.13,62376.72,62318.0,62376.71,47.97561
2024-04-29 08:30:00,62376.72,62393.3,62227.96,62326.18,93.51268
2024-04-29 08:35:00,62326.17,62385.29,62316.0,62382.01,61.25033
2024-04-29 08:40:00,62382.01,62382.01,62334.77,62356.79,37.98671
2024-04-29 08:45:00,62356.8,62376.33,62332.82,62375.99,50.49775
2024-04-29 08:50:00,62375.99,62397.39,62362.57,62395.34,51.50175
2024-04-29 08:55:00,62395.43,62422.0,62382.63,62398.0,40.21284
2024-04-29 09:00:00,62397.99,62406.0,62296.49,62300.19,69.6178
2024-04-29 09:05:00,62300.2,62319.63,62276.73,62305.87,45.76896
2024-04-29 09:10:00,62305.87,62403.45,62305.86,62382.0,43.04073
2024-04-29 09:15:00,62381.99,62394.0,62297.99,62300.2,54.52235
2024-04-29 09:20:00,62300.2,62340.58,62300.19,62340.57,29.89551
2024-04-29 09:25:00,62340.58,62340.58,62294.0,62294.01,33.38611
2024-04-29 09:30:00,62294.01,62339.13,62284.47,62308.58,39.04001
2024-04-29 09:35:00,62308.58,62369.56,62306.69,62362.01,32.86468
2024-04-29 09:40:00,62362.01,62369.57,62308.69,62336.0,39.45795
2024-04-29 09:45:00,62336.0,62400.86,62325.3,62397.33,52.39405
2024-04-29 09:50:00,62397.33,62660.01,62397.32,62579.86,171.6253
2024-04-29 09:55:00,62579.86,62579.86,62490.0,62536.01,65.14428
2024-04-29 10:00:00,62536.01,62580.0,62491.3,62565.99,59.15237
2024-04-29 10:05:00,62565.99,62586.0,62520.0,62542.38,75.02065
2024-04-29 10:10:00,62542.37,62636.34,62530.41,62636.33,60.53008
2024-04-29 10:15:00,62636.34,62636.34,62518.21,62575.99,75.14727
2024-04-29 10:20:00,62575.99,62673.18,62539.66,62673.17,87.66763
2024-04-29 10:25:00,62673.18,62673.18,62506.05,62524.0,103.99563
2024-04-29 10:30:00,62524.0,62560.0,62523.99,62557.77,30.07371
2024-04-29 10:35:00,62557.76,62557.77,62460.86,62481.71,54.01907
2024-04-29 10:40:00,62481.71,62512.0,62456.0,62456.0,41.415
2024-04-29 10:45:00,62456.01,62456.01,62402.25,62408.0,52.6508
2024-04-29 10:50:00,62408.01,62446.8,62389.3,62443.99,61.85687
2024-04-29 10:55:00,62443.99,62467.95,62388.96,62388.97,57.36671
2024-04-29 11:00:00,62388.96,62421.66,62368.0,62421.66,71.02639
2024-04-29 11:05:00,62421.66,62421.66,62350.0,62359.89,45.3314
2024-04-29 11:10:00,62359.89,62407.47,62335.66,62362.54,41.0793
2024-04-29 11:15:00,62362.54,62376.72,62325.6,62354.0,40.12099
2024-04-29 11:20:00,62354.0,62379.28,62348.0,62370.71,30.11802
2024-04-29 11:25:00,62370.71,62384.73,62342.03,62342.03,38.83201
2024-04-29 11:30:00,62342.04,62368.23,62255.19,62332.42,112.70295
2024-04-29 11:35:00,62332.41,62332.42,62267.69,62278.01,62.62252
2024-04-29 11:40:00,62278.01,62331.27,62236.43,62314.01,103.7917
2024-04-29 11:45:00,62314.01,62314.01,62228.0,62260.5,68.90982
2024-04-29 11:50:00,62260.49,62261.99,62179.99,62252.0,124.6083
2024-04-29 11:55:00,62252.01,62277.72,62224.0,62256.0,48.24756
2024-04-29 12:00:00,62256.0,62331.12,62196.4,62321.31,99.37454
2024-04-29 12:05:00,62321.31,62333.2,62282.0,62301.01,44.91524
2024-04-29 12:10:00,62301.02,62339.31,62286.0,62339.31,50.22968
2024-04-29 12:15:00,62339.3,62388.43,62282.63,62289.55,95.11745
2024-04-29 12:20:00,62289.55,62376.31,62289.54,62359.99,44.6934
2024-04-29 12:25:00,62359.99,62380.0,62332.59,62334.01,41.95919
2024-04-29 12:30:00,62334.01,62334.01,62049.0,62160.05,242.52105
2024-04-29 12:35:00,62160.05,62530.45,62071.77,62488.02,357.2523
2024-04-29 12:40:00,62488.02,62515.65,62424.44,62454.0,80.80427
2024-04-29 12:45:00,62454.01,62628.36,62424.0,62620.0,154.15626
2024-04-29 12:50:00,62620.0,62620.01,62534.0,62610.98,126.70955
2024-04-29 12:55:00,62610.98,62653.44,62590.78,62602.33,89.24948
2024-04-29 13:00:00,62602.32,62698.55,62517.77,62683.21,159.48825
2024-04-29 13:05:00,62683.21,62683.22,62520.23,62536.41,117.18989
2024-04-29 13:10:00,62536.42,62582.61,62511.43,62512.0,46.69138
2024-04-29 13:15:00,62512.0,62542.31,62440.0,62542.3,71.38272
2024-04-29 13:20:00,62542.3,62616.9,62462.85,62490.0,183.65798
2024-04-29 13:25:00,62489.99,62524.58,62481.03,62508.0,62.98336
2024-04-29 13:30:00,62508.0,62600.0,62353.11,62391.99,266.12274
2024-04-29 13:35:00,62392.0,62400.0,62176.23,62203.8,322.02025
2024-04-29 13:40:00,62203.81,62222.99,61913.04,61976.99,474.63903
2024-04-29 13:45:00,61977.0,62080.62,61801.13,61859.36,401.55254
2024-04-29 13:50:00,61859.37,61969.71,61765.53,61893.59,327.35495
2024-04-29 13:55:00,61893.59,62014.0,61873.14,62014.0,106.80998
2024-04-29 14:00:00,62014.0,62065.22,61956.01,62032.0,174.61981
2024-04-29 14:05:00,62032.0,62216.0,61878.61,62189.24,312.29105
2024-04-29 14:10:00,62189.24,62286.57,62126.08,62246.86,293.21444
2024-04-29 14:15:00,62246.86,62352.94,62237.01,62290.47,196.39481
2024-04-29 14:20:00,62290.47,62561.2,62290.46,62561.2,269.42162
2024-04-29 14:25:00,62561.19,62882.3,62500.0,62824.0,552.96726
2024-04-29 14:30:00,62824.0,62998.81,62728.0,62990.0,394.87588
2024-04-29 14:35:00,62990.0,63014.67,62779.71,62807.16,314.46549
2024-04-29 14:40:00,62807.16,62827.99,62745.45,62754.01,132.80903
2024-04-29 14:45:00,62754.0,62849.73,62674.0,62694.0,135.57325
2024-04-29 14:50:00,62694.0,62773.4,62694.0,62700.46,65.17987
2024-04-29 14:55:00,62700.46,62856.54,62700.45,62834.99,121.24135
2024-04-29 15:00:00,62834.99,62900.39,62776.41,62786.0,125.03345
2024-04-29 15:05:00,62786.0,62953.05,62735.55,62922.16,96.0578
2024-04-29 15:10:00,62922.17,62933.48,62786.27,62819.98,105.17001
2024-04-29 15:15:00,62819.98,62885.46,62805.39,62877.99,92.92007
2024-04-29 15:20:00,62878.0,62883.99,62776.41,62795.34,62.51813
2024-04-29 15:25:00,62795.35,62935.42,62784.0,62904.0,97.80977
2024-04-29 15:30:00,62904.0,63059.99,62860.0,62866.0,202.99875
2024-04-29 15:35:00,62865.99,62890.0,62862.78,62868.0,70.6465
2024-04-29 15:40:00,62867.99,63008.69,62867.99,62966.26,91.71625
2024-04-29 15:45:00,62966.27,63112.29,62894.85,62940.01,139.01215
2024-04-29 15:50:00,62940.0,63013.99,62904.39,62987.99,94.41438
2024-04-29 15:55:00,62987.99,63049.15,62932.01,63039.07,104.28885
2024-04-29 16:00:00,63039.07,63158.8,62933.4,63012.15,242.33479
2024-04-29 16:05:00,63012.15,63043.56,62978.0,62978.01,71.31076
2024-04-29 16:10:00,62978.0,63100.0,62956.57,63066.62,76.65638
2024-04-29 16:15:00,63066.63,63075.93,62956.57,63075.93,75.42396
2024-04-29 16:20:00,63075.93,63084.86,62954.15,63022.38,99.4248
2024-04-29 16:25:00,63022.39,63038.0,62974.9,62978.38,110.10468
2024-04-29 16:30:00,62978.38,62981.85,62862.78,62882.14,91.587
2024-04-29 16:35:00,62882.13,62960.0,62800.95,62886.95,141.89097
2024-04-29 16:40:00,62886.96,62886.96,62840.0,62855.99,68.13503
2024-04-29 16:45:00,62856.0,62915.11,62855.99,62890.07,121.56537
2024-04-29 16:50:00,62890.07,62890.08,62754.0,62760.0,85.26274
2024-04-29 16:55:00,62760.0,62822.17,62759.99,62792.02,45.32971
2024-04-29 17:00:00,62792.01,63008.7,62774.38,62974.01,81.80711
2024-04-29 17:05:00,62974.0,63030.0,62894.86,62895.17,54.0872
2024-04-29 17:10:00,62895.16,62914.0,62816.0,62899.41,58.21669
2024-04-29 17:15:00,62899.4,63022.38,62882.01,62947.82,56.42858
2024-04-29 17:20:00,62947.83,63008.56,62908.0,63002.05,64.20655
2024-04-29 17:25:00,63002.05,63221.74,62990.71,63184.22,121.07837
2024-04-29 17:30:00,63184.22,63206.0,63073.99,63089.8,53.96534
2024-04-29 17:35:00,63089.8,63089.81,62988.0,62988.0,57.65871
2024-04-29 17:40:00,62988.01,63069.58,62965.28,63034.0,50.48229
2024-04-29 17:45:00,63034.0,63034.01,62970.01,62970.01,46.27728
2024-04-29 17:50:00,62970.01,63060.83,62960.0,63025.88,57.72613
2024-04-29 17:55:00,63025.89,63123.49,63015.24,63033.23,77.94383
2024-04-29 18:00:00,63033.24,63050.0,62975.42,62992.0,53.5318
2024-04-29 18:05:00,62992.0,62992.0,62848.27,62929.99,99.3277
2024-04-29 18:10:00,62929.98,62953.05,62872.01,62891.45,43.74188
2024-04-29 18:15:00,62891.46,62976.76,62878.01,62964.0,38.14093
2024-04-29 18:20:00,62964.0,62977.99,62932.99,62934.45,41.43651
2024-04-29 18:25:00,62934.45,62967.47,62934.44,62940.87,23.32778
2024-04-29 18:30:00,62940.88,62950.46,62797.77,62801.27,99.9646
2024-04-29 18:35:00,62801.27,62844.0,62787.42,62814.0,34.63171
2024-04-29 18:40:00,62813.99,62837.92,62786.0,62786.01,50.93251
2024-04-29 18:45:00,62786.0,62795.66,62705.88,62780.77,59.58495
2024-04-29 18:50:00,62780.77,62842.75,62776.41,62798.99,35.93782
2024-04-29 18:55:00,62798.99,62876.68,62788.01,62870.0,31.73533
2024-04-29 19:00:00,62870.0,62870.01,62582.97,62630.01,223.68699
2024-04-29 19:05:00,62630.01,62734.79,62582.6,62685.14,124.59318
2024-04-29 19:10:00,62685.14,62704.35,62642.49,62642.5,44.19012
2024-04-29 19:15:00,62642.49,62642.5,62546.37,62590.19,52.4901
2024-04-29 19:20:00,62590.18,62666.0,62578.13,62652.0,60.81186
2024-04-29 19:25:00,62652.0,62699.6,62622.68,62684.96,43.46824
2024-04-29 19:30:00,62684.95,62780.01,62665.94,62766.84,57.30341
2024-04-29 19:35:00,62766.83,62828.66,62746.01,62746.02,53.18625
2024-04-29 19:40:00,62746.02,62776.42,62709.71,62750.44,46.92017
2024-04-29 19:45:00,62750.44,62795.66,62740.57,62785.99,31.74515
2024-04-29 19:50:00,62785.99,62886.95,62782.0,62852.14,62.93899
2024-04-29 19:55:00,62852.14,62988.0,62852.13,62987.37,81.54494
2024-04-29 20:00:00,62987.37,63026.29,62894.85,62900.31,62.33176
2024-04-29 20:05:00,62900.31,63083.89,62900.3,63024.38,65.62171
2024-04-29 20:10:00,63024.38,63134.12,63015.24,63115.98,53.73335
2024-04-29 20:15:00,63115.98,63115.99,63051.63,63056.0,91.39754
2024-04-29 20:20:00,63055.99,63093.84,63022.38,63068.0,49.49247
2024-04-29 20:25:00,63068.0,63068.01,63022.94,63022.94,34.62328
2024-04-29 20:30:00,63022.94,63066.17,63008.69,63044.56,27.31765
2024-04-29 20:35:00,63044.55,63076.0,62962.63,62972.0,36.41238
2024-04-29 20:40:00,62972.0,63035.29,62964.54,63031.78,26.13348
2024-04-29 20:45:00,63031.79,63031.79,62964.46,62970.35,46.72258
2024-04-29 20:50:00,62970.34,63000.0,62939.04,62955.98,26.23662
2024-04-29 20:55:00,62955.99,62978.27,62939.04,62968.82,20.4091
2024-04-29 21:00:00,62968.83,63001.8,62968.82,63001.8,22.14914
2024-04-29 21:05:00,63001.79,63039.14,63001.79,63011.19,45.27337
2024-04-29 21:10:00,63011.2,63015.65,62869.83,62869.84,53.8637
2024-04-29 21:15:00,62869.83,62898.99,62820.0,62898.98,63.15603
2024-04-29 21:20:00,62898.98,62986.6,62898.98,62943.14,30.60084
2024-04-29 21:25:00,62943.15,62981.1,62942.51,62942.51,30.62576
2024-04-29 21:30:00,62942.52,62942.52,62888.42,62941.48,25.53925
2024-04-29 21:35:00,62941.47,62999.64,62941.47,62970.0,24.76845
2024-04-29 21:40:00,62970.0,63002.17,62970.0,62988.64,29.09826
2024-04-29 21:45:00,62988.63,63030.0,62988.63,63029.99,27.09223
2024-04-29 21:50:00,63029.99,63092.18,63029.99,63092.18,38.56454
2024-04-29 21:55:00,63092.17,63172.58,63027.47,63092.24,88.39432
2024-04-29 22:00:00,63092.23,63191.17,63041.04,63185.21,85.59439
2024-04-29 22:05:00,63185.21,63199.0,63100.0,63128.26,75.79784
2024-04-29 22:10:00,63128.25,63199.0,63123.99,63175.46,31.82288
2024-04-29 22:15:00,63175.45,63388.58,63175.45,63367.18,195.52565
2024-04-29 22:20:00,63367.18,63385.13,63295.99,63318.0,70.74323
2024-04-29 22:25:00,63317.99,63497.54,63317.99,63497.53,168.24209
2024-04-29 22:30:00,63497.54,63885.98,63497.53,63834.17,495.20242
2024-04-29 22:35:00,63834.18,63834.18,63708.69,63772.61,146.53746
2024-04-29 22:40:00,63772.61,63843.6,63743.62,63746.0,89.81061
2024-04-29 22:45:00,63746.0,63868.0,63745.99,63793.99,117.74864
2024-04-29 22:50:00,63794.0,63867.67,63770.44,63812.01,124.45593
2024-04-29 22:55:00,63812.01,63935.91,63812.0,63890.0,135.05866
2024-04-29 23:00:00,63890.01,64080.74,63874.01,63987.72,205.47629
2024-04-29 23:05:00,63987.72,64228.35,63980.0,64050.0,334.08564
2024-04-29 23:10:00,64049.99,64090.0,63938.28,63996.0,89.86884
2024-04-29 23:15:00,63995.99,64133.95,63995.99,64044.71,109.37897
2024-04-29 23:20:00,64044.72,64096.66,64000.0,64004.0,159.60286
2024-04-29 23:25:00,64003.99,64037.2,63917.78,63960.47,140.38846
2024-04-29 23:30:00,63960.47,64080.0,63960.46,64007.51,131.58101
2024-04-29 23:35:00,64007.52,64007.52,63923.73,63943.84,37.95598
2024-04-29 23:40:00,63943.83,63954.0,63870.0,63908.01,83.2049
2024-04-29 23:45:00,63908.01,63934.8,63845.99,63860.9,79.01725
2024-04-29 23:50:00,63860.91,63877.99,63812.0,63817.98,55.80136
2024-04-29 23:55:00,63817.99,63874.0,63810.0,63866.0,56.99083
2024-04-30 00:00:00,63866.0,63882.29,63760.29,63764.31,74.89175
2024-04-30 00:05:00,63764.31,63792.69,63688.04,63731.12,71.96089
2024-04-30 00:10:00,63731.11,63800.0,63708.69,63727.8,49.21289
2024-04-30 00:15:00,63727.8,63791.05,63720.0,63779.11,43.24659
2024-04-30 00:20:00,63779.12,63942.88,63779.11,63880.39,118.15989
2024-04-30 00:25:00,63880.39,63996.32,63880.39,63992.56,51.45548
2024-04-30 00:30:00,63992.57,63996.32,63889.88,63975.86,111.19099
2024-04-30 00:35:00,63975.86,64070.0,63972.0,64008.12,103.17308
2024-04-30 00:40:00,64008.11,64202.14,64008.11,64177.99,406.26437
2024-04-30 00:45:00,64178.0,64542.85,64143.77,64400.4,535.91666
2024-04-30 00:50:00,64400.39,64723.06,64328.21,64605.42,339.77457
2024-04-30 00:55:00,64605.43,64734.0,64509.56,64580.0,152.68672
2024-04-30 01:00:00,64579.99,64614.0,64452.11,64496.0,143.9523
2024-04-30 01:05:00,64495.99,64496.0,64402.27,64427.76,75.52788
2024-04-30 01:10:00,64427.76,64480.28,64350.0,64356.93,118.64595
2024-04-30 01:15:00,64356.94,64390.01,64287.15,64339.09,75.49958
2024-04-30 01:20:00,64339.08,64387.59,64315.27,64361.83,82.28445
2024-04-30 01:25:00,64361.82,64361.83,64165.24,64249.99,116.90466
2024-04-30 01:30:00,64250.0,64250.0,63966.89,64050.88,175.82152
2024-04-30 01:35:00,64050.87,64141.96,64021.25,64134.02,98.72978
2024-04-30 01:40:00,64134.03,64134.03,64067.42,64105.46,47.32553
2024-04-30 01:45:00,64105.46,64222.38,64037.69,64100.0,110.96134
2024-04-30 01:50:00,64100.0,64153.29,63925.98,63925.99,130.49265
2024-04-30 01:55:00,63925.99,64019.28,63560.5,63606.01,340.60379
2024-04-30 02:00:00,63606.01,63614.0,62995.7,63219.99,1127.53827
2024-04-30 02:05:00,63220.0,63520.0,63219.99,63476.3,452.52301
2024-04-30 02:10:00,63476.31,63512.0,63332.4,63512.0,123.77177
2024-04-30 02:15:00,63512.0,63632.26,63456.0,63604.21,78.45295
2024-04-30 02:20:00,63604.21,63673.12,63602.0,63645.68,86.46814
2024-04-30 02:25:00,63645.67,63696.61,63606.56,63609.1,58.81421
2024-04-30 02:30:00,63609.1,63808.11,63553.99,63807.82,132.60949
2024-04-30 02:35:00,63807.82,63823.8,63702.0,63802.0,124.76455
2024-04-30 02:40:00,63802.0,63868.0,63773.56,63814.01,61.65016
2024-04-30 02:45:00,63814.0,63896.12,63786.34,63792.62,101.99642
2024-04-30 02:50:00,63792.62,63862.99,63771.13,63862.99,26.8019
2024-04-30 02:55:00,63862.99,63862.99,63759.49,63780.91,64.96576
2024-04-30 03:00:00,63780.92,63780.92,63674.0,63681.15,89.58976
2024-04-30 03:05:00,63681.14,63728.0,63659.55,63690.01,55.15498
2024-04-30 03:10:00,63690.01,63690.01,63561.32,63588.02,64.26664
2024-04-30 03:15:00,63588.02,63665.39,63566.62,63620.01,38.16622
2024-04-30 03:20:00,63620.01,63674.0,63618.89,63666.0,23.04349
2024-04-30 03:25:00,63666.01,63753.43,63666.0,63741.68,31.50877
2024-04-30 03:30:00,63741.68,63820.58,63704.34,63746.54,71.75649
2024-04-30 03:35:00,63746.53,63746.54,63626.7,63682.0,41.69212
2024-04-30 03:40:00,63682.01,63708.7,63623.26,63627.7,53.13479
2024-04-30 03:45:00,63627.69,63673.85,63623.0,63650.83,40.06222
2024-04-30 03:50:00,63650.84,63745.15,63638.91,63741.46,59.04546
2024-04-30 03:55:00,63741.46,63741.47,63629.86,63647.99,59.53046
2024-04-30 04:00:00,63647.99,63698.81,63620.01,63632.36,46.46817
2024-04-30 04:05:00,63632.35,63708.7,63629.59,63695.0,31.69451
2024-04-30 04:10:00,63695.0,63695.01,63637.31,63652.92,28.35905
2024-04-30 04:15:00,63652.92,63652.93,63574.99,63575.22,49.26903
2024-04-30 04:20:00,63575.22,63575.23,63514.32,63514.33,28.8044
2024-04-30 04:25:00,63514.33,63519.99,63477.04,63506.51,34.24002
2024-04-30 04:30:00,63506.51,63521.02,63478.27,63491.99,27.28286
2024-04-30 04:35:00,63492.0,63637.33,63491.99,63520.0,50.01463
2024-04-30 04:40:00,63520.0,63599.8,63520.0,63545.15,44.9026
2024-04-30 04:45:00,63545.15,63545.16,63447.02,63470.01,75.63894
2024-04-30 04:50:00,63470.01,63492.7,63440.65,63452.01,48.16124
2024-04-30 04:55:00,63452.01,63452.02,63343.47,63403.98,134.83973
2024-04-30 05:00:00,63403.98,63441.78,63320.0,63320.01,79.7297
2024-04-30 05:05:00,63320.0,63491.59,63254.0,63454.01,131.65571
2024-04-30 05:10:00,63454.01,63458.71,63400.0,63440.07,53.13822
2024-04-30 05:15:00,63440.07,63440.07,63364.01,63384.74,34.87897
2024-04-30 05:20:00,63384.74,63450.61,63350.01,63434.78,48.15849
2024-04-30 05:25:00,63434.79,63434.79,63376.01,63376.01,22.40664
2024-04-30 05:30:00,63376.01,63376.02,63252.17,63265.15,115.14453
2024-04-30 05:35:00,63265.14,63265.15,63069.68,63146.01,241.18977
2024-04-30 05:40:00,63146.01,63199.95,63100.84,63180.0,78.78046
2024-04-30 05:45:00,63180.01,63271.99,63180.0,63260.0,61.14285
2024-04-30 05:50:00,63260.01,63293.61,63234.28,63270.0,34.25305
2024-04-30 05:55:00,63270.01,63344.69,63270.0,63330.0,68.09091
2024-04-30 06:00:00,63330.0,63330.01,63265.14,63293.99,61.63367
2024-04-30 06:05:00,63294.0,63307.99,63246.8,63259.99,30.35348
2024-04-30 06:10:00,63260.0,63279.32,63227.47,63264.57,39.68824
2024-04-30 06:15:00,63264.57,63412.67,63255.89,63410.32,71.04082
2024-04-30 06:20:00,63410.32,63420.14,63344.12,63346.01,52.57865
2024-04-30 06:25:00,63346.0,63382.0,63346.0,63376.91,43.74117
2024-04-30 06:30:00,63376.92,63428.57,63368.0,63392.01,35.49378
2024-04-30 06:35:00,63392.0,63440.0,63375.61,63434.99,31.80943
2024-04-30 06:40:00,63435.0,63438.0,63410.01,63410.01,22.1592
2024-04-30 06:45:00,63410.01,63410.02,63355.6,63392.66,42.31985
2024-04-30 06:50:00,63392.66,63465.1,63387.99,63410.45,32.39862
2024-04-30 06:55:00,63410.45,63412.0,63367.38,63412.0,19.38974
2024-04-30 07:00:00,63412.0,63429.09,63360.59,63396.1,47.14754
2024-04-30 07:05:00,63396.1,63408.0,63377.09,63390.01,16.62667
2024-04-30 07:10:00,63390.0,63419.43,63379.68,63419.42,28.50045
2024-04-30 07:15:00,63419.43,63430.73,63376.0,63380.17,29.20203
2024-04-30 07:20:00,63380.16,63396.61,63380.16,63396.61,13.67054
2024-04-30 07:25:00,63396.61,63402.0,63357.71,63370.0,42.43669
2024-04-30 07:30:00,63370.0,63370.01,63255.99,63271.96,66.48678
2024-04-30 07:35:00,63271.95,63450.29,63271.95,63450.28,124.81317
2024-04-30 07:40:00,63450.28,63461.96,63281.35,63287.98,170.87584
2024-04-30 07:45:00,63287.99,63287.99,63139.63,63281.34,231.04116
2024-04-30 07:50:00,63281.34,63340.0,63135.7,63203.71,133.17356
2024-04-30 07:55:00,63203.71,63244.86,63139.65,63148.74,80.25457
2024-04-30 08:00:00,63148.74,63240.33,63089.0,63240.33,125.96113
2024-04-30 08:05:00,63240.33,63244.0,63116.02,63146.84,58.02582
2024-04-30 08:10:00,63146.85,63186.0,62837.49,62837.61,317.76265
2024-04-30 08:15:00,62837.61,62964.41,62800.0,62908.01,224.66103
2024-04-30 08:20:00,62908.0,62966.07,62734.79,62762.37,259.8879
2024-04-30 08:25:00,62762.37,62910.83,62735.38,62752.0,187.26302
2024-04-30 08:30:00,62752.0,62760.56,62300.0,62319.84,703.01972
2024-04-30 08:35:00,62319.83,62404.92,62206.0,62290.01,407.04509
2024-04-30 08:40:00,62290.01,62430.44,62163.27,62201.13,614.05036
2024-04-30 08:45:00,62201.13,62228.1,62000.0,62118.0,556.06194
2024-04-30 08:50:00,62118.0,62161.5,61973.91,61973.92,367.54808
2024-04-30 08:55:00,61973.91,62074.82,61816.46,61919.32,464.77611
2024-04-30 09:00:00,61919.32,61999.99,61800.0,61880.0,396.94591
2024-04-30 09:05:00,61880.0,61999.72,61863.11,61948.11,296.98466
2024-04-30 09:10:00,61948.1,62095.66,61942.51,62092.02,232.67223
2024-04-30 09:15:00,62092.02,62148.0,61967.47,62132.0,245.77784
2024-04-30 09:20:00,62132.0,62134.0,62000.0,62055.81,133.84977
2024-04-30 09:25:00,62055.8,62057.19,61888.36,61989.96,192.89416
2024-04-30 09:30:00,61989.96,61989.96,61600.0,61641.76,324.78533
2024-04-30 09:35:00,61641.76,61908.12,61634.01,61757.69,323.94519
2024-04-30 09:40:00,61757.68,61882.61,61717.74,61855.68,179.41085
2024-04-30 09:45:00,61855.68,61893.95,61760.86,61805.01,137.52935
2024-04-30 09:50:00,61805.01,61829.94,61715.64,61811.94,147.79414
2024-04-30 09:55:00,61811.95,61811.95,61688.0,61688.01,93.73374
2024-04-30 10:00:00,61688.01,61775.99,61451.01,61775.99,511.25436
2024-04-30 10:05:00,61775.99,61777.72,61618.81,61703.42,181.312
2024-04-30 10:10:00,61703.43,61743.8,61650.0,61729.37,135.68893
2024-04-30 10:15:00,61729.36,61729.37,61559.21,61654.87,219.93296
2024-04-30 10:20:00,61654.87,61729.21,61584.96,61729.2,114.84419
2024-04-30 10:25:00,61729.21,61776.99,61711.96,61748.57,87.53833
2024-04-30 10:30:00,61748.57,61748.58,61563.35,61573.93,94.17185
2024-04-30 10:35:00,61573.93,61715.9,61573.93,61714.13,94.53707
2024-04-30 10:40:00,61714.13,61753.85,61661.94,61715.54,113.97156
2024-04-30 10:45:00,61715.53,61719.39,61550.8,61670.0,115.62139
2024-04-30 10:50:00,61669.99,61728.53,61655.97,61676.84,86.97006
2024-04-30 10:55:00,61676.84,61788.05,61667.88,61782.19,125.29562
2024-04-30 11:00:00,61782.18,61782.19,61640.08,61672.5,119.7576
2024-04-30 11:05:00,61672.49,61695.0,61564.59,61574.28,144.13341
2024-04-30 11:10:00,61574.28,61661.54,61544.73,61621.94,87.35955
2024-04-30 11:15:00,61621.94,61661.54,61483.31,61566.17,167.58587
2024-04-30 11:20:00,61566.18,61576.49,61470.0,61505.0,92.11047
2024-04-30 11:25:00,61505.0,61570.0,61200.0,61288.93,575.76373
2024-04-30 11:30:00,61288.94,61378.11,61172.66,61349.99,2063.1541
2024-04-30 11:35:00,61349.99,61375.19,61135.15,61175.55,903.031
2024-04-30 11:40:00,61175.55,61222.88,61000.0,61206.78,474.15704
2024-04-30 11:45:00,61206.79,61347.75,61170.62,61216.34,270.48418
2024-04-30 11:50:00,61216.34,61291.66,61152.17,61246.29,145.26456
2024-04-30 11:55:00,61246.3,61273.92,61163.94,61204.42,151.80784
2024-04-30 12:00:00,61204.41,61288.7,61069.86,61187.99,244.48107
2024-04-30 12:05:00,61188.0,61200.0,61055.34,61070.39,212.10944
2024-04-30 12:10:00,61070.39,61167.68,60737.45,61151.8,911.98457
2024-04-30 12:15:00,61151.79,61178.02,60881.92,61146.54,376.91611
2024-04-30 12:20:00,61146.53,61280.85,61126.3,61265.92,267.35035
2024-04-30 12:25:00,61265.93,61337.78,61217.75,61296.11,170.65615
2024-04-30 12:30:00,61296.11,61296.11,61118.56,61195.01,193.71613
2024-04-30 12:35:00,61195.01,61329.42,61184.46,61210.63,171.3589
2024-04-30 12:40:00,61210.63,61243.48,61150.0,61236.92,126.86742
2024-04-30 12:45:00,61236.92,61270.33,61156.8,61237.86,108.16761
2024-04-30 12:50:00,61237.86,61299.14,61172.34,61250.0,119.80672
2024-04-30 12:55:00,61250.01,61284.7,61160.34,61230.16,108.63006
2024-04-30 13:00:00,61230.16,61230.17,61052.78,61079.43,207.40918
2024-04-30 13:05:00,61079.44,61143.35,61033.47,61114.98,152.15192
2024-04-30 13:10:00,61114.99,61273.92,61105.1,61263.74,107.78975
2024-04-30 13:15:00,61263.73,61313.94,61213.04,61243.95,96.52525
2024-04-30 13:20:00,61243.94,61245.11,61121.73,61135.31,89.12528
2024-04-30 13:25:00,61135.32,61230.19,61135.31,61195.54,90.5598
2024-04-30 13:30:00,61195.53,61276.27,61113.61,61276.27,137.86133
2024-04-30 13:35:00,61276.26,61286.3,61158.54,61224.54,93.23421
2024-04-30 13:40:00,61224.54,61297.78,61182.6,61285.15,120.94261
2024-04-30 13:45:00,61285.14,61310.94,61122.62,61131.24,143.59747
2024-04-30 13:50:00,61131.23,61145.4,60790.78,60791.24,371.22138
2024-04-30 13:55:00,60791.23,60980.24,60779.79,60820.57,213.22065
2024-04-30 14:00:00,60820.58,60986.22,60606.02,60892.35,464.61964
2024-04-30 14:05:00,60892.35,60950.0,60791.87,60891.18,169.86652
2024-04-30 14:10:00,60891.18,60900.0,60555.0,60573.89,338.77374
2024-04-30 14:15:00,60573.9,60800.0,60546.22,60719.06,246.41204
2024-04-30 14:20:00,60719.06,60925.0,60643.25,60924.53,232.76514
2024-04-30 14:25:00,60924.54,60934.48,60806.21,60829.61,144.86293
2024-04-30 14:30:00,60829.6,61040.34,60780.75,61030.0,279.18256
2024-04-30 14:35:00,61030.0,61216.4,60990.0,61210.66,299.44538
2024-04-30 14:40:00,61210.65,61270.75,61121.73,61263.67,181.08339
2024-04-30 14:45:00,61263.68,61559.36,61201.18,61400.63,501.80659
2024-04-30 14:50:00,61400.64,61489.61,61342.02,61357.2,185.50613
2024-04-30 14:55:00,61357.2,61357.32,61201.1,61247.87,178.99945
2024-04-30 15:00:00,61247.87,61395.66,61228.98,61325.68,164.81694
2024-04-30 15:05:00,61325.67,61371.22,61050.0,61115.79,200.82932
2024-04-30 15:10:00,61115.78,61134.75,60776.31,60846.84,398.49564
2024-04-30 15:15:00,60846.83,61108.15,60768.27,60959.6,328.74958
2024-04-30 15:20:00,60959.59,60979.99,60870.0,60938.31,149.8284
2024-04-30 15:25:00,60938.3,61000.0,60887.85,60976.97,115.75473
2024-04-30 15:30:00,60976.98,60982.23,60821.5,60900.01,151.74487
2024-04-30 15:35:00,60900.02,60921.06,60788.01,60867.83,206.76319
2024-04-30 15:40:00,60867.82,60867.83,60650.0,60699.99,206.40381
2024-04-30 15:45:00,60700.0,60760.72,60633.0,60731.28,144.11271
2024-04-30 15:50:00,60731.28,60796.87,60600.72,60691.09,219.29061
2024-04-30 15:55:00,60691.1,60888.0,60686.24,60796.85,159.06854
2024-04-30 16:00:00,60796.86,60892.41,60616.04,60892.4,184.53727
2024-04-30 16:05:00,60892.41,60947.55,60700.0,60757.17,158.29176
2024-04-30 16:10:00,60757.18,60806.89,60346.21,60733.12,558.35612
2024-04-30 16:15:00,60733.13,60806.89,60270.0,60486.99,446.39075
2024-04-30 16:20:00,60486.99,60680.0,60359.63,60367.28,323.52709
2024-04-30 16:25:00,60367.28,60461.82,60245.85,60272.38,393.95202
2024-04-30 16:30:00,60272.37,60361.4,60158.86,60251.13,441.61281
2024-04-30 16:35:00,60251.13,60496.79,60238.63,60422.2,215.31991
2024-04-30 16:40:00,60422.19,60538.66,60270.0,60374.2,169.12047
2024-04-30 16:45:00,60374.19,60487.97,60331.61,60473.39,107.99771
2024-04-30 16:50:00,60473.38,60570.27,60373.66,60373.67,216.42586
2024-04-30 16:55:00,60373.67,60443.6,60309.8,60336.68,125.18331
2024-04-30 17:00:00,60336.68,60508.47,60208.88,60438.2,170.3344
2024-04-30 17:05:00,60438.2,60454.52,60354.23,60403.58,104.65297
2024-04-30 17:10:00,60403.58,60445.2,60212.64,60264.71,133.638
2024-04-30 17:15:00,60264.7,60286.07,60100.0,60237.8,291.54415
2024-04-30 17:20:00,60237.8,60449.33,60201.12,60449.33,183.21885
2024-04-30 17:25:00,60449.32,60514.72,60353.29,60433.39,227.50597
2024-04-30 17:30:00,60433.4,60459.41,60289.01,60289.02,130.0515
2024-04-30 17:35:00,60289.03,60289.03,60126.6,60137.63,269.16762
2024-04-30 17:40:00,60137.62,60210.0,60080.0,60179.86,329.98507
2024-04-30 17:45:00,60179.85,60233.39,60110.83,60187.15,288.3619
2024-04-30 17:50:00,60187.16,60416.01,60136.45,60324.43,276.61773
2024-04-30 17:55:00,60324.42,60405.72,60308.89,60368.81,138.73556
2024-04-30 18:00:00,60368.82,60459.19,60319.0,60423.65,153.10187
2024-04-30 18:05:00,60423.64,60435.5,60317.31,60388.42,147.79215
2024-04-30 18:10:00,60388.42,60538.38,60360.79,60459.31,122.86252
2024-04-30 18:15:00,60459.31,60530.01,60415.29,60464.78,121.37028
2024-04-30 18:20:00,60464.79,60464.79,60376.9,60431.02,73.16122
2024-04-30 18:25:00,60431.02,60514.86,60332.85,60332.87,89.53058
2024-04-30 18:30:00,60332.87,60395.98,60170.0,60390.68,309.66632
2024-04-30 18:35:00,60390.68,60395.97,60316.73,60349.38,98.74433
2024-04-30 18:40:00,60349.38,60353.39,60201.82,60225.01,106.54775
2024-04-30 18:45:00,60225.01,60243.6,60092.0,60118.5,135.55118
2024-04-30 18:50:00,60118.51,60259.72,60018.0,60249.99,295.14434
2024-04-30 18:55:00,60249.99,60406.2,60146.32,60403.67,138.98693
2024-04-30 19:00:00,60403.68,60503.87,60357.73,60438.99,289.29836
2024-04-30 19:05:00,60438.98,60438.99,60325.35,60329.33,97.45865
2024-04-30 19:10:00,60329.33,60350.15,60000.0,60000.01,328.21097
2024-04-30 19:15:00,60000.01,60237.38,59751.99,60216.02,1247.58805
2024-04-30 19:20:00,60216.02,60229.44,59908.16,59999.94,357.91107
2024-04-30 19:25:00,59999.95,60083.14,59861.11,60046.04,238.75547
2024-04-30 19:30:00,60046.04,60216.62,59967.19,60105.05,274.72935
2024-04-30 19:35:00,60105.05,60185.41,60082.01,60151.78,155.8031
2024-04-30 19:40:00,60151.78,60303.32,60096.57,60110.92,189.15733
2024-04-30 19:45:00,60110.92,60189.62,59862.93,59908.17,231.27963
2024-04-30 19:50:00,59908.17,59908.17,59559.0,59690.99,725.21339
2024-04-30 19:55:00,59690.98,59697.49,59191.6,59292.95,1450.73782
2024-04-30 20:00:00,59292.95,59849.35,59274.75,59846.21,791.52157
2024-04-30 20:05:00,59846.21,60059.63,59761.69,60025.68,469.27374
2024-04-30 20:10:00,60025.68,60036.61,59837.5,59854.19,278.09884
2024-04-30 20:15:00,59854.19,60039.9,59813.21,59853.09,241.77545
2024-04-30 20:20:00,59853.09,59853.09,59616.8,59734.75,333.70904
2024-04-30 20:25:00,59734.75,59840.19,59635.92,59728.51,377.63884
2024-04-30 20:30:00,59728.52,59890.96,59705.57,59885.3,198.15707
2024-04-30 20:35:00,59885.3,60007.6,59863.3,59916.4,143.30377
2024-04-30 20:40:00,59916.41,59993.73,59861.89,59961.11,111.18546
2024-04-30 20:45:00,59961.11,60177.46,59928.02,60081.13,172.32227
2024-04-30 20:50:00,60081.12,60096.6,59800.15,59831.1,156.33448
2024-04-30 20:55:00,59831.11,59972.16,59811.7,59958.62,141.55992
2024-04-30 21:00:00,59958.62,60207.48,59952.49,60201.12,204.5691
2024-04-30 21:05:00,60201.12,60229.91,60099.0,60149.06,129.93167
2024-04-30 21:10:00,60149.06,60178.57,60095.0,60129.18,68.47384
2024-04-30 21:15:00,60129.18,60274.91,60104.47,60220.02,92.93099
2024-04-30 21:20:00,60220.02,60287.9,60153.41,60174.72,98.53198
2024-04-30 21:25:00,60174.72,60347.61,60174.72,60339.28,113.68881
2024-04-30 21:30:00,60339.27,60339.28,60191.48,60191.48,71.09735
2024-04-30 21:35:00,60191.49,60256.84,60187.52,60256.83,48.41622
2024-04-30 21:40:00,60256.83,60400.0,60166.0,60255.25,97.75485
2024-04-30 21:45:00,60255.25,60279.83,60187.62,60187.72,65.76951
2024-04-30 21:50:00,60187.71,60253.6,60187.71,60253.59,43.50314
2024-04-30 21:55:00,60253.59,60340.03,60180.0,60180.0,116.52055
2024-04-30 22:00:00,60180.0,60307.95,60156.0,60307.95,127.24552
2024-04-30 22:05:00,60307.95,60355.0,60234.55,60342.2,85.08741
2024-04-30 22:10:00,60342.2,60479.11,60321.4,60426.34,141.36795
2024-04-30 22:15:00,60426.34,60484.85,60376.9,60424.41,88.39549
2024-04-30 22:20:00,60424.41,60514.0,60424.41,60500.66,85.47235
2024-04-30 22:25:00,60500.66,60794.0,60485.83,60790.55,242.78009
2024-04-30 22:30:00,60790.54,60965.0,60678.77,60942.01,227.6979
2024-04-30 22:35:00,60942.0,61070.71,60768.0,60827.0,339.70189
2024-04-30 22:40:00,60827.01,60827.01,60626.03,60708.42,283.25845
2024-04-30 22:45:00,60708.41,60708.42,60550.0,60562.44,121.90048
2024-04-30 22:50:00,60562.43,60619.81,60447.44,60553.54,140.46088
2024-04-30 22:55:00,60553.53,60619.81,60520.37,60589.79,61.87756
2024-04-30 23:00:00,60589.79,60607.91,60499.16,60503.99,80.47609
2024-04-30 23:05:00,60504.0,60545.62,60416.09,60416.1,48.39726
2024-04-30 23:10:00,60416.09,60536.61,60416.09,60456.0,58.19581
2024-04-30 23:15:00,60456.01,60547.22,60401.06,60511.25,65.31891
2024-04-30 23:20:00,60511.24,60638.0,60496.0,60544.85,55.68316
2024-04-30 23:25:00,60544.85,60634.98,60544.85,60586.73,62.50123
2024-04-30 23:30:00,60586.73,60675.64,60562.0,60669.62,105.10458
2024-04-30 23:35:00,60669.62,60696.14,60640.56,60696.13,98.64813
2024-04-30 23:40:00,60696.13,60730.0,60633.33,60678.0,66.40386
2024-04-30 23:45:00,60677.99,60924.16,60672.0,60912.64,137.79642
2024-04-30 23:50:00,60912.65,60912.65,60757.74,60761.99,60.07713
2024-04-30 23:55:00,60762.0,60794.72,60631.18,60672.0,84.53651
2024-05-01 00:00:00,60672.01,60779.52,60660.98,60688.39,146.19214
2024-05-01 00:05:00,60688.39,60804.9,60670.0,60767.35,109.15904
2024-05-01 00:10:00,60767.36,60841.63,60601.93,60601.93,134.88418
2024-05-01 00:15:00,60601.94,60721.59,60556.0,60556.01,111.5333
2024-05-01 00:20:00,60556.01,60582.17,60475.42,60549.98,165.66121
2024-05-01 00:25:00,60549.99,60572.5,60380.57,60425.57,99.15919
2024-05-01 00:30:00,60425.57,60425.57,60078.52,60326.0,339.16553
2024-05-01 00:35:00,60326.0,60406.2,60273.21,60306.9,125.31953
2024-05-01 00:40:00,60306.89,60376.91,60180.4,60354.0,154.82114
2024-05-01 00:45:00,60354.0,60425.56,60312.94,60312.94,88.93064
2024-05-01 00:50:00,60312.95,60312.95,60183.33,60219.47,117.99494
2024-05-01 00:55:00,60219.48,60270.74,60191.56,60240.57,94.87321
2024-05-01 01:00:00,60240.58,60327.83,60204.0,60314.0,106.6133
2024-05-01 01:05:00,60313.99,60323.82,59893.0,59961.08,284.88626
2024-05-01 01:10:00,59961.09,60089.38,59871.82,59891.11,195.30291
2024-05-01 01:15:00,59891.1,59996.9,59850.06,59966.76,262.16823
2024-05-01 01:20:00,59966.77,60305.95,59966.76,60280.18,251.0744
2024-05-01 01:25:00,60280.19,60336.13,60232.39,60298.11,93.0396
2024-05-01 01:30:00,60298.11,60391.99,60255.01,60346.0,161.73723
2024-05-01 01:35:00,60345.99,60408.29,60300.02,60387.49,85.0133
2024-05-01 01:40:00,60387.49,60408.0,60243.79,60243.79,108.36274
2024-05-01 01:45:00,60243.79,60243.8,60134.69,60178.86,142.30827
2024-05-01 01:50:00,60178.86,60207.46,60109.96,60118.0,88.07477
2024-05-01 01:55:00,60118.0,60171.84,60023.2,60133.78,122.35536
2024-05-01 02:00:00,60133.79,60177.68,59941.17,60004.59,123.25031
2024-05-01 02:05:00,60004.59,60012.1,59779.76,59799.99,255.96669
2024-05-01 02:10:00,59800.0,59816.0,59590.0,59590.0,558.17868
2024-05-01 02:15:00,59590.01,59871.1,59590.0,59796.0,202.35705
2024-05-01 02:20:00,59796.0,59796.0,59603.57,59766.01,205.10423
2024-05-01 02:25:00,59766.01,59825.16,59692.62,59742.32,160.36046
2024-05-01 02:30:00,59742.31,59838.03,59682.0,59684.74,138.21897
2024-05-01 02:35:00,59684.74,59841.1,59661.1,59834.45,135.60126
2024-05-01 02:40:00,59834.45,59940.65,59804.63,59817.99,103.27771
2024-05-01 02:45:00,59818.0,59889.13,59817.99,59875.35,69.39076
2024-05-01 02:50:00,59875.35,59948.68,59850.0,59861.88,71.78019
2024-05-01 02:55:00,59861.88,59978.0,59850.0,59927.99,73.45931
2024-05-01 03:00:00,59927.99,60056.55,59903.17,59985.99,104.55496
2024-05-01 03:05:00,59985.99,60067.83,59985.99,60022.01,73.36613
2024-05-01 03:10:00,60022.01,60097.09,60022.0,60055.96,66.78121
2024-05-01 03:15:00,60055.96,60097.34,60000.69,60067.02,39.52891
2024-05-01 03:20:00,60067.01,60121.16,60064.0,60099.99,57.54514
2024-05-01 03:25:00,60100.0,60104.39,60008.13,60008.14,53.88508
2024-05-01 03:30:00,60008.13,60107.36,60000.0,60082.01,70.10847
2024-05-01 03:35:00,60082.0,60186.42,60082.0,60186.41,58.63993
2024-05-01 03:40:00,60186.41,60245.64,60142.53,60180.0,83.46582
2024-05-01 03:45:00,60180.01,60180.01,60117.73,60171.83,47.81271
2024-05-01 03:50:00,60171.83,60275.34,60171.83,60255.05,93.56231
2024-05-01 03:55:00,60255.05,60317.88,60246.01,60246.03,95.65052
2024-05-01 04:00:00,60246.02,60361.09,60216.28,60320.14,162.38953
2024-05-01 04:05:00,60320.14,60320.14,60260.89,60264.0,73.45205
2024-05-01 04:10:00,60263.99,60342.27,60220.97,60308.01,70.70119
2024-05-01 04:15:00,60308.01,60311.32,60259.71,60303.46,49.97921
2024-05-01 04:20:00,60303.47,60309.99,60280.0,60283.21,30.40968
2024-05-01 04:25:00,60283.21,60299.46,60190.0,60208.08,91.16917
2024-05-01 04:30:00,60208.08,60300.0,60194.0,60295.58,68.46905
2024-05-01 04:35:00,60295.57,60316.98,60268.88,60303.29,62.14488
2024-05-01 04:40:00,60303.29,60303.29,60234.35,60282.0,52.68265
2024-05-01 04:45:00,60282.0,60286.82,60230.0,60250.34,66.74708
2024-05-01 04:50:00,60250.35,60304.19,60208.13,60299.48,44.50222
2024-05-01 04:55:00,60299.48,60333.87,60278.0,60283.99,65.0453
2024-05-01 05:00:00,60283.99,60334.76,60283.99,60304.12,39.10239
2024-05-01 05:05:00,60304.11,60332.57,60262.8,60267.49,51.96062
2024-05-01 05:10:00,60267.49,60267.5,60136.59,60164.0,90.71263
2024-05-01 05:15:00,60164.0,60215.93,60142.0,60191.99,52.98422
2024-05-01 05:20:00,60192.0,60192.0,60060.98,60097.44,104.36842
2024-05-01 05:25:00,60097.44,60100.0,60002.95,60027.78,90.51857
2024-05-01 05:30:00,60027.77,60105.88,60000.0,60105.87,98.03454
2024-05-01 05:35:00,60105.87,60250.0,60088.0,60170.41,75.91271
2024-05-01 05:40:00,60170.41,60176.0,60030.0,60048.69,46.92068
2024-05-01 05:45:00,60048.69,60067.62,59931.59,60005.41,155.70654
2024-05-01 05:50:00,60005.41,60049.87,59978.4,59986.34,53.92283
2024-05-01 05:55:00,59986.33,60050.0,59986.33,60050.0,30.86059
2024-05-01 06:00:00,60049.99,60113.24,59979.75,59994.47,90.3386
2024-05-01 06:05:00,59994.47,60020.22,59891.78,59986.71,108.85865
2024-05-01 06:10:00,59986.71,60000.0,59908.16,59928.02,53.30354
2024-05-01 06:15:00,59928.01,59992.01,59908.16,59982.0,39.4625
2024-05-01 06:20:00,59982.01,59982.01,59874.63,59889.13,56.42336
2024-05-01 06:25:00,59889.12,59889.13,59720.45,59731.65,142.18848
2024-05-01 06:30:00,59731.65,59795.66,59644.5,59725.26,197.55177
2024-05-01 06:35:00,59725.27,59829.71,59722.07,59808.0,140.15259
2024-05-01 06:40:00,59808.0,59849.58,59738.0,59807.99,63.36396
2024-05-01 06:45:00,59808.0,59858.11,59701.1,59720.02,108.93167
2024-05-01 06:50:00,59720.02,59737.68,59661.1,59667.99,79.43189
2024-05-01 06:55:00,59667.98,59680.0,59500.55,59529.94,267.10612
2024-05-01 07:00:00,59529.94,59569.23,59292.95,59304.33,439.31055
2024-05-01 07:05:00,59304.33,59304.33,58050.14,58475.98,2118.36549
2024-05-01 07:10:00,58475.98,58769.95,58352.0,58516.0,1178.43778
2024-05-01 07:15:00,58516.01,58651.96,58291.93,58398.95,707.89336
2024-05-01 07:20:00,58398.95,58429.28,58137.37,58197.91,585.11148
2024-05-01 07:25:00,58197.91,58211.1,57501.0,57993.88,2029.25649
2024-05-01 07:30:00,57993.87,58161.1,57520.91,57576.07,1010.69853
2024-05-01 07:35:00,57576.07,57755.99,57100.0,57431.09,1776.68466
2024-05-01 07:40:00,57431.08,57802.1,57431.08,57714.53,790.62789
2024-05-01 07:45:00,57714.53,57920.16,57560.0,57701.72,839.76237
2024-05-01 07:50:00,57701.71,57720.0,57465.31,57699.17,590.35518
2024-05-01 07:55:00,57699.16,57710.0,57355.6,57499.99,595.30679
2024-05-01 08:00:00,57500.0,57596.63,57190.46,57234.02,848.73551
2024-05-01 08:05:00,57234.02,57343.82,57000.0,57164.48,1926.81803
2024-05-01 08:10:00,57164.47,57425.76,57144.04,57347.31,778.24162
2024-05-01 08:15:00,57347.3,57347.31,56901.0,56972.0,823.77885
2024-05-01 08:20:00,56972.01,57076.53,56552.82,56986.0,2232.91844
2024-05-01 08:25:00,56986.0,57141.18,56880.26,57019.97,795.73413
2024-05-01 08:30:00,57019.98,57174.11,56915.18,57025.9,798.96997
2024-05-01 08:35:00,57025.9,57107.03,57001.11,57029.41,472.88979
2024-05-01 08:40:00,57029.4,57084.41,56823.04,56888.0,451.82008
2024-05-01 08:45:00,56888.0,56999.0,56801.1,56847.99,471.70201
2024-05-01 08:50:00,56848.0,57100.0,56847.11,57030.2,432.81107
2024-05-01 08:55:00,57030.21,57169.7,57026.43,57169.69,482.92409
2024-05-01 09:00:00,57169.7,57330.64,57042.0,57330.63,417.57461
2024-05-01 09:05:00,57330.64,57653.34,57330.63,57481.92,491.55149
2024-05-01 09:10:00,57481.92,57515.71,57304.65,57356.0,340.9979
2024-05-01 09:15:00,57356.01,57356.01,57155.4,57207.67,298.31026
2024-05-01 09:20:00,57207.67,57431.1,57126.9,57377.78,341.46786
2024-05-01 09:25:00,57377.78,57525.86,57309.79,57422.31,302.77384
2024-05-01 09:30:00,57422.31,57473.94,57327.81,57365.04,238.80873
2024-05-01 09:35:00,57365.04,57437.34,57286.0,57311.55,211.75403
2024-05-01 09:40:00,57311.54,57401.1,57295.42,57381.11,167.61361
2024-05-01 09:45:00,57381.1,57389.11,57160.33,57186.57,367.65964
2024-05-01 09:50:00,57186.57,57258.27,57156.67,57181.09,174.81618
2024-05-01 09:55:00,57181.09,57243.82,57115.61,57115.61,158.36323
2024-05-01 10:00:00,57115.61,57169.93,56970.0,56971.38,323.34032
2024-05-01 10:05:00,56971.37,56989.87,56896.0,56896.01,226.08899
2024-05-01 10:10:00,56896.01,57071.09,56888.0,56986.01,253.12546
2024-05-01 10:15:00,56986.0,57145.0,56920.0,57141.99,217.72851
2024-05-01 10:20:00,57141.99,57525.71,57141.99,57418.82,515.90342
2024-05-01 10:25:00,57418.81,57499.48,57292.01,57438.81,160.41931
2024-05-01 10:30:00,57438.81,57478.0,57333.0,57355.66,131.15438
2024-05-01 10:35:00,57355.66,57491.1,57348.01,57420.01,71.96766
2024-05-01 10:40:00,57420.0,57695.35,57406.01,57601.47,189.76118
2024-05-01 10:45:00,57601.46,57746.0,57487.5,57503.7,137.54307
2024-05-01 10:50:00,57503.7,57697.91,57476.4,57657.48,246.02724
2024-05-01 10:55:00,57657.47,57770.0,57622.0,57768.68,183.79257
2024-05-01 11:00:00,57768.68,57820.0,57664.0,57780.0,235.2545
2024-05-01 11:05:00,57780.01,57863.0,57555.26,57599.99,327.08806
2024-05-01 11:10:00,57600.0,57669.36,57574.7,57629.56,167.01646
2024-05-01 11:15:00,57629.56,57694.51,57602.85,57620.01,124.28408
2024-05-01 11:20:00,57620.0,57700.0,57572.31,57572.31,126.1609
2024-05-01 11:25:00,57572.32,57587.31,57500.55,57582.0,118.45082
2024-05-01 11:30:00,57581.99,57585.71,57500.0,57530.31,127.08221
2024-05-01 11:35:00,57530.32,57567.17,57455.58,57560.01,146.91373
2024-05-01 11:40:00,57560.0,57641.04,57523.99,57640.46,79.97352
2024-05-01 11:45:00,57640.45,57787.34,57632.0,57689.2,130.48111
2024-05-01 11:50:00,57689.19,57895.84,57689.19,57879.8,198.12569
2024-05-01 11:55:00,57879.79,57909.0,57789.17,57898.47,139.84324
2024-05-01 12:00:00,57898.46,57900.0,57741.61,57775.56,189.98596
2024-05-01 12:05:00,57775.56,57990.0,57729.89,57963.99,239.6077
2024-05-01 12:10:00,57964.0,58250.0,57963.99,58220.01,471.72174
2024-05-01 12:15:00,58220.0,58220.01,57934.0,57998.0,322.15131
2024-05-01 12:20:00,57998.0,58199.37,57997.99,58047.9,308.36384
2024-05-01 12:25:00,58047.9,58184.0,58029.06,58061.08,262.13407
2024-05-01 12:30:00,58061.08,58250.0,58024.01,58188.01,253.55197
2024-05-01 12:35:00,58188.0,58275.87,58148.01,58199.81,387.94621
2024-05-01 12:40:00,58199.81,58217.3,58132.18,58132.19,124.63915
2024-05-01 12:45:00,58132.18,58147.4,58025.0,58037.32,213.1645
2024-05-01 12:50:00,58037.32,58037.32,57862.0,57873.52,196.96502
2024-05-01 12:55:00,57873.52,58000.99,57816.1,57969.98,160.66514
2024-05-01 13:00:00,57969.99,57999.06,57776.75,57836.0,161.42052
2024-05-01 13:05:00,57836.0,57844.83,57709.71,57800.0,193.89544
2024-05-01 13:10:00,57800.0,57856.56,57799.99,57853.19,112.34029
2024-05-01 13:15:00,57853.19,57853.19,57666.0,57742.01,161.87231
2024-05-01 13:20:00,57742.01,57771.11,57678.58,57720.01,98.48215
2024-05-01 13:25:00,57720.01,57770.0,57672.41,57703.12,163.62991
2024-05-01 13:30:00,57703.12,57703.13,57223.29,57378.99,637.1068
2024-05-01 13:35:00,57378.99,57659.73,57291.52,57551.81,312.70574
2024-05-01 13:40:00,57551.81,57575.0,57422.52,57527.99,221.51052
2024-05-01 13:45:00,57528.0,57761.1,57424.97,57441.99,236.70332
2024-05-01 13:50:00,57441.99,57499.48,57302.19,57309.76,189.74993
2024-05-01 13:55:00,57309.75,57438.06,57266.0,57301.29,213.60957
2024-05-01 14:00:00,57301.29,57550.0,57252.86,57304.0,278.485
2024-05-01 14:05:00,57304.0,57494.35,57291.11,57307.77,186.17326
2024-05-01 14:10:00,57307.76,57311.35,57101.1,57275.5,431.72549
2024-05-01 14:15:00,57275.51,57464.3,57157.97,57399.99,379.89404
2024-05-01 14:20:00,57400.0,57500.0,57329.62,57400.0,122.01645
2024-05-01 14:25:00,57399.99,57436.72,57306.0,57436.72,155.60881
2024-05-01 14:30:00,57436.71,57536.0,57376.0,57528.0,194.83136
2024-05-01 14:35:00,57528.0,57584.42,57331.1,57331.1,175.50596
2024-05-01 14:40:00,57331.11,57456.0,57221.99,57456.0,218.01126
2024-05-01 14:45:00,57455.99,57456.0,57321.17,57397.56,171.03906
2024-05-01 14:50:00,57397.56,57480.0,57384.0,57450.01,83.24548
2024-05-01 14:55:00,57450.0,57586.2,57357.93,57482.0,195.29239
2024-05-01 15:00:00,57482.01,57511.1,57300.0,57352.19,192.24188
2024-05-01 15:05:00,57352.19,57352.2,57000.0,57108.2,499.39222
2024-05-01 15:10:00,57108.2,57216.37,56963.29,56974.94,312.12247
2024-05-01 15:15:00,56974.93,57074.77,56674.51,56792.18,646.06763
2024-05-01 15:20:00,56792.18,57131.43,56711.11,57084.67,392.8361
2024-05-01 15:25:00,57084.67,57193.24,57028.01,57096.01,197.34604
2024-05-01 15:30:00,57096.0,57140.57,57024.0,57119.99,173.48477
2024-05-01 15:35:00,57120.0,57149.99,56966.0,56968.64,160.19309
2024-05-01 15:40:00,56968.64,57069.29,56940.47,56974.05,163.4663
2024-05-01 15:45:00,56974.04,57000.0,56876.62,56961.56,161.97457
2024-05-01 15:50:00,56961.56,57000.0,56785.6,56898.0,195.73287
2024-05-01 15:55:00,56898.0,56898.0,56748.42,56886.0,166.13818
2024-05-01 16:00:00,56886.0,57041.1,56750.1,57011.57,297.63807
2024-05-01 16:05:00,57011.58,57037.99,56772.01,56836.54,320.42014
2024-05-01 16:10:00,56836.55,57047.3,56836.54,57019.99,198.79933
2024-05-01 16:15:00,57020.0,57271.22,56980.0,57213.02,296.63802
2024-05-01 16:20:00,57213.02,57213.02,57061.1,57164.0,195.34218
2024-05-01 16:25:00,57164.0,57430.0,57158.01,57352.2,258.78441
2024-05-01 16:30:00,57352.21,57456.92,57206.83,57230.0,155.77908
2024-05-01 16:35:00,57229.99,57268.65,57131.42,57145.52,86.98587
2024-05-01 16:40:00,57145.53,57161.43,56961.55,57021.09,152.74821
2024-05-01 16:45:00,57021.1,57065.99,56933.24,57053.73,105.59973
2024-05-01 16:50:00,57053.74,57053.74,56912.0,57003.09,123.30031
2024-05-01 16:55:00,57003.1,57111.0,57003.09,57043.99,89.21298
2024-05-01 17:00:00,57044.0,57150.61,56984.0,57051.54,118.59045
2024-05-01 17:05:00,57051.55,57051.55,56955.33,56977.99,96.7395
2024-05-01 17:10:00,56978.0,56978.0,56764.86,56773.99,184.00959
2024-05-01 17:15:00,56773.99,56939.22,56625.09,56894.99,275.75177
2024-05-01 17:20:00,56894.99,57080.0,56872.38,57056.0,148.30144
2024-05-01 17:25:00,57056.0,57252.74,57051.11,57184.74,164.38677
2024-05-01 17:30:00,57184.74,57311.1,57151.1,57235.71,156.7006
2024-05-01 17:35:00,57235.71,57361.1,57191.63,57191.63,162.44307
2024-05-01 17:40:00,57191.63,57266.0,57166.0,57198.92,81.03219
2024-05-01 17:45:00,57198.91,57339.63,57162.01,57324.08,129.54807
2024-05-01 17:50:00,57324.08,57700.86,57300.0,57594.33,374.6385
2024-05-01 17:55:00,57594.34,57679.18,57419.29,57424.65,211.54552
2024-05-01 18:00:00,57424.64,58103.77,57331.1,58063.98,844.97142
2024-05-01 18:05:00,58063.97,58181.9,57781.1,58032.0,1011.91271
2024-05-01 18:10:00,58031.99,58078.58,57757.7,57861.35,485.07687
2024-05-01 18:15:00,57861.36,58014.81,57641.1,57653.99,361.60712
2024-05-01 18:20:00,57653.99,57731.1,57548.25,57714.01,198.07675
2024-05-01 18:25:00,57714.01,58103.14,57700.0,58003.99,344.52676
2024-05-01 18:30:00,58003.98,58414.48,57685.39,58414.48,642.94556
2024-05-01 18:35:00,58414.47,58491.1,58090.02,58422.0,1096.07331
2024-05-01 18:40:00,58421.99,58741.19,58352.15,58717.99,823.63141
2024-05-01 18:45:00,58718.0,58811.09,58501.1,58688.57,707.88824
2024-05-01 18:50:00,58688.56,59468.0,58688.56,59446.77,1563.8529
2024-05-01 18:55:00,59446.77,59458.0,58830.12,58913.99,848.92635
2024-05-01 19:00:00,58913.98,59264.16,58837.47,58837.47,898.34452
2024-05-01 19:05:00,58837.48,58937.74,58658.0,58747.39,422.04618
2024-05-01 19:10:00,58747.39,58773.51,58548.19,58568.01,350.76517
2024-05-01 19:15:00,58568.01,58593.98,58333.0,58444.17,832.42456
2024-05-01 19:20:00,58444.17,58444.17,58082.0,58313.14,430.94692
2024-05-01 19:25:00,58313.15,58397.8,58032.82,58060.55,268.60025
2024-05-01 19:30:00,58060.54,58060.55,57033.99,57207.38,960.43102
2024-05-01 19:35:00,57207.38,57411.76,57020.06,57241.56,1196.9632
2024-05-01 19:40:00,57241.84,57565.94,57134.0,57516.73,515.95359
2024-05-01 19:45:00,57516.73,57675.0,57341.1,57450.05,427.30163
2024-05-01 19:50:00,57450.05,57450.06,57153.18,57248.23,317.22645
2024-05-01 19:55:00,57248.22,57291.1,56897.27,56954.47,572.39619
2024-05-01 20:00:00,56954.46,57226.42,56954.46,57129.48,343.27266
2024-05-01 20:05:00,57129.47,57316.55,57056.6,57209.99,227.38282
2024-05-01 20:10:00,57210.0,57249.99,57032.07,57112.23,228.53861
2024-05-01 20:15:00,57112.22,57118.3,56760.02,57111.88,377.86757
2024-05-01 20:20:00,57111.88,57261.84,57062.0,57261.84,152.94294
2024-05-01 20:25:00,57261.84,57371.93,57222.0,57359.27,209.91749
2024-05-01 20:30:00,57359.26,57433.69,57171.29,57433.68,147.11791
2024-05-01 20:35:00,57433.68,57487.5,57246.93,57289.54,164.12776
2024-05-01 20:40:00,57289.53,57450.0,57264.13,57397.0,78.60904
2024-05-01 20:45:00,57397.01,57528.52,57350.0,57491.1,154.54768
2024-05-01 20:50:00,57491.11,57531.1,57403.9,57502.0,149.77411
2024-05-01 20:55:00,57502.0,57502.01,57361.7,57361.7,121.71381
2024-05-01 21:00:00,57361.71,57474.06,57257.99,57437.65,115.97836
2024-05-01 21:05:00,57437.65,57494.49,57380.0,57420.0,76.55142
2024-05-01 21:10:00,57420.01,57451.1,57351.1,57449.3,80.39121
2024-05-01 21:15:00,57449.3,57611.1,57394.0,57574.56,114.34887
2024-05-01 21:20:00,57574.56,57996.0,57574.56,57871.57,282.46788
2024-05-01 21:25:00,57871.57,58158.0,57838.0,58158.0,355.2074
2024-05-01 21:30:00,58157.99,58203.34,57821.1,57887.99,145.94313
2024-05-01 21:35:00,57887.98,57897.74,57735.86,57841.11,93.35343
2024-05-01 21:40:00,57841.1,57841.11,57719.55,57831.09,63.90372
2024-05-01 21:45:00,57831.1,57990.57,57792.45,57801.51,78.15549
2024-05-01 21:50:00,57801.51,57975.84,57779.87,57942.01,79.43177
2024-05-01 21:55:00,57942.01,58000.0,57883.37,57909.03,151.25036
2024-05-01 22:00:00,57909.03,58209.72,57883.38,58143.81,293.03204
2024-05-01 22:05:00,58143.8,58167.8,58036.09,58081.53,110.5298
2024-05-01 22:10:00,58081.53,58142.49,57872.61,57979.99,216.10151
2024-05-01 22:15:00,57980.0,57980.0,57905.66,57933.41,82.91051
2024-05-01 22:20:00,57933.41,57949.99,57881.64,57929.3,74.83547
2024-05-01 22:25:00,57929.29,58070.2,57918.81,58005.98,105.37873
2024-05-01 22:30:00,58005.98,58091.1,57962.26,57991.75,78.4936
2024-05-01 22:35:00,57991.75,58080.81,57962.27,58037.41,62.55972
2024-05-01 22:40:00,58037.41,58087.73,57962.26,58007.78,66.98437
2024-05-01 22:45:00,58007.79,58074.06,57962.26,58028.02,52.09685
2024-05-01 22:50:00,58028.02,58075.48,57948.93,57969.81,97.10362
2024-05-01 22:55:00,57969.81,57972.0,57857.71,57880.58,93.58854
2024-05-01 23:00:00,57880.58,57931.1,57828.0,57908.31,66.919
2024-05-01 23:05:00,57908.31,57940.67,57866.58,57898.0,55.12344
2024-05-01 23:10:00,57898.0,58075.47,57897.99,58051.11,80.48932
2024-05-01 23:15:00,58051.11,58054.0,57991.1,58017.83,71.06078
2024-05-01 23:20:00,58017.82,58061.1,57991.39,57991.39,52.66089
2024-05-01 23:25:00,57991.39,58001.1,57924.15,57924.15,42.91559
2024-05-01 23:30:00,57924.15,58056.0,57907.56,58053.81,84.39729
2024-05-01 23:35:00,58053.8,58245.29,58041.1,58221.99,145.99716
2024-05-01 23:40:00,58222.0,58439.0,58200.0,58369.14,216.98559
2024-05-01 23:45:00,58369.14,58575.32,58365.99,58504.0,329.07167
2024-05-01 23:50:00,58504.01,58511.1,58229.22,58251.11,153.52237
2024-05-01 23:55:00,58251.11,58424.45,58245.79,58364.97,1471.68318
2024-05-02 00:00:00,58364.97,58610.55,58350.0,58600.01,1129.84607
2024-05-02 00:05:00,58600.01,58600.01,58322.25,58411.04,354.982
2024-05-02 00:10:00,58411.05,58411.05,58254.9,58267.7,339.58035
2024-05-02 00:15:00,58267.69,58422.22,58212.19,58350.0,209.1784
2024-05-02 00:20:00,58350.01,58354.0,58142.85,58166.0,268.69416
2024-05-02 00:25:00,58166.01,58173.65,58112.35,58146.18,248.41477
2024-05-02 00:30:00,58146.19,58198.06,57980.77,57990.01,244.3954
2024-05-02 00:35:00,57990.01,57991.1,57792.45,57911.1,243.5788
2024-05-02 00:40:00,57911.11,57911.11,57724.56,57724.57,175.58637
2024-05-02 00:45:00,57724.56,57820.76,57721.0,57795.56,168.42532
2024-05-02 00:50:00,57795.56,57820.76,57710.22,57710.23,87.07478
2024-05-02 00:55:00,57710.22,57820.76,57641.73,57767.29,98.97242
2024-05-02 01:00:00,57767.3,57900.02,57764.66,57879.12,123.18147
2024-05-02 01:05:00,57879.12,57892.98,57800.0,57876.36,77.80986
2024-05-02 01:10:00,57876.37,57881.1,57765.06,57836.3,85.21996
2024-05-02 01:15:00,57836.29,57881.11,57685.04,57728.14,196.33798
2024-05-02 01:20:00,57728.13,57758.0,57671.39,57757.14,70.13774
2024-05-02 01:25:00,57757.14,57757.15,57659.85,57663.8,77.16546
2024-05-02 01:30:00,57663.81,57702.75,57196.89,57287.58,1347.09463
2024-05-02 01:35:00,57287.59,57333.73,56911.84,57012.29,2434.85352
2024-05-02 01:40:00,57012.28,57175.12,57006.26,57174.37,525.82346
2024-05-02 01:45:00,57174.37,57357.93,57161.1,57357.93,233.41022
2024-05-02 01:50:00,57357.92,57381.06,57173.06,57194.22,165.48749
2024-05-02 01:55:00,57194.21,57254.72,57038.35,57112.37,194.44066
2024-05-02 02:00:00,57112.37,57367.93,57109.01,57367.93,186.57009
2024-05-02 02:05:00,57367.93,57415.24,57291.11,57380.29,117.82682
2024-05-02 02:10:00,57380.28,57421.1,57350.0,57355.41,73.71014
2024-05-02 02:15:00,57355.4,57458.12,57264.35,57410.4,123.42255
2024-05-02 02:20:00,57410.4,57441.1,57321.1,57347.0,93.06913
2024-05-02 02:25:00,57346.99,57347.0,57210.64,57331.56,83.83003
2024-05-02 02:30:00,57331.56,57345.98,57218.78,57239.71,112.96393
2024-05-02 02:35:00,57239.71,57338.78,57169.81,57311.32,105.3483
2024-05-02 02:40:00,57311.31,57381.1,57226.41,57381.09,73.77102
2024-05-02 02:45:00,57381.09,57536.14,57360.0,57521.1,106.41211
2024-05-02 02:50:00,57521.1,57641.04,57471.31,57471.31,90.78002
2024-05-02 02:55:00,57471.32,57500.0,57433.56,57463.87,46.42213
2024-05-02 03:00:00,57463.88,57571.1,57442.85,57532.19,45.40572
2024-05-02 03:05:00,57532.18,57554.02,57503.15,57504.18,31.43248
2024-05-02 03:10:00,57504.18,57537.74,57430.51,57450.8,56.19034
2024-05-02 03:15:00,57450.81,57451.1,57377.32,57447.29,63.51075
2024-05-02 03:20:00,57447.29,57576.05,57447.28,57561.54,42.87502
2024-05-02 03:25:00,57561.55,57705.08,57531.1,57684.13,160.68864
2024-05-02 03:30:00,57684.13,57686.62,57569.1,57574.07,140.09352
2024-05-02 03:35:00,57574.08,57613.37,57520.0,57548.79,69.45783
2024-05-02 03:40:00,57548.79,57591.09,57458.82,57473.96,86.12578
2024-05-02 03:45:00,57473.97,57540.23,57424.52,57535.34,59.56853
2024-05-02 03:50:00,57535.33,57570.0,57519.58,57539.63,52.3318
2024-05-02 03:55:00,57539.62,57549.04,57442.86,57442.88,90.51905
2024-05-02 04:00:00,57442.88,57509.44,57442.87,57483.05,57.5448
2024-05-02 04:05:00,57483.05,57561.1,57483.05,57534.81,48.10289
2024-05-02 04:10:00,57534.8,57534.81,57452.9,57465.99,62.78204
2024-05-02 04:15:00,57465.99,57493.58,57450.0,57476.31,47.57017
2024-05-02 04:20:00,57476.31,57526.55,57447.06,57526.55,34.6119
2024-05-02 04:25:00,57526.55,57556.11,57491.1,57556.1,18.52489
2024-05-02 04:30:00,57556.11,57647.4,57556.1,57575.0,73.85647
2024-05-02 04:35:00,57575.0,57622.65,57476.31,57531.09,88.58939
2024-05-02 04:40:00,57531.09,57557.34,57470.31,57471.11,32.94059
2024-05-02 04:45:00,57471.12,57525.0,57441.69,57441.7,54.75994
2024-05-02 04:50:00,57441.7,57441.7,57333.0,57355.36,141.46814
2024-05-02 04:55:00,57355.37,57396.23,57301.11,57396.22,79.88931
2024-05-02 05:00:00,57396.23,57414.33,57341.1,57341.12,59.26146
2024-05-02 05:05:00,57341.12,57499.57,57289.98,57488.31,104.43887
2024-05-02 05:10:00,57488.32,57519.81,57471.17,57472.75,38.58974
2024-05-02 05:15:00,57472.76,57537.73,57408.81,57525.98,86.54177
2024-05-02 05:20:00,57525.98,57531.07,57401.1,57468.47,61.37644
2024-05-02 05:25:00,57468.46,57468.47,57290.02,57308.95,72.76403
2024-05-02 05:30:00,57308.94,57353.31,57202.49,57241.72,170.82915
2024-05-02 05:35:00,57241.72,57365.49,57241.71,57352.48,144.32868
2024-05-02 05:40:00,57352.49,57399.05,57311.32,57371.1,63.44655
2024-05-02 05:45:00,57371.09,57480.81,57371.09,57418.8,68.16228
2024-05-02 05:50:00,57418.8,57451.1,57400.0,57424.3,25.96211
2024-05-02 05:55:00,57424.3,57500.05,57416.93,57484.57,112.76131
2024-05-02 06:00:00,57484.57,57518.86,57404.08,57498.05,123.20082
2024-05-02 06:05:00,57498.04,57640.23,57498.04,57547.75,180.77053
2024-05-02 06:10:00,57547.75,57600.09,57499.33,57581.11,144.8819
2024-05-02 06:15:00,57581.1,57611.09,57517.55,57582.81,128.55859
2024-05-02 06:20:00,57582.82,57585.52,57474.06,57474.07,64.64915
2024-05-02 06:25:00,57474.07,57725.98,57468.57,57718.55,105.51059
2024-05-02 06:30:00,57718.55,57718.56,57601.78,57621.11,95.32105
2024-05-02 06:35:00,57621.1,57725.0,57572.04,57593.91,67.21806
2024-05-02 06:40:00,57593.9,57620.29,57531.1,57590.01,34.14464
2024-05-02 06:45:00,57590.0,57671.1,57590.0,57637.34,45.48214
2024-05-02 06:50:00,57637.35,57656.87,57584.41,57584.42,51.96235
2024-05-02 06:55:00,57584.42,57628.57,57556.57,57628.56,34.86624
2024-05-02 07:00:00,57628.57,57743.87,57618.07,57740.27,86.49782
2024-05-02 07:05:00,57740.28,57837.2,57694.2,57814.76,230.85175
2024-05-02 07:10:00,57814.76,57945.19,57754.28,57764.71,117.91946
2024-05-02 07:15:00,57764.71,57881.1,57759.22,57831.8,85.45387
2024-05-02 07:20:00,57831.8,57838.69,57764.83,57818.07,63.35068
2024-05-02 07:25:00,57818.08,57827.25,57711.58,57745.44,148.30736
2024-05-02 07:30:00,57745.44,57774.21,57727.19,57747.83,71.09422
2024-05-02 07:35:00,57747.82,57747.83,57663.48,57701.09,108.04486
2024-05-02 07:40:00,57701.09,57749.8,57685.55,57689.54,68.09801
2024-05-02 07:45:00,57689.53,57720.26,57643.6,57679.88,117.23394
2024-05-02 07:50:00,57679.88,57692.31,57661.17,57670.01,59.99432
2024-05-02 07:55:00,57670.0,57693.34,57661.18,57681.08,48.04403
2024-05-02 08:00:00,57681.08,57830.01,57612.73,57751.09,241.5516
2024-05-02 08:05:00,57751.09,57867.54,57751.08,57764.95,130.26581
2024-05-02 08:10:00,57764.95,57856.44,57764.95,57801.4,73.08936
2024-05-02 08:15:00,57801.39,57810.0,57664.51,57709.21,108.88096
2024-05-02 08:20:00,57709.21,57818.62,57702.42,57786.05,93.52995
2024-05-02 08:25:00,57786.05,57981.46,57761.1,57905.86,155.77852
2024-05-02 08:30:00,57905.85,57978.87,57843.09,57900.0,115.51255
2024-05-02 08:35:00,57900.01,57925.6,57821.61,57830.6,108.42756
2024-05-02 08:40:00,57830.61,57876.2,57801.1,57841.97,66.92191
2024-05-02 08:45:00,57841.97,57953.32,57800.0,57947.02,67.88167
2024-05-02 08:50:00,57947.01,57947.02,57877.35,57923.51,74.30671
2024-05-02 08:55:00,57923.52,57923.52,57821.11,57834.82,82.40845
2024-05-02 09:00:00,57834.82,57892.52,57793.73,57832.55,66.12551
2024-05-02 09:05:00,57832.55,57832.56,57739.59,57747.48,67.78456
2024-05-02 09:10:00,57747.49,57800.0,57742.06,57799.57,49.47545
2024-05-02 09:15:00,57799.57,57822.76,57626.89,57679.24,149.31277
2024-05-02 09:20:00,57679.25,57831.1,57678.81,57824.32,65.71035
2024-05-02 09:25:00,57824.31,57867.54,57742.72,57750.99,51.91283
2024-05-02 09:30:00,57750.99,57790.44,57671.1,57706.4,88.52716
2024-05-02 09:35:00,57706.39,57744.76,57686.12,57739.48,123.28246
2024-05-02 09:40:00,57739.47,57775.73,57641.1,57735.07,130.02566
2024-05-02 09:45:00,57735.06,57810.91,57721.65,57773.9,52.39535
2024-05-02 09:50:00,57773.89,57820.41,57771.88,57807.48,43.55062
2024-05-02 09:55:00,57807.48,57808.47,57764.15,57804.36,56.21236
2024-05-02 10:00:00,57804.37,57810.92,57662.43,57738.61,128.69712
2024-05-02 10:05:00,57738.6,57738.61,57659.13,57682.35,87.41372
2024-05-02 10:10:00,57682.34,57855.7,57682.34,57800.84,84.90118
2024-05-02 10:15:00,57800.83,57800.84,57742.38,57761.73,75.51052
2024-05-02 10:20:00,57761.74,57796.44,57701.1,57709.99,166.32386
2024-05-02 10:25:00,57710.0,57757.56,57668.54,57691.09,183.98032
2024-05-02 10:30:00,57691.08,57707.55,57633.81,57661.68,91.2235
2024-05-02 10:35:00,57661.69,57719.53,57561.14,57681.1,142.19681
2024-05-02 10:40:00,57681.11,57776.19,57675.8,57740.09,50.98963
2024-05-02 10:45:00,57740.1,57898.01,57707.54,57883.81,138.73063
2024-05-02 10:50:00,57883.81,57883.82,57780.0,57814.5,70.53469
2024-05-02 10:55:00,57814.51,57866.67,57777.96,57801.41,175.36198
2024-05-02 11:00:00,57801.41,58207.6,57783.04,58015.74,484.06094
2024-05-02 11:05:00,58015.75,58298.18,58015.74,58221.1,373.67192
2024-05-02 11:10:00,58221.09,58299.96,58100.0,58135.45,329.25927
2024-05-02 11:15:00,58135.45,58350.0,58108.31,58331.09,307.74007
2024-05-02 11:20:00,58331.09,58484.32,58288.44,58293.8,370.21074
2024-05-02 11:25:00,58293.81,58348.65,58232.55,58299.47,197.43985
2024-05-02 11:30:00,58299.48,58305.82,58075.48,58150.73,169.71161
2024-05-02 11:35:00,58150.74,58266.66,58135.61,58177.6,152.95465
2024-05-02 11:40:00,58177.61,58555.0,58177.6,58541.55,419.73238
2024-05-02 11:45:00,58541.55,58689.55,58465.44,58550.11,397.92081
2024-05-02 11:50:00,58550.12,58616.45,58473.02,58588.55,205.0653
2024-05-02 11:55:00,58588.55,58611.94,58484.87,58559.66,203.78
2024-05-02 12:00:00,58559.66,58629.73,58446.18,58600.01,196.50804
2024-05-02 12:05:00,58600.01,58773.52,58591.1,58773.52,202.88934
2024-05-02 12:10:00,58773.51,58885.61,58703.3,58866.82,391.24251
2024-05-02 12:15:00,58866.82,59117.68,58862.12,59061.24,1271.64781
2024-05-02 12:20:00,59061.23,59061.24,58670.0,58803.11,865.99856
2024-05-02 12:25:00,58803.1,58873.13,58674.39,58716.48,421.25013
2024-05-02 12:30:00,58716.48,58881.1,58681.89,58800.58,354.94168
2024-05-02 12:35:00,58800.59,59001.21,58745.19,58897.09,850.79793
2024-05-02 12:40:00,58897.09,59037.74,58800.0,58816.22,538.26255
2024-05-02 12:45:00,58816.22,58930.0,58757.71,58861.11,356.85849
2024-05-02 12:50:00,58861.12,58861.12,58693.27,58725.92,173.23406
2024-05-02 12:55:00,58725.92,58725.92,58511.31,58556.59,419.66297
2024-05-02 13:00:00,58556.58,58653.14,58545.73,58608.03,149.77063
2024-05-02 13:05:00,58608.04,58716.1,58518.7,58526.7,102.88418
2024-05-02 13:10:00,58526.7,58547.99,58411.1,58528.42,190.2264
2024-05-02 13:15:00,58528.42,58619.65,58508.15,58597.66,181.11465
2024-05-02 13:20:00,58597.65,58769.98,58584.91,58731.11,166.49828
2024-05-02 13:25:00,58731.11,58788.75,58691.1,58732.26,81.15806
2024-05-02 13:30:00,58732.27,58782.24,58459.62,58462.33,185.75149
2024-05-02 13:35:00,58462.32,58531.1,58317.01,58419.82,235.95392
2024-05-02 13:40:00,58419.81,58600.0,58311.1,58519.37,190.33083
2024-05-02 13:45:00,58519.38,58563.08,58281.1,58339.72,217.34966
2024-05-02 13:50:00,58339.72,58429.8,58222.0,58389.7,275.92116
2024-05-02 13:55:00,58389.7,58525.11,58386.8,58450.22,127.298
2024-05-02 14:00:00,58450.22,58633.85,58319.0,58607.4,251.59512
2024-05-02 14:05:00,58607.41,58675.19,58356.0,58367.4,343.33738
2024-05-02 14:10:00,58367.4,58405.38,58300.0,58397.85,223.04914
2024-05-02 14:15:00,58397.86,58514.07,58341.1,58458.57,175.96127
2024-05-02 14:20:00,58458.57,58641.51,58375.2,58612.1,215.54895
2024-05-02 14:25:00,58612.11,58738.19,58598.19,58659.33,192.65353
2024-05-02 14:30:00,58659.32,58967.12,58569.26,58863.6,292.53933
2024-05-02 14:35:00,58863.6,59100.01,58750.01,59079.0,413.36417
2024-05-02 14:40:00,59079.0,59300.0,59009.44,59261.08,621.40412
2024-05-02 14:45:00,59261.07,59298.48,59030.0,59085.15,432.61341
2024-05-02 14:50:00,59085.15,59116.33,58996.67,59037.89,323.86991
2024-05-02 14:55:00,59037.9,59184.97,59018.01,59055.25,158.3189
2024-05-02 15:00:00,59055.26,59213.47,58972.44,59170.01,254.91974
2024-05-02 15:05:00,59170.0,59255.98,59071.11,59237.35,321.04611
2024-05-02 15:10:00,59237.35,59281.11,59151.88,59251.11,283.38944
2024-05-02 15:15:00,59251.11,59402.73,59151.11,59162.8,449.63767
2024-05-02 15:20:00,59162.79,59347.47,59162.79,59347.46,200.66426
2024-05-02 15:25:00,59347.47,59389.49,59250.0,59360.53,376.8069
2024-05-02 15:30:00,59360.53,59387.3,59244.0,59347.27,416.2694
2024-05-02 15:35:00,59347.28,59399.98,59247.78,59324.45,276.0054
2024-05-02 15:40:00,59324.44,59399.54,59311.1,59328.96,125.41256
2024-05-02 15:45:00,59328.96,59455.0,59168.54,59222.27,286.88786
2024-05-02 15:50:00,59222.27,59279.99,59151.1,59165.09,138.05562
2024-05-02 15:55:00,59165.09,59270.0,59158.98,59264.15,107.04825
2024-05-02 16:00:00,59264.16,59315.32,59068.66,59120.61,210.72687
2024-05-02 16:05:00,59120.62,59161.1,59011.1,59029.02,305.96986
2024-05-02 16:10:00,59029.03,59066.04,58943.38,58997.1,237.52775
2024-05-02 16:15:00,58997.1,59091.04,58955.52,59002.93,175.17575
2024-05-02 16:20:00,59002.93,59079.16,58971.0,59068.14,164.5225
2024-05-02 16:25:00,59068.13,59178.05,59051.92,59150.94,104.2012
2024-05-02 16:30:00,59150.95,59150.95,59009.0,59060.41,115.03742
2024-05-02 16:35:00,59060.4,59091.1,58991.12,59038.62,82.61719
2024-05-02 16:40:00,59038.63,59086.06,58971.68,59080.15,71.52553
2024-05-02 16:45:00,59080.15,59090.0,58948.93,58977.83,77.90931
2024-05-02 16:50:00,58977.83,59070.83,58977.83,59045.84,68.27838
2024-05-02 16:55:00,59045.85,59074.99,58987.95,59017.54,47.25659
2024-05-02 17:00:00,59017.53,59046.91,58987.49,59021.1,82.0194
2024-05-02 17:05:00,59021.1,59128.77,58955.31,59021.11,112.38835
2024-05-02 17:10:00,59021.1,59171.09,58977.84,59088.72,167.24715
2024-05-02 17:15:00,59088.73,59301.1,59060.0,59156.97,314.49265
2024-05-02 17:20:00,59156.98,59220.0,59131.85,59146.99,61.27463
2024-05-02 17:25:00,59147.0,59150.95,59037.73,59037.86,64.59272
2024-05-02 17:30:00,59037.86,59138.8,59000.0,59043.3,92.62941
2024-05-02 17:35:00,59043.3,59076.72,59016.86,59016.86,45.56327
2024-05-02 17:40:00,59016.86,59065.99,58963.21,59039.19,66.15044
2024-05-02 17:45:00,59039.18,59091.1,59011.1,59022.85,50.2794
2024-05-02 17:50:00,59022.85,59220.84,59011.1,59154.89,101.76881
2024-05-02 17:55:00,59154.89,59281.44,59154.89,59190.24,98.28242
2024-05-02 18:00:00,59190.24,59443.62,59156.92,59405.68,104.77349
2024-05-02 18:05:00,59405.69,59405.69,59251.1,59345.85,199.38448
2024-05-02 18:10:00,59345.85,59411.1,59270.91,59287.92,107.43803
2024-05-02 18:15:00,59287.91,59287.92,59050.0,59050.0,128.52238
2024-05-02 18:20:00,59050.0,59075.0,58987.49,59075.0,86.87454
2024-05-02 18:25:00,59075.0,59118.95,59045.83,59107.14,78.36322
2024-05-02 18:30:00,59107.13,59206.42,59037.74,59206.42,75.34421
2024-05-02 18:35:00,59206.42,59311.0,59194.5,59305.08,52.00181
2024-05-02 18:40:00,59305.09,59338.21,59212.89,59238.45,58.39163
2024-05-02 18:45:00,59238.45,59575.29,59227.64,59541.67,175.23085
2024-05-02 18:50:00,59541.66,59541.67,59301.1,59305.23,156.28698
2024-05-02 18:55:00,59305.23,59474.34,59272.65,59383.52,67.14491
2024-05-02 19:00:00,59383.52,59385.57,59124.94,59220.83,114.2387
2024-05-02 19:05:00,59220.84,59349.95,59204.83,59295.16,101.06142
2024-05-02 19:10:00,59295.17,59299.98,59095.94,59105.62,75.84712
2024-05-02 19:15:00,59105.62,59188.83,59071.1,59174.84,89.40255
2024-05-02 19:20:00,59174.85,59179.25,59105.59,59173.64,62.75034
2024-05-02 19:25:00,59173.64,59217.19,59111.0,59173.47,68.27614
2024-05-02 19:30:00,59173.48,59179.25,59032.12,59104.12,73.6686
2024-05-02 19:35:00,59104.12,59165.83,59025.51,59126.19,68.49978
2024-05-02 19:40:00,59126.19,59174.53,59061.1,59164.06,50.99823
2024-05-02 19:45:00,59164.06,59361.06,59122.64,59262.75,119.73465
2024-05-02 19:50:00,59262.76,59334.82,59212.59,59215.79,59.92734
2024-05-02 19:55:00,59215.8,59366.28,59179.24,59351.11,84.64431
2024-05-02 20:00:00,59351.1,59366.27,59211.3,59334.39,74.9329
2024-05-02 20:05:00,59334.39,59365.16,59191.66,59231.98,66.25876
2024-05-02 20:10:00,59231.98,59431.1,59222.89,59366.87,153.89925
2024-05-02 20:15:00,59366.87,59381.1,59302.44,59318.18,88.47656
2024-05-02 20:20:00,59318.17,59318.18,59228.18,59281.09,41.17434
2024-05-02 20:25:00,59281.1,59281.1,59077.0,59111.29,124.86292
2024-05-02 20:30:00,59111.28,59165.81,59029.0,59060.62,227.25266
2024-05-02 20:35:00,59060.61,59062.65,58783.51,58815.78,352.82095
2024-05-02 20:40:00,58815.79,58931.1,58637.62,58920.36,307.9986
2024-05-02 20:45:00,58920.37,58920.37,58794.7,58842.96,90.31188
2024-05-02 20:50:00,58842.96,58855.41,58711.1,58743.64,175.13293
2024-05-02 20:55:00,58743.64,58791.1,58720.0,58727.45,70.92856
2024-05-02 21:00:00,58727.45,58841.92,58701.1,58840.0,129.64454
2024-05-02 21:05:00,58840.0,58886.76,58807.79,58822.94,75.82586
2024-05-02 21:10:00,58822.94,58838.22,58786.45,58820.35,89.87861
2024-05-02 21:15:00,58820.35,58978.43,58811.1,58941.79,72.33968
2024-05-02 21:20:00,58941.78,58957.69,58867.92,58896.0,75.87193
2024-05-02 21:25:00,58895.99,59000.0,58895.99,58999.0,60.05905
2024-05-02 21:30:00,58999.0,59148.83,58991.26,59120.28,119.41933
2024-05-02 21:35:00,59120.27,59625.0,59120.27,59546.82,508.45032
2024-05-02 21:40:00,59546.81,59581.1,59254.8,59278.7,123.96275
2024-05-02 21:45:00,59278.71,59278.71,59111.1,59174.96,65.51627
2024-05-02 21:50:00,59174.95,59174.96,59074.98,59122.65,57.78797
2024-05-02 21:55:00,59122.65,59145.14,59071.98,59112.58,34.69527
2024-05-02 22:00:00,59112.59,59331.1,59083.33,59330.0,117.28353
2024-05-02 22:05:00,59330.0,59387.32,59288.93,59297.78,142.78942
2024-05-02 22:10:00,59297.79,59302.0,59207.54,59235.8,54.11707
2024-05-02 22:15:00,59235.79,59395.84,59235.79,59339.5,103.43835
2024-05-02 22:20:00,59339.5,59339.5,59217.73,59252.75,149.14223
2024-05-02 22:25:00,59252.75,59320.76,59235.84,59235.84,51.68605
2024-05-02 22:30:00,59235.85,59271.11,59180.76,59241.97,44.71945
2024-05-02 22:35:00,59241.97,59244.46,59137.61,59239.22,58.29877
2024-05-02 22:40:00,59239.22,59291.09,59233.41,59278.15,49.81068
2024-05-02 22:45:00,59278.15,59392.4,59256.86,59344.0,83.31734
2024-05-02 22:50:00,59344.0,59451.1,59301.1,59425.0,83.15513
2024-05-02 22:55:00,59424.99,59454.17,59296.8,59328.0,74.16205
2024-05-02 23:00:00,59328.0,59377.36,59308.33,59308.59,70.90961
2024-05-02 23:05:00,59308.59,59343.76,59221.21,59224.0,52.85247
2024-05-02 23:10:00,59224.01,59330.05,59224.0,59330.04,47.07845
2024-05-02 23:15:00,59330.05,59358.8,59245.42,59279.16,52.41249
2024-05-02 23:20:00,59279.17,59306.0,59224.01,59272.05,61.47749
2024-05-02 23:25:00,59272.05,59280.76,59213.47,59213.48,49.55366
2024-05-02 23:30:00,59213.47,59278.0,59153.41,59153.41,54.83546
2024-05-02 23:35:00,59153.42,59199.0,59116.75,59142.77,73.76971
2024-05-02 23:40:00,59142.77,59149.99,59104.16,59147.99,51.87182
2024-05-02 23:45:00,59147.99,59158.23,59124.61,59151.45,57.0427
2024-05-02 23:50:00,59151.46,59164.09,59122.64,59137.03,33.40015
2024-05-02 23:55:00,59137.03,59144.0,59057.73,59060.61,62.14321
2024-05-03 00:00:00,59060.6,59094.34,59057.5,59065.6,105.48552
2024-05-03 00:05:00,59065.61,59101.91,58968.75,59091.96,144.72045
2024-05-03 00:10:00,59091.95,59131.1,59014.74,59045.84,54.05475
2024-05-03 00:15:00,59045.84,59120.0,59001.1,59004.79,80.52822
2024-05-03 00:20:00,59004.78,59121.1,58952.83,58952.83,135.39901
2024-05-03 00:25:00,58952.83,58973.99,58875.02,58875.02,173.14508
2024-05-03 00:30:00,58875.02,58933.94,58811.32,58837.06,113.22135
2024-05-03 00:35:00,58837.06,58909.99,58822.0,58875.36,79.13631
2024-05-03 00:40:00,58875.35,58970.25,58861.1,58970.15,53.54331
2024-05-03 00:45:00,58970.15,59064.12,58970.14,58994.27,54.95696
2024-05-03 00:50:00,58994.26,59071.1,58994.26,59022.01,31.22453
2024-05-03 00:55:00,59022.0,59059.6,59009.43,59031.81,50.89206
2024-05-03 01:00:00,59031.81,59151.1,59004.0,59141.09,71.0965
2024-05-03 01:05:00,59141.09,59372.09,59127.63,59345.99,127.09529
2024-05-03 01:10:00,59345.98,59395.84,59322.0,59346.68,69.75143
2024-05-03 01:15:00,59346.69,59400.0,59252.74,59353.0,92.15226
2024-05-03 01:20:00,59353.01,59414.89,59296.0,59414.88,76.75311
2024-05-03 01:25:00,59414.88,59483.34,59384.0,59441.77,62.00376
2024-05-03 01:30:00,59441.78,59493.98,59380.84,59462.27,98.91968
2024-05-03 01:35:00,59462.27,59493.97,59377.35,59479.88,69.38644
2024-05-03 01:40:00,59479.89,59498.0,59372.69,59419.99,114.15975
2024-05-03 01:45:00,59419.99,59440.0,59315.0,59335.19,105.00964
2024-05-03 01:50:00,59335.2,59335.2,59241.96,59302.01,62.09801
2024-05-03 01:55:00,59302.01,59366.0,59283.99,59311.11,53.28382
2024-05-03 02:00:00,59311.1,59334.0,59255.22,59332.05,43.05576
2024-05-03 02:05:00,59332.05,59508.09,59302.13,59495.99,108.06269
2024-05-03 02:10:00,59496.0,59850.0,59453.12,59751.95,387.68232
2024-05-03 02:15:00,59751.96,59916.12,59626.0,59686.01,276.99648
2024-05-03 02:20:00,59686.01,59790.91,59596.01,59597.41,127.49109
2024-05-03 02:25:00,59597.41,59680.0,59594.01,59600.01,76.03476
2024-05-03 02:30:00,59600.02,59716.67,59589.49,59660.38,77.16103
2024-05-03 02:35:00,59660.37,59665.16,59512.49,59542.77,86.82452
2024-05-03 02:40:00,59542.77,59595.0,59526.01,59552.21,71.36604
2024-05-03 02:45:00,59552.2,59629.17,59514.08,59592.0,98.15629
2024-05-03 02:50:00,59591.99,59603.78,59541.65,59552.0,62.88079
2024-05-03 02:55:00,59552.0,59560.0,59507.88,59543.76,47.80787
2024-05-03 03:00:00,59543.75,59750.0,59504.0,59728.0,144.08015
2024-05-03 03:05:00,59728.0,59842.97,59707.71,59774.99,208.15016
2024-05-03 03:10:00,59775.0,59832.0,59697.75,59824.0,104.89715
2024-05-03 03:15:00,59824.0,59999.0,59802.72,59980.0,320.95298
2024-05-03 03:20:00,59980.0,59996.0,59825.82,59868.98,105.84895
2024-05-03 03:25:00,59868.99,59870.0,59706.15,59731.1,75.49879
2024-05-03 03:30:00,59731.1,59837.99,59676.09,59822.79,159.64527
2024-05-03 03:35:00,59822.79,59822.8,59693.0,59738.84,151.37711
2024-05-03 03:40:00,59738.83,59817.78,59720.0,59784.01,69.12422
2024-05-03 03:45:00,59784.0,59837.23,59724.01,59794.03,87.74362
2024-05-03 03:50:00,59794.04,59801.1,59652.85,59715.99,99.64218
2024-05-03 03:55:00,59715.99,59780.0,59694.0,59720.3,40.91171
2024-05-03 04:00:00,59720.3,59745.29,59640.0,59683.76,83.93292
2024-05-03 04:05:00,59683.76,59722.28,59671.1,59716.04,55.40929
2024-05-03 04:10:00,59716.04,59809.1,59716.03,59761.12,112.74731
2024-05-03 04:15:00,59761.12,59844.94,59761.11,59814.01,61.34078
2024-05-03 04:20:00,59814.0,59820.0,59767.47,59767.48,45.61028
2024-05-03 04:25:00,59767.48,59795.65,59758.15,59760.0,42.12148
2024-05-03 04:30:00,59760.01,59770.0,59600.0,59600.0,131.49395
2024-05-03 04:35:00,59600.01,59634.0,59567.1,59617.57,50.64207
2024-05-03 04:40:00,59617.57,59623.99,59549.79,59598.02,85.65231
2024-05-03 04:45:00,59598.02,59629.17,59548.0,59598.57,49.03521
2024-05-03 04:50:00,59598.57,59610.0,59571.1,59603.78,30.50103
2024-05-03 04:55:00,59603.78,59604.0,59571.12,59604.0,32.99596
2024-05-03 05:00:00,59604.0,59607.99,59541.1,59542.0,57.67342
2024-05-03 05:05:00,59542.0,59553.04,59472.01,59506.84,67.59311
2024-05-03 05:10:00,59506.85,59520.0,59473.66,59488.01,44.9561
2024-05-03 05:15:00,59488.0,59539.17,59468.89,59539.17,32.55734
2024-05-03 05:20:00,59539.17,59627.9,59534.32,59575.47,176.44483
2024-05-03 05:25:00,59575.48,59596.0,59502.77,59581.1,66.74155
2024-05-03 05:30:00,59581.11,59625.55,59578.0,59596.46,48.53811
2024-05-03 05:35:00,59596.47,59624.72,59537.74,59548.47,79.10774
2024-05-03 05:40:00,59548.46,59591.1,59532.14,59591.09,64.9923
2024-05-03 05:45:00,59591.09,59600.0,59520.0,59537.57,71.64765
2024-05-03 05:50:00,59537.57,59570.84,59494.0,59570.83,60.06904
2024-05-03 05:55:00,59570.84,59590.92,59497.6,59522.67,48.84119
2024-05-03 06:00:00,59522.68,59574.6,59494.03,59542.0,109.42806
2024-05-03 06:05:00,59542.01,59548.0,59494.0,59498.37,70.34971
2024-05-03 06:10:00,59498.37,59522.11,59460.8,59514.0,126.52087
2024-05-03 06:15:00,59514.0,59514.01,59355.0,59389.78,136.21421
2024-05-03 06:20:00,59389.78,59423.0,59342.0,59371.1,105.65893
2024-05-03 06:25:00,59371.09,59422.99,59360.0,59418.62,57.50209
2024-05-03 06:30:00,59418.63,59422.99,59354.0,59354.0,61.13054
2024-05-03 06:35:00,59354.01,59400.0,59338.13,59358.0,56.29766
2024-05-03 06:40:00,59358.0,59379.25,59340.33,59341.1,30.47602
2024-05-03 06:45:00,59341.1,59394.78,59328.0,59338.03,49.83001
2024-05-03 06:50:00,59338.02,59338.03,59251.1,59286.62,92.89203
2024-05-03 06:55:00,59286.62,59286.62,59233.3,59254.74,44.70444
2024-05-03 07:00:00,59254.75,59391.0,59221.1,59336.09,117.98237
2024-05-03 07:05:00,59336.08,59391.0,59320.75,59341.1,84.80595
2024-05-03 07:10:00,59341.1,59423.0,59341.1,59415.23,153.47832
2024-05-03 07:15:00,59415.22,59421.1,59386.0,59395.33,35.28819
2024-05-03 07:20:00,59395.33,59417.57,59378.08,59402.0,54.41527
2024-05-03 07:25:00,59402.01,59402.01,59354.95,59371.1,39.39122
2024-05-03 07:30:00,59371.1,59395.8,59311.82,59386.7,100.78159
2024-05-03 07:35:00,59386.71,59405.67,59207.54,59220.0,136.38161
2024-05-03 07:40:00,59220.01,59254.28,59164.28,59246.01,168.99536
2024-05-03 07:45:00,59246.01,59256.38,59102.88,59141.72,203.10384
2024-05-03 07:50:00,59141.72,59191.67,59061.63,59168.77,170.84336
2024-05-03 07:55:00,59168.77,59211.1,59168.77,59190.74,101.91698
2024-05-03 08:00:00,59190.74,59213.47,59136.49,59152.64,50.34512
2024-05-03 08:05:00,59153.32,59291.1,59153.32,59286.92,79.59619
2024-05-03 08:10:00,59286.91,59286.92,59200.0,59251.18,64.51119
2024-05-03 08:15:00,59251.19,59265.36,59192.55,59221.1,36.2905
2024-05-03 08:20:00,59221.09,59307.52,59221.09,59255.14,52.04284
2024-05-03 08:25:00,59255.14,59331.1,59255.13,59331.09,39.81466
2024-05-03 08:30:00,59331.1,59358.0,59268.91,59305.85,50.04566
2024-05-03 08:35:00,59305.85,59388.0,59302.9,59364.98,37.81841
2024-05-03 08:40:00,59364.98,59374.55,59314.01,59364.39,43.7988
2024-05-03 08:45:00,59364.39,59384.48,59300.0,59350.03,54.13981
2024-05-03 08:50:00,59350.03,59371.1,59292.45,59293.72,38.16881
2024-05-03 08:55:00,59293.71,59314.0,59196.0,59225.99,44.67113
2024-05-03 09:00:00,59225.99,59285.54,59196.11,59262.74,66.17272
2024-05-03 09:05:00,59262.75,59333.44,59262.74,59297.01,45.91694
2024-05-03 09:10:00,59297.02,59317.67,59284.0,59284.0,26.41739
2024-05-03 09:15:00,59284.01,59350.0,59281.1,59331.1,45.64114
2024-05-03 09:20:00,59331.09,59432.15,59331.09,59420.97,81.88019
2024-05-03 09:25:00,59420.97,59429.71,59354.0,59368.02,56.7071
2024-05-03 09:30:00,59368.01,59410.65,59325.72,59384.43,76.93348
2024-05-03 09:35:00,59384.42,59490.57,59384.42,59436.0,73.06626
2024-05-03 09:40:00,59436.01,59472.71,59420.0,59472.62,35.33457
2024-05-03 09:45:00,59472.63,59575.48,59458.0,59547.59,105.00086
2024-05-03 09:50:00,59547.58,59565.99,59471.09,59551.12,65.21347
2024-05-03 09:55:00,59551.12,59551.14,59481.11,59481.12,70.05664
2024-05-03 10:00:00,59481.11,59486.63,59380.0,59413.98,67.64913
2024-05-03 10:05:00,59413.99,59430.01,59366.65,59377.99,50.12124
2024-05-03 10:10:00,59378.0,59378.03,59274.54,59337.5,79.06047
2024-05-03 10:15:00,59337.5,59372.37,59292.4,59372.37,39.38025
2024-05-03 10:20:00,59372.37,59387.81,59310.14,59359.98,38.64018
2024-05-03 10:25:00,59359.98,59359.99,59304.0,59304.01,24.68289
2024-05-03 10:30:00,59304.01,59326.0,59216.32,59220.71,77.1037
2024-05-03 10:35:00,59220.71,59230.0,59172.87,59172.88,55.95545
2024-05-03 10:40:00,59172.88,59176.44,58897.77,59016.66,254.0668
2024-05-03 10:45:00,59016.67,59020.0,58854.6,58917.03,161.78162
2024-05-03 10:50:00,58917.02,58950.0,58849.94,58909.26,234.88311
2024-05-03 10:55:00,58909.26,59070.0,58909.26,59040.0,135.66831
2024-05-03 11:00:00,59040.01,59048.0,58909.11,58954.78,83.91625
2024-05-03 11:05:00,58954.79,58995.38,58867.92,58938.0,154.41849
2024-05-03 11:10:00,58938.0,59016.68,58932.11,58987.16,68.77769
2024-05-03 11:15:00,58987.16,59107.57,58987.16,59102.0,72.88864
2024-05-03 11:20:00,59102.0,59183.13,59080.0,59129.24,63.89925
2024-05-03 11:25:00,59129.23,59200.0,59129.23,59194.07,37.04646
2024-05-03 11:30:00,59194.08,59261.1,59122.64,59135.5,91.61339
2024-05-03 11:35:00,59135.51,59135.51,59042.28,59101.77,123.52213
2024-05-03 11:40:00,59101.77,59179.25,59071.11,59106.0,102.53893
2024-05-03 11:45:00,59106.0,59160.01,59054.0,59146.59,61.10073
2024-05-03 11:50:00,59146.59,59372.0,59146.58,59354.01,109.29909
2024-05-03 11:55:00,59354.0,59438.08,59264.21,59291.09,113.25468
2024-05-03 12:00:00,59291.1,59291.1,59120.0,59183.34,164.38221
2024-05-03 12:05:00,59183.35,59200.0,59112.23,59177.59,79.01432
2024-05-03 12:10:00,59177.6,59177.64,59088.64,59126.91,52.86214
2024-05-03 12:15:00,59126.91,59158.0,58991.99,59062.3,162.03896
2024-05-03 12:20:00,59062.31,59086.0,59049.04,59070.0,50.63815
2024-05-03 12:25:00,59070.0,59179.25,59055.54,59166.73,61.74746
2024-05-03 12:30:00,59166.72,60105.0,59112.81,60099.0,1337.25786
2024-05-03 12:35:00,60099.0,60376.47,60070.95,60161.99,1205.08763
2024-05-03 12:40:00,60161.99,60499.0,60144.01,60461.94,865.56742
2024-05-03 12:45:00,60461.94,60750.0,60348.63,60394.2,842.5153
2024-05-03 12:50:00,60394.19,60700.0,60335.08,60585.45,608.16158
2024-05-03 12:55:00,60585.44,60779.29,60575.0,60641.0,515.20165
2024-05-03 13:00:00,60641.0,61286.21,60523.34,61152.34,1137.33232
2024-05-03 13:05:00,61152.34,61284.29,60958.14,61076.77,848.96225
2024-05-03 13:10:00,61076.76,61196.01,60952.37,61146.52,477.55294
2024-05-03 13:15:00,61146.52,61250.69,60983.98,61019.64,478.21653
2024-05-03 13:20:00,61019.63,61120.0,60988.04,61028.65,381.39748
2024-05-03 13:25:00,61028.65,61286.0,60842.83,61239.31,682.42305
2024-05-03 13:30:00,61239.31,61600.0,61156.59,61480.0,985.79798
2024-05-03 13:35:00,61480.01,61836.6,61444.52,61545.35,740.61197
2024-05-03 13:40:00,61545.35,61689.32,61451.28,61541.94,365.42676
2024-05-03 13:45:00,61541.95,61758.0,61519.27,61668.13,378.78998
2024-05-03 13:50:00,61668.12,61705.99,61482.06,61606.46,316.6772
2024-05-03 13:55:00,61606.46,61704.0,61567.55,61689.94,230.35074
2024-05-03 14:00:00,61689.95,62115.64,61660.0,61703.71,1048.02473
2024-05-03 14:05:00,61703.7,61820.0,61539.99,61725.47,348.5396
2024-05-03 14:10:00,61725.47,61776.51,61507.26,61588.0,323.15296
2024-05-03 14:15:00,61588.01,61676.93,61400.0,61485.68,416.2448
2024-05-03 14:20:00,61485.69,61722.86,61347.1,61670.02,320.96603
2024-05-03 14:25:00,61670.02,61836.0,61594.3,61706.13,278.32652
2024-05-03 14:30:00,61706.14,61734.86,61526.08,61676.66,184.55802
2024-05-03 14:35:00,61676.65,61795.28,61634.84,61719.96,132.93384
2024-05-03 14:40:00,61719.97,61890.95,61707.82,61804.34,220.38477
2024-05-03 14:45:00,61804.33,61813.37,61685.21,61692.68,215.74662
2024-05-03 14:50:00,61692.68,61755.77,61626.39,61670.07,169.00684
2024-05-03 14:55:00,61670.08,61720.0,61615.64,61618.17,132.73123
2024-05-03 15:00:00,61618.16,61677.7,61500.0,61659.4,204.29023
2024-05-03 15:05:00,61659.4,61749.27,61530.09,61545.94,184.14984
2024-05-03 15:10:00,61545.93,61567.79,61449.46,61468.41,251.67177
2024-05-03 15:15:00,61468.41,61494.59,61401.01,61420.34,315.51547
2024-05-03 15:20:00,61420.33,61502.61,61420.33,61454.01,261.30677
2024-05-03 15:25:00,61454.0,61480.66,61335.69,61381.95,284.55628
2024-05-03 15:30:00,61381.96,61576.0,61342.74,61543.01,251.06877
2024-05-03 15:35:00,61543.0,61591.79,61486.0,61580.29,132.41457
2024-05-03 15:40:00,61580.29,61624.78,61518.51,61546.86,107.01321
2024-05-03 15:45:00,61546.87,61627.02,61534.0,61608.78,91.81717
2024-05-03 15:50:00,61608.77,61764.39,61608.77,61672.0,185.69744
2024-05-03 15:55:00,61672.0,61800.0,61654.0,61690.74,163.59376
2024-05-03 16:00:00,61690.74,61820.0,61690.74,61783.98,180.22891
2024-05-03 16:05:00,61783.98,61887.08,61783.98,61830.31,149.93044
2024-05-03 16:10:00,61830.31,61835.0,61758.52,61770.02,94.26838
2024-05-03 16:15:00,61770.02,61770.02,61685.53,61693.37,89.97738
2024-05-03 16:20:00,61693.38,61881.39,61693.37,61818.01,163.28019
2024-05-03 16:25:00,61818.01,62000.0,61797.94,61964.0,220.47295
2024-05-03 16:30:00,61963.99,61982.0,61840.9,61902.25,94.30576
2024-05-03 16:35:00,61902.25,62179.99,61892.3,62129.3,285.24341
2024-05-03 16:40:00,62129.3,62148.95,61801.14,61850.0,223.30762
2024-05-03 16:45:00,61850.0,61868.0,61697.95,61705.96,89.19805
2024-05-03 16:50:00,61705.96,61729.03,61538.7,61571.88,150.70459
2024-05-03 16:55:00,61571.88,61688.74,61571.87,61681.99,86.0052
2024-05-03 17:00:00,61682.0,61717.14,61545.79,61545.79,108.95511
2024-05-03 17:05:00,61545.8,61613.13,61533.2,61598.72,106.64072
2024-05-03 17:10:00,61598.72,61733.51,61598.71,61725.32,66.70176
2024-05-03 17:15:00,61725.33,61863.2,61721.14,61840.18,111.37376
2024-05-03 17:20:00,61840.18,61840.19,61752.79,61752.8,46.61707
2024-05-03 17:25:00,61752.8,61925.99,61748.0,61906.07,90.07294
2024-05-03 17:30:00,61906.08,61927.69,61806.24,61891.26,60.201
2024-05-03 17:35:00,61891.26,61903.62,61828.63,61878.0,51.92005
2024-05-03 17:40:00,61878.01,61953.8,61825.42,61825.42,88.99987
2024-05-03 17:45:00,61825.42,61866.0,61820.0,61846.0,71.39902
2024-05-03 17:50:00,61846.0,61856.0,61756.0,61791.99,62.43398
2024-05-03 17:55:00,61792.0,61896.0,61791.99,61805.85,53.77744
2024-05-03 18:00:00,61805.84,61859.53,61796.29,61828.0,98.15423
2024-05-03 18:05:00,61827.99,61867.54,61801.53,61852.83,97.67968
2024-05-03 18:10:00,61852.84,61976.9,61852.83,61949.45,87.13332
2024-05-03 18:15:00,61949.45,61986.0,61742.83,61785.99,80.97345
2024-05-03 18:20:00,61786.0,61867.99,61760.01,61814.0,55.26034
2024-05-03 18:25:00,61814.0,61831.54,61725.0,61725.02,51.1173
2024-05-03 18:30:00,61725.02,61810.74,61695.0,61763.65,56.17901
2024-05-03 18:35:00,61763.65,61863.65,61763.65,61808.34,43.48009
2024-05-03 18:40:00,61808.34,61868.99,61776.01,61849.93,31.00741
2024-05-03 18:45:00,61849.94,61892.22,61781.55,61811.98,49.28727
2024-05-03 18:50:00,61811.99,61835.44,61786.0,61801.99,33.05615
2024-05-03 18:55:00,61801.99,61839.54,61786.0,61829.16,39.3312
2024-05-03 19:00:00,61829.15,61829.16,61673.97,61750.01,83.23474
2024-05-03 19:05:00,61750.02,61779.84,61644.95,61670.0,68.91618
2024-05-03 19:10:00,61670.0,61692.0,61605.65,61652.92,71.3304
2024-05-03 19:15:00,61652.93,61706.7,61600.0,61604.65,83.07948
2024-05-03 19:20:00,61604.64,61687.44,61597.14,61640.0,80.19727
2024-05-03 19:25:00,61640.0,61757.78,61639.99,61757.78,76.48949
2024-05-03 19:30:00,61757.78,61760.01,61720.01,61734.29,89.90939
2024-05-03 19:35:00,61734.29,61869.0,61734.29,61827.41,130.01081
2024-05-03 19:40:00,61827.41,61905.46,61817.14,61830.89,89.80652
2024-05-03 19:45:00,61830.88,61896.0,61814.97,61863.3,68.6246
2024-05-03 19:50:00,61863.3,61937.99,61833.4,61927.91,113.33607
2024-05-03 19:55:00,61927.91,62103.0,61870.0,62067.32,170.70487
2024-05-03 20:00:00,62067.32,62110.0,61974.0,62009.98,95.48194
2024-05-03 20:05:00,62009.99,62137.08,61984.2,62108.01,101.0496
2024-05-03 20:10:00,62108.02,62195.84,62100.0,62168.89,162.04223
2024-05-03 20:15:00,62168.89,62478.0,62168.88,62392.0,457.40182
2024-05-03 20:20:00,62391.99,62774.44,62391.99,62754.02,556.55698
2024-05-03 20:25:00,62754.01,62879.31,62657.44,62764.39,382.15762
2024-05-03 20:30:00,62764.38,62828.77,62711.57,62761.12,137.93989
2024-05-03 20:35:00,62761.12,62979.99,62758.09,62878.91,275.97843
2024-05-03 20:40:00,62878.91,62944.0,62825.24,62940.01,140.5815
2024-05-03 20:45:00,62940.01,63154.0,62926.0,63151.0,436.84708
2024-05-03 20:50:00,63151.01,63202.97,62780.7,62818.15,522.69536
2024-05-03 20:55:00,62818.15,62900.0,62750.01,62900.0,128.58915
2024-05-03 21:00:00,62899.99,62950.0,62816.04,62826.53,115.50868
2024-05-03 21:05:00,62826.52,62883.1,62814.0,62860.41,76.70679
2024-05-03 21:10:00,62860.4,62860.41,62711.58,62776.09,96.68729
2024-05-03 21:15:00,62776.1,62776.1,62620.0,62620.01,133.88108
2024-05-03 21:20:00,62620.01,62735.3,62592.46,62650.51,112.01631
2024-05-03 21:25:00,62650.51,62650.51,62510.0,62515.99,142.32385
2024-05-03 21:30:00,62515.99,62522.0,62421.17,62427.86,109.60356
2024-05-03 21:35:00,62427.87,62649.46,62361.96,62481.63,181.27089
2024-05-03 21:40:00,62481.62,62586.04,62454.31,62554.55,73.42006
2024-05-03 21:45:00,62554.56,62625.45,62554.55,62617.0,64.70576
2024-05-03 21:50:00,62617.0,62617.01,62513.17,62557.25,61.78058
2024-05-03 21:55:00,62557.24,62823.85,62444.95,62738.0,152.03552
2024-05-03 22:00:00,62738.0,62859.99,62664.0,62757.37,152.96698
2024-05-03 22:05:00,62757.36,62820.0,62708.01,62738.01,147.98258
2024-05-03 22:10:00,62738.02,62746.26,62637.76,62729.99,74.82977
2024-05-03 22:15:00,62730.0,62798.01,62694.0,62776.52,57.21577
2024-05-03 22:20:00,62776.52,62799.32,62728.3,62781.12,47.97505
2024-05-03 22:25:00,62781.12,62973.0,62781.11,62946.57,114.98781
2024-05-03 22:30:00,62946.57,63005.47,62927.45,62984.0,166.3739
2024-05-03 22:35:00,62984.01,63003.49,62906.0,62906.0,94.43568
2024-05-03 22:40:00,62906.01,62927.64,62888.0,62888.01,63.42916
2024-05-03 22:45:00,62888.0,62982.97,62861.18,62887.38,82.54549
2024-05-03 22:50:00,62887.39,62913.59,62784.8,62801.35,76.03426
2024-05-03 22:55:00,62801.36,62842.28,62768.0,62782.43,65.59701
2024-05-03 23:00:00,62782.42,62865.99,62769.86,62828.76,77.17135
2024-05-03 23:05:00,62828.76,62948.78,62828.76,62909.99,98.79555
2024-05-03 23:10:00,62909.99,62959.49,62909.99,62959.48,46.53982
2024-05-03 23:15:00,62959.49,63100.0,62936.58,63001.01,101.39196
2024-05-03 23:20:00,63001.0,63100.0,62956.9,63008.13,169.59752
2024-05-03 23:25:00,63008.12,63133.4,62969.26,63111.98,142.28154
2024-05-03 23:30:00,63111.97,63333.0,63111.97,63154.05,237.97885
2024-05-03 23:35:00,63154.05,63162.0,62958.85,62990.83,94.94309
2024-05-03 23:40:00,62990.83,63018.34,62914.0,62968.57,77.8782
2024-05-03 23:45:00,62968.56,63000.0,62833.83,62833.84,103.93545
2024-05-03 23:50:00,62833.83,62862.0,62799.31,62810.66,85.44045
2024-05-03 23:55:00,62810.66,62887.97,62804.12,62882.01,85.4767
2024-05-04 00:00:00,62882.01,62911.45,62808.04,62845.99,134.12894
2024-05-04 00:05:00,62846.0,62909.99,62837.36,62837.37,86.59476
2024-05-04 00:10:00,62837.36,62917.36,62796.22,62917.36,74.3466
2024-05-04 00:15:00,62917.35,62957.74,62858.21,62893.36,73.51987
2024-05-04 00:20:00,62893.36,62901.99,62798.97,62799.77,66.45914
2024-05-04 00:25:00,62799.76,62849.34,62765.41,62802.0,74.48527
2024-05-04 00:30:00,62802.01,62858.22,62797.53,62836.01,47.21222
2024-05-04 00:35:00,62836.0,62930.72,62806.76,62928.0,48.55261
2024-05-04 00:40:00,62928.01,63010.13,62912.52,62947.24,78.27444
2024-05-04 00:45:00,62947.25,63091.76,62947.24,63079.41,88.642
2024-05-04 00:50:00,63079.42,63171.16,63069.27,63072.01,166.58593
2024-05-04 00:55:00,63072.02,63125.57,63045.76,63083.99,75.1301
2024-05-04 01:00:00,63083.99,63084.0,62873.05,62894.0,106.31841
2024-05-04 01:05:00,62894.0,62894.0,62831.37,62856.0,112.93387
2024-05-04 01:10:00,62855.99,62885.92,62839.8,62846.11,55.30809
2024-05-04 01:15:00,62846.1,62931.98,62813.78,62931.97,51.9556
2024-05-04 01:20:00,62931.97,63159.0,62931.97,63106.0,70.85563
2024-05-04 01:25:00,63106.01,63595.14,63097.27,63566.01,488.35475
2024-05-04 01:30:00,63566.0,63574.0,63064.39,63088.0,344.55961
2024-05-04 01:35:00,63088.01,63231.93,63088.0,63173.99,105.06448
2024-05-04 01:40:00,63173.98,63173.99,62976.02,62990.96,118.66598
2024-05-04 01:45:00,62990.96,62997.99,62898.13,62932.03,102.44184
2024-05-04 01:50:00,62932.04,62932.04,62797.18,62834.0,232.69928
2024-05-04 01:55:00,62834.0,62928.0,62831.27,62856.03,79.55751
2024-05-04 02:00:00,62856.03,62900.0,62738.04,62738.05,94.64912
2024-05-04 02:05:00,62738.04,62771.5,62544.8,62710.96,212.11407
2024-05-04 02:10:00,62710.96,62714.28,62642.0,62677.76,85.53199
2024-05-04 02:15:00,62677.76,62777.24,62674.0,62773.05,82.43836
2024-05-04 02:20:00,62773.06,62867.2,62773.05,62794.19,57.44868
2024-05-04 02:25:00,62794.2,62800.0,62700.0,62713.99,58.16734
2024-05-04 02:30:00,62713.99,62776.2,62652.05,62652.05,69.63545
2024-05-04 02:35:00,62652.05,62655.18,62541.03,62642.72,204.13001
2024-05-04 02:40:00,62642.72,62703.56,62642.71,62660.0,44.99215
2024-05-04 02:45:00,62659.99,62712.57,62631.99,62690.0,103.54306
2024-05-04 02:50:00,62690.0,62743.99,62658.0,62658.01,21.92825
2024-05-04 02:55:00,62658.01,62704.82,62654.0,62699.07,82.39315
2024-05-04 03:00:00,62699.07,62712.58,62682.86,62700.85,50.0503
2024-05-04 03:05:00,62700.84,62818.4,62682.86,62778.05,121.89171
2024-05-04 03:10:00,62778.05,62778.06,62719.14,62722.81,42.53484
2024-05-04 03:15:00,62722.81,62749.93,62722.8,62749.93,36.28944
2024-05-04 03:20:00,62749.93,62842.28,62745.98,62793.75,135.65411
2024-05-04 03:25:00,62793.76,62884.62,62793.75,62834.0,68.11031
2024-05-04 03:30:00,62834.0,62834.01,62743.19,62743.21,49.65149
2024-05-04 03:35:00,62743.21,62745.62,62662.0,62719.14,55.74735
2024-05-04 03:40:00,62719.14,62757.81,62671.98,62728.0,49.63745
2024-05-04 03:45:00,62727.99,62728.0,62673.45,62673.45,35.03171
2024-05-04 03:50:00,62673.45,62746.0,62671.98,62677.01,67.39929
2024-05-04 03:55:00,62677.01,62738.0,62662.84,62724.0,31.84839
2024-05-04 04:00:00,62724.0,62837.79,62686.0,62815.99,102.70359
2024-05-04 04:05:00,62815.99,62860.0,62731.32,62749.27,55.03108
2024-05-04 04:10:00,62749.27,62774.34,62720.01,62748.0,24.77602
2024-05-04 04:15:00,62748.0,62795.0,62719.14,62723.64,31.97551
2024-05-04 04:20:00,62723.63,62733.06,62688.35,62696.01,55.41888
2024-05-04 04:25:00,62696.01,62738.0,62696.0,62731.99,25.29548
2024-05-04 04:30:00,62731.99,62801.69,62702.06,62801.68,53.35512
2024-05-04 04:35:00,62801.68,62801.69,62732.0,62792.81,49.59857
2024-05-04 04:40:00,62792.8,62872.67,62784.0,62856.0,64.33374
2024-05-04 04:45:00,62856.01,63188.0,62835.0,62980.02,427.3141
2024-05-04 04:50:00,62980.02,63032.95,62903.84,62997.98,62.57466
2024-05-04 04:55:00,62997.98,63149.34,62980.96,63057.99,114.13843
2024-05-04 05:00:00,63057.99,63098.65,62976.02,62992.24,60.32424
2024-05-04 05:05:00,62992.25,63044.5,62956.0,63044.5,30.43581
2024-05-04 05:10:00,63044.5,63254.6,63040.72,63172.0,133.58989
2024-05-04 05:15:00,63171.99,63180.89,63051.31,63052.0,78.16563
2024-05-04 05:20:00,63052.0,63101.54,62990.49,63019.11,57.821
2024-05-04 05:25:00,63019.12,63084.23,63019.11,63056.0,35.76712
2024-05-04 05:30:00,63056.0,63127.72,63056.0,63125.4,26.93964
2024-05-04 05:35:00,63125.4,63180.89,63110.0,63149.86,87.45979
2024-05-04 05:40:00,63149.85,63275.0,63149.85,63264.0,59.4123
2024-05-04 05:45:00,63264.01,63294.0,63124.54,63145.66,99.62474
2024-05-04 05:50:00,63145.66,63277.65,63145.66,63241.09,61.00214
2024-05-04 05:55:00,63241.1,63450.0,63238.0,63384.01,155.90765
2024-05-04 06:00:00,63384.01,63390.06,63257.34,63257.35,84.25411
2024-05-04 06:05:00,63257.34,63274.07,63119.32,63129.94,66.53757
2024-05-04 06:10:00,63129.93,63150.0,63100.0,63131.95,33.22912
2024-05-04 06:15:00,63131.95,63180.89,63089.21,63164.53,51.41609
2024-05-04 06:20:00,63164.53,63220.84,63150.1,63181.36,29.67754
2024-05-04 06:25:00,63181.36,63235.68,63166.99,63189.46,28.69443
2024-05-04 06:30:00,63189.46,63208.77,63067.96,63108.23,91.43387
2024-05-04 06:35:00,63108.24,63138.11,63030.88,63030.88,90.7356
2024-05-04 06:40:00,63030.89,63030.89,62965.4,63016.12,83.4174
2024-05-04 06:45:00,63016.12,63049.72,63000.0,63049.71,25.07994
2024-05-04 06:50:00,63049.72,63071.03,62973.48,62978.08,41.89979
2024-05-04 06:55:00,62978.09,63009.86,62905.65,62966.93,79.82451
2024-05-04 07:00:00,62966.92,63010.0,62950.0,62971.78,38.97602
2024-05-04 07:05:00,62971.78,63006.75,62900.01,62922.02,90.1296
2024-05-04 07:10:00,62922.02,62934.63,62851.96,62900.63,79.30116
2024-05-04 07:15:00,62900.63,62985.78,62873.67,62974.16,69.0356
2024-05-04 07:20:00,62974.16,62981.52,62920.19,62931.09,22.94663
2024-05-04 07:25:00,62931.08,63048.97,62931.08,63040.72,37.20881
2024-05-04 07:30:00,63040.72,63100.0,62990.0,63042.12,39.332
2024-05-04 07:35:00,63042.12,63132.57,63014.49,63080.9,69.91386
2024-05-04 07:40:00,63080.89,63091.82,63037.67,63064.5,46.60733
2024-05-04 07:45:00,63064.5,63064.5,63010.0,63015.25,35.94753
2024-05-04 07:50:00,63015.25,63015.25,62944.56,62957.88,48.80519
2024-05-04 07:55:00,62957.89,62996.19,62941.34,62959.03,31.21941
2024-05-04 08:00:00,62959.03,63000.0,62934.62,63000.0,54.90863
2024-05-04 08:05:00,62999.99,63057.76,62996.18,63040.19,45.48305
2024-05-04 08:10:00,63040.19,63053.0,63008.0,63045.05,41.31275
2024-05-04 08:15:00,63045.05,63122.69,63045.04,63100.0,32.13469
2024-05-04 08:20:00,63100.01,63100.01,62943.3,62984.98,97.44078
2024-05-04 08:25:00,62984.98,62991.5,62924.37,62983.02,40.39183
2024-05-04 08:30:00,62983.03,63016.1,62983.02,63007.87,22.92701
2024-05-04 08:35:00,63007.87,63054.75,63003.14,63054.74,21.84929
2024-05-04 08:40:00,63054.75,63164.02,63034.16,63145.24,102.92946
2024-05-04 08:45:00,63145.23,63226.43,63098.99,63213.76,48.83886
2024-05-04 08:50:00,63213.76,63213.76,63124.45,63128.47,55.53564
2024-05-04 08:55:00,63128.46,63177.36,63116.39,63160.95,56.45767
2024-05-04 09:00:00,63160.95,63261.31,63160.0,63220.32,82.35731
2024-05-04 09:05:00,63220.31,63277.86,63150.1,63252.05,66.07035
2024-05-04 09:10:00,63252.05,63268.59,63200.0,63257.05,47.20059
2024-05-04 09:15:00,63257.06,63289.14,63185.52,63223.58,77.0779
2024-05-04 09:20:00,63223.57,63300.0,63223.57,63269.33,50.10401
2024-05-04 09:25:00,63269.34,63269.34,63237.32,63260.37,31.12541
2024-05-04 09:30:00,63260.37,63260.38,63156.74,63176.22,47.38631
2024-05-04 09:35:00,63176.21,63182.58,63129.04,63164.48,36.68376
2024-05-04 09:40:00,63164.48,63164.48,63058.0,63058.0,48.33253
2024-05-04 09:45:00,63058.01,63135.09,63055.55,63098.96,39.50654
2024-05-04 09:50:00,63098.96,63141.14,63098.96,63141.13,25.55056
2024-05-04 09:55:00,63141.13,63179.81,63137.86,63179.8,25.05515
2024-05-04 10:00:00,63179.8,63179.81,63110.66,63133.37,45.61364
2024-05-04 10:05:00,63133.37,63219.61,63133.37,63182.19,41.74871
2024-05-04 10:10:00,63182.19,63196.0,63181.06,63183.8,22.40826
2024-05-04 10:15:00,63183.8,63183.8,63142.46,63154.99,26.92095
2024-05-04 10:20:00,63154.98,63163.7,63154.98,63163.69,12.91842
2024-05-04 10:25:00,63163.69,63377.0,63163.69,63342.48,176.29805
2024-05-04 10:30:00,63342.49,63469.92,63342.48,63381.03,147.12671
2024-05-04 10:35:00,63381.03,63500.0,63377.21,63463.11,99.38879
2024-05-04 10:40:00,63463.12,63854.16,63415.46,63823.26,548.82555
2024-05-04 10:45:00,63823.26,63978.0,63691.42,63906.26,689.65881
2024-05-04 10:50:00,63906.26,64149.0,63873.9,64055.22,548.73752
2024-05-04 10:55:00,64055.22,64497.99,64000.92,64420.91,595.80517
2024-05-04 11:00:00,64420.9,64540.0,64237.35,64350.63,592.17294
2024-05-04 11:05:00,64350.64,64442.65,64227.5,64276.11,207.65802
2024-05-04 11:10:00,64276.12,64380.51,64181.81,64185.24,156.01276
2024-05-04 11:15:00,64185.25,64230.0,64104.37,64192.23,166.80535
2024-05-04 11:20:00,64192.23,64372.86,64169.03,64326.88,209.49386
2024-05-04 11:25:00,64326.87,64345.86,64280.86,64280.87,89.23636
2024-05-04 11:30:00,64280.88,64320.01,64158.43,64160.21,103.80677
2024-05-04 11:35:00,64160.2,64166.29,64046.15,64134.19,143.39398
2024-05-04 11:40:00,64134.18,64175.04,64080.31,64135.17,126.85022
2024-05-04 11:45:00,64135.17,64174.24,64055.1,64062.25,112.60693
2024-05-04 11:50:00,64062.25,64088.27,63658.79,63790.7,364.7623
2024-05-04 11:55:00,63790.71,63887.45,63748.4,63873.31,121.83501
2024-05-04 12:00:00,63873.3,63880.68,63758.51,63835.71,171.34612
2024-05-04 12:05:00,63835.7,64016.2,63815.0,63946.01,178.83617
2024-05-04 12:10:00,63946.01,64027.77,63796.54,63892.73,124.41223
2024-05-04 12:15:00,63892.73,63930.33,63874.72,63891.54,51.0899
2024-05-04 12:20:00,63891.54,63928.39,63829.06,63925.0,73.8851
2024-05-04 12:25:00,63925.0,63970.57,63924.9,63944.04,73.64351
2024-05-04 12:30:00,63944.05,63944.05,63849.42,63857.37,50.08659
2024-05-04 12:35:00,63857.37,63880.7,63792.41,63845.55,68.73663
2024-05-04 12:40:00,63845.55,63924.89,63845.54,63921.79,69.91212
2024-05-04 12:45:00,63921.79,63921.8,63850.0,63850.01,36.31429
2024-05-04 12:50:00,63850.0,63925.01,63827.33,63904.02,50.22525
2024-05-04 12:55:00,63904.03,64098.63,63858.96,64066.35,113.96223
2024-05-04 13:00:00,64066.34,64158.19,64036.57,64080.55,149.58527
2024-05-04 13:05:00,64080.54,64080.55,63929.55,63973.53,68.71018
2024-05-04 13:10:00,63973.54,63981.25,63907.46,63924.1,46.38983
2024-05-04 13:15:00,63924.1,63924.11,63743.58,63815.68,85.42824
2024-05-04 13:20:00,63815.68,63896.4,63803.33,63814.22,88.83049
2024-05-04 13:25:00,63814.23,63853.02,63726.51,63746.9,58.80198
2024-05-04 13:30:00,63746.9,63758.0,63511.92,63636.45,171.8777
2024-05-04 13:35:00,63636.46,63636.46,63434.53,63493.57,296.16286
2024-05-04 13:40:00,63493.56,63584.33,63490.6,63578.8,78.75997
2024-05-04 13:45:00,63578.79,63690.0,63549.6,63666.74,83.78408
2024-05-04 13:50:00,63666.75,63691.37,63611.84,63618.07,51.83623
2024-05-04 13:55:00,63618.08,63765.77,63618.07,63730.01,59.51204
2024-05-04 14:00:00,63730.0,63761.97,63639.43,63689.99,55.30366
2024-05-04 14:05:00,63689.99,63690.0,63626.54,63654.59,44.07927
2024-05-04 14:10:00,63654.6,63662.23,63620.0,63620.5,22.84589
2024-05-04 14:15:00,63620.5,63694.59,63550.28,63672.91,56.068
2024-05-04 14:20:00,63672.91,63739.0,63672.91,63686.99,44.92442
2024-05-04 14:25:00,63686.99,63726.89,63686.99,63726.65,28.03638
2024-05-04 14:30:00,63726.64,63790.57,63704.71,63748.78,56.99915
2024-05-04 14:35:00,63748.79,63796.55,63739.63,63787.1,45.42343
2024-05-04 14:40:00,63787.1,63795.03,63720.05,63740.09,29.20438
2024-05-04 14:45:00,63740.09,63956.0,63685.48,63885.83,160.50955
2024-05-04 14:50:00,63885.82,63899.62,63774.31,63807.92,63.27657
2024-05-04 14:55:00,63807.92,63880.51,63807.91,63819.09,46.88213
2024-05-04 15:00:00,63819.08,63846.0,63732.03,63748.13,54.44378
2024-05-04 15:05:00,63748.13,63748.13,63690.48,63725.32,49.81537
2024-05-04 15:10:00,63725.31,63741.91,63611.84,63629.34,50.37087
2024-05-04 15:15:00,63629.35,63661.74,63581.06,63661.74,66.0822
2024-05-04 15:20:00,63661.74,63682.99,63648.68,63678.25,33.4066
2024-05-04 15:25:00,63678.25,63686.4,63612.94,63613.29,34.12391
2024-05-04 15:30:00,63613.3,63638.38,63439.56,63440.0,191.06356
2024-05-04 15:35:00,63440.0,63557.79,63439.99,63523.65,232.93309
2024-05-04 15:40:00,63523.65,63578.4,63506.79,63570.86,42.19206
2024-05-04 15:45:00,63570.87,63593.72,63507.96,63593.72,43.257
2024-05-04 15:50:00,63593.72,63633.0,63589.92,63589.93,29.57561
2024-05-04 15:55:00,63589.93,63635.42,63581.06,63609.17,28.98779
2024-05-04 16:00:00,63609.17,63650.0,63526.92,63538.13,54.48205
2024-05-04 16:05:00,63538.13,63538.14,63386.01,63506.63,93.66547
2024-05-04 16:10:00,63506.62,63536.7,63437.89,63505.97,134.81563
2024-05-04 16:15:00,63505.96,63600.0,63503.69,63581.06,29.80323
2024-05-04 16:20:00,63581.05,63609.69,63521.01,63536.73,66.60122
2024-05-04 16:25:00,63536.74,63540.26,63455.73,63531.91,63.34893
2024-05-04 16:30:00,63531.91,63650.0,63523.77,63569.35,65.09752
2024-05-04 16:35:00,63569.35,63696.01,63450.0,63683.84,148.9319
2024-05-04 16:40:00,63683.84,63731.86,63600.01,63640.01,81.47101
2024-05-04 16:45:00,63640.0,63720.0,63640.0,63720.0,37.21251
2024-05-04 16:50:00,63720.0,63720.0,63653.01,63655.6,35.02925
2024-05-04 16:55:00,63655.6,63685.38,63613.2,63683.01,32.72705
2024-05-04 17:00:00,63683.02,63696.67,63620.44,63677.01,38.88027
2024-05-04 17:05:00,63677.02,63692.4,63605.46,63605.48,31.24735
2024-05-04 17:10:00,63605.47,63774.6,63501.21,63659.99,297.55876
2024-05-04 17:15:00,63660.0,63660.0,63533.7,63546.75,29.53034
2024-05-04 17:20:00,63546.76,63617.41,63476.74,63476.74,49.42701
2024-05-04 17:25:00,63476.75,63572.34,63333.33,63492.91,245.99638
2024-05-04 17:30:00,63492.92,63568.24,63455.41,63554.89,95.61094
2024-05-04 17:35:00,63554.89,63554.89,63479.63,63541.13,54.00384
2024-05-04 17:40:00,63541.13,63583.58,63525.28,63525.28,54.60747
2024-05-04 17:45:00,63525.28,63575.42,63484.92,63533.42,81.58219
2024-05-04 17:50:00,63533.41,63550.54,63300.58,63427.15,485.54345
2024-05-04 17:55:00,63427.15,63488.72,63420.46,63463.3,34.73571
2024-05-04 18:00:00,63463.3,63465.52,63388.12,63460.04,90.96498
2024-05-04 18:05:00,63460.05,63481.29,63418.0,63423.67,39.47206
2024-05-04 18:10:00,63423.66,63482.33,63423.66,63479.89,24.98725
2024-05-04 18:15:00,63479.9,63550.29,63445.64,63538.26,47.64323
2024-05-04 18:20:00,63538.27,63586.08,63538.26,63579.96,42.61252
2024-05-04 18:25:00,63579.96,63579.97,63554.53,63563.8,16.96584
2024-05-04 18:30:00,63563.8,63660.03,63563.79,63637.71,72.10342
2024-05-04 18:35:00,63637.7,63698.84,63621.4,63655.83,71.01739
2024-05-04 18:40:00,63655.83,63744.69,63655.82,63744.69,61.23091
2024-05-04 18:45:00,63744.68,63744.69,63653.1,63672.09,39.42621
2024-05-04 18:50:00,63672.08,63673.42,63637.34,63669.14,26.41988
2024-05-04 18:55:00,63669.14,63678.72,63626.54,63643.63,22.70172
2024-05-04 19:00:00,63643.63,63682.06,63589.43,63632.99,49.00259
2024-05-04 19:05:00,63633.0,63638.79,63606.38,63613.55,31.69942
2024-05-04 19:10:00,63613.55,63614.98,63581.06,63581.06,22.83918
2024-05-04 19:15:00,63581.07,63634.01,63540.41,63611.6,43.42276
2024-05-04 19:20:00,63611.6,63631.58,63596.22,63631.58,18.45416
2024-05-04 19:25:00,63631.58,63673.42,63621.35,63631.9,29.88462
2024-05-04 19:30:00,63631.9,63662.21,63606.63,63651.48,26.24106
2024-05-04 19:35:00,63651.47,63671.66,63628.85,63632.92,27.46318
2024-05-04 19:40:00,63632.92,63687.96,63618.91,63687.95,26.22784
2024-05-04 19:45:00,63687.95,63777.12,63680.08,63757.47,59.63207
2024-05-04 19:50:00,63757.47,64019.83,63757.46,64013.34,342.47202
2024-05-04 19:55:00,64013.33,64015.81,63921.17,63921.18,43.17895
2024-05-04 20:00:00,63921.17,64062.25,63921.17,64009.03,75.46327
2024-05-04 20:05:00,64009.04,64166.66,64000.0,64140.25,119.16848
2024-05-04 20:10:00,64140.25,64240.76,64111.79,64126.21,81.52345
2024-05-04 20:15:00,64126.21,64131.61,64012.03,64058.14,46.50305
2024-05-04 20:20:00,64058.13,64092.34,64019.19,64050.01,40.3308
2024-05-04 20:25:00,64050.01,64063.83,64036.55,64040.28,29.61316
2024-05-04 20:30:00,64040.28,64040.29,63953.77,63972.44,52.04212
2024-05-04 20:35:00,63972.43,63981.75,63853.74,63877.12,56.1927
2024-05-04 20:40:00,63877.11,63959.04,63858.11,63920.66,28.82397
2024-05-04 20:45:00,63920.65,63967.75,63899.61,63899.62,23.02806
2024-05-04 20:50:00,63899.62,63899.62,63858.11,63876.37,46.24427
2024-05-04 20:55:00,63876.37,63915.29,63867.73,63867.73,15.07604
2024-05-04 21:00:00,63867.74,63905.04,63844.05,63878.58,48.49656
2024-05-04 21:05:00,63878.58,63967.79,63843.88,63957.71,34.29208
2024-05-04 21:10:00,63957.72,64020.39,63947.75,63989.94,35.94655
2024-05-04 21:15:00,63989.95,64073.14,63979.62,64073.14,35.95838
2024-05-04 21:20:00,64073.13,64073.14,64022.0,64054.25,22.31382
2024-05-04 21:25:00,64054.26,64112.51,64028.25,64028.26,27.14345
2024-05-04 21:30:00,64028.26,64039.63,63550.0,63550.01,130.40408
2024-05-04 21:35:00,63550.01,63713.84,63550.0,63642.63,141.29713
2024-05-04 21:40:00,63642.63,63739.19,63590.99,63704.19,42.91265
2024-05-04 21:45:00,63704.19,63736.4,63704.19,63735.97,24.02067
2024-05-04 21:50:00,63735.98,63983.76,63735.97,63859.21,76.89541
2024-05-04 21:55:00,63859.2,63931.02,63844.88,63903.91,58.21748
2024-05-04 22:00:00,63903.91,63945.92,63755.31,63796.54,105.13734
2024-05-04 22:05:00,63796.54,63822.0,63735.97,63740.0,59.98301
2024-05-04 22:10:00,63739.99,63781.46,63689.38,63740.26,37.38505
2024-05-04 22:15:00,63740.25,63754.0,63662.8,63685.99,29.82672
2024-05-04 22:20:00,63686.0,63751.11,63685.99,63745.99,22.97189
2024-05-04 22:25:00,63746.0,63765.77,63728.0,63728.02,17.01652
2024-05-04 22:30:00,63728.02,63807.18,63728.01,63787.63,36.37115
2024-05-04 22:35:00,63787.64,63787.64,63725.23,63729.99,18.6579
2024-05-04 22:40:00,63730.0,63730.0,63679.05,63711.23,19.9733
2024-05-04 22:45:00,63711.22,63718.0,63661.7,63661.71,18.34157
2024-05-04 22:50:00,63661.7,63720.7,63569.99,63580.0,154.15433
2024-05-04 22:55:00,63579.99,63633.5,63576.75,63613.92,116.41321
2024-05-04 23:00:00,63613.92,63703.47,63606.62,63702.01,46.46627
2024-05-04 23:05:00,63702.01,63764.41,63692.94,63754.0,26.42351
2024-05-04 23:10:00,63754.01,63807.26,63733.29,63805.32,36.95879
2024-05-04 23:15:00,63805.31,63917.27,63801.0,63898.43,104.20957
2024-05-04 23:20:00,63898.42,63926.17,63860.0,63923.97,29.90153
2024-05-04 23:25:00,63923.97,63927.72,63876.0,63907.83,23.17476
2024-05-04 23:30:00,63907.84,63930.0,63858.11,63875.99,26.54328
2024-05-04 23:35:00,63875.99,63924.15,63868.08,63898.44,25.99044
2024-05-04 23:40:00,63898.44,63932.61,63858.21,63862.63,24.94369
2024-05-04 23:45:00,63862.62,63875.97,63819.94,63854.18,48.51932
2024-05-04 23:50:00,63854.17,63880.0,63796.54,63879.99,20.67228
2024-05-04 23:55:00,63879.99,63896.76,63868.37,63892.04,38.04499
2024-05-05 00:00:00,63892.03,64066.0,63892.03,63974.57,148.51754
2024-05-05 00:05:00,63974.57,64011.76,63933.05,63992.79,59.63036
2024-05-05 00:10:00,63992.78,64029.08,63992.78,64025.55,48.84964
2024-05-05 00:15:00,64025.56,64038.36,63946.05,64019.13,68.97564
2024-05-05 00:20:00,64019.12,64020.54,63970.0,63970.01,48.748
2024-05-05 00:25:00,63970.0,64188.0,63911.08,63914.33,240.60704
2024-05-05 00:30:00,63914.33,63924.78,63733.4,63745.91,96.4668
2024-05-05 00:35:00,63745.92,63796.55,63619.89,63741.09,153.41292
2024-05-05 00:40:00,63741.08,63741.09,63446.04,63468.01,210.58553
2024-05-05 00:45:00,63468.0,63541.48,63468.0,63534.71,60.94826
2024-05-05 00:50:00,63534.7,63534.72,63418.53,63442.16,91.16677
2024-05-05 00:55:00,63442.16,63514.0,63442.15,63509.52,32.7405
2024-05-05 01:00:00,63509.52,63536.07,63466.03,63534.74,38.59175
2024-05-05 01:05:00,63534.74,63580.0,63531.98,63579.99,41.33464
2024-05-05 01:10:00,63579.99,63580.0,63303.36,63361.34,170.72476
2024-05-05 01:15:00,63361.34,63392.24,63104.49,63352.01,296.53172
2024-05-05 01:20:00,63352.01,63364.0,63197.84,63303.99,74.73165
2024-05-05 01:25:00,63304.0,63318.87,63145.54,63262.12,123.23689
2024-05-05 01:30:00,63262.12,63325.06,63060.72,63071.99,129.29304
2024-05-05 01:35:00,63071.99,63119.33,62822.17,63018.59,457.73487
2024-05-05 01:40:00,63018.59,63078.64,62937.06,63049.99,94.82775
2024-05-05 01:45:00,63049.99,63227.59,63009.0,63199.18,121.92582
2024-05-05 01:50:00,63199.19,63262.12,63175.5,63262.0,77.64307
2024-05-05 01:55:00,63262.0,63330.8,63258.0,63315.47,67.8357
2024-05-05 02:00:00,63315.47,63391.5,63278.0,63358.01,63.49452
2024-05-05 02:05:00,63358.01,63358.01,63237.69,63237.7,36.27211
2024-05-05 02:10:00,63237.7,63379.87,63211.66,63321.97,45.21721
2024-05-05 02:15:00,63321.98,63343.75,63290.0,63298.01,38.56129
2024-05-05 02:20:00,63298.0,63409.33,63298.0,63385.94,59.79005
2024-05-05 02:25:00,63385.94,63423.13,63359.24,63359.24,21.52606
2024-05-05 02:30:00,63359.25,63432.4,63316.14,63316.14,52.89489
2024-05-05 02:35:00,63316.15,63350.0,63299.92,63336.75,19.5806
2024-05-05 02:40:00,63336.75,63356.85,63316.0,63316.01,16.59539
2024-05-05 02:45:00,63316.0,63365.58,63269.96,63269.96,21.00588
2024-05-05 02:50:00,63269.96,63280.0,63141.97,63190.0,82.04706
2024-05-05 02:55:00,63190.01,63216.0,63140.0,63141.71,109.26059
2024-05-05 03:00:00,63141.7,63271.81,63141.7,63253.99,49.46771
2024-05-05 03:05:00,63253.99,63254.0,63194.87,63194.87,37.14964
2024-05-05 03:10:00,63194.88,63242.46,63140.0,63232.0,38.53559
2024-05-05 03:15:00,63232.0,63257.2,63190.0,63205.78,24.79363
2024-05-05 03:20:00,63205.79,63221.68,63174.0,63219.15,18.34625
2024-05-05 03:25:00,63219.15,63219.16,63043.47,63068.6,58.59838
2024-05-05 03:30:00,63068.59,63068.6,63001.0,63038.2,79.83412
2024-05-05 03:35:00,63038.2,63150.11,63031.02,63058.0,33.97671
2024-05-05 03:40:00,63058.0,63150.11,63032.0,63113.68,44.8758
2024-05-05 03:45:00,63113.68,63225.97,63110.44,63168.0,67.05085
2024-05-05 03:50:00,63168.0,63216.0,63166.0,63188.5,20.46323
2024-05-05 03:55:00,63188.51,63247.99,63176.0,63235.93,29.41296
2024-05-05 04:00:00,63235.93,63354.98,63234.24,63302.0,56.10045
2024-05-05 04:05:00,63302.0,63325.34,63268.97,63276.06,29.87469
2024-05-05 04:10:00,63276.07,63327.48,63270.0,63289.5,33.8585
2024-05-05 04:15:00,63289.5,63334.86,63289.5,63324.01,15.97017
2024-05-05 04:20:00,63324.02,63405.87,63312.2,63402.01,20.19382
2024-05-05 04:25:00,63402.01,63414.1,63382.0,63404.01,35.67845
2024-05-05 04:30:00,63404.01,63426.01,63332.0,63372.0,48.74739
2024-05-05 04:35:00,63372.0,63380.53,63348.16,63366.06,12.33448
2024-05-05 04:40:00,63366.05,63366.06,63321.97,63358.0,36.10748
2024-05-05 04:45:00,63358.01,63358.01,63284.68,63312.01,32.96143
2024-05-05 04:50:00,63312.02,63371.33,63312.01,63359.99,24.96644
2024-05-05 04:55:00,63360.0,63370.0,63329.25,63345.2,22.54929
2024-05-05 05:00:00,63345.19,63388.84,63345.19,63379.65,17.94532
2024-05-05 05:05:00,63379.65,63470.0,63363.42,63457.98,36.47752
2024-05-05 05:10:00,63457.98,63493.55,63432.0,63460.55,22.80197
2024-05-05 05:15:00,63460.55,63460.55,63396.32,63414.01,25.35941
2024-05-05 05:20:00,63414.01,63414.01,63293.28,63336.01,43.77307
2024-05-05 05:25:00,63336.0,63365.59,63336.0,63357.5,13.1757
2024-05-05 05:30:00,63357.5,63378.0,63316.07,63327.99,19.63835
2024-05-05 05:35:00,63328.0,63328.0,63225.6,63241.46,67.94231
2024-05-05 05:40:00,63241.46,63342.75,63241.45,63316.0,52.87116
2024-05-05 05:45:00,63316.01,63328.32,63280.98,63282.0,21.34015
2024-05-05 05:50:00,63282.0,63320.0,63119.32,63155.09,60.64862
2024-05-05 05:55:00,63155.1,63211.67,63152.85,63211.67,19.56834
2024-05-05 06:00:00,63211.66,63232.6,63179.99,63180.0,35.8413
2024-05-05 06:05:00,63179.99,63287.23,63162.0,63262.12,31.41099
2024-05-05 06:10:00,63262.13,63329.12,63240.0,63329.11,26.84018
2024-05-05 06:15:00,63329.11,63408.13,63329.11,63390.01,43.86121
2024-05-05 06:20:00,63390.01,63440.59,63374.0,63409.3,42.59527
2024-05-05 06:25:00,63409.3,63422.84,63374.04,63374.04,26.71426
2024-05-05 06:30:00,63374.04,63414.0,63358.43,63362.17,33.94955
2024-05-05 06:35:00,63362.16,63430.0,63362.16,63430.0,25.75297
2024-05-05 06:40:00,63429.99,63457.51,63409.54,63444.21,22.56803
2024-05-05 06:45:00,63444.2,63444.21,63360.86,63384.46,24.96521
2024-05-05 06:50:00,63384.46,63390.0,63360.0,63379.56,12.62014
2024-05-05 06:55:00,63379.56,63386.0,63365.44,63382.84,23.98322
2024-05-05 07:00:00,63382.83,63410.54,63362.0,63372.73,19.32076
2024-05-05 07:05:00,63372.74,63466.0,63363.52,63466.0,29.87683
2024-05-05 07:10:00,63465.99,63545.72,63463.64,63491.26,67.88679
2024-05-05 07:15:00,63491.26,63722.62,63491.25,63686.71,154.30751
2024-05-05 07:20:00,63686.72,63717.9,63603.99,63706.23,95.2798
2024-05-05 07:25:00,63706.23,63718.0,63650.0,63653.23,59.44708
2024-05-05 07:30:00,63653.23,63701.08,63642.63,63660.01,58.87149
2024-05-05 07:35:00,63660.01,63882.0,63646.18,63840.03,151.49552
2024-05-05 07:40:00,63840.02,63921.6,63818.0,63916.0,72.95799
2024-05-05 07:45:00,63916.0,63959.0,63796.53,63796.53,80.55646
2024-05-05 07:50:00,63796.54,63800.0,63742.78,63749.87,31.99842
2024-05-05 07:55:00,63749.88,63798.83,63736.86,63736.87,40.97118
2024-05-05 08:00:00,63736.86,63767.64,63668.71,63681.99,71.88777
2024-05-05 08:05:00,63681.99,63712.03,63660.0,63682.0,29.69052
2024-05-05 08:10:00,63682.0,63693.74,63656.02,63677.98,37.61714
2024-05-05 08:15:00,63677.97,63780.0,63667.99,63761.86,39.40457
2024-05-05 08:20:00,63761.86,63887.14,63761.86,63810.0,83.38892
2024-05-05 08:25:00,63810.01,63858.12,63786.81,63810.15,82.60312
2024-05-05 08:30:00,63810.14,63834.0,63656.02,63661.67,86.80691
2024-05-05 08:35:00,63661.66,63685.0,63539.53,63653.11,100.70207
2024-05-05 08:40:00,63653.1,63855.35,63653.1,63804.0,98.2762
2024-05-05 08:45:00,63804.0,63932.57,63753.24,63861.99,162.13421
2024-05-05 08:50:00,63861.99,63884.52,63686.65,63686.65,141.21134
2024-05-05 08:55:00,63686.66,63742.0,63656.64,63668.0,67.50852
2024-05-05 09:00:00,63668.0,63684.0,63586.9,63598.0,71.73313
2024-05-05 09:05:00,63597.99,63636.0,63550.28,63635.99,45.82017
2024-05-05 09:10:00,63636.0,63708.34,63620.06,63620.07,48.32705
2024-05-05 09:15:00,63620.07,63673.42,63607.34,63644.0,30.04382
2024-05-05 09:20:00,63644.0,63715.05,63614.8,63655.98,48.89901
2024-05-05 09:25:00,63655.98,63691.96,63655.98,63674.12,28.45322
2024-05-05 09:30:00,63674.12,63704.2,63611.85,63686.0,41.81948
2024-05-05 09:35:00,63686.0,63698.0,63663.66,63678.68,19.42014
2024-05-05 09:40:00,63678.68,63700.4,63661.2,63661.2,30.66957
2024-05-05 09:45:00,63661.2,63662.75,63593.32,63651.96,22.03742
2024-05-05 09:50:00,63651.97,63743.43,63651.96,63699.27,41.50015
2024-05-05 09:55:00,63699.28,63712.0,63673.41,63673.42,12.15293
2024-05-05 10:00:00,63673.41,63690.0,63638.92,63680.0,20.77836
2024-05-05 10:05:00,63680.0,63780.0,63679.98,63770.36,38.32459
2024-05-05 10:10:00,63770.36,63844.33,63756.9,63764.0,64.59315
2024-05-05 10:15:00,63763.99,63768.0,63660.0,63687.88,41.58333
2024-05-05 10:20:00,63687.88,63742.01,63687.88,63718.0,26.43361
2024-05-05 10:25:00,63718.01,63718.01,63645.65,63652.58,25.71177
2024-05-05 10:30:00,63652.58,63681.82,63608.87,63676.01,30.07435
2024-05-05 10:35:00,63676.01,63676.02,63611.84,63664.72,34.51073
2024-05-05 10:40:00,63664.73,63670.0,63624.0,63655.99,17.91052
2024-05-05 10:45:00,63656.0,63666.0,63602.67,63602.67,47.14933
2024-05-05 10:50:00,63602.67,63698.36,63555.39,63694.75,45.65289
2024-05-05 10:55:00,63694.76,63732.13,63673.41,63688.48,28.61224
2024-05-05 11:00:00,63688.49,63750.0,63676.0,63723.91,53.94885
2024-05-05 11:05:00,63723.92,63733.63,63641.62,63675.52,32.91577
2024-05-05 11:10:00,63675.52,63706.22,63609.48,63706.22,51.59973
2024-05-05 11:15:00,63706.21,63750.0,63682.51,63749.99,35.77597
2024-05-05 11:20:00,63750.0,63793.99,63740.03,63762.64,34.81639
2024-05-05 11:25:00,63762.64,63897.9,63762.64,63834.0,106.41982
2024-05-05 11:30:00,63834.0,63885.77,63774.01,63870.42,49.77873
2024-05-05 11:35:00,63870.42,63887.5,63856.46,63882.93,29.93493
2024-05-05 11:40:00,63882.93,63900.0,63854.0,63897.25,43.33193
2024-05-05 11:45:00,63897.26,63937.17,63841.56,63848.0,74.08158
2024-05-05 11:50:00,63848.0,63872.87,63780.0,63853.01,26.9348
2024-05-05 11:55:00,63853.01,63859.63,63806.77,63859.63,28.35498
2024-05-05 12:00:00,63859.63,63884.0,63802.0,63804.01,35.3262
2024-05-05 12:05:00,63804.01,63804.01,63750.0,63797.38,63.63132
2024-05-05 12:10:00,63797.38,63800.0,63744.26,63747.13,41.0064
2024-05-05 12:15:00,63747.12,63747.13,63673.85,63698.0,35.97861
2024-05-05 12:20:00,63698.0,63737.89,63683.3,63737.88,31.44146
2024-05-05 12:25:00,63737.89,63780.0,63737.88,63740.01,19.3102
2024-05-05 12:30:00,63740.01,63741.93,63633.01,63696.28,42.93439
2024-05-05 12:35:00,63696.28,63747.99,63672.31,63732.01,65.77832
2024-05-05 12:40:00,63732.01,63763.22,63712.86,63747.99,29.07914
2024-05-05 12:45:00,63748.0,63750.0,63668.97,63684.0,98.98786
2024-05-05 12:50:00,63683.99,63725.72,63673.41,63706.0,56.82691
2024-05-05 12:55:00,63705.99,63725.33,63682.33,63725.33,13.74837
2024-05-05 13:00:00,63725.32,63732.1,63671.21,63683.0,31.7611
2024-05-05 13:05:00,63682.99,63709.5,63618.91,63708.0,32.89945
2024-05-05 13:10:00,63708.01,63779.08,63681.75,63779.08,56.59915
2024-05-05 13:15:00,63779.08,64118.0,63779.07,64098.01,491.99941
2024-05-05 13:20:00,64098.0,64279.99,64032.05,64214.01,437.77955
2024-05-05 13:25:00,64214.01,64225.88,63972.0,63999.68,191.83663
2024-05-05 13:30:00,63999.67,64057.8,63751.94,63892.0,140.81151
2024-05-05 13:35:00,63892.01,63981.25,63860.73,63981.25,61.67287
2024-05-05 13:40:00,63981.25,64194.0,63962.33,64193.99,126.42348
2024-05-05 13:45:00,64194.0,64194.0,64085.99,64131.02,87.6743
2024-05-05 13:50:00,64131.01,64160.01,64068.28,64159.99,52.38468
2024-05-05 13:55:00,64160.0,64162.78,64045.69,64119.92,74.9461
2024-05-05 14:00:00,64119.91,64122.0,63858.11,63858.11,90.89502
2024-05-05 14:05:00,63858.12,63912.0,63811.17,63811.17,74.48995
2024-05-05 14:10:00,63811.17,63875.54,63811.17,63858.0,37.63243
2024-05-05 14:15:00,63857.99,63932.27,63841.39,63858.12,36.40696
2024-05-05 14:20:00,63858.11,63870.52,63844.23,63867.31,18.14513
2024-05-05 14:25:00,63867.31,63919.68,63858.42,63868.08,30.17958
2024-05-05 14:30:00,63868.07,63901.65,63796.63,63798.34,36.88076
2024-05-05 14:35:00,63798.34,63926.96,63751.02,63915.82,93.15136
2024-05-05 14:40:00,63915.83,64057.99,63892.36,64020.01,107.43945
2024-05-05 14:45:00,64020.01,64125.38,64010.61,64015.99,82.13791
2024-05-05 14:50:00,64015.99,64042.82,63964.0,63984.01,50.10842
2024-05-05 14:55:00,63984.01,64148.08,63977.12,64100.0,81.73087
2024-05-05 15:00:00,64100.01,64115.36,63989.23,64058.74,76.86451
2024-05-05 15:05:00,64058.74,64087.84,64006.0,64087.83,40.45527
2024-05-05 15:10:00,64087.84,64170.0,64057.27,64127.98,90.03639
2024-05-05 15:15:00,64127.97,64189.52,64076.43,64076.57,64.64672
2024-05-05 15:20:00,64076.58,64363.59,64066.44,64340.0,222.02694
2024-05-05 15:25:00,64340.01,64459.02,64322.49,64348.0,302.90073
2024-05-05 15:30:00,64347.99,64384.65,64119.23,64209.2,276.30616
2024-05-05 15:35:00,64209.2,64358.3,64130.67,64320.01,174.14873
2024-05-05 15:40:00,64320.0,64500.0,64258.29,64399.16,589.8591
2024-05-05 15:45:00,64399.16,64490.0,64367.45,64458.0,115.04423
2024-05-05 15:50:00,64458.01,64515.59,64312.56,64394.0,119.64882
2024-05-05 15:55:00,64394.0,64646.0,64335.05,64428.65,273.86507
2024-05-05 16:00:00,64428.64,64518.38,64356.78,64356.79,96.37386
2024-05-05 16:05:00,64356.79,64362.0,64244.84,64294.0,135.58806
2024-05-05 16:10:00,64294.01,64530.97,64294.0,64530.96,123.05771
2024-05-05 16:15:00,64530.96,64554.68,64340.07,64434.35,135.39489
2024-05-05 16:20:00,64434.35,64460.91,64338.46,64338.46,92.30209
2024-05-05 16:25:00,64338.47,64376.48,64260.35,64262.0,97.20967
2024-05-05 16:30:00,64261.99,64330.44,64196.73,64274.1,68.14942
2024-05-05 16:35:00,64274.1,64348.13,64274.09,64326.0,43.70776
2024-05-05 16:40:00,64326.0,64382.1,64312.01,64323.01,28.47666
2024-05-05 16:45:00,64323.02,64350.65,64276.25,64332.57,54.1912
2024-05-05 16:50:00,64332.58,64339.1,64250.29,64251.63,42.12742
2024-05-05 16:55:00,64251.63,64322.58,64225.0,64321.99,55.51534
2024-05-05 17:00:00,64322.0,64330.52,64253.73,64253.73,30.6698
2024-05-05 17:05:00,64253.74,64308.0,64190.0,64289.4,45.80298
2024-05-05 17:10:00,64289.4,64291.12,64240.12,64250.02,30.41414
2024-05-05 17:15:00,64250.01,64293.7,64250.01,64287.99,30.82386
2024-05-05 17:20:00,64288.0,64476.0,64287.99,64439.99,75.63814
2024-05-05 17:25:00,64440.0,64444.9,64363.28,64368.01,52.73031
2024-05-05 17:30:00,64368.0,64442.02,64300.0,64353.26,80.57885
2024-05-05 17:35:00,64353.26,64384.65,64268.42,64280.0,65.32717
2024-05-05 17:40:00,64280.0,64296.67,64260.0,64278.0,29.52094
2024-05-05 17:45:00,64278.0,64297.01,64240.0,64245.92,47.53307
2024-05-05 17:50:00,64245.91,64278.0,64219.34,64219.34,112.47947
2024-05-05 17:55:00,64219.35,64251.53,64155.77,64218.0,54.82162
2024-05-05 18:00:00,64218.0,64249.42,64176.42,64176.42,32.8379
2024-05-05 18:05:00,64176.43,64189.06,64111.0,64120.02,67.12696
2024-05-05 18:10:00,64120.02,64129.79,64007.2,64050.42,151.07289
2024-05-05 18:15:00,64050.42,64136.16,64015.79,64136.07,74.73577
2024-05-05 18:20:00,64136.08,64136.08,64042.01,64071.2,60.52322
2024-05-05 18:25:00,64071.19,64071.2,64000.0,64000.01,63.84022
2024-05-05 18:30:00,64000.01,64022.0,63869.44,63914.0,197.6472
2024-05-05 18:35:00,63913.99,64008.65,63811.01,63990.82,86.53506
2024-05-05 18:40:00,63990.83,64009.44,63934.43,63959.02,41.17674
2024-05-05 18:45:00,63959.01,64022.3,63941.29,63970.0,42.28951
2024-05-05 18:50:00,63970.0,63984.0,63940.4,63948.0,46.10021
2024-05-05 18:55:00,63948.01,63952.71,63896.47,63932.6,47.33001
2024-05-05 19:00:00,63932.61,63952.64,63920.0,63940.0,33.1065
2024-05-05 19:05:00,63939.99,63985.71,63865.99,63983.0,37.11833
2024-05-05 19:10:00,63983.0,63983.01,63940.0,63955.08,30.30619
2024-05-05 19:15:00,63955.08,63999.99,63934.01,63999.98,20.89255
2024-05-05 19:20:00,63999.98,63999.99,63940.0,63940.0,16.31198
2024-05-05 19:25:00,63940.01,63966.99,63940.0,63954.19,17.86317
2024-05-05 19:30:00,63954.19,63970.7,63954.18,63957.71,26.08964
2024-05-05 19:35:00,63957.72,63960.0,63895.45,63922.01,34.40636
2024-05-05 19:40:00,63922.01,63934.59,63862.01,63867.85,25.35872
2024-05-05 19:45:00,63867.85,63913.72,63865.37,63876.89,25.74788
2024-05-05 19:50:00,63876.9,63921.06,63876.89,63921.05,27.2825
2024-05-05 19:55:00,63921.05,63921.06,63843.99,63879.94,37.77788
2024-05-05 20:00:00,63879.94,63879.95,63828.07,63828.09,33.16717
2024-05-05 20:05:00,63828.09,63859.67,63780.0,63852.0,46.9753
2024-05-05 20:10:00,63852.0,63862.0,63828.0,63842.01,23.33447
2024-05-05 20:15:00,63842.0,63844.0,63709.09,63738.69,80.62722
2024-05-05 20:20:00,63738.69,63754.37,63701.07,63715.82,34.2896
2024-05-05 20:25:00,63715.83,63720.0,63636.95,63652.6,73.80547
2024-05-05 20:30:00,63652.59,63685.47,63582.08,63685.46,103.03933
2024-05-05 20:35:00,63685.46,63709.54,63676.0,63709.54,22.74696
2024-05-05 20:40:00,63709.53,63724.0,63666.0,63689.98,24.58692
2024-05-05 20:45:00,63689.98,63765.77,63678.68,63735.99,23.60886
2024-05-05 20:50:00,63736.0,63736.0,63689.69,63728.0,18.85715
2024-05-05 20:55:00,63728.0,63758.0,63727.99,63738.78,14.11217
2024-05-05 21:00:00,63738.77,63738.78,63661.26,63676.0,31.80245
2024-05-05 21:05:00,63676.0,63732.15,63675.99,63680.1,21.08337
2024-05-05 21:10:00,63680.11,63686.0,63600.0,63679.99,38.34204
2024-05-05 21:15:00,63679.99,63714.0,63661.66,63713.99,51.26043
2024-05-05 21:20:00,63713.98,63774.73,63672.0,63769.82,47.47278
2024-05-05 21:25:00,63769.82,63827.34,63743.57,63743.57,24.67396
2024-05-05 21:30:00,63743.58,63743.58,63711.09,63711.09,13.48655
2024-05-05 21:35:00,63711.09,63746.67,63711.09,63743.13,18.67615
2024-05-05 21:40:00,63743.14,63743.14,63720.0,63727.01,17.02351
2024-05-05 21:45:00,63727.0,63735.12,63680.83,63680.84,16.25813
2024-05-05 21:50:00,63680.83,63786.34,63680.82,63786.33,30.08292
2024-05-05 21:55:00,63786.34,63868.41,63764.0,63868.41,33.04192
2024-05-05 22:00:00,63868.41,63879.81,63759.99,63779.04,36.14558
2024-05-05 22:05:00,63779.03,63820.0,63765.76,63776.0,37.1182
2024-05-05 22:10:00,63776.0,63780.0,63739.03,63760.0,29.39281
2024-05-05 22:15:00,63760.0,63786.77,63736.0,63772.01,17.02984
2024-05-05 22:20:00,63772.0,63779.99,63751.48,63763.49,16.40794
2024-05-05 22:25:00,63763.49,63763.5,63740.0,63740.0,6.25582
2024-05-05 22:30:00,63740.01,63743.45,63706.06,63740.01,26.96721
2024-05-05 22:35:00,63740.01,63758.71,63704.32,63757.68,31.64207
2024-05-05 22:40:00,63757.67,63816.63,63757.67,63799.99,27.229
2024-05-05 22:45:00,63800.0,63820.0,63767.01,63803.33,16.32937
2024-05-05 22:50:00,63803.33,63852.36,63796.22,63852.32,26.95354
2024-05-05 22:55:00,63852.32,63891.22,63846.0,63860.01,18.72318
2024-05-05 23:00:00,63860.01,63950.0,63825.35,63845.11,54.05939
2024-05-05 23:05:00,63845.12,63974.4,63845.11,63965.44,51.4482
2024-05-05 23:10:00,63965.43,63970.0,63921.05,63956.4,26.62351
2024-05-05 23:15:00,63956.41,63990.0,63940.28,63961.38,46.09204
2024-05-05 23:20:00,63961.38,64145.72,63961.38,64091.0,107.99199
2024-05-05 23:25:00,64091.0,64227.51,64091.0,64188.0,143.45323
2024-05-05 23:30:00,64188.0,64192.0,64118.07,64143.63,63.58575
2024-05-05 23:35:00,64143.62,64211.3,64104.37,64104.37,49.59836
2024-05-05 23:40:00,64104.37,64136.08,64037.69,64039.99,30.49335
2024-05-05 23:45:00,64039.99,64057.4,63976.0,63994.92,37.95318
2024-05-05 23:50:00,63994.92,64073.93,63969.89,64038.35,43.51548
2024-05-05 23:55:00,64038.36,64068.0,63991.11,64012.0,21.5331
2024-05-06 00:00:00,64012.0,64105.0,64011.01,64088.0,72.53531
2024-05-06 00:05:00,64088.01,64130.0,64066.0,64130.0,34.04154
2024-05-06 00:10:00,64129.99,64132.84,64084.0,64091.34,22.54839
2024-05-06 00:15:00,64091.33,64173.44,64068.0,64162.0,61.20721
2024-05-06 00:20:00,64162.0,64346.24,64152.2,64249.41,97.1532
2024-05-06 00:25:00,64249.41,64249.42,64168.16,64183.36,39.5469
2024-05-06 00:30:00,64183.36,64212.52,64183.35,64208.96,46.14121
2024-05-06 00:35:00,64208.96,64258.3,64194.0,64229.94,41.20483
2024-05-06 00:40:00,64229.94,64229.94,64165.94,64216.24,32.77685
2024-05-06 00:45:00,64216.23,64216.24,64108.8,64169.54,37.45009
2024-05-06 00:50:00,64169.53,64228.85,64169.27,64228.85,25.83845
2024-05-06 00:55:00,64228.84,64229.23,64158.57,64218.02,49.75443
2024-05-06 01:00:00,64218.02,64300.81,64218.01,64260.08,65.5687
2024-05-06 01:05:00,64260.35,64412.08,64260.08,64376.0,97.30991
2024-05-06 01:10:00,64375.99,64379.76,64302.61,64344.9,66.54045
2024-05-06 01:15:00,64344.9,64437.04,64333.26,64416.0,60.7283
2024-05-06 01:20:00,64416.01,64465.0,64264.71,64293.66,176.3982
2024-05-06 01:25:00,64293.66,64326.92,64243.9,64315.0,98.28639
2024-05-06 01:30:00,64315.01,64315.01,64135.16,64165.95,74.73124
2024-05-06 01:35:00,64165.94,64175.24,64058.82,64150.19,71.9378
2024-05-06 01:40:00,64150.19,64203.28,64144.0,64184.88,48.16791
2024-05-06 01:45:00,64184.88,64185.21,64114.1,64145.4,35.63092
2024-05-06 01:50:00,64145.4,64183.99,64107.47,64156.14,33.80753
2024-05-06 01:55:00,64156.14,64168.95,64136.27,64147.22,25.71147
2024-05-06 02:00:00,64147.22,64147.22,63996.77,64036.51,370.81253
2024-05-06 02:05:00,64036.51,64185.89,64029.92,64183.02,90.90869
2024-05-06 02:10:00,64183.02,64227.51,64153.18,64202.0,74.75551
2024-05-06 02:15:00,64202.01,64224.16,64142.8,64142.81,68.68745
2024-05-06 02:20:00,64142.8,64193.22,64133.33,64133.34,72.39936
2024-05-06 02:25:00,64133.34,64181.98,64112.09,64163.3,69.18014
2024-05-06 02:30:00,64163.3,64163.31,64087.5,64124.83,57.75723
2024-05-06 02:35:00,64124.82,64124.83,64067.21,64094.0,53.66054
2024-05-06 02:40:00,64094.01,64139.0,64094.0,64098.58,43.68886
2024-05-06 02:45:00,64098.59,64106.0,64012.02,64034.09,59.62496
2024-05-06 02:50:00,64034.1,64034.1,63912.38,63935.31,71.88799
2024-05-06 02:55:00,63935.31,63935.31,63826.08,63826.09,66.51954
2024-05-06 03:00:00,63826.08,63935.31,63810.95,63930.62,66.62466
2024-05-06 03:05:00,63930.62,63930.62,63874.44,63874.45,50.79185
2024-05-06 03:10:00,63874.44,63891.22,63708.58,63718.67,132.35123
2024-05-06 03:15:00,63718.67,63815.34,63718.67,63815.33,41.74624
2024-05-06 03:20:00,63815.33,63860.0,63796.0,63859.99,39.95349
2024-05-06 03:25:00,63860.0,63872.55,63818.37,63867.26,25.90865
2024-05-06 03:30:00,63867.26,63900.0,63852.4,63885.5,61.17394
2024-05-06 03:35:00,63885.5,63926.0,63885.5,63897.49,23.57617
2024-05-06 03:40:00,63897.5,63924.0,63848.0,63848.01,38.83648
2024-05-06 03:45:00,63848.0,63882.0,63814.73,63874.01,67.04312
2024-05-06 03:50:00,63874.0,63874.01,63796.54,63826.9,43.26893
2024-05-06 03:55:00,63826.9,63893.8,63826.89,63866.59,56.12882
2024-05-06 04:00:00,63866.59,63870.24,63811.0,63811.0,53.20219
2024-05-06 04:05:00,63811.01,63847.35,63768.72,63815.99,71.88194
2024-05-06 04:10:00,63815.99,63840.68,63796.54,63840.68,23.7693
2024-05-06 04:15:00,63840.68,64000.0,63824.88,63969.78,127.64799
2024-05-06 04:20:00,63969.77,64015.79,63928.0,63937.99,85.98577
2024-05-06 04:25:00,63937.99,63964.94,63888.89,63914.16,72.4366
2024-05-06 04:30:00,63914.16,63943.39,63858.51,63902.01,58.47147
2024-05-06 04:35:00,63902.01,63998.44,63902.0,63962.42,87.65486
2024-05-06 04:40:00,63962.42,64030.04,63959.69,64022.93,57.50213
2024-05-06 04:45:00,64022.93,64155.56,63982.01,64095.99,144.44605
2024-05-06 04:50:00,64095.99,64132.0,64064.59,64125.44,110.93021
2024-05-06 04:55:00,64125.44,64185.58,64111.11,64166.0,109.5679
2024-05-06 05:00:00,64166.01,64178.33,64118.91,64133.33,82.69401
2024-05-06 05:05:00,64133.33,64135.64,64073.92,64101.99,52.00083
2024-05-06 05:10:00,64101.99,64111.12,64036.0,64048.18,28.60572
2024-05-06 05:15:00,64048.18,64222.99,64041.54,64216.02,88.31104
2024-05-06 05:20:00,64216.02,64298.0,64204.0,64231.13,81.82278
2024-05-06 05:25:00,64231.12,64331.58,64202.35,64286.01,75.23016
2024-05-06 05:30:00,64286.0,64286.01,64193.1,64209.55,49.18979
2024-05-06 05:35:00,64209.56,64260.36,64188.88,64188.89,40.86986
2024-05-06 05:40:00,64188.89,64200.0,64133.33,64175.98,77.39685
2024-05-06 05:45:00,64175.98,64253.74,64128.0,64223.99,64.5944
2024-05-06 05:50:00,64223.99,64229.95,64137.91,64169.65,107.78729
2024-05-06 05:55:00,64169.64,64200.0,64154.11,64186.93,62.75512
2024-05-06 06:00:00,64186.93,64192.0,64144.63,64155.99,45.90366
2024-05-06 06:05:00,64156.0,64195.08,64137.92,64193.8,53.94733
2024-05-06 06:10:00,64193.8,64396.87,64193.8,64394.01,217.30692
2024-05-06 06:15:00,64394.02,64473.78,64308.44,64379.99,176.99055
2024-05-06 06:20:00,64380.0,64380.0,64305.84,64349.99,47.85375
2024-05-06 06:25:00,64349.99,64437.71,64349.99,64351.12,81.13232
2024-05-06 06:30:00,64351.13,64351.13,64261.04,64268.01,81.98764
2024-05-06 06:35:00,64268.01,64369.67,64268.01,64320.01,54.11045
2024-05-06 06:40:00,64320.0,64335.9,64263.73,64263.73,50.50786
2024-05-06 06:45:00,64263.74,64274.0,64208.2,64273.99,55.60719
2024-05-06 06:50:00,64274.0,64274.0,64198.21,64226.62,49.16995
2024-05-06 06:55:00,64226.63,64246.0,64226.0,64230.02,31.26929
2024-05-06 07:00:00,64230.02,64350.65,64210.86,64286.17,70.01622
2024-05-06 07:05:00,64286.18,64340.0,64281.28,64283.39,43.17999
2024-05-06 07:10:00,64283.39,64283.39,64150.0,64189.31,81.4423
2024-05-06 07:15:00,64189.32,64223.91,64156.79,64222.0,80.95488
2024-05-06 07:20:00,64221.99,64311.25,64219.07,64260.0,100.0743
2024-05-06 07:25:00,64260.01,64350.0,64208.0,64350.0,117.52311
2024-05-06 07:30:00,64349.99,64395.01,64289.41,64354.0,179.40883
2024-05-06 07:35:00,64353.99,64470.0,64326.55,64438.01,271.10564
2024-05-06 07:40:00,64438.0,64500.0,64410.0,64419.19,113.09259
2024-05-06 07:45:00,64419.2,64424.0,64344.7,64401.47,80.99215
2024-05-06 07:50:00,64401.46,64478.46,64390.0,64458.44,77.69916
2024-05-06 07:55:00,64458.43,64588.0,64454.43,64540.75,153.23641
2024-05-06 08:00:00,64540.75,64621.79,64504.55,64559.52,189.9972
2024-05-06 08:05:00,64559.53,64582.57,64514.6,64559.67,100.6028
2024-05-06 08:10:00,64559.66,64559.67,64479.81,64508.11,74.98609
2024-05-06 08:15:00,64508.12,64999.0,64462.48,64968.01,539.4468
2024-05-06 08:20:00,64968.01,65160.0,64923.95,65055.02,604.06041
2024-05-06 08:25:00,65055.02,65500.0,65055.01,65390.93,684.58626
2024-05-06 08:30:00,65390.94,65483.92,65324.82,65417.92,445.05508
2024-05-06 08:35:00,65417.92,65454.04,65257.82,65394.56,268.00945
2024-05-06 08:40:00,65394.57,65469.4,65362.32,65439.11,240.3133
2024-05-06 08:45:00,65439.11,65500.0,65358.0,65370.83,235.34326
2024-05-06 08:50:00,65370.83,65378.69,65075.45,65200.13,184.63609
2024-05-06 08:55:00,65200.13,65217.47,65064.16,65143.04,191.40093
2024-05-06 09:00:00,65143.04,65220.37,65143.03,65178.01,133.89348
2024-05-06 09:05:00,65178.01,65297.62,65178.0,65274.78,104.98553
2024-05-06 09:10:00,65274.79,65328.25,65205.92,65323.29,95.99333
2024-05-06 09:15:00,65323.28,65348.39,65206.0,65229.72,109.0512
2024-05-06 09:20:00,65229.72,65360.12,65152.64,65300.26,139.19111
2024-05-06 09:25:00,65300.25,65345.81,65226.4,65231.99,80.09543
2024-05-06 09:30:00,65232.0,65253.92,65150.59,65236.0,98.15728
2024-05-06 09:35:00,65236.0,65261.06,65206.0,65207.62,37.57416
2024-05-06 09:40:00,65207.62,65207.62,65111.1,65111.1,76.44089
2024-05-06 09:45:00,65111.1,65190.0,65111.1,65186.09,60.14506
2024-05-06 09:50:00,65186.08,65210.54,65140.0,65160.0,81.42918
2024-05-06 09:55:00,65160.0,65166.21,65130.0,65166.2,48.22887
2024-05-06 10:00:00,65166.2,65190.0,65116.67,65181.1,67.829
2024-05-06 10:05:00,65181.1,65245.02,65181.1,65214.41,53.98572
2024-05-06 10:10:00,65214.42,65275.0,65182.32,65182.33,81.64416
2024-05-06 10:15:00,65182.32,65218.0,64940.86,65022.0,185.88308
2024-05-06 10:20:00,65021.99,65022.0,64851.79,64896.0,165.43033
2024-05-06 10:25:00,64896.01,64960.48,64767.4,64822.23,130.84009
2024-05-06 10:30:00,64822.23,64849.0,64591.2,64727.74,264.85877
2024-05-06 10:35:00,64727.74,64740.35,64365.29,64405.37,599.55205
2024-05-06 10:40:00,64405.37,64468.49,64036.4,64132.92,615.6762
2024-05-06 10:45:00,64132.92,64224.63,63815.38,63883.85,511.07421
2024-05-06 10:50:00,63883.86,64099.9,63828.0,64099.9,362.27865
2024-05-06 10:55:00,64099.9,64100.0,63982.68,64007.17,202.21287
2024-05-06 11:00:00,64007.16,64180.0,64003.49,64176.0,164.09534
2024-05-06 11:05:00,64176.0,64292.57,64162.46,64258.3,232.63511
2024-05-06 11:10:00,64258.29,64352.59,64238.0,64352.58,175.03792
2024-05-06 11:15:00,64352.58,64359.39,64218.43,64254.73,98.78535
2024-05-06 11:20:00,64254.72,64285.86,64100.0,64177.66,84.58929
2024-05-06 11:25:00,64177.67,64240.0,64123.12,64213.5,72.16586
2024-05-06 11:30:00,64213.5,64300.0,64200.0,64253.06,68.76468
2024-05-06 11:35:00,64253.42,64275.21,64040.0,64070.61,93.84226
2024-05-06 11:40:00,64070.6,64112.03,64006.0,64077.48,114.2739
2024-05-06 11:45:00,64077.47,64188.76,64067.0,64105.99,83.64502
2024-05-06 11:50:00,64106.0,64150.0,64092.41,64128.0,47.37913
2024-05-06 11:55:00,64128.0,64240.56,64127.99,64203.56,53.90634
2024-05-06 12:00:00,64203.55,64296.0,64188.0,64287.64,88.43968
2024-05-06 12:05:00,64287.63,64319.86,64252.17,64252.17,67.37349
2024-05-06 12:10:00,64252.17,64252.18,64114.74,64164.76,89.37223
2024-05-06 12:15:00,64164.75,64164.76,64071.62,64073.6,118.68409
2024-05-06 12:20:00,64073.6,64114.1,63858.97,63858.98,226.05549
2024-05-06 12:25:00,63858.98,64020.0,63750.04,63821.01,241.42114
2024-05-06 12:30:00,63821.02,64013.53,63659.78,63801.76,532.87796
2024-05-06 12:35:00,63801.76,64100.0,63650.0,63989.74,420.47222
2024-05-06 12:40:00,63989.73,64006.0,63775.94,63785.58,214.37147
2024-05-06 12:45:00,63785.59,63785.59,63452.59,63621.34,480.64946
2024-05-06 12:50:00,63621.35,63621.35,63380.81,63389.46,455.36336
2024-05-06 12:55:00,63389.46,63594.0,63343.86,63593.99,303.95226
2024-05-06 13:00:00,63593.99,63636.78,63464.3,63582.77,243.71229
2024-05-06 13:05:00,63582.77,63675.51,63581.06,63660.01,148.43431
2024-05-06 13:10:00,63660.0,63680.49,63611.84,63655.38,106.96415
2024-05-06 13:15:00,63655.38,63672.0,63501.0,63638.0,138.47951
2024-05-06 13:20:00,63637.99,63677.99,63470.27,63486.0,155.93834
2024-05-06 13:25:00,63486.0,63566.34,63450.0,63560.01,110.71595
2024-05-06 13:30:00,63560.0,63639.73,63509.15,63636.21,153.05409
2024-05-06 13:35:00,63636.2,63831.04,63560.0,63787.55,247.95307
2024-05-06 13:40:00,63787.55,63998.47,63755.19,63904.17,274.02218
2024-05-06 13:45:00,63904.16,63962.0,63752.66,63890.01,165.47719
2024-05-06 13:50:00,63890.01,63916.94,63790.0,63824.01,82.75308
2024-05-06 13:55:00,63824.02,63878.89,63788.01,63870.0,97.77747
2024-05-06 14:00:00,63870.01,64136.36,63860.0,64004.52,211.89161
2024-05-06 14:05:00,64004.52,64064.34,63925.52,64034.01,138.08567
2024-05-06 14:10:00,64034.0,64125.57,63894.09,64080.0,133.33366
2024-05-06 14:15:00,64080.0,64108.76,63988.02,64027.98,147.55423
2024-05-06 14:20:00,64027.99,64261.08,63990.0,64099.7,550.7732
2024-05-06 14:25:00,64099.7,64120.0,63955.22,63967.19,139.21402
2024-05-06 14:30:00,63967.2,63980.0,63810.0,63891.11,133.88813
2024-05-06 14:35:00,63891.11,64000.0,63880.86,63926.32,66.08818
2024-05-06 14:40:00,63926.32,63950.47,63666.66,63730.0,114.64126
2024-05-06 14:45:00,63730.0,63788.0,63582.0,63707.48,162.56343
2024-05-06 14:50:00,63707.48,63732.78,63583.87,63673.42,87.35484
2024-05-06 14:55:00,63673.42,63673.42,63211.66,63271.97,661.21326
2024-05-06 15:00:00,63271.97,63309.14,62974.3,63014.0,751.03922
2024-05-06 15:05:00,63013.99,63093.92,62909.61,63016.03,656.21882
2024-05-06 15:10:00,63016.04,63207.63,63016.03,63174.38,228.46005
2024-05-06 15:15:00,63174.38,63340.8,63150.0,63322.0,328.38965
2024-05-06 15:20:00,63322.01,63332.27,63178.64,63227.38,208.57035
2024-05-06 15:25:00,63227.39,63401.89,63196.48,63401.88,148.33959
2024-05-06 15:30:00,63401.88,63467.97,63362.22,63388.02,125.18848
2024-05-06 15:35:00,63388.01,63512.51,63334.8,63512.5,123.7063
2024-05-06 15:40:00,63512.51,63611.12,63481.93,63611.11,152.0477
2024-05-06 15:45:00,63611.12,63760.0,63526.27,63562.45,182.72222
2024-05-06 15:50:00,63562.45,63629.86,63525.25,63620.74,85.04229
2024-05-06 15:55:00,63620.73,63700.0,63590.36,63632.01,81.73357
2024-05-06 16:00:00,63632.01,63693.92,63550.82,63693.92,84.06891
2024-05-06 16:05:00,63693.91,63747.59,63518.64,63589.91,114.32159
2024-05-06 16:10:00,63589.91,63707.84,63517.77,63694.01,98.87958
2024-05-06 16:15:00,63694.01,63694.01,63554.49,63554.5,44.74171
2024-05-06 16:20:00,63554.49,63558.64,63394.51,63538.01,110.79916
2024-05-06 16:25:00,63538.0,63617.81,63506.61,63564.01,53.93732
2024-05-06 16:30:00,63564.0,63597.02,63399.33,63441.13,248.75335
2024-05-06 16:35:00,63441.13,63599.99,63431.04,63493.73,86.46099
2024-05-06 16:40:00,63493.74,63493.74,63347.02,63368.07,112.11026
2024-05-06 16:45:00,63368.06,63476.8,63270.7,63349.71,99.65601
2024-05-06 16:50:00,63349.7,63354.5,63208.14,63223.59,106.76738
2024-05-06 16:55:00,63223.59,63265.73,63079.6,63192.43,150.32775
2024-05-06 17:00:00,63192.42,63379.77,63176.0,63304.01,65.64705
2024-05-06 17:05:00,63304.01,63437.25,63304.01,63356.74,78.07509
2024-05-06 17:10:00,63356.73,63497.18,63356.73,63457.93,66.57368
2024-05-06 17:15:00,63457.93,63511.84,63382.66,63382.67,71.18439
2024-05-06 17:20:00,63382.67,63406.96,63322.0,63328.0,38.9027
2024-05-06 17:25:00,63328.0,63375.28,63310.13,63315.02,55.88945
2024-05-06 17:30:00,63315.02,63358.88,63000.0,63025.28,189.73241
2024-05-06 17:35:00,63025.28,63194.44,62989.0,63050.0,281.5068
2024-05-06 17:40:00,63050.0,63067.07,62968.57,62988.93,214.13406
2024-05-06 17:45:00,62988.93,63175.04,62983.41,63078.87,70.64999
2024-05-06 17:50:00,63078.87,63239.13,63040.0,63187.83,139.10314
2024-05-06 17:55:00,63187.83,63219.14,63116.52,63169.93,55.49091
2024-05-06 18:00:00,63169.92,63252.66,63153.41,63231.25,44.85258
2024-05-06 18:05:00,63231.26,63238.34,63108.67,63162.72,61.28839
2024-05-06 18:10:00,63162.72,63211.67,63117.24,63187.82,47.96956
2024-05-06 18:15:00,63187.83,63316.44,63169.9,63188.85,68.83944
2024-05-06 18:20:00,63188.84,63209.65,63142.71,63180.0,43.44763
2024-05-06 18:25:00,63180.0,63263.92,63166.68,63200.09,39.15507
2024-05-06 18:30:00,63200.1,63215.0,62965.4,63101.41,158.02211
2024-05-06 18:35:00,63101.41,63481.38,63093.92,63324.45,198.47448
2024-05-06 18:40:00,63324.45,63390.04,63295.85,63334.8,73.96401
2024-05-06 18:45:00,63334.8,63532.05,63308.1,63424.45,123.67801
2024-05-06 18:50:00,63424.45,63500.87,63393.33,63450.0,65.2027
2024-05-06 18:55:00,63450.0,63450.0,63400.0,63400.0,42.54868
2024-05-06 19:00:00,63400.0,63404.8,63256.12,63311.04,63.26553
2024-05-06 19:05:00,63311.04,63348.23,63250.0,63294.11,64.15003
2024-05-06 19:10:00,63294.11,63294.11,63012.88,63012.9,118.91778
2024-05-06 19:15:00,63012.9,63016.95,62700.0,62976.41,476.26832
2024-05-06 19:20:00,62976.41,63140.0,62954.42,62999.56,141.49559
2024-05-06 19:25:00,62999.56,63088.54,62989.1,63010.85,51.20735
2024-05-06 19:30:00,63010.85,63010.85,62841.8,62967.43,91.32805
2024-05-06 19:35:00,62967.43,63023.19,62903.83,62971.59,50.56222
2024-05-06 19:40:00,62971.59,63113.95,62835.0,63060.01,149.47429
2024-05-06 19:45:00,63060.01,63145.37,63050.18,63098.12,82.28779
2024-05-06 19:50:00,63098.12,63179.99,63071.42,63172.75,84.66277
2024-05-06 19:55:00,63172.74,63242.46,63141.58,63220.0,61.1836
2024-05-06 20:00:00,63220.0,63221.0,63089.68,63142.8,54.30763
2024-05-06 20:05:00,63142.79,63165.0,63051.94,63100.0,42.66275
2024-05-06 20:10:00,63100.0,63180.89,63074.33,63076.81,49.78883
2024-05-06 20:15:00,63076.8,63261.42,63076.8,63213.75,36.54642
2024-05-06 20:20:00,63213.74,63337.59,63207.62,63290.97,167.20156
2024-05-06 20:25:00,63290.97,63389.0,63264.48,63363.35,74.26461
2024-05-06 20:30:00,63363.35,63394.14,63331.12,63331.47,57.71148
2024-05-06 20:35:00,63331.48,63405.61,63313.04,63362.23,28.9989
2024-05-06 20:40:00,63362.23,63405.61,63353.96,63353.97,24.62126
2024-05-06 20:45:00,63353.96,63365.41,63307.05,63312.42,41.87008
2024-05-06 20:50:00,63312.42,63351.68,63304.01,63331.3,26.29167
2024-05-06 20:55:00,63331.3,63335.48,63300.5,63308.28,27.41738
2024-05-06 21:00:00,63308.28,63445.39,63308.27,63403.68,44.94052
2024-05-06 21:05:00,63403.67,63503.87,63386.54,63486.39,87.92085
2024-05-06 21:10:00,63486.39,63532.18,63448.29,63501.52,38.98441
2024-05-06 21:15:00,63501.53,63501.53,63445.8,63484.3,34.16999
2024-05-06 21:20:00,63484.3,63494.33,63466.35,63493.77,15.43959
2024-05-06 21:25:00,63493.76,63611.85,63465.96,63545.58,85.53958
2024-05-06 21:30:00,63545.58,63545.59,63472.22,63489.03,27.76649
2024-05-06 21:35:00,63489.03,63489.04,63405.27,63457.94,30.63178
2024-05-06 21:40:00,63457.94,63457.94,63397.27,63407.26,30.85233
2024-05-06 21:45:00,63407.27,63471.42,63407.26,63467.17,13.36773
2024-05-06 21:50:00,63467.17,63601.22,63467.16,63514.0,54.58818
2024-05-06 21:55:00,63513.99,63600.0,63510.03,63550.29,36.94454
2024-05-06 22:00:00,63550.29,63570.0,63500.0,63515.2,38.40173
2024-05-06 22:05:00,63515.19,63520.0,63486.66,63519.49,47.02457
2024-05-06 22:10:00,63519.49,63528.0,63465.4,63465.41,33.28668
2024-05-06 22:15:00,63465.41,63516.13,63406.13,63488.0,48.91701
2024-05-06 22:20:00,63488.01,63538.86,63484.82,63538.85,16.82751
2024-05-06 22:25:00,63538.86,63563.48,63502.74,63563.48,21.51232
2024-05-06 22:30:00,63563.48,63563.48,63473.9,63525.55,27.495
2024-05-06 22:35:00,63525.54,63525.55,63434.0,63453.66,36.69626
2024-05-06 22:40:00,63453.67,63509.19,63446.0,63461.31,46.42482
2024-05-06 22:45:00,63461.3,63500.0,63438.26,63487.04,32.97089
2024-05-06 22:50:00,63487.05,63497.4,63446.0,63497.4,14.84113
2024-05-06 22:55:00,63497.4,63505.88,63481.36,63495.67,22.50359
2024-05-06 23:00:00,63495.67,63495.67,63419.99,63420.0,23.81484
2024-05-06 23:05:00,63419.99,63433.5,63334.81,63373.15,59.84365
2024-05-06 23:10:00,63373.14,63400.0,63300.0,63309.69,169.59298
2024-05-06 23:15:00,63309.69,63322.0,63243.26,63285.19,56.03481
2024-05-06 23:20:00,63285.2,63358.56,63274.0,63358.0,31.40223
2024-05-06 23:25:00,63357.99,63396.09,63332.32,63356.0,31.68695
2024-05-06 23:30:00,63355.99,63358.0,63308.64,63308.65,23.0342
2024-05-06 23:35:00,63308.65,63323.59,63158.17,63158.18,122.05357
2024-05-06 23:40:00,63158.17,63196.0,63156.52,63156.53,36.82797
2024-05-06 23:45:00,63156.52,63249.82,63156.52,63186.04,37.08724
2024-05-06 23:50:00,63186.04,63197.47,63143.4,63197.18,47.3578
2024-05-06 23:55:00,63197.19,63200.43,63134.85,63165.19,48.54043
2024-05-07 00:00:00,63165.18,63254.58,63139.95,63229.98,80.80025
2024-05-07 00:05:00,63229.98,63308.9,63215.17,63243.61,54.95999
2024-05-07 00:10:00,63243.61,63267.04,63092.38,63134.2,56.77691
2024-05-07 00:15:00,63134.21,63134.21,62973.18,62991.79,87.75856
2024-05-07 00:20:00,62991.78,63140.0,62960.0,63104.0,86.68542
2024-05-07 00:25:00,63103.99,63296.23,63103.99,63267.04,69.91502
2024-05-07 00:30:00,63267.03,63472.22,63251.31,63387.52,114.4654
2024-05-07 00:35:00,63387.52,63483.98,63338.0,63452.0,50.51058
2024-05-07 00:40:00,63452.0,63580.0,63424.8,63553.99,73.43207
2024-05-07 00:45:00,63553.99,63667.0,63528.57,63590.78,128.31939
2024-05-07 00:50:00,63590.79,63617.0,63550.29,63599.99,75.85666
2024-05-07 00:55:00,63599.99,63615.99,63447.8,63545.45,48.99459
2024-05-07 01:00:00,63545.44,63604.13,63480.0,63604.12,62.12066
2024-05-07 01:05:00,63604.12,63606.62,63555.98,63593.01,52.12228
2024-05-07 01:10:00,63593.01,63714.26,63566.0,63695.42,57.20838
2024-05-07 01:15:00,63695.43,63740.0,63646.2,63699.91,121.99931
2024-05-07 01:20:00,63699.91,63856.36,63616.78,63618.01,167.18919
2024-05-07 01:25:00,63618.0,63656.0,63578.29,63578.3,33.71266
2024-05-07 01:30:00,63578.3,63649.38,63554.85,63640.0,55.61642
2024-05-07 01:35:00,63640.0,63746.06,63639.99,63739.49,67.64469
2024-05-07 01:40:00,63739.49,63929.41,63739.49,63790.0,144.72007
2024-05-07 01:45:00,63789.99,63967.19,63782.68,63893.7,171.59919
2024-05-07 01:50:00,63893.7,63953.33,63849.4,63926.01,116.15191
2024-05-07 01:55:00,63926.01,63926.01,63876.61,63895.72,35.09149
2024-05-07 02:00:00,63895.72,63953.34,63849.41,63849.41,72.13222
2024-05-07 02:05:00,63849.41,63859.87,63764.4,63764.41,69.50847
2024-05-07 02:10:00,63764.41,63810.0,63733.19,63804.97,42.10395
2024-05-07 02:15:00,63804.97,63820.0,63713.6,63713.61,41.23884
2024-05-07 02:20:00,63713.61,63782.61,63700.0,63764.68,27.50954
2024-05-07 02:25:00,63764.69,63825.09,63764.68,63825.08,20.43898
2024-05-07 02:30:00,63825.09,63840.0,63744.01,63767.95,21.48415
2024-05-07 02:35:00,63767.95,63767.96,63694.08,63729.69,27.21062
2024-05-07 02:40:00,63729.69,63744.01,63673.33,63685.58,28.34425
2024-05-07 02:45:00,63685.59,63712.0,63623.73,63644.59,100.14349
2024-05-07 02:50:00,63644.59,63700.0,63620.03,63686.0,31.42837
2024-05-07 02:55:00,63686.01,63751.31,63676.0,63702.76,34.03743
2024-05-07 03:00:00,63702.76,63733.16,63660.0,63684.0,56.0827
2024-05-07 03:05:00,63684.0,63720.0,63652.18,63719.99,26.20747
2024-05-07 03:10:00,63720.0,63720.0,63608.35,63619.98,54.06804
2024-05-07 03:15:00,63619.98,63698.83,63602.88,63642.23,51.07421
2024-05-07 03:20:00,63642.22,63665.81,63450.0,63474.0,115.68602
2024-05-07 03:25:00,63474.0,63493.77,62897.21,62962.2,486.58551
2024-05-07 03:30:00,62962.21,63208.87,62832.6,63169.05,269.89451
2024-05-07 03:35:00,63169.05,63200.0,63063.24,63155.65,79.09351
2024-05-07 03:40:00,63155.66,63310.46,63037.23,63241.99,191.38012
2024-05-07 03:45:00,63242.0,63326.72,63136.7,63247.03,80.58817
2024-05-07 03:50:00,63247.03,63264.2,63166.95,63253.92,28.83775
2024-05-07 03:55:00,63253.92,63253.92,63162.3,63239.49,37.12604
2024-05-07 04:00:00,63239.5,63343.33,63214.0,63243.7,66.62988
2024-05-07 04:05:00,63243.69,63258.99,63092.76,63231.99,80.18904
2024-05-07 04:10:00,63231.99,63265.99,63181.98,63196.0,46.94809
2024-05-07 04:15:00,63196.0,63274.2,63159.62,63259.1,45.63929
2024-05-07 04:20:00,63259.11,63400.0,63230.69,63360.52,78.2745
2024-05-07 04:25:00,63360.51,63421.63,63336.0,63382.01,71.52533
2024-05-07 04:30:00,63382.01,63405.26,63317.07,63370.31,84.15075
2024-05-07 04:35:00,63370.32,63376.11,63298.85,63334.02,29.15995
2024-05-07 04:40:00,63334.01,63450.0,63334.01,63418.73,42.26966
2024-05-07 04:45:00,63418.74,63422.54,63366.0,63382.64,20.2814
2024-05-07 04:50:00,63382.65,63423.61,63382.64,63423.59,28.5218
2024-05-07 04:55:00,63423.59,63470.58,63400.95,63466.26,67.28047
2024-05-07 05:00:00,63466.27,63500.0,63375.66,63375.67,91.27305
2024-05-07 05:05:00,63375.68,63461.38,63354.94,63461.38,75.01283
2024-05-07 05:10:00,63461.37,63461.38,63388.32,63388.32,30.26874
2024-05-07 05:15:00,63388.32,63408.9,63336.65,63408.81,51.00427
2024-05-07 05:20:00,63408.81,63450.0,63384.0,63420.02,43.02913
2024-05-07 05:25:00,63420.02,63424.0,63342.05,63360.01,57.92963
2024-05-07 05:30:00,63360.0,63368.93,63280.0,63324.0,86.48638
2024-05-07 05:35:00,63324.01,63344.42,63243.92,63324.01,57.28942
2024-05-07 05:40:00,63324.01,63725.0,63316.0,63606.02,172.51018
2024-05-07 05:45:00,63606.01,63719.21,63534.0,63534.0,95.07541
2024-05-07 05:50:00,63534.01,63594.79,63502.73,63530.23,68.96214
2024-05-07 05:55:00,63530.23,63563.48,63492.01,63563.48,35.14604
2024-05-07 06:00:00,63563.47,63719.2,63541.43,63580.89,58.23663
2024-05-07 06:05:00,63580.88,63590.14,63477.39,63489.27,58.47376
2024-05-07 06:10:00,63489.27,63511.09,63394.28,63511.08,45.31056
2024-05-07 06:15:00,63511.09,63576.76,63500.0,63563.48,61.62781
2024-05-07 06:20:00,63563.47,63608.01,63539.99,63539.99,42.93944
2024-05-07 06:25:00,63539.99,63584.0,63482.22,63507.99,70.82094
2024-05-07 06:30:00,63508.0,63523.52,63410.04,63467.99,58.02027
2024-05-07 06:35:00,63467.99,63626.09,63452.6,63607.45,80.99573
2024-05-07 06:40:00,63607.45,63653.89,63562.0,63652.57,67.9001
2024-05-07 06:45:00,63652.56,63696.2,63611.11,63627.99,70.62556
2024-05-07 06:50:00,63628.0,63660.0,63604.01,63636.85,22.39262
2024-05-07 06:55:00,63636.85,63656.08,63608.0,63623.81,33.30054
2024-05-07 07:00:00,63623.81,63656.07,63566.79,63597.8,30.32421
2024-05-07 07:05:00,63597.8,63606.0,63549.99,63579.99,65.85763
2024-05-07 07:10:00,63580.0,63708.0,63556.0,63660.0,47.26192
2024-05-07 07:15:00,63659.99,63763.34,63620.0,63755.84,47.60514
2024-05-07 07:20:00,63755.83,63804.38,63740.0,63794.45,67.53553
2024-05-07 07:25:00,63794.45,63853.12,63770.86,63821.98,70.00402
2024-05-07 07:30:00,63821.98,63821.99,63716.68,63746.69,60.05455
2024-05-07 07:35:00,63746.69,63811.63,63744.86,63775.24,58.29975
2024-05-07 07:40:00,63775.23,63785.25,63751.3,63770.14,51.06698
2024-05-07 07:45:00,63770.15,63780.0,63686.31,63686.33,65.44815
2024-05-07 07:50:00,63686.33,63707.5,63645.72,63703.62,61.5089
2024-05-07 07:55:00,63703.63,63703.63,63642.22,63669.69,51.00466
2024-05-07 08:00:00,63669.69,63744.15,63596.13,63705.39,101.32744
2024-05-07 08:05:00,63705.39,63705.4,63620.01,63688.69,48.76083
2024-05-07 08:10:00,63688.7,63827.23,63688.69,63827.22,94.1488
2024-05-07 08:15:00,63827.22,63999.02,63824.0,63996.73,152.3838
2024-05-07 08:20:00,63996.73,64285.71,63988.0,64252.18,396.85711
2024-05-07 08:25:00,64252.17,64333.0,64118.06,64252.13,232.26236
2024-05-07 08:30:00,64252.13,64281.18,64130.36,64182.7,135.93679
2024-05-07 08:35:00,64182.7,64422.41,64182.69,64239.99,222.62488
2024-05-07 08:40:00,64240.0,64240.0,64102.19,64134.68,84.48449
2024-05-07 08:45:00,64134.68,64288.6,64134.67,64268.9,133.75468
2024-05-07 08:50:00,64268.91,64330.0,64258.0,64275.9,100.78621
2024-05-07 08:55:00,64275.9,64314.79,64211.0,64232.0,110.60306
2024-05-07 09:00:00,64231.99,64293.29,64200.8,64236.0,72.8889
2024-05-07 09:05:00,64236.01,64293.29,64229.95,64282.03,59.18518
2024-05-07 09:10:00,64282.02,64290.41,64222.0,64253.62,80.28125
2024-05-07 09:15:00,64253.62,64350.0,64250.1,64322.23,115.42734
2024-05-07 09:20:00,64322.23,64362.7,64295.55,64324.5,67.72802
2024-05-07 09:25:00,64324.49,64346.09,64260.0,64297.33,47.72457
2024-05-07 09:30:00,64297.33,64298.0,64150.99,64194.01,85.69754
2024-05-07 09:35:00,64194.01,64268.38,64168.88,64195.92,60.80192
2024-05-07 09:40:00,64195.91,64228.7,64175.17,64194.47,73.63903
2024-05-07 09:45:00,64194.46,64258.0,64180.0,64181.99,90.80196
2024-05-07 09:50:00,64182.0,64218.0,64086.1,64086.1,56.55554
2024-05-07 09:55:00,64086.11,64125.53,64064.34,64119.98,65.60695
2024-05-07 10:00:00,64119.98,64166.7,64097.98,64166.69,91.50421
2024-05-07 10:05:00,64166.69,64171.83,64076.4,64076.4,48.88296
2024-05-07 10:10:00,64076.41,64083.75,63832.16,63890.47,205.28991
2024-05-07 10:15:00,63890.47,64008.0,63746.69,63771.54,168.34626
2024-05-07 10:20:00,63771.53,63888.0,63771.53,63829.05,176.82845
2024-05-07 10:25:00,63829.06,63877.8,63817.6,63824.0,84.21503
2024-05-07 10:30:00,63824.0,63977.55,63823.99,63977.54,74.33071
2024-05-07 10:35:00,63977.54,63997.27,63928.01,63953.99,50.13896
2024-05-07 10:40:00,63954.0,64040.0,63952.0,64012.0,42.96479
2024-05-07 10:45:00,64012.01,64094.47,63980.13,63984.01,38.27617
2024-05-07 10:50:00,63984.01,64150.01,63966.01,64126.0,68.22554
2024-05-07 10:55:00,64126.01,64145.0,64086.36,64086.37,58.35227
2024-05-07 11:00:00,64086.37,64118.0,64053.0,64053.0,48.03275
2024-05-07 11:05:00,64053.01,64078.15,63927.27,64012.0,106.04975
2024-05-07 11:10:00,64012.0,64087.1,64009.08,64074.0,57.5664
2024-05-07 11:15:00,64074.0,64124.05,64040.0,64099.99,34.83155
2024-05-07 11:20:00,64100.0,64120.0,64016.0,64019.96,51.07631
2024-05-07 11:25:00,64019.96,64042.0,64001.99,64032.0,31.0685
2024-05-07 11:30:00,64032.01,64038.0,63967.69,64008.01,38.6635
2024-05-07 11:35:00,64008.01,64033.02,63823.31,63823.32,66.14849
2024-05-07 11:40:00,63823.31,63863.64,63507.93,63620.86,248.21726
2024-05-07 11:45:00,63620.86,63620.87,63358.0,63531.2,241.17758
2024-05-07 11:50:00,63531.21,63569.11,63444.61,63517.88,106.19056
2024-05-07 11:55:00,63517.87,63532.01,63460.0,63490.43,174.61123
2024-05-07 12:00:00,63490.43,63550.4,63478.0,63527.99,117.09957
2024-05-07 12:05:00,63527.99,63643.54,63520.0,63628.09,77.49106
2024-05-07 12:10:00,63628.08,63669.77,63540.0,63668.04,49.14945
2024-05-07 12:15:00,63668.05,63691.16,63582.55,63604.55,77.409
2024-05-07 12:20:00,63604.56,63645.48,63473.73,63499.6,54.00072
2024-05-07 12:25:00,63499.6,63603.36,63488.0,63550.8,68.99114
2024-05-07 12:30:00,63550.8,63623.32,63550.79,63610.57,69.79687
2024-05-07 12:35:00,63610.57,63639.0,63550.79,63620.24,41.83653
2024-05-07 12:40:00,63620.25,63620.25,63500.0,63604.8,115.58422
2024-05-07 12:45:00,63604.81,63740.0,63584.21,63730.0,40.02499
2024-05-07 12:50:00,63730.01,63772.45,63657.99,63692.23,53.09243
2024-05-07 12:55:00,63692.23,63704.97,63622.01,63663.02,44.04268
2024-05-07 13:00:00,63663.03,63663.03,63557.47,63610.17,62.12677
2024-05-07 13:05:00,63610.17,63662.01,63552.0,63563.45,51.19937
2024-05-07 13:10:00,63563.45,63658.01,63563.45,63650.0,99.61811
2024-05-07 13:15:00,63650.0,63712.86,63616.0,63667.1,48.59414
2024-05-07 13:20:00,63667.11,63677.88,63511.36,63511.37,68.10089
2024-05-07 13:25:00,63511.36,63557.43,63450.0,63528.01,70.16688
2024-05-07 13:30:00,63528.0,63680.0,63485.6,63590.0,65.51521
2024-05-07 13:35:00,63590.0,63622.88,63475.9,63479.99,78.51723
2024-05-07 13:40:00,63480.0,63563.48,63457.29,63488.0,50.11354
2024-05-07 13:45:00,63488.0,63555.99,63216.98,63248.0,122.80661
2024-05-07 13:50:00,63247.99,63414.42,63112.57,63392.0,248.27401
2024-05-07 13:55:00,63392.0,63396.52,63122.54,63213.16,149.5801
2024-05-07 14:00:00,63213.17,63466.0,63126.57,63363.86,198.66918
2024-05-07 14:05:00,63363.86,63390.73,63296.13,63312.0,70.12389
2024-05-07 14:10:00,63312.01,63366.17,63250.44,63339.57,86.73907
2024-05-07 14:15:00,63339.57,63431.01,63327.23,63404.07,68.46014
2024-05-07 14:20:00,63404.07,63416.0,63250.43,63271.97,68.17606
2024-05-07 14:25:00,63271.97,63347.37,63269.37,63278.01,37.06162
2024-05-07 14:30:00,63278.0,63349.9,63050.77,63124.69,151.53711
2024-05-07 14:35:00,63124.68,63282.59,63121.72,63230.82,89.69164
2024-05-07 14:40:00,63230.82,63509.98,63230.81,63466.45,118.09255
2024-05-07 14:45:00,63466.45,63568.23,63425.5,63538.19,89.39901
2024-05-07 14:50:00,63538.19,63665.99,63474.01,63657.99,91.71692
2024-05-07 14:55:00,63657.99,64088.53,63629.01,64024.47,403.63488
2024-05-07 15:00:00,64024.47,64320.0,64021.37,64158.53,652.66864
2024-05-07 15:05:00,64158.54,64199.99,63947.63,63957.38,286.57062
2024-05-07 15:10:00,63957.37,63963.67,63804.38,63889.41,188.26024
2024-05-07 15:15:00,63889.41,63992.42,63750.37,63769.39,148.89727
2024-05-07 15:20:00,63769.4,63909.09,63733.44,63801.65,81.19888
2024-05-07 15:25:00,63801.65,63947.23,63775.67,63892.77,61.12033
2024-05-07 15:30:00,63892.78,63915.37,63667.05,63676.46,157.51882
2024-05-07 15:35:00,63676.46,63832.84,63584.28,63807.47,180.30105
2024-05-07 15:40:00,63807.47,63832.84,63668.47,63734.18,104.45979
2024-05-07 15:45:00,63734.19,63830.0,63734.18,63785.74,61.83574
2024-05-07 15:50:00,63785.75,63813.92,63742.38,63772.63,38.68412
2024-05-07 15:55:00,63772.62,63791.32,63709.75,63740.48,62.9165
2024-05-07 16:00:00,63740.48,63820.0,63720.0,63811.51,70.33394
2024-05-07 16:05:00,63811.51,63863.64,63811.51,63855.58,65.67165
2024-05-07 16:10:00,63855.58,63895.46,63763.07,63772.13,86.81706
2024-05-07 16:15:00,63772.14,63775.04,63706.77,63744.33,49.71193
2024-05-07 16:20:00,63744.32,63772.41,63740.0,63743.64,26.70383
2024-05-07 16:25:00,63743.65,63761.2,63657.5,63657.51,45.94357
2024-05-07 16:30:00,63657.52,63667.19,63455.56,63513.43,225.25283
2024-05-07 16:35:00,63513.42,63611.21,63506.36,63558.66,52.13409
2024-05-07 16:40:00,63558.65,63590.49,63526.66,63548.29,75.38039
2024-05-07 16:45:00,63548.29,63573.26,63483.0,63515.0,63.15013
2024-05-07 16:50:00,63515.0,63568.22,63506.8,63558.69,37.82638
2024-05-07 16:55:00,63558.69,63634.0,63533.67,63634.0,35.86626
2024-05-07 17:00:00,63633.99,63657.4,63447.42,63474.7,60.97312
2024-05-07 17:05:00,63474.7,63500.87,63352.64,63424.87,71.63705
2024-05-07 17:10:00,63424.88,63495.8,63360.61,63495.8,67.73182
2024-05-07 17:15:00,63495.8,63510.59,63438.26,63490.39,33.74578
2024-05-07 17:20:00,63490.39,63520.0,63480.31,63499.5,26.60025
2024-05-07 17:25:00,63499.5,63508.0,63376.99,63378.24,39.58772
2024-05-07 17:30:00,63378.24,63446.57,63344.89,63384.3,59.32555
2024-05-07 17:35:00,63384.3,63517.8,63384.3,63471.52,69.35802
2024-05-07 17:40:00,63471.53,63484.5,63423.15,63484.5,35.54172
2024-05-07 17:45:00,63484.5,63493.84,63339.99,63345.47,37.7137
2024-05-07 17:50:00,63345.48,63428.77,63310.84,63403.99,68.26584
2024-05-07 17:55:00,63403.98,63428.21,63337.58,63391.79,64.05752
2024-05-07 18:00:00,63391.79,63393.52,63255.74,63310.0,69.01829
2024-05-07 18:05:00,63310.0,63352.59,63239.0,63251.0,63.9759
2024-05-07 18:10:00,63251.01,63289.53,63235.19,63235.2,40.91991
2024-05-07 18:15:00,63235.19,63270.0,63160.5,63200.0,97.06141
2024-05-07 18:20:00,63200.0,63262.66,63155.0,63187.95,52.90604
2024-05-07 18:25:00,63187.95,63212.31,63116.6,63128.14,105.70643
2024-05-07 18:30:00,63128.14,63194.0,63000.0,63096.12,164.27963
2024-05-07 18:35:00,63096.12,63112.07,62829.0,62849.51,288.40628
2024-05-07 18:40:00,62849.52,62994.98,62789.89,62980.07,191.57809
2024-05-07 18:45:00,62980.07,63082.63,62933.06,63060.01,176.92083
2024-05-07 18:50:00,63060.01,63209.38,63033.0,63207.22,162.48788
2024-05-07 18:55:00,63207.21,63207.22,63095.8,63169.99,72.99278
2024-05-07 19:00:00,63169.99,63266.83,63164.68,63225.21,115.64565
2024-05-07 19:05:00,63225.21,63240.0,63155.53,63209.99,54.79979
2024-05-07 19:10:00,63210.0,63269.2,63162.97,63170.99,70.4662
2024-05-07 19:15:00,63170.98,63174.13,63053.0,63115.89,52.54451
2024-05-07 19:20:00,63115.9,63155.86,63112.96,63138.53,41.80471
2024-05-07 19:25:00,63138.53,63154.31,63114.78,63118.19,51.77223
2024-05-07 19:30:00,63118.2,63147.0,63100.0,63147.0,56.09617
2024-05-07 19:35:00,63146.99,63170.89,63117.17,63169.99,36.83415
2024-05-07 19:40:00,63170.0,63170.0,63119.99,63120.0,30.33328
2024-05-07 19:45:00,63120.0,63137.48,63053.02,63127.7,30.33971
2024-05-07 19:50:00,63127.7,63148.42,63093.91,63101.76,23.70885
2024-05-07 19:55:00,63101.75,63101.76,62961.81,63060.01,62.37304
2024-05-07 20:00:00,63060.0,63110.0,62992.0,63090.01,63.09832
2024-05-07 20:05:00,63090.01,63160.43,63083.6,63155.35,25.54591
2024-05-07 20:10:00,63155.35,63180.0,63129.4,63129.4,32.52868
2024-05-07 20:15:00,63129.41,63197.58,63125.0,63138.85,30.07411
2024-05-07 20:20:00,63138.86,63152.58,63106.64,63113.03,33.07279
2024-05-07 20:25:00,63113.03,63140.0,63025.35,63025.41,22.80801
2024-05-07 20:30:00,63025.41,63087.82,63000.0,63019.02,83.34081
2024-05-07 20:35:00,63019.02,63027.01,62944.27,63019.6,64.71222
2024-05-07 20:40:00,63019.6,63069.77,63002.0,63064.21,20.52088
2024-05-07 20:45:00,63064.21,63134.63,63039.0,63039.01,38.60826
2024-05-07 20:50:00,63039.0,63039.01,62888.68,63010.96,114.81007
2024-05-07 20:55:00,63010.96,63010.97,62958.04,62974.94,25.44495
2024-05-07 21:00:00,62974.94,63043.5,62961.19,63021.04,34.22669
2024-05-07 21:05:00,63021.03,63021.04,62990.55,63002.69,15.93369
2024-05-07 21:10:00,63002.68,63069.93,63002.68,63045.85,45.48508
2024-05-07 21:15:00,63045.85,63129.7,63045.85,63086.3,23.76377
2024-05-07 21:20:00,63086.3,63162.28,63086.29,63158.96,31.05232
2024-05-07 21:25:00,63158.95,63158.96,63112.24,63128.91,20.86447
2024-05-07 21:30:00,63128.9,63128.91,62983.24,62983.24,29.06531
2024-05-07 21:35:00,62983.24,63073.61,62930.84,63011.21,43.74229
2024-05-07 21:40:00,63011.2,63036.79,63011.19,63020.73,24.2426
2024-05-07 21:45:00,63020.73,63020.74,62835.0,62925.7,113.2368
2024-05-07 21:50:00,62925.7,62948.57,62855.84,62902.0,83.69078
2024-05-07 21:55:00,62902.01,63125.22,62902.0,63074.01,112.59255
2024-05-07 22:00:00,63074.01,63094.79,62975.8,63005.2,110.75753
2024-05-07 22:05:00,63004.67,63062.61,62942.0,62949.5,139.52642
2024-05-07 22:10:00,62949.5,62968.47,62805.0,62819.96,135.19633
2024-05-07 22:15:00,62819.96,62904.24,62738.8,62828.0,235.31665
2024-05-07 22:20:00,62828.0,62908.97,62827.99,62892.29,89.02104
2024-05-07 22:25:00,62892.28,63037.24,62881.4,63010.01,120.37385
2024-05-07 22:30:00,63010.0,63123.6,62999.64,63087.24,176.72312
2024-05-07 22:35:00,63087.24,63103.86,63010.5,63041.91,120.79018
2024-05-07 22:40:00,63041.91,63072.01,63009.72,63011.99,116.08419
2024-05-07 22:45:00,63011.99,63035.0,62910.28,62911.63,157.78902
2024-05-07 22:50:00,62911.63,62940.0,62840.99,62888.01,56.6709
2024-05-07 22:55:00,62888.01,62888.01,62840.0,62850.92,41.5825
2024-05-07 23:00:00,62850.92,62880.0,62339.28,62415.13,754.73884
2024-05-07 23:05:00,62415.13,62550.23,62261.0,62474.13,323.70792
2024-05-07 23:10:00,62474.13,62481.99,62370.0,62425.93,153.32505
2024-05-07 23:15:00,62425.94,62425.94,62284.5,62284.51,228.68793
2024-05-07 23:20:00,62284.5,62441.94,62261.0,62388.48,192.79508
2024-05-07 23:25:00,62388.48,62446.35,62310.0,62340.01,86.28374
2024-05-07 23:30:00,62340.01,62452.13,62304.82,62430.01,64.00949
2024-05-07 23:35:00,62430.0,62494.0,62427.63,62480.0,54.3947
2024-05-07 23:40:00,62479.99,62516.12,62464.0,62484.01,36.88
2024-05-07 23:45:00,62484.0,62508.0,62405.05,62412.0,50.74946
2024-05-07 23:50:00,62411.99,62412.0,62320.57,62376.62,47.86265
2024-05-07 23:55:00,62376.62,62376.63,62264.55,62312.08,91.31325
2024-05-08 00:00:00,62312.07,62413.82,62281.09,62369.85,98.56118
2024-05-08 00:05:00,62369.86,62475.96,62344.0,62474.08,63.67807
2024-05-08 00:10:00,62474.07,62500.0,62411.58,62461.98,140.36154
2024-05-08 00:15:00,62461.98,62581.47,62381.06,62546.0,87.21798
2024-05-08 00:20:00,62545.99,62561.99,62473.98,62561.99,35.46626
2024-05-08 00:25:00,62561.98,62561.99,62400.45,62444.12,86.34387
2024-05-08 00:30:00,62444.13,62490.0,62111.0,62485.49,246.22353
2024-05-08 00:35:00,62485.49,62729.77,62360.97,62661.95,287.0506
2024-05-08 00:40:00,62661.94,62682.0,62569.92,62601.99,122.41279
2024-05-08 00:45:00,62601.99,62650.0,62512.46,62646.19,57.44618
2024-05-08 00:50:00,62646.19,62649.33,62564.0,62573.72,39.17754
2024-05-08 00:55:00,62573.73,62627.95,62573.71,62586.01,26.53628
2024-05-08 01:00:00,62586.01,62616.02,62515.8,62554.54,63.393
2024-05-08 01:05:00,62554.53,62667.03,62554.53,62643.0,91.23308
2024-05-08 01:10:00,62643.01,62699.55,62600.7,62614.83,63.00618
2024-05-08 01:15:00,62614.84,62718.38,62563.54,62563.55,40.7018
2024-05-08 01:20:00,62563.55,62608.0,62524.27,62536.01,27.78967
2024-05-08 01:25:00,62536.01,62590.0,62490.0,62550.01,47.78006
2024-05-08 01:30:00,62550.01,62566.99,62430.0,62482.82,120.66635
2024-05-08 01:35:00,62482.82,62661.02,62467.05,62636.0,163.83365
2024-05-08 01:40:00,62636.01,62658.0,62559.77,62574.68,56.01503
2024-05-08 01:45:00,62574.67,62610.0,62512.86,62607.55,74.10341
2024-05-08 01:50:00,62607.54,62617.97,62552.0,62572.0,24.95461
2024-05-08 01:55:00,62572.01,62572.01,62510.26,62530.31,18.26496
2024-05-08 02:00:00,62530.31,62706.48,62530.3,62685.63,51.62093
2024-05-08 02:05:00,62685.64,62757.49,62640.0,62722.01,52.54
2024-05-08 02:10:00,62722.0,62750.0,62643.81,62726.0,57.72222
2024-05-08 02:15:00,62726.0,62738.0,62644.13,62645.93,66.17788
2024-05-08 02:20:00,62645.93,62793.76,62645.92,62770.0,66.37254
2024-05-08 02:25:00,62770.0,62819.99,62740.6,62740.61,52.04415
2024-05-08 02:30:00,62740.61,62771.99,62713.49,62722.0,40.01732
2024-05-08 02:35:00,62721.99,62780.0,62721.99,62771.76,37.58682
2024-05-08 02:40:00,62771.77,62823.66,62754.74,62804.01,57.86029
2024-05-08 02:45:00,62804.0,62849.03,62760.0,62849.03,58.04572
2024-05-08 02:50:00,62849.03,62849.03,62774.17,62774.18,24.64857
2024-05-08 02:55:00,62774.17,62819.99,62754.75,62756.01,44.24426
2024-05-08 03:00:00,62756.0,62803.06,62742.01,62798.73,31.64259
2024-05-08 03:05:00,62798.73,62822.76,62769.32,62772.0,41.1055
2024-05-08 03:10:00,62772.0,62772.01,62720.0,62745.41,32.4348
2024-05-08 03:15:00,62745.4,62780.23,62649.3,62649.3,40.01816
2024-05-08 03:20:00,62649.31,62673.91,62588.0,62663.99,56.93933
2024-05-08 03:25:00,62663.98,62724.0,62663.98,62712.0,38.57548
2024-05-08 03:30:00,62712.0,62750.0,62701.58,62718.2,56.6788
2024-05-08 03:35:00,62718.19,62777.11,62718.19,62760.26,42.31053
2024-05-08 03:40:00,62760.27,62973.18,62754.0,62922.01,124.67214
2024-05-08 03:45:00,62922.01,62970.0,62888.0,62904.01,79.17169
2024-05-08 03:50:00,62904.01,62951.8,62873.08,62920.0,52.58716
2024-05-08 03:55:00,62920.0,62920.01,62858.33,62893.99,50.58842
2024-05-08 04:00:00,62894.0,62921.99,62858.33,62921.98,62.67201
2024-05-08 04:05:00,62921.98,62944.64,62893.83,62916.08,93.71057
2024-05-08 04:10:00,62916.08,62931.32,62883.27,62891.99,56.24127
2024-05-08 04:15:00,62891.99,62948.0,62882.0,62947.99,32.05828
2024-05-08 04:20:00,62948.0,63020.22,62888.0,62913.99,86.38995
2024-05-08 04:25:00,62914.0,62914.0,62796.54,62796.55,80.00884
2024-05-08 04:30:00,62796.54,62796.55,62669.13,62689.98,60.99926
2024-05-08 04:35:00,62689.99,62724.0,62573.25,62612.26,107.92432
2024-05-08 04:40:00,62612.26,62612.26,62358.09,62548.22,158.75414
2024-05-08 04:45:00,62548.22,62655.99,62540.0,62655.98,72.87167
2024-05-08 04:50:00,62655.98,62655.99,62600.0,62613.72,35.10344
2024-05-08 04:55:00,62613.72,62639.99,62492.97,62520.15,103.31392
2024-05-08 05:00:00,62520.15,62539.77,62361.51,62442.0,104.4874
2024-05-08 05:05:00,62442.0,62489.4,62400.67,62478.0,42.49109
2024-05-08 05:10:00,62478.0,62537.02,62478.0,62493.99,34.30639
2024-05-08 05:15:00,62494.0,62600.0,62460.0,62590.65,34.96054
2024-05-08 05:20:00,62590.64,62609.61,62562.0,62596.0,63.31647
2024-05-08 05:25:00,62596.01,62665.96,62596.0,62642.01,41.12126
2024-05-08 05:30:00,62642.01,62760.0,62618.0,62720.02,45.29239
2024-05-08 05:35:00,62720.02,62747.14,62690.49,62700.0,30.76353
2024-05-08 05:40:00,62699.99,62700.0,62670.0,62698.77,26.49528
2024-05-08 05:45:00,62698.78,62698.78,62610.0,62635.21,47.99246
2024-05-08 05:50:00,62635.21,62645.91,62571.23,62645.91,46.02192
2024-05-08 05:55:00,62645.9,62645.92,62600.0,62617.71,47.48945
2024-05-08 06:00:00,62617.71,62709.63,62591.99,62676.84,74.46781
2024-05-08 06:05:00,62676.84,62688.0,62626.44,62636.0,37.57667
2024-05-08 06:10:00,62635.99,62636.0,62518.61,62540.0,74.87524
2024-05-08 06:15:00,62539.99,62540.0,62400.0,62406.0,179.81302
2024-05-08 06:20:00,62406.0,62406.0,62182.97,62226.01,263.85336
2024-05-08 06:25:00,62226.01,62269.58,62135.48,62185.99,123.54781
2024-05-08 06:30:00,62186.0,62354.49,62146.31,62334.0,113.34688
2024-05-08 06:35:00,62333.99,62535.99,62244.7,62513.01,171.74118
2024-05-08 06:40:00,62513.0,62520.0,62417.69,62433.38,95.20532
2024-05-08 06:45:00,62433.37,62496.1,62400.0,62473.99,71.98622
2024-05-08 06:50:00,62473.99,62507.36,62451.87,62488.01,32.80812
2024-05-08 06:55:00,62488.01,62548.0,62488.0,62505.98,60.74777
2024-05-08 07:00:00,62505.99,62603.64,62461.51,62502.93,75.76211
2024-05-08 07:05:00,62502.94,62510.67,62349.99,62375.38,94.97528
2024-05-08 07:10:00,62375.38,62384.06,62314.0,62356.15,58.51398
2024-05-08 07:15:00,62356.15,62395.32,62350.0,62370.0,63.48296
2024-05-08 07:20:00,62370.01,62387.15,62240.0,62240.01,76.6604
2024-05-08 07:25:00,62240.0,62243.49,62180.0,62190.0,58.8261
2024-05-08 07:30:00,62190.0,62280.02,62172.32,62280.01,78.02628
2024-05-08 07:35:00,62280.01,62298.45,62250.96,62262.11,45.33639
2024-05-08 07:40:00,62262.11,62314.02,62250.0,62314.01,57.9033
2024-05-08 07:45:00,62314.02,62359.99,62265.93,62265.94,45.48718
2024-05-08 07:50:00,62265.94,62280.0,62020.09,62237.81,331.96529
2024-05-08 07:55:00,62237.82,62237.82,62152.01,62208.0,58.20396
2024-05-08 08:00:00,62208.0,62309.99,62073.87,62270.92,108.88556
2024-05-08 08:05:00,62270.92,62310.0,62141.38,62182.04,83.69873
2024-05-08 08:10:00,62182.03,62209.99,62042.0,62202.01,123.63259
2024-05-08 08:15:00,62202.0,62269.6,62197.32,62262.41,97.28581
2024-05-08 08:20:00,62262.42,62391.35,62255.08,62328.54,64.28023
2024-05-08 08:25:00,62328.54,62333.99,62260.61,62289.61,53.22639
2024-05-08 08:30:00,62289.62,62381.98,62243.49,62350.01,77.31429
2024-05-08 08:35:00,62350.0,62427.97,62292.61,62328.66,85.21868
2024-05-08 08:40:00,62328.65,62340.0,62220.0,62232.23,74.27024
2024-05-08 08:45:00,62232.23,62232.24,62087.0,62131.71,113.05479
2024-05-08 08:50:00,62131.71,62226.16,62130.0,62160.88,83.55402
2024-05-08 08:55:00,62160.88,62413.24,62155.95,62375.99,67.99601
2024-05-08 09:00:00,62375.99,62428.0,62310.0,62332.0,95.47094
2024-05-08 09:05:00,62331.99,62355.06,62261.12,62315.99,34.89921
2024-05-08 09:10:00,62315.99,62360.0,62259.05,62276.58,38.06126
2024-05-08 09:15:00,62276.58,62297.36,62184.44,62184.44,66.45795
2024-05-08 09:20:00,62184.44,62194.0,62101.54,62162.0,96.9917
2024-05-08 09:25:00,62162.0,62320.0,62160.06,62207.99,74.40669
2024-05-08 09:30:00,62208.0,62249.38,62114.7,62141.28,82.65546
2024-05-08 09:35:00,62141.27,62198.84,62090.0,62140.0,150.50018
2024-05-08 09:40:00,62140.0,62196.9,62082.3,62100.01,54.30367
2024-05-08 09:45:00,62100.0,62214.0,62100.0,62212.3,62.64884
2024-05-08 09:50:00,62212.31,62287.97,62208.0,62268.01,159.00286
2024-05-08 09:55:00,62268.0,62335.76,62224.0,62302.01,85.59924
2024-05-08 10:00:00,62302.0,62356.25,62264.19,62322.07,78.69954
2024-05-08 10:05:00,62322.06,62344.85,62284.0,62329.99,49.46716
2024-05-08 10:10:00,62330.0,62346.63,62286.42,62336.24,64.38106
2024-05-08 10:15:00,62336.23,62414.0,62336.23,62391.99,117.14075
2024-05-08 10:20:00,62391.99,62514.75,62391.99,62497.54,94.60696
2024-05-08 10:25:00,62497.54,62497.54,62422.0,62484.01,86.43558
2024-05-08 10:30:00,62484.0,62519.7,62410.77,62423.31,63.50641
2024-05-08 10:35:00,62423.32,62453.47,62377.36,62377.36,57.21924
2024-05-08 10:40:00,62377.37,62450.0,62377.36,62382.01,36.59704
2024-05-08 10:45:00,62382.01,62438.0,62382.0,62418.09,57.13116
2024-05-08 10:50:00,62418.08,62449.99,62408.0,62438.0,38.18657
2024-05-08 10:55:00,62437.99,62497.81,62437.99,62450.05,66.30667
2024-05-08 11:00:00,62450.06,62507.0,62393.34,62498.01,48.69407
2024-05-08 11:05:00,62498.0,62498.01,62220.0,62279.13,108.14698
2024-05-08 11:10:00,62279.14,62292.0,62182.63,62236.89,95.62698
2024-05-08 11:15:00,62236.88,62303.55,62167.81,62270.54,47.15245
2024-05-08 11:20:00,62270.54,62278.32,62172.04,62200.01,61.18569
2024-05-08 11:25:00,62200.0,62204.0,62131.41,62172.0,46.49639
2024-05-08 11:30:00,62172.0,62251.39,62140.22,62251.39,45.47885
2024-05-08 11:35:00,62251.39,62317.58,62245.92,62310.0,30.18255
2024-05-08 11:40:00,62310.0,62380.0,62298.38,62320.0,29.53268
2024-05-08 11:45:00,62320.01,62425.69,62271.0,62372.0,55.73118
2024-05-08 11:50:00,62372.0,62388.0,62266.0,62300.0,52.70539
2024-05-08 11:55:00,62299.99,62300.0,62226.0,62243.4,49.43051
2024-05-08 12:00:00,62243.4,62360.64,62226.0,62340.0,43.26165
2024-05-08 12:05:00,62340.0,62450.14,62337.95,62432.01,79.8758
2024-05-08 12:10:00,62432.01,62440.0,62373.24,62420.02,59.88106
2024-05-08 12:15:00,62420.01,62420.02,62288.4,62345.89,59.03822
2024-05-08 12:20:00,62345.89,62347.02,62244.44,62342.55,50.31843
2024-05-08 12:25:00,62342.56,62375.94,62327.99,62343.99,31.42278
2024-05-08 12:30:00,62343.99,62386.67,62250.15,62250.15,36.27981
2024-05-08 12:35:00,62250.16,62284.79,62158.0,62172.15,83.85917
2024-05-08 12:40:00,62172.16,62252.96,62127.75,62172.13,91.13471
2024-05-08 12:45:00,62172.14,62211.7,62093.75,62123.5,75.3362
2024-05-08 12:50:00,62123.51,62230.01,62112.44,62131.95,56.29485
2024-05-08 12:55:00,62131.95,62242.89,62131.94,62238.29,63.5933
2024-05-08 13:00:00,62238.29,62265.36,62113.58,62131.4,60.44285
2024-05-08 13:05:00,62131.4,62131.41,61878.26,62026.21,277.21742
2024-05-08 13:10:00,62026.2,62026.21,61869.84,61909.69,215.40586
2024-05-08 13:15:00,61909.69,62199.63,61909.69,62058.0,172.21117
2024-05-08 13:20:00,62057.99,62140.0,62050.61,62070.0,47.69449
2024-05-08 13:25:00,62070.0,62137.65,62006.77,62022.35,91.05867
2024-05-08 13:30:00,62022.36,62087.45,61909.09,61911.44,170.51371
2024-05-08 13:35:00,61911.44,62019.38,61833.2,61913.99,242.92449
2024-05-08 13:40:00,61913.99,61939.81,61761.0,61872.0,218.13962
2024-05-08 13:45:00,61872.0,62070.45,61871.99,62069.99,157.64623
2024-05-08 13:50:00,62069.99,62160.01,62052.34,62151.76,132.18292
2024-05-08 13:55:00,62151.75,62461.28,62151.75,62447.61,261.64735
2024-05-08 14:00:00,62447.6,62452.24,62325.29,62378.91,138.62335
2024-05-08 14:05:00,62378.91,62378.91,62229.01,62275.96,90.66123
2024-05-08 14:10:00,62275.95,62355.28,62179.99,62209.0,88.03754
2024-05-08 14:15:00,62209.0,62398.0,62160.72,62377.98,201.84178
2024-05-08 14:20:00,62377.98,62670.0,62364.0,62665.97,195.73856
2024-05-08 14:25:00,62665.97,62665.98,62491.99,62510.76,121.09767
2024-05-08 14:30:00,62510.76,62561.28,62410.0,62478.71,96.17951
2024-05-08 14:35:00,62478.72,62630.2,62459.45,62625.01,132.27139
2024-05-08 14:40:00,62625.0,62739.87,62579.82,62732.0,173.45598
2024-05-08 14:45:00,62732.01,62828.0,62601.24,62721.99,320.09104
2024-05-08 14:50:00,62722.0,62722.0,62635.21,62639.56,83.56102
2024-05-08 14:55:00,62639.57,62656.0,62560.0,62560.01,62.38656
2024-05-08 15:00:00,62560.0,62604.35,62504.57,62535.99,99.49055
2024-05-08 15:05:00,62535.99,62542.01,62321.66,62321.67,142.83732
2024-05-08 15:10:00,62321.66,62349.99,62164.43,62257.27,96.79995
2024-05-08 15:15:00,62257.28,62266.03,61943.05,62040.06,374.36723
2024-05-08 15:20:00,62040.06,62042.0,61886.86,61936.21,173.8548
2024-05-08 15:25:00,61936.21,62141.76,61936.21,62119.12,109.35056
2024-05-08 15:30:00,62119.11,62245.0,62022.04,62212.71,120.17319
2024-05-08 15:35:00,62212.7,62354.84,62212.7,62316.17,138.11513
2024-05-08 15:40:00,62316.16,62327.74,62182.49,62240.02,92.36062
2024-05-08 15:45:00,62240.02,62444.77,62213.52,62444.76,112.60327
2024-05-08 15:50:00,62444.76,62519.99,62288.23,62288.24,142.39997
2024-05-08 15:55:00,62288.24,62335.82,62203.8,62273.08,74.56813
2024-05-08 16:00:00,62273.07,62296.46,62081.01,62086.23,92.85651
2024-05-08 16:05:00,62086.23,62194.83,62068.31,62096.89,73.74029
2024-05-08 16:10:00,62096.88,62296.0,62000.0,62272.51,138.62646
2024-05-08 16:15:00,62272.51,62330.1,62202.8,62276.86,58.89959
2024-05-08 16:20:00,62276.86,62319.91,62220.01,62306.45,58.50402
2024-05-08 16:25:00,62306.46,62318.62,62232.23,62282.04,43.22491
2024-05-08 16:30:00,62282.05,62369.57,62282.04,62314.36,82.41077
2024-05-08 16:35:00,62314.36,62327.17,62180.9,62326.81,55.2528
2024-05-08 16:40:00,62326.8,62371.87,62252.72,62252.85,48.08632
2024-05-08 16:45:00,62252.84,62339.0,62235.85,62280.39,35.38321
2024-05-08 16:50:00,62280.4,62356.83,62264.68,62356.83,52.96369
2024-05-08 16:55:00,62356.83,62444.45,62339.6,62444.45,60.57079
2024-05-08 17:00:00,62444.45,62621.15,62368.06,62600.41,146.08398
2024-05-08 17:05:00,62600.41,62622.0,62516.48,62558.26,112.38724
2024-05-08 17:10:00,62558.27,62594.0,62481.24,62557.16,40.97747
2024-05-08 17:15:00,62557.16,62574.11,62507.55,62546.0,41.54171
2024-05-08 17:20:00,62546.0,62546.0,62448.0,62474.01,40.73706
2024-05-08 17:25:00,62474.0,62579.28,62470.36,62531.91,40.67958
2024-05-08 17:30:00,62531.9,62685.7,62515.8,62588.69,85.96594
2024-05-08 17:35:00,62588.69,62600.0,62462.59,62475.51,40.59944
2024-05-08 17:40:00,62475.5,62516.52,62461.97,62503.3,40.30389
2024-05-08 17:45:00,62503.29,62516.52,62475.13,62496.18,29.98237
2024-05-08 17:50:00,62496.17,62580.03,62425.15,62534.36,66.64969
2024-05-08 17:55:00,62534.35,62595.53,62534.35,62594.18,35.72869
2024-05-08 18:00:00,62594.19,62646.43,62551.0,62614.0,53.12349
2024-05-08 18:05:00,62614.0,62620.0,62582.4,62600.0,44.17308
2024-05-08 18:10:00,62599.99,62683.33,62599.99,62637.72,44.3637
2024-05-08 18:15:00,62637.71,62714.85,62630.81,62701.49,53.76395
2024-05-08 18:20:00,62701.5,62760.0,62688.4,62725.83,80.62174
2024-05-08 18:25:00,62725.82,62731.14,62668.19,62703.4,43.54491
2024-05-08 18:30:00,62703.41,62740.0,62640.0,62640.0,53.91207
2024-05-08 18:35:00,62640.0,62640.01,62537.09,62606.24,69.41259
2024-05-08 18:40:00,62606.23,62634.5,62500.0,62549.19,44.8998
2024-05-08 18:45:00,62549.19,62560.0,62500.0,62512.38,41.49472
2024-05-08 18:50:00,62512.38,62523.12,62450.0,62494.89,50.05886
2024-05-08 18:55:00,62494.88,62540.07,62492.51,62515.46,26.18096
2024-05-08 19:00:00,62515.46,62540.0,62460.16,62529.43,77.7049
2024-05-08 19:05:00,62529.43,62548.71,62462.65,62470.01,60.34609
2024-05-08 19:10:00,62470.01,62474.37,62272.06,62285.26,102.27695
2024-05-08 19:15:00,62285.26,62340.0,62208.15,62208.16,85.12885
2024-05-08 19:20:00,62208.16,62216.4,62083.64,62094.96,142.51878
2024-05-08 19:25:00,62094.97,62103.99,61949.42,62059.57,224.77014
2024-05-08 19:30:00,62059.57,62213.64,62036.94,62169.71,117.98724
2024-05-08 19:35:00,62169.72,62260.0,62148.72,62251.58,51.7436
2024-05-08 19:40:00,62251.58,62340.03,62242.48,62340.02,80.55204
2024-05-08 19:45:00,62340.03,62418.19,62240.25,62304.4,87.72693
2024-05-08 19:50:00,62304.4,62336.1,62280.0,62290.0,68.24445
2024-05-08 19:55:00,62290.0,62315.61,62156.28,62179.45,74.43423
2024-05-08 20:00:00,62179.45,62248.84,62166.8,62168.37,56.20781
2024-05-08 20:05:00,62168.38,62170.0,62092.37,62153.21,62.24343
2024-05-08 20:10:00,62153.21,62168.36,62025.6,62042.01,55.46313
2024-05-08 20:15:00,62042.0,62127.65,61561.0,61623.53,566.18928
2024-05-08 20:20:00,61623.53,61912.3,61620.05,61729.95,246.62549
2024-05-08 20:25:00,61729.94,61800.0,61643.31,61747.6,109.64572
2024-05-08 20:30:00,61747.6,61755.59,61546.37,61671.77,172.88548
2024-05-08 20:35:00,61671.78,61714.24,61605.94,61652.35,88.73593
2024-05-08 20:40:00,61652.34,61699.99,61604.65,61660.53,106.14153
2024-05-08 20:45:00,61660.53,61660.54,61429.62,61546.39,242.93339
2024-05-08 20:50:00,61546.4,61596.11,61480.0,61480.01,110.14348
2024-05-08 20:55:00,61480.01,61608.69,61475.3,61570.01,79.23003
2024-05-08 21:00:00,61570.0,61649.74,61473.5,61621.2,91.40282
2024-05-08 21:05:00,61621.2,61621.2,61481.23,61542.75,61.7957
2024-05-08 21:10:00,61542.74,61542.75,61468.49,61504.33,54.94347
2024-05-08 21:15:00,61504.34,61562.54,61440.83,61562.4,108.80274
2024-05-08 21:20:00,61562.4,61565.27,61382.0,61515.65,199.32392
2024-05-08 21:25:00,61515.66,61763.37,61505.92,61650.01,134.64995
2024-05-08 21:30:00,61650.0,61757.93,61556.35,61629.08,75.05349
2024-05-08 21:35:00,61629.08,61631.97,61526.38,61580.33,35.39601
2024-05-08 21:40:00,61580.33,61680.0,61563.6,61648.18,39.28938
2024-05-08 21:45:00,61648.18,61649.03,61418.44,61418.44,36.22082
2024-05-08 21:50:00,61418.44,61554.97,61407.87,61433.61,61.61549
2024-05-08 21:55:00,61433.61,61523.61,61433.6,61485.94,39.95575
2024-05-08 22:00:00,61485.95,61561.39,61450.0,61541.99,90.62616
2024-05-08 22:05:00,61541.99,61568.85,61481.69,61481.7,72.34673
2024-05-08 22:10:00,61481.7,61481.7,61170.0,61220.96,402.975
2024-05-08 22:15:00,61220.97,61272.5,61103.26,61267.68,341.14532
2024-05-08 22:20:00,61267.67,61315.74,61228.89,61315.73,73.54964
2024-05-08 22:25:00,61315.73,61384.4,61260.6,61378.01,58.55428
2024-05-08 22:30:00,61378.0,61426.49,61290.0,61301.49,67.95731
2024-05-08 22:35:00,61301.49,61439.87,61292.0,61325.14,86.17983
2024-05-08 22:40:00,61325.14,61325.15,61229.8,61259.76,153.0495
2024-05-08 22:45:00,61259.77,61350.59,61246.05,61308.01,69.95298
2024-05-08 22:50:00,61308.02,61308.02,61253.21,61258.78,20.26777
2024-05-08 22:55:00,61258.79,61287.19,61165.3,61251.01,63.89225
2024-05-08 23:00:00,61251.02,61256.97,61066.0,61066.0,180.79217
2024-05-08 23:05:00,61066.0,61103.88,60974.63,61009.41,349.4304
2024-05-08 23:10:00,61009.41,61212.57,61003.84,61191.81,141.97623
2024-05-08 23:15:00,61191.8,61191.81,60994.6,61021.56,120.5656
2024-05-08 23:20:00,61021.55,61021.56,60900.0,60932.11,164.24688
2024-05-08 23:25:00,60932.11,61004.25,60888.0,60996.73,87.99168
2024-05-08 23:30:00,60996.73,61056.76,60956.07,61030.01,134.15693
2024-05-08 23:35:00,61030.01,61111.11,61028.0,61100.17,79.22363
2024-05-08 23:40:00,61100.16,61100.17,60988.0,61059.99,103.42681
2024-05-08 23:45:00,61060.0,61211.0,61059.99,61210.99,109.77631
2024-05-08 23:50:00,61211.0,61280.46,61188.6,61220.0,91.7506
2024-05-08 23:55:00,61220.0,61226.0,61176.24,61193.03,51.89559
2024-05-09 00:00:00,61193.03,61267.94,61144.33,61250.01,86.97203
2024-05-09 00:05:00,61250.01,61256.13,61196.25,61221.99,88.71083
2024-05-09 00:10:00,61221.99,61332.23,61192.0,61272.82,77.11584
2024-05-09 00:15:00,61272.82,61298.24,61202.47,61245.99,55.20117
2024-05-09 00:20:00,61245.99,61320.0,61244.2,61319.99,31.45326
2024-05-09 00:25:00,61319.99,61388.0,61275.07,61377.11,58.66409
2024-05-09 00:30:00,61377.11,61397.35,61324.61,61383.24,44.76852
2024-05-09 00:35:00,61383.23,61419.99,61337.41,61400.01,59.83965
2024-05-09 00:40:00,61400.01,61468.14,61387.41,61455.12,63.36402
2024-05-09 00:45:00,61455.13,61455.13,61389.04,61428.93,25.95479
2024-05-09 00:50:00,61428.92,61441.78,61366.03,61441.46,53.83233
2024-05-09 00:55:00,61441.46,61464.2,61400.0,61400.0,23.98897
2024-05-09 01:00:00,61400.01,61482.26,61380.54,61455.14,62.16456
2024-05-09 01:05:00,61455.15,61516.0,61415.56,61466.77,49.12683
2024-05-09 01:10:00,61466.77,61539.49,61466.77,61538.0,63.4534
2024-05-09 01:15:00,61538.01,61538.01,61478.09,61501.79,66.62393
2024-05-09 01:20:00,61501.79,61509.99,61460.0,61499.99,70.24598
2024-05-09 01:25:00,61500.0,61540.59,61480.0,61510.43,83.08157
2024-05-09 01:30:00,61510.44,61515.01,61464.0,61497.99,54.30242
2024-05-09 01:35:00,61497.99,61498.0,61448.97,61448.98,34.82511
2024-05-09 01:40:00,61448.98,61482.01,61422.74,61458.24,57.93809
2024-05-09 01:45:00,61458.24,61505.92,61458.24,61505.92,26.01658
2024-05-09 01:50:00,61505.92,61505.92,61488.16,61501.9,15.81141
2024-05-09 01:55:00,61501.9,61567.41,61501.89,61551.0,23.8078
2024-05-09 02:00:00,61550.99,61572.59,61520.19,61536.0,58.89275
2024-05-09 02:05:00,61535.99,61543.54,61526.08,61533.81,35.46444
2024-05-09 02:10:00,61533.82,61539.56,61490.34,61539.55,36.32728
2024-05-09 02:15:00,61539.55,61561.4,61538.85,61554.71,33.09459
2024-05-09 02:20:00,61554.71,61569.34,61544.28,61551.99,21.69933
2024-05-09 02:25:00,61551.99,61599.0,61551.99,61599.0,21.19933
2024-05-09 02:30:00,61598.99,61617.4,61500.0,61569.99,162.91514
2024-05-09 02:35:00,61569.99,61680.0,61569.99,61672.35,74.89233
2024-05-09 02:40:00,61672.35,61694.91,61670.0,61686.4,83.79869
2024-05-09 02:45:00,61686.39,61686.4,61637.8,61642.0,65.02489
2024-05-09 02:50:00,61642.0,61671.38,61641.99,61671.37,32.38192
2024-05-09 02:55:00,61671.38,61675.18,61662.21,61664.64,30.37259
2024-05-09 03:00:00,61664.64,61787.22,61641.99,61732.34,85.42046
2024-05-09 03:05:00,61732.34,61806.98,61732.33,61761.67,60.13375
2024-05-09 03:10:00,61761.68,61761.68,61529.93,61549.95,87.6519
2024-05-09 03:15:00,61549.94,61568.0,61431.68,61468.59,79.80346
2024-05-09 03:20:00,61468.59,61518.0,61468.59,61515.16,39.3077
2024-05-09 03:25:00,61515.17,61523.9,61423.24,61523.89,55.04367
2024-05-09 03:30:00,61523.89,61620.0,61523.89,61614.17,49.13146
2024-05-09 03:35:00,61614.18,61720.01,61602.62,61622.0,107.80643
2024-05-09 03:40:00,61621.99,61676.0,61621.99,61672.0,27.50751
2024-05-09 03:45:00,61672.0,61672.01,61613.4,61648.8,91.33079
2024-05-09 03:50:00,61648.8,61749.99,61642.77,61700.3,75.92372
2024-05-09 03:55:00,61700.3,61708.0,61680.0,61680.4,29.22998
2024-05-09 04:00:00,61680.4,61706.0,61646.81,61648.8,44.25842
2024-05-09 04:05:00,61648.81,61752.94,61648.8,61747.54,35.08163
2024-05-09 04:10:00,61747.53,61747.54,61697.23,61708.0,32.30395
2024-05-09 04:15:00,61708.0,61760.6,61675.84,61700.01,63.71995
2024-05-09 04:20:00,61700.0,61700.01,61593.49,61623.12,70.87728
2024-05-09 04:25:00,61623.12,61641.58,61519.13,61545.13,48.25405
2024-05-09 04:30:00,61545.13,61545.14,61420.0,61545.14,183.25723
2024-05-09 04:35:00,61545.13,61600.6,61494.85,61564.41,141.92099
2024-05-09 04:40:00,61564.41,61596.0,61537.4,61559.99,135.75916
2024-05-09 04:45:00,61560.0,61576.6,61556.0,61572.93,19.86523
2024-05-09 04:50:00,61572.92,61572.93,61500.0,61547.99,33.20815
2024-05-09 04:55:00,61548.0,61555.52,61490.82,61511.12,39.71447
2024-05-09 05:00:00,61511.13,61560.0,61499.34,61549.4,32.78321
2024-05-09 05:05:00,61549.39,61560.0,61541.21,61560.0,24.87576
2024-05-09 05:10:00,61559.99,61588.38,61559.99,61581.87,28.87578
2024-05-09 05:15:00,61581.86,61592.72,61567.83,61573.2,32.7712
2024-05-09 05:20:00,61573.19,61727.58,61573.19,61667.78,73.37407
2024-05-09 05:25:00,61667.78,61683.09,61494.56,61494.57,185.90641
2024-05-09 05:30:00,61494.57,61560.0,61444.44,61554.0,141.03629
2024-05-09 05:35:00,61554.01,61554.01,61510.04,61549.93,25.60103
2024-05-09 05:40:00,61549.93,61567.79,61549.93,61564.76,49.22409
2024-05-09 05:45:00,61564.75,61575.36,61554.0,61575.36,21.84424
2024-05-09 05:50:00,61575.36,61624.04,61560.96,61624.04,32.84423
2024-05-09 05:55:00,61624.04,61676.3,61580.0,61580.01,37.04905
2024-05-09 06:00:00,61580.01,61658.44,61580.0,61658.43,28.79937
2024-05-09 06:05:00,61658.44,61745.59,61658.43,61745.59,50.11478
2024-05-09 06:10:00,61745.59,61780.6,61727.27,61770.01,75.85957
2024-05-09 06:15:00,61770.01,61770.02,61667.94,61674.12,60.51978
2024-05-09 06:20:00,61674.11,61730.05,61646.03,61729.11,31.17178
2024-05-09 06:25:00,61729.12,61763.13,61680.0,61743.44,41.08959
2024-05-09 06:30:00,61743.43,61772.52,61672.48,61672.48,59.90983
2024-05-09 06:35:00,61672.49,61684.19,61632.66,61684.19,20.71512
2024-05-09 06:40:00,61684.18,61684.19,61607.44,61607.55,47.79396
2024-05-09 06:45:00,61607.54,61607.55,61530.69,61561.61,50.55852
2024-05-09 06:50:00,61561.61,61607.52,61531.93,61606.0,30.25787
2024-05-09 06:55:00,61606.01,61654.0,61588.88,61616.01,28.06532
2024-05-09 07:00:00,61616.0,61648.0,61539.99,61557.14,48.17659
2024-05-09 07:05:00,61557.14,61592.1,61532.58,61544.11,35.90289
2024-05-09 07:10:00,61544.11,61575.98,61500.79,61575.98,43.75199
2024-05-09 07:15:00,61575.98,61590.0,61486.0,61543.78,36.38173
2024-05-09 07:20:00,61543.79,61560.01,61500.0,61530.72,32.30196
2024-05-09 07:25:00,61530.73,61550.42,61454.15,61506.0,40.6203
2024-05-09 07:30:00,61505.99,61506.0,61460.69,61476.69,47.04828
2024-05-09 07:35:00,61476.69,61476.69,61306.97,61403.34,186.19343
2024-05-09 07:40:00,61403.34,61438.0,61380.0,61437.99,34.72844
2024-05-09 07:45:00,61437.99,61438.0,61234.02,61329.4,106.72842
2024-05-09 07:50:00,61329.4,61338.08,61129.0,61163.95,155.04148
2024-05-09 07:55:00,61163.95,61253.16,61163.94,61253.16,79.21536
2024-05-09 08:00:00,61253.16,61420.01,61242.0,61380.78,153.45211
2024-05-09 08:05:00,61380.78,61388.0,61280.0,61306.73,81.69129
2024-05-09 08:10:00,61306.73,61343.56,61139.79,61212.61,123.22403
2024-05-09 08:15:00,61212.61,61350.01,61204.49,61310.47,84.92306
2024-05-09 08:20:00,61310.47,61392.78,61293.56,61343.01,69.48471
2024-05-09 08:25:00,61343.01,61407.62,61309.14,61309.14,33.06715
2024-05-09 08:30:00,61309.15,61442.0,61309.14,61422.0,50.7389
2024-05-09 08:35:00,61422.01,61445.99,61392.0,61392.01,28.45909
2024-05-09 08:40:00,61392.0,61426.04,61380.36,61425.93,76.59528
2024-05-09 08:45:00,61425.93,61447.06,61379.53,61379.54,91.8716
2024-05-09 08:50:00,61379.53,61379.54,61264.6,61298.02,98.72221
2024-05-09 08:55:00,61298.02,61311.41,61264.61,61310.0,35.05125
2024-05-09 09:00:00,61309.99,61361.94,61151.0,61237.2,261.0356
2024-05-09 09:05:00,61237.2,61278.52,61230.0,61278.52,48.07689
2024-05-09 09:10:00,61278.51,61278.52,61181.94,61251.97,53.20749
2024-05-09 09:15:00,61251.97,61251.97,61082.2,61097.85,147.83716
2024-05-09 09:20:00,61097.85,61170.0,60988.0,60998.0,193.32708
2024-05-09 09:25:00,60998.0,61112.0,60982.02,61075.76,119.02357
2024-05-09 09:30:00,61075.77,61127.86,61000.0,61032.42,96.52471
2024-05-09 09:35:00,61032.41,61059.14,60923.22,61050.01,151.97789
2024-05-09 09:40:00,61050.0,61109.43,61044.24,61067.6,82.42952
2024-05-09 09:45:00,61067.59,61103.81,60985.92,61047.29,85.27708
2024-05-09 09:50:00,61047.3,61160.0,61032.04,61159.99,61.53203
2024-05-09 09:55:00,61159.99,61300.0,61091.6,61289.99,252.91356
2024-05-09 10:00:00,61289.99,61321.76,61134.2,61210.2,129.02307
2024-05-09 10:05:00,61210.21,61210.21,61128.42,61186.05,62.99085
2024-05-09 10:10:00,61186.04,61186.05,61101.01,61184.0,37.65968
2024-05-09 10:15:00,61184.0,61184.0,60988.0,61004.0,113.59984
2024-05-09 10:20:00,61004.0,61066.26,60978.15,60995.53,136.02994
2024-05-09 10:25:00,60995.52,61020.0,60971.8,61018.57,71.26927
2024-05-09 10:30:00,61018.57,61059.96,60977.57,61039.98,121.52103
2024-05-09 10:35:00,61039.99,61129.62,61039.98,61102.0,84.07068
2024-05-09 10:40:00,61102.01,61144.33,61033.86,61058.98,42.5661
2024-05-09 10:45:00,61058.99,61184.4,61056.41,61144.26,52.64255
2024-05-09 10:50:00,61144.25,61185.4,61097.86,61121.54,66.53899
2024-05-09 10:55:00,61121.53,61121.54,60774.67,60805.99,355.08416
2024-05-09 11:00:00,60805.99,60928.19,60630.0,60739.98,503.23976
2024-05-09 11:05:00,60739.97,60847.0,60720.01,60801.8,126.24702
2024-05-09 11:10:00,60801.79,60956.92,60801.79,60956.91,103.78148
2024-05-09 11:15:00,60956.92,60993.05,60898.27,60931.95,69.86296
2024-05-09 11:20:00,60931.96,60970.0,60930.0,60966.72,57.52967
2024-05-09 11:25:00,60966.71,61038.04,60960.6,60960.61,75.29342
2024-05-09 11:30:00,60960.6,61029.2,60930.38,61029.2,66.8604
2024-05-09 11:35:00,61029.19,61063.88,61006.21,61062.8,42.93467
2024-05-09 11:40:00,61062.81,61162.0,61000.0,61150.81,244.30328
2024-05-09 11:45:00,61150.8,61177.94,61130.0,61139.99,151.48975
2024-05-09 11:50:00,61139.99,61163.49,61084.55,61106.71,107.3217
2024-05-09 11:55:00,61106.71,61106.71,61053.99,61053.99,60.06741
2024-05-09 12:00:00,61053.99,61165.91,61025.42,61104.6,108.59968
2024-05-09 12:05:00,61104.59,61208.33,61104.59,61166.01,63.24413
2024-05-09 12:10:00,61166.01,61228.0,61166.0,61214.54,88.99807
2024-05-09 12:15:00,61214.55,61246.8,61188.0,61235.7,45.25979
2024-05-09 12:20:00,61235.69,61289.94,61192.0,61203.6,76.64474
2024-05-09 12:25:00,61203.61,61228.21,61195.61,61218.83,32.34175
2024-05-09 12:30:00,61218.84,61631.03,61218.83,61409.53,551.08038
2024-05-09 12:35:00,61409.53,61455.26,61311.03,61356.0,131.65684
2024-05-09 12:40:00,61356.0,61542.68,61335.55,61480.0,182.974
2024-05-09 12:45:00,61480.0,61513.14,61414.21,61470.01,81.37217
2024-05-09 12:50:00,61470.01,61535.0,61442.77,61519.23,68.7301
2024-05-09 12:55:00,61519.23,61564.39,61500.0,61516.66,83.10903
2024-05-09 13:00:00,61516.66,61538.73,61401.94,61427.99,79.15416
2024-05-09 13:05:00,61427.99,61510.0,61427.99,61461.51,47.84116
2024-05-09 13:10:00,61461.5,61512.11,61407.2,61457.94,152.61823
2024-05-09 13:15:00,61457.93,61465.81,61407.32,61424.2,50.47311
2024-05-09 13:20:00,61424.19,61442.0,61336.79,61402.0,72.51321
2024-05-09 13:25:00,61401.99,61434.77,61357.2,61357.2,43.0154
2024-05-09 13:30:00,61357.2,61422.14,61270.0,61273.91,89.60252
2024-05-09 13:35:00,61273.91,61315.0,61119.99,61122.49,193.36391
2024-05-09 13:40:00,61122.49,61122.49,60924.85,61047.99,386.36489
2024-05-09 13:45:00,61047.98,61160.0,60882.19,61126.0,227.39574
2024-05-09 13:50:00,61126.0,61251.6,61098.28,61121.0,163.33429
2024-05-09 13:55:00,61120.99,61197.14,61078.4,61182.33,104.3155
2024-05-09 14:00:00,61182.32,61302.86,61127.12,61294.2,117.04097
2024-05-09 14:05:00,61294.2,61470.0,61280.0,61347.99,211.40194
2024-05-09 14:10:00,61347.99,61516.81,61320.0,61332.34,179.60916
2024-05-09 14:15:00,61332.33,61348.34,61170.35,61219.99,111.26379
2024-05-09 14:20:00,61220.0,61266.29,61119.1,61230.0,138.31895
2024-05-09 14:25:00,61229.99,61310.0,61205.94,61242.01,118.67473
2024-05-09 14:30:00,61242.0,61406.72,61242.0,61370.0,121.04462
2024-05-09 14:35:00,61369.99,61497.89,61355.54,61432.62,131.66294
2024-05-09 14:40:00,61432.62,61470.0,61334.2,61393.41,99.96359
2024-05-09 14:45:00,61393.41,61480.0,61360.0,61455.14,83.41477
2024-05-09 14:50:00,61455.14,61455.14,61380.0,61422.81,53.33903
2024-05-09 14:55:00,61422.81,61571.42,61410.0,61540.61,172.04399
2024-05-09 15:00:00,61540.6,61576.34,61465.36,61570.3,130.11361
2024-05-09 15:05:00,61570.29,61896.37,61570.28,61896.36,291.19032
2024-05-09 15:10:00,61896.37,62000.0,61794.36,61881.57,489.98262
2024-05-09 15:15:00,61881.58,61881.58,61672.0,61718.0,232.76868
2024-05-09 15:20:00,61717.99,61932.51,61717.99,61885.99,198.97594
2024-05-09 15:25:00,61885.99,62285.0,61885.99,62196.6,589.49238
2024-05-09 15:30:00,62196.61,62242.0,61903.85,62106.33,769.83905
2024-05-09 15:35:00,62106.33,62112.99,61976.4,62014.24,165.72429
2024-05-09 15:40:00,62014.24,62157.22,62014.24,62101.2,210.50974
2024-05-09 15:45:00,62101.2,62149.53,61940.64,61975.0,174.42752
2024-05-09 15:50:00,61975.01,62074.2,61955.0,62036.01,120.62794
2024-05-09 15:55:00,62036.0,62204.64,61998.48,62159.06,252.90141
2024-05-09 16:00:00,62159.06,62266.54,62100.0,62244.89,314.98317
2024-05-09 16:05:00,62244.89,62460.0,62244.88,62398.41,368.38826
2024-05-09 16:10:00,62398.41,62509.53,62394.69,62450.89,383.57817
2024-05-09 16:15:00,62450.89,62555.59,62408.44,62422.46,684.20067
2024-05-09 16:20:00,62422.46,62650.0,62422.45,62649.98,386.76095
2024-05-09 16:25:00,62649.99,62668.67,62479.89,62513.02,268.66205
2024-05-09 16:30:00,62513.02,62540.0,62342.97,62387.37,188.83533
2024-05-09 16:35:00,62387.38,62483.05,62360.16,62395.25,105.34729
2024-05-09 16:40:00,62395.26,62470.28,62290.0,62314.32,138.89202
2024-05-09 16:45:00,62314.33,62347.27,62114.03,62188.93,324.24001
2024-05-09 16:50:00,62188.93,62231.34,62020.0,62036.21,163.8086
2024-05-09 16:55:00,62036.21,62036.23,61820.77,61859.81,261.89209
2024-05-09 17:00:00,61859.8,61940.0,61750.0,61937.48,248.15151
2024-05-09 17:05:00,61937.48,61992.39,61830.0,61960.0,124.64459
2024-05-09 17:10:00,61959.99,62036.94,61924.33,61952.7,121.03736
2024-05-09 17:15:00,61952.69,61967.45,61814.95,61832.72,81.08866
2024-05-09 17:20:00,61832.73,61960.0,61795.58,61909.92,83.92617
2024-05-09 17:25:00,61909.93,62015.07,61909.92,61991.42,51.62315
2024-05-09 17:30:00,61991.43,62114.65,61940.46,62044.73,91.27413
2024-05-09 17:35:00,62044.73,62075.48,62009.15,62013.74,43.67388
2024-05-09 17:40:00,62013.74,62096.1,62013.73,62096.1,46.56294
2024-05-09 17:45:00,62096.09,62190.0,62096.09,62133.17,76.71595
2024-05-09 17:50:00,62133.17,62211.45,62113.95,62113.96,76.51052
2024-05-09 17:55:00,62113.96,62137.82,61944.95,61946.29,79.99332
2024-05-09 18:00:00,61946.3,62013.61,61890.0,62013.01,87.75244
2024-05-09 18:05:00,62013.01,62075.6,62011.81,62018.0,76.73967
2024-05-09 18:10:00,62017.99,62158.4,62006.18,62147.83,57.82361
2024-05-09 18:15:00,62147.83,62199.15,62123.8,62123.81,58.28276
2024-05-09 18:20:00,62123.81,62183.02,62080.0,62114.01,45.63052
2024-05-09 18:25:00,62114.0,62205.18,62113.95,62113.96,33.05521
2024-05-09 18:30:00,62113.95,62190.0,62032.08,62036.62,41.74837
2024-05-09 18:35:00,62036.62,62099.03,62015.7,62035.7,65.65039
2024-05-09 18:40:00,62035.69,62104.31,62000.95,62095.1,44.78425
2024-05-09 18:45:00,62095.1,62178.0,62054.2,62177.99,45.74928
2024-05-09 18:50:00,62178.0,62259.25,62177.99,62190.85,54.23853
2024-05-09 18:55:00,62190.85,62260.0,62190.84,62259.69,28.64085
2024-05-09 19:00:00,62259.68,62345.29,62242.67,62328.27,72.07631
2024-05-09 19:05:00,62328.27,62400.0,62222.8,62222.81,80.01857
2024-05-09 19:10:00,62222.8,62235.33,62199.15,62209.89,42.55977
2024-05-09 19:15:00,62209.89,62294.2,62180.0,62292.09,56.42051
2024-05-09 19:20:00,62292.08,62298.14,62236.74,62291.55,33.68389
2024-05-09 19:25:00,62291.55,62319.21,62225.62,62319.21,71.71481
2024-05-09 19:30:00,62319.2,62444.12,62292.9,62346.19,127.54012
2024-05-09 19:35:00,62346.2,62359.54,62290.63,62347.58,65.06041
2024-05-09 19:40:00,62347.58,62368.84,62290.64,62359.32,54.94681
2024-05-09 19:45:00,62359.32,62359.36,62275.89,62332.58,71.67437
2024-05-09 19:50:00,62332.58,62550.0,62281.69,62449.98,177.2797
2024-05-09 19:55:00,62449.99,62482.33,62406.99,62454.92,73.38929
2024-05-09 20:00:00,62454.92,62473.53,62390.23,62454.09,87.66568
2024-05-09 20:05:00,62454.1,62595.58,62440.01,62564.75,136.61664
2024-05-09 20:10:00,62564.75,62634.64,62534.63,62543.73,85.64235
2024-05-09 20:15:00,62543.74,62543.74,62377.4,62380.78,92.14462
2024-05-09 20:20:00,62380.78,62480.96,62380.78,62433.84,94.83858
2024-05-09 20:25:00,62433.84,62479.99,62400.91,62424.41,89.95633
2024-05-09 20:30:00,62424.4,62448.35,62346.36,62437.21,104.1939
2024-05-09 20:35:00,62437.2,62554.47,62430.51,62504.41,103.62995
2024-05-09 20:40:00,62504.42,62515.96,62482.32,62515.96,69.3355
2024-05-09 20:45:00,62515.95,62587.86,62451.62,62550.5,132.51106
2024-05-09 20:50:00,62550.5,62592.85,62531.38,62570.33,100.83613
2024-05-09 20:55:00,62570.32,62659.51,62570.32,62624.7,166.55919
2024-05-09 21:00:00,62624.7,62743.64,62613.76,62720.01,188.4335
2024-05-09 21:05:00,62720.0,62822.64,62692.23,62812.51,308.38517
2024-05-09 21:10:00,62812.52,62815.0,62682.0,62682.0,175.26037
2024-05-09 21:15:00,62682.01,62682.01,62567.76,62603.13,154.91583
2024-05-09 21:20:00,62603.14,62603.14,62484.79,62563.97,93.39036
2024-05-09 21:25:00,62563.97,62597.46,62547.8,62556.37,59.91156
2024-05-09 21:30:00,62556.37,62634.68,62500.0,62519.99,53.48248
2024-05-09 21:35:00,62519.99,62583.55,62447.44,62449.31,69.77822
2024-05-09 21:40:00,62449.31,62539.95,62433.1,62492.16,56.8378
2024-05-09 21:45:00,62492.15,62528.55,62492.15,62526.21,23.6207
2024-05-09 21:50:00,62526.21,62597.96,62426.82,62588.01,69.63287
2024-05-09 21:55:00,62588.0,62588.01,62534.0,62543.34,52.50567
2024-05-09 22:00:00,62543.34,62585.34,62493.0,62536.01,88.71174
2024-05-09 22:05:00,62536.01,62635.82,62532.9,62600.01,82.34654
2024-05-09 22:10:00,62600.01,62660.17,62586.0,62630.81,51.72656
2024-05-09 22:15:00,62630.81,62663.88,62587.91,62631.91,64.71392
2024-05-09 22:20:00,62631.92,62683.32,62631.91,62672.23,54.26324
2024-05-09 22:25:00,62672.24,62760.0,62672.23,62759.99,61.32607
2024-05-09 22:30:00,62760.0,62766.0,62670.0,62743.01,53.9091
2024-05-09 22:35:00,62743.01,62945.0,62743.0,62874.4,172.71533
2024-05-09 22:40:00,62874.4,63024.0,62850.69,62984.0,181.28696
2024-05-09 22:45:00,62984.01,63311.0,62934.0,63190.99,325.83132
2024-05-09 22:50:00,63190.99,63429.03,63166.16,63357.46,287.62919
2024-05-09 22:55:00,63357.45,63388.0,63244.61,63280.47,100.96566
2024-05-09 23:00:00,63280.46,63330.01,63195.49,63211.36,116.20301
2024-05-09 23:05:00,63211.37,63240.0,63120.24,63134.1,115.02401
2024-05-09 23:10:00,63134.09,63141.53,63006.38,63090.0,97.13476
2024-05-09 23:15:00,63090.01,63099.26,62932.5,62984.96,136.70042
2024-05-09 23:20:00,62984.96,62984.96,62888.0,62903.58,67.44688
2024-05-09 23:25:00,62903.58,62985.14,62903.58,62940.0,62.70997
2024-05-09 23:30:00,62940.01,62979.49,62912.09,62972.68,47.47202
2024-05-09 23:35:00,62972.67,62972.68,62862.72,62901.59,57.87105
2024-05-09 23:40:00,62901.59,62907.27,62872.0,62896.12,26.22592
2024-05-09 23:45:00,62896.11,63086.03,62896.11,63070.0,123.12774
2024-05-09 23:50:00,63070.0,63176.91,63062.0,63104.26,107.36104
2024-05-09 23:55:00,63104.26,63121.27,63034.88,63074.01,49.09272
2024-05-10 00:00:00,63074.0,63094.01,62920.0,62920.01,103.47454
2024-05-10 00:05:00,62920.01,62988.78,62908.11,62928.37,77.42833
2024-05-10 00:10:00,62928.38,62993.99,62924.01,62955.99,71.6848
2024-05-10 00:15:00,62955.99,62956.0,62835.0,62910.0,117.21168
2024-05-10 00:20:00,62910.0,62910.0,62857.86,62864.73,40.51638
2024-05-10 00:25:00,62864.72,62923.46,62797.85,62905.99,54.60515
2024-05-10 00:30:00,62905.99,62906.0,62852.66,62871.02,32.97922
2024-05-10 00:35:00,62871.03,62871.03,62786.03,62799.05,65.73256
2024-05-10 00:40:00,62799.06,62857.99,62778.7,62857.98,64.38698
2024-05-10 00:45:00,62857.99,62857.99,62758.6,62765.2,51.9384
2024-05-10 00:50:00,62765.21,62794.0,62742.0,62791.99,46.09976
2024-05-10 00:55:00,62791.98,62846.64,62781.6,62840.73,42.06054
2024-05-10 01:00:00,62840.72,62920.0,62840.72,62920.0,53.50187
2024-05-10 01:05:00,62920.0,62934.82,62814.0,62814.01,30.20203
2024-05-10 01:10:00,62814.0,62814.01,62666.51,62736.51,79.19641
2024-05-10 01:15:00,62736.51,62793.0,62662.07,62761.32,94.16366
2024-05-10 01:20:00,62761.32,62807.4,62754.05,62775.87,55.0
2024-05-10 01:25:00,62775.87,62846.97,62769.99,62838.16,40.90145
2024-05-10 01:30:00,62838.16,62910.0,62777.61,62883.99,50.61459
2024-05-10 01:35:00,62884.0,62968.0,62864.01,62914.47,75.63273
2024-05-10 01:40:00,62914.47,62925.65,62740.0,62755.88,133.25231
2024-05-10 01:45:00,62755.89,62829.46,62740.01,62822.83,55.2157
2024-05-10 01:50:00,62822.83,62952.7,62818.48,62864.42,78.36083
2024-05-10 01:55:00,62864.42,62891.12,62843.4,62883.5,30.13
2024-05-10 02:00:00,62883.5,62891.48,62803.74,62803.74,60.98405
2024-05-10 02:05:00,62803.75,62869.16,62793.82,62808.09,59.66375
2024-05-10 02:10:00,62808.1,62824.53,62776.96,62776.97,38.86915
2024-05-10 02:15:00,62776.96,62850.0,62771.76,62814.0,46.79412
2024-05-10 02:20:00,62814.0,62868.2,62800.0,62858.02,31.23431
2024-05-10 02:25:00,62858.02,62899.52,62842.0,62893.95,33.88472
2024-05-10 02:30:00,62893.95,62942.8,62872.07,62942.0,33.84227
2024-05-10 02:35:00,62942.01,62984.14,62904.0,62927.57,43.1615
2024-05-10 02:40:00,62927.56,62999.14,62924.43,62997.26,59.32066
2024-05-10 02:45:00,62997.26,63043.29,62942.79,62946.43,92.34674
2024-05-10 02:50:00,62946.43,62946.44,62800.0,62868.0,62.60156
2024-05-10 02:55:00,62868.0,62910.62,62835.99,62910.61,42.74414
2024-05-10 03:00:00,62910.62,62910.63,62804.0,62812.0,54.90092
2024-05-10 03:05:00,62811.99,62883.5,62811.99,62883.5,55.47833
2024-05-10 03:10:00,62883.5,62883.5,62793.94,62835.45,55.06348
2024-05-10 03:15:00,62835.44,62900.0,62800.54,62888.84,56.20936
2024-05-10 03:20:00,62888.84,62927.25,62879.78,62906.44,67.56996
2024-05-10 03:25:00,62906.45,62923.31,62890.0,62914.64,29.50488
2024-05-10 03:30:00,62914.64,62919.99,62888.0,62899.91,86.74391
2024-05-10 03:35:00,62899.91,62932.15,62871.8,62892.83,26.51991
2024-05-10 03:40:00,62892.84,62892.84,62834.3,62834.31,39.22128
2024-05-10 03:45:00,62834.3,62870.34,62795.99,62860.53,39.75839
2024-05-10 03:50:00,62860.52,62922.93,62850.69,62904.6,39.6091
2024-05-10 03:55:00,62904.59,62925.92,62886.0,62916.16,35.46866
2024-05-10 04:00:00,62916.16,62960.0,62888.0,62941.12,56.17786
2024-05-10 04:05:00,62941.13,62949.89,62830.0,62830.01,46.88968
2024-05-10 04:10:00,62830.01,62885.66,62793.04,62885.65,68.71063
2024-05-10 04:15:00,62885.66,62920.0,62850.0,62920.0,30.99864
2024-05-10 04:20:00,62920.0,62955.0,62919.99,62943.15,32.499
2024-05-10 04:25:00,62943.14,63008.0,62943.14,62994.81,90.457
2024-05-10 04:30:00,62994.81,62999.59,62916.53,62929.56,44.85677
2024-05-10 04:35:00,62929.55,62978.33,62929.55,62952.0,54.48556
2024-05-10 04:40:00,62952.01,62952.01,62828.49,62863.65,55.67934
2024-05-10 04:45:00,62863.65,62930.0,62844.99,62920.0,34.61312
2024-05-10 04:50:00,62920.0,62940.0,62870.13,62931.41,55.12793
2024-05-10 04:55:00,62931.4,62947.76,62904.0,62929.99,37.07722
2024-05-10 05:00:00,62930.0,62973.49,62920.0,62934.0,51.65902
2024-05-10 05:05:00,62934.01,62934.01,62882.0,62884.94,70.81405
2024-05-10 05:10:00,62884.94,62884.94,62789.3,62789.3,44.71525
2024-05-10 05:15:00,62789.31,62825.1,62770.0,62797.18,61.51478
2024-05-10 05:20:00,62797.18,62797.19,62731.76,62731.77,47.50382
2024-05-10 05:25:00,62731.76,62757.29,62684.51,62693.99,50.2849
2024-05-10 05:30:00,62694.0,62779.51,62660.42,62779.51,93.19639
2024-05-10 05:35:00,62779.51,62789.31,62756.81,62759.99,44.61134
2024-05-10 05:40:00,62759.98,62759.99,62727.9,62727.91,22.79467
2024-05-10 05:45:00,62727.91,62780.0,62727.9,62780.0,60.23931
2024-05-10 05:50:00,62779.99,62789.29,62734.04,62789.28,27.23855
2024-05-10 05:55:00,62789.29,62805.99,62758.6,62767.99,33.47379
2024-05-10 06:00:00,62768.0,62834.89,62743.88,62818.0,47.89073
2024-05-10 06:05:00,62817.99,62880.0,62817.99,62880.0,34.6414
2024-05-10 06:10:00,62879.99,62914.0,62878.0,62914.0,42.72877
2024-05-10 06:15:00,62914.0,62942.8,62842.88,62896.01,52.62377
2024-05-10 06:20:00,62896.01,62896.01,62852.12,62884.86,33.42995
2024-05-10 06:25:00,62884.85,62884.86,62850.69,62863.12,24.36915
2024-05-10 06:30:00,62863.13,62877.53,62784.0,62877.52,66.73486
2024-05-10 06:35:00,62877.52,62912.1,62877.52,62890.0,46.5986
2024-05-10 06:40:00,62890.01,62950.0,62880.0,62949.99,27.74497
2024-05-10 06:45:00,62950.0,63022.46,62902.15,62996.45,80.92983
2024-05-10 06:50:00,62996.44,63209.73,62996.44,63194.0,150.94822
2024-05-10 06:55:00,63194.01,63236.96,63123.7,63166.0,219.75811
2024-05-10 07:00:00,63166.0,63333.8,63165.99,63274.01,260.53111
2024-05-10 07:05:00,63274.0,63274.01,62995.97,63060.05,390.96861
2024-05-10 07:10:00,63060.06,63078.31,62990.44,63072.87,525.19701
2024-05-10 07:15:00,63072.88,63380.0,63072.87,63329.86,270.10794
2024-05-10 07:20:00,63329.86,63342.99,63276.0,63281.0,103.23453
2024-05-10 07:25:00,63281.0,63334.17,63161.0,63260.93,410.6201
2024-05-10 07:30:00,63260.93,63274.3,63098.77,63146.97,363.49903
2024-05-10 07:35:00,63146.96,63237.22,63128.01,63180.0,125.92453
2024-05-10 07:40:00,63180.0,63238.66,63171.1,63196.87,75.26781
2024-05-10 07:45:00,63196.87,63210.1,63096.27,63112.8,62.93682
2024-05-10 07:50:00,63112.8,63152.0,63101.4,63132.56,104.94375
2024-05-10 07:55:00,63132.55,63178.54,63063.44,63078.02,92.23017
2024-05-10 08:00:00,63078.01,63136.06,63034.38,63034.38,85.30025
2024-05-10 08:05:00,63034.38,63034.39,62920.01,62970.0,115.5257
2024-05-10 08:10:00,62970.01,62970.01,62901.0,62916.01,107.76764
2024-05-10 08:15:00,62916.0,62971.01,62839.67,62971.0,88.12604
2024-05-10 08:20:00,62971.01,62984.56,62940.0,62961.99,42.27033
2024-05-10 08:25:00,62962.0,62990.0,62922.0,62982.01,39.44515
2024-05-10 08:30:00,62982.0,63026.51,62975.52,62980.01,49.96493
2024-05-10 08:35:00,62980.01,63027.36,62956.69,62986.42,62.08512
2024-05-10 08:40:00,62986.41,62986.42,62922.0,62934.01,60.28414
2024-05-10 08:45:00,62934.0,62941.86,62878.01,62941.86,103.7223
2024-05-10 08:50:00,62941.86,62992.22,62928.0,62973.49,54.6783
2024-05-10 08:55:00,62973.48,63040.0,62945.89,63039.99,57.33652
2024-05-10 09:00:00,63040.0,63050.0,62942.79,62942.8,71.16253
2024-05-10 09:05:00,62942.79,62958.0,62850.0,62904.0,113.04543
2024-05-10 09:10:00,62903.99,62904.0,62860.0,62903.99,50.95439
2024-05-10 09:15:00,62903.99,62954.74,62856.39,62952.01,50.93565
2024-05-10 09:20:00,62952.01,62957.01,62882.0,62950.0,64.81851
2024-05-10 09:25:00,62950.0,62950.0,62900.0,62917.43,16.50437
2024-05-10 09:30:00,62917.44,63017.56,62917.43,62984.01,67.41147
2024-05-10 09:35:00,62984.01,63032.0,62964.0,63004.0,30.93097
2024-05-10 09:40:00,63004.01,63188.38,63004.0,63181.47,113.22876
2024-05-10 09:45:00,63181.48,63214.63,63096.27,63096.28,52.70602
2024-05-10 09:50:00,63096.28,63098.0,63066.51,63097.99,26.07535
2024-05-10 09:55:00,63097.99,63126.98,63090.51,63126.98,33.20636
2024-05-10 10:00:00,63126.97,63139.19,63034.88,63034.88,52.63137
2024-05-10 10:05:00,63034.88,63045.02,62954.85,62973.98,73.82303
2024-05-10 10:10:00,62973.99,62979.67,62860.0,62940.0,94.25738
2024-05-10 10:15:00,62940.0,62986.54,62932.87,62954.19,54.77739
2024-05-10 10:20:00,62954.19,63020.0,62944.04,63012.0,30.94642
2024-05-10 10:25:00,63012.01,63072.75,63012.0,63069.41,28.76097
2024-05-10 10:30:00,63069.41,63096.28,63040.51,63061.77,48.92934
2024-05-10 10:35:00,63061.77,63061.78,63003.44,63004.83,54.1126
2024-05-10 10:40:00,63004.84,63016.12,62973.48,63016.11,112.37743
2024-05-10 10:45:00,63016.11,63018.2,62996.0,63016.11,29.6654
2024-05-10 10:50:00,63016.12,63042.0,63012.03,63037.39,22.92561
2024-05-10 10:55:00,63037.38,63044.0,62996.0,63025.45,27.2318
2024-05-10 11:00:00,63025.44,63034.89,62945.99,62972.27,53.34396
2024-05-10 11:05:00,62972.26,63010.0,62880.1,62903.67,128.86725
2024-05-10 11:10:00,62903.67,62980.0,62903.66,62912.08,58.3834
2024-05-10 11:15:00,62911.98,62955.34,62800.0,62955.32,80.28003
2024-05-10 11:20:00,62955.32,63014.7,62955.32,63014.7,43.335
2024-05-10 11:25:00,63014.7,63044.6,62992.6,63034.0,56.95574
2024-05-10 11:30:00,63034.0,63045.59,63002.01,63024.02,44.92342
2024-05-10 11:35:00,63024.02,63049.4,63006.67,63011.4,22.92112
2024-05-10 11:40:00,63011.39,63045.0,62995.08,63044.99,52.28707
2024-05-10 11:45:00,63044.99,63157.68,63044.99,63152.04,107.06194
2024-05-10 11:50:00,63152.04,63219.07,63144.05,63218.98,158.43142
2024-05-10 11:55:00,63218.98,63320.0,63218.97,63299.63,177.78448
2024-05-10 12:00:00,63299.63,63469.13,63299.63,63433.98,373.73243
2024-05-10 12:05:00,63433.98,63433.99,63173.02,63179.79,221.85243
2024-05-10 12:10:00,63179.79,63272.0,63164.69,63272.0,107.83054
2024-05-10 12:15:00,63271.99,63305.58,63175.3,63175.3,69.80545
2024-05-10 12:20:00,63175.31,63219.07,63101.01,63119.99,65.8051
2024-05-10 12:25:00,63119.99,63250.0,63119.99,63249.99,49.91076
2024-05-10 12:30:00,63250.0,63280.0,63202.0,63249.54,40.64572
2024-05-10 12:35:00,63249.54,63307.41,63221.98,63226.0,41.77756
2024-05-10 12:40:00,63226.0,63262.12,63150.6,63153.99,56.34039
2024-05-10 12:45:00,63154.0,63158.0,62955.0,62997.52,189.39472
2024-05-10 12:50:00,62997.51,63057.99,62939.0,63038.01,114.31934
2024-05-10 12:55:00,63038.0,63038.01,62988.22,63007.92,56.04058
2024-05-10 13:00:00,63007.91,63050.0,62900.0,63038.01,118.24203
2024-05-10 13:05:00,63038.0,63075.0,62950.0,62964.2,38.90581
2024-05-10 13:10:00,62964.21,63019.06,62935.0,62980.01,55.3952
2024-05-10 13:15:00,62980.0,62998.08,62924.0,62945.62,47.48176
2024-05-10 13:20:00,62945.61,62970.0,62888.88,62906.01,57.55538
2024-05-10 13:25:00,62906.0,62906.01,62812.26,62812.27,108.00666
2024-05-10 13:30:00,62812.26,62987.99,62812.26,62983.99,78.55039
2024-05-10 13:35:00,62983.99,63027.6,62935.71,62940.01,60.93733
2024-05-10 13:40:00,62940.01,62986.01,62910.0,62915.99,78.43954
2024-05-10 13:45:00,62915.99,63095.88,62915.99,63086.64,69.01328
2024-05-10 13:50:00,63086.64,63107.17,63014.39,63077.47,56.93867
2024-05-10 13:55:00,63077.47,63077.47,62991.99,63004.0,69.22146
2024-05-10 14:00:00,63004.0,63090.33,62697.2,62910.0,329.96484
2024-05-10 14:05:00,62910.0,63039.52,62770.07,62772.58,136.36037
2024-05-10 14:10:00,62772.57,62778.32,62476.26,62562.88,455.12309
2024-05-10 14:15:00,62562.87,62628.37,62264.42,62343.98,380.21763
2024-05-10 14:20:00,62344.06,62470.0,62270.0,62469.99,229.35961
2024-05-10 14:25:00,62470.0,62477.96,62203.42,62212.79,277.36318
2024-05-10 14:30:00,62212.79,62308.09,62032.01,62088.0,371.53747
2024-05-10 14:35:00,62088.0,62890.0,61728.9,61944.01,1035.85816
2024-05-10 14:40:00,61944.0,61944.01,61750.0,61812.01,280.73006
2024-05-10 14:45:00,61812.01,61812.01,61488.19,61501.23,633.16465
2024-05-10 14:50:00,61501.23,61501.24,60828.0,61040.0,1869.76647
2024-05-10 14:55:00,61039.99,61230.0,60690.0,61063.87,1058.77841
2024-05-10 15:00:00,61063.87,61196.84,60800.0,61138.6,664.5937
2024-05-10 15:05:00,61138.59,61162.78,60770.11,60874.03,737.96391
2024-05-10 15:10:00,60874.04,60940.0,60703.0,60888.0,444.08869
2024-05-10 15:15:00,60888.0,61074.0,60857.64,61052.02,340.03193
2024-05-10 15:20:00,61052.01,61276.77,61010.0,61202.0,283.65192
2024-05-10 15:25:00,61202.0,61326.01,61120.0,61200.01,343.75539
2024-05-10 15:30:00,61200.0,61283.67,61142.0,61215.99,209.56287
2024-05-10 15:35:00,61215.99,61260.87,60963.9,61000.8,300.08899
2024-05-10 15:40:00,61000.79,61071.75,60839.79,60969.99,210.9474
2024-05-10 15:45:00,60969.99,60980.0,60754.01,60847.98,311.07744
2024-05-10 15:50:00,60847.98,60980.0,60783.4,60965.08,180.17943
2024-05-10 15:55:00,60965.08,61088.47,60888.0,60928.02,134.58109
2024-05-10 16:00:00,60928.02,60928.02,60701.0,60735.73,270.45177
2024-05-10 16:05:00,60735.73,60940.0,60255.0,60914.65,1126.02863
2024-05-10 16:10:00,60914.66,61147.0,60843.74,61070.77,279.38783
2024-05-10 16:15:00,61070.76,61294.82,61050.0,61163.9,293.44384
2024-05-10 16:20:00,61163.91,61212.22,61099.99,61120.0,114.49345
2024-05-10 16:25:00,61120.0,61128.24,60830.0,60854.83,203.11714
2024-05-10 16:30:00,60854.82,60920.0,60740.37,60779.99,207.08029
2024-05-10 16:35:00,60780.0,60924.92,60687.23,60908.29,162.65897
2024-05-10 16:40:00,60908.28,60912.2,60837.17,60882.98,124.1094
2024-05-10 16:45:00,60882.97,61019.99,60790.0,60944.82,124.33826
2024-05-10 16:50:00,60944.82,61088.78,60865.62,61074.02,167.2644
2024-05-10 16:55:00,61074.03,61188.07,61041.07,61071.54,272.49298
2024-05-10 17:00:00,61071.55,61071.55,60834.22,60927.61,249.89107
2024-05-10 17:05:00,60922.19,60944.69,60835.72,60837.79,79.98942
2024-05-10 17:10:00,60837.79,60867.16,60702.87,60715.61,301.26291
2024-05-10 17:15:00,60715.6,60727.91,60337.14,60509.54,570.28101
2024-05-10 17:20:00,60509.53,60643.23,60436.98,60443.03,302.98399
2024-05-10 17:25:00,60443.04,60535.37,60300.01,60463.69,196.55853
2024-05-10 17:30:00,60463.68,60536.48,60303.31,60354.16,177.55678
2024-05-10 17:35:00,60354.15,60549.99,60279.46,60443.56,190.16895
2024-05-10 17:40:00,60443.56,60625.0,60429.51,60592.64,127.93054
2024-05-10 17:45:00,60592.64,60635.12,60326.19,60347.52,165.12873
2024-05-10 17:50:00,60347.53,60469.71,60187.12,60330.42,340.11573
2024-05-10 17:55:00,60330.42,60418.46,60310.0,60383.72,268.29803
2024-05-10 18:00:00,60383.71,60391.06,60290.16,60339.24,219.4204
2024-05-10 18:05:00,60339.24,60444.91,60273.7,60407.07,220.84484
2024-05-10 18:10:00,60407.08,60491.66,60366.26,60375.88,115.94196
2024-05-10 18:15:00,60375.88,60469.8,60220.87,60361.1,140.24923
2024-05-10 18:20:00,60361.11,60416.08,60252.2,60416.07,65.97037
2024-05-10 18:25:00,60416.08,60496.01,60406.6,60469.75,67.89734
2024-05-10 18:30:00,60469.76,60593.38,60460.01,60593.38,108.73157
2024-05-10 18:35:00,60593.37,60654.65,60531.43,60550.51,105.9477
2024-05-10 18:40:00,60550.51,60644.39,60540.0,60610.0,50.17917
2024-05-10 18:45:00,60610.01,60613.57,60531.0,60556.58,65.41772
2024-05-10 18:50:00,60556.58,60677.12,60556.58,60583.56,69.46013
2024-05-10 18:55:00,60583.57,60788.0,60583.55,60717.07,245.96165
2024-05-10 19:00:00,60717.08,60922.29,60658.87,60820.18,152.9484
2024-05-10 19:05:00,60820.18,60840.0,60758.52,60828.46,89.26318
2024-05-10 19:10:00,60828.46,60850.0,60683.55,60740.54,84.62429
2024-05-10 19:15:00,60740.55,60750.0,60690.45,60710.12,52.31673
2024-05-10 19:20:00,60710.11,60714.69,60593.91,60596.36,44.67119
2024-05-10 19:25:00,60596.36,60650.01,60541.17,60634.91,78.71278
2024-05-10 19:30:00,60634.92,60716.36,60538.7,60671.26,103.24958
2024-05-10 19:35:00,60671.27,60704.42,60606.52,60701.27,115.30082
2024-05-10 19:40:00,60701.27,60713.12,60655.38,60706.63,64.47745
2024-05-10 19:45:00,60706.63,60711.01,60630.0,60630.01,55.75
2024-05-10 19:50:00,60630.01,60823.19,60579.59,60800.01,321.58209
2024-05-10 19:55:00,60800.01,60800.01,60648.83,60716.97,494.70357
2024-05-10 20:00:00,60716.96,60863.5,60610.81,60816.11,275.42279
2024-05-10 20:05:00,60816.11,60977.17,60807.67,60936.39,245.42067
2024-05-10 20:10:00,60936.39,60947.59,60826.8,60851.1,78.14716
2024-05-10 20:15:00,60851.09,60899.8,60800.42,60806.76,56.63986
2024-05-10 20:20:00,60806.76,60810.0,60661.97,60690.0,94.85833
2024-05-10 20:25:00,60690.0,60721.54,60637.0,60717.07,63.49903
2024-05-10 20:30:00,60717.07,60747.08,60577.46,60643.59,74.56441
2024-05-10 20:35:00,60643.58,60670.0,60610.0,60663.03,31.31189
2024-05-10 20:40:00,60663.03,60703.18,60650.0,60650.01,37.13843
2024-05-10 20:45:00,60650.01,60657.03,60547.49,60607.14,168.55811
2024-05-10 20:50:00,60607.14,60642.71,60500.0,60569.12,66.04703
2024-05-10 20:55:00,60569.11,60575.15,60456.91,60516.92,98.14528
2024-05-10 21:00:00,60516.91,60561.94,60476.62,60552.76,45.49477
2024-05-10 21:05:00,60552.76,60559.86,60471.45,60534.23,76.34384
2024-05-10 21:10:00,60534.22,60546.08,60466.52,60477.69,35.10266
2024-05-10 21:15:00,60477.7,60546.07,60477.69,60516.91,47.45458
2024-05-10 21:20:00,60516.91,60623.93,60516.91,60623.92,50.11752
2024-05-10 21:25:00,60623.92,60644.64,60565.68,60565.68,29.33148
2024-05-10 21:30:00,60565.69,60660.0,60507.53,60614.53,64.6414
2024-05-10 21:35:00,60614.52,60777.7,60612.21,60754.75,59.0412
2024-05-10 21:40:00,60754.75,60754.76,60567.12,60567.12,56.20697
2024-05-10 21:45:00,60567.12,60610.51,60550.61,60610.51,40.08679
2024-05-10 21:50:00,60610.51,60646.41,60585.51,60646.41,41.08772
2024-05-10 21:55:00,60646.41,60710.0,60612.0,60710.0,57.42296
2024-05-10 22:00:00,60709.99,60788.99,60610.0,60718.84,111.53629
2024-05-10 22:05:00,60718.84,60790.66,60706.59,60768.25,54.19034
2024-05-10 22:10:00,60768.24,60831.32,60750.0,60826.83,55.42229
2024-05-10 22:15:00,60826.82,60931.8,60826.82,60884.01,70.48538
2024-05-10 22:20:00,60884.0,60890.92,60776.44,60776.45,44.23303
2024-05-10 22:25:00,60776.45,60782.02,60710.0,60714.01,35.10654
2024-05-10 22:30:00,60714.01,60813.36,60700.0,60764.35,37.59064
2024-05-10 22:35:00,60764.35,60793.66,60719.15,60719.15,28.29054
2024-05-10 22:40:00,60719.16,60800.0,60702.0,60762.01,36.47036
2024-05-10 22:45:00,60762.0,60849.99,60750.0,60822.01,29.81541
2024-05-10 22:50:00,60822.0,60870.0,60820.0,60847.49,52.39327
2024-05-10 22:55:00,60847.49,60882.0,60847.49,60854.01,21.66488
2024-05-10 23:00:00,60854.0,60928.2,60854.0,60927.98,33.08818
2024-05-10 23:05:00,60927.98,60950.0,60892.24,60950.0,39.50736
2024-05-10 23:10:00,60949.99,60999.99,60936.7,60952.0,40.82468
2024-05-10 23:15:00,60952.0,60966.6,60897.99,60954.31,41.95975
2024-05-10 23:20:00,60954.3,60960.0,60894.68,60928.05,31.29987
2024-05-10 23:25:00,60928.04,60928.05,60902.0,60904.73,20.06447
2024-05-10 23:30:00,60904.73,60954.3,60904.73,60935.01,24.92927
2024-05-10 23:35:00,60935.01,60990.55,60935.0,60972.01,22.05906
2024-05-10 23:40:00,60972.0,61003.0,60960.49,60976.91,32.27807
2024-05-10 23:45:00,60976.91,60996.0,60890.0,60907.0,45.39401
2024-05-10 23:50:00,60907.0,60916.93,60871.64,60888.0,28.5915
2024-05-10 23:55:00,60888.0,60899.7,60776.0,60799.99,68.75288
2024-05-11 00:00:00,60799.99,60858.0,60799.99,60858.0,24.99123
2024-05-11 00:05:00,60857.99,60868.44,60800.0,60816.87,108.96043
2024-05-11 00:10:00,60816.87,60878.0,60802.0,60853.74,59.51807
2024-05-11 00:15:00,60853.75,60896.74,60853.74,60896.74,18.89134
2024-05-11 00:20:00,60896.73,60930.0,60894.54,60898.0,92.40358
2024-05-11 00:25:00,60898.0,60898.01,60868.0,60868.0,26.86634
2024-05-11 00:30:00,60868.0,60897.08,60749.99,60806.65,84.36646
2024-05-11 00:35:00,60806.64,60806.65,60724.95,60724.95,39.84426
2024-05-11 00:40:00,60724.96,60746.0,60711.77,60716.01,37.28987
2024-05-11 00:45:00,60716.01,60753.82,60650.0,60735.24,187.84113
2024-05-11 00:50:00,60735.25,60794.73,60735.24,60788.19,33.21393
2024-05-11 00:55:00,60788.19,60800.0,60760.0,60779.99,32.45953
2024-05-11 01:00:00,60779.99,60865.31,60764.0,60850.57,43.76446
2024-05-11 01:05:00,60850.57,60904.0,60847.12,60880.01,170.21971
2024-05-11 01:10:00,60880.0,61076.0,60880.0,61052.0,155.17249
2024-05-11 01:15:00,61052.0,61096.27,60981.47,61064.01,76.46058
2024-05-11 01:20:00,61064.01,61088.0,60963.98,60981.99,74.37847
2024-05-11 01:25:00,60981.99,60992.78,60940.0,60940.0,57.17254
2024-05-11 01:30:00,60940.01,60940.01,60850.23,60863.55,49.85383
2024-05-11 01:35:00,60863.55,60898.0,60850.23,60850.23,24.80364
2024-05-11 01:40:00,60850.24,60905.44,60850.23,60900.67,47.34603
2024-05-11 01:45:00,60900.67,60932.67,60872.0,60872.0,26.96417
2024-05-11 01:50:00,60872.0,60916.0,60859.33,60859.33,33.35013
2024-05-11 01:55:00,60859.34,60885.34,60859.24,60876.69,24.48881
2024-05-11 02:00:00,60876.7,60898.0,60850.87,60853.48,44.7756
2024-05-11 02:05:00,60853.48,60866.08,60807.1,60847.96,94.03569
2024-05-11 02:10:00,60847.95,60847.96,60786.0,60789.84,27.42075
2024-05-11 02:15:00,60789.83,60823.41,60762.15,60776.0,46.25957
2024-05-11 02:20:00,60775.99,60812.66,60775.99,60794.0,36.38247
2024-05-11 02:25:00,60794.0,60794.0,60753.54,60789.99,31.52155
2024-05-11 02:30:00,60790.0,60856.0,60789.99,60840.53,45.9254
2024-05-11 02:35:00,60840.53,60900.0,60836.01,60897.99,26.21301
2024-05-11 02:40:00,60898.0,60977.77,60897.99,60936.96,38.60073
2024-05-11 02:45:00,60936.95,60952.0,60917.99,60917.99,22.98958
2024-05-11 02:50:00,60917.99,60918.0,60800.0,60875.06,66.31598
2024-05-11 02:55:00,60875.06,60895.23,60860.0,60895.23,14.86138
2024-05-11 03:00:00,60895.22,60900.0,60860.0,60864.0,17.72937
2024-05-11 03:05:00,60864.0,60865.83,60812.16,60857.99,30.67786
2024-05-11 03:10:00,60857.99,60858.0,60831.84,60843.99,22.13796
2024-05-11 03:15:00,60843.99,60878.32,60824.83,60877.99,26.99044
2024-05-11 03:20:00,60877.99,60918.86,60877.99,60880.01,24.51845
2024-05-11 03:25:00,60880.0,60880.01,60854.01,60854.02,8.47136
2024-05-11 03:30:00,60854.02,60896.0,60842.5,60842.5,29.56376
2024-05-11 03:35:00,60842.5,60842.51,60730.3,60760.0,39.85536
2024-05-11 03:40:00,60760.01,60793.47,60752.7,60791.44,23.76601
2024-05-11 03:45:00,60791.44,60798.0,60730.5,60740.82,27.61981
2024-05-11 03:50:00,60740.82,60772.0,60699.92,60739.86,49.2807
2024-05-11 03:55:00,60739.86,60765.18,60722.0,60731.9,36.66124
2024-05-11 04:00:00,60731.89,60810.0,60720.22,60810.0,73.02541
2024-05-11 04:05:00,60809.99,60810.0,60772.19,60773.31,35.53051
2024-05-11 04:10:00,60773.3,60801.58,60727.98,60780.01,69.42753
2024-05-11 04:15:00,60780.01,60801.86,60745.18,60749.74,28.01715
2024-05-11 04:20:00,60749.75,60775.45,60731.53,60767.53,60.82995
2024-05-11 04:25:00,60767.52,60767.53,60712.0,60743.54,78.01365
2024-05-11 04:30:00,60743.53,60778.69,60734.45,60778.69,21.08998
2024-05-11 04:35:00,60778.68,60828.87,60778.68,60801.12,47.88257
2024-05-11 04:40:00,60801.13,60804.0,60770.0,60789.03,27.06297
2024-05-11 04:45:00,60789.04,60816.0,60786.11,60814.05,28.17594
2024-05-11 04:50:00,60814.06,60880.26,60814.05,60828.01,38.65991
2024-05-11 04:55:00,60828.0,60835.99,60766.0,60766.01,61.36824
2024-05-11 05:00:00,60766.0,60811.4,60766.0,60796.32,29.67561
2024-05-11 05:05:00,60796.32,60840.0,60794.38,60840.0,18.83681
2024-05-11 05:10:00,60839.99,60910.01,60830.16,60878.13,136.98003
2024-05-11 05:15:00,60878.12,60890.0,60866.36,60889.98,24.17823
2024-05-11 05:20:00,60889.99,60939.18,60872.32,60880.02,43.80055
2024-05-11 05:25:00,60880.01,60913.73,60880.01,60900.0,29.89914
2024-05-11 05:30:00,60899.99,60933.99,60884.67,60884.67,33.65537
2024-05-11 05:35:00,60884.68,60888.31,60854.33,60883.87,19.36867
2024-05-11 05:40:00,60883.86,60883.87,60850.0,60850.0,24.28411
2024-05-11 05:45:00,60850.0,60913.97,60850.0,60890.01,42.20135
2024-05-11 05:50:00,60890.01,60929.99,60881.55,60902.64,22.03719
2024-05-11 05:55:00,60902.63,60922.0,60902.63,60922.0,21.77413
2024-05-11 06:00:00,60921.99,60951.99,60901.89,60915.99,58.96498
2024-05-11 06:05:00,60916.0,60970.01,60902.0,60962.0,78.0604
2024-05-11 06:10:00,60962.0,60962.0,60927.12,60927.13,34.58105
2024-05-11 06:15:00,60927.13,60970.14,60916.39,60958.01,24.33714
2024-05-11 06:20:00,60958.0,60976.4,60939.19,60963.99,33.58617
2024-05-11 06:25:00,60963.99,60997.88,60949.33,60980.01,37.53702
2024-05-11 06:30:00,60980.01,61039.24,60980.0,61026.32,76.21768
2024-05-11 06:35:00,61026.33,61080.0,61016.38,61016.39,55.38872
2024-05-11 06:40:00,61016.39,61016.39,60957.27,60985.92,39.58119
2024-05-11 06:45:00,60985.92,60990.0,60920.9,60920.91,43.80476
2024-05-11 06:50:00,60920.91,60972.0,60900.94,60931.99,41.95906
2024-05-11 06:55:00,60931.99,60983.14,60931.99,60953.01,25.17786
2024-05-11 07:00:00,60953.0,60982.0,60952.0,60952.0,39.87181
2024-05-11 07:05:00,60952.01,60952.01,60922.75,60928.0,35.05362
2024-05-11 07:10:00,60928.01,60930.0,60887.65,60899.99,44.84755
2024-05-11 07:15:00,60900.0,60902.0,60861.88,60899.99,42.14463
2024-05-11 07:20:00,60900.0,60915.99,60888.88,60900.36,15.67844
2024-05-11 07:25:00,60900.36,60958.19,60900.35,60944.0,37.5276
2024-05-11 07:30:00,60944.0,60993.99,60944.0,60954.85,29.04238
2024-05-11 07:35:00,60954.85,60982.49,60913.26,60913.26,34.97115
2024-05-11 07:40:00,60913.27,60946.0,60900.35,60946.0,26.13546
2024-05-11 07:45:00,60946.0,60970.0,60920.0,60929.99,26.10026
2024-05-11 07:50:00,60929.99,60969.99,60922.01,60953.99,23.15609
2024-05-11 07:55:00,60954.0,61018.53,60953.99,61018.52,38.99594
2024-05-11 08:00:00,61018.53,61058.75,60992.78,60992.79,58.85344
2024-05-11 08:05:00,60992.79,60992.79,60950.0,60952.88,24.03085
2024-05-11 08:10:00,60952.88,60952.89,60897.15,60915.16,40.20542
2024-05-11 08:15:00,60915.15,60930.0,60864.83,60872.71,33.63328
2024-05-11 08:20:00,60872.71,60924.0,60872.71,60905.29,31.25132
2024-05-11 08:25:00,60905.28,60905.29,60821.76,60826.0,84.99013
2024-05-11 08:30:00,60825.99,60878.69,60825.99,60878.68,34.54606
2024-05-11 08:35:00,60878.68,60878.69,60840.0,60856.87,18.05352
2024-05-11 08:40:00,60856.87,60856.88,60818.65,60818.65,27.27926
2024-05-11 08:45:00,60818.65,60852.04,60818.65,60831.5,39.81093
2024-05-11 08:50:00,60831.49,60874.0,60826.0,60856.0,43.0402
2024-05-11 08:55:00,60856.01,60871.22,60780.0,60790.0,68.68702
2024-05-11 09:00:00,60790.01,60855.5,60790.0,60844.01,39.61675
2024-05-11 09:05:00,60844.01,60854.53,60780.0,60852.0,122.36027
2024-05-11 09:10:00,60852.0,60854.0,60813.19,60814.0,98.16696
2024-05-11 09:15:00,60814.0,60847.31,60789.99,60789.99,69.30345
2024-05-11 09:20:00,60790.0,60801.99,60717.31,60733.02,188.77806
2024-05-11 09:25:00,60733.02,60755.26,60662.0,60718.66,326.44474
2024-05-11 09:30:00,60718.67,60785.57,60718.66,60772.01,28.64615
2024-05-11 09:35:00,60772.0,60792.0,60720.0,60730.0,87.01561
2024-05-11 09:40:00,60730.0,60790.0,60729.99,60780.23,96.61436
2024-05-11 09:45:00,60780.23,60835.68,60768.01,60835.0,25.83581
2024-05-11 09:50:00,60834.99,60838.01,60824.0,60831.89,15.06708
2024-05-11 09:55:00,60831.89,60904.43,60821.89,60904.43,40.02631
2024-05-11 10:00:00,60904.42,60904.43,60855.49,60873.49,32.6133
2024-05-11 10:05:00,60873.49,60873.49,60850.0,60871.93,18.54319
2024-05-11 10:10:00,60871.93,60888.0,60870.0,60870.01,18.03632
2024-05-11 10:15:00,60870.01,60873.28,60830.0,60859.99,22.73477
2024-05-11 10:20:00,60859.99,60902.01,60859.99,60875.85,24.41128
2024-05-11 10:25:00,60875.86,60875.86,60834.41,60840.0,20.1275
2024-05-11 10:30:00,60840.0,60840.01,60766.51,60766.51,35.55763
2024-05-11 10:35:00,60766.52,60766.52,60692.0,60749.63,53.70042
2024-05-11 10:40:00,60749.63,60762.8,60749.63,60752.61,18.15877
2024-05-11 10:45:00,60752.62,60800.0,60752.61,60777.11,17.17108
2024-05-11 10:50:00,60777.11,60800.0,60775.05,60795.02,12.64668
2024-05-11 10:55:00,60795.01,60795.02,60730.0,60745.99,47.95289
2024-05-11 11:00:00,60745.99,60767.97,60700.56,60706.8,42.01661
2024-05-11 11:05:00,60706.81,60724.0,60560.0,60588.3,144.47231
2024-05-11 11:10:00,60588.3,60660.0,60559.0,60559.01,68.92434
2024-05-11 11:15:00,60559.01,60595.34,60487.09,60582.01,182.25275
2024-05-11 11:20:00,60582.0,60623.49,60582.0,60610.0,23.70641
2024-05-11 11:25:00,60610.0,60645.72,60610.0,60644.82,26.37867
2024-05-11 11:30:00,60644.82,60740.0,60644.81,60719.42,25.6527
2024-05-11 11:35:00,60719.41,60790.0,60719.41,60765.67,30.75525
2024-05-11 11:40:00,60765.68,60770.0,60710.0,60710.0,26.28997
2024-05-11 11:45:00,60710.01,60710.01,60680.0,60684.0,28.09117
2024-05-11 11:50:00,60684.0,60745.85,60680.0,60745.84,35.30353
2024-05-11 11:55:00,60745.83,60745.84,60684.0,60684.01,24.48244
2024-05-11 12:00:00,60684.0,60738.0,60684.0,60735.05,57.21363
2024-05-11 12:05:00,60735.06,60775.94,60733.99,60775.93,22.00791
2024-05-11 12:10:00,60775.93,60803.0,60753.99,60775.32,37.27451
2024-05-11 12:15:00,60775.32,60790.0,60775.32,60783.86,17.3932
2024-05-11 12:20:00,60783.86,60783.86,60732.07,60732.08,36.49314
2024-05-11 12:25:00,60732.08,60770.0,60732.07,60769.99,13.17934
2024-05-11 12:30:00,60770.0,60818.14,60769.99,60780.0,48.74165
2024-05-11 12:35:00,60780.01,60790.0,60760.0,60789.99,21.42778
2024-05-11 12:40:00,60790.0,60790.0,60755.0,60755.0,21.07559
2024-05-11 12:45:00,60755.01,60758.83,60643.94,60670.0,82.25201
2024-05-11 12:50:00,60670.0,60730.0,60667.99,60719.99,31.31115
2024-05-11 12:55:00,60719.99,60738.9,60709.99,60710.01,32.6442
2024-05-11 13:00:00,60710.01,60722.11,60666.88,60710.01,43.4386
2024-05-11 13:05:00,60710.0,60846.15,60701.0,60844.39,45.12475
2024-05-11 13:10:00,60844.39,60932.73,60841.49,60870.0,69.73423
2024-05-11 13:15:00,60870.0,60890.0,60826.0,60849.99,33.1668
2024-05-11 13:20:00,60850.0,60860.0,60805.0,60805.01,34.00464
2024-05-11 13:25:00,60805.0,60835.79,60795.0,60795.0,32.58985
2024-05-11 13:30:00,60795.0,60800.0,60782.01,60782.02,17.57115
2024-05-11 13:35:00,60782.01,60860.0,60760.0,60845.99,62.22312
2024-05-11 13:40:00,60845.99,60890.0,60840.0,60890.0,34.84176
2024-05-11 13:45:00,60890.0,60986.11,60862.02,60960.73,61.34875
2024-05-11 13:50:00,60960.74,60960.74,60892.0,60939.99,34.59395
2024-05-11 13:55:00,60939.99,60981.09,60910.0,60972.0,47.34285
2024-05-11 14:00:00,60972.01,61000.01,60930.0,60930.0,64.59118
2024-05-11 14:05:00,60930.01,60970.0,60911.85,60940.81,35.61429
2024-05-11 14:10:00,60940.81,60964.88,60940.81,60948.54,29.27503
2024-05-11 14:15:00,60948.54,60950.0,60902.08,60942.01,30.92845
2024-05-11 14:20:00,60942.02,60942.02,60883.8,60910.01,55.78616
2024-05-11 14:25:00,60910.01,60910.01,60860.0,60860.0,30.65706
2024-05-11 14:30:00,60860.0,60873.91,60820.01,60845.91,29.32709
2024-05-11 14:35:00,60845.9,60845.91,60783.94,60810.0,38.13865
2024-05-11 14:40:00,60810.0,60820.0,60790.0,60797.65,22.66698
2024-05-11 14:45:00,60797.64,60838.0,60797.64,60837.69,29.41253
2024-05-11 14:50:00,60837.69,60873.91,60837.69,60873.9,44.36737
2024-05-11 14:55:00,60873.9,60873.91,60820.0,60840.01,25.19678
2024-05-11 15:00:00,60840.01,60960.0,60840.0,60959.99,41.81753
2024-05-11 15:05:00,60959.99,61018.24,60959.99,60977.98,66.8076
2024-05-11 15:10:00,60977.99,61210.0,60977.98,61150.0,148.26324
2024-05-11 15:15:00,61150.0,61515.0,61150.0,61376.0,366.28966
2024-05-11 15:20:00,61376.01,61376.01,61176.21,61238.0,171.05717
2024-05-11 15:25:00,61238.0,61238.0,61050.0,61083.99,118.81509
2024-05-11 15:30:00,61084.0,61110.0,60882.93,60991.75,217.90423
2024-05-11 15:35:00,60991.74,61189.14,60945.38,61097.71,154.93994
2024-05-11 15:40:00,61097.72,61126.11,61024.96,61123.75,78.10642
2024-05-11 15:45:00,61123.75,61249.26,61107.07,61210.3,142.48297
2024-05-11 15:50:00,61210.29,61210.3,61111.6,61121.07,50.94603
2024-05-11 15:55:00,61121.07,61194.31,61080.0,61174.18,52.79383
2024-05-11 16:00:00,61174.18,61247.02,61126.57,61129.43,115.08655
2024-05-11 16:05:00,61129.42,61219.75,61091.84,61185.11,49.50529
2024-05-11 16:10:00,61185.12,61248.34,61185.11,61248.33,40.40406
2024-05-11 16:15:00,61248.33,61277.37,61206.74,61226.01,60.66226
2024-05-11 16:20:00,61226.0,61390.0,61226.0,61350.01,120.97187
2024-05-11 16:25:00,61350.01,61410.09,61287.32,61302.01,77.5575
2024-05-11 16:30:00,61302.01,61328.0,61231.08,61231.08,66.02203
2024-05-11 16:35:00,61231.09,61231.09,61157.94,61221.15,128.50174
2024-05-11 16:40:00,61221.14,61277.72,61182.23,61262.79,69.33276
2024-05-11 16:45:00,61262.79,61272.2,61133.38,61159.16,65.42288
2024-05-11 16:50:00,61159.17,61167.35,61100.97,61158.89,47.47714
2024-05-11 16:55:00,61158.89,61201.2,61125.89,61201.19,55.04192
2024-05-11 17:00:00,61201.2,61257.99,61147.33,61184.0,62.10255
2024-05-11 17:05:00,61184.0,61223.98,61101.8,61123.99,47.77344
2024-05-11 17:10:00,61123.99,61184.0,61114.34,61134.0,63.63513
2024-05-11 17:15:00,61134.0,61140.58,61098.38,61099.39,24.13743
2024-05-11 17:20:00,61099.39,61099.39,61070.69,61070.7,25.34068
2024-05-11 17:25:00,61070.7,61070.7,61020.0,61020.0,43.01969
2024-05-11 17:30:00,61020.01,61062.0,61018.0,61025.19,42.37021
2024-05-11 17:35:00,61025.19,61079.99,61016.0,61068.39,31.2411
2024-05-11 17:40:00,61068.39,61140.58,61068.39,61117.99,36.59857
2024-05-11 17:45:00,61117.99,61157.31,61088.0,61122.23,60.88827
2024-05-11 17:50:00,61122.23,61130.0,61070.0,61070.0,16.90005
2024-05-11 17:55:00,61070.0,61099.05,61070.0,61099.05,13.75504
2024-05-11 18:00:00,61099.04,61110.01,61022.62,61040.0,36.90762
2024-05-11 18:05:00,61039.99,61074.95,61023.64,61029.74,28.05674
2024-05-11 18:10:00,61029.74,61086.71,61016.0,61075.98,23.55019
2024-05-11 18:15:00,61075.98,61169.84,61067.05,61100.0,41.17908
2024-05-11 18:20:00,61100.0,61127.99,61099.91,61114.41,15.44434
2024-05-11 18:25:00,61114.41,61145.34,61100.0,61122.01,13.6342
2024-05-11 18:30:00,61122.0,61199.91,61122.0,61199.9,28.73396
2024-05-11 18:35:00,61199.9,61236.96,61188.0,61210.01,22.94376
2024-05-11 18:40:00,61210.01,61227.89,61188.0,61205.55,32.94578
2024-05-11 18:45:00,61205.56,61299.98,61190.0,61291.14,31.29499
2024-05-11 18:50:00,61291.13,61300.0,61240.0,61272.01,26.33202
2024-05-11 18:55:00,61272.01,61272.01,61214.54,61214.54,23.41721
2024-05-11 19:00:00,61214.55,61217.0,61182.01,61182.04,22.04315
2024-05-11 19:05:00,61182.03,61196.0,61158.74,61193.94,26.08122
2024-05-11 19:10:00,61193.93,61197.15,61130.0,61136.56,25.87433
2024-05-11 19:15:00,61136.56,61136.56,61082.28,61129.99,47.7821
2024-05-11 19:20:00,61130.0,61134.0,61080.62,61080.62,19.79407
2024-05-11 19:25:00,61080.62,61100.0,61080.0,61092.72,16.38184
2024-05-11 19:30:00,61092.73,61130.0,61092.72,61120.42,25.41376
2024-05-11 19:35:00,61120.41,61140.0,61070.0,61093.35,21.48446
2024-05-11 19:40:00,61093.34,61096.13,61070.0,61070.0,12.59929
2024-05-11 19:45:00,61070.0,61097.85,61058.31,61080.0,18.10555
2024-05-11 19:50:00,61080.0,61128.0,61070.0,61122.24,15.1619
2024-05-11 19:55:00,61122.24,61160.0,61103.99,61144.0,19.5441
2024-05-11 20:00:00,61144.01,61154.21,61111.38,61118.01,18.29053
2024-05-11 20:05:00,61118.01,61133.68,61094.0,61106.91,13.44458
2024-05-11 20:10:00,61106.91,61106.92,61096.28,61098.0,7.18491
2024-05-11 20:15:00,61098.01,61144.0,61090.39,61144.0,13.1777
2024-05-11 20:20:00,61144.0,61144.0,61078.1,61078.1,18.02644
2024-05-11 20:25:00,61078.1,61078.11,60881.44,60964.0,198.09058
2024-05-11 20:30:00,60963.99,60964.0,60784.39,60900.0,170.13097
2024-05-11 20:35:00,60899.99,60955.03,60889.1,60910.0,52.29666
2024-05-11 20:40:00,60910.0,60964.01,60910.0,60964.01,24.02189
2024-05-11 20:45:00,60964.01,60994.4,60931.48,60969.99,44.29564
2024-05-11 20:50:00,60969.99,61035.44,60963.5,61031.02,44.82811
2024-05-11 20:55:00,61031.03,61031.03,60992.0,61016.58,28.17934
2024-05-11 21:00:00,61016.57,61016.58,60931.57,60947.71,25.11885
2024-05-11 21:05:00,60947.71,60951.3,60900.06,60900.06,29.1345
2024-05-11 21:10:00,60900.07,60920.0,60880.0,60905.65,19.56212
2024-05-11 21:15:00,60905.64,60942.32,60890.0,60910.0,23.40018
2024-05-11 21:20:00,60910.0,60928.0,60850.0,60850.01,23.34145
2024-05-11 21:25:00,60850.01,60915.35,60850.0,60915.35,14.73102
2024-05-11 21:30:00,60915.35,60915.35,60840.0,60890.0,30.48915
2024-05-11 21:35:00,60889.99,60900.0,60865.77,60900.0,21.65947
2024-05-11 21:40:00,60899.99,60939.9,60890.0,60914.87,19.53122
2024-05-11 21:45:00,60914.86,60914.87,60912.58,60912.59,7.27542
2024-05-11 21:50:00,60912.58,60967.91,60912.58,60967.9,12.80303
2024-05-11 21:55:00,60967.9,60967.91,60919.54,60919.55,14.39405
2024-05-11 22:00:00,60919.55,60980.0,60910.0,60977.98,37.19908
2024-05-11 22:05:00,60977.99,60977.99,60936.99,60960.0,22.70271
2024-05-11 22:10:00,60959.99,60960.0,60920.0,60939.99,22.4817
2024-05-11 22:15:00,60939.99,60945.73,60899.26,60909.99,22.57142
2024-05-11 22:20:00,60910.0,60920.0,60909.99,60920.0,11.65264
2024-05-11 22:25:00,60919.99,60960.0,60919.99,60945.37,23.63932
2024-05-11 22:30:00,60945.38,60980.0,60930.0,60980.0,28.99884
2024-05-11 22:35:00,60980.0,60990.0,60954.0,60964.0,21.06711
2024-05-11 22:40:00,60963.99,60964.0,60953.12,60953.13,8.52507
2024-05-11 22:45:00,60953.13,60976.95,60920.0,60930.0,28.46727
2024-05-11 22:50:00,60929.99,60937.97,60900.0,60900.01,34.58873
2024-05-11 22:55:00,60900.01,60918.58,60900.0,60909.99,16.38843
2024-05-11 23:00:00,60909.99,60933.99,60900.19,60933.99,21.8194
2024-05-11 23:05:00,60933.99,60950.0,60933.98,60945.99,19.75962
2024-05-11 23:10:00,60945.99,60960.0,60940.0,60954.87,13.55799
2024-05-11 23:15:00,60954.86,60960.0,60910.0,60952.01,27.80701
2024-05-11 23:20:00,60952.0,60975.71,60952.0,60975.05,24.58128
2024-05-11 23:25:00,60975.05,60986.41,60974.0,60981.71,12.01445
2024-05-11 23:30:00,60981.71,60981.72,60924.69,60924.69,21.93964
2024-05-11 23:35:00,60924.7,60924.7,60850.0,60853.99,28.20985
2024-05-11 23:40:00,60853.99,60853.99,60743.51,60813.51,77.97683
2024-05-11 23:45:00,60813.51,60819.99,60770.0,60801.02,40.79166
2024-05-11 23:50:00,60801.03,60804.0,60784.23,60784.24,19.02275
2024-05-11 23:55:00,60784.23,60826.0,60784.23,60825.99,29.83711
2024-05-12 00:00:00,60825.99,60870.0,60804.0,60870.0,35.66715
